     0.00000000E+000    -0.18772139E-001    -0.19771441E-011    -0.19794300E-011
     0.80000000E-002    -0.18765535E-001    -0.19788074E-011    -0.19820438E-011
     0.16000000E-001    -0.18746874E-001    -0.19817971E-011    -0.19859722E-011
     0.24000000E-001    -0.18718493E-001    -0.19840847E-011    -0.19881985E-011
     0.32000000E-001    -0.18682716E-001    -0.19852786E-011    -0.19884719E-011
     0.40000000E-001    -0.18641717E-001    -0.19863012E-011    -0.19879509E-011
     0.48000000E-001    -0.18597753E-001    -0.19895083E-011    -0.19913838E-011
     0.56000000E-001    -0.18554524E-001    -0.19938844E-011    -0.19969303E-011
     0.64000000E-001    -0.18515661E-001    -0.19967523E-011    -0.20000652E-011
     0.72000000E-001    -0.18483373E-001    -0.19972933E-011    -0.20001257E-011
     0.80000000E-001    -0.18458944E-001    -0.19959176E-011    -0.19972617E-011
     0.88000000E-001    -0.18443271E-001    -0.19953465E-011    -0.19963603E-011
     0.96000000E-001    -0.18437954E-001    -0.19964370E-011    -0.19989011E-011
     0.10400000E+000    -0.18444672E-001    -0.19968089E-011    -0.20001932E-011
     0.11200000E+000    -0.18463564E-001    -0.19953026E-011    -0.19987966E-011
     0.12000000E+000    -0.18493861E-001    -0.19919046E-011    -0.19942219E-011
     0.12800000E+000    -0.18534660E-001    -0.19889286E-011    -0.19901407E-011
     0.13600000E+000    -0.18585427E-001    -0.19886960E-011    -0.19908707E-011
     0.14400000E+000    -0.18645765E-001    -0.19894969E-011    -0.19928260E-011
     0.15200000E+000    -0.18714285E-001    -0.19894539E-011    -0.19932473E-011
     0.16000000E+000    -0.18789108E-001    -0.19877977E-011    -0.19909705E-011
     0.16800000E+000    -0.18869136E-001    -0.19855779E-011    -0.19873205E-011
     0.17600000E+000    -0.18953857E-001    -0.19856211E-011    -0.19877390E-011
     0.18400000E+000    -0.19042896E-001    -0.19873002E-011    -0.19907998E-011
     0.19200000E+000    -0.19134889E-001    -0.19883184E-011    -0.19926909E-011
     0.20000000E+000    -0.19227308E-001    -0.19875030E-011    -0.19919891E-011
     0.20800000E+000    -0.19318079E-001    -0.19849008E-011    -0.19881192E-011
     0.21600000E+000    -0.19405375E-001    -0.19833545E-011    -0.19862137E-011
     0.22400000E+000    -0.19487224E-001    -0.19838353E-011    -0.19877761E-011
     0.23200000E+000    -0.19561164E-001    -0.19843409E-011    -0.19889324E-011
     0.24000000E+000    -0.19623984E-001    -0.19836566E-011    -0.19882854E-011
     0.24800000E+000    -0.19673557E-001    -0.19813251E-011    -0.19845545E-011
     0.25600000E+000    -0.19708779E-001    -0.19796399E-011    -0.19815231E-011
     0.26400000E+000    -0.19728605E-001    -0.19808636E-011    -0.19832699E-011
     0.27200000E+000    -0.19731784E-001    -0.19834579E-011    -0.19865192E-011
     0.28000000E+000    -0.19716305E-001    -0.19857059E-011    -0.19889900E-011
     0.28800000E+000    -0.19680868E-001    -0.19865034E-011    -0.19888979E-011
     0.29600000E+000    -0.19625227E-001    -0.19868889E-011    -0.19876923E-011
     0.30400000E+000    -0.19549258E-001    -0.19896746E-011    -0.19907528E-011
     0.31200000E+000    -0.19453126E-001    -0.19941349E-011    -0.19963655E-011
     0.32000000E+000    -0.19337212E-001    -0.19980315E-011    -0.20010313E-011
     0.32800000E+000    -0.19202971E-001    -0.19997826E-011    -0.20026513E-011
     0.33600000E+000    -0.19053108E-001    -0.19992571E-011    -0.20005197E-011
     0.34400000E+000    -0.18890316E-001    -0.19994359E-011    -0.20002300E-011
     0.35200000E+000    -0.18717050E-001    -0.20012096E-011    -0.20030989E-011
     0.36000000E+000    -0.18535853E-001    -0.20026251E-011    -0.20055386E-011
     0.36800000E+000    -0.18349688E-001    -0.20020743E-011    -0.20055180E-011
     0.37600000E+000    -0.18162006E-001    -0.19986429E-011    -0.20009180E-011
     0.38400000E+000    -0.17976004E-001    -0.19948078E-011    -0.19959797E-011
     0.39200000E+000    -0.17794472E-001    -0.19930419E-011    -0.19949831E-011
     0.40000000E+000    -0.17620855E-001    -0.19922263E-011    -0.19953280E-011
     0.40800000E+000    -0.17459358E-001    -0.19908195E-011    -0.19949648E-011
     0.41600000E+000    -0.17314303E-001    -0.19873878E-011    -0.19911699E-011
     0.42400000E+000    -0.17189487E-001    -0.19831370E-011    -0.19855450E-011
     0.43200000E+000    -0.17087587E-001    -0.19812501E-011    -0.19838410E-011
     0.44000000E+000    -0.17011342E-001    -0.19815737E-011    -0.19851095E-011
     0.44800000E+000    -0.16963832E-001    -0.19825142E-011    -0.19869995E-011
     0.45600000E+000    -0.16947471E-001    -0.19823654E-011    -0.19869480E-011
     0.46400000E+000    -0.16963916E-001    -0.19808457E-011    -0.19838975E-011
     0.47200000E+000    -0.17013654E-001    -0.19809016E-011    -0.19833462E-011
     0.48000000E+000    -0.17097031E-001    -0.19833686E-011    -0.19863962E-011
     0.48800000E+000    -0.17214687E-001    -0.19866068E-011    -0.19902822E-011
     0.49600000E+000    -0.17366053E-001    -0.19888372E-011    -0.19928285E-011
     0.50400000E+000    -0.17549269E-001    -0.19887088E-011    -0.19913016E-011
     0.51200000E+000    -0.17761052E-001    -0.19884473E-011    -0.19897996E-011
     0.52000000E+000    -0.17997525E-001    -0.19900842E-011    -0.19918515E-011
     0.52800000E+000    -0.18255105E-001    -0.19924501E-011    -0.19950083E-011
     0.53600000E+000    -0.18529430E-001    -0.19939193E-011    -0.19973092E-011
     0.54400000E+000    -0.18815462E-001    -0.19927005E-011    -0.19954453E-011
     0.55200000E+000    -0.19108169E-001    -0.19900357E-011    -0.19913231E-011
     0.56000000E+000    -0.19402983E-001    -0.19890303E-011    -0.19905125E-011
     0.56800000E+000    -0.19696258E-001    -0.19895919E-011    -0.19920895E-011
     0.57600000E+000    -0.19984011E-001    -0.19903255E-011    -0.19940783E-011
     0.58400000E+000    -0.20261273E-001    -0.19892945E-011    -0.19932635E-011
     0.59200000E+000    -0.20522942E-001    -0.19863384E-011    -0.19887857E-011
     0.60000000E+000    -0.20764378E-001    -0.19846863E-011    -0.19865886E-011
     0.60800000E+000    -0.20981585E-001    -0.19854192E-011    -0.19880021E-011
     0.61600000E+000    -0.21170533E-001    -0.19873374E-011    -0.19910499E-011
     0.62400000E+000    -0.21326384E-001    -0.19884889E-011    -0.19930169E-011
     0.63200000E+000    -0.21444701E-001    -0.19872639E-011    -0.19905752E-011
     0.64000000E+000    -0.21522597E-001    -0.19859585E-011    -0.19880104E-011
     0.64800000E+000    -0.21558302E-001    -0.19866634E-011    -0.19888322E-011
     0.65600000E+000    -0.21550547E-001    -0.19886690E-011    -0.19915224E-011
     0.66400000E+000    -0.21497441E-001    -0.19904391E-011    -0.19942846E-011
     0.67200000E+000    -0.21397436E-001    -0.19897620E-011    -0.19929436E-011
     0.68000000E+000    -0.21251130E-001    -0.19877064E-011    -0.19892497E-011
     0.68800000E+000    -0.21060610E-001    -0.19871796E-011    -0.19883863E-011
     0.69600000E+000    -0.20828909E-001    -0.19883469E-011    -0.19899771E-011
     0.70400000E+000    -0.20558987E-001    -0.19902162E-011    -0.19929414E-011
     0.71200000E+000    -0.20254057E-001    -0.19906313E-011    -0.19935956E-011
     0.72000000E+000    -0.19919374E-001    -0.19892420E-011    -0.19908942E-011
     0.72800000E+000    -0.19561003E-001    -0.19889615E-011    -0.19902561E-011
     0.73600000E+000    -0.19184691E-001    -0.19906995E-011    -0.19926496E-011
     0.74400000E+000    -0.18795165E-001    -0.19935699E-011    -0.19968186E-011
     0.75200000E+000    -0.18396257E-001    -0.19955224E-011    -0.19998037E-011
     0.76000000E+000    -0.17992968E-001    -0.19948083E-011    -0.19981082E-011
     0.76800000E+000    -0.17590837E-001    -0.19936258E-011    -0.19959940E-011
     0.77600000E+000    -0.17194865E-001    -0.19938249E-011    -0.19964261E-011
     0.78400000E+000    -0.16809629E-001    -0.19949484E-011    -0.19984032E-011
     0.79200000E+000    -0.16439540E-001    -0.19955176E-011    -0.20001433E-011
     0.80000000E+000    -0.16090356E-001    -0.19931831E-011    -0.19971248E-011
     0.80800000E+000    -0.15768492E-001    -0.19891567E-011    -0.19915071E-011
     0.81600000E+000    -0.15479391E-001    -0.19863214E-011    -0.19883103E-011
     0.82400000E+000    -0.15227630E-001    -0.19851565E-011    -0.19876527E-011
     0.83200000E+000    -0.15017526E-001    -0.19849436E-011    -0.19888461E-011
     0.84000000E+000    -0.14854074E-001    -0.19832760E-011    -0.19874798E-011
     0.84800000E+000    -0.14742782E-001    -0.19797940E-011    -0.19825485E-011
     0.85600000E+000    -0.14687884E-001    -0.19774036E-011    -0.19794151E-011
     0.86400000E+000    -0.14692145E-001    -0.19772834E-011    -0.19794393E-011
     0.87200000E+000    -0.14757892E-001    -0.19791085E-011    -0.19824202E-011
     0.88000000E+000    -0.14887117E-001    -0.19807207E-011    -0.19850026E-011
     0.88800000E+000    -0.15081319E-001    -0.19801435E-011    -0.19833128E-011
     0.89600000E+000    -0.15339947E-001    -0.19793729E-011    -0.19813536E-011
     0.90400000E+000    -0.15659863E-001    -0.19801626E-011    -0.19818431E-011
     0.91200000E+000    -0.16037076E-001    -0.19825738E-011    -0.19848535E-011
     0.92000000E+000    -0.16467168E-001    -0.19852553E-011    -0.19887942E-011
     0.92800000E+000    -0.16945510E-001    -0.19855674E-011    -0.19886367E-011
     0.93600000E+000    -0.17466578E-001    -0.19844093E-011    -0.19862017E-011
     0.94400000E+000    -0.18023051E-001    -0.19841808E-011    -0.19855956E-011
     0.95200000E+000    -0.18607478E-001    -0.19855023E-011    -0.19872902E-011
     0.96000000E+000    -0.19212519E-001    -0.19879006E-011    -0.19911206E-011
     0.96800000E+000    -0.19830589E-001    -0.19887817E-011    -0.19923370E-011
     0.97600000E+000    -0.20453590E-001    -0.19876608E-011    -0.19900069E-011
     0.98400000E+000    -0.21071960E-001    -0.19870392E-011    -0.19888237E-011
     0.99200000E+000    -0.21676240E-001    -0.19879882E-011    -0.19899409E-011
     0.10000000E+001    -0.22257749E-001    -0.19904566E-011    -0.19937138E-011
     0.10080000E+001    -0.22807990E-001    -0.19921583E-011    -0.19964188E-011
     0.10160000E+001    -0.23318674E-001    -0.19911156E-011    -0.19943284E-011
     0.10240000E+001    -0.23781042E-001    -0.19892693E-011    -0.19914346E-011
     0.10320000E+001    -0.24186806E-001    -0.19883526E-011    -0.19902621E-011
     0.10400000E+001    -0.24528731E-001    -0.19888772E-011    -0.19916564E-011
     0.10480000E+001    -0.24799608E-001    -0.19895249E-011    -0.19938216E-011
     0.10560000E+001    -0.24992156E-001    -0.19875624E-011    -0.19914535E-011
     0.10640000E+001    -0.25099228E-001    -0.19839568E-011    -0.19865724E-011
     0.10720000E+001    -0.25114796E-001    -0.19811296E-011    -0.19831333E-011
     0.10800000E+001    -0.25034886E-001    -0.19802672E-011    -0.19825748E-011
     0.10880000E+001    -0.24856848E-001    -0.19812183E-011    -0.19851501E-011
     0.10960000E+001    -0.24578901E-001    -0.19811634E-011    -0.19855041E-011
     0.11040000E+001    -0.24200803E-001    -0.19794727E-011    -0.19825627E-011
     0.11120000E+001    -0.23724362E-001    -0.19783924E-011    -0.19804767E-011
     0.11200000E+001    -0.23153712E-001    -0.19792879E-011    -0.19809179E-011
     0.11280000E+001    -0.22494620E-001    -0.19826604E-011    -0.19853199E-011
     0.11360000E+001    -0.21753505E-001    -0.19861250E-011    -0.19896988E-011
     0.11440000E+001    -0.20938365E-001    -0.19874632E-011    -0.19901091E-011
     0.11520000E+001    -0.20059338E-001    -0.19881207E-011    -0.19897579E-011
     0.11600000E+001    -0.19128423E-001    -0.19895510E-011    -0.19906483E-011
     0.11680000E+001    -0.18159118E-001    -0.19926332E-011    -0.19944858E-011
     0.11760000E+001    -0.17165164E-001    -0.19960430E-011    -0.19994914E-011
     0.11840000E+001    -0.16161132E-001    -0.19968344E-011    -0.20001953E-011
     0.11920000E+001    -0.15162781E-001    -0.19955793E-011    -0.19981688E-011
     0.12000000E+001    -0.14185987E-001    -0.19941210E-011    -0.19962669E-011
     0.12080000E+001    -0.13246560E-001    -0.19937418E-011    -0.19962024E-011
     0.12160000E+001    -0.12359536E-001    -0.19944011E-011    -0.19984202E-011
     0.12240000E+001    -0.11539861E-001    -0.19932361E-011    -0.19975056E-011
     0.12320000E+001    -0.10803175E-001    -0.19897205E-011    -0.19928038E-011
     0.12400000E+001    -0.10164537E-001    -0.19859238E-011    -0.19880171E-011
     0.12480000E+001    -0.96380030E-002    -0.19834471E-011    -0.19850999E-011
     0.12560000E+001    -0.92361912E-002    -0.19831967E-011    -0.19860465E-011
     0.12640000E+001    -0.89704073E-002    -0.19828242E-011    -0.19866210E-011
     0.12720000E+001    -0.88510227E-002    -0.19803586E-011    -0.19833211E-011
     0.12800000E+001    -0.88859663E-002    -0.19773373E-011    -0.19793523E-011
     0.12880000E+001    -0.90797783E-002    -0.19754735E-011    -0.19769253E-011
     0.12960000E+001    -0.94338632E-002    -0.19762196E-011    -0.19786720E-011
     0.13040000E+001    -0.99471410E-002    -0.19782399E-011    -0.19825010E-011
     0.13120000E+001    -0.10616780E-001    -0.19784792E-011    -0.19827360E-011
     0.13200000E+001    -0.11437537E-001    -0.19773424E-011    -0.19807299E-011
     0.13280000E+001    -0.12400628E-001    -0.19765210E-011    -0.19789965E-011
     0.13360000E+001    -0.13494243E-001    -0.19777346E-011    -0.19802317E-011
     0.13440000E+001    -0.14704554E-001    -0.19810182E-011    -0.19850709E-011
     0.13520000E+001    -0.16016101E-001    -0.19831773E-011    -0.19876121E-011
     0.13600000E+001    -0.17411643E-001    -0.19832731E-011    -0.19867402E-011
     0.13680000E+001    -0.18870999E-001    -0.19827545E-011    -0.19850457E-011
     0.13760000E+001    -0.20371669E-001    -0.19832828E-011    -0.19847645E-011
     0.13840000E+001    -0.21890636E-001    -0.19860347E-011    -0.19885362E-011
     0.13920000E+001    -0.23404618E-001    -0.19885604E-011    -0.19919680E-011
     0.14000000E+001    -0.24890223E-001    -0.19887714E-011    -0.19915849E-011
     0.14080000E+001    -0.26322948E-001    -0.19876939E-011    -0.19896302E-011
     0.14160000E+001    -0.27677418E-001    -0.19868537E-011    -0.19879167E-011
     0.14240000E+001    -0.28929500E-001    -0.19880624E-011    -0.19898060E-011
     0.14320000E+001    -0.30056308E-001    -0.19901072E-011    -0.19933230E-011
     0.14400000E+001    -0.31036220E-001    -0.19901422E-011    -0.19932987E-011
     0.14480000E+001    -0.31848556E-001    -0.19884765E-011    -0.19909319E-011
     0.14560000E+001    -0.32474004E-001    -0.19865490E-011    -0.19880936E-011
     0.14640000E+001    -0.32897208E-001    -0.19863473E-011    -0.19879724E-011
     0.14720000E+001    -0.33106898E-001    -0.19879964E-011    -0.19911875E-011
     0.14800000E+001    -0.33095142E-001    -0.19884335E-011    -0.19920236E-011
     0.14880000E+001    -0.32856930E-001    -0.19868915E-011    -0.19897452E-011
     0.14960000E+001    -0.32390080E-001    -0.19846809E-011    -0.19864868E-011
     0.15040000E+001    -0.31697087E-001    -0.19837538E-011    -0.19849794E-011
     0.15120000E+001    -0.30785105E-001    -0.19854928E-011    -0.19881081E-011
     0.15200000E+001    -0.29664210E-001    -0.19873804E-011    -0.19911641E-011
     0.15280000E+001    -0.28347037E-001    -0.19874140E-011    -0.19909083E-011
     0.15360000E+001    -0.26848938E-001    -0.19864037E-011    -0.19890757E-011
     0.15440000E+001    -0.25189339E-001    -0.19859802E-011    -0.19876721E-011
     0.15520000E+001    -0.23391969E-001    -0.19882898E-011    -0.19907778E-011
     0.15600000E+001    -0.21482770E-001    -0.19919804E-011    -0.19960769E-011
     0.15680000E+001    -0.19488767E-001    -0.19940740E-011    -0.19983294E-011
     0.15760000E+001    -0.17438246E-001    -0.19944484E-011    -0.19980419E-011
     0.15840000E+001    -0.15361140E-001    -0.19941877E-011    -0.19964925E-011
     0.15920000E+001    -0.13289299E-001    -0.19955447E-011    -0.19976495E-011
     0.16000000E+001    -0.11254726E-001    -0.19986700E-011    -0.20022414E-011
     0.16080000E+001    -0.92882636E-002    -0.20004463E-011    -0.20045964E-011
     0.16160000E+001    -0.74204457E-002    -0.19998337E-011    -0.20036351E-011
     0.16240000E+001    -0.56815867E-002    -0.19975538E-011    -0.20003209E-011
     0.16320000E+001    -0.41019844E-002    -0.19956226E-011    -0.19976181E-011
     0.16400000E+001    -0.27105393E-002    -0.19956513E-011    -0.19987998E-011
     0.16480000E+001    -0.15328489E-002    -0.19953281E-011    -0.19994203E-011
     0.16560000E+001    -0.59198896E-003    -0.19929153E-011    -0.19967732E-011
     0.16640000E+001     0.91696914E-004    -0.19889574E-011    -0.19918867E-011
     0.16720000E+001     0.50098136E-003    -0.19850980E-011    -0.19866891E-011
     0.16800000E+001     0.62238525E-003    -0.19838158E-011    -0.19857977E-011
     0.16880000E+001     0.44787153E-003    -0.19839702E-011    -0.19870318E-011
     0.16960000E+001    -0.26199676E-004    -0.19830260E-011    -0.19859766E-011
     0.17040000E+001    -0.79962527E-003    -0.19808653E-011    -0.19830535E-011
     0.17120000E+001    -0.18675620E-002    -0.19784490E-011    -0.19792251E-011
     0.17200000E+001    -0.32202943E-002    -0.19782314E-011    -0.19789119E-011
     0.17280000E+001    -0.48419784E-002    -0.19802817E-011    -0.19825217E-011
     0.17360000E+001    -0.67117374E-002    -0.19815439E-011    -0.19845035E-011
     0.17440000E+001    -0.88049825E-002    -0.19808950E-011    -0.19837030E-011
     0.17520000E+001    -0.11093166E-001    -0.19787309E-011    -0.19804635E-011
     0.17600000E+001    -0.13544065E-001    -0.19772458E-011    -0.19782920E-011
     0.17680000E+001    -0.16121773E-001    -0.19781050E-011    -0.19805388E-011
     0.17760000E+001    -0.18787996E-001    -0.19789778E-011    -0.19826572E-011
     0.17840000E+001    -0.21503922E-001    -0.19780993E-011    -0.19819768E-011
     0.17920000E+001    -0.24230112E-001    -0.19755871E-011    -0.19786469E-011
     0.18000000E+001    -0.26926164E-001    -0.19731622E-011    -0.19748534E-011
     0.18080000E+001    -0.29550939E-001    -0.19736315E-011    -0.19758547E-011
     0.18160000E+001    -0.32063309E-001    -0.19760041E-011    -0.19795765E-011
     0.18240000E+001    -0.34423650E-001    -0.19779016E-011    -0.19819360E-011
     0.18320000E+001    -0.36594145E-001    -0.19787454E-011    -0.19824073E-011
     0.18400000E+001    -0.38538308E-001    -0.19791378E-011    -0.19813137E-011
     0.18480000E+001    -0.40221991E-001    -0.19817106E-011    -0.19835649E-011
     0.18560000E+001    -0.41614332E-001    -0.19866580E-011    -0.19897219E-011
     0.18640000E+001    -0.42688713E-001    -0.19912163E-011    -0.19949105E-011
     0.18720000E+001    -0.43423222E-001    -0.19940485E-011    -0.19977084E-011
     0.18800000E+001    -0.43799794E-001    -0.19949248E-011    -0.19973692E-011
     0.18880000E+001    -0.43805243E-001    -0.19959049E-011    -0.19974209E-011
     0.18960000E+001    -0.43432075E-001    -0.19985843E-011    -0.20010802E-011
     0.19040000E+001    -0.42678641E-001    -0.20008428E-011    -0.20042291E-011
     0.19120000E+001    -0.41549466E-001    -0.20010969E-011    -0.20046987E-011
     0.19200000E+001    -0.40054330E-001    -0.19990658E-011    -0.20018779E-011
     0.19280000E+001    -0.38208987E-001    -0.19963788E-011    -0.19979154E-011
     0.19360000E+001    -0.36036036E-001    -0.19958747E-011    -0.19980440E-011
     0.19440000E+001    -0.33563801E-001    -0.19966788E-011    -0.20001363E-011
     0.19520000E+001    -0.30825627E-001    -0.19968236E-011    -0.20008425E-011
     0.19600000E+001    -0.27858472E-001    -0.19956670E-011    -0.19993707E-011
     0.19680000E+001    -0.24702741E-001    -0.19938539E-011    -0.19961015E-011
     0.19760000E+001    -0.21402929E-001    -0.19943143E-011    -0.19964780E-011
     0.19840000E+001    -0.18006314E-001    -0.19973080E-011    -0.20008546E-011
     0.19920000E+001    -0.14561838E-001    -0.20003114E-011    -0.20047112E-011
     0.20000000E+001    -0.11119229E-001    -0.20018312E-011    -0.20062885E-011
     0.20080000E+001    -0.77287713E-002    -0.20013262E-011    -0.20042801E-011
     0.20160000E+001    -0.44418096E-002    -0.20010727E-011    -0.20028544E-011
     0.20240000E+001    -0.13096123E-002    -0.20027502E-011    -0.20053261E-011
     0.20320000E+001     0.16184540E-002    -0.20043501E-011    -0.20078013E-011
     0.20400000E+001     0.42958178E-002    -0.20041075E-011    -0.20079294E-011
     0.20480000E+001     0.66789954E-002    -0.20010467E-011    -0.20038625E-011
     0.20560000E+001     0.87275287E-002    -0.19966690E-011    -0.19977954E-011
     0.20640000E+001     0.10404505E-001    -0.19939628E-011    -0.19953047E-011
     0.20720000E+001     0.11678275E-001    -0.19923106E-011    -0.19946594E-011
     0.20800000E+001     0.12523082E-001    -0.19900118E-011    -0.19931045E-011
     0.20880000E+001     0.12918416E-001    -0.19859620E-011    -0.19888891E-011
     0.20960000E+001     0.12849427E-001    -0.19805260E-011    -0.19818760E-011
     0.21040000E+001     0.12307215E-001    -0.19768409E-011    -0.19778284E-011
     0.21120000E+001     0.11290557E-001    -0.19755404E-011    -0.19774670E-011
     0.21200000E+001     0.98064950E-002    -0.19748224E-011    -0.19775310E-011
     0.21280000E+001     0.78689379E-002    -0.19733249E-011    -0.19763579E-011
     0.21360000E+001     0.54985629E-002    -0.19703008E-011    -0.19721195E-011
     0.21440000E+001     0.27226002E-002    -0.19681409E-011    -0.19691664E-011
     0.21520000E+001    -0.42441930E-003    -0.19685819E-011    -0.19706079E-011
     0.21600000E+001    -0.39005962E-002    -0.19700094E-011    -0.19731881E-011
     0.21680000E+001    -0.76591027E-002    -0.19708194E-011    -0.19749104E-011
     0.21760000E+001    -0.11648926E-001    -0.19696580E-011    -0.19732392E-011
     0.21840000E+001    -0.15814905E-001    -0.19679096E-011    -0.19703783E-011
     0.21920000E+001    -0.20097340E-001    -0.19683354E-011    -0.19714550E-011
     0.22000000E+001    -0.24432035E-001    -0.19702308E-011    -0.19745569E-011
     0.22080000E+001    -0.28753098E-001    -0.19719202E-011    -0.19771868E-011
     0.22160000E+001    -0.32994641E-001    -0.19718527E-011    -0.19768540E-011
     0.22240000E+001    -0.37090990E-001    -0.19702943E-011    -0.19735002E-011
     0.22320000E+001    -0.40976938E-001    -0.19704722E-011    -0.19731500E-011
     0.22400000E+001    -0.44588358E-001    -0.19730766E-011    -0.19764823E-011
     0.22480000E+001    -0.47864766E-001    -0.19765522E-011    -0.19807580E-011
     0.22560000E+001    -0.50751316E-001    -0.19792303E-011    -0.19836726E-011
     0.22640000E+001    -0.53198541E-001    -0.19801199E-011    -0.19829604E-011
     0.22720000E+001    -0.55162194E-001    -0.19818208E-011    -0.19834392E-011
     0.22800000E+001    -0.56603997E-001    -0.19862324E-011    -0.19883248E-011
     0.22880000E+001    -0.57493356E-001    -0.19921211E-011    -0.19951061E-011
     0.22960000E+001    -0.57809219E-001    -0.19977392E-011    -0.20015859E-011
     0.23040000E+001    -0.57539624E-001    -0.20011194E-011    -0.20041375E-011
     0.23120000E+001    -0.56680886E-001    -0.20034641E-011    -0.20049012E-011
     0.23200000E+001    -0.55238341E-001    -0.20074230E-011    -0.20088403E-011
     0.23280000E+001    -0.53226778E-001    -0.20125008E-011    -0.20145771E-011
     0.23360000E+001    -0.50671033E-001    -0.20171496E-011    -0.20201537E-011
     0.23440000E+001    -0.47604723E-001    -0.20192379E-011    -0.20221073E-011
     0.23520000E+001    -0.44068065E-001    -0.20186598E-011    -0.20199270E-011
     0.23600000E+001    -0.40108265E-001    -0.20184369E-011    -0.20192820E-011
     0.23680000E+001    -0.35779345E-001    -0.20193108E-011    -0.20208162E-011
     0.23760000E+001    -0.31141970E-001    -0.20202004E-011    -0.20227677E-011
     0.23840000E+001    -0.26262364E-001    -0.20193987E-011    -0.20226599E-011
     0.23920000E+001    -0.21209630E-001    -0.20158414E-011    -0.20180176E-011
     0.24000000E+001    -0.16055878E-001    -0.20122638E-011    -0.20137968E-011
     0.24080000E+001    -0.10875974E-001    -0.20106255E-011    -0.20129292E-011
     0.24160000E+001    -0.57465041E-002    -0.20101847E-011    -0.20136784E-011
     0.24240000E+001    -0.74459143E-003    -0.20094135E-011    -0.20141171E-011
     0.24320000E+001     0.40549751E-002    -0.20062810E-011    -0.20103380E-011
     0.24400000E+001     0.85800689E-002    -0.20022337E-011    -0.20049532E-011
     0.24480000E+001     0.12760896E-001    -0.19999584E-011    -0.20027554E-011
     0.24560000E+001     0.16531013E-001    -0.19991780E-011    -0.20026652E-011
     0.24640000E+001     0.19828243E-001    -0.19984899E-011    -0.20030384E-011
     0.24720000E+001     0.22596933E-001    -0.19954194E-011    -0.19996815E-011
     0.24800000E+001     0.24788842E-001    -0.19898912E-011    -0.19922730E-011
     0.24880000E+001     0.26362767E-001    -0.19850320E-011    -0.19866523E-011
     0.24960000E+001     0.27285656E-001    -0.19817731E-011    -0.19837114E-011
     0.25040000E+001     0.27533887E-001    -0.19793759E-011    -0.19824215E-011
     0.25120000E+001     0.27094529E-001    -0.19758285E-011    -0.19796222E-011
     0.25200000E+001     0.25965936E-001    -0.19698255E-011    -0.19723891E-011
     0.25280000E+001     0.24156688E-001    -0.19641407E-011    -0.19657613E-011
     0.25360000E+001     0.21685412E-001    -0.19608527E-011    -0.19627156E-011
     0.25440000E+001     0.18581474E-001    -0.19597665E-011    -0.19626031E-011
     0.25520000E+001     0.14884576E-001    -0.19594041E-011    -0.19635392E-011
     0.25600000E+001     0.10644271E-001    -0.19574099E-011    -0.19609520E-011
     0.25680000E+001     0.59186402E-002    -0.19551034E-011    -0.19573124E-011
     0.25760000E+001     0.77324014E-003    -0.19549988E-011    -0.19569656E-011
     0.25840000E+001    -0.47184108E-002    -0.19571812E-011    -0.19595692E-011
     0.25920000E+001    -0.10476223E-001    -0.19605594E-011    -0.19641501E-011
     0.26000000E+001    -0.16415289E-001    -0.19624274E-011    -0.19660459E-011
     0.26080000E+001    -0.22447490E-001    -0.19625472E-011    -0.19648005E-011
     0.26160000E+001    -0.28483308E-001    -0.19636553E-011    -0.19654868E-011
     0.26240000E+001    -0.34431700E-001    -0.19665879E-011    -0.19688035E-011
     0.26320000E+001    -0.40201673E-001    -0.19708518E-011    -0.19743187E-011
     0.26400000E+001    -0.45704564E-001    -0.19742551E-011    -0.19785003E-011
     0.26480000E+001    -0.50855176E-001    -0.19754247E-011    -0.19784858E-011
     0.26560000E+001    -0.55573311E-001    -0.19769489E-011    -0.19790938E-011
     0.26640000E+001    -0.59783762E-001    -0.19806695E-011    -0.19828385E-011
     0.26720000E+001    -0.63417634E-001    -0.19865843E-011    -0.19896058E-011
     0.26800000E+001    -0.66414918E-001    -0.19930498E-011    -0.19971919E-011
     0.26880000E+001    -0.68725451E-001    -0.19975381E-011    -0.20008071E-011
     0.26960000E+001    -0.70309907E-001    -0.20013602E-011    -0.20031447E-011
     0.27040000E+001    -0.71139743E-001    -0.20068259E-011    -0.20081753E-011
     0.27120000E+001    -0.71197532E-001    -0.20141929E-011    -0.20160435E-011
     0.27200000E+001    -0.70478350E-001    -0.20222804E-011    -0.20256561E-011
     0.27280000E+001    -0.68989556E-001    -0.20279154E-011    -0.20314475E-011
     0.27360000E+001    -0.66749996E-001    -0.20306707E-011    -0.20328482E-011
     0.27440000E+001    -0.63789277E-001    -0.20330147E-011    -0.20345069E-011
     0.27520000E+001    -0.60147304E-001    -0.20359307E-011    -0.20375400E-011
     0.27600000E+001    -0.55874616E-001    -0.20392311E-011    -0.20422542E-011
     0.27680000E+001    -0.51031846E-001    -0.20404303E-011    -0.20444726E-011
     0.27760000E+001    -0.45687733E-001    -0.20379210E-011    -0.20409982E-011
     0.27840000E+001    -0.39917851E-001    -0.20340257E-011    -0.20361777E-011
     0.27920000E+001    -0.33803854E-001    -0.20306082E-011    -0.20324696E-011
     0.28000000E+001    -0.27432720E-001    -0.20283466E-011    -0.20310558E-011
     0.28080000E+001    -0.20895818E-001    -0.20259054E-011    -0.20300322E-011
     0.28160000E+001    -0.14286229E-001    -0.20208613E-011    -0.20245741E-011
     0.28240000E+001    -0.76969247E-002    -0.20145480E-011    -0.20172610E-011
     0.28320000E+001    -0.12207373E-002    -0.20091705E-011    -0.20114827E-011
     0.28400000E+001     0.50503278E-002    -0.20055953E-011    -0.20083064E-011
     0.28480000E+001     0.11025572E-001    -0.20032844E-011    -0.20075150E-011
     0.28560000E+001     0.16617996E-001    -0.19993801E-011    -0.20037834E-011
     0.28640000E+001     0.21746424E-001    -0.19937260E-011    -0.19969979E-011
     0.28720000E+001     0.26335272E-001    -0.19885869E-011    -0.19912092E-011
     0.28800000E+001     0.30315204E-001    -0.19850262E-011    -0.19875603E-011
     0.28880000E+001     0.33623829E-001    -0.19831813E-011    -0.19869215E-011
     0.28960000E+001     0.36207667E-001    -0.19805060E-011    -0.19848525E-011
     0.29040000E+001     0.38024246E-001    -0.19754367E-011    -0.19784590E-011
     0.29120000E+001     0.39041350E-001    -0.19700498E-011    -0.19718208E-011
     0.29200000E+001     0.39236744E-001    -0.19659577E-011    -0.19670268E-011
     0.29280000E+001     0.38598679E-001    -0.19639756E-011    -0.19657205E-011
     0.29360000E+001     0.37127106E-001    -0.19625000E-011    -0.19654660E-011
     0.29440000E+001     0.34835150E-001    -0.19588753E-011    -0.19611755E-011
     0.29520000E+001     0.31748262E-001    -0.19542659E-011    -0.19553778E-011
     0.29600000E+001     0.27903115E-001    -0.19506867E-011    -0.19511392E-011
     0.29680000E+001     0.23347866E-001    -0.19493845E-011    -0.19503471E-011
     0.29760000E+001     0.18142581E-001    -0.19499238E-011    -0.19528400E-011
     0.29840000E+001     0.12359032E-001    -0.19492443E-011    -0.19527769E-011
     0.29920000E+001     0.60788374E-002    -0.19470741E-011    -0.19499032E-011
     0.30000000E+001    -0.60914721E-003    -0.19454580E-011    -0.19477143E-011
     0.30080000E+001    -0.76095705E-002    -0.19458983E-011    -0.19481218E-011
     0.30160000E+001    -0.14820732E-001    -0.19490823E-011    -0.19528983E-011
     0.30240000E+001    -0.22136076E-001    -0.19524987E-011    -0.19574396E-011
     0.30320000E+001    -0.29446361E-001    -0.19545241E-011    -0.19588148E-011
     0.30400000E+001    -0.36642605E-001    -0.19567926E-011    -0.19602205E-011
     0.30480000E+001    -0.43617447E-001    -0.19608396E-011    -0.19635720E-011
     0.30560000E+001    -0.50265106E-001    -0.19678947E-011    -0.19713685E-011
     0.30640000E+001    -0.56483659E-001    -0.19763550E-011    -0.19811046E-011
     0.30720000E+001    -0.62177452E-001    -0.19834519E-011    -0.19877324E-011
     0.30800000E+001    -0.67259916E-001    -0.19898140E-011    -0.19930431E-011
     0.30880000E+001    -0.71654939E-001    -0.19968219E-011    -0.19990529E-011
     0.30960000E+001    -0.75296003E-001    -0.20057313E-011    -0.20079709E-011
     0.31040000E+001    -0.78127499E-001    -0.20159619E-011    -0.20194939E-011
     0.31120000E+001    -0.80106101E-001    -0.20242653E-011    -0.20277474E-011
     0.31200000E+001    -0.81201952E-001    -0.20300855E-011    -0.20324439E-011
     0.31280000E+001    -0.81399282E-001    -0.20348327E-011    -0.20361206E-011
     0.31360000E+001    -0.80694571E-001    -0.20399007E-011    -0.20407733E-011
     0.31440000E+001    -0.79096647E-001    -0.20459162E-011    -0.20481634E-011
     0.31520000E+001    -0.76627435E-001    -0.20501133E-011    -0.20532443E-011
     0.31600000E+001    -0.73321785E-001    -0.20507999E-011    -0.20532633E-011
     0.31680000E+001    -0.69227179E-001    -0.20492885E-011    -0.20508673E-011
     0.31760000E+001    -0.64401277E-001    -0.20472033E-011    -0.20480952E-011
     0.31840000E+001    -0.58910578E-001    -0.20462239E-011    -0.20481519E-011
     0.31920000E+001    -0.52830465E-001    -0.20448310E-011    -0.20483003E-011
     0.32000000E+001    -0.46244156E-001    -0.20404565E-011    -0.20437430E-011
     0.32080000E+001    -0.39241628E-001    -0.20338064E-011    -0.20362184E-011
     0.32160000E+001    -0.31917731E-001    -0.20265422E-011    -0.20278797E-011
     0.32240000E+001    -0.24370675E-001    -0.20208600E-011    -0.20223737E-011
     0.32320000E+001    -0.16702316E-001    -0.20167786E-011    -0.20199603E-011
     0.32400000E+001    -0.90173819E-002    -0.20113998E-011    -0.20150504E-011
     0.32480000E+001    -0.14215818E-002    -0.20043068E-011    -0.20074287E-011
     0.32560000E+001     0.59799349E-002    -0.19968054E-011    -0.19990455E-011
     0.32640000E+001     0.13084460E-001    -0.19908533E-011    -0.19927336E-011
     0.32720000E+001     0.19791867E-001    -0.19876450E-011    -0.19910528E-011
     0.32800000E+001     0.26005133E-001    -0.19845699E-011    -0.19890653E-011
     0.32880000E+001     0.31632858E-001    -0.19799201E-011    -0.19841776E-011
     0.32960000E+001     0.36590555E-001    -0.19744424E-011    -0.19779971E-011
     0.33040000E+001     0.40801842E-001    -0.19695418E-011    -0.19722330E-011
     0.33120000E+001     0.44199039E-001    -0.19670774E-011    -0.19705772E-011
     0.33200000E+001     0.46723293E-001    -0.19654131E-011    -0.19701220E-011
     0.33280000E+001     0.48327357E-001    -0.19619247E-011    -0.19663459E-011
     0.33360000E+001     0.48977106E-001    -0.19568612E-011    -0.19604051E-011
     0.33440000E+001     0.48652205E-001    -0.19514078E-011    -0.19536565E-011
     0.33520000E+001     0.47346920E-001    -0.19478419E-011    -0.19500574E-011
     0.33600000E+001     0.45069675E-001    -0.19460967E-011    -0.19496219E-011
     0.33680000E+001     0.41844535E-001    -0.19433278E-011    -0.19469557E-011
     0.33760000E+001     0.37711525E-001    -0.19391295E-011    -0.19420115E-011
     0.33840000E+001     0.32725303E-001    -0.19346240E-011    -0.19362906E-011
     0.33920000E+001     0.26954601E-001    -0.19321091E-011    -0.19332457E-011
     0.34000000E+001     0.20480753E-001    -0.19329781E-011    -0.19355814E-011
     0.34080000E+001     0.13397326E-001    -0.19346719E-011    -0.19382663E-011
     0.34160000E+001     0.58091491E-002    -0.19355854E-011    -0.19389375E-011
     0.34240000E+001    -0.21704618E-002    -0.19362633E-011    -0.19386766E-011
     0.34320000E+001    -0.10421585E-001    -0.19383912E-011    -0.19397068E-011
     0.34400000E+001    -0.18819692E-001    -0.19442005E-011    -0.19463508E-011
     0.34480000E+001    -0.27237479E-001    -0.19520452E-011    -0.19555186E-011
     0.34560000E+001    -0.35546937E-001    -0.19592680E-011    -0.19627638E-011
     0.34640000E+001    -0.43622713E-001    -0.19656280E-011    -0.19683412E-011
     0.34720000E+001    -0.51344545E-001    -0.19720943E-011    -0.19732973E-011
     0.34800000E+001    -0.58598529E-001    -0.19812038E-011    -0.19823029E-011
     0.34880000E+001    -0.65278245E-001    -0.19928222E-011    -0.19953031E-011
     0.34960000E+001    -0.71286190E-001    -0.20039812E-011    -0.20070068E-011
     0.35040000E+001    -0.76535841E-001    -0.20136304E-011    -0.20164808E-011
     0.35120000E+001    -0.80953571E-001    -0.20220168E-011    -0.20238183E-011
     0.35200000E+001    -0.84478530E-001    -0.20311738E-011    -0.20324404E-011
     0.35280000E+001    -0.87062754E-001    -0.20421877E-011    -0.20447754E-011
     0.35360000E+001    -0.88671967E-001    -0.20522822E-011    -0.20558181E-011
     0.35440000E+001    -0.89286251E-001    -0.20595136E-011    -0.20631034E-011
     0.35520000E+001    -0.88901098E-001    -0.20636039E-011    -0.20664091E-011
     0.35600000E+001    -0.87526023E-001    -0.20658861E-011    -0.20676241E-011
     0.35680000E+001    -0.85182927E-001    -0.20684565E-011    -0.20709658E-011
     0.35760000E+001    -0.81906007E-001    -0.20696565E-011    -0.20733161E-011
     0.35840000E+001    -0.77741195E-001    -0.20671886E-011    -0.20710182E-011
     0.35920000E+001    -0.72746358E-001    -0.20608511E-011    -0.20641668E-011
     0.36000000E+001    -0.66989735E-001    -0.20518749E-011    -0.20539691E-011
     0.36080000E+001    -0.60547755E-001    -0.20433737E-011    -0.20457713E-011
     0.36160000E+001    -0.53505071E-001    -0.20356367E-011    -0.20396056E-011
     0.36240000E+001    -0.45954112E-001    -0.20264842E-011    -0.20311111E-011
     0.36320000E+001    -0.37994610E-001    -0.20155451E-011    -0.20199735E-011
     0.36400000E+001    -0.29731924E-001    -0.20037121E-011    -0.20067650E-011
     0.36480000E+001    -0.21274416E-001    -0.19940711E-011    -0.19963736E-011
     0.36560000E+001    -0.12733192E-001    -0.19883850E-011    -0.19918269E-011
     0.36640000E+001    -0.42220787E-002    -0.19844324E-011    -0.19886583E-011
     0.36720000E+001     0.41432811E-002    -0.19806337E-011    -0.19847874E-011
     0.36800000E+001     0.12247107E-001    -0.19766162E-011    -0.19794854E-011
     0.36880000E+001     0.19975909E-001    -0.19740036E-011    -0.19752618E-011
     0.36960000E+001     0.27219020E-001    -0.19750582E-011    -0.19767823E-011
     0.37040000E+001     0.33868467E-001    -0.19779117E-011    -0.19807011E-011
     0.37120000E+001     0.39820664E-001    -0.19798996E-011    -0.19831417E-011
     0.37200000E+001     0.44979414E-001    -0.19797566E-011    -0.19825711E-011
     0.37280000E+001     0.49258693E-001    -0.19778350E-011    -0.19791309E-011
     0.37360000E+001     0.52584409E-001    -0.19768117E-011    -0.19780670E-011
     0.37440000E+001     0.54894542E-001    -0.19764657E-011    -0.19789564E-011
     0.37520000E+001     0.56140677E-001    -0.19743325E-011    -0.19775556E-011
     0.37600000E+001     0.56291077E-001    -0.19693067E-011    -0.19726325E-011
     0.37680000E+001     0.55332277E-001    -0.19614051E-011    -0.19634178E-011
     0.37760000E+001     0.53269895E-001    -0.19534897E-011    -0.19547204E-011
     0.37840000E+001     0.50127675E-001    -0.19473015E-011    -0.19494713E-011
     0.37920000E+001     0.45947055E-001    -0.19410935E-011    -0.19439867E-011
     0.38000000E+001     0.40788527E-001    -0.19337790E-011    -0.19368931E-011
     0.38080000E+001     0.34730821E-001    -0.19251274E-011    -0.19272161E-011
     0.38160000E+001     0.27869173E-001    -0.19173630E-011    -0.19181410E-011
     0.38240000E+001     0.20312270E-001    -0.19134401E-011    -0.19148814E-011
     0.38320000E+001     0.12179010E-001    -0.19124048E-011    -0.19149838E-011
     0.38400000E+001     0.35974284E-002    -0.19126582E-011    -0.19159411E-011
     0.38480000E+001    -0.52980385E-002    -0.19134376E-011    -0.19164424E-011
     0.38560000E+001    -0.14369883E-001    -0.19157118E-011    -0.19173631E-011
     0.38640000E+001    -0.23480694E-001    -0.19226785E-011    -0.19245551E-011
     0.38720000E+001    -0.32496226E-001    -0.19343159E-011    -0.19375862E-011
     0.38800000E+001    -0.41286036E-001    -0.19483481E-011    -0.19526210E-011
     0.38880000E+001    -0.49724886E-001    -0.19631285E-011    -0.19675762E-011
     0.38960000E+001    -0.57695384E-001    -0.19779807E-011    -0.19808983E-011
     0.39040000E+001    -0.65089658E-001    -0.19952426E-011    -0.19972325E-011
     0.39120000E+001    -0.71810898E-001    -0.20157844E-011    -0.20185641E-011
     0.39200000E+001    -0.77773168E-001    -0.20370504E-011    -0.20406652E-011
     0.39280000E+001    -0.82901207E-001    -0.20566182E-011    -0.20606789E-011
     0.39360000E+001    -0.87131859E-001    -0.20725514E-011    -0.20754692E-011
     0.39440000E+001    -0.90414851E-001    -0.20859122E-011    -0.20873104E-011
     0.39520000E+001    -0.92712532E-001    -0.20986205E-011    -0.21004053E-011
     0.39600000E+001    -0.93999081E-001    -0.21090749E-011    -0.21118900E-011
     0.39680000E+001    -0.94259299E-001    -0.21150896E-011    -0.21188712E-011
     0.39760000E+001    -0.93489442E-001    -0.21148621E-011    -0.21184539E-011
     0.39840000E+001    -0.91698361E-001    -0.21088653E-011    -0.21109633E-011
     0.39920000E+001    -0.88906801E-001    -0.21003294E-011    -0.21023050E-011
     0.40000000E+001    -0.85146999E-001    -0.20898355E-011    -0.20927221E-011
     0.40080000E+001    -0.80461714E-001    -0.20763324E-011    -0.20801157E-011
     0.40160000E+001    -0.74904411E-001    -0.20590337E-011    -0.20630611E-011
     0.40240000E+001    -0.68540471E-001    -0.20382351E-011    -0.20408023E-011
     0.40320000E+001    -0.61445743E-001    -0.20176636E-011    -0.20194234E-011
     0.40400000E+001    -0.53705744E-001    -0.19997440E-011    -0.20022256E-011
     0.40480000E+001    -0.45414997E-001    -0.19840127E-011    -0.19874048E-011
     0.40560000E+001    -0.36676496E-001    -0.19697841E-011    -0.19738697E-011
     0.40640000E+001    -0.27602684E-001    -0.19563377E-011    -0.19594203E-011
     0.40720000E+001    -0.18313746E-001    -0.19460136E-011    -0.19477824E-011
     0.40800000E+001    -0.89361174E-002    -0.19416070E-011    -0.19437910E-011
     0.40880000E+001     0.39821564E-003    -0.19423439E-011    -0.19454507E-011
     0.40960000E+001     0.95534765E-002    -0.19464817E-011    -0.19505143E-011
     0.41040000E+001     0.18391005E-001    -0.19516942E-011    -0.19552355E-011
     0.41120000E+001     0.26772456E-001    -0.19578201E-011    -0.19595407E-011
     0.41200000E+001     0.34563033E-001    -0.19671340E-011    -0.19685033E-011
     0.41280000E+001     0.41633229E-001    -0.19789524E-011    -0.19810469E-011
     0.41360000E+001     0.47861443E-001    -0.19908720E-011    -0.19940127E-011
     0.41440000E+001     0.53136456E-001    -0.19999455E-011    -0.20034225E-011
     0.41520000E+001     0.57360769E-001    -0.20043242E-011    -0.20062153E-011
     0.41600000E+001     0.60454205E-001    -0.20060725E-011    -0.20070403E-011
     0.41680000E+001     0.62355534E-001    -0.20061854E-011    -0.20077187E-011
     0.41760000E+001     0.63023972E-001    -0.20033955E-011    -0.20060375E-011
     0.41840000E+001     0.62441009E-001    -0.19960703E-011    -0.19998313E-011
     0.41920000E+001     0.60611743E-001    -0.19826049E-011    -0.19855618E-011
     0.42000000E+001     0.57565661E-001    -0.19653563E-011    -0.19670579E-011
     0.42080000E+001     0.53355422E-001    -0.19477416E-011    -0.19496824E-011
     0.42160000E+001     0.48054272E-001    -0.19305195E-011    -0.19333595E-011
     0.42240000E+001     0.41754313E-001    -0.19137012E-011    -0.19178865E-011
     0.42320000E+001     0.34564166E-001    -0.18963322E-011    -0.19004750E-011
     0.42400000E+001     0.26606079E-001    -0.18799640E-011    -0.18826953E-011
     0.42480000E+001     0.18012670E-001    -0.18686673E-011    -0.18711468E-011
     0.42560000E+001     0.89225189E-002    -0.18638818E-011    -0.18669212E-011
     0.42640000E+001    -0.52226996E-003    -0.18654215E-011    -0.18695564E-011
     0.42720000E+001    -0.10178196E-001    -0.18716311E-011    -0.18761731E-011
     0.42800000E+001    -0.19903187E-001    -0.18815414E-011    -0.18846097E-011
     0.42880000E+001    -0.29558674E-001    -0.18975609E-011    -0.18997423E-011
     0.42960000E+001    -0.39012574E-001    -0.19205392E-011    -0.19229781E-011
     0.43040000E+001    -0.48140104E-001    -0.19489879E-011    -0.19522741E-011
     0.43120000E+001    -0.56823698E-001    -0.19800905E-011    -0.19841977E-011
     0.43200000E+001    -0.64954023E-001    -0.20104876E-011    -0.20134348E-011
     0.43280000E+001    -0.72430402E-001    -0.20405529E-011    -0.20420425E-011
     0.43360000E+001    -0.79161891E-001    -0.20712500E-011    -0.20726690E-011
     0.43440000E+001    -0.85066979E-001    -0.21010994E-011    -0.21032391E-011
     0.43520000E+001    -0.90072112E-001    -0.21275715E-011    -0.21310010E-011
     0.43600000E+001    -0.94112519E-001    -0.21469507E-011    -0.21500971E-011
     0.43680000E+001    -0.97133436E-001    -0.21586721E-011    -0.21602326E-011
     0.43760000E+001    -0.99091528E-001    -0.21650425E-011    -0.21661843E-011
     0.43840000E+001    -0.99955355E-001    -0.21665141E-011    -0.21682629E-011
     0.43920000E+001    -0.99704368E-001    -0.21624108E-011    -0.21657625E-011
     0.44000000E+001    -0.98329635E-001    -0.21505273E-011    -0.21547629E-011
     0.44080000E+001    -0.95835693E-001    -0.21301820E-011    -0.21332797E-011
     0.44160000E+001    -0.92241661E-001    -0.21048689E-011    -0.21071675E-011
     0.44240000E+001    -0.87581211E-001    -0.20773918E-011    -0.20798188E-011
     0.44320000E+001    -0.81901506E-001    -0.20490625E-011    -0.20525591E-011
     0.44400000E+001    -0.75263052E-001    -0.20195745E-011    -0.20243006E-011
     0.44480000E+001    -0.67741466E-001    -0.19881088E-011    -0.19920056E-011
     0.44560000E+001    -0.59428182E-001    -0.19578271E-011    -0.19603881E-011
     0.44640000E+001    -0.50429351E-001    -0.19325061E-011    -0.19346123E-011
     0.44720000E+001    -0.40864396E-001    -0.19138972E-011    -0.19163562E-011
     0.44800000E+001    -0.30864427E-001    -0.19020885E-011    -0.19057897E-011
     0.44880000E+001    -0.20572340E-001    -0.18949824E-011    -0.18984908E-011
     0.44960000E+001    -0.10141936E-001    -0.18930843E-011    -0.18952519E-011
     0.45040000E+001     0.26551893E-003    -0.18988377E-011    -0.19005040E-011
     0.45120000E+001     0.10484213E-001    -0.19125155E-011    -0.19143768E-011
     0.45200000E+001     0.20346918E-001    -0.19327913E-011    -0.19359296E-011
     0.45280000E+001     0.29687151E-001    -0.19556660E-011    -0.19593290E-011
     0.45360000E+001     0.38341526E-001    -0.19782047E-011    -0.19805502E-011
     0.45440000E+001     0.46155178E-001    -0.20009986E-011    -0.20024439E-011
     0.45520000E+001     0.52986205E-001    -0.20236145E-011    -0.20249194E-011
     0.45600000E+001     0.58709591E-001    -0.20444020E-011    -0.20466906E-011
     0.45680000E+001     0.63220174E-001    -0.20597616E-011    -0.20632301E-011
     0.45760000E+001     0.66434931E-001    -0.20658733E-011    -0.20685035E-011
     0.45840000E+001     0.68296992E-001    -0.20634803E-011    -0.20649758E-011
     0.45920000E+001     0.68778011E-001    -0.20543897E-011    -0.20556093E-011
     0.46000000E+001     0.67878350E-001    -0.20395096E-011    -0.20415122E-011
     0.46080000E+001     0.65625893E-001    -0.20186065E-011    -0.20224368E-011
     0.46160000E+001     0.62073675E-001    -0.19898384E-011    -0.19938573E-011
     0.46240000E+001     0.57298551E-001    -0.19550781E-011    -0.19580068E-011
     0.46320000E+001     0.51399241E-001    -0.19188629E-011    -0.19212153E-011
     0.46400000E+001     0.44492291E-001    -0.18847018E-011    -0.18871795E-011
     0.46480000E+001     0.36707349E-001    -0.18549841E-011    -0.18589937E-011
     0.46560000E+001     0.28182580E-001    -0.18291421E-011    -0.18339378E-011
     0.46640000E+001     0.19061198E-001    -0.18077912E-011    -0.18115117E-011
     0.46720000E+001     0.94891340E-002    -0.17947475E-011    -0.17974717E-011
     0.46800000E+001    -0.38839017E-003    -0.17928072E-011    -0.17949978E-011
     0.46880000E+001    -0.10430437E-001    -0.18033704E-011    -0.18064080E-011
     0.46960000E+001    -0.20502146E-001    -0.18245608E-011    -0.18287843E-011
     0.47040000E+001    -0.30475567E-001    -0.18532369E-011    -0.18567804E-011
     0.47120000E+001    -0.40228797E-001    -0.18895413E-011    -0.18920033E-011
     0.47200000E+001    -0.49645720E-001    -0.19336617E-011    -0.19354185E-011
     0.47280000E+001    -0.58617106E-001    -0.19845892E-011    -0.19866690E-011
     0.47360000E+001    -0.67039543E-001    -0.20390827E-011    -0.20425887E-011
     0.47440000E+001    -0.74814934E-001    -0.20914534E-011    -0.20948845E-011
     0.47520000E+001    -0.81849749E-001    -0.21391228E-011    -0.21414489E-011
     0.47600000E+001    -0.88055022E-001    -0.21815709E-011    -0.21831090E-011
     0.47680000E+001    -0.93348618E-001    -0.22178021E-011    -0.22192303E-011
     0.47760000E+001    -0.97655532E-001    -0.22460808E-011    -0.22489089E-011
     0.47840000E+001    -0.10090841E+000    -0.22621238E-011    -0.22655967E-011
     0.47920000E+001    -0.10304885E+000    -0.22638124E-011    -0.22663211E-011
     0.48000000E+001    -0.10402861E+000    -0.22528709E-011    -0.22545012E-011
     0.48080000E+001    -0.10381289E+000    -0.22313769E-011    -0.22326139E-011
     0.48160000E+001    -0.10238145E+000    -0.22014445E-011    -0.22039256E-011
     0.48240000E+001    -0.99729194E-001    -0.21627633E-011    -0.21667859E-011
     0.48320000E+001    -0.95867980E-001    -0.21150378E-011    -0.21187715E-011
     0.48400000E+001    -0.90827847E-001    -0.20620331E-011    -0.20649933E-011
     0.48480000E+001    -0.84658973E-001    -0.20083502E-011    -0.20106988E-011
     0.48560000E+001    -0.77431941E-001    -0.19583654E-011    -0.19613405E-011
     0.48640000E+001    -0.69236239E-001    -0.19140863E-011    -0.19188333E-011
     0.48720000E+001    -0.60179967E-001    -0.18749087E-011    -0.18798187E-011
     0.48800000E+001    -0.50389226E-001    -0.18429116E-011    -0.18467969E-011
     0.48880000E+001    -0.40006994E-001    -0.18214022E-011    -0.18240783E-011
     0.48960000E+001    -0.29191361E-001    -0.18129827E-011    -0.18150629E-011
     0.49040000E+001    -0.18112219E-001    -0.18184464E-011    -0.18216600E-011
     0.49120000E+001    -0.69486974E-002    -0.18344823E-011    -0.18381685E-011
     0.49200000E+001     0.41129563E-002    -0.18586227E-011    -0.18613771E-011
     0.49280000E+001     0.14883140E-001    -0.18905160E-011    -0.18921846E-011
     0.49360000E+001     0.25173154E-001    -0.19293721E-011    -0.19301862E-011
     0.49440000E+001     0.34799963E-001    -0.19738802E-011    -0.19756594E-011
     0.49520000E+001     0.43591090E-001    -0.20191612E-011    -0.20222989E-011
     0.49600000E+001     0.51387984E-001    -0.20597924E-011    -0.20627360E-011
     0.49680000E+001     0.58050894E-001    -0.20937289E-011    -0.20960566E-011
     0.49760000E+001     0.63463343E-001    -0.21197537E-011    -0.21213011E-011
     0.49840000E+001     0.67535334E-001    -0.21374704E-011    -0.21394628E-011
     0.49920000E+001     0.70206002E-001    -0.21447194E-011    -0.21482698E-011
     0.50000000E+001     0.71443563E-001    -0.21377482E-011    -0.21413731E-011
     0.50080000E+001     0.71245857E-001    -0.21165582E-011    -0.21193735E-011
     0.50160000E+001     0.69640579E-001    -0.20833748E-011    -0.20851512E-011
     0.50240000E+001     0.66683072E-001    -0.20416191E-011    -0.20430926E-011
     0.50320000E+001     0.62453625E-001    -0.19942907E-011    -0.19972665E-011
     0.50400000E+001     0.57052361E-001    -0.19414839E-011    -0.19452234E-011
     0.50480000E+001     0.50594736E-001    -0.18853598E-011    -0.18885739E-011
     0.50560000E+001     0.43208287E-001    -0.18307032E-011    -0.18330683E-011
     0.50640000E+001     0.35027900E-001    -0.17827683E-011    -0.17844790E-011
     0.50720000E+001     0.26191604E-001    -0.17465647E-011    -0.17495647E-011
     0.50800000E+001     0.16836065E-001    -0.17229622E-011    -0.17274831E-011
     0.50880000E+001     0.70936676E-002    -0.17117891E-011    -0.17162401E-011
     0.50960000E+001    -0.29074537E-002    -0.17149785E-011    -0.17186493E-011
     0.51040000E+001    -0.13043662E-001    -0.17343319E-011    -0.17367902E-011
     0.51120000E+001    -0.23196027E-001    -0.17714818E-011    -0.17741847E-011
     0.51200000E+001    -0.33250327E-001    -0.18243015E-011    -0.18284792E-011
     0.51280000E+001    -0.43096333E-001    -0.18873790E-011    -0.18917361E-011
     0.51360000E+001    -0.52625569E-001    -0.19571216E-011    -0.19607243E-011
     0.51440000E+001    -0.61729599E-001    -0.20306981E-011    -0.20328491E-011
     0.51520000E+001    -0.70300532E-001    -0.21060999E-011    -0.21074753E-011
     0.51600000E+001    -0.78231714E-001    -0.21800374E-011    -0.21824993E-011
     0.51680000E+001    -0.85418176E-001    -0.22457931E-011    -0.22488021E-011
     0.51760000E+001    -0.91756713E-001    -0.22984334E-011    -0.23009917E-011
     0.51840000E+001    -0.97146577E-001    -0.23355522E-011    -0.23370746E-011
     0.51920000E+001    -0.10149293E+000    -0.23566009E-011    -0.23570813E-011
     0.52000000E+001    -0.10471040E+000    -0.23622510E-011    -0.23635912E-011
     0.52080000E+001    -0.10672529E+000    -0.23504742E-011    -0.23529477E-011
     0.52160000E+001    -0.10747772E+000    -0.23199061E-011    -0.23223808E-011
     0.52240000E+001    -0.10692347E+000    -0.22724671E-011    -0.22744092E-011
     0.52320000E+001    -0.10503765E+000    -0.22118902E-011    -0.22128644E-011
     0.52400000E+001    -0.10181813E+000    -0.21438154E-011    -0.21453470E-011
     0.52480000E+001    -0.97285730E-001    -0.20715087E-011    -0.20746595E-011
     0.52560000E+001    -0.91484257E-001    -0.19963890E-011    -0.20000043E-011
     0.52640000E+001    -0.84479895E-001    -0.19222006E-011    -0.19255257E-011
     0.52720000E+001    -0.76361861E-001    -0.18537310E-011    -0.18560546E-011
     0.52800000E+001    -0.67243317E-001    -0.17969899E-011    -0.17992064E-011
     0.52880000E+001    -0.57259070E-001    -0.17559293E-011    -0.17598181E-011
     0.52960000E+001    -0.46562928E-001    -0.17301440E-011    -0.17349823E-011
     0.53040000E+001    -0.35325117E-001    -0.17196544E-011    -0.17243572E-011
     0.53120000E+001    -0.23730205E-001    -0.17251271E-011    -0.17287157E-011
     0.53200000E+001    -0.11975357E-001    -0.17478504E-011    -0.17502639E-011
     0.53280000E+001    -0.26587182E-003    -0.17883866E-011    -0.17916222E-011
     0.53360000E+001     0.11190344E-001    -0.18423182E-011    -0.18465409E-011
     0.53440000E+001     0.22187612E-001    -0.19040743E-011    -0.19081825E-011
     0.53520000E+001     0.32527022E-001    -0.19693692E-011    -0.19724804E-011
     0.53600000E+001     0.42020332E-001    -0.20349064E-011    -0.20362650E-011
     0.53680000E+001     0.50495081E-001    -0.20989762E-011    -0.21002907E-011
     0.53760000E+001     0.57800505E-001    -0.21567988E-011    -0.21593136E-011
     0.53840000E+001     0.63811853E-001    -0.22018110E-011    -0.22047745E-011
     0.53920000E+001     0.68433175E-001    -0.22299002E-011    -0.22327083E-011
     0.54000000E+001     0.71599484E-001    -0.22389782E-011    -0.22405928E-011
     0.54080000E+001     0.73278071E-001    -0.22303670E-011    -0.22316163E-011
     0.54160000E+001     0.73469751E-001    -0.22051480E-011    -0.22077908E-011
     0.54240000E+001     0.72207804E-001    -0.21621371E-011    -0.21656851E-011
     0.54320000E+001     0.69554036E-001    -0.21024344E-011    -0.21061880E-011
     0.54400000E+001     0.65594775E-001    -0.20293643E-011    -0.20322497E-011
     0.54480000E+001     0.60435906E-001    -0.19492255E-011    -0.19511254E-011
     0.54560000E+001     0.54198404E-001    -0.18693167E-011    -0.18721336E-011
     0.54640000E+001     0.47013428E-001    -0.17932636E-011    -0.17971128E-011
     0.54720000E+001     0.39015658E-001    -0.17243658E-011    -0.17284554E-011
     0.54800000E+001     0.30339083E-001    -0.16668617E-011    -0.16703140E-011
     0.54880000E+001     0.21114062E-001    -0.16258458E-011    -0.16278972E-011
     0.54960000E+001     0.11465937E-001    -0.16072418E-011    -0.16095978E-011
     0.55040000E+001     0.15149085E-002    -0.16124022E-011    -0.16160309E-011
     0.55120000E+001    -0.86254734E-002    -0.16393863E-011    -0.16435221E-011
     0.55200000E+001    -0.18847381E-001    -0.16862167E-011    -0.16900528E-011
     0.55280000E+001    -0.29046253E-001    -0.17507713E-011    -0.17530217E-011
     0.55360000E+001    -0.39118371E-001    -0.18324000E-011    -0.18340148E-011
     0.55440000E+001    -0.48958064E-001    -0.19277093E-011    -0.19304123E-011
     0.55520000E+001    -0.58457377E-001    -0.20292027E-011    -0.20326513E-011
     0.55600000E+001    -0.67505231E-001    -0.21297500E-011    -0.21332994E-011
     0.55680000E+001    -0.75986093E-001    -0.22231187E-011    -0.22253990E-011
     0.55760000E+001    -0.83780554E-001    -0.23060457E-011    -0.23070046E-011
     0.55840000E+001    -0.90766976E-001    -0.23761757E-011    -0.23778361E-011
     0.55920000E+001    -0.96824948E-001    -0.24280869E-011    -0.24308122E-011
     0.56000000E+001    -0.10183944E+000    -0.24570284E-011    -0.24603665E-011
     0.56080000E+001    -0.10570370E+000    -0.24603519E-011    -0.24632014E-011
     0.56160000E+001    -0.10832325E+000    -0.24388031E-011    -0.24401925E-011
     0.56240000E+001    -0.10962043E+000    -0.23965434E-011    -0.23981016E-011
     0.56320000E+001    -0.10953799E+000    -0.23357080E-011    -0.23384366E-011
     0.56400000E+001    -0.10804227E+000    -0.22577509E-011    -0.22613358E-011
     0.56480000E+001    -0.10512442E+000    -0.21658131E-011    -0.21695564E-011
     0.56560000E+001    -0.10080124E+000    -0.20649665E-011    -0.20674398E-011
     0.56640000E+001    -0.95117074E-001    -0.19636605E-011    -0.19657367E-011
     0.56720000E+001    -0.88143642E-001    -0.18686360E-011    -0.18718145E-011
     0.56800000E+001    -0.79979088E-001    -0.17833888E-011    -0.17875094E-011
     0.56880000E+001    -0.70746197E-001    -0.17113180E-011    -0.17159308E-011
     0.56960000E+001    -0.60589572E-001    -0.16556732E-011    -0.16592632E-011
     0.57040000E+001    -0.49674749E-001    -0.16216610E-011    -0.16241727E-011
     0.57120000E+001    -0.38185385E-001    -0.16133673E-011    -0.16165849E-011
     0.57200000E+001    -0.26319136E-001    -0.16298191E-011    -0.16339551E-011
     0.57280000E+001    -0.14283851E-001    -0.16682938E-011    -0.16730054E-011
     0.57360000E+001    -0.22925792E-002    -0.17250958E-011    -0.17290543E-011
     0.57440000E+001     0.94394791E-002    -0.17976479E-011    -0.17998462E-011
     0.57520000E+001     0.20699029E-001    -0.18843283E-011    -0.18864302E-011
     0.57600000E+001     0.31280794E-001    -0.19792827E-011    -0.19821666E-011
     0.57680000E+001     0.40992502E-001    -0.20745968E-011    -0.20780965E-011
     0.57760000E+001     0.49660694E-001    -0.21625246E-011    -0.21657792E-011
     0.57840000E+001     0.57134853E-001    -0.22369596E-011    -0.22383199E-011
     0.57920000E+001     0.63291078E-001    -0.22957494E-011    -0.22962450E-011
     0.58000000E+001     0.68036888E-001    -0.23357225E-011    -0.23369679E-011
     0.58080000E+001     0.71313930E-001    -0.23521434E-011    -0.23543676E-011
     0.58160000E+001     0.73099003E-001    -0.23418000E-011    -0.23447714E-011
     0.58240000E+001     0.73402832E-001    -0.23035210E-011    -0.23054984E-011
     0.58320000E+001     0.72267040E-001    -0.22413170E-011    -0.22422294E-011
     0.58400000E+001     0.69761420E-001    -0.21609422E-011    -0.21625713E-011
     0.58480000E+001     0.65979792E-001    -0.20660997E-011    -0.20689276E-011
     0.58560000E+001     0.61033841E-001    -0.19610707E-011    -0.19651393E-011
     0.58640000E+001     0.55046488E-001    -0.18507171E-011    -0.18545262E-011
     0.58720000E+001     0.48145620E-001    -0.17429639E-011    -0.17452836E-011
     0.58800000E+001     0.40459690E-001    -0.16478246E-011    -0.16500247E-011
     0.58880000E+001     0.32114788E-001    -0.15716694E-011    -0.15745115E-011
     0.58960000E+001     0.23230794E-001    -0.15185186E-011    -0.15222169E-011
     0.59040000E+001     0.13918772E-001    -0.14906643E-011    -0.14944371E-011
     0.59120000E+001     0.42808080E-002    -0.14901861E-011    -0.14923595E-011
     0.59200000E+001    -0.55881044E-002    -0.15207710E-011    -0.15222499E-011
     0.59280000E+001    -0.15596013E-001    -0.15823404E-011    -0.15844004E-011
     0.59360000E+001    -0.25651711E-001    -0.16706753E-011    -0.16736656E-011
     0.59440000E+001    -0.35662874E-001    -0.17794793E-011    -0.17832128E-011
     0.59520000E+001    -0.45532586E-001    -0.19013072E-011    -0.19039603E-011
     0.59600000E+001    -0.55156557E-001    -0.20313778E-011    -0.20329430E-011
     0.59680000E+001    -0.64420146E-001    -0.21642934E-011    -0.21663015E-011
     0.59760000E+001    -0.73199036E-001    -0.22915258E-011    -0.22944324E-011
     0.59840000E+001    -0.81362618E-001    -0.24042066E-011    -0.24081148E-011
     0.59920000E+001    -0.88776343E-001    -0.24937418E-011    -0.24969988E-011
     0.60000000E+001    -0.95304967E-001    -0.25557529E-011    -0.25573114E-011
     0.60080000E+001    -0.10081604E+000    -0.25894203E-011    -0.25907887E-011
     0.60160000E+001    -0.10518505E+000    -0.25927867E-011    -0.25949369E-011
     0.60240000E+001    -0.10830222E+000    -0.25644090E-011    -0.25678775E-011
     0.60320000E+001    -0.11007679E+000    -0.25037951E-011    -0.25076246E-011
     0.60400000E+001    -0.11044012E+000    -0.24138935E-011    -0.24162559E-011
     0.60480000E+001    -0.10934840E+000    -0.23027768E-011    -0.23045007E-011
     0.60560000E+001    -0.10678521E+000    -0.21780887E-011    -0.21804418E-011
     0.60640000E+001    -0.10276433E+000    -0.20463155E-011    -0.20500307E-011
     0.60720000E+001    -0.97330127E-001    -0.19133098E-011    -0.19182043E-011
     0.60800000E+001    -0.90555589E-001    -0.17850087E-011    -0.17889600E-011
     0.60880000E+001    -0.82540526E-001    -0.16708272E-011    -0.16735729E-011
     0.60960000E+001    -0.73409953E-001    -0.15794376E-011    -0.15821779E-011
     0.61040000E+001    -0.63312400E-001    -0.15158648E-011    -0.15193007E-011
     0.61120000E+001    -0.52417340E-001    -0.14825070E-011    -0.14871182E-011
     0.61200000E+001    -0.40910675E-001    -0.14788482E-011    -0.14829526E-011
     0.61280000E+001    -0.28990908E-001    -0.15056251E-011    -0.15081198E-011
     0.61360000E+001    -0.16866727E-001    -0.15636689E-011    -0.15656641E-011
     0.61440000E+001    -0.47539024E-002    -0.16497109E-011    -0.16519597E-011
     0.61520000E+001     0.71282746E-002    -0.17577684E-011    -0.17610976E-011
     0.61600000E+001     0.18562675E-001    -0.18789232E-011    -0.18824502E-011
     0.61680000E+001     0.29340519E-001    -0.20049483E-011    -0.20069771E-011
     0.61760000E+001     0.39265400E-001    -0.21305447E-011    -0.21318685E-011
     0.61840000E+001     0.48158468E-001    -0.22488000E-011    -0.22503763E-011
     0.61920000E+001     0.55863445E-001    -0.23517323E-011    -0.23543945E-011
     0.62000000E+001     0.62252255E-001    -0.24307222E-011    -0.24343208E-011
     0.62080000E+001     0.67230299E-001    -0.24784072E-011    -0.24808472E-011
     0.62160000E+001     0.70737891E-001    -0.24931332E-011    -0.24943616E-011
     0.62240000E+001     0.72750895E-001    -0.24751815E-011    -0.24763401E-011
     0.62320000E+001     0.73280101E-001    -0.24249710E-011    -0.24269198E-011
     0.62400000E+001     0.72369297E-001    -0.23437568E-011    -0.23471095E-011
     0.62480000E+001     0.70092434E-001    -0.22333884E-011    -0.22363393E-011
     0.62560000E+001     0.66547258E-001    -0.21009522E-011    -0.21024879E-011
     0.62640000E+001     0.61848300E-001    -0.19569268E-011    -0.19581419E-011
     0.62720000E+001     0.56120431E-001    -0.18108506E-011    -0.18127046E-011
     0.62800000E+001     0.49492356E-001    -0.16715179E-011    -0.16751864E-011
     0.62880000E+001     0.42091169E-001    -0.15453864E-011    -0.15498619E-011
     0.62960000E+001     0.34036887E-001    -0.14400075E-011    -0.14434251E-011
     0.63040000E+001     0.25438659E-001    -0.13651046E-011    -0.13678974E-011
     0.63120000E+001     0.16394473E-001    -0.13274635E-011    -0.13303506E-011
     0.63200000E+001     0.69925689E-002    -0.13305301E-011    -0.13346411E-011
     0.63280000E+001    -0.26860328E-002    -0.13731290E-011    -0.13783590E-011
     0.63360000E+001    -0.12564005E-001    -0.14514342E-011    -0.14556358E-011
     0.63440000E+001    -0.22563855E-001    -0.15631801E-011    -0.15660730E-011
     0.63520000E+001    -0.32602556E-001    -0.17040514E-011    -0.17063194E-011
     0.63600000E+001    -0.42586593E-001    -0.18666338E-011    -0.18692736E-011
     0.63680000E+001    -0.52410058E-001    -0.20404846E-011    -0.20443445E-011
     0.63760000E+001    -0.61953475E-001    -0.22126440E-011    -0.22160595E-011
     0.63840000E+001    -0.71084701E-001    -0.23734266E-011    -0.23755126E-011
     0.63920000E+001    -0.79660580E-001    -0.25154093E-011    -0.25168915E-011
     0.64000000E+001    -0.87529232E-001    -0.26309789E-011    -0.26326450E-011
     0.64080000E+001    -0.94536000E-001    -0.27130085E-011    -0.27161007E-011
     0.64160000E+001    -0.10052963E+000    -0.27538794E-011    -0.27573786E-011
     0.64240000E+001    -0.10536842E+000    -0.27502536E-011    -0.27525251E-011
     0.64320000E+001    -0.10892645E+000    -0.27044995E-011    -0.27059514E-011
     0.64400000E+001    -0.11109792E+000    -0.26206243E-011    -0.26219369E-011
     0.64480000E+001    -0.11180297E+000    -0.25040035E-011    -0.25065368E-011
     0.64560000E+001    -0.11099201E+000    -0.23594060E-011    -0.23630819E-011
     0.64640000E+001    -0.10864732E+000    -0.21931998E-011    -0.21960503E-011
     0.64720000E+001    -0.10478407E+000    -0.20167661E-011    -0.20186148E-011
     0.64800000E+001    -0.99448882E-001    -0.18422724E-011    -0.18437478E-011
     0.64880000E+001    -0.92718985E-001    -0.16809153E-011    -0.16832916E-011
     0.64960000E+001    -0.84701019E-001    -0.15410254E-011    -0.15451783E-011
     0.65040000E+001    -0.75527319E-001    -0.14278558E-011    -0.14319861E-011
     0.65120000E+001    -0.65352780E-001    -0.13484720E-011    -0.13515627E-011
     0.65200000E+001    -0.54351429E-001    -0.13095574E-011    -0.13119143E-011
     0.65280000E+001    -0.42713809E-001    -0.13147039E-011    -0.13171419E-011
     0.65360000E+001    -0.30645033E-001    -0.13635817E-011    -0.13675720E-011
     0.65440000E+001    -0.18360581E-001    -0.14502840E-011    -0.14547663E-011
     0.65520000E+001    -0.60816954E-002    -0.15685692E-011    -0.15719201E-011
     0.65600000E+001     0.59686782E-002    -0.17131051E-011    -0.17153428E-011
     0.65680000E+001     0.17569998E-001    -0.18764989E-011    -0.18780031E-011
     0.65760000E+001     0.28508255E-001    -0.20495608E-011    -0.20519496E-011
     0.65840000E+001     0.38581712E-001    -0.22193067E-011    -0.22226451E-011
     0.65920000E+001     0.47608135E-001    -0.23727584E-011    -0.23752891E-011
     0.66000000E+001     0.55430105E-001    -0.25013267E-011    -0.25028392E-011
     0.66080000E+001     0.61919308E-001    -0.25980504E-011    -0.25987796E-011
     0.66160000E+001     0.66980079E-001    -0.26575962E-011    -0.26588757E-011
     0.66240000E+001     0.70552405E-001    -0.26745179E-011    -0.26773884E-011
     0.66320000E+001     0.72615179E-001    -0.26440244E-011    -0.26469341E-011
     0.66400000E+001     0.73185554E-001    -0.25675537E-011    -0.25697888E-011
     0.66480000E+001     0.72315205E-001    -0.24507731E-011    -0.24524825E-011
     0.66560000E+001     0.70085432E-001    -0.23017495E-011    -0.23037151E-011
     0.66640000E+001     0.66600723E-001    -0.21294121E-011    -0.21331383E-011
     0.66720000E+001     0.61983075E-001    -0.19412202E-011    -0.19456210E-011
     0.66800000E+001     0.56364084E-001    -0.17478753E-011    -0.17515287E-011
     0.66880000E+001     0.49875765E-001    -0.15631354E-011    -0.15659654E-011
     0.66960000E+001     0.42643991E-001    -0.14003511E-011    -0.14027023E-011
     0.67040000E+001     0.34783638E-001    -0.12712472E-011    -0.12748282E-011
     0.67120000E+001     0.26397219E-001    -0.11822171E-011    -0.11869012E-011
     0.67200000E+001     0.17574535E-001    -0.11374233E-011    -0.11414361E-011
     0.67280000E+001     0.83925580E-002    -0.11416546E-011    -0.11445738E-011
     0.67360000E+001    -0.10809700E-002    -0.11971722E-011    -0.11990128E-011
     0.67440000E+001    -0.10782157E-001    -0.13032471E-011    -0.13055502E-011
     0.67520000E+001    -0.20644404E-001    -0.14532272E-011    -0.14569877E-011
     0.67600000E+001    -0.30592724E-001    -0.16358120E-011    -0.16394294E-011
     0.67680000E+001    -0.40540669E-001    -0.18407683E-011    -0.18433550E-011
     0.67760000E+001    -0.50387177E-001    -0.20577163E-011    -0.20589901E-011
     0.67840000E+001    -0.60013627E-001    -0.22759154E-011    -0.22768078E-011
     0.67920000E+001    -0.69283304E-001    -0.24829299E-011    -0.24852588E-011
     0.68000000E+001    -0.78043772E-001    -0.26635734E-011    -0.26665502E-011
     0.68080000E+001    -0.86132701E-001    -0.28060640E-011    -0.28085454E-011
     0.68160000E+001    -0.93384608E-001    -0.29029876E-011    -0.29046257E-011
     0.68240000E+001    -0.99636709E-001    -0.29500772E-011    -0.29511013E-011
     0.68320000E+001    -0.10473548E+000    -0.29457560E-011    -0.29480582E-011
     0.68400000E+001    -0.10854412E+000    -0.28878987E-011    -0.28915659E-011
     0.68480000E+001    -0.11094988E+000    -0.27776538E-011    -0.27813115E-011
     0.68560000E+001    -0.11187016E+000    -0.26220224E-011    -0.26251723E-011
     0.68640000E+001    -0.11125484E+000    -0.24313358E-011    -0.24336791E-011
     0.68720000E+001    -0.10908681E+000    -0.22186030E-011    -0.22215710E-011
     0.68800000E+001    -0.10538266E+000    -0.19953304E-011    -0.19997716E-011
     0.68880000E+001    -0.10019197E+000    -0.17720259E-011    -0.17765686E-011
     0.68960000E+001    -0.93596106E-001    -0.15620054E-011    -0.15659484E-011
     0.69040000E+001    -0.85704766E-001    -0.13789184E-011    -0.13818428E-011
     0.69120000E+001    -0.76651378E-001    -0.12357169E-011    -0.12385909E-011
     0.69200000E+001    -0.66590713E-001    -0.11413421E-011    -0.11457679E-011
     0.69280000E+001    -0.55696162E-001    -0.10987262E-011    -0.11037191E-011
     0.69360000E+001    -0.44157240E-001    -0.11096645E-011    -0.11140942E-011
     0.69440000E+001    -0.32176322E-001    -0.11744873E-011    -0.11777192E-011
     0.69520000E+001    -0.19964315E-001    -0.12911462E-011    -0.12934011E-011
     0.69600000E+001    -0.77383588E-002    -0.14541319E-011    -0.14573557E-011
     0.69680000E+001     0.42809480E-002    -0.16512638E-011    -0.16553104E-011
     0.69760000E+001     0.15873551E-001    -0.18685007E-011    -0.18719716E-011
     0.69840000E+001     0.26825179E-001    -0.20928080E-011    -0.20949565E-011
     0.69920000E+001     0.36933731E-001    -0.23114623E-011    -0.23118641E-011
     0.70000000E+001     0.46014712E-001    -0.25129015E-011    -0.25133882E-011
     0.70080000E+001     0.53906413E-001    -0.26832414E-011    -0.26849118E-011
     0.70160000E+001     0.60476084E-001    -0.28087069E-011    -0.28104817E-011
     0.70240000E+001     0.65625763E-001    -0.28805911E-011    -0.28818288E-011
     0.70320000E+001     0.69296533E-001    -0.28944040E-011    -0.28943895E-011
     0.70400000E+001     0.71469897E-001    -0.28507331E-011    -0.28505607E-011
     0.70480000E+001     0.72165972E-001    -0.27520051E-011    -0.27535291E-011
     0.70560000E+001     0.71440557E-001    -0.26009242E-011    -0.26035247E-011
     0.70640000E+001     0.69380715E-001    -0.24052262E-011    -0.24081246E-011
     0.70720000E+001     0.66097576E-001    -0.21768857E-011    -0.21792482E-011
     0.70800000E+001     0.61717805E-001    -0.19314938E-011    -0.19334049E-011
     0.70880000E+001     0.56373940E-001    -0.16858217E-011    -0.16891716E-011
     0.70960000E+001     0.50196034E-001    -0.14531325E-011    -0.14578097E-011
     0.71040000E+001     0.43305904E-001    -0.12464122E-011    -0.12513481E-011
     0.71120000E+001     0.35811644E-001    -0.10790045E-011    -0.10833614E-011
     0.71200000E+001     0.27804802E-001    -0.96311794E-012    -0.96627682E-012
     0.71280000E+001     0.19359979E-001    -0.90911202E-012    -0.91273072E-012
     0.71360000E+001     0.10536958E-001    -0.92033016E-012    -0.92513187E-012
     0.71440000E+001     0.13866653E-002    -0.99477896E-012    -0.99968598E-012
     0.71520000E+001    -0.80432868E-002    -0.11285578E-011    -0.11328030E-011
     0.71600000E+001    -0.17702072E-001    -0.13150979E-011    -0.13177309E-011
     0.71680000E+001    -0.27528432E-001    -0.15464466E-011    -0.15486203E-011
     0.71760000E+001    -0.37444925E-001    -0.18098196E-011    -0.18131744E-011
     0.71840000E+001    -0.47352583E-001    -0.20873673E-011    -0.20911994E-011
     0.71920000E+001    -0.57129346E-001    -0.23617251E-011    -0.23651996E-011
     0.72000000E+001    -0.66631768E-001    -0.26167056E-011    -0.26186825E-011
     0.72080000E+001    -0.75697661E-001    -0.28391530E-011    -0.28398426E-011
     0.72160000E+001    -0.84151586E-001    -0.30175806E-011    -0.30190576E-011
     0.72240000E+001    -0.91811176E-001    -0.31392484E-011    -0.31416019E-011
     0.72320000E+001    -0.98495678E-001    -0.31949338E-011    -0.31973914E-011
     0.72400000E+001    -0.10403589E+000    -0.31806434E-011    -0.31822365E-011
     0.72480000E+001    -0.10828182E+000    -0.30981585E-011    -0.30982885E-011
     0.72560000E+001    -0.11110900E+000    -0.29547871E-011    -0.29553530E-011
     0.72640000E+001    -0.11242351E+000    -0.27581169E-011    -0.27601090E-011
     0.72720000E+001    -0.11216552E+000    -0.25175073E-011    -0.25203357E-011
     0.72800000E+001    -0.11031259E+000    -0.22462898E-011    -0.22492130E-011
     0.72880000E+001    -0.10687971E+000    -0.19607926E-011    -0.19626180E-011
     0.72960000E+001    -0.10191661E+000    -0.16806100E-011    -0.16823687E-011
     0.73040000E+001    -0.95504852E-001    -0.14230794E-011    -0.14261959E-011
     0.73120000E+001    -0.87754474E-001    -0.12014574E-011    -0.12054185E-011
     0.73200000E+001    -0.78801139E-001    -0.10278630E-011    -0.10319975E-011
     0.73280000E+001    -0.68802962E-001    -0.91238007E-012    -0.91534123E-012
     0.73360000E+001    -0.57935357E-001    -0.86410753E-012    -0.86606355E-012
     0.73440000E+001    -0.46387855E-001    -0.88789446E-012    -0.89067937E-012
     0.73520000E+001    -0.34362073E-001    -0.98066869E-012    -0.98427401E-012
     0.73600000E+001    -0.22069776E-001    -0.11353099E-011    -0.11392040E-011
     0.73680000E+001    -0.97311011E-002    -0.13416674E-011    -0.13447698E-011
     0.73760000E+001     0.24302241E-002    -0.15883649E-011    -0.15900750E-011
     0.73840000E+001     0.14191007E-001    -0.18629998E-011    -0.18651896E-011
     0.73920000E+001     0.25332259E-001    -0.21478547E-011    -0.21512197E-011
     0.74000000E+001     0.35644597E-001    -0.24232467E-011    -0.24272096E-011
     0.74080000E+001     0.44934359E-001    -0.26707805E-011    -0.26744328E-011
     0.74160000E+001     0.53032168E-001    -0.28748775E-011    -0.28768512E-011
     0.74240000E+001     0.59800235E-001    -0.30252338E-011    -0.30267588E-011
     0.74320000E+001     0.65136478E-001    -0.31124651E-011    -0.31150172E-011
     0.74400000E+001     0.68978282E-001    -0.31282969E-011    -0.31315685E-011
     0.74480000E+001     0.71304439E-001    -0.30694541E-011    -0.30728803E-011
     0.74560000E+001     0.72135995E-001    -0.29379313E-011    -0.29399656E-011
     0.74640000E+001     0.71533928E-001    -0.27433097E-011    -0.27442481E-011
     0.74720000E+001     0.69591756E-001    -0.24989392E-011    -0.25007864E-011
     0.74800000E+001     0.66426989E-001    -0.22178787E-011    -0.22209292E-011
     0.74880000E+001     0.62172194E-001    -0.19155549E-011    -0.19195705E-011
     0.74960000E+001     0.56966213E-001    -0.16092463E-011    -0.16128871E-011
     0.75040000E+001     0.50945501E-001    -0.13191754E-011    -0.13216362E-011
     0.75120000E+001     0.44234752E-001    -0.10665058E-011    -0.10695077E-011
     0.75200000E+001     0.36939937E-001    -0.86696715E-012    -0.87122194E-012
     0.75280000E+001     0.29145924E-001    -0.73200214E-012    -0.73731755E-012
     0.75360000E+001     0.20917566E-001    -0.66935068E-012    -0.67473255E-012
     0.75440000E+001     0.12303434E-001    -0.68380266E-012    -0.68762718E-012
     0.75520000E+001     0.33409951E-002    -0.77844007E-012    -0.78167940E-012
     0.75600000E+001    -0.59369888E-002    -0.94922929E-012    -0.95299120E-012
     0.75680000E+001    -0.15493212E-001    -0.11851535E-011    -0.11893107E-011
     0.75760000E+001    -0.25276509E-001    -0.14712474E-011    -0.14753410E-011
     0.75840000E+001    -0.35214921E-001    -0.17898516E-011    -0.17922032E-011
     0.75920000E+001    -0.45211182E-001    -0.21245461E-011    -0.21254438E-011
     0.76000000E+001    -0.55142095E-001    -0.24574209E-011    -0.24585738E-011
     0.76080000E+001    -0.64858786E-001    -0.27674205E-011    -0.27691078E-011
     0.76160000E+001    -0.74189183E-001    -0.30345293E-011    -0.30367134E-011
     0.76240000E+001    -0.82944774E-001    -0.32411782E-011    -0.32425113E-011
     0.76320000E+001    -0.90929090E-001    -0.33761290E-011    -0.33760448E-011
     0.76400000E+001    -0.97948084E-001    -0.34339329E-011    -0.34342608E-011
     0.76480000E+001    -0.10381945E+000    -0.34104675E-011    -0.34120051E-011
     0.76560000E+001    -0.10838002E+000    -0.33053075E-011    -0.33081099E-011
     0.76640000E+001    -0.11149409E+000    -0.31226782E-011    -0.31256787E-011
     0.76720000E+001    -0.11306010E+000    -0.28732058E-011    -0.28748712E-011
     0.76800000E+001    -0.11301521E+000    -0.25745971E-011    -0.25761202E-011
     0.76880000E+001    -0.11133682E+000    -0.22452753E-011    -0.22479646E-011
     0.76960000E+001    -0.10804036E+000    -0.19033565E-011    -0.19075123E-011
     0.77040000E+001    -0.10317726E+000    -0.15673400E-011    -0.15724639E-011
     0.77120000E+001    -0.96832391E-001    -0.12560345E-011    -0.12601487E-011
     0.77200000E+001    -0.89120396E-001    -0.99052663E-012    -0.99376297E-012
     0.77280000E+001    -0.80181192E-001    -0.78878417E-012    -0.79261883E-012
     0.77360000E+001    -0.70174833E-001    -0.66218962E-012    -0.66709682E-012
     0.77440000E+001    -0.59277996E-001    -0.61698901E-012    -0.62302258E-012
     0.77520000E+001    -0.47682485E-001    -0.65413151E-012    -0.65946510E-012
     0.77600000E+001    -0.35593356E-001    -0.77279771E-012    -0.77645088E-012
     0.77680000E+001    -0.23226280E-001    -0.96873363E-012    -0.97200895E-012
     0.77760000E+001    -0.10804662E-001    -0.12300562E-011    -0.12335776E-011
     0.77840000E+001     0.14437119E-002    -0.15397681E-011    -0.15439733E-011
     0.77920000E+001     0.13289696E-001    -0.18768667E-011    -0.18807192E-011
     0.78000000E+001     0.24507490E-001    -0.22203800E-011    -0.22223138E-011
     0.78080000E+001     0.34882012E-001    -0.25518365E-011    -0.25529230E-011
     0.78160000E+001     0.44215790E-001    -0.28511310E-011    -0.28524137E-011
     0.78240000E+001     0.52336565E-001    -0.30982635E-011    -0.31003156E-011
     0.78320000E+001     0.59103999E-001    -0.32754419E-011    -0.32780095E-011
     0.78400000E+001     0.64415546E-001    -0.33694950E-011    -0.33707125E-011
     0.78480000E+001     0.68212506E-001    -0.33761129E-011    -0.33763181E-011
     0.78560000E+001     0.70482017E-001    -0.32957559E-011    -0.32963466E-011
     0.78640000E+001     0.71256095E-001    -0.31318780E-011    -0.31334751E-011
     0.78720000E+001     0.70607743E-001    -0.28924007E-011    -0.28952734E-011
     0.78800000E+001     0.68643738E-001    -0.25893906E-011    -0.25917408E-011
     0.78880000E+001     0.65496764E-001    -0.22424632E-011    -0.22435644E-011
     0.78960000E+001     0.61314269E-001    -0.18755253E-011    -0.18767959E-011
     0.79040000E+001     0.56246072E-001    -0.15112864E-011    -0.15135653E-011
     0.79120000E+001     0.50433427E-001    -0.11713832E-011    -0.11753594E-011
     0.79200000E+001     0.43999513E-001    -0.87476760E-012    -0.87916954E-012
     0.79280000E+001     0.37044245E-001    -0.64005310E-012    -0.64314247E-012
     0.79360000E+001     0.29641674E-001    -0.48525520E-012    -0.48786429E-012
     0.79440000E+001     0.21839943E-001    -0.42162704E-012    -0.42466998E-012
     0.79520000E+001     0.13665830E-001    -0.45339018E-012    -0.45772296E-012
     0.79600000E+001     0.51322035E-002    -0.57741066E-012    -0.58262523E-012
     0.79680000E+001    -0.37518862E-002    -0.78538942E-012    -0.78930541E-012
     0.79760000E+001    -0.12970441E-001    -0.10678184E-011    -0.10704377E-011
     0.79840000E+001    -0.22491560E-001    -0.14101292E-011    -0.14124201E-011
     0.79920000E+001    -0.32259267E-001    -0.17922200E-011    -0.17950194E-011
     0.80000000E+001    -0.42186925E-001    -0.21902221E-011    -0.21940354E-011
     0.80080000E+001    -0.52154330E-001    -0.25781685E-011    -0.25811629E-011
     0.80160000E+001    -0.62007945E-001    -0.29341371E-011    -0.29355478E-011
     0.80240000E+001    -0.71565935E-001    -0.32393063E-011    -0.32401763E-011
     0.80320000E+001    -0.80626180E-001    -0.34757763E-011    -0.34769157E-011
     0.80400000E+001    -0.88974740E-001    -0.36285938E-011    -0.36310090E-011
     0.80480000E+001    -0.96396761E-001    -0.36858987E-011    -0.36884955E-011
     0.80560000E+001    -0.10268813E+000    -0.36436530E-011    -0.36449845E-011
     0.80640000E+001    -0.10766680E+000    -0.35065582E-011    -0.35074550E-011
     0.80720000E+001    -0.11118311E+000    -0.32833430E-011    -0.32846866E-011
     0.80800000E+001    -0.11312497E+000    -0.29866856E-011    -0.29895677E-011
     0.80880000E+001    -0.11342130E+000    -0.26317640E-011    -0.26358106E-011
     0.80960000E+001    -0.11204408E+000    -0.22378207E-011    -0.22410179E-011
     0.81040000E+001    -0.10900759E+000    -0.18302641E-011    -0.18327020E-011
     0.81120000E+001    -0.10436663E+000    -0.14349997E-011    -0.14375613E-011
     0.81200000E+001    -0.98210521E-001    -0.10759167E-011    -0.10796449E-011
     0.81280000E+001    -0.90656892E-001    -0.77317906E-012    -0.77849487E-012
     0.81360000E+001    -0.81847858E-001    -0.54259216E-012    -0.54745254E-012
     0.81440000E+001    -0.71946063E-001    -0.39935402E-012    -0.40291684E-012
     0.81520000E+001    -0.61131986E-001    -0.35465321E-012    -0.35766783E-012
     0.81600000E+001    -0.49599976E-001    -0.41231992E-012    -0.41569913E-012
     0.81680000E+001    -0.37554464E-001    -0.56869321E-012    -0.57358553E-012
     0.81760000E+001    -0.25209291E-001    -0.81175008E-012    -0.81675464E-012
     0.81840000E+001    -0.12786615E-001    -0.11264725E-011    -0.11299169E-011
     0.81920000E+001    -0.51484668E-003    -0.14960583E-011    -0.14983256E-011
     0.82000000E+001     0.11375584E-001    -0.18990660E-011    -0.19008041E-011
     0.82080000E+001     0.22658404E-001    -0.23109424E-011    -0.23135960E-011
     0.82160000E+001     0.33116940E-001    -0.27037683E-011    -0.27070831E-011
     0.82240000E+001     0.42550172E-001    -0.30510047E-011    -0.30530479E-011
     0.82320000E+001     0.50780983E-001    -0.33323818E-011    -0.33331855E-011
     0.82400000E+001     0.57664982E-001    -0.35312671E-011    -0.35314629E-011
     0.82480000E+001     0.63098621E-001    -0.36352682E-011    -0.36362152E-011
     0.82560000E+001     0.67024144E-001    -0.36357508E-011    -0.36382871E-011
     0.82640000E+001     0.69430742E-001    -0.35290264E-011    -0.35314266E-011
     0.82720000E+001     0.70354186E-001    -0.33216027E-011    -0.33232569E-011
     0.82800000E+001     0.69873440E-001    -0.30273627E-011    -0.30287814E-011
     0.82880000E+001     0.68103307E-001    -0.26648872E-011    -0.26669269E-011
     0.82960000E+001     0.65183825E-001    -0.22559265E-011    -0.22598460E-011
     0.83040000E+001     0.61266457E-001    -0.18227349E-011    -0.18272020E-011
     0.83120000E+001     0.56501665E-001    -0.13916565E-011    -0.13952381E-011
     0.83200000E+001     0.51028444E-001    -0.99152140E-012    -0.99447767E-012
     0.83280000E+001     0.44964743E-001    -0.64871778E-012    -0.65159269E-012
     0.83360000E+001     0.38401113E-001    -0.38556062E-012    -0.38985050E-012
     0.83440000E+001     0.31396714E-001    -0.21663679E-012    -0.22189315E-012
     0.83520000E+001     0.23980886E-001    -0.15141516E-012    -0.15573546E-012
     0.83600000E+001     0.16160438E-001    -0.19642674E-012    -0.19969192E-012
     0.83680000E+001     0.79285475E-002    -0.35136737E-012    -0.35395729E-012
     0.83760000E+001    -0.72412768E-003    -0.60883230E-012    -0.61220189E-012
     0.83840000E+001    -0.97985922E-002    -0.95257097E-012    -0.95732249E-012
     0.83920000E+001    -0.19276339E-001    -0.13596339E-011    -0.13638032E-011
     0.84000000E+001    -0.29107856E-001    -0.18066473E-011    -0.18094175E-011
     0.84080000E+001    -0.39205586E-001    -0.22687738E-011    -0.22702836E-011
     0.84160000E+001    -0.49441452E-001    -0.27199615E-011    -0.27212730E-011
     0.84240000E+001    -0.59648891E-001    -0.31331301E-011    -0.31357907E-011
     0.84320000E+001    -0.69628817E-001    -0.34804690E-011    -0.34832662E-011
     0.84400000E+001    -0.79157208E-001    -0.37404103E-011    -0.37420297E-011
     0.84480000E+001    -0.87996188E-001    -0.38988315E-011    -0.38992749E-011
     0.84560000E+001    -0.95907724E-001    -0.39475689E-011    -0.39474291E-011
     0.84640000E+001    -0.10266740E+000    -0.38844064E-011    -0.38856055E-011
     0.84720000E+001    -0.10807660E+000    -0.37104256E-011    -0.37128775E-011
     0.84800000E+001    -0.11197163E+000    -0.34338035E-011    -0.34359950E-011
     0.84880000E+001    -0.11423041E+000    -0.30719101E-011    -0.30736007E-011
     0.84960000E+001    -0.11477755E+000    -0.26475659E-011    -0.26488642E-011
     0.85040000E+001    -0.11358610E+000    -0.21874685E-011    -0.21899038E-011
     0.85120000E+001    -0.11067526E+000    -0.17176996E-011    -0.17219671E-011
     0.85200000E+001    -0.10610600E+000    -0.12636098E-011    -0.12681066E-011
     0.85280000E+001    -0.99975077E-001    -0.85281298E-012    -0.85684193E-012
     0.85360000E+001    -0.92409822E-001    -0.51142966E-012    -0.51477204E-012
     0.85440000E+001    -0.83562966E-001    -0.26188023E-012    -0.26543715E-012
     0.85520000E+001    -0.73606123E-001    -0.11937696E-012    -0.12442548E-012
     0.85600000E+001    -0.62725256E-001    -0.89907098E-013    -0.95123863E-013
     0.85680000E+001    -0.51117417E-001    -0.17506640E-012    -0.17928900E-012
     0.85760000E+001    -0.38989399E-001    -0.37143566E-012    -0.37441053E-012
     0.85840000E+001    -0.26557555E-001    -0.66921135E-012    -0.67142543E-012
     0.85920000E+001    -0.14045400E-001    -0.10517022E-011    -0.10550170E-011
     0.86000000E+001    -0.16815304E-002    -0.14932601E-011    -0.14972834E-011
     0.86080000E+001     0.10303142E-001    -0.19651970E-011    -0.19684233E-011
     0.86160000E+001     0.21679749E-001    -0.24395058E-011    -0.24415337E-011
     0.86240000E+001     0.32227061E-001    -0.28883221E-011    -0.28891249E-011
     0.86320000E+001     0.41740190E-001    -0.32854565E-011    -0.32868424E-011
     0.86400000E+001     0.50039868E-001    -0.36043077E-011    -0.36070077E-011
     0.86480000E+001     0.56980757E-001    -0.38215207E-011    -0.38239888E-011
     0.86560000E+001     0.62459201E-001    -0.39228483E-011    -0.39243655E-011
     0.86640000E+001     0.66418623E-001    -0.39021235E-011    -0.39022617E-011
     0.86720000E+001     0.68852818E-001    -0.37616288E-011    -0.37616034E-011
     0.86800000E+001     0.69805517E-001    -0.35090674E-011    -0.35106012E-011
     0.86880000E+001     0.69364903E-001    -0.31561194E-011    -0.31583090E-011
     0.86960000E+001     0.67654868E-001    -0.27230779E-011    -0.27250668E-011
     0.87040000E+001     0.64823777E-001    -0.22371074E-011    -0.22384142E-011
     0.87120000E+001     0.61031386E-001    -0.17299099E-011    -0.17309487E-011
     0.87200000E+001     0.56435344E-001    -0.12342629E-011    -0.12369972E-011
     0.87280000E+001     0.51177582E-001    -0.77869491E-012    -0.78287751E-012
     0.87360000E+001     0.45372941E-001    -0.39014728E-012    -0.39456869E-012
     0.87440000E+001     0.39103007E-001    -0.93823907E-013    -0.97824168E-013
     0.87520000E+001     0.32414069E-001     0.89747783E-013     0.86575411E-013
     0.87600000E+001     0.25319876E-001     0.14623183E-012     0.14229320E-012
     0.87680000E+001     0.17808340E-001     0.72552385E-013     0.67398520E-013
     0.87760000E+001     0.98510363E-002    -0.12522139E-012    -0.13020634E-012
     0.87840000E+001     0.14175135E-002    -0.43587201E-012    -0.43996839E-012
     0.87920000E+001    -0.75097634E-002    -0.84219147E-012    -0.84472216E-012
     0.88000000E+001    -0.16922008E-001    -0.13224175E-011    -0.13245942E-011
     0.88080000E+001    -0.26773274E-001    -0.18479206E-011    -0.18512004E-011
     0.88160000E+001    -0.36974859E-001    -0.23843986E-011    -0.23877762E-011
     0.88240000E+001    -0.47391948E-001    -0.28989165E-011    -0.29015526E-011
     0.88320000E+001    -0.57844504E-001    -0.33612256E-011    -0.33623975E-011
     0.88400000E+001    -0.68114486E-001    -0.37456488E-011    -0.37458988E-011
     0.88480000E+001    -0.77956604E-001    -0.40304800E-011    -0.40319123E-011
     0.88560000E+001    -0.87113245E-001    -0.41960965E-011    -0.41985464E-011
     0.88640000E+001    -0.95328677E-001    -0.42306952E-011    -0.42331604E-011
     0.88720000E+001    -0.10236226E+000    -0.41322055E-011    -0.41339181E-011
     0.88800000E+001    -0.10800241E+000    -0.39078190E-011    -0.39085030E-011
     0.88880000E+001    -0.11207798E+000    -0.35730538E-011    -0.35746996E-011
     0.88960000E+001    -0.11446685E+000    -0.31463832E-011    -0.31497863E-011
     0.89040000E+001    -0.11509953E+000    -0.26506574E-011    -0.26548662E-011
     0.89120000E+001    -0.11395765E+000    -0.21149040E-011    -0.21191192E-011
     0.89200000E+001    -0.11107145E+000    -0.15717788E-011    -0.15750405E-011
     0.89280000E+001    -0.10651520E+000    -0.10562234E-011    -0.10597141E-011
     0.89360000E+001    -0.10040037E+000    -0.59925007E-012    -0.60435268E-012
     0.89440000E+001    -0.92867439E-001    -0.22582757E-012    -0.23176505E-012
     0.89520000E+001    -0.84077056E-001     0.42331220E-013     0.36380974E-013
     0.89600000E+001    -0.74204017E-001     0.18859514E-012     0.18385378E-012
     0.89680000E+001    -0.63434579E-001     0.20158254E-012     0.19781770E-012
     0.89760000E+001    -0.51963884E-001     0.78575110E-013     0.74078599E-013
     0.89840000E+001    -0.39994090E-001    -0.17135064E-012    -0.17622802E-012
     0.89920000E+001    -0.27733027E-001    -0.53209493E-012    -0.53651814E-012
     0.90000000E+001    -0.15393623E-001    -0.98199254E-012    -0.98494734E-012
     0.90080000E+001    -0.31950198E-002    -0.14953945E-011    -0.14964444E-011
     0.90160000E+001     0.86393728E-002    -0.20434838E-011    -0.20445396E-011
     0.90240000E+001     0.19886943E-001    -0.25913857E-011    -0.25930202E-011
     0.90320000E+001     0.30332595E-001    -0.31031578E-011    -0.31046475E-011
     0.90400000E+001     0.39777064E-001    -0.35463147E-011    -0.35470149E-011
     0.90480000E+001     0.48044125E-001    -0.38934365E-011    -0.38924994E-011
     0.90560000E+001     0.54989071E-001    -0.41248375E-011    -0.41238588E-011
     0.90640000E+001     0.60508196E-001    -0.42251598E-011    -0.42256895E-011
     0.90720000E+001     0.64545399E-001    -0.41845645E-011    -0.41860685E-011
     0.90800000E+001     0.67096081E-001    -0.40033248E-011    -0.40051828E-011
     0.90880000E+001     0.68205344E-001    -0.36914054E-011    -0.36923636E-011
     0.90960000E+001     0.67962316E-001    -0.32694307E-011    -0.32700241E-011
     0.91040000E+001     0.66492599E-001    -0.27642419E-011    -0.27664537E-011
     0.91120000E+001     0.63946337E-001    -0.22044919E-011    -0.22082258E-011
     0.91200000E+001     0.60484159E-001    -0.16230192E-011    -0.16276224E-011
     0.91280000E+001     0.56261371E-001    -0.10551819E-011    -0.10593344E-011
     0.91360000E+001     0.51413156E-001    -0.53785070E-012    -0.54097521E-012
     0.91440000E+001     0.46044659E-001    -0.10604049E-012    -0.11000652E-012
     0.91520000E+001     0.40224638E-001     0.21400052E-012     0.20862549E-012
     0.91600000E+001     0.33983456E-001     0.40362167E-012     0.39738520E-012
     0.91680000E+001     0.27315942E-001     0.45125783E-012     0.44522636E-012
     0.91760000E+001     0.20189218E-001     0.35262609E-012     0.34822194E-012
     0.91840000E+001     0.12556070E-001     0.10998097E-012     0.10602121E-012
     0.91920000E+001     0.43707900E-002    -0.26298479E-012    -0.26761945E-012
     0.92000000E+001    -0.43958513E-002    -0.74242913E-012    -0.74732613E-012
     0.92080000E+001    -0.13743026E-001    -0.12987831E-011    -0.13033241E-011
     0.92160000E+001    -0.23628452E-001    -0.18984548E-011    -0.19010802E-011
     0.92240000E+001    -0.33960317E-001    -0.25080259E-011    -0.25091733E-011
     0.92320000E+001    -0.44593596E-001    -0.30925522E-011    -0.30939603E-011
     0.92400000E+001    -0.55333751E-001    -0.36153021E-011    -0.36169968E-011
     0.92480000E+001    -0.65945730E-001    -0.40435238E-011    -0.40452538E-011
     0.92560000E+001    -0.76165899E-001    -0.43504723E-011    -0.43510446E-011
     0.92640000E+001    -0.85716865E-001    -0.45190095E-011    -0.45181113E-011
     0.92720000E+001    -0.94322966E-001    -0.45412503E-011    -0.45408419E-011
     0.92800000E+001    -0.10172719E+000    -0.44145531E-011    -0.44152564E-011
     0.92880000E+001    -0.10770720E+000    -0.41444389E-011    -0.41460100E-011
     0.92960000E+001    -0.11208633E+000    -0.37454462E-011    -0.37469275E-011
     0.93040000E+001    -0.11474099E+000    -0.32414998E-011    -0.32417655E-011
     0.93120000E+001    -0.11560341E+000    -0.26653509E-011    -0.26659297E-011
     0.93200000E+001    -0.11466086E+000    -0.20515121E-011    -0.20536902E-011
     0.93280000E+001    -0.11195244E+000    -0.14348221E-011    -0.14384860E-011
     0.93360000E+001    -0.10756119E+000    -0.85070434E-012    -0.85514207E-012
     0.93440000E+001    -0.10160498E+000    -0.33362312E-012    -0.33708410E-012
     0.93520000E+001    -0.94227794E-001     0.82580658E-013     0.79608076E-013
     0.93600000E+001    -0.85591813E-001     0.37092614E-012     0.36683188E-012
     0.93680000E+001    -0.75871948E-001     0.51499883E-012     0.50966917E-012
     0.93760000E+001    -0.65251004E-001     0.50715150E-012     0.50097672E-012
     0.93840000E+001    -0.53916797E-001     0.34879854E-012     0.34363831E-012
     0.93920000E+001    -0.42062218E-001     0.47459881E-013     0.44037599E-013
     0.94000000E+001    -0.29886356E-001    -0.38169035E-012    -0.38493916E-012
     0.94080000E+001    -0.17595722E-001    -0.91233597E-012    -0.91591363E-012
     0.94160000E+001    -0.54041178E-002    -0.15109581E-011    -0.15149073E-011
     0.94240000E+001     0.64695466E-002    -0.21392959E-011    -0.21424627E-011
     0.94320000E+001     0.17804335E-001    -0.27589164E-011    -0.27599242E-011
     0.94400000E+001     0.28382363E-001    -0.33344153E-011    -0.33346304E-011
     0.94480000E+001     0.37996919E-001    -0.38302737E-011    -0.38308168E-011
     0.94560000E+001     0.46462479E-001    -0.42138948E-011    -0.42150855E-011
     0.94640000E+001     0.53625792E-001    -0.44590516E-011    -0.44605755E-011
     0.94720000E+001     0.59375500E-001    -0.45485182E-011    -0.45487962E-011
     0.94800000E+001     0.63648387E-001    -0.44781114E-011    -0.44778682E-011
     0.94880000E+001     0.66433840E-001    -0.42525113E-011    -0.42533390E-011
     0.94960000E+001     0.67773986E-001    -0.38834021E-011    -0.38856482E-011
     0.95040000E+001     0.67759150E-001    -0.33911016E-011    -0.33947311E-011
     0.95120000E+001     0.66518697E-001    -0.28034824E-011    -0.28067734E-011
     0.95200000E+001     0.64206267E-001    -0.21578252E-011    -0.21603123E-011
     0.95280000E+001     0.60984567E-001    -0.14962546E-011    -0.14995040E-011
     0.95360000E+001     0.57009931E-001    -0.85914536E-012    -0.86365163E-012
     0.95440000E+001     0.52417588E-001    -0.28475728E-012    -0.29060558E-012
     0.95520000E+001     0.47310403E-001     0.19303571E-012     0.18733425E-012
     0.95600000E+001     0.41750372E-001     0.54384686E-012     0.53980965E-012
     0.95680000E+001     0.35757259E-001     0.74220439E-012     0.73861192E-012
     0.95760000E+001     0.29313973E-001     0.77437323E-012     0.77024421E-012
     0.95840000E+001     0.22375856E-001     0.63838490E-012     0.63325066E-012
     0.95920000E+001     0.14884309E-001     0.34356239E-012     0.33809218E-012
     0.96000000E+001     0.67818367E-002    -0.91845248E-013    -0.95611869E-013
     0.96080000E+001    -0.19709665E-002    -0.64475820E-012    -0.64724068E-012
     0.96160000E+001    -0.11378079E-001    -0.12839026E-011    -0.12863498E-011
     0.96240000E+001    -0.21395546E-001    -0.19704451E-011    -0.19734412E-011
     0.96320000E+001    -0.31924372E-001    -0.26616524E-011    -0.26653165E-011
     0.96400000E+001    -0.42809263E-001    -0.33138603E-011    -0.33162651E-011
     0.96480000E+001    -0.53842676E-001    -0.38892949E-011    -0.38898842E-011
     0.96560000E+001    -0.64772355E-001    -0.43557285E-011    -0.43558523E-011
     0.96640000E+001    -0.75314854E-001    -0.46848985E-011    -0.46853021E-011
     0.96720000E+001    -0.85173945E-001    -0.48557551E-011    -0.48571526E-011
     0.96800000E+001    -0.94059643E-001    -0.48554375E-011    -0.48567092E-011
     0.96880000E+001    -0.10170594E+000    -0.46837392E-011    -0.46837065E-011
     0.96960000E+001    -0.10788490E+000    -0.43534138E-011    -0.43533146E-011
     0.97040000E+001    -0.11241739E+000    -0.38846034E-011    -0.38854310E-011
     0.97120000E+001    -0.11518203E+000    -0.33043914E-011    -0.33069444E-011
     0.97200000E+001    -0.11611846E+000    -0.26451888E-011    -0.26489331E-011
     0.97280000E+001    -0.11522496E+000    -0.19451322E-011    -0.19482154E-011
     0.97360000E+001    -0.11255196E+000    -0.12485809E-011    -0.12514358E-011
     0.97440000E+001    -0.10819224E+000    -0.59882957E-012    -0.60247963E-012
     0.97520000E+001    -0.10227265E+000    -0.34592425E-013    -0.39694884E-013
     0.97600000E+001    -0.94945075E-001     0.41175041E-012     0.40523364E-012
     0.97680000E+001    -0.86376730E-001     0.71525998E-012     0.70946937E-012
     0.97760000E+001    -0.76743135E-001     0.85567175E-012     0.85119046E-012
     0.97840000E+001    -0.66222735E-001     0.82169653E-012     0.81746221E-012
     0.97920000E+001    -0.54996530E-001     0.61467897E-012     0.60993790E-012
     0.98000000E+001    -0.43249889E-001     0.24767728E-012     0.24175148E-012
     0.98080000E+001    -0.31173414E-001    -0.25487197E-012    -0.26033700E-012
     0.98160000E+001    -0.18964970E-001    -0.86301238E-012    -0.86649628E-012
     0.98240000E+001    -0.68305155E-002    -0.15427608E-011    -0.15450871E-011
     0.98320000E+001     0.50154525E-002    -0.22536524E-011    -0.22556370E-011
     0.98400000E+001     0.16351532E-001    -0.29518059E-011    -0.29545856E-011
     0.98480000E+001     0.26956638E-001    -0.35917395E-011    -0.35947411E-011
     0.98560000E+001     0.36619397E-001    -0.41322422E-011    -0.41334724E-011
     0.98640000E+001     0.45149207E-001    -0.45417053E-011    -0.45414858E-011
     0.98720000E+001     0.52387080E-001    -0.47954673E-011    -0.47947154E-011
     0.98800000E+001     0.58215115E-001    -0.48768660E-011    -0.48767925E-011
     0.98880000E+001     0.62565567E-001    -0.47779735E-011    -0.47791491E-011
     0.98960000E+001     0.65426886E-001    -0.45011366E-011    -0.45017702E-011
     0.99040000E+001     0.66843802E-001    -0.40635944E-011    -0.40633380E-011
     0.99120000E+001     0.66911546E-001    -0.34933855E-011    -0.34932034E-011
     0.99200000E+001     0.65764895E-001    -0.28253838E-011    -0.28262557E-011
     0.99280000E+001     0.63564249E-001    -0.20994964E-011    -0.21025465E-011
     0.99360000E+001     0.60480504E-001    -0.13575253E-011    -0.13613874E-011
     0.99440000E+001     0.56677669E-001    -0.64538470E-012    -0.64879298E-012
     0.99520000E+001     0.52295907E-001    -0.97403747E-014    -0.13287480E-013
     0.99600000E+001     0.47438358E-001     0.50867587E-012     0.50442312E-012
     0.99680000E+001     0.42163099E-001     0.87721393E-012     0.87117425E-012
     0.99760000E+001     0.36482706E-001     0.10747690E-011     0.10678137E-011
     0.99840000E+001     0.30368794E-001     0.10895131E-011     0.10837276E-011
     0.99920000E+001     0.23761211E-001     0.91732111E-012     0.91268072E-012
     0.10000000E+002     0.16583328E-001     0.56627692E-012     0.56231587E-012
     0.10008000E+002     0.87599690E-002     0.56430676E-013     0.52018734E-013
     0.10016000E+002     0.23725862E-003    -0.58016743E-012    -0.58523633E-012
     0.10024000E+002    -0.89999952E-002    -0.13029672E-011    -0.13066045E-011
     0.10032000E+002    -0.18916079E-001    -0.20699852E-011    -0.20717169E-011
     0.10040000E+002    -0.29415591E-001    -0.28370996E-011    -0.28376135E-011
     0.10048000E+002    -0.40341112E-001    -0.35590500E-011    -0.35595376E-011
     0.10056000E+002    -0.51477275E-001    -0.41916006E-011    -0.41933744E-011
     0.10064000E+002    -0.62561008E-001    -0.46935574E-011    -0.46951693E-011
     0.10072000E+002    -0.73298193E-001    -0.50344928E-011    -0.50346960E-011
     0.10080000E+002    -0.83381624E-001    -0.51958386E-011    -0.51950860E-011
     0.10088000E+002    -0.92509829E-001    -0.51688790E-011    -0.51680179E-011
     0.10096000E+002    -0.10040564E+000    -0.49551871E-011    -0.49559410E-011
     0.10104000E+002    -0.10683252E+000    -0.45646163E-011    -0.45665484E-011
     0.10112000E+002    -0.11160786E+000    -0.40187315E-011    -0.40201269E-011
     0.10120000E+002    -0.11461024E+000    -0.33517167E-011    -0.33525809E-011
     0.10128000E+002    -0.11578062E+000    -0.26047944E-011    -0.26056194E-011
     0.10136000E+002    -0.11511946E+000    -0.18235063E-011    -0.18258743E-011
     0.10144000E+002    -0.11268036E+000    -0.10529378E-011    -0.10573799E-011
     0.10152000E+002    -0.10856076E+000    -0.33681280E-012    -0.34155673E-012
     0.10160000E+002    -0.10289108E+000     0.28081935E-012     0.27636017E-012
     0.10168000E+002    -0.95822830E-001     0.76101459E-012     0.75674221E-012
     0.10176000E+002    -0.87518909E-001     0.10732697E-011     0.10682472E-011
     0.10184000E+002    -0.78147800E-001     0.11988351E-011     0.11920339E-011
     0.10192000E+002    -0.67879864E-001     0.11324638E-011     0.11255179E-011
     0.10200000E+002    -0.56886843E-001     0.87765846E-012     0.87183432E-012
     0.10208000E+002    -0.45343167E-001     0.44756726E-012     0.44292464E-012
     0.10216000E+002    -0.33428695E-001    -0.13363547E-012    -0.13759561E-012
     0.10224000E+002    -0.21333519E-001    -0.83158246E-012    -0.83639749E-012
     0.10232000E+002    -0.92601203E-002    -0.16013896E-011    -0.16062714E-011
     0.10240000E+002     0.25770217E-002    -0.23947934E-011    -0.23980661E-011
     0.10248000E+002     0.13954788E-001    -0.31646778E-011    -0.31662618E-011
     0.10256000E+002     0.24648417E-001    -0.38649732E-011    -0.38652377E-011
     0.10264000E+002     0.34439626E-001    -0.44534328E-011    -0.44542059E-011
     0.10272000E+002     0.43128056E-001    -0.48913452E-011    -0.48931501E-011
     0.10280000E+002     0.50544805E-001    -0.51482182E-011    -0.51493400E-011
     0.10288000E+002     0.56564562E-001    -0.52079205E-011    -0.52079163E-011
     0.10296000E+002     0.61115461E-001    -0.50670556E-011    -0.50660806E-011
     0.10304000E+002     0.64183246E-001    -0.47348106E-011    -0.47343393E-011
     0.10312000E+002     0.65811233E-001    -0.42301897E-011    -0.42317960E-011
     0.10320000E+002     0.66096381E-001    -0.35803476E-011    -0.35827619E-011
     0.10328000E+002     0.65179167E-001    -0.28243036E-011    -0.28264997E-011
     0.10336000E+002     0.63228381E-001    -0.20095541E-011    -0.20113175E-011
     0.10344000E+002     0.60421789E-001    -0.11878273E-011    -0.11897852E-011
     0.10352000E+002     0.56926342E-001    -0.41074140E-012    -0.41474934E-012
     0.10360000E+002     0.52881829E-001     0.27609987E-012     0.27062208E-012
     0.10368000E+002     0.48387946E-001     0.83133039E-012     0.82587649E-012
     0.10376000E+002     0.43495493E-001     0.12190867E-011     0.12141836E-011
     0.10384000E+002     0.38203969E-001     0.14132738E-011     0.14090651E-011
     0.10392000E+002     0.32466437E-001     0.13993739E-011     0.13942473E-011
     0.10400000E+002     0.26202437E-001     0.11789183E-011     0.11726343E-011
     0.10408000E+002     0.19316288E-001     0.76680497E-012     0.76102159E-012
     0.10416000E+002     0.11716076E-001     0.18680266E-012     0.18219026E-012
     0.10424000E+002     0.33334284E-002    -0.52774654E-012    -0.53076466E-012
     0.10432000E+002    -0.58579953E-002    -0.13360787E-011    -0.13387304E-011
     0.10440000E+002    -0.15827348E-001    -0.21893704E-011    -0.21928824E-011
     0.10448000E+002    -0.26476311E-001    -0.30334879E-011    -0.30365261E-011
     0.10456000E+002    -0.37638378E-001    -0.38172991E-011    -0.38190123E-011
     0.10464000E+002    -0.49085123E-001    -0.44945747E-011    -0.44946521E-011
     0.10472000E+002    -0.60537262E-001    -0.50262376E-011    -0.50255091E-011
     0.10480000E+002    -0.71681123E-001    -0.53809358E-011    -0.53814624E-011
     0.10488000E+002    -0.82187232E-001    -0.55342301E-011    -0.55355685E-011
     0.10496000E+002    -0.91732902E-001    -0.54748951E-011    -0.54758759E-011
     0.10504000E+002    -0.10002419E+000    -0.52066526E-011    -0.52068355E-011
     0.10512000E+002    -0.10681277E+000    -0.47466484E-011    -0.47461753E-011
     0.10520000E+002    -0.11190855E+000    -0.41239202E-011    -0.41248530E-011
     0.10528000E+002    -0.11518587E+000    -0.33737411E-011    -0.33765993E-011
     0.10536000E+002    -0.11658577E+000    -0.25383966E-011    -0.25418394E-011
     0.10544000E+002    -0.11611410E+000    -0.16679643E-011    -0.16712109E-011
     0.10552000E+002    -0.11383251E+000    -0.81589342E-012    -0.81834955E-012
     0.10560000E+002    -0.10984661E+000    -0.35960406E-013    -0.39031572E-013
     0.10568000E+002    -0.10429261E+000     0.62481085E-012     0.61980822E-012
     0.10576000E+002    -0.97325570E-001     0.11289119E-011     0.11230516E-011
     0.10584000E+002    -0.89111362E-001     0.14460233E-011     0.14402339E-011
     0.10592000E+002    -0.79819518E-001     0.15556926E-011     0.15509400E-011
     0.10600000E+002    -0.69618701E-001     0.14483768E-011     0.14442223E-011
     0.10608000E+002    -0.58676181E-001     0.11287027E-011     0.11234738E-011
     0.10616000E+002    -0.47160576E-001     0.61787711E-012     0.61220945E-012
     0.10624000E+002    -0.35247376E-001    -0.52204778E-013    -0.57230690E-013
     0.10632000E+002    -0.23123709E-001    -0.84139012E-012    -0.84487666E-012
     0.10640000E+002    -0.10990057E-001    -0.17033494E-011    -0.17050135E-011
     0.10648000E+002     0.93936479E-003    -0.25875534E-011    -0.25892495E-011
     0.10656000E+002     0.12438905E-001    -0.34380275E-011    -0.34400809E-011
     0.10664000E+002     0.23277263E-001    -0.42000407E-011    -0.42014705E-011
     0.10672000E+002     0.33226992E-001    -0.48260729E-011    -0.48263833E-011
     0.10680000E+002     0.42078522E-001    -0.52777779E-011    -0.52764711E-011
     0.10688000E+002     0.49654406E-001    -0.55289215E-011    -0.55277171E-011
     0.10696000E+002     0.55821700E-001    -0.55626186E-011    -0.55629383E-011
     0.10704000E+002     0.60502560E-001    -0.53729633E-011    -0.53739958E-011
     0.10712000E+002     0.63680234E-001    -0.49698087E-011    -0.49709637E-011
     0.10720000E+002     0.65401201E-001    -0.43773880E-011    -0.43778189E-011
     0.10728000E+002     0.65770128E-001    -0.36336991E-011    -0.36342066E-011
     0.10736000E+002     0.64936859E-001    -0.27850406E-011    -0.27875427E-011
     0.10744000E+002     0.63079754E-001    -0.18807493E-011    -0.18847784E-011
     0.10752000E+002     0.60385629E-001    -0.97484677E-012    -0.97946661E-012
     0.10760000E+002     0.57030105E-001    -0.12310157E-012    -0.12717151E-012
     0.10768000E+002     0.53159280E-001     0.61997901E-012     0.61675598E-012
     0.10776000E+002     0.48873478E-001     0.12058421E-011     0.12015530E-011
     0.10784000E+002     0.44218447E-001     0.15993780E-011     0.15937410E-011
     0.10792000E+002     0.39184154E-001     0.17777361E-011     0.17716892E-011
     0.10800000E+002     0.33711576E-001     0.17296893E-011     0.17242816E-011
     0.10808000E+002     0.27706314E-001     0.14563886E-011     0.14527268E-011
     0.10816000E+002     0.21055873E-001     0.97078454E-012     0.96743527E-012
     0.10824000E+002     0.13650993E-001     0.30182979E-012     0.29767539E-012
     0.10832000E+002     0.54084828E-002    -0.50814810E-012    -0.51242906E-012
     0.10840000E+002    -0.37081035E-002    -0.14095865E-011    -0.14133082E-011
     0.10848000E+002    -0.13672422E-001    -0.23482971E-011    -0.23501320E-011
     0.10856000E+002    -0.24386440E-001    -0.32702707E-011    -0.32708590E-011
     0.10864000E+002    -0.35678897E-001    -0.41211323E-011    -0.41222512E-011
     0.10872000E+002    -0.47310345E-001    -0.48472817E-011    -0.48487289E-011
     0.10880000E+002    -0.58985815E-001    -0.54033279E-011    -0.54046862E-011
     0.10888000E+002    -0.70373703E-001    -0.57549323E-011    -0.57551960E-011
     0.10896000E+002    -0.81128119E-001    -0.58821682E-011    -0.58812452E-011
     0.10904000E+002    -0.90912621E-001    -0.57791361E-011    -0.57790648E-011
     0.10912000E+002    -0.99421515E-001    -0.54500309E-011    -0.54512950E-011
     0.10920000E+002    -0.10639784E+000    -0.49122337E-011    -0.49144055E-011
     0.10928000E+002    -0.11164780E+000    -0.41968011E-011    -0.41990953E-011
     0.10936000E+002    -0.11504810E+000    -0.33471564E-011    -0.33487516E-011
     0.10944000E+002    -0.11654696E+000    -0.24168519E-011    -0.24193622E-011
     0.10952000E+002    -0.11615868E+000    -0.14613839E-011    -0.14658555E-011
     0.10960000E+002    -0.11395310E+000    -0.53603305E-012    -0.54188318E-012
     0.10968000E+002    -0.11004448E+000     0.30452180E-012     0.29819263E-012
     0.10976000E+002    -0.10457817E+000     0.10093905E-011     0.10041596E-011
     0.10984000E+002    -0.97717360E-001     0.15329255E-011     0.15281429E-011
     0.10992000E+002    -0.89631939E-001     0.18417727E-011     0.18358998E-011
     0.11000000E+002    -0.80490080E-001     0.19185240E-011     0.19118350E-011
     0.11008000E+002    -0.70456009E-001     0.17592061E-011     0.17523584E-011
     0.11016000E+002    -0.59691248E-001     0.13734589E-011     0.13681120E-011
     0.11024000E+002    -0.48357576E-001     0.78198625E-012     0.77847382E-012
     0.11032000E+002    -0.36621879E-001     0.17677063E-013     0.14143940E-013
     0.11040000E+002    -0.24661093E-001    -0.87220666E-012    -0.87617273E-012
     0.11048000E+002    -0.12667349E-001    -0.18320341E-011    -0.18361636E-011
     0.11056000E+002    -0.85052742E-003    -0.28019826E-011    -0.28050824E-011
     0.11064000E+002     0.10564765E-001    -0.37231828E-011    -0.37240374E-011
     0.11072000E+002     0.21346718E-001    -0.45416532E-011    -0.45417817E-011
     0.11080000E+002     0.31267263E-001    -0.52063667E-011    -0.52068174E-011
     0.11088000E+002     0.40114958E-001    -0.56738508E-011    -0.56745845E-011
     0.11096000E+002     0.47709035E-001    -0.59129765E-011    -0.59135174E-011
     0.11104000E+002     0.53914260E-001    -0.59074120E-011    -0.59063226E-011
     0.11112000E+002     0.58653693E-001    -0.56589215E-011    -0.56571403E-011
     0.11120000E+002     0.61914977E-001    -0.51827630E-011    -0.51820178E-011
     0.11128000E+002     0.63750155E-001    -0.45055775E-011    -0.45060977E-011
     0.11136000E+002     0.64268852E-001    -0.36668603E-011    -0.36685892E-011
     0.11144000E+002     0.63626130E-001    -0.27165444E-011    -0.27180911E-011
     0.11152000E+002     0.62006488E-001    -0.17146369E-011    -0.17159316E-011
     0.11160000E+002     0.59602096E-001    -0.72497446E-012    -0.72781309E-012
     0.11168000E+002     0.56589918E-001     0.19246213E-012     0.18774965E-012
     0.11176000E+002     0.53111531E-001     0.98234261E-012     0.97600049E-012
     0.11184000E+002     0.49257891E-001     0.15970518E-011     0.15905848E-011
     0.11192000E+002     0.45062410E-001     0.19974341E-011     0.19921779E-011
     0.11200000E+002     0.40499306E-001     0.21552860E-011     0.21499138E-011
     0.11208000E+002     0.35489268E-001     0.20602577E-011     0.20540587E-011
     0.11216000E+002     0.29914061E-001     0.17189176E-011     0.17120354E-011
     0.11224000E+002     0.23637058E-001     0.11530510E-011     0.11465128E-011
     0.11232000E+002     0.16528856E-001     0.39702383E-012     0.39280797E-012
     0.11240000E+002     0.84914947E-002    -0.50660261E-012    -0.50920123E-012
     0.11248000E+002    -0.52127192E-003    -0.15046933E-011    -0.15070989E-011
     0.11256000E+002    -0.10487040E-001    -0.25359298E-011    -0.25385022E-011
     0.11264000E+002    -0.21304799E-001    -0.35366948E-011    -0.35393516E-011
     0.11272000E+002    -0.32792246E-001    -0.44451546E-011    -0.44461294E-011
     0.11280000E+002    -0.44692595E-001    -0.52083981E-011    -0.52075356E-011
     0.11288000E+002    -0.56691082E-001    -0.57826224E-011    -0.57816863E-011
     0.11296000E+002    -0.68435578E-001    -0.61323344E-011    -0.61320745E-011
     0.11304000E+002    -0.79560157E-001    -0.62348284E-011    -0.62356944E-011
     0.11312000E+002    -0.89709497E-001    -0.60815629E-011    -0.60823687E-011
     0.11320000E+002    -0.98561985E-001    -0.56817244E-011    -0.56814109E-011
     0.11328000E+002    -0.10585070E+000    -0.50615675E-011    -0.50615524E-011
     0.11336000E+002    -0.11137785E+000    -0.42580149E-011    -0.42592190E-011
     0.11344000E+002    -0.11502067E+000    -0.33177942E-011    -0.33206469E-011
     0.11352000E+002    -0.11673137E+000    -0.22952199E-011    -0.22990213E-011
     0.11360000E+002    -0.11653100E+000    -0.12508282E-011    -0.12538784E-011
     0.11368000E+002    -0.11449948E+000    -0.24999688E-012    -0.25301602E-012
     0.11376000E+002    -0.11076233E+000     0.64573995E-012     0.64163229E-012
     0.11384000E+002    -0.10547375E+000     0.13829468E-011     0.13774176E-011
     0.11392000E+002    -0.98801516E-001     0.19182397E-011     0.19116166E-011
     0.11400000E+002    -0.90915819E-001     0.22202619E-011     0.22146123E-011
     0.11408000E+002    -0.81982057E-001     0.22679782E-011     0.22635842E-011
     0.11416000E+002    -0.72159022E-001     0.20553728E-011     0.20509652E-011
     0.11424000E+002    -0.61598760E-001     0.15947316E-011     0.15898621E-011
     0.11432000E+002    -0.50450410E-001     0.91435384E-012     0.90885945E-012
     0.11440000E+002    -0.38868113E-001     0.57090937E-013     0.52762121E-013
     0.11448000E+002    -0.27018476E-001    -0.92604497E-012    -0.92796684E-012
     0.11456000E+002    -0.15087107E-001    -0.19782302E-011    -0.19790482E-011
     0.11464000E+002    -0.32798400E-002    -0.30356058E-011    -0.30362648E-011
     0.11472000E+002     0.81806425E-002    -0.40323643E-011    -0.40336855E-011
     0.11480000E+002     0.19060540E-001    -0.49045839E-011    -0.49058238E-011
     0.11488000E+002     0.29125998E-001    -0.55969777E-011    -0.55963539E-011
     0.11496000E+002     0.38156973E-001    -0.60686917E-011    -0.60670341E-011
     0.11504000E+002     0.45963836E-001    -0.62909010E-011    -0.62894807E-011
     0.11512000E+002     0.52403837E-001    -0.62483124E-011    -0.62481285E-011
     0.11520000E+002     0.57392629E-001    -0.59405671E-011    -0.59418346E-011
     0.11528000E+002     0.60911433E-001    -0.53833221E-011    -0.53841497E-011
     0.11536000E+002     0.63008261E-001    -0.46116164E-011    -0.46118613E-011
     0.11544000E+002     0.63792181E-001    -0.36742824E-011    -0.36751879E-011
     0.11552000E+002     0.63420953E-001    -0.26285283E-011    -0.26309220E-011
     0.11560000E+002     0.62081762E-001    -0.15373605E-011    -0.15419539E-011
     0.11568000E+002     0.59968313E-001    -0.46529648E-012    -0.47051657E-012
     0.11576000E+002     0.57258173E-001     0.52117053E-012     0.51648555E-012
     0.11584000E+002     0.54091989E-001     0.13585454E-011     0.13535012E-011
     0.11592000E+002     0.50557121E-001     0.19943308E-011     0.19883558E-011
     0.11600000E+002     0.46678175E-001     0.23894269E-011     0.23818006E-011
     0.11608000E+002     0.42415565E-001     0.25214178E-011     0.25132547E-011
     0.11616000E+002     0.37674313E-001     0.23825385E-011     0.23758610E-011
     0.11624000E+002     0.32320964E-001     0.19781431E-011     0.19726006E-011
     0.11632000E+002     0.26205306E-001     0.13309853E-011     0.13259768E-011
     0.11640000E+002     0.19185927E-001     0.47985063E-012     0.47460107E-012
     0.11648000E+002     0.11155433E-001    -0.52227089E-012    -0.52758773E-012
     0.11656000E+002     0.20639023E-002    -0.16129608E-011    -0.16162015E-011
     0.11664000E+002    -0.80625935E-002    -0.27284032E-011    -0.27294250E-011
     0.11672000E+002    -0.19113107E-001    -0.38034847E-011    -0.38033526E-011
     0.11680000E+002    -0.30891211E-001    -0.47738549E-011    -0.47736298E-011
     0.11688000E+002    -0.43123617E-001    -0.55799288E-011    -0.55805446E-011
     0.11696000E+002    -0.55476387E-001    -0.61701576E-011    -0.61700503E-011
     0.11704000E+002    -0.67575874E-001    -0.65091141E-011    -0.65073674E-011
     0.11712000E+002    -0.79035545E-001    -0.65784304E-011    -0.65761302E-011
     0.11720000E+002    -0.89483341E-001    -0.63742932E-011    -0.63725592E-011
     0.11728000E+002    -0.98586653E-001    -0.59080668E-011    -0.59083809E-011
     0.11736000E+002    -0.10607284E+000    -0.52044293E-011    -0.52060858E-011
     0.11744000E+002    -0.11174235E+000    -0.43039594E-011    -0.43052563E-011
     0.11752000E+002    -0.11547625E+000    -0.32625891E-011    -0.32639106E-011
     0.11760000E+002    -0.11723637E+000    -0.21440764E-011    -0.21461824E-011
     0.11768000E+002    -0.11705763E+000    -0.10159414E-011    -0.10201526E-011
     0.11776000E+002    -0.11503471E+000     0.55875306E-013     0.49498489E-013
     0.11784000E+002    -0.11130534E+000     0.10088856E-011     0.10024360E-011
     0.11792000E+002    -0.10603378E+000     0.17836893E-011     0.17776969E-011
     0.11800000E+002    -0.99396454E-001     0.23310072E-011     0.23251516E-011
     0.11808000E+002    -0.91569372E-001     0.26160736E-011     0.26095357E-011
     0.11816000E+002    -0.82719130E-001     0.26216428E-011     0.26137266E-011
     0.11824000E+002    -0.73000018E-001     0.23492122E-011     0.23417792E-011
     0.11832000E+002    -0.62556565E-001     0.18139237E-011     0.18081666E-011
     0.11840000E+002    -0.51530650E-001     0.10452910E-011     0.10409346E-011
     0.11848000E+002    -0.40069570E-001     0.88245044E-013     0.84720088E-013
     0.11856000E+002    -0.28332402E-001    -0.99936940E-012    -0.10033499E-011
     0.11864000E+002    -0.16496386E-001    -0.21486122E-011    -0.21520668E-011
     0.11872000E+002    -0.47606308E-002    -0.32881978E-011    -0.32895288E-011
     0.11880000E+002     0.66545542E-002    -0.43501211E-011    -0.43496890E-011
     0.11888000E+002     0.17513953E-001    -0.52700913E-011    -0.52685946E-011
     0.11896000E+002     0.27581157E-001    -0.59915248E-011    -0.59906730E-011
     0.11904000E+002     0.36633784E-001    -0.64670280E-011    -0.64671214E-011
     0.11912000E+002     0.44479522E-001    -0.66639778E-011    -0.66632736E-011
     0.11920000E+002     0.50972071E-001    -0.65706101E-011    -0.65690421E-011
     0.11928000E+002     0.56024096E-001    -0.61933044E-011    -0.61915133E-011
     0.11936000E+002     0.59617287E-001    -0.55553883E-011    -0.55548545E-011
     0.11944000E+002     0.61803963E-001    -0.46942393E-011    -0.46961788E-011
     0.11952000E+002     0.62699374E-001    -0.36590892E-011    -0.36618659E-011
     0.11960000E+002     0.62467528E-001    -0.25134091E-011    -0.25159605E-011
     0.11968000E+002     0.61300962E-001    -0.13293591E-011    -0.13318012E-011
     0.11976000E+002     0.59398297E-001    -0.18119797E-012    -0.18427668E-012
     0.11984000E+002     0.56940190E-001     0.86008035E-012     0.85477136E-012
     0.11992000E+002     0.54065788E-001     0.17330797E-011     0.17265013E-011
     0.12000000E+002     0.50855566E-001     0.23848910E-011     0.23787316E-011
     0.12008000E+002     0.47322489E-001     0.27733682E-011     0.27679114E-011
     0.12016000E+002     0.43412886E-001     0.28726593E-011     0.28677719E-011
     0.12024000E+002     0.39016304E-001     0.26750050E-011     0.26691226E-011
     0.12032000E+002     0.33981852E-001     0.21940124E-011     0.21871305E-011
     0.12040000E+002     0.28141274E-001     0.14607483E-011     0.14547485E-011
     0.12048000E+002     0.21337060E-001     0.51825639E-012     0.51370652E-012
     0.12056000E+002     0.13450712E-001    -0.57812076E-012    -0.58103966E-012
     0.12064000E+002     0.44275600E-002    -0.17638390E-011    -0.17663029E-011
     0.12072000E+002    -0.57059851E-002    -0.29666034E-011    -0.29695970E-011
     0.12080000E+002    -0.16834035E-001    -0.41110522E-011    -0.41130067E-011
     0.12088000E+002    -0.28749956E-001    -0.51284531E-011    -0.51285946E-011
     0.12096000E+002    -0.41164888E-001    -0.59589998E-011    -0.59574137E-011
     0.12104000E+002    -0.53725484E-001    -0.65541205E-011    -0.65518146E-011
     0.12112000E+002    -0.66039001E-001    -0.68780659E-011    -0.68769803E-011
     0.12120000E+002    -0.77703242E-001    -0.69080562E-011    -0.69075586E-011
     0.12128000E+002    -0.88334472E-001    -0.66407374E-011    -0.66396984E-011
     0.12136000E+002    -0.97592555E-001    -0.60930411E-011    -0.60915081E-011
     0.12144000E+002    -0.10520244E+000    -0.52989291E-011    -0.52974929E-011
     0.12152000E+002    -0.11096831E+000    -0.43069106E-011    -0.43076535E-011
     0.12160000E+002    -0.11478132E+000    -0.31740263E-011    -0.31771836E-011
     0.12168000E+002    -0.11661674E+000    -0.19657788E-011    -0.19697074E-011
     0.12176000E+002    -0.11652322E+000    -0.75540672E-012    -0.75943221E-012
     0.12184000E+002    -0.11460871E+000     0.38282216E-012     0.37896159E-012
     0.12192000E+002    -0.11102264E+000     0.13782873E-011     0.13731507E-011
     0.12200000E+002    -0.10593855E+000     0.21714355E-011     0.21640370E-011
     0.12208000E+002    -0.99536968E-001     0.27167048E-011     0.27086514E-011
     0.12216000E+002    -0.91990969E-001     0.29805220E-011     0.29730023E-011
     0.12224000E+002    -0.83459048E-001     0.29448471E-011     0.29386452E-011
     0.12232000E+002    -0.74083540E-001     0.26087949E-011     0.26033040E-011
     0.12240000E+002    -0.63994092E-001     0.19910269E-011     0.19846220E-011
     0.12248000E+002    -0.53314859E-001     0.11307807E-011     0.11243529E-011
     0.12256000E+002    -0.42173078E-001     0.80628284E-013     0.75437689E-013
     0.12264000E+002    -0.30709633E-001    -0.10968659E-011    -0.11001536E-011
     0.12272000E+002    -0.19088228E-001    -0.23317792E-011    -0.23331832E-011
     0.12280000E+002    -0.74994754E-002    -0.35503501E-011    -0.35518008E-011
     0.12288000E+002     0.38405335E-002    -0.46757422E-011    -0.46774137E-011
     0.12296000E+002     0.14697730E-001    -0.56363526E-011    -0.56370313E-011
     0.12304000E+002     0.24832226E-001    -0.63727977E-011    -0.63720843E-011
     0.12312000E+002     0.34013589E-001    -0.68399040E-011    -0.68375767E-011
     0.12320000E+002     0.42039336E-001    -0.70099004E-011    -0.70077449E-011
     0.12328000E+002     0.48753555E-001    -0.68703697E-011    -0.68696710E-011
     0.12336000E+002     0.54061584E-001    -0.64260057E-011    -0.64257276E-011
     0.12344000E+002     0.57939231E-001    -0.57028639E-011    -0.57025180E-011
     0.12352000E+002     0.60433303E-001    -0.47453775E-011    -0.47445978E-011
     0.12360000E+002     0.61655045E-001    -0.36139303E-011    -0.36138615E-011
     0.12368000E+002     0.61766703E-001    -0.23784370E-011    -0.23810277E-011
     0.12376000E+002     0.60960407E-001    -0.11120989E-011    -0.11166393E-011
     0.12384000E+002     0.59433860E-001     0.10819194E-012     0.10279061E-012
     0.12392000E+002     0.57364260E-001     0.12065953E-011     0.12012165E-011
     0.12400000E+002     0.54885178E-001     0.21134005E-011     0.21080846E-011
     0.12408000E+002     0.52070321E-001     0.27705642E-011     0.27634807E-011
     0.12416000E+002     0.48923618E-001     0.31392327E-011     0.31305591E-011
     0.12424000E+002     0.45379362E-001     0.31983516E-011     0.31895846E-011
     0.12432000E+002     0.41311918E-001     0.29438864E-011     0.29361906E-011
     0.12440000E+002     0.36554268E-001     0.23898671E-011     0.23841521E-011
     0.12448000E+002     0.30924571E-001     0.15672192E-011     0.15619544E-011
     0.12456000E+002     0.24254728E-001     0.52637040E-012     0.52061300E-012
     0.12464000E+002     0.16418872E-001    -0.66717226E-012    -0.67233404E-012
     0.12472000E+002     0.73588202E-002    -0.19406935E-011    -0.19444496E-011
     0.12480000E+002    -0.28970641E-002    -0.32177350E-011    -0.32190499E-011
     0.12488000E+002    -0.14223132E-001    -0.44236894E-011    -0.44235150E-011
     0.12496000E+002    -0.26397186E-001    -0.54867286E-011    -0.54869602E-011
     0.12504000E+002    -0.39112455E-001    -0.63403041E-011    -0.63405421E-011
     0.12512000E+002    -0.51997584E-001    -0.69317091E-011    -0.69313673E-011
     0.12520000E+002    -0.64642641E-001    -0.72251077E-011    -0.72233875E-011
     0.12528000E+002    -0.76628211E-001    -0.72042805E-011    -0.72013721E-011
     0.12536000E+002    -0.87555594E-001    -0.68720550E-011    -0.68701328E-011
     0.12544000E+002    -0.97075471E-001    -0.62461589E-011    -0.62455994E-011
     0.12552000E+002    -0.10491016E+000    -0.53618513E-011    -0.53620477E-011
     0.12560000E+002    -0.11086661E+000    -0.42714326E-011    -0.42717749E-011
     0.12568000E+002    -0.11484126E+000    -0.30410457E-011    -0.30410519E-011
     0.12576000E+002    -0.11681683E+000    -0.17468940E-011    -0.17483428E-011
     0.12584000E+002    -0.11685269E+000    -0.46601403E-012    -0.46984919E-012
     0.12592000E+002    -0.11506946E+000     0.72681849E-012     0.72145632E-012
     0.12600000E+002    -0.11162783E+000     0.17603326E-011     0.17543215E-011
     0.12608000E+002    -0.10670801E+000     0.25714111E-011     0.25660077E-011
     0.12616000E+002    -0.10049207E+000     0.31077690E-011     0.31021462E-011
     0.12624000E+002    -0.93150992E-001     0.33352707E-011     0.33280497E-011
     0.12632000E+002    -0.84837877E-001     0.32413536E-011     0.32333071E-011
     0.12640000E+002    -0.75684853E-001     0.28317869E-011     0.28239274E-011
     0.12648000E+002    -0.65807018E-001     0.21304743E-011     0.21243535E-011
     0.12656000E+002    -0.55312446E-001     0.11767689E-011     0.11725183E-011
     0.12664000E+002    -0.44314462E-001     0.25601829E-013     0.21362348E-013
     0.12672000E+002    -0.32944126E-001    -0.12518473E-011    -0.12561529E-011
     0.12680000E+002    -0.21358211E-001    -0.25761438E-011    -0.25798620E-011
     0.12688000E+002    -0.97432437E-002    -0.38655148E-011    -0.38675469E-011
     0.12696000E+002     0.16842463E-002    -0.50417482E-011    -0.50412808E-011
     0.12704000E+002     0.12684204E-001    -0.60349915E-011    -0.60339049E-011
     0.12712000E+002     0.23005862E-001    -0.67828866E-011    -0.67823183E-011
     0.12720000E+002     0.32406531E-001    -0.72362930E-011    -0.72360142E-011
     0.12728000E+002     0.40672348E-001    -0.73650200E-011    -0.73645793E-011
     0.12736000E+002     0.47636536E-001    -0.71598980E-011    -0.71581425E-011
     0.12744000E+002     0.53194083E-001    -0.66351204E-011    -0.66332068E-011
     0.12752000E+002     0.57311726E-001    -0.58228124E-011    -0.58224587E-011
     0.12760000E+002     0.60030971E-001    -0.47700545E-011    -0.47711562E-011
     0.12768000E+002     0.61462758E-001    -0.35396769E-011    -0.35419262E-011
     0.12776000E+002     0.61772224E-001    -0.22063444E-011    -0.22084399E-011
     0.12784000E+002     0.61155574E-001    -0.85403643E-012    -0.85602868E-012
     0.12792000E+002     0.59814497E-001     0.43186349E-012     0.42820498E-012
     0.12800000E+002     0.57929965E-001     0.15735146E-011     0.15681471E-011
     0.12808000E+002     0.55638690E-001     0.25019817E-011     0.24954170E-011
     0.12816000E+002     0.53014791E-001     0.31608802E-011     0.31544620E-011
     0.12824000E+002     0.50058223E-001     0.35082415E-011     0.35029757E-011
     0.12832000E+002     0.46695489E-001     0.35194952E-011     0.35138832E-011
     0.12840000E+002     0.42791352E-001     0.31940974E-011     0.31876165E-011
     0.12848000E+002     0.38169219E-001     0.25534618E-011     0.25466683E-011
     0.12856000E+002     0.32638462E-001     0.16377348E-011     0.16317237E-011
     0.12864000E+002     0.26023235E-001     0.50242870E-012     0.49889838E-012
     0.12872000E+002     0.18192964E-001    -0.78670709E-012    -0.78874295E-012
     0.12880000E+002     0.90899029E-002    -0.21525518E-011    -0.21545201E-011
     0.12888000E+002    -0.12520604E-002    -0.35107336E-011    -0.35126051E-011
     0.12896000E+002    -0.12697992E-001    -0.47776768E-011    -0.47791188E-011
     0.12904000E+002    -0.25014884E-001    -0.58758179E-011    -0.58752534E-011
     0.12912000E+002    -0.37883805E-001    -0.67410006E-011    -0.67386429E-011
     0.12920000E+002    -0.50919463E-001    -0.73229879E-011    -0.73208830E-011
     0.12928000E+002    -0.63698538E-001    -0.75850611E-011    -0.75838485E-011
     0.12936000E+002    -0.75791382E-001    -0.75093165E-011    -0.75091891E-011
     0.12944000E+002    -0.86794588E-001    -0.70981652E-011    -0.70979952E-011
     0.12952000E+002    -0.96359402E-001    -0.63766784E-011    -0.63756663E-011
     0.12960000E+002    -0.10421198E+000    -0.53905243E-011    -0.53903537E-011
     0.12968000E+002    -0.11016713E+000    -0.41982673E-011    -0.41998699E-011
     0.12976000E+002    -0.11413370E+000    -0.28697196E-011    -0.28732854E-011
     0.12984000E+002    -0.11611045E+000    -0.14829847E-011    -0.14877726E-011
     0.12992000E+002    -0.11617361E+000    -0.12127684E-012    -0.12574862E-012
     0.13000000E+002    -0.11445719E+000     0.11304166E-011     0.11253928E-011
     0.13008000E+002    -0.11113105E+000     0.21954378E-011     0.21888040E-011
     0.13016000E+002    -0.10638058E+000     0.30103002E-011     0.30020903E-011
     0.13024000E+002    -0.10038822E+000     0.35264803E-011     0.35172589E-011
     0.13032000E+002    -0.93319589E-001     0.37128564E-011     0.37046219E-011
     0.13040000E+002    -0.85315872E-001     0.35547209E-011     0.35476282E-011
     0.13048000E+002    -0.76492892E-001     0.30584725E-011     0.30512883E-011
     0.13056000E+002    -0.66948474E-001     0.22540082E-011     0.22466949E-011
     0.13064000E+002    -0.56773526E-001     0.11905207E-011     0.11833376E-011
     0.13072000E+002    -0.46064647E-001    -0.66464281E-013    -0.71733025E-013
     0.13080000E+002    -0.34937572E-001    -0.14421165E-011    -0.14445077E-011
     0.13088000E+002    -0.23537120E-001    -0.28555857E-011    -0.28566883E-011
     0.13096000E+002    -0.12043847E-001    -0.42202134E-011    -0.42208987E-011
     0.13104000E+002    -0.67386276E-003    -0.54508200E-011    -0.54515486E-011
     0.13112000E+002     0.10329765E-001    -0.64694488E-011    -0.64694102E-011
     0.13120000E+002     0.20710336E-001    -0.72124604E-011    -0.72101798E-011
     0.13128000E+002     0.30216471E-001    -0.76361619E-011    -0.76329458E-011
     0.13136000E+002     0.38622610E-001    -0.77142941E-011    -0.77116797E-011
     0.13144000E+002     0.45749386E-001    -0.74398313E-011    -0.74386089E-011
     0.13152000E+002     0.51482357E-001    -0.68268177E-011    -0.68269845E-011
     0.13160000E+002     0.55782994E-001    -0.59104252E-011    -0.59101632E-011
     0.13168000E+002     0.58691277E-001    -0.47483639E-011    -0.47478058E-011
     0.13176000E+002     0.60318867E-001    -0.34134406E-011    -0.34140736E-011
     0.13184000E+002     0.60833118E-001    -0.19867501E-011    -0.19892152E-011
     0.13192000E+002     0.60435375E-001    -0.55453910E-012    -0.55916454E-012
     0.13200000E+002     0.59333847E-001     0.79720568E-012     0.79214330E-012
     0.13208000E+002     0.57714578E-001     0.19842656E-011     0.19798359E-011
     0.13216000E+002     0.55715492E-001     0.29307984E-011     0.29258830E-011
     0.13224000E+002     0.53406972E-001     0.35782643E-011     0.35723130E-011
     0.13232000E+002     0.50782551E-001     0.38874805E-011     0.38800369E-011
     0.13240000E+002     0.47760228E-001     0.38412674E-011     0.38335128E-011
     0.13248000E+002     0.44193292E-001     0.34425198E-011     0.34362868E-011
     0.13256000E+002     0.39890944E-001     0.27125876E-011     0.27071840E-011
     0.13264000E+002     0.34646950E-001     0.16948778E-011     0.16895676E-011
     0.13272000E+002     0.28272015E-001     0.45173517E-012     0.44601169E-012
     0.13280000E+002     0.20626030E-001    -0.93970174E-012    -0.94543874E-012
     0.13288000E+002     0.11644651E-001    -0.23935751E-011    -0.23972088E-011
     0.13296000E+002     0.13580829E-002    -0.38241197E-011    -0.38257248E-011
     0.13304000E+002    -0.10098404E-001    -0.51466272E-011    -0.51474048E-011
     0.13312000E+002    -0.22485797E-001    -0.62808262E-011    -0.62815134E-011
     0.13320000E+002    -0.35473976E-001    -0.71568002E-011    -0.71579020E-011
     0.13328000E+002    -0.48665051E-001    -0.77190977E-011    -0.77189607E-011
     0.13336000E+002    -0.61624403E-001    -0.79344156E-011    -0.79323908E-011
     0.13344000E+002    -0.73912428E-001    -0.77918465E-011    -0.77894449E-011
     0.13352000E+002    -0.85116882E-001    -0.72997387E-011    -0.72981174E-011
     0.13360000E+002    -0.94882241E-001    -0.64863735E-011    -0.64866612E-011
     0.13368000E+002    -0.10293280E+000    -0.53977268E-011    -0.53990085E-011
     0.13376000E+002    -0.10908755E+000    -0.40983475E-011    -0.40990566E-011
     0.13384000E+002    -0.11326246E+000    -0.26687531E-011    -0.26696988E-011
     0.13392000E+002    -0.11546314E+000    -0.11959902E-011    -0.11981563E-011
     0.13400000E+002    -0.11577111E+000     0.23143315E-012     0.22702987E-012
     0.13408000E+002    -0.11432464E+000     0.15293217E-011     0.15230267E-011
     0.13416000E+002    -0.11129724E+000     0.26208360E-011     0.26148801E-011
     0.13424000E+002    -0.10687435E+000     0.34374998E-011     0.34321567E-011
     0.13432000E+002    -0.10123274E+000     0.39272792E-011     0.39218733E-011
     0.13440000E+002    -0.94527320E-001     0.40591304E-011     0.40529017E-011
     0.13448000E+002    -0.86885665E-001     0.38250079E-011     0.38175453E-011
     0.13456000E+002    -0.78409408E-001     0.32403305E-011     0.32336313E-011
     0.13464000E+002    -0.69181208E-001     0.23384485E-011     0.23335303E-011
     0.13472000E+002    -0.59275651E-001     0.11707316E-011     0.11669349E-011
     0.13480000E+002    -0.48774228E-001    -0.19342019E-012    -0.19671356E-012
     0.13488000E+002    -0.37781431E-001    -0.16711541E-011    -0.16749234E-011
     0.13496000E+002    -0.26436692E-001    -0.31699849E-011    -0.31730177E-011
     0.13504000E+002    -0.14920424E-001    -0.45977151E-011    -0.45984481E-011
     0.13512000E+002    -0.34525054E-002    -0.58689866E-011    -0.58681001E-011
     0.13520000E+002     0.77160578E-002    -0.69063848E-011    -0.69047048E-011
     0.13528000E+002     0.18316386E-001    -0.76455663E-011    -0.76444747E-011
     0.13536000E+002     0.28082097E-001    -0.80379424E-011    -0.80374169E-011
     0.13544000E+002     0.36772764E-001    -0.80562814E-011    -0.80545804E-011
     0.13552000E+002     0.44196981E-001    -0.77001251E-011    -0.76976040E-011
     0.13560000E+002     0.50231514E-001    -0.69919038E-011    -0.69896645E-011
     0.13568000E+002     0.54831273E-001    -0.59747068E-011    -0.59741719E-011
     0.13576000E+002     0.58032019E-001    -0.47089263E-011    -0.47109859E-011
     0.13584000E+002     0.59944450E-001    -0.32689018E-011    -0.32717732E-011
     0.13592000E+002     0.60738190E-001    -0.17434820E-011    -0.17463652E-011
     0.13600000E+002     0.60618430E-001    -0.22841651E-012    -0.23193883E-012
     0.13608000E+002     0.59795719E-001     0.11821024E-011     0.11771139E-011
     0.13616000E+002     0.58455950E-001     0.24015006E-011     0.23938949E-011
     0.13624000E+002     0.56735381E-001     0.33575847E-011     0.33488474E-011
     0.13632000E+002     0.54701346E-001     0.39921657E-011     0.39842222E-011
     0.13640000E+002     0.52342365E-001     0.42639995E-011     0.42569288E-011
     0.13648000E+002     0.49567791E-001     0.41548306E-011     0.41483701E-011
     0.13656000E+002     0.46219178E-001     0.36705114E-011     0.36633861E-011
     0.13664000E+002     0.42093957E-001     0.28427645E-011     0.28353784E-011
     0.13672000E+002     0.36975724E-001     0.17240034E-011     0.17184378E-011
     0.13680000E+002     0.30667453E-001     0.38066020E-012     0.37718630E-012
     0.13688000E+002     0.23023654E-001    -0.11073637E-011    -0.11090471E-011
     0.13696000E+002     0.13977932E-001    -0.26511101E-011    -0.26523198E-011
     0.13704000E+002     0.35642721E-002    -0.41560833E-011    -0.41577402E-011
     0.13712000E+002    -0.80726529E-002    -0.55285030E-011    -0.55290185E-011
     0.13720000E+002    -0.20680786E-001    -0.66860451E-011    -0.66849147E-011
     0.13728000E+002    -0.33915494E-001    -0.75605148E-011    -0.75582835E-011
     0.13736000E+002    -0.47364194E-001    -0.81001963E-011    -0.80979322E-011
     0.13744000E+002    -0.60577292E-001    -0.82721010E-011    -0.82714119E-011
     0.13752000E+002    -0.73101706E-001    -0.80624223E-011    -0.80623312E-011
     0.13760000E+002    -0.84516159E-001    -0.74824901E-011    -0.74818100E-011
     0.13768000E+002    -0.94461498E-001    -0.65684612E-011    -0.65675695E-011
     0.13776000E+002    -0.10266279E+000    -0.53762707E-011    -0.53759259E-011
     0.13784000E+002    -0.10894232E+000    -0.39779880E-011    -0.39799821E-011
     0.13792000E+002    -0.11322131E+000    -0.24550480E-011    -0.24592109E-011
     0.13800000E+002    -0.11551392E+000    -0.89696786E-012    -0.90150566E-012
     0.13808000E+002    -0.11591261E+000     0.60097571E-012     0.59637418E-012
     0.13816000E+002    -0.11456592E+000     0.19465343E-011     0.19416610E-011
     0.13824000E+002    -0.11165456E+000     0.30565588E-011     0.30499792E-011
     0.13832000E+002    -0.10736705E+000     0.38645734E-011     0.38556892E-011
     0.13840000E+002    -0.10188057E+000     0.43236334E-011     0.43144735E-011
     0.13848000E+002    -0.95348165E-001     0.44042983E-011     0.43960705E-011
     0.13856000E+002    -0.87891254E-001     0.40985814E-011     0.40917228E-011
     0.13864000E+002    -0.79601144E-001     0.34217180E-011     0.34155118E-011
     0.13872000E+002    -0.70547447E-001     0.24132710E-011     0.24063449E-011
     0.13880000E+002    -0.60792324E-001     0.11363150E-011     0.11299629E-011
     0.13888000E+002    -0.50408216E-001    -0.33159925E-012    -0.33593707E-012
     0.13896000E+002    -0.39493044E-001    -0.19030498E-011    -0.19050116E-011
     0.13904000E+002    -0.28182480E-001    -0.34840434E-011    -0.34839757E-011
     0.13912000E+002    -0.16656880E-001    -0.49790411E-011    -0.49789238E-011
     0.13920000E+002    -0.51405933E-002    -0.62937322E-011    -0.62936292E-011
     0.13928000E+002     0.61062228E-002    -0.73448895E-011    -0.73435109E-011
     0.13936000E+002     0.16804370E-001    -0.80681289E-011    -0.80653621E-011
     0.13944000E+002     0.26677997E-001    -0.84194182E-011    -0.84154354E-011
     0.13952000E+002     0.35478547E-001    -0.83778172E-011    -0.83744862E-011
     0.13960000E+002     0.43007863E-001    -0.79435660E-011    -0.79420368E-011
     0.13968000E+002     0.49137636E-001    -0.71395383E-011    -0.71385918E-011
     0.13976000E+002     0.53821961E-001    -0.60145358E-011    -0.60137755E-011
     0.13984000E+002     0.57101195E-001    -0.46382530E-011    -0.46376273E-011
     0.13992000E+002     0.59093913E-001    -0.30965728E-011    -0.30972559E-011
     0.14000000E+002     0.59978652E-001    -0.14839482E-011    -0.14876038E-011
     0.14008000E+002     0.59969133E-001     0.10373568E-012     0.98207860E-013
     0.14016000E+002     0.59284461E-001     0.15697802E-011     0.15636170E-011
     0.14024000E+002     0.58118939E-001     0.28229834E-011     0.28167988E-011
     0.14032000E+002     0.56613722E-001     0.37845474E-011     0.37781943E-011
     0.14040000E+002     0.54834524E-001     0.43941091E-011     0.43859198E-011
     0.14048000E+002     0.52761752E-001     0.46167093E-011     0.46072527E-011
     0.14056000E+002     0.50292385E-001     0.44405725E-011     0.44316529E-011
     0.14064000E+002     0.47253986E-001     0.38757351E-011     0.38683392E-011
     0.14072000E+002     0.43428366E-001     0.29551337E-011     0.29498216E-011
     0.14080000E+002     0.38581464E-001     0.17326494E-011     0.17278170E-011
     0.14088000E+002     0.32499463E-001     0.28378103E-012     0.27871109E-012
     0.14096000E+002     0.25024461E-001    -0.13009119E-011    -0.13047747E-011
     0.14104000E+002     0.16084398E-001    -0.29255110E-011    -0.29273778E-011
     0.14112000E+002     0.57134857E-002    -0.44928541E-011    -0.44921082E-011
     0.14120000E+002    -0.59401922E-002    -0.59105721E-011    -0.59084904E-011
     0.14128000E+002    -0.18617611E-001    -0.70933426E-011    -0.70919033E-011
     0.14136000E+002    -0.31963063E-001    -0.79667725E-011    -0.79654142E-011
     0.14144000E+002    -0.45549838E-001    -0.84769654E-011    -0.84750497E-011
     0.14152000E+002    -0.58913638E-001    -0.85933434E-011    -0.85904101E-011
     0.14160000E+002    -0.71590125E-001    -0.83101925E-011    -0.83067689E-011
     0.14168000E+002    -0.83150059E-001    -0.76454875E-011    -0.76438353E-011
     0.14176000E+002    -0.93228746E-001    -0.66364180E-011    -0.66367128E-011
     0.14184000E+002    -0.10154891E+000    -0.53414186E-011    -0.53427504E-011
     0.14192000E+002    -0.10793482E+000    -0.38383155E-011    -0.38400667E-011
     0.14200000E+002    -0.11231519E+000    -0.22187327E-011    -0.22205293E-011
     0.14208000E+002    -0.11471490E+000    -0.58244511E-012    -0.58599377E-012
     0.14216000E+002    -0.11523668E+000     0.97281790E-012     0.96685314E-012
     0.14224000E+002    -0.11403771E+000     0.23552106E-011     0.23480671E-011
     0.14232000E+002    -0.11130552E+000     0.34808697E-011     0.34734858E-011
     0.14240000E+002    -0.10723368E+000     0.42800920E-011     0.42734950E-011
     0.14248000E+002    -0.10200077E+000     0.47010395E-011     0.46942867E-011
     0.14256000E+002    -0.95755382E-001     0.47167032E-011     0.47085341E-011
     0.14264000E+002    -0.88609208E-001     0.43273621E-011     0.43188883E-011
     0.14272000E+002    -0.80641392E-001     0.35561681E-011     0.35485491E-011
     0.14280000E+002    -0.71909179E-001     0.24483671E-011     0.24428783E-011
     0.14288000E+002    -0.62462623E-001     0.10681578E-011     0.10646451E-011
     0.14296000E+002    -0.52361615E-001    -0.50283445E-012    -0.50627844E-012
     0.14304000E+002    -0.41691772E-001    -0.21671026E-011    -0.21702906E-011
     0.14312000E+002    -0.30579323E-001    -0.38214489E-011    -0.38234410E-011
     0.14320000E+002    -0.19199323E-001    -0.53643578E-011    -0.53642489E-011
     0.14328000E+002    -0.77741704E-002    -0.67022665E-011    -0.66996984E-011
     0.14336000E+002     0.34360262E-002    -0.77551004E-011    -0.77522890E-011
     0.14344000E+002     0.14151091E-001    -0.84564925E-011    -0.84546017E-011
     0.14352000E+002     0.24092017E-001    -0.87602573E-011    -0.87588058E-011
     0.14360000E+002     0.33004965E-001    -0.86461962E-011    -0.86447233E-011
     0.14368000E+002     0.40686466E-001    -0.81208530E-011    -0.81185183E-011
     0.14376000E+002     0.47004427E-001    -0.72183084E-011    -0.72165456E-011
     0.14384000E+002     0.51911380E-001    -0.59937532E-011    -0.59943237E-011
     0.14392000E+002     0.55446939E-001    -0.45194798E-011    -0.45219712E-011
     0.14400000E+002     0.57728913E-001    -0.28845245E-011    -0.28883547E-011
     0.14408000E+002     0.58935970E-001    -0.11887749E-011    -0.11926929E-011
     0.14416000E+002     0.59282322E-001     0.46178590E-012     0.45762291E-012
     0.14424000E+002     0.58986212E-001     0.19642309E-011     0.19580694E-011
     0.14432000E+002     0.58237232E-001     0.32283063E-011     0.32203840E-011
     0.14440000E+002     0.57167063E-001     0.41780581E-011     0.41692037E-011
     0.14448000E+002     0.55829069E-001     0.47559314E-011     0.47474514E-011
     0.14456000E+002     0.54189573E-001     0.49254029E-011     0.49181293E-011
     0.14464000E+002     0.52129545E-001     0.46736993E-011     0.46660779E-011
     0.14472000E+002     0.49458599E-001     0.40172948E-011     0.40090197E-011
     0.14480000E+002     0.45940316E-001     0.29982766E-011     0.29902827E-011
     0.14488000E+002     0.41325604E-001     0.16796108E-011     0.16730150E-011
     0.14496000E+002     0.35391082E-001     0.14107537E-012     0.13729041E-012
     0.14504000E+002     0.27974233E-001    -0.15268952E-011    -0.15290880E-011
     0.14512000E+002     0.19002589E-001    -0.32237886E-011    -0.32257738E-011
     0.14520000E+002     0.85148884E-002    -0.48449527E-011    -0.48463108E-011
     0.14528000E+002    -0.33301897E-002    -0.62913185E-011    -0.62915147E-011
     0.14536000E+002    -0.16256919E-001    -0.74751040E-011    -0.74728331E-011
     0.14544000E+002    -0.29889820E-001    -0.83271022E-011    -0.83229928E-011
     0.14552000E+002    -0.43782563E-001    -0.87975093E-011    -0.87938753E-011
     0.14560000E+002    -0.57452338E-001    -0.88558232E-011    -0.88531621E-011
     0.14568000E+002    -0.70418440E-001    -0.84963696E-011    -0.84946109E-011
     0.14576000E+002    -0.82238523E-001    -0.77391338E-011    -0.77372691E-011
     0.14584000E+002    -0.92540623E-001    -0.66303843E-011    -0.66279826E-011
     0.14592000E+002    -0.10104787E+000    -0.52391163E-011    -0.52381946E-011
     0.14600000E+002    -0.10759048E+000    -0.36480890E-011    -0.36495697E-011
     0.14608000E+002    -0.11210665E+000    -0.19511707E-011    -0.19549046E-011
     0.14616000E+002    -0.11463247E+000    -0.24928453E-012    -0.25435589E-012
     0.14624000E+002    -0.11528294E+000     0.13546194E-011     0.13496993E-011
     0.14632000E+002    -0.11422810E+000     0.27604702E-011     0.27547612E-011
     0.14640000E+002    -0.11166530E+000     0.38820990E-011     0.38746486E-011
     0.14648000E+002    -0.10779234E+000     0.46524197E-011     0.46436373E-011
     0.14656000E+002    -0.10278649E+000     0.50249774E-011     0.50156309E-011
     0.14664000E+002    -0.96790611E-001     0.49765306E-011     0.49684810E-011
     0.14672000E+002    -0.89908332E-001     0.45061043E-011     0.44992935E-011
     0.14680000E+002    -0.82207469E-001     0.36389477E-011     0.36320447E-011
     0.14688000E+002    -0.73729932E-001     0.24276950E-011     0.24208654E-011
     0.14696000E+002    -0.64508806E-001     0.94626295E-012     0.93992982E-012
     0.14704000E+002    -0.54588572E-001    -0.71468949E-012    -0.71897523E-012
     0.14712000E+002    -0.44043845E-001    -0.24557561E-011    -0.24573740E-011
     0.14720000E+002    -0.32994193E-001    -0.41733902E-011    -0.41740945E-011
     0.14728000E+002    -0.21610756E-001    -0.57615956E-011    -0.57620067E-011
     0.14736000E+002    -0.10115783E-001    -0.71209593E-011    -0.71210648E-011
     0.14744000E+002     0.12253542E-002    -0.81657882E-011    -0.81646900E-011
     0.14752000E+002     0.12121922E-001    -0.88312467E-011    -0.88277466E-011
     0.14760000E+002     0.22281512E-001    -0.90786061E-011    -0.90743278E-011
     0.14768000E+002     0.31438044E-001    -0.88922836E-011    -0.88888098E-011
     0.14776000E+002     0.39378022E-001    -0.82812771E-011    -0.82790807E-011
     0.14784000E+002     0.45960374E-001    -0.72806912E-011    -0.72796463E-011
     0.14792000E+002     0.51130146E-001    -0.59503382E-011    -0.59489402E-011
     0.14800000E+002     0.54922095E-001    -0.43740220E-011    -0.43728846E-011
     0.14808000E+002     0.57453169E-001    -0.26501317E-011    -0.26510556E-011
     0.14816000E+002     0.58903957E-001    -0.88325401E-012    -0.88669804E-012
     0.14824000E+002     0.59489700E-001     0.81973023E-012     0.81378277E-012
     0.14832000E+002     0.59428132E-001     0.23560890E-011     0.23494392E-011
     0.14840000E+002     0.58907477E-001     0.36302556E-011     0.36238834E-011
     0.14848000E+002     0.58057819E-001     0.45614988E-011     0.45542266E-011
     0.14856000E+002     0.56930017E-001     0.50933057E-011     0.50848891E-011
     0.14864000E+002     0.55484279E-001     0.51947311E-011     0.51852594E-011
     0.14872000E+002     0.53592820E-001     0.48619351E-011     0.48528622E-011
     0.14880000E+002     0.51056634E-001     0.41156850E-011     0.41088317E-011
     0.14888000E+002     0.47632476E-001     0.29989645E-011     0.29934934E-011
     0.14896000E+002     0.43066688E-001     0.15794957E-011     0.15746855E-011
     0.14904000E+002     0.37132077E-001    -0.55168579E-013    -0.59551383E-013
     0.14912000E+002     0.29664424E-001    -0.18040306E-011    -0.18075464E-011
     0.14920000E+002     0.20594782E-001    -0.35600147E-011    -0.35608570E-011
     0.14928000E+002     0.99713197E-002    -0.52195496E-011    -0.52182355E-011
     0.14936000E+002    -0.20333351E-002    -0.66841957E-011    -0.66822288E-011
     0.14944000E+002    -0.15128426E-001    -0.78648054E-011    -0.78628098E-011
     0.14952000E+002    -0.28924079E-001    -0.86886802E-011    -0.86870335E-011
     0.14960000E+002    -0.42959710E-001    -0.91040172E-011    -0.91012866E-011
     0.14968000E+002    -0.56739556E-001    -0.90868474E-011    -0.90827819E-011
     0.14976000E+002    -0.69773853E-001    -0.86402883E-011    -0.86367106E-011
     0.14984000E+002    -0.81617703E-001    -0.77903958E-011    -0.77883169E-011
     0.14992000E+002    -0.91903672E-001    -0.65864786E-011    -0.65866120E-011
     0.15000000E+002    -0.10036415E+000    -0.50982334E-011    -0.50995417E-011
     0.15008000E+002    -0.10684154E+000    -0.34148581E-011    -0.34159904E-011
     0.15016000E+002    -0.11128915E+000    -0.16404075E-011    -0.16425181E-011
     0.15024000E+002    -0.11376061E+000     0.11746365E-012     0.11334844E-012
     0.15032000E+002    -0.11438914E+000     0.17533856E-011     0.17466432E-011
     0.15040000E+002    -0.11336046E+000     0.31701949E-011     0.31614889E-011
     0.15048000E+002    -0.11088253E+000     0.42828324E-011     0.42744002E-011
     0.15056000E+002    -0.10715907E+000     0.50204649E-011     0.50123521E-011
     0.15064000E+002    -0.10236863E+000     0.53353433E-011     0.53267468E-011
     0.15072000E+002    -0.96649772E-001     0.52071087E-011     0.51976175E-011
     0.15080000E+002    -0.90095313E-001     0.46432911E-011     0.46329741E-011
     0.15088000E+002    -0.82755841E-001     0.36785941E-011     0.36696815E-011
     0.15096000E+002    -0.74653057E-001     0.23687264E-011     0.23621884E-011
     0.15104000E+002    -0.65800007E-001     0.78974868E-012     0.78472665E-012
     0.15112000E+002    -0.56222177E-001    -0.96314008E-012    -0.96718444E-012
     0.15120000E+002    -0.45976913E-001    -0.27825422E-011    -0.27863166E-011
     0.15128000E+002    -0.35169118E-001    -0.45548610E-011    -0.45571193E-011
     0.15136000E+002    -0.23960565E-001    -0.61712289E-011    -0.61706500E-011
     0.15144000E+002    -0.12570977E-001    -0.75346009E-011    -0.75322937E-011
     0.15152000E+002    -0.12681223E-002    -0.85612220E-011    -0.85582264E-011
     0.15160000E+002     0.96523319E-002    -0.91866862E-011    -0.91842203E-011
     0.15168000E+002     0.19891864E-001    -0.93695152E-011    -0.93674606E-011
     0.15176000E+002     0.29176683E-001    -0.90961707E-011    -0.90929318E-011
     0.15184000E+002     0.37283860E-001    -0.83849894E-011    -0.83812582E-011
     0.15192000E+002     0.44063320E-001    -0.72805301E-011    -0.72776183E-011
     0.15200000E+002     0.49453654E-001    -0.58500746E-011    -0.58491419E-011
     0.15208000E+002     0.53485574E-001    -0.41796983E-011    -0.41812816E-011
     0.15216000E+002     0.56273007E-001    -0.23694919E-011    -0.23717499E-011
     0.15224000E+002     0.57993673E-001    -0.53191825E-012    -0.53433888E-012
     0.15232000E+002     0.58860634E-001     0.12179647E-011     0.12143477E-011
     0.15240000E+002     0.59090769E-001     0.27724052E-011     0.27667899E-011
     0.15248000E+002     0.58871156E-001     0.40369600E-011     0.40285665E-011
     0.15256000E+002     0.58328284E-001     0.49370564E-011     0.49276193E-011
     0.15264000E+002     0.57506742E-001     0.54180368E-011     0.54094139E-011
     0.15272000E+002     0.56358657E-001     0.54484741E-011     0.54403792E-011
     0.15280000E+002     0.54747774E-001     0.50261079E-011     0.50181530E-011
     0.15288000E+002     0.52466022E-001     0.41773771E-011     0.41686430E-011
     0.15296000E+002     0.49260076E-001     0.29569502E-011     0.29482723E-011
     0.15304000E+002     0.44867537E-001     0.14411153E-011     0.14347977E-011
     0.15312000E+002     0.39056193E-001    -0.27984810E-012    -0.28370138E-012
     0.15320000E+002     0.31662109E-001    -0.21029444E-011    -0.21048834E-011
     0.15328000E+002     0.22621044E-001    -0.39182978E-011    -0.39195228E-011
     0.15336000E+002     0.11987867E-001    -0.56148050E-011    -0.56159884E-011
     0.15344000E+002    -0.55955435E-004    -0.70875802E-011    -0.70870235E-011
     0.15352000E+002    -0.13208612E-001    -0.82489357E-011    -0.82463342E-011
     0.15360000E+002    -0.27068046E-001    -0.90306946E-011    -0.90269988E-011
     0.15368000E+002    -0.41162878E-001    -0.93862294E-011    -0.93826156E-011
     0.15376000E+002    -0.54991431E-001    -0.92931999E-011    -0.92911389E-011
     0.15384000E+002    -0.68062937E-001    -0.87539135E-011    -0.87523809E-011
     0.15392000E+002    -0.79934927E-001    -0.78000696E-011    -0.77980723E-011
     0.15400000E+002    -0.90245418E-001    -0.64906914E-011    -0.64890285E-011
     0.15408000E+002    -0.98735620E-001    -0.49052269E-011    -0.49047995E-011
     0.15416000E+002    -0.10526111E+000    -0.31390367E-011    -0.31413305E-011
     0.15424000E+002    -0.10979089E+000    -0.12960026E-011    -0.13004976E-011
     0.15432000E+002    -0.11239291E+000     0.51418619E-012     0.50937869E-012
     0.15440000E+002    -0.11321124E+000     0.21800821E-011     0.21749780E-011
     0.15448000E+002    -0.11243840E+000     0.35989230E-011     0.35930698E-011
     0.15456000E+002    -0.11028490E+000     0.46832243E-011     0.46754619E-011
     0.15464000E+002    -0.10695170E+000     0.53677726E-011     0.53580131E-011
     0.15472000E+002    -0.10260670E+000     0.56122210E-011     0.56028275E-011
     0.15480000E+002    -0.97370263E-001     0.53990331E-011     0.53910374E-011
     0.15488000E+002    -0.91312913E-001     0.47374385E-011     0.47307798E-011
     0.15496000E+002    -0.84461518E-001     0.36645333E-011     0.36583634E-011
     0.15504000E+002    -0.76814492E-001     0.22443701E-011     0.22376018E-011
     0.15512000E+002    -0.68361948E-001     0.56514894E-012     0.55942190E-012
     0.15520000E+002    -0.59108239E-001    -0.12712868E-011    -0.12745112E-011
     0.15528000E+002    -0.49095597E-001    -0.31551259E-011    -0.31559460E-011
     0.15536000E+002    -0.38421260E-001    -0.49727033E-011    -0.49718271E-011
     0.15544000E+002    -0.27246023E-001    -0.66131266E-011    -0.66124602E-011
     0.15552000E+002    -0.15792994E-001    -0.79726912E-011    -0.79720315E-011
     0.15560000E+002    -0.43363397E-002    -0.89654685E-011    -0.89633731E-011
     0.15568000E+002     0.68166845E-002    -0.95310667E-011    -0.95276984E-011
     0.15576000E+002     0.17351221E-001    -0.96352925E-011    -0.96311955E-011
     0.15584000E+002     0.26975340E-001    -0.92722172E-011    -0.92692453E-011
     0.15592000E+002     0.35449365E-001    -0.84619132E-011    -0.84609468E-011
     0.15600000E+002     0.42609927E-001    -0.72508532E-011    -0.72504055E-011
     0.15608000E+002     0.48383954E-001    -0.57136400E-011    -0.57133772E-011
     0.15616000E+002     0.52791745E-001    -0.39458363E-011    -0.39459894E-011
     0.15624000E+002     0.55939970E-001    -0.20572937E-011    -0.20589939E-011
     0.15632000E+002     0.58003179E-001    -0.16355535E-012    -0.16811904E-012
     0.15640000E+002     0.59194867E-001     0.16222447E-011     0.16162713E-011
     0.15648000E+002     0.59732579E-001     0.31910578E-011     0.31849177E-011
     0.15656000E+002     0.59802009E-001     0.44453685E-011     0.44392468E-011
     0.15664000E+002     0.59527055E-001     0.53070527E-011     0.53005313E-011
     0.15672000E+002     0.58949127E-001     0.57230051E-011     0.57145517E-011
     0.15680000E+002     0.58016475E-001     0.56710682E-011     0.56615483E-011
     0.15688000E+002     0.56587296E-001     0.51567940E-011     0.51481181E-011
     0.15696000E+002     0.54446289E-001     0.42111203E-011     0.42038862E-011
     0.15704000E+002     0.51333879E-001     0.28908302E-011     0.28851779E-011
     0.15712000E+002     0.46984560E-001     0.12751463E-011     0.12695297E-011
     0.15720000E+002     0.41166111E-001    -0.53576275E-012    -0.54164315E-012
     0.15728000E+002     0.33716986E-001    -0.24291655E-011    -0.24334174E-011
     0.15736000E+002     0.24577233E-001    -0.42908639E-011    -0.42927272E-011
     0.15744000E+002     0.13809064E-001    -0.60097495E-011    -0.60090059E-011
     0.15752000E+002     0.16052359E-002    -0.74841557E-011    -0.74822303E-011
     0.15760000E+002    -0.11719399E-001    -0.86250551E-011    -0.86237259E-011
     0.15768000E+002    -0.25750376E-001    -0.93605439E-011    -0.93588957E-011
     0.15776000E+002    -0.40006095E-001    -0.96454913E-011    -0.96428328E-011
     0.15784000E+002    -0.53976891E-001    -0.94635084E-011    -0.94598320E-011
     0.15792000E+002    -0.67165530E-001    -0.88269388E-011    -0.88231829E-011
     0.15800000E+002    -0.79126881E-001    -0.77747305E-011    -0.77732116E-011
     0.15808000E+002    -0.89502116E-001    -0.63671662E-011    -0.63678299E-011
     0.15816000E+002    -0.98041149E-001    -0.46868756E-011    -0.46886031E-011
     0.15824000E+002    -0.10461183E+000    -0.28355369E-011    -0.28378993E-011
     0.15832000E+002    -0.10919554E+000    -0.92615382E-012    -0.92904618E-012
     0.15840000E+002    -0.11187213E+000     0.92408193E-012     0.91899105E-012
     0.15848000E+002    -0.11279700E+000     0.26046316E-011     0.25969891E-011
     0.15856000E+002    -0.11217154E+000     0.40158086E-011     0.40072246E-011
     0.15864000E+002    -0.11021034E+000     0.50711152E-011     0.50625328E-011
     0.15872000E+002    -0.10711162E+000     0.57041743E-011     0.56963733E-011
     0.15880000E+002    -0.10303483E+000     0.58727718E-011     0.58647833E-011
     0.15888000E+002    -0.98088757E-001     0.55649819E-011     0.55557769E-011
     0.15896000E+002    -0.92329909E-001     0.48003358E-011     0.47913664E-011
     0.15904000E+002    -0.85768945E-001     0.36238913E-011     0.36163518E-011
     0.15912000E+002    -0.78386806E-001     0.21045345E-011     0.20993088E-011
     0.15920000E+002    -0.70157457E-001     0.33123422E-012     0.32788721E-012
     0.15928000E+002    -0.61073206E-001    -0.15900570E-011    -0.15933776E-011
     0.15936000E+002    -0.51168751E-001    -0.35399305E-011    -0.35427313E-011
     0.15944000E+002    -0.40537401E-001    -0.53976192E-011    -0.53987452E-011
     0.15952000E+002    -0.29340019E-001    -0.70495013E-011    -0.70483132E-011
     0.15960000E+002    -0.17805050E-001    -0.83952825E-011    -0.83918016E-011
     0.15968000E+002    -0.62173410E-002    -0.93536982E-011    -0.93502237E-011
     0.15976000E+002     0.51019355E-002    -0.98633078E-011    -0.98607657E-011
     0.15984000E+002     0.15824278E-001    -0.98893081E-011    -0.98868596E-011
     0.15992000E+002     0.25645540E-001    -0.94290193E-011    -0.94262451E-011
     0.16000000E+002     0.34315100E-001    -0.85108532E-011    -0.85073044E-011
     0.16008000E+002     0.41660563E-001    -0.71930586E-011    -0.71904506E-011
     0.16016000E+002     0.47603287E-001    -0.55559958E-011    -0.55561059E-011
     0.16024000E+002     0.52163193E-001    -0.36970871E-011    -0.36992514E-011
     0.16032000E+002     0.55450827E-001    -0.17294627E-011    -0.17329898E-011
     0.16040000E+002     0.57645632E-001     0.22578527E-012     0.22191371E-012
     0.16048000E+002     0.58965677E-001     0.20465564E-011     0.20419943E-011
     0.16056000E+002     0.59632478E-001     0.36199712E-011     0.36130074E-011
     0.16064000E+002     0.59835554E-001     0.48522102E-011     0.48434142E-011
     0.16072000E+002     0.59701788E-001     0.56697177E-011     0.56602692E-011
     0.16080000E+002     0.59272527E-001     0.60230809E-011     0.60142848E-011
     0.16088000E+002     0.58493012E-001     0.58899562E-011     0.58825477E-011
     0.16096000E+002     0.57216930E-001     0.52771378E-011     0.52695916E-011
     0.16104000E+002     0.55224433E-001     0.42244666E-011     0.42166689E-011
     0.16112000E+002     0.52251903E-001     0.27990857E-011     0.27921881E-011
     0.16120000E+002     0.48029351E-001     0.10887595E-011     0.10836914E-011
     0.16128000E+002     0.42320275E-001    -0.80299803E-012    -0.80525089E-012
     0.16136000E+002     0.34961073E-001    -0.27639541E-011    -0.27648758E-011
     0.16144000E+002     0.25892958E-001    -0.46752494E-011    -0.46762166E-011
     0.16152000E+002     0.15181934E-001    -0.64189516E-011    -0.64192886E-011
     0.16160000E+002     0.30253250E-002    -0.78891463E-011    -0.78882884E-011
     0.16168000E+002    -0.10257731E-001    -0.89975436E-011    -0.89945202E-011
     0.16176000E+002    -0.24247971E-001    -0.96798617E-011    -0.96755663E-011
     0.16184000E+002    -0.38458884E-001    -0.98962914E-011    -0.98930123E-011
     0.16192000E+002    -0.52378244E-001    -0.96312362E-011    -0.96290762E-011
     0.16200000E+002    -0.65510789E-001    -0.88986926E-011    -0.88971978E-011
     0.16208000E+002    -0.77418521E-001    -0.77419258E-011    -0.77401743E-011
     0.16216000E+002    -0.87752322E-001    -0.62317714E-011    -0.62296499E-011
     0.16224000E+002    -0.96272093E-001    -0.44612497E-011    -0.44610020E-011
     0.16232000E+002    -0.10285659E+000    -0.25354773E-011    -0.25379252E-011
     0.16240000E+002    -0.10749905E+000    -0.56839189E-012    -0.57303924E-012
     0.16248000E+002    -0.11029090E+000     0.13220905E-011     0.13162494E-011
     0.16256000E+002    -0.11139551E+000     0.30208256E-011     0.30150983E-011
     0.16264000E+002    -0.11101558E+000     0.44216644E-011     0.44149114E-011
     0.16272000E+002    -0.10936218E+000     0.54387361E-011     0.54300041E-011
     0.16280000E+002    -0.10662659E+000     0.60111103E-011     0.60011337E-011
     0.16288000E+002    -0.10295806E+000     0.61034281E-011     0.60932230E-011
     0.16296000E+002    -0.98450868E-001     0.57083003E-011     0.56997168E-011
     0.16304000E+002    -0.93141715E-001     0.48451631E-011     0.48380823E-011
     0.16312000E+002    -0.87019745E-001     0.35630478E-011     0.35561385E-011
     0.16320000E+002    -0.80046116E-001     0.19399765E-011     0.19336267E-011
     0.16328000E+002    -0.72177705E-001     0.74721775E-013     0.69528377E-013
     0.16336000E+002    -0.63392640E-001    -0.19191247E-011    -0.19218018E-011
     0.16344000E+002    -0.53714194E-001    -0.39217784E-011    -0.39216219E-011
     0.16352000E+002    -0.43229607E-001    -0.58130457E-011    -0.58120291E-011
     0.16360000E+002    -0.32100968E-001    -0.74754317E-011    -0.74741428E-011
     0.16368000E+002    -0.20563387E-001    -0.88045480E-011    -0.88028220E-011
     0.16376000E+002    -0.89112026E-002    -0.97168238E-011    -0.97139645E-011
     0.16384000E+002     0.25241594E-002    -0.10155772E-010    -0.10151018E-010
     0.16392000E+002     0.13403247E-001    -0.10096323E-010    -0.10091630E-010
     0.16400000E+002     0.23409962E-001    -0.95412486E-011    -0.95381854E-011
     0.16408000E+002     0.32283275E-001    -0.85219829E-011    -0.85206149E-011
     0.16416000E+002     0.39844399E-001    -0.70992524E-011    -0.70991961E-011
     0.16424000E+002     0.46012374E-001    -0.53595339E-011    -0.53593936E-011
     0.16432000E+002     0.50807282E-001    -0.34119639E-011    -0.34125532E-011
     0.16440000E+002     0.54340090E-001    -0.13773511E-011    -0.13804920E-011
     0.16448000E+002     0.56791125E-001     0.62123498E-012     0.61548396E-012
     0.16456000E+002     0.58381066E-001     0.24628352E-011     0.24549389E-011
     0.16464000E+002     0.59334365E-001     0.40360144E-011     0.40278256E-011
     0.16472000E+002     0.59841657E-001     0.52431599E-011     0.52354440E-011
     0.16480000E+002     0.60027053E-001     0.60084624E-011     0.59997939E-011
     0.16488000E+002     0.59925223E-001     0.62867757E-011     0.62769889E-011
     0.16496000E+002     0.59473231E-001     0.60635835E-011     0.60530966E-011
     0.16504000E+002     0.58515243E-001     0.53551809E-011     0.53455394E-011
     0.16512000E+002     0.56820211E-001     0.42055179E-011     0.41983912E-011
     0.16520000E+002     0.54112045E-001     0.26826969E-011     0.26770072E-011
     0.16528000E+002     0.50108506E-001     0.87990011E-012     0.87488017E-012
     0.16536000E+002     0.44564732E-001    -0.10915078E-011    -0.10958183E-011
     0.16544000E+002     0.37313564E-001    -0.31103128E-011    -0.31133540E-011
     0.16552000E+002     0.28296502E-001    -0.50535584E-011    -0.50536937E-011
     0.16560000E+002     0.17583107E-001    -0.68065293E-011    -0.68045619E-011
     0.16568000E+002     0.53768679E-002    -0.82649745E-011    -0.82626029E-011
     0.16576000E+002    -0.79936292E-002    -0.93398435E-011    -0.93375350E-011
     0.16584000E+002    -0.22097968E-001    -0.99650457E-011    -0.99630219E-011
     0.16592000E+002    -0.36439954E-001    -0.10101361E-010    -0.10098352E-010
     0.16600000E+002    -0.50500449E-001    -0.97419877E-011    -0.97380285E-011
     0.16608000E+002    -0.63779985E-001    -0.89106276E-011    -0.89077289E-011
     0.16616000E+002    -0.75838307E-001    -0.76562695E-011    -0.76552245E-011
     0.16624000E+002    -0.86326155E-001    -0.60527474E-011    -0.60538454E-011
     0.16632000E+002    -0.95007089E-001    -0.41946440E-011    -0.41967404E-011
     0.16640000E+002    -0.10176659E+000    -0.21942989E-011    -0.21962304E-011
     0.16648000E+002    -0.10660519E+000    -0.17538790E-012    -0.17854716E-012
     0.16656000E+002    -0.10961994E+000     0.17395803E-011     0.17342513E-011
     0.16664000E+002    -0.11097763E+000     0.34356105E-011     0.34279458E-011
     0.16672000E+002    -0.11088301E+000     0.48111900E-011     0.48021254E-011
     0.16680000E+002    -0.10954699E+000     0.57828089E-011     0.57744760E-011
     0.16688000E+002    -0.10715596E+000     0.62874815E-011     0.62796167E-011
     0.16696000E+002    -0.10384852E+000     0.62913776E-011     0.62830230E-011
     0.16704000E+002    -0.99704331E-001     0.57931504E-011     0.57842075E-011
     0.16712000E+002    -0.94744092E-001     0.48226110E-011     0.48135016E-011
     0.16720000E+002    -0.88941479E-001     0.34386577E-011     0.34316138E-011
     0.16728000E+002    -0.82242295E-001     0.17221201E-011     0.17178297E-011
     0.16736000E+002    -0.74589050E-001    -0.22613996E-012    -0.22888787E-012
     0.16744000E+002    -0.65949205E-001    -0.22878467E-011    -0.22895913E-011
     0.16752000E+002    -0.56340771E-001    -0.43362795E-011    -0.43375285E-011
     0.16760000E+002    -0.45851453E-001    -0.62438963E-011    -0.62434761E-011
     0.16768000E+002    -0.34647561E-001    -0.78937822E-011    -0.78906978E-011
     0.16776000E+002    -0.22970975E-001    -0.91869474E-011    -0.91827254E-011
     0.16784000E+002    -0.11126110E-001    -0.10043665E-010    -0.10039482E-010
     0.16792000E+002     0.54279786E-003    -0.10409603E-010    -0.10406451E-010
     0.16800000E+002     0.11682377E-001    -0.10259394E-010    -0.10257062E-010
     0.16808000E+002     0.21963888E-001    -0.96004443E-011    -0.95974929E-011
     0.16816000E+002     0.31116133E-001    -0.84751556E-011    -0.84725143E-011
     0.16824000E+002     0.38951605E-001    -0.69534221E-011    -0.69524143E-011
     0.16832000E+002     0.45382065E-001    -0.51276201E-011    -0.51289599E-011
     0.16840000E+002     0.50423010E-001    -0.31078352E-011    -0.31116275E-011
     0.16848000E+002     0.54184553E-001    -0.10157051E-011    -0.10200329E-011
     0.16856000E+002     0.56849264E-001     0.10189592E-011     0.10144356E-011
     0.16864000E+002     0.58640541E-001     0.28694113E-011     0.28635274E-011
     0.16872000E+002     0.59784080E-001     0.44227511E-011     0.44150310E-011
     0.16880000E+002     0.60470656E-001     0.55855490E-011     0.55757204E-011
     0.16888000E+002     0.60824224E-001     0.62898759E-011     0.62798335E-011
     0.16896000E+002     0.60878494E-001     0.64932202E-011     0.64845854E-011
     0.16904000E+002     0.60567482E-001     0.61814628E-011     0.61735164E-011
     0.16912000E+002     0.59729584E-001     0.53741583E-011     0.53664225E-011
     0.16920000E+002     0.58127512E-001     0.41222767E-011     0.41141699E-011
     0.16928000E+002     0.55481422E-001     0.25054613E-011     0.24980442E-011
     0.16936000E+002     0.51508205E-001     0.62395601E-012     0.61943212E-012
     0.16944000E+002     0.45964271E-001    -0.14101031E-011    -0.14120344E-011
     0.16952000E+002     0.38684717E-001    -0.34746913E-011    -0.34748794E-011
     0.16960000E+002     0.29615215E-001    -0.54448284E-011    -0.54442890E-011
     0.16968000E+002     0.18833155E-001    -0.71999111E-011    -0.71990439E-011
     0.16976000E+002     0.65519365E-002    -0.86319146E-011    -0.86289886E-011
     0.16984000E+002    -0.68901808E-002    -0.96562597E-011    -0.96512382E-011
     0.16992000E+002    -0.21055298E-001    -0.10213428E-010    -0.10207650E-010
     0.17000000E+002    -0.35441912E-001    -0.10270122E-010    -0.10264805E-010
     0.17008000E+002    -0.49526286E-001    -0.98218301E-011    -0.98182932E-011
     0.17016000E+002    -0.62806956E-001    -0.88926135E-011    -0.88898582E-011
     0.17024000E+002    -0.74846465E-001    -0.75383627E-011    -0.75356346E-011
     0.17032000E+002    -0.85303412E-001    -0.58428468E-011    -0.58412796E-011
     0.17040000E+002    -0.93952619E-001    -0.39088373E-011    -0.39093272E-011
     0.17048000E+002    -0.10069103E+000    -0.18525839E-011    -0.18562488E-011
     0.17056000E+002    -0.10553073E+000     0.20413539E-012     0.19808474E-012
     0.17064000E+002    -0.10858118E+000     0.21378605E-011     0.21313209E-011
     0.17072000E+002    -0.11002044E+000     0.38287934E-011     0.38215755E-011
     0.17080000E+002    -0.11006044E+000     0.51723952E-011     0.51640429E-011
     0.17088000E+002    -0.10891253E+000     0.60859644E-011     0.60757643E-011
     0.17096000E+002    -0.10675750E+000     0.65144605E-011     0.65027613E-011
     0.17104000E+002    -0.10372567E+000     0.64322776E-011     0.64215308E-011
     0.17112000E+002    -0.99886198E-001     0.58407219E-011     0.58316334E-011
     0.17120000E+002    -0.95246280E-001     0.47716192E-011     0.47637243E-011
     0.17128000E+002    -0.89763304E-001     0.32873802E-011     0.32799268E-011
     0.17136000E+002    -0.83366155E-001     0.14776816E-011     0.14699914E-011
     0.17144000E+002    -0.75983724E-001    -0.54552460E-012    -0.55154231E-012
     0.17152000E+002    -0.67574251E-001    -0.26597862E-011    -0.26627634E-011
     0.17160000E+002    -0.58149211E-001    -0.47384657E-011    -0.47389243E-011
     0.17168000E+002    -0.47792151E-001    -0.66552586E-011    -0.66540717E-011
     0.17176000E+002    -0.36668146E-001    -0.82921893E-011    -0.82909940E-011
     0.17184000E+002    -0.25022395E-001    -0.95454122E-011    -0.95437065E-011
     0.17192000E+002    -0.13167001E-001    -0.10335891E-010    -0.10332188E-010
     0.17200000E+002    -0.14548088E-002    -0.10616272E-010    -0.10611120E-010
     0.17208000E+002     0.97528801E-002    -0.10369936E-010    -0.10364322E-010
     0.17216000E+002     0.20120717E-001    -0.96120235E-011    -0.96078687E-011
     0.17224000E+002     0.29372191E-001    -0.83867540E-011    -0.83848496E-011
     0.17232000E+002     0.37315835E-001    -0.67666007E-011    -0.67654432E-011
     0.17240000E+002     0.43863204E-001    -0.48520647E-011    -0.48515701E-011
     0.17248000E+002     0.49033189E-001    -0.27621381E-011    -0.27628835E-011
     0.17256000E+002     0.52940857E-001    -0.62585460E-012    -0.62892898E-012
     0.17264000E+002     0.55773403E-001     0.14267006E-011     0.14203076E-011
     0.17272000E+002     0.57756766E-001     0.32728554E-011     0.32649199E-011
     0.17280000E+002     0.59118052E-001     0.47997668E-011     0.47916287E-011
     0.17288000E+002     0.60048070E-001     0.59127230E-011     0.59044305E-011
     0.17296000E+002     0.60667550E-001     0.65433954E-011     0.65346621E-011
     0.17304000E+002     0.61003258E-001     0.66542301E-011     0.66439816E-011
     0.17312000E+002     0.60979141E-001     0.62425820E-011     0.62321094E-011
     0.17320000E+002     0.60423135E-001     0.53361796E-011     0.53275145E-011
     0.17328000E+002     0.59088823E-001     0.39898753E-011     0.39832609E-011
     0.17336000E+002     0.56687639E-001     0.22854240E-011     0.22806528E-011
     0.17344000E+002     0.52928058E-001     0.32634965E-012     0.32192229E-012
     0.17352000E+002     0.47559706E-001    -0.17659516E-011    -0.17701506E-011
     0.17360000E+002     0.40414762E-001    -0.38621382E-011    -0.38641774E-011
     0.17368000E+002     0.31440897E-001    -0.58366847E-011    -0.58362103E-011
     0.17376000E+002     0.20720451E-001    -0.75721928E-011    -0.75695841E-011
     0.17384000E+002     0.84727911E-002    -0.89657218E-011    -0.89625700E-011
     0.17392000E+002    -0.49568229E-002    -0.99328590E-011    -0.99307058E-011
     0.17400000E+002    -0.19122445E-001    -0.10412485E-010    -0.10410072E-010
     0.17408000E+002    -0.33514543E-001    -0.10375729E-010    -0.10372300E-010
     0.17416000E+002    -0.47604159E-001    -0.98263001E-011    -0.98221734E-011
     0.17424000E+002    -0.60889747E-001    -0.87985904E-011    -0.87948697E-011
     0.17432000E+002    -0.72937826E-001    -0.73547320E-011    -0.73535220E-011
     0.17440000E+002    -0.83413667E-001    -0.55786978E-011    -0.55795672E-011
     0.17448000E+002    -0.92100965E-001    -0.35760740E-011    -0.35777048E-011
     0.17456000E+002    -0.98907446E-001    -0.14689851E-011    -0.14712266E-011
     0.17464000E+002    -0.10385731E+000     0.61366840E-012     0.61055840E-012
     0.17472000E+002    -0.10707012E+000     0.25442313E-011     0.25385474E-011
     0.17480000E+002    -0.10872958E+000     0.42070672E-011     0.41986825E-011
     0.17488000E+002    -0.10904915E+000     0.55027968E-011     0.54935847E-011
     0.17496000E+002    -0.10823794E+000     0.63507960E-011     0.63416114E-011
     0.17504000E+002    -0.10647122E+000     0.66965495E-011     0.66879072E-011
     0.17512000E+002    -0.10386889E+000     0.65152803E-011     0.65062632E-011
     0.17520000E+002    -0.10048424E+000     0.58164094E-011     0.58063320E-011
     0.17528000E+002    -0.96305759E-001     0.46430778E-011     0.46338166E-011
     0.17536000E+002    -0.91271750E-001     0.30647870E-011     0.30576215E-011
     0.17544000E+002    -0.85293037E-001     0.11747636E-011     0.11702329E-011
     0.17552000E+002    -0.78281274E-001    -0.91470722E-012    -0.91723829E-012
     0.17560000E+002    -0.70178480E-001    -0.30773209E-011    -0.30795800E-011
     0.17568000E+002    -0.60983597E-001    -0.51781644E-011    -0.51793948E-011
     0.17576000E+002    -0.50773709E-001    -0.70870150E-011    -0.70860148E-011
     0.17584000E+002    -0.39713461E-001    -0.86872335E-011    -0.86838416E-011
     0.17592000E+002    -0.28051689E-001    -0.98814505E-011    -0.98762061E-011
     0.17600000E+002    -0.16106358E-001    -0.10597180E-010    -0.10592472E-010
     0.17608000E+002    -0.42382352E-002    -0.10787692E-010    -0.10784181E-010
     0.17616000E+002     0.71809581E-002    -0.10438203E-010    -0.10434752E-010
     0.17624000E+002     0.17804416E-001    -0.95700783E-011    -0.95664332E-011
     0.17632000E+002     0.27345582E-001    -0.82375625E-011    -0.82337414E-011
     0.17640000E+002     0.35605235E-001    -0.65245005E-011    -0.65224073E-011
     0.17648000E+002     0.42488744E-001    -0.45354259E-011    -0.45366219E-011
     0.17656000E+002     0.48008541E-001    -0.23893683E-011    -0.23927364E-011
     0.17664000E+002     0.52272890E-001    -0.21736928E-012    -0.22204835E-012
     0.17672000E+002     0.55463387E-001     0.18468045E-011     0.18415526E-011
     0.17680000E+002     0.57801204E-001     0.36749851E-011     0.36685979E-011
     0.17688000E+002     0.59508337E-001     0.51549331E-011     0.51458075E-011
     0.17696000E+002     0.60768601E-001     0.61996945E-011     0.61888238E-011
     0.17704000E+002     0.61694313E-001     0.67479808E-011     0.67369079E-011
     0.17712000E+002     0.62304914E-001     0.67673220E-011     0.67572577E-011
     0.17720000E+002     0.62518153E-001     0.62565550E-011     0.62480388E-011
     0.17728000E+002     0.62155880E-001     0.52465284E-011     0.52380569E-011
     0.17736000E+002     0.60965139E-001     0.38021140E-011     0.37938381E-011
     0.17744000E+002     0.58651829E-001     0.20146105E-011     0.20079877E-011
     0.17752000E+002     0.54923435E-001    -0.65402962E-014    -0.10711968E-013
     0.17760000E+002     0.49533616E-001    -0.21392859E-011    -0.21403997E-011
     0.17768000E+002     0.42321700E-001    -0.42567629E-011    -0.42564753E-011
     0.17776000E+002     0.33244191E-001    -0.62305743E-011    -0.62301760E-011
     0.17784000E+002     0.22393959E-001    -0.79391612E-011    -0.79377531E-011
     0.17792000E+002     0.10003905E-001    -0.92793304E-011    -0.92764742E-011
     0.17800000E+002    -0.35656469E-002    -0.10171235E-010    -0.10166499E-010
     0.17808000E+002    -0.17856351E-001    -0.10563652E-010    -0.10558318E-010
     0.17816000E+002    -0.32351460E-001    -0.10433905E-010    -0.10430256E-010
     0.17824000E+002    -0.46519734E-001    -0.97870086E-011    -0.97848001E-011
     0.17832000E+002    -0.59860523E-001    -0.86602840E-011    -0.86588241E-011
     0.17840000E+002    -0.71943793E-001    -0.71215379E-011    -0.71201620E-011
     0.17848000E+002    -0.82442533E-001    -0.52651665E-011    -0.52641067E-011
     0.17856000E+002    -0.91152429E-001    -0.32052065E-011    -0.32067255E-011
     0.17864000E+002    -0.97994521E-001    -0.10642997E-011    -0.10687990E-011
     0.17872000E+002    -0.10300497E+000     0.10301267E-011     0.10236998E-011
     0.17880000E+002    -0.10631235E+000     0.29512758E-011     0.29440252E-011
     0.17888000E+002    -0.10810736E+000     0.45809594E-011     0.45739260E-011
     0.17896000E+002    -0.10860852E+000     0.58165384E-011     0.58083667E-011
     0.17904000E+002    -0.10802523E+000     0.65819483E-011     0.65717555E-011
     0.17912000E+002    -0.10652704E+000     0.68313949E-011     0.68202841E-011
     0.17920000E+002    -0.10422266E+000     0.65485235E-011     0.65376603E-011
     0.17928000E+002    -0.10115105E+000     0.57480214E-011     0.57390321E-011
     0.17936000E+002    -0.97285880E-001     0.44738191E-011     0.44663462E-011
     0.17944000E+002    -0.92549304E-001     0.28004306E-011     0.27930728E-011
     0.17952000E+002    -0.86835497E-001     0.83053641E-012     0.82390799E-012
     0.17960000E+002    -0.80041467E-001    -0.13154294E-011    -0.13205253E-011
     0.17968000E+002    -0.72099156E-001    -0.35066668E-011    -0.35090187E-011
     0.17976000E+002    -0.63004040E-001    -0.56110454E-011    -0.56105417E-011
     0.17984000E+002    -0.52834151E-001    -0.75015119E-011    -0.75001920E-011
     0.17992000E+002    -0.41757456E-001    -0.90598981E-011    -0.90582048E-011
     0.18000000E+002    -0.30028685E-001    -0.10187958E-010    -0.10185539E-010
     0.18008000E+002    -0.17974325E-001    -0.10815049E-010    -0.10811390E-010
     0.18016000E+002    -0.59662730E-002    -0.10902905E-010    -0.10897590E-010
     0.18024000E+002     0.56127616E-002    -0.10448294E-010    -0.10443435E-010
     0.18032000E+002     0.16407802E-001    -0.94781834E-011    -0.94751935E-011
     0.18040000E+002     0.26126421E-001    -0.80495250E-011    -0.80480930E-011
     0.18048000E+002     0.34564803E-001    -0.62488478E-011    -0.62484969E-011
     0.18056000E+002     0.41624399E-001    -0.41866350E-011    -0.41862278E-011
     0.18064000E+002     0.47315384E-001    -0.19919602E-011    -0.19925306E-011
     0.18072000E+002     0.51746747E-001     0.19983090E-012     0.19649889E-012
     0.18080000E+002     0.55102275E-001     0.22570115E-011     0.22512429E-011
     0.18088000E+002     0.57604497E-001     0.40555663E-011     0.40481057E-011
     0.18096000E+002     0.59475224E-001     0.54867828E-011     0.54793057E-011
     0.18104000E+002     0.60896810E-001     0.64621744E-011     0.64551034E-011
     0.18112000E+002     0.61979637E-001     0.69211975E-011     0.69128766E-011
     0.18120000E+002     0.62739972E-001     0.68389402E-011     0.68293508E-011
     0.18128000E+002     0.63089930E-001     0.62240079E-011     0.62139150E-011
     0.18136000E+002     0.62844992E-001     0.51167954E-011     0.51077825E-011
     0.18144000E+002     0.61747390E-001     0.35855047E-011     0.35790606E-011
     0.18152000E+002     0.59501292E-001     0.17216883E-011     0.17165553E-011
     0.18160000E+002     0.55815502E-001    -0.36020826E-012    -0.36475396E-012
     0.18168000E+002     0.50446575E-001    -0.25315396E-011    -0.25351305E-011
     0.18176000E+002     0.43239378E-001    -0.46595017E-011    -0.46614490E-011
     0.18184000E+002     0.34159448E-001    -0.66154693E-011    -0.66143036E-011
     0.18192000E+002     0.23310820E-001    -0.82845531E-011    -0.82813081E-011
     0.18200000E+002     0.10937323E-001    -0.95676063E-011    -0.95641177E-011
     0.18208000E+002    -0.25931499E-002    -0.10385916E-010    -0.10382519E-010
     0.18216000E+002    -0.16817908E-001    -0.10689114E-010    -0.10685959E-010
     0.18224000E+002    -0.31218026E-001    -0.10458119E-010    -0.10454173E-010
     0.18232000E+002    -0.45263373E-001    -0.97087417E-011    -0.97043330E-011
     0.18240000E+002    -0.58458980E-001    -0.84881200E-011    -0.84854158E-011
     0.18248000E+002    -0.70386242E-001    -0.68683006E-011    -0.68679142E-011
     0.18256000E+002    -0.80733621E-001    -0.49451862E-011    -0.49471012E-011
     0.18264000E+002    -0.89313290E-001    -0.28334394E-011    -0.28364977E-011
     0.18272000E+002    -0.96063015E-001    -0.66157476E-012    -0.66476580E-012
     0.18280000E+002    -0.10103548E+000     0.14359599E-011     0.14311508E-011
     0.18288000E+002    -0.10437454E+000     0.33319246E-011     0.33247757E-011
     0.18296000E+002    -0.10628227E+000     0.49122794E-011     0.49031206E-011
     0.18304000E+002    -0.10698165E+000     0.60814930E-011     0.60714994E-011
     0.18312000E+002    -0.10667943E+000     0.67672630E-011     0.67584553E-011
     0.18320000E+002    -0.10553687E+000     0.69231096E-011     0.69149702E-011
     0.18328000E+002    -0.10364961E+000     0.65362362E-011     0.65276794E-011
     0.18336000E+002    -0.10103897E+000     0.56292252E-011     0.56203922E-011
     0.18344000E+002    -0.97656983E-001     0.42564761E-011     0.42479846E-011
     0.18352000E+002    -0.93402538E-001     0.25008130E-011     0.24947375E-011
     0.18360000E+002    -0.88148575E-001     0.46564787E-012     0.46233011E-012
     0.18368000E+002    -0.81774392E-001    -0.17280166E-011    -0.17301117E-011
     0.18376000E+002    -0.74197060E-001    -0.39456545E-011    -0.39469987E-011
     0.18384000E+002    -0.65399865E-001    -0.60500442E-011    -0.60508294E-011
     0.18392000E+002    -0.55452171E-001    -0.79099199E-011    -0.79088721E-011
     0.18400000E+002    -0.44518905E-001    -0.94110778E-011    -0.94073043E-011
     0.18408000E+002    -0.32857299E-001    -0.10463176E-010    -0.10458391E-010
     0.18416000E+002    -0.20799013E-001    -0.11000597E-010    -0.10995961E-010
     0.18424000E+002    -0.87221616E-002    -0.10988279E-010    -0.10984503E-010
     0.18432000E+002     0.29834396E-002    -0.10424604E-010    -0.10421383E-010
     0.18440000E+002     0.13953665E-001    -0.93431994E-011    -0.93392835E-011
     0.18448000E+002     0.23885315E-001    -0.78129493E-011    -0.78095982E-011
     0.18456000E+002     0.32565446E-001    -0.59286911E-011    -0.59274398E-011
     0.18464000E+002     0.39889514E-001    -0.38049671E-011    -0.38063849E-011
     0.18472000E+002     0.45863824E-001    -0.15705005E-011    -0.15745604E-011
     0.18480000E+002     0.50593312E-001     0.63939362E-012     0.63449923E-012
     0.18488000E+002     0.54256411E-001     0.26877098E-011     0.26821160E-011
     0.18496000E+002     0.57070637E-001     0.44476489E-011     0.44401021E-011
     0.18504000E+002     0.59253765E-001     0.58131801E-011     0.58035533E-011
     0.18512000E+002     0.60983485E-001     0.67034242E-011     0.66919407E-011
     0.18520000E+002     0.62363348E-001     0.70676852E-011     0.70564066E-011
     0.18528000E+002     0.63401108E-001     0.68848971E-011     0.68753127E-011
     0.18536000E+002     0.64001387E-001     0.61655783E-011     0.61567105E-011
     0.18544000E+002     0.63975079E-001     0.49555371E-011     0.49469516E-011
     0.18552000E+002     0.63061748E-001     0.33312747E-011     0.33227515E-011
     0.18560000E+002     0.60963710E-001     0.13950878E-011     0.13878179E-011
     0.18568000E+002     0.57389706E-001    -0.73389218E-012    -0.73794292E-012
     0.18576000E+002     0.52099580E-001    -0.29289771E-011    -0.29305974E-011
     0.18584000E+002     0.44945270E-001    -0.50584921E-011    -0.50588592E-011
     0.18592000E+002     0.35900665E-001    -0.69935534E-011    -0.69934984E-011
     0.18600000E+002     0.25076851E-001    -0.86163123E-011    -0.86159502E-011
     0.18608000E+002     0.12723945E-001    -0.98277737E-011    -0.98253252E-011
     0.18616000E+002    -0.78405587E-003    -0.10557499E-010    -0.10553138E-010
     0.18624000E+002    -0.14979035E-001    -0.10763998E-010    -0.10759329E-010
     0.18632000E+002    -0.29339981E-001    -0.10434836E-010    -0.10430955E-010
     0.18640000E+002    -0.43340803E-001    -0.95886877E-011    -0.95865601E-011
     0.18648000E+002    -0.56495118E-001    -0.82739886E-011    -0.82724310E-011
     0.18656000E+002    -0.68395340E-001    -0.65703139E-011    -0.65686249E-011
     0.18664000E+002    -0.78742128E-001    -0.45827032E-011    -0.45822298E-011
     0.18672000E+002    -0.87360849E-001    -0.24313845E-011    -0.24329969E-011
     0.18680000E+002    -0.94203952E-001    -0.24574127E-012    -0.25027029E-012
     0.18688000E+002    -0.99336840E-001     0.18439762E-011     0.18374545E-011
     0.18696000E+002    -0.10291042E+000     0.37113541E-011     0.37046340E-011
     0.18704000E+002    -0.10512696E+000     0.52397121E-011     0.52323423E-011
     0.18712000E+002    -0.10620317E+000     0.63338170E-011     0.63252912E-011
     0.18720000E+002    -0.10633523E+000     0.69256734E-011     0.69156322E-011
     0.18728000E+002    -0.10566936E+000     0.69788934E-011     0.69679602E-011
     0.18736000E+002    -0.10428088E+000     0.64895735E-011     0.64801414E-011
     0.18744000E+002    -0.10216739E+000     0.54829492E-011     0.54753919E-011
     0.18752000E+002    -0.99256627E-001     0.40159492E-011     0.40095241E-011
     0.18760000E+002    -0.95425617E-001     0.21757814E-011     0.21699550E-011
     0.18768000E+002    -0.90528969E-001     0.74371278E-013     0.68834196E-013
     0.18776000E+002    -0.84430422E-001    -0.21582789E-011    -0.21616018E-011
     0.18784000E+002    -0.77035713E-001    -0.43866613E-011    -0.43868063E-011
     0.18792000E+002    -0.68323197E-001    -0.64765669E-011    -0.64746635E-011
     0.18800000E+002    -0.58364332E-001    -0.82998404E-011    -0.82969692E-011
     0.18808000E+002    -0.47332151E-001    -0.97430948E-011    -0.97406418E-011
     0.18816000E+002    -0.35495230E-001    -0.10713935E-010    -0.10711214E-010
     0.18824000E+002    -0.23198792E-001    -0.11150851E-010    -0.11146493E-010
     0.18832000E+002    -0.10837361E-001    -0.11028632E-010    -0.11023588E-010
     0.18840000E+002     0.11816255E-002    -0.10355490E-010    -0.10350953E-010
     0.18848000E+002     0.12477679E-001    -0.91725855E-011    -0.91701522E-011
     0.18856000E+002     0.22734814E-001    -0.75503913E-011    -0.75503966E-011
     0.18864000E+002     0.31731497E-001    -0.55863354E-011    -0.55870232E-011
     0.18872000E+002     0.39355990E-001    -0.34027381E-011    -0.34041109E-011
     0.18880000E+002     0.45608582E-001    -0.11353437E-011    -0.11381564E-011
     0.18888000E+002     0.50590237E-001     0.10764561E-011     0.10713067E-011
     0.18896000E+002     0.54477815E-001     0.30986531E-011     0.30905216E-011
     0.18904000E+002     0.57489132E-001     0.48109714E-011     0.48017925E-011
     0.18912000E+002     0.59841329E-001     0.61092144E-011     0.61001891E-011
     0.18920000E+002     0.61710465E-001     0.69133768E-011     0.69042396E-011
     0.18928000E+002     0.63199227E-001     0.71753815E-011     0.71658811E-011
     0.18936000E+002     0.64315839E-001     0.68816836E-011     0.68710963E-011
     0.18944000E+002     0.64966762E-001     0.60552794E-011     0.60451268E-011
     0.18952000E+002     0.64964485E-001     0.47495398E-011     0.47417904E-011
     0.18960000E+002     0.64050252E-001     0.30436396E-011     0.30381761E-011
     0.18968000E+002     0.61930196E-001     0.10414566E-011     0.10379111E-011
     0.18976000E+002     0.58319149E-001    -0.11350280E-011    -0.11378764E-011
     0.18984000E+002     0.52984710E-001    -0.33514247E-011    -0.33534334E-011
     0.18992000E+002     0.45786898E-001    -0.54717289E-011    -0.54710292E-011
     0.19000000E+002     0.36707747E-001    -0.73701732E-011    -0.73669061E-011
     0.19008000E+002     0.25867435E-001    -0.89347951E-011    -0.89298779E-011
     0.19016000E+002     0.13524791E-001    -0.10073074E-010    -0.10068123E-010
     0.19024000E+002     0.59593242E-004    -0.10716034E-010    -0.10712338E-010
     0.19032000E+002    -0.14058981E-001    -0.10822529E-010    -0.10818698E-010
     0.19040000E+002    -0.28313725E-001    -0.10386958E-010    -0.10382472E-010
     0.19048000E+002    -0.42185759E-001    -0.94376795E-011    -0.94333410E-011
     0.19056000E+002    -0.55198905E-001    -0.80330478E-011    -0.80300671E-011
     0.19064000E+002    -0.66959727E-001    -0.62574925E-011    -0.62576314E-011
     0.19072000E+002    -0.77186254E-001    -0.42149927E-011    -0.42174087E-011
     0.19080000E+002    -0.85721791E-001    -0.20278420E-011    -0.20310562E-011
     0.19088000E+002    -0.92534046E-001     0.16978074E-012     0.16569423E-012
     0.19096000E+002    -0.97699067E-001     0.22431003E-011     0.22377590E-011
     0.19104000E+002    -0.10137476E+000     0.40650811E-011     0.40570597E-011
     0.19112000E+002    -0.10376696E+000     0.55264508E-011     0.55160377E-011
     0.19120000E+002    -0.10509078E+000     0.65392304E-011     0.65285747E-011
     0.19128000E+002    -0.10553430E+000     0.70387187E-011     0.70285499E-011
     0.19136000E+002    -0.10522911E+000     0.69907361E-011     0.69813186E-011
     0.19144000E+002    -0.10423229E+000     0.63944078E-011     0.63849077E-011
     0.19152000E+002    -0.10252227E+000     0.52845370E-011     0.52745135E-011
     0.19160000E+002    -0.10000675E+000     0.37291325E-011     0.37206093E-011
     0.19168000E+002    -0.96542449E-001     0.18205291E-011     0.18145819E-011
     0.19176000E+002    -0.91964934E-001    -0.32800093E-012    -0.33131253E-012
     0.19184000E+002    -0.86123549E-001    -0.25875255E-011    -0.25890214E-011
     0.19192000E+002    -0.78916693E-001    -0.48201158E-011    -0.48213776E-011
     0.19200000E+002    -0.70321181E-001    -0.68857667E-011    -0.68858689E-011
     0.19208000E+002    -0.60411070E-001    -0.86562528E-011    -0.86540732E-011
     0.19216000E+002    -0.49365719E-001    -0.10023511E-010    -0.10019344E-010
     0.19224000E+002    -0.37464243E-001    -0.10903974E-010    -0.10898673E-010
     0.19232000E+002    -0.25065966E-001    -0.11243539E-010    -0.11239336E-010
     0.19240000E+002    -0.12579671E-001    -0.11018160E-010    -0.11015353E-010
     0.19248000E+002    -0.42416824E-003    -0.10238993E-010    -0.10236188E-010
     0.19256000E+002     0.11011576E-001    -0.89546914E-011    -0.89518201E-011
     0.19264000E+002     0.21404480E-001    -0.72454650E-011    -0.72428740E-011
     0.19272000E+002     0.30527169E-001    -0.52178351E-011    -0.52173638E-011
     0.19280000E+002     0.38265092E-001    -0.29950837E-011    -0.29978972E-011
     0.19288000E+002     0.44620306E-001    -0.71049310E-012    -0.71502101E-012
     0.19296000E+002     0.49698398E-001     0.14959719E-011     0.14906592E-011
     0.19304000E+002     0.53680510E-001     0.34882778E-011     0.34825693E-011
     0.19312000E+002     0.56787697E-001     0.51435079E-011     0.51366399E-011
     0.19320000E+002     0.59240234E-001     0.63613525E-011     0.63518302E-011
     0.19328000E+002     0.61218344E-001     0.70719670E-011     0.70610683E-011
     0.19336000E+002     0.62828503E-001     0.72349206E-011     0.72243001E-011
     0.19344000E+002     0.64079519E-001     0.68414349E-011     0.68319598E-011
     0.19352000E+002     0.64875746E-001     0.59162701E-011     0.59081284E-011
     0.19360000E+002     0.65026900E-001     0.45166649E-011     0.45083125E-011
     0.19368000E+002     0.64272814E-001     0.27319751E-011     0.27237807E-011
     0.19376000E+002     0.62319666E-001     0.67412152E-012     0.66781492E-012
     0.19384000E+002     0.58881761E-001    -0.15318383E-011    -0.15355416E-011
     0.19392000E+002     0.53726129E-001    -0.37532475E-011    -0.37539698E-011
     0.19400000E+002     0.46713407E-001    -0.58579603E-011    -0.58573357E-011
     0.19408000E+002     0.37827573E-001    -0.77185269E-011    -0.77176317E-011
     0.19416000E+002     0.27190780E-001    -0.92209347E-011    -0.92186196E-011
     0.19424000E+002     0.15060843E-001    -0.10275724E-010    -0.10271658E-010
     0.19432000E+002     0.18131079E-002    -0.10821342E-010    -0.10815541E-010
     0.19440000E+002    -0.12089787E-001    -0.10827647E-010    -0.10821644E-010
     0.19448000E+002    -0.26138952E-001    -0.10295058E-010    -0.10291074E-010
     0.19456000E+002    -0.39825865E-001    -0.92529885E-011    -0.92505319E-011
     0.19464000E+002    -0.52687665E-001    -0.77633049E-011    -0.77616371E-011
     0.19472000E+002    -0.64346044E-001    -0.59165786E-011    -0.59154098E-011
     0.19480000E+002    -0.74532664E-001    -0.38259419E-011    -0.38258013E-011
     0.19488000E+002    -0.83101446E-001    -0.16191868E-011    -0.16222024E-011
     0.19496000E+002    -0.90027805E-001     0.57237081E-012     0.56631850E-012
     0.19504000E+002    -0.95392745E-001     0.26177258E-011     0.26102175E-011
     0.19512000E+002    -0.99355545E-001     0.43919341E-011     0.43840706E-011
     0.19520000E+002    -0.10211693E+000     0.57849224E-011     0.57774333E-011
     0.19528000E+002    -0.10387959E+000     0.67082482E-011     0.66996562E-011
     0.19536000E+002    -0.10481434E+000     0.71047482E-011     0.70944015E-011
     0.19544000E+002    -0.10503265E+000     0.69506003E-011     0.69400629E-011
     0.19552000E+002    -0.10457023E+000     0.62529848E-011     0.62435224E-011
     0.19560000E+002    -0.10338266E+000     0.50510041E-011     0.50438575E-011
     0.19568000E+002    -0.10135411E+000     0.34130719E-011     0.34074949E-011
     0.19576000E+002    -0.98321241E-001     0.14364646E-011     0.14309222E-011
     0.19584000E+002    -0.94105236E-001    -0.75695411E-012    -0.76163773E-012
     0.19592000E+002    -0.88547188E-001    -0.30327515E-011    -0.30356077E-011
     0.19600000E+002    -0.81542138E-001    -0.52519655E-011    -0.52520398E-011
     0.19608000E+002    -0.73066780E-001    -0.72800020E-011    -0.72775236E-011
     0.19616000E+002    -0.63199760E-001    -0.89933665E-011    -0.89905207E-011
     0.19624000E+002    -0.52129449E-001    -0.10283750E-010    -0.10280846E-010
     0.19632000E+002    -0.40146135E-001    -0.11068895E-010    -0.11065371E-010
     0.19640000E+002    -0.27620576E-001    -0.11299359E-010    -0.11294863E-010
     0.19648000E+002    -0.14971479E-001    -0.10961309E-010    -0.10955765E-010
     0.19656000E+002    -0.26271317E-002    -0.10077471E-010    -0.10073114E-010
     0.19664000E+002     0.90145143E-002    -0.87010181E-011    -0.86990788E-011
     0.19672000E+002     0.19624058E-001    -0.69140503E-011    -0.69138560E-011
     0.19680000E+002     0.28971091E-001    -0.48258052E-011    -0.48268480E-011
     0.19688000E+002     0.36940923E-001    -0.25650158E-011    -0.25664650E-011
     0.19696000E+002     0.43536156E-001    -0.27288621E-012    -0.27593293E-012
     0.19704000E+002     0.48862208E-001     0.19097629E-011     0.19035486E-011
     0.19712000E+002     0.53100347E-001     0.38523673E-011     0.38438852E-011
     0.19720000E+002     0.56471780E-001     0.54382104E-011     0.54286134E-011
     0.19728000E+002     0.59195384E-001     0.65718168E-011     0.65626726E-011
     0.19736000E+002     0.61446834E-001     0.71837122E-011     0.71752145E-011
     0.19744000E+002     0.63324754E-001     0.72368851E-011     0.72273651E-011
     0.19752000E+002     0.64829279E-001     0.67326308E-011     0.67224402E-011
     0.19760000E+002     0.65857311E-001     0.57062131E-011     0.56965397E-011
     0.19768000E+002     0.66212161E-001     0.42232747E-011     0.42155915E-011
     0.19776000E+002     0.65628154E-001     0.23749451E-011     0.23702735E-011
     0.19784000E+002     0.63807416E-001     0.27223324E-012     0.26888361E-012
     0.19792000E+002     0.60463283E-001    -0.19557554E-011    -0.19586145E-011
     0.19800000E+002     0.55366146E-001    -0.41717316E-011    -0.41735085E-011
     0.19808000E+002     0.48382557E-001    -0.62411435E-011    -0.62411597E-011
     0.19816000E+002     0.39503147E-001    -0.80400723E-011    -0.80371939E-011
     0.19824000E+002     0.28856801E-001    -0.94639351E-011    -0.94595027E-011
     0.19832000E+002     0.16708025E-001    -0.10428856E-010    -0.10424755E-010
     0.19840000E+002     0.34391562E-002    -0.10875616E-010    -0.10871841E-010
     0.19848000E+002    -0.10482111E-001    -0.10776870E-010    -0.10773283E-010
     0.19856000E+002    -0.24545750E-001    -0.10138577E-010    -0.10134241E-010
     0.19864000E+002    -0.38245727E-001    -0.90015344E-011    -0.89969909E-011
     0.19872000E+002    -0.51124520E-001    -0.74362833E-011    -0.74337929E-011
     0.19880000E+002    -0.62810569E-001    -0.55354737E-011    -0.55354533E-011
     0.19888000E+002    -0.73044197E-001    -0.34120952E-011    -0.34143030E-011
     0.19896000E+002    -0.81690173E-001    -0.11935280E-011    -0.11969753E-011
     0.19904000E+002    -0.88734154E-001     0.98469731E-012     0.98066770E-012
     0.19912000E+002    -0.94263900E-001     0.29875102E-011     0.29812029E-011
     0.19920000E+002    -0.98440029E-001     0.46934212E-011     0.46842898E-011
     0.19928000E+002    -0.10146001E+000     0.59997160E-011     0.59885434E-011
     0.19936000E+002    -0.10352042E+000     0.68266335E-011     0.68147619E-011
     0.19944000E+002    -0.10478230E+000     0.71216365E-011     0.71109475E-011
     0.19952000E+002    -0.10534283E+000     0.68613769E-011     0.68512286E-011
     0.19960000E+002    -0.10521993E+000     0.60583207E-011     0.60477694E-011
     0.19968000E+002    -0.10435154E+000     0.47606821E-011     0.47503806E-011
     0.19976000E+002    -0.10260762E+000     0.30466161E-011     0.30375266E-011
     0.19984000E+002    -0.99814298E-001     0.10194883E-011     0.10135479E-011
     0.19992000E+002    -0.95784272E-001    -0.12005674E-011    -0.12033556E-011
     0.20000000E+002    -0.90352487E-001    -0.34804602E-011    -0.34819025E-011
     0.20008000E+002    -0.83412446E-001    -0.56791048E-011    -0.56795839E-011
     0.20016000E+002    -0.74945131E-001    -0.76594697E-011    -0.76589692E-011
     0.20024000E+002    -0.65037911E-001    -0.92976793E-011    -0.92950728E-011
     0.20032000E+002    -0.53888969E-001    -0.10493126E-010    -0.10487897E-010
     0.20040000E+002    -0.41798188E-001    -0.11174014E-010    -0.11168242E-010
     0.20048000E+002    -0.29146755E-001    -0.11296983E-010    -0.11291901E-010
     0.20056000E+002    -0.16364208E-001    -0.10852075E-010    -0.10848155E-010
     0.20064000E+002    -0.38881477E-002    -0.98646821E-011    -0.98615383E-011
     0.20072000E+002     0.78783239E-002    -0.83952630E-011    -0.83917702E-011
     0.20080000E+002     0.18605140E-001    -0.65370429E-011    -0.65345929E-011
     0.20088000E+002     0.28063004E-001    -0.44049111E-011    -0.44049823E-011
     0.20096000E+002     0.36139006E-001    -0.21281858E-011    -0.21309755E-011
     0.20104000E+002     0.42838313E-001     0.15507821E-012     0.14987285E-012
     0.20112000E+002     0.48269992E-001     0.23063351E-011     0.23005080E-011
     0.20120000E+002     0.52619073E-001     0.41922689E-011     0.41858553E-011
     0.20128000E+002     0.56107740E-001     0.56967900E-011     0.56885207E-011
     0.20136000E+002     0.58952665E-001     0.67308249E-011     0.67208580E-011
     0.20144000E+002     0.61325947E-001     0.72348129E-011     0.72236490E-011
     0.20152000E+002     0.63322987E-001     0.71820946E-011     0.71717004E-011
     0.20160000E+002     0.64941523E-001     0.65774220E-011     0.65690092E-011
     0.20168000E+002     0.66075469E-001     0.54577041E-011     0.54500460E-011
     0.20176000E+002     0.66524580E-001     0.38941700E-011     0.38869173E-011
     0.20184000E+002     0.66021254E-001     0.19855063E-011     0.19787572E-011
     0.20192000E+002     0.64268871E-001    -0.14905478E-012    -0.15410046E-012
     0.20200000E+002     0.60984884E-001    -0.23792195E-011    -0.23808948E-011
     0.20208000E+002     0.55944765E-001    -0.45729233E-011    -0.45724095E-011
     0.20216000E+002     0.49019768E-001    -0.65988219E-011    -0.65974644E-011
     0.20224000E+002     0.40205874E-001    -0.83343288E-011    -0.83327097E-011
     0.20232000E+002     0.29638691E-001    -0.96743327E-011    -0.96723927E-011
     0.20240000E+002     0.17589106E-001    -0.10538122E-010    -0.10534242E-010
     0.20248000E+002     0.44430335E-002    -0.10877279E-010    -0.10871981E-010
     0.20256000E+002    -0.93330749E-002    -0.10674271E-010    -0.10669447E-010
     0.20264000E+002    -0.23234524E-001    -0.99411486E-011    -0.99377418E-011
     0.20272000E+002    -0.36762923E-001    -0.87210157E-011    -0.87196373E-011
     0.20280000E+002    -0.49471323E-001    -0.70856159E-011    -0.70849226E-011
     0.20288000E+002    -0.61001716E-001    -0.51347824E-011    -0.51341123E-011
     0.20296000E+002    -0.71110133E-001    -0.29890158E-011    -0.29898547E-011
     0.20304000E+002    -0.79676573E-001    -0.77806026E-012    -0.78118173E-012
     0.20312000E+002    -0.86698022E-001     0.13650679E-011     0.13591520E-011
     0.20320000E+002    -0.92269987E-001     0.33119931E-011     0.33043674E-011
     0.20328000E+002    -0.96557610E-001     0.49439678E-011     0.49363962E-011
     0.20336000E+002    -0.99758993E-001     0.61578727E-011     0.61497379E-011
     0.20344000E+002    -0.10206664E+000     0.68774746E-011     0.68682333E-011
     0.20352000E+002    -0.10363162E+000     0.70576913E-011     0.70472231E-011
     0.20360000E+002    -0.10453778E+000     0.66868244E-011     0.66758737E-011
     0.20368000E+002    -0.10478902E+000     0.57861841E-011     0.57770441E-011
     0.20376000E+002    -0.10430851E+000     0.44058382E-011     0.43986766E-011
     0.20384000E+002    -0.10295097E+000     0.26260458E-011     0.26200037E-011
     0.20392000E+002    -0.10052681E+000     0.55423658E-012     0.54903910E-012
     0.20400000E+002    -0.96835367E-001    -0.16827415E-011    -0.16871314E-011
     0.20408000E+002    -0.91703330E-001    -0.39463923E-011    -0.39481374E-011
     0.20416000E+002    -0.85020133E-001    -0.60990849E-011    -0.60975781E-011
     0.20424000E+002    -0.76765418E-001    -0.80105841E-011    -0.80073749E-011
     0.20432000E+002    -0.67026988E-001    -0.95625388E-011    -0.95587409E-011
     0.20440000E+002    -0.56005489E-001    -0.10657430E-010    -0.10654129E-010
     0.20448000E+002    -0.44005822E-001    -0.11224408E-010    -0.11220800E-010
     0.20456000E+002    -0.31414392E-001    -0.11227339E-010    -0.11222247E-010
     0.20464000E+002    -0.18663495E-001    -0.10668038E-010    -0.10662808E-010
     0.20472000E+002    -0.61907555E-002    -0.95813427E-011    -0.95773261E-011
     0.20480000E+002     0.56025973E-002    -0.80334096E-011    -0.80318661E-011
     0.20488000E+002     0.16388737E-001    -0.61173021E-011    -0.61181628E-011
     0.20496000E+002     0.25940909E-001    -0.39490261E-011    -0.39503766E-011
     0.20504000E+002     0.34149749E-001    -0.16637435E-011    -0.16657472E-011
     0.20512000E+002     0.41023169E-001     0.59694062E-012     0.59330215E-012
     0.20520000E+002     0.46670476E-001     0.26950103E-011     0.26889834E-011
     0.20528000E+002     0.51273579E-001     0.45041429E-011     0.44953783E-011
     0.20536000E+002     0.55048491E-001     0.59174110E-011     0.59079733E-011
     0.20544000E+002     0.58204428E-001     0.68492421E-011     0.68402040E-011
     0.20552000E+002     0.60904126E-001     0.72427593E-011     0.72335500E-011
     0.20560000E+002     0.63231098E-001     0.70762050E-011     0.70665523E-011
     0.20568000E+002     0.65169916E-001     0.63631698E-011     0.63525769E-011
     0.20576000E+002     0.66601744E-001     0.51524550E-011     0.51425386E-011
     0.20584000E+002     0.67316860E-001     0.35207046E-011     0.35133166E-011
     0.20592000E+002     0.67041681E-001     0.15668204E-011     0.15615195E-011
     0.20600000E+002     0.65476098E-001    -0.59000142E-012    -0.59369635E-012
     0.20608000E+002     0.62337450E-001    -0.28182259E-011    -0.28212557E-011
     0.20616000E+002     0.57405234E-001    -0.49809022E-011    -0.49829025E-011
     0.20624000E+002     0.50559685E-001    -0.69462947E-011    -0.69454420E-011
     0.20632000E+002     0.41808688E-001    -0.85989195E-011    -0.85956932E-011
     0.20640000E+002     0.31298633E-001    -0.98420022E-011    -0.98376215E-011
     0.20648000E+002     0.19308449E-001    -0.10602316E-010    -0.10598222E-010
     0.20656000E+002     0.62291489E-002    -0.10833974E-010    -0.10831109E-010
     0.20664000E+002    -0.74703227E-002    -0.10521461E-010    -0.10518321E-010
     0.20672000E+002    -0.21286421E-001    -0.96853612E-011    -0.96816685E-011
     0.20680000E+002    -0.34727704E-001    -0.83786951E-011    -0.83756602E-011
     0.20688000E+002    -0.47359318E-001    -0.66812759E-011    -0.66801100E-011
     0.20696000E+002    -0.58837247E-001    -0.46952292E-011    -0.46972882E-011
     0.20704000E+002    -0.68931006E-001    -0.25378910E-011    -0.25419523E-011
     0.20712000E+002    -0.77532657E-001    -0.33951394E-012    -0.34401877E-012
     0.20720000E+002    -0.84650352E-001     0.17641188E-011     0.17588315E-011
     0.20728000E+002    -0.90388720E-001     0.36435841E-011     0.36370363E-011
     0.20736000E+002    -0.94916714E-001     0.51834833E-011     0.51745684E-011
     0.20744000E+002    -0.98429422E-001     0.62911355E-011     0.62805137E-011
     0.20752000E+002    -0.10111076E+000     0.68991718E-011     0.68891263E-011
     0.20760000E+002    -0.10309949E+000     0.69665954E-011     0.69575552E-011
     0.20768000E+002    -0.10446424E+000     0.64851811E-011     0.64770181E-011
     0.20776000E+002    -0.10518967E+000     0.54807730E-011     0.54726431E-011
     0.20784000E+002    -0.10517662E+000     0.40133797E-011     0.40049848E-011
     0.20792000E+002    -0.10425829E+000     0.21730150E-011     0.21664007E-011
     0.20800000E+002    -0.10222742E+000     0.69634377E-013     0.65608304E-013
     0.20808000E+002    -0.98870487E-001    -0.21709771E-011    -0.21727735E-011
     0.20816000E+002    -0.94004542E-001    -0.44129832E-011    -0.44133822E-011
     0.20824000E+002    -0.87511994E-001    -0.65182415E-011    -0.65185016E-011
     0.20832000E+002    -0.79370223E-001    -0.83537805E-011    -0.83527350E-011
     0.20840000E+002    -0.69670259E-001    -0.98052107E-011    -0.98018022E-011
     0.20848000E+002    -0.58619862E-001    -0.10783987E-010    -0.10778895E-010
     0.20856000E+002    -0.46531895E-001    -0.11230022E-010    -0.11224268E-010
     0.20864000E+002    -0.33799755E-001    -0.11115424E-010    -0.11110988E-010
     0.20872000E+002    -0.20863235E-001    -0.10444083E-010    -0.10440991E-010
     0.20880000E+002    -0.81690640E-002    -0.92551329E-011    -0.92520188E-011
     0.20888000E+002     0.38719031E-002    -0.76232311E-011    -0.76204834E-011
     0.20896000E+002     0.14923643E-001    -0.56502953E-011    -0.56486753E-011
     0.20904000E+002     0.24753441E-001    -0.34587166E-011    -0.34599242E-011
     0.20912000E+002     0.33246650E-001    -0.11814456E-011    -0.11861899E-011
     0.20920000E+002     0.40404809E-001     0.10450296E-011     0.10387000E-011
     0.20928000E+002     0.46330222E-001     0.30842129E-011     0.30771977E-011
     0.20936000E+002     0.51198536E-001     0.48105703E-011     0.48029819E-011
     0.20944000E+002     0.55220341E-001     0.61185626E-011     0.61097386E-011
     0.20952000E+002     0.58599299E-001     0.69305213E-011     0.69194396E-011
     0.20960000E+002     0.61491315E-001     0.72025193E-011     0.71909462E-011
     0.20968000E+002     0.63972963E-001     0.69214552E-011     0.69111644E-011
     0.20976000E+002     0.66024323E-001     0.61058439E-011     0.60973071E-011
     0.20984000E+002     0.67525110E-001     0.48067299E-011     0.47998063E-011
     0.20992000E+002     0.68267041E-001     0.31048283E-011     0.30979928E-011
     0.21000000E+002     0.67980258E-001     0.11081209E-011     0.11018798E-011
     0.21008000E+002     0.66371324E-001    -0.10590797E-011    -0.10629995E-011
     0.21016000E+002     0.63168843E-001    -0.32662206E-011    -0.32675337E-011
     0.21024000E+002     0.58166550E-001    -0.53815451E-011    -0.53803598E-011
     0.21032000E+002     0.51259208E-001    -0.72797757E-011    -0.72778052E-011
     0.21040000E+002     0.42467247E-001    -0.88463518E-011    -0.88445052E-011
     0.21048000E+002     0.31946810E-001    -0.99856746E-011    -0.99826276E-011
     0.21056000E+002     0.19984897E-001    -0.10631191E-010    -0.10626737E-010
     0.21064000E+002     0.69772300E-002    -0.10746829E-010    -0.10741280E-010
     0.21072000E+002    -0.66083462E-002    -0.10328432E-010    -0.10323260E-010
     0.21080000E+002    -0.20275733E-001    -0.94018091E-011    -0.93988570E-011
     0.21088000E+002    -0.33546157E-001    -0.80201949E-011    -0.80185896E-011
     0.21096000E+002    -0.45999599E-001    -0.62665554E-011    -0.62655216E-011
     0.21104000E+002    -0.57308347E-001    -0.42482321E-011    -0.42478441E-011
     0.21112000E+002    -0.67260358E-001    -0.20890426E-011    -0.20900151E-011
     0.21120000E+002    -0.75766571E-001     0.79120533E-013     0.74876887E-013
     0.21128000E+002    -0.82851573E-001     0.21270552E-011     0.21200363E-011
     0.21136000E+002    -0.88630717E-001     0.39315526E-011     0.39234957E-011
     0.21144000E+002    -0.93276940E-001     0.53808501E-011     0.53724916E-011
     0.21152000E+002    -0.96984012E-001     0.63836290E-011     0.63752876E-011
     0.21160000E+002    -0.99929129E-001     0.68749822E-011     0.68652245E-011
     0.21168000E+002    -0.10223827E+000     0.68240935E-011     0.68126823E-011
     0.21176000E+002    -0.10396210E+000     0.62341739E-011     0.62231512E-011
     0.21184000E+002    -0.10506442E+000     0.51382876E-011     0.51289309E-011
     0.21192000E+002    -0.10542598E+000     0.35995074E-011     0.35926708E-011
     0.21200000E+002    -0.10486244E+000     0.17075816E-011     0.17023265E-011
     0.21208000E+002    -0.10315104E+000    -0.42325615E-012    -0.42834159E-012
     0.21216000E+002    -0.10006597E+000    -0.26603197E-011    -0.26641018E-011
     0.21224000E+002    -0.95416670E-001    -0.48657346E-011    -0.48671700E-011
     0.21232000E+002    -0.89083615E-001    -0.69044434E-011    -0.69029919E-011
     0.21240000E+002    -0.81047477E-001    -0.86520368E-011    -0.86483542E-011
     0.21248000E+002    -0.71404542E-001    -0.10001005E-010    -0.99974152E-011
     0.21256000E+002    -0.60369088E-001    -0.10864519E-010    -0.10861197E-010
     0.21264000E+002    -0.48262100E-001    -0.11186504E-010    -0.11182711E-010
     0.21272000E+002    -0.35486215E-001    -0.10946700E-010    -0.10942243E-010
     0.21280000E+002    -0.22490576E-001    -0.10160693E-010    -0.10155733E-010
     0.21288000E+002    -0.97281369E-002    -0.88786835E-011    -0.88754349E-011
     0.21296000E+002     0.23876521E-002    -0.71781710E-011    -0.71776034E-011
     0.21304000E+002     0.13519933E-001    -0.51614126E-011    -0.51625176E-011
     0.21312000E+002     0.23436011E-001    -0.29524880E-011    -0.29547687E-011
     0.21320000E+002     0.32021324E-001    -0.68790495E-012    -0.69079635E-012
     0.21328000E+002     0.39278628E-001     0.14915326E-011     0.14867827E-011
     0.21336000E+002     0.45312152E-001     0.34530867E-011     0.34451394E-011
     0.21344000E+002     0.50297571E-001     0.50807819E-011     0.50709518E-011
     0.21352000E+002     0.54442883E-001     0.62776174E-011     0.62672075E-011
     0.21360000E+002     0.57947082E-001     0.69722072E-011     0.69624906E-011
     0.21368000E+002     0.60961484E-001     0.71228959E-011     0.71138302E-011
     0.21376000E+002     0.63559568E-001     0.67222581E-011     0.67122536E-011
     0.21384000E+002     0.65718908E-001     0.58003780E-011     0.57901796E-011
     0.21392000E+002     0.67317466E-001     0.44180664E-011     0.44092000E-011
     0.21400000E+002     0.68147455E-001     0.26617953E-011     0.26555206E-011
     0.21408000E+002     0.67943127E-001     0.63859870E-012     0.63547602E-012
     0.21416000E+002     0.66418617E-001    -0.15301523E-011    -0.15320980E-011
     0.21424000E+002     0.63311111E-001    -0.37116030E-011    -0.37131616E-011
     0.21432000E+002     0.58422160E-001    -0.57721011E-011    -0.57724176E-011
     0.21440000E+002     0.51654202E-001    -0.75880924E-011    -0.75865600E-011
     0.21448000E+002     0.43035296E-001    -0.90524255E-011    -0.90483371E-011
     0.21456000E+002     0.32727409E-001    -0.10081292E-010    -0.10076339E-010
     0.21464000E+002     0.21018577E-001    -0.10614623E-010    -0.10610752E-010
     0.21472000E+002     0.82988503E-002    -0.10619213E-010    -0.10616121E-010
     0.21480000E+002    -0.49744900E-002    -0.10094954E-010    -0.10092273E-010
     0.21488000E+002    -0.18319042E-001    -0.90742545E-011    -0.90711561E-011
     0.21496000E+002    -0.31273267E-001    -0.76211833E-011    -0.76183400E-011
     0.21504000E+002    -0.43438449E-001    -0.58250715E-011    -0.58246745E-011
     0.21512000E+002    -0.54511486E-001    -0.37922841E-011    -0.37943617E-011
     0.21520000E+002    -0.64303741E-001    -0.16442459E-011    -0.16481389E-011
     0.21528000E+002    -0.72744101E-001     0.48909600E-012     0.48440685E-012
     0.21536000E+002    -0.79869107E-001     0.24765518E-011     0.24715868E-011
     0.21544000E+002    -0.85800412E-001     0.41942719E-011     0.41873089E-011
     0.21552000E+002    -0.90711643E-001     0.55378345E-011     0.55285694E-011
     0.21560000E+002    -0.94789637E-001     0.64258982E-011     0.64154850E-011
     0.21568000E+002    -0.98195665E-001     0.68029230E-011     0.67926607E-011
     0.21576000E+002    -0.10103347E+000     0.66428270E-011     0.66341958E-011
     0.21584000E+002    -0.10332864E+000     0.59499172E-011     0.59419164E-011
     0.21592000E+002    -0.10501928E+000     0.47635906E-011     0.47552007E-011
     0.21600000E+002    -0.10596024E+000     0.31561462E-011     0.31482981E-011
     0.21608000E+002    -0.10594136E+000     0.12249885E-011     0.12187425E-011
     0.21616000E+002    -0.10471701E+000    -0.91289034E-012    -0.91596019E-012
     0.21624000E+002    -0.10204471E+000    -0.31295248E-011    -0.31298642E-011
     0.21632000E+002    -0.97724084E-001    -0.52904483E-011    -0.52900837E-011
     0.21640000E+002    -0.91631487E-001    -0.72602695E-011    -0.72593561E-011
     0.21648000E+002    -0.83747760E-001    -0.89150779E-011    -0.89132595E-011
     0.21656000E+002    -0.74173890E-001    -0.10150823E-010    -0.10147061E-010
     0.21664000E+002    -0.63133969E-001    -0.10891495E-010    -0.10885629E-010
     0.21672000E+002    -0.50962078E-001    -0.11092916E-010    -0.11087311E-010
     0.21680000E+002    -0.38073617E-001    -0.10740832E-010    -0.10736620E-010
     0.21688000E+002    -0.24928202E-001    -0.98545012E-011    -0.98517276E-011
     0.21696000E+002    -0.11986963E-001    -0.84870926E-011    -0.84851794E-011
     0.21704000E+002     0.32927957E-003    -0.67230654E-011    -0.67210035E-011
     0.21712000E+002     0.11677037E-001    -0.46739148E-011    -0.46732579E-011
     0.21720000E+002     0.21819615E-001    -0.24659637E-011    -0.24681273E-011
     0.21728000E+002     0.30640864E-001    -0.23270432E-012    -0.23746563E-012
     0.21736000E+002     0.38142620E-001     0.18906535E-011     0.18838935E-011
     0.21744000E+002     0.44426470E-001     0.37755265E-011     0.37684859E-011
     0.21752000E+002     0.49663048E-001     0.53055574E-011     0.52980607E-011
     0.21760000E+002     0.54055290E-001     0.63875147E-011     0.63781729E-011
     0.21768000E+002     0.57797864E-001     0.69594286E-011     0.69486211E-011
     0.21776000E+002     0.61037753E-001     0.69907986E-011     0.69792780E-011
     0.21784000E+002     0.63843218E-001     0.64840878E-011     0.64737039E-011
     0.21792000E+002     0.66186009E-001     0.54719897E-011     0.54636870E-011
     0.21800000E+002     0.67940531E-001     0.40165528E-011     0.40089341E-011
     0.21808000E+002     0.68898912E-001     0.22096799E-011     0.22025938E-011
     0.21816000E+002     0.68797845E-001     0.16455421E-012     0.15851706E-012
     0.21824000E+002     0.67355662E-001    -0.19924424E-011    -0.19961817E-011
     0.21832000E+002     0.64315369E-001    -0.41309927E-011    -0.41310674E-011
     0.21840000E+002     0.59487013E-001    -0.61256314E-011    -0.61235746E-011
     0.21848000E+002     0.52783515E-001    -0.78577249E-011    -0.78549694E-011
     0.21856000E+002     0.44242245E-001    -0.92229759E-011    -0.92198159E-011
     0.21864000E+002     0.34031072E-001    -0.10139551E-010    -0.10135828E-010
     0.21872000E+002     0.22440022E-001    -0.10553304E-010    -0.10547744E-010
     0.21880000E+002     0.98574194E-002    -0.10443522E-010    -0.10437163E-010
     0.21888000E+002    -0.32651327E-002    -0.98197172E-011    -0.98147761E-011
     0.21896000E+002    -0.16456377E-001    -0.87188995E-011    -0.87161089E-011
     0.21904000E+002    -0.29271000E-001    -0.72062547E-011    -0.72058193E-011
     0.21912000E+002    -0.41328183E-001    -0.53715849E-011    -0.53720440E-011
     0.21920000E+002    -0.52341579E-001    -0.33272031E-011    -0.33280202E-011
     0.21928000E+002    -0.62136432E-001    -0.11994718E-011    -0.12022823E-011
     0.21936000E+002    -0.70652598E-001     0.88307147E-012     0.87771325E-012
     0.21944000E+002    -0.77934274E-001     0.27951070E-011     0.27871998E-011
     0.21952000E+002    -0.84104302E-001     0.44215518E-011     0.44124716E-011
     0.21960000E+002    -0.89329870E-001     0.56621262E-011     0.56536382E-011
     0.21968000E+002    -0.93784679E-001     0.64366354E-011     0.64279361E-011
     0.21976000E+002    -0.97612226E-001     0.66951687E-011     0.66856419E-011
     0.21984000E+002    -0.10089639E+000     0.64206214E-011     0.64103475E-011
     0.21992000E+002    -0.10364032E+000     0.56286764E-011     0.56184442E-011
     0.22000000E+002    -0.10575819E+000     0.43659741E-011     0.43578499E-011
     0.22008000E+002    -0.10708261E+000     0.27047535E-011     0.26985791E-011
     0.22016000E+002    -0.10738552E+000     0.74317114E-012     0.73786397E-012
     0.22024000E+002    -0.10641020E+000    -0.13988699E-011    -0.14034511E-011
     0.22032000E+002    -0.10390899E+000    -0.35889982E-011    -0.35927462E-011
     0.22040000E+002    -0.99681276E-001    -0.56907600E-011    -0.56919966E-011
     0.22048000E+002    -0.93608942E-001    -0.75756335E-011    -0.75740245E-011
     0.22056000E+002    -0.85683541E-001    -0.91287859E-011    -0.91260499E-011
     0.22064000E+002    -0.76020555E-001    -0.10252593E-010    -0.10249610E-010
     0.22072000E+002    -0.64859179E-001    -0.10874987E-010    -0.10872404E-010
     0.22080000E+002    -0.52546406E-001    -0.10954278E-010    -0.10951180E-010
     0.22088000E+002    -0.39508844E-001    -0.10484960E-010    -0.10480382E-010
     0.22096000E+002    -0.26215772E-001    -0.94984480E-011    -0.94940578E-011
     0.22104000E+002    -0.13135579E-001    -0.80559022E-011    -0.80530944E-011
     0.22112000E+002    -0.69265790E-003    -0.62452180E-011    -0.62449047E-011
     0.22120000E+002     0.10770217E-001    -0.41760169E-011    -0.41778990E-011
     0.22128000E+002     0.21018916E-001    -0.19745057E-011    -0.19767538E-011
     0.22136000E+002     0.29939166E-001     0.22156956E-012     0.21850227E-012
     0.22144000E+002     0.37534209E-001     0.22763625E-011     0.22713142E-011
     0.22152000E+002     0.43907442E-001     0.40655832E-011     0.40580865E-011
     0.22160000E+002     0.49231867E-001     0.54828552E-011     0.54729772E-011
     0.22168000E+002     0.53711448E-001     0.64458307E-011     0.64358308E-011
     0.22176000E+002     0.57538240E-001     0.68969801E-011     0.68878906E-011
     0.22184000E+002     0.60854565E-001     0.68096335E-011     0.68007080E-011
     0.22192000E+002     0.63724724E-001     0.61927360E-011     0.61837765E-011
     0.22200000E+002     0.66118586E-001     0.50884014E-011     0.50791302E-011
     0.22208000E+002     0.67910587E-001     0.35693590E-011     0.35613748E-011
     0.22216000E+002     0.68893430E-001     0.17303775E-011     0.17252955E-011
     0.22224000E+002     0.68806671E-001    -0.31793532E-012    -0.32094031E-012
     0.22232000E+002     0.67376014E-001    -0.24512743E-011    -0.24528661E-011
     0.22240000E+002     0.64355543E-001    -0.45401693E-011    -0.45411593E-011
     0.22248000E+002     0.59567705E-001    -0.64574461E-011    -0.64574537E-011
     0.22256000E+002     0.52935734E-001    -0.80880087E-011    -0.80853833E-011
     0.22264000E+002     0.44504654E-001    -0.93382528E-011    -0.93337434E-011
     0.22272000E+002     0.34448072E-001    -0.10136580E-010    -0.10131510E-010
     0.22280000E+002     0.23058009E-001    -0.10436714E-010    -0.10432208E-010
     0.22288000E+002     0.10719030E-001    -0.10220753E-010    -0.10217427E-010
     0.22296000E+002    -0.21279785E-002    -0.95007826E-011    -0.94971193E-011
     0.22304000E+002    -0.15027667E-001    -0.83225279E-011    -0.83185111E-011
     0.22312000E+002    -0.27552562E-001    -0.67596529E-011    -0.67568002E-011
     0.22320000E+002    -0.39341037E-001    -0.49066993E-011    -0.49061274E-011
     0.22328000E+002    -0.50127405E-001    -0.28745682E-011    -0.28772909E-011
     0.22336000E+002    -0.59757848E-001    -0.78355177E-012    -0.78818539E-012
     0.22344000E+002    -0.68190133E-001     0.12394007E-011     0.12342913E-011
     0.22352000E+002    -0.75479535E-001     0.30684696E-011     0.30622171E-011
     0.22360000E+002    -0.81752449E-001     0.45907893E-011     0.45828614E-011
     0.22368000E+002    -0.87173619E-001     0.57126558E-011     0.57023060E-011
     0.22376000E+002    -0.91908869E-001     0.63661397E-011     0.63543886E-011
     0.22384000E+002    -0.96087559E-001     0.65103294E-011     0.64996149E-011
     0.22392000E+002    -0.99772899E-001     0.61314036E-011     0.61220010E-011
     0.22400000E+002    -0.10294318E+000     0.52481276E-011     0.52397367E-011
     0.22408000E+002    -0.10548836E+000     0.39114840E-011     0.39034314E-011
     0.22416000E+002    -0.10722069E+000     0.22023728E-011     0.21945856E-011
     0.22424000E+002    -0.10789578E+000     0.22596880E-012     0.22053435E-012
     0.22432000E+002    -0.10724453E+000    -0.18989211E-011    -0.19014221E-011
     0.22440000E+002    -0.10501136E+000    -0.40440376E-011    -0.40443456E-011
     0.22448000E+002    -0.10099408E+000    -0.60775242E-011    -0.60765621E-011
     0.22456000E+002    -0.95079706E-001    -0.78723693E-011    -0.78712940E-011
     0.22464000E+002    -0.87268508E-001    -0.93138034E-011    -0.93114758E-011
     0.22472000E+002    -0.77685629E-001    -0.10311342E-010    -0.10306929E-010
     0.22480000E+002    -0.66579491E-001    -0.10804097E-010    -0.10798654E-010
     0.22488000E+002    -0.54306029E-001    -0.10761282E-010    -0.10755910E-010
     0.22496000E+002    -0.41300299E-001    -0.10184676E-010    -0.10181033E-010
     0.22504000E+002    -0.28036785E-001    -0.91070287E-011    -0.91048304E-011
     0.22512000E+002    -0.14984337E-001    -0.75934601E-011    -0.75912515E-011
     0.22520000E+002    -0.25638333E-002    -0.57395175E-011    -0.57378800E-011
     0.22528000E+002     0.88875320E-002    -0.36609717E-011    -0.36607668E-011
     0.22536000E+002     0.19141710E-001    -0.14863377E-011    -0.14889193E-011
     0.22544000E+002     0.28091486E-001     0.65257538E-012     0.64694237E-012
     0.22552000E+002     0.35747772E-001     0.26275269E-011     0.26209936E-011
     0.22560000E+002     0.42219619E-001     0.43173183E-011     0.43105539E-011
     0.22568000E+002     0.47681306E-001     0.56184310E-011     0.56111161E-011
     0.22576000E+002     0.52333383E-001     0.64528341E-011     0.64442631E-011
     0.22584000E+002     0.56361859E-001     0.67732505E-011     0.67626746E-011
     0.22592000E+002     0.59902390E-001     0.65665767E-011     0.65559885E-011
     0.22600000E+002     0.63011754E-001     0.58492070E-011     0.58402891E-011
     0.22608000E+002     0.65651095E-001     0.46664652E-011     0.46592357E-011
     0.22616000E+002     0.67686787E-001     0.30923209E-011     0.30863976E-011
     0.22624000E+002     0.68906447E-001     0.12245818E-011     0.12186173E-011
     0.22632000E+002     0.69048835E-001    -0.81921992E-012    -0.82444631E-012
     0.22640000E+002     0.67841681E-001    -0.29132287E-011    -0.29158978E-011
     0.22648000E+002     0.65041461E-001    -0.49329510E-011    -0.49331162E-011
     0.22656000E+002     0.60473499E-001    -0.67591455E-011    -0.67573161E-011
     0.22664000E+002     0.54064483E-001    -0.82847309E-011    -0.82826433E-011
     0.22672000E+002     0.45862823E-001    -0.94185659E-011    -0.94169631E-011
     0.22680000E+002     0.36043575E-001    -0.10092345E-010    -0.10089768E-010
     0.22688000E+002     0.24895745E-001    -0.10268745E-010    -0.10265135E-010
     0.22696000E+002     0.12797187E-001    -0.99405149E-011    -0.99364793E-011
     0.22704000E+002     0.17932735E-003    -0.91300160E-011    -0.91269664E-011
     0.22712000E+002    -0.12514620E-001    -0.78864282E-011    -0.78858630E-011
     0.22720000E+002    -0.24871677E-001    -0.62822371E-011    -0.62829438E-011
     0.22728000E+002    -0.36547074E-001    -0.44142783E-011    -0.44154101E-011
     0.22736000E+002    -0.47291251E-001    -0.23970915E-011    -0.23989357E-011
     0.22744000E+002    -0.56962609E-001    -0.35416134E-012    -0.35740956E-012
     0.22752000E+002    -0.65526393E-001     0.15899311E-011     0.15837392E-011
     0.22760000E+002    -0.73039898E-001     0.33192554E-011     0.33110086E-011
     0.22768000E+002    -0.79626191E-001     0.47290585E-011     0.47205925E-011
     0.22776000E+002    -0.85440058E-001     0.57305144E-011     0.57221943E-011
     0.22784000E+002    -0.90629753E-001     0.62590631E-011     0.62508887E-011
     0.22792000E+002    -0.95302204E-001     0.62786775E-011     0.62693691E-011
     0.22800000E+002    -0.99496553E-001     0.57871495E-011     0.57768454E-011
     0.22808000E+002    -0.10316794E+000     0.48141498E-011     0.48051216E-011
     0.22816000E+002    -0.10618501E+000     0.34156469E-011     0.34088593E-011
     0.22824000E+002    -0.10834028E+000     0.16733639E-011     0.16690653E-011
     0.22832000E+002    -0.10937337E+000    -0.30937272E-012    -0.31235028E-012
     0.22840000E+002    -0.10900588E+000    -0.24113420E-011    -0.24142500E-011
     0.22848000E+002    -0.10697990E+000    -0.45004378E-011    -0.45018926E-011
     0.22856000E+002    -0.10309657E+000    -0.64471124E-011    -0.64461650E-011
     0.22864000E+002    -0.97249339E-001    -0.81315711E-011    -0.81282313E-011
     0.22872000E+002    -0.89447278E-001    -0.94501053E-011    -0.94454140E-011
     0.22880000E+002    -0.79827807E-001    -0.10320393E-010    -0.10316611E-010
     0.22888000E+002    -0.68653309E-001    -0.10684303E-010    -0.10681279E-010
     0.22896000E+002    -0.56292413E-001    -0.10516470E-010    -0.10513218E-010
     0.22904000E+002    -0.43188999E-001    -0.98273108E-011    -0.98237987E-011
     0.22912000E+002    -0.29821794E-001    -0.86604057E-011    -0.86569886E-011
     0.22920000E+002    -0.16661658E-001    -0.70893367E-011    -0.70880646E-011
     0.22928000E+002    -0.41293433E-002    -0.52093370E-011    -0.52107803E-011
     0.22936000E+002     0.74411654E-002    -0.31339369E-011    -0.31367137E-011
     0.22944000E+002     0.17827063E-001    -0.99140491E-012    -0.99505053E-012
     0.22952000E+002     0.26926695E-001     0.10855215E-011     0.10813256E-011
     0.22960000E+002     0.34752946E-001     0.29679643E-011     0.29620155E-011
     0.22968000E+002     0.41412780E-001     0.45421429E-011     0.45334023E-011
     0.22976000E+002     0.47076501E-001     0.57164903E-011     0.57065857E-011
     0.22984000E+002     0.51939188E-001     0.64220527E-011     0.64122084E-011
     0.22992000E+002     0.56179604E-001     0.66177407E-011     0.66087442E-011
     0.23000000E+002     0.59923429E-001     0.62931815E-011     0.62847202E-011
     0.23008000E+002     0.63216413E-001     0.54709957E-011     0.54616110E-011
     0.23016000E+002     0.66011680E-001     0.42076819E-011     0.41984566E-011
     0.23024000E+002     0.68171817E-001     0.25847586E-011     0.25773488E-011
     0.23032000E+002     0.69484092E-001     0.70251016E-012     0.69777072E-012
     0.23040000E+002     0.69688999E-001    -0.13250868E-011    -0.13270209E-011
     0.23048000E+002     0.68518450E-001    -0.33767853E-011    -0.33778917E-011
     0.23056000E+002     0.65737677E-001    -0.53272966E-011    -0.53280172E-011
     0.23064000E+002     0.61184808E-001    -0.70578895E-011    -0.70569886E-011
     0.23072000E+002     0.54800074E-001    -0.84665400E-011    -0.84635469E-011
     0.23080000E+002     0.46642949E-001    -0.94721579E-011    -0.94668569E-011
     0.23088000E+002     0.36895667E-001    -0.10019324E-010    -0.10013677E-010
     0.23096000E+002     0.25851039E-001    -0.10077240E-010    -0.10073116E-010
     0.23104000E+002     0.13887079E-001    -0.96415621E-011    -0.96383552E-011
     0.23112000E+002     0.14294982E-002    -0.87393809E-011    -0.87366740E-011
     0.23120000E+002    -0.11090924E-001    -0.74267004E-011    -0.74240189E-011
     0.23128000E+002    -0.23278455E-001    -0.57854498E-011    -0.57837161E-011
     0.23136000E+002    -0.34807000E-001    -0.39160559E-011    -0.39173641E-011
     0.23144000E+002    -0.45443992E-001    -0.19289984E-011    -0.19329555E-011
     0.23152000E+002    -0.55062682E-001     0.56835618E-013     0.51260326E-013
     0.23160000E+002    -0.63640431E-001     0.19205466E-011     0.19143376E-011
     0.23168000E+002    -0.71241487E-001     0.35467427E-011     0.35403188E-011
     0.23176000E+002    -0.77988842E-001     0.48334082E-011     0.48251623E-011
     0.23184000E+002    -0.84029611E-001     0.57023559E-011     0.56923181E-011
     0.23192000E+002    -0.89499153E-001     0.61007548E-011     0.60903867E-011
     0.23200000E+002    -0.94488961E-001     0.60019100E-011     0.59923265E-011
     0.23208000E+002    -0.99020301E-001     0.54080137E-011     0.54002439E-011
     0.23216000E+002    -0.10302847E+000     0.43499689E-011     0.43427690E-011
     0.23224000E+002    -0.10636205E+000     0.28902544E-011     0.28826686E-011
     0.23232000E+002    -0.10879672E+000     0.11187768E-011     0.11120066E-011
     0.23240000E+002    -0.11006165E+000    -0.85659609E-012    -0.86152880E-012
     0.23248000E+002    -0.10987369E+000    -0.29157590E-011    -0.29177318E-011
     0.23256000E+002    -0.10797444E+000    -0.49343932E-011    -0.49341908E-011
     0.23264000E+002    -0.10416871E+000    -0.67883897E-011    -0.67880183E-011
     0.23272000E+002    -0.98358448E-001    -0.83594558E-011    -0.83586837E-011
     0.23280000E+002    -0.90565958E-001    -0.95472968E-011    -0.95454469E-011
     0.23288000E+002    -0.80943348E-001    -0.10276549E-010    -0.10272775E-010
     0.23296000E+002    -0.69765171E-001    -0.10502229E-010    -0.10496749E-010
     0.23304000E+002    -0.57408350E-001    -0.10211272E-010    -0.10206630E-010
     0.23312000E+002    -0.44321941E-001    -0.94190901E-011    -0.94162165E-011
     0.23320000E+002    -0.30987059E-001    -0.81720157E-011    -0.81705446E-011
     0.23328000E+002    -0.17873325E-001    -0.65463094E-011    -0.65455929E-011
     0.23336000E+002    -0.53955883E-002    -0.46432320E-011    -0.46424934E-011
     0.23344000E+002     0.61212479E-002    -0.25830469E-011    -0.25840159E-011
     0.23352000E+002     0.16463379E-001    -0.49240672E-012    -0.49638935E-012
     0.23360000E+002     0.25536724E-001     0.15027447E-011     0.14964153E-011
     0.23368000E+002     0.33360119E-001     0.32815754E-011     0.32737864E-011
     0.23376000E+002     0.40045125E-001     0.47363155E-011     0.47287161E-011
     0.23384000E+002     0.45764425E-001     0.57773643E-011     0.57696407E-011
     0.23392000E+002     0.50711292E-001     0.63425195E-011     0.63332587E-011
     0.23400000E+002     0.55059482E-001     0.64026743E-011     0.63925070E-011
     0.23408000E+002     0.58928344E-001     0.59591879E-011     0.59490611E-011
     0.23416000E+002     0.62357380E-001     0.50434396E-011     0.50349810E-011
     0.23424000E+002     0.65294200E-001     0.37131124E-011     0.37068942E-011
     0.23432000E+002     0.67595993E-001     0.20499412E-011     0.20442702E-011
     0.23440000E+002     0.69046601E-001     0.15866492E-012     0.15337217E-012
     0.23448000E+002     0.69387230E-001    -0.18430049E-011    -0.18472735E-011
     0.23456000E+002     0.68354604E-001    -0.38329210E-011    -0.38351255E-011
     0.23464000E+002     0.65721555E-001    -0.56925321E-011    -0.56917095E-011
     0.23472000E+002     0.61333769E-001    -0.73143145E-011    -0.73122623E-011
     0.23480000E+002     0.55138021E-001    -0.86027560E-011    -0.86008232E-011
     0.23488000E+002     0.47199486E-001    -0.94810026E-011    -0.94790321E-011
     0.23496000E+002     0.37703630E-001    -0.98978871E-011    -0.98954565E-011
     0.23504000E+002     0.26942022E-001    -0.98307112E-011    -0.98266559E-011
     0.23512000E+002     0.15285213E-001    -0.92882840E-011    -0.92838061E-011
     0.23520000E+002     0.31456602E-002    -0.83059475E-011    -0.83032155E-011
     0.23528000E+002    -0.90621163E-002    -0.69418500E-011    -0.69411541E-011
     0.23536000E+002    -0.20960137E-001    -0.52772259E-011    -0.52783556E-011
     0.23544000E+002    -0.32241147E-001    -0.34118139E-011    -0.34133603E-011
     0.23552000E+002    -0.42691491E-001    -0.14602973E-011    -0.14620689E-011
     0.23560000E+002    -0.52201539E-001     0.45661795E-012     0.45266405E-012
     0.23568000E+002    -0.60760723E-001     0.22234897E-011     0.22168947E-011
     0.23576000E+002    -0.68438673E-001     0.37339655E-011     0.37251265E-011
     0.23584000E+002    -0.75358151E-001     0.48963538E-011     0.48868142E-011
     0.23592000E+002    -0.81660608E-001     0.56375472E-011     0.56289690E-011
     0.23600000E+002    -0.87470192E-001     0.59072177E-011     0.58985895E-011
     0.23608000E+002    -0.92861347E-001     0.56862737E-011     0.56769987E-011
     0.23616000E+002    -0.97833530E-001     0.49870563E-011     0.49776121E-011
     0.23624000E+002    -0.10229991E+000     0.38509906E-011     0.38424376E-011
     0.23632000E+002    -0.10608909E+000     0.23456759E-011     0.23400202E-011
     0.23640000E+002    -0.10895944E+000     0.55883096E-012     0.55564980E-012
     0.23648000E+002    -0.11062588E+000    -0.14023242E-011    -0.14043888E-011
     0.23656000E+002    -0.11079446E+000    -0.34161803E-011    -0.34172609E-011
     0.23664000E+002    -0.10920233E+000    -0.53569050E-011    -0.53568982E-011
     0.23672000E+002    -0.10565628E+000    -0.71024584E-011    -0.71000124E-011
     0.23680000E+002    -0.10006337E+000    -0.85451966E-011    -0.85404308E-011
     0.23688000E+002    -0.92451453E-001    -0.95962906E-011    -0.95912867E-011
     0.23696000E+002    -0.82977024E-001    -0.10187874E-010    -0.10183483E-010
     0.23704000E+002    -0.71919146E-001    -0.10280161E-010    -0.10276772E-010
     0.23712000E+002    -0.59659467E-001    -0.98644516E-011    -0.98611617E-011
     0.23720000E+002    -0.46648788E-001    -0.89662264E-011    -0.89623044E-011
     0.23728000E+002    -0.33365596E-001    -0.76435384E-011    -0.76408573E-011
     0.23736000E+002    -0.20273232E-001    -0.59781287E-011    -0.59779108E-011
     0.23744000E+002    -0.77795813E-002    -0.40715438E-011    -0.40741175E-011
     0.23752000E+002     0.37957978E-002    -0.20397423E-011    -0.20443958E-011
     0.23760000E+002     0.14243813E-001    -0.71177099E-014    -0.11998395E-013
     0.23768000E+002     0.23474527E-001     0.18989400E-011     0.18931888E-011
     0.23776000E+002     0.31508240E-001     0.35609944E-011     0.35531657E-011
     0.23784000E+002     0.38452870E-001     0.48798299E-011     0.48698830E-011
     0.23792000E+002     0.44471360E-001     0.57785229E-011     0.57669987E-011
     0.23800000E+002     0.49743402E-001     0.62067233E-011     0.61959831E-011
     0.23808000E+002     0.54427835E-001     0.61399115E-011     0.61307547E-011
     0.23816000E+002     0.58628153E-001     0.55835621E-011     0.55748896E-011
     0.23824000E+002     0.62367660E-001     0.45759060E-011     0.45675162E-011
     0.23832000E+002     0.65579380E-001     0.31830466E-011     0.31748982E-011
     0.23840000E+002     0.68110564E-001     0.14946213E-011     0.14883189E-011
     0.23848000E+002     0.69742280E-001    -0.38533095E-012    -0.38842195E-012
     0.23856000E+002     0.70218928E-001    -0.23447999E-011    -0.23459156E-011
     0.23864000E+002     0.69284373E-001    -0.42657457E-011    -0.42657425E-011
     0.23872000E+002     0.66721823E-001    -0.60324591E-011    -0.60319874E-011
     0.23880000E+002     0.62390056E-001    -0.75385781E-011    -0.75372078E-011
     0.23888000E+002     0.56251086E-001    -0.86952086E-011    -0.86914698E-011
     0.23896000E+002     0.48384017E-001    -0.94383419E-011    -0.94332832E-011
     0.23904000E+002     0.38983137E-001    -0.97273837E-011    -0.97224742E-011
     0.23912000E+002     0.28343036E-001    -0.95467711E-011    -0.95428584E-011
     0.23920000E+002     0.16831981E-001    -0.89078247E-011    -0.89052283E-011
     0.23928000E+002     0.48561336E-002    -0.78486083E-011    -0.78457987E-011
     0.23936000E+002    -0.71809098E-002    -0.64356345E-011    -0.64327850E-011
     0.23944000E+002    -0.18917864E-001    -0.47566918E-011    -0.47554530E-011
     0.23952000E+002    -0.30067597E-001    -0.29129389E-011    -0.29141185E-011
     0.23960000E+002    -0.40436297E-001    -0.10146341E-011    -0.10187455E-011
     0.23968000E+002    -0.49930328E-001     0.82552057E-012     0.82006432E-012
     0.23976000E+002    -0.58550041E-001     0.24950435E-011     0.24895217E-011
     0.23984000E+002    -0.66371482E-001     0.38889879E-011     0.38823830E-011
     0.23992000E+002    -0.73517957E-001     0.49208718E-011     0.49126069E-011
     0.24000000E+002    -0.80123665E-001     0.55269031E-011     0.55165641E-011
     0.24008000E+002    -0.86297607E-001     0.56702297E-011     0.56590401E-011
     0.24016000E+002    -0.92093687E-001     0.53405276E-011     0.53308201E-011
     0.24024000E+002    -0.97489229E-001     0.45526003E-011     0.45442597E-011
     0.24032000E+002    -0.10237565E+000     0.33506392E-011     0.33430690E-011
     0.24040000E+002    -0.10656050E+000     0.18062928E-011     0.17989840E-011
     0.24048000E+002    -0.10978328E+000     0.14326931E-013     0.74553550E-014
     0.24056000E+002    -0.11174510E+000    -0.19140814E-011    -0.19183945E-011
     0.24064000E+002    -0.11214497E+000    -0.38621816E-011    -0.38635722E-011
     0.24072000E+002    -0.11071941E+000    -0.57114277E-011    -0.57109557E-011
     0.24080000E+002    -0.10727860E+000    -0.73465655E-011    -0.73451564E-011
     0.24088000E+002    -0.10173586E+000    -0.86637431E-011    -0.86623863E-011
     0.24096000E+002    -0.94129018E-001    -0.95769845E-011    -0.95745512E-011
     0.24104000E+002    -0.84627196E-001    -0.10028256E-010    -0.10024109E-010
     0.24112000E+002    -0.73522158E-001    -0.99903739E-011    -0.99858493E-011
     0.24120000E+002    -0.61205300E-001    -0.94649552E-011    -0.94611428E-011
     0.24128000E+002    -0.48132943E-001    -0.84831865E-011    -0.84814236E-011
     0.24136000E+002    -0.34786615E-001    -0.71029900E-011    -0.71027840E-011
     0.24144000E+002    -0.21630625E-001    -0.54087347E-011    -0.54086285E-011
     0.24152000E+002    -0.90710824E-002    -0.35076533E-011    -0.35083762E-011
     0.24160000E+002     0.25770131E-002    -0.15183412E-011    -0.15207108E-011
     0.24168000E+002     0.13110590E-001     0.43678629E-012     0.43184834E-012
     0.24176000E+002     0.22443664E-001     0.22397645E-011     0.22323674E-011
     0.24184000E+002     0.30596745E-001     0.37829132E-011     0.37752672E-011
     0.24192000E+002     0.37674908E-001     0.49713639E-011     0.49638825E-011
     0.24200000E+002     0.43835938E-001     0.57326645E-011     0.57247448E-011
     0.24208000E+002     0.49252552E-001     0.60228660E-011     0.60139552E-011
     0.24216000E+002     0.54074519E-001     0.58288182E-011     0.58185036E-011
     0.24224000E+002     0.58395153E-001     0.51689293E-011     0.51593269E-011
     0.24232000E+002     0.62229337E-001     0.40867039E-011     0.40793011E-011
     0.24240000E+002     0.65505373E-001     0.26490440E-011     0.26434346E-011
     0.24248000E+002     0.68069979E-001     0.94525794E-012     0.94093964E-012
     0.24256000E+002     0.69707608E-001    -0.91917034E-012    -0.92330196E-012
     0.24264000E+002     0.70169729E-001    -0.28278761E-011    -0.28308696E-011
     0.24272000E+002     0.69211683E-001    -0.46648384E-011    -0.46649590E-011
     0.24280000E+002     0.66632153E-001    -0.63229347E-011    -0.63206576E-011
     0.24288000E+002     0.62306559E-001    -0.77058979E-011    -0.77020934E-011
     0.24296000E+002     0.56212101E-001    -0.87337818E-011    -0.87301428E-011
     0.24304000E+002     0.48439581E-001    -0.93459269E-011    -0.93430517E-011
     0.24312000E+002     0.39190818E-001    -0.95062884E-011    -0.95026924E-011
     0.24320000E+002     0.28763316E-001    -0.92094225E-011    -0.92052642E-011
     0.24328000E+002     0.17520919E-001    -0.84770261E-011    -0.84731846E-011
     0.24336000E+002     0.58569561E-002    -0.73554370E-011    -0.73532271E-011
     0.24344000E+002    -0.58448697E-002    -0.59121663E-011    -0.59127831E-011
     0.24352000E+002    -0.17247204E-001    -0.42318350E-011    -0.42338290E-011
     0.24360000E+002    -0.28087004E-001    -0.24164208E-011    -0.24189135E-011
     0.24368000E+002    -0.38194112E-001    -0.57775382E-012    -0.58116063E-012
     0.24376000E+002    -0.47497119E-001     0.11716488E-011     0.11667796E-011
     0.24384000E+002    -0.56014022E-001     0.27252778E-011     0.27177839E-011
     0.24392000E+002    -0.63831098E-001     0.39906336E-011     0.39816715E-011
     0.24400000E+002    -0.71072186E-001     0.48903543E-011     0.48817598E-011
     0.24408000E+002    -0.77864338E-001     0.53658104E-011     0.53576271E-011
     0.24416000E+002    -0.84304649E-001     0.53844248E-011     0.53764618E-011
     0.24424000E+002    -0.90430499E-001     0.49418468E-011     0.49330024E-011
     0.24432000E+002    -0.96198649E-001     0.40645022E-011     0.40550958E-011
     0.24440000E+002    -0.10147711E+000     0.28057445E-011     0.27980001E-011
     0.24448000E+002    -0.10605093E+000     0.12391654E-011     0.12336242E-011
     0.24456000E+002    -0.10964206E+000    -0.54225320E-012    -0.54581942E-012
     0.24464000E+002    -0.11193896E+000    -0.24308295E-011    -0.24335735E-011
     0.24472000E+002    -0.11263222E+000    -0.43091628E-011    -0.43120016E-011
     0.24480000E+002    -0.11145440E+000    -0.60575749E-011    -0.60588283E-011
     0.24488000E+002    -0.10821724E+000    -0.75667828E-011    -0.75655346E-011
     0.24496000E+002    -0.10284162E+000    -0.87432774E-011    -0.87398929E-011
     0.24504000E+002    -0.95375775E-001    -0.95135090E-011    -0.95091411E-011
     0.24512000E+002    -0.85997965E-001    -0.98279413E-011    -0.98245837E-011
     0.24520000E+002    -0.75006779E-001    -0.96625440E-011    -0.96596958E-011
     0.24528000E+002    -0.62798225E-001    -0.90252514E-011    -0.90218144E-011
     0.24536000E+002    -0.49831290E-001    -0.79563739E-011    -0.79526593E-011
     0.24544000E+002    -0.36586778E-001    -0.65232707E-011    -0.65199984E-011
     0.24552000E+002    -0.23522882E-001    -0.48158306E-011    -0.48150635E-011
     0.24560000E+002    -0.11036261E-001    -0.29378189E-011    -0.29399260E-011
     0.24568000E+002     0.56737846E-003    -0.10031512E-011    -0.10065457E-011
     0.24576000E+002     0.11091870E-001     0.86796336E-012     0.86364890E-012
     0.24584000E+002     0.20455234E-001     0.25595350E-011     0.25544181E-011
     0.24592000E+002     0.28680659E-001     0.39672374E-011     0.39602557E-011
     0.24600000E+002     0.35873509E-001     0.50073225E-011     0.49977977E-011
     0.24608000E+002     0.42187255E-001     0.56214499E-011     0.56113587E-011
     0.24616000E+002     0.47785857E-001     0.57750719E-011     0.57656529E-011
     0.24624000E+002     0.52807428E-001     0.54610900E-011     0.54528076E-011
     0.24632000E+002     0.57334296E-001     0.47010295E-011     0.46934552E-011
     0.24640000E+002     0.61372496E-001     0.35446543E-011     0.35364828E-011
     0.24648000E+002     0.64842922E-001     0.20685390E-011     0.20610231E-011
     0.24656000E+002     0.67587337E-001     0.36595964E-012     0.36064519E-012
     0.24664000E+002     0.69389130E-001    -0.14595560E-011    -0.14623838E-011
     0.24672000E+002     0.70004472E-001    -0.32986241E-011    -0.32993040E-011
     0.24680000E+002     0.69198777E-001    -0.50422657E-011    -0.50427693E-011
     0.24688000E+002     0.66782739E-001    -0.65850077E-011    -0.65854796E-011
     0.24696000E+002     0.62643503E-001    -0.78343866E-011    -0.78333254E-011
     0.24704000E+002     0.56768408E-001    -0.87191683E-011    -0.87162915E-011
     0.24712000E+002     0.49255731E-001    -0.91908141E-011    -0.91862919E-011
     0.24720000E+002     0.40310101E-001    -0.92260185E-011    -0.92218292E-011
     0.24728000E+002     0.30224019E-001    -0.88244727E-011    -0.88221221E-011
     0.24736000E+002     0.19347914E-001    -0.80094018E-011    -0.80077862E-011
     0.24744000E+002     0.80556428E-002    -0.68310338E-011    -0.68295929E-011
     0.24752000E+002    -0.32919682E-002    -0.53621318E-011    -0.53606872E-011
     0.24760000E+002    -0.14382317E-001    -0.36934958E-011    -0.36931623E-011
     0.24768000E+002    -0.24978234E-001    -0.19265137E-011    -0.19292611E-011
     0.24776000E+002    -0.34934317E-001    -0.16522281E-012    -0.17030332E-012
     0.24784000E+002    -0.44198274E-001     0.14846962E-011     0.14785195E-011
     0.24792000E+002    -0.52798427E-001     0.29218631E-011     0.29153315E-011
     0.24800000E+002    -0.60822566E-001     0.40563219E-011     0.40495895E-011
     0.24808000E+002    -0.68388297E-001     0.48157898E-011     0.48072740E-011
     0.24816000E+002    -0.75609316E-001     0.51538821E-011     0.51438820E-011
     0.24824000E+002    -0.82561255E-001     0.50495521E-011     0.50397948E-011
     0.24832000E+002    -0.89252475E-001     0.45060824E-011     0.44975152E-011
     0.24840000E+002    -0.95607308E-001     0.35528002E-011     0.35461161E-011
     0.24848000E+002    -0.10146217E+000     0.22434763E-011     0.22373916E-011
     0.24856000E+002    -0.10657429E+000     0.65723970E-012     0.65102444E-012
     0.24864000E+002    -0.11064244E+000    -0.11069780E-011    -0.11118460E-011
     0.24872000E+002    -0.11333724E+000    -0.29407056E-011    -0.29433557E-011
     0.24880000E+002    -0.11433942E+000    -0.47313100E-011    -0.47311861E-011
     0.24888000E+002    -0.11338067E+000    -0.63691842E-011    -0.63674322E-011
     0.24896000E+002    -0.11027951E+000    -0.77517978E-011    -0.77503770E-011
     0.24904000E+002    -0.10496840E+000    -0.87885807E-011    -0.87869508E-011
     0.24912000E+002    -0.97509186E-001    -0.94117913E-011    -0.94091754E-011
     0.24920000E+002    -0.88095156E-001    -0.95812024E-011    -0.95771597E-011
     0.24928000E+002    -0.77040209E-001    -0.92865746E-011    -0.92817189E-011
     0.24936000E+002    -0.64753390E-001    -0.85469420E-011    -0.85437732E-011
     0.24944000E+002    -0.51702357E-001    -0.74055222E-011    -0.74044871E-011
     0.24952000E+002    -0.38371826E-001    -0.59308160E-011    -0.59310078E-011
     0.24960000E+002    -0.25220576E-001    -0.42142810E-011    -0.42150281E-011
     0.24968000E+002    -0.12644015E-001    -0.23636521E-011    -0.23644664E-011
     0.24976000E+002    -0.94455121E-003    -0.49607981E-012    -0.49878907E-012
     0.24984000E+002     0.96870461E-002     0.12740610E-011     0.12684038E-011
     0.24992000E+002     0.19174299E-001     0.28410644E-011     0.28336066E-011
     0.25000000E+002     0.27543490E-001     0.41105427E-011     0.41023084E-011
     0.25008000E+002     0.34898892E-001     0.50061188E-011     0.49984559E-011
     0.25016000E+002     0.41389320E-001     0.54731596E-011     0.54655017E-011
     0.25024000E+002     0.47172513E-001     0.54856623E-011     0.54766187E-011
     0.25032000E+002     0.52378840E-001     0.50492929E-011     0.50398258E-011
     0.25040000E+002     0.57081454E-001     0.41959495E-011     0.41872165E-011
     0.25048000E+002     0.61276810E-001     0.29814147E-011     0.29747916E-011
     0.25056000E+002     0.64878204E-001     0.14808664E-011     0.14765993E-011
     0.25064000E+002     0.67725221E-001    -0.21428314E-012    -0.21801264E-012
     0.25072000E+002     0.69604450E-001    -0.19981754E-011    -0.20013909E-011
     0.25080000E+002     0.70279145E-001    -0.37609668E-011    -0.37628646E-011
     0.25088000E+002     0.69524548E-001    -0.53969986E-011    -0.53968380E-011
     0.25096000E+002     0.67162964E-001    -0.68109769E-011    -0.68082840E-011
     0.25104000E+002     0.63094941E-001    -0.79234472E-011    -0.79202694E-011
     0.25112000E+002     0.57320188E-001    -0.86701631E-011    -0.86677346E-011
     0.25120000E+002     0.49944640E-001    -0.90072324E-011    -0.90050477E-011
     0.25128000E+002     0.41174646E-001    -0.89166771E-011    -0.89142894E-011
     0.25136000E+002     0.31298495E-001    -0.84068399E-011    -0.84034063E-011
     0.25144000E+002     0.20657859E-001    -0.75129912E-011    -0.75098927E-011
     0.25152000E+002     0.96130411E-002    -0.62908772E-011    -0.62900789E-011
     0.25160000E+002    -0.14943815E-002    -0.48122352E-011    -0.48134495E-011
     0.25168000E+002    -0.12374306E-001    -0.31649911E-011    -0.31676057E-011
     0.25176000E+002    -0.22811521E-001    -0.14482315E-011    -0.14509695E-011
     0.25184000E+002    -0.32678697E-001     0.23207598E-012     0.22912175E-012
     0.25192000E+002    -0.41936476E-001     0.17717508E-011     0.17665527E-011
     0.25200000E+002    -0.50621461E-001     0.30785007E-011     0.30709549E-011
     0.25208000E+002    -0.58823142E-001     0.40736709E-011     0.40646278E-011
     0.25216000E+002    -0.66651401E-001     0.46958659E-011     0.46868378E-011
     0.25224000E+002    -0.74202879E-001     0.49038414E-011     0.48961174E-011
     0.25232000E+002    -0.81529644E-001     0.46793861E-011     0.46715984E-011
     0.25240000E+002    -0.88614650E-001     0.40339265E-011     0.40254416E-011
     0.25248000E+002    -0.95357534E-001     0.30063797E-011     0.29979693E-011
     0.25256000E+002    -0.10157059E+000     0.16585178E-011     0.16512960E-011
     0.25264000E+002    -0.10698966E+000     0.71226617E-013     0.66889954E-013
     0.25272000E+002    -0.11129830E+000    -0.16617198E-011    -0.16639595E-011
     0.25280000E+002    -0.11416078E+000    -0.34346105E-011    -0.34362914E-011
     0.25288000E+002    -0.11526081E+000    -0.51352851E-011    -0.51363442E-011
     0.25296000E+002    -0.11433869E+000    -0.66556723E-011    -0.66558135E-011
     0.25304000E+002    -0.11122531E+000    -0.78988252E-011    -0.78968179E-011
     0.25312000E+002    -0.10586915E+000    -0.87873109E-011    -0.87834700E-011
     0.25320000E+002    -0.98350668E-001    -0.92655462E-011    -0.92620180E-011
     0.25328000E+002    -0.88882446E-001    -0.93001089E-011    -0.92974814E-011
     0.25336000E+002    -0.77793952E-001    -0.88854391E-011    -0.88837357E-011
     0.25344000E+002    -0.65503773E-001    -0.80449479E-011    -0.80432349E-011
     0.25352000E+002    -0.52484092E-001    -0.68312641E-011    -0.68289679E-011
     0.25360000E+002    -0.39219341E-001    -0.53223426E-011    -0.53214208E-011
     0.25368000E+002    -0.26163569E-001    -0.36113557E-011    -0.36128066E-011
     0.25376000E+002    -0.13702239E-001    -0.18027176E-011    -0.18063937E-011
     0.25384000E+002    -0.21235555E-002    -0.71021282E-014    -0.12120625E-013
     0.25392000E+002     0.83959160E-002     0.16648081E-011     0.16600911E-011
     0.25400000E+002     0.17791176E-001     0.31076884E-011     0.31023270E-011
     0.25408000E+002     0.26096248E-001     0.42332815E-011     0.42259661E-011
     0.25416000E+002     0.33420024E-001     0.49763443E-011     0.49673332E-011
     0.25424000E+002     0.39913321E-001     0.52956729E-011     0.52857361E-011
     0.25432000E+002     0.45731651E-001     0.51762332E-011     0.51675402E-011
     0.25440000E+002     0.50998914E-001     0.46270017E-011     0.46199317E-011
     0.25448000E+002     0.55780179E-001     0.36833608E-011     0.36764380E-011
     0.25456000E+002     0.60065517E-001     0.24077712E-011     0.24008549E-011
     0.25464000E+002     0.63765495E-001     0.88248179E-012     0.87584344E-012
     0.25472000E+002     0.66719679E-001    -0.79612621E-012    -0.80082384E-012
     0.25480000E+002     0.68716051E-001    -0.25262886E-011    -0.25278736E-011
     0.25488000E+002     0.69521719E-001    -0.42065052E-011    -0.42065282E-011
     0.25496000E+002     0.68919231E-001    -0.57366123E-011    -0.57360234E-011
     0.25504000E+002     0.66740596E-001    -0.70255463E-011    -0.70247729E-011
     0.25512000E+002     0.62895431E-001    -0.79973960E-011    -0.79959334E-011
     0.25520000E+002     0.57388489E-001    -0.85970865E-011    -0.85936340E-011
     0.25528000E+002     0.50326415E-001    -0.87950699E-011    -0.87909632E-011
     0.25536000E+002     0.41912452E-001    -0.85835724E-011    -0.85804443E-011
     0.25544000E+002     0.32426807E-001    -0.79766548E-011    -0.79751396E-011
     0.25552000E+002     0.22196865E-001    -0.70111788E-011    -0.70113570E-011
     0.25560000E+002     0.11561890E-001    -0.57450641E-011    -0.57453688E-011
     0.25568000E+002     0.83841601E-003    -0.42571752E-011    -0.42578107E-011
     0.25576000E+002    -0.97085746E-002    -0.26391749E-011    -0.26417087E-011
     0.25584000E+002    -0.19887421E-001    -0.98763372E-012    -0.99239238E-012
     0.25592000E+002    -0.29591184E-001     0.59908143E-012     0.59217523E-012
     0.25600000E+002    -0.38795651E-001     0.20265147E-011     0.20192947E-011
     0.25608000E+002    -0.47544608E-001     0.32064120E-011     0.32000810E-011
     0.25616000E+002    -0.55924270E-001     0.40631028E-011     0.40564132E-011
     0.25624000E+002    -0.64032412E-001     0.45427717E-011     0.45351790E-011
     0.25632000E+002    -0.71947207E-001     0.46150790E-011     0.46064744E-011
     0.25640000E+002    -0.79697687E-001     0.42748854E-011     0.42665436E-011
     0.25648000E+002    -0.87240284E-001     0.35405365E-011     0.35344569E-011
     0.25656000E+002    -0.94446143E-001     0.24514189E-011     0.24468826E-011
     0.25664000E+002    -0.10110107E+000     0.10710245E-011     0.10669685E-011
     0.25672000E+002    -0.10692035E+000    -0.51657094E-012    -0.52062114E-012
     0.25680000E+002    -0.11157420E+000    -0.22126979E-011    -0.22164219E-011
     0.25688000E+002    -0.11472018E+000    -0.39110268E-011    -0.39123777E-011
     0.25696000E+002    -0.11604133E+000    -0.55076546E-011    -0.55065801E-011
     0.25704000E+002    -0.11528372E+000    -0.69039097E-011    -0.69018274E-011
     0.25712000E+002    -0.11229074E+000    -0.80104407E-011    -0.80082276E-011
     0.25720000E+002    -0.10702788E+000    -0.87545993E-011    -0.87529308E-011
     0.25728000E+002    -0.99592787E-001    -0.90852862E-011    -0.90828555E-011
     0.25736000E+002    -0.90212576E-001    -0.89804005E-011    -0.89766054E-011
     0.25744000E+002    -0.79227083E-001    -0.84471509E-011    -0.84435241E-011
     0.25752000E+002    -0.67060695E-001    -0.75176682E-011    -0.75152659E-011
     0.25760000E+002    -0.54185902E-001    -0.62483076E-011    -0.62481496E-011
     0.25768000E+002    -0.41080148E-001    -0.47155983E-011    -0.47169961E-011
     0.25776000E+002    -0.28184280E-001    -0.30143335E-011    -0.30158482E-011
     0.25784000E+002    -0.15867191E-001    -0.12529153E-011    -0.12554600E-011
     0.25792000E+002    -0.44002406E-002     0.45850622E-012     0.45409216E-012
     0.25800000E+002     0.60548328E-002     0.20148243E-011     0.20079837E-011
     0.25808000E+002     0.15445647E-001     0.33225675E-011     0.33137364E-011
     0.25816000E+002     0.23814841E-001     0.43043907E-011     0.42958308E-011
     0.25824000E+002     0.31273448E-001     0.49001077E-011     0.48920424E-011
     0.25832000E+002     0.37967369E-001     0.50743415E-011     0.50659917E-011
     0.25840000E+002     0.44041270E-001     0.48201930E-011     0.48112448E-011
     0.25848000E+002     0.49605497E-001     0.41584452E-011     0.41488373E-011
     0.25856000E+002     0.54710353E-001     0.31359600E-011     0.31278411E-011
     0.25864000E+002     0.59329645E-001     0.18178169E-011     0.18123390E-011
     0.25872000E+002     0.63357590E-001     0.28459123E-012     0.28081168E-012
     0.25880000E+002     0.66620115E-001    -0.13692185E-011    -0.13719878E-011
     0.25888000E+002     0.68897466E-001    -0.30421709E-011    -0.30448359E-011
     0.25896000E+002     0.69955517E-001    -0.46312792E-011    -0.46327864E-011
     0.25904000E+002     0.69579448E-001    -0.60419677E-011    -0.60407484E-011
     0.25912000E+002     0.67606060E-001    -0.71948038E-011    -0.71917620E-011
     0.25920000E+002     0.63951988E-001    -0.80252431E-011    -0.80214861E-011
     0.25928000E+002     0.58630821E-001    -0.84872730E-011    -0.84842125E-011
     0.25936000E+002     0.51757684E-001    -0.85549282E-011    -0.85527696E-011
     0.25944000E+002     0.43539795E-001    -0.82255009E-011    -0.82225690E-011
     0.25952000E+002     0.34254557E-001    -0.75232782E-011    -0.75198776E-011
     0.25960000E+002     0.24221498E-001    -0.64939965E-011    -0.64912636E-011
     0.25968000E+002     0.13768799E-001    -0.52009111E-011    -0.52000637E-011
     0.25976000E+002     0.31996236E-002    -0.37210247E-011    -0.37229790E-011
     0.25984000E+002    -0.72365449E-002    -0.21407494E-011    -0.21439041E-011
     0.25992000E+002    -0.17364603E-001    -0.55590084E-012    -0.55947716E-012
     0.26000000E+002    -0.27090729E-001     0.93572273E-012     0.93104261E-012
     0.26008000E+002    -0.36397523E-001     0.22429525E-011     0.22366587E-011
     0.26016000E+002    -0.45329118E-001     0.32862071E-011     0.32774679E-011
     0.26024000E+002    -0.53966311E-001     0.40035131E-011     0.39937521E-011
     0.26032000E+002    -0.62396827E-001     0.43500080E-011     0.43411286E-011
     0.26040000E+002    -0.70682651E-001     0.42999256E-011     0.42918030E-011
     0.26048000E+002    -0.78830797E-001     0.38524938E-011     0.38449344E-011
     0.26056000E+002    -0.86773641E-001     0.30320741E-011     0.30242968E-011
     0.26064000E+002    -0.94359624E-001     0.18884304E-011     0.18809631E-011
     0.26072000E+002    -0.10135615E+000     0.49150956E-012     0.48646525E-012
     0.26080000E+002    -0.10746429E+000    -0.10760435E-011    -0.10785965E-011
     0.26088000E+002    -0.11234410E+000    -0.27198686E-011    -0.27206439E-011
     0.26096000E+002    -0.11564988E+000    -0.43386461E-011    -0.43388366E-011
     0.26104000E+002    -0.11706957E+000    -0.58295562E-011    -0.58299598E-011
     0.26112000E+002    -0.11636152E+000    -0.70953196E-011    -0.70943356E-011
     0.26120000E+002    -0.11338515E+000    -0.80554775E-011    -0.80525868E-011
     0.26128000E+002    -0.10812150E+000    -0.86496240E-011    -0.86457257E-011
     0.26136000E+002    -0.10068260E+000    -0.88391116E-011    -0.88354499E-011
     0.26144000E+002    -0.91308554E-001    -0.86094400E-011    -0.86076598E-011
     0.26152000E+002    -0.80349019E-001    -0.79701770E-011    -0.79694066E-011
     0.26160000E+002    -0.68232605E-001    -0.69593110E-011    -0.69583155E-011
     0.26168000E+002    -0.55428453E-001    -0.56413258E-011    -0.56405876E-011
     0.26176000E+002    -0.42404912E-001    -0.40995557E-011    -0.40998052E-011
     0.26184000E+002    -0.29591518E-001    -0.24306794E-011    -0.24335787E-011
     0.26192000E+002    -0.17345014E-001    -0.73629930E-012    -0.74173339E-012
     0.26200000E+002    -0.59242945E-002     0.88042196E-012     0.87435118E-012
     0.26208000E+002     0.45209522E-002     0.23181412E-011     0.23117359E-011
     0.26216000E+002     0.13947589E-001     0.34873934E-011     0.34805939E-011
     0.26224000E+002     0.22401187E-001     0.43166560E-011     0.43085192E-011
     0.26232000E+002     0.29989299E-001     0.47585353E-011     0.47485981E-011
     0.26240000E+002     0.36849664E-001     0.47918554E-011     0.47821826E-011
     0.26248000E+002     0.43115291E-001     0.44176450E-011     0.44092741E-011
     0.26256000E+002     0.48882239E-001     0.36610482E-011     0.36540593E-011
     0.26264000E+002     0.54184028E-001     0.25709761E-011     0.25648664E-011
     0.26272000E+002     0.58978266E-001     0.12174700E-011     0.12110947E-011
     0.26280000E+002     0.63147857E-001    -0.31156268E-012    -0.31686768E-012
     0.26288000E+002     0.66513795E-001    -0.19211992E-011    -0.19240543E-011
     0.26296000E+002     0.68857753E-001    -0.35155598E-011    -0.35161345E-011
     0.26304000E+002     0.69951892E-001    -0.50008041E-011    -0.49996665E-011
     0.26312000E+002     0.69592383E-001    -0.62904753E-011    -0.62894236E-011
     0.26320000E+002     0.67632222E-001    -0.73078370E-011    -0.73068056E-011
     0.26328000E+002     0.64006545E-001    -0.79937595E-011    -0.79912517E-011
     0.26336000E+002     0.58745785E-001    -0.83126300E-011    -0.83087649E-011
     0.26344000E+002     0.51976747E-001    -0.82507871E-011    -0.82461376E-011
     0.26352000E+002     0.43912060E-001    -0.78166949E-011    -0.78131535E-011
     0.26360000E+002     0.34829314E-001    -0.70376221E-011    -0.70363179E-011
     0.26368000E+002     0.25042330E-001    -0.59591524E-011    -0.59586344E-011
     0.26376000E+002     0.14866634E-001    -0.46474475E-011    -0.46471710E-011
     0.26384000E+002     0.45863838E-002    -0.31832146E-011    -0.31832889E-011
     0.26392000E+002    -0.55715899E-002    -0.16561295E-011    -0.16576749E-011
     0.26400000E+002    -0.15454517E-001    -0.15797771E-012    -0.16263853E-012
     0.26408000E+002    -0.24988296E-001     0.12239818E-011     0.12173722E-011
     0.26416000E+002    -0.34171843E-001     0.24067221E-011     0.23995749E-011
     0.26424000E+002    -0.43060655E-001     0.33164826E-011     0.33092972E-011
     0.26432000E+002    -0.51739666E-001     0.38951356E-011     0.38878771E-011
     0.26440000E+002    -0.60292172E-001     0.41044517E-011     0.40956255E-011
     0.26448000E+002    -0.68767963E-001     0.39316540E-011     0.39217795E-011
     0.26456000E+002    -0.77157055E-001     0.33865043E-011     0.33774620E-011
     0.26464000E+002    -0.85372498E-001     0.24986483E-011     0.24911791E-011
     0.26472000E+002    -0.93242244E-001     0.13186660E-011     0.13131911E-011
     0.26480000E+002    -0.10051424E+000    -0.84588177E-013    -0.89330950E-013
     0.26488000E+002    -0.10687397E+000    -0.16247106E-011    -0.16293028E-011
     0.26496000E+002    -0.11197268E+000    -0.32043051E-011    -0.32071820E-011
     0.26504000E+002    -0.11546355E+000    -0.47253165E-011    -0.47258770E-011
     0.26512000E+002    -0.11703875E+000    -0.60931676E-011    -0.60913607E-011
     0.26520000E+002    -0.11646461E+000    -0.72224125E-011    -0.72195823E-011
     0.26528000E+002    -0.11361160E+000    -0.80400201E-011    -0.80380037E-011
     0.26536000E+002    -0.10847411E+000    -0.84891770E-011    -0.84872248E-011
     0.26544000E+002    -0.10117801E+000    -0.85383026E-011    -0.85356800E-011
     0.26552000E+002    -0.91973453E-001    -0.81829557E-011    -0.81796335E-011
     0.26560000E+002    -0.81213863E-001    -0.74452033E-011    -0.74420227E-011
     0.26568000E+002    -0.69325856E-001    -0.63711186E-011    -0.63703349E-011
     0.26576000E+002    -0.56771912E-001    -0.50247122E-011    -0.50262277E-011
     0.26584000E+002    -0.44009639E-001    -0.34880475E-011    -0.34904985E-011
     0.26592000E+002    -0.31452942E-001    -0.18577580E-011    -0.18605359E-011
     0.26600000E+002    -0.19438756E-001    -0.23704712E-012    -0.23992549E-012
     0.26608000E+002    -0.82059560E-002     0.12711256E-011     0.12663510E-011
     0.26616000E+002     0.21119898E-002     0.25746843E-011     0.25673138E-011
     0.26624000E+002     0.11482522E-001     0.35964462E-011     0.35880855E-011
     0.26632000E+002     0.19956222E-001     0.42749224E-011     0.42666303E-011
     0.26640000E+002     0.27640320E-001     0.45697127E-011     0.45624425E-011
     0.26648000E+002     0.34665551E-001     0.44635404E-011     0.44564416E-011
     0.26656000E+002     0.41150828E-001     0.39662763E-011     0.39579658E-011
     0.26664000E+002     0.47174074E-001     0.31151157E-011     0.31068190E-011
     0.26672000E+002     0.52750547E-001     0.19668320E-011     0.19598082E-011
     0.26680000E+002     0.57822237E-001     0.59429232E-012     0.58957198E-012
     0.26688000E+002     0.62259654E-001    -0.91831999E-012    -0.92084132E-012
     0.26696000E+002     0.65874411E-001    -0.24793927E-011    -0.24816241E-011
     0.26704000E+002     0.68444228E-001    -0.39921632E-011    -0.39939468E-011
     0.26712000E+002     0.69744209E-001    -0.53648662E-011    -0.53652007E-011
     0.26720000E+002     0.69579148E-001    -0.65175069E-011    -0.65158763E-011
     0.26728000E+002     0.67813328E-001    -0.73855063E-011    -0.73818050E-011
     0.26736000E+002     0.64392191E-001    -0.79230924E-011    -0.79194876E-011
     0.26744000E+002     0.59355329E-001    -0.81011355E-011    -0.80987007E-011
     0.26752000E+002     0.52837479E-001    -0.79105869E-011    -0.79085294E-011
     0.26760000E+002     0.45055439E-001    -0.73660455E-011    -0.73639854E-011
     0.26768000E+002     0.36284576E-001    -0.65034923E-011    -0.65009522E-011
     0.26776000E+002     0.26828004E-001    -0.53788155E-011    -0.53773300E-011
     0.26784000E+002     0.16984195E-001    -0.40606583E-011    -0.40619705E-011
     0.26792000E+002     0.70175445E-002    -0.26257841E-011    -0.26290965E-011
     0.26800000E+002    -0.28664189E-002    -0.11593763E-011    -0.11637908E-011
     0.26808000E+002    -0.12536675E-001     0.25028417E-012     0.24586249E-012
     0.26816000E+002    -0.21939970E-001     0.15162029E-011     0.15114971E-011
     0.26824000E+002    -0.31091524E-001     0.25600231E-011     0.25531397E-011
     0.26832000E+002    -0.40054269E-001     0.33200487E-011     0.33113898E-011
     0.26840000E+002    -0.48911418E-001     0.37506468E-011     0.37415096E-011
     0.26848000E+002    -0.57737053E-001     0.38240129E-011     0.38157487E-011
     0.26856000E+002    -0.66566067E-001     0.35319714E-011     0.35253879E-011
     0.26864000E+002    -0.75368904E-001     0.28871503E-011     0.28805396E-011
     0.26872000E+002    -0.84034422E-001     0.19274037E-011     0.19201750E-011
     0.26880000E+002    -0.92364647E-001     0.71160303E-012     0.70483867E-012
     0.26888000E+002    -0.10008427E+000    -0.68653133E-012    -0.69176637E-012
     0.26896000E+002    -0.10686047E+000    -0.21823133E-011    -0.21847739E-011
     0.26904000E+002    -0.11233171E+000    -0.36861066E-011    -0.36869686E-011
     0.26912000E+002    -0.11614306E+000    -0.51043548E-011    -0.51052061E-011
     0.26920000E+002    -0.11798350E+000    -0.63448557E-011    -0.63452675E-011
     0.26928000E+002    -0.11762304E+000    -0.73267109E-011    -0.73261116E-011
     0.26936000E+002    -0.11494150E+000    -0.79855830E-011    -0.79829033E-011
     0.26944000E+002    -0.10994497E+000    -0.82794998E-011    -0.82753200E-011
     0.26952000E+002    -0.10277025E+000    -0.81889921E-011    -0.81855476E-011
     0.26960000E+002    -0.93675575E-001    -0.77154100E-011    -0.77130538E-011
     0.26968000E+002    -0.83020583E-001    -0.68849029E-011    -0.68834035E-011
     0.26976000E+002    -0.71235165E-001    -0.57475744E-011    -0.57461673E-011
     0.26984000E+002    -0.58779497E-001    -0.43753558E-011    -0.43738063E-011
     0.26992000E+002    -0.46102978E-001    -0.28565879E-011    -0.28569981E-011
     0.27000000E+002    -0.33606913E-001    -0.12853475E-011    -0.12884689E-011
     0.27008000E+002    -0.21615771E-001     0.24218190E-012     0.23697018E-012
     0.27016000E+002    -0.10358815E-001     0.16318312E-011     0.16255277E-011
     0.27024000E+002     0.37658919E-004     0.27972213E-011     0.27912554E-011
     0.27032000E+002     0.95446946E-002     0.36641105E-011     0.36574079E-011
     0.27040000E+002     0.18211756E-001     0.41801266E-011     0.41715842E-011
     0.27048000E+002     0.26138105E-001     0.43180929E-011     0.43085216E-011
     0.27056000E+002     0.33439919E-001     0.40739905E-011     0.40644483E-011
     0.27064000E+002     0.40218687E-001     0.34669270E-011     0.34593052E-011
     0.27072000E+002     0.46534531E-001     0.25354902E-011     0.25297118E-011
     0.27080000E+002     0.52385819E-001     0.13384245E-011     0.13327415E-011
     0.27088000E+002     0.57699515E-001    -0.46336708E-013    -0.51886464E-013
     0.27096000E+002     0.62334631E-001    -0.15306035E-011    -0.15354816E-011
     0.27104000E+002     0.66097869E-001    -0.30221385E-011    -0.30248719E-011
     0.27112000E+002     0.68769649E-001    -0.44323603E-011    -0.44322370E-011
     0.27120000E+002     0.70133960E-001    -0.56806361E-011    -0.56795915E-011
     0.27128000E+002     0.70008969E-001    -0.66938847E-011    -0.66928304E-011
     0.27136000E+002     0.68275405E-001    -0.74130692E-011    -0.74120200E-011
     0.27144000E+002     0.64896970E-001    -0.77978132E-011    -0.77960797E-011
     0.27152000E+002     0.59930806E-001    -0.78294912E-011    -0.78258976E-011
     0.27160000E+002     0.53524234E-001    -0.75131906E-011    -0.75092502E-011
     0.27168000E+002     0.45898910E-001    -0.68717403E-011    -0.68690499E-011
     0.27176000E+002     0.37327145E-001    -0.59442658E-011    -0.59430759E-011
     0.27184000E+002     0.28101939E-001    -0.47864289E-011    -0.47865718E-011
     0.27192000E+002     0.18505878E-001    -0.34675704E-011    -0.34676119E-011
     0.27200000E+002     0.87821704E-002    -0.20694270E-011    -0.20698475E-011
     0.27208000E+002    -0.88836109E-003    -0.67758469E-012    -0.68011461E-012
     0.27216000E+002    -0.10398467E-001     0.62593342E-012     0.62116321E-012
     0.27224000E+002    -0.19713904E-001     0.17641945E-011     0.17574752E-011
     0.27232000E+002    -0.28861698E-001     0.26695782E-011     0.26625845E-011
     0.27240000E+002    -0.37909304E-001     0.32850509E-011     0.32786603E-011
     0.27248000E+002    -0.46937855E-001     0.35691218E-011     0.35618773E-011
     0.27256000E+002    -0.56011583E-001     0.35032298E-011     0.34948241E-011
     0.27264000E+002    -0.65147793E-001     0.30906630E-011     0.30815068E-011
     0.27272000E+002    -0.74293594E-001     0.23557170E-011     0.23472646E-011
     0.27280000E+002    -0.83312392E-001     0.13407162E-011     0.13347751E-011
     0.27288000E+002    -0.91982501E-001     0.10271270E-012     0.98260124E-013
     0.27296000E+002    -0.10000785E+000    -0.12842417E-011    -0.12883248E-011
     0.27304000E+002    -0.10703876E+000    -0.27336954E-011    -0.27375227E-011
     0.27312000E+002    -0.11270306E+000    -0.41539501E-011    -0.41569768E-011
     0.27320000E+002    -0.11664349E+000    -0.54546354E-011    -0.54550372E-011
     0.27328000E+002    -0.11855558E+000    -0.65552940E-011    -0.65535054E-011
     0.27336000E+002    -0.11822224E+000    -0.73864384E-011    -0.73843007E-011
     0.27344000E+002    -0.11553913E+000    -0.78919930E-011    -0.78903300E-011
     0.27352000E+002    -0.11052968E+000    -0.80355582E-011    -0.80347501E-011
     0.27360000E+002    -0.10334854E+000    -0.78033869E-011    -0.78020283E-011
     0.27368000E+002    -0.94269856E-001    -0.72088974E-011    -0.72064912E-011
     0.27376000E+002    -0.83663779E-001    -0.62901638E-011    -0.62884151E-011
     0.27384000E+002    -0.71962917E-001    -0.51033315E-011    -0.51031659E-011
     0.27392000E+002    -0.59623459E-001    -0.37209992E-011    -0.37230083E-011
     0.27400000E+002    -0.47087213E-001    -0.22277091E-011    -0.22309176E-011
     0.27408000E+002    -0.34745098E-001    -0.71706793E-012    -0.71996711E-012
     0.27416000E+002    -0.22908221E-001     0.71346391E-012     0.70986506E-012
     0.27424000E+002    -0.11790392E-001     0.19740991E-011     0.19689675E-011
     0.27432000E+002    -0.15033368E-002     0.29878381E-011     0.29809032E-011
     0.27440000E+002     0.79333617E-002     0.36944858E-011     0.36863476E-011
     0.27448000E+002     0.16572882E-001     0.40532202E-011     0.40460338E-011
     0.27456000E+002     0.24514227E-001     0.40419381E-011     0.40356570E-011
     0.27464000E+002     0.31870151E-001     0.36628834E-011     0.36564977E-011
     0.27472000E+002     0.38735415E-001     0.29437419E-011     0.29370611E-011
     0.27480000E+002     0.45159007E-001     0.19337231E-011     0.19268481E-011
     0.27488000E+002     0.51126096E-001     0.69998325E-012     0.69490883E-012
     0.27496000E+002     0.56552728E-001    -0.68083459E-012    -0.68335035E-012
     0.27504000E+002     0.61291538E-001    -0.21254451E-011    -0.21268028E-011
     0.27512000E+002     0.65148048E-001    -0.35454318E-011    -0.35464067E-011
     0.27520000E+002     0.67905580E-001    -0.48545429E-011    -0.48558127E-011
     0.27528000E+002     0.69355199E-001    -0.59736105E-011    -0.59740652E-011
     0.27536000E+002     0.69327300E-001    -0.68384054E-011    -0.68366719E-011
     0.27544000E+002     0.67718019E-001    -0.74037625E-011    -0.74011067E-011
     0.27552000E+002     0.64506008E-001    -0.76407696E-011    -0.76384203E-011
     0.27560000E+002     0.59759123E-001    -0.75387376E-011    -0.75377485E-011
     0.27568000E+002     0.53629215E-001    -0.71055466E-011    -0.71057234E-011
     0.27576000E+002     0.46336779E-001    -0.63687722E-011    -0.63682654E-011
     0.27584000E+002     0.38146792E-001    -0.53770854E-011    -0.53762955E-011
     0.27592000E+002     0.29337359E-001    -0.41927979E-011    -0.41929839E-011
     0.27600000E+002     0.20168980E-001    -0.28871126E-011    -0.28892269E-011
     0.27608000E+002     0.10857991E-001    -0.15368765E-011    -0.15414084E-011
     0.27616000E+002     0.15579276E-002    -0.22055865E-012    -0.22564444E-012
     0.27624000E+002    -0.76484325E-002     0.98174242E-012     0.97686500E-012
     0.27632000E+002    -0.16748184E-001     0.19953303E-011     0.19897431E-011
     0.27640000E+002    -0.25785199E-001     0.27584023E-011     0.27515856E-011
     0.27648000E+002    -0.34836696E-001     0.32245688E-011     0.32158982E-011
     0.27656000E+002    -0.43983720E-001     0.33664285E-011     0.33574225E-011
     0.27664000E+002    -0.53279429E-001     0.31734210E-011     0.31658812E-011
     0.27672000E+002    -0.62722615E-001     0.26522954E-011     0.26457558E-011
     0.27680000E+002    -0.72237697E-001     0.18314929E-011     0.18255451E-011
     0.27688000E+002    -0.81662685E-001     0.75911360E-012     0.75308623E-012
     0.27696000E+002    -0.90749425E-001    -0.49896947E-012    -0.50447414E-012
     0.27704000E+002    -0.99176123E-001    -0.18651438E-011    -0.18681125E-011
     0.27712000E+002    -0.10657304E+000    -0.32576154E-011    -0.32582828E-011
     0.27720000E+002    -0.11255694E+000    -0.45910530E-011    -0.45903951E-011
     0.27728000E+002    -0.11676755E+000    -0.57811132E-011    -0.57801842E-011
     0.27736000E+002    -0.11890385E+000    -0.67498369E-011    -0.67491903E-011
     0.27744000E+002    -0.11875658E+000    -0.74313947E-011    -0.74294052E-011
     0.27752000E+002    -0.11623326E+000    -0.77810403E-011    -0.77774525E-011
     0.27760000E+002    -0.11137244E+000    -0.77756960E-011    -0.77717880E-011
     0.27768000E+002    -0.10434284E+000    -0.74132024E-011    -0.74102049E-011
     0.27776000E+002    -0.95428468E-001    -0.67131117E-011    -0.67123130E-011
     0.27784000E+002    -0.85003839E-001    -0.57148304E-011    -0.57150762E-011
     0.27792000E+002    -0.73500851E-001    -0.44797024E-011    -0.44797510E-011
     0.27800000E+002    -0.61370970E-001    -0.30870942E-011    -0.30877068E-011
     0.27808000E+002    -0.49045977E-001    -0.16253463E-011    -0.16273183E-011
     0.27816000E+002    -0.36901585E-001    -0.18633269E-012    -0.19094563E-012
     0.27824000E+002    -0.25231428E-001     0.11420414E-011     0.11353446E-011
     0.27832000E+002    -0.14233024E-001     0.22784799E-011     0.22718235E-011
     0.27840000E+002    -0.40057657E-002     0.31506373E-011     0.31441465E-011
     0.27848000E+002     0.54387931E-002     0.37038431E-011     0.36971728E-011
     0.27856000E+002     0.14157595E-001     0.39049574E-011     0.38972273E-011
     0.27864000E+002     0.22247231E-001     0.37454278E-011     0.37363754E-011
     0.27872000E+002     0.29810912E-001     0.32407954E-011     0.32325690E-011
     0.27880000E+002     0.36928135E-001     0.24245836E-011     0.24180187E-011
     0.27888000E+002     0.43630147E-001     0.13485208E-011     0.13432989E-011
     0.27896000E+002     0.49885772E-001     0.80792310E-013     0.76310044E-013
     0.27904000E+002     0.55597328E-001    -0.12983363E-011    -0.13030787E-011
     0.27912000E+002     0.60606779E-001    -0.27006902E-011    -0.27042873E-011
     0.27920000E+002     0.64713632E-001    -0.40407530E-011    -0.40419802E-011
     0.27928000E+002     0.67700853E-001    -0.52407066E-011    -0.52401410E-011
     0.27936000E+002     0.69365285E-001    -0.62317590E-011    -0.62301561E-011
     0.27944000E+002     0.69547044E-001    -0.69581604E-011    -0.69571352E-011
     0.27952000E+002     0.68152502E-001    -0.73780994E-011    -0.73774089E-011
     0.27960000E+002     0.65169589E-001    -0.74693225E-011    -0.74675090E-011
     0.27968000E+002     0.60673019E-001    -0.72325317E-011    -0.72300658E-011
     0.27976000E+002     0.54817971E-001    -0.66871765E-011    -0.66848783E-011
     0.27984000E+002     0.47822980E-001    -0.58697845E-011    -0.58692627E-011
     0.27992000E+002     0.39943859E-001    -0.48297304E-011    -0.48315904E-011
     0.28000000E+002     0.31443521E-001    -0.36276830E-011    -0.36300664E-011
     0.28008000E+002     0.22563267E-001    -0.23368859E-011    -0.23392282E-011
     0.28016000E+002     0.13498203E-001    -0.10362578E-011    -0.10388608E-011
     0.28024000E+002     0.43801913E-002     0.19532990E-012     0.19151444E-012
     0.28032000E+002    -0.47286828E-002     0.12846663E-011     0.12784749E-011
     0.28040000E+002    -0.13831563E-001     0.21693511E-011     0.21623932E-011
     0.28048000E+002    -0.22980004E-001     0.27960300E-011     0.27897805E-011
     0.28056000E+002    -0.32249073E-001     0.31240407E-011     0.31185809E-011
     0.28064000E+002    -0.41709119E-001     0.31304533E-011     0.31254036E-011
     0.28072000E+002    -0.51395786E-001     0.28120237E-011     0.28058559E-011
     0.28080000E+002    -0.61284298E-001     0.21882126E-011     0.21814958E-011
     0.28088000E+002    -0.71270015E-001     0.12962829E-011     0.12908131E-011
     0.28096000E+002    -0.81159562E-001     0.18710176E-012     0.18316501E-012
     0.28104000E+002    -0.90676255E-001    -0.10744982E-011    -0.10769542E-011
     0.28112000E+002    -0.99476327E-001    -0.24131875E-011    -0.24155212E-011
     0.28120000E+002    -0.10717555E+000    -0.37449087E-011    -0.37476126E-011
     0.28128000E+002    -0.11338280E+000    -0.49836306E-011    -0.49850665E-011
     0.28136000E+002    -0.11773676E+000    -0.60511533E-011    -0.60508819E-011
     0.28144000E+002    -0.11994408E+000    -0.68797300E-011    -0.68779465E-011
     0.28152000E+002    -0.11981111E+000    -0.74158145E-011    -0.74137338E-011
     0.28160000E+002    -0.11726569E+000    -0.76219409E-011    -0.76210235E-011
     0.28168000E+002    -0.11236720E+000    -0.74787752E-011    -0.74779655E-011
     0.28176000E+002    -0.10530303E+000    -0.69918719E-011    -0.69904544E-011
     0.28184000E+002    -0.96373711E-001    -0.61908239E-011    -0.61890916E-011
     0.28192000E+002    -0.85966379E-001    -0.51257781E-011    -0.51246389E-011
     0.28200000E+002    -0.74518558E-001    -0.38633308E-011    -0.38647307E-011
     0.28208000E+002    -0.62478754E-001    -0.24796944E-011    -0.24831747E-011
     0.28216000E+002    -0.50268044E-001    -0.10602634E-011    -0.10643572E-011
     0.28224000E+002    -0.38247478E-001     0.30433381E-012     0.29989165E-012
     0.28232000E+002    -0.26694710E-001     0.15267458E-011     0.15218928E-011
     0.28240000E+002    -0.15790514E-001     0.25289005E-011     0.25220414E-011
     0.28248000E+002    -0.56185643E-002     0.32504342E-011     0.32413487E-011
     0.28256000E+002     0.38212231E-002     0.36501984E-011     0.36409230E-011
     0.28264000E+002     0.12590023E-001     0.37046333E-011     0.36961988E-011
     0.28272000E+002     0.20780494E-001     0.34114806E-011     0.34045061E-011
     0.28280000E+002     0.28486590E-001     0.27899840E-011     0.27835413E-011
     0.28288000E+002     0.35775780E-001     0.18821035E-011     0.18749953E-011
     0.28296000E+002     0.42665255E-001     0.75005708E-012     0.74374090E-012
     0.28304000E+002     0.49108308E-001    -0.53337137E-012    -0.53772744E-012
     0.28312000E+002     0.54992088E-001    -0.18888601E-011    -0.18907546E-011
     0.28320000E+002     0.60147563E-001    -0.32347553E-011    -0.32347235E-011
     0.28328000E+002     0.64370416E-001    -0.44907896E-011    -0.44908586E-011
     0.28336000E+002     0.67446201E-001    -0.55800684E-011    -0.55800002E-011
     0.28344000E+002     0.69178988E-001    -0.64382757E-011    -0.64370333E-011
     0.28352000E+002     0.69419392E-001    -0.70185508E-011    -0.70159118E-011
     0.28360000E+002     0.68087228E-001    -0.72921008E-011    -0.72882162E-011
     0.28368000E+002     0.65186480E-001    -0.72491170E-011    -0.72460583E-011
     0.28376000E+002     0.60806637E-001    -0.68949796E-011    -0.68935111E-011
     0.28384000E+002     0.55112306E-001    -0.62521634E-011    -0.62511841E-011
     0.28392000E+002     0.48324132E-001    -0.53622142E-011    -0.53614000E-011
     0.28400000E+002     0.40692614E-001    -0.42812756E-011    -0.42803866E-011
     0.28408000E+002     0.32469851E-001    -0.30769721E-011    -0.30774889E-011
     0.28416000E+002     0.23880672E-001    -0.18211058E-011    -0.18244577E-011
     0.28424000E+002     0.15098295E-001    -0.58549899E-012    -0.59051016E-012
     0.28432000E+002     0.62305656E-002     0.55696965E-012     0.55124884E-012
     0.28440000E+002    -0.26827037E-002     0.15374201E-011     0.15317712E-011
     0.28448000E+002    -0.11660935E-001     0.22950366E-011     0.22890582E-011
     0.28456000E+002    -0.20765085E-001     0.27827034E-011     0.27747350E-011
     0.28464000E+002    -0.30073595E-001     0.29725892E-011     0.29634780E-011
     0.28472000E+002    -0.39652770E-001     0.28530538E-011     0.28443551E-011
     0.28480000E+002    -0.49526232E-001     0.24286553E-011     0.24214431E-011
     0.28488000E+002    -0.59649989E-001     0.17211156E-011     0.17158190E-011
     0.28496000E+002    -0.69896487E-001     0.76898638E-012     0.76381518E-012
     0.28504000E+002    -0.80050579E-001    -0.37003385E-012    -0.37546544E-012
     0.28512000E+002    -0.89816260E-001    -0.16251694E-011    -0.16295311E-011
     0.28520000E+002    -0.98833369E-001    -0.29197376E-011    -0.29221881E-011
     0.28528000E+002    -0.10670595E+000    -0.41744419E-011    -0.41743037E-011
     0.28536000E+002    -0.11303829E+000    -0.53125841E-011    -0.53114244E-011
     0.28544000E+002    -0.11747391E+000    -0.62608866E-011    -0.62603495E-011
     0.28552000E+002    -0.11973205E+000    -0.69543514E-011    -0.69537845E-011
     0.28560000E+002    -0.11963548E+000    -0.73451705E-011    -0.73439600E-011
     0.28568000E+002    -0.11713013E+000    -0.74054991E-011    -0.74029056E-011
     0.28576000E+002    -0.11229366E+000    -0.71301623E-011    -0.71270362E-011
     0.28584000E+002    -0.10533042E+000    -0.65346192E-011    -0.65331626E-011
     0.28592000E+002    -0.96553579E-001    -0.56516057E-011    -0.56517860E-011
     0.28600000E+002    -0.86354650E-001    -0.45336293E-011    -0.45348089E-011
     0.28608000E+002    -0.75166815E-001    -0.32501984E-011    -0.32515876E-011
     0.28616000E+002    -0.63427310E-001    -0.18834440E-011    -0.18848812E-011
     0.28624000E+002    -0.51540642E-001    -0.52183649E-012    -0.52530550E-012
     0.28632000E+002    -0.39847843E-001     0.75004904E-012     0.74417472E-012
     0.28640000E+002    -0.28603830E-001     0.18540558E-011     0.18468485E-011
     0.28648000E+002    -0.17966837E-001     0.27213084E-011     0.27137837E-011
     0.28656000E+002    -0.80021818E-002     0.32972524E-011     0.32905448E-011
     0.28664000E+002     0.13029407E-002     0.35444643E-011     0.35373350E-011
     0.28672000E+002     0.10016044E-001     0.34495890E-011     0.34410548E-011
     0.28680000E+002     0.18230486E-001     0.30235725E-011     0.30147985E-011
     0.28688000E+002     0.26035301E-001     0.22967399E-011     0.22888425E-011
     0.28696000E+002     0.33486628E-001     0.13171146E-011     0.13115707E-011
     0.28704000E+002     0.40586134E-001     0.14570163E-012     0.14202045E-012
     0.28712000E+002     0.47270405E-001    -0.11444202E-011    -0.11481009E-011
     0.28720000E+002     0.53411753E-001    -0.24704668E-011    -0.24738250E-011
     0.28728000E+002     0.58829872E-001    -0.37496736E-011    -0.37519288E-011
     0.28736000E+002     0.63312351E-001    -0.49048248E-011    -0.49048031E-011
     0.28744000E+002     0.66640900E-001    -0.58699195E-011    -0.58674562E-011
     0.28752000E+002     0.68621308E-001    -0.65927006E-011    -0.65901242E-011
     0.28760000E+002     0.69111192E-001    -0.70327395E-011    -0.70309177E-011
     0.28768000E+002     0.68040340E-001    -0.71664376E-011    -0.71650428E-011
     0.28776000E+002     0.65421526E-001    -0.69896758E-011    -0.69879914E-011
     0.28784000E+002     0.61349318E-001    -0.65179320E-011    -0.65150726E-011
     0.28792000E+002     0.55989376E-001    -0.57857962E-011    -0.57835262E-011
     0.28800000E+002     0.49558925E-001    -0.48395863E-011    -0.48394266E-011
     0.28808000E+002     0.42299364E-001    -0.37351573E-011    -0.37368589E-011
     0.28816000E+002     0.34447101E-001    -0.25378181E-011    -0.25408181E-011
     0.28824000E+002     0.26205885E-001    -0.13185485E-011    -0.13213831E-011
     0.28832000E+002     0.17726316E-001    -0.15205671E-012    -0.15527625E-012
     0.28840000E+002     0.90954176E-002     0.89119669E-012     0.88592712E-012
     0.28848000E+002     0.33508410E-003     0.17511036E-011     0.17440498E-011
     0.28856000E+002    -0.85879754E-002     0.23775415E-011     0.23693595E-011
     0.28864000E+002    -0.17742594E-001     0.27331858E-011     0.27254876E-011
     0.28872000E+002    -0.27206314E-001     0.27938296E-011     0.27872483E-011
     0.28880000E+002    -0.37034607E-001     0.25515815E-011     0.25445174E-011
     0.28888000E+002    -0.47233292E-001     0.20200456E-011     0.20124010E-011
     0.28896000E+002    -0.57736028E-001     0.12308265E-011     0.12233630E-011
     0.28904000E+002    -0.68389925E-001     0.23083555E-012     0.22491060E-012
     0.28912000E+002    -0.78952678E-001    -0.92126358E-012    -0.92430719E-012
     0.28920000E+002    -0.89101824E-001    -0.21589390E-011    -0.21605742E-011
     0.28928000E+002    -0.98456714E-001    -0.34063432E-011    -0.34077840E-011
     0.28936000E+002    -0.10661019E+000    -0.45836566E-011    -0.45847122E-011
     0.28944000E+002    -0.11316430E+000    -0.56145653E-011    -0.56146211E-011
     0.28952000E+002    -0.11776740E+000    -0.64316532E-011    -0.64293070E-011
     0.28960000E+002    -0.12014908E+000    -0.69830807E-011    -0.69793369E-011
     0.28968000E+002    -0.12014822E+000    -0.72319186E-011    -0.72289210E-011
     0.28976000E+002    -0.11773125E+000    -0.71569607E-011    -0.71552530E-011
     0.28984000E+002    -0.11299616E+000    -0.67575610E-011    -0.67570918E-011
     0.28992000E+002    -0.10616263E+000    -0.60544117E-011    -0.60537295E-011
     0.29000000E+002    -0.97551910E-001    -0.50912066E-011    -0.50900520E-011
     0.29008000E+002    -0.87556806E-001    -0.39298121E-011    -0.39301081E-011
     0.29016000E+002    -0.76606129E-001    -0.26420560E-011    -0.26445065E-011
     0.29024000E+002    -0.65126183E-001    -0.13075956E-011    -0.13122427E-011
     0.29032000E+002    -0.53503231E-001    -0.93162394E-014    -0.14894440E-013
     0.29040000E+002    -0.42055091E-001     0.11699534E-011     0.11649127E-011
     0.29048000E+002    -0.31012643E-001     0.21524107E-011     0.21467177E-011
     0.29056000E+002    -0.20513254E-001     0.28758034E-011     0.28686444E-011
     0.29064000E+002    -0.10606389E-001     0.32965487E-011     0.32880198E-011
     0.29072000E+002    -0.12685063E-002     0.33909969E-011     0.33819120E-011
     0.29080000E+002     0.75715117E-002     0.31558570E-011     0.31482459E-011
     0.29088000E+002     0.16001493E-001     0.26055717E-011     0.25991234E-011
     0.29096000E+002     0.24095838E-001     0.17757917E-011     0.17693550E-011
     0.29104000E+002     0.31889275E-001     0.72225627E-012     0.71588622E-012
     0.29112000E+002     0.39359956E-001    -0.48560232E-012    -0.49156541E-012
     0.29120000E+002     0.46421170E-001    -0.17696285E-011    -0.17733270E-011
     0.29128000E+002     0.52923238E-001    -0.30515329E-011    -0.30525463E-011
     0.29136000E+002     0.58667507E-001    -0.42554517E-011    -0.42554566E-011
     0.29144000E+002     0.63429338E-001    -0.53087506E-011    -0.53083773E-011
     0.29152000E+002     0.66987111E-001    -0.61487681E-011    -0.61483432E-011
     0.29160000E+002     0.69151225E-001    -0.67265839E-011    -0.67250137E-011
     0.29168000E+002     0.69788126E-001    -0.70124330E-011    -0.70087149E-011
     0.29176000E+002     0.68838603E-001    -0.69971843E-011    -0.69930586E-011
     0.29184000E+002     0.66327407E-001    -0.66870124E-011    -0.66838443E-011
     0.29192000E+002     0.62361662E-001    -0.61036046E-011    -0.61021257E-011
     0.29200000E+002     0.57117769E-001    -0.52833522E-011    -0.52831624E-011
     0.29208000E+002     0.50817714E-001    -0.42767155E-011    -0.42761076E-011
     0.29216000E+002     0.43700687E-001    -0.31478732E-011    -0.31475856E-011
     0.29224000E+002     0.35995498E-001    -0.19660509E-011    -0.19675008E-011
     0.29232000E+002     0.27895212E-001    -0.80051539E-012    -0.80426308E-012
     0.29240000E+002     0.19537887E-001     0.28167027E-012     0.27568073E-012
     0.29248000E+002     0.10995728E-001     0.12187824E-011     0.12126740E-011
     0.29256000E+002     0.22754666E-002     0.19537971E-011     0.19482719E-011
     0.29264000E+002    -0.66674743E-002     0.24405067E-011     0.24344486E-011
     0.29272000E+002    -0.15906505E-001     0.26496016E-011     0.26426055E-011
     0.29280000E+002    -0.25516327E-001     0.25686505E-011     0.25604048E-011
     0.29288000E+002    -0.35543668E-001     0.22031762E-011     0.21952614E-011
     0.29296000E+002    -0.45980949E-001     0.15728888E-011     0.15668604E-011
     0.29304000E+002    -0.56743322E-001     0.71085789E-012     0.70578206E-012
     0.29312000E+002    -0.67656284E-001    -0.33314480E-012    -0.33794419E-012
     0.29320000E+002    -0.78456573E-001    -0.14962611E-011    -0.15013585E-011
     0.29328000E+002    -0.88804943E-001    -0.27061011E-011    -0.27108530E-011
     0.29336000E+002    -0.98310572E-001    -0.38871578E-011    -0.38896886E-011
     0.29344000E+002    -0.10656185E+000    -0.49679344E-011    -0.49687361E-011
     0.29352000E+002    -0.11316230E+000    -0.58806211E-011    -0.58807866E-011
     0.29360000E+002    -0.11776901E+000    -0.65647358E-011    -0.65650132E-011
     0.29368000E+002    -0.12012678E+000    -0.69720558E-011    -0.69726475E-011
     0.29376000E+002    -0.12009425E+000    -0.70708775E-011    -0.70700751E-011
     0.29384000E+002    -0.11765801E+000    -0.68524910E-011    -0.68501979E-011
     0.29392000E+002    -0.11293352E+000    -0.63290225E-011    -0.63267209E-011
     0.29400000E+002    -0.10615524E+000    -0.55302348E-011    -0.55289923E-011
     0.29408000E+002    -0.97654785E-001    -0.45030299E-011    -0.45037671E-011
     0.29416000E+002    -0.87829101E-001    -0.33083674E-011    -0.33097831E-011
     0.29424000E+002    -0.77102646E-001    -0.20215505E-011    -0.20225450E-011
     0.29432000E+002    -0.65888332E-001    -0.72674266E-012    -0.72840882E-012
     0.29440000E+002    -0.54553422E-001     0.49296511E-012     0.48977426E-012
     0.29448000E+002    -0.43393915E-001     0.15602530E-011     0.15546097E-011
     0.29456000E+002    -0.32618073E-001     0.24093754E-011     0.24021587E-011
     0.29464000E+002    -0.22341702E-001     0.29875443E-011     0.29809577E-011
     0.29472000E+002    -0.12595787E-001     0.32560508E-011     0.32499920E-011
     0.29480000E+002    -0.33451338E-002     0.31975050E-011     0.31913996E-011
     0.29488000E+002     0.54839928E-002     0.28172264E-011     0.28103464E-011
     0.29496000E+002     0.13974274E-001     0.21429069E-011     0.21352423E-011
     0.29504000E+002     0.22189000E-001     0.12215279E-011     0.12153054E-011
     0.29512000E+002     0.30147892E-001     0.11161007E-012     0.10745269E-012
     0.29520000E+002     0.37811368E-001    -0.11175799E-011    -0.11203975E-011
     0.29528000E+002     0.45073949E-001    -0.23886411E-011    -0.23908644E-011
     0.29536000E+002     0.51769897E-001    -0.36217367E-011    -0.36243034E-011
     0.29544000E+002     0.57690171E-001    -0.47391391E-011    -0.47406526E-011
     0.29552000E+002     0.62605938E-001    -0.56747072E-011    -0.56740961E-011
     0.29560000E+002     0.66296796E-001    -0.63770292E-011    -0.63751939E-011
     0.29568000E+002     0.68578657E-001    -0.68084694E-011    -0.68062651E-011
     0.29576000E+002     0.69328216E-001    -0.69476672E-011    -0.69464889E-011
     0.29584000E+002     0.68500806E-001    -0.67889852E-011    -0.67884028E-011
     0.29592000E+002     0.66136315E-001    -0.63457262E-011    -0.63442428E-011
     0.29600000E+002     0.62353721E-001    -0.56509058E-011    -0.56491653E-011
     0.29608000E+002     0.57335347E-001    -0.47505607E-011    -0.47494716E-011
     0.29616000E+002     0.51303255E-001    -0.37007839E-011    -0.37016757E-011
     0.29624000E+002     0.44491777E-001    -0.25633966E-011    -0.25665710E-011
     0.29632000E+002     0.37118387E-001    -0.14039508E-011    -0.14074721E-011
     0.29640000E+002     0.29357866E-001    -0.29239130E-012    -0.29594289E-012
     0.29648000E+002     0.21325170E-001     0.70422687E-012     0.69999547E-012
     0.29656000E+002     0.13069085E-001     0.15269010E-011     0.15210997E-011
     0.29664000E+002     0.45772281E-002     0.21281996E-011     0.21200204E-011
     0.29672000E+002    -0.42089366E-002     0.24753263E-011     0.24666919E-011
     0.29680000E+002    -0.13371703E-001     0.25468714E-011     0.25393011E-011
     0.29688000E+002    -0.22988414E-001     0.23352418E-011     0.23285595E-011
     0.29696000E+002    -0.33100640E-001     0.18503762E-011     0.18441580E-011
     0.29704000E+002    -0.43687618E-001     0.11192850E-011     0.11123227E-011
     0.29712000E+002    -0.54646571E-001     0.18658204E-012     0.17981691E-012
     0.29720000E+002    -0.65784469E-001    -0.89184538E-012    -0.89643970E-012
     0.29728000E+002    -0.76820815E-001    -0.20536880E-011    -0.20560893E-011
     0.29736000E+002    -0.87400870E-001    -0.32298766E-011    -0.32305305E-011
     0.29744000E+002    -0.97121281E-001    -0.43484992E-011    -0.43488957E-011
     0.29752000E+002    -0.10556350E+000    -0.53372806E-011    -0.53379388E-011
     0.29760000E+002    -0.11233193E+000    -0.61299606E-011    -0.61293069E-011
     0.29768000E+002    -0.11709151E+000    -0.66748068E-011    -0.66726929E-011
     0.29776000E+002    -0.11959856E+000    -0.69352035E-011    -0.69322273E-011
     0.29784000E+002    -0.11972493E+000    -0.68914249E-011    -0.68888815E-011
     0.29792000E+002    -0.11747118E+000    -0.65411845E-011    -0.65403747E-011
     0.29800000E+002    -0.11296641E+000    -0.58998393E-011    -0.58995295E-011
     0.29808000E+002    -0.10645535E+000    -0.50047570E-011    -0.50042108E-011
     0.29816000E+002    -0.98271953E-001    -0.39119490E-011    -0.39116082E-011
     0.29824000E+002    -0.88806296E-001    -0.26904423E-011    -0.26910911E-011
     0.29832000E+002    -0.78468582E-001    -0.14174235E-011    -0.14205817E-011
     0.29840000E+002    -0.67652469E-001    -0.17114675E-012    -0.17596609E-012
     0.29848000E+002    -0.56702803E-001     0.96985503E-012     0.96496070E-012
     0.29856000E+002    -0.45890031E-001     0.19307339E-011     0.19257503E-011
     0.29864000E+002    -0.35396161E-001     0.26484770E-011     0.26431290E-011
     0.29872000E+002    -0.25315000E-001     0.30761906E-011     0.30690870E-011
     0.29880000E+002    -0.15663350E-001     0.31888532E-011     0.31801033E-011
     0.29888000E+002    -0.64009758E-002     0.29825032E-011     0.29742942E-011
     0.29896000E+002     0.25435135E-002     0.24704758E-011     0.24635239E-011
     0.29904000E+002     0.11244278E-001     0.16853250E-011     0.16797247E-011
     0.29912000E+002     0.19748940E-001     0.67698539E-012     0.67166914E-012
     0.29920000E+002     0.28055050E-001    -0.48867875E-012    -0.49471347E-012
     0.29928000E+002     0.36097202E-001    -0.17342207E-011    -0.17392795E-011
     0.29936000E+002     0.43744904E-001    -0.29811796E-011    -0.29841732E-011
     0.29944000E+002     0.50811636E-001    -0.41539644E-011    -0.41548511E-011
     0.29952000E+002     0.57072216E-001    -0.51831915E-011    -0.51827706E-011
     0.29960000E+002     0.62286881E-001    -0.60088744E-011    -0.60090536E-011
     0.29968000E+002     0.66231462E-001    -0.65814807E-011    -0.65817309E-011
     0.29976000E+002     0.68726361E-001    -0.68693753E-011    -0.68684910E-011
     0.29984000E+002     0.69659943E-001    -0.68613561E-011    -0.68593487E-011
     0.29992000E+002     0.69002478E-001    -0.65644185E-011    -0.65616790E-011
     0.30000000E+002     0.66808120E-001    -0.60025712E-011    -0.60010670E-011
     0.30008000E+002     0.63208322E-001    -0.52115830E-011    -0.52117831E-011
     0.30016000E+002     0.58394737E-001    -0.42393259E-011    -0.42398568E-011
     0.30024000E+002     0.52593347E-001    -0.31462956E-011    -0.31469093E-011
     0.30032000E+002     0.46034837E-001    -0.19995917E-011    -0.20002715E-011
     0.30040000E+002     0.38924668E-001    -0.86907640E-012    -0.87121323E-012
     0.30048000E+002     0.31420670E-001     0.17942654E-012     0.17472380E-012
     0.30056000E+002     0.23619304E-001     0.10875729E-011     0.10818033E-011
     0.30064000E+002     0.15550623E-001     0.18025536E-011     0.17966466E-011
     0.30072000E+002     0.71846170E-002     0.22813819E-011     0.22757717E-011
     0.30080000E+002    -0.15526154E-002     0.24939267E-011     0.24880938E-011
     0.30088000E+002    -0.10752807E-001     0.24263740E-011     0.24188581E-011
     0.30096000E+002    -0.20494093E-001     0.20844757E-011     0.20764174E-011
     0.30104000E+002    -0.30811332E-001     0.14883541E-011     0.14813449E-011
     0.30112000E+002    -0.41670758E-001     0.67090412E-012     0.66557777E-012
     0.30120000E+002    -0.52952596E-001    -0.32216116E-012    -0.32575835E-012
     0.30128000E+002    -0.64443277E-001    -0.14340996E-011    -0.14377208E-011
     0.30136000E+002    -0.75839014E-001    -0.25964411E-011    -0.26001828E-011
     0.30144000E+002    -0.86763162E-001    -0.37360499E-011    -0.37383612E-011
     0.30152000E+002    -0.96795136E-001    -0.47826042E-011    -0.47829245E-011
     0.30160000E+002    -0.10550587E+000    -0.56709903E-011    -0.56691651E-011
     0.30168000E+002    -0.11249615E+000    -0.63454249E-011    -0.63432244E-011
     0.30176000E+002    -0.11743287E+000    -0.67595854E-011    -0.67585118E-011
     0.30184000E+002    -0.12008015E+000    -0.68803629E-011    -0.68794908E-011
     0.30192000E+002    -0.12032273E+000    -0.66951758E-011    -0.66939339E-011
     0.30200000E+002    -0.11817606E+000    -0.62121967E-011    -0.62102460E-011
     0.30208000E+002    -0.11378283E+000    -0.54601403E-011    -0.54585384E-011
     0.30216000E+002    -0.10739693E+000    -0.44842124E-011    -0.44849812E-011
     0.30224000E+002    -0.99356590E-001    -0.33412666E-011    -0.33439141E-011
     0.30232000E+002    -0.90051991E-001    -0.21011411E-011    -0.21046707E-011
     0.30240000E+002    -0.79888144E-001    -0.84260911E-012    -0.84627031E-012
     0.30248000E+002    -0.69247721E-001     0.35242691E-012     0.34875921E-012
     0.30256000E+002    -0.58460064E-001     0.14054063E-011     0.13999790E-011
     0.30264000E+002    -0.47778633E-001     0.22503763E-011     0.22432248E-011
     0.30272000E+002    -0.37370960E-001     0.28349066E-011     0.28274343E-011
     0.30280000E+002    -0.27319853E-001     0.31211803E-011     0.31142497E-011
     0.30288000E+002    -0.17634404E-001     0.30898268E-011     0.30842009E-011
     0.30296000E+002    -0.82715530E-002     0.27409563E-011     0.27352647E-011
     0.30304000E+002     0.83626025E-003     0.20983550E-011     0.20917114E-011
     0.30312000E+002     0.97509437E-002     0.12068410E-011     0.12005702E-011
     0.30320000E+002     0.18501717E-001     0.12475436E-012     0.11976398E-012
     0.30328000E+002     0.27065780E-001    -0.10789869E-011    -0.10817736E-011
     0.30336000E+002     0.35357547E-001    -0.23301456E-011    -0.23315503E-011
     0.30344000E+002     0.43228041E-001    -0.35510506E-011    -0.35528906E-011
     0.30352000E+002     0.50475355E-001    -0.46637269E-011    -0.46653813E-011
     0.30360000E+002     0.56864847E-001    -0.55998192E-011    -0.56004002E-011
     0.30368000E+002     0.62156671E-001    -0.63049292E-011    -0.63036505E-011
     0.30376000E+002     0.66135206E-001    -0.67417501E-011    -0.67388498E-011
     0.30384000E+002     0.68635291E-001    -0.68904868E-011    -0.68883478E-011
     0.30392000E+002     0.69562896E-001    -0.67453251E-011    -0.67444920E-011
     0.30400000E+002     0.68907306E-001    -0.63179718E-011    -0.63177156E-011
     0.30408000E+002     0.66742121E-001    -0.56384704E-011    -0.56381233E-011
     0.30416000E+002     0.63215148E-001    -0.47524676E-011    -0.47514420E-011
     0.30424000E+002     0.58527373E-001    -0.37183827E-011    -0.37185349E-011
     0.30432000E+002     0.52905749E-001    -0.25989287E-011    -0.26015116E-011
     0.30440000E+002     0.46574655E-001    -0.14586625E-011    -0.14628846E-011
     0.30448000E+002     0.39727967E-001    -0.36409232E-012    -0.36911637E-012
     0.30456000E+002     0.32507044E-001     0.62055143E-012     0.61608129E-012
     0.30464000E+002     0.24986885E-001     0.14355976E-011     0.14310337E-011
     0.30472000E+002     0.17173550E-001     0.20330039E-011     0.20267754E-011
     0.30480000E+002     0.90151513E-002     0.23806519E-011     0.23733694E-011
     0.30488000E+002     0.42176168E-003     0.24595994E-011     0.24521192E-011
     0.30496000E+002    -0.87073860E-002     0.22651505E-011     0.22588440E-011
     0.30504000E+002    -0.18453317E-001     0.18061212E-011     0.18012963E-011
     0.30512000E+002    -0.28847643E-001     0.11063499E-011     0.11012288E-011
     0.30520000E+002    -0.39845631E-001     0.20772228E-012     0.20226978E-012
     0.30528000E+002    -0.51309397E-001    -0.83565379E-012    -0.84059913E-012
     0.30536000E+002    -0.63003526E-001    -0.19616868E-011    -0.19651126E-011
     0.30544000E+002    -0.74603504E-001    -0.31039174E-011    -0.31049796E-011
     0.30552000E+002    -0.85716620E-001    -0.41954124E-011    -0.41958315E-011
     0.30560000E+002    -0.95910872E-001    -0.51676763E-011    -0.51685275E-011
     0.30568000E+002    -0.10475060E+000    -0.59563294E-011    -0.59570203E-011
     0.30576000E+002    -0.11183631E+000    -0.65083448E-011    -0.65081722E-011
     0.30584000E+002    -0.11684197E+000    -0.67855209E-011    -0.67833829E-011
     0.30592000E+002    -0.11954557E+000    -0.67686554E-011    -0.67657986E-011
     0.30600000E+002    -0.11984857E+000    -0.64549906E-011    -0.64534582E-011
     0.30608000E+002    -0.11778227E+000    -0.58575247E-011    -0.58573514E-011
     0.30616000E+002    -0.11350331E+000    -0.50084996E-011    -0.50092446E-011
     0.30624000E+002    -0.10727691E+000    -0.39578631E-011    -0.39582254E-011
     0.30632000E+002    -0.99448667E-001    -0.27720520E-011    -0.27721690E-011
     0.30640000E+002    -0.90409081E-001    -0.15273842E-011    -0.15294396E-011
     0.30648000E+002    -0.80554770E-001    -0.30123069E-012    -0.30571554E-012
     0.30656000E+002    -0.70253261E-001     0.82972465E-012     0.82324436E-012
     0.30664000E+002    -0.59814978E-001     0.17936952E-011     0.17866342E-011
     0.30672000E+002    -0.49472356E-001     0.25272858E-011     0.25209669E-011
     0.30680000E+002    -0.39370608E-001     0.29798050E-011     0.29728690E-011
     0.30688000E+002    -0.29570562E-001     0.31219480E-011     0.31137017E-011
     0.30696000E+002    -0.20063812E-001     0.29462233E-011     0.29372463E-011
     0.30704000E+002    -0.10798319E-001     0.24653435E-011     0.24567329E-011
     0.30712000E+002    -0.17061371E-002     0.17108708E-011     0.17045407E-011
     0.30720000E+002     0.72684727E-002     0.72904594E-012     0.72439841E-012
     0.30728000E+002     0.16143955E-001    -0.41779166E-012    -0.42212932E-012
     0.30736000E+002     0.24882827E-001    -0.16544740E-011    -0.16583674E-011
     0.30744000E+002     0.33381118E-001    -0.29013007E-011    -0.29043957E-011
     0.30752000E+002     0.41471402E-001    -0.40794004E-011    -0.40802105E-011
     0.30760000E+002     0.48937541E-001    -0.51184898E-011    -0.51170996E-011
     0.30768000E+002     0.55536831E-001    -0.59586276E-011    -0.59570771E-011
     0.30776000E+002     0.61027429E-001    -0.65501736E-011    -0.65490120E-011
     0.30784000E+002     0.65195770E-001    -0.68596651E-011    -0.68589183E-011
     0.30792000E+002     0.67882855E-001    -0.68717942E-011    -0.68703768E-011
     0.30800000E+002     0.69005301E-001    -0.65918707E-011    -0.65890162E-011
     0.30808000E+002     0.68565144E-001    -0.60447129E-011    -0.60423481E-011
     0.30816000E+002     0.66647904E-001    -0.52674111E-011    -0.52666943E-011
     0.30824000E+002     0.63408815E-001    -0.43084093E-011    -0.43094764E-011
     0.30832000E+002     0.59050502E-001    -0.32257642E-011    -0.32278615E-011
     0.30840000E+002     0.53796168E-001    -0.20847665E-011    -0.20862656E-011
     0.30848000E+002     0.47859787E-001    -0.95620111E-012    -0.95811544E-012
     0.30856000E+002     0.41417945E-001     0.92676769E-013     0.88842845E-013
     0.30864000E+002     0.34588764E-001     0.10024914E-011     0.99658103E-012
     0.30872000E+002     0.27421058E-001     0.17225272E-011     0.17150203E-011
     0.30880000E+002     0.19896319E-001     0.22130187E-011     0.22060588E-011
     0.30888000E+002     0.11941920E-001     0.24439240E-011     0.24379257E-011
     0.30896000E+002     0.34525374E-002     0.23997429E-011     0.23932857E-011
     0.30904000E+002    -0.56806824E-002     0.20837007E-011     0.20765322E-011
     0.30912000E+002    -0.15537886E-001     0.15151237E-011     0.15073636E-011
     0.30920000E+002    -0.26139625E-001     0.72845219E-012     0.72184136E-012
     0.30928000E+002    -0.37421969E-001    -0.23154264E-012    -0.23562198E-012
     0.30936000E+002    -0.49223649E-001    -0.13116398E-011    -0.13144856E-011
     0.30944000E+002    -0.61284499E-001    -0.24479438E-011    -0.24503597E-011
     0.30952000E+002    -0.73255557E-001    -0.35708764E-011    -0.35732066E-011
     0.30960000E+002    -0.84721489E-001    -0.46097507E-011    -0.46112804E-011
     0.30968000E+002    -0.95231891E-001    -0.54988045E-011    -0.54979273E-011
     0.30976000E+002    -0.10434072E+000    -0.61834201E-011    -0.61811190E-011
     0.30984000E+002    -0.11164674E+000    -0.66187852E-011    -0.66165255E-011
     0.30992000E+002    -0.11682914E+000    -0.67725485E-011    -0.67710170E-011
     0.31000000E+002    -0.11967635E+000    -0.66287788E-011    -0.66280629E-011
     0.31008000E+002    -0.12010362E+000    -0.61901877E-011    -0.61887240E-011
     0.31016000E+002    -0.11815926E+000    -0.54819617E-011    -0.54799676E-011
     0.31024000E+002    -0.11401763E+000    -0.45471682E-011    -0.45463357E-011
     0.31032000E+002    -0.10795761E+000    -0.34415735E-011    -0.34426703E-011
     0.31040000E+002    -0.10033199E+000    -0.22320703E-011    -0.22354688E-011
     0.31048000E+002    -0.91530896E-001    -0.99246881E-012    -0.99658798E-012
     0.31056000E+002    -0.81944161E-001     0.19757600E-012     0.19380367E-012
     0.31064000E+002    -0.71926966E-001     0.12587729E-011     0.12540841E-011
     0.31072000E+002    -0.61771030E-001     0.21221187E-011     0.21158297E-011
     0.31080000E+002    -0.51686235E-001     0.27322588E-011     0.27239929E-011
     0.31088000E+002    -0.41795354E-001     0.30513091E-011     0.30422958E-011
     0.31096000E+002    -0.32140858E-001     0.30587303E-011     0.30511214E-011
     0.31104000E+002    -0.22702144E-001     0.27507917E-011     0.27441246E-011
     0.31112000E+002    -0.13420070E-001     0.21459564E-011     0.21394095E-011
     0.31120000E+002    -0.42253486E-002     0.12838412E-011     0.12769294E-011
     0.31128000E+002     0.49316657E-002     0.22188044E-012     0.21490937E-012
     0.31136000E+002     0.14055677E-001    -0.96978988E-012    -0.97458348E-012
     0.31144000E+002     0.23090403E-001    -0.22171865E-011    -0.22195066E-011
     0.31152000E+002     0.31912313E-001    -0.34437829E-011    -0.34447889E-011
     0.31160000E+002     0.40336132E-001    -0.45732435E-011    -0.45737336E-011
     0.31168000E+002     0.48129410E-001    -0.55355368E-011    -0.55362670E-011
     0.31176000E+002     0.55035354E-001    -0.62711251E-011    -0.62706924E-011
     0.31184000E+002     0.60802557E-001    -0.67389018E-011    -0.67364869E-011
     0.31192000E+002     0.65214908E-001    -0.69172516E-011    -0.69141801E-011
     0.31200000E+002     0.68117921E-001    -0.68007069E-011    -0.67979714E-011
     0.31208000E+002     0.69436466E-001    -0.64007489E-011    -0.63995179E-011
     0.31216000E+002     0.69181422E-001    -0.57438464E-011    -0.57435222E-011
     0.31224000E+002     0.67446748E-001    -0.48727180E-011    -0.48718181E-011
     0.31232000E+002     0.64394833E-001    -0.38451669E-011    -0.38445230E-011
     0.31240000E+002     0.60232584E-001    -0.27255997E-011    -0.27261343E-011
     0.31248000E+002     0.55181813E-001    -0.15812024E-011    -0.15838425E-011
     0.31256000E+002     0.49447979E-001    -0.47777100E-012    -0.48243349E-012
     0.31264000E+002     0.43194389E-001     0.52231618E-012     0.51766959E-012
     0.31272000E+002     0.36524020E-001     0.13594330E-011     0.13549267E-011
     0.31280000E+002     0.29470892E-001     0.19838066E-011     0.19785799E-011
     0.31288000E+002     0.22003146E-001     0.23598389E-011     0.23532274E-011
     0.31296000E+002     0.14037202E-001     0.24675742E-011     0.24591656E-011
     0.31304000E+002     0.54625441E-002     0.23038164E-011     0.22956765E-011
     0.31312000E+002    -0.38268119E-002     0.18773914E-011     0.18708165E-011
     0.31320000E+002    -0.13900440E-001     0.12103313E-011     0.12046860E-011
     0.31328000E+002    -0.24762751E-001     0.34042906E-012     0.33516279E-012
     0.31336000E+002    -0.36330711E-001    -0.68129091E-012    -0.68711070E-012
     0.31344000E+002    -0.48421309E-001    -0.17921180E-011    -0.17973291E-011
     0.31352000E+002    -0.60750703E-001    -0.29250707E-011    -0.29277697E-011
     0.31360000E+002    -0.72947702E-001    -0.40141212E-011    -0.40147273E-011
     0.31368000E+002    -0.84580564E-001    -0.49934948E-011    -0.49928395E-011
     0.31376000E+002    -0.95191318E-001    -0.58015569E-011    -0.58010852E-011
     0.31384000E+002    -0.10433483E+000    -0.63836232E-011    -0.63836615E-011
     0.31392000E+002    -0.11161742E+000    -0.66976875E-011    -0.66965761E-011
     0.31400000E+002    -0.11673233E+000    -0.67213881E-011    -0.67191714E-011
     0.31408000E+002    -0.11948900E+000    -0.64502607E-011    -0.64478455E-011
     0.31416000E+002    -0.11982865E+000    -0.58972195E-011    -0.58958963E-011
     0.31424000E+002    -0.11782588E+000    -0.50917180E-011    -0.50925873E-011
     0.31432000E+002    -0.11367634E+000    -0.40783688E-011    -0.40800228E-011
     0.31440000E+002    -0.10767299E+000    -0.29192789E-011    -0.29209570E-011
     0.31448000E+002    -0.10017597E+000    -0.16885117E-011    -0.16907769E-011
     0.31456000E+002    -0.91575486E-001    -0.46467241E-012    -0.46817656E-012
     0.31464000E+002    -0.82252861E-001     0.67416780E-012     0.66826575E-012
     0.31472000E+002    -0.72546031E-001     0.16570444E-011     0.16498693E-011
     0.31480000E+002    -0.62722961E-001     0.24204979E-011     0.24137320E-011
     0.31488000E+002    -0.52968204E-001     0.29120406E-011     0.29055257E-011
     0.31496000E+002    -0.43380410E-001     0.30975891E-011     0.30910386E-011
     0.31504000E+002    -0.33980024E-001     0.29637138E-011     0.29560592E-011
     0.31512000E+002    -0.24728335E-001     0.25204058E-011     0.25120353E-011
     0.31520000E+002    -0.15554146E-001     0.17978136E-011     0.17909380E-011
     0.31528000E+002    -0.63850479E-002     0.84060758E-012     0.83560161E-012
     0.31536000E+002     0.28229027E-002    -0.29138165E-012    -0.29485179E-012
     0.31544000E+002     0.12062818E-001    -0.15265607E-011    -0.15295951E-011
     0.31552000E+002     0.21262675E-001    -0.27852466E-011    -0.27886595E-011
     0.31560000E+002     0.30280643E-001    -0.39853580E-011    -0.39873559E-011
     0.31568000E+002     0.38911944E-001    -0.50530472E-011    -0.50527601E-011
     0.31576000E+002     0.46906348E-001    -0.59254817E-011    -0.59233730E-011
     0.31584000E+002     0.53995360E-001    -0.65526252E-011    -0.65497523E-011
     0.31592000E+002     0.59923326E-001    -0.68996434E-011    -0.68978325E-011
     0.31600000E+002     0.64476401E-001    -0.69469610E-011    -0.69455217E-011
     0.31608000E+002     0.67507059E-001    -0.66958189E-011    -0.66935392E-011
     0.31616000E+002     0.68950176E-001    -0.61682842E-011    -0.61655176E-011
     0.31624000E+002     0.68829176E-001    -0.54021749E-011    -0.53995995E-011
     0.31632000E+002     0.67250958E-001    -0.44482493E-011    -0.44477664E-011
     0.31640000E+002     0.64387502E-001    -0.33642567E-011    -0.33660945E-011
     0.31648000E+002     0.60449499E-001    -0.22143461E-011    -0.22168658E-011
     0.31656000E+002     0.55655979E-001    -0.10685563E-011    -0.10714816E-011
     0.31664000E+002     0.50204259E-001     0.43939799E-014     0.10388355E-014
     0.31672000E+002     0.44245701E-001     0.94114318E-012     0.93622764E-012
     0.31680000E+002     0.37867439E-001     0.16892394E-011     0.16820546E-011
     0.31688000E+002     0.31085039E-001     0.22093062E-011     0.22017042E-011
     0.31696000E+002     0.23848311E-001     0.24720308E-011     0.24650050E-011
     0.31704000E+002     0.16058364E-001     0.24616949E-011     0.24554591E-011
     0.31712000E+002     0.75951620E-002     0.21781489E-011     0.21721330E-011
     0.31720000E+002    -0.16511448E-002     0.16379520E-011     0.16308138E-011
     0.31728000E+002    -0.11748335E-001     0.87527605E-012     0.86823053E-012
     0.31736000E+002    -0.22692278E-001    -0.64932706E-013    -0.70453166E-013
     0.31744000E+002    -0.34385423E-001    -0.11294516E-011    -0.11333155E-011
     0.31752000E+002    -0.46625894E-001    -0.22571415E-011    -0.22596654E-011
     0.31760000E+002    -0.59110909E-001    -0.33819365E-011    -0.33848370E-011
     0.31768000E+002    -0.71453945E-001    -0.44335338E-011    -0.44366916E-011
     0.31776000E+002    -0.83211932E-001    -0.53449028E-011    -0.53466146E-011
     0.31784000E+002    -0.93920835E-001    -0.60592347E-011    -0.60591477E-011
     0.31792000E+002    -0.10313587E+000    -0.65308373E-011    -0.65290943E-011
     0.31800000E+002    -0.11047155E+000    -0.67280864E-011    -0.67263888E-011
     0.31808000E+002    -0.11563698E+000    -0.66329755E-011    -0.66324827E-011
     0.31816000E+002    -0.11846050E+000    -0.62436739E-011    -0.62430908E-011
     0.31824000E+002    -0.11890155E+000    -0.55799194E-011    -0.55786706E-011
     0.31832000E+002    -0.11705058E+000    -0.46805346E-011    -0.46786418E-011
     0.31840000E+002    -0.11311582E+000    -0.36007239E-011    -0.35994392E-011
     0.31848000E+002    -0.10739850E+000    -0.24068045E-011    -0.24080526E-011
     0.31856000E+002    -0.10025908E+000    -0.11704488E-011    -0.11734820E-011
     0.31864000E+002    -0.92078070E-001     0.30875457E-013     0.27143295E-013
     0.31872000E+002    -0.83218850E-001     0.11189227E-011     0.11149277E-011
     0.31880000E+002    -0.73995922E-001     0.20212494E-011     0.20168491E-011
     0.31888000E+002    -0.64650726E-001     0.26769365E-011     0.26704379E-011
     0.31896000E+002    -0.55339012E-001     0.30442312E-011     0.30359556E-011
     0.31904000E+002    -0.46129766E-001     0.30997724E-011     0.30914192E-011
     0.31912000E+002    -0.37017480E-001     0.28379441E-011     0.28303129E-011
     0.31920000E+002    -0.27945417E-001     0.22733105E-011     0.22669830E-011
     0.31928000E+002    -0.18833761E-001     0.14395697E-011     0.14332833E-011
     0.31936000E+002    -0.96104128E-002     0.39095832E-012     0.38412925E-012
     0.31944000E+002    -0.23920739E-003    -0.80267165E-012    -0.80842743E-012
     0.31952000E+002     0.92575940E-002    -0.20650334E-011    -0.20689087E-011
     0.31960000E+002     0.18785554E-001    -0.33169893E-011    -0.33185000E-011
     0.31968000E+002     0.28177260E-001    -0.44820043E-011    -0.44822037E-011
     0.31976000E+002     0.37203387E-001    -0.54885447E-011    -0.54891839E-011
     0.31984000E+002     0.45593445E-001    -0.62730947E-011    -0.62733619E-011
     0.31992000E+002     0.53063492E-001    -0.67891437E-011    -0.67882188E-011
     0.32000000E+002     0.59346335E-001    -0.70096166E-011    -0.70072144E-011
     0.32008000E+002     0.64221979E-001    -0.69274887E-011    -0.69242266E-011
     0.32016000E+002     0.67543119E-001    -0.65544134E-011    -0.65526135E-011
     0.32024000E+002     0.69250461E-001    -0.59156999E-011    -0.59155073E-011
     0.32032000E+002     0.69375958E-001    -0.50522724E-011    -0.50525887E-011
     0.32040000E+002     0.68033745E-001    -0.40197215E-011    -0.40200207E-011
     0.32048000E+002     0.65400910E-001    -0.28834278E-011    -0.28834696E-011
     0.32056000E+002     0.61691478E-001    -0.17145669E-011    -0.17162640E-011
     0.32064000E+002     0.57125386E-001    -0.58152908E-012    -0.58584028E-012
     0.32072000E+002     0.51896754E-001     0.45231141E-012     0.44663430E-012
     0.32080000E+002     0.46147850E-001     0.13280458E-011     0.13219136E-011
     0.32088000E+002     0.39952457E-001     0.19954795E-011     0.19899175E-011
     0.32096000E+002     0.33312387E-001     0.24150188E-011     0.24091700E-011
     0.32104000E+002     0.26165986E-001     0.25632275E-011     0.25556298E-011
     0.32112000E+002     0.18406014E-001     0.24353418E-011     0.24270121E-011
     0.32120000E+002     0.99073504E-002     0.20405939E-011     0.20326571E-011
     0.32128000E+002     0.55992071E-003     0.14019557E-011     0.13956208E-011
     0.32136000E+002    -0.96970864E-002     0.55455808E-012     0.54994196E-012
     0.32144000E+002    -0.20845551E-001    -0.45433194E-012    -0.45899440E-012
     0.32152000E+002    -0.32770258E-001    -0.15639090E-011    -0.15684306E-011
     0.32160000E+002    -0.45251466E-001    -0.27070799E-011    -0.27104640E-011
     0.32168000E+002    -0.57969913E-001    -0.38155459E-011    -0.38170861E-011
     0.32176000E+002    -0.70524702E-001    -0.48231798E-011    -0.48224829E-011
     0.32184000E+002    -0.82461699E-001    -0.56698320E-011    -0.56688132E-011
     0.32192000E+002    -0.93312489E-001    -0.63003520E-011    -0.62999903E-011
     0.32200000E+002    -0.10263576E+000    -0.66700179E-011    -0.66695249E-011
     0.32208000E+002    -0.11005561E+000    -0.67510423E-011    -0.67499028E-011
     0.32216000E+002    -0.11529412E+000    -0.65341135E-011    -0.65316879E-011
     0.32224000E+002    -0.11819403E+000    -0.60303494E-011    -0.60280751E-011
     0.32232000E+002    -0.11873093E+000    -0.52670941E-011    -0.52667678E-011
     0.32240000E+002    -0.11701161E+000    -0.42857562E-011    -0.42868588E-011
     0.32248000E+002    -0.11325673E+000    -0.31439520E-011    -0.31457556E-011
     0.32256000E+002    -0.10777264E+000    -0.19120016E-011    -0.19134428E-011
     0.32264000E+002    -0.10091620E+000    -0.66949945E-012    -0.67097465E-012
     0.32272000E+002    -0.93057317E-001     0.50239532E-012     0.49877683E-012
     0.32280000E+002    -0.84543305E-001     0.15298907E-011     0.15241234E-011
     0.32288000E+002    -0.75666687E-001     0.23475001E-011     0.23405018E-011
     0.32296000E+002    -0.66642280E-001     0.29014003E-011     0.28945042E-011
     0.32304000E+002    -0.57598008E-001     0.31526113E-011     0.31467483E-011
     0.32312000E+002    -0.48578700E-001     0.30802260E-011     0.30737739E-011
     0.32320000E+002    -0.39562268E-001     0.26880613E-011     0.26804151E-011
     0.32328000E+002    -0.30483554E-001     0.20023676E-011     0.19944546E-011
     0.32336000E+002    -0.21262381E-001     0.10674052E-011     0.10603503E-011
     0.32344000E+002    -0.11835006E-001    -0.57502567E-013    -0.62129432E-013
     0.32352000E+002    -0.21822219E-002    -0.13033075E-011    -0.13064215E-011
     0.32360000E+002     0.76497062E-002    -0.25912701E-011    -0.25943117E-011
     0.32368000E+002     0.17538751E-001    -0.38376436E-011    -0.38402220E-011
     0.32376000E+002     0.27290619E-001    -0.49631886E-011    -0.49648106E-011
     0.32384000E+002     0.36651423E-001    -0.58982640E-011    -0.58976766E-011
     0.32392000E+002     0.45330200E-001    -0.65890624E-011    -0.65866178E-011
     0.32400000E+002     0.53028723E-001    -0.69979397E-011    -0.69957580E-011
     0.32408000E+002     0.59473553E-001    -0.71020290E-011    -0.71004309E-011
     0.32416000E+002     0.64447875E-001    -0.68980203E-011    -0.68968104E-011
     0.32424000E+002     0.67814999E-001    -0.64024150E-011    -0.64007156E-011
     0.32432000E+002     0.69530972E-001    -0.56512163E-011    -0.56486107E-011
     0.32440000E+002     0.69646207E-001    -0.46965499E-011    -0.46951178E-011
     0.32448000E+002     0.68294232E-001    -0.35980005E-011    -0.35986665E-011
     0.32456000E+002     0.65670681E-001    -0.24211416E-011    -0.24235770E-011
     0.32464000E+002     0.62003505E-001    -0.12355604E-011    -0.12389123E-011
     0.32472000E+002     0.57518633E-001    -0.11139308E-012    -0.11427573E-012
     0.32480000E+002     0.52408756E-001     0.88326659E-012     0.87965638E-012
     0.32488000E+002     0.46808714E-001     0.16911983E-011     0.16855067E-011
     0.32496000E+002     0.40781245E-001     0.22692329E-011     0.22618477E-011
     0.32504000E+002     0.34314489E-001     0.25871644E-011     0.25789207E-011
     0.32512000E+002     0.27330887E-001     0.26289950E-011     0.26218868E-011
     0.32520000E+002     0.19708611E-001     0.23912011E-011     0.23853016E-011
     0.32528000E+002     0.11312410E-001     0.18864353E-011     0.18801219E-011
     0.32536000E+002     0.20281079E-002     0.11459291E-011     0.11391847E-011
     0.32544000E+002    -0.82038614E-002     0.21439819E-012     0.20768743E-012
     0.32552000E+002    -0.19361152E-001    -0.85266685E-012    -0.85766990E-012
     0.32560000E+002    -0.31321194E-001    -0.19941874E-011    -0.19964564E-011
     0.32568000E+002    -0.43853554E-001    -0.31457367E-011    -0.31469443E-011
     0.32576000E+002    -0.56626958E-001    -0.42379250E-011    -0.42389219E-011
     0.32584000E+002    -0.69230100E-001    -0.52025081E-011    -0.52033803E-011
     0.32592000E+002    -0.81203033E-001    -0.59777117E-011    -0.59777305E-011
     0.32600000E+002    -0.92076310E-001    -0.65133847E-011    -0.65112463E-011
     0.32608000E+002    -0.10141112E+000    -0.67757612E-011    -0.67728336E-011
     0.32616000E+002    -0.10883846E+000    -0.67447904E-011    -0.67427056E-011
     0.32624000E+002    -0.11409255E+000    -0.64158345E-011    -0.64150357E-011
     0.32632000E+002    -0.11703244E+000    -0.58028599E-011    -0.58032184E-011
     0.32640000E+002    -0.11765091E+000    -0.49386515E-011    -0.49386673E-011
     0.32648000E+002    -0.11606817E+000    -0.38759777E-011    -0.38760242E-011
     0.32656000E+002    -0.11251322E+000    -0.26808687E-011    -0.26826423E-011
     0.32664000E+002    -0.10729599E+000    -0.14261015E-011    -0.14299386E-011
     0.32672000E+002    -0.10077095E+000    -0.18930348E-012    -0.19503836E-012
     0.32680000E+002    -0.93298169E-001     0.95187296E-012     0.94599180E-012
     0.32688000E+002    -0.85206515E-001     0.19219631E-011     0.19168847E-011
     0.32696000E+002    -0.76763978E-001     0.26542013E-011     0.26484773E-011
     0.32704000E+002    -0.68159891E-001     0.30996973E-011     0.30927807E-011
     0.32712000E+002    -0.59498082E-001     0.32288190E-011     0.32207454E-011
     0.32720000E+002    -0.50801852E-001     0.30328199E-011     0.30249244E-011
     0.32728000E+002    -0.42030642E-001     0.25224703E-011     0.25166020E-011
     0.32736000E+002    -0.33105869E-001     0.17261622E-011     0.17213600E-011
     0.32744000E+002    -0.23942720E-001     0.69335472E-012     0.68851820E-012
     0.32752000E+002    -0.14481805E-001    -0.50901351E-012    -0.51414780E-012
     0.32760000E+002    -0.47152103E-002    -0.18025137E-011    -0.18074056E-011
     0.32768000E+002     0.52950953E-002    -0.31035122E-011    -0.31060421E-011
     0.32776000E+002     0.15408767E-001    -0.43321654E-011    -0.43324394E-011
     0.32784000E+002     0.25410629E-001    -0.54137031E-011    -0.54132719E-011
     0.32792000E+002     0.35025696E-001    -0.62811480E-011    -0.62807245E-011
     0.32800000E+002     0.43945759E-001    -0.68815545E-011    -0.68815568E-011
     0.32808000E+002     0.51862110E-001    -0.71791371E-011    -0.71780530E-011
     0.32816000E+002     0.58498333E-001    -0.71609149E-011    -0.71581179E-011
     0.32824000E+002     0.63640408E-001    -0.68354364E-011    -0.68326243E-011
     0.32832000E+002     0.67158952E-001    -0.62273847E-011    -0.62256225E-011
     0.32840000E+002     0.69021776E-001    -0.53771914E-011    -0.53773476E-011
     0.32848000E+002     0.69294007E-001    -0.43378656E-011    -0.43391314E-011
     0.32856000E+002     0.68123191E-001    -0.31742444E-011    -0.31751480E-011
     0.32864000E+002     0.65714320E-001    -0.19601448E-011    -0.19617192E-011
     0.32872000E+002     0.62298146E-001    -0.76884139E-012    -0.77205107E-012
     0.32880000E+002     0.58097974E-001     0.33069541E-012     0.32530481E-012
     0.32888000E+002     0.53299716E-001     0.12771479E-011     0.12700472E-011
     0.32896000E+002     0.48026482E-001     0.20187183E-011     0.20120884E-011
     0.32904000E+002     0.42324186E-001     0.25123022E-011     0.25061749E-011
     0.32912000E+002     0.36161078E-001     0.27298658E-011     0.27232929E-011
     0.32920000E+002     0.29440774E-001     0.26613133E-011     0.26539378E-011
     0.32928000E+002     0.22027183E-001     0.23136165E-011     0.23054180E-011
     0.32936000E+002     0.13775108E-001     0.17102582E-011     0.17033501E-011
     0.32944000E+002     0.45641891E-002     0.88559645E-012     0.88093674E-012
     0.32952000E+002    -0.56665156E-002    -0.11491880E-012    -0.11849751E-012
     0.32960000E+002    -0.16889510E-001    -0.12333275E-011    -0.12365402E-011
     0.32968000E+002    -0.28970026E-001    -0.24034896E-011    -0.24070528E-011
     0.32976000E+002    -0.41661907E-001    -0.35540089E-011    -0.35566782E-011
     0.32984000E+002    -0.54618608E-001    -0.46157411E-011    -0.46158619E-011
     0.32992000E+002    -0.67415637E-001    -0.55266893E-011    -0.55252191E-011
     0.33000000E+002    -0.79582567E-001    -0.62308047E-011    -0.62288902E-011
     0.33008000E+002    -0.90642823E-001    -0.66817930E-011    -0.66806158E-011
     0.33016000E+002    -0.10015609E+000    -0.68459189E-011    -0.68453823E-011
     0.33024000E+002    -0.10775881E+000    -0.67065663E-011    -0.67048090E-011
     0.33032000E+002    -0.11319541E+000    -0.62693631E-011    -0.62666190E-011
     0.33040000E+002    -0.11633660E+000    -0.55583401E-011    -0.55558394E-011
     0.33048000E+002    -0.11718577E+000    -0.46136300E-011    -0.46126078E-011
     0.33056000E+002    -0.11587162E+000    -0.34895741E-011    -0.34908449E-011
     0.33064000E+002    -0.11262865E+000    -0.22519252E-011    -0.22539028E-011
     0.33072000E+002    -0.10776694E+000    -0.97850869E-012    -0.98053576E-012
     0.33080000E+002    -0.10163341E+000     0.24778130E-012     0.24481257E-012
     0.33088000E+002    -0.94573661E-001     0.13473915E-011     0.13427764E-011
     0.33096000E+002    -0.86897381E-001     0.22488810E-011     0.22417245E-011
     0.33104000E+002    -0.78850924E-001     0.28947758E-011     0.28864353E-011
     0.33112000E+002    -0.70600759E-001     0.32413722E-011     0.32335974E-011
     0.33120000E+002    -0.62227097E-001     0.32612383E-011     0.32537185E-011
     0.33128000E+002    -0.53732008E-001     0.29494952E-011     0.29419485E-011
     0.33136000E+002    -0.45059993E-001     0.23239880E-011     0.23156992E-011
     0.33144000E+002    -0.36125875E-001     0.14254098E-011     0.14170443E-011
     0.33152000E+002    -0.26847074E-001     0.31209027E-012     0.30583803E-012
     0.33160000E+002    -0.17173430E-001    -0.94724943E-012    -0.95137349E-012
     0.33168000E+002    -0.71128201E-002    -0.22740262E-011    -0.22767291E-011
     0.33176000E+002     0.32503679E-002    -0.35843275E-011    -0.35866466E-011
     0.33184000E+002     0.13749322E-001    -0.47940768E-011    -0.47966050E-011
     0.33192000E+002     0.24141592E-001    -0.58252283E-011    -0.58261619E-011
     0.33200000E+002     0.34128888E-001    -0.66158283E-011    -0.66146301E-011
     0.33208000E+002     0.43385777E-001    -0.71214495E-011    -0.71190799E-011
     0.33216000E+002     0.51592083E-001    -0.73152026E-011    -0.73127918E-011
     0.33224000E+002     0.58466497E-001    -0.71890226E-011    -0.71880475E-011
     0.33232000E+002     0.63797035E-001    -0.67524896E-011    -0.67519111E-011
     0.33240000E+002     0.67463034E-001    -0.60364959E-011    -0.60350226E-011
     0.33248000E+002     0.69445668E-001    -0.50910965E-011    -0.50893643E-011
     0.33256000E+002     0.69823938E-001    -0.39781400E-011    -0.39769768E-011
     0.33264000E+002     0.68757859E-001    -0.27672277E-011    -0.27682694E-011
     0.33272000E+002     0.66462817E-001    -0.15294267E-011    -0.15325418E-011
     0.33280000E+002     0.63176744E-001    -0.33624580E-012    -0.33959752E-012
     0.33288000E+002     0.59125327E-001     0.74123976E-012     0.73774242E-012
     0.33296000E+002     0.54490120E-001     0.16400924E-011     0.16361312E-011
     0.33304000E+002     0.49384011E-001     0.23093130E-011     0.23038028E-011
     0.33312000E+002     0.43840134E-001     0.27139927E-011     0.27064360E-011
     0.33320000E+002     0.37813337E-001     0.28360804E-011     0.28284881E-011
     0.33328000E+002     0.31194024E-001     0.26700672E-011     0.26633425E-011
     0.33336000E+002     0.23833924E-001     0.22255788E-011     0.22196696E-011
     0.33344000E+002     0.15578996E-001     0.15284277E-011     0.15228034E-011
     0.33352000E+002     0.63072971E-002     0.61989343E-012     0.61349250E-012
     0.33360000E+002    -0.40357922E-002    -0.44415881E-012    -0.44990180E-012
     0.33368000E+002    -0.15411119E-001    -0.16013708E-011    -0.16050525E-011
     0.33376000E+002    -0.27669419E-001    -0.27860809E-011    -0.27879201E-011
     0.33384000E+002    -0.40549067E-001    -0.39297193E-011    -0.39302385E-011
     0.33392000E+002    -0.53686911E-001    -0.49644109E-011    -0.49652199E-011
     0.33400000E+002    -0.66642595E-001    -0.58244677E-011    -0.58253583E-011
     0.33408000E+002    -0.78934941E-001    -0.64539317E-011    -0.64533435E-011
     0.33416000E+002    -0.90083638E-001    -0.68128889E-011    -0.68109838E-011
     0.33424000E+002    -0.99651723E-001    -0.68768262E-011    -0.68742495E-011
     0.33432000E+002    -0.10728360E+000    -0.66382217E-011    -0.66367160E-011
     0.33440000E+002    -0.11273448E+000    -0.61053937E-011    -0.61058842E-011
     0.33448000E+002    -0.11588958E+000    -0.53039108E-011    -0.53048664E-011
     0.33456000E+002    -0.11676910E+000    -0.42802901E-011    -0.42811736E-011
     0.33464000E+002    -0.11551789E+000    -0.30971670E-011    -0.30982032E-011
     0.33472000E+002    -0.11238248E+000    -0.18284216E-011    -0.18307258E-011
     0.33480000E+002    -0.10767837E+000    -0.55310215E-012    -0.55814138E-012
     0.33488000E+002    -0.10175262E+000     0.65065116E-012     0.64414478E-012
     0.33496000E+002    -0.94945742E-001     0.17054982E-011     0.16988907E-011
     0.33504000E+002    -0.87555972E-001     0.25404316E-011     0.25340350E-011
     0.33512000E+002    -0.79811848E-001     0.30977980E-011     0.30913924E-011
     0.33520000E+002    -0.71857332E-001     0.33379723E-011     0.33300310E-011
     0.33528000E+002    -0.63750193E-001     0.32449789E-011     0.32360512E-011
     0.33536000E+002    -0.55473892E-001     0.28237511E-011     0.28156656E-011
     0.33544000E+002    -0.46958768E-001     0.20978110E-011     0.20911421E-011
     0.33552000E+002    -0.38110277E-001     0.11106172E-011     0.11056383E-011
     0.33560000E+002    -0.28842415E-001    -0.77190736E-013    -0.81776539E-013
     0.33568000E+002    -0.19109524E-001    -0.13888745E-011    -0.13935652E-011
     0.33576000E+002    -0.89323355E-002    -0.27384517E-011    -0.27415752E-011
     0.33584000E+002     0.15871302E-002    -0.40409367E-011    -0.40419014E-011
     0.33592000E+002     0.12263957E-001    -0.52157524E-011    -0.52144757E-011
     0.33600000E+002     0.22839027E-001    -0.61916663E-011    -0.61893435E-011
     0.33608000E+002     0.32999248E-001    -0.69093065E-011    -0.69076100E-011
     0.33616000E+002     0.42406634E-001    -0.73238429E-011    -0.73218538E-011
     0.33624000E+002     0.50733413E-001    -0.74127906E-011    -0.74097950E-011
     0.33632000E+002     0.57698482E-001    -0.71762592E-011    -0.71723641E-011
     0.33640000E+002     0.63096880E-001    -0.66349548E-011    -0.66309681E-011
     0.33648000E+002     0.66819101E-001    -0.58273571E-011    -0.58254359E-011
     0.33656000E+002     0.68858940E-001    -0.48038210E-011    -0.48037954E-011
     0.33664000E+002     0.69308559E-001    -0.36274451E-011    -0.36280204E-011
     0.33672000E+002     0.68341602E-001    -0.23716787E-011    -0.23725444E-011
     0.33680000E+002     0.66184464E-001    -0.11135764E-011    -0.11147482E-011
     0.33688000E+002     0.63080090E-001     0.70895715E-013     0.67602990E-013
     0.33696000E+002     0.59251872E-001     0.11148227E-011     0.11088001E-011
     0.33704000E+002     0.54872832E-001     0.19618271E-011     0.19547135E-011
     0.33712000E+002     0.50043754E-001     0.25649221E-011     0.25576351E-011
     0.33720000E+002     0.44782680E-001     0.28907902E-011     0.28840589E-011
     0.33728000E+002     0.39026859E-001     0.29212566E-011     0.29141327E-011
     0.33736000E+002     0.32649226E-001     0.26570695E-011     0.26482757E-011
     0.33744000E+002     0.25487689E-001     0.21184100E-011     0.21093330E-011
     0.33752000E+002     0.17380765E-001     0.13385067E-011     0.13304525E-011
     0.33760000E+002     0.82049818E-002     0.36252172E-012     0.35647157E-012
     0.33768000E+002    -0.20918318E-002    -0.75442484E-012    -0.75857037E-012
     0.33776000E+002    -0.13464495E-001    -0.19485754E-011    -0.19525967E-011
     0.33784000E+002    -0.25753790E-001    -0.31476656E-011    -0.31512185E-011
     0.33792000E+002    -0.38685269E-001    -0.42792328E-011    -0.42811881E-011
     0.33800000E+002    -0.51883243E-001    -0.52758779E-011    -0.52757522E-011
     0.33808000E+002    -0.64898428E-001    -0.60778369E-011    -0.60755449E-011
     0.33816000E+002    -0.77245777E-001    -0.66364294E-011    -0.66339872E-011
     0.33824000E+002    -0.88444847E-001    -0.69131307E-011    -0.69114598E-011
     0.33832000E+002    -0.98062094E-001    -0.68845785E-011    -0.68828097E-011
     0.33840000E+002    -0.10574970E+000    -0.65479195E-011    -0.65457728E-011
     0.33848000E+002    -0.11127523E+000    -0.59201257E-011    -0.59173635E-011
     0.33856000E+002    -0.11453929E+000    -0.50379457E-011    -0.50361286E-011
     0.33864000E+002    -0.11557639E+000    -0.39526125E-011    -0.39533462E-011
     0.33872000E+002    -0.11454182E+000    -0.27266312E-011    -0.27290366E-011
     0.33880000E+002    -0.11168792E+000    -0.14347203E-011    -0.14379693E-011
     0.33888000E+002    -0.10733043E+000    -0.15852123E-012    -0.16181067E-012
     0.33896000E+002    -0.10181034E+000     0.10183898E-011     0.10145684E-011
     0.33904000E+002    -0.95454277E-001     0.20182292E-011     0.20120559E-011
     0.33912000E+002    -0.88539351E-001     0.27772146E-011     0.27692786E-011
     0.33920000E+002    -0.81269291E-001     0.32455231E-011     0.32372091E-011
     0.33928000E+002    -0.73762319E-001     0.33898956E-011     0.33824058E-011
     0.33936000E+002    -0.66051820E-001     0.31964343E-011     0.31903373E-011
     0.33944000E+002    -0.58099390E-001     0.26723347E-011     0.26658646E-011
     0.33952000E+002    -0.49817765E-001     0.18501667E-011     0.18428950E-011
     0.33960000E+002    -0.41102413E-001     0.78324405E-012     0.77641465E-012
     0.33968000E+002    -0.31865983E-001    -0.46077341E-012    -0.46614631E-012
     0.33976000E+002    -0.22068851E-001    -0.18036948E-011    -0.18065453E-011
     0.33984000E+002    -0.11743115E-001    -0.31628871E-011    -0.31645228E-011
     0.33992000E+002    -0.10059889E-002    -0.44525319E-011    -0.44544557E-011
     0.34000000E+002     0.99384618E-002    -0.55891586E-011    -0.55907111E-011
     0.34008000E+002     0.20809524E-001    -0.65014254E-011    -0.65019877E-011
     0.34016000E+002     0.31274131E-001    -0.71342479E-011    -0.71328336E-011
     0.34024000E+002     0.40979255E-001    -0.74533373E-011    -0.74505720E-011
     0.34032000E+002     0.49588227E-001    -0.74442487E-011    -0.74422954E-011
     0.34040000E+002     0.56816136E-001    -0.71097521E-011    -0.71086712E-011
     0.34048000E+002     0.62458165E-001    -0.64733276E-011    -0.64726923E-011
     0.34056000E+002     0.66409902E-001    -0.55776505E-011    -0.55767698E-011
     0.34064000E+002     0.68674701E-001    -0.44820345E-011    -0.44807695E-011
     0.34072000E+002     0.69355634E-001    -0.32576559E-011    -0.32581203E-011
     0.34080000E+002     0.68634938E-001    -0.19781914E-011    -0.19809908E-011
     0.34088000E+002     0.66742360E-001    -0.71807267E-012    -0.72241598E-012
     0.34096000E+002     0.63919586E-001     0.44966571E-012     0.44467945E-012
     0.34104000E+002     0.60385000E-001     0.14575659E-011     0.14530775E-011
     0.34112000E+002     0.56301809E-001     0.22463974E-011     0.22411222E-011
     0.34120000E+002     0.51756482E-001     0.27730816E-011     0.27659172E-011
     0.34128000E+002     0.46749577E-001     0.30125723E-011     0.30044335E-011
     0.34136000E+002     0.41201449E-001     0.29552200E-011     0.29471288E-011
     0.34144000E+002     0.34972065E-001     0.26072328E-011     0.26008174E-011
     0.34152000E+002     0.27890052E-001     0.19883332E-011     0.19832213E-011
     0.34160000E+002     0.19788869E-001     0.11340775E-011     0.11284667E-011
     0.34168000E+002     0.10545220E-001     0.96678195E-013     0.90803909E-013
     0.34176000E+002     0.11393339E-003    -0.10617972E-011    -0.10672170E-011
     0.34184000E+002    -0.11445427E-001    -0.22730852E-011    -0.22766273E-011
     0.34192000E+002    -0.23955614E-001    -0.34678735E-011    -0.34689871E-011
     0.34200000E+002    -0.37123743E-001    -0.45782998E-011    -0.45789583E-011
     0.34208000E+002    -0.50556818E-001    -0.55367667E-011    -0.55376674E-011
     0.34216000E+002    -0.63790255E-001    -0.62825203E-011    -0.62833069E-011
     0.34224000E+002    -0.76326520E-001    -0.67670178E-011    -0.67668459E-011
     0.34232000E+002    -0.87679024E-001    -0.69578854E-011    -0.69556761E-011
     0.34240000E+002    -0.97416825E-001    -0.68422787E-011    -0.68396184E-011
     0.34248000E+002    -0.10520188E+000    -0.64230714E-011    -0.64215233E-011
     0.34256000E+002    -0.11081560E+000    -0.57195744E-011    -0.57191833E-011
     0.34264000E+002    -0.11417318E+000    -0.47698283E-011    -0.47702791E-011
     0.34272000E+002    -0.11532343E+000    -0.36290414E-011    -0.36290631E-011
     0.34280000E+002    -0.11443551E+000    -0.23686807E-011    -0.23689684E-011
     0.34288000E+002    -0.11177205E+000    -0.10683064E-011    -0.10706864E-011
     0.34296000E+002    -0.10765205E+000     0.19172251E-012     0.18717115E-012
     0.34304000E+002    -0.10241152E+000     0.13320590E-011     0.13257388E-011
     0.34312000E+002    -0.96365016E-001     0.22792996E-011     0.22727836E-011
     0.34320000E+002    -0.89773884E-001     0.29686646E-011     0.29626032E-011
     0.34328000E+002    -0.82823330E-001     0.33502293E-011     0.33430753E-011
     0.34336000E+002    -0.75610089E-001     0.33970530E-011     0.33886186E-011
     0.34344000E+002    -0.68145331E-001     0.31045389E-011     0.30954486E-011
     0.34352000E+002    -0.60371032E-001     0.24899257E-011     0.24816896E-011
     0.34360000E+002    -0.52186751E-001     0.15897766E-011     0.15840443E-011
     0.34368000E+002    -0.43482256E-001     0.45695352E-012     0.45254620E-012
     0.34376000E+002    -0.34170299E-001    -0.83741942E-012    -0.84152990E-012
     0.34384000E+002    -0.24217562E-001    -0.22094345E-011    -0.22131052E-011
     0.34392000E+002    -0.13669312E-001    -0.35703511E-011    -0.35729098E-011
     0.34400000E+002    -0.26623660E-002    -0.48333603E-011    -0.48330830E-011
     0.34408000E+002     0.85760975E-002    -0.59219971E-011    -0.59195910E-011
     0.34416000E+002     0.19743910E-001    -0.67707367E-011    -0.67681655E-011
     0.34424000E+002     0.30490240E-001    -0.73271480E-011    -0.73250273E-011
     0.34432000E+002     0.40447989E-001    -0.75579467E-011    -0.75564611E-011
     0.34440000E+002     0.49270551E-001    -0.74510134E-011    -0.74487389E-011
     0.34448000E+002     0.56668542E-001    -0.70187654E-011    -0.70153713E-011
     0.34456000E+002     0.62440062E-001    -0.62946882E-011    -0.62921148E-011
     0.34464000E+002     0.66489518E-001    -0.53262430E-011    -0.53253565E-011
     0.34472000E+002     0.68831105E-001    -0.41738503E-011    -0.41750114E-011
     0.34480000E+002     0.69578157E-001    -0.29072795E-011    -0.29094287E-011
     0.34488000E+002     0.68921980E-001    -0.16036161E-011    -0.16053372E-011
     0.34496000E+002     0.67100562E-001    -0.34327257E-012    -0.34580196E-012
     0.34504000E+002     0.64361854E-001     0.80008108E-012     0.79576695E-012
     0.34512000E+002     0.60926047E-001     0.17627520E-011     0.17564374E-011
     0.34520000E+002     0.56952969E-001     0.24930926E-011     0.24854258E-011
     0.34528000E+002     0.52522345E-001     0.29528426E-011     0.29458692E-011
     0.34536000E+002     0.47626856E-001     0.31160704E-011     0.31095535E-011
     0.34544000E+002     0.42179032E-001     0.29749531E-011     0.29678040E-011
     0.34552000E+002     0.36031225E-001     0.25413606E-011     0.25334988E-011
     0.34560000E+002     0.29005480E-001     0.18438832E-011     0.18355871E-011
     0.34568000E+002     0.20932352E-001     0.92590776E-012     0.91923550E-012
     0.34576000E+002     0.11690771E-001    -0.16045027E-012    -0.16481321E-012
     0.34584000E+002     0.12423424E-002    -0.13545292E-011    -0.13579984E-011
     0.34592000E+002    -0.10343805E-001    -0.25863956E-011    -0.25895255E-011
     0.34600000E+002    -0.22880107E-001    -0.37826646E-011    -0.37857862E-011
     0.34608000E+002    -0.36063000E-001    -0.48704752E-011    -0.48722963E-011
     0.34616000E+002    -0.49489829E-001    -0.57846626E-011    -0.57838573E-011
     0.34624000E+002    -0.62690265E-001    -0.64718664E-011    -0.64698715E-011
     0.34632000E+002    -0.75167024E-001    -0.68885726E-011    -0.68866907E-011
     0.34640000E+002    -0.86440514E-001    -0.70048846E-011    -0.70039673E-011
     0.34648000E+002    -0.96091519E-001    -0.68074382E-011    -0.68071108E-011
     0.34656000E+002    -0.10379641E+000    -0.63026871E-011    -0.63011599E-011
     0.34664000E+002    -0.10935349E+000    -0.55199641E-011    -0.55178443E-011
     0.34672000E+002    -0.11269651E+000    -0.45055551E-011    -0.45043696E-011
     0.34680000E+002    -0.11389217E+000    -0.33190592E-011    -0.33198106E-011
     0.34688000E+002    -0.11312333E+000    -0.20311616E-011    -0.20342032E-011
     0.34696000E+002    -0.11065915E+000    -0.71993892E-012    -0.72340867E-012
     0.34704000E+002    -0.10681834E+000     0.52996735E-012     0.52669098E-012
     0.34712000E+002    -0.10193055E+000     0.16355259E-011     0.16313079E-011
     0.34720000E+002    -0.96297565E-001     0.25240798E-011     0.25182677E-011
     0.34728000E+002    -0.90160955E-001     0.31369743E-011     0.31290105E-011
     0.34736000E+002    -0.83679895E-001     0.34340468E-011     0.34255043E-011
     0.34744000E+002    -0.76922430E-001     0.33927407E-011     0.33853462E-011
     0.34752000E+002    -0.69872900E-001     0.30097756E-011     0.30029331E-011
     0.34760000E+002    -0.62450218E-001     0.23062043E-011     0.22994606E-011
     0.34768000E+002    -0.54535668E-001     0.13253909E-011     0.13181962E-011
     0.34776000E+002    -0.46007161E-001     0.13063675E-012     0.12377469E-012
     0.34784000E+002    -0.36773843E-001    -0.12013773E-011    -0.12058162E-011
     0.34792000E+002    -0.26808427E-001    -0.25885246E-011    -0.25908377E-011
     0.34800000E+002    -0.16169342E-001    -0.39442387E-011    -0.39453872E-011
     0.34808000E+002    -0.50100256E-002    -0.51827507E-011    -0.51836095E-011
     0.34816000E+002     0.64239106E-002    -0.62251393E-011    -0.62260425E-011
     0.34824000E+002     0.17811496E-001    -0.70051579E-011    -0.70043058E-011
     0.34832000E+002     0.28783576E-001    -0.74778241E-011    -0.74750174E-011
     0.34840000E+002     0.38958677E-001    -0.76190614E-011    -0.76157261E-011
     0.34848000E+002     0.47982699E-001    -0.74241672E-011    -0.74214875E-011
     0.34856000E+002     0.55564746E-001    -0.69084088E-011    -0.69075691E-011
     0.34864000E+002     0.61505563E-001    -0.61047806E-011    -0.61045451E-011
     0.34872000E+002     0.65714718E-001    -0.50658412E-011    -0.50650164E-011
     0.34880000E+002     0.68214042E-001    -0.38597910E-011    -0.38594054E-011
     0.34888000E+002     0.69127442E-001    -0.25617412E-011    -0.25627646E-011
     0.34896000E+002     0.68656440E-001    -0.12496299E-011    -0.12533281E-011
     0.34904000E+002     0.67045393E-001     0.15754942E-014    -0.41856700E-014
     0.34912000E+002     0.64543042E-001     0.11211067E-011     0.11154128E-011
     0.34920000E+002     0.61365288E-001     0.20435316E-011     0.20378927E-011
     0.34928000E+002     0.57664802E-001     0.27165654E-011     0.27104561E-011
     0.34936000E+002     0.53511176E-001     0.31040756E-011     0.30965793E-011
     0.34944000E+002     0.48883584E-001     0.31884981E-011     0.31794583E-011
     0.34952000E+002     0.43679573E-001     0.29704898E-011     0.29621506E-011
     0.34960000E+002     0.37738179E-001     0.24639713E-011     0.24571490E-011
     0.34968000E+002     0.30873247E-001     0.16981785E-011     0.16924821E-011
     0.34976000E+002     0.22912845E-001     0.71789501E-012     0.71271843E-012
     0.34984000E+002     0.13737318E-001    -0.41896662E-012    -0.42450486E-012
     0.34992000E+002     0.33130859E-002    -0.16435326E-011    -0.16478593E-011
     0.35000000E+002    -0.82824612E-002    -0.28844741E-011    -0.28862713E-011
     0.35008000E+002    -0.20850714E-001    -0.40712681E-011    -0.40711308E-011
     0.35016000E+002    -0.34076416E-001    -0.51345312E-011    -0.51331977E-011
     0.35024000E+002    -0.47548559E-001    -0.60102378E-011    -0.60091927E-011
     0.35032000E+002    -0.60793175E-001    -0.66417517E-011    -0.66406480E-011
     0.35040000E+002    -0.73313019E-001    -0.69868783E-011    -0.69842200E-011
     0.35048000E+002    -0.84631949E-001    -0.70231122E-011    -0.70194587E-011
     0.35056000E+002    -0.94337714E-001    -0.67455482E-011    -0.67418974E-011
     0.35064000E+002    -0.10211851E+000    -0.61675070E-011    -0.61654943E-011
     0.35072000E+002    -0.10778812E+000    -0.53188486E-011    -0.53190809E-011
     0.35080000E+002    -0.11129483E+000    -0.42461504E-011    -0.42468804E-011
     0.35088000E+002    -0.11271645E+000    -0.30147526E-011    -0.30155858E-011
     0.35096000E+002    -0.11224219E+000    -0.17020623E-011    -0.17035552E-011
     0.35104000E+002    -0.11014318E+000    -0.39133427E-012    -0.39455083E-012
     0.35112000E+002    -0.10673484E+000     0.83452972E-012     0.82851203E-012
     0.35120000E+002    -0.10233483E+000     0.18990631E-011     0.18919056E-011
     0.35128000E+002    -0.97223953E-001     0.27321720E-011     0.27253286E-011
     0.35136000E+002    -0.91616681E-001     0.32756188E-011     0.32690744E-011
     0.35144000E+002    -0.85643080E-001     0.34898206E-011     0.34831566E-011
     0.35152000E+002    -0.79343415E-001     0.33570692E-011     0.33489299E-011
     0.35160000E+002    -0.72675636E-001     0.28851889E-011     0.28763954E-011
     0.35168000E+002    -0.65535229E-001     0.21031483E-011     0.20956580E-011
     0.35176000E+002    -0.57786710E-001     0.10572339E-011     0.10513553E-011
     0.35184000E+002    -0.49300639E-001    -0.18859459E-012    -0.19293174E-012
     0.35192000E+002    -0.39988834E-001    -0.15567636E-011    -0.15608632E-011
     0.35200000E+002    -0.29834184E-001    -0.29588738E-011    -0.29630721E-011
     0.35208000E+002    -0.18910704E-001    -0.43035307E-011    -0.43060396E-011
     0.35216000E+002    -0.73928145E-002    -0.55069002E-011    -0.55072965E-011
     0.35224000E+002     0.44483504E-002    -0.64955441E-011    -0.64940740E-011
     0.35232000E+002     0.16264552E-001    -0.72103998E-011    -0.72082846E-011
     0.35240000E+002     0.27661376E-001    -0.76087835E-011    -0.76074911E-011
     0.35248000E+002     0.38236819E-001    -0.76661803E-011    -0.76646040E-011
     0.35256000E+002     0.47621165E-001    -0.73826758E-011    -0.73801661E-011
     0.35264000E+002     0.55512804E-001    -0.67813796E-011    -0.67783813E-011
     0.35272000E+002     0.61708103E-001    -0.59044013E-011    -0.59018193E-011
     0.35280000E+002     0.66119133E-001    -0.48089857E-011    -0.48087326E-011
     0.35288000E+002     0.68775876E-001    -0.35610384E-011    -0.35626436E-011
     0.35296000E+002     0.69812874E-001    -0.22353697E-011    -0.22374256E-011
     0.35304000E+002     0.69441511E-001    -0.91264699E-012    -0.91510887E-012
     0.35312000E+002     0.67914785E-001     0.32824147E-012     0.32516936E-012
     0.35320000E+002     0.65488598E-001     0.14148433E-011     0.14096078E-011
     0.35328000E+002     0.62383576E-001     0.22881688E-011     0.22806285E-011
     0.35336000E+002     0.58753563E-001     0.29032792E-011     0.28954516E-011
     0.35344000E+002     0.54665094E-001     0.32273236E-011     0.32200550E-011
     0.35352000E+002     0.50092438E-001     0.32435855E-011     0.32372646E-011
     0.35360000E+002     0.44929029E-001     0.29524564E-011     0.29460756E-011
     0.35368000E+002     0.39011441E-001     0.23737441E-011     0.23662176E-011
     0.35376000E+002     0.32152633E-001     0.15457359E-011     0.15386593E-011
     0.35384000E+002     0.24180727E-001     0.51760514E-012     0.51214915E-012
     0.35392000E+002     0.14978183E-001    -0.65213798E-012    -0.65556021E-012
     0.35400000E+002     0.45168272E-002    -0.18975391E-011    -0.18994753E-011
     0.35408000E+002    -0.71182839E-002    -0.31472149E-011    -0.31495524E-011
     0.35416000E+002    -0.19720691E-001    -0.43253613E-011    -0.43276354E-011
     0.35424000E+002    -0.32969071E-001    -0.53606662E-011    -0.53616454E-011
     0.35432000E+002    -0.46448590E-001    -0.61915860E-011    -0.61909925E-011
     0.35440000E+002    -0.59683559E-001    -0.67679727E-011    -0.67659081E-011
     0.35448000E+002    -0.72178456E-001    -0.70539306E-011    -0.70522956E-011
     0.35456000E+002    -0.83464110E-001    -0.70267355E-011    -0.70261588E-011
     0.35464000E+002    -0.93140274E-001    -0.66814066E-011    -0.66807265E-011
     0.35472000E+002    -0.10091001E+000    -0.60352182E-011    -0.60341808E-011
     0.35480000E+002    -0.10660220E+000    -0.51252310E-011    -0.51237798E-011
     0.35488000E+002    -0.11017896E+000    -0.40065131E-011    -0.40061619E-011
     0.35496000E+002    -0.11173023E+000    -0.27460032E-011    -0.27481681E-011
     0.35504000E+002    -0.11145325E+000    -0.14186205E-011    -0.14222418E-011
     0.35512000E+002    -0.10961971E+000    -0.10754977E-012    -0.11190567E-012
     0.35520000E+002    -0.10653715E+000     0.11021856E-011     0.10975397E-011
     0.35528000E+002    -0.10250787E+000     0.21297846E-011     0.21242726E-011
     0.35536000E+002    -0.97793321E-001     0.29061010E-011     0.28981557E-011
     0.35544000E+002    -0.92585878E-001     0.33808230E-011     0.33714188E-011
     0.35552000E+002    -0.86990715E-001     0.35212066E-011     0.35119272E-011
     0.35560000E+002    -0.81022723E-001     0.33138109E-011     0.33056196E-011
     0.35568000E+002    -0.74617480E-001     0.27669167E-011     0.27601634E-011
     0.35576000E+002    -0.67655120E-001     0.19109025E-011     0.19039604E-011
     0.35584000E+002    -0.59993015E-001     0.80034104E-012     0.79315279E-012
     0.35592000E+002    -0.51500972E-001    -0.49271398E-012    -0.49856775E-012
     0.35600000E+002    -0.42096501E-001    -0.18865613E-011    -0.18902049E-011
     0.35608000E+002    -0.31775277E-001    -0.32938129E-011    -0.32946313E-011
     0.35616000E+002    -0.20631142E-001    -0.46275792E-011    -0.46271486E-011
     0.35624000E+002    -0.88630432E-002    -0.58034414E-011    -0.58032661E-011
     0.35632000E+002     0.32335762E-002    -0.67454387E-011    -0.67446840E-011
     0.35640000E+002     0.15289100E-001    -0.73956347E-011    -0.73937353E-011
     0.35648000E+002     0.26891529E-001    -0.77166491E-011    -0.77130206E-011
     0.35656000E+002     0.37626234E-001    -0.76940637E-011    -0.76896525E-011
     0.35664000E+002     0.47117386E-001    -0.73342469E-011    -0.73312866E-011
     0.35672000E+002     0.55065666E-001    -0.66608639E-011    -0.66592219E-011
     0.35680000E+002     0.61277340E-001    -0.57175525E-011    -0.57166168E-011
     0.35688000E+002     0.65678404E-001    -0.45649969E-011    -0.45642047E-011
     0.35696000E+002     0.68314193E-001    -0.32764350E-011    -0.32757641E-011
     0.35704000E+002     0.69334749E-001    -0.19321052E-011    -0.19335711E-011
     0.35712000E+002     0.68966374E-001    -0.61008194E-012    -0.61400975E-012
     0.35720000E+002     0.67474991E-001     0.61495914E-012     0.60965626E-012
     0.35728000E+002     0.65124224E-001     0.16735558E-011     0.16676949E-011
     0.35736000E+002     0.62136100E-001     0.25061230E-011     0.25005970E-011
     0.35744000E+002     0.58661267E-001     0.30654837E-011     0.30589900E-011
     0.35752000E+002     0.54760265E-001     0.33235385E-011     0.33152042E-011
     0.35760000E+002     0.50399944E-001     0.32716353E-011     0.32627458E-011
     0.35768000E+002     0.45463943E-001     0.29166055E-011     0.29082434E-011
     0.35776000E+002     0.39776760E-001     0.22809865E-011     0.22744849E-011
     0.35784000E+002     0.33140324E-001     0.14006734E-011     0.13954945E-011
     0.35792000E+002     0.25375120E-001     0.32624022E-012     0.32071404E-012
     0.35800000E+002     0.16360415E-001    -0.87758081E-012    -0.88281611E-012
     0.35808000E+002     0.60674047E-002    -0.21399157E-011    -0.21438963E-011
     0.35816000E+002    -0.54191642E-002    -0.33875693E-011    -0.33891556E-011
     0.35824000E+002    -0.17891672E-001    -0.45494406E-011    -0.45485258E-011
     0.35832000E+002    -0.31026092E-001    -0.55589867E-011    -0.55578062E-011
     0.35840000E+002    -0.44404772E-001    -0.63535562E-011    -0.63527449E-011
     0.35848000E+002    -0.57551991E-001    -0.68815354E-011    -0.68805410E-011
     0.35856000E+002    -0.69977616E-001    -0.71075504E-011    -0.71057002E-011
     0.35864000E+002    -0.81221311E-001    -0.70149640E-011    -0.70115944E-011
     0.35872000E+002    -0.90892902E-001    -0.66079606E-011    -0.66049338E-011
     0.35880000E+002    -0.98706165E-001    -0.59070954E-011    -0.59059066E-011
     0.35888000E+002    -0.10450112E+000    -0.49495425E-011    -0.49498328E-011
     0.35896000E+002    -0.10825092E+000    -0.37907052E-011    -0.37919265E-011
     0.35904000E+002    -0.11005298E+000    -0.25008797E-011    -0.25018497E-011
     0.35912000E+002    -0.11010523E+000    -0.11625756E-011    -0.11640768E-011
     0.35920000E+002    -0.10867372E+000     0.13836751E-012     0.13460458E-012
     0.35928000E+002    -0.10605512E+000     0.13202145E-011     0.13144900E-011
     0.35936000E+002    -0.10253645E+000     0.23068422E-011     0.22998284E-011
     0.35944000E+002    -0.98358615E-001     0.30328396E-011     0.30259351E-011
     0.35952000E+002    -0.93687934E-001     0.34465755E-011     0.34401482E-011
     0.35960000E+002    -0.88601388E-001     0.35156308E-011     0.35080188E-011
     0.35968000E+002    -0.83087762E-001     0.32333908E-011     0.32246182E-011
     0.35976000E+002    -0.77060684E-001     0.26165110E-011     0.26075094E-011
     0.35984000E+002    -0.70383236E-001     0.17028380E-011     0.16949892E-011
     0.35992000E+002    -0.62900842E-001     0.54826867E-012     0.54282961E-012
     0.36000000E+002    -0.54478737E-001    -0.77729707E-012    -0.78174695E-012
     0.36008000E+002    -0.45039662E-001    -0.21895428E-011    -0.21938969E-011
     0.36016000E+002    -0.34592957E-001    -0.35966694E-011    -0.36003382E-011
     0.36024000E+002    -0.23251563E-001    -0.49082994E-011    -0.49104692E-011
     0.36032000E+002    -0.11235577E-001    -0.60417635E-011    -0.60410357E-011
     0.36040000E+002     0.11382395E-002    -0.69294969E-011    -0.69269536E-011
     0.36048000E+002     0.13479143E-001    -0.75189797E-011    -0.75166582E-011
     0.36056000E+002     0.25356821E-001    -0.77742842E-011    -0.77724082E-011
     0.36064000E+002     0.36343865E-001    -0.76814941E-011    -0.76798988E-011
     0.36072000E+002     0.46058479E-001    -0.72491726E-011    -0.72465907E-011
     0.36080000E+002     0.54201812E-001    -0.65096081E-011    -0.65061227E-011
     0.36088000E+002     0.60584631E-001    -0.55139011E-011    -0.55117579E-011
     0.36096000E+002     0.65140585E-001    -0.43240323E-011    -0.43239374E-011
     0.36104000E+002     0.67925392E-001    -0.30117175E-011    -0.30136169E-011
     0.36112000E+002     0.69100540E-001    -0.16545488E-011    -0.16573206E-011
     0.36120000E+002     0.68902615E-001    -0.33306815E-012    -0.33555132E-012
     0.36128000E+002     0.67603986E-001     0.87354537E-012     0.86983528E-012
     0.36136000E+002     0.65470167E-001     0.18972486E-011     0.18913899E-011
     0.36144000E+002     0.62721261E-001     0.26834421E-011     0.26756807E-011
     0.36152000E+002     0.59502237E-001     0.31918446E-011     0.31831126E-011
     0.36160000E+002     0.55863958E-001     0.33975344E-011     0.33897985E-011
     0.36168000E+002     0.51760151E-001     0.32895981E-011     0.32824205E-011
     0.36176000E+002     0.47060242E-001     0.28761407E-011     0.28683869E-011
     0.36184000E+002     0.41576726E-001     0.21848368E-011     0.21767643E-011
     0.36192000E+002     0.35103350E-001     0.12585332E-011     0.12506930E-011
     0.36200000E+002     0.27455622E-001     0.15273205E-012     0.14702631E-012
     0.36208000E+002     0.18510687E-001    -0.10704428E-011    -0.10736790E-011
     0.36216000E+002     0.82411667E-002    -0.23427576E-011    -0.23451927E-011
     0.36224000E+002    -0.32626782E-002    -0.35896049E-011    -0.35916299E-011
     0.36232000E+002    -0.15784761E-001    -0.47366691E-011    -0.47383077E-011
     0.36240000E+002    -0.28993239E-001    -0.57142740E-011    -0.57143517E-011
     0.36248000E+002    -0.42465404E-001    -0.64638914E-011    -0.64615361E-011
     0.36256000E+002    -0.55722782E-001    -0.69416505E-011    -0.69387440E-011
     0.36264000E+002    -0.68274043E-001    -0.71159556E-011    -0.71138183E-011
     0.36272000E+002    -0.79659031E-001    -0.69711704E-011    -0.69702501E-011
     0.36280000E+002    -0.89490771E-001    -0.65103723E-011    -0.65101201E-011
     0.36288000E+002    -0.97489179E-001    -0.57573563E-011    -0.57562425E-011
     0.36296000E+002    -0.10350044E+000    -0.47580715E-011    -0.47571245E-011
     0.36304000E+002    -0.10750180E+000    -0.35733172E-011    -0.35741810E-011
     0.36312000E+002    -0.10959170E+000    -0.22743030E-011    -0.22774839E-011
     0.36320000E+002    -0.10996669E+000    -0.94033139E-012    -0.94559488E-012
     0.36328000E+002    -0.10888875E+000     0.34552157E-012     0.34023371E-012
     0.36336000E+002    -0.10664526E+000     0.14982194E-011     0.14933806E-011
     0.36344000E+002    -0.10350834E+000     0.24395325E-011     0.24338048E-011
     0.36352000E+002    -0.99700294E-001     0.31067433E-011     0.30996981E-011
     0.36360000E+002    -0.95368103E-001     0.34549828E-011     0.34465247E-011
     0.36368000E+002    -0.90570765E-001     0.34603763E-011     0.34522205E-011
     0.36376000E+002    -0.85280419E-001     0.31184836E-011     0.31121289E-011
     0.36384000E+002    -0.79396477E-001     0.24452057E-011     0.24396159E-011
     0.36392000E+002    -0.72773593E-001     0.14809132E-011     0.14754250E-011
     0.36400000E+002    -0.65256892E-001     0.28668856E-012     0.28091854E-012
     0.36408000E+002    -0.56719268E-001    -0.10600481E-011    -0.10652596E-011
     0.36416000E+002    -0.47096533E-001    -0.24729338E-011    -0.24756942E-011
     0.36424000E+002    -0.36413900E-001    -0.38648130E-011    -0.38657401E-011
     0.36432000E+002    -0.24803162E-001    -0.51486658E-011    -0.51488646E-011
     0.36440000E+002    -0.12505969E-001    -0.62429488E-011    -0.62430101E-011
     0.36448000E+002     0.13933418E-003    -0.70781439E-011    -0.70781206E-011
     0.36456000E+002     0.12723742E-001    -0.76019977E-011    -0.76001424E-011
     0.36464000E+002     0.24805069E-001    -0.77865325E-011    -0.77829369E-011
     0.36472000E+002     0.35949888E-001    -0.76259139E-011    -0.76222594E-011
     0.36480000E+002     0.45774717E-001    -0.71334542E-011    -0.71307354E-011
     0.36488000E+002     0.53984039E-001    -0.63417979E-011    -0.63408214E-011
     0.36496000E+002     0.60397326E-001    -0.53001268E-011    -0.52995866E-011
     0.36504000E+002     0.64962239E-001    -0.40746495E-011    -0.40736184E-011
     0.36512000E+002     0.67750791E-001    -0.27433587E-011    -0.27432696E-011
     0.36520000E+002     0.68938745E-001    -0.13863834E-011    -0.13882217E-011
     0.36528000E+002     0.68773929E-001    -0.82312132E-013    -0.86893233E-013
     0.36536000E+002     0.67536470E-001     0.10965738E-011     0.10902152E-011
     0.36544000E+002     0.65496029E-001     0.20852645E-011     0.20792786E-011
     0.36552000E+002     0.62872144E-001     0.28271941E-011     0.28212640E-011
     0.36560000E+002     0.59802913E-001     0.32820758E-011     0.32754562E-011
     0.36568000E+002     0.56328436E-001     0.34280652E-011     0.34201003E-011
     0.36576000E+002     0.52391010E-001     0.32623742E-011     0.32532668E-011
     0.36584000E+002     0.47849947E-001     0.27998121E-011     0.27919172E-011
     0.36592000E+002     0.42509390E-001     0.20674454E-011     0.20613474E-011
     0.36600000E+002     0.36155675E-001     0.11066468E-011     0.11015602E-011
     0.36608000E+002     0.28599718E-001    -0.26905079E-013    -0.31635089E-013
     0.36616000E+002     0.19719239E-001    -0.12669006E-011    -0.12719708E-011
     0.36624000E+002     0.94919535E-002    -0.25394764E-011    -0.25432589E-011
     0.36632000E+002    -0.19846856E-002    -0.37716934E-011    -0.37730376E-011
     0.36640000E+002    -0.14488115E-001    -0.48943197E-011    -0.48941668E-011
     0.36648000E+002    -0.27680989E-001    -0.58415588E-011    -0.58407276E-011
     0.36656000E+002    -0.41134702E-001    -0.65556245E-011    -0.65553224E-011
     0.36664000E+002    -0.54366061E-001    -0.69893159E-011    -0.69889660E-011
     0.36672000E+002    -0.66882993E-001    -0.71126020E-011    -0.71106924E-011
     0.36680000E+002    -0.78230419E-001    -0.69168291E-011    -0.69141411E-011
     0.36688000E+002    -0.88031148E-001    -0.64112803E-011    -0.64089151E-011
     0.36696000E+002    -0.96016243E-001    -0.56231700E-011    -0.56224654E-011
     0.36704000E+002    -0.10204304E+000    -0.45960329E-011    -0.45972654E-011
     0.36712000E+002    -0.10610057E+000    -0.33891831E-011    -0.33905358E-011
     0.36720000E+002    -0.10829831E+000    -0.20784221E-011    -0.20797995E-011
     0.36728000E+002    -0.10884069E+000    -0.74784340E-012    -0.75020449E-012
     0.36736000E+002    -0.10799113E+000     0.51717920E-012     0.51280137E-012
     0.36744000E+002    -0.10603123E+000     0.16355768E-011     0.16284321E-011
     0.36752000E+002    -0.10322262E+000     0.25361511E-011     0.25281593E-011
     0.36760000E+002    -0.99773437E-001     0.31575824E-011     0.31501719E-011
     0.36768000E+002    -0.95813369E-001     0.34540779E-011     0.34469149E-011
     0.36776000E+002    -0.91381792E-001     0.34019736E-011     0.33945774E-011
     0.36784000E+002    -0.86430654E-001     0.30013316E-011     0.29927029E-011
     0.36792000E+002    -0.80842626E-001     0.22775793E-011     0.22689377E-011
     0.36800000E+002    -0.74460477E-001     0.12759619E-011     0.12694329E-011
     0.36808000E+002    -0.67122038E-001     0.57060501E-013     0.52672908E-013
     0.36816000E+002    -0.58697398E-001    -0.13032019E-011    -0.13059060E-011
     0.36824000E+002    -0.49124140E-001    -0.27186508E-011    -0.27210402E-011
     0.36832000E+002    -0.38435104E-001    -0.40971564E-011    -0.40994917E-011
     0.36840000E+002    -0.26774513E-001    -0.53489464E-011    -0.53494415E-011
     0.36848000E+002    -0.14398016E-001    -0.63966987E-011    -0.63952234E-011
     0.36856000E+002    -0.16571122E-002    -0.71772370E-011    -0.71744868E-011
     0.36864000E+002     0.11028170E-001    -0.76445314E-011    -0.76418449E-011
     0.36872000E+002     0.23206752E-001    -0.77714498E-011    -0.77701207E-011
     0.36880000E+002     0.34439275E-001    -0.75507655E-011    -0.75494558E-011
     0.36888000E+002     0.44341462E-001    -0.70001500E-011    -0.69981516E-011
     0.36896000E+002     0.52622772E-001    -0.61588754E-011    -0.61568144E-011
     0.36904000E+002     0.59111532E-001    -0.50823208E-011    -0.50810765E-011
     0.36912000E+002     0.63765256E-001    -0.38379358E-011    -0.38391145E-011
     0.36920000E+002     0.66664715E-001    -0.24988465E-011    -0.25016716E-011
     0.36928000E+002     0.67993090E-001    -0.11437160E-011    -0.11466785E-011
     0.36936000E+002     0.68004085E-001     0.14674344E-012     0.14341137E-012
     0.36944000E+002     0.66980165E-001     0.12978444E-011     0.12936984E-011
     0.36952000E+002     0.65188390E-001     0.22448802E-011     0.22385019E-011
     0.36960000E+002     0.62841134E-001     0.29387282E-011     0.29302349E-011
     0.36968000E+002     0.60066630E-001     0.33456704E-011     0.33372330E-011
     0.36976000E+002     0.56894489E-001     0.34450216E-011     0.34372659E-011
     0.36984000E+002     0.53255637E-001     0.32331259E-011     0.32260688E-011
     0.36992000E+002     0.48997294E-001     0.27238066E-011     0.27164659E-011
     0.37000000E+002     0.43912734E-001     0.19491927E-011     0.19408233E-011
     0.37008000E+002     0.37780595E-001     0.95782309E-012     0.95039327E-012
     0.37016000E+002     0.30408458E-001    -0.19322275E-012    -0.19848987E-012
     0.37024000E+002     0.21673603E-001    -0.14396327E-011    -0.14426765E-011
     0.37032000E+002     0.11554914E-001    -0.27114544E-011    -0.27130259E-011
     0.37040000E+002     0.15340275E-003    -0.39357936E-011    -0.39376387E-011
     0.37048000E+002    -0.12302306E-001    -0.50385096E-011    -0.50398786E-011
     0.37056000E+002    -0.25467758E-001    -0.59531305E-011    -0.59526684E-011
     0.37064000E+002    -0.38909499E-001    -0.66256067E-011    -0.66233703E-011
     0.37072000E+002    -0.52144016E-001    -0.70150101E-011    -0.70115266E-011
     0.37080000E+002    -0.64682323E-001    -0.70961634E-011    -0.70934665E-011
     0.37088000E+002    -0.76074176E-001    -0.68586857E-011    -0.68573027E-011
     0.37096000E+002    -0.85948867E-001    -0.63111117E-011    -0.63097157E-011
     0.37104000E+002    -0.94046304E-001    -0.54844769E-011    -0.54829229E-011
     0.37112000E+002    -0.10023447E+000    -0.44283638E-011    -0.44268356E-011
     0.37120000E+002    -0.10451162E+000    -0.32080891E-011    -0.32080671E-011
     0.37128000E+002    -0.10699140E+000    -0.18983289E-011    -0.19009748E-011
     0.37136000E+002    -0.10787698E+000    -0.57881931E-012    -0.58274560E-012
     0.37144000E+002    -0.10742629E+000     0.66580913E-012     0.66141090E-012
     0.37152000E+002    -0.10591170E+000     0.17531391E-011     0.17485200E-011
     0.37160000E+002    -0.10358111E+000     0.26094213E-011     0.26040020E-011
     0.37168000E+002    -0.10062325E+000     0.31761789E-011     0.31686084E-011
     0.37176000E+002    -0.97144830E-001     0.34163578E-011     0.34078374E-011
     0.37184000E+002    -0.93162297E-001     0.33121223E-011     0.33042237E-011
     0.37192000E+002    -0.88606591E-001     0.28657952E-011     0.28590511E-011
     0.37200000E+002    -0.83342324E-001     0.21018231E-011     0.20962352E-011
     0.37208000E+002    -0.77197122E-001     0.10658677E-011     0.10598711E-011
     0.37216000E+002    -0.69998582E-001    -0.17477419E-012    -0.18097019E-012
     0.37224000E+002    -0.61614575E-001    -0.15390303E-011    -0.15436579E-011
     0.37232000E+002    -0.51988144E-001    -0.29405581E-011    -0.29429932E-011
     0.37240000E+002    -0.41163469E-001    -0.42914361E-011    -0.42914985E-011
     0.37248000E+002    -0.29299235E-001    -0.55080436E-011    -0.55074008E-011
     0.37256000E+002    -0.16667397E-001    -0.65132229E-011    -0.65131424E-011
     0.37264000E+002    -0.36381727E-002    -0.72420556E-011    -0.72413757E-011
     0.37272000E+002     0.93496189E-002    -0.76507729E-011    -0.76489405E-011
     0.37280000E+002     0.21829298E-001    -0.77178124E-011    -0.77146314E-011
     0.37288000E+002     0.33351252E-001    -0.74444570E-011    -0.74411070E-011
     0.37296000E+002     0.43526064E-001    -0.68517434E-011    -0.68503627E-011
     0.37304000E+002     0.52060226E-001    -0.59763981E-011    -0.59765183E-011
     0.37312000E+002     0.58780596E-001    -0.48730986E-011    -0.48738705E-011
     0.37320000E+002     0.63645996E-001    -0.36108993E-011    -0.36119041E-011
     0.37328000E+002     0.66741316E-001    -0.22677409E-011    -0.22690846E-011
     0.37336000E+002     0.68254844E-001    -0.92477607E-012    -0.92834933E-012
     0.37344000E+002     0.68443069E-001     0.34231656E-012     0.33648814E-012
     0.37352000E+002     0.67587845E-001     0.14639261E-011     0.14572102E-011
     0.37360000E+002     0.65954340E-001     0.23777195E-011     0.23708231E-011
     0.37368000E+002     0.63752844E-001     0.30333823E-011     0.30269549E-011
     0.37376000E+002     0.61108592E-001     0.33948266E-011     0.33875824E-011
     0.37384000E+002     0.58046239E-001     0.34458702E-011     0.34371413E-011
     0.37392000E+002     0.54490327E-001     0.31896763E-011     0.31809903E-011
     0.37400000E+002     0.50283772E-001     0.26439063E-011     0.26362432E-011
     0.37408000E+002     0.45219688E-001     0.18408749E-011     0.18351740E-011
     0.37416000E+002     0.39079831E-001     0.82533515E-012     0.82090676E-012
     0.37424000E+002     0.31677303E-001    -0.34484649E-012    -0.34951026E-012
     0.37432000E+002     0.22896676E-001    -0.15999045E-011    -0.16038526E-011
     0.37440000E+002     0.12726848E-001    -0.28668130E-011    -0.28690236E-011
     0.37448000E+002     0.12809453E-002    -0.40730525E-011    -0.40728127E-011
     0.37456000E+002    -0.11202101E-001    -0.51502432E-011    -0.51478620E-011
     0.37464000E+002    -0.24371615E-001    -0.60364758E-011    -0.60342691E-011
     0.37472000E+002    -0.37792868E-001    -0.66759047E-011    -0.66742844E-011
     0.37480000E+002    -0.50985056E-001    -0.70261303E-011    -0.70243254E-011
     0.37488000E+002    -0.63464975E-001    -0.70631805E-011    -0.70607460E-011
     0.37496000E+002    -0.74793046E-001    -0.67827061E-011    -0.67793966E-011
     0.37504000E+002    -0.84613596E-001    -0.62009322E-011    -0.61987870E-011
     0.37512000E+002    -0.92683368E-001    -0.53497230E-011    -0.53500703E-011
     0.37520000E+002    -0.98885912E-001    -0.42765616E-011    -0.42786477E-011
     0.37528000E+002    -0.10323112E+000    -0.30458723E-011    -0.30490149E-011
     0.37536000E+002    -0.10584111E+000    -0.17345030E-011    -0.17376720E-011
     0.37544000E+002    -0.10692409E+000    -0.42778604E-012    -0.43180011E-012
     0.37552000E+002    -0.10673738E+000     0.78959915E-012     0.78319792E-012
     0.37560000E+002    -0.10554560E+000     0.18406903E-011     0.18326203E-011
     0.37568000E+002    -0.10358135E+000     0.26569138E-011     0.26481282E-011
     0.37576000E+002    -0.10101334E+000     0.31828700E-011     0.31746659E-011
     0.37584000E+002    -0.97926501E-001     0.33795737E-011     0.33722217E-011
     0.37592000E+002    -0.94314675E-001     0.32291767E-011     0.32210859E-011
     0.37600000E+002    -0.90086515E-001     0.27402102E-011     0.27316259E-011
     0.37608000E+002    -0.85086796E-001     0.19434025E-011     0.19354063E-011
     0.37616000E+002    -0.79128799E-001     0.88841290E-012     0.88209358E-012
     0.37624000E+002    -0.72033754E-001    -0.35936467E-012    -0.36318527E-012
     0.37632000E+002    -0.63670513E-001    -0.17231303E-011    -0.17260664E-011
     0.37640000E+002    -0.53988707E-001    -0.31150973E-011    -0.31179534E-011
     0.37648000E+002    -0.43044126E-001    -0.44442763E-011    -0.44462395E-011
     0.37656000E+002    -0.31011447E-001    -0.56257559E-011    -0.56261219E-011
     0.37664000E+002    -0.18181776E-001    -0.65859222E-011    -0.65837028E-011
     0.37672000E+002    -0.49447519E-002    -0.72684152E-011    -0.72649475E-011
     0.37680000E+002     0.82443864E-002    -0.76333477E-011    -0.76305852E-011
     0.37688000E+002     0.20905937E-001    -0.76584731E-011    -0.76562460E-011
     0.37696000E+002     0.32580322E-001    -0.73443040E-011    -0.73422361E-011
     0.37704000E+002     0.42872052E-001    -0.67132894E-011    -0.67103664E-011
     0.37712000E+002     0.51486512E-001    -0.58092088E-011    -0.58058466E-011
     0.37720000E+002     0.58255605E-001    -0.46914301E-011    -0.46899895E-011
     0.37728000E+002     0.63147074E-001    -0.34269997E-011    -0.34279046E-011
     0.37736000E+002     0.66255637E-001    -0.20901270E-011    -0.20929252E-011
     0.37744000E+002     0.67779244E-001    -0.75856215E-012    -0.76212876E-012
     0.37752000E+002     0.67983767E-001     0.49007679E-012     0.48669884E-012
     0.37760000E+002     0.67160288E-001     0.15827618E-011     0.15779527E-011
     0.37768000E+002     0.65580808E-001     0.24600816E-011     0.24531194E-011
     0.37776000E+002     0.63457818E-001     0.30772770E-011     0.30688786E-011
     0.37784000E+002     0.60914957E-001     0.34039052E-011     0.33951848E-011
     0.37792000E+002     0.57973781E-001     0.34249232E-011     0.34176632E-011
     0.37800000E+002     0.54556177E-001     0.31395572E-011     0.31330765E-011
     0.37808000E+002     0.50502575E-001     0.25657704E-011     0.25588225E-011
     0.37816000E+002     0.45602858E-001     0.17398580E-011     0.17328667E-011
     0.37824000E+002     0.39635837E-001     0.71097650E-012     0.70455407E-012
     0.37832000E+002     0.32413690E-001    -0.46133636E-012    -0.46557396E-012
     0.37840000E+002     0.23822066E-001    -0.17124297E-011    -0.17144711E-011
     0.37848000E+002     0.13850945E-001    -0.29729149E-011    -0.29745706E-011
     0.37856000E+002     0.26125212E-002    -0.41688072E-011    -0.41702568E-011
     0.37864000E+002    -0.96574253E-002    -0.52289539E-011    -0.52299261E-011
     0.37872000E+002    -0.22612363E-001    -0.60893969E-011    -0.60887709E-011
     0.37880000E+002    -0.35823205E-001    -0.66988128E-011    -0.66959317E-011
     0.37888000E+002    -0.48818046E-001    -0.70213113E-011    -0.70181524E-011
     0.37896000E+002    -0.61126287E-001    -0.70339475E-011    -0.70315951E-011
     0.37904000E+002    -0.72323373E-001    -0.67307708E-011    -0.67292441E-011
     0.37912000E+002    -0.82068068E-001    -0.61255754E-011    -0.61242845E-011
     0.37920000E+002    -0.90129834E-001    -0.52525539E-011    -0.52503366E-011
     0.37928000E+002    -0.96403922E-001    -0.41663397E-011    -0.41646453E-011
     0.37936000E+002    -0.10090978E+000    -0.29340361E-011    -0.29346261E-011
     0.37944000E+002    -0.10377459E+000    -0.16307845E-011    -0.16338217E-011
     0.37952000E+002    -0.10520391E+000    -0.33783698E-012    -0.34284131E-012
     0.37960000E+002    -0.10544397E+000     0.86235654E-012     0.85724404E-012
     0.37968000E+002    -0.10474275E+000     0.18889012E-011     0.18837629E-011
     0.37976000E+002    -0.10331236E+000     0.26712790E-011     0.26645397E-011
     0.37984000E+002    -0.10129766E+000     0.31573578E-011     0.31488997E-011
     0.37992000E+002    -0.98756680E-001     0.33142555E-011     0.33045497E-011
     0.38000000E+002    -0.95655089E-001     0.31304705E-011     0.31214505E-011
     0.38008000E+002    -0.91876992E-001     0.26142168E-011     0.26072686E-011
     0.38016000E+002    -0.87249300E-001     0.17938043E-011     0.17876780E-011
     0.38024000E+002    -0.81574058E-001     0.72076785E-012     0.71487391E-012
     0.38032000E+002    -0.74666853E-001    -0.53531533E-012    -0.54095685E-012
     0.38040000E+002    -0.66396021E-001    -0.18924034E-011    -0.18967872E-011
     0.38048000E+002    -0.56717380E-001    -0.32633000E-011    -0.32647676E-011
     0.38056000E+002    -0.45699901E-001    -0.45633751E-011    -0.45629762E-011
     0.38064000E+002    -0.33535236E-001    -0.57112447E-011    -0.57103706E-011
     0.38072000E+002    -0.20531937E-001    -0.66340013E-011    -0.66331380E-011
     0.38080000E+002    -0.70958068E-002    -0.72736558E-011    -0.72727827E-011
     0.38088000E+002     0.63031149E-002    -0.75912451E-011    -0.75888499E-011
     0.38096000E+002     0.19171826E-001    -0.75722366E-011    -0.75687736E-011
     0.38104000E+002     0.31041829E-001    -0.72232023E-011    -0.72205383E-011
     0.38112000E+002     0.41515052E-001    -0.65681190E-011    -0.65669116E-011
     0.38120000E+002     0.50299333E-001    -0.56485394E-011    -0.56490869E-011
     0.38128000E+002     0.57231669E-001    -0.45203932E-011    -0.45212410E-011
     0.38136000E+002     0.62285145E-001    -0.32535848E-011    -0.32539690E-011
     0.38144000E+002     0.65560425E-001    -0.19264029E-011    -0.19279824E-011
     0.38152000E+002     0.67262327E-001    -0.61605080E-012    -0.61963561E-012
     0.38160000E+002     0.67661706E-001     0.60400278E-012     0.59812396E-012
     0.38168000E+002     0.67050680E-001     0.16677722E-011     0.16607865E-011
     0.38176000E+002     0.65697681E-001     0.25176973E-011     0.25115173E-011
     0.38184000E+002     0.63809213E-001     0.31057693E-011     0.30995854E-011
     0.38192000E+002     0.61503352E-001     0.34010625E-011     0.33938771E-011
     0.38200000E+002     0.58795685E-001     0.33910601E-011     0.33825469E-011
     0.38208000E+002     0.55601198E-001     0.30810319E-011     0.30717830E-011
     0.38216000E+002     0.51753185E-001     0.24923673E-011     0.24847719E-011
     0.38224000E+002     0.47036091E-001     0.16575697E-011     0.16519104E-011
     0.38232000E+002     0.41227295E-001     0.62251318E-012     0.61767505E-012
     0.38240000E+002     0.34140016E-001    -0.55362447E-012    -0.55815152E-012
     0.38248000E+002     0.25661509E-001    -0.18028225E-011    -0.18073481E-011
     0.38256000E+002     0.15783534E-001    -0.30516004E-011    -0.30543703E-011
     0.38264000E+002     0.46203479E-002    -0.42290363E-011    -0.42291261E-011
     0.38272000E+002    -0.75893341E-002    -0.52691372E-011    -0.52679138E-011
     0.38280000E+002    -0.20497164E-001    -0.61102943E-011    -0.61086936E-011
     0.38288000E+002    -0.33675774E-001    -0.67002655E-011    -0.66992517E-011
     0.38296000E+002    -0.46658417E-001    -0.69991314E-011    -0.69980008E-011
     0.38304000E+002    -0.58982113E-001    -0.69853580E-011    -0.69827427E-011
     0.38312000E+002    -0.70230986E-001    -0.66592338E-011    -0.66562562E-011
     0.38320000E+002    -0.80073069E-001    -0.60385984E-011    -0.60364754E-011
     0.38328000E+002    -0.88287781E-001    -0.51585148E-011    -0.51582412E-011
     0.38336000E+002    -0.94778580E-001    -0.40697329E-011    -0.40712665E-011
     0.38344000E+002    -0.99568441E-001    -0.28375037E-011    -0.28390324E-011
     0.38352000E+002    -0.10278214E+000    -0.15413432E-011    -0.15430810E-011
     0.38360000E+002    -0.10461698E+000    -0.26595601E-012    -0.26912635E-012
     0.38368000E+002    -0.10530664E+000     0.90607324E-012     0.90069063E-012
     0.38376000E+002    -0.10508221E+000     0.18990790E-011     0.18911754E-011
     0.38384000E+002    -0.10413385E+000     0.26492981E-011     0.26409326E-011
     0.38392000E+002    -0.10258147E+000     0.31047203E-011     0.30970720E-011
     0.38400000E+002    -0.10045821E+000     0.32305692E-011     0.32228636E-011
     0.38408000E+002    -0.97708203E-001     0.30155456E-011     0.30072758E-011
     0.38416000E+002    -0.94198835E-001     0.24719727E-011     0.24625691E-011
     0.38424000E+002    -0.89744248E-001     0.16358133E-011     0.16268290E-011
     0.38432000E+002    -0.84139225E-001     0.56039137E-012     0.55393379E-012
     0.38440000E+002    -0.77199744E-001    -0.68834566E-012    -0.69261937E-012
     0.38448000E+002    -0.68803020E-001    -0.20316631E-011    -0.20344560E-011
     0.38456000E+002    -0.58921054E-001    -0.33834790E-011    -0.33859141E-011
     0.38464000E+002    -0.47642578E-001    -0.46554869E-011    -0.46574643E-011
     0.38472000E+002    -0.35180909E-001    -0.57653577E-011    -0.57649584E-011
     0.38480000E+002    -0.21867713E-001    -0.66459193E-011    -0.66432539E-011
     0.38488000E+002    -0.81315130E-002    -0.72453899E-011    -0.72415197E-011
     0.38496000E+002     0.55380159E-002    -0.75291661E-011    -0.75254415E-011
     0.38504000E+002     0.18634498E-001    -0.74813919E-011    -0.74789261E-011
     0.38512000E+002     0.30682726E-001    -0.71055930E-011    -0.71029855E-011
     0.38520000E+002     0.41282836E-001    -0.64287784E-011    -0.64255214E-011
     0.38528000E+002     0.50145172E-001    -0.54970454E-011    -0.54941574E-011
     0.38536000E+002     0.57113732E-001    -0.43692134E-011    -0.43676546E-011
     0.38544000E+002     0.62172739E-001    -0.31132389E-011    -0.31143722E-011
     0.38552000E+002     0.65435871E-001    -0.18006923E-011    -0.18035353E-011
     0.38560000E+002     0.67119746E-001    -0.50694822E-012    -0.50996820E-012
     0.38568000E+002     0.67504758E-001     0.69228607E-012     0.68863614E-012
     0.38576000E+002     0.66891328E-001     0.17292593E-011     0.17244902E-011
     0.38584000E+002     0.65555073E-001     0.25474457E-011     0.25404946E-011
     0.38592000E+002     0.63707126E-001     0.31057886E-011     0.30971212E-011
     0.38600000E+002     0.61466231E-001     0.33778434E-011     0.33697267E-011
     0.38608000E+002     0.58845156E-001     0.33493411E-011     0.33421240E-011
     0.38616000E+002     0.55755489E-001     0.30226833E-011     0.30160407E-011
     0.38624000E+002     0.52028058E-001     0.24174482E-011     0.24104793E-011
     0.38632000E+002     0.47445002E-001     0.15702534E-011     0.15624919E-011
     0.38640000E+002     0.41780789E-001     0.53226186E-012     0.52580799E-012
     0.38648000E+002     0.34845269E-001    -0.63859769E-012    -0.64274216E-012
     0.38656000E+002     0.26523917E-001    -0.18782114E-011    -0.18804594E-011
     0.38664000E+002     0.16808823E-001    -0.31171679E-011    -0.31184113E-011
     0.38672000E+002     0.58142666E-002    -0.42839941E-011    -0.42857293E-011
     0.38680000E+002    -0.62234228E-002    -0.53076090E-011    -0.53088013E-011
     0.38688000E+002    -0.18961553E-001    -0.61263550E-011    -0.61256213E-011
     0.38696000E+002    -0.31980234E-001    -0.66922098E-011    -0.66899881E-011
     0.38704000E+002    -0.44820760E-001    -0.69704366E-011    -0.69675712E-011
     0.38712000E+002    -0.57029867E-001    -0.69420782E-011    -0.69405183E-011
     0.38720000E+002    -0.68203432E-001    -0.66035244E-011    -0.66035133E-011
     0.38728000E+002    -0.78021866E-001    -0.59705836E-011    -0.59705486E-011
     0.38736000E+002    -0.86274718E-001    -0.50814107E-011    -0.50812949E-011
     0.38744000E+002    -0.92871011E-001    -0.39912031E-011    -0.39914079E-011
     0.38752000E+002    -0.97835358E-001    -0.27685765E-011    -0.27704987E-011
     0.38760000E+002    -0.10129113E+000    -0.14895132E-011    -0.14940278E-011
     0.38768000E+002    -0.10343010E+000    -0.23325696E-012    -0.23866020E-012
     0.38776000E+002    -0.10447475E+000     0.91799750E-012     0.91258382E-012
     0.38784000E+002    -0.10463928E+000     0.18867701E-011     0.18813819E-011
     0.38792000E+002    -0.10409388E+000     0.26070498E-011     0.26010546E-011
     0.38800000E+002    -0.10293887E+000     0.30298619E-011     0.30220350E-011
     0.38808000E+002    -0.10118870E+000     0.31281634E-011     0.31198224E-011
     0.38816000E+002    -0.98769376E-001     0.28938837E-011     0.28865447E-011
     0.38824000E+002    -0.95532367E-001     0.23385719E-011     0.23324058E-011
     0.38832000E+002    -0.91281069E-001     0.14953333E-011     0.14901024E-011
     0.38840000E+002    -0.85807785E-001     0.41693605E-012     0.41119528E-012
     0.38848000E+002    -0.78933196E-001    -0.82515326E-012    -0.83095792E-012
     0.38856000E+002    -0.70543092E-001    -0.21492119E-011    -0.21531856E-011
     0.38864000E+002    -0.60620978E-001    -0.34715474E-011    -0.34733051E-011
     0.38872000E+002    -0.49269775E-001    -0.47092388E-011    -0.47089309E-011
     0.38880000E+002    -0.36719726E-001    -0.57855353E-011    -0.57847924E-011
     0.38888000E+002    -0.23319384E-001    -0.66322447E-011    -0.66320308E-011
     0.38896000E+002    -0.95096258E-002    -0.71952028E-011    -0.71940421E-011
     0.38904000E+002     0.42127464E-002    -0.74422085E-011    -0.74396042E-011
     0.38912000E+002     0.17338651E-001    -0.73624393E-011    -0.73586145E-011
     0.38920000E+002     0.29393410E-001    -0.69657741E-011    -0.69621426E-011
     0.38928000E+002     0.39981058E-001    -0.62796920E-011    -0.62783048E-011
     0.38936000E+002     0.48820863E-001    -0.53453895E-011    -0.53454990E-011
     0.38944000E+002     0.55769077E-001    -0.42199790E-011    -0.42205941E-011
     0.38952000E+002     0.60822628E-001    -0.29724680E-011    -0.29734444E-011
     0.38960000E+002     0.64106410E-001    -0.16776983E-011    -0.16794152E-011
     0.38968000E+002     0.65845874E-001    -0.41133797E-012    -0.41567391E-012
     0.38976000E+002     0.66328555E-001     0.75760684E-012     0.75086406E-012
     0.38984000E+002     0.65859078E-001     0.17665691E-011     0.17590843E-011
     0.38992000E+002     0.64712436E-001     0.25602182E-011     0.25526712E-011
     0.39000000E+002     0.63094631E-001     0.30954569E-011     0.30883282E-011
     0.39008000E+002     0.61116342E-001     0.33433170E-011     0.33353656E-011
     0.39016000E+002     0.58781640E-001     0.32936160E-011     0.32843637E-011
     0.39024000E+002     0.55993654E-001     0.29538435E-011     0.29450404E-011
     0.39032000E+002     0.52574233E-001     0.23442380E-011     0.23367851E-011
     0.39040000E+002     0.48296854E-001     0.14985942E-011     0.14930709E-011
     0.39048000E+002     0.42929309E-001     0.46260522E-012     0.45815119E-012
     0.39056000E+002     0.36277459E-001    -0.70586681E-012    -0.71069168E-012
     0.39064000E+002     0.28224860E-001    -0.19383350E-011    -0.19423933E-011
     0.39072000E+002     0.18761096E-001    -0.31642702E-011    -0.31665358E-011
     0.39080000E+002     0.79962614E-002    -0.43142653E-011    -0.43143689E-011
     0.39088000E+002    -0.38379964E-002    -0.53228950E-011    -0.53213560E-011
     0.39096000E+002    -0.16403956E-001    -0.61313045E-011    -0.61302644E-011
     0.39104000E+002    -0.29287197E-001    -0.66874290E-011    -0.66868491E-011
     0.39112000E+002    -0.42036511E-001    -0.69536571E-011    -0.69523609E-011
     0.39120000E+002    -0.54208484E-001    -0.69115096E-011    -0.69091211E-011
     0.39128000E+002    -0.65408374E-001    -0.65618571E-011    -0.65584076E-011
     0.39136000E+002    -0.75324084E-001    -0.59255072E-011    -0.59230989E-011
     0.39144000E+002    -0.83750138E-001    -0.50384943E-011    -0.50382560E-011
     0.39152000E+002    -0.90598154E-001    -0.39520793E-011    -0.39529512E-011
     0.39160000E+002    -0.95892795E-001    -0.27337928E-011    -0.27351631E-011
     0.39168000E+002    -0.99752044E-001    -0.14618870E-011    -0.14631681E-011
     0.39176000E+002    -0.10235604E+000    -0.22066236E-012    -0.22300194E-012
     0.39184000E+002    -0.10391069E+000     0.90842306E-012     0.90343127E-012
     0.39192000E+002    -0.10461015E+000     0.18534244E-011     0.18467353E-011
     0.39200000E+002    -0.10460278E+000     0.25520601E-011     0.25447822E-011
     0.39208000E+002    -0.10396510E+000     0.29563981E-011     0.29496344E-011
     0.39216000E+002    -0.10268732E+000     0.30362062E-011     0.30300626E-011
     0.39224000E+002    -0.10067471E+000     0.27828410E-011     0.27757722E-011
     0.39232000E+002    -0.97763670E-001     0.22134102E-011     0.22058899E-011
     0.39240000E+002    -0.93748890E-001     0.13656092E-011     0.13589123E-011
     0.39248000E+002    -0.88419012E-001     0.29380730E-012     0.28881870E-012
     0.39256000E+002    -0.81595739E-001    -0.93400369E-012    -0.93677902E-012
     0.39264000E+002    -0.73172155E-001    -0.22407307E-011    -0.22429899E-011
     0.39272000E+002    -0.63145195E-001    -0.35411101E-011    -0.35435270E-011
     0.39280000E+002    -0.51634686E-001    -0.47496492E-011    -0.47512299E-011
     0.39288000E+002    -0.38888066E-001    -0.57896795E-011    -0.57898881E-011
     0.39296000E+002    -0.25269696E-001    -0.65974048E-011    -0.65956449E-011
     0.39304000E+002    -0.11235378E-001    -0.71265912E-011    -0.71243229E-011
     0.39312000E+002     0.27041667E-002    -0.73471887E-011    -0.73461283E-011
     0.39320000E+002     0.16029604E-001    -0.72460514E-011    -0.72455683E-011
     0.39328000E+002     0.28261708E-001    -0.68317124E-011    -0.68312324E-011
     0.39336000E+002     0.39005456E-001    -0.61326958E-011    -0.61314486E-011
     0.39344000E+002     0.47984440E-001    -0.51958626E-011    -0.51944522E-011
     0.39352000E+002     0.55060386E-001    -0.40805711E-011    -0.40812288E-011
     0.39360000E+002     0.60236956E-001    -0.28512562E-011    -0.28539558E-011
     0.39368000E+002     0.63646900E-001    -0.15778115E-011    -0.15817169E-011
     0.39376000E+002     0.65522679E-001    -0.33257425E-012    -0.33671350E-012
     0.39384000E+002     0.66155929E-001     0.81349095E-012     0.80970897E-012
     0.39392000E+002     0.65851144E-001     0.17949183E-011     0.17896968E-011
     0.39400000E+002     0.64880506E-001     0.25599929E-011     0.25527562E-011
     0.39408000E+002     0.63446329E-001     0.30708174E-011     0.30626164E-011
     0.39416000E+002     0.61654594E-001     0.33021403E-011     0.32940619E-011
     0.39424000E+002     0.59503506E-001     0.32427266E-011     0.32362016E-011
     0.39432000E+002     0.56889530E-001     0.28946629E-011     0.28887612E-011
     0.39440000E+002     0.53629121E-001     0.22778044E-011     0.22713017E-011
     0.39448000E+002     0.49493390E-001     0.14292161E-011     0.14228545E-011
     0.39456000E+002     0.44249784E-001     0.39730446E-012     0.39184984E-012
     0.39464000E+002     0.37704180E-001    -0.76027405E-012    -0.76344067E-012
     0.39472000E+002     0.29740016E-001    -0.19810083E-011    -0.19821289E-011
     0.39480000E+002     0.20347739E-001    -0.31976654E-011    -0.31986292E-011
     0.39488000E+002     0.96401876E-002    -0.43385106E-011    -0.43393272E-011
     0.39496000E+002    -0.21480651E-002    -0.53352344E-011    -0.53355140E-011
     0.39504000E+002    -0.14679057E-001    -0.61274846E-011    -0.61263926E-011
     0.39512000E+002    -0.27541436E-001    -0.66676705E-011    -0.66649195E-011
     0.39520000E+002    -0.40288690E-001    -0.69234933E-011    -0.69211954E-011
     0.39528000E+002    -0.52482091E-001    -0.68755631E-011    -0.68745897E-011
     0.39536000E+002    -0.63731732E-001    -0.65218031E-011    -0.65218105E-011
     0.39544000E+002    -0.73732148E-001    -0.58803781E-011    -0.58807625E-011
     0.39552000E+002    -0.82285269E-001    -0.49894630E-011    -0.49892692E-011
     0.39560000E+002    -0.89307391E-001    -0.39063674E-011    -0.39070765E-011
     0.39568000E+002    -0.94822841E-001    -0.26992454E-011    -0.27023103E-011
     0.39576000E+002    -0.98944183E-001    -0.14428389E-011    -0.14478466E-011
     0.39584000E+002    -0.10184340E+000    -0.21704489E-012    -0.22326394E-012
     0.39592000E+002    -0.10371625E+000     0.89837054E-012     0.89254280E-012
     0.39600000E+002    -0.10474319E+000     0.18272555E-011     0.18215655E-011
     0.39608000E+002    -0.10505605E+000     0.25058486E-011     0.24986026E-011
     0.39616000E+002    -0.10471429E+000     0.28900460E-011     0.28813994E-011
     0.39624000E+002    -0.10369390E+000     0.29548490E-011     0.29455479E-011
     0.39632000E+002    -0.10189024E+000     0.26956835E-011     0.26874645E-011
     0.39640000E+002    -0.99132579E-001     0.21269529E-011     0.21207926E-011
     0.39648000E+002    -0.95211451E-001     0.12823210E-011     0.12766859E-011
     0.39656000E+002    -0.89916028E-001     0.21724589E-012     0.21164995E-012
     0.39664000E+002    -0.83074325E-001    -0.99732984E-012    -0.10024819E-011
     0.39672000E+002    -0.74590887E-001    -0.22813611E-011    -0.22849639E-011
     0.39680000E+002    -0.64475787E-001    -0.35523502E-011    -0.35529619E-011
     0.39688000E+002    -0.52861965E-001    -0.47320695E-011    -0.47309912E-011
     0.39696000E+002    -0.40010333E-001    -0.57466239E-011    -0.57452907E-011
     0.39704000E+002    -0.26298468E-001    -0.65315445E-011    -0.65301758E-011
     0.39712000E+002    -0.12193302E-001    -0.70383022E-011    -0.70367462E-011
     0.39720000E+002     0.17884737E-002    -0.72373590E-011    -0.72342942E-011
     0.39728000E+002     0.15127855E-001    -0.71220280E-011    -0.71181683E-011
     0.39736000E+002     0.27350006E-001    -0.67042841E-011    -0.67016075E-011
     0.39744000E+002     0.38066532E-001    -0.60109668E-011    -0.60098955E-011
     0.39752000E+002     0.47009348E-001    -0.50846728E-011    -0.50852697E-011
     0.39760000E+002     0.54050153E-001    -0.39807207E-011    -0.39816637E-011
     0.39768000E+002     0.59203761E-001    -0.27661316E-011    -0.27669268E-011
     0.39776000E+002     0.62612412E-001    -0.15139860E-011    -0.15164496E-011
     0.39784000E+002     0.64514378E-001    -0.29457761E-012    -0.29928757E-012
     0.39792000E+002     0.65204014E-001     0.82583315E-012     0.81903740E-012
     0.39800000E+002     0.64986265E-001     0.17876245E-011     0.17800174E-011
     0.39808000E+002     0.64132671E-001     0.25389644E-011     0.25322258E-011
     0.39816000E+002     0.62843145E-001     0.30372433E-011     0.30303082E-011
     0.39824000E+002     0.61218729E-001     0.32564388E-011     0.32483704E-011
     0.39832000E+002     0.59252002E-001     0.31876601E-011     0.31786251E-011
     0.39840000E+002     0.56834290E-001     0.28375783E-011     0.28284982E-011
     0.39848000E+002     0.53778339E-001     0.22271562E-011     0.22203004E-011
     0.39856000E+002     0.49852607E-001     0.13876933E-011     0.13829820E-011
     0.39864000E+002     0.44821797E-001     0.36371924E-012     0.35975366E-012
     0.39872000E+002     0.38490442E-001    -0.78710345E-012    -0.79066714E-012
     0.39880000E+002     0.30742329E-001    -0.19991993E-011    -0.20023769E-011
     0.39888000E+002     0.21568846E-001    -0.32024592E-011    -0.32035381E-011
     0.39896000E+002     0.11082626E-001    -0.43293512E-011    -0.43277340E-011
     0.39904000E+002    -0.48520882E-003    -0.53166581E-011    -0.53141117E-011
     0.39912000E+002    -0.12802332E-001    -0.61048866E-011    -0.61024040E-011
     0.39920000E+002    -0.25464318E-001    -0.66441186E-011    -0.66424130E-011
     0.39928000E+002    -0.38033757E-001    -0.68975579E-011    -0.68958422E-011
     0.39936000E+002    -0.50083583E-001    -0.68469939E-011    -0.68440531E-011
     0.39944000E+002    -0.61237747E-001    -0.64955171E-011    -0.64927338E-011
     0.39952000E+002    -0.71203692E-001    -0.58628423E-011    -0.58614521E-011
     0.39960000E+002    -0.79792263E-001    -0.49853434E-011    -0.49859711E-011
     0.39968000E+002    -0.86924873E-001    -0.39150962E-011    -0.39174145E-011
     0.39976000E+002    -0.92627770E-001    -0.27181118E-011    -0.27203018E-011
     0.39984000E+002    -0.97011944E-001    -0.14732120E-011    -0.14756482E-011
     0.39992000E+002    -0.10024279E+000    -0.26250800E-012    -0.26645369E-012
     0.40000000E+002    -0.10250320E+000     0.83561286E-012     0.82978402E-012
     0.40008000E+002    -0.10395669E+000     0.17501837E-011     0.17425943E-011
     0.40016000E+002    -0.10471683E+000     0.24223277E-011     0.24150475E-011
     0.40024000E+002    -0.10482435E+000     0.28055190E-011     0.27993742E-011
     0.40032000E+002    -0.10423637E+000     0.28710886E-011     0.28648473E-011
     0.40040000E+002    -0.10282979E+000     0.26139835E-011     0.26071003E-011
     0.40048000E+002    -0.10041848E+000     0.20515559E-011     0.20437633E-011
     0.40056000E+002    -0.96783706E-001     0.12225586E-011     0.12154583E-011
     0.40064000E+002    -0.91711091E-001     0.18108040E-012     0.17643648E-012
     0.40072000E+002    -0.85029563E-001    -0.10077970E-011    -0.10108915E-011
     0.40080000E+002    -0.76648259E-001    -0.22676263E-011    -0.22701281E-011
     0.40088000E+002    -0.66585415E-001    -0.35164260E-011    -0.35191169E-011
     0.40096000E+002    -0.54985846E-001    -0.46723133E-011    -0.46746719E-011
     0.40104000E+002    -0.42122958E-001    -0.56610672E-011    -0.56610671E-011
     0.40112000E+002    -0.28384114E-001    -0.64241066E-011    -0.64221182E-011
     0.40120000E+002    -0.14242421E-001    -0.69175677E-011    -0.69149311E-011
     0.40128000E+002    -0.21765371E-003    -0.71135015E-011    -0.71113761E-011
     0.40136000E+002     0.13169781E-001    -0.70016068E-011    -0.70007052E-011
     0.40144000E+002     0.25446186E-001    -0.65895450E-011    -0.65882803E-011
     0.40152000E+002     0.36228147E-001    -0.59063490E-011    -0.59043821E-011
     0.40160000E+002     0.45255078E-001    -0.49975273E-011    -0.49962475E-011
     0.40168000E+002     0.52406104E-001    -0.39186272E-011    -0.39190076E-011
     0.40176000E+002     0.57700924E-001    -0.27326309E-011    -0.27356961E-011
     0.40184000E+002     0.61284128E-001    -0.15053146E-011    -0.15098323E-011
     0.40192000E+002     0.63395235E-001    -0.30566741E-012    -0.31010447E-012
     0.40200000E+002     0.64328345E-001     0.79731959E-012     0.79225441E-012
     0.40208000E+002     0.64384830E-001     0.17427311E-011     0.17364964E-011
     0.40216000E+002     0.63828352E-001     0.24801089E-011     0.24720099E-011
     0.40224000E+002     0.62848075E-001     0.29726475E-011     0.29634654E-011
     0.40232000E+002     0.61534299E-001     0.31963294E-011     0.31883391E-011
     0.40240000E+002     0.59870409E-001     0.31377987E-011     0.31310068E-011
     0.40248000E+002     0.57739372E-001     0.27993348E-011     0.27930868E-011
     0.40256000E+002     0.54946293E-001     0.21995038E-011     0.21930524E-011
     0.40264000E+002     0.51254298E-001     0.13725262E-011     0.13657155E-011
     0.40272000E+002     0.46426669E-001     0.36601999E-012     0.36100358E-012
     0.40280000E+002     0.40270293E-001    -0.76600410E-012    -0.76855463E-012
     0.40288000E+002     0.32672127E-001    -0.19629532E-011    -0.19639431E-011
     0.40296000E+002     0.23625451E-001    -0.31580531E-011    -0.31584146E-011
     0.40304000E+002     0.13244030E-001    -0.42821077E-011    -0.42829609E-011
     0.40312000E+002     0.17597489E-002    -0.52664079E-011    -0.52664245E-011
     0.40320000E+002    -0.10495197E-001    -0.60515606E-011    -0.60494431E-011
     0.40328000E+002    -0.23119665E-001    -0.65913243E-011    -0.65879821E-011
     0.40336000E+002    -0.35683252E-001    -0.68518576E-011    -0.68484050E-011
     0.40344000E+002    -0.47766680E-001    -0.68146357E-011    -0.68127909E-011
     0.40352000E+002    -0.59000261E-001    -0.64767463E-011    -0.64763987E-011
     0.40360000E+002    -0.69095942E-001    -0.58549843E-011    -0.58544418E-011
     0.40368000E+002    -0.77868415E-001    -0.49883719E-011    -0.49879158E-011
     0.40376000E+002    -0.85242352E-001    -0.39320491E-011    -0.39324981E-011
     0.40384000E+002    -0.91243459E-001    -0.27533788E-011    -0.27561011E-011
     0.40392000E+002    -0.95976341E-001    -0.15264476E-011    -0.15320266E-011
     0.40400000E+002    -0.99595051E-001    -0.32818376E-012    -0.33465946E-012
     0.40408000E+002    -0.10226847E+000     0.76199753E-012     0.75545707E-012
     0.40416000E+002    -0.10414504E+000     0.16702617E-011     0.16634245E-011
     0.40424000E+002    -0.10532138E+000     0.23353906E-011     0.23276918E-011
     0.40432000E+002    -0.10581909E+000     0.27135239E-011     0.27041199E-011
     0.40440000E+002    -0.10557692E+000     0.27821827E-011     0.27727480E-011
     0.40448000E+002    -0.10445743E+000     0.25368471E-011     0.25290098E-011
     0.40456000E+002    -0.10226587E+000     0.19914758E-011     0.19851764E-011
     0.40464000E+002    -0.98779983E-001     0.11807420E-011     0.11756282E-011
     0.40472000E+002    -0.93785303E-001     0.15767344E-012     0.15249838E-012
     0.40480000E+002    -0.87114824E-001    -0.10081305E-011    -0.10127615E-011
     0.40488000E+002    -0.78686567E-001    -0.22390784E-011    -0.22413798E-011
     0.40496000E+002    -0.68530970E-001    -0.34574737E-011    -0.34575487E-011
     0.40504000E+002    -0.56806271E-001    -0.45871692E-011    -0.45856370E-011
     0.40512000E+002    -0.43797913E-001    -0.55582430E-011    -0.55567337E-011
     0.40520000E+002    -0.29903767E-001    -0.63094885E-011    -0.63087154E-011
     0.40528000E+002    -0.15606782E-001    -0.67936513E-011    -0.67919570E-011
     0.40536000E+002    -0.14344452E-002    -0.69846913E-011    -0.69817302E-011
     0.40544000E+002     0.12088297E-001    -0.68760035E-011    -0.68723174E-011
     0.40552000E+002     0.24487169E-001    -0.64787962E-011    -0.64757278E-011
     0.40560000E+002     0.35381042E-001    -0.58193959E-011    -0.58185722E-011
     0.40568000E+002     0.44511899E-001    -0.49361051E-011    -0.49363299E-011
     0.40576000E+002     0.51761932E-001    -0.38818920E-011    -0.38820513E-011
     0.40584000E+002     0.57154570E-001    -0.27203921E-011    -0.27206898E-011
     0.40592000E+002     0.60838286E-001    -0.15195498E-011    -0.15206462E-011
     0.40600000E+002     0.63055244E-001    -0.34738611E-012    -0.35111466E-012
     0.40608000E+002     0.64098563E-001     0.73415798E-012     0.72818655E-012
     0.40616000E+002     0.64266064E-001     0.16680859E-011     0.16616331E-011
     0.40624000E+002     0.63817510E-001     0.24028199E-011     0.23962866E-011
     0.40632000E+002     0.62938910E-001     0.28977833E-011     0.28912996E-011
     0.40640000E+002     0.61718452E-001     0.31254631E-011     0.31177797E-011
     0.40648000E+002     0.60137566E-001     0.30754832E-011     0.30663189E-011
     0.40656000E+002     0.58078638E-001     0.27532472E-011     0.27445924E-011
     0.40664000E+002     0.55349673E-001     0.21752362E-011     0.21679836E-011
     0.40672000E+002     0.51719820E-001     0.13708933E-011     0.13654196E-011
     0.40680000E+002     0.46959795E-001     0.38198459E-012     0.37747461E-012
     0.40688000E+002     0.40883165E-001    -0.73724142E-012    -0.74199093E-012
     0.40696000E+002     0.33382125E-001    -0.19218519E-011    -0.19254823E-011
     0.40704000E+002     0.24454535E-001    -0.31048379E-011    -0.31063610E-011
     0.40712000E+002     0.14216816E-001    -0.42197233E-011    -0.42191315E-011
     0.40720000E+002     0.28994141E-002    -0.52025891E-011    -0.52005988E-011
     0.40728000E+002    -0.91716321E-002    -0.59949718E-011    -0.59936028E-011
     0.40736000E+002    -0.21605352E-001    -0.65449217E-011    -0.65439099E-011
     0.40744000E+002    -0.33983479E-001    -0.68152052E-011    -0.68133196E-011
     0.40752000E+002    -0.45900443E-001    -0.67878997E-011    -0.67851284E-011
     0.40760000E+002    -0.57002640E-001    -0.64636890E-011    -0.64604430E-011
     0.40768000E+002    -0.67018478E-001    -0.58622087E-011    -0.58605849E-011
     0.40776000E+002    -0.75776553E-001    -0.50179677E-011    -0.50187995E-011
     0.40784000E+002    -0.83210065E-001    -0.39808163E-011    -0.39826878E-011
     0.40792000E+002    -0.89347119E-001    -0.28170214E-011    -0.28193418E-011
     0.40800000E+002    -0.94290409E-001    -0.16028280E-011    -0.16053227E-011
     0.40808000E+002    -0.98187146E-001    -0.41912626E-012    -0.42304350E-012
     0.40816000E+002    -0.10119332E+000     0.65683741E-012     0.65008246E-012
     0.40824000E+002    -0.10343890E+000     0.15572937E-011     0.15490289E-011
     0.40832000E+002    -0.10499876E+000     0.22234794E-011     0.22150156E-011
     0.40840000E+002    -0.10587409E+000     0.26104671E-011     0.26026987E-011
     0.40848000E+002    -0.10598623E+000     0.26910537E-011     0.26838805E-011
     0.40856000E+002    -0.10518284E+000     0.24591357E-011     0.24510109E-011
     0.40864000E+002    -0.10325728E+000     0.19329236E-011     0.19245036E-011
     0.40872000E+002    -0.99979687E-001     0.11491409E-011     0.11419057E-011
     0.40880000E+002    -0.95134519E-001     0.15915251E-012     0.15388577E-012
     0.40888000E+002    -0.88559958E-001    -0.97321085E-012    -0.97618547E-012
     0.40896000E+002    -0.80182551E-001    -0.21758551E-011    -0.21782197E-011
     0.40904000E+002    -0.70042810E-001    -0.33696081E-011    -0.33718765E-011
     0.40912000E+002    -0.58310054E-001    -0.44761144E-011    -0.44771072E-011
     0.40920000E+002    -0.45281900E-001    -0.54263226E-011    -0.54256248E-011
     0.40928000E+002    -0.31368127E-001    -0.61631472E-011    -0.61604868E-011
     0.40936000E+002    -0.17060171E-001    -0.66451785E-011    -0.66421494E-011
     0.40944000E+002    -0.28889823E-002    -0.68453672E-011    -0.68436073E-011
     0.40952000E+002     0.10621032E-001    -0.67519033E-011    -0.67505840E-011
     0.40960000E+002     0.22998563E-001    -0.63730364E-011    -0.63716238E-011
     0.40968000E+002     0.33867390E-001    -0.57348312E-011    -0.57329278E-011
     0.40976000E+002     0.42976950E-001    -0.48790450E-011    -0.48774784E-011
     0.40984000E+002     0.50219066E-001    -0.38581385E-011    -0.38590449E-011
     0.40992000E+002     0.55625907E-001    -0.27290520E-011    -0.27320485E-011
     0.41000000E+002     0.59351370E-001    -0.15545941E-011    -0.15585558E-011
     0.41008000E+002     0.61639991E-001    -0.40078612E-012    -0.40492378E-012
     0.41016000E+002     0.62785921E-001     0.66735977E-012     0.66332879E-012
     0.41024000E+002     0.63088003E-001     0.15895544E-011     0.15837590E-011
     0.41032000E+002     0.62805436E-001     0.23175135E-011     0.23095828E-011
     0.41040000E+002     0.62120770E-001     0.28144038E-011     0.28057281E-011
     0.41048000E+002     0.61117521E-001     0.30536011E-011     0.30452393E-011
     0.41056000E+002     0.59773508E-001     0.30210788E-011     0.30141244E-011
     0.41064000E+002     0.57969787E-001     0.27155290E-011     0.27088487E-011
     0.41072000E+002     0.55513370E-001     0.21527277E-011     0.21451750E-011
     0.41080000E+002     0.52170596E-001     0.13648965E-011     0.13575798E-011
     0.41088000E+002     0.47708588E-001     0.39495709E-012     0.38886656E-012
     0.41096000E+002     0.41938131E-001    -0.70465297E-012    -0.70828453E-012
     0.41104000E+002     0.34749562E-001    -0.18753390E-011    -0.18769274E-011
     0.41112000E+002     0.26137490E-001    -0.30524902E-011    -0.30539380E-011
     0.41120000E+002     0.16211285E-001    -0.41661205E-011    -0.41672090E-011
     0.41128000E+002     0.51913264E-002    -0.51492596E-011    -0.51493902E-011
     0.41136000E+002    -0.66075768E-002    -0.59423859E-011    -0.59408799E-011
     0.41144000E+002    -0.18806501E-001    -0.64975966E-011    -0.64944206E-011
     0.41152000E+002    -0.31000886E-001    -0.67812584E-011    -0.67786280E-011
     0.41160000E+002    -0.42800636E-001    -0.67721958E-011    -0.67708436E-011
     0.41168000E+002    -0.53866733E-001    -0.64666509E-011    -0.64659890E-011
     0.41176000E+002    -0.63938034E-001    -0.58813404E-011    -0.58808489E-011
     0.41184000E+002    -0.72848303E-001    -0.50524623E-011    -0.50514518E-011
     0.41192000E+002    -0.80531341E-001    -0.40344850E-011    -0.40345328E-011
     0.41200000E+002    -0.87011216E-001    -0.28922100E-011    -0.28946055E-011
     0.41208000E+002    -0.92381002E-001    -0.16969467E-011    -0.17009135E-011
     0.41216000E+002    -0.96771331E-001    -0.52550834E-012    -0.53025533E-012
     0.41224000E+002    -0.10031625E+000     0.54546610E-012     0.54119002E-012
     0.41232000E+002    -0.10312198E+000     0.14434188E-011     0.14390618E-011
     0.41240000E+002    -0.10523952E+000     0.21081624E-011     0.21020079E-011
     0.41248000E+002    -0.10664687E+000     0.24984812E-011     0.24909957E-011
     0.41256000E+002    -0.10724284E+000     0.25908151E-011     0.25829790E-011
     0.41264000E+002    -0.10685509E+000     0.23804258E-011     0.23737111E-011
     0.41272000E+002    -0.10526338E+000     0.18805300E-011     0.18754925E-011
     0.41280000E+002    -0.10223145E+000     0.11225815E-011     0.11174858E-011
     0.41288000E+002    -0.97543864E-001     0.15849784E-012     0.15305141E-012
     0.41296000E+002    -0.91043679E-001    -0.94596448E-012    -0.95096514E-012
     0.41304000E+002    -0.82665975E-001    -0.21175785E-011    -0.21209975E-011
     0.41312000E+002    -0.72464468E-001    -0.32812707E-011    -0.32819425E-011
     0.41320000E+002    -0.60624748E-001    -0.43658867E-011    -0.43653190E-011
     0.41328000E+002    -0.47460634E-001    -0.53037887E-011    -0.53033179E-011
     0.41336000E+002    -0.33395477E-001    -0.60357211E-011    -0.60351572E-011
     0.41344000E+002    -0.18930291E-001    -0.65172905E-011    -0.65162781E-011
     0.41352000E+002    -0.46029460E-002    -0.67213131E-011    -0.67186959E-011
     0.41360000E+002     0.90575404E-002    -0.66408834E-011    -0.66375817E-011
     0.41368000E+002     0.21578648E-001    -0.62851134E-011    -0.62831386E-011
     0.41376000E+002     0.32586031E-001    -0.56757326E-011    -0.56752295E-011
     0.41384000E+002     0.41832790E-001    -0.48489421E-011    -0.48497674E-011
     0.41392000E+002     0.49213953E-001    -0.38529368E-011    -0.38539649E-011
     0.41400000E+002     0.54763418E-001    -0.27469075E-011    -0.27479095E-011
     0.41408000E+002     0.58636646E-001    -0.15959199E-011    -0.15987848E-011
     0.41416000E+002     0.61079638E-001    -0.46283964E-012    -0.46786476E-012
     0.41424000E+002     0.62386650E-001     0.59182236E-012     0.58518619E-012
     0.41432000E+002     0.62854571E-001     0.15117581E-011     0.15047325E-011
     0.41440000E+002     0.62739005E-001     0.22463946E-011     0.22403292E-011
     0.41448000E+002     0.62219744E-001     0.27526900E-011     0.27462909E-011
     0.41456000E+002     0.61379387E-001     0.30026195E-011     0.29950470E-011
     0.41464000E+002     0.60195184E-001     0.29836188E-011     0.29754100E-011
     0.41472000E+002     0.58547705E-001     0.26968089E-011     0.26889146E-011
     0.41480000E+002     0.56244153E-001     0.21566034E-011     0.21508484E-011
     0.41488000E+002     0.53053319E-001     0.13879721E-011     0.13837766E-011
     0.41496000E+002     0.48747085E-001     0.43003803E-012     0.42580984E-012
     0.41504000E+002     0.43139892E-001    -0.66378428E-012    -0.66806593E-012
     0.41512000E+002     0.36122887E-001    -0.18314783E-011    -0.18354602E-011
     0.41520000E+002     0.27688487E-001    -0.30057814E-011    -0.30077801E-011
     0.41528000E+002     0.17941510E-001    -0.41206277E-011    -0.41202687E-011
     0.41536000E+002     0.70959362E-002    -0.51126349E-011    -0.51117997E-011
     0.41544000E+002    -0.45437154E-002    -0.59206816E-011    -0.59200507E-011
     0.41552000E+002    -0.16612461E-001    -0.64926479E-011    -0.64924136E-011
     0.41560000E+002    -0.28720689E-001    -0.67897386E-011    -0.67889491E-011
     0.41568000E+002    -0.40491781E-001    -0.67917102E-011    -0.67893229E-011
     0.41576000E+002    -0.51596635E-001    -0.64992599E-011    -0.64969377E-011
     0.41584000E+002    -0.61781071E-001    -0.59292109E-011    -0.59282528E-011
     0.41592000E+002    -0.70882465E-001    -0.51149324E-011    -0.51157432E-011
     0.41600000E+002    -0.78832517E-001    -0.41060483E-011    -0.41082930E-011
     0.41608000E+002    -0.85646582E-001    -0.29664057E-011    -0.29685412E-011
     0.41616000E+002    -0.91402841E-001    -0.17723672E-011    -0.17750656E-011
     0.41624000E+002    -0.96213349E-001    -0.60302074E-012    -0.60761675E-012
     0.41632000E+002    -0.10019189E+000     0.46656955E-012     0.46004014E-012
     0.41640000E+002    -0.10342236E+000     0.13681011E-011     0.13600437E-011
     0.41648000E+002    -0.10593227E+000     0.20444184E-011     0.20368008E-011
     0.41656000E+002    -0.10767781E+000     0.24501971E-011     0.24436139E-011
     0.41664000E+002    -0.10854128E+000     0.25576248E-011     0.25507510E-011
     0.41672000E+002    -0.10834133E+000     0.23619287E-011     0.23545410E-011
     0.41680000E+002    -0.10685527E+000     0.18791693E-011     0.18714480E-011
     0.41688000E+002    -0.10384933E+000     0.11446375E-011     0.11381804E-011
     0.41696000E+002    -0.99116270E-001     0.20743279E-012     0.20361597E-012
     0.41704000E+002    -0.92513533E-001    -0.87306046E-012    -0.87558885E-012
     0.41712000E+002    -0.83995749E-001    -0.20262506E-011    -0.20285242E-011
     0.41720000E+002    -0.73637654E-001    -0.31763766E-011    -0.31788355E-011
     0.41728000E+002    -0.61643165E-001    -0.42485096E-011    -0.42504591E-011
     0.41736000E+002    -0.48341271E-001    -0.51752249E-011    -0.51748542E-011
     0.41744000E+002    -0.34168165E-001    -0.59032052E-011    -0.59013057E-011
     0.41752000E+002    -0.19634837E-001    -0.63913037E-011    -0.63894407E-011
     0.41760000E+002    -0.52844274E-002    -0.66116437E-011    -0.66106568E-011
     0.41768000E+002     0.83556475E-002    -0.65522535E-011    -0.65524004E-011
     0.41776000E+002     0.20819862E-001    -0.62176081E-011    -0.62171245E-011
     0.41784000E+002     0.31743230E-001    -0.56315867E-011    -0.56302337E-011
     0.41792000E+002     0.40889544E-001    -0.48324284E-011    -0.48317910E-011
     0.41800000E+002     0.48165990E-001    -0.38667921E-011    -0.38676912E-011
     0.41808000E+002     0.53620347E-001    -0.27887837E-011    -0.27918806E-011
     0.41816000E+002     0.57421332E-001    -0.16566724E-011    -0.16606313E-011
     0.41824000E+002     0.59824355E-001    -0.53345446E-012    -0.53693160E-012
     0.41832000E+002     0.61128964E-001     0.51646680E-012     0.51237880E-012
     0.41840000E+002     0.61634750E-001     0.14353541E-011     0.14299423E-011
     0.41848000E+002     0.61598697E-001     0.21737723E-011     0.21665214E-011
     0.41856000E+002     0.61200052E-001     0.26929465E-011     0.26847071E-011
     0.41864000E+002     0.60517893E-001     0.29643946E-011     0.29572746E-011
     0.41872000E+002     0.59524370E-001     0.29689285E-011     0.29626230E-011
     0.41880000E+002     0.58096071E-001     0.27026996E-011     0.26964060E-011
     0.41888000E+002     0.56038129E-001     0.21782097E-011     0.21714911E-011
     0.41896000E+002     0.53117468E-001     0.14232960E-011     0.14163436E-011
     0.41904000E+002     0.49102299E-001     0.47930447E-012     0.47430777E-012
     0.41912000E+002     0.43801502E-001    -0.60481982E-012    -0.60743839E-012
     0.41920000E+002     0.37100561E-001    -0.17714213E-011    -0.17728551E-011
     0.41928000E+002     0.28986219E-001    -0.29543626E-011    -0.29554035E-011
     0.41936000E+002     0.19555596E-001    -0.40838460E-011    -0.40852317E-011
     0.41944000E+002     0.90117913E-002    -0.50901032E-011    -0.50903623E-011
     0.41952000E+002    -0.23541457E-002    -0.59120478E-011    -0.59100804E-011
     0.41960000E+002    -0.14190515E-001    -0.65007494E-011    -0.64978600E-011
     0.41968000E+002    -0.26119274E-001    -0.68185637E-011    -0.68159151E-011
     0.41976000E+002    -0.37774650E-001    -0.68430149E-011    -0.68418924E-011
     0.41984000E+002    -0.48837568E-001    -0.65681792E-011    -0.65680633E-011
     0.41992000E+002    -0.59061813E-001    -0.60086638E-011    -0.60077738E-011
     0.42000000E+002    -0.68287971E-001    -0.52014735E-011    -0.52004014E-011
     0.42008000E+002    -0.76444495E-001    -0.41991895E-011    -0.41990507E-011
     0.42016000E+002    -0.83538540E-001    -0.30662206E-011    -0.30682213E-011
     0.42024000E+002    -0.89636029E-001    -0.18742667E-011    -0.18786866E-011
     0.42032000E+002    -0.94832999E-001    -0.69858060E-012    -0.70336478E-012
     0.42040000E+002    -0.99223692E-001     0.38285217E-012     0.37824842E-012
     0.42048000E+002    -0.10287005E+000     0.12978724E-011     0.12927225E-011
     0.42056000E+002    -0.10577899E+000     0.19871783E-011     0.19807968E-011
     0.42064000E+002    -0.10789025E+000     0.24079853E-011     0.23997409E-011
     0.42072000E+002    -0.10907416E+000     0.25373369E-011     0.25290728E-011
     0.42080000E+002    -0.10914196E+000     0.23688844E-011     0.23621631E-011
     0.42088000E+002    -0.10786817E+000     0.19138195E-011     0.19082528E-011
     0.42096000E+002    -0.10502204E+000     0.12034569E-011     0.11985794E-011
     0.42104000E+002    -0.10040529E+000     0.28640344E-012     0.28124311E-012
     0.42112000E+002    -0.93887200E-001    -0.77371316E-012    -0.77828019E-012
     0.42120000E+002    -0.85434346E-001    -0.19062698E-011    -0.19084333E-011
     0.42128000E+002    -0.75132425E-001    -0.30405390E-011    -0.30407130E-011
     0.42136000E+002    -0.63195252E-001    -0.41062773E-011    -0.41053346E-011
     0.42144000E+002    -0.49960560E-001    -0.50380605E-011    -0.50374376E-011
     0.42152000E+002    -0.35869368E-001    -0.57780498E-011    -0.57781347E-011
     0.42160000E+002    -0.21431395E-001    -0.62808885E-011    -0.62799135E-011
     0.42168000E+002    -0.71834993E-002    -0.65202977E-011    -0.65182087E-011
     0.42176000E+002     0.63564271E-002    -0.64866534E-011    -0.64844268E-011
     0.42184000E+002     0.18733634E-001    -0.61853867E-011    -0.61843335E-011
     0.42192000E+002     0.29595141E-001    -0.56354653E-011    -0.56368069E-011
     0.42200000E+002     0.38718068E-001    -0.48672278E-011    -0.48694062E-011
     0.42208000E+002     0.46021091E-001    -0.39255513E-011    -0.39274424E-011
     0.42216000E+002     0.51559270E-001    -0.28661023E-011    -0.28682798E-011
     0.42224000E+002     0.55503278E-001    -0.17491724E-011    -0.17524203E-011
     0.42232000E+002     0.58106081E-001    -0.63656486E-012    -0.64235654E-012
     0.42240000E+002     0.59662402E-001     0.41342699E-012     0.40595891E-012
     0.42248000E+002     0.60463857E-001     0.13446394E-011     0.13375064E-011
     0.42256000E+002     0.60756533E-001     0.21037627E-011     0.20971116E-011
     0.42264000E+002     0.60707712E-001     0.26467413E-011     0.26403397E-011
     0.42272000E+002     0.60385329E-001     0.29411891E-011     0.29338026E-011
     0.42280000E+002     0.59753014E-001     0.29702904E-011     0.29618530E-011
     0.42288000E+002     0.58680105E-001     0.27319227E-011     0.27245706E-011
     0.42296000E+002     0.56964686E-001     0.22347723E-011     0.22291672E-011
     0.42304000E+002     0.54367964E-001     0.15013609E-011     0.14974095E-011
     0.42312000E+002     0.50654424E-001     0.56825497E-012     0.56498429E-012
     0.42320000E+002     0.45631269E-001    -0.51395385E-012    -0.51761458E-012
     0.42328000E+002     0.39182221E-001    -0.16825623E-011    -0.16850891E-011
     0.42336000E+002     0.31290168E-001    -0.28712576E-011    -0.28717402E-011
     0.42344000E+002     0.22047289E-001    -0.40125170E-011    -0.40113203E-011
     0.42352000E+002     0.11651787E-001    -0.50394727E-011    -0.50374550E-011
     0.42360000E+002     0.38987918E-003    -0.58895885E-011    -0.58885425E-011
     0.42368000E+002    -0.11392636E-001    -0.65066435E-011    -0.65060020E-011
     0.42376000E+002    -0.23325755E-001    -0.68493439E-011    -0.68477906E-011
     0.42384000E+002    -0.35051717E-001    -0.68959389E-011    -0.68937833E-011
     0.42392000E+002    -0.46256216E-001    -0.66431222E-011    -0.66410228E-011
     0.42400000E+002    -0.56693500E-001    -0.61066081E-011    -0.61064352E-011
     0.42408000E+002    -0.66200597E-001    -0.53177335E-011    -0.53198487E-011
     0.42416000E+002    -0.74699435E-001    -0.43241546E-011    -0.43267689E-011
     0.42424000E+002    -0.82186984E-001    -0.31907862E-011    -0.31934265E-011
     0.42432000E+002    -0.88713527E-001    -0.19926301E-011    -0.19954051E-011
     0.42440000E+002    -0.94355435E-001    -0.80905655E-012    -0.81325805E-012
     0.42448000E+002    -0.99186151E-001     0.28389968E-012     0.27714363E-012
     0.42456000E+002    -0.10324849E+000     0.12188633E-011     0.12112247E-011
     0.42464000E+002    -0.10653301E+000     0.19363545E-011     0.19291219E-011
     0.42472000E+002    -0.10896486E+000     0.23899309E-011     0.23834907E-011
     0.42480000E+002    -0.11040298E+000     0.25507047E-011     0.25445552E-011
     0.42488000E+002    -0.11065307E+000     0.24104028E-011     0.24029711E-011
     0.42496000E+002    -0.10949087E+000     0.19840035E-011     0.19761608E-011
     0.42504000E+002    -0.10669272E+000     0.13036426E-011     0.12970433E-011
     0.42512000E+002    -0.10207026E+000     0.41494117E-012     0.41017591E-012
     0.42520000E+002    -0.95504902E-001    -0.62415237E-012    -0.62699712E-012
     0.42528000E+002    -0.86978496E-001    -0.17470275E-011    -0.17495739E-011
     0.42536000E+002    -0.76593764E-001    -0.28796805E-011    -0.28821871E-011
     0.42544000E+002    -0.64580170E-001    -0.39485162E-011    -0.39495409E-011
     0.42552000E+002    -0.51285915E-001    -0.48884903E-011    -0.48876819E-011
     0.42560000E+002    -0.37156556E-001    -0.56447067E-011    -0.56420414E-011
     0.42568000E+002    -0.22702528E-001    -0.61753009E-011    -0.61723977E-011
     0.42576000E+002    -0.84582941E-002    -0.64503807E-011    -0.64487339E-011
     0.42584000E+002     0.50647185E-002    -0.64534333E-011    -0.64520527E-011
     0.42592000E+002     0.17422738E-001    -0.61866919E-011    -0.61851532E-011
     0.42600000E+002     0.28276035E-001    -0.56689121E-011    -0.56671948E-011
     0.42608000E+002     0.37413090E-001    -0.49331199E-011    -0.49321767E-011
     0.42616000E+002     0.44759790E-001    -0.40225446E-011    -0.40243025E-011
     0.42624000E+002     0.50375210E-001    -0.29857121E-011    -0.29894322E-011
     0.42632000E+002     0.54431935E-001    -0.18789725E-011    -0.18833370E-011
     0.42640000E+002     0.57182140E-001    -0.76427886E-012    -0.76872653E-012
     0.42648000E+002     0.58915758E-001     0.29550593E-012     0.29105712E-012
     0.42656000E+002     0.59915605E-001     0.12402769E-011     0.12341049E-011
     0.42664000E+002     0.60417720E-001     0.20194521E-011     0.20115578E-011
     0.42672000E+002     0.60580485E-001     0.25911338E-011     0.25832487E-011
     0.42680000E+002     0.60464222E-001     0.29211482E-011     0.29142033E-011
     0.42688000E+002     0.60026080E-001     0.29868745E-011     0.29815522E-011
     0.42696000E+002     0.59130198E-001     0.27786644E-011     0.27736283E-011
     0.42704000E+002     0.57572582E-001     0.23045876E-011     0.22987428E-011
     0.42712000E+002     0.55116528E-001     0.15899370E-011     0.15845959E-011
     0.42720000E+002     0.51530960E-001     0.67160022E-012     0.66770001E-012
     0.42728000E+002     0.46628014E-001    -0.40223135E-012    -0.40387269E-012
     0.42736000E+002     0.40295455E-001    -0.15743796E-011    -0.15744888E-011
     0.42744000E+002     0.32519321E-001    -0.27789492E-011    -0.27794640E-011
     0.42752000E+002     0.23394066E-001    -0.39427058E-011    -0.39431783E-011
     0.42760000E+002     0.13117186E-001    -0.49944388E-011    -0.49940641E-011
     0.42768000E+002     0.19699731E-002    -0.58698204E-011    -0.58680475E-011
     0.42776000E+002    -0.97101393E-002    -0.65152270E-011    -0.65121767E-011
     0.42784000E+002    -0.21562623E-001    -0.68906991E-011    -0.68885522E-011
     0.42792000E+002    -0.33237930E-001    -0.69689925E-011    -0.69682653E-011
     0.42800000E+002    -0.44428737E-001    -0.67414082E-011    -0.67412725E-011
     0.42808000E+002    -0.54895546E-001    -0.62212463E-011    -0.62212902E-011
     0.42816000E+002    -0.64479530E-001    -0.54420932E-011    -0.54418924E-011
     0.42824000E+002    -0.73102681E-001    -0.44561050E-011    -0.44573222E-011
     0.42832000E+002    -0.80757033E-001    -0.33263667E-011    -0.33301792E-011
     0.42840000E+002    -0.87484302E-001    -0.21235235E-011    -0.21288988E-011
     0.42848000E+002    -0.93351277E-001    -0.92508351E-012    -0.93120995E-012
     0.42856000E+002    -0.98421123E-001     0.19093724E-012     0.18507926E-012
     0.42864000E+002    -0.10272500E+000     0.11507531E-011     0.11445614E-011
     0.42872000E+002    -0.10624139E+000     0.18928822E-011     0.18848503E-011
     0.42880000E+002    -0.10888485E+000     0.23741122E-011     0.23651232E-011
     0.42888000E+002    -0.11050809E+000     0.25675670E-011     0.25588636E-011
     0.42896000E+002    -0.11091507E+000     0.24641109E-011     0.24569622E-011
     0.42904000E+002    -0.10988260E+000     0.20724713E-011     0.20671397E-011
     0.42912000E+002    -0.10719113E+000     0.14197260E-011     0.14143797E-011
     0.42920000E+002    -0.10265951E+000     0.55311449E-012     0.54761724E-012
     0.42928000E+002    -0.96179205E-001    -0.46703236E-012    -0.47166881E-012
     0.42936000E+002    -0.87742776E-001    -0.15734603E-011    -0.15762747E-011
     0.42944000E+002    -0.77460637E-001    -0.26963126E-011    -0.26965497E-011
     0.42952000E+002    -0.65566631E-001    -0.37679603E-011    -0.37673845E-011
     0.42960000E+002    -0.52410526E-001    -0.47225246E-011    -0.47224063E-011
     0.42968000E+002    -0.38436505E-001    -0.55009901E-011    -0.55007693E-011
     0.42976000E+002    -0.24150129E-001    -0.60578594E-011    -0.60569873E-011
     0.42984000E+002    -0.10076133E-001    -0.63627775E-011    -0.63602239E-011
     0.42992000E+002     0.32864241E-002    -0.64030040E-011    -0.63998243E-011
     0.43000000E+002     0.15505601E-001    -0.61796562E-011    -0.61778536E-011
     0.43008000E+002     0.26251992E-001    -0.57053019E-011    -0.57047581E-011
