     0.00000000E+000     0.45792275E-006    -0.66236966E-012     0.10705404E-002     0.68375384E-018    -0.30287421E-011     0.45797796E-023
     0.75961108E-002     0.23096188E-006     0.12619122E-006     0.10707833E-002     0.22311070E-006    -0.14070177E-011    -0.10348625E-011
     0.15192222E-001     0.17487765E-006     0.22572946E-006     0.10715140E-002     0.44801970E-006    -0.95945205E-012    -0.66237593E-012
     0.22788332E-001     0.13058993E-006     0.20759778E-006     0.10727376E-002     0.67674924E-006    -0.84905020E-012    -0.46677813E-012
     0.30384443E-001     0.13819039E-007     0.22869882E-006     0.10744635E-002     0.91117261E-006    -0.80922102E-012    -0.35615939E-012
     0.37980554E-001    -0.75458946E-008     0.20590895E-006     0.10767048E-002     0.11536434E-005    -0.79400460E-012    -0.28226413E-012
     0.45576665E-001    -0.11554784E-006     0.32476180E-006     0.10794794E-002     0.14066632E-005    -0.79645917E-012    -0.22080669E-012
     0.53172776E-001    -0.63082382E-006    -0.51416159E-008     0.10828100E-002     0.16731007E-005    -0.85388773E-012    -0.15900193E-012
     0.60768886E-001     0.31858222E-007    -0.52361199E-006     0.10867257E-002     0.19565825E-005    -0.92123443E-012    -0.31012723E-012
     0.68364997E-001     0.25611375E-006    -0.43697708E-007     0.10912621E-002     0.22613853E-005    -0.79885711E-012    -0.29884224E-012
     0.75961108E-001     0.20233967E-006     0.16376970E-006     0.10964642E-002     0.25925695E-005    -0.77321181E-012    -0.26294773E-012
     0.83557219E-001    -0.19146773E-007     0.14078141E-006     0.11023872E-002     0.29568719E-005    -0.76496475E-012    -0.24272808E-012
     0.91153329E-001    -0.30275358E-007     0.75653539E-007     0.11091003E-002     0.33629192E-005    -0.76115759E-012    -0.23069691E-012
     0.98749440E-001    -0.17794521E-007     0.76151611E-007     0.11166897E-002     0.38220297E-005    -0.75892581E-012    -0.22361639E-012
     0.10634555E+000    -0.25806677E-007     0.10542805E-006     0.11252648E-002     0.43492886E-005    -0.75723314E-012    -0.22017870E-012
     0.11394166E+000    -0.10713855E-006     0.20945879E-006     0.11349663E-002     0.49652996E-005    -0.75530053E-012    -0.22014400E-012
     0.12153777E+000    -0.55379502E-006     0.12739779E-006     0.11459767E-002     0.56995676E-005    -0.75152585E-012    -0.22445192E-012
     0.12913388E+000    -0.29971654E-006    -0.57278337E-006     0.11585390E-002     0.65940747E-005    -0.73866274E-012    -0.23610420E-012
     0.13672999E+000     0.25146747E-006    -0.30852651E-006     0.11729825E-002     0.77115968E-005    -0.67760082E-012    -0.22390271E-012
     0.14432610E+000     0.24379685E-006    -0.16307668E-006     0.11897667E-002     0.91488228E-005    -0.72481201E-012    -0.15557070E-012
     0.15192222E+000     0.10092932E-006    -0.36848840E-007     0.12095532E-002     0.11061345E-004    -0.74943933E-012    -0.17238539E-012
     0.15951833E+000     0.90839711E-007    -0.12145333E-006     0.12333317E-002     0.13712057E-004    -0.75466183E-012    -0.18266415E-012
     0.16711444E+000     0.26955842E-006    -0.17523713E-006     0.12626540E-002     0.17573476E-004    -0.75598973E-012    -0.18916817E-012
     0.17471055E+000     0.25650314E-006     0.76880835E-007     0.13000988E-002     0.23563477E-004    -0.75558211E-012    -0.19387586E-012
     0.18230666E+000     0.15822979E-006     0.13043271E-006     0.13502801E-002     0.33655561E-004    -0.75351671E-012    -0.19732624E-012
     0.18990277E+000     0.70433248E-007     0.15084427E-006     0.14222756E-002     0.52723261E-004    -0.74871317E-012    -0.19900758E-012
     0.19749888E+000     0.37094730E-009     0.25055914E-007     0.15362548E-002     0.95474965E-004    -0.73810035E-012    -0.19594498E-012
     0.20509499E+000     0.12068154E-006     0.61866603E-007     0.17425775E-002     0.22254266E-003    -0.71367397E-012    -0.17258877E-012
     0.21269110E+000     0.55305169E-007     0.86490642E-007     0.20763806E-002     0.82739028E-003    -0.71757557E-012    -0.10415735E-013
     0.22028721E+000     0.11567471E-007    -0.22088104E-007     0.46629567E-003     0.15299452E-002    -0.10170201E-011    -0.37254763E-012
     0.22788332E+000     0.33125792E-006     0.21291808E-007     0.44173424E-003     0.37669112E-003    -0.78286179E-012    -0.26945981E-012
     0.23547943E+000     0.93416208E-007     0.23636415E-006     0.70545695E-003     0.14688965E-003    -0.79090057E-012    -0.24309290E-012
     0.24307555E+000     0.29073176E-007     0.17204196E-006     0.84950299E-003     0.79921471E-004    -0.79600365E-012    -0.24243881E-012
     0.25067166E+000     0.19285655E-007     0.11242207E-006     0.93980911E-003     0.52475480E-004    -0.79897867E-012    -0.24599661E-012
     0.25826777E+000     0.70414373E-007     0.14715108E-006     0.10043507E-002     0.38864625E-004    -0.80137228E-012    -0.25056917E-012
     0.26586388E+000     0.16863086E-007     0.16230921E-006     0.10552228E-002     0.31321967E-004    -0.80377885E-012    -0.25562429E-012
     0.27345999E+000     0.27864251E-008     0.15535247E-006     0.10983844E-002     0.26879182E-004    -0.80618990E-012    -0.26099927E-012
     0.28105610E+000    -0.50363268E-008     0.15902764E-006     0.11371254E-002     0.24211818E-004    -0.80865852E-012    -0.26642686E-012
     0.28865221E+000    -0.97552521E-008     0.17473602E-006     0.11734504E-002     0.22663025E-004    -0.81129113E-012    -0.27195332E-012
     0.29624832E+000    -0.32987526E-007     0.22454133E-006     0.12086979E-002     0.21884021E-004    -0.81406896E-012    -0.27758555E-012
     0.30384443E+000    -0.13870375E-006     0.28385034E-006     0.12438480E-002     0.21684002E-004    -0.81693830E-012    -0.28328579E-012
     0.31144054E+000    -0.36656991E-006     0.14313982E-006     0.12796908E-002     0.21961690E-004    -0.81993169E-012    -0.28902691E-012
     0.31903665E+000    -0.28890953E-006    -0.90906617E-007     0.13169283E-002     0.22672959E-004    -0.82302873E-012    -0.29481807E-012
     0.32663276E+000    -0.12165678E-007    -0.19015429E-006     0.13562473E-002     0.23816050E-004    -0.82619030E-012    -0.30063778E-012
     0.33422887E+000     0.82714984E-007     0.73162880E-007     0.13983787E-002     0.25427088E-004    -0.82939727E-012    -0.30644939E-012
     0.34182499E+000    -0.28778950E-007     0.13785184E-006     0.14441592E-002     0.27583435E-004    -0.83260363E-012    -0.31225542E-012
     0.34942110E+000    -0.15745656E-006     0.16907219E-006     0.14946057E-002     0.30415424E-004    -0.83570039E-012    -0.31800585E-012
     0.35701721E+000    -0.15024971E-006     0.46773700E-007     0.15510178E-002     0.34129892E-004    -0.83861356E-012    -0.32361643E-012
     0.36461332E+000    -0.22157868E-006     0.20224846E-006     0.16151325E-002     0.39053745E-004    -0.84117149E-012    -0.32901115E-012
     0.37220943E+000    -0.77046983E-006    -0.39093405E-006     0.16893742E-002     0.45715709E-004    -0.84309762E-012    -0.33405206E-012
     0.37980554E+000     0.90172548E-007    -0.56775671E-006     0.17772841E-002     0.55006348E-004    -0.84391538E-012    -0.33848541E-012
     0.38740165E+000     0.20807668E-006    -0.24114349E-006     0.18843040E-002     0.68512767E-004    -0.84277586E-012    -0.34184104E-012
     0.39499776E+000     0.37465696E-006    -0.21473026E-009     0.20193161E-002     0.89282082E-004    -0.83801465E-012    -0.34313720E-012
     0.40259387E+000     0.10485933E-006     0.30127287E-006     0.21979385E-002     0.12377107E-003    -0.82614803E-012    -0.34000476E-012
     0.41018998E+000    -0.97872521E-007     0.90971753E-008     0.24503628E-002     0.18763316E-003    -0.79896346E-012    -0.32570450E-012
     0.41778609E+000    -0.14648230E-007    -0.92745299E-008     0.28424505E-002     0.32692396E-003    -0.73461964E-012    -0.27567644E-012
     0.42538220E+000    -0.16207177E-008    -0.26714664E-008     0.35370471E-002     0.72429127E-003    -0.57410574E-012    -0.61765853E-013
     0.43297831E+000     0.54273830E-008     0.64562943E-008     0.47475467E-002     0.25175413E-002    -0.64877086E-012     0.13407428E-011
     0.44057443E+000     0.13802944E-007     0.95328058E-008    -0.18968090E-003     0.59968723E-002    -0.44919129E-011    -0.32522453E-011
     0.44817054E+000    -0.24053613E-007     0.17113851E-007    -0.10181092E-002     0.15246583E-002    -0.14935737E-012    -0.14139302E-011
     0.45576665E+000     0.11476952E-007     0.31699216E-007     0.12104357E-005     0.59096370E-003    -0.45817971E-012    -0.66101875E-012
     0.46336276E+000    -0.61907445E-007     0.46985755E-007     0.58283867E-003     0.33860700E-003    -0.62270925E-012    -0.50606912E-012
     0.47095887E+000    -0.44210730E-007    -0.59285652E-007     0.97652191E-003     0.24805779E-003    -0.69507270E-012    -0.45334506E-012
     0.47855498E+000     0.14774529E-007    -0.54473465E-007     0.12990397E-002     0.21894931E-003    -0.72427834E-012    -0.42562936E-012
     0.48615109E+000     0.53851590E-007    -0.17072472E-007     0.16124188E-002     0.22797170E-003    -0.72615736E-012    -0.40308823E-012
     0.49374720E+000     0.90755612E-007    -0.79989527E-008     0.19704344E-002     0.28138002E-003    -0.70285991E-012    -0.37768275E-012
     0.50134331E+000     0.25516157E-007     0.68606023E-007     0.24549764E-002     0.42849253E-003    -0.64788839E-012    -0.34684809E-012
     0.50893942E+000     0.57920174E-007     0.16578871E-007     0.32432347E-002     0.90220120E-003    -0.53746112E-012    -0.34062657E-012
     0.51653553E+000     0.29716905E-006     0.89527230E-007     0.41434965E-002     0.32672734E-002     0.16867998E-012    -0.62119133E-012
     0.52413164E+000    -0.17377827E-006     0.70796468E-006    -0.65002968E-003     0.35519335E-002    -0.87575469E-013     0.18215141E-011
     0.53172776E+000    -0.52961666E-006    -0.12229939E-006     0.33338932E-003     0.11901824E-002     0.35402802E-012     0.16955586E-011
     0.53932387E+000    -0.14489962E-006    -0.14364078E-006     0.16318997E-002     0.12004262E-002     0.23748535E-011     0.62283901E-011
     0.54691998E+000    -0.10845857E-006    -0.40682469E-007     0.22746738E-002     0.36154208E-002    -0.21941604E-010     0.28689637E-010
     0.55451609E+000    -0.15660045E-006    -0.14499624E-006    -0.17218423E-002     0.24682712E-002    -0.67870360E-012    -0.28583137E-010
     0.56211220E+000    -0.48734036E-007    -0.15225537E-006    -0.76382044E-003     0.71856694E-003     0.47386474E-011    -0.63744335E-011
     0.56970831E+000     0.32149747E-007    -0.20998331E-007    -0.76956049E-004     0.35345082E-003     0.21326753E-011    -0.27062335E-011
     0.57730442E+000    -0.56981272E-007    -0.46646338E-007     0.35352653E-003     0.23202461E-003     0.93356308E-012    -0.17671780E-011
     0.58490053E+000    -0.21251943E-007    -0.56756726E-007     0.67035508E-003     0.18047580E-003     0.33551629E-012    -0.14300783E-011
     0.59249664E+000    -0.10723114E-007    -0.45573516E-007     0.93400008E-003     0.15732351E-003     0.50029791E-013    -0.12698758E-011
     0.60009275E+000    -0.77132538E-008    -0.34861153E-007     0.11745370E-002     0.14918493E-003    -0.21612346E-012    -0.10825968E-011
     0.60768886E+000    -0.60560683E-008    -0.26328680E-007     0.14104803E-002     0.15123710E-003    -0.41576034E-012    -0.10581503E-011
     0.61528497E+000     0.11976563E-008    -0.14909150E-007     0.16562491E-002     0.16222855E-003    -0.54311596E-012    -0.10474696E-011
     0.62288108E+000     0.39848519E-009     0.22883028E-007     0.19261124E-002     0.18316179E-003    -0.63965506E-012    -0.10434353E-011
     0.63047720E+000    -0.71252113E-007     0.70587790E-007     0.22374642E-002     0.21746647E-003    -0.71811405E-012    -0.10444306E-011
     0.63807331E+000    -0.12255825E-006    -0.17975160E-007     0.26152436E-002     0.27263055E-003    -0.78471342E-012    -0.10484241E-011
     0.64566942E+000    -0.12462840E-006    -0.72142273E-008     0.31002166E-002     0.36509218E-003    -0.84348793E-012    -0.10529471E-011
     0.65326553E+000    -0.39797969E-006    -0.14925887E-006     0.37679384E-002     0.53634269E-003    -0.90027551E-012    -0.10533228E-011
     0.66086164E+000     0.13618542E-007    -0.28878498E-006     0.47760021E-002     0.92566542E-003    -0.99795377E-012    -0.10185584E-011
     0.66845775E+000     0.68825686E-007    -0.29514758E-006     0.62489969E-002     0.22569119E-002    -0.25912001E-011    -0.12591620E-011
     0.67605386E+000     0.42247510E-006    -0.20816424E-006     0.68725662E-002     0.39011322E-002     0.10951420E-010    -0.37025493E-011
     0.68364997E+000     0.80752213E-007     0.22662570E-006     0.70940974E-002     0.10068135E-001    -0.12321178E-010     0.20379119E-010
     0.69124608E+000    -0.71743482E-007    -0.41976374E-007     0.48759370E-002     0.11656321E-001    -0.13128746E-010    -0.22508512E-011
     0.69884219E+000     0.20050581E-008    -0.46806519E-007    -0.92927689E-002     0.12576720E-001    -0.32245916E-012    -0.18955288E-010
     0.70643830E+000     0.38424865E-009    -0.62854470E-007    -0.70879062E-002     0.33126493E-002     0.41169030E-011    -0.51434335E-011
     0.71403441E+000     0.73379044E-008    -0.75602869E-007    -0.43766953E-002     0.14556868E-002     0.19388523E-011    -0.26098806E-011
     0.72163052E+000     0.17284776E-007    -0.94641672E-007    -0.27565619E-002     0.92026000E-003     0.83108066E-012    -0.20324986E-011
     0.72922664E+000     0.35201382E-007    -0.10285061E-006    -0.15245658E-002     0.81360076E-003     0.15978934E-012    -0.19210165E-011
     0.73682275E+000     0.24280544E-007    -0.16240442E-006    -0.23652586E-003     0.11520787E-002    -0.38071561E-012    -0.21020586E-011
     0.74441886E+000     0.20232792E-006    -0.30566650E-006     0.12442661E-002     0.33631868E-002    -0.37606363E-012    -0.32626036E-011
     0.75201497E+000     0.54467572E-006     0.13909502E-006    -0.38558911E-002     0.54694693E-002    -0.59990540E-011     0.58129083E-012
     0.75961108E+000     0.14559522E-006     0.23419130E-006    -0.41004186E-002     0.15336257E-002     0.26905774E-011    -0.43674680E-011
     0.76720719E+000     0.89517477E-007     0.17707098E-006    -0.29687274E-002     0.63012768E-003     0.16757304E-011    -0.20190025E-011
     0.77480330E+000     0.29370590E-007     0.16599276E-006    -0.23079422E-002     0.36546977E-003     0.99782267E-012    -0.16809184E-011
     0.78239941E+000    -0.71358537E-008     0.14010732E-006    -0.18732536E-002     0.25268600E-003     0.64952383E-012    -0.16324292E-011
     0.78999552E+000     0.24272394E-007     0.56985789E-007    -0.15536376E-002     0.19382801E-003     0.44459674E-012    -0.16524567E-011
     0.79759163E+000     0.22746853E-006     0.31735770E-006    -0.12992191E-002     0.15972776E-003     0.31308505E-012    -0.16961153E-011
     0.80518774E+000    -0.41764802E-006     0.58840038E-006    -0.10836479E-002     0.13952695E-003     0.22599738E-012    -0.17505077E-011
     0.81278385E+000    -0.56476650E-006    -0.37127960E-006    -0.89022100E-003     0.12910992E-003     0.17107076E-012    -0.18100520E-011
     0.82037996E+000    -0.51450040E-007    -0.37291929E-006    -0.70529350E-003     0.12860707E-003     0.14635897E-012    -0.18680214E-011
     0.82797608E+000     0.91974287E-007    -0.11084813E-006    -0.51278068E-003     0.14697637E-003     0.16200955E-012    -0.18967260E-011
     0.83557219E+000     0.15167895E-007    -0.78938876E-007    -0.30885140E-003     0.24729584E-003     0.12368098E-012    -0.17045496E-011
     0.84316830E+000     0.10492182E-007    -0.89536461E-007    -0.31642267E-003     0.28514014E-003    -0.24926269E-012    -0.21222720E-011
     0.85076441E+000     0.25753705E-007    -0.94903196E-007    -0.47432721E-004     0.23332278E-003    -0.13894812E-012    -0.22660069E-011
     0.85836052E+000    -0.56433792E-007    -0.19322802E-006     0.33826435E-003     0.35458630E-003    -0.13950089E-012    -0.24617478E-011
     0.86595663E+000     0.53773465E-006    -0.92435051E-007     0.94391108E-003     0.90359698E-003    -0.13986860E-012    -0.30459513E-011
     0.87355274E+000     0.11112094E-006     0.23197702E-006     0.12736073E-003     0.25807694E-002     0.41192528E-011    -0.42697090E-011
     0.88114885E+000    -0.85607608E-008     0.80903224E-007    -0.11793569E-002     0.26535201E-002    -0.77008414E-011     0.33173060E-011
     0.88874496E+000     0.10769557E-007     0.44690648E-007    -0.19040648E-002     0.86461061E-003     0.24116137E-012    -0.42485211E-011
     0.89634107E+000     0.21741311E-007     0.41385644E-007    -0.13250146E-002     0.33395935E-003     0.14181008E-012    -0.29478095E-011
     0.90393718E+000     0.17033677E-007     0.59518169E-007    -0.98250191E-003     0.19250580E-003    -0.48283483E-013    -0.29482214E-011
     0.91153329E+000    -0.43432211E-007     0.49925846E-007    -0.75564469E-003     0.13712953E-003    -0.12034775E-012    -0.31081277E-011
     0.91912941E+000    -0.15364238E-007    -0.25104865E-007    -0.58351828E-003     0.11110611E-003    -0.15463069E-012    -0.33079634E-011
     0.92672552E+000     0.20648575E-007    -0.35561429E-007    -0.43911800E-003     0.98383946E-004    -0.18078294E-012    -0.35327354E-011
     0.93432163E+000     0.91918576E-007    -0.35700366E-007    -0.30815629E-003     0.93282078E-004    -0.21376494E-012    -0.37837270E-011
     0.94191774E+000     0.20189877E-006     0.10034941E-006    -0.18131660E-003     0.93768606E-004    -0.26636917E-012    -0.40666818E-011
     0.94951385E+000     0.19961335E-007     0.24591801E-006    -0.50823988E-004     0.99635231E-004    -0.35484000E-012    -0.43902839E-011
     0.95710996E+000    -0.21622011E-006     0.21778610E-006     0.91777433E-004     0.11222664E-003    -0.50363332E-012    -0.47669881E-011
     0.96470607E+000    -0.17772240E-006    -0.60460855E-007     0.25811000E-003     0.13519952E-003    -0.75085185E-012    -0.52125996E-011
     0.97230218E+000    -0.58533681E-007    -0.89740443E-007     0.46763307E-003     0.17738063E-003    -0.11637572E-011    -0.57453518E-011
     0.97989829E+000    -0.16295574E-007    -0.55633383E-007     0.75819448E-003     0.26229510E-003    -0.18431762E-011    -0.63550929E-011
     0.98749440E+000    -0.47084177E-008    -0.39495379E-007     0.12158585E-002     0.46774912E-003    -0.29430076E-011    -0.67170771E-011
     0.99509051E+000     0.24518015E-008    -0.31777807E-007     0.20423892E-002     0.11664733E-002    -0.57483668E-011    -0.31459417E-011
     0.10026866E+001     0.94870503E-008    -0.17685397E-007     0.20262123E-002     0.46662696E-002    -0.76789711E-010     0.20261468E-011
     0.10102827E+001     0.56779709E-008    -0.11177507E-007    -0.28624516E-002     0.25760227E-002     0.60227274E-010    -0.95392992E-010
     0.10178788E+001    -0.19900759E-007    -0.12048629E-007    -0.17937895E-002     0.72678121E-003     0.56878042E-010    -0.27238270E-010
     0.10254750E+001     0.18059942E-007    -0.58088767E-007    -0.10923875E-002     0.35024183E-003     0.48978165E-010    -0.15583571E-010
     0.10330711E+001     0.45751131E-007    -0.43214623E-009    -0.64799952E-003     0.23930032E-003     0.50505583E-010    -0.12223164E-010
     0.10406672E+001     0.26929187E-007     0.66037600E-008    -0.29248102E-003     0.21374496E-003     0.59732886E-010    -0.98725746E-011
     0.10482633E+001     0.10577132E-007     0.79471554E-008     0.62759608E-004     0.24247520E-003     0.79826168E-010    -0.48588705E-011
     0.10558594E+001     0.71188826E-008    -0.58314783E-009     0.50309312E-003     0.34999174E-003     0.12193749E-009     0.11961690E-010
     0.10634555E+001     0.14070317E-007    -0.10053097E-007     0.11827078E-002     0.67657648E-003     0.21867416E-009     0.85503295E-010
     0.10710516E+001     0.36007914E-007     0.88930701E-008     0.23754488E-002     0.20543559E-002     0.36294863E-009     0.56932123E-009
     0.10786477E+001     0.12155820E-007     0.16586445E-007    -0.96652464E-003     0.67057662E-002    -0.20287501E-008    -0.11759418E-009
     0.10862438E+001     0.10120321E-007     0.86117155E-008    -0.35616431E-002     0.18845526E-002     0.27561061E-009    -0.44227364E-009
     0.10938400E+001     0.12756242E-007     0.11317903E-007    -0.24363687E-002     0.63574839E-003     0.15110406E-009    -0.55867367E-010
     0.11014361E+001     0.14079515E-007     0.10350752E-007    -0.18282243E-002     0.31713435E-003     0.74920608E-010     0.14448885E-011
     0.11090322E+001     0.35997820E-007     0.15142864E-007    -0.14701344E-002     0.19535087E-003     0.42108519E-010     0.13392968E-010
     0.11166283E+001     0.22281336E-007     0.57526008E-007    -0.12306765E-002     0.13686790E-003     0.25960262E-010     0.15970113E-010
     0.11242244E+001    -0.92127177E-007     0.77919499E-007    -0.10548671E-002     0.10471729E-003     0.17065155E-010     0.16127437E-010
     0.11318205E+001    -0.89060362E-007     0.12356482E-007    -0.91644609E-003     0.85563463E-004     0.11754434E-010     0.15643566E-010
     0.11394166E+001    -0.49118371E-007    -0.76769217E-007    -0.80124363E-003     0.73704908E-004     0.84088077E-011     0.15056162E-010
     0.11470127E+001    -0.14092756E-008    -0.59313479E-007    -0.70075262E-003     0.66427476E-004     0.62416814E-011     0.14544677E-010
     0.11546088E+001     0.94846116E-008    -0.49732491E-007    -0.60930339E-003     0.62378670E-004     0.48466265E-011     0.14174681E-010
     0.11622050E+001     0.13491266E-007    -0.54265161E-007    -0.52264558E-003     0.60934670E-004     0.40107604E-011     0.13976832E-010
     0.11698011E+001     0.30513615E-007    -0.75161794E-007    -0.43709829E-003     0.61970605E-004     0.36324039E-011     0.13976109E-010
     0.11773972E+001     0.87202789E-007    -0.10860315E-006    -0.34885874E-003     0.65888462E-004     0.36833918E-011     0.14202923E-010
     0.11849933E+001     0.35168686E-006    -0.48182728E-007    -0.25310830E-003     0.74103575E-004     0.41868686E-011     0.14683856E-010
     0.11925894E+001    -0.44971589E-007     0.25102117E-006    -0.14236819E-003     0.91765968E-004     0.51800467E-011     0.15311434E-010
     0.12001855E+001    -0.24515547E-007     0.93030960E-007    -0.15707114E-004     0.14802488E-003     0.71591568E-011     0.14495459E-010
     0.12077816E+001    -0.32527058E-007     0.75793629E-007     0.52557439E-004     0.16841950E-003     0.20058686E-010     0.17113698E-010
     0.12153777E+001    -0.78051614E-007     0.51520965E-007     0.26012245E-003     0.18060334E-003     0.29881579E-010     0.28368159E-010
     0.12229738E+001    -0.44009009E-007    -0.80583782E-008     0.55672006E-003     0.26828323E-003     0.50157386E-010     0.46266096E-010
     0.12305699E+001    -0.62626730E-008    -0.91770027E-008     0.10357279E-002     0.49419275E-003     0.97239639E-010     0.98060093E-010
     0.12381661E+001     0.33724786E-008     0.92769793E-008     0.19287187E-002     0.12623415E-002     0.19373471E-009     0.33778846E-009
     0.12457622E+001     0.55784283E-008     0.18919474E-007     0.20659802E-002     0.51619474E-002    -0.11044480E-008     0.13683338E-008
     0.12533583E+001    -0.83524824E-008     0.26169053E-007    -0.38735938E-002     0.31131670E-002     0.77336704E-010    -0.11629684E-008
     0.12609544E+001    -0.11860692E-007     0.11812344E-007    -0.27346857E-002     0.81708920E-003     0.24492712E-009    -0.22638662E-009
     0.12685505E+001    -0.10616280E-007     0.12940336E-007    -0.20025549E-002     0.34320468E-003     0.13173237E-009    -0.74405402E-010
     0.12761466E+001    -0.87546891E-008     0.67953036E-008    -0.16061608E-002     0.18626504E-003     0.80514516E-010    -0.34968982E-010
     0.12837427E+001    -0.32175333E-008     0.52423127E-008    -0.13609487E-002     0.11720694E-003     0.54882285E-010    -0.20058061E-010
     0.12913388E+001    -0.45151784E-010     0.71092759E-008    -0.11929801E-002     0.81278758E-004     0.40358762E-010    -0.12953355E-010
     0.12989349E+001     0.27453909E-008     0.78503133E-008    -0.10689793E-002     0.60560104E-004     0.31328789E-010    -0.90125396E-011
     0.13065311E+001     0.63050890E-008     0.98106603E-008    -0.97181749E-003     0.47987489E-004     0.25327196E-010    -0.65767720E-011
     0.13141272E+001     0.11135741E-007     0.20108449E-007    -0.89136532E-003     0.40732025E-004     0.21158281E-010    -0.49273120E-011
     0.13217233E+001     0.76887365E-008     0.27816414E-007    -0.82019066E-003     0.39210506E-004     0.18221612E-010    -0.36437308E-011
     0.13293194E+001    -0.58384225E-009     0.30809507E-007    -0.75503084E-003     0.56288833E-004     0.16008740E-010    -0.19803971E-011
     0.13369155E+001    -0.54431531E-008     0.33878591E-007    -0.74975709E-003     0.62108277E-004     0.12548075E-010    -0.16432887E-011
     0.13445116E+001    -0.17464557E-007     0.37582463E-007    -0.69309439E-003     0.37484410E-004     0.11400860E-010    -0.17725497E-011
     0.13521077E+001    -0.59464072E-007     0.23414339E-007    -0.62951177E-003     0.39745126E-004     0.10433705E-010    -0.14838907E-011
     0.13597038E+001     0.35189657E-007    -0.15957363E-007    -0.55168770E-003     0.64525036E-004     0.96547619E-011    -0.11274400E-011
     0.13672999E+001     0.51113699E-007     0.38387961E-007    -0.44555917E-003     0.19364242E-003     0.90943730E-011    -0.47594722E-012
     0.13748961E+001    -0.45653010E-007     0.13645942E-006    -0.78249574E-003     0.39224674E-003     0.72566446E-011     0.30687477E-012
     0.13824922E+001    -0.12812462E-006    -0.28720645E-007    -0.79116998E-003     0.10382592E-003     0.65929676E-011    -0.41282036E-012
     0.13900883E+001    -0.24469470E-007    -0.33773241E-007    -0.70924240E-003     0.44407076E-004     0.62656770E-011    -0.44513463E-012
     0.13976844E+001    -0.13838754E-007    -0.55683591E-008    -0.65839738E-003     0.26822040E-004     0.59081482E-011    -0.37174775E-012
     0.14052805E+001    -0.13317644E-007    -0.50698698E-008    -0.62241260E-003     0.19249537E-004     0.55615057E-011    -0.28563113E-012
     0.14128766E+001    -0.84162771E-008     0.45802420E-008    -0.59421734E-003     0.15183228E-004     0.52390988E-011    -0.20348950E-012
     0.14204727E+001    -0.13623979E-007     0.98852863E-008    -0.57071420E-003     0.12669702E-004     0.49434189E-011    -0.12882908E-012
     0.14280688E+001    -0.12249176E-007     0.16714055E-007    -0.55034998E-003     0.10960194E-004     0.46734275E-011    -0.61973646E-013
     0.14356649E+001    -0.25160775E-007     0.22118859E-007    -0.53225165E-003     0.97160851E-005     0.44269960E-011    -0.23761494E-014
     0.14432610E+001    -0.47646777E-007     0.21095401E-007    -0.51588247E-003     0.87648028E-005     0.42017737E-011     0.50729120E-013
     0.14508572E+001    -0.34420051E-007    -0.15507840E-007    -0.50088831E-003     0.80100385E-005     0.39955109E-011     0.98120065E-013
     0.14584533E+001    -0.16139255E-007     0.24003202E-008    -0.48702195E-003     0.73941093E-005     0.38061382E-011     0.14051073E-012
     0.14660494E+001    -0.31645667E-007     0.41515989E-007    -0.47410277E-003     0.68803940E-005     0.36318341E-011     0.17853550E-012
     0.14736455E+001    -0.10499425E-006    -0.47510394E-007    -0.46199380E-003     0.64445665E-005     0.34709862E-011     0.21275348E-012
     0.14812416E+001    -0.23647749E-007    -0.54242209E-007    -0.45058788E-003     0.60698163E-005     0.33221879E-011     0.24364934E-012
     0.14888377E+001    -0.11747652E-007    -0.34617857E-007    -0.43979900E-003     0.57441684E-005     0.31842109E-011     0.27165512E-012
     0.14964338E+001    -0.16607593E-007    -0.27753279E-007    -0.42955654E-003     0.54588606E-005     0.30559815E-011     0.29714488E-012
     0.15040299E+001    -0.80888781E-008    -0.34346025E-007    -0.41980138E-003     0.52073541E-005     0.29365670E-011     0.32045019E-012
     0.15116260E+001    -0.21443492E-008    -0.29479196E-007    -0.41048311E-003     0.49847132E-005     0.28251539E-011     0.34186998E-012
     0.15192222E+001     0.22427202E-008    -0.25708267E-007    -0.40155808E-003     0.47871579E-005     0.27210375E-011     0.36167288E-012
     0.15268183E+001     0.50009783E-008    -0.19127700E-007    -0.39298779E-003     0.46118159E-005     0.26236085E-011     0.38010689E-012
     0.15344144E+001     0.19084917E-008    -0.18218625E-007    -0.38473781E-003     0.44565227E-005     0.25323459E-011     0.39740353E-012
     0.15420105E+001     0.45423405E-008    -0.19552199E-007    -0.37677673E-003     0.43197182E-005     0.24468138E-011     0.41378590E-012
     0.15496066E+001     0.55585167E-008    -0.17026199E-007    -0.36907539E-003     0.42003531E-005     0.23666571E-011     0.42947504E-012
     0.15572027E+001     0.11572837E-007    -0.18524667E-007    -0.36160607E-003     0.40979062E-005     0.22916060E-011     0.44469661E-012
     0.15647988E+001     0.19055180E-007    -0.16712828E-007    -0.35434180E-003     0.40123364E-005     0.22214859E-011     0.45969343E-012
     0.15723949E+001     0.18294466E-007     0.42240579E-008    -0.34725556E-003     0.39442024E-005     0.21562294E-011     0.47473414E-012
     0.15799910E+001     0.88619615E-008     0.91910446E-008    -0.34031934E-003     0.38947345E-005     0.20959086E-011     0.49013807E-012
     0.15875872E+001    -0.10582537E-008     0.59589793E-008    -0.33350308E-003     0.38660575E-005     0.20407790E-011     0.50629616E-012
     0.15951833E+001     0.37166757E-008    -0.72042800E-009    -0.32677310E-003     0.38615153E-005     0.19913510E-011     0.52371769E-012
     0.16027794E+001    -0.57381145E-008     0.11530438E-009    -0.32009010E-003     0.38861937E-005     0.19485165E-011     0.54309350E-012
     0.16103755E+001    -0.12380866E-008    -0.27803733E-008    -0.31340601E-003     0.39478151E-005     0.19137542E-011     0.56541633E-012
     0.16179716E+001    -0.59753543E-009    -0.27560154E-008    -0.30665936E-003     0.40582420E-005     0.18894900E-011     0.59217802E-012
     0.16255677E+001     0.24446070E-008    -0.36741562E-008    -0.29976761E-003     0.42362045E-005     0.18797353E-011     0.62576501E-012
     0.16331638E+001     0.20434796E-008     0.30503572E-010    -0.29261444E-003     0.45122603E-005     0.18913362E-011     0.67019707E-012
     0.16407599E+001     0.21390371E-008    -0.11613544E-009    -0.28502688E-003     0.49389615E-005     0.19364178E-011     0.73280948E-012
     0.16483560E+001     0.17761105E-008     0.16483050E-008    -0.27673226E-003     0.56124321E-005     0.20376878E-011     0.82814319E-012
     0.16559522E+001     0.88078574E-009     0.39712144E-008    -0.26726995E-003     0.67239005E-005     0.22408160E-011     0.98837603E-012
     0.16635483E+001    -0.77975739E-009     0.48253421E-008    -0.25579364E-003     0.86989378E-005     0.26464195E-011     0.12956281E-011
     0.16711444E+001    -0.30673757E-008     0.68339300E-008    -0.24057542E-003     0.12645586E-004     0.35025197E-011     0.20050058E-011
     0.16787405E+001    -0.82074278E-008     0.55444265E-008    -0.21761233E-003     0.22208949E-004     0.54838406E-011     0.41723891E-011
     0.16863366E+001    -0.15685921E-007     0.16438983E-008    -0.17739426E-003     0.54755743E-004     0.95184704E-011     0.14496195E-010
     0.16939327E+001    -0.73470044E-008    -0.43630067E-008    -0.17386426E-003     0.21911785E-003    -0.49277993E-010     0.56220839E-010
     0.17015288E+001    -0.97438747E-008    -0.69119070E-008    -0.41022862E-003     0.12504506E-003     0.68852532E-011    -0.47384685E-010
     0.17091249E+001    -0.27584481E-008    -0.75699186E-008    -0.35977155E-003     0.34227596E-004     0.12029669E-010    -0.89210263E-011
     0.17167210E+001    -0.13816804E-008    -0.48262187E-008    -0.32714612E-003     0.15310285E-004     0.71330613E-011    -0.27219129E-011
     0.17243171E+001    -0.91322340E-009    -0.37346095E-008    -0.30814528E-003     0.89849020E-005     0.49064987E-011    -0.11122005E-011
     0.17319133E+001    -0.88115150E-009    -0.22367128E-008    -0.29532657E-003     0.61730647E-005     0.37736786E-011    -0.50569658E-012
     0.17395094E+001    -0.13896462E-008    -0.63716512E-009    -0.28571292E-003     0.46874254E-005     0.31177950E-011    -0.21807515E-012
     0.17471055E+001    -0.44655703E-008     0.15603443E-008    -0.27796808E-003     0.38062371E-005     0.26987994E-011    -0.59332177E-013
     0.17547016E+001    -0.78066455E-008    -0.54834729E-008    -0.27141449E-003     0.32380792E-005     0.24105382E-011     0.38054136E-013
     0.17622977E+001     0.70205788E-009    -0.38629438E-008    -0.26567413E-003     0.28476988E-005     0.22005569E-011     0.10256055E-012
     0.17698938E+001    -0.72745478E-008     0.58522006E-010    -0.26051985E-003     0.25656036E-005     0.20405471E-011     0.14780467E-012
     0.17774899E+001    -0.65682914E-008    -0.92669971E-008    -0.25580684E-003     0.23532021E-005     0.19141153E-011     0.18095532E-012
     0.17850860E+001    -0.17421293E-008    -0.80134070E-008    -0.25143829E-003     0.21877041E-005     0.18112141E-011     0.20608166E-012
     0.17926821E+001    -0.12264085E-008    -0.68627774E-008    -0.24734688E-003     0.20549668E-005     0.17253903E-011     0.22563902E-012
     0.18002783E+001    -0.58692830E-009    -0.10176950E-007    -0.24348417E-003     0.19458419E-005     0.16523337E-011     0.24118563E-012
     0.18078744E+001     0.91879350E-008    -0.11300786E-007    -0.23981430E-003     0.18542007E-005     0.15890685E-011     0.25375256E-012
     0.18154705E+001     0.81135636E-008     0.10984166E-007    -0.23631006E-003     0.17758194E-005     0.15334804E-011     0.26404628E-012
     0.18230666E+001    -0.11039785E-007     0.53566824E-009    -0.23295034E-003     0.17077072E-005     0.14840308E-011     0.27256936E-012
     0.18306627E+001    -0.29304349E-008    -0.77458963E-008    -0.22971843E-003     0.16476938E-005     0.14395709E-011     0.27968524E-012
     0.18382588E+001     0.14359843E-008    -0.82005265E-008    -0.22660088E-003     0.15941808E-005     0.13992309E-011     0.28566188E-012
     0.18458549E+001     0.94795060E-008    -0.55450693E-008    -0.22358670E-003     0.15459632E-005     0.13623400E-011     0.29070515E-012
     0.18534510E+001     0.43338661E-008     0.25624906E-008    -0.22066675E-003     0.15021200E-005     0.13283712E-011     0.29497326E-012
     0.18610471E+001     0.12852985E-008     0.14157798E-008    -0.21783337E-003     0.14619360E-005     0.12969048E-011     0.29859145E-012
     0.18686433E+001     0.85716880E-009     0.24733526E-009    -0.21508003E-003     0.14248490E-005     0.12676026E-011     0.30165535E-012
     0.18762394E+001     0.20699446E-008     0.30607306E-009    -0.21240112E-003     0.13904124E-005     0.12401917E-011     0.30424697E-012
     0.18838355E+001    -0.68226952E-009     0.11337614E-008    -0.20979178E-003     0.13582620E-005     0.12144463E-011     0.30643147E-012
     0.18914316E+001     0.30065068E-008    -0.24612274E-008    -0.20724774E-003     0.13281127E-005     0.11901747E-011     0.30826468E-012
     0.18990277E+001     0.74594668E-008     0.43439937E-008    -0.20476525E-003     0.12997183E-005     0.11672198E-011     0.30978634E-012
     0.19066238E+001     0.43119849E-009     0.87027755E-008    -0.20234094E-003     0.12728786E-005     0.11454486E-011     0.31103779E-012
     0.19142199E+001    -0.60086882E-008     0.75174635E-008    -0.19997182E-003     0.12474271E-005     0.11247460E-011     0.31204901E-012
     0.19218160E+001    -0.88300915E-008    -0.11243730E-008    -0.19765519E-003     0.12232197E-005     0.11050144E-011     0.31284796E-012
     0.19294121E+001    -0.48094498E-009    -0.38686189E-008    -0.19538858E-003     0.12001376E-005     0.10861693E-011     0.31345953E-012
     0.19370083E+001     0.90981099E-009     0.12769334E-008    -0.19316976E-003     0.11780818E-005     0.10681265E-011     0.31390472E-012
     0.19446044E+001    -0.25067112E-009     0.69445366E-009    -0.19099669E-003     0.11569564E-005     0.10508376E-011     0.31418534E-012
     0.19522005E+001     0.44657980E-008     0.17700006E-008    -0.18886747E-003     0.11366921E-005     0.10342394E-011     0.31433532E-012
     0.19597966E+001     0.17707872E-008     0.90930379E-008    -0.18678036E-003     0.11172170E-005     0.10182797E-011     0.31436237E-012
     0.19673927E+001    -0.22653032E-008     0.11006945E-007    -0.18473375E-003     0.10984738E-005     0.10029139E-011     0.31427820E-012
     0.19749888E+001    -0.95023627E-008     0.14774536E-007    -0.18272613E-003     0.10804093E-005     0.98810174E-012     0.31409310E-012
     0.19825849E+001    -0.17247444E-007    -0.11520322E-008    -0.18075610E-003     0.10629761E-005     0.97380699E-012     0.31381450E-012
     0.19901810E+001    -0.91770807E-008     0.19307066E-008    -0.17882233E-003     0.10461338E-005     0.95999881E-012     0.31345415E-012
     0.19977771E+001    -0.20163997E-007    -0.21519190E-008    -0.17692360E-003     0.10298512E-005     0.94664623E-012     0.31301701E-012
     0.20053732E+001    -0.55979439E-008    -0.14158463E-007    -0.17505874E-003     0.10140890E-005     0.93372104E-012     0.31251065E-012
     0.20129694E+001    -0.24213719E-009    -0.10223531E-008    -0.17322666E-003     0.99881838E-006     0.92120113E-012     0.31193964E-012
     0.20205655E+001    -0.67852753E-008    -0.40153891E-008    -0.17142631E-003     0.98401166E-006     0.90906368E-012     0.31131048E-012
     0.20281616E+001    -0.29901536E-008    -0.32555834E-008    -0.16965672E-003     0.96964262E-006     0.89728822E-012     0.31062762E-012
     0.20357577E+001    -0.26604506E-008    -0.11261898E-008    -0.16791694E-003     0.95569058E-006     0.88585597E-012     0.30989539E-012
     0.20433538E+001    -0.55043587E-008     0.88358285E-009    -0.16620610E-003     0.94214268E-006     0.87474995E-012     0.30911940E-012
     0.20509499E+001    -0.56863217E-008     0.49509676E-009    -0.16452334E-003     0.92896409E-006     0.86395287E-012     0.30830002E-012
     0.20585460E+001    -0.10693081E-007    -0.70261314E-009    -0.16286786E-003     0.91614676E-006     0.85345160E-012     0.30744122E-012
     0.20661421E+001    -0.15118642E-007    -0.15531528E-008    -0.16123889E-003     0.90367193E-006     0.84323367E-012     0.30654466E-012
     0.20737382E+001    -0.87388901E-008    -0.14469923E-007    -0.15963568E-003     0.89152597E-006     0.83329096E-012     0.30562328E-012
     0.20813344E+001    -0.31630472E-008    -0.10642183E-007    -0.15805756E-003     0.87970416E-006     0.82359921E-012     0.30467399E-012
     0.20889305E+001    -0.26268753E-008    -0.95429793E-008    -0.15650382E-003     0.86817209E-006     0.81414961E-012     0.30369605E-012
     0.20965266E+001    -0.10374102E-008    -0.85236080E-008    -0.15497381E-003     0.85693389E-006     0.80493625E-012     0.30269031E-012
     0.21041227E+001    -0.54792247E-009    -0.74887363E-008    -0.15346692E-003     0.84597859E-006     0.79594897E-012     0.30166250E-012
     0.21117188E+001    -0.30498696E-009    -0.68421557E-008    -0.15198255E-003     0.83528531E-006     0.78717819E-012     0.30061110E-012
     0.21193149E+001    -0.25329263E-009    -0.61089980E-008    -0.15052011E-003     0.82485068E-006     0.77861424E-012     0.29954345E-012
     0.21269110E+001    -0.60981973E-009    -0.73871158E-008    -0.14907906E-003     0.81466514E-006     0.77025011E-012     0.29845524E-012
     0.21345071E+001     0.60440865E-009    -0.68149837E-008    -0.14765885E-003     0.80471809E-006     0.76207849E-012     0.29735092E-012
     0.21421032E+001     0.18909237E-008    -0.74475329E-008    -0.14625896E-003     0.79500284E-006     0.75409124E-012     0.29623143E-012
     0.21496994E+001     0.51000638E-008    -0.22340691E-008    -0.14487890E-003     0.78551056E-006     0.74628171E-012     0.29509785E-012
     0.21572955E+001    -0.25679922E-008    -0.28815124E-008    -0.14351817E-003     0.77623552E-006     0.73864357E-012     0.29395123E-012
     0.21648916E+001    -0.99138164E-009    -0.54484570E-008    -0.14217633E-003     0.76717164E-006     0.73117107E-012     0.29279365E-012
     0.21724877E+001    -0.12189440E-008    -0.76565636E-008    -0.14085289E-003     0.75830374E-006     0.72385692E-012     0.29162466E-012
     0.21800838E+001     0.69551791E-009    -0.90206369E-008    -0.13954744E-003     0.74963245E-006     0.71669709E-012     0.29044604E-012
     0.21876799E+001     0.23153187E-008    -0.11028666E-007    -0.13825953E-003     0.74115235E-006     0.70968577E-012     0.28925921E-012
     0.21952760E+001     0.66832050E-008    -0.15479957E-007    -0.13698877E-003     0.73285740E-006     0.70281575E-012     0.28806398E-012
     0.22028721E+001     0.27571904E-007    -0.13106324E-007    -0.13573474E-003     0.72474139E-006     0.69608535E-012     0.28686035E-012
     0.22104682E+001     0.97113194E-008    -0.58479220E-008    -0.13449707E-003     0.71680016E-006     0.68948943E-012     0.28564935E-012
     0.22180643E+001     0.41064173E-007     0.33714680E-007    -0.13327536E-003     0.70902722E-006     0.68302343E-012     0.28443311E-012
     0.22256605E+001    -0.16661438E-007     0.40231512E-007    -0.13206926E-003     0.70141778E-006     0.67668265E-012     0.28321146E-012
     0.22332566E+001    -0.14729091E-007    -0.21393624E-008    -0.13087840E-003     0.69396948E-006     0.67046312E-012     0.28198502E-012
     0.22408527E+001    -0.35020386E-008     0.90152702E-009    -0.12970243E-003     0.68668042E-006     0.66436074E-012     0.28075384E-012
     0.22484488E+001    -0.37288399E-008     0.36229759E-008    -0.12854103E-003     0.67954539E-006     0.65837296E-012     0.27951880E-012
     0.22560449E+001    -0.40529029E-008    -0.31089443E-010    -0.12739385E-003     0.67254926E-006     0.65249593E-012     0.27827744E-012
     0.22636410E+001    -0.14534363E-008     0.15564455E-008    -0.12626056E-003     0.66570014E-006     0.64672826E-012     0.27703799E-012
     0.22712371E+001    -0.14179313E-008     0.35367986E-008    -0.12514086E-003     0.65899789E-006     0.64106214E-012     0.27579565E-012
     0.22788332E+001    -0.26075280E-008     0.59319884E-008    -0.12403444E-003     0.65243020E-006     0.63549589E-012     0.27455195E-012
     0.22864293E+001    -0.63155675E-008     0.93885036E-008    -0.12294100E-003     0.64599724E-006     0.63002637E-012     0.27330519E-012
     0.22940255E+001    -0.23779036E-007     0.49312432E-008    -0.12186024E-003     0.63969782E-006     0.62465166E-012     0.27205694E-012
     0.23016216E+001    -0.90928566E-008    -0.12489724E-007    -0.12079187E-003     0.63352646E-006     0.61936873E-012     0.27080694E-012
     0.23092177E+001    -0.28494794E-008    -0.75526604E-008    -0.11973562E-003     0.62747806E-006     0.61417527E-012     0.26955641E-012
     0.23168138E+001    -0.17894969E-008    -0.39883922E-008    -0.11869119E-003     0.62155517E-006     0.60906808E-012     0.26830534E-012
     0.23244099E+001    -0.70765594E-008    -0.19789436E-008    -0.11765833E-003     0.61575174E-006     0.60404466E-012     0.26705403E-012
     0.23320060E+001    -0.37602689E-008    -0.94092049E-008    -0.11663677E-003     0.61007121E-006     0.59910293E-012     0.26580240E-012
     0.23396021E+001    -0.29349712E-009    -0.82956511E-008    -0.11562624E-003     0.60450732E-006     0.59423994E-012     0.26455126E-012
     0.23471982E+001     0.40158545E-008    -0.77245949E-008    -0.11462649E-003     0.59905817E-006     0.58945371E-012     0.26330078E-012
     0.23547943E+001     0.38306703E-008     0.49259869E-009    -0.11363726E-003     0.59373507E-006     0.58474288E-012     0.26204894E-012
     0.23623905E+001     0.42954265E-009     0.45556508E-009    -0.11265833E-003     0.58850669E-006     0.58010244E-012     0.26080164E-012
     0.23699866E+001    -0.93965338E-009     0.58537863E-009    -0.11168941E-003     0.58338763E-006     0.57553299E-012     0.25955298E-012
     0.23775827E+001    -0.39134571E-008    -0.17576381E-009    -0.11073028E-003     0.57838192E-006     0.57103188E-012     0.25830582E-012
     0.23851788E+001    -0.20358052E-008    -0.31433708E-008    -0.10978070E-003     0.57348280E-006     0.56659658E-012     0.25706033E-012
     0.23927749E+001    -0.14903372E-008    -0.28284325E-008    -0.10884043E-003     0.56869043E-006     0.56222563E-012     0.25581616E-012
     0.24003710E+001    -0.59813603E-009    -0.26238531E-008    -0.10790924E-003     0.56400369E-006     0.55791676E-012     0.25457423E-012
     0.24079671E+001    -0.34057371E-009    -0.21420756E-008    -0.10698690E-003     0.55942344E-006     0.55366849E-012     0.25333458E-012
     0.24155632E+001    -0.12138685E-009    -0.16695899E-008    -0.10607317E-003     0.55493821E-006     0.54947822E-012     0.25209908E-012
     0.24231593E+001    -0.95347143E-010    -0.10738101E-008    -0.10516782E-003     0.55055781E-006     0.54533832E-012     0.25086471E-012
     0.24307555E+001    -0.24090272E-009    -0.57107793E-009    -0.10427064E-003     0.54628053E-006     0.54125761E-012     0.24962886E-012
     0.24383516E+001    -0.35547020E-009     0.68244429E-010    -0.10338138E-003     0.54210835E-006     0.53723027E-012     0.24839591E-012
     0.24459477E+001    -0.89676187E-009     0.13922689E-008    -0.10249983E-003     0.53803652E-006     0.53325500E-012     0.24716665E-012
     0.24535438E+001    -0.27802906E-008     0.22491395E-008    -0.10162575E-003     0.53406517E-006     0.52932845E-012     0.24594090E-012
     0.24611399E+001    -0.79082790E-008     0.19374036E-008    -0.10075892E-003     0.53019595E-006     0.52544928E-012     0.24471847E-012
     0.24687360E+001    -0.56915601E-008    -0.61906022E-008    -0.99899117E-004     0.52642925E-006     0.52161558E-012     0.24349898E-012
     0.24763321E+001    -0.17189913E-008    -0.42974756E-008    -0.99046103E-004     0.52276443E-006     0.51782590E-012     0.24228294E-012
     0.24839282E+001    -0.12574724E-008    -0.23874652E-008    -0.98199645E-004     0.51920336E-006     0.51407827E-012     0.24107042E-012
     0.24915243E+001    -0.29303824E-008    -0.61090430E-009    -0.97359516E-004     0.51574997E-006     0.51037102E-012     0.23986147E-012
     0.24991204E+001    -0.47774824E-008    -0.51596634E-008    -0.96525476E-004     0.51240175E-006     0.50670238E-012     0.23865594E-012
     0.25067166E+001    -0.12981586E-008    -0.46771845E-008    -0.95697284E-004     0.50916303E-006     0.50307173E-012     0.23745520E-012
     0.25143127E+001    -0.68852915E-009    -0.33706562E-008    -0.94874696E-004     0.50603399E-006     0.49947542E-012     0.23625891E-012
     0.25219088E+001    -0.74844857E-009    -0.23734215E-008    -0.94057462E-004     0.50301720E-006     0.49591159E-012     0.23506789E-012
     0.25295049E+001    -0.14894112E-008    -0.11451537E-008    -0.93245326E-004     0.50011779E-006     0.49237873E-012     0.23388090E-012
     0.25371010E+001    -0.55802890E-008    -0.16390912E-008    -0.92438024E-004     0.49733672E-006     0.48887518E-012     0.23269893E-012
     0.25446971E+001    -0.23779652E-008    -0.60509445E-008    -0.91635285E-004     0.49467964E-006     0.48539838E-012     0.23152210E-012
     0.25522932E+001    -0.69583409E-009    -0.48135074E-008    -0.90836831E-004     0.49215237E-006     0.48194692E-012     0.23035137E-012
     0.25598893E+001    -0.33190846E-009    -0.40004934E-008    -0.90042371E-004     0.48975801E-006     0.47851783E-012     0.22918629E-012
     0.25674854E+001    -0.36102187E-009    -0.35545540E-008    -0.89251601E-004     0.48750351E-006     0.47510885E-012     0.22802782E-012
     0.25750816E+001    -0.34289435E-009    -0.33631348E-008    -0.88464207E-004     0.48539791E-006     0.47171779E-012     0.22687600E-012
     0.25826777E+001    -0.52695116E-010    -0.32966696E-008    -0.87679855E-004     0.48345327E-006     0.46834274E-012     0.22572888E-012
     0.25902738E+001    -0.34482304E-010    -0.29761792E-008    -0.86898220E-004     0.48166570E-006     0.46498076E-012     0.22459992E-012
     0.25978699E+001     0.11840169E-010    -0.27738917E-008    -0.86118887E-004     0.48004003E-006     0.46162328E-012     0.22346870E-012
     0.26054660E+001     0.46296331E-010    -0.26196583E-008    -0.85341486E-004     0.47860961E-006     0.45827443E-012     0.22234897E-012
     0.26130621E+001     0.32317171E-009    -0.24338232E-008    -0.84565597E-004     0.47738359E-006     0.45492780E-012     0.22123865E-012
     0.26206582E+001     0.53261732E-009    -0.18135117E-008    -0.83790779E-004     0.47638095E-006     0.45158366E-012     0.22013999E-012
     0.26282543E+001     0.15189571E-010    -0.11987975E-008    -0.83016541E-004     0.47559693E-006     0.44822596E-012     0.21905346E-012
     0.26358504E+001    -0.23152320E-009    -0.87419182E-009    -0.82242351E-004     0.47507833E-006     0.44486116E-012     0.21797728E-012
     0.26434466E+001    -0.54133570E-009    -0.22385326E-009    -0.81467649E-004     0.47484269E-006     0.44148054E-012     0.21691480E-012
     0.26510427E+001    -0.13662634E-008     0.11649012E-008    -0.80691811E-004     0.47491916E-006     0.43807798E-012     0.21586711E-012
     0.26586388E+001    -0.69502411E-008     0.25950424E-008    -0.79914150E-004     0.47534025E-006     0.43464687E-012     0.21483516E-012
     0.26662349E+001    -0.54110418E-008    -0.80798317E-008    -0.79133911E-004     0.47615168E-006     0.43117979E-012     0.21382054E-012
     0.26738310E+001    -0.12076218E-008    -0.34053497E-008    -0.78350257E-004     0.47739611E-006     0.42766804E-012     0.21282487E-012
     0.26814271E+001    -0.60982490E-008    -0.39407128E-008    -0.77562244E-004     0.47913106E-006     0.42410170E-012     0.21184998E-012
     0.26890232E+001    -0.17185955E-008    -0.82750276E-008    -0.76768822E-004     0.48142239E-006     0.42046978E-012     0.21089828E-012
     0.26966193E+001     0.65600518E-009    -0.75841564E-008    -0.75968792E-004     0.48435131E-006     0.41675881E-012     0.20997193E-012
     0.27042154E+001     0.41501605E-008    -0.46432373E-008    -0.75160798E-004     0.48801504E-006     0.41295354E-012     0.20907366E-012
     0.27118116E+001     0.11000237E-008    -0.23916474E-008    -0.74343282E-004     0.49253116E-006     0.40903570E-012     0.20820671E-012
     0.27194077E+001     0.36107667E-009    -0.27852649E-008    -0.73514448E-004     0.49804334E-006     0.40498367E-012     0.20737448E-012
     0.27270038E+001     0.17900228E-009    -0.29437339E-008    -0.72672208E-004     0.50472842E-006     0.40077146E-012     0.20658100E-012
     0.27345999E+001     0.10900369E-009    -0.29893833E-008    -0.71814113E-004     0.51280582E-006     0.39636760E-012     0.20583058E-012
     0.27421960E+001     0.75454758E-010    -0.30279749E-008    -0.70937273E-004     0.52255243E-006     0.39173420E-012     0.20512852E-012
     0.27497921E+001     0.76102571E-010    -0.30729849E-008    -0.70038242E-004     0.53431445E-006     0.38682341E-012     0.20448043E-012
     0.27573882E+001     0.11563101E-009    -0.30632257E-008    -0.69112870E-004     0.54853865E-006     0.38157640E-012     0.20389240E-012
     0.27649843E+001     0.10854221E-009    -0.30423993E-008    -0.68156111E-004     0.56580265E-006     0.37591856E-012     0.20337139E-012
     0.27725804E+001    -0.21406997E-011    -0.31068812E-008    -0.67161760E-004     0.58686463E-006     0.36975439E-012     0.20292454E-012
     0.27801765E+001     0.19499787E-009    -0.34060888E-008    -0.66122083E-004     0.61273507E-006     0.36295967E-012     0.20255908E-012
     0.27877727E+001     0.91696570E-009    -0.33449469E-008    -0.65027319E-004     0.64478344E-006     0.35537065E-012     0.20228117E-012
     0.27953688E+001    -0.76285657E-009    -0.26750379E-008    -0.63864946E-004     0.68489724E-006     0.34676573E-012     0.20209514E-012
     0.28029649E+001     0.34630655E-009    -0.41355746E-008    -0.62618619E-004     0.73574420E-006     0.33684349E-012     0.20199810E-012
     0.28105610E+001     0.17602726E-008    -0.39910442E-008    -0.61266594E-004     0.80118078E-006     0.32517542E-012     0.20197853E-012
     0.28181571E+001     0.32459741E-008    -0.27585631E-008    -0.59779267E-004     0.88694140E-006     0.31114297E-012     0.20199579E-012
     0.28257532E+001     0.11696877E-008    -0.74684842E-009    -0.58115274E-004     0.10018457E-005     0.29382444E-012     0.20196202E-012
     0.28333493E+001     0.26927618E-009    -0.12581764E-008    -0.56215003E-004     0.11600043E-005     0.27178746E-012     0.20168368E-012
     0.28409454E+001    -0.44591739E-009    -0.13597156E-008    -0.53989327E-004     0.13850994E-005     0.24270710E-012     0.20073739E-012
     0.28485415E+001    -0.19628783E-008    -0.40117233E-008    -0.51298899E-004     0.17192818E-005     0.20259629E-012     0.19816839E-012
     0.28561377E+001     0.30679561E-008    -0.50445395E-008    -0.47913453E-004     0.22433587E-005     0.14413558E-012     0.19168862E-012
     0.28637338E+001     0.19625792E-008     0.38201492E-009    -0.43424844E-004     0.31279796E-005     0.52687098E-013     0.17527085E-012
     0.28713299E+001    -0.10754929E-008    -0.10083163E-008    -0.37041074E-004     0.47841103E-005    -0.10438997E-012     0.13064612E-012
     0.28789260E+001    -0.18664995E-009    -0.23655234E-008    -0.27034747E-004     0.84066590E-005    -0.41021766E-012    -0.10597338E-013
     0.28865221E+001     0.75358348E-010    -0.23560013E-008    -0.91329349E-005     0.18639626E-004    -0.10951501E-011    -0.60502660E-012
     0.28941182E+001     0.12905887E-009    -0.23852502E-008     0.23417737E-004     0.63717221E-004    -0.17349612E-011    -0.45313834E-011
     0.29017143E+001     0.14772645E-009    -0.24574746E-008    -0.10093810E-003     0.17346776E-003     0.11887693E-010     0.47933766E-011
     0.29093104E+001     0.16067117E-009    -0.25997408E-008    -0.13960936E-003     0.44190544E-004    -0.10999051E-011     0.24661134E-011
     0.29169065E+001     0.22306537E-009    -0.28172693E-008    -0.11186180E-003     0.15760860E-004    -0.36894969E-012     0.52700569E-012
     0.29245027E+001     0.41816352E-009    -0.31936772E-008    -0.97202066E-004     0.80467689E-005     0.21207894E-013     0.20756783E-012
     0.29320988E+001     0.10354840E-008    -0.38364770E-008    -0.88618245E-004     0.49847187E-005     0.18823262E-012     0.12991610E-012
     0.29396949E+001     0.39261110E-008    -0.39067343E-008    -0.82950133E-004     0.34729089E-005     0.26891267E-012     0.10698418E-012
     0.29472910E+001     0.26522339E-008     0.87038906E-009    -0.78866207E-004     0.26171961E-005     0.31189502E-012     0.99972571E-013
     0.29548871E+001     0.69761002E-009     0.65378516E-010    -0.75730216E-004     0.20857070E-005     0.33637835E-012     0.98230778E-013
     0.29624832E+001     0.26760420E-009    -0.40619269E-009    -0.73203711E-004     0.17327421E-005     0.35091827E-012     0.98274091E-013
     0.29700793E+001     0.57275057E-010    -0.55493254E-009    -0.71091038E-004     0.14862389E-005     0.35972647E-012     0.98832220E-013
     0.29776754E+001    -0.15565962E-009    -0.46096265E-009    -0.69271500E-004     0.13072414E-005     0.36504399E-012     0.99417831E-013
     0.29852715E+001    -0.72764309E-009     0.26754034E-010    -0.67666672E-004     0.11731820E-005     0.36814045E-012     0.99843977E-013
     0.29928676E+001    -0.35739155E-008     0.20016737E-009    -0.66223388E-004     0.10702547E-005     0.36977208E-012     0.10004638E-012
     0.30004638E+001    -0.25541158E-008    -0.54749140E-008    -0.64904317E-004     0.98962700E-006     0.37040937E-012     0.10001250E-012
     0.30080599E+001     0.64486080E-009    -0.41127170E-008    -0.63682433E-004     0.92542873E-006     0.37035381E-012     0.99749694E-013
     0.30156560E+001     0.48837531E-009    -0.33760304E-008    -0.62537654E-004     0.87364623E-006     0.36980521E-012     0.99273282E-013
     0.30232521E+001     0.12868234E-008    -0.26920276E-008    -0.61454697E-004     0.83146232E-006     0.36889810E-012     0.98599947E-013
     0.30308482E+001     0.41594220E-009    -0.21669361E-008    -0.60421666E-004     0.79686598E-006     0.36772503E-012     0.97745396E-013
     0.30384443E+001     0.20179269E-009    -0.24068818E-008    -0.59429087E-004     0.76840981E-006     0.36634749E-012     0.96722575E-013
     0.30460404E+001     0.18417923E-009    -0.25825086E-008    -0.58469211E-004     0.74507732E-006     0.36480733E-012     0.95540244E-013
     0.30536365E+001     0.20146264E-009    -0.27284750E-008    -0.57535449E-004     0.72622893E-006     0.36312411E-012     0.94200726E-013
     0.30612326E+001     0.24232930E-009    -0.29456639E-008    -0.56621808E-004     0.71171139E-006     0.36129233E-012     0.92689389E-013
     0.30688288E+001     0.37309967E-009    -0.31902545E-008    -0.55722033E-004     0.70239501E-006     0.35925303E-012     0.90935964E-013
     0.30764249E+001     0.45315057E-009    -0.35521562E-008    -0.54827659E-004     0.70283096E-006     0.35681038E-012     0.88591815E-013
     0.30840210E+001     0.72370232E-009    -0.42778581E-008    -0.53925494E-004     0.73966053E-006     0.35405111E-012     0.83113214E-013
     0.30916171E+001     0.16094273E-008    -0.55855779E-008    -0.53166762E-004     0.91600821E-006     0.37386180E-012     0.83195284E-013
     0.30992132E+001     0.58261852E-008    -0.79111452E-008    -0.52455531E-004     0.73467525E-006     0.35018101E-012     0.89654519E-013
     0.31068093E+001     0.10897204E-007     0.36232489E-008    -0.51569733E-004     0.67683582E-006     0.34900691E-012     0.83026763E-013
     0.31144054E+001     0.28966513E-008     0.38337903E-008    -0.50706532E-004     0.66115902E-006     0.34774411E-012     0.80033913E-013
     0.31220015E+001     0.13595909E-008     0.26782682E-008    -0.49853752E-004     0.65490165E-006     0.34605474E-012     0.77488194E-013
     0.31295976E+001     0.72537740E-009     0.18792718E-008    -0.49004156E-004     0.65239018E-006     0.34418108E-012     0.74966192E-013
     0.31371938E+001     0.38839677E-009     0.17970771E-008    -0.48153864E-004     0.65206261E-006     0.34221084E-012     0.72378273E-013
     0.31447899E+001     0.30075574E-010     0.16894746E-008    -0.47300214E-004     0.65334784E-006     0.34017765E-012     0.69696199E-013
     0.31523860E+001    -0.11967619E-009     0.19855339E-008    -0.46441068E-004     0.65599654E-006     0.33809532E-012     0.66907614E-013
     0.31599821E+001    -0.70010582E-009     0.27451133E-008    -0.45574533E-004     0.65989233E-006     0.33596930E-012     0.64004538E-013
     0.31675782E+001    -0.14752555E-008     0.48075974E-008    -0.44698829E-004     0.66497923E-006     0.33380032E-012     0.60980979E-013
     0.31751743E+001    -0.14553771E-007     0.59090253E-008    -0.43812214E-004     0.67123983E-006     0.33158784E-012     0.57830389E-013
     0.31827704E+001    -0.72285144E-008    -0.83677879E-008    -0.42912950E-004     0.67868330E-006     0.32932906E-012     0.54546660E-013
     0.31903665E+001    -0.21664379E-008    -0.64897292E-008    -0.41999260E-004     0.68733229E-006     0.32702024E-012     0.51122758E-013
     0.31979626E+001    -0.10603960E-008    -0.51506341E-008    -0.41069312E-004     0.69722515E-006     0.32465651E-012     0.47551154E-013
     0.32055588E+001    -0.49856529E-009    -0.43983722E-008    -0.40121183E-004     0.70841872E-006     0.32223276E-012     0.43822445E-013
     0.32131549E+001    -0.10666708E-009    -0.38980403E-008    -0.39152853E-004     0.72098247E-006     0.31974217E-012     0.39928648E-013
     0.32207510E+001    -0.16484546E-009    -0.34880907E-008    -0.38162172E-004     0.73500094E-006     0.31717755E-012     0.35858074E-013
     0.32283471E+001    -0.59114430E-010    -0.33820002E-008    -0.37146838E-004     0.75057454E-006     0.31453046E-012     0.31599746E-013
     0.32359432E+001    -0.74855487E-011    -0.32198639E-008    -0.36104375E-004     0.76782012E-006     0.31179137E-012     0.27140351E-013
     0.32435393E+001    -0.15718239E-010    -0.31716355E-008    -0.35032097E-004     0.78687501E-006     0.30894951E-012     0.22465438E-013
     0.32511354E+001     0.13085177E-009    -0.31657144E-008    -0.33927087E-004     0.80789881E-006     0.30599271E-012     0.17558906E-013
     0.32587315E+001     0.88344308E-010    -0.30357041E-008    -0.32786153E-004     0.83107471E-006     0.30290704E-012     0.12402770E-013
     0.32663276E+001     0.22531537E-009    -0.30355237E-008    -0.31605789E-004     0.85661442E-006     0.29967671E-012     0.69767909E-014
     0.32739237E+001     0.16188786E-009    -0.28592332E-008    -0.30382127E-004     0.88476239E-006     0.29628364E-012     0.12584773E-014
     0.32815199E+001     0.14595628E-009    -0.29438240E-008    -0.29110880E-004     0.91580234E-006     0.29270712E-012    -0.47777175E-014
     0.32891160E+001     0.15012548E-009    -0.29452759E-008    -0.27787283E-004     0.95006162E-006     0.28892333E-012    -0.11160236E-013
     0.32967121E+001     0.12650610E-009    -0.29534962E-008    -0.26406007E-004     0.98792137E-006     0.28490463E-012    -0.17921861E-013
     0.33043082E+001     0.11337925E-009    -0.30817074E-008    -0.24961076E-004     0.10298256E-005     0.28061922E-012    -0.25098865E-013
     0.33119043E+001     0.16426775E-009    -0.33365876E-008    -0.23445755E-004     0.10762947E-005     0.27602973E-012    -0.32733444E-013
     0.33195004E+001     0.62618335E-009    -0.37429755E-008    -0.21852419E-004     0.11279401E-005     0.27109270E-012    -0.40873559E-013
     0.33270965E+001     0.15845869E-008    -0.26691906E-008    -0.20172398E-004     0.11854821E-005     0.26575666E-012    -0.49574048E-013
     0.33346926E+001     0.80728744E-009    -0.25904071E-008    -0.18395784E-004     0.12497771E-005     0.25996092E-012    -0.58898679E-013
     0.33422887E+001     0.82542580E-009    -0.20799069E-008    -0.16511197E-004     0.13218468E-005     0.25363310E-012    -0.68921176E-013
     0.33498849E+001     0.25351202E-009    -0.22843474E-008    -0.14505496E-004     0.14029178E-005     0.24668643E-012    -0.79727687E-013
     0.33574810E+001     0.18182960E-009    -0.25302288E-008    -0.12363420E-004     0.14944731E-005     0.23901618E-012    -0.91419542E-013
     0.33650771E+001     0.18386146E-009    -0.26487636E-008    -0.10067138E-004     0.15983181E-005     0.23049512E-012    -0.10411646E-012
     0.33726732E+001     0.18123934E-009    -0.27505718E-008    -0.75956743E-005     0.17166683E-005     0.22096721E-012    -0.11796100E-012
     0.33802693E+001     0.19274090E-009    -0.28227321E-008    -0.49241870E-005     0.18522673E-005     0.21023768E-012    -0.13312405E-012
     0.33878654E+001     0.15728605E-009    -0.28419043E-008    -0.20230234E-005     0.20085417E-005     0.19806735E-012    -0.14981833E-012
     0.33954615E+001     0.18010938E-009    -0.30062513E-008     0.11435068E-005     0.21898203E-005     0.18415276E-012    -0.16829607E-012
     0.34030576E+001     0.17019432E-009    -0.30677906E-008     0.46187512E-005     0.24016283E-005     0.16810693E-012    -0.18887394E-012
     0.34106537E+001     0.21564096E-009    -0.33152274E-008     0.84558933E-005     0.26511118E-005     0.14942841E-012    -0.21194987E-012
     0.34182499E+001     0.73852724E-009    -0.35005909E-008     0.12720906E-004     0.29476414E-005     0.12746229E-012    -0.23803087E-012
     0.34258460E+001     0.61467796E-009    -0.27303224E-008     0.17496644E-004     0.33036949E-005     0.10133769E-012    -0.26777319E-012
     0.34334421E+001     0.31083772E-009    -0.29218279E-008     0.22888609E-004     0.37361834E-005     0.69876895E-013    -0.30204233E-012
     0.34410382E+001     0.26662810E-009    -0.30300714E-008     0.29033244E-004     0.42684800E-005     0.31456001E-013    -0.34200439E-012
     0.34486343E+001     0.15916568E-009    -0.31345073E-008     0.36110144E-004     0.49336252E-005    -0.16213617E-013    -0.38926997E-012
     0.34562304E+001     0.13884615E-009    -0.33040508E-008     0.44360535E-004     0.57795469E-005    -0.76439502E-013    -0.44612889E-012
     0.34638265E+001     0.10768493E-009    -0.35339672E-008     0.54116092E-004     0.68778852E-005    -0.15414201E-012    -0.51595015E-012
     0.34714226E+001     0.27170977E-009    -0.37308988E-008     0.65845504E-004     0.83395809E-005    -0.25689495E-012    -0.60389908E-012
     0.34790187E+001     0.54742414E-009    -0.37514590E-008     0.80232912E-004     0.10343837E-004    -0.39683069E-012    -0.71830192E-012
     0.34866149E+001     0.35183689E-009    -0.35588460E-008     0.98316721E-004     0.13195350E-004    -0.59434359E-012    -0.87343595E-012
     0.34942110E+001     0.29772197E-009    -0.37864314E-008     0.12175023E-003     0.17446228E-004    -0.88578532E-012    -0.10957667E-011
     0.35018071E+001     0.29536672E-009    -0.38792817E-008     0.15332779E-003     0.24181519E-004    -0.13408218E-011    -0.14395518E-011
     0.35094032E+001     0.25294769E-009    -0.40639296E-008     0.19814627E-003     0.35774843E-004    -0.21056327E-011    -0.20319527E-011
     0.35169993E+001     0.26199813E-009    -0.42514244E-008     0.26646778E-003     0.58247268E-004    -0.35232364E-011    -0.32316940E-011
     0.35245954E+001     0.30648539E-009    -0.44968792E-008     0.38169089E-003     0.11058201E-003    -0.64956244E-011    -0.63649035E-011
     0.35321915E+001     0.39459448E-009    -0.46633408E-008     0.60203236E-003     0.27709053E-003    -0.12897756E-010    -0.18820417E-010
     0.35397876E+001     0.40050722E-009    -0.48312570E-008     0.83641884E-003     0.11276264E-002     0.26899348E-010    -0.89033316E-010
     0.35473837E+001     0.35913947E-009    -0.51087165E-008    -0.94315716E-003     0.11271115E-002     0.26818876E-010     0.89380482E-010
     0.35549798E+001     0.38534586E-009    -0.54675210E-008    -0.70855198E-003     0.27698421E-003    -0.12911640E-010     0.19167044E-010
     0.35625760E+001     0.45922259E-009    -0.59778049E-008    -0.48825773E-003     0.11054335E-003    -0.65073237E-011     0.67144882E-011
     0.35701721E+001     0.80493354E-009    -0.65891331E-008    -0.37306328E-003     0.58222795E-004    -0.35349164E-011     0.35814055E-011
     0.35777682E+001     0.11480863E-008    -0.71402250E-008    -0.30476420E-003     0.35753872E-004    -0.21178810E-011     0.23815728E-011
     0.35853643E+001     0.25149497E-008    -0.73177105E-008    -0.25996745E-003     0.24160853E-004    -0.13539730E-011     0.17890933E-011
     0.35929604E+001     0.33586883E-008    -0.76388920E-008    -0.22841298E-003     0.17424653E-004    -0.90004940E-012     0.14452582E-011
     0.36005565E+001     0.27478546E-008    -0.49875593E-008    -0.20500471E-003     0.13172355E-004    -0.60985942E-012     0.12228991E-011
     0.36081526E+001     0.12888572E-008    -0.64473115E-008    -0.18694857E-003     0.10319227E-004    -0.41369557E-012     0.10677536E-011
     0.36157487E+001     0.11938542E-008    -0.78991994E-008    -0.17259127E-003     0.83133387E-005    -0.27517960E-012     0.95335112E-012
     0.36233448E+001     0.14607270E-008    -0.96259421E-008    -0.16089419E-003     0.68501511E-005    -0.17390150E-012     0.86541242E-012
     0.36309410E+001     0.22535932E-008    -0.11203469E-007    -0.15117280E-003     0.57506446E-005    -0.97717325E-013     0.79561143E-012
     0.36385371E+001     0.29742563E-008    -0.14174474E-007    -0.14295767E-003     0.49041506E-005    -0.39047223E-013     0.73878124E-012
     0.36461332E+001     0.61833983E-008    -0.18915429E-007    -0.13591591E-003     0.42395084E-005     0.70264617E-014     0.69155774E-012
     0.36537293E+001     0.13492142E-007    -0.22882433E-007    -0.12980409E-003     0.37097579E-005     0.43808890E-013     0.65165014E-012
     0.36613254E+001     0.36245047E-007    -0.32388076E-007    -0.12443838E-003     0.32840918E-005     0.73574427E-013     0.61745162E-012
     0.36689215E+001     0.46968168E-007     0.28611146E-007    -0.11967331E-003     0.29452960E-005     0.97909541E-013     0.58780186E-012
     0.36765176E+001     0.11859528E-007     0.23469493E-007    -0.11538152E-003     0.26986630E-005     0.11787690E-012     0.56182542E-012
     0.36841137E+001     0.47900423E-008     0.14894115E-007    -0.11143487E-003     0.26535060E-005     0.13392796E-012     0.53860994E-012
     0.36917098E+001     0.26315186E-008     0.10308935E-007    -0.10846903E-003     0.32565420E-005     0.14789071E-012     0.51493645E-012
     0.36993060E+001     0.16989652E-008     0.75536541E-008    -0.10597100E-003     0.22868023E-005     0.16312751E-012     0.49717511E-012
     0.37069021E+001     0.12231297E-008     0.57124376E-008    -0.10296355E-003     0.18917159E-005     0.17377499E-012     0.48147861E-012
     0.37144982E+001     0.94532390E-009     0.43796415E-008    -0.10028030E-003     0.16958726E-005     0.18274888E-012     0.46671543E-012
     0.37220943E+001     0.76446544E-009     0.33320296E-008    -0.97846078E-004     0.15532013E-005     0.19052763E-012     0.45308098E-012
     0.37296904E+001     0.67346237E-009     0.24662496E-008    -0.95612225E-004     0.14361440E-005     0.19731220E-012     0.44051700E-012
     0.37372865E+001     0.67975297E-009     0.17673424E-008    -0.93548042E-004     0.13358242E-005     0.20325282E-012     0.42891992E-012
     0.37448826E+001     0.61184616E-009     0.12735027E-008    -0.91631210E-004     0.12480788E-005     0.20847216E-012     0.41818665E-012
     0.37524787E+001     0.51895247E-009     0.72044175E-009    -0.89844161E-004     0.11704238E-005     0.21307189E-012     0.40822399E-012
     0.37600748E+001     0.38736002E-009     0.18658801E-009    -0.88172476E-004     0.11011487E-005     0.21713672E-012     0.39895009E-012
     0.37676709E+001     0.45654501E-009    -0.47898732E-009    -0.86604028E-004     0.10389747E-005     0.22073776E-012     0.39029356E-012
     0.37752671E+001     0.55826638E-009    -0.10265805E-008    -0.85128465E-004     0.98289651E-006     0.22393475E-012     0.38219233E-012
     0.37828632E+001     0.68013406E-009    -0.15262972E-008    -0.83736846E-004     0.93210110E-006     0.22677842E-012     0.37459204E-012
     0.37904593E+001     0.73751696E-009    -0.17920486E-008    -0.82421395E-004     0.88591793E-006     0.22931169E-012     0.36744546E-012
     0.37980554E+001     0.57265753E-009    -0.25514001E-008    -0.81175301E-004     0.84378530E-006     0.23157135E-012     0.36071078E-012
     0.38056515E+001     0.78068558E-009    -0.33474732E-008    -0.79992566E-004     0.80522792E-006     0.23358908E-012     0.35435130E-012
     0.38132476E+001     0.91375058E-009    -0.41046733E-008    -0.78867883E-004     0.76984051E-006     0.23539212E-012     0.34833457E-012
     0.38208437E+001     0.10564214E-008    -0.51875497E-008    -0.77796537E-004     0.73727516E-006     0.23700391E-012     0.34263206E-012
     0.38284398E+001     0.13201032E-008    -0.66764622E-008    -0.76774321E-004     0.70723127E-006     0.23844473E-012     0.33721746E-012
     0.38360359E+001     0.20687355E-008    -0.86554177E-008    -0.75797472E-004     0.67944789E-006     0.23973288E-012     0.33206825E-012
     0.38436321E+001     0.32664742E-008    -0.11487230E-007    -0.74862609E-004     0.65369749E-006     0.24088395E-012     0.32716387E-012
     0.38512282E+001     0.60295308E-008    -0.16286155E-007    -0.73966687E-004     0.62978049E-006     0.24191152E-012     0.32248594E-012
     0.38588243E+001     0.14134497E-007    -0.24854566E-007    -0.73106957E-004     0.60752211E-006     0.24282775E-012     0.31801774E-012
     0.38664204E+001     0.54097947E-007    -0.26978389E-007    -0.72280929E-004     0.58676760E-006     0.24364329E-012     0.31374429E-012
     0.38740165E+001     0.34941083E-007     0.37834099E-007    -0.71486341E-004     0.56738017E-006     0.24436759E-012     0.30965202E-012
     0.38816126E+001     0.86752400E-008     0.25890346E-007    -0.70721136E-004     0.54923783E-006     0.24500912E-012     0.30572841E-012
     0.38892087E+001     0.33672335E-008     0.17756592E-007    -0.69983437E-004     0.53223281E-006     0.24557539E-012     0.30196230E-012
     0.38968048E+001     0.16887390E-008     0.13583260E-007    -0.69271527E-004     0.51626836E-006     0.24607310E-012     0.29834341E-012
     0.39044009E+001     0.48752996E-009     0.11082491E-007    -0.68583837E-004     0.50125824E-006     0.24650828E-012     0.29486237E-012
     0.39119971E+001     0.22206018E-009     0.86282372E-008    -0.67918922E-004     0.48712467E-006     0.24688629E-012     0.29151057E-012
     0.39195932E+001     0.33774485E-009     0.73988217E-008    -0.67275459E-004     0.47379770E-006     0.24721198E-012     0.28828017E-012
     0.39271893E+001     0.43110227E-009     0.65458914E-008    -0.66652224E-004     0.46121441E-006     0.24748970E-012     0.28516383E-012
     0.39347854E+001     0.38004920E-009     0.59303688E-008    -0.66048090E-004     0.44931796E-006     0.24772342E-012     0.28215490E-012
     0.39423815E+001     0.40212800E-009     0.54381853E-008    -0.65462017E-004     0.43805684E-006     0.24791673E-012     0.27924697E-012
     0.39499776E+001     0.34194683E-009     0.50820790E-008    -0.64893038E-004     0.42738431E-006     0.24807356E-012     0.27643495E-012
     0.39575737E+001     0.26774228E-009     0.47572333E-008    -0.64340262E-004     0.41725797E-006     0.24819566E-012     0.27371344E-012
     0.39651698E+001     0.19649551E-009     0.44142331E-008    -0.63802857E-004     0.40763887E-006     0.24828608E-012     0.27107742E-012
     0.39727659E+001     0.62391495E-010     0.41725287E-008    -0.63280051E-004     0.39849196E-006     0.24834736E-012     0.26852214E-012
     0.39803621E+001     0.46370636E-010     0.35577589E-008    -0.62771126E-004     0.38978494E-006     0.24838180E-012     0.26604351E-012
     0.39879582E+001     0.24303111E-009     0.35946822E-008    -0.62275412E-004     0.38148827E-006     0.24839142E-012     0.26363764E-012
     0.39955543E+001     0.18329181E-009     0.34290287E-008    -0.61792284E-004     0.37357467E-006     0.24837807E-012     0.26130090E-012
     0.40031504E+001     0.16818974E-009     0.32672700E-008    -0.61321156E-004     0.36602006E-006     0.24834344E-012     0.25902984E-012
     0.40107465E+001     0.15018571E-009     0.31186990E-008    -0.60861484E-004     0.35880087E-006     0.24828909E-012     0.25682125E-012
     0.40183426E+001     0.13637799E-009     0.29888248E-008    -0.60412753E-004     0.35189624E-006     0.24821667E-012     0.25467196E-012
     0.40259387E+001     0.13523194E-009     0.28535928E-008    -0.59974483E-004     0.34528692E-006     0.24812751E-012     0.25257994E-012
     0.40335348E+001     0.16459570E-009     0.27755704E-008    -0.59546225E-004     0.33895489E-006     0.24802245E-012     0.25054203E-012
     0.40411309E+001     0.14655313E-009     0.27434155E-008    -0.59127552E-004     0.33288356E-006     0.24790268E-012     0.24855575E-012
     0.40487270E+001     0.77217267E-010     0.27134751E-008    -0.58718067E-004     0.32705767E-006     0.24776943E-012     0.24661878E-012
     0.40563232E+001    -0.67278869E-010     0.27342733E-008    -0.58317395E-004     0.32146314E-006     0.24762363E-012     0.24472903E-012
     0.40639193E+001    -0.60722501E-009     0.23440347E-008    -0.57925180E-004     0.31608690E-006     0.24746619E-012     0.24288446E-012
     0.40715154E+001    -0.91154862E-010     0.18900131E-008    -0.57541090E-004     0.31091623E-006     0.24729788E-012     0.24108315E-012
     0.40791115E+001     0.68734690E-010     0.19184470E-008    -0.57164808E-004     0.30594007E-006     0.24711954E-012     0.23932327E-012
     0.40867076E+001     0.15288905E-009     0.18750925E-008    -0.56796037E-004     0.30114837E-006     0.24693189E-012     0.23760315E-012
     0.40943037E+001     0.33503879E-009     0.20257242E-008    -0.56434495E-004     0.29652943E-006     0.24673538E-012     0.23592117E-012
     0.41018998E+001     0.12957321E-009     0.20546548E-008    -0.56079914E-004     0.29207638E-006     0.24653092E-012     0.23427576E-012
     0.41094959E+001     0.11323996E-009     0.19689228E-008    -0.55732043E-004     0.28777942E-006     0.24631894E-012     0.23266552E-012
     0.41170920E+001     0.85853077E-010     0.19500608E-008    -0.55390640E-004     0.28363055E-006     0.24609994E-012     0.23108909E-012
     0.41246882E+001     0.39411957E-010     0.19315408E-008    -0.55055479E-004     0.27962269E-006     0.24587450E-012     0.22954514E-012
     0.41322843E+001    -0.63311538E-010     0.18192570E-008    -0.54726343E-004     0.27574850E-006     0.24564303E-012     0.22803247E-012
     0.41398804E+001    -0.32200941E-010     0.18164295E-008    -0.54403027E-004     0.27200139E-006     0.24540597E-012     0.22654989E-012
     0.41474765E+001    -0.33727878E-009     0.17249266E-008    -0.54085335E-004     0.26837524E-006     0.24516376E-012     0.22509632E-012
     0.41550726E+001    -0.86041288E-010     0.13229384E-008    -0.53773083E-004     0.26486433E-006     0.24491674E-012     0.22367070E-012
     0.41626687E+001     0.52191874E-010     0.13544495E-008    -0.53466092E-004     0.26146311E-006     0.24466528E-012     0.22227205E-012
     0.41702648E+001     0.72865804E-010     0.13471165E-008    -0.53164193E-004     0.25816644E-006     0.24440969E-012     0.22089939E-012
     0.41778609E+001     0.94186708E-010     0.12796869E-008    -0.52867227E-004     0.25496942E-006     0.24415027E-012     0.21955180E-012
     0.41854570E+001     0.13556931E-009     0.11994327E-008    -0.52575040E-004     0.25186786E-006     0.24388738E-012     0.21822839E-012
     0.41930532E+001     0.17542948E-009     0.11097948E-008    -0.52287484E-004     0.24885732E-006     0.24362146E-012     0.21692845E-012
     0.42006493E+001     0.24065021E-009     0.92147054E-009    -0.52004421E-004     0.24593365E-006     0.24335242E-012     0.21565124E-012
     0.42082454E+001     0.45040157E-009     0.61815711E-009    -0.51725715E-004     0.24309308E-006     0.24308062E-012     0.21439596E-012
     0.42158415E+001     0.10810947E-008     0.47865078E-009    -0.51451240E-004     0.24033220E-006     0.24280638E-012     0.21316192E-012
     0.42234376E+001     0.16938165E-008    -0.27109717E-011    -0.51180873E-004     0.23764743E-006     0.24252947E-012     0.21194862E-012
     0.42310337E+001     0.31335555E-008     0.97649199E-009    -0.50914497E-004     0.23503611E-006     0.24225021E-012     0.21075509E-012
     0.42386298E+001     0.65289665E-008     0.30516709E-008    -0.50651998E-004     0.23249302E-006     0.24196889E-012     0.20957970E-012
     0.42462259E+001     0.19893437E-008     0.69601159E-008    -0.50393269E-004     0.23001811E-006     0.24168664E-012     0.20842331E-012
     0.42538220E+001     0.27653392E-009     0.62834734E-008    -0.50138207E-004     0.22760743E-006     0.24140270E-012     0.20728520E-012
     0.42614182E+001    -0.52871347E-009     0.65666969E-008    -0.49886714E-004     0.22525838E-006     0.24111729E-012     0.20616462E-012
     0.42690143E+001    -0.20687602E-008     0.80330274E-008    -0.49638693E-004     0.22296862E-006     0.24083057E-012     0.20506104E-012
     0.42766104E+001    -0.93096602E-008     0.92005820E-008    -0.49394054E-004     0.22073588E-006     0.24054269E-012     0.20397391E-012
     0.42842065E+001    -0.76398613E-008    -0.25542848E-008    -0.49152709E-004     0.21855783E-006     0.24025383E-012     0.20290279E-012
     0.42918026E+001    -0.56158628E-008    -0.79119374E-009    -0.48914572E-004     0.21643242E-006     0.23996408E-012     0.20184719E-012
     0.42993987E+001    -0.34077022E-008    -0.40555442E-008    -0.48679564E-004     0.21435766E-006     0.23967352E-012     0.20080671E-012
     0.43069948E+001    -0.95923314E-009    -0.26126864E-008    -0.48447606E-004     0.21233185E-006     0.23938231E-012     0.19978085E-012
     0.43145909E+001    -0.38175854E-009    -0.16193350E-008    -0.48218623E-004     0.21035253E-006     0.23909054E-012     0.19876925E-012
     0.43221870E+001    -0.17434476E-009    -0.10543249E-008    -0.47992542E-004     0.20841857E-006     0.23879832E-012     0.19777149E-012
     0.43297831E+001    -0.83698773E-010    -0.70709072E-009    -0.47769293E-004     0.20652836E-006     0.23850572E-012     0.19678720E-012
     0.43373793E+001    -0.18107836E-010    -0.49458738E-009    -0.47548810E-004     0.20468021E-006     0.23821286E-012     0.19581603E-012
     0.43449754E+001     0.21764727E-010    -0.31726802E-009    -0.47331027E-004     0.20287254E-006     0.23791979E-012     0.19485761E-012
     0.43525715E+001     0.48683076E-010    -0.22088843E-009    -0.47115883E-004     0.20110397E-006     0.23762661E-012     0.19391162E-012
     0.43601676E+001     0.10083395E-009    -0.15488186E-009    -0.46903315E-004     0.19937322E-006     0.23733338E-012     0.19297773E-012
     0.43677637E+001     0.14201634E-009    -0.80642289E-010    -0.46693268E-004     0.19767872E-006     0.23704016E-012     0.19205562E-012
     0.43753598E+001     0.27580019E-009    -0.10075285E-009    -0.46485683E-004     0.19601960E-006     0.23674705E-012     0.19114500E-012
     0.43829559E+001     0.64631485E-009     0.17638851E-009    -0.46280507E-004     0.19439449E-006     0.23645407E-012     0.19024556E-012
     0.43905520E+001     0.31900847E-009     0.64517244E-009    -0.46077687E-004     0.19280238E-006     0.23616130E-012     0.18935704E-012
     0.43981481E+001     0.99660619E-010     0.62641221E-009    -0.45877172E-004     0.19124213E-006     0.23586880E-012     0.18847915E-012
     0.44057443E+001    -0.13728229E-010     0.67528456E-009    -0.45678913E-004     0.18971257E-006     0.23557662E-012     0.18761169E-012
     0.44133404E+001    -0.25413151E-009     0.79686954E-009    -0.45482863E-004     0.18821277E-006     0.23528477E-012     0.18675425E-012
     0.44209365E+001    -0.69503904E-009     0.69863745E-009    -0.45288976E-004     0.18674201E-006     0.23499337E-012     0.18590676E-012
     0.44285326E+001    -0.68980184E-009    -0.37725374E-009    -0.45097206E-004     0.18529908E-006     0.23470240E-012     0.18506893E-012
     0.44361287E+001    -0.72684293E-010    -0.25445633E-009    -0.44907511E-004     0.18388327E-006     0.23441193E-012     0.18424050E-012
     0.44437248E+001     0.94362461E-010    -0.30074541E-010    -0.44719850E-004     0.18249373E-006     0.23412199E-012     0.18342127E-012
     0.44513209E+001     0.76555222E-010     0.67274469E-010    -0.44534181E-004     0.18112965E-006     0.23383263E-012     0.18261102E-012
     0.44589170E+001     0.76848342E-010     0.10752523E-009    -0.44350465E-004     0.17979023E-006     0.23354387E-012     0.18180956E-012
     0.44665131E+001     0.72730053E-010     0.12026329E-009    -0.44168664E-004     0.17847472E-006     0.23325575E-012     0.18101668E-012
     0.44741093E+001     0.80596287E-010     0.12509616E-009    -0.43988742E-004     0.17718245E-006     0.23296829E-012     0.18023219E-012
     0.44817054E+001     0.83697826E-010     0.13145163E-009    -0.43810662E-004     0.17591269E-006     0.23268154E-012     0.17945591E-012
     0.44893015E+001     0.93859136E-010     0.12637349E-009    -0.43634390E-004     0.17466488E-006     0.23239551E-012     0.17868764E-012
     0.44968976E+001     0.10144209E-009     0.12252576E-009    -0.43459891E-004     0.17343838E-006     0.23211024E-012     0.17792722E-012
     0.45044937E+001     0.11008894E-009     0.11360689E-009    -0.43287134E-004     0.17223251E-006     0.23182574E-012     0.17717448E-012
     0.45120898E+001     0.11542527E-009     0.10352598E-009    -0.43116086E-004     0.17104671E-006     0.23154204E-012     0.17642926E-012
     0.45196859E+001     0.12356543E-009     0.67106472E-010    -0.42946716E-004     0.16988031E-006     0.23125916E-012     0.17569138E-012
     0.45272820E+001     0.14922590E-009     0.27821950E-010    -0.42778994E-004     0.16873296E-006     0.23097713E-012     0.17496071E-012
     0.45348781E+001     0.19581579E-009    -0.55925618E-010    -0.42612891E-004     0.16760409E-006     0.23069595E-012     0.17423709E-012
     0.45424742E+001     0.43204936E-009    -0.25184743E-009    -0.42448378E-004     0.16649317E-006     0.23041565E-012     0.17352037E-012
     0.45500704E+001     0.98299699E-009     0.45416463E-009    -0.42285428E-004     0.16539966E-006     0.23013626E-012     0.17281041E-012
     0.45576665E+001     0.32380492E-009     0.60028416E-009    -0.42124014E-004     0.16432314E-006     0.22985777E-012     0.17210708E-012
     0.45652626E+001     0.19013324E-009     0.46711704E-009    -0.41964109E-004     0.16326330E-006     0.22958020E-012     0.17141024E-012
     0.45728587E+001     0.12317451E-009     0.37552877E-009    -0.41805688E-004     0.16221941E-006     0.22930358E-012     0.17071976E-012
     0.45804548E+001     0.13367149E-009     0.30196896E-009    -0.41648727E-004     0.16119128E-006     0.22902791E-012     0.17003553E-012
     0.45880509E+001     0.13291666E-009     0.28280407E-009    -0.41493200E-004     0.16017847E-006     0.22875321E-012     0.16935741E-012
     0.45956470E+001     0.97659471E-010     0.22663434E-009    -0.41339085E-004     0.15918059E-006     0.22847949E-012     0.16868529E-012
     0.46032431E+001     0.14338866E-009     0.11738579E-009    -0.41186359E-004     0.15819724E-006     0.22820675E-012     0.16801905E-012
     0.46108392E+001     0.23722523E-009     0.85670628E-011    -0.41034998E-004     0.15722806E-006     0.22793501E-012     0.16735858E-012
     0.46184354E+001     0.64938192E-009    -0.80377536E-010    -0.40884982E-004     0.15627273E-006     0.22766427E-012     0.16670377E-012
     0.46260315E+001     0.58454248E-009     0.72097966E-009    -0.40736288E-004     0.15533083E-006     0.22739455E-012     0.16605452E-012
     0.46336276E+001     0.21724029E-009     0.58345818E-009    -0.40588897E-004     0.15440207E-006     0.22712586E-012     0.16541070E-012
     0.46412237E+001     0.15100841E-009     0.47875045E-009    -0.40442788E-004     0.15348623E-006     0.22685821E-012     0.16477226E-012
     0.46488198E+001     0.13540530E-009     0.41578614E-009    -0.40297941E-004     0.15258287E-006     0.22659158E-012     0.16413908E-012
     0.46564159E+001     0.12846703E-009     0.38980077E-009    -0.40154337E-004     0.15169176E-006     0.22632599E-012     0.16351105E-012
     0.46640120E+001     0.11159975E-009     0.36559497E-009    -0.40011956E-004     0.15081263E-006     0.22606146E-012     0.16288808E-012
     0.46716081E+001     0.10995752E-009     0.34229236E-009    -0.39870782E-004     0.14994518E-006     0.22579797E-012     0.16227010E-012
     0.46792042E+001     0.95618619E-010     0.30856535E-009    -0.39730795E-004     0.14908894E-006     0.22553554E-012     0.16165699E-012
     0.46868004E+001     0.11937529E-009     0.27280799E-009    -0.39591979E-004     0.14824408E-006     0.22527418E-012     0.16104869E-012
     0.46943965E+001     0.17328276E-009     0.25891506E-009    -0.39454315E-004     0.14741006E-006     0.22501388E-012     0.16044512E-012
     0.47019926E+001     0.14849514E-009     0.33149221E-009    -0.39317788E-004     0.14658666E-006     0.22475466E-012     0.15984618E-012
     0.47095887E+001     0.11568156E-009     0.30682535E-009    -0.39182381E-004     0.14577368E-006     0.22449650E-012     0.15925180E-012
     0.47171848E+001     0.10677914E-009     0.28331829E-009    -0.39048078E-004     0.14497094E-006     0.22423942E-012     0.15866190E-012
     0.47247809E+001     0.11144950E-009     0.25923892E-009    -0.38914864E-004     0.14417797E-006     0.22398342E-012     0.15807642E-012
     0.47323770E+001     0.11313691E-009     0.24907204E-009    -0.38782722E-004     0.14339479E-006     0.22372847E-012     0.15749522E-012
     0.47399731E+001     0.11106670E-009     0.21849443E-009    -0.38651639E-004     0.14262152E-006     0.22347465E-012     0.15691837E-012
     0.47475692E+001     0.15764647E-009     0.21540753E-009    -0.38521599E-004     0.14185726E-006     0.22322188E-012     0.15634563E-012
     0.47551654E+001     0.12749717E-009     0.21112117E-009    -0.38392589E-004     0.14110212E-006     0.22297020E-012     0.15577705E-012
     0.47627615E+001     0.13312268E-009     0.16443002E-009    -0.38264593E-004     0.14035598E-006     0.22271961E-012     0.15521254E-012
     0.47703576E+001     0.19542274E-009     0.14090705E-009    -0.38137600E-004     0.13961853E-006     0.22247009E-012     0.15465200E-012
     0.47779537E+001     0.18715326E-009     0.10554814E-009    -0.38011594E-004     0.13888971E-006     0.22222166E-012     0.15409539E-012
     0.47855498E+001     0.35252188E-009    -0.52442220E-010    -0.37886563E-004     0.13816930E-006     0.22197432E-012     0.15354264E-012
     0.47931459E+001     0.77463610E-009     0.44556921E-009    -0.37762494E-004     0.13745712E-006     0.22172805E-012     0.15299371E-012
     0.48007420E+001     0.27105561E-009     0.58039187E-009    -0.37639375E-004     0.13675302E-006     0.22148287E-012     0.15244852E-012
     0.48083381E+001     0.16287032E-009     0.47400536E-009    -0.37517193E-004     0.13605680E-006     0.22123877E-012     0.15190701E-012
     0.48159342E+001     0.12492910E-009     0.41963581E-009    -0.37395937E-004     0.13536835E-006     0.22099575E-012     0.15136914E-012
     0.48235303E+001     0.10626544E-009     0.37704217E-009    -0.37275593E-004     0.13468749E-006     0.22075382E-012     0.15083484E-012
     0.48311265E+001     0.10123008E-009     0.34635544E-009    -0.37156151E-004     0.13401406E-006     0.22051295E-012     0.15030406E-012
     0.48387226E+001     0.10163413E-009     0.33143813E-009    -0.37037599E-004     0.13334796E-006     0.22027317E-012     0.14977676E-012
     0.48463187E+001     0.10129592E-009     0.31604742E-009    -0.36919927E-004     0.13268906E-006     0.22003446E-012     0.14925287E-012
     0.48539148E+001     0.10236311E-009     0.30649148E-009    -0.36803123E-004     0.13203716E-006     0.21979683E-012     0.14873234E-012
     0.48615109E+001     0.10044436E-009     0.31017682E-009    -0.36687176E-004     0.13139218E-006     0.21956026E-012     0.14821514E-012
     0.48691070E+001     0.81274099E-010     0.31704871E-009    -0.36572076E-004     0.13075398E-006     0.21932477E-012     0.14770120E-012
     0.48767031E+001     0.15341278E-010     0.28067775E-009    -0.36457812E-004     0.13012242E-006     0.21909034E-012     0.14719049E-012
     0.48842992E+001     0.67885336E-010     0.22179393E-009    -0.36344375E-004     0.12949737E-006     0.21885697E-012     0.14668295E-012
     0.48918953E+001     0.88280517E-010     0.21761315E-009    -0.36231755E-004     0.12887873E-006     0.21862467E-012     0.14617854E-012
     0.48994915E+001     0.10659712E-009     0.22188155E-009    -0.36119941E-004     0.12826639E-006     0.21839343E-012     0.14567722E-012
     0.49070876E+001     0.10404273E-009     0.22361907E-009    -0.36008925E-004     0.12766025E-006     0.21816325E-012     0.14517895E-012
     0.49146837E+001     0.12582878E-009     0.21593167E-009    -0.35898696E-004     0.12706026E-006     0.21793407E-012     0.14468365E-012
     0.49222798E+001     0.11080062E-009     0.23146648E-009    -0.35789247E-004     0.12646595E-006     0.21770602E-012     0.14419132E-012
     0.49298759E+001     0.11341102E-009     0.20949831E-009    -0.35680566E-004     0.12587772E-006     0.21747900E-012     0.14370191E-012
     0.49374720E+001     0.15348952E-009     0.20753872E-009    -0.35572647E-004     0.12529526E-006     0.21725301E-012     0.14321540E-012
     0.49450681E+001     0.13199956E-009     0.26118402E-009    -0.35465479E-004     0.12471847E-006     0.21702804E-012     0.14273172E-012
     0.49526642E+001     0.11787515E-009     0.24806658E-009    -0.35359055E-004     0.12414714E-006     0.21680415E-012     0.14225079E-012
     0.49602603E+001     0.10515180E-009     0.24175487E-009    -0.35253366E-004     0.12358127E-006     0.21658128E-012     0.14177267E-012
     0.49678565E+001     0.11044688E-009     0.23869938E-009    -0.35148403E-004     0.12302083E-006     0.21635943E-012     0.14129727E-012
     0.49754526E+001     0.10234506E-009     0.23970749E-009    -0.35044159E-004     0.12246571E-006     0.21613861E-012     0.14082456E-012
     0.49830487E+001     0.88781629E-010     0.24296490E-009    -0.34940625E-004     0.12191569E-006     0.21591882E-012     0.14035450E-012
     0.49906448E+001     0.80469316E-010     0.21454833E-009    -0.34837794E-004     0.12137085E-006     0.21570005E-012     0.13988706E-012
     0.49982409E+001     0.89938537E-010     0.21755217E-009    -0.34735659E-004     0.12083103E-006     0.21548230E-012     0.13942220E-012
     0.50058370E+001     0.78268080E-010     0.20156278E-009    -0.34634210E-004     0.12029616E-006     0.21526556E-012     0.13895989E-012
     0.50134331E+001     0.93067302E-010     0.18766951E-009    -0.34533442E-004     0.11976610E-006     0.21504982E-012     0.13850011E-012
     0.50210292E+001     0.10607654E-009     0.19517045E-009    -0.34433346E-004     0.11924094E-006     0.21483510E-012     0.13804281E-012
     0.50286253E+001     0.10044155E-009     0.20136327E-009    -0.34333915E-004     0.11872051E-006     0.21462138E-012     0.13758797E-012
     0.50362215E+001     0.94112648E-010     0.19811318E-009    -0.34235143E-004     0.11820467E-006     0.21440866E-012     0.13713555E-012
     0.50438176E+001     0.96575587E-010     0.19268007E-009    -0.34137022E-004     0.11769342E-006     0.21419693E-012     0.13668552E-012
     0.50514137E+001     0.94091379E-010     0.18643071E-009    -0.34039545E-004     0.11718666E-006     0.21398620E-012     0.13623786E-012
     0.50590098E+001     0.98562618E-010     0.18702945E-009    -0.33942706E-004     0.11668430E-006     0.21377644E-012     0.13579254E-012
     0.50666059E+001     0.96174868E-010     0.18169226E-009    -0.33846498E-004     0.11618635E-006     0.21356767E-012     0.13534952E-012
     0.50742020E+001     0.95903525E-010     0.18618728E-009    -0.33750914E-004     0.11569270E-006     0.21335987E-012     0.13490878E-012
     0.50817981E+001     0.94823374E-010     0.17612815E-009    -0.33655949E-004     0.11520328E-006     0.21315306E-012     0.13447029E-012
     0.50893942E+001     0.96208158E-010     0.17924288E-009    -0.33561595E-004     0.11471804E-006     0.21294720E-012     0.13403403E-012
     0.50969903E+001     0.88370347E-010     0.17436984E-009    -0.33467846E-004     0.11423689E-006     0.21274233E-012     0.13359996E-012
     0.51045864E+001     0.95760738E-010     0.16372875E-009    -0.33374697E-004     0.11375982E-006     0.21253841E-012     0.13316807E-012
     0.51121826E+001     0.10369793E-009     0.15820513E-009    -0.33282141E-004     0.11328678E-006     0.21233544E-012     0.13273832E-012
     0.51197787E+001     0.11358980E-009     0.16958959E-009    -0.33190172E-004     0.11281764E-006     0.21213342E-012     0.13231068E-012
     0.51273748E+001     0.97347948E-010     0.17639658E-009    -0.33098785E-004     0.11235233E-006     0.21193237E-012     0.13188515E-012
     0.51349709E+001     0.96048052E-010     0.16291359E-009    -0.33007973E-004     0.11189088E-006     0.21173226E-012     0.13146168E-012
     0.51425670E+001     0.99231371E-010     0.15755830E-009    -0.32917731E-004     0.11143322E-006     0.21153308E-012     0.13104027E-012
     0.51501631E+001     0.10620245E-009     0.16038382E-009    -0.32828054E-004     0.11097928E-006     0.21133485E-012     0.13062087E-012
     0.51577592E+001     0.10849778E-009     0.15769606E-009    -0.32738935E-004     0.11052902E-006     0.21113754E-012     0.13020348E-012
     0.51653553E+001     0.10779231E-009     0.17071458E-009    -0.32650369E-004     0.11008238E-006     0.21094116E-012     0.12978806E-012
     0.51729514E+001     0.96511709E-010     0.16846161E-009    -0.32562352E-004     0.10963932E-006     0.21074572E-012     0.12937460E-012
     0.51805476E+001     0.93967918E-010     0.16999709E-009    -0.32474877E-004     0.10919974E-006     0.21055118E-012     0.12896308E-012
     0.51881437E+001     0.87936343E-010     0.15701127E-009    -0.32387940E-004     0.10876364E-006     0.21035756E-012     0.12855346E-012
     0.51957398E+001     0.93348873E-010     0.15573233E-009    -0.32301535E-004     0.10833099E-006     0.21016485E-012     0.12814574E-012
     0.52033359E+001     0.90150312E-010     0.15523609E-009    -0.32215657E-004     0.10790173E-006     0.20997306E-012     0.12773988E-012
     0.52109320E+001     0.90437644E-010     0.15306945E-009    -0.32130301E-004     0.10747581E-006     0.20978216E-012     0.12733588E-012
     0.52185281E+001     0.92572136E-010     0.15363124E-009    -0.32045463E-004     0.10705319E-006     0.20959217E-012     0.12693370E-012
     0.52261242E+001     0.83303097E-010     0.15872441E-009    -0.31961137E-004     0.10663381E-006     0.20940305E-012     0.12653334E-012
     0.52337203E+001     0.73990322E-010     0.15549053E-009    -0.31877319E-004     0.10621765E-006     0.20921484E-012     0.12613475E-012
     0.52413164E+001     0.57041503E-010     0.12958071E-009    -0.31794004E-004     0.10580468E-006     0.20902751E-012     0.12573794E-012
     0.52489126E+001     0.79924760E-010     0.12012994E-009    -0.31711188E-004     0.10539484E-006     0.20884107E-012     0.12534289E-012
     0.52565087E+001     0.85098689E-010     0.12334819E-009    -0.31628865E-004     0.10498811E-006     0.20865550E-012     0.12494956E-012
     0.52641048E+001     0.82985974E-010     0.12346143E-009    -0.31547031E-004     0.10458443E-006     0.20847080E-012     0.12455796E-012
     0.52717009E+001     0.86269783E-010     0.11320424E-009    -0.31465682E-004     0.10418377E-006     0.20828697E-012     0.12416804E-012
     0.52792970E+001     0.99011069E-010     0.11573938E-009    -0.31384813E-004     0.10378612E-006     0.20810401E-012     0.12377981E-012
     0.52868931E+001     0.94188961E-010     0.12239126E-009    -0.31304420E-004     0.10339142E-006     0.20792191E-012     0.12339323E-012
     0.52944892E+001     0.92719161E-010     0.12576614E-009    -0.31224499E-004     0.10299959E-006     0.20774066E-012     0.12300830E-012
     0.53020853E+001     0.80818125E-010     0.11973831E-009    -0.31145045E-004     0.10261064E-006     0.20756027E-012     0.12262500E-012
     0.53096814E+001     0.87146224E-010     0.11459138E-009    -0.31066055E-004     0.10222454E-006     0.20738072E-012     0.12224331E-012
     0.53172776E+001     0.81963427E-010     0.11403559E-009    -0.30987523E-004     0.10184125E-006     0.20720202E-012     0.12186321E-012
     0.53248737E+001     0.81973664E-010     0.10532787E-009    -0.30909447E-004     0.10146078E-006     0.20702415E-012     0.12148469E-012
     0.53324698E+001     0.85658339E-010     0.10008023E-009    -0.30831822E-004     0.10108306E-006     0.20684713E-012     0.12110773E-012
     0.53400659E+001     0.87082032E-010     0.10136277E-009    -0.30754643E-004     0.10070806E-006     0.20667093E-012     0.12073232E-012
     0.53476620E+001     0.88552929E-010     0.90806946E-010    -0.30677908E-004     0.10033576E-006     0.20649557E-012     0.12035845E-012
     0.53552581E+001     0.98854225E-010     0.93282614E-010    -0.30601612E-004     0.99966105E-007     0.20632100E-012     0.11998608E-012
     0.53628542E+001     0.97519989E-010     0.95854567E-010    -0.30525751E-004     0.99599066E-007     0.20614729E-012     0.11961520E-012
     0.53704503E+001     0.97170727E-010     0.10637540E-009    -0.30450322E-004     0.99234632E-007     0.20597437E-012     0.11924583E-012
     0.53780464E+001     0.78222117E-010     0.92324334E-010    -0.30375321E-004     0.98872765E-007     0.20580227E-012     0.11887791E-012
     0.53856425E+001     0.89453571E-010     0.75490432E-010    -0.30300744E-004     0.98513449E-007     0.20563097E-012     0.11851146E-012
     0.53932387E+001     0.99104985E-010     0.77457233E-010    -0.30226588E-004     0.98156662E-007     0.20546048E-012     0.11814645E-012
     0.54008348E+001     0.10617436E-009     0.70313587E-010    -0.30152849E-004     0.97802401E-007     0.20529078E-012     0.11778286E-012
     0.54084309E+001     0.11806556E-009     0.77168617E-010    -0.30079523E-004     0.97450602E-007     0.20512188E-012     0.11742071E-012
     0.54160270E+001     0.12165170E-009     0.92379886E-010    -0.30006606E-004     0.97101243E-007     0.20495378E-012     0.11705994E-012
     0.54236231E+001     0.10667477E-009     0.96890137E-010    -0.29934097E-004     0.96754287E-007     0.20478645E-012     0.11670056E-012
     0.54312192E+001     0.10608661E-009     0.89871861E-010    -0.29861990E-004     0.96409726E-007     0.20461991E-012     0.11634255E-012
     0.54388153E+001     0.10654110E-009     0.99589662E-010    -0.29790283E-004     0.96067555E-007     0.20445416E-012     0.11598592E-012
     0.54464114E+001     0.90863258E-010     0.97422766E-010    -0.29718972E-004     0.95727715E-007     0.20428916E-012     0.11563063E-012
     0.54540075E+001     0.86314785E-010     0.81984547E-010    -0.29648054E-004     0.95390214E-007     0.20412495E-012     0.11527667E-012
     0.54616037E+001     0.94592494E-010     0.76049296E-010    -0.29577525E-004     0.95055020E-007     0.20396150E-012     0.11492404E-012
     0.54691998E+001     0.99767072E-010     0.70278020E-010    -0.29507383E-004     0.94722111E-007     0.20379882E-012     0.11457272E-012
     0.54767959E+001     0.11726525E-009     0.88397273E-010    -0.29437624E-004     0.94391475E-007     0.20363689E-012     0.11422270E-012
     0.54843920E+001     0.82190599E-010     0.89611706E-010    -0.29368246E-004     0.94063081E-007     0.20347572E-012     0.11387396E-012
     0.54919881E+001     0.85705924E-010     0.72940389E-010    -0.29299244E-004     0.93736902E-007     0.20331530E-012     0.11352651E-012
     0.54995842E+001     0.85573214E-010     0.68014617E-010    -0.29230615E-004     0.93412925E-007     0.20315563E-012     0.11318031E-012
     0.55071803E+001     0.87263631E-010     0.61299986E-010    -0.29162358E-004     0.93091124E-007     0.20299670E-012     0.11283537E-012
     0.55147764E+001     0.88473682E-010     0.62629656E-010    -0.29094468E-004     0.92771492E-007     0.20283851E-012     0.11249167E-012
     0.55223725E+001     0.84898118E-010     0.59726882E-010    -0.29026943E-004     0.92454012E-007     0.20268106E-012     0.11214921E-012
     0.55299687E+001     0.78484889E-010     0.51283604E-010    -0.28959780E-004     0.92138669E-007     0.20252434E-012     0.11180795E-012
     0.55375648E+001     0.82405795E-010     0.38559732E-010    -0.28892975E-004     0.91825423E-007     0.20236835E-012     0.11146791E-012
     0.55451609E+001     0.92454629E-010     0.35388032E-010    -0.28826526E-004     0.91514282E-007     0.20221309E-012     0.11112907E-012
     0.55527570E+001     0.97520060E-010     0.30993646E-010    -0.28760430E-004     0.91205188E-007     0.20205855E-012     0.11079141E-012
     0.55603531E+001     0.10047884E-009     0.32520070E-010    -0.28694685E-004     0.90898167E-007     0.20190472E-012     0.11045493E-012
     0.55679492E+001     0.10695698E-009     0.29415926E-010    -0.28629286E-004     0.90593170E-007     0.20175161E-012     0.11011961E-012
     0.55755453E+001     0.10898261E-009     0.44024826E-010    -0.28564232E-004     0.90290287E-007     0.20159922E-012     0.10978546E-012
     0.55831414E+001     0.94381733E-010     0.36674934E-010    -0.28499520E-004     0.89989293E-007     0.20144752E-012     0.10945245E-012
     0.55907375E+001     0.94568587E-010     0.36844016E-010    -0.28435147E-004     0.89690426E-007     0.20129653E-012     0.10912057E-012
     0.55983336E+001     0.82568549E-010     0.28748316E-010    -0.28371111E-004     0.89393528E-007     0.20114624E-012     0.10878982E-012
     0.56059298E+001     0.81268661E-010     0.10071394E-010    -0.28307408E-004     0.89098548E-007     0.20099665E-012     0.10846018E-012
     0.56135259E+001     0.85275665E-010     0.51484988E-011    -0.28244036E-004     0.88805431E-007     0.20084775E-012     0.10813166E-012
     0.56211220E+001     0.90908974E-010    -0.63157374E-011    -0.28180992E-004     0.88514343E-007     0.20069954E-012     0.10780422E-012
     0.56287181E+001     0.95671548E-010    -0.12654106E-010    -0.28118274E-004     0.88225192E-007     0.20055202E-012     0.10747789E-012
     0.56363142E+001     0.98718114E-010    -0.12330748E-010    -0.28055879E-004     0.87937925E-007     0.20040517E-012     0.10715262E-012
     0.56439103E+001     0.91469042E-010    -0.18944247E-010    -0.27993805E-004     0.87652599E-007     0.20025901E-012     0.10682843E-012
     0.56515064E+001     0.10130840E-009    -0.34734951E-010    -0.27932049E-004     0.87369114E-007     0.20011352E-012     0.10650530E-012
     0.56591025E+001     0.10603264E-009    -0.34874807E-010    -0.27870608E-004     0.87087513E-007     0.19996870E-012     0.10618322E-012
     0.56666986E+001     0.10397004E-009    -0.33667967E-010    -0.27809481E-004     0.86807808E-007     0.19982455E-012     0.10586218E-012
     0.56742948E+001     0.86266509E-010    -0.48095215E-010    -0.27748664E-004     0.86529975E-007     0.19968107E-012     0.10554217E-012
     0.56818909E+001     0.90061795E-010    -0.79651632E-010    -0.27688155E-004     0.86253959E-007     0.19953825E-012     0.10522320E-012
     0.56894870E+001     0.10250514E-009    -0.90518569E-010    -0.27627952E-004     0.85979793E-007     0.19939609E-012     0.10490524E-012
     0.56970831E+001     0.10963080E-009    -0.10101660E-009    -0.27568053E-004     0.85707516E-007     0.19925458E-012     0.10458828E-012
     0.57046792E+001     0.10525143E-009    -0.11623143E-009    -0.27508454E-004     0.85436973E-007     0.19911373E-012     0.10427233E-012
     0.57122753E+001     0.10426608E-009    -0.14259438E-009    -0.27449154E-004     0.85168178E-007     0.19897352E-012     0.10395737E-012
     0.57198714E+001     0.11519156E-009    -0.16721091E-009    -0.27390150E-004     0.84901240E-007     0.19883396E-012     0.10364340E-012
     0.57274675E+001     0.12167862E-009    -0.19949096E-009    -0.27331441E-004     0.84636119E-007     0.19869504E-012     0.10333040E-012
     0.57350636E+001     0.12368633E-009    -0.22497192E-009    -0.27273022E-004     0.84372746E-007     0.19855676E-012     0.10301837E-012
     0.57426598E+001     0.12602586E-009    -0.28184350E-009    -0.27214894E-004     0.84111147E-007     0.19841911E-012     0.10270730E-012
     0.57502559E+001     0.14212330E-009    -0.33898834E-009    -0.27157052E-004     0.83851303E-007     0.19828210E-012     0.10239718E-012
     0.57578520E+001     0.15877689E-009    -0.42933424E-009    -0.27099495E-004     0.83593224E-007     0.19814572E-012     0.10208801E-012
     0.57654481E+001     0.19447772E-009    -0.54187351E-009    -0.27042221E-004     0.83336913E-007     0.19800996E-012     0.10177978E-012
     0.57730442E+001     0.25652801E-009    -0.72484298E-009    -0.26985227E-004     0.83082355E-007     0.19787482E-012     0.10147247E-012
     0.57806403E+001     0.39436995E-009    -0.10230521E-008    -0.26928511E-004     0.82829516E-007     0.19774031E-012     0.10116609E-012
     0.57882364E+001     0.82404219E-009    -0.16152004E-008    -0.26872071E-004     0.82578561E-007     0.19760641E-012     0.10086063E-012
     0.57958325E+001     0.30857268E-008    -0.22904861E-008    -0.26815905E-004     0.82329213E-007     0.19747312E-012     0.10055607E-012
     0.58034286E+001     0.31960301E-008     0.25570367E-008    -0.26760011E-004     0.82081277E-007     0.19734045E-012     0.10025241E-012
     0.58110248E+001     0.83719388E-009     0.19408936E-008    -0.26704386E-004     0.81835361E-007     0.19720839E-012     0.99949645E-013
     0.58186209E+001     0.38070978E-009     0.13309084E-008    -0.26649029E-004     0.81591198E-007     0.19707692E-012     0.99647770E-013
     0.58262170E+001     0.23511940E-009     0.10222764E-008    -0.26593937E-004     0.81348598E-007     0.19694606E-012     0.99346774E-013
     0.58338131E+001     0.15675759E-009     0.84905889E-009    -0.26539108E-004     0.81107745E-007     0.19681580E-012     0.99046651E-013
     0.58414092E+001     0.10503456E-009     0.67488359E-009    -0.26484540E-004     0.80868602E-007     0.19668613E-012     0.98747396E-013
     0.58490053E+001     0.12955364E-009     0.58259595E-009    -0.26430231E-004     0.80631162E-007     0.19655706E-012     0.98448998E-013
     0.58566014E+001     0.12929913E-009     0.54253233E-009    -0.26376179E-004     0.80395425E-007     0.19642857E-012     0.98151452E-013
     0.58641975E+001     0.11832025E-009     0.49250463E-009    -0.26322382E-004     0.80161361E-007     0.19630068E-012     0.97854753E-013
     0.58717936E+001     0.13267663E-009     0.46509942E-009    -0.26268838E-004     0.79928963E-007     0.19617336E-012     0.97558894E-013
     0.58793897E+001     0.11455219E-009     0.45424052E-009    -0.26215545E-004     0.79698272E-007     0.19604663E-012     0.97263873E-013
     0.58869859E+001     0.10606716E-009     0.42474025E-009    -0.26162500E-004     0.79469234E-007     0.19592046E-012     0.96969665E-013
     0.58945820E+001     0.98387858E-010     0.40960482E-009    -0.26109703E-004     0.79241975E-007     0.19579490E-012     0.96676289E-013
     0.59021781E+001     0.91041651E-010     0.39502190E-009    -0.26057150E-004     0.79016349E-007     0.19566989E-012     0.96383727E-013
     0.59097742E+001     0.94950551E-010     0.38707917E-009    -0.26004840E-004     0.78792365E-007     0.19554545E-012     0.96091969E-013
     0.59173703E+001     0.61153292E-010     0.41135055E-009    -0.25952771E-004     0.78570065E-007     0.19542158E-012     0.95801017E-013
     0.59249664E+001    -0.34769191E-010     0.32142152E-009    -0.25900940E-004     0.78349424E-007     0.19529827E-012     0.95510862E-013
     0.59325625E+001     0.49743808E-010     0.26286882E-009    -0.25849347E-004     0.78130569E-007     0.19517552E-012     0.95221495E-013
     0.59401586E+001     0.83546790E-010     0.26747739E-009    -0.25797988E-004     0.77913318E-007     0.19505333E-012     0.94932913E-013
     0.59477547E+001     0.84217947E-010     0.28094296E-009    -0.25746863E-004     0.77697708E-007     0.19493170E-012     0.94645107E-013
     0.59553509E+001     0.87981212E-010     0.26662647E-009    -0.25695969E-004     0.77483604E-007     0.19481062E-012     0.94358077E-013
     0.59629470E+001     0.93263087E-010     0.27063602E-009    -0.25645303E-004     0.77271676E-007     0.19469008E-012     0.94071804E-013
     0.59705431E+001     0.90564530E-010     0.26472249E-009    -0.25594865E-004     0.77061260E-007     0.19457010E-012     0.93786299E-013
     0.59781392E+001     0.94164296E-010     0.25886322E-009    -0.25544652E-004     0.76852237E-007     0.19445066E-012     0.93501549E-013
     0.59857353E+001     0.99949530E-010     0.25842992E-009    -0.25494662E-004     0.76647615E-007     0.19433176E-012     0.93217510E-013
     0.59933314E+001     0.10523126E-009     0.25447068E-009    -0.25444895E-004     0.76440967E-007     0.19421342E-012     0.92934270E-013
     0.60009275E+001     0.10712184E-009     0.26300742E-009    -0.25395346E-004     0.76237025E-007     0.19409560E-012     0.92651752E-013
     0.60085236E+001     0.10207738E-009     0.26357166E-009    -0.25346015E-004     0.76035085E-007     0.19397832E-012     0.92369965E-013
     0.60161197E+001     0.10444836E-009     0.26139653E-009    -0.25296900E-004     0.75834917E-007     0.19386155E-012     0.92088903E-013
     0.60237159E+001     0.10014219E-009     0.26549361E-009    -0.25247998E-004     0.75636511E-007     0.19374532E-012     0.91808559E-013
     0.60313120E+001     0.10797176E-009     0.26117331E-009    -0.25199309E-004     0.75439824E-007     0.19362961E-012     0.91528929E-013
     0.60389081E+001     0.97096853E-010     0.26782557E-009    -0.25150829E-004     0.75244873E-007     0.19351439E-012     0.91249993E-013
     0.60465042E+001     0.10343298E-009     0.25909773E-009    -0.25102556E-004     0.75052399E-007     0.19339968E-012     0.90971643E-013
     0.60541003E+001     0.95741384E-010     0.26580457E-009    -0.25054491E-004     0.74863288E-007     0.19328632E-012     0.90693750E-013
     0.60616964E+001     0.10136273E-009     0.24496992E-009    -0.25006632E-004     0.74672370E-007     0.19317181E-012     0.90417831E-013
     0.60692925E+001     0.11287194E-009     0.24818133E-009    -0.24958973E-004     0.74484496E-007     0.19305879E-012     0.90140904E-013
     0.60768886E+001     0.11843160E-009     0.23318861E-009    -0.24911516E-004     0.74299081E-007     0.19294696E-012     0.89866386E-013
     0.60844847E+001     0.15345447E-009     0.19570076E-009    -0.24864256E-004     0.74113376E-007     0.19283427E-012     0.89591368E-013
     0.60920809E+001     0.36496561E-009     0.20470512E-009    -0.24817193E-004     0.73930650E-007     0.19272270E-012     0.89317174E-013
     0.60996770E+001     0.23187185E-009     0.50999826E-009    -0.24770324E-004     0.73750053E-007     0.19261166E-012     0.89043721E-013
     0.61072731E+001     0.12220667E-009     0.45928488E-009    -0.24723648E-004     0.73571323E-007     0.19250111E-012     0.88770971E-013
     0.61148692E+001     0.10081010E-009     0.44152504E-009    -0.24677164E-004     0.73394455E-007     0.19239105E-012     0.88498883E-013
     0.61224653E+001     0.92603638E-010     0.44633803E-009    -0.24630868E-004     0.73219406E-007     0.19228148E-012     0.88227450E-013
     0.61300614E+001     0.82333523E-010     0.47103491E-009    -0.24584758E-004     0.73046071E-007     0.19217241E-012     0.87956658E-013
     0.61376575E+001     0.53232886E-010     0.49416764E-009    -0.24538834E-004     0.72875389E-007     0.19206384E-012     0.87686532E-013
     0.61452536E+001     0.44367589E-010     0.54062145E-009    -0.24493094E-004     0.72706346E-007     0.19195575E-012     0.87417040E-013
     0.61528497E+001    -0.11317516E-010     0.63274041E-009    -0.24447534E-004     0.72539269E-007     0.19184815E-012     0.87148182E-013
     0.61604458E+001    -0.21387648E-009     0.79676324E-009    -0.24402153E-004     0.72374028E-007     0.19174103E-012     0.86879956E-013
     0.61680420E+001    -0.88289913E-009     0.29736043E-009    -0.24356950E-004     0.72210833E-007     0.19163439E-012     0.86612355E-013
     0.61756381E+001    -0.18467605E-009    -0.51038350E-010    -0.24311922E-004     0.72049679E-007     0.19152824E-012     0.86345370E-013
     0.61832342E+001    -0.39178762E-011     0.11173990E-009    -0.24267067E-004     0.71890592E-007     0.19142257E-012     0.86079012E-013
     0.61908303E+001     0.48404166E-010     0.22985416E-009    -0.24222382E-004     0.71733570E-007     0.19131738E-012     0.85813264E-013
     0.61984264E+001     0.38771523E-010     0.29812798E-009    -0.24177867E-004     0.71578665E-007     0.19121266E-012     0.85548123E-013
     0.62060225E+001     0.52321572E-010     0.34030119E-009    -0.24133519E-004     0.71425954E-007     0.19110841E-012     0.85283587E-013
     0.62136186E+001     0.63835930E-010     0.40358734E-009    -0.24089336E-004     0.71275411E-007     0.19100463E-012     0.85019648E-013
     0.62212147E+001     0.51360418E-010     0.46804111E-009    -0.24045316E-004     0.71126762E-007     0.19090132E-012     0.84756305E-013
     0.62288108E+001     0.41794325E-010     0.52842617E-009    -0.24001456E-004     0.70980402E-007     0.19079848E-012     0.84493551E-013
     0.62364070E+001     0.33637184E-010     0.60360630E-009    -0.23957755E-004     0.70836407E-007     0.19069610E-012     0.84231392E-013
     0.62440031E+001     0.20865757E-010     0.70011875E-009    -0.23914210E-004     0.70694661E-007     0.19059413E-012     0.83969796E-013
     0.62515992E+001    -0.48050507E-011     0.83011538E-009    -0.23870820E-004     0.70555510E-007     0.19049273E-012     0.83708766E-013
     0.62591953E+001    -0.43033452E-010     0.10125480E-008    -0.23827581E-004     0.70418447E-007     0.19039173E-012     0.83448340E-013
     0.62667914E+001    -0.13379782E-009     0.12780880E-008    -0.23784492E-004     0.70283839E-007     0.19029118E-012     0.83188470E-013
     0.62743875E+001    -0.30513636E-009     0.16964197E-008    -0.23741551E-004     0.70151674E-007     0.19019108E-012     0.82929160E-013
     0.62819836E+001    -0.81163919E-009     0.24572500E-008    -0.23698755E-004     0.70021979E-007     0.19009144E-012     0.82670408E-013
     0.62895797E+001    -0.29037850E-008     0.32033093E-008    -0.23656101E-004     0.69894729E-007     0.18999226E-012     0.82412210E-013
     0.62971758E+001    -0.62205562E-008     0.20252817E-008    -0.23613588E-004     0.69770170E-007     0.18989353E-012     0.82154564E-013
     0.63047720E+001    -0.36415847E-008    -0.44422462E-008    -0.23571213E-004     0.69649056E-007     0.18979522E-012     0.81897488E-013
     0.63123681E+001    -0.89567110E-009    -0.29912629E-008    -0.23528975E-004     0.69528324E-007     0.18969736E-012     0.81640931E-013
     0.63199642E+001    -0.36276944E-009    -0.20451233E-008    -0.23486867E-004     0.69411864E-007     0.18959993E-012     0.81384891E-013
     0.63275603E+001    -0.35105295E-009    -0.14901662E-008    -0.23444892E-004     0.69298550E-007     0.18950297E-012     0.81129398E-013
     0.63351564E+001    -0.50991094E-009    -0.17481256E-008    -0.23403044E-004     0.69187740E-007     0.18940644E-012     0.80874451E-013
     0.63427525E+001    -0.66862828E-010    -0.16171676E-008    -0.23361322E-004     0.69079840E-007     0.18931032E-012     0.80620010E-013
     0.63503486E+001     0.38493639E-010    -0.14475269E-008    -0.23319722E-004     0.68974910E-007     0.18921465E-012     0.80366082E-013
     0.63579447E+001     0.86338995E-010    -0.13790608E-008    -0.23278242E-004     0.68873062E-007     0.18911942E-012     0.80112666E-013
     0.63655408E+001     0.12113521E-009    -0.13740498E-008    -0.23236881E-004     0.68774391E-007     0.18902462E-012     0.79859773E-013
     0.63731369E+001     0.16244400E-009    -0.14393640E-008    -0.23195633E-004     0.68677506E-007     0.18893024E-012     0.79607361E-013
     0.63807331E+001     0.22819684E-009    -0.15678826E-008    -0.23154495E-004     0.68585176E-007     0.18883630E-012     0.79355444E-013
     0.63883292E+001     0.32120723E-009    -0.17895280E-008    -0.23113466E-004     0.68496370E-007     0.18874279E-012     0.79104003E-013
     0.63959253E+001     0.48909584E-009    -0.21828627E-008    -0.23072544E-004     0.68410938E-007     0.18864973E-012     0.78853010E-013
     0.64035214E+001     0.84979941E-009    -0.29222732E-008    -0.23031723E-004     0.68328953E-007     0.18855716E-012     0.78602406E-013
     0.64111175E+001     0.20134740E-008    -0.44557814E-008    -0.22991001E-004     0.68250545E-007     0.18846531E-012     0.78352041E-013
     0.64187136E+001     0.78257003E-008    -0.63661311E-008    -0.22950375E-004     0.68176271E-007     0.18837568E-012     0.78102119E-013
     0.64263097E+001     0.11075463E-007     0.73705473E-008    -0.22909843E-004     0.68105096E-007     0.18828515E-012     0.77859776E-013
     0.64339058E+001     0.25817700E-008     0.71555407E-008    -0.22869399E-004     0.68037263E-007     0.18818707E-012     0.77611925E-013
     0.64415019E+001     0.76316173E-009     0.57126147E-008    -0.22829039E-004     0.67973811E-007     0.18809612E-012     0.77356359E-013
     0.64490981E+001     0.47376355E-010     0.53866065E-008    -0.22788760E-004     0.67912582E-007     0.18800872E-012     0.77109290E-013
     0.64566942E+001    -0.70871855E-009     0.61233270E-008    -0.22748558E-004     0.67860762E-007     0.18791946E-012     0.76862715E-013
     0.64642903E+001    -0.26862710E-008     0.83436336E-008    -0.22708434E-004     0.67812106E-007     0.18783024E-012     0.76616323E-013
     0.64718864E+001    -0.12363204E-007     0.12180843E-007    -0.22668379E-004     0.67765614E-007     0.18774131E-012     0.76370238E-013
     0.64794825E+001    -0.20202427E-007    -0.17158067E-007    -0.22628389E-004     0.67724566E-007     0.18765281E-012     0.76124433E-013
     0.64870786E+001     0.75189963E-008    -0.14058932E-007    -0.22588460E-004     0.67688438E-007     0.18756503E-012     0.75879269E-013
     0.64946747E+001     0.32815344E-008    -0.15490642E-008    -0.22548589E-004     0.67657510E-007     0.18747702E-012     0.75634735E-013
     0.65022708E+001     0.20161520E-008    -0.46640475E-009    -0.22508770E-004     0.67631679E-007     0.18738959E-012     0.75390322E-013
     0.65098669E+001     0.44451001E-009    -0.43194056E-009    -0.22468998E-004     0.67611367E-007     0.18730252E-012     0.75146294E-013
     0.65174631E+001     0.14396628E-009    -0.69276725E-009    -0.22429270E-004     0.67596707E-007     0.18721592E-012     0.74902672E-013
     0.65250592E+001     0.60411471E-010    -0.78849933E-009    -0.22389579E-004     0.67587932E-007     0.18712975E-012     0.74659504E-013
     0.65326553E+001     0.40257127E-010    -0.84988658E-009    -0.22349920E-004     0.67585835E-007     0.18704396E-012     0.74416728E-013
     0.65402514E+001     0.45109014E-010    -0.88774200E-009    -0.22310290E-004     0.67588318E-007     0.18695849E-012     0.74174387E-013
     0.65478475E+001     0.60687565E-010    -0.91401161E-009    -0.22270679E-004     0.67597070E-007     0.18687347E-012     0.73932425E-013
     0.65554436E+001     0.69204632E-010    -0.94597522E-009    -0.22231082E-004     0.67613750E-007     0.18678882E-012     0.73690894E-013
     0.65630397E+001     0.74019615E-010    -0.98352057E-009    -0.22191495E-004     0.67637892E-007     0.18670439E-012     0.73449747E-013
     0.65706358E+001     0.76652569E-010    -0.10453608E-008    -0.22151912E-004     0.67670015E-007     0.18662057E-012     0.73208751E-013
     0.65782319E+001     0.92320847E-010    -0.11305135E-008    -0.22112323E-004     0.67707061E-007     0.18653713E-012     0.72968250E-013
     0.65858281E+001     0.11248506E-009    -0.12226423E-008    -0.22072725E-004     0.67755179E-007     0.18645413E-012     0.72728242E-013
     0.65934242E+001     0.13105194E-009    -0.13436629E-008    -0.22033107E-004     0.67805999E-007     0.18637140E-012     0.72488547E-013
     0.66010203E+001     0.14833472E-009    -0.14987621E-008    -0.21993460E-004     0.67867898E-007     0.18628906E-012     0.72249234E-013
     0.66086164E+001     0.15544951E-009    -0.16948267E-008    -0.21953778E-004     0.67939323E-007     0.18620711E-012     0.72010244E-013
     0.66162125E+001     0.40824979E-010    -0.19345136E-008    -0.21914054E-004     0.68020415E-007     0.18612554E-012     0.71771608E-013
     0.66238086E+001    -0.34447329E-009    -0.31177533E-008    -0.21874277E-004     0.68110477E-007     0.18604433E-012     0.71533351E-013
     0.66314047E+001     0.69950382E-009    -0.43518331E-008    -0.21834438E-004     0.68211291E-007     0.18596349E-012     0.71295367E-013
     0.66390008E+001     0.20382212E-008    -0.61304491E-008    -0.21794528E-004     0.68322792E-007     0.18588304E-012     0.71057713E-013
     0.66465969E+001     0.77389518E-008    -0.93797126E-008    -0.21754535E-004     0.68446175E-007     0.18580301E-012     0.70820370E-013
     0.66541930E+001     0.16036877E-007     0.63776047E-008    -0.21714450E-004     0.68581211E-007     0.18572337E-012     0.70583518E-013
     0.66617892E+001     0.39114993E-008     0.74774434E-008    -0.21674260E-004     0.68728384E-007     0.18564390E-012     0.70346828E-013
     0.66693853E+001     0.14898518E-008     0.49433070E-008    -0.21633953E-004     0.68888677E-007     0.18556490E-012     0.70110394E-013
     0.66769814E+001     0.78807589E-009     0.36549961E-008    -0.21593516E-004     0.69062778E-007     0.18548627E-012     0.69874273E-013
     0.66845775E+001     0.50244206E-009     0.29350528E-008    -0.21552936E-004     0.69251324E-007     0.18540803E-012     0.69638435E-013
     0.66921736E+001     0.34592104E-009     0.25046256E-008    -0.21512197E-004     0.69455212E-007     0.18533005E-012     0.69402919E-013
     0.66997697E+001     0.24767364E-009     0.22403551E-008    -0.21471286E-004     0.69675222E-007     0.18525261E-012     0.69167441E-013
     0.67073658E+001     0.16090251E-009     0.20981818E-008    -0.21430184E-004     0.69912210E-007     0.18517546E-012     0.68932427E-013
     0.67149619E+001     0.49589229E-010     0.20888336E-008    -0.21388875E-004     0.70167336E-007     0.18509865E-012     0.68697601E-013
     0.67225580E+001    -0.23067919E-009     0.22588095E-008    -0.21347341E-004     0.70441642E-007     0.18502221E-012     0.68462994E-013
     0.67301542E+001    -0.15181263E-008     0.24243629E-008    -0.21305561E-004     0.70736337E-007     0.18494613E-012     0.68228601E-013
     0.67377503E+001    -0.13217897E-008    -0.16084456E-009    -0.21263515E-004     0.71052481E-007     0.18487041E-012     0.67994410E-013
     0.67453464E+001    -0.20793144E-009     0.14294939E-009    -0.21221180E-004     0.71391572E-007     0.18479506E-012     0.67760406E-013
     0.67529425E+001    -0.83581414E-011     0.39048109E-009    -0.21178532E-004     0.71755092E-007     0.18472006E-012     0.67526577E-013
     0.67605386E+001     0.55886067E-010     0.49475759E-009    -0.21135546E-004     0.72144604E-007     0.18464541E-012     0.67292907E-013
     0.67681347E+001     0.65490914E-010     0.54867524E-009    -0.21092192E-004     0.72561736E-007     0.18457112E-012     0.67059384E-013
     0.67757308E+001     0.77612837E-010     0.55648754E-009    -0.21048443E-004     0.73008977E-007     0.18449720E-012     0.66825972E-013
     0.67833269E+001     0.90416425E-010     0.56062239E-009    -0.21004266E-004     0.73487956E-007     0.18442363E-012     0.66592696E-013
     0.67909230E+001     0.97728987E-010     0.56683883E-009    -0.20959627E-004     0.74000925E-007     0.18435044E-012     0.66359503E-013
     0.67985192E+001     0.10716814E-009     0.57193470E-009    -0.20914488E-004     0.74550315E-007     0.18427756E-012     0.66126374E-013
     0.68061153E+001     0.98249342E-010     0.57750294E-009    -0.20868809E-004     0.75139240E-007     0.18420506E-012     0.65893288E-013
     0.68137114E+001     0.97108620E-010     0.57259140E-009    -0.20822546E-004     0.75770579E-007     0.18413292E-012     0.65660232E-013
     0.68213075E+001     0.10058596E-009     0.56666467E-009    -0.20775653E-004     0.76447611E-007     0.18406114E-012     0.65427176E-013
     0.68289036E+001     0.10216780E-009     0.56714637E-009    -0.20728078E-004     0.77174082E-007     0.18398971E-012     0.65194092E-013
     0.68364997E+001     0.97367863E-010     0.57097323E-009    -0.20679765E-004     0.77954132E-007     0.18391865E-012     0.64960948E-013
     0.68440958E+001     0.95590595E-010     0.56832418E-009    -0.20630652E-004     0.78792287E-007     0.18384794E-012     0.64727719E-013
     0.68516919E+001     0.93474792E-010     0.56762986E-009    -0.20580674E-004     0.79693634E-007     0.18377759E-012     0.64494365E-013
     0.68592880E+001     0.93350462E-010     0.56890232E-009    -0.20529757E-004     0.80663810E-007     0.18370761E-012     0.64260844E-013
     0.68668842E+001     0.95596688E-010     0.57052230E-009    -0.20477821E-004     0.81709223E-007     0.18363799E-012     0.64027122E-013
     0.68744803E+001     0.89510913E-010     0.57805510E-009    -0.20424777E-004     0.82836887E-007     0.18356873E-012     0.63793150E-013
     0.68820764E+001     0.86524616E-010     0.58185177E-009    -0.20370527E-004     0.84054752E-007     0.18349985E-012     0.63558869E-013
     0.68896725E+001     0.87775934E-010     0.58083021E-009    -0.20314964E-004     0.85372392E-007     0.18343134E-012     0.63324241E-013
     0.68972686E+001     0.90987534E-010     0.59246094E-009    -0.20257967E-004     0.86799657E-007     0.18336320E-012     0.63089193E-013
     0.69048647E+001     0.81972397E-010     0.60568008E-009    -0.20199404E-004     0.88348217E-007     0.18329544E-012     0.62853660E-013
     0.69124608E+001     0.86044299E-010     0.61633635E-009    -0.20139125E-004     0.90031544E-007     0.18322806E-012     0.62617566E-013
     0.69200569E+001     0.78442866E-010     0.63592223E-009    -0.20076964E-004     0.91864570E-007     0.18316108E-012     0.62380835E-013
     0.69276530E+001     0.77451101E-010     0.65820274E-009    -0.20012733E-004     0.93864921E-007     0.18309446E-012     0.62143376E-013
     0.69352491E+001     0.63335430E-010     0.70092517E-009    -0.19946222E-004     0.96053209E-007     0.18302825E-012     0.61905025E-013
     0.69428453E+001     0.20165843E-010     0.76666057E-009    -0.19877192E-004     0.98452755E-007     0.18296247E-012     0.61665727E-013
     0.69504414E+001    -0.17869890E-009     0.85090171E-009    -0.19805372E-004     0.10109092E-006     0.18289710E-012     0.61425320E-013
     0.69580375E+001    -0.23604949E-009     0.40295705E-009    -0.19730451E-004     0.10400004E-006     0.18283216E-012     0.61183654E-013
     0.69656336E+001     0.12904141E-010     0.46580167E-009    -0.19652076E-004     0.10721807E-006     0.18276767E-012     0.60940553E-013
     0.69732297E+001     0.60037964E-010     0.54970591E-009    -0.19569839E-004     0.11078999E-006     0.18270363E-012     0.60695809E-013
     0.69808258E+001     0.68866474E-010     0.60351956E-009    -0.19483265E-004     0.11476962E-006     0.18264008E-012     0.60449180E-013
     0.69884219E+001     0.67451093E-010     0.64139464E-009    -0.19391806E-004     0.11922162E-006     0.18257702E-012     0.60200397E-013
     0.69960180E+001     0.72376684E-010     0.68286158E-009    -0.19294816E-004     0.12422435E-006     0.18251448E-012     0.59949132E-013
     0.70036141E+001     0.67943891E-010     0.72700748E-009    -0.19191536E-004     0.12987343E-006     0.18245251E-012     0.59695006E-013
     0.70112103E+001     0.59251516E-010     0.76119914E-009    -0.19081063E-004     0.13628681E-006     0.18239112E-012     0.59437563E-013
     0.70188064E+001     0.52048045E-010     0.80540012E-009    -0.18962320E-004     0.14361122E-006     0.18233037E-012     0.59176263E-013
     0.70264025E+001     0.44058239E-010     0.84345880E-009    -0.18834003E-004     0.15203122E-006     0.18227032E-012     0.58910452E-013
     0.70339986E+001     0.42754586E-010     0.88638956E-009    -0.18694527E-004     0.16178148E-006     0.18221103E-012     0.58639332E-013
     0.70415947E+001     0.48080249E-010     0.95550825E-009    -0.18541943E-004     0.17316441E-006     0.18215260E-012     0.58361923E-013
     0.70491908E+001     0.32553784E-010     0.10327347E-008    -0.18373824E-004     0.18657533E-006     0.18209513E-012     0.58076997E-013
     0.70567869E+001     0.22370157E-010     0.11229981E-008    -0.18187114E-004     0.20253923E-006     0.18203877E-012     0.57783013E-013
     0.70643830E+001     0.18422562E-011     0.12269544E-008    -0.17977907E-004     0.22176613E-006     0.18198372E-012     0.57477992E-013
     0.70719791E+001    -0.18656991E-010     0.13705737E-008    -0.17741132E-004     0.24523557E-006     0.18193021E-012     0.57159355E-013
     0.70795753E+001    -0.88732613E-010     0.15591211E-008    -0.17470082E-004     0.27433089E-006     0.18187861E-012     0.56823681E-013
     0.70871714E+001    -0.24447006E-009     0.16837572E-008    -0.17155706E-004     0.31105851E-006     0.18182940E-012     0.56466328E-013
     0.70947675E+001    -0.19892002E-009     0.19037634E-008    -0.16785483E-004     0.35842041E-006     0.18178329E-012     0.56080832E-013
     0.71023636E+001    -0.28987692E-009     0.23350561E-008    -0.16341593E-004     0.42107688E-006     0.18174133E-012     0.55657924E-013
     0.71099597E+001    -0.50381256E-009     0.29954477E-008    -0.15797810E-004     0.50658797E-006     0.18170518E-012     0.55183785E-013
     0.71175558E+001    -0.11132035E-008     0.41677348E-008    -0.15113920E-004     0.62789621E-006     0.18167763E-012     0.54636913E-013
     0.71251519E+001    -0.33201675E-008     0.63118538E-008    -0.14225087E-004     0.80869913E-006     0.18166363E-012     0.53981844E-013
     0.71327480E+001    -0.13517673E-007     0.43534039E-008    -0.13019986E-004     0.10963019E-005     0.18167305E-012     0.53155615E-013
     0.71403441E+001    -0.56357501E-008    -0.72768818E-008    -0.11291395E-004     0.15966604E-005     0.18172822E-012     0.52034524E-013
     0.71479402E+001    -0.14908114E-008    -0.45592667E-008    -0.86111353E-005     0.25886176E-005     0.18189270E-012     0.50337532E-013
     0.71555364E+001    -0.59969695E-009    -0.30752809E-008    -0.39754350E-005     0.50058770E-005     0.18242292E-012     0.47267351E-013
     0.71631325E+001    -0.27640513E-009    -0.22672979E-008     0.49799581E-005     0.13434003E-004     0.18531810E-012     0.39638843E-013
     0.71707286E+001    -0.13326608E-009    -0.17625856E-008     0.95266664E-006     0.55483134E-004     0.22487329E-012     0.31544632E-013
     0.71783247E+001    -0.63191309E-010    -0.14281892E-008    -0.52650240E-004     0.26367927E-004     0.19141219E-012     0.82780698E-013
     0.71859208E+001    -0.21512168E-010    -0.11884558E-008    -0.41130823E-004     0.70932133E-005     0.18166258E-012     0.67788360E-013
     0.71935169E+001     0.94029423E-011    -0.10044277E-008    -0.34503462E-004     0.30014591E-005     0.18086114E-012     0.62905209E-013
     0.72011130E+001     0.24585469E-010    -0.86074614E-009    -0.30950134E-004     0.16146380E-005     0.18068594E-012     0.60596343E-013
     0.72087091E+001     0.41643931E-010    -0.73833585E-009    -0.28783750E-004     0.99713256E-006     0.18060911E-012     0.59201556E-013
     0.72163052E+001     0.48063815E-010    -0.63738363E-009    -0.27332040E-004     0.67315731E-006     0.18055485E-012     0.58231041E-013
     0.72239014E+001     0.50838384E-010    -0.54838603E-009    -0.26291930E-004     0.48374473E-006     0.18050644E-012     0.57491811E-013
     0.72314975E+001     0.53159239E-010    -0.47061821E-009    -0.25509245E-004     0.36419075E-006     0.18045925E-012     0.56892638E-013
     0.72390936E+001     0.53154501E-010    -0.39986154E-009    -0.24897863E-004     0.28430756E-006     0.18041190E-012     0.56384792E-013
     0.72466897E+001     0.59230436E-010    -0.32985884E-009    -0.24406073E-004     0.22853053E-006     0.18036401E-012     0.55939855E-013
     0.72542858E+001     0.48085204E-010    -0.26175536E-009    -0.24001015E-004     0.18819769E-006     0.18031554E-012     0.55540139E-013
     0.72618819E+001     0.47926097E-010    -0.19640426E-009    -0.23660833E-004     0.15818901E-006     0.18026654E-012     0.55174046E-013
     0.72694780E+001     0.41223558E-010    -0.12364765E-009    -0.23370433E-004     0.13532665E-006     0.18021710E-012     0.54833655E-013
     0.72770741E+001     0.45402111E-010    -0.35706091E-010    -0.23119066E-004     0.11755706E-006     0.18016732E-012     0.54513372E-013
     0.72846702E+001     0.41340300E-010     0.94648769E-010    -0.22898868E-004     0.10350747E-006     0.18011727E-012     0.54209132E-013
     0.72922664E+001    -0.25398176E-010     0.26023456E-009    -0.22703957E-004     0.92233232E-007     0.18006703E-012     0.53917909E-013
     0.72998625E+001    -0.10401451E-009     0.47699601E-009    -0.22529845E-004     0.83068052E-007     0.18001666E-012     0.53637403E-013
     0.73074586E+001    -0.32071681E-009     0.86514709E-009    -0.22373050E-004     0.75531523E-007     0.17996620E-012     0.53365839E-013
     0.73150547E+001    -0.11939628E-008     0.16032257E-008    -0.22230828E-004     0.69270636E-007     0.17991571E-012     0.53101818E-013
     0.73226508E+001    -0.43657380E-008    -0.30779205E-009    -0.22100988E-004     0.64021629E-007     0.17986523E-012     0.52844237E-013
     0.73302469E+001    -0.11872181E-008    -0.23986997E-008    -0.21981761E-004     0.59584252E-007     0.17981476E-012     0.52592190E-013
     0.73378430E+001    -0.31655731E-009    -0.16602217E-008    -0.21871699E-004     0.55804831E-007     0.17976435E-012     0.52344938E-013
     0.73454391E+001    -0.98015693E-010    -0.12785318E-008    -0.21769611E-004     0.52563524E-007     0.17971403E-012     0.52101890E-013
     0.73530352E+001    -0.99454062E-011    -0.10664916E-008    -0.21674504E-004     0.49765794E-007     0.17966380E-012     0.51862537E-013
     0.73606314E+001     0.41500371E-010    -0.93419932E-009    -0.21585546E-004     0.47336824E-007     0.17961368E-012     0.51626465E-013
     0.73682275E+001     0.65704394E-010    -0.85320832E-009    -0.21502032E-004     0.45216376E-007     0.17956369E-012     0.51393317E-013
     0.73758236E+001     0.99887550E-010    -0.82859984E-009    -0.21423365E-004     0.43355775E-007     0.17951383E-012     0.51162791E-013
     0.73834197E+001     0.20931862E-009    -0.85659697E-009    -0.21349031E-004     0.41715293E-007     0.17946413E-012     0.50934623E-013
     0.73910158E+001     0.55666148E-009    -0.56243871E-009    -0.21278589E-004     0.40262323E-007     0.17941458E-012     0.50708602E-013
     0.73986119E+001     0.22099892E-009    -0.33733961E-009    -0.21211657E-004     0.38969881E-007     0.17936520E-012     0.50484528E-013
     0.74062080E+001     0.12647720E-009    -0.37640323E-009    -0.21147902E-004     0.37815445E-007     0.17931598E-012     0.50262233E-013
     0.74138041E+001     0.10963615E-009    -0.39625116E-009    -0.21087033E-004     0.36780257E-007     0.17926695E-012     0.50041565E-013
     0.74214002E+001     0.11051035E-009    -0.39243150E-009    -0.21028795E-004     0.35848607E-007     0.17921811E-012     0.49822410E-013
     0.74289963E+001     0.10315624E-009    -0.37952065E-009    -0.20972963E-004     0.35006920E-007     0.17916945E-012     0.49604654E-013
     0.74365925E+001     0.98241007E-010    -0.37040842E-009    -0.20919337E-004     0.34243956E-007     0.17912097E-012     0.49388182E-013
     0.74441886E+001     0.92878079E-010    -0.36601051E-009    -0.20867740E-004     0.33549988E-007     0.17907269E-012     0.49172909E-013
     0.74517847E+001     0.89167885E-010    -0.36191810E-009    -0.20818013E-004     0.32916695E-007     0.17902461E-012     0.48958757E-013
     0.74593808E+001     0.94321482E-010    -0.35833911E-009    -0.20770017E-004     0.32336919E-007     0.17897673E-012     0.48745653E-013
     0.74669769E+001     0.93608073E-010    -0.35235196E-009    -0.20723624E-004     0.31804474E-007     0.17892905E-012     0.48533534E-013
     0.74745730E+001     0.10160497E-009    -0.35274380E-009    -0.20678721E-004     0.31314009E-007     0.17888158E-012     0.48322341E-013
     0.74821691E+001     0.10817248E-009    -0.33778295E-009    -0.20635203E-004     0.30860858E-007     0.17883431E-012     0.48112023E-013
     0.74897652E+001     0.10085115E-009    -0.32735140E-009    -0.20592979E-004     0.30440967E-007     0.17878725E-012     0.47902530E-013
     0.74973613E+001     0.10130891E-009    -0.32344893E-009    -0.20551964E-004     0.30050767E-007     0.17874040E-012     0.47693822E-013
     0.75049575E+001     0.10006709E-009    -0.32521302E-009    -0.20512082E-004     0.29687141E-007     0.17869376E-012     0.47485854E-013
     0.75125536E+001     0.10051011E-009    -0.32363483E-009    -0.20473261E-004     0.29347309E-007     0.17864733E-012     0.47278598E-013
     0.75201497E+001     0.10332935E-009    -0.32668610E-009    -0.20435440E-004     0.29028901E-007     0.17860112E-012     0.47072017E-013
     0.75277458E+001     0.11508505E-009    -0.31994492E-009    -0.20398559E-004     0.28729763E-007     0.17855511E-012     0.46866080E-013
     0.75353419E+001     0.11062760E-009    -0.30978938E-009    -0.20362565E-004     0.28447994E-007     0.17850932E-012     0.46660761E-013
     0.75429380E+001     0.10211605E-009    -0.31513348E-009    -0.20327408E-004     0.28181867E-007     0.17846375E-012     0.46456032E-013
     0.75505341E+001     0.10191428E-009    -0.32538882E-009    -0.20293044E-004     0.27929967E-007     0.17841838E-012     0.46251865E-013
     0.75581302E+001     0.10790586E-009    -0.33500613E-009    -0.20259431E-004     0.27690889E-007     0.17837324E-012     0.46048259E-013
     0.75657263E+001     0.11920252E-009    -0.33708971E-009    -0.20226531E-004     0.27463445E-007     0.17832831E-012     0.45845168E-013
     0.75733225E+001     0.11211721E-009    -0.34445170E-009    -0.20194307E-004     0.27246561E-007     0.17828359E-012     0.45642588E-013
     0.75809186E+001     0.11588752E-009    -0.36947172E-009    -0.20162727E-004     0.27039312E-007     0.17823909E-012     0.45440497E-013
     0.75885147E+001     0.12519912E-009    -0.40791024E-009    -0.20131761E-004     0.26840803E-007     0.17819481E-012     0.45238878E-013
     0.75961108E+001     0.16495694E-009    -0.47690981E-009    -0.20101379E-004     0.26650263E-007     0.17815074E-012     0.45037718E-013
     0.76037069E+001     0.29931015E-009    -0.58896852E-009    -0.20071556E-004     0.26466990E-007     0.17810689E-012     0.44837001E-013
     0.76113030E+001     0.83883882E-009    -0.33142075E-009    -0.20042268E-004     0.26290365E-007     0.17806325E-012     0.44636716E-013
     0.76188991E+001     0.33410255E-009     0.71360944E-010    -0.20013490E-004     0.26119807E-007     0.17801983E-012     0.44436849E-013
     0.76264952E+001     0.18234466E-009    -0.59330168E-010    -0.19985202E-004     0.25954788E-007     0.17797662E-012     0.44237388E-013
     0.76340913E+001     0.14995436E-009    -0.11338140E-009    -0.19957383E-004     0.25794864E-007     0.17793363E-012     0.44038322E-013
     0.76416875E+001     0.11995810E-009    -0.15132310E-009    -0.19930015E-004     0.25639594E-007     0.17789085E-012     0.43839641E-013
     0.76492836E+001     0.10951223E-009    -0.18821734E-009    -0.19903081E-004     0.25488591E-007     0.17784829E-012     0.43641336E-013
     0.76568797E+001     0.10352831E-009    -0.21944178E-009    -0.19876564E-004     0.25341523E-007     0.17780595E-012     0.43443396E-013
     0.76644758E+001     0.10343808E-009    -0.24868384E-009    -0.19850447E-004     0.25198025E-007     0.17776381E-012     0.43245815E-013
     0.76720719E+001     0.11345697E-009    -0.27927489E-009    -0.19824718E-004     0.25057844E-007     0.17772189E-012     0.43048581E-013
     0.76796680E+001     0.12398575E-009    -0.30344507E-009    -0.19799361E-004     0.24920691E-007     0.17768019E-012     0.42851688E-013
     0.76872641E+001     0.15016683E-009    -0.34026575E-009    -0.19774365E-004     0.24786352E-007     0.17763870E-012     0.42655130E-013
     0.76948602E+001     0.20852605E-009    -0.27881309E-009    -0.19749717E-004     0.24654568E-007     0.17759742E-012     0.42458899E-013
     0.77024563E+001     0.13341109E-009    -0.29079034E-009    -0.19725405E-004     0.24525145E-007     0.17755636E-012     0.42262988E-013
     0.77100524E+001     0.10893711E-009    -0.32188350E-009    -0.19701419E-004     0.24397933E-007     0.17751551E-012     0.42067389E-013
     0.77176486E+001     0.40767667E-010    -0.35122588E-009    -0.19677749E-004     0.24272727E-007     0.17747487E-012     0.41872097E-013
     0.77252447E+001    -0.77058696E-011    -0.62722654E-009    -0.19654384E-004     0.24149374E-007     0.17743444E-012     0.41677111E-013
     0.77328408E+001     0.14526523E-009    -0.71620769E-009    -0.19631315E-004     0.24027751E-007     0.17739422E-012     0.41482411E-013
     0.77404369E+001     0.21781036E-009    -0.82754455E-009    -0.19608535E-004     0.23907675E-007     0.17735421E-012     0.41288010E-013
     0.77480330E+001     0.30275773E-009    -0.10133519E-008    -0.19586034E-004     0.23789067E-007     0.17731442E-012     0.41093892E-013
     0.77556291E+001     0.47090851E-009    -0.13876337E-008    -0.19563804E-004     0.23671807E-007     0.17727483E-012     0.40900056E-013
     0.77632252E+001     0.11499139E-008    -0.22052487E-008    -0.19541839E-004     0.23555792E-007     0.17723546E-012     0.40706494E-013
     0.77708213E+001     0.48064676E-008    -0.20138117E-008    -0.19520132E-004     0.23440913E-007     0.17719630E-012     0.40513205E-013
     0.77784174E+001     0.24593226E-008     0.28834484E-008    -0.19498674E-004     0.23327094E-007     0.17715734E-012     0.40320186E-013
     0.77860136E+001     0.67234049E-009     0.18593816E-008    -0.19477461E-004     0.23214253E-007     0.17711859E-012     0.40127424E-013
     0.77936097E+001     0.33665852E-009     0.12885532E-008    -0.19456485E-004     0.23102322E-007     0.17708005E-012     0.39934923E-013
     0.78012058E+001     0.21247077E-009     0.99370417E-009    -0.19435742E-004     0.22991218E-007     0.17704172E-012     0.39742678E-013
     0.78088019E+001     0.16216327E-009     0.84453924E-009    -0.19415225E-004     0.22880854E-007     0.17700359E-012     0.39550682E-013
     0.78163980E+001     0.12560145E-009     0.75695725E-009    -0.19394929E-004     0.22771241E-007     0.17696567E-012     0.39358937E-013
     0.78239941E+001     0.78752451E-010     0.71002370E-009    -0.19374850E-004     0.22662330E-007     0.17692796E-012     0.39167434E-013
     0.78315902E+001     0.58978468E-010     0.71377545E-009    -0.19354981E-004     0.22553973E-007     0.17689045E-012     0.38976172E-013
     0.78391863E+001    -0.71584463E-010     0.79430118E-009    -0.19335320E-004     0.22446172E-007     0.17685315E-012     0.38785148E-013
     0.78467824E+001    -0.27979982E-009     0.60675344E-009    -0.19315860E-004     0.22338898E-007     0.17681606E-012     0.38594359E-013
     0.78543786E+001    -0.36396698E-009     0.70798513E-009    -0.19296599E-004     0.22232091E-007     0.17677917E-012     0.38403800E-013
     0.78619747E+001    -0.55249094E-009     0.59345613E-009    -0.19277531E-004     0.22125737E-007     0.17674248E-012     0.38213472E-013
     0.78695708E+001    -0.11475971E-008    -0.22383628E-009    -0.19258654E-004     0.22019782E-007     0.17670599E-012     0.38023367E-013
     0.78771669E+001    -0.22090531E-009    -0.42732170E-009    -0.19239962E-004     0.21914213E-007     0.17666971E-012     0.37833486E-013
     0.78847630E+001    -0.26369531E-010    -0.22048098E-009    -0.19221454E-004     0.21808999E-007     0.17663364E-012     0.37643825E-013
     0.78923591E+001     0.27312468E-010    -0.10419506E-009    -0.19203125E-004     0.21704061E-007     0.17659776E-012     0.37454383E-013
     0.78999552E+001     0.48455333E-010    -0.34453301E-010    -0.19184971E-004     0.21599438E-007     0.17656208E-012     0.37265156E-013
     0.79075513E+001     0.39509087E-010     0.36637227E-010    -0.19166991E-004     0.21495068E-007     0.17652660E-012     0.37076126E-013
     0.79151474E+001    -0.29165005E-010     0.12143835E-009    -0.19149180E-004     0.21390949E-007     0.17649135E-012     0.36887305E-013
     0.79227435E+001    -0.26994910E-009    -0.21093132E-010    -0.19131535E-004     0.21287047E-007     0.17645629E-012     0.36698722E-013
     0.79303397E+001    -0.38396230E-010    -0.20648111E-009    -0.19114055E-004     0.21183386E-007     0.17642141E-012     0.36510335E-013
     0.79379358E+001     0.50747704E-010    -0.13487623E-009    -0.19096736E-004     0.21079905E-007     0.17638673E-012     0.36322141E-013
     0.79455319E+001     0.72729741E-010    -0.93144385E-010    -0.19079576E-004     0.20976595E-007     0.17635226E-012     0.36134149E-013
     0.79531280E+001     0.79174888E-010    -0.71784604E-010    -0.19062571E-004     0.20873445E-007     0.17631799E-012     0.35946356E-013
     0.79607241E+001     0.86130264E-010    -0.55386375E-010    -0.19045720E-004     0.20770447E-007     0.17628391E-012     0.35758760E-013
     0.79683202E+001     0.87016793E-010    -0.42068143E-010    -0.19029021E-004     0.20667590E-007     0.17625003E-012     0.35571359E-013
     0.79759163E+001     0.88722381E-010    -0.38294994E-010    -0.19012470E-004     0.20564802E-007     0.17621635E-012     0.35384149E-013
     0.79835124E+001     0.96659762E-010    -0.24046341E-010    -0.18996066E-004     0.20462112E-007     0.17618287E-012     0.35197130E-013
     0.79911085E+001     0.90074931E-010    -0.41305618E-011    -0.18979807E-004     0.20359588E-007     0.17614958E-012     0.35010299E-013
     0.79987047E+001     0.74204202E-010     0.17421550E-011    -0.18963691E-004     0.20257120E-007     0.17611649E-012     0.34823655E-013
     0.80063008E+001     0.45882084E-010     0.24504602E-010    -0.18947715E-004     0.20154770E-007     0.17608359E-012     0.34637196E-013
     0.80138969E+001    -0.26173068E-010    -0.79675946E-010    -0.18931878E-004     0.20052473E-007     0.17605089E-012     0.34450919E-013
     0.80214930E+001     0.59173533E-010    -0.10297219E-009    -0.18916178E-004     0.19950246E-007     0.17601838E-012     0.34264823E-013
     0.80290891E+001     0.90143178E-010    -0.10715076E-009    -0.18900613E-004     0.19848077E-007     0.17598607E-012     0.34078906E-013
     0.80366852E+001     0.11352991E-009    -0.11776017E-009    -0.18885182E-004     0.19745834E-007     0.17595395E-012     0.33893168E-013
     0.80442813E+001     0.18107706E-009    -0.14931405E-009    -0.18869882E-004     0.19643780E-007     0.17592203E-012     0.33707604E-013
     0.80518774E+001     0.35190029E-009    -0.10662440E-009    -0.18854712E-004     0.19541790E-007     0.17589029E-012     0.33522215E-013
     0.80594735E+001     0.23326939E-009     0.15363115E-009    -0.18839671E-004     0.19439750E-007     0.17585875E-012     0.33336999E-013
     0.80670697E+001     0.13564576E-009     0.10735068E-009    -0.18824757E-004     0.19337764E-007     0.17582741E-012     0.33151953E-013
     0.80746658E+001     0.11095218E-009     0.82299791E-010    -0.18809969E-004     0.19235814E-007     0.17579625E-012     0.32967076E-013
     0.80822619E+001     0.10151243E-009     0.71866429E-010    -0.18795304E-004     0.19133867E-007     0.17576528E-012     0.32782367E-013
     0.80898580E+001     0.96198232E-010     0.60856221E-010    -0.18780762E-004     0.19031939E-007     0.17573451E-012     0.32597825E-013
     0.80974541E+001     0.91866402E-010     0.63165026E-010    -0.18766342E-004     0.18930027E-007     0.17570392E-012     0.32413447E-013
     0.81050502E+001     0.87803853E-010     0.60899100E-010    -0.18752042E-004     0.18828130E-007     0.17567353E-012     0.32229231E-013
     0.81126463E+001     0.86231039E-010     0.61085555E-010    -0.18737860E-004     0.18726239E-007     0.17564333E-012     0.32045178E-013
     0.81202424E+001     0.83021347E-010     0.65294486E-010    -0.18723796E-004     0.18624357E-007     0.17561331E-012     0.31861285E-013
     0.81278385E+001     0.74804353E-010     0.62555539E-010    -0.18709849E-004     0.18522477E-007     0.17558348E-012     0.31677550E-013
     0.81354347E+001     0.84262361E-010     0.70212918E-010    -0.18696016E-004     0.18420620E-007     0.17555384E-012     0.31493973E-013
     0.81430308E+001     0.78065692E-010     0.86664232E-010    -0.18682298E-004     0.18318749E-007     0.17552439E-012     0.31310551E-013
     0.81506269E+001     0.70077199E-010     0.10703202E-009    -0.18668692E-004     0.18216839E-007     0.17549513E-012     0.31127285E-013
     0.81582230E+001     0.50071981E-010     0.13613966E-009    -0.18655199E-004     0.18114945E-007     0.17546605E-012     0.30944171E-013
     0.81658191E+001     0.13051294E-010     0.19182002E-009    -0.18641816E-004     0.18013050E-007     0.17543716E-012     0.30761210E-013
     0.81734152E+001    -0.20556687E-009     0.28346708E-009    -0.18628543E-004     0.17911146E-007     0.17540845E-012     0.30578398E-013
     0.81810113E+001    -0.27500850E-009    -0.23936776E-009    -0.18615379E-004     0.17809233E-007     0.17537994E-012     0.30395735E-013
     0.81886074E+001     0.67248625E-011    -0.17870747E-009    -0.18602323E-004     0.17707313E-007     0.17535160E-012     0.30213221E-013
     0.81962035E+001     0.54790912E-010    -0.10596006E-009    -0.18589373E-004     0.17605389E-007     0.17532346E-012     0.30030853E-013
     0.82037996E+001     0.68685192E-010    -0.67083406E-010    -0.18576530E-004     0.17503457E-007     0.17529549E-012     0.29848631E-013
     0.82113958E+001     0.75637355E-010    -0.40731102E-010    -0.18563792E-004     0.17401555E-007     0.17526771E-012     0.29666554E-013
     0.82189919E+001     0.71647528E-010    -0.15143576E-010    -0.18551158E-004     0.17299532E-007     0.17524012E-012     0.29484614E-013
     0.82265880E+001     0.66002280E-010     0.46427310E-012    -0.18538628E-004     0.17197529E-007     0.17521271E-012     0.29302821E-013
     0.82341841E+001     0.61812842E-010     0.28860976E-010    -0.18526200E-004     0.17095526E-007     0.17518548E-012     0.29121167E-013
     0.82417802E+001     0.15591007E-010     0.84088083E-010    -0.18513874E-004     0.16993514E-007     0.17515843E-012     0.28939653E-013
     0.82493763E+001    -0.20799036E-009     0.54026558E-010    -0.18501648E-004     0.16891484E-007     0.17513157E-012     0.28758276E-013
     0.82569724E+001    -0.39419377E-010    -0.20852392E-009    -0.18489523E-004     0.16789439E-007     0.17510489E-012     0.28577035E-013
     0.82645685E+001     0.57876688E-010    -0.14985785E-009    -0.18477498E-004     0.16687378E-007     0.17507839E-012     0.28395931E-013
     0.82721646E+001     0.86197714E-010    -0.11074189E-009    -0.18465571E-004     0.16585303E-007     0.17505207E-012     0.28214960E-013
     0.82797608E+001     0.91917479E-010    -0.87999150E-010    -0.18453743E-004     0.16483213E-007     0.17502593E-012     0.28034123E-013
     0.82873569E+001     0.10533167E-009    -0.73269377E-010    -0.18442011E-004     0.16381101E-007     0.17499997E-012     0.27853417E-013
     0.82949530E+001     0.10032314E-009    -0.49036020E-010    -0.18430376E-004     0.16278969E-007     0.17497420E-012     0.27672843E-013
     0.83025491E+001     0.94959151E-010    -0.42444154E-010    -0.18418838E-004     0.16176845E-007     0.17494860E-012     0.27492399E-013
     0.83101452E+001     0.95539368E-010    -0.36335171E-010    -0.18407394E-004     0.16074694E-007     0.17492318E-012     0.27312083E-013
     0.83177413E+001     0.88982292E-010    -0.31001702E-010    -0.18396046E-004     0.15972529E-007     0.17489794E-012     0.27131894E-013
     0.83253374E+001     0.88191321E-010    -0.26530527E-010    -0.18384791E-004     0.15870351E-007     0.17487288E-012     0.26951833E-013
     0.83329335E+001     0.82472798E-010    -0.27990597E-010    -0.18373630E-004     0.15768148E-007     0.17484800E-012     0.26771896E-013
     0.83405296E+001     0.89798013E-010    -0.27594529E-010    -0.18362561E-004     0.15665927E-007     0.17482330E-012     0.26592084E-013
     0.83481258E+001     0.86912650E-010    -0.16714583E-010    -0.18351585E-004     0.15563684E-007     0.17479877E-012     0.26412396E-013
     0.83557219E+001     0.84618257E-010    -0.16583554E-010    -0.18340701E-004     0.15461367E-007     0.17477442E-012     0.26232829E-013
     0.83633180E+001     0.86652070E-010    -0.12603374E-010    -0.18329908E-004     0.15359193E-007     0.17475025E-012     0.26053384E-013
     0.83709141E+001     0.79545514E-010    -0.57868055E-012    -0.18319205E-004     0.15256954E-007     0.17472626E-012     0.25874060E-013
     0.83785102E+001     0.67643418E-010    -0.15369889E-010    -0.18308593E-004     0.15154695E-007     0.17470244E-012     0.25694860E-013
     0.83861063E+001     0.85375790E-010    -0.59632687E-011    -0.18298070E-004     0.15052410E-007     0.17467879E-012     0.25515754E-013
     0.83937024E+001     0.83118553E-010     0.11584023E-010    -0.18287636E-004     0.14950064E-007     0.17465533E-012     0.25336791E-013
     0.84012985E+001     0.71995669E-010     0.31510680E-010    -0.18277291E-004     0.14847724E-007     0.17463203E-012     0.25157935E-013
     0.84088946E+001     0.50066593E-010     0.68327002E-010    -0.18267034E-004     0.14745370E-007     0.17460892E-012     0.24979194E-013
     0.84164908E+001    -0.71447632E-010     0.11773400E-009    -0.18256864E-004     0.14643014E-007     0.17458598E-012     0.24800568E-013
     0.84240869E+001    -0.13490181E-009    -0.17140426E-009    -0.18246781E-004     0.14540644E-007     0.17456321E-012     0.24622054E-013
     0.84316830E+001     0.29282359E-010    -0.15896241E-009    -0.18236785E-004     0.14438266E-007     0.17454062E-012     0.24443652E-013
     0.84392791E+001     0.70610124E-010    -0.12072900E-009    -0.18226876E-004     0.14335881E-007     0.17451820E-012     0.24265361E-013
     0.84468752E+001     0.81624882E-010    -0.97660335E-010    -0.18217052E-004     0.14233489E-007     0.17449595E-012     0.24087180E-013
     0.84544713E+001     0.90079629E-010    -0.90045170E-010    -0.18207313E-004     0.14131075E-007     0.17447388E-012     0.23909108E-013
     0.84620674E+001     0.10020546E-009    -0.78087564E-010    -0.18197659E-004     0.14028665E-007     0.17445198E-012     0.23731144E-013
     0.84696635E+001     0.10377266E-009    -0.64949318E-010    -0.18188090E-004     0.13926267E-007     0.17443026E-012     0.23553287E-013
     0.84772596E+001     0.99105547E-010    -0.57580058E-010    -0.18178605E-004     0.13823793E-007     0.17440870E-012     0.23375536E-013
     0.84848557E+001     0.10085321E-009    -0.54912094E-010    -0.18169203E-004     0.13721334E-007     0.17438732E-012     0.23197890E-013
     0.84924519E+001     0.98308177E-010    -0.49500669E-010    -0.18159885E-004     0.13618876E-007     0.17436611E-012     0.23020348E-013
     0.85000480E+001     0.10270604E-009    -0.54217616E-010    -0.18150649E-004     0.13516413E-007     0.17434507E-012     0.22842910E-013
     0.85076441E+001     0.11328846E-009    -0.37123827E-010    -0.18141496E-004     0.13413937E-007     0.17432420E-012     0.22665574E-013
     0.85152402E+001     0.95116133E-010    -0.31732040E-010    -0.18132425E-004     0.13311467E-007     0.17430350E-012     0.22488339E-013
     0.85228363E+001     0.92451510E-010    -0.37800397E-010    -0.18123436E-004     0.13208996E-007     0.17428297E-012     0.22311205E-013
     0.85304324E+001     0.96309666E-010    -0.43246210E-010    -0.18114529E-004     0.13106487E-007     0.17426262E-012     0.22134170E-013
     0.85380285E+001     0.99059585E-010    -0.44145326E-010    -0.18105702E-004     0.13003986E-007     0.17424243E-012     0.21957233E-013
     0.85456246E+001     0.12182192E-009    -0.38156510E-010    -0.18096956E-004     0.12901472E-007     0.17422241E-012     0.21780395E-013
     0.85532207E+001     0.10725459E-009    -0.20625195E-010    -0.18088290E-004     0.12798922E-007     0.17420257E-012     0.21603653E-013
     0.85608169E+001     0.10034653E-009    -0.17377816E-010    -0.18079705E-004     0.12696438E-007     0.17418289E-012     0.21427007E-013
     0.85684130E+001     0.85191712E-010    -0.19793218E-010    -0.18071199E-004     0.12593932E-007     0.17416338E-012     0.21250458E-013
     0.85760091E+001     0.90947264E-010    -0.33800166E-010    -0.18062772E-004     0.12491401E-007     0.17414404E-012     0.21073996E-013
     0.85836052E+001     0.98288329E-010    -0.29963301E-010    -0.18054425E-004     0.12388870E-007     0.17412486E-012     0.20897634E-013
     0.85912013E+001     0.96543118E-010    -0.24456214E-010    -0.18046156E-004     0.12286335E-007     0.17410586E-012     0.20721363E-013
     0.85987974E+001     0.94351812E-010    -0.22444111E-010    -0.18037966E-004     0.12183797E-007     0.17408702E-012     0.20545183E-013
     0.86063935E+001     0.93030344E-010    -0.24866343E-010    -0.18029854E-004     0.12081255E-007     0.17406835E-012     0.20369093E-013
     0.86139896E+001     0.92404808E-010    -0.23816213E-010    -0.18021820E-004     0.11978715E-007     0.17404985E-012     0.20193092E-013
     0.86215857E+001     0.91689298E-010    -0.26544187E-010    -0.18013863E-004     0.11876161E-007     0.17403152E-012     0.20017181E-013
     0.86291819E+001     0.90649920E-010    -0.27765298E-010    -0.18005984E-004     0.11773609E-007     0.17401335E-012     0.19841357E-013
     0.86367780E+001     0.97010542E-010    -0.31304470E-010    -0.17998182E-004     0.11671053E-007     0.17399535E-012     0.19665621E-013
     0.86443741E+001     0.10055978E-009    -0.25217281E-010    -0.17990456E-004     0.11568467E-007     0.17397751E-012     0.19489970E-013
     0.86519702E+001     0.10008950E-009    -0.19424391E-010    -0.17982807E-004     0.11465927E-007     0.17395984E-012     0.19314405E-013
     0.86595663E+001     0.92114332E-010    -0.18554470E-010    -0.17975234E-004     0.11363383E-007     0.17394234E-012     0.19138925E-013
     0.86671624E+001     0.93006997E-010    -0.20218063E-010    -0.17967737E-004     0.11260832E-007     0.17392500E-012     0.18963527E-013
     0.86747585E+001     0.94201244E-010    -0.19302200E-010    -0.17960316E-004     0.11158278E-007     0.17390783E-012     0.18788213E-013
     0.86823546E+001     0.88351561E-010    -0.19320415E-010    -0.17952970E-004     0.11055721E-007     0.17389082E-012     0.18612980E-013
     0.86899507E+001     0.88613323E-010    -0.25464366E-010    -0.17945699E-004     0.10953167E-007     0.17387398E-012     0.18437829E-013
     0.86975468E+001     0.96913668E-010    -0.24141746E-010    -0.17938504E-004     0.10850605E-007     0.17385730E-012     0.18262757E-013
     0.87051430E+001     0.89933363E-010    -0.20110481E-010    -0.17931383E-004     0.10748043E-007     0.17384079E-012     0.18087765E-013
     0.87127391E+001     0.94242315E-010    -0.27453442E-010    -0.17924336E-004     0.10645486E-007     0.17382444E-012     0.17912851E-013
     0.87203352E+001     0.99233291E-010    -0.20086270E-010    -0.17917364E-004     0.10542929E-007     0.17380825E-012     0.17738016E-013
     0.87279313E+001     0.92697482E-010    -0.18210029E-010    -0.17910466E-004     0.10440372E-007     0.17379223E-012     0.17563256E-013
     0.87355274E+001     0.91875234E-010    -0.19982809E-010    -0.17903641E-004     0.10337818E-007     0.17377638E-012     0.17388573E-013
     0.87431235E+001     0.90626970E-010    -0.21835344E-010    -0.17896891E-004     0.10235265E-007     0.17376068E-012     0.17213966E-013
     0.87507196E+001     0.95294854E-010    -0.25160272E-010    -0.17890213E-004     0.10132713E-007     0.17374515E-012     0.17039432E-013
     0.87583157E+001     0.95114565E-010    -0.20536776E-010    -0.17883609E-004     0.10030169E-007     0.17372978E-012     0.16864972E-013
     0.87659118E+001     0.96641483E-010    -0.21114987E-010    -0.17877077E-004     0.99276257E-008     0.17371457E-012     0.16690585E-013
     0.87735080E+001     0.94679958E-010    -0.22054375E-010    -0.17870619E-004     0.98251038E-008     0.17369953E-012     0.16516270E-013
     0.87811041E+001     0.97170318E-010    -0.19164467E-010    -0.17864233E-004     0.97225641E-008     0.17368465E-012     0.16342025E-013
     0.87887002E+001     0.95488790E-010    -0.22216452E-010    -0.17857919E-004     0.96200008E-008     0.17366993E-012     0.16167851E-013
     0.87962963E+001     0.10060121E-009    -0.21230942E-010    -0.17851678E-004     0.95174616E-008     0.17365537E-012     0.15993747E-013
     0.88038924E+001     0.10728997E-009    -0.19333519E-010    -0.17845508E-004     0.94149239E-008     0.17364098E-012     0.15819712E-013
     0.88114885E+001     0.10290947E-009    -0.69271814E-011    -0.17839410E-004     0.93123908E-008     0.17362674E-012     0.15645744E-013
     0.88190846E+001     0.93943230E-010    -0.69344344E-011    -0.17833384E-004     0.92098617E-008     0.17361267E-012     0.15471843E-013
     0.88266807E+001     0.93858735E-010    -0.10532128E-010    -0.17827429E-004     0.91073381E-008     0.17359876E-012     0.15298009E-013
     0.88342768E+001     0.91302099E-010    -0.10544714E-010    -0.17821546E-004     0.90048173E-008     0.17358501E-012     0.15124239E-013
     0.88418730E+001     0.86548859E-010    -0.15070224E-010    -0.17815733E-004     0.89023006E-008     0.17357142E-012     0.14950536E-013
     0.88494691E+001     0.95837419E-010    -0.22241811E-010    -0.17809992E-004     0.87998013E-008     0.17355799E-012     0.14776899E-013
     0.88570652E+001     0.10233883E-009    -0.11755548E-010    -0.17804321E-004     0.86972827E-008     0.17354472E-012     0.14603315E-013
     0.88646613E+001     0.89531080E-010     0.40938857E-012    -0.17798721E-004     0.85947678E-008     0.17353161E-012     0.14429802E-013
     0.88722574E+001     0.86509431E-010    -0.18909671E-010    -0.17793191E-004     0.84922595E-008     0.17351866E-012     0.14256349E-013
     0.88798535E+001     0.90170617E-010    -0.16077736E-010    -0.17787731E-004     0.83897661E-008     0.17350587E-012     0.14082956E-013
     0.88874496E+001     0.88603615E-010    -0.12851016E-010    -0.17782341E-004     0.82872734E-008     0.17349325E-012     0.13909624E-013
     0.88950457E+001     0.90199829E-010    -0.17843976E-010    -0.17777022E-004     0.81847841E-008     0.17348078E-012     0.13736351E-013
     0.89026418E+001     0.90134618E-010    -0.14686400E-010    -0.17771772E-004     0.80822987E-008     0.17346846E-012     0.13563136E-013
     0.89102380E+001     0.88949247E-010    -0.14307963E-010    -0.17766592E-004     0.79798190E-008     0.17345631E-012     0.13389979E-013
     0.89178341E+001     0.81996505E-010    -0.21356322E-010    -0.17761481E-004     0.78773432E-008     0.17344432E-012     0.13216878E-013
     0.89254302E+001     0.91132518E-010    -0.30769230E-010    -0.17756439E-004     0.77748697E-008     0.17343249E-012     0.13043834E-013
     0.89330263E+001     0.10328228E-009    -0.22654980E-010    -0.17751467E-004     0.76724052E-008     0.17342081E-012     0.12870845E-013
     0.89406224E+001     0.10040518E-009    -0.19960049E-010    -0.17746564E-004     0.75699459E-008     0.17340929E-012     0.12697911E-013
     0.89482185E+001     0.10427341E-009    -0.18464127E-010    -0.17741730E-004     0.74674871E-008     0.17339794E-012     0.12525031E-013
     0.89558146E+001     0.10242335E-009    -0.10073891E-010    -0.17736964E-004     0.73650382E-008     0.17338674E-012     0.12352203E-013
     0.89634107E+001     0.96356213E-010    -0.13522032E-010    -0.17732267E-004     0.72625922E-008     0.17337569E-012     0.12179428E-013
     0.89710068E+001     0.97795664E-010    -0.11693086E-010    -0.17727639E-004     0.71601508E-008     0.17336481E-012     0.12006704E-013
     0.89786029E+001     0.10151509E-009    -0.14926124E-010    -0.17723079E-004     0.70577167E-008     0.17335408E-012     0.11834031E-013
     0.89861991E+001     0.97974142E-010    -0.60897798E-011    -0.17718587E-004     0.69552845E-008     0.17334351E-012     0.11661408E-013
     0.89937952E+001     0.91687938E-010    -0.13216444E-010    -0.17714164E-004     0.68528574E-008     0.17333310E-012     0.11488835E-013
     0.90013913E+001     0.10043533E-009    -0.13946034E-010    -0.17709808E-004     0.67504368E-008     0.17332285E-012     0.11316310E-013
     0.90089874E+001     0.99590727E-010    -0.57834488E-011    -0.17705521E-004     0.66480233E-008     0.17331275E-012     0.11143833E-013
     0.90165835E+001     0.90002087E-010    -0.61046432E-011    -0.17701301E-004     0.65456183E-008     0.17330281E-012     0.10971404E-013
     0.90241796E+001     0.88533071E-010    -0.17255421E-010    -0.17697149E-004     0.64432162E-008     0.17329303E-012     0.10799015E-013
     0.90317757E+001     0.98878641E-010    -0.19575740E-010    -0.17693064E-004     0.63408078E-008     0.17328340E-012     0.10626678E-013
     0.90393718E+001     0.10026730E-009    -0.11852350E-010    -0.17689047E-004     0.62384099E-008     0.17327393E-012     0.10454385E-013
     0.90469679E+001     0.99301694E-010    -0.13492417E-010    -0.17685097E-004     0.61360219E-008     0.17326462E-012     0.10282135E-013
     0.90545641E+001     0.99501029E-010    -0.10587092E-010    -0.17681215E-004     0.60336378E-008     0.17325546E-012     0.10109928E-013
     0.90621602E+001     0.99074532E-010    -0.13497543E-010    -0.17677399E-004     0.59312575E-008     0.17324646E-012     0.99377640E-014
     0.90697563E+001     0.10682224E-009    -0.68333986E-011    -0.17673651E-004     0.58288813E-008     0.17323762E-012     0.97656418E-014
     0.90773524E+001     0.97470264E-010    -0.12909162E-011    -0.17669970E-004     0.57265119E-008     0.17322893E-012     0.95935603E-014
     0.90849485E+001     0.93727751E-010    -0.72597739E-011    -0.17666355E-004     0.56241471E-008     0.17322040E-012     0.94215190E-014
     0.90925446E+001     0.97626402E-010    -0.77488823E-011    -0.17662808E-004     0.55217865E-008     0.17321202E-012     0.92495174E-014
     0.91001407E+001     0.93036626E-010    -0.57732893E-011    -0.17659327E-004     0.54194315E-008     0.17320380E-012     0.90775547E-014
     0.91077368E+001     0.97767718E-010    -0.11608108E-010    -0.17655912E-004     0.53170799E-008     0.17319574E-012     0.89056300E-014
     0.91153329E+001     0.99630768E-010    -0.59648812E-011    -0.17652564E-004     0.52147359E-008     0.17318783E-012     0.87337422E-014
     0.91229291E+001     0.98850732E-010    -0.41535981E-011    -0.17649282E-004     0.51123990E-008     0.17318007E-012     0.85618921E-014
     0.91305252E+001     0.94072483E-010    -0.10261164E-011    -0.17646067E-004     0.50100647E-008     0.17317247E-012     0.83900771E-014
     0.91381213E+001     0.92499618E-010    -0.46170366E-011    -0.17642918E-004     0.49077334E-008     0.17316503E-012     0.82182969E-014
     0.91457174E+001     0.91988032E-010    -0.50007537E-011    -0.17639835E-004     0.48054067E-008     0.17315774E-012     0.80465516E-014
     0.91533135E+001     0.92501707E-010    -0.73463732E-011    -0.17636818E-004     0.47030867E-008     0.17315060E-012     0.78748396E-014
     0.91609096E+001     0.91568466E-010    -0.23202386E-011    -0.17633868E-004     0.46007695E-008     0.17314362E-012     0.77031608E-014
     0.91685057E+001     0.87566467E-010    -0.12527608E-010    -0.17630983E-004     0.44984589E-008     0.17313680E-012     0.75315142E-014
     0.91761018E+001     0.95781411E-010    -0.11700809E-010    -0.17628164E-004     0.43961528E-008     0.17313013E-012     0.73598992E-014
     0.91836979E+001     0.94539773E-010    -0.91815054E-011    -0.17625411E-004     0.42938507E-008     0.17312362E-012     0.71883146E-014
     0.91912941E+001     0.96297875E-010    -0.10257356E-010    -0.17622723E-004     0.41915536E-008     0.17311725E-012     0.70167602E-014
     0.91988902E+001     0.99784333E-010    -0.90370452E-011    -0.17620101E-004     0.40892600E-008     0.17311105E-012     0.68452353E-014
     0.92064863E+001     0.95144235E-010    -0.32754305E-011    -0.17617545E-004     0.39869703E-008     0.17310500E-012     0.66737387E-014
     0.92140824E+001     0.92996486E-010    -0.69499437E-011    -0.17615054E-004     0.38846852E-008     0.17309910E-012     0.65022698E-014
     0.92216785E+001     0.94646668E-010    -0.65080246E-011    -0.17612629E-004     0.37824041E-008     0.17309335E-012     0.63308283E-014
     0.92292746E+001     0.94531933E-010    -0.91319013E-011    -0.17610269E-004     0.36801274E-008     0.17308776E-012     0.61594131E-014
     0.92368707E+001     0.97146151E-010    -0.65017039E-011    -0.17607974E-004     0.35778542E-008     0.17308233E-012     0.59880236E-014
     0.92444668E+001     0.96045673E-010    -0.46258428E-011    -0.17605745E-004     0.34755848E-008     0.17307705E-012     0.58166590E-014
     0.92520629E+001     0.94475129E-010    -0.43848801E-011    -0.17603581E-004     0.33733184E-008     0.17307192E-012     0.56453187E-014
     0.92596590E+001     0.90295413E-010    -0.20916964E-011    -0.17601482E-004     0.32710565E-008     0.17306695E-012     0.54740021E-014
     0.92672552E+001     0.92336479E-010    -0.10081071E-010    -0.17599448E-004     0.31687996E-008     0.17306213E-012     0.53027080E-014
     0.92748513E+001     0.92952842E-010    -0.66132542E-011    -0.17597479E-004     0.30665442E-008     0.17305746E-012     0.51314361E-014
     0.92824474E+001     0.91758166E-010    -0.98869786E-011    -0.17595575E-004     0.29642922E-008     0.17305295E-012     0.49601855E-014
     0.92900435E+001     0.90647120E-010    -0.12892015E-010    -0.17593737E-004     0.28620440E-008     0.17304859E-012     0.47889557E-014
     0.92976396E+001     0.10071281E-009    -0.18435848E-010    -0.17591963E-004     0.27597994E-008     0.17304438E-012     0.46177456E-014
     0.93052357E+001     0.10381659E-009    -0.94949272E-011    -0.17590254E-004     0.26575580E-008     0.17304033E-012     0.44465549E-014
     0.93128318E+001     0.10235916E-009    -0.63839084E-011    -0.17588610E-004     0.25553185E-008     0.17303643E-012     0.42753823E-014
     0.93204279E+001     0.10428237E-009    -0.75266351E-011    -0.17587030E-004     0.24530826E-008     0.17303268E-012     0.41042279E-014
     0.93280240E+001     0.10568242E-009    -0.36003298E-011    -0.17585516E-004     0.23508499E-008     0.17302909E-012     0.39330905E-014
     0.93356202E+001     0.10133688E-009     0.61766210E-012    -0.17584066E-004     0.22486193E-008     0.17302565E-012     0.37619696E-014
     0.93432163E+001     0.99948457E-010    -0.32360451E-011    -0.17582681E-004     0.21463909E-008     0.17302237E-012     0.35908640E-014
     0.93508124E+001     0.10428501E-009    -0.45156199E-011    -0.17581360E-004     0.20441650E-008     0.17301923E-012     0.34197734E-014
     0.93584085E+001     0.10286124E-009     0.20618547E-011    -0.17580104E-004     0.19419420E-008     0.17301625E-012     0.32486971E-014
     0.93660046E+001     0.10325876E-009     0.40716376E-011    -0.17578913E-004     0.18397216E-008     0.17301343E-012     0.30776344E-014
     0.93736007E+001     0.98048944E-010     0.71838275E-011    -0.17577786E-004     0.17375036E-008     0.17301075E-012     0.29065843E-014
     0.93811968E+001     0.93679736E-010     0.52756820E-011    -0.17576724E-004     0.16352861E-008     0.17300823E-012     0.27355460E-014
     0.93887929E+001     0.92756910E-010    -0.57322965E-012    -0.17575726E-004     0.15330734E-008     0.17300586E-012     0.25645195E-014
     0.93963890E+001     0.96856534E-010    -0.97516512E-012    -0.17574793E-004     0.14308583E-008     0.17300365E-012     0.23935037E-014
     0.94039852E+001     0.10049431E-009    -0.39623442E-012    -0.17573924E-004     0.13286467E-008     0.17300159E-012     0.22224976E-014
     0.94115813E+001     0.97713727E-010     0.65001203E-011    -0.17573120E-004     0.12264377E-008     0.17299968E-012     0.20515007E-014
     0.94191774E+001     0.91796879E-010     0.75466327E-011    -0.17572380E-004     0.11242294E-008     0.17299792E-012     0.18805123E-014
     0.94267735E+001     0.91233572E-010    -0.14093073E-011    -0.17571704E-004     0.10220229E-008     0.17299632E-012     0.17095319E-014
     0.94343696E+001     0.99935575E-010    -0.40813691E-012    -0.17571093E-004     0.91981709E-009     0.17299487E-012     0.15385585E-014
     0.94419657E+001     0.97903603E-010     0.41612591E-011    -0.17570546E-004     0.81761328E-009     0.17299357E-012     0.13675916E-014
     0.94495618E+001     0.94852201E-010     0.89036757E-011    -0.17570064E-004     0.71540892E-009     0.17299242E-012     0.11966302E-014
     0.94571579E+001     0.89205838E-010     0.69462395E-011    -0.17569646E-004     0.61320620E-009     0.17299143E-012     0.10256740E-014
     0.94647540E+001     0.89223052E-010     0.32616914E-011    -0.17569292E-004     0.51100725E-009     0.17299059E-012     0.85472244E-015
     0.94723501E+001     0.88769041E-010    -0.44835767E-012    -0.17569003E-004     0.40880659E-009     0.17298990E-012     0.68377217E-015
     0.94799463E+001     0.91540675E-010     0.10286200E-011    -0.17568778E-004     0.30660493E-009     0.17298937E-012     0.51282716E-015
     0.94875424E+001     0.88367076E-010     0.16449462E-011    -0.17568617E-004     0.20440217E-009     0.17298899E-012     0.34188358E-015
     0.94951385E+001     0.89579945E-010    -0.41860435E-011    -0.17568520E-004     0.10220085E-009     0.17298876E-012     0.17094139E-015
     0.95027346E+001     0.99050084E-010     0.44805388E-015    -0.17568488E-004     0.21268224E-015     0.17298868E-012     0.58513064E-023
     0.95103307E+001     0.89579462E-010     0.41869298E-011    -0.17568520E-004    -0.10220086E-009     0.17298876E-012    -0.17094135E-015
     0.95179268E+001     0.88366972E-010    -0.16445937E-011    -0.17568617E-004    -0.20440226E-009     0.17298899E-012    -0.34188358E-015
     0.95255229E+001     0.91540476E-010    -0.10274805E-011    -0.17568778E-004    -0.30660486E-009     0.17298937E-012    -0.51282711E-015
     0.95331190E+001     0.88768338E-010     0.44882701E-012    -0.17569003E-004    -0.40880642E-009     0.17298990E-012    -0.68377215E-015
     0.95407151E+001     0.89222959E-010    -0.32611043E-011    -0.17569292E-004    -0.51100720E-009     0.17299059E-012    -0.85472242E-015
     0.95483113E+001     0.89205122E-010    -0.69453685E-011    -0.17569646E-004    -0.61320621E-009     0.17299143E-012    -0.10256740E-014
     0.95559074E+001     0.94851419E-010    -0.89033777E-011    -0.17570064E-004    -0.71540892E-009     0.17299242E-012    -0.11966302E-014
     0.95635035E+001     0.97902812E-010    -0.41608830E-011    -0.17570546E-004    -0.81761324E-009     0.17299357E-012    -0.13675916E-014
     0.95710996E+001     0.99935149E-010     0.40792545E-012    -0.17571093E-004    -0.91981706E-009     0.17299487E-012    -0.15385585E-014
     0.95786957E+001     0.91233263E-010     0.14093178E-011    -0.17571704E-004    -0.10220229E-008     0.17299632E-012    -0.17095319E-014
     0.95862918E+001     0.91796579E-010    -0.75461520E-011    -0.17572380E-004    -0.11242293E-008     0.17299792E-012    -0.18805123E-014
     0.95938879E+001     0.97712889E-010    -0.64999931E-011    -0.17573120E-004    -0.12264377E-008     0.17299968E-012    -0.20515007E-014
     0.96014840E+001     0.10049415E-009     0.39596837E-012    -0.17573924E-004    -0.13286467E-008     0.17300159E-012    -0.22224976E-014
     0.96090801E+001     0.96856077E-010     0.97540118E-012    -0.17574793E-004    -0.14308583E-008     0.17300365E-012    -0.23935037E-014
     0.96166763E+001     0.92756289E-010     0.57305992E-012    -0.17575726E-004    -0.15330733E-008     0.17300586E-012    -0.25645195E-014
     0.96242724E+001     0.93679070E-010    -0.52754668E-011    -0.17576724E-004    -0.16352861E-008     0.17300823E-012    -0.27355461E-014
     0.96318685E+001     0.98048329E-010    -0.71844877E-011    -0.17577786E-004    -0.17375037E-008     0.17301075E-012    -0.29065843E-014
     0.96394646E+001     0.10325858E-009    -0.40720041E-011    -0.17578913E-004    -0.18397217E-008     0.17301343E-012    -0.30776343E-014
     0.96470607E+001     0.10286102E-009    -0.20625646E-011    -0.17580104E-004    -0.19419419E-008     0.17301625E-012    -0.32486971E-014
     0.96546568E+001     0.10428547E-009     0.45155612E-011    -0.17581360E-004    -0.20441650E-008     0.17301923E-012    -0.34197734E-014
     0.96622529E+001     0.99948510E-010     0.32362823E-011    -0.17582681E-004    -0.21463910E-008     0.17302237E-012    -0.35908640E-014
     0.96698490E+001     0.10133633E-009    -0.61768053E-012    -0.17584066E-004    -0.22486191E-008     0.17302565E-012    -0.37619696E-014
     0.96774451E+001     0.10568227E-009     0.35999287E-011    -0.17585516E-004    -0.23508501E-008     0.17302909E-012    -0.39330905E-014
     0.96850413E+001     0.10428208E-009     0.75261088E-011    -0.17587030E-004    -0.24530827E-008     0.17303268E-012    -0.41042279E-014
     0.96926374E+001     0.10235899E-009     0.63832220E-011    -0.17588610E-004    -0.25553186E-008     0.17303643E-012    -0.42753823E-014
     0.97002335E+001     0.10381687E-009     0.94939209E-011    -0.17590254E-004    -0.26575582E-008     0.17304033E-012    -0.44465549E-014
     0.97078296E+001     0.10071400E-009     0.18435432E-010    -0.17591963E-004    -0.27597994E-008     0.17304438E-012    -0.46177456E-014
     0.97154257E+001     0.90647662E-010     0.12892569E-010    -0.17593737E-004    -0.28620438E-008     0.17304859E-012    -0.47889557E-014
     0.97230218E+001     0.91758253E-010     0.98871328E-011    -0.17595575E-004    -0.29642922E-008     0.17305295E-012    -0.49601855E-014
     0.97306179E+001     0.92953195E-010     0.66129529E-011    -0.17597479E-004    -0.30665441E-008     0.17305746E-012    -0.51314362E-014
     0.97382140E+001     0.92337034E-010     0.10081339E-010    -0.17599448E-004    -0.31687997E-008     0.17306213E-012    -0.53027081E-014
     0.97458101E+001     0.90295705E-010     0.20918172E-011    -0.17601482E-004    -0.32710563E-008     0.17306695E-012    -0.54740021E-014
     0.97534062E+001     0.94475479E-010     0.43850736E-011    -0.17603581E-004    -0.33733184E-008     0.17307192E-012    -0.56453187E-014
     0.97610024E+001     0.96046395E-010     0.46259388E-011    -0.17605745E-004    -0.34755849E-008     0.17307705E-012    -0.58166590E-014
     0.97685985E+001     0.97146715E-010     0.65029493E-011    -0.17607974E-004    -0.35778543E-008     0.17308233E-012    -0.59880236E-014
     0.97761946E+001     0.94531164E-010     0.91328862E-011    -0.17610269E-004    -0.36801271E-008     0.17308776E-012    -0.61594131E-014
     0.97837907E+001     0.94646209E-010     0.65078496E-011    -0.17612629E-004    -0.37824040E-008     0.17309335E-012    -0.63308283E-014
     0.97913868E+001     0.92996326E-010     0.69500770E-011    -0.17615054E-004    -0.38846853E-008     0.17309910E-012    -0.65022698E-014
     0.97989829E+001     0.95144099E-010     0.32755813E-011    -0.17617545E-004    -0.39869704E-008     0.17310500E-012    -0.66737387E-014
     0.98065790E+001     0.99784545E-010     0.90373200E-011    -0.17620101E-004    -0.40892601E-008     0.17311105E-012    -0.68452353E-014
     0.98141751E+001     0.96297730E-010     0.10257392E-010    -0.17622723E-004    -0.41915534E-008     0.17311725E-012    -0.70167602E-014
     0.98217712E+001     0.94540054E-010     0.91817382E-011    -0.17625411E-004    -0.42938507E-008     0.17312362E-012    -0.71883146E-014
     0.98293674E+001     0.95781356E-010     0.11701641E-010    -0.17628164E-004    -0.43961529E-008     0.17313013E-012    -0.73598992E-014
     0.98369635E+001     0.87565875E-010     0.12528314E-010    -0.17630983E-004    -0.44984592E-008     0.17313680E-012    -0.75315142E-014
     0.98445596E+001     0.91567825E-010     0.23203462E-011    -0.17633868E-004    -0.46007694E-008     0.17314362E-012    -0.77031608E-014
     0.98521557E+001     0.92501103E-010     0.73462813E-011    -0.17636818E-004    -0.47030867E-008     0.17315060E-012    -0.78748397E-014
     0.98597518E+001     0.91987470E-010     0.50002603E-011    -0.17639835E-004    -0.48054067E-008     0.17315774E-012    -0.80465516E-014
     0.98673479E+001     0.92499336E-010     0.46164941E-011    -0.17642918E-004    -0.49077333E-008     0.17316503E-012    -0.82182968E-014
     0.98749440E+001     0.94072674E-010     0.10257868E-011    -0.17646067E-004    -0.50100647E-008     0.17317247E-012    -0.83900770E-014
     0.98825401E+001     0.98850925E-010     0.41533283E-011    -0.17649282E-004    -0.51123990E-008     0.17318007E-012    -0.85618921E-014
     0.98901362E+001     0.99630879E-010     0.59645662E-011    -0.17652564E-004    -0.52147359E-008     0.17318783E-012    -0.87337423E-014
     0.98977324E+001     0.97768071E-010     0.11607903E-010    -0.17655912E-004    -0.53170799E-008     0.17319574E-012    -0.89056300E-014
     0.99053285E+001     0.93037063E-010     0.57736213E-011    -0.17659327E-004    -0.54194314E-008     0.17320380E-012    -0.90775546E-014
     0.99129246E+001     0.97626071E-010     0.77491543E-011    -0.17662808E-004    -0.55217864E-008     0.17321202E-012    -0.92495175E-014
     0.99205207E+001     0.93727536E-010     0.72594664E-011    -0.17666355E-004    -0.56241472E-008     0.17322040E-012    -0.94215190E-014
     0.99281168E+001     0.97470707E-010     0.12902115E-011    -0.17669970E-004    -0.57265120E-008     0.17322893E-012    -0.95935603E-014
     0.99357129E+001     0.10682279E-009     0.68333825E-011    -0.17673651E-004    -0.58288814E-008     0.17323762E-012    -0.97656417E-014
     0.99433090E+001     0.99074925E-010     0.13497712E-010    -0.17677399E-004    -0.59312575E-008     0.17324646E-012    -0.99377640E-014
     0.99509051E+001     0.99501604E-010     0.10587122E-010    -0.17681215E-004    -0.60336377E-008     0.17325546E-012    -0.10109928E-013
     0.99585012E+001     0.99302282E-010     0.13492890E-010    -0.17685097E-004    -0.61360219E-008     0.17326462E-012    -0.10282135E-013
     0.99660974E+001     0.10026742E-009     0.11853014E-010    -0.17689047E-004    -0.62384100E-008     0.17327393E-012    -0.10454385E-013
     0.99736935E+001     0.98878673E-010     0.19576124E-010    -0.17693064E-004    -0.63408078E-008     0.17328340E-012    -0.10626678E-013
     0.99812896E+001     0.88533102E-010     0.17255912E-010    -0.17697149E-004    -0.64432162E-008     0.17329303E-012    -0.10799015E-013
     0.99888857E+001     0.90002066E-010     0.61048642E-011    -0.17701301E-004    -0.65456183E-008     0.17330281E-012    -0.10971404E-013
     0.99964818E+001     0.99591156E-010     0.57840098E-011    -0.17705521E-004    -0.66480231E-008     0.17331275E-012    -0.11143833E-013
     0.10004078E+002     0.10043505E-009     0.13946654E-010    -0.17709808E-004    -0.67504368E-008     0.17332285E-012    -0.11316310E-013
     0.10011674E+002     0.91687657E-010     0.13216596E-010    -0.17714164E-004    -0.68528574E-008     0.17333310E-012    -0.11488835E-013
     0.10019270E+002     0.97974279E-010     0.60899356E-011    -0.17718587E-004    -0.69552844E-008     0.17334351E-012    -0.11661408E-013
     0.10026866E+002     0.10151518E-009     0.14926924E-010    -0.17723079E-004    -0.70577166E-008     0.17335408E-012    -0.11834031E-013
     0.10034462E+002     0.97795232E-010     0.11693200E-010    -0.17727639E-004    -0.71601507E-008     0.17336481E-012    -0.12006704E-013
     0.10042058E+002     0.96356524E-010     0.13522153E-010    -0.17732267E-004    -0.72625921E-008     0.17337569E-012    -0.12179428E-013
     0.10049655E+002     0.10242363E-009     0.10074835E-010    -0.17736964E-004    -0.73650382E-008     0.17338674E-012    -0.12352203E-013
     0.10057251E+002     0.10427267E-009     0.18464983E-010    -0.17741730E-004    -0.74674870E-008     0.17339794E-012    -0.12525031E-013
     0.10064847E+002     0.10040455E-009     0.19960231E-010    -0.17746564E-004    -0.75699459E-008     0.17340929E-012    -0.12697911E-013
     0.10072443E+002     0.10328179E-009     0.22654895E-010    -0.17751467E-004    -0.76724054E-008     0.17342081E-012    -0.12870845E-013
     0.10080039E+002     0.91132301E-010     0.30769666E-010    -0.17756439E-004    -0.77748697E-008     0.17343249E-012    -0.13043834E-013
     0.10087635E+002     0.81995875E-010     0.21356396E-010    -0.17761481E-004    -0.78773433E-008     0.17344432E-012    -0.13216878E-013
     0.10095231E+002     0.88948665E-010     0.14308252E-010    -0.17766592E-004    -0.79798191E-008     0.17345631E-012    -0.13389979E-013
     0.10102827E+002     0.90134012E-010     0.14686147E-010    -0.17771772E-004    -0.80822986E-008     0.17346846E-012    -0.13563136E-013
     0.10110423E+002     0.90199634E-010     0.17843661E-010    -0.17777022E-004    -0.81847841E-008     0.17348078E-012    -0.13736351E-013
     0.10118020E+002     0.88603637E-010     0.12851254E-010    -0.17782341E-004    -0.82872735E-008     0.17349325E-012    -0.13909624E-013
     0.10125616E+002     0.90170153E-010     0.16077578E-010    -0.17787731E-004    -0.83897661E-008     0.17350587E-012    -0.14082956E-013
     0.10133212E+002     0.86509321E-010     0.18909368E-010    -0.17793191E-004    -0.84922595E-008     0.17351866E-012    -0.14256349E-013
     0.10140808E+002     0.89530658E-010    -0.40930036E-012    -0.17798721E-004    -0.85947678E-008     0.17353161E-012    -0.14429802E-013
     0.10148404E+002     0.10233855E-009     0.11755213E-010    -0.17804321E-004    -0.86972830E-008     0.17354472E-012    -0.14603315E-013
     0.10156000E+002     0.95837595E-010     0.22241663E-010    -0.17809992E-004    -0.87998012E-008     0.17355799E-012    -0.14776899E-013
     0.10163596E+002     0.86548570E-010     0.15070005E-010    -0.17815733E-004    -0.89023006E-008     0.17357142E-012    -0.14950536E-013
     0.10171192E+002     0.91302394E-010     0.10544548E-010    -0.17821546E-004    -0.90048175E-008     0.17358501E-012    -0.15124239E-013
     0.10178788E+002     0.93858650E-010     0.10532176E-010    -0.17827429E-004    -0.91073381E-008     0.17359876E-012    -0.15298009E-013
     0.10186385E+002     0.93943409E-010     0.69339909E-011    -0.17833384E-004    -0.92098618E-008     0.17361267E-012    -0.15471843E-013
     0.10193981E+002     0.10290995E-009     0.69271946E-011    -0.17839410E-004    -0.93123907E-008     0.17362674E-012    -0.15645744E-013
     0.10201577E+002     0.10729045E-009     0.19333990E-010    -0.17845508E-004    -0.94149240E-008     0.17364098E-012    -0.15819712E-013
     0.10209173E+002     0.10060119E-009     0.21231747E-010    -0.17851678E-004    -0.95174613E-008     0.17365537E-012    -0.15993747E-013
     0.10216769E+002     0.95488131E-010     0.22216913E-010    -0.17857919E-004    -0.96200008E-008     0.17366993E-012    -0.16167851E-013
     0.10224365E+002     0.97169618E-010     0.19164396E-010    -0.17864233E-004    -0.97225641E-008     0.17368465E-012    -0.16342025E-013
     0.10231961E+002     0.94679813E-010     0.22053810E-010    -0.17870619E-004    -0.98251038E-008     0.17369953E-012    -0.16516270E-013
     0.10239557E+002     0.96641444E-010     0.21114946E-010    -0.17877077E-004    -0.99276257E-008     0.17371457E-012    -0.16690585E-013
     0.10247153E+002     0.95114625E-010     0.20536324E-010    -0.17883609E-004    -0.10030169E-007     0.17372978E-012    -0.16864972E-013
     0.10254750E+002     0.95295377E-010     0.25160347E-010    -0.17890213E-004    -0.10132713E-007     0.17374515E-012    -0.17039432E-013
     0.10262346E+002     0.90627181E-010     0.21835575E-010    -0.17896891E-004    -0.10235265E-007     0.17376068E-012    -0.17213966E-013
     0.10269942E+002     0.91875540E-010     0.19983358E-010    -0.17903641E-004    -0.10337818E-007     0.17377638E-012    -0.17388573E-013
     0.10277538E+002     0.92697561E-010     0.18210660E-010    -0.17910466E-004    -0.10440372E-007     0.17379223E-012    -0.17563256E-013
     0.10285134E+002     0.99233125E-010     0.20087730E-010    -0.17917364E-004    -0.10542929E-007     0.17380825E-012    -0.17738016E-013
     0.10292730E+002     0.94240746E-010     0.27454380E-010    -0.17924336E-004    -0.10645486E-007     0.17382444E-012    -0.17912851E-013
     0.10300326E+002     0.89931727E-010     0.20110326E-010    -0.17931383E-004    -0.10748043E-007     0.17384079E-012    -0.18087765E-013
     0.10307922E+002     0.96912296E-010     0.24140317E-010    -0.17938504E-004    -0.10850605E-007     0.17385730E-012    -0.18262757E-013
     0.10315518E+002     0.88613273E-010     0.25463276E-010    -0.17945699E-004    -0.10953167E-007     0.17387398E-012    -0.18437829E-013
     0.10323115E+002     0.88351497E-010     0.19319368E-010    -0.17952970E-004    -0.11055721E-007     0.17389082E-012    -0.18612980E-013
     0.10330711E+002     0.94201881E-010     0.19301353E-010    -0.17960316E-004    -0.11158278E-007     0.17390783E-012    -0.18788213E-013
     0.10338307E+002     0.93007821E-010     0.20218035E-010    -0.17967737E-004    -0.11260832E-007     0.17392500E-012    -0.18963527E-013
     0.10345903E+002     0.92114405E-010     0.18554926E-010    -0.17975234E-004    -0.11363384E-007     0.17394234E-012    -0.19138925E-013
     0.10353499E+002     0.10008952E-009     0.19424147E-010    -0.17982807E-004    -0.11465927E-007     0.17395984E-012    -0.19314405E-013
     0.10361095E+002     0.10055962E-009     0.25217317E-010    -0.17990456E-004    -0.11568467E-007     0.17397751E-012    -0.19489970E-013
     0.10368691E+002     0.97010728E-010     0.31304228E-010    -0.17998182E-004    -0.11671053E-007     0.17399535E-012    -0.19665621E-013
     0.10376287E+002     0.90649778E-010     0.27765423E-010    -0.18005984E-004    -0.11773610E-007     0.17401335E-012    -0.19841357E-013
     0.10383883E+002     0.91689070E-010     0.26543960E-010    -0.18013863E-004    -0.11876161E-007     0.17403152E-012    -0.20017181E-013
     0.10391480E+002     0.92404976E-010     0.23815787E-010    -0.18021820E-004    -0.11978715E-007     0.17404985E-012    -0.20193092E-013
     0.10399076E+002     0.93030478E-010     0.24866420E-010    -0.18029854E-004    -0.12081255E-007     0.17406835E-012    -0.20369093E-013
     0.10406672E+002     0.94351750E-010     0.22443589E-010    -0.18037966E-004    -0.12183797E-007     0.17408702E-012    -0.20545183E-013
     0.10414268E+002     0.96543476E-010     0.24455984E-010    -0.18046156E-004    -0.12286335E-007     0.17410586E-012    -0.20721363E-013
     0.10421864E+002     0.98289118E-010     0.29963210E-010    -0.18054425E-004    -0.12388870E-007     0.17412486E-012    -0.20897634E-013
     0.10429460E+002     0.90947416E-010     0.33800656E-010    -0.18062772E-004    -0.12491401E-007     0.17414404E-012    -0.21073996E-013
     0.10437056E+002     0.85191529E-010     0.19793725E-010    -0.18071199E-004    -0.12593932E-007     0.17416338E-012    -0.21250458E-013
     0.10444652E+002     0.10034599E-009     0.17377711E-010    -0.18079705E-004    -0.12696438E-007     0.17418289E-012    -0.21427007E-013
     0.10452248E+002     0.10725412E-009     0.20624703E-010    -0.18088290E-004    -0.12798922E-007     0.17420257E-012    -0.21603653E-013
     0.10459845E+002     0.12182215E-009     0.38155968E-010    -0.18096956E-004    -0.12901472E-007     0.17422241E-012    -0.21780395E-013
     0.10467441E+002     0.99060130E-010     0.44144394E-010    -0.18105702E-004    -0.13003986E-007     0.17424243E-012    -0.21957233E-013
     0.10475037E+002     0.96310656E-010     0.43246389E-010    -0.18114529E-004    -0.13106487E-007     0.17426262E-012    -0.22134170E-013
     0.10482633E+002     0.92451669E-010     0.37800637E-010    -0.18123436E-004    -0.13208996E-007     0.17428297E-012    -0.22311205E-013
     0.10490229E+002     0.95116238E-010     0.31732124E-010    -0.18132425E-004    -0.13311467E-007     0.17430350E-012    -0.22488339E-013
     0.10497825E+002     0.11328862E-009     0.37123143E-010    -0.18141496E-004    -0.13413937E-007     0.17432420E-012    -0.22665574E-013
     0.10505421E+002     0.10270741E-009     0.54217044E-010    -0.18150649E-004    -0.13516413E-007     0.17434507E-012    -0.22842910E-013
     0.10513017E+002     0.98309591E-010     0.49501871E-010    -0.18159885E-004    -0.13618876E-007     0.17436611E-012    -0.23020348E-013
     0.10520613E+002     0.10085326E-009     0.54913419E-010    -0.18169203E-004    -0.13721334E-007     0.17438732E-012    -0.23197890E-013
     0.10528210E+002     0.99105499E-010     0.57580840E-010    -0.18178605E-004    -0.13823793E-007     0.17440870E-012    -0.23375536E-013
     0.10535806E+002     0.10377225E-009     0.64950096E-010    -0.18188090E-004    -0.13926267E-007     0.17443026E-012    -0.23553287E-013
     0.10543402E+002     0.10020492E-009     0.78087605E-010    -0.18197659E-004    -0.14028666E-007     0.17445198E-012    -0.23731144E-013
     0.10550998E+002     0.90080199E-010     0.90045226E-010    -0.18207313E-004    -0.14131075E-007     0.17447388E-012    -0.23909108E-013
     0.10558594E+002     0.81624879E-010     0.97661267E-010    -0.18217052E-004    -0.14233489E-007     0.17449595E-012    -0.24087180E-013
     0.10566190E+002     0.70609550E-010     0.12072965E-009    -0.18226876E-004    -0.14335881E-007     0.17451820E-012    -0.24265361E-013
     0.10573786E+002     0.29281619E-010     0.15896277E-009    -0.18236785E-004    -0.14438266E-007     0.17454062E-012    -0.24443652E-013
     0.10581382E+002    -0.13490250E-009     0.17140412E-009    -0.18246781E-004    -0.14540644E-007     0.17456321E-012    -0.24622054E-013
     0.10588978E+002    -0.71448193E-010    -0.11773406E-009    -0.18256864E-004    -0.14643015E-007     0.17458598E-012    -0.24800568E-013
     0.10596575E+002     0.50066540E-010    -0.68327681E-010    -0.18267034E-004    -0.14745370E-007     0.17460892E-012    -0.24979194E-013
     0.10604171E+002     0.71996280E-010    -0.31510854E-010    -0.18277291E-004    -0.14847724E-007     0.17463203E-012    -0.25157935E-013
     0.10611767E+002     0.83118655E-010    -0.11583129E-010    -0.18287636E-004    -0.14950064E-007     0.17465533E-012    -0.25336791E-013
     0.10619363E+002     0.85375277E-010     0.59635554E-011    -0.18298070E-004    -0.15052410E-007     0.17467879E-012    -0.25515754E-013
     0.10626959E+002     0.67643193E-010     0.15369882E-010    -0.18308593E-004    -0.15154695E-007     0.17470244E-012    -0.25694860E-013
     0.10634555E+002     0.79545004E-010     0.57896846E-012    -0.18319205E-004    -0.15256954E-007     0.17472626E-012    -0.25874060E-013
     0.10642151E+002     0.86651492E-010     0.12603150E-010    -0.18329908E-004    -0.15359193E-007     0.17475025E-012    -0.26053384E-013
     0.10649747E+002     0.84618215E-010     0.16583146E-010    -0.18340701E-004    -0.15461367E-007     0.17477442E-012    -0.26232829E-013
     0.10657343E+002     0.86912314E-010     0.16714659E-010    -0.18351585E-004    -0.15563684E-007     0.17479877E-012    -0.26412396E-013
     0.10664940E+002     0.89797936E-010     0.27594187E-010    -0.18362561E-004    -0.15665927E-007     0.17482330E-012    -0.26592084E-013
     0.10672536E+002     0.82472756E-010     0.27990303E-010    -0.18373630E-004    -0.15768148E-007     0.17484800E-012    -0.26771896E-013
     0.10680132E+002     0.88191166E-010     0.26529880E-010    -0.18384791E-004    -0.15870351E-007     0.17487288E-012    -0.26951833E-013
     0.10687728E+002     0.88983036E-010     0.31001452E-010    -0.18396046E-004    -0.15972529E-007     0.17489794E-012    -0.27131894E-013
     0.10695324E+002     0.95539594E-010     0.36335470E-010    -0.18407394E-004    -0.16074694E-007     0.17492318E-012    -0.27312083E-013
     0.10702920E+002     0.94959017E-010     0.42444543E-010    -0.18418838E-004    -0.16176845E-007     0.17494860E-012    -0.27492399E-013
     0.10710516E+002     0.10032274E-009     0.49035969E-010    -0.18430376E-004    -0.16278969E-007     0.17497420E-012    -0.27672843E-013
     0.10718112E+002     0.10533190E-009     0.73269068E-010    -0.18442011E-004    -0.16381101E-007     0.17499997E-012    -0.27853417E-013
     0.10725708E+002     0.91917724E-010     0.87999526E-010    -0.18453743E-004    -0.16483213E-007     0.17502593E-012    -0.28034123E-013
     0.10733305E+002     0.86197183E-010     0.11074214E-009    -0.18465571E-004    -0.16585303E-007     0.17505207E-012    -0.28214960E-013
     0.10740901E+002     0.57876539E-010     0.14985756E-009    -0.18477498E-004    -0.16687378E-007     0.17507839E-012    -0.28395931E-013
     0.10748497E+002    -0.39419456E-010     0.20852408E-009    -0.18489523E-004    -0.16789439E-007     0.17510489E-012    -0.28577035E-013
     0.10756093E+002    -0.20799055E-009    -0.54026745E-010    -0.18501648E-004    -0.16891484E-007     0.17513157E-012    -0.28758276E-013
     0.10763689E+002     0.15590560E-010    -0.84088017E-010    -0.18513874E-004    -0.16993514E-007     0.17515843E-012    -0.28939653E-013
     0.10771285E+002     0.61812226E-010    -0.28861369E-010    -0.18526200E-004    -0.17095526E-007     0.17518548E-012    -0.29121167E-013
     0.10778881E+002     0.66001912E-010    -0.46472129E-012    -0.18538628E-004    -0.17197529E-007     0.17521271E-012    -0.29302821E-013
     0.10786477E+002     0.71647151E-010     0.15142795E-010    -0.18551158E-004    -0.17299532E-007     0.17524012E-012    -0.29484614E-013
     0.10794073E+002     0.75637933E-010     0.40730001E-010    -0.18563792E-004    -0.17401555E-007     0.17526771E-012    -0.29666554E-013
     0.10801670E+002     0.68685696E-010     0.67083244E-010    -0.18576530E-004    -0.17503458E-007     0.17529549E-012    -0.29848631E-013
     0.10809266E+002     0.54791399E-010     0.10595962E-009    -0.18589373E-004    -0.17605389E-007     0.17532346E-012    -0.30030853E-013
     0.10816862E+002     0.67254930E-011     0.17870746E-009    -0.18602323E-004    -0.17707313E-007     0.17535160E-012    -0.30213221E-013
     0.10824458E+002    -0.27500814E-009     0.23936783E-009    -0.18615379E-004    -0.17809234E-007     0.17537994E-012    -0.30395735E-013
     0.10832054E+002    -0.20556667E-009    -0.28346702E-009    -0.18628543E-004    -0.17911146E-007     0.17540845E-012    -0.30578398E-013
     0.10839650E+002     0.13051469E-010    -0.19181983E-009    -0.18641816E-004    -0.18013050E-007     0.17543716E-012    -0.30761210E-013
     0.10847246E+002     0.50072060E-010    -0.13613968E-009    -0.18655199E-004    -0.18114945E-007     0.17546605E-012    -0.30944171E-013
     0.10854842E+002     0.70077098E-010    -0.10703164E-009    -0.18668692E-004    -0.18216839E-007     0.17549513E-012    -0.31127285E-013
     0.10862438E+002     0.78065311E-010    -0.86664614E-010    -0.18682298E-004    -0.18318749E-007     0.17552439E-012    -0.31310551E-013
     0.10870035E+002     0.84262813E-010    -0.70213602E-010    -0.18696016E-004    -0.18420620E-007     0.17555384E-012    -0.31493973E-013
     0.10877631E+002     0.74804556E-010    -0.62555543E-010    -0.18709849E-004    -0.18522477E-007     0.17558348E-012    -0.31677550E-013
     0.10885227E+002     0.83021743E-010    -0.65295096E-010    -0.18723796E-004    -0.18624357E-007     0.17561331E-012    -0.31861285E-013
     0.10892823E+002     0.86231862E-010    -0.61085309E-010    -0.18737860E-004    -0.18726239E-007     0.17564333E-012    -0.32045178E-013
     0.10900419E+002     0.87804015E-010    -0.60898646E-010    -0.18752042E-004    -0.18828130E-007     0.17567353E-012    -0.32229231E-013
     0.10908015E+002     0.91866208E-010    -0.63164945E-010    -0.18766342E-004    -0.18930027E-007     0.17570392E-012    -0.32413447E-013
     0.10915611E+002     0.96198286E-010    -0.60856365E-010    -0.18780762E-004    -0.19031939E-007     0.17573451E-012    -0.32597825E-013
     0.10923207E+002     0.10151281E-009    -0.71866560E-010    -0.18795304E-004    -0.19133867E-007     0.17576528E-012    -0.32782367E-013
     0.10930803E+002     0.11095206E-009    -0.82299491E-010    -0.18809969E-004    -0.19235813E-007     0.17579625E-012    -0.32967076E-013
     0.10938400E+002     0.13564546E-009    -0.10735127E-009    -0.18824757E-004    -0.19337764E-007     0.17582741E-012    -0.33151953E-013
     0.10945996E+002     0.23327006E-009    -0.15363183E-009    -0.18839671E-004    -0.19439750E-007     0.17585875E-012    -0.33336999E-013
     0.10953592E+002     0.35190096E-009     0.10662455E-009    -0.18854712E-004    -0.19541790E-007     0.17589029E-012    -0.33522215E-013
     0.10961188E+002     0.18107753E-009     0.14931421E-009    -0.18869882E-004    -0.19643779E-007     0.17592203E-012    -0.33707604E-013
     0.10968784E+002     0.11353013E-009     0.11776033E-009    -0.18885182E-004    -0.19745834E-007     0.17595395E-012    -0.33893168E-013
     0.10976380E+002     0.90142911E-010     0.10715070E-009    -0.18900613E-004    -0.19848077E-007     0.17598607E-012    -0.34078906E-013
     0.10983976E+002     0.59173683E-010     0.10297153E-009    -0.18916178E-004    -0.19950246E-007     0.17601838E-012    -0.34264823E-013
     0.10991572E+002    -0.26172140E-010     0.79675859E-010    -0.18931878E-004    -0.20052474E-007     0.17605089E-012    -0.34450919E-013
     0.10999168E+002     0.45882741E-010    -0.24504657E-010    -0.18947715E-004    -0.20154770E-007     0.17608359E-012    -0.34637196E-013
     0.11006765E+002     0.74204634E-010    -0.17414572E-011    -0.18963691E-004    -0.20257120E-007     0.17611649E-012    -0.34823655E-013
     0.11014361E+002     0.90074801E-010     0.41305767E-011    -0.18979807E-004    -0.20359588E-007     0.17614958E-012    -0.35010299E-013
     0.11021957E+002     0.96659968E-010     0.24046147E-010    -0.18996066E-004    -0.20462111E-007     0.17618287E-012    -0.35197130E-013
     0.11029553E+002     0.88722825E-010     0.38295007E-010    -0.19012470E-004    -0.20564802E-007     0.17621635E-012    -0.35384149E-013
     0.11037149E+002     0.87016946E-010     0.42068017E-010    -0.19029021E-004    -0.20667590E-007     0.17625003E-012    -0.35571359E-013
     0.11044745E+002     0.86131147E-010     0.55385853E-010    -0.19045720E-004    -0.20770447E-007     0.17628391E-012    -0.35758760E-013
     0.11052341E+002     0.79175990E-010     0.71785375E-010    -0.19062571E-004    -0.20873445E-007     0.17631799E-012    -0.35946356E-013
     0.11059937E+002     0.72729831E-010     0.93145037E-010    -0.19079576E-004    -0.20976595E-007     0.17635226E-012    -0.36134149E-013
     0.11067533E+002     0.50748199E-010     0.13487649E-009    -0.19096736E-004    -0.21079905E-007     0.17638673E-012    -0.36322141E-013
     0.11075130E+002    -0.38396106E-010     0.20648110E-009    -0.19114055E-004    -0.21183386E-007     0.17642141E-012    -0.36510335E-013
     0.11082726E+002    -0.26994829E-009     0.21093029E-010    -0.19131535E-004    -0.21287047E-007     0.17645629E-012    -0.36698722E-013
     0.11090322E+002    -0.29163462E-010    -0.12143769E-009    -0.19149180E-004    -0.21390949E-007     0.17649135E-012    -0.36887305E-013
     0.11097918E+002     0.39509092E-010    -0.36635625E-010    -0.19166991E-004    -0.21495068E-007     0.17652660E-012    -0.37076126E-013
     0.11105514E+002     0.48454895E-010     0.34453982E-010    -0.19184971E-004    -0.21599438E-007     0.17656208E-012    -0.37265156E-013
     0.11113110E+002     0.27312511E-010     0.10419522E-009    -0.19203125E-004    -0.21704060E-007     0.17659776E-012    -0.37454383E-013
     0.11120706E+002    -0.26369681E-010     0.22048147E-009    -0.19221454E-004    -0.21808999E-007     0.17663364E-012    -0.37643825E-013
     0.11128302E+002    -0.22090550E-009     0.42732162E-009    -0.19239962E-004    -0.21914213E-007     0.17666971E-012    -0.37833486E-013
     0.11135898E+002    -0.11475970E-008     0.22383635E-009    -0.19258654E-004    -0.22019782E-007     0.17670599E-012    -0.38023367E-013
     0.11143495E+002    -0.55248996E-009    -0.59345618E-009    -0.19277531E-004    -0.22125737E-007     0.17674248E-012    -0.38213472E-013
     0.11151091E+002    -0.36396626E-009    -0.70798416E-009    -0.19296599E-004    -0.22232091E-007     0.17677917E-012    -0.38403800E-013
     0.11158687E+002    -0.27980008E-009    -0.60675209E-009    -0.19315860E-004    -0.22338898E-007     0.17681606E-012    -0.38594359E-013
     0.11166283E+002    -0.71585090E-010    -0.79430093E-009    -0.19335320E-004    -0.22446172E-007     0.17685315E-012    -0.38785148E-013
     0.11173879E+002     0.58978367E-010    -0.71377552E-009    -0.19354981E-004    -0.22553974E-007     0.17689045E-012    -0.38976172E-013
     0.11181475E+002     0.78752709E-010    -0.71002361E-009    -0.19374850E-004    -0.22662330E-007     0.17692796E-012    -0.39167434E-013
     0.11189071E+002     0.12560169E-009    -0.75695678E-009    -0.19394929E-004    -0.22771241E-007     0.17696567E-012    -0.39358937E-013
     0.11196667E+002     0.16216332E-009    -0.84453851E-009    -0.19415225E-004    -0.22880854E-007     0.17700359E-012    -0.39550682E-013
     0.11204263E+002     0.21247048E-009    -0.99370386E-009    -0.19435742E-004    -0.22991218E-007     0.17704172E-012    -0.39742678E-013
     0.11211860E+002     0.33665839E-009    -0.12885528E-008    -0.19456485E-004    -0.23102322E-007     0.17708005E-012    -0.39934923E-013
     0.11219456E+002     0.67234006E-009    -0.18593814E-008    -0.19477461E-004    -0.23214253E-007     0.17711859E-012    -0.40127424E-013
     0.11227052E+002     0.24593227E-008    -0.28834485E-008    -0.19498674E-004    -0.23327094E-007     0.17715734E-012    -0.40320186E-013
     0.11234648E+002     0.48064677E-008     0.20138122E-008    -0.19520132E-004    -0.23440913E-007     0.17719630E-012    -0.40513205E-013
     0.11242244E+002     0.11499137E-008     0.22052490E-008    -0.19541839E-004    -0.23555792E-007     0.17723546E-012    -0.40706494E-013
     0.11249840E+002     0.47090835E-009     0.13876337E-008    -0.19563804E-004    -0.23671807E-007     0.17727483E-012    -0.40900056E-013
     0.11257436E+002     0.30275805E-009     0.10133520E-008    -0.19586034E-004    -0.23789067E-007     0.17731442E-012    -0.41093892E-013
     0.11265032E+002     0.21781073E-009     0.82754508E-009    -0.19608535E-004    -0.23907675E-007     0.17735421E-012    -0.41288010E-013
     0.11272628E+002     0.14526503E-009     0.71620838E-009    -0.19631315E-004    -0.24027751E-007     0.17739422E-012    -0.41482411E-013
     0.11280225E+002    -0.77064500E-011     0.62722688E-009    -0.19654384E-004    -0.24149374E-007     0.17743444E-012    -0.41677111E-013
     0.11287821E+002     0.40767815E-010     0.35122618E-009    -0.19677749E-004    -0.24272727E-007     0.17747487E-012    -0.41872097E-013
     0.11295417E+002     0.10893664E-009     0.32188387E-009    -0.19701419E-004    -0.24397933E-007     0.17751551E-012    -0.42067389E-013
     0.11303013E+002     0.13341099E-009     0.29079048E-009    -0.19725405E-004    -0.24525145E-007     0.17755636E-012    -0.42262988E-013
     0.11310609E+002     0.20852601E-009     0.27881327E-009    -0.19749717E-004    -0.24654568E-007     0.17759742E-012    -0.42458899E-013
     0.11318205E+002     0.15016637E-009     0.34026628E-009    -0.19774365E-004    -0.24786352E-007     0.17763870E-012    -0.42655130E-013
     0.11325801E+002     0.12398544E-009     0.30344504E-009    -0.19799361E-004    -0.24920691E-007     0.17768019E-012    -0.42851688E-013
     0.11333397E+002     0.11345734E-009     0.27927509E-009    -0.19824718E-004    -0.25057844E-007     0.17772189E-012    -0.43048581E-013
     0.11340993E+002     0.10343775E-009     0.24868458E-009    -0.19850447E-004    -0.25198024E-007     0.17776381E-012    -0.43245815E-013
     0.11348590E+002     0.10352777E-009     0.21944226E-009    -0.19876564E-004    -0.25341523E-007     0.17780595E-012    -0.43443396E-013
     0.11356186E+002     0.10951161E-009     0.18821755E-009    -0.19903081E-004    -0.25488591E-007     0.17784829E-012    -0.43641336E-013
     0.11363782E+002     0.11995747E-009     0.15132286E-009    -0.19930015E-004    -0.25639594E-007     0.17789085E-012    -0.43839641E-013
     0.11371378E+002     0.14995409E-009     0.11338120E-009    -0.19957383E-004    -0.25794865E-007     0.17793363E-012    -0.44038322E-013
     0.11378974E+002     0.18234441E-009     0.59329951E-010    -0.19985202E-004    -0.25954788E-007     0.17797662E-012    -0.44237388E-013
     0.11386570E+002     0.33410292E-009    -0.71360913E-010    -0.20013490E-004    -0.26119807E-007     0.17801983E-012    -0.44436849E-013
     0.11394166E+002     0.83883832E-009     0.33142113E-009    -0.20042268E-004    -0.26290365E-007     0.17806325E-012    -0.44636716E-013
     0.11401762E+002     0.29930962E-009     0.58896858E-009    -0.20071556E-004    -0.26466990E-007     0.17810689E-012    -0.44837001E-013
     0.11409358E+002     0.16495631E-009     0.47690937E-009    -0.20101379E-004    -0.26650263E-007     0.17815074E-012    -0.45037718E-013
     0.11416955E+002     0.12519930E-009     0.40790965E-009    -0.20131761E-004    -0.26840803E-007     0.17819481E-012    -0.45238878E-013
     0.11424551E+002     0.11588761E-009     0.36947138E-009    -0.20162727E-004    -0.27039312E-007     0.17823909E-012    -0.45440497E-013
     0.11432147E+002     0.11211711E-009     0.34445128E-009    -0.20194307E-004    -0.27246561E-007     0.17828359E-012    -0.45642588E-013
     0.11439743E+002     0.11920298E-009     0.33708930E-009    -0.20226531E-004    -0.27463445E-007     0.17832831E-012    -0.45845168E-013
     0.11447339E+002     0.10790623E-009     0.33500639E-009    -0.20259431E-004    -0.27690889E-007     0.17837324E-012    -0.46048259E-013
     0.11454935E+002     0.10191443E-009     0.32538877E-009    -0.20293044E-004    -0.27929967E-007     0.17841838E-012    -0.46251865E-013
     0.11462531E+002     0.10211613E-009     0.31513365E-009    -0.20327408E-004    -0.28181867E-007     0.17846375E-012    -0.46456032E-013
     0.11470127E+002     0.11062818E-009     0.30978940E-009    -0.20362565E-004    -0.28447994E-007     0.17850932E-012    -0.46660761E-013
     0.11477723E+002     0.11508499E-009     0.31994558E-009    -0.20398559E-004    -0.28729763E-007     0.17855511E-012    -0.46866080E-013
     0.11485320E+002     0.10332880E-009     0.32668608E-009    -0.20435440E-004    -0.29028901E-007     0.17860112E-012    -0.47072016E-013
     0.11492916E+002     0.10051034E-009     0.32363412E-009    -0.20473261E-004    -0.29347309E-007     0.17864733E-012    -0.47278598E-013
     0.11500512E+002     0.10006777E-009     0.32521315E-009    -0.20512082E-004    -0.29687141E-007     0.17869376E-012    -0.47485854E-013
     0.11508108E+002     0.10130924E-009     0.32344941E-009    -0.20551964E-004    -0.30050767E-007     0.17874040E-012    -0.47693822E-013
     0.11515704E+002     0.10085125E-009     0.32735170E-009    -0.20592979E-004    -0.30440967E-007     0.17878725E-012    -0.47902530E-013
     0.11523300E+002     0.10817306E-009     0.33778335E-009    -0.20635203E-004    -0.30860858E-007     0.17883431E-012    -0.48112023E-013
     0.11530896E+002     0.10160485E-009     0.35274491E-009    -0.20678721E-004    -0.31314009E-007     0.17888158E-012    -0.48322341E-013
     0.11538492E+002     0.93607622E-010     0.35235213E-009    -0.20723624E-004    -0.31804474E-007     0.17892905E-012    -0.48533534E-013
     0.11546088E+002     0.94321737E-010     0.35833911E-009    -0.20770017E-004    -0.32336918E-007     0.17897673E-012    -0.48745653E-013
     0.11553685E+002     0.89168076E-010     0.36191866E-009    -0.20818013E-004    -0.32916695E-007     0.17902461E-012    -0.48958757E-013
     0.11561281E+002     0.92877928E-010     0.36601143E-009    -0.20867740E-004    -0.33549988E-007     0.17907269E-012    -0.49172909E-013
     0.11568877E+002     0.98240708E-010     0.37040908E-009    -0.20919337E-004    -0.34243956E-007     0.17912097E-012    -0.49388182E-013
     0.11576473E+002     0.10315543E-009     0.37952152E-009    -0.20972963E-004    -0.35006921E-007     0.17916945E-012    -0.49604654E-013
     0.11584069E+002     0.11050912E-009     0.39243148E-009    -0.21028795E-004    -0.35848607E-007     0.17921811E-012    -0.49822410E-013
     0.11591665E+002     0.10963535E-009     0.39625081E-009    -0.21087033E-004    -0.36780257E-007     0.17926695E-012    -0.50041565E-013
     0.11599261E+002     0.12647715E-009     0.37640239E-009    -0.21147902E-004    -0.37815445E-007     0.17931598E-012    -0.50262233E-013
     0.11606857E+002     0.22099971E-009     0.33733950E-009    -0.21211657E-004    -0.38969881E-007     0.17936520E-012    -0.50484528E-013
     0.11614453E+002     0.55666183E-009     0.56243979E-009    -0.21278589E-004    -0.40262323E-007     0.17941458E-012    -0.50708602E-013
     0.11622050E+002     0.20931716E-009     0.85659754E-009    -0.21349031E-004    -0.41715293E-007     0.17946413E-012    -0.50934623E-013
     0.11629646E+002     0.99886022E-010     0.82859951E-009    -0.21423365E-004    -0.43355775E-007     0.17951383E-012    -0.51162791E-013
     0.11637242E+002     0.65703936E-010     0.85320720E-009    -0.21502032E-004    -0.45216376E-007     0.17956369E-012    -0.51393317E-013
     0.11644838E+002     0.41500239E-010     0.93419893E-009    -0.21585546E-004    -0.47336824E-007     0.17961368E-012    -0.51626465E-013
     0.11652434E+002    -0.99456792E-011     0.10664909E-008    -0.21674504E-004    -0.49765794E-007     0.17966380E-012    -0.51862537E-013
     0.11660030E+002    -0.98015550E-010     0.12785315E-008    -0.21769611E-004    -0.52563524E-007     0.17971403E-012    -0.52101890E-013
     0.11667626E+002    -0.31655753E-009     0.16602211E-008    -0.21871699E-004    -0.55804831E-007     0.17976435E-012    -0.52344938E-013
     0.11675222E+002    -0.11872180E-008     0.23986992E-008    -0.21981761E-004    -0.59584252E-007     0.17981476E-012    -0.52592190E-013
     0.11682818E+002    -0.43657376E-008     0.30779162E-009    -0.22100988E-004    -0.64021629E-007     0.17986523E-012    -0.52844237E-013
     0.11690414E+002    -0.11939625E-008    -0.16032262E-008    -0.22230828E-004    -0.69270636E-007     0.17991571E-012    -0.53101818E-013
     0.11698011E+002    -0.32071646E-009    -0.86514700E-009    -0.22373050E-004    -0.75531523E-007     0.17996620E-012    -0.53365839E-013
     0.11705607E+002    -0.10401398E-009    -0.47699613E-009    -0.22529845E-004    -0.83068053E-007     0.18001666E-012    -0.53637403E-013
     0.11713203E+002    -0.25398203E-010    -0.26023425E-009    -0.22703957E-004    -0.92233232E-007     0.18006703E-012    -0.53917909E-013
     0.11720799E+002     0.41340118E-010    -0.94649011E-010    -0.22898868E-004    -0.10350747E-006     0.18011727E-012    -0.54209132E-013
     0.11728395E+002     0.45402353E-010     0.35705700E-010    -0.23119066E-004    -0.11755706E-006     0.18016732E-012    -0.54513372E-013
     0.11735991E+002     0.41223857E-010     0.12364747E-009    -0.23370433E-004    -0.13532665E-006     0.18021710E-012    -0.54833655E-013
     0.11743587E+002     0.47926168E-010     0.19640463E-009    -0.23660833E-004    -0.15818901E-006     0.18026654E-012    -0.55174046E-013
     0.11751183E+002     0.48085144E-010     0.26175468E-009    -0.24001015E-004    -0.18819769E-006     0.18031554E-012    -0.55540139E-013
     0.11758779E+002     0.59230702E-010     0.32985840E-009    -0.24406073E-004    -0.22853053E-006     0.18036401E-012    -0.55939855E-013
     0.11766376E+002     0.53155192E-010     0.39986148E-009    -0.24897863E-004    -0.28430756E-006     0.18041190E-012    -0.56384792E-013
     0.11773972E+002     0.53159699E-010     0.47061791E-009    -0.25509245E-004    -0.36419075E-006     0.18045925E-012    -0.56892638E-013
     0.11781568E+002     0.50839164E-010     0.54838596E-009    -0.26291930E-004    -0.48374473E-006     0.18050644E-012    -0.57491811E-013
     0.11789164E+002     0.48064850E-010     0.63738421E-009    -0.27332040E-004    -0.67315731E-006     0.18055485E-012    -0.58231041E-013
     0.11796760E+002     0.41643850E-010     0.73833648E-009    -0.28783750E-004    -0.99713256E-006     0.18060911E-012    -0.59201556E-013
     0.11804356E+002     0.24585818E-010     0.86074606E-009    -0.30950134E-004    -0.16146380E-005     0.18068594E-012    -0.60596343E-013
     0.11811952E+002     0.94038228E-011     0.10044284E-008    -0.34503462E-004    -0.30014591E-005     0.18086114E-012    -0.62905209E-013
     0.11819548E+002    -0.21512109E-010     0.11884570E-008    -0.41130823E-004    -0.70932133E-005     0.18166258E-012    -0.67788360E-013
     0.11827144E+002    -0.63192117E-010     0.14281897E-008    -0.52650240E-004    -0.26367927E-004     0.19141219E-012    -0.82780698E-013
     0.11834741E+002    -0.13326639E-009     0.17625855E-008     0.95266664E-006    -0.55483134E-004     0.22487329E-012    -0.31544632E-013
     0.11842337E+002    -0.27640511E-009     0.22672978E-008     0.49799581E-005    -0.13434003E-004     0.18531810E-012    -0.39638843E-013
     0.11849933E+002    -0.59969694E-009     0.30752813E-008    -0.39754350E-005    -0.50058770E-005     0.18242292E-012    -0.47267352E-013
     0.11857529E+002    -0.14908120E-008     0.45592671E-008    -0.86111353E-005    -0.25886176E-005     0.18189270E-012    -0.50337532E-013
     0.11865125E+002    -0.56357505E-008     0.72768816E-008    -0.11291395E-004    -0.15966604E-005     0.18172822E-012    -0.52034524E-013
     0.11872721E+002    -0.13517674E-007    -0.43534046E-008    -0.13019986E-004    -0.10963019E-005     0.18167305E-012    -0.53155615E-013
     0.11880317E+002    -0.33201667E-008    -0.63118547E-008    -0.14225087E-004    -0.80869913E-006     0.18166363E-012    -0.53981844E-013
     0.11887913E+002    -0.11132023E-008    -0.41677345E-008    -0.15113920E-004    -0.62789621E-006     0.18167763E-012    -0.54636913E-013
     0.11895509E+002    -0.50381256E-009    -0.29954469E-008    -0.15797810E-004    -0.50658797E-006     0.18170518E-012    -0.55183785E-013
     0.11903106E+002    -0.28987684E-009    -0.23350560E-008    -0.16341593E-004    -0.42107688E-006     0.18174133E-012    -0.55657924E-013
     0.11910702E+002    -0.19891970E-009    -0.19037630E-008    -0.16785483E-004    -0.35842041E-006     0.18178329E-012    -0.56080832E-013
     0.11918298E+002    -0.24447003E-009    -0.16837568E-008    -0.17155706E-004    -0.31105851E-006     0.18182940E-012    -0.56466328E-013
     0.11925894E+002    -0.88732607E-010    -0.15591204E-008    -0.17470082E-004    -0.27433089E-006     0.18187861E-012    -0.56823681E-013
     0.11933490E+002    -0.18657207E-010    -0.13705728E-008    -0.17741132E-004    -0.24523557E-006     0.18193021E-012    -0.57159355E-013
     0.11941086E+002     0.18413638E-011    -0.12269540E-008    -0.17977907E-004    -0.22176613E-006     0.18198372E-012    -0.57477992E-013
     0.11948682E+002     0.22369105E-010    -0.11229985E-008    -0.18187114E-004    -0.20253923E-006     0.18203877E-012    -0.57783013E-013
     0.11956278E+002     0.32553805E-010    -0.10327352E-008    -0.18373824E-004    -0.18657533E-006     0.18209513E-012    -0.58076997E-013
     0.11963874E+002     0.48080233E-010    -0.95550814E-009    -0.18541943E-004    -0.17316441E-006     0.18215260E-012    -0.58361923E-013
     0.11971471E+002     0.42754157E-010    -0.88638994E-009    -0.18694527E-004    -0.16178148E-006     0.18221103E-012    -0.58639332E-013
     0.11979067E+002     0.44058067E-010    -0.84345934E-009    -0.18834003E-004    -0.15203122E-006     0.18227032E-012    -0.58910452E-013
     0.11986663E+002     0.52048388E-010    -0.80540069E-009    -0.18962320E-004    -0.14361122E-006     0.18233037E-012    -0.59176263E-013
     0.11994259E+002     0.59251737E-010    -0.76119874E-009    -0.19081063E-004    -0.13628681E-006     0.18239112E-012    -0.59437563E-013
     0.12001855E+002     0.67943487E-010    -0.72700769E-009    -0.19191536E-004    -0.12987343E-006     0.18245251E-012    -0.59695006E-013
     0.12009451E+002     0.72376499E-010    -0.68286245E-009    -0.19294816E-004    -0.12422435E-006     0.18251448E-012    -0.59949132E-013
     0.12017047E+002     0.67451452E-010    -0.64139543E-009    -0.19391806E-004    -0.11922162E-006     0.18257702E-012    -0.60200397E-013
     0.12024643E+002     0.68867431E-010    -0.60352006E-009    -0.19483265E-004    -0.11476962E-006     0.18264008E-012    -0.60449180E-013
     0.12032239E+002     0.60038441E-010    -0.54970594E-009    -0.19569839E-004    -0.11078999E-006     0.18270363E-012    -0.60695809E-013
     0.12039836E+002     0.12904520E-010    -0.46580194E-009    -0.19652076E-004    -0.10721807E-006     0.18276767E-012    -0.60940553E-013
     0.12047432E+002    -0.23604880E-009    -0.40295756E-009    -0.19730451E-004    -0.10400004E-006     0.18283216E-012    -0.61183654E-013
     0.12055028E+002    -0.17869800E-009    -0.85090189E-009    -0.19805372E-004    -0.10109092E-006     0.18289710E-012    -0.61425320E-013
     0.12062624E+002     0.20167015E-010    -0.76666067E-009    -0.19877192E-004    -0.98452755E-007     0.18296247E-012    -0.61665727E-013
     0.12070220E+002     0.63336260E-010    -0.70092504E-009    -0.19946222E-004    -0.96053209E-007     0.18302825E-012    -0.61905025E-013
     0.12077816E+002     0.77452205E-010    -0.65820244E-009    -0.20012733E-004    -0.93864921E-007     0.18309446E-012    -0.62143376E-013
     0.12085412E+002     0.78444176E-010    -0.63592140E-009    -0.20076964E-004    -0.91864570E-007     0.18316108E-012    -0.62380835E-013
     0.12093008E+002     0.86044810E-010    -0.61633518E-009    -0.20139125E-004    -0.90031544E-007     0.18322806E-012    -0.62617566E-013
     0.12100604E+002     0.81972809E-010    -0.60567956E-009    -0.20199404E-004    -0.88348217E-007     0.18329544E-012    -0.62853660E-013
     0.12108201E+002     0.90988466E-010    -0.59245970E-009    -0.20257967E-004    -0.86799657E-007     0.18336320E-012    -0.63089193E-013
     0.12115797E+002     0.87775958E-010    -0.58082900E-009    -0.20314964E-004    -0.85372393E-007     0.18343134E-012    -0.63324241E-013
     0.12123393E+002     0.86524650E-010    -0.58185067E-009    -0.20370527E-004    -0.84054752E-007     0.18349985E-012    -0.63558869E-013
     0.12130989E+002     0.89510624E-010    -0.57805422E-009    -0.20424777E-004    -0.82836888E-007     0.18356873E-012    -0.63793150E-013
     0.12138585E+002     0.95596143E-010    -0.57052137E-009    -0.20477821E-004    -0.81709223E-007     0.18363799E-012    -0.64027122E-013
     0.12146181E+002     0.93349916E-010    -0.56890203E-009    -0.20529757E-004    -0.80663809E-007     0.18370761E-012    -0.64260844E-013
     0.12153777E+002     0.93474565E-010    -0.56762990E-009    -0.20580674E-004    -0.79693634E-007     0.18377759E-012    -0.64494365E-013
     0.12161373E+002     0.95590937E-010    -0.56832402E-009    -0.20630652E-004    -0.78792287E-007     0.18384794E-012    -0.64727719E-013
     0.12168969E+002     0.97368221E-010    -0.57097256E-009    -0.20679765E-004    -0.77954133E-007     0.18391865E-012    -0.64960948E-013
     0.12176566E+002     0.10216750E-009    -0.56714509E-009    -0.20728078E-004    -0.77174082E-007     0.18398971E-012    -0.65194092E-013
     0.12184162E+002     0.10058544E-009    -0.56666478E-009    -0.20775653E-004    -0.76447611E-007     0.18406114E-012    -0.65427176E-013
     0.12191758E+002     0.97109314E-010    -0.57259077E-009    -0.20822546E-004    -0.75770579E-007     0.18413292E-012    -0.65660232E-013
     0.12199354E+002     0.98249090E-010    -0.57750160E-009    -0.20868809E-004    -0.75139240E-007     0.18420506E-012    -0.65893288E-013
     0.12206950E+002     0.10716711E-009    -0.57193406E-009    -0.20914488E-004    -0.74550315E-007     0.18427756E-012    -0.66126374E-013
     0.12214546E+002     0.97728339E-010    -0.56683877E-009    -0.20959627E-004    -0.74000925E-007     0.18435044E-012    -0.66359503E-013
     0.12222142E+002     0.90416399E-010    -0.56062233E-009    -0.21004266E-004    -0.73487956E-007     0.18442363E-012    -0.66592696E-013
     0.12229738E+002     0.77613080E-010    -0.55648714E-009    -0.21048443E-004    -0.73008978E-007     0.18449720E-012    -0.66825972E-013
     0.12237334E+002     0.65491099E-010    -0.54867425E-009    -0.21092192E-004    -0.72561736E-007     0.18457112E-012    -0.67059384E-013
     0.12244931E+002     0.55885503E-010    -0.49475608E-009    -0.21135546E-004    -0.72144604E-007     0.18464541E-012    -0.67292907E-013
     0.12252527E+002    -0.83594076E-011    -0.39047985E-009    -0.21178532E-004    -0.71755092E-007     0.18472006E-012    -0.67526577E-013
     0.12260123E+002    -0.20793325E-009    -0.14294906E-009    -0.21221180E-004    -0.71391572E-007     0.18479506E-012    -0.67760406E-013
     0.12267719E+002    -0.13217911E-008     0.16084403E-009    -0.21263515E-004    -0.71052481E-007     0.18487041E-012    -0.67994410E-013
     0.12275315E+002    -0.15181270E-008    -0.24243633E-008    -0.21305561E-004    -0.70736337E-007     0.18494613E-012    -0.68228601E-013
     0.12282911E+002    -0.23067991E-009    -0.22588101E-008    -0.21347341E-004    -0.70441642E-007     0.18502221E-012    -0.68462994E-013
     0.12290507E+002     0.49588655E-010    -0.20888344E-008    -0.21388875E-004    -0.70167336E-007     0.18509865E-012    -0.68697601E-013
     0.12298103E+002     0.16090251E-009    -0.20981825E-008    -0.21430184E-004    -0.69912209E-007     0.18517546E-012    -0.68932427E-013
     0.12305699E+002     0.24767354E-009    -0.22403550E-008    -0.21471286E-004    -0.69675222E-007     0.18525261E-012    -0.69167441E-013
     0.12313296E+002     0.34592026E-009    -0.25046257E-008    -0.21512197E-004    -0.69455212E-007     0.18533005E-012    -0.69402919E-013
     0.12320892E+002     0.50244149E-009    -0.29350533E-008    -0.21552936E-004    -0.69251324E-007     0.18540803E-012    -0.69638435E-013
     0.12328488E+002     0.78807544E-009    -0.36549977E-008    -0.21593516E-004    -0.69062777E-007     0.18548627E-012    -0.69874273E-013
     0.12336084E+002     0.14898523E-008    -0.49433078E-008    -0.21633953E-004    -0.68888677E-007     0.18556490E-012    -0.70110394E-013
     0.12343680E+002     0.39114998E-008    -0.74774442E-008    -0.21674260E-004    -0.68728384E-007     0.18564390E-012    -0.70346828E-013
     0.12351276E+002     0.16036878E-007    -0.63776053E-008    -0.21714450E-004    -0.68581211E-007     0.18572337E-012    -0.70583518E-013
     0.12358872E+002     0.77389531E-008     0.93797117E-008    -0.21754535E-004    -0.68446175E-007     0.18580301E-012    -0.70820370E-013
     0.12366468E+002     0.20382233E-008     0.61304508E-008    -0.21794528E-004    -0.68322792E-007     0.18588304E-012    -0.71057713E-013
     0.12374064E+002     0.69950351E-009     0.43518330E-008    -0.21834438E-004    -0.68211291E-007     0.18596349E-012    -0.71295367E-013
     0.12381661E+002    -0.34447237E-009     0.31177532E-008    -0.21874277E-004    -0.68110477E-007     0.18604433E-012    -0.71533351E-013
     0.12389257E+002     0.40825034E-010     0.19345144E-008    -0.21914054E-004    -0.68020415E-007     0.18612554E-012    -0.71771608E-013
     0.12396853E+002     0.15544937E-009     0.16948273E-008    -0.21953778E-004    -0.67939323E-007     0.18620711E-012    -0.72010245E-013
     0.12404449E+002     0.14833490E-009     0.14987616E-008    -0.21993460E-004    -0.67867898E-007     0.18628906E-012    -0.72249234E-013
     0.12412045E+002     0.13105268E-009     0.13436635E-008    -0.22033107E-004    -0.67805999E-007     0.18637140E-012    -0.72488547E-013
     0.12419641E+002     0.11248544E-009     0.12226433E-008    -0.22072725E-004    -0.67755179E-007     0.18645413E-012    -0.72728242E-013
     0.12427237E+002     0.92320574E-010     0.11305140E-008    -0.22112323E-004    -0.67707062E-007     0.18653713E-012    -0.72968250E-013
     0.12434833E+002     0.76652765E-010     0.10453612E-008    -0.22151912E-004    -0.67670015E-007     0.18662057E-012    -0.73208751E-013
     0.12442429E+002     0.74019604E-010     0.98352135E-009    -0.22191495E-004    -0.67637892E-007     0.18670439E-012    -0.73449747E-013
     0.12450026E+002     0.69204117E-010     0.94597545E-009    -0.22231082E-004    -0.67613750E-007     0.18678882E-012    -0.73690894E-013
     0.12457622E+002     0.60687229E-010     0.91401162E-009    -0.22270679E-004    -0.67597070E-007     0.18687347E-012    -0.73932425E-013
     0.12465218E+002     0.45109286E-010     0.88774229E-009    -0.22310290E-004    -0.67588318E-007     0.18695849E-012    -0.74174387E-013
     0.12472814E+002     0.40256847E-010     0.84988732E-009    -0.22349920E-004    -0.67585835E-007     0.18704396E-012    -0.74416728E-013
     0.12480410E+002     0.60411194E-010     0.78849893E-009    -0.22389579E-004    -0.67587932E-007     0.18712975E-012    -0.74659504E-013
     0.12488006E+002     0.14396656E-009     0.69276766E-009    -0.22429270E-004    -0.67596707E-007     0.18721592E-012    -0.74902672E-013
     0.12495602E+002     0.44451001E-009     0.43194103E-009    -0.22468998E-004    -0.67611367E-007     0.18730252E-012    -0.75146294E-013
     0.12503198E+002     0.20161518E-008     0.46640574E-009    -0.22508770E-004    -0.67631679E-007     0.18738959E-012    -0.75390322E-013
     0.12510794E+002     0.32815329E-008     0.15490644E-008    -0.22548589E-004    -0.67657510E-007     0.18747702E-012    -0.75634735E-013
     0.12518391E+002     0.75189957E-008     0.14058931E-007    -0.22588460E-004    -0.67688438E-007     0.18756503E-012    -0.75879269E-013
     0.12525987E+002    -0.20202427E-007     0.17158066E-007    -0.22628389E-004    -0.67724566E-007     0.18765281E-012    -0.76124433E-013
     0.12533583E+002    -0.12363204E-007    -0.12180844E-007    -0.22668379E-004    -0.67765614E-007     0.18774131E-012    -0.76370238E-013
     0.12541179E+002    -0.26862702E-008    -0.83436342E-008    -0.22708434E-004    -0.67812106E-007     0.18783024E-012    -0.76616323E-013
     0.12548775E+002    -0.70871771E-009    -0.61233267E-008    -0.22748558E-004    -0.67860762E-007     0.18791946E-012    -0.76862715E-013
     0.12556371E+002     0.47376605E-010    -0.53866058E-008    -0.22788760E-004    -0.67912582E-007     0.18800872E-012    -0.77109290E-013
     0.12563967E+002     0.76316168E-009    -0.57126144E-008    -0.22829039E-004    -0.67973811E-007     0.18809612E-012    -0.77356359E-013
     0.12571563E+002     0.25817701E-008    -0.71555404E-008    -0.22869399E-004    -0.68037264E-007     0.18818707E-012    -0.77611925E-013
     0.12579159E+002     0.11075463E-007    -0.73705469E-008    -0.22909843E-004    -0.68105096E-007     0.18828515E-012    -0.77859776E-013
     0.12586756E+002     0.78256999E-008     0.63661310E-008    -0.22950375E-004    -0.68176271E-007     0.18837568E-012    -0.78102119E-013
     0.12594352E+002     0.20134740E-008     0.44557812E-008    -0.22991001E-004    -0.68250545E-007     0.18846531E-012    -0.78352041E-013
     0.12601948E+002     0.84980005E-009     0.29222731E-008    -0.23031723E-004    -0.68328953E-007     0.18855716E-012    -0.78602406E-013
     0.12609544E+002     0.48909595E-009     0.21828630E-008    -0.23072544E-004    -0.68410938E-007     0.18864973E-012    -0.78853010E-013
     0.12617140E+002     0.32120766E-009     0.17895282E-008    -0.23113466E-004    -0.68496370E-007     0.18874279E-012    -0.79104003E-013
     0.12624736E+002     0.22819736E-009     0.15678834E-008    -0.23154495E-004    -0.68585176E-007     0.18883630E-012    -0.79355444E-013
     0.12632332E+002     0.16244339E-009     0.14393653E-008    -0.23195633E-004    -0.68677506E-007     0.18893024E-012    -0.79607361E-013
     0.12639928E+002     0.12113493E-009     0.13740500E-008    -0.23236881E-004    -0.68774391E-007     0.18902462E-012    -0.79859773E-013
     0.12647524E+002     0.86338783E-010     0.13790613E-008    -0.23278242E-004    -0.68873062E-007     0.18911942E-012    -0.80112666E-013
     0.12655121E+002     0.38493041E-010     0.14475276E-008    -0.23319722E-004    -0.68974910E-007     0.18921465E-012    -0.80366082E-013
     0.12662717E+002    -0.66863919E-010     0.16171677E-008    -0.23361322E-004    -0.69079840E-007     0.18931032E-012    -0.80620010E-013
     0.12670313E+002    -0.50991155E-009     0.17481249E-008    -0.23403044E-004    -0.69187740E-007     0.18940644E-012    -0.80874451E-013
     0.12677909E+002    -0.35105328E-009     0.14901656E-008    -0.23444892E-004    -0.69298550E-007     0.18950297E-012    -0.81129398E-013
     0.12685505E+002    -0.36276907E-009     0.20451227E-008    -0.23486867E-004    -0.69411864E-007     0.18959993E-012    -0.81384891E-013
     0.12693101E+002    -0.89567033E-009     0.29912633E-008    -0.23528975E-004    -0.69528324E-007     0.18969736E-012    -0.81640931E-013
     0.12700697E+002    -0.36415847E-008     0.44422470E-008    -0.23571213E-004    -0.69649056E-007     0.18979522E-012    -0.81897488E-013
     0.12708293E+002    -0.62205565E-008    -0.20252816E-008    -0.23613588E-004    -0.69770170E-007     0.18989353E-012    -0.82154564E-013
     0.12715889E+002    -0.29037852E-008    -0.32033091E-008    -0.23656101E-004    -0.69894729E-007     0.18999226E-012    -0.82412210E-013
     0.12723486E+002    -0.81163913E-009    -0.24572499E-008    -0.23698755E-004    -0.70021979E-007     0.19009144E-012    -0.82670408E-013
     0.12731082E+002    -0.30513625E-009    -0.16964192E-008    -0.23741551E-004    -0.70151674E-007     0.19019108E-012    -0.82929160E-013
     0.12738678E+002    -0.13379806E-009    -0.12780879E-008    -0.23784492E-004    -0.70283839E-007     0.19029118E-012    -0.83188470E-013
     0.12746274E+002    -0.43033254E-010    -0.10125475E-008    -0.23827581E-004    -0.70418447E-007     0.19039173E-012    -0.83448340E-013
     0.12753870E+002    -0.48054284E-011    -0.83011453E-009    -0.23870820E-004    -0.70555510E-007     0.19049273E-012    -0.83708766E-013
     0.12761466E+002     0.20865259E-010    -0.70011837E-009    -0.23914210E-004    -0.70694661E-007     0.19059413E-012    -0.83969796E-013
     0.12769062E+002     0.33636344E-010    -0.60360588E-009    -0.23957755E-004    -0.70836407E-007     0.19069610E-012    -0.84231392E-013
     0.12776658E+002     0.41793607E-010    -0.52842614E-009    -0.24001456E-004    -0.70980402E-007     0.19079848E-012    -0.84493551E-013
     0.12784254E+002     0.51360097E-010    -0.46804089E-009    -0.24045316E-004    -0.71126762E-007     0.19090132E-012    -0.84756305E-013
     0.12791851E+002     0.63835011E-010    -0.40358704E-009    -0.24089336E-004    -0.71275411E-007     0.19100463E-012    -0.85019648E-013
     0.12799447E+002     0.52320988E-010    -0.34030159E-009    -0.24133519E-004    -0.71425954E-007     0.19110841E-012    -0.85283587E-013
     0.12807043E+002     0.38770736E-010    -0.29812812E-009    -0.24177867E-004    -0.71578665E-007     0.19121266E-012    -0.85548123E-013
     0.12814639E+002     0.48403662E-010    -0.22985450E-009    -0.24222382E-004    -0.71733570E-007     0.19131738E-012    -0.85813264E-013
     0.12822235E+002    -0.39184109E-011    -0.11174009E-009    -0.24267067E-004    -0.71890592E-007     0.19142257E-012    -0.86079012E-013
     0.12829831E+002    -0.18467690E-009     0.51037699E-010    -0.24311922E-004    -0.72049679E-007     0.19152824E-012    -0.86345370E-013
     0.12837427E+002    -0.88289892E-009    -0.29736099E-009    -0.24356950E-004    -0.72210833E-007     0.19163439E-012    -0.86612355E-013
     0.12845023E+002    -0.21387690E-009    -0.79676358E-009    -0.24402153E-004    -0.72374028E-007     0.19174103E-012    -0.86879956E-013
     0.12852619E+002    -0.11317668E-010    -0.63274095E-009    -0.24447534E-004    -0.72539269E-007     0.19184815E-012    -0.87148182E-013
     0.12860216E+002     0.44367562E-010    -0.54062180E-009    -0.24493094E-004    -0.72706346E-007     0.19195575E-012    -0.87417040E-013
     0.12867812E+002     0.53232794E-010    -0.49416779E-009    -0.24538834E-004    -0.72875389E-007     0.19206384E-012    -0.87686532E-013
     0.12875408E+002     0.82333168E-010    -0.47103536E-009    -0.24584758E-004    -0.73046071E-007     0.19217241E-012    -0.87956658E-013
     0.12883004E+002     0.92603721E-010    -0.44633830E-009    -0.24630868E-004    -0.73219406E-007     0.19228148E-012    -0.88227450E-013
     0.12890600E+002     0.10081016E-009    -0.44152537E-009    -0.24677164E-004    -0.73394455E-007     0.19239105E-012    -0.88498883E-013
     0.12898196E+002     0.12220625E-009    -0.45928496E-009    -0.24723648E-004    -0.73571323E-007     0.19250111E-012    -0.88770971E-013
     0.12905792E+002     0.23187185E-009    -0.50999905E-009    -0.24770324E-004    -0.73750053E-007     0.19261166E-012    -0.89043721E-013
     0.12913388E+002     0.36496560E-009    -0.20470566E-009    -0.24817193E-004    -0.73930650E-007     0.19272270E-012    -0.89317174E-013
     0.12920984E+002     0.15345458E-009    -0.19570167E-009    -0.24864256E-004    -0.74113376E-007     0.19283427E-012    -0.89591368E-013
     0.12928581E+002     0.11843262E-009    -0.23318969E-009    -0.24911516E-004    -0.74299081E-007     0.19294696E-012    -0.89866386E-013
     0.12936177E+002     0.11287322E-009    -0.24818122E-009    -0.24958973E-004    -0.74484496E-007     0.19305879E-012    -0.90140904E-013
     0.12943773E+002     0.10136358E-009    -0.24496910E-009    -0.25006632E-004    -0.74672370E-007     0.19317181E-012    -0.90417831E-013
     0.12951369E+002     0.95741501E-010    -0.26580410E-009    -0.25054491E-004    -0.74863288E-007     0.19328632E-012    -0.90693750E-013
     0.12958965E+002     0.10343310E-009    -0.25909717E-009    -0.25102556E-004    -0.75052399E-007     0.19339968E-012    -0.90971643E-013
     0.12966561E+002     0.97096944E-010    -0.26782496E-009    -0.25150829E-004    -0.75244873E-007     0.19351439E-012    -0.91249993E-013
     0.12974157E+002     0.10797116E-009    -0.26117241E-009    -0.25199309E-004    -0.75439824E-007     0.19362961E-012    -0.91528929E-013
     0.12981753E+002     0.10014123E-009    -0.26549370E-009    -0.25247998E-004    -0.75636511E-007     0.19374532E-012    -0.91808559E-013
     0.12989349E+002     0.10444761E-009    -0.26139708E-009    -0.25296900E-004    -0.75834916E-007     0.19386155E-012    -0.92088903E-013
     0.12996946E+002     0.10207719E-009    -0.26357199E-009    -0.25346015E-004    -0.76035085E-007     0.19397832E-012    -0.92369965E-013
     0.13004542E+002     0.10712143E-009    -0.26300832E-009    -0.25395346E-004    -0.76237025E-007     0.19409560E-012    -0.92651752E-013
     0.13012138E+002     0.10523199E-009    -0.25447114E-009    -0.25444895E-004    -0.76440967E-007     0.19421342E-012    -0.92934270E-013
     0.13019734E+002     0.99949558E-010    -0.25842949E-009    -0.25494662E-004    -0.76647615E-007     0.19433176E-012    -0.93217510E-013
     0.13027330E+002     0.94163909E-010    -0.25886320E-009    -0.25544652E-004    -0.76852237E-007     0.19445066E-012    -0.93501549E-013
     0.13034926E+002     0.90563980E-010    -0.26472315E-009    -0.25594865E-004    -0.77061260E-007     0.19457010E-012    -0.93786299E-013
     0.13042522E+002     0.93263666E-010    -0.27063665E-009    -0.25645303E-004    -0.77271676E-007     0.19469008E-012    -0.94071804E-013
     0.13050118E+002     0.87981418E-010    -0.26662700E-009    -0.25695969E-004    -0.77483604E-007     0.19481062E-012    -0.94358077E-013
     0.13057714E+002     0.84218118E-010    -0.28094263E-009    -0.25746863E-004    -0.77697707E-007     0.19493170E-012    -0.94645107E-013
     0.13065311E+002     0.83546404E-010    -0.26747793E-009    -0.25797988E-004    -0.77913318E-007     0.19505333E-012    -0.94932913E-013
     0.13072907E+002     0.49744635E-010    -0.26286958E-009    -0.25849347E-004    -0.78130569E-007     0.19517552E-012    -0.95221495E-013
     0.13080503E+002    -0.34768728E-010    -0.32142142E-009    -0.25900940E-004    -0.78349424E-007     0.19529827E-012    -0.95510862E-013
     0.13088099E+002     0.61153667E-010    -0.41135054E-009    -0.25952771E-004    -0.78570065E-007     0.19542158E-012    -0.95801017E-013
     0.13095695E+002     0.94950891E-010    -0.38707932E-009    -0.26004840E-004    -0.78792365E-007     0.19554545E-012    -0.96091969E-013
     0.13103291E+002     0.91042148E-010    -0.39502196E-009    -0.26057150E-004    -0.79016349E-007     0.19566989E-012    -0.96383727E-013
     0.13110887E+002     0.98388200E-010    -0.40960438E-009    -0.26109703E-004    -0.79241976E-007     0.19579490E-012    -0.96676289E-013
     0.13118483E+002     0.10606681E-009    -0.42474006E-009    -0.26162500E-004    -0.79469234E-007     0.19592046E-012    -0.96969665E-013
     0.13126079E+002     0.11455245E-009    -0.45424095E-009    -0.26215545E-004    -0.79698272E-007     0.19604663E-012    -0.97263873E-013
     0.13133676E+002     0.13267713E-009    -0.46509947E-009    -0.26268838E-004    -0.79928963E-007     0.19617336E-012    -0.97558894E-013
     0.13141272E+002     0.11832077E-009    -0.49250454E-009    -0.26322382E-004    -0.80161361E-007     0.19630068E-012    -0.97854753E-013
     0.13148868E+002     0.12929971E-009    -0.54253225E-009    -0.26376179E-004    -0.80395424E-007     0.19642857E-012    -0.98151452E-013
     0.13156464E+002     0.12955423E-009    -0.58259553E-009    -0.26430231E-004    -0.80631161E-007     0.19655706E-012    -0.98448998E-013
     0.13164060E+002     0.10503494E-009    -0.67488275E-009    -0.26484540E-004    -0.80868602E-007     0.19668613E-012    -0.98747396E-013
     0.13171656E+002     0.15675761E-009    -0.84905850E-009    -0.26539108E-004    -0.81107745E-007     0.19681580E-012    -0.99046651E-013
     0.13179252E+002     0.23511946E-009    -0.10222755E-008    -0.26593937E-004    -0.81348598E-007     0.19694606E-012    -0.99346774E-013
     0.13186848E+002     0.38070940E-009    -0.13309080E-008    -0.26649029E-004    -0.81591198E-007     0.19707692E-012    -0.99647770E-013
     0.13194444E+002     0.83719373E-009    -0.19408932E-008    -0.26704386E-004    -0.81835361E-007     0.19720839E-012    -0.99949645E-013
     0.13202041E+002     0.31960300E-008    -0.25570365E-008    -0.26760011E-004    -0.82081277E-007     0.19734045E-012    -0.10025241E-012
     0.13209637E+002     0.30857268E-008     0.22904868E-008    -0.26815905E-004    -0.82329213E-007     0.19747312E-012    -0.10055607E-012
     0.13217233E+002     0.82404133E-009     0.16152008E-008    -0.26872071E-004    -0.82578561E-007     0.19760641E-012    -0.10086063E-012
     0.13224829E+002     0.39436946E-009     0.10230519E-008    -0.26928511E-004    -0.82829516E-007     0.19774031E-012    -0.10116609E-012
     0.13232425E+002     0.25652764E-009     0.72484317E-009    -0.26985227E-004    -0.83082355E-007     0.19787482E-012    -0.10147247E-012
     0.13240021E+002     0.19447730E-009     0.54187397E-009    -0.27042221E-004    -0.83336913E-007     0.19800996E-012    -0.10177978E-012
     0.13247617E+002     0.15877656E-009     0.42933454E-009    -0.27099495E-004    -0.83593224E-007     0.19814572E-012    -0.10208801E-012
     0.13255213E+002     0.14212204E-009     0.33898680E-009    -0.27157052E-004    -0.83851303E-007     0.19828210E-012    -0.10239718E-012
     0.13262809E+002     0.12602593E-009     0.28184349E-009    -0.27214894E-004    -0.84111147E-007     0.19841911E-012    -0.10270730E-012
     0.13270406E+002     0.12368617E-009     0.22497151E-009    -0.27273022E-004    -0.84372746E-007     0.19855676E-012    -0.10301837E-012
     0.13278002E+002     0.12167894E-009     0.19949093E-009    -0.27331441E-004    -0.84636119E-007     0.19869504E-012    -0.10333040E-012
     0.13285598E+002     0.11519075E-009     0.16721100E-009    -0.27390150E-004    -0.84901240E-007     0.19883396E-012    -0.10364340E-012
     0.13293194E+002     0.10426588E-009     0.14259392E-009    -0.27449154E-004    -0.85168178E-007     0.19897352E-012    -0.10395737E-012
     0.13300790E+002     0.10525145E-009     0.11623101E-009    -0.27508454E-004    -0.85436973E-007     0.19911373E-012    -0.10427233E-012
     0.13308386E+002     0.10963112E-009     0.10101664E-009    -0.27568053E-004    -0.85707516E-007     0.19925458E-012    -0.10458828E-012
     0.13315982E+002     0.10250455E-009     0.90518793E-010    -0.27627952E-004    -0.85979793E-007     0.19939609E-012    -0.10490524E-012
     0.13323578E+002     0.90061679E-010     0.79651351E-010    -0.27688155E-004    -0.86253959E-007     0.19953825E-012    -0.10522320E-012
     0.13331174E+002     0.86265813E-010     0.48095006E-010    -0.27748664E-004    -0.86529975E-007     0.19968107E-012    -0.10554217E-012
     0.13338771E+002     0.10396969E-009     0.33667145E-010    -0.27809481E-004    -0.86807808E-007     0.19982455E-012    -0.10586218E-012
     0.13346367E+002     0.10603223E-009     0.34873929E-010    -0.27870608E-004    -0.87087513E-007     0.19996870E-012    -0.10618322E-012
     0.13353963E+002     0.10130867E-009     0.34734142E-010    -0.27932049E-004    -0.87369114E-007     0.20011352E-012    -0.10650530E-012
     0.13361559E+002     0.91469505E-010     0.18943296E-010    -0.27993805E-004    -0.87652599E-007     0.20025901E-012    -0.10682843E-012
     0.13369155E+002     0.98719110E-010     0.12330351E-010    -0.28055879E-004    -0.87937925E-007     0.20040517E-012    -0.10715262E-012
     0.13376751E+002     0.95672092E-010     0.12654008E-010    -0.28118274E-004    -0.88225192E-007     0.20055202E-012    -0.10747789E-012
     0.13384347E+002     0.90909779E-010     0.63158896E-011    -0.28180992E-004    -0.88514343E-007     0.20069954E-012    -0.10780422E-012
     0.13391943E+002     0.85276135E-010    -0.51485350E-011    -0.28244036E-004    -0.88805431E-007     0.20084775E-012    -0.10813166E-012
     0.13399539E+002     0.81269242E-010    -0.10070741E-010    -0.28307408E-004    -0.89098548E-007     0.20099665E-012    -0.10846018E-012
     0.13407136E+002     0.82567945E-010    -0.28748022E-010    -0.28371111E-004    -0.89393528E-007     0.20114624E-012    -0.10878982E-012
     0.13414732E+002     0.94568992E-010    -0.36844867E-010    -0.28435147E-004    -0.89690426E-007     0.20129653E-012    -0.10912057E-012
     0.13422328E+002     0.94382570E-010    -0.36674417E-010    -0.28499520E-004    -0.89989293E-007     0.20144752E-012    -0.10945245E-012
     0.13429924E+002     0.10898255E-009    -0.44024505E-010    -0.28564232E-004    -0.90290287E-007     0.20159922E-012    -0.10978546E-012
     0.13437520E+002     0.10695696E-009    -0.29416140E-010    -0.28629286E-004    -0.90593170E-007     0.20175161E-012    -0.11011961E-012
     0.13445116E+002     0.10047921E-009    -0.32519679E-010    -0.28694685E-004    -0.90898167E-007     0.20190472E-012    -0.11045493E-012
     0.13452712E+002     0.97519734E-010    -0.30993879E-010    -0.28760430E-004    -0.91205188E-007     0.20205855E-012    -0.11079141E-012
     0.13460308E+002     0.92455355E-010    -0.35388398E-010    -0.28826526E-004    -0.91514282E-007     0.20221309E-012    -0.11112907E-012
     0.13467904E+002     0.82406792E-010    -0.38559195E-010    -0.28892975E-004    -0.91825423E-007     0.20236835E-012    -0.11146791E-012
     0.13475501E+002     0.78485134E-010    -0.51282347E-010    -0.28959780E-004    -0.92138669E-007     0.20252434E-012    -0.11180795E-012
     0.13483097E+002     0.84897659E-010    -0.59726141E-010    -0.29026943E-004    -0.92454012E-007     0.20268106E-012    -0.11214921E-012
     0.13490693E+002     0.88473268E-010    -0.62629356E-010    -0.29094468E-004    -0.92771492E-007     0.20283851E-012    -0.11249167E-012
     0.13498289E+002     0.87263080E-010    -0.61300048E-010    -0.29162358E-004    -0.93091124E-007     0.20299670E-012    -0.11283537E-012
     0.13505885E+002     0.85573122E-010    -0.68014985E-010    -0.29230615E-004    -0.93412925E-007     0.20315563E-012    -0.11318031E-012
     0.13513481E+002     0.85706100E-010    -0.72940327E-010    -0.29299244E-004    -0.93736901E-007     0.20331530E-012    -0.11352651E-012
     0.13521077E+002     0.82190790E-010    -0.89611445E-010    -0.29368246E-004    -0.94063081E-007     0.20347572E-012    -0.11387396E-012
     0.13528673E+002     0.11726514E-009    -0.88396746E-010    -0.29437624E-004    -0.94391475E-007     0.20363689E-012    -0.11422270E-012
     0.13536269E+002     0.99766839E-010    -0.70277543E-010    -0.29507383E-004    -0.94722111E-007     0.20379882E-012    -0.11457272E-012
     0.13543866E+002     0.94591613E-010    -0.76048830E-010    -0.29577525E-004    -0.95055020E-007     0.20396150E-012    -0.11492404E-012
     0.13551462E+002     0.86314194E-010    -0.81985108E-010    -0.29648054E-004    -0.95390215E-007     0.20412495E-012    -0.11527667E-012
     0.13559058E+002     0.90863179E-010    -0.97422697E-010    -0.29718972E-004    -0.95727715E-007     0.20428916E-012    -0.11563063E-012
     0.13566654E+002     0.10654100E-009    -0.99589590E-010    -0.29790283E-004    -0.96067555E-007     0.20445416E-012    -0.11598592E-012
     0.13574250E+002     0.10608619E-009    -0.89871359E-010    -0.29861990E-004    -0.96409726E-007     0.20461991E-012    -0.11634255E-012
     0.13581846E+002     0.10667377E-009    -0.96890262E-010    -0.29934097E-004    -0.96754287E-007     0.20478645E-012    -0.11670056E-012
     0.13589442E+002     0.12165119E-009    -0.92380067E-010    -0.30006606E-004    -0.97101243E-007     0.20495378E-012    -0.11705994E-012
     0.13597038E+002     0.11806484E-009    -0.77169091E-010    -0.30079523E-004    -0.97450603E-007     0.20512188E-012    -0.11742071E-012
     0.13604634E+002     0.10617340E-009    -0.70313803E-010    -0.30152849E-004    -0.97802401E-007     0.20529078E-012    -0.11778286E-012
     0.13612231E+002     0.99103844E-010    -0.77458782E-010    -0.30226588E-004    -0.98156662E-007     0.20546048E-012    -0.11814645E-012
     0.13619827E+002     0.89454125E-010    -0.75492279E-010    -0.30300744E-004    -0.98513448E-007     0.20563097E-012    -0.11851146E-012
     0.13627423E+002     0.78222889E-010    -0.92325023E-010    -0.30375321E-004    -0.98872765E-007     0.20580227E-012    -0.11887791E-012
     0.13635019E+002     0.97171031E-010    -0.10637571E-009    -0.30450322E-004    -0.99234633E-007     0.20597437E-012    -0.11924583E-012
     0.13642615E+002     0.97519441E-010    -0.95855323E-010    -0.30525751E-004    -0.99599066E-007     0.20614729E-012    -0.11961520E-012
     0.13650211E+002     0.98854712E-010    -0.93283942E-010    -0.30601612E-004    -0.99966105E-007     0.20632100E-012    -0.11998608E-012
     0.13657807E+002     0.88553792E-010    -0.90808433E-010    -0.30677908E-004    -0.10033576E-006     0.20649557E-012    -0.12035845E-012
     0.13665403E+002     0.87083792E-010    -0.10136334E-009    -0.30754643E-004    -0.10070806E-006     0.20667093E-012    -0.12073232E-012
     0.13672999E+002     0.85659346E-010    -0.10008004E-009    -0.30831822E-004    -0.10108306E-006     0.20684713E-012    -0.12110773E-012
     0.13680596E+002     0.81974525E-010    -0.10532760E-009    -0.30909447E-004    -0.10146078E-006     0.20702415E-012    -0.12148469E-012
     0.13688192E+002     0.81964362E-010    -0.11403565E-009    -0.30987523E-004    -0.10184125E-006     0.20720202E-012    -0.12186321E-012
     0.13695788E+002     0.87147009E-010    -0.11459075E-009    -0.31066055E-004    -0.10222454E-006     0.20738072E-012    -0.12224331E-012
     0.13703384E+002     0.80818306E-010    -0.11973763E-009    -0.31145045E-004    -0.10261064E-006     0.20756027E-012    -0.12262500E-012
     0.13710980E+002     0.92719375E-010    -0.12576547E-009    -0.31224499E-004    -0.10299959E-006     0.20774066E-012    -0.12300830E-012
     0.13718576E+002     0.94188536E-010    -0.12239128E-009    -0.31304420E-004    -0.10339142E-006     0.20792191E-012    -0.12339323E-012
     0.13726172E+002     0.99011283E-010    -0.11573950E-009    -0.31384813E-004    -0.10378612E-006     0.20810401E-012    -0.12377981E-012
     0.13733768E+002     0.86269580E-010    -0.11320420E-009    -0.31465682E-004    -0.10418377E-006     0.20828697E-012    -0.12416804E-012
     0.13741364E+002     0.82986436E-010    -0.12346199E-009    -0.31547031E-004    -0.10458443E-006     0.20847080E-012    -0.12455796E-012
     0.13748961E+002     0.85098783E-010    -0.12334748E-009    -0.31628865E-004    -0.10498811E-006     0.20865550E-012    -0.12494956E-012
     0.13756557E+002     0.79924208E-010    -0.12013015E-009    -0.31711188E-004    -0.10539484E-006     0.20884107E-012    -0.12534289E-012
     0.13764153E+002     0.57041633E-010    -0.12958192E-009    -0.31794004E-004    -0.10580468E-006     0.20902751E-012    -0.12573794E-012
     0.13771749E+002     0.73991788E-010    -0.15549116E-009    -0.31877319E-004    -0.10621765E-006     0.20921484E-012    -0.12613475E-012
     0.13779345E+002     0.83304297E-010    -0.15872339E-009    -0.31961137E-004    -0.10663381E-006     0.20940305E-012    -0.12653334E-012
     0.13786941E+002     0.92571803E-010    -0.15363063E-009    -0.32045463E-004    -0.10705319E-006     0.20959217E-012    -0.12693370E-012
     0.13794537E+002     0.90437703E-010    -0.15306947E-009    -0.32130301E-004    -0.10747581E-006     0.20978216E-012    -0.12733588E-012
     0.13802133E+002     0.90150503E-010    -0.15523632E-009    -0.32215657E-004    -0.10790173E-006     0.20997306E-012    -0.12773988E-012
     0.13809729E+002     0.93349319E-010    -0.15573203E-009    -0.32301535E-004    -0.10833099E-006     0.21016485E-012    -0.12814574E-012
     0.13817326E+002     0.87936757E-010    -0.15701170E-009    -0.32387940E-004    -0.10876364E-006     0.21035756E-012    -0.12855346E-012
     0.13824922E+002     0.93969153E-010    -0.16999691E-009    -0.32474877E-004    -0.10919974E-006     0.21055118E-012    -0.12896308E-012
     0.13832518E+002     0.96511747E-010    -0.16846059E-009    -0.32562352E-004    -0.10963932E-006     0.21074572E-012    -0.12937460E-012
     0.13840114E+002     0.10779268E-009    -0.17071426E-009    -0.32650369E-004    -0.11008238E-006     0.21094116E-012    -0.12978806E-012
     0.13847710E+002     0.10849761E-009    -0.15769532E-009    -0.32738935E-004    -0.11052902E-006     0.21113754E-012    -0.13020348E-012
     0.13855306E+002     0.10620183E-009    -0.16038341E-009    -0.32828054E-004    -0.11097928E-006     0.21133485E-012    -0.13062087E-012
     0.13862902E+002     0.99231205E-010    -0.15755848E-009    -0.32917731E-004    -0.11143322E-006     0.21153308E-012    -0.13104027E-012
     0.13870498E+002     0.96047854E-010    -0.16291379E-009    -0.33007973E-004    -0.11189088E-006     0.21173226E-012    -0.13146168E-012
     0.13878094E+002     0.97348046E-010    -0.17639710E-009    -0.33098785E-004    -0.11235233E-006     0.21193237E-012    -0.13188515E-012
     0.13885691E+002     0.11359043E-009    -0.16959015E-009    -0.33190172E-004    -0.11281764E-006     0.21213342E-012    -0.13231068E-012
     0.13893287E+002     0.10369904E-009    -0.15820476E-009    -0.33282141E-004    -0.11328678E-006     0.21233544E-012    -0.13273832E-012
     0.13900883E+002     0.95760811E-010    -0.16372792E-009    -0.33374697E-004    -0.11375982E-006     0.21253841E-012    -0.13316807E-012
     0.13908479E+002     0.88370509E-010    -0.17436967E-009    -0.33467846E-004    -0.11423689E-006     0.21274233E-012    -0.13359996E-012
     0.13916075E+002     0.96208315E-010    -0.17924260E-009    -0.33561595E-004    -0.11471804E-006     0.21294720E-012    -0.13403403E-012
     0.13923671E+002     0.94823395E-010    -0.17612761E-009    -0.33655949E-004    -0.11520328E-006     0.21315306E-012    -0.13447029E-012
     0.13931267E+002     0.95903067E-010    -0.18618692E-009    -0.33750914E-004    -0.11569270E-006     0.21335987E-012    -0.13490878E-012
     0.13938863E+002     0.96174939E-010    -0.18169231E-009    -0.33846498E-004    -0.11618635E-006     0.21356767E-012    -0.13534952E-012
     0.13946459E+002     0.98562217E-010    -0.18702921E-009    -0.33942706E-004    -0.11668430E-006     0.21377644E-012    -0.13579254E-012
     0.13954056E+002     0.94090903E-010    -0.18643101E-009    -0.34039545E-004    -0.11718666E-006     0.21398620E-012    -0.13623786E-012
     0.13961652E+002     0.96575872E-010    -0.19268083E-009    -0.34137022E-004    -0.11769342E-006     0.21419693E-012    -0.13668552E-012
     0.13969248E+002     0.94112790E-010    -0.19811303E-009    -0.34235143E-004    -0.11820467E-006     0.21440866E-012    -0.13713555E-012
     0.13976844E+002     0.10044172E-009    -0.20136396E-009    -0.34333915E-004    -0.11872051E-006     0.21462138E-012    -0.13758797E-012
     0.13984440E+002     0.10607734E-009    -0.19517078E-009    -0.34433346E-004    -0.11924094E-006     0.21483510E-012    -0.13804281E-012
     0.13992036E+002     0.93067855E-010    -0.18766925E-009    -0.34533442E-004    -0.11976610E-006     0.21504982E-012    -0.13850011E-012
     0.13999632E+002     0.78268318E-010    -0.20156322E-009    -0.34634210E-004    -0.12029616E-006     0.21526556E-012    -0.13895989E-012
     0.14007228E+002     0.89939532E-010    -0.21755218E-009    -0.34735659E-004    -0.12083103E-006     0.21548230E-012    -0.13942220E-012
     0.14014824E+002     0.80470140E-010    -0.21454802E-009    -0.34837794E-004    -0.12137085E-006     0.21570005E-012    -0.13988706E-012
     0.14022421E+002     0.88782679E-010    -0.24296432E-009    -0.34940625E-004    -0.12191569E-006     0.21591882E-012    -0.14035450E-012
     0.14030017E+002     0.10234606E-009    -0.23970601E-009    -0.35044159E-004    -0.12246571E-006     0.21613861E-012    -0.14082456E-012
     0.14037613E+002     0.11044603E-009    -0.23869770E-009    -0.35148403E-004    -0.12302083E-006     0.21635943E-012    -0.14129727E-012
     0.14045209E+002     0.10515082E-009    -0.24175433E-009    -0.35253366E-004    -0.12358127E-006     0.21658128E-012    -0.14177267E-012
     0.14052805E+002     0.11787409E-009    -0.24806672E-009    -0.35359055E-004    -0.12414714E-006     0.21680415E-012    -0.14225079E-012
     0.14060401E+002     0.13199966E-009    -0.26118472E-009    -0.35465479E-004    -0.12471847E-006     0.21702804E-012    -0.14273172E-012
     0.14067997E+002     0.15348992E-009    -0.20753875E-009    -0.35572647E-004    -0.12529526E-006     0.21725301E-012    -0.14321540E-012
     0.14075593E+002     0.11341123E-009    -0.20949795E-009    -0.35680566E-004    -0.12587772E-006     0.21747900E-012    -0.14370191E-012
     0.14083189E+002     0.11080074E-009    -0.23146624E-009    -0.35789247E-004    -0.12646595E-006     0.21770602E-012    -0.14419132E-012
     0.14090786E+002     0.12582802E-009    -0.21593191E-009    -0.35898696E-004    -0.12706026E-006     0.21793407E-012    -0.14468365E-012
     0.14098382E+002     0.10404309E-009    -0.22361985E-009    -0.36008925E-004    -0.12766025E-006     0.21816325E-012    -0.14517895E-012
     0.14105978E+002     0.10659844E-009    -0.22188174E-009    -0.36119941E-004    -0.12826639E-006     0.21839343E-012    -0.14567722E-012
     0.14113574E+002     0.88281521E-010    -0.21761237E-009    -0.36231755E-004    -0.12887873E-006     0.21862467E-012    -0.14617854E-012
     0.14121170E+002     0.67885353E-010    -0.22179237E-009    -0.36344375E-004    -0.12949737E-006     0.21885697E-012    -0.14668295E-012
     0.14128766E+002     0.15341223E-010    -0.28067773E-009    -0.36457812E-004    -0.13012242E-006     0.21909034E-012    -0.14719049E-012
     0.14136362E+002     0.81274114E-010    -0.31704790E-009    -0.36572076E-004    -0.13075398E-006     0.21932477E-012    -0.14770120E-012
     0.14143958E+002     0.10044471E-009    -0.31017620E-009    -0.36687176E-004    -0.13139218E-006     0.21956026E-012    -0.14821514E-012
     0.14151554E+002     0.10236299E-009    -0.30649022E-009    -0.36803123E-004    -0.13203716E-006     0.21979683E-012    -0.14873234E-012
     0.14159151E+002     0.10129464E-009    -0.31604690E-009    -0.36919927E-004    -0.13268906E-006     0.22003446E-012    -0.14925287E-012
     0.14166747E+002     0.10163338E-009    -0.33143793E-009    -0.37037599E-004    -0.13334796E-006     0.22027317E-012    -0.14977676E-012
     0.14174343E+002     0.10122942E-009    -0.34635539E-009    -0.37156151E-004    -0.13401406E-006     0.22051295E-012    -0.15030406E-012
     0.14181939E+002     0.10626484E-009    -0.37704245E-009    -0.37275593E-004    -0.13468749E-006     0.22075382E-012    -0.15083484E-012
     0.14189535E+002     0.12492905E-009    -0.41963654E-009    -0.37395937E-004    -0.13536835E-006     0.22099575E-012    -0.15136914E-012
     0.14197131E+002     0.16287060E-009    -0.47400508E-009    -0.37517193E-004    -0.13605680E-006     0.22123877E-012    -0.15190701E-012
     0.14204727E+002     0.27105561E-009    -0.58039148E-009    -0.37639375E-004    -0.13675302E-006     0.22148287E-012    -0.15244852E-012
     0.14212323E+002     0.77463571E-009    -0.44556878E-009    -0.37762494E-004    -0.13745712E-006     0.22172805E-012    -0.15299371E-012
     0.14219919E+002     0.35252122E-009     0.52441869E-010    -0.37886563E-004    -0.13816930E-006     0.22197432E-012    -0.15354264E-012
     0.14227516E+002     0.18715328E-009    -0.10554855E-009    -0.38011594E-004    -0.13888971E-006     0.22222166E-012    -0.15409539E-012
     0.14235112E+002     0.19542356E-009    -0.14090707E-009    -0.38137600E-004    -0.13961853E-006     0.22247009E-012    -0.15465200E-012
     0.14242708E+002     0.13312284E-009    -0.16442894E-009    -0.38264593E-004    -0.14035598E-006     0.22271961E-012    -0.15521254E-012
     0.14250304E+002     0.12749659E-009    -0.21112050E-009    -0.38392589E-004    -0.14110212E-006     0.22297020E-012    -0.15577705E-012
     0.14257900E+002     0.15764625E-009    -0.21540665E-009    -0.38521599E-004    -0.14185726E-006     0.22322188E-012    -0.15634563E-012
     0.14265496E+002     0.11106505E-009    -0.21849399E-009    -0.38651639E-004    -0.14262152E-006     0.22347465E-012    -0.15691837E-012
     0.14273092E+002     0.11313598E-009    -0.24907317E-009    -0.38782722E-004    -0.14339479E-006     0.22372847E-012    -0.15749522E-012
     0.14280688E+002     0.11144952E-009    -0.25923943E-009    -0.38914864E-004    -0.14417797E-006     0.22398342E-012    -0.15807642E-012
     0.14288284E+002     0.10677924E-009    -0.28331836E-009    -0.39048078E-004    -0.14497094E-006     0.22423942E-012    -0.15866190E-012
     0.14295880E+002     0.11568132E-009    -0.30682492E-009    -0.39182381E-004    -0.14577368E-006     0.22449650E-012    -0.15925180E-012
     0.14303477E+002     0.14849460E-009    -0.33149172E-009    -0.39317788E-004    -0.14658666E-006     0.22475466E-012    -0.15984618E-012
     0.14311073E+002     0.17328147E-009    -0.25891489E-009    -0.39454315E-004    -0.14741006E-006     0.22501388E-012    -0.16044512E-012
     0.14318669E+002     0.11937377E-009    -0.27280804E-009    -0.39591979E-004    -0.14824408E-006     0.22527418E-012    -0.16104869E-012
     0.14326265E+002     0.95616870E-010    -0.30856720E-009    -0.39730795E-004    -0.14908894E-006     0.22553554E-012    -0.16165699E-012
     0.14333861E+002     0.10995776E-009    -0.34229487E-009    -0.39870782E-004    -0.14994518E-006     0.22579797E-012    -0.16227010E-012
     0.14341457E+002     0.11160101E-009    -0.36559556E-009    -0.40011956E-004    -0.15081263E-006     0.22606146E-012    -0.16288808E-012
     0.14349053E+002     0.12846741E-009    -0.38980097E-009    -0.40154337E-004    -0.15169176E-006     0.22632599E-012    -0.16351105E-012
     0.14356649E+002     0.13540523E-009    -0.41578623E-009    -0.40297941E-004    -0.15258287E-006     0.22659158E-012    -0.16413908E-012
     0.14364245E+002     0.15100820E-009    -0.47875113E-009    -0.40442788E-004    -0.15348623E-006     0.22685821E-012    -0.16477226E-012
     0.14371842E+002     0.21724072E-009    -0.58345898E-009    -0.40588897E-004    -0.15440207E-006     0.22712586E-012    -0.16541070E-012
     0.14379438E+002     0.58454301E-009    -0.72097980E-009    -0.40736288E-004    -0.15533083E-006     0.22739455E-012    -0.16605452E-012
     0.14387034E+002     0.64938224E-009     0.80377747E-010    -0.40884982E-004    -0.15627273E-006     0.22766427E-012    -0.16670377E-012
     0.14394630E+002     0.23722444E-009    -0.85670620E-011    -0.41034998E-004    -0.15722806E-006     0.22793501E-012    -0.16735858E-012
     0.14402226E+002     0.14338847E-009    -0.11738681E-009    -0.41186359E-004    -0.15819724E-006     0.22820675E-012    -0.16801905E-012
     0.14409822E+002     0.97660269E-010    -0.22663529E-009    -0.41339085E-004    -0.15918059E-006     0.22847949E-012    -0.16868529E-012
     0.14417418E+002     0.13291725E-009    -0.28280384E-009    -0.41493200E-004    -0.16017847E-006     0.22875321E-012    -0.16935741E-012
     0.14425014E+002     0.13367105E-009    -0.30196920E-009    -0.41648727E-004    -0.16119128E-006     0.22902791E-012    -0.17003553E-012
     0.14432610E+002     0.12317414E-009    -0.37552932E-009    -0.41805688E-004    -0.16221941E-006     0.22930358E-012    -0.17071976E-012
     0.14440207E+002     0.19013355E-009    -0.46711776E-009    -0.41964109E-004    -0.16326330E-006     0.22958020E-012    -0.17141024E-012
     0.14447803E+002     0.32380478E-009    -0.60028498E-009    -0.42124014E-004    -0.16432314E-006     0.22985777E-012    -0.17210708E-012
     0.14455399E+002     0.98299704E-009    -0.45416539E-009    -0.42285428E-004    -0.16539966E-006     0.23013626E-012    -0.17281041E-012
     0.14462995E+002     0.43204921E-009     0.25184613E-009    -0.42448378E-004    -0.16649317E-006     0.23041565E-012    -0.17352037E-012
     0.14470591E+002     0.19581708E-009     0.55923618E-010    -0.42612891E-004    -0.16760409E-006     0.23069595E-012    -0.17423709E-012
     0.14478187E+002     0.14922759E-009    -0.27822377E-010    -0.42778994E-004    -0.16873296E-006     0.23097713E-012    -0.17496071E-012
     0.14485783E+002     0.12356716E-009    -0.67106731E-010    -0.42946716E-004    -0.16988031E-006     0.23125916E-012    -0.17569138E-012
     0.14493379E+002     0.11542674E-009    -0.10352579E-009    -0.43116086E-004    -0.17104671E-006     0.23154204E-012    -0.17642926E-012
     0.14500975E+002     0.11009027E-009    -0.11360601E-009    -0.43287134E-004    -0.17223251E-006     0.23182574E-012    -0.17717448E-012
     0.14508572E+002     0.10144235E-009    -0.12252444E-009    -0.43459891E-004    -0.17343838E-006     0.23211024E-012    -0.17792722E-012
     0.14516168E+002     0.93858932E-010    -0.12637326E-009    -0.43634390E-004    -0.17466488E-006     0.23239551E-012    -0.17868764E-012
     0.14523764E+002     0.83697695E-010    -0.13145180E-009    -0.43810662E-004    -0.17591269E-006     0.23268154E-012    -0.17945591E-012
     0.14531360E+002     0.80596622E-010    -0.12509614E-009    -0.43988742E-004    -0.17718245E-006     0.23296829E-012    -0.18023219E-012
     0.14538956E+002     0.72729943E-010    -0.12026364E-009    -0.44168664E-004    -0.17847472E-006     0.23325575E-012    -0.18101668E-012
     0.14546552E+002     0.76848881E-010    -0.10752573E-009    -0.44350465E-004    -0.17979023E-006     0.23354387E-012    -0.18180956E-012
     0.14554148E+002     0.76555912E-010    -0.67274979E-010    -0.44534181E-004    -0.18112965E-006     0.23383263E-012    -0.18261102E-012
     0.14561744E+002     0.94363196E-010     0.30074453E-010    -0.44719850E-004    -0.18249373E-006     0.23412199E-012    -0.18342127E-012
     0.14569340E+002    -0.72682825E-010     0.25445603E-009    -0.44907511E-004    -0.18388327E-006     0.23441193E-012    -0.18424050E-012
     0.14576937E+002    -0.68980084E-009     0.37725487E-009    -0.45097206E-004    -0.18529908E-006     0.23470240E-012    -0.18506893E-012
     0.14584533E+002    -0.69503854E-009    -0.69863671E-009    -0.45288976E-004    -0.18674201E-006     0.23499337E-012    -0.18590676E-012
     0.14592129E+002    -0.25413127E-009    -0.79686902E-009    -0.45482863E-004    -0.18821277E-006     0.23528477E-012    -0.18675425E-012
     0.14599725E+002    -0.13728233E-010    -0.67528439E-009    -0.45678913E-004    -0.18971257E-006     0.23557662E-012    -0.18761169E-012
     0.14607321E+002     0.99660899E-010    -0.62641181E-009    -0.45877172E-004    -0.19124213E-006     0.23586880E-012    -0.18847915E-012
     0.14614917E+002     0.31900910E-009    -0.64517192E-009    -0.46077687E-004    -0.19280238E-006     0.23616130E-012    -0.18935704E-012
     0.14622513E+002     0.64631474E-009    -0.17638789E-009    -0.46280507E-004    -0.19439449E-006     0.23645407E-012    -0.19024556E-012
     0.14630109E+002     0.27580033E-009     0.10075363E-009    -0.46485683E-004    -0.19601960E-006     0.23674705E-012    -0.19114500E-012
     0.14637705E+002     0.14201563E-009     0.80642937E-010    -0.46693268E-004    -0.19767872E-006     0.23704016E-012    -0.19205562E-012
     0.14645302E+002     0.10083367E-009     0.15488154E-009    -0.46903315E-004    -0.19937322E-006     0.23733338E-012    -0.19297773E-012
     0.14652898E+002     0.48682695E-010     0.22088884E-009    -0.47115883E-004    -0.20110397E-006     0.23762661E-012    -0.19391162E-012
     0.14660494E+002     0.21763980E-010     0.31726767E-009    -0.47331027E-004    -0.20287254E-006     0.23791979E-012    -0.19485761E-012
     0.14668090E+002    -0.18108010E-010     0.49458707E-009    -0.47548810E-004    -0.20468021E-006     0.23821286E-012    -0.19581603E-012
     0.14675686E+002    -0.83699285E-010     0.70708982E-009    -0.47769293E-004    -0.20652836E-006     0.23850572E-012    -0.19678720E-012
     0.14683282E+002    -0.17434423E-009     0.10543236E-008    -0.47992542E-004    -0.20841857E-006     0.23879832E-012    -0.19777149E-012
     0.14690878E+002    -0.38175757E-009     0.16193346E-008    -0.48218623E-004    -0.21035253E-006     0.23909054E-012    -0.19876925E-012
     0.14698474E+002    -0.95923243E-009     0.26126864E-008    -0.48447606E-004    -0.21233185E-006     0.23938231E-012    -0.19978085E-012
     0.14706070E+002    -0.34077015E-008     0.40555440E-008    -0.48679564E-004    -0.21435766E-006     0.23967352E-012    -0.20080671E-012
     0.14713667E+002    -0.56158625E-008     0.79119423E-009    -0.48914572E-004    -0.21643242E-006     0.23996408E-012    -0.20184719E-012
     0.14721263E+002    -0.76398613E-008     0.25542844E-008    -0.49152709E-004    -0.21855783E-006     0.24025383E-012    -0.20290279E-012
     0.14728859E+002    -0.93096590E-008    -0.92005821E-008    -0.49394054E-004    -0.22073588E-006     0.24054269E-012    -0.20397391E-012
     0.14736455E+002    -0.20687590E-008    -0.80330272E-008    -0.49638693E-004    -0.22296862E-006     0.24083057E-012    -0.20506104E-012
     0.14744051E+002    -0.52871254E-009    -0.65666962E-008    -0.49886714E-004    -0.22525838E-006     0.24111729E-012    -0.20616462E-012
     0.14751647E+002     0.27653507E-009    -0.62834723E-008    -0.50138207E-004    -0.22760743E-006     0.24140270E-012    -0.20728520E-012
     0.14759243E+002     0.19893435E-008    -0.69601139E-008    -0.50393269E-004    -0.23001811E-006     0.24168664E-012    -0.20842331E-012
     0.14766839E+002     0.65289649E-008    -0.30516705E-008    -0.50651998E-004    -0.23249302E-006     0.24196889E-012    -0.20957970E-012
     0.14774435E+002     0.31335549E-008    -0.97649254E-009    -0.50914497E-004    -0.23503611E-006     0.24225021E-012    -0.21075509E-012
     0.14782032E+002     0.16938171E-008     0.27110306E-011    -0.51180873E-004    -0.23764743E-006     0.24252947E-012    -0.21194862E-012
     0.14789628E+002     0.10810943E-008    -0.47865076E-009    -0.51451240E-004    -0.24033220E-006     0.24280638E-012    -0.21316192E-012
     0.14797224E+002     0.45040150E-009    -0.61815674E-009    -0.51725715E-004    -0.24309308E-006     0.24308062E-012    -0.21439596E-012
     0.14804820E+002     0.24064930E-009    -0.92147069E-009    -0.52004421E-004    -0.24593365E-006     0.24335242E-012    -0.21565124E-012
     0.14812416E+002     0.17542905E-009    -0.11097952E-008    -0.52287484E-004    -0.24885732E-006     0.24362146E-012    -0.21692845E-012
     0.14820012E+002     0.13556843E-009    -0.11994343E-008    -0.52575040E-004    -0.25186786E-006     0.24388738E-012    -0.21822839E-012
     0.14827608E+002     0.94186979E-010    -0.12796885E-008    -0.52867227E-004    -0.25496942E-006     0.24415027E-012    -0.21955180E-012
     0.14835204E+002     0.72865639E-010    -0.13471187E-008    -0.53164193E-004    -0.25816644E-006     0.24440969E-012    -0.22089939E-012
     0.14842800E+002     0.52196958E-010    -0.13544542E-008    -0.53466092E-004    -0.26146311E-006     0.24466528E-012    -0.22227205E-012
     0.14850397E+002    -0.86034501E-010    -0.13229336E-008    -0.53773083E-004    -0.26486433E-006     0.24491674E-012    -0.22367070E-012
     0.14857993E+002    -0.33728056E-009    -0.17249254E-008    -0.54085335E-004    -0.26837524E-006     0.24516376E-012    -0.22509632E-012
     0.14865589E+002    -0.32199333E-010    -0.18164293E-008    -0.54403027E-004    -0.27200139E-006     0.24540597E-012    -0.22654989E-012
     0.14873185E+002    -0.63310474E-010    -0.18192553E-008    -0.54726343E-004    -0.27574850E-006     0.24564303E-012    -0.22803247E-012
     0.14880781E+002     0.39411835E-010    -0.19315393E-008    -0.55055479E-004    -0.27962269E-006     0.24587450E-012    -0.22954514E-012
     0.14888377E+002     0.85853392E-010    -0.19500594E-008    -0.55390640E-004    -0.28363055E-006     0.24609994E-012    -0.23108909E-012
     0.14895973E+002     0.11323943E-009    -0.19689214E-008    -0.55732043E-004    -0.28777942E-006     0.24631894E-012    -0.23266552E-012
     0.14903569E+002     0.12957265E-009    -0.20546542E-008    -0.56079914E-004    -0.29207638E-006     0.24653092E-012    -0.23427576E-012
     0.14911165E+002     0.33503845E-009    -0.20257241E-008    -0.56434495E-004    -0.29652943E-006     0.24673538E-012    -0.23592117E-012
     0.14918762E+002     0.15288917E-009    -0.18750923E-008    -0.56796037E-004    -0.30114837E-006     0.24693189E-012    -0.23760315E-012
     0.14926358E+002     0.68734585E-010    -0.19184463E-008    -0.57164808E-004    -0.30594007E-006     0.24711954E-012    -0.23932327E-012
     0.14933954E+002    -0.91154735E-010    -0.18900132E-008    -0.57541090E-004    -0.31091624E-006     0.24729788E-012    -0.24108315E-012
     0.14941550E+002    -0.60722437E-009    -0.23440341E-008    -0.57925180E-004    -0.31608690E-006     0.24746619E-012    -0.24288446E-012
     0.14949146E+002    -0.67278749E-010    -0.27342727E-008    -0.58317395E-004    -0.32146314E-006     0.24762363E-012    -0.24472903E-012
     0.14956742E+002     0.77217729E-010    -0.27134739E-008    -0.58718067E-004    -0.32705767E-006     0.24776943E-012    -0.24661878E-012
     0.14964338E+002     0.14655251E-009    -0.27434139E-008    -0.59127552E-004    -0.33288356E-006     0.24790268E-012    -0.24855575E-012
     0.14971934E+002     0.16459483E-009    -0.27755695E-008    -0.59546225E-004    -0.33895489E-006     0.24802245E-012    -0.25054203E-012
     0.14979530E+002     0.13523141E-009    -0.28535925E-008    -0.59974483E-004    -0.34528692E-006     0.24812751E-012    -0.25257994E-012
     0.14987127E+002     0.13637692E-009    -0.29888240E-008    -0.60412753E-004    -0.35189624E-006     0.24821667E-012    -0.25467196E-012
     0.14994723E+002     0.15018493E-009    -0.31186991E-008    -0.60861484E-004    -0.35880087E-006     0.24828909E-012    -0.25682125E-012
     0.15002319E+002     0.16818855E-009    -0.32672698E-008    -0.61321156E-004    -0.36602006E-006     0.24834344E-012    -0.25902984E-012
     0.15009915E+002     0.18329154E-009    -0.34290297E-008    -0.61792284E-004    -0.37357467E-006     0.24837807E-012    -0.26130090E-012
     0.15017511E+002     0.24303143E-009    -0.35946822E-008    -0.62275412E-004    -0.38148827E-006     0.24839142E-012    -0.26363764E-012
     0.15025107E+002     0.46370740E-010    -0.35577586E-008    -0.62771126E-004    -0.38978494E-006     0.24838180E-012    -0.26604351E-012
     0.15032703E+002     0.62391359E-010    -0.41725284E-008    -0.63280051E-004    -0.39849196E-006     0.24834736E-012    -0.26852214E-012
     0.15040299E+002     0.19649406E-009    -0.44142310E-008    -0.63802857E-004    -0.40763887E-006     0.24828608E-012    -0.27107742E-012
     0.15047895E+002     0.26774034E-009    -0.47572374E-008    -0.64340262E-004    -0.41725797E-006     0.24819566E-012    -0.27371344E-012
     0.15055492E+002     0.34194681E-009    -0.50820790E-008    -0.64893038E-004    -0.42738431E-006     0.24807356E-012    -0.27643495E-012
     0.15063088E+002     0.40212786E-009    -0.54381851E-008    -0.65462017E-004    -0.43805684E-006     0.24791673E-012    -0.27924697E-012
     0.15070684E+002     0.38004823E-009    -0.59303686E-008    -0.66048090E-004    -0.44931796E-006     0.24772342E-012    -0.28215490E-012
     0.15078280E+002     0.43110095E-009    -0.65458924E-008    -0.66652224E-004    -0.46121441E-006     0.24748970E-012    -0.28516383E-012
     0.15085876E+002     0.33774504E-009    -0.73988233E-008    -0.67275459E-004    -0.47379770E-006     0.24721198E-012    -0.28828017E-012
     0.15093472E+002     0.22206062E-009    -0.86282382E-008    -0.67918922E-004    -0.48712467E-006     0.24688629E-012    -0.29151057E-012
     0.15101068E+002     0.48753039E-009    -0.11082491E-007    -0.68583837E-004    -0.50125824E-006     0.24650828E-012    -0.29486237E-012
     0.15108664E+002     0.16887391E-008    -0.13583260E-007    -0.69271527E-004    -0.51626836E-006     0.24607310E-012    -0.29834341E-012
     0.15116260E+002     0.33672325E-008    -0.17756592E-007    -0.69983437E-004    -0.53223281E-006     0.24557539E-012    -0.30196230E-012
     0.15123857E+002     0.86752390E-008    -0.25890349E-007    -0.70721136E-004    -0.54923783E-006     0.24500912E-012    -0.30572841E-012
     0.15131453E+002     0.34941085E-007    -0.37834102E-007    -0.71486341E-004    -0.56738017E-006     0.24436759E-012    -0.30965202E-012
     0.15139049E+002     0.54097949E-007     0.26978389E-007    -0.72280929E-004    -0.58676760E-006     0.24364329E-012    -0.31374429E-012
     0.15146645E+002     0.14134499E-007     0.24854566E-007    -0.73106957E-004    -0.60752211E-006     0.24282775E-012    -0.31801774E-012
     0.15154241E+002     0.60295317E-008     0.16286155E-007    -0.73966687E-004    -0.62978049E-006     0.24191152E-012    -0.32248594E-012
     0.15161837E+002     0.32664752E-008     0.11487229E-007    -0.74862609E-004    -0.65369749E-006     0.24088395E-012    -0.32716387E-012
     0.15169433E+002     0.20687364E-008     0.86554186E-008    -0.75797472E-004    -0.67944789E-006     0.23973288E-012    -0.33206825E-012
     0.15177029E+002     0.13201036E-008     0.66764625E-008    -0.76774321E-004    -0.70723127E-006     0.23844473E-012    -0.33721746E-012
     0.15184625E+002     0.10564215E-008     0.51875508E-008    -0.77796537E-004    -0.73727516E-006     0.23700391E-012    -0.34263206E-012
     0.15192222E+002     0.91374992E-009     0.41046734E-008    -0.78867883E-004    -0.76984051E-006     0.23539212E-012    -0.34833457E-012
     0.15199818E+002     0.78068571E-009     0.33474730E-008    -0.79992566E-004    -0.80522792E-006     0.23358908E-012    -0.35435130E-012
     0.15207414E+002     0.57265709E-009     0.25514001E-008    -0.81175301E-004    -0.84378530E-006     0.23157135E-012    -0.36071078E-012
     0.15215010E+002     0.73751674E-009     0.17920472E-008    -0.82421395E-004    -0.88591793E-006     0.22931169E-012    -0.36744546E-012
     0.15222606E+002     0.68013571E-009     0.15262961E-008    -0.83736846E-004    -0.93210110E-006     0.22677842E-012    -0.37459204E-012
     0.15230202E+002     0.55826698E-009     0.10265809E-008    -0.85128465E-004    -0.98289651E-006     0.22393475E-012    -0.38219233E-012
     0.15237798E+002     0.45654619E-009     0.47898700E-009    -0.86604028E-004    -0.10389747E-005     0.22073776E-012    -0.39029356E-012
     0.15245394E+002     0.38736060E-009    -0.18658795E-009    -0.88172476E-004    -0.11011487E-005     0.21713672E-012    -0.39895009E-012
     0.15252990E+002     0.51895372E-009    -0.72044178E-009    -0.89844161E-004    -0.11704238E-005     0.21307189E-012    -0.40822399E-012
     0.15260587E+002     0.61184754E-009    -0.12735017E-008    -0.91631210E-004    -0.12480788E-005     0.20847216E-012    -0.41818665E-012
     0.15268183E+002     0.67975377E-009    -0.17673407E-008    -0.93548042E-004    -0.13358242E-005     0.20325282E-012    -0.42891992E-012
     0.15275779E+002     0.67346132E-009    -0.24662482E-008    -0.95612225E-004    -0.14361440E-005     0.19731220E-012    -0.44051700E-012
     0.15283375E+002     0.76446422E-009    -0.33320303E-008    -0.97846078E-004    -0.15532013E-005     0.19052763E-012    -0.45308098E-012
     0.15290971E+002     0.94532441E-009    -0.43796429E-008    -0.10028030E-003    -0.16958726E-005     0.18274888E-012    -0.46671543E-012
     0.15298567E+002     0.12231310E-008    -0.57124372E-008    -0.10296355E-003    -0.18917159E-005     0.17377499E-012    -0.48147861E-012
     0.15306163E+002     0.16989654E-008    -0.75536537E-008    -0.10597100E-003    -0.22868023E-005     0.16312751E-012    -0.49717511E-012
     0.15313759E+002     0.26315195E-008    -0.10308935E-007    -0.10846903E-003    -0.32565420E-005     0.14789071E-012    -0.51493645E-012
     0.15321355E+002     0.47900432E-008    -0.14894114E-007    -0.11143487E-003    -0.26535060E-005     0.13392796E-012    -0.53860994E-012
     0.15328952E+002     0.11859528E-007    -0.23469493E-007    -0.11538152E-003    -0.26986630E-005     0.11787690E-012    -0.56182542E-012
     0.15336548E+002     0.46968167E-007    -0.28611146E-007    -0.11967331E-003    -0.29452960E-005     0.97909541E-013    -0.58780186E-012
     0.15344144E+002     0.36245048E-007     0.32388076E-007    -0.12443838E-003    -0.32840918E-005     0.73574427E-013    -0.61745162E-012
     0.15351740E+002     0.13492142E-007     0.22882433E-007    -0.12980409E-003    -0.37097579E-005     0.43808890E-013    -0.65165014E-012
     0.15359336E+002     0.61833995E-008     0.18915428E-007    -0.13591591E-003    -0.42395084E-005     0.70264617E-014    -0.69155774E-012
     0.15366932E+002     0.29742577E-008     0.14174474E-007    -0.14295767E-003    -0.49041506E-005    -0.39047223E-013    -0.73878124E-012
     0.15374528E+002     0.22535937E-008     0.11203471E-007    -0.15117280E-003    -0.57506446E-005    -0.97717325E-013    -0.79561143E-012
     0.15382124E+002     0.14607261E-008     0.96259432E-008    -0.16089419E-003    -0.68501511E-005    -0.17390150E-012    -0.86541242E-012
     0.15389720E+002     0.11938531E-008     0.78991996E-008    -0.17259127E-003    -0.83133387E-005    -0.27517960E-012    -0.95335112E-012
     0.15397317E+002     0.12888563E-008     0.64473107E-008    -0.18694857E-003    -0.10319227E-004    -0.41369557E-012    -0.10677536E-011
     0.15404913E+002     0.27478542E-008     0.49875578E-008    -0.20500471E-003    -0.13172355E-004    -0.60985942E-012    -0.12228991E-011
     0.15412509E+002     0.33586904E-008     0.76388911E-008    -0.22841298E-003    -0.17424653E-004    -0.90004940E-012    -0.14452582E-011
     0.15420105E+002     0.25149510E-008     0.73177110E-008    -0.25996745E-003    -0.24160853E-004    -0.13539730E-011    -0.17890933E-011
     0.15427701E+002     0.11480868E-008     0.71402256E-008    -0.30476420E-003    -0.35753872E-004    -0.21178810E-011    -0.23815728E-011
     0.15435297E+002     0.80493480E-009     0.65891330E-008    -0.37306328E-003    -0.58222795E-004    -0.35349164E-011    -0.35814055E-011
     0.15442893E+002     0.45922433E-009     0.59778065E-008    -0.48825773E-003    -0.11054335E-003    -0.65073237E-011    -0.67144882E-011
     0.15450489E+002     0.38534578E-009     0.54675231E-008    -0.70855198E-003    -0.27698421E-003    -0.12911640E-010    -0.19167044E-010
     0.15458085E+002     0.35913810E-009     0.51087171E-008    -0.94315716E-003    -0.11271115E-002     0.26818876E-010    -0.89380482E-010
     0.15465682E+002     0.40050723E-009     0.48312574E-008     0.83641884E-003    -0.11276264E-002     0.26899348E-010     0.89033316E-010
     0.15473278E+002     0.39459418E-009     0.46633417E-008     0.60203236E-003    -0.27709053E-003    -0.12897756E-010     0.18820417E-010
     0.15480874E+002     0.30648514E-009     0.44968799E-008     0.38169089E-003    -0.11058201E-003    -0.64956244E-011     0.63649035E-011
     0.15488470E+002     0.26199678E-009     0.42514253E-008     0.26646778E-003    -0.58247268E-004    -0.35232364E-011     0.32316940E-011
     0.15496066E+002     0.25294681E-009     0.40639294E-008     0.19814627E-003    -0.35774843E-004    -0.21056327E-011     0.20319527E-011
     0.15503662E+002     0.29536638E-009     0.38792812E-008     0.15332779E-003    -0.24181519E-004    -0.13408218E-011     0.14395518E-011
     0.15511258E+002     0.29772126E-009     0.37864312E-008     0.12175023E-003    -0.17446228E-004    -0.88578532E-012     0.10957667E-011
     0.15518854E+002     0.35183713E-009     0.35588453E-008     0.98316721E-004    -0.13195350E-004    -0.59434359E-012     0.87343595E-012
     0.15526450E+002     0.54742483E-009     0.37514596E-008     0.80232912E-004    -0.10343837E-004    -0.39683069E-012     0.71830192E-012
     0.15534047E+002     0.27170866E-009     0.37308997E-008     0.65845504E-004    -0.83395809E-005    -0.25689495E-012     0.60389908E-012
     0.15541643E+002     0.10768338E-009     0.35339672E-008     0.54116092E-004    -0.68778852E-005    -0.15414201E-012     0.51595015E-012
     0.15549239E+002     0.13884469E-009     0.33040495E-008     0.44360535E-004    -0.57795469E-005    -0.76439502E-013     0.44612889E-012
     0.15556835E+002     0.15916532E-009     0.31345053E-008     0.36110144E-004    -0.49336252E-005    -0.16213617E-013     0.38926997E-012
     0.15564431E+002     0.26662901E-009     0.30300698E-008     0.29033244E-004    -0.42684800E-005     0.31456001E-013     0.34200439E-012
     0.15572027E+002     0.31083817E-009     0.29218264E-008     0.22888609E-004    -0.37361834E-005     0.69876895E-013     0.30204233E-012
     0.15579623E+002     0.61467921E-009     0.27303215E-008     0.17496644E-004    -0.33036949E-005     0.10133769E-012     0.26777319E-012
     0.15587219E+002     0.73852860E-009     0.35005901E-008     0.12720906E-004    -0.29476414E-005     0.12746229E-012     0.23803087E-012
     0.15594815E+002     0.21564320E-009     0.33152273E-008     0.84558933E-005    -0.26511118E-005     0.14942841E-012     0.21194987E-012
     0.15602412E+002     0.17019577E-009     0.30677916E-008     0.46187512E-005    -0.24016283E-005     0.16810693E-012     0.18887394E-012
     0.15610008E+002     0.18010948E-009     0.30062522E-008     0.11435068E-005    -0.21898203E-005     0.18415276E-012     0.16829607E-012
     0.15617604E+002     0.15728605E-009     0.28419041E-008    -0.20230234E-005    -0.20085417E-005     0.19806735E-012     0.14981833E-012
     0.15625200E+002     0.19274181E-009     0.28227325E-008    -0.49241870E-005    -0.18522673E-005     0.21023768E-012     0.13312405E-012
     0.15632796E+002     0.18123820E-009     0.27505726E-008    -0.75956743E-005    -0.17166683E-005     0.22096721E-012     0.11796100E-012
     0.15640392E+002     0.18386090E-009     0.26487623E-008    -0.10067138E-004    -0.15983181E-005     0.23049512E-012     0.10411646E-012
     0.15647988E+002     0.18183018E-009     0.25302267E-008    -0.12363420E-004    -0.14944731E-005     0.23901618E-012     0.91419542E-013
     0.15655584E+002     0.25351469E-009     0.22843454E-008    -0.14505496E-004    -0.14029178E-005     0.24668643E-012     0.79727687E-013
     0.15663180E+002     0.82542941E-009     0.20799072E-008    -0.16511197E-004    -0.13218468E-005     0.25363310E-012     0.68921176E-013
     0.15670777E+002     0.80728985E-009     0.25904091E-008    -0.18395784E-004    -0.12497771E-005     0.25996092E-012     0.58898679E-013
     0.15678373E+002     0.15845871E-008     0.26691923E-008    -0.20172398E-004    -0.11854821E-005     0.26575666E-012     0.49574048E-013
     0.15685969E+002     0.62618438E-009     0.37429753E-008    -0.21852419E-004    -0.11279401E-005     0.27109270E-012     0.40873559E-013
     0.15693565E+002     0.16427040E-009     0.33365891E-008    -0.23445755E-004    -0.10762947E-005     0.27602973E-012     0.32733444E-013
     0.15701161E+002     0.11337980E-009     0.30817110E-008    -0.24961076E-004    -0.10298256E-005     0.28061922E-012     0.25098865E-013
     0.15708757E+002     0.12650478E-009     0.29534980E-008    -0.26406007E-004    -0.98792137E-006     0.28490463E-012     0.17921861E-013
     0.15716353E+002     0.15012491E-009     0.29452772E-008    -0.27787283E-004    -0.95006162E-006     0.28892333E-012     0.11160236E-013
     0.15723949E+002     0.14595449E-009     0.29438250E-008    -0.29110880E-004    -0.91580234E-006     0.29270712E-012     0.47777175E-014
     0.15731545E+002     0.16188695E-009     0.28592325E-008    -0.30382127E-004    -0.88476239E-006     0.29628364E-012    -0.12584773E-014
     0.15739142E+002     0.22531469E-009     0.30355232E-008    -0.31605789E-004    -0.85661442E-006     0.29967671E-012    -0.69767909E-014
     0.15746738E+002     0.88344266E-010     0.30357034E-008    -0.32786153E-004    -0.83107471E-006     0.30290704E-012    -0.12402770E-013
     0.15754334E+002     0.13085250E-009     0.31657137E-008    -0.33927087E-004    -0.80789881E-006     0.30599271E-012    -0.17558906E-013
     0.15761930E+002    -0.15717323E-010     0.31716349E-008    -0.35032097E-004    -0.78687501E-006     0.30894951E-012    -0.22465438E-013
     0.15769526E+002    -0.74839685E-011     0.32198637E-008    -0.36104375E-004    -0.76782012E-006     0.31179137E-012    -0.27140351E-013
     0.15777122E+002    -0.59113659E-010     0.33820022E-008    -0.37146838E-004    -0.75057454E-006     0.31453046E-012    -0.31599746E-013
     0.15784718E+002    -0.16484644E-009     0.34880916E-008    -0.38162172E-004    -0.73500094E-006     0.31717755E-012    -0.35858074E-013
     0.15792314E+002    -0.10666859E-009     0.38980406E-008    -0.39152853E-004    -0.72098247E-006     0.31974217E-012    -0.39928648E-013
     0.15799910E+002    -0.49856635E-009     0.43983698E-008    -0.40121183E-004    -0.70841872E-006     0.32223276E-012    -0.43822445E-013
     0.15807507E+002    -0.10603944E-008     0.51506326E-008    -0.41069312E-004    -0.69722515E-006     0.32465651E-012    -0.47551154E-013
     0.15815103E+002    -0.21664369E-008     0.64897279E-008    -0.41999260E-004    -0.68733229E-006     0.32702024E-012    -0.51122758E-013
     0.15822699E+002    -0.72285120E-008     0.83677868E-008    -0.42912950E-004    -0.67868330E-006     0.32932906E-012    -0.54546660E-013
     0.15830295E+002    -0.14553768E-007    -0.59090251E-008    -0.43812214E-004    -0.67123983E-006     0.33158784E-012    -0.57830389E-013
     0.15837891E+002    -0.14752529E-008    -0.48075955E-008    -0.44698829E-004    -0.66497923E-006     0.33380032E-012    -0.60980979E-013
     0.15845487E+002    -0.70010421E-009    -0.27451108E-008    -0.45574533E-004    -0.65989233E-006     0.33596930E-012    -0.64004538E-013
     0.15853083E+002    -0.11967551E-009    -0.19855326E-008    -0.46441068E-004    -0.65599654E-006     0.33809532E-012    -0.66907614E-013
     0.15860679E+002     0.30076742E-010    -0.16894726E-008    -0.47300214E-004    -0.65334784E-006     0.34017765E-012    -0.69696199E-013
     0.15868275E+002     0.38839767E-009    -0.17970747E-008    -0.48153864E-004    -0.65206261E-006     0.34221084E-012    -0.72378273E-013
     0.15875872E+002     0.72537655E-009    -0.18792696E-008    -0.49004156E-004    -0.65239018E-006     0.34418108E-012    -0.74966192E-013
     0.15883468E+002     0.13595906E-008    -0.26782676E-008    -0.49853752E-004    -0.65490165E-006     0.34605474E-012    -0.77488194E-013
     0.15891064E+002     0.28966523E-008    -0.38337892E-008    -0.50706532E-004    -0.66115902E-006     0.34774411E-012    -0.80033913E-013
     0.15898660E+002     0.10897205E-007    -0.36232469E-008    -0.51569733E-004    -0.67683582E-006     0.34900691E-012    -0.83026763E-013
     0.15906256E+002     0.58261850E-008     0.79111478E-008    -0.52455531E-004    -0.73467525E-006     0.35018101E-012    -0.89654519E-013
     0.15913852E+002     0.16094258E-008     0.55855804E-008    -0.53166762E-004    -0.91600821E-006     0.37386180E-012    -0.83195284E-013
     0.15921448E+002     0.72369988E-009     0.42778594E-008    -0.53925494E-004    -0.73966053E-006     0.35405111E-012    -0.83113214E-013
     0.15929044E+002     0.45315003E-009     0.35521544E-008    -0.54827659E-004    -0.70283096E-006     0.35681038E-012    -0.88591815E-013
     0.15936640E+002     0.37309969E-009     0.31902559E-008    -0.55722033E-004    -0.70239501E-006     0.35925303E-012    -0.90935964E-013
     0.15944237E+002     0.24233163E-009     0.29456631E-008    -0.56621808E-004    -0.71171139E-006     0.36129233E-012    -0.92689389E-013
     0.15951833E+002     0.20146366E-009     0.27284772E-008    -0.57535449E-004    -0.72622893E-006     0.36312411E-012    -0.94200726E-013
     0.15959429E+002     0.18417838E-009     0.25825107E-008    -0.58469211E-004    -0.74507732E-006     0.36480733E-012    -0.95540244E-013
     0.15967025E+002     0.20179186E-009     0.24068837E-008    -0.59429087E-004    -0.76840981E-006     0.36634749E-012    -0.96722575E-013
     0.15974621E+002     0.41594078E-009     0.21669375E-008    -0.60421666E-004    -0.79686598E-006     0.36772503E-012    -0.97745396E-013
     0.15982217E+002     0.12868221E-008     0.26920282E-008    -0.61454697E-004    -0.83146232E-006     0.36889810E-012    -0.98599947E-013
     0.15989813E+002     0.48837582E-009     0.33760309E-008    -0.62537654E-004    -0.87364623E-006     0.36980521E-012    -0.99273282E-013
     0.15997409E+002     0.64486028E-009     0.41127194E-008    -0.63682433E-004    -0.92542873E-006     0.37035381E-012    -0.99749694E-013
     0.16005005E+002    -0.25541184E-008     0.54749157E-008    -0.64904317E-004    -0.98962700E-006     0.37040937E-012    -0.10001250E-012
     0.16012602E+002    -0.35739177E-008    -0.20016812E-009    -0.66223388E-004    -0.10702547E-005     0.36977208E-012    -0.10004638E-012
     0.16020198E+002    -0.72764295E-009    -0.26753213E-010    -0.67666672E-004    -0.11731820E-005     0.36814045E-012    -0.99843977E-013
     0.16027794E+002    -0.15566187E-009     0.46096426E-009    -0.69271500E-004    -0.13072414E-005     0.36504399E-012    -0.99417831E-013
     0.16035390E+002     0.57272007E-010     0.55493323E-009    -0.71091038E-004    -0.14862389E-005     0.35972647E-012    -0.98832220E-013
     0.16042986E+002     0.26760084E-009     0.40619241E-009    -0.73203711E-004    -0.17327421E-005     0.35091827E-012    -0.98274091E-013
     0.16050582E+002     0.69760671E-009    -0.65381880E-010    -0.75730216E-004    -0.20857070E-005     0.33637835E-012    -0.98230778E-013
     0.16058178E+002     0.26522331E-008    -0.87039486E-009    -0.78866207E-004    -0.26171961E-005     0.31189502E-012    -0.99972571E-013
     0.16065774E+002     0.39261160E-008     0.39067384E-008    -0.82950133E-004    -0.34729089E-005     0.26891267E-012    -0.10698418E-012
     0.16073370E+002     0.10354820E-008     0.38364752E-008    -0.88618245E-004    -0.49847187E-005     0.18823262E-012    -0.12991610E-012
     0.16080967E+002     0.41816357E-009     0.31936736E-008    -0.97202066E-004    -0.80467689E-005     0.21207894E-013    -0.20756783E-012
     0.16088563E+002     0.22306767E-009     0.28172663E-008    -0.11186180E-003    -0.15760860E-004    -0.36894969E-012    -0.52700569E-012
     0.16096159E+002     0.16067506E-009     0.25997399E-008    -0.13960936E-003    -0.44190544E-004    -0.10999051E-011    -0.24661134E-011
     0.16103755E+002     0.14772985E-009     0.24574772E-008    -0.10093810E-003    -0.17346776E-003     0.11887693E-010    -0.47933766E-011
     0.16111351E+002     0.12905866E-009     0.23852532E-008     0.23417737E-004    -0.63717221E-004    -0.17349612E-011     0.45313834E-011
     0.16118947E+002     0.75358461E-010     0.23560025E-008    -0.91329349E-005    -0.18639626E-004    -0.10951501E-011     0.60502660E-012
     0.16126543E+002    -0.18665172E-009     0.23655232E-008    -0.27034747E-004    -0.84066590E-005    -0.41021766E-012     0.10597338E-013
     0.16134139E+002    -0.10754894E-008     0.10083159E-008    -0.37041074E-004    -0.47841103E-005    -0.10438997E-012    -0.13064612E-012
     0.16141735E+002     0.19625744E-008    -0.38201143E-009    -0.43424844E-004    -0.31279796E-005     0.52687098E-013    -0.17527085E-012
     0.16149332E+002     0.30679548E-008     0.50445381E-008    -0.47913453E-004    -0.22433587E-005     0.14413558E-012    -0.19168862E-012
     0.16156928E+002    -0.19628789E-008     0.40117224E-008    -0.51298899E-004    -0.17192818E-005     0.20259629E-012    -0.19816839E-012
     0.16164524E+002    -0.44591687E-009     0.13597150E-008    -0.53989327E-004    -0.13850994E-005     0.24270710E-012    -0.20073739E-012
     0.16172120E+002     0.26927699E-009     0.12581770E-008    -0.56215003E-004    -0.11600043E-005     0.27178746E-012    -0.20168368E-012
     0.16179716E+002     0.11696876E-008     0.74684863E-009    -0.58115274E-004    -0.10018457E-005     0.29382444E-012    -0.20196202E-012
     0.16187312E+002     0.32459746E-008     0.27585640E-008    -0.59779267E-004    -0.88694140E-006     0.31114297E-012    -0.20199579E-012
     0.16194908E+002     0.17602719E-008     0.39910461E-008    -0.61266594E-004    -0.80118078E-006     0.32517542E-012    -0.20197853E-012
     0.16202504E+002     0.34630489E-009     0.41355748E-008    -0.62618619E-004    -0.73574420E-006     0.33684349E-012    -0.20199810E-012
     0.16210100E+002    -0.76285781E-009     0.26750373E-008    -0.63864946E-004    -0.68489724E-006     0.34676573E-012    -0.20209514E-012
     0.16217697E+002     0.91696474E-009     0.33449470E-008    -0.65027319E-004    -0.64478344E-006     0.35537065E-012    -0.20228117E-012
     0.16225293E+002     0.19499688E-009     0.34060880E-008    -0.66122083E-004    -0.61273507E-006     0.36295967E-012    -0.20255908E-012
     0.16232889E+002    -0.21408948E-011     0.31068803E-008    -0.67161760E-004    -0.58686463E-006     0.36975439E-012    -0.20292454E-012
     0.16240485E+002     0.10854100E-009     0.30423992E-008    -0.68156111E-004    -0.56580265E-006     0.37591856E-012    -0.20337139E-012
     0.16248081E+002     0.11563008E-009     0.30632240E-008    -0.69112870E-004    -0.54853865E-006     0.38157640E-012    -0.20389240E-012
     0.16255677E+002     0.76102863E-010     0.30729815E-008    -0.70038242E-004    -0.53431445E-006     0.38682341E-012    -0.20448043E-012
     0.16263273E+002     0.75457068E-010     0.30279738E-008    -0.70937273E-004    -0.52255243E-006     0.39173420E-012    -0.20512852E-012
     0.16270869E+002     0.10900574E-009     0.29893843E-008    -0.71814113E-004    -0.51280582E-006     0.39636760E-012    -0.20583058E-012
     0.16278465E+002     0.17900213E-009     0.29437347E-008    -0.72672208E-004    -0.50472842E-006     0.40077146E-012    -0.20658100E-012
     0.16286062E+002     0.36107728E-009     0.27852637E-008    -0.73514448E-004    -0.49804334E-006     0.40498367E-012    -0.20737448E-012
     0.16293658E+002     0.11000249E-008     0.23916482E-008    -0.74343282E-004    -0.49253116E-006     0.40903570E-012    -0.20820671E-012
     0.16301254E+002     0.41501612E-008     0.46432386E-008    -0.75160798E-004    -0.48801504E-006     0.41295354E-012    -0.20907366E-012
     0.16308850E+002     0.65600447E-009     0.75841567E-008    -0.75968792E-004    -0.48435131E-006     0.41675881E-012    -0.20997193E-012
     0.16316446E+002    -0.17185957E-008     0.82750280E-008    -0.76768822E-004    -0.48142239E-006     0.42046978E-012    -0.21089828E-012
     0.16324042E+002    -0.60982500E-008     0.39407132E-008    -0.77562244E-004    -0.47913106E-006     0.42410170E-012    -0.21184998E-012
     0.16331638E+002    -0.12076225E-008     0.34053482E-008    -0.78350257E-004    -0.47739611E-006     0.42766804E-012    -0.21282487E-012
     0.16339234E+002    -0.54110409E-008     0.80798299E-008    -0.79133911E-004    -0.47615168E-006     0.43117979E-012    -0.21382054E-012
     0.16346830E+002    -0.69502398E-008    -0.25950431E-008    -0.79914150E-004    -0.47534025E-006     0.43464687E-012    -0.21483516E-012
     0.16354427E+002    -0.13662609E-008    -0.11649008E-008    -0.80691811E-004    -0.47491916E-006     0.43807798E-012    -0.21586711E-012
     0.16362023E+002    -0.54133477E-009     0.22385484E-009    -0.81467649E-004    -0.47484269E-006     0.44148054E-012    -0.21691480E-012
     0.16369619E+002    -0.23152341E-009     0.87419313E-009    -0.82242351E-004    -0.47507833E-006     0.44486116E-012    -0.21797728E-012
     0.16377215E+002     0.15189608E-010     0.11987979E-008    -0.83016541E-004    -0.47559693E-006     0.44822596E-012    -0.21905346E-012
     0.16384811E+002     0.53261694E-009     0.18135131E-008    -0.83790779E-004    -0.47638095E-006     0.45158366E-012    -0.22013999E-012
     0.16392407E+002     0.32317007E-009     0.24338222E-008    -0.84565597E-004    -0.47738359E-006     0.45492780E-012    -0.22123865E-012
     0.16400003E+002     0.46296161E-010     0.26196574E-008    -0.85341486E-004    -0.47860961E-006     0.45827443E-012    -0.22234897E-012
     0.16407599E+002     0.11841062E-010     0.27738905E-008    -0.86118887E-004    -0.48004003E-006     0.46162328E-012    -0.22346870E-012
     0.16415195E+002    -0.34481263E-010     0.29761789E-008    -0.86898220E-004    -0.48166570E-006     0.46498076E-012    -0.22459992E-012
     0.16422792E+002    -0.52693700E-010     0.32966685E-008    -0.87679855E-004    -0.48345327E-006     0.46834274E-012    -0.22572888E-012
     0.16430388E+002    -0.34289283E-009     0.33631345E-008    -0.88464207E-004    -0.48539791E-006     0.47171779E-012    -0.22687600E-012
     0.16437984E+002    -0.36101873E-009     0.35545539E-008    -0.89251601E-004    -0.48750351E-006     0.47510885E-012    -0.22802782E-012
     0.16445580E+002    -0.33190589E-009     0.40004964E-008    -0.90042371E-004    -0.48975801E-006     0.47851783E-012    -0.22918629E-012
     0.16453176E+002    -0.69583323E-009     0.48135103E-008    -0.90836831E-004    -0.49215237E-006     0.48194692E-012    -0.23035137E-012
     0.16460772E+002    -0.23779669E-008     0.60509478E-008    -0.91635285E-004    -0.49467964E-006     0.48539838E-012    -0.23152210E-012
     0.16468368E+002    -0.55802913E-008     0.16390926E-008    -0.92438024E-004    -0.49733672E-006     0.48887518E-012    -0.23269893E-012
     0.16475964E+002    -0.14894134E-008     0.11451529E-008    -0.93245326E-004    -0.50011779E-006     0.49237873E-012    -0.23388090E-012
     0.16483560E+002    -0.74844922E-009     0.23734203E-008    -0.94057462E-004    -0.50301720E-006     0.49591159E-012    -0.23506789E-012
     0.16491157E+002    -0.68852875E-009     0.33706544E-008    -0.94874696E-004    -0.50603399E-006     0.49947542E-012    -0.23625891E-012
     0.16498753E+002    -0.12981571E-008     0.46771835E-008    -0.95697284E-004    -0.50916303E-006     0.50307173E-012    -0.23745520E-012
     0.16506349E+002    -0.47774799E-008     0.51596636E-008    -0.96525476E-004    -0.51240175E-006     0.50670238E-012    -0.23865594E-012
     0.16513945E+002    -0.29303801E-008     0.61090581E-009    -0.97359516E-004    -0.51574997E-006     0.51037102E-012    -0.23986147E-012
     0.16521541E+002    -0.12574726E-008     0.23874683E-008    -0.98199645E-004    -0.51920336E-006     0.51407827E-012    -0.24107042E-012
     0.16529137E+002    -0.17189913E-008     0.42974769E-008    -0.99046103E-004    -0.52276443E-006     0.51782590E-012    -0.24228294E-012
     0.16536733E+002    -0.56915609E-008     0.61906044E-008    -0.99899117E-004    -0.52642925E-006     0.52161558E-012    -0.24349898E-012
     0.16544329E+002    -0.79082801E-008    -0.19374021E-008    -0.10075892E-003    -0.53019595E-006     0.52544928E-012    -0.24471847E-012
     0.16551925E+002    -0.27802917E-008    -0.22491393E-008    -0.10162575E-003    -0.53406517E-006     0.52932845E-012    -0.24594090E-012
     0.16559522E+002    -0.89676226E-009    -0.13922697E-008    -0.10249983E-003    -0.53803652E-006     0.53325500E-012    -0.24716665E-012
     0.16567118E+002    -0.35546986E-009    -0.68243227E-010    -0.10338138E-003    -0.54210835E-006     0.53723027E-012    -0.24839591E-012
     0.16574714E+002    -0.24090359E-009     0.57107856E-009    -0.10427064E-003    -0.54628053E-006     0.54125761E-012    -0.24962886E-012
     0.16582310E+002    -0.95348195E-010     0.10738106E-008    -0.10516782E-003    -0.55055781E-006     0.54533832E-012    -0.25086471E-012
     0.16589906E+002    -0.12138778E-009     0.16695884E-008    -0.10607317E-003    -0.55493821E-006     0.54947822E-012    -0.25209908E-012
     0.16597502E+002    -0.34057270E-009     0.21420738E-008    -0.10698690E-003    -0.55942344E-006     0.55366849E-012    -0.25333458E-012
     0.16605098E+002    -0.59813336E-009     0.26238537E-008    -0.10790924E-003    -0.56400369E-006     0.55791676E-012    -0.25457423E-012
     0.16612694E+002    -0.14903352E-008     0.28284337E-008    -0.10884043E-003    -0.56869043E-006     0.56222563E-012    -0.25581616E-012
     0.16620290E+002    -0.20358034E-008     0.31433730E-008    -0.10978070E-003    -0.57348280E-006     0.56659658E-012    -0.25706033E-012
     0.16627887E+002    -0.39134555E-008     0.17576661E-009    -0.11073028E-003    -0.57838192E-006     0.57103188E-012    -0.25830582E-012
     0.16635483E+002    -0.93965301E-009    -0.58537401E-009    -0.11168941E-003    -0.58338763E-006     0.57553299E-012    -0.25955298E-012
     0.16643079E+002     0.42954129E-009    -0.45556192E-009    -0.11265833E-003    -0.58850669E-006     0.58010244E-012    -0.26080164E-012
     0.16650675E+002     0.38306682E-008    -0.49259477E-009    -0.11363726E-003    -0.59373507E-006     0.58474288E-012    -0.26204894E-012
     0.16658271E+002     0.40158500E-008     0.77245967E-008    -0.11462649E-003    -0.59905817E-006     0.58945371E-012    -0.26330078E-012
     0.16665867E+002    -0.29349985E-009     0.82956526E-008    -0.11562624E-003    -0.60450732E-006     0.59423994E-012    -0.26455126E-012
     0.16673463E+002    -0.37602731E-008     0.94092044E-008    -0.11663677E-003    -0.61007121E-006     0.59910293E-012    -0.26580240E-012
     0.16681059E+002    -0.70765594E-008     0.19789430E-008    -0.11765833E-003    -0.61575174E-006     0.60404466E-012    -0.26705403E-012
     0.16688655E+002    -0.17894984E-008     0.39883926E-008    -0.11869119E-003    -0.62155517E-006     0.60906808E-012    -0.26830534E-012
     0.16696252E+002    -0.28494837E-008     0.75526627E-008    -0.11973562E-003    -0.62747806E-006     0.61417527E-012    -0.26955641E-012
     0.16703848E+002    -0.90928607E-008     0.12489718E-007    -0.12079187E-003    -0.63352646E-006     0.61936873E-012    -0.27080694E-012
     0.16711444E+002    -0.23779031E-007    -0.49312422E-008    -0.12186024E-003    -0.63969782E-006     0.62465166E-012    -0.27205694E-012
     0.16719040E+002    -0.63155735E-008    -0.93885073E-008    -0.12294100E-003    -0.64599724E-006     0.63002637E-012    -0.27330519E-012
     0.16726636E+002    -0.26075264E-008    -0.59319895E-008    -0.12403444E-003    -0.65243020E-006     0.63549589E-012    -0.27455195E-012
     0.16734232E+002    -0.14179343E-008    -0.35367971E-008    -0.12514086E-003    -0.65899789E-006     0.64106214E-012    -0.27579565E-012
     0.16741828E+002    -0.14534388E-008    -0.15564460E-008    -0.12626056E-003    -0.66570014E-006     0.64672826E-012    -0.27703799E-012
     0.16749424E+002    -0.40529064E-008     0.31087771E-010    -0.12739385E-003    -0.67254926E-006     0.65249593E-012    -0.27827744E-012
     0.16757020E+002    -0.37288412E-008    -0.36229798E-008    -0.12854103E-003    -0.67954539E-006     0.65837296E-012    -0.27951880E-012
     0.16764617E+002    -0.35020380E-008    -0.90152886E-009    -0.12970243E-003    -0.68668042E-006     0.66436074E-012    -0.28075384E-012
     0.16772213E+002    -0.14729091E-007     0.21393620E-008    -0.13087840E-003    -0.69396948E-006     0.67046312E-012    -0.28198502E-012
     0.16779809E+002    -0.16661438E-007    -0.40231513E-007    -0.13206926E-003    -0.70141778E-006     0.67668265E-012    -0.28321146E-012
     0.16787405E+002     0.41064173E-007    -0.33714681E-007    -0.13327536E-003    -0.70902722E-006     0.68302343E-012    -0.28443311E-012
     0.16795001E+002     0.97113205E-008     0.58479212E-008    -0.13449707E-003    -0.71680016E-006     0.68948943E-012    -0.28564935E-012
     0.16802597E+002     0.27571904E-007     0.13106324E-007    -0.13573474E-003    -0.72474139E-006     0.69608535E-012    -0.28686035E-012
     0.16810193E+002     0.66832034E-008     0.15479957E-007    -0.13698877E-003    -0.73285740E-006     0.70281575E-012    -0.28806398E-012
     0.16817789E+002     0.23153185E-008     0.11028665E-007    -0.13825953E-003    -0.74115235E-006     0.70968577E-012    -0.28925921E-012
     0.16825385E+002     0.69551798E-009     0.90206369E-008    -0.13954744E-003    -0.74963245E-006     0.71669709E-012    -0.29044604E-012
     0.16832982E+002    -0.12189455E-008     0.76565638E-008    -0.14085289E-003    -0.75830374E-006     0.72385692E-012    -0.29162466E-012
     0.16840578E+002    -0.99138361E-009     0.54484558E-008    -0.14217633E-003    -0.76717164E-006     0.73117107E-012    -0.29279365E-012
     0.16848174E+002    -0.25679923E-008     0.28815100E-008    -0.14351817E-003    -0.77623552E-006     0.73864357E-012    -0.29395123E-012
     0.16855770E+002     0.51000639E-008     0.22340671E-008    -0.14487890E-003    -0.78551056E-006     0.74628171E-012    -0.29509785E-012
     0.16863366E+002     0.18909247E-008     0.74475318E-008    -0.14625896E-003    -0.79500284E-006     0.75409124E-012    -0.29623143E-012
     0.16870962E+002     0.60440885E-009     0.68149835E-008    -0.14765885E-003    -0.80471809E-006     0.76207849E-012    -0.29735092E-012
     0.16878558E+002    -0.60981916E-009     0.73871155E-008    -0.14907906E-003    -0.81466514E-006     0.77025011E-012    -0.29845524E-012
     0.16886154E+002    -0.25329308E-009     0.61089987E-008    -0.15052011E-003    -0.82485068E-006     0.77861424E-012    -0.29954345E-012
     0.16893750E+002    -0.30498954E-009     0.68421550E-008    -0.15198255E-003    -0.83528531E-006     0.78717819E-012    -0.30061110E-012
     0.16901346E+002    -0.54792228E-009     0.74887330E-008    -0.15346692E-003    -0.84597859E-006     0.79594897E-012    -0.30166250E-012
     0.16908943E+002    -0.10374094E-008     0.85236069E-008    -0.15497381E-003    -0.85693389E-006     0.80493625E-012    -0.30269031E-012
     0.16916539E+002    -0.26268739E-008     0.95429788E-008    -0.15650382E-003    -0.86817209E-006     0.81414961E-012    -0.30369605E-012
     0.16924135E+002    -0.31630459E-008     0.10642183E-007    -0.15805756E-003    -0.87970416E-006     0.82359921E-012    -0.30467399E-012
     0.16931731E+002    -0.87388906E-008     0.14469922E-007    -0.15963568E-003    -0.89152597E-006     0.83329096E-012    -0.30562328E-012
     0.16939327E+002    -0.15118641E-007     0.15531507E-008    -0.16123889E-003    -0.90367193E-006     0.84323367E-012    -0.30654466E-012
     0.16946923E+002    -0.10693079E-007     0.70261226E-009    -0.16286786E-003    -0.91614676E-006     0.85345160E-012    -0.30744122E-012
     0.16954519E+002    -0.56863195E-008    -0.49509673E-009    -0.16452334E-003    -0.92896409E-006     0.86395287E-012    -0.30830002E-012
     0.16962115E+002    -0.55043581E-008    -0.88358139E-009    -0.16620610E-003    -0.94214268E-006     0.87474995E-012    -0.30911940E-012
     0.16969711E+002    -0.26604494E-008     0.11261900E-008    -0.16791694E-003    -0.95569058E-006     0.88585597E-012    -0.30989539E-012
     0.16977308E+002    -0.29901525E-008     0.32555849E-008    -0.16965672E-003    -0.96964262E-006     0.89728822E-012    -0.31062762E-012
     0.16984904E+002    -0.67852747E-008     0.40153914E-008    -0.17142631E-003    -0.98401166E-006     0.90906368E-012    -0.31131048E-012
     0.16992500E+002    -0.24213887E-009     0.10223544E-008    -0.17322666E-003    -0.99881838E-006     0.92120113E-012    -0.31193964E-012
     0.17000096E+002    -0.55979452E-008     0.14158465E-007    -0.17505874E-003    -0.10140890E-005     0.93372104E-012    -0.31251065E-012
     0.17007692E+002    -0.20163999E-007     0.21519202E-008    -0.17692360E-003    -0.10298512E-005     0.94664623E-012    -0.31301701E-012
     0.17015288E+002    -0.91770823E-008    -0.19307060E-008    -0.17882233E-003    -0.10461338E-005     0.95999881E-012    -0.31345415E-012
     0.17022884E+002    -0.17247446E-007     0.11520331E-008    -0.18075610E-003    -0.10629761E-005     0.97380699E-012    -0.31381450E-012
     0.17030480E+002    -0.95023664E-008    -0.14774536E-007    -0.18272613E-003    -0.10804093E-005     0.98810174E-012    -0.31409310E-012
     0.17038076E+002    -0.22653067E-008    -0.11006947E-007    -0.18473375E-003    -0.10984738E-005     0.10029139E-011    -0.31427820E-012
     0.17045673E+002     0.17707827E-008    -0.90930417E-008    -0.18678036E-003    -0.11172170E-005     0.10182797E-011    -0.31436237E-012
     0.17053269E+002     0.44657981E-008    -0.17700054E-008    -0.18886747E-003    -0.11366921E-005     0.10342394E-011    -0.31433532E-012
     0.17060865E+002    -0.25067072E-009    -0.69445613E-009    -0.19099669E-003    -0.11569564E-005     0.10508376E-011    -0.31418534E-012
     0.17068461E+002     0.90980921E-009    -0.12769360E-008    -0.19316976E-003    -0.11780818E-005     0.10681265E-011    -0.31390472E-012
     0.17076057E+002    -0.48094376E-009     0.38686130E-008    -0.19538858E-003    -0.12001376E-005     0.10861693E-011    -0.31345953E-012
     0.17083653E+002    -0.88300887E-008     0.11243693E-008    -0.19765519E-003    -0.12232197E-005     0.11050144E-011    -0.31284796E-012
     0.17091249E+002    -0.60086836E-008    -0.75174643E-008    -0.19997182E-003    -0.12474271E-005     0.11247460E-011    -0.31204901E-012
     0.17098845E+002     0.43120015E-009    -0.87027756E-008    -0.20234094E-003    -0.12728786E-005     0.11454486E-011    -0.31103779E-012
     0.17106441E+002     0.74594676E-008    -0.43439948E-008    -0.20476525E-003    -0.12997183E-005     0.11672198E-011    -0.30978634E-012
     0.17114038E+002     0.30065098E-008     0.24612265E-008    -0.20724774E-003    -0.13281127E-005     0.11901747E-011    -0.30826468E-012
     0.17121634E+002    -0.68226696E-009    -0.11337611E-008    -0.20979178E-003    -0.13582620E-005     0.12144463E-011    -0.30643147E-012
     0.17129230E+002     0.20699443E-008    -0.30607196E-009    -0.21240112E-003    -0.13904124E-005     0.12401917E-011    -0.30424697E-012
     0.17136826E+002     0.85716827E-009    -0.24733798E-009    -0.21508003E-003    -0.14248490E-005     0.12676026E-011    -0.30165535E-012
     0.17144422E+002     0.12853031E-008    -0.14157808E-008    -0.21783337E-003    -0.14619360E-005     0.12969048E-011    -0.29859145E-012
     0.17152018E+002     0.43338701E-008    -0.25624891E-008    -0.22066675E-003    -0.15021200E-005     0.13283712E-011    -0.29497326E-012
     0.17159614E+002     0.94795106E-008     0.55450758E-008    -0.22358670E-003    -0.15459632E-005     0.13623400E-011    -0.29070515E-012
     0.17167210E+002     0.14359721E-008     0.82005315E-008    -0.22660088E-003    -0.15941808E-005     0.13992309E-011    -0.28566188E-012
     0.17174806E+002    -0.29304311E-008     0.77458976E-008    -0.22971843E-003    -0.16476938E-005     0.14395709E-011    -0.27968524E-012
     0.17182403E+002    -0.11039788E-007    -0.53566721E-009    -0.23295034E-003    -0.17077072E-005     0.14840308E-011    -0.27256936E-012
     0.17189999E+002     0.81135595E-008    -0.10984167E-007    -0.23631006E-003    -0.17758194E-005     0.15334804E-011    -0.26404628E-012
     0.17197595E+002     0.91879305E-008     0.11300781E-007    -0.23981430E-003    -0.18542007E-005     0.15890685E-011    -0.25375256E-012
     0.17205191E+002    -0.58692689E-009     0.10176943E-007    -0.24348417E-003    -0.19458419E-005     0.16523337E-011    -0.24118563E-012
     0.17212787E+002    -0.12264041E-008     0.68627743E-008    -0.24734688E-003    -0.20549668E-005     0.17253903E-011    -0.22563902E-012
     0.17220383E+002    -0.17421259E-008     0.80134077E-008    -0.25143829E-003    -0.21877041E-005     0.18112141E-011    -0.20608166E-012
     0.17227979E+002    -0.65682898E-008     0.92669984E-008    -0.25580684E-003    -0.23532021E-005     0.19141153E-011    -0.18095532E-012
     0.17235575E+002    -0.72745476E-008    -0.58519700E-010    -0.26051985E-003    -0.25656036E-005     0.20405471E-011    -0.14780467E-012
     0.17243171E+002     0.70205339E-009     0.38629434E-008    -0.26567413E-003    -0.28476988E-005     0.22005569E-011    -0.10256055E-012
     0.17250768E+002    -0.78066469E-008     0.54834707E-008    -0.27141449E-003    -0.32380792E-005     0.24105382E-011    -0.38054136E-013
     0.17258364E+002    -0.44655701E-008    -0.15603467E-008    -0.27796808E-003    -0.38062371E-005     0.26987994E-011     0.59332177E-013
     0.17265960E+002    -0.13896470E-008     0.63716271E-009    -0.28571292E-003    -0.46874254E-005     0.31177950E-011     0.21807515E-012
     0.17273556E+002    -0.88115170E-009     0.22367104E-008    -0.29532657E-003    -0.61730647E-005     0.37736786E-011     0.50569658E-012
     0.17281152E+002    -0.91322337E-009     0.37346069E-008    -0.30814528E-003    -0.89849020E-005     0.49064987E-011     0.11122005E-011
     0.17288748E+002    -0.13816814E-008     0.48262171E-008    -0.32714612E-003    -0.15310285E-004     0.71330613E-011     0.27219129E-011
     0.17296344E+002    -0.27584498E-008     0.75699138E-008    -0.35977155E-003    -0.34227596E-004     0.12029669E-010     0.89210263E-011
     0.17303940E+002    -0.97438742E-008     0.69119005E-008    -0.41022862E-003    -0.12504506E-003     0.68852532E-011     0.47384685E-010
     0.17311536E+002    -0.73470013E-008     0.43629976E-008    -0.17386426E-003    -0.21911785E-003    -0.49277993E-010    -0.56220839E-010
     0.17319133E+002    -0.15685911E-007    -0.16439014E-008    -0.17739426E-003    -0.54755743E-004     0.95184704E-011    -0.14496195E-010
     0.17326729E+002    -0.82074245E-008    -0.55444266E-008    -0.21761233E-003    -0.22208949E-004     0.54838406E-011    -0.41723891E-011
     0.17334325E+002    -0.30673620E-008    -0.68339434E-008    -0.24057542E-003    -0.12645586E-004     0.35025197E-011    -0.20050058E-011
     0.17341921E+002    -0.77974511E-009    -0.48253359E-008    -0.25579364E-003    -0.86989378E-005     0.26464195E-011    -0.12956281E-011
     0.17349517E+002     0.88078894E-009    -0.39712032E-008    -0.26726995E-003    -0.67239005E-005     0.22408160E-011    -0.98837603E-012
     0.17357113E+002     0.17761103E-008    -0.16482969E-008    -0.27673226E-003    -0.56124321E-005     0.20376878E-011    -0.82814319E-012
     0.17364709E+002     0.21390313E-008     0.11613638E-009    -0.28502688E-003    -0.49389615E-005     0.19364178E-011    -0.73280948E-012
     0.17372305E+002     0.20434794E-008    -0.30502873E-010    -0.29261444E-003    -0.45122603E-005     0.18913362E-011    -0.67019707E-012
     0.17379901E+002     0.24446068E-008     0.36741561E-008    -0.29976761E-003    -0.42362045E-005     0.18797353E-011    -0.62576501E-012
     0.17387498E+002    -0.59753147E-009     0.27560175E-008    -0.30665936E-003    -0.40582420E-005     0.18894900E-011    -0.59217802E-012
     0.17395094E+002    -0.12380896E-008     0.27803736E-008    -0.31340601E-003    -0.39478151E-005     0.19137542E-011    -0.56541633E-012
     0.17402690E+002    -0.57381127E-008    -0.11530739E-009    -0.32009010E-003    -0.38861937E-005     0.19485165E-011    -0.54309350E-012
     0.17410286E+002     0.37166796E-008     0.72042677E-009    -0.32677310E-003    -0.38615153E-005     0.19913510E-011    -0.52371769E-012
     0.17417882E+002    -0.10582492E-008    -0.59589793E-008    -0.33350308E-003    -0.38660575E-005     0.20407790E-011    -0.50629616E-012
     0.17425478E+002     0.88619672E-008    -0.91910418E-008    -0.34031934E-003    -0.38947345E-005     0.20959086E-011    -0.49013807E-012
     0.17433074E+002     0.18294469E-007    -0.42240516E-008    -0.34725556E-003    -0.39442024E-005     0.21562294E-011    -0.47473414E-012
     0.17440670E+002     0.19055179E-007     0.16712830E-007    -0.35434180E-003    -0.40123364E-005     0.22214859E-011    -0.45969343E-012
     0.17448266E+002     0.11572838E-007     0.18524669E-007    -0.36160607E-003    -0.40979062E-005     0.22916060E-011    -0.44469661E-012
     0.17455863E+002     0.55585186E-008     0.17026202E-007    -0.36907539E-003    -0.42003531E-005     0.23666571E-011    -0.42947504E-012
     0.17463459E+002     0.45423396E-008     0.19552202E-007    -0.37677673E-003    -0.43197182E-005     0.24468138E-011    -0.41378590E-012
     0.17471055E+002     0.19084894E-008     0.18218628E-007    -0.38473781E-003    -0.44565227E-005     0.25323459E-011    -0.39740353E-012
     0.17478651E+002     0.50009748E-008     0.19127699E-007    -0.39298779E-003    -0.46118159E-005     0.26236085E-011    -0.38010689E-012
     0.17486247E+002     0.22427201E-008     0.25708265E-007    -0.40155808E-003    -0.47871579E-005     0.27210375E-011    -0.36167288E-012
     0.17493843E+002    -0.21443484E-008     0.29479196E-007    -0.41048311E-003    -0.49847132E-005     0.28251539E-011    -0.34186998E-012
     0.17501439E+002    -0.80888766E-008     0.34346025E-007    -0.41980138E-003    -0.52073541E-005     0.29365670E-011    -0.32045019E-012
     0.17509035E+002    -0.16607591E-007     0.27753280E-007    -0.42955654E-003    -0.54588606E-005     0.30559815E-011    -0.29714488E-012
     0.17516631E+002    -0.11747651E-007     0.34617860E-007    -0.43979900E-003    -0.57441684E-005     0.31842109E-011    -0.27165512E-012
     0.17524228E+002    -0.23647749E-007     0.54242213E-007    -0.45058788E-003    -0.60698163E-005     0.33221879E-011    -0.24364934E-012
     0.17531824E+002    -0.10499426E-006     0.47510396E-007    -0.46199380E-003    -0.64445665E-005     0.34709862E-011    -0.21275348E-012
     0.17539420E+002    -0.31645666E-007    -0.41515991E-007    -0.47410277E-003    -0.68803940E-005     0.36318341E-011    -0.17853550E-012
     0.17547016E+002    -0.16139253E-007    -0.24003184E-008    -0.48702195E-003    -0.73941093E-005     0.38061382E-011    -0.14051073E-012
     0.17554612E+002    -0.34420052E-007     0.15507844E-007    -0.50088831E-003    -0.80100385E-005     0.39955109E-011    -0.98120065E-013
     0.17562208E+002    -0.47646780E-007    -0.21095401E-007    -0.51588247E-003    -0.87648028E-005     0.42017737E-011    -0.50729120E-013
     0.17569804E+002    -0.25160776E-007    -0.22118860E-007    -0.53225165E-003    -0.97160851E-005     0.44269960E-011     0.23761494E-014
     0.17577400E+002    -0.12249177E-007    -0.16714056E-007    -0.55034998E-003    -0.10960194E-004     0.46734275E-011     0.61973646E-013
     0.17584996E+002    -0.13623979E-007    -0.98852889E-008    -0.57071420E-003    -0.12669702E-004     0.49434189E-011     0.12882908E-012
     0.17592593E+002    -0.84162748E-008    -0.45802360E-008    -0.59421734E-003    -0.15183228E-004     0.52390988E-011     0.20348950E-012
     0.17600189E+002    -0.13317660E-007     0.50698511E-008    -0.62241260E-003    -0.19249537E-004     0.55615057E-011     0.28563113E-012
     0.17607785E+002    -0.13838730E-007     0.55683639E-008    -0.65839738E-003    -0.26822040E-004     0.59081482E-011     0.37174775E-012
     0.17615381E+002    -0.24469477E-007     0.33773243E-007    -0.70924240E-003    -0.44407076E-004     0.62656770E-011     0.44513463E-012
     0.17622977E+002    -0.12812462E-006     0.28720643E-007    -0.79116998E-003    -0.10382592E-003     0.65929676E-011     0.41282036E-012
     0.17630573E+002    -0.45653011E-007    -0.13645942E-006    -0.78249574E-003    -0.39224674E-003     0.72566446E-011    -0.30687477E-012
     0.17638169E+002     0.51113701E-007    -0.38387965E-007    -0.44555917E-003    -0.19364242E-003     0.90943730E-011     0.47594722E-012
     0.17645765E+002     0.35189663E-007     0.15957364E-007    -0.55168770E-003    -0.64525036E-004     0.96547619E-011     0.11274400E-011
     0.17653361E+002    -0.59464073E-007    -0.23414337E-007    -0.62951177E-003    -0.39745126E-004     0.10433705E-010     0.14838907E-011
     0.17660958E+002    -0.17464560E-007    -0.37582467E-007    -0.69309439E-003    -0.37484410E-004     0.11400860E-010     0.17725497E-011
     0.17668554E+002    -0.54431496E-008    -0.33878596E-007    -0.74975709E-003    -0.62108277E-004     0.12548075E-010     0.16432887E-011
     0.17676150E+002    -0.58383909E-009    -0.30809510E-007    -0.75503084E-003    -0.56288833E-004     0.16008740E-010     0.19803971E-011
     0.17683746E+002     0.76887389E-008    -0.27816416E-007    -0.82019066E-003    -0.39210506E-004     0.18221612E-010     0.36437308E-011
     0.17691342E+002     0.11135744E-007    -0.20108454E-007    -0.89136532E-003    -0.40732025E-004     0.21158281E-010     0.49273120E-011
     0.17698938E+002     0.63050943E-008    -0.98106661E-008    -0.97181749E-003    -0.47987489E-004     0.25327196E-010     0.65767720E-011
     0.17706534E+002     0.27453983E-008    -0.78503158E-008    -0.10689793E-002    -0.60560104E-004     0.31328789E-010     0.90125396E-011
     0.17714130E+002    -0.45141186E-010    -0.71092780E-008    -0.11929801E-002    -0.81278758E-004     0.40358762E-010     0.12953355E-010
     0.17721726E+002    -0.32175216E-008    -0.52423123E-008    -0.13609487E-002    -0.11720694E-003     0.54882285E-010     0.20058061E-010
     0.17729323E+002    -0.87546729E-008    -0.67953014E-008    -0.16061608E-002    -0.18626504E-003     0.80514516E-010     0.34968982E-010
     0.17736919E+002    -0.10616267E-007    -0.12940318E-007    -0.20025549E-002    -0.34320468E-003     0.13173237E-009     0.74405402E-010
     0.17744515E+002    -0.11860693E-007    -0.11812328E-007    -0.27346857E-002    -0.81708920E-003     0.24492712E-009     0.22638662E-009
     0.17752111E+002    -0.83524797E-008    -0.26169047E-007    -0.38735938E-002    -0.31131670E-002     0.77336704E-010     0.11629684E-008
     0.17759707E+002     0.55784275E-008    -0.18919449E-007     0.20659802E-002    -0.51619474E-002    -0.11044480E-008    -0.13683338E-008
     0.17767303E+002     0.33724639E-008    -0.92769691E-008     0.19287187E-002    -0.12623415E-002     0.19373471E-009    -0.33778846E-009
     0.17774899E+002    -0.62626827E-008     0.91770096E-008     0.10357279E-002    -0.49419275E-003     0.97239639E-010    -0.98060093E-010
     0.17782495E+002    -0.44009041E-007     0.80583903E-008     0.55672006E-003    -0.26828323E-003     0.50157386E-010    -0.46266096E-010
     0.17790091E+002    -0.78051607E-007    -0.51521029E-007     0.26012245E-003    -0.18060334E-003     0.29881579E-010    -0.28368159E-010
     0.17797688E+002    -0.32527045E-007    -0.75793628E-007     0.52557439E-004    -0.16841950E-003     0.20058686E-010    -0.17113698E-010
     0.17805284E+002    -0.24515532E-007    -0.93030964E-007    -0.15707114E-004    -0.14802488E-003     0.71591568E-011    -0.14495459E-010
     0.17812880E+002    -0.44971583E-007    -0.25102117E-006    -0.14236819E-003    -0.91765968E-004     0.51800467E-011    -0.15311434E-010
     0.17820476E+002     0.35168686E-006     0.48182731E-007    -0.25310830E-003    -0.74103575E-004     0.41868686E-011    -0.14683856E-010
     0.17828072E+002     0.87202793E-007     0.10860315E-006    -0.34885874E-003    -0.65888462E-004     0.36833918E-011    -0.14202923E-010
     0.17835668E+002     0.30513617E-007     0.75161800E-007    -0.43709829E-003    -0.61970605E-004     0.36324039E-011    -0.13976109E-010
     0.17843264E+002     0.13491267E-007     0.54265165E-007    -0.52264558E-003    -0.60934670E-004     0.40107604E-011    -0.13976832E-010
     0.17850860E+002     0.94846092E-008     0.49732494E-007    -0.60930339E-003    -0.62378670E-004     0.48466265E-011    -0.14174681E-010
     0.17858456E+002    -0.14092746E-008     0.59313478E-007    -0.70075262E-003    -0.66427476E-004     0.62416814E-011    -0.14544677E-010
     0.17866053E+002    -0.49118367E-007     0.76769226E-007    -0.80124363E-003    -0.73704908E-004     0.84088077E-011    -0.15056162E-010
     0.17873649E+002    -0.89060369E-007    -0.12356478E-007    -0.91644609E-003    -0.85563463E-004     0.11754434E-010    -0.15643566E-010
     0.17881245E+002    -0.92127179E-007    -0.77919501E-007    -0.10548671E-002    -0.10471729E-003     0.17065155E-010    -0.16127437E-010
     0.17888841E+002     0.22281333E-007    -0.57526011E-007    -0.12306765E-002    -0.13686790E-003     0.25960262E-010    -0.15970113E-010
     0.17896437E+002     0.35997823E-007    -0.15142870E-007    -0.14701344E-002    -0.19535087E-003     0.42108519E-010    -0.13392968E-010
     0.17904033E+002     0.14079527E-007    -0.10350751E-007    -0.18282243E-002    -0.31713435E-003     0.74920608E-010    -0.14448885E-011
     0.17911629E+002     0.12756242E-007    -0.11317883E-007    -0.24363687E-002    -0.63574839E-003     0.15110406E-009     0.55867367E-010
     0.17919225E+002     0.10120319E-007    -0.86117248E-008    -0.35616431E-002    -0.18845526E-002     0.27561061E-009     0.44227364E-009
     0.17926821E+002     0.12155817E-007    -0.16586440E-007    -0.96652464E-003    -0.67057662E-002    -0.20287501E-008     0.11759418E-009
     0.17934418E+002     0.36007911E-007    -0.88930745E-008     0.23754488E-002    -0.20543559E-002     0.36294863E-009    -0.56932123E-009
     0.17942014E+002     0.14070316E-007     0.10053090E-007     0.11827078E-002    -0.67657648E-003     0.21867416E-009    -0.85503295E-010
     0.17949610E+002     0.71188892E-008     0.58313767E-009     0.50309312E-003    -0.34999174E-003     0.12193749E-009    -0.11961690E-010
     0.17957206E+002     0.10577149E-007    -0.79471666E-008     0.62759608E-004    -0.24247520E-003     0.79826168E-010     0.48588705E-011
     0.17964802E+002     0.26929222E-007    -0.66037521E-008    -0.29248102E-003    -0.21374496E-003     0.59732886E-010     0.98725746E-011
     0.17972398E+002     0.45751141E-007     0.43217610E-009    -0.64799952E-003    -0.23930032E-003     0.50505583E-010     0.12223164E-010
     0.17979994E+002     0.18059928E-007     0.58088767E-007    -0.10923875E-002    -0.35024183E-003     0.48978165E-010     0.15583571E-010
     0.17987590E+002    -0.19900682E-007     0.12048636E-007    -0.17937895E-002    -0.72678121E-003     0.56878042E-010     0.27238270E-010
     0.17995186E+002     0.56779812E-008     0.11177575E-007    -0.28624516E-002    -0.25760227E-002     0.60227274E-010     0.95392992E-010
     0.18002783E+002     0.94870035E-008     0.17685435E-007     0.20262123E-002    -0.46662696E-002    -0.76789711E-010    -0.20261468E-011
     0.18010379E+002     0.24517750E-008     0.31777808E-007     0.20423892E-002    -0.11664733E-002    -0.57483668E-011     0.31459417E-011
     0.18017975E+002    -0.47084396E-008     0.39495377E-007     0.12158585E-002    -0.46774912E-003    -0.29430076E-011     0.67170771E-011
     0.18025571E+002    -0.16295583E-007     0.55633378E-007     0.75819448E-003    -0.26229510E-003    -0.18431762E-011     0.63550929E-011
     0.18033167E+002    -0.58533684E-007     0.89740451E-007     0.46763307E-003    -0.17738063E-003    -0.11637572E-011     0.57453518E-011
     0.18040763E+002    -0.17772242E-006     0.60460862E-007     0.25811000E-003    -0.13519952E-003    -0.75085185E-012     0.52125996E-011
     0.18048359E+002    -0.21622012E-006    -0.21778611E-006     0.91777433E-004    -0.11222664E-003    -0.50363332E-012     0.47669881E-011
     0.18055955E+002     0.19961326E-007    -0.24591801E-006    -0.50823988E-004    -0.99635231E-004    -0.35484000E-012     0.43902839E-011
     0.18063551E+002     0.20189876E-006    -0.10034941E-006    -0.18131660E-003    -0.93768606E-004    -0.26636917E-012     0.40666818E-011
     0.18071148E+002     0.91918569E-007     0.35700360E-007    -0.30815629E-003    -0.93282078E-004    -0.21376494E-012     0.37837270E-011
     0.18078744E+002     0.20648571E-007     0.35561426E-007    -0.43911800E-003    -0.98383946E-004    -0.18078294E-012     0.35327354E-011
     0.18086340E+002    -0.15364240E-007     0.25104859E-007    -0.58351828E-003    -0.11110611E-003    -0.15463069E-012     0.33079634E-011
     0.18093936E+002    -0.43432211E-007    -0.49925845E-007    -0.75564469E-003    -0.13712953E-003    -0.12034775E-012     0.31081277E-011
     0.18101532E+002     0.17033672E-007    -0.59518165E-007    -0.98250191E-003    -0.19250580E-003    -0.48283483E-013     0.29482214E-011
     0.18109128E+002     0.21741299E-007    -0.41385648E-007    -0.13250146E-002    -0.33395935E-003     0.14181008E-012     0.29478095E-011
     0.18116724E+002     0.10769554E-007    -0.44690655E-007    -0.19040648E-002    -0.86461061E-003     0.24116137E-012     0.42485211E-011
     0.18124320E+002    -0.85607692E-008    -0.80903235E-007    -0.11793569E-002    -0.26535201E-002    -0.77008414E-011    -0.33173060E-011
     0.18131916E+002     0.11112094E-006    -0.23197703E-006     0.12736073E-003    -0.25807694E-002     0.41192528E-011     0.42697090E-011
     0.18139513E+002     0.53773465E-006     0.92435050E-007     0.94391108E-003    -0.90359698E-003    -0.13986860E-012     0.30459513E-011
     0.18147109E+002    -0.56433800E-007     0.19322802E-006     0.33826435E-003    -0.35458630E-003    -0.13950089E-012     0.24617478E-011
     0.18154705E+002     0.25753708E-007     0.94903185E-007    -0.47432721E-004    -0.23332278E-003    -0.13894812E-012     0.22660069E-011
     0.18162301E+002     0.10492195E-007     0.89536459E-007    -0.31642267E-003    -0.28514014E-003    -0.24926269E-012     0.21222720E-011
     0.18169897E+002     0.15167899E-007     0.78938886E-007    -0.30885140E-003    -0.24729584E-003     0.12368098E-012     0.17045496E-011
     0.18177493E+002     0.91974280E-007     0.11084814E-006    -0.51278068E-003    -0.14697637E-003     0.16200955E-012     0.18967260E-011
     0.18185089E+002    -0.51450041E-007     0.37291929E-006    -0.70529350E-003    -0.12860707E-003     0.14635897E-012     0.18680214E-011
     0.18192685E+002    -0.56476650E-006     0.37127960E-006    -0.89022100E-003    -0.12910992E-003     0.17107076E-012     0.18100520E-011
     0.18200281E+002    -0.41764802E-006    -0.58840038E-006    -0.10836479E-002    -0.13952695E-003     0.22599738E-012     0.17505077E-011
     0.18207878E+002     0.22746852E-006    -0.31735769E-006    -0.12992191E-002    -0.15972776E-003     0.31308505E-012     0.16961153E-011
     0.18215474E+002     0.24272356E-007    -0.56985781E-007    -0.15536376E-002    -0.19382801E-003     0.44459674E-012     0.16524567E-011
     0.18223070E+002    -0.71358757E-008    -0.14010734E-006    -0.18732536E-002    -0.25268600E-003     0.64952383E-012     0.16324292E-011
     0.18230666E+002     0.29370583E-007    -0.16599280E-006    -0.23079422E-002    -0.36546977E-003     0.99782267E-012     0.16809184E-011
     0.18238262E+002     0.89517495E-007    -0.17707100E-006    -0.29687274E-002    -0.63012768E-003     0.16757304E-011     0.20190025E-011
     0.18245858E+002     0.14559523E-006    -0.23419133E-006    -0.41004186E-002    -0.15336257E-002     0.26905774E-011     0.43674680E-011
     0.18253454E+002     0.54467584E-006    -0.13909503E-006    -0.38558911E-002    -0.54694693E-002    -0.59990540E-011    -0.58129083E-012
     0.18261050E+002     0.20232788E-006     0.30566655E-006     0.12442661E-002    -0.33631868E-002    -0.37606363E-012     0.32626036E-011
     0.18268646E+002     0.24280536E-007     0.16240442E-006    -0.23652586E-003    -0.11520787E-002    -0.38071561E-012     0.21020586E-011
     0.18276243E+002     0.35201374E-007     0.10285061E-006    -0.15245658E-002    -0.81360076E-003     0.15978934E-012     0.19210165E-011
     0.18283839E+002     0.17284771E-007     0.94641665E-007    -0.27565619E-002    -0.92026000E-003     0.83108066E-012     0.20324986E-011
     0.18291435E+002     0.73379021E-008     0.75602861E-007    -0.43766953E-002    -0.14556868E-002     0.19388523E-011     0.26098806E-011
     0.18299031E+002     0.38425339E-009     0.62854449E-007    -0.70879062E-002    -0.33126493E-002     0.41169030E-011     0.51434335E-011
     0.18306627E+002     0.20050794E-008     0.46806501E-007    -0.92927689E-002    -0.12576720E-001    -0.32245916E-012     0.18955288E-010
     0.18314223E+002    -0.71743453E-007     0.41976382E-007     0.48759370E-002    -0.11656321E-001    -0.13128746E-010     0.22508512E-011
     0.18321819E+002     0.80752221E-007    -0.22662568E-006     0.70940974E-002    -0.10068135E-001    -0.12321178E-010    -0.20379119E-010
     0.18329415E+002     0.42247510E-006     0.20816425E-006     0.68725662E-002    -0.39011322E-002     0.10951420E-010     0.37025493E-011
     0.18337011E+002     0.68825692E-007     0.29514757E-006     0.62489969E-002    -0.22569119E-002    -0.25912001E-011     0.12591620E-011
     0.18344608E+002     0.13618581E-007     0.28878499E-006     0.47760021E-002    -0.92566542E-003    -0.99795377E-012     0.10185584E-011
     0.18352204E+002    -0.39797968E-006     0.14925891E-006     0.37679384E-002    -0.53634269E-003    -0.90027551E-012     0.10533228E-011
     0.18359800E+002    -0.12462841E-006     0.72142512E-008     0.31002166E-002    -0.36509218E-003    -0.84348793E-012     0.10529471E-011
     0.18367396E+002    -0.12255826E-006     0.17975187E-007     0.26152436E-002    -0.27263055E-003    -0.78471342E-012     0.10484241E-011
     0.18374992E+002    -0.71252076E-007    -0.70587779E-007     0.22374642E-002    -0.21746647E-003    -0.71811405E-012     0.10444306E-011
     0.18382588E+002     0.39848475E-009    -0.22882849E-007     0.19261124E-002    -0.18316179E-003    -0.63965506E-012     0.10434353E-011
     0.18390184E+002     0.11974274E-008     0.14909228E-007     0.16562491E-002    -0.16222855E-003    -0.54311596E-012     0.10474696E-011
     0.18397780E+002    -0.60561750E-008     0.26328435E-007     0.14104803E-002    -0.15123710E-003    -0.41576034E-012     0.10581503E-011
     0.18405376E+002    -0.77132102E-008     0.34861020E-007     0.11745370E-002    -0.14918493E-003    -0.21612346E-012     0.10825968E-011
     0.18412973E+002    -0.10723017E-007     0.45573489E-007     0.93400008E-003    -0.15732351E-003     0.50029791E-013     0.12698758E-011
     0.18420569E+002    -0.21251907E-007     0.56756734E-007     0.67035508E-003    -0.18047580E-003     0.33551629E-012     0.14300783E-011
     0.18428165E+002    -0.56981224E-007     0.46646331E-007     0.35352653E-003    -0.23202461E-003     0.93356308E-012     0.17671780E-011
     0.18435761E+002     0.32149775E-007     0.20998378E-007    -0.76956049E-004    -0.35345082E-003     0.21326753E-011     0.27062335E-011
     0.18443357E+002    -0.48734045E-007     0.15225538E-006    -0.76382044E-003    -0.71856694E-003     0.47386474E-011     0.63744335E-011
     0.18450953E+002    -0.15660047E-006     0.14499627E-006    -0.17218423E-002    -0.24682712E-002    -0.67870360E-012     0.28583137E-010
     0.18458549E+002    -0.10845858E-006     0.40682448E-007     0.22746738E-002    -0.36154208E-002    -0.21941604E-010    -0.28689637E-010
     0.18466145E+002    -0.14489962E-006     0.14364078E-006     0.16318997E-002    -0.12004262E-002     0.23748535E-011    -0.62283901E-011
     0.18473741E+002    -0.52961668E-006     0.12229939E-006     0.33338932E-003    -0.11901824E-002     0.35402802E-012    -0.16955586E-011
     0.18481338E+002    -0.17377829E-006    -0.70796471E-006    -0.65002968E-003    -0.35519335E-002    -0.87575469E-013    -0.18215141E-011
     0.18488934E+002     0.29716907E-006    -0.89527261E-007     0.41434965E-002    -0.32672734E-002     0.16867998E-012     0.62119133E-012
     0.18496530E+002     0.57920196E-007    -0.16578863E-007     0.32432347E-002    -0.90220120E-003    -0.53746112E-012     0.34062657E-012
     0.18504126E+002     0.25516138E-007    -0.68606020E-007     0.24549764E-002    -0.42849253E-003    -0.64788839E-012     0.34684809E-012
     0.18511722E+002     0.90755590E-007     0.79989195E-008     0.19704344E-002    -0.28138002E-003    -0.70285991E-012     0.37768275E-012
     0.18519318E+002     0.53851601E-007     0.17072465E-007     0.16124188E-002    -0.22797170E-003    -0.72615736E-012     0.40308823E-012
     0.18526914E+002     0.14774478E-007     0.54473431E-007     0.12990397E-002    -0.21894931E-003    -0.72427834E-012     0.42562936E-012
     0.18534510E+002    -0.44210739E-007     0.59285504E-007     0.97652191E-003    -0.24805779E-003    -0.69507270E-012     0.45334506E-012
     0.18542106E+002    -0.61907183E-007    -0.46985822E-007     0.58283867E-003    -0.33860700E-003    -0.62270925E-012     0.50606912E-012
     0.18549703E+002     0.11477284E-007    -0.31698888E-007     0.12104357E-005    -0.59096370E-003    -0.45817971E-012     0.66101875E-012
     0.18557299E+002    -0.24053852E-007    -0.17113795E-007    -0.10181092E-002    -0.15246583E-002    -0.14935737E-012     0.14139302E-011
     0.18564895E+002     0.13802863E-007    -0.95328476E-008    -0.18968090E-003    -0.59968723E-002    -0.44919129E-011     0.32522453E-011
     0.18572491E+002     0.54273481E-008    -0.64563216E-008     0.47475467E-002    -0.25175413E-002    -0.64877086E-012    -0.13407428E-011
     0.18580087E+002    -0.16207236E-008     0.26714159E-008     0.35370471E-002    -0.72429127E-003    -0.57410574E-012     0.61765853E-013
     0.18587683E+002    -0.14648197E-007     0.92745226E-008     0.28424505E-002    -0.32692396E-003    -0.73461964E-012     0.27567644E-012
     0.18595279E+002    -0.97872517E-007    -0.90971628E-008     0.24503628E-002    -0.18763316E-003    -0.79896346E-012     0.32570450E-012
     0.18602875E+002     0.10485932E-006    -0.30127289E-006     0.21979385E-002    -0.12377107E-003    -0.82614803E-012     0.34000476E-012
     0.18610471E+002     0.37465697E-006     0.21471299E-009     0.20193161E-002    -0.89282082E-004    -0.83801465E-012     0.34313720E-012
     0.18618068E+002     0.20807669E-006     0.24114348E-006     0.18843040E-002    -0.68512767E-004    -0.84277586E-012     0.34184104E-012
     0.18625664E+002     0.90172575E-007     0.56775673E-006     0.17772841E-002    -0.55006348E-004    -0.84391538E-012     0.33848541E-012
     0.18633260E+002    -0.77046982E-006     0.39093406E-006     0.16893742E-002    -0.45715709E-004    -0.84309762E-012     0.33405206E-012
     0.18640856E+002    -0.22157868E-006    -0.20224845E-006     0.16151325E-002    -0.39053745E-004    -0.84117149E-012     0.32901115E-012
     0.18648452E+002    -0.15024972E-006    -0.46773697E-007     0.15510178E-002    -0.34129892E-004    -0.83861356E-012     0.32361643E-012
     0.18656048E+002    -0.15745656E-006    -0.16907221E-006     0.14946057E-002    -0.30415424E-004    -0.83570039E-012     0.31800585E-012
     0.18663644E+002    -0.28778931E-007    -0.13785182E-006     0.14441592E-002    -0.27583435E-004    -0.83260363E-012     0.31225542E-012
     0.18671240E+002     0.82714972E-007    -0.73162873E-007     0.13983787E-002    -0.25427088E-004    -0.82939727E-012     0.30644939E-012
     0.18678836E+002    -0.12165671E-007     0.19015428E-006     0.13562473E-002    -0.23816050E-004    -0.82619030E-012     0.30063778E-012
     0.18686433E+002    -0.28890950E-006     0.90906606E-007     0.13169283E-002    -0.22672959E-004    -0.82302873E-012     0.29481807E-012
     0.18694029E+002    -0.36656988E-006    -0.14313979E-006     0.12796908E-002    -0.21961690E-004    -0.81993169E-012     0.28902691E-012
     0.18701625E+002    -0.13870374E-006    -0.28385030E-006     0.12438480E-002    -0.21684002E-004    -0.81693830E-012     0.28328579E-012
     0.18709221E+002    -0.32987543E-007    -0.22454128E-006     0.12086979E-002    -0.21884021E-004    -0.81406896E-012     0.27758555E-012
     0.18716817E+002    -0.97552854E-008    -0.17473600E-006     0.11734504E-002    -0.22663025E-004    -0.81129113E-012     0.27195332E-012
     0.18724413E+002    -0.50363488E-008    -0.15902765E-006     0.11371254E-002    -0.24211818E-004    -0.80865852E-012     0.26642686E-012
     0.18732009E+002     0.27864082E-008    -0.15535248E-006     0.10983844E-002    -0.26879182E-004    -0.80618990E-012     0.26099927E-012
     0.18739605E+002     0.16863067E-007    -0.16230921E-006     0.10552228E-002    -0.31321967E-004    -0.80377885E-012     0.25562429E-012
     0.18747201E+002     0.70414349E-007    -0.14715110E-006     0.10043507E-002    -0.38864625E-004    -0.80137228E-012     0.25056917E-012
     0.18754798E+002     0.19285655E-007    -0.11242208E-006     0.93980911E-003    -0.52475480E-004    -0.79897867E-012     0.24599661E-012
     0.18762394E+002     0.29073149E-007    -0.17204194E-006     0.84950299E-003    -0.79921471E-004    -0.79600365E-012     0.24243881E-012
     0.18769990E+002     0.93416150E-007    -0.23636416E-006     0.70545695E-003    -0.14688965E-003    -0.79090057E-012     0.24309290E-012
     0.18777586E+002     0.33125783E-006    -0.21291875E-007     0.44173424E-003    -0.37669112E-003    -0.78286179E-012     0.26945981E-012
     0.18785182E+002     0.11567447E-007     0.22087983E-007     0.46629567E-003    -0.15299452E-002    -0.10170201E-011     0.37254763E-012
     0.18792778E+002     0.55305136E-007    -0.86490838E-007     0.20763806E-002    -0.82739028E-003    -0.71757557E-012     0.10415735E-013
     0.18800374E+002     0.12068180E-006    -0.61867033E-007     0.17425775E-002    -0.22254266E-003    -0.71367397E-012     0.17258877E-012
     0.18807970E+002     0.37143801E-009    -0.25055438E-007     0.15362548E-002    -0.95474965E-004    -0.73810035E-012     0.19594498E-012
     0.18815566E+002     0.70433284E-007    -0.15084404E-006     0.14222756E-002    -0.52723261E-004    -0.74871317E-012     0.19900758E-012
     0.18823163E+002     0.15822977E-006    -0.13043257E-006     0.13502801E-002    -0.33655561E-004    -0.75351671E-012     0.19732624E-012
     0.18830759E+002     0.25650307E-006    -0.76880692E-007     0.13000988E-002    -0.23563477E-004    -0.75558211E-012     0.19387586E-012
     0.18838355E+002     0.26955836E-006     0.17523723E-006     0.12626540E-002    -0.17573476E-004    -0.75598973E-012     0.18916817E-012
     0.18845951E+002     0.90839595E-007     0.12145338E-006     0.12333317E-002    -0.13712057E-004    -0.75466183E-012     0.18266415E-012
     0.18853547E+002     0.10092926E-006     0.36848813E-007     0.12095532E-002    -0.11061345E-004    -0.74943933E-012     0.17238539E-012
     0.18861143E+002     0.24379681E-006     0.16307667E-006     0.11897667E-002    -0.91488228E-005    -0.72481201E-012     0.15557070E-012
     0.18868739E+002     0.25146743E-006     0.30852651E-006     0.11729825E-002    -0.77115968E-005    -0.67760082E-012     0.22390271E-012
     0.18876335E+002    -0.29971656E-006     0.57278335E-006     0.11585390E-002    -0.65940747E-005    -0.73866274E-012     0.23610420E-012
     0.18883931E+002    -0.55379504E-006    -0.12739780E-006     0.11459767E-002    -0.56995676E-005    -0.75152585E-012     0.22445192E-012
     0.18891528E+002    -0.10713855E-006    -0.20945880E-006     0.11349663E-002    -0.49652996E-005    -0.75530053E-012     0.22014400E-012
     0.18899124E+002    -0.25806708E-007    -0.10542804E-006     0.11252648E-002    -0.43492886E-005    -0.75723314E-012     0.22017870E-012
     0.18906720E+002    -0.17794545E-007    -0.76151636E-007     0.11166897E-002    -0.38220297E-005    -0.75892581E-012     0.22361639E-012
     0.18914316E+002    -0.30275360E-007    -0.75653571E-007     0.11091003E-002    -0.33629192E-005    -0.76115759E-012     0.23069691E-012
     0.18921912E+002    -0.19146749E-007    -0.14078141E-006     0.11023872E-002    -0.29568719E-005    -0.76496475E-012     0.24272808E-012
     0.18929508E+002     0.20233967E-006    -0.16376968E-006     0.10964642E-002    -0.25925695E-005    -0.77321181E-012     0.26294773E-012
     0.18937104E+002     0.25611375E-006     0.43697706E-007     0.10912621E-002    -0.22613853E-005    -0.79885711E-012     0.29884224E-012
     0.18944700E+002     0.31858203E-007     0.52361201E-006     0.10867257E-002    -0.19565825E-005    -0.92123443E-012     0.31012723E-012
     0.18952296E+002    -0.63082385E-006     0.51416238E-008     0.10828100E-002    -0.16731007E-005    -0.85388773E-012     0.15900193E-012
     0.18959893E+002    -0.11554786E-006    -0.32476180E-006     0.10794794E-002    -0.14066632E-005    -0.79645917E-012     0.22080669E-012
     0.18967489E+002    -0.75459145E-008    -0.20590895E-006     0.10767048E-002    -0.11536434E-005    -0.79400460E-012     0.28226413E-012
     0.18975085E+002     0.13819071E-007    -0.22869880E-006     0.10744635E-002    -0.91117261E-006    -0.80922102E-012     0.35615939E-012
     0.18982681E+002     0.13058990E-006    -0.20759771E-006     0.10727376E-002    -0.67674924E-006    -0.84905020E-012     0.46677813E-012
     0.18990277E+002     0.17487756E-006    -0.22572935E-006     0.10715140E-002    -0.44801970E-006    -0.95945205E-012     0.66237593E-012
     0.18997873E+002     0.23096153E-006    -0.12619112E-006     0.10707833E-002    -0.22311070E-006    -0.14070177E-011     0.10348625E-011
