#       omega [a.u.]         Energy [eV] Real polarizability Imag polarizability
     0.00000000E+000     0.00000000E+000    -0.62339252E+004     0.12619580E-007
     0.35338306E-002     0.96160420E-001     0.10417259E+005    -0.60014490E+004
     0.70676611E-002     0.19232084E+000     0.13084304E+005     0.41062959E+004
     0.10601492E-001     0.28848126E+000     0.85086045E+004     0.11031227E+005
     0.14135322E-001     0.38464168E+000     0.21817723E+004     0.12875632E+005
     0.17669153E-001     0.48080210E+000    -0.35075854E+004     0.12240631E+005
     0.21202983E-001     0.57696252E+000    -0.82692174E+004     0.93545801E+004
     0.24736814E-001     0.67312294E+000    -0.11291646E+005     0.48315752E+004
     0.28270644E-001     0.76928336E+000    -0.12122583E+005    -0.42852708E+003
     0.31804475E-001     0.86544378E+000    -0.10721321E+005    -0.54524569E+004
     0.35338306E-001     0.96160420E+000    -0.74371712E+004    -0.93703329E+004
     0.38872136E-001     0.10577646E+001    -0.29209537E+004    -0.11543669E+005
     0.42405967E-001     0.11539250E+001     0.19771446E+004    -0.11656226E+005
     0.45939797E-001     0.12500855E+001     0.63742557E+004    -0.98750022E+004
     0.49473628E-001     0.13462459E+001     0.97077918E+004    -0.65119784E+004
     0.53007458E-001     0.14424063E+001     0.11402309E+005    -0.20290968E+004
     0.56541289E-001     0.15385667E+001     0.10915843E+005     0.27151650E+004
     0.60075119E-001     0.16347271E+001     0.86865429E+004     0.66043447E+004
     0.63608950E-001     0.17308876E+001     0.51401858E+004     0.92860048E+004
     0.67142781E-001     0.18270480E+001     0.86306228E+003     0.10274693E+005
     0.70676611E-001     0.19232084E+001    -0.33759264E+004     0.94546647E+004
     0.74210442E-001     0.20193688E+001    -0.68651322E+004     0.70201001E+004
     0.77744272E-001     0.21155292E+001    -0.90235542E+004     0.34186343E+004
     0.81278103E-001     0.22116897E+001    -0.95009662E+004    -0.69816570E+003
     0.84811933E-001     0.23078501E+001    -0.82458645E+004    -0.45666575E+004
     0.88345764E-001     0.24040105E+001    -0.55712696E+004    -0.75222229E+004
     0.91879594E-001     0.25001709E+001    -0.19700555E+004    -0.90874631E+004
     0.95413425E-001     0.25963313E+001     0.18929420E+004    -0.90213335E+004
     0.98947256E-001     0.26924918E+001     0.53248737E+004    -0.73870054E+004
     0.10248109E+000     0.27886522E+001     0.77321118E+004    -0.45231864E+004
     0.10601492E+000     0.28848126E+001     0.87190035E+004    -0.97417745E+003
     0.10954875E+000     0.29809730E+001     0.81516218E+004     0.26120518E+004
     0.11308258E+000     0.30771334E+001     0.61723061E+004     0.55896598E+004
     0.11661641E+000     0.31732939E+001     0.31814154E+004     0.74434562E+004
     0.12015024E+000     0.32694543E+001    -0.25454597E+003     0.78767838E+004
     0.12368407E+000     0.33656147E+001    -0.35082744E+004     0.68548527E+004
     0.12721790E+000     0.34617751E+001    -0.59984192E+004     0.46013790E+004
     0.13075173E+000     0.35579355E+001    -0.72964687E+004     0.15606360E+004
     0.13428556E+000     0.36540960E+001    -0.72020427E+004    -0.16938122E+004
     0.13781939E+000     0.37502564E+001    -0.57716219E+004    -0.45644293E+004
     0.14135322E+000     0.38464168E+001    -0.33031096E+004    -0.65387243E+004
     0.14488705E+000     0.39425772E+001    -0.27394795E+003    -0.72783885E+004
     0.14842088E+000     0.40387376E+001     0.27312142E+004    -0.66716480E+004
     0.15195471E+000     0.41348981E+001     0.51722013E+004    -0.49037395E+004
     0.15548854E+000     0.42310585E+001     0.66277228E+004    -0.22949494E+004
     0.15902238E+000     0.43272189E+001     0.68419621E+004     0.64765791E+003
     0.16255621E+000     0.44233793E+001     0.58067235E+004     0.33707080E+004
     0.16609004E+000     0.45195397E+001     0.37443207E+004     0.53760653E+004
     0.16962387E+000     0.46157001E+001     0.10613559E+004     0.63097786E+004
     0.17315770E+000     0.47118606E+001    -0.17299940E+004     0.60241549E+004
     0.17669153E+000     0.48080210E+001    -0.41083832E+004     0.46000969E+004
     0.18022536E+000     0.49041814E+001    -0.56396174E+004     0.23290041E+004
     0.18375919E+000     0.50003418E+001    -0.60569486E+004    -0.34641398E+003
     0.18729302E+000     0.50965022E+001    -0.53054307E+004    -0.29167221E+004
     0.19082685E+000     0.51926627E+001    -0.35509653E+004    -0.49019865E+004
     0.19436068E+000     0.52888231E+001    -0.11422573E+004    -0.59413989E+004
     0.19789451E+000     0.53849835E+001     0.14561273E+004    -0.58561300E+004
     0.20142834E+000     0.54811439E+001     0.37490856E+004    -0.46808108E+004
     0.20496217E+000     0.55773043E+001     0.53080331E+004    -0.26577167E+004
     0.20849600E+000     0.56734648E+001     0.58502126E+004    -0.18306995E+003
     0.21202983E+000     0.57696252E+001     0.52881918E+004     0.22668901E+004
     0.21556366E+000     0.58657856E+001     0.37448637E+004     0.42270019E+004
     0.21909749E+000     0.59619460E+001     0.15277914E+004     0.53314996E+004
     0.22263133E+000     0.60581064E+001    -0.93667086E+003     0.53832055E+004
     0.22616516E+000     0.61542669E+001    -0.31699505E+004     0.43685737E+004
     0.22969899E+000     0.62504273E+001    -0.47367209E+004     0.25104252E+004
     0.23323282E+000     0.63465877E+001    -0.53554337E+004     0.17241177E+003
     0.23676665E+000     0.64427481E+001    -0.49120445E+004    -0.21990257E+004
     0.24030048E+000     0.65389085E+001    -0.34907689E+004    -0.41436968E+004
     0.24383431E+000     0.66350690E+001    -0.13727957E+004    -0.52807817E+004
     0.24736814E+000     0.67312294E+001     0.10230672E+004    -0.53877858E+004
     0.25090197E+000     0.68273898E+001     0.32171906E+004    -0.44489045E+004
     0.25443580E+000     0.69235502E+001     0.47732338E+004    -0.26725079E+004
     0.25796963E+000     0.70197106E+001     0.54161126E+004    -0.44594608E+003
     0.26150346E+000     0.71158711E+001     0.51129406E+004     0.17916338E+004
     0.26503729E+000     0.72120315E+001     0.40458005E+004     0.37306034E+004
     0.26857112E+000     0.73081919E+001     0.24086708E+004     0.53346161E+004
     0.27210495E+000     0.74043523E+001     0.25266669E+002     0.68583835E+004
     0.27563878E+000     0.75005127E+001    -0.51725833E+004     0.83093383E+004
     0.27917261E+000     0.75966732E+001    -0.13172090E+005    -0.38658513E+004
     0.28270644E+000     0.76928336E+001    -0.92995145E+003    -0.57705982E+004
     0.28624028E+000     0.77889940E+001     0.66533951E+003    -0.26866872E+004
     0.28977411E+000     0.78851544E+001     0.70284497E+003    -0.14271993E+004
     0.29330794E+000     0.79813148E+001     0.56479558E+003    -0.84484782E+003
     0.29684177E+000     0.80774753E+001     0.42798480E+003    -0.54255137E+003
     0.30037560E+000     0.81736357E+001     0.31850251E+003    -0.37089277E+003
     0.30390943E+000     0.82697961E+001     0.23569297E+003    -0.26458396E+003
     0.30744326E+000     0.83659565E+001     0.17419258E+003    -0.19524819E+003
     0.31097709E+000     0.84621169E+001     0.13061638E+003    -0.14717720E+003
     0.31451092E+000     0.85582774E+001     0.10011666E+003    -0.11252086E+003
     0.31804475E+000     0.86544378E+001     0.79006550E+002    -0.87135606E+002
     0.32157858E+000     0.87505982E+001     0.64629792E+002    -0.68453379E+002
     0.32511241E+000     0.88467586E+001     0.54973605E+002    -0.54505599E+002
     0.32864624E+000     0.89429190E+001     0.48441038E+002    -0.44064948E+002
     0.33218007E+000     0.90390795E+001     0.44166734E+002    -0.36194985E+002
     0.33571390E+000     0.91352399E+001     0.41514089E+002    -0.30163503E+002
     0.33924773E+000     0.92314003E+001     0.40104944E+002    -0.25445938E+002
     0.34278156E+000     0.93275607E+001     0.39747863E+002    -0.21642823E+002
     0.34631539E+000     0.94237211E+001     0.40409246E+002    -0.18431953E+002
     0.34984923E+000     0.95198816E+001     0.42226090E+002    -0.15515653E+002
     0.35338306E+000     0.96160420E+001     0.45583800E+002    -0.12537560E+002
     0.35691689E+000     0.97122024E+001     0.51330538E+002    -0.88811061E+001
     0.36045072E+000     0.98083628E+001     0.61318214E+002    -0.30002383E+001
     0.36398455E+000     0.99045232E+001     0.79830035E+002     0.10505129E+002
     0.36751838E+000     0.10000684E+002     0.11260821E+003     0.59223432E+002
     0.37105221E+000     0.10096844E+002     0.18903048E+001     0.19566722E+003
     0.37458604E+000     0.10193004E+002    -0.78355128E+002     0.58002213E+002
     0.37811987E+000     0.10289165E+002    -0.52761100E+002     0.20975759E+002
     0.38165370E+000     0.10385325E+002    -0.38419848E+002     0.83809171E+001
     0.38518753E+000     0.10481486E+002    -0.28897055E+002     0.22191085E+001
     0.38872136E+000     0.10577646E+002    -0.22416990E+002     0.75055688E+000
     0.39225519E+000     0.10673807E+002    -0.18526150E+002     0.84649412E+000
     0.39578902E+000     0.10769967E+002    -0.16190597E+002     0.16853577E+001
     0.39932285E+000     0.10866127E+002    -0.14923433E+002     0.30339367E+001
     0.40285668E+000     0.10962288E+002    -0.14509534E+002     0.48350015E+001
     0.40639051E+000     0.11058448E+002    -0.14891728E+002     0.71142487E+001
     0.40992434E+000     0.11154609E+002    -0.16133010E+002     0.99596961E+001
     0.41345818E+000     0.11250769E+002    -0.18417802E+002     0.13529524E+002
     0.41699201E+000     0.11346930E+002    -0.22083954E+002     0.18078847E+002
     0.42052584E+000     0.11443090E+002    -0.27690521E+002     0.24025201E+002
     0.42405967E+000     0.11539250E+002    -0.36289931E+002     0.32117932E+002
     0.42759350E+000     0.11635411E+002    -0.49789420E+002     0.41683478E+002
     0.43112733E+000     0.11731571E+002    -0.67287877E+002     0.55223187E+002
     0.43466116E+000     0.11827732E+002    -0.93987099E+002     0.74901111E+002
     0.43819499E+000     0.11923892E+002    -0.13453085E+003     0.10214239E+003
     0.44172882E+000     0.12020052E+002    -0.19751980E+003     0.13915586E+003
     0.44526265E+000     0.12116213E+002    -0.29958308E+003     0.18743385E+003
     0.44879648E+000     0.12212373E+002    -0.47509672E+003     0.24475577E+003
     0.45233031E+000     0.12308534E+002    -0.80397853E+003     0.29133335E+003
     0.45586414E+000     0.12404694E+002    -0.14773938E+004     0.21004522E+003
     0.45939797E+000     0.12500855E+002    -0.30508611E+004    -0.69014565E+003
     0.46293180E+000     0.12597015E+002    -0.22113871E+004    -0.74961762E+004
     0.46646563E+000     0.12693175E+002     0.49679556E+004    -0.25105628E+004
     0.46999946E+000     0.12789336E+002     0.36718368E+004     0.37299157E+003
     0.47353329E+000     0.12885496E+002     0.26169495E+004     0.15239691E+004
     0.47706713E+000     0.12981657E+002     0.16216169E+004     0.22331666E+004
     0.48060096E+000     0.13077817E+002     0.52448760E+003     0.26020510E+004
     0.48413479E+000     0.13173978E+002    -0.63686301E+003     0.25453044E+004
     0.48766862E+000     0.13270138E+002    -0.16885652E+004     0.20119323E+004
     0.49120245E+000     0.13366298E+002    -0.24166635E+004     0.10702367E+004
     0.49473628E+000     0.13462459E+002    -0.26573236E+004    -0.10042602E+003
     0.49827011E+000     0.13558619E+002    -0.23618038E+004    -0.12484759E+004
     0.50180394E+000     0.13654780E+002    -0.16004035E+004    -0.21522797E+004
     0.50533777E+000     0.13750940E+002    -0.52233553E+003    -0.26395780E+004
     0.50887160E+000     0.13847100E+002     0.67439437E+003    -0.26201323E+004
     0.51240543E+000     0.13943261E+002     0.17988130E+004    -0.20781125E+004
     0.51593926E+000     0.14039421E+002     0.27009806E+004    -0.92997994E+003
     0.51947309E+000     0.14135582E+002     0.21804857E+004     0.83255184E+003
     0.52300692E+000     0.14231742E+002     0.16263896E+004     0.10374352E+004
     0.52654075E+000     0.14327903E+002     0.11744585E+004     0.16291922E+004
     0.53007458E+000     0.14424063E+002     0.37535956E+003     0.20132731E+004
     0.53360841E+000     0.14520223E+002    -0.55074531E+003     0.19963121E+004
     0.53714224E+000     0.14616384E+002    -0.13864010E+004     0.15661556E+004
     0.54067608E+000     0.14712544E+002    -0.19523306E+004     0.81052136E+003
     0.54420991E+000     0.14808705E+002    -0.21329910E+004    -0.11604187E+003
     0.54774374E+000     0.14904865E+002    -0.18944727E+004    -0.10269383E+004
     0.55127757E+000     0.15001025E+002    -0.12874923E+004    -0.17423154E+004
     0.55481140E+000     0.15097186E+002    -0.43475171E+003    -0.21231923E+004
     0.55834523E+000     0.15193346E+002     0.49391219E+003    -0.20986265E+004
     0.56187906E+000     0.15289507E+002     0.13163300E+004    -0.16780441E+004
     0.56541289E+000     0.15385667E+002     0.18731465E+004    -0.94787760E+003
     0.56894672E+000     0.15481828E+002     0.20557268E+004    -0.55121439E+002
     0.57248055E+000     0.15577988E+002     0.18447006E+004     0.81636265E+003
     0.57601438E+000     0.15674148E+002     0.12810439E+004     0.15153355E+004
     0.57954821E+000     0.15770309E+002     0.47482260E+003     0.18994141E+004
     0.58308204E+000     0.15866469E+002    -0.41239237E+003     0.18981959E+004
     0.58661587E+000     0.15962630E+002    -0.12074285E+004     0.15173083E+004
     0.59014970E+000     0.16058790E+002    -0.17576262E+004     0.83532963E+003
     0.59368353E+000     0.16154951E+002    -0.19584073E+004    -0.11944444E+002
     0.59721736E+000     0.16251111E+002    -0.17783397E+004    -0.85586307E+003
     0.60075119E+000     0.16347271E+002    -0.12575866E+004    -0.15404463E+004
     0.60428503E+000     0.16443432E+002    -0.49368744E+003    -0.19297051E+004
     0.60781886E+000     0.16539592E+002     0.35452723E+003    -0.19539787E+004
     0.61135269E+000     0.16635753E+002     0.11269808E+004    -0.16146355E+004
     0.61488652E+000     0.16731913E+002     0.16755762E+004    -0.98099824E+003
     0.61842035E+000     0.16828073E+002     0.18976852E+004    -0.17895550E+003
     0.62195418E+000     0.16924234E+002     0.17554152E+004     0.63473982E+003
     0.62548801E+000     0.17020394E+002     0.12817355E+004     0.13035883E+004
     0.62902184E+000     0.17116555E+002     0.57396536E+003     0.17016970E+004
     0.63255567E+000     0.17212715E+002    -0.22668002E+003     0.17657137E+004
     0.63608950E+000     0.17308876E+002    -0.10000802E+004     0.14760254E+004
     0.63962333E+000     0.17405036E+002    -0.15452428E+004     0.87489762E+003
     0.64315716E+000     0.17501196E+002    -0.17797168E+004     0.11147478E+003
     0.64669099E+000     0.17597357E+002    -0.16657578E+004    -0.67315649E+003
     0.65022482E+000     0.17693517E+002    -0.12261049E+004    -0.13268401E+004
     0.65375865E+000     0.17789678E+002    -0.55953352E+003    -0.17022406E+004
     0.65729248E+000     0.17885838E+002     0.15897868E+003    -0.18099318E+004
     0.66082631E+000     0.17981998E+002     0.90013640E+003    -0.15895514E+004
     0.66436014E+000     0.18078159E+002     0.14650726E+004    -0.10727598E+004
     0.66789398E+000     0.18174319E+002     0.17625216E+004    -0.37773476E+003
     0.67142781E+000     0.18270480E+002     0.17851699E+004     0.38655454E+003
     0.67496164E+000     0.18366640E+002     0.13672712E+004     0.12668313E+004
     0.67849547E+000     0.18462801E+002     0.58772671E+003     0.15601401E+004
     0.68202930E+000     0.18558961E+002    -0.11806454E+003     0.15977119E+004
     0.68556313E+000     0.18655121E+002    -0.78620619E+003     0.13615586E+004
     0.68909696E+000     0.18751282E+002    -0.12978375E+004     0.87093957E+003
     0.69263079E+000     0.18847442E+002    -0.15557562E+004     0.21090423E+003
     0.69616462E+000     0.18943603E+002    -0.15103516E+004    -0.49105132E+003
     0.69969845E+000     0.19039763E+002    -0.11806979E+004    -0.11073620E+004
     0.70323228E+000     0.19135924E+002    -0.62821446E+003    -0.15304281E+004
     0.70676611E+000     0.19232084E+002     0.44305883E+002    -0.16923939E+004
     0.71029994E+000     0.19328244E+002     0.72434328E+003    -0.15774636E+004
     0.71383377E+000     0.19424405E+002     0.13151886E+004    -0.12136891E+004
     0.71736760E+000     0.19520565E+002     0.17533036E+004    -0.65050495E+003
     0.72090143E+000     0.19616726E+002     0.20071165E+004     0.75814908E+002
     0.72443526E+000     0.19712886E+002     0.20418893E+004     0.98285819E+003
     0.72796909E+000     0.19809046E+002     0.17205549E+004     0.21741976E+004
     0.73150293E+000     0.19905207E+002     0.53965037E+003     0.38205085E+004
     0.73503676E+000     0.20001367E+002    -0.32481505E+004     0.56627613E+004
     0.73857059E+000     0.20097528E+002    -0.14804383E+005     0.21158626E+004
     0.74210442E+000     0.20193688E+002     0.54794129E+003    -0.36832375E+005
     0.74563825E+000     0.20289849E+002     0.36082818E+005     0.43442412E+004
     0.74917208E+000     0.20386009E+002    -0.16885937E+003     0.32352923E+005
     0.75270591E+000     0.20482169E+002    -0.33693792E+005     0.84272928E+004
     0.75623974E+000     0.20578330E+002    -0.87816995E+004    -0.16035805E+005
     0.75977357E+000     0.20674490E+002     0.26996762E+004    -0.10479410E+005
     0.76330740E+000     0.20770651E+002     0.57930377E+004    -0.49497538E+004
     0.76684123E+000     0.20866811E+002     0.58668779E+004    -0.92893097E+003
     0.77037506E+000     0.20962972E+002     0.46269249E+004     0.17275245E+004
     0.77390889E+000     0.21059132E+002     0.28354708E+004     0.32180774E+004
     0.77744272E+000     0.21155292E+002     0.93807563E+003     0.37254781E+004
     0.78097655E+000     0.21251453E+002    -0.77006531E+003     0.34400270E+004
     0.78451038E+000     0.21347613E+002    -0.20964993E+004     0.25555577E+004
     0.78804421E+000     0.21443774E+002    -0.29196168E+004     0.12425759E+004
     0.79157804E+000     0.21539934E+002    -0.31175778E+004    -0.41587304E+003
     0.79511188E+000     0.21636094E+002    -0.19608631E+004    -0.24447013E+004
     0.79864571E+000     0.21732255E+002     0.31643535E+003    -0.91248539E+003
     0.80217954E+000     0.21828415E+002    -0.62027332E+003    -0.94651420E+003
     0.80571337E+000     0.21924576E+002    -0.20372859E+003    -0.14614318E+004
     0.80924720E+000     0.22020736E+002     0.51464350E+003    -0.15002555E+004
     0.81278103E+000     0.22116897E+002     0.11636080E+004    -0.11364724E+004
     0.81631486E+000     0.22213057E+002     0.15716418E+004    -0.48914779E+003
     0.81984869E+000     0.22309217E+002     0.16042541E+004     0.32435745E+003
     0.82338252E+000     0.22405378E+002     0.10597473E+004     0.10004818E+004
     0.82691635E+000     0.22501538E+002     0.78787642E+003     0.98449043E+003
     0.83045018E+000     0.22597699E+002     0.37339634E+003     0.14330083E+004
     0.83398401E+000     0.22693859E+002    -0.31555386E+003     0.15143272E+004
     0.83751784E+000     0.22790019E+002    -0.95807783E+003     0.12483317E+004
     0.84105167E+000     0.22886180E+002    -0.14108965E+004     0.72365827E+003
     0.84458550E+000     0.22982340E+002    -0.15883679E+004     0.56035042E+002
     0.84811933E+000     0.23078501E+002    -0.14604744E+004    -0.62061886E+003
     0.85165316E+000     0.23174661E+002    -0.10556326E+004    -0.11748541E+004
     0.85518699E+000     0.23270822E+002    -0.45434508E+003    -0.15009959E+004
     0.85872083E+000     0.23366982E+002     0.22705148E+003    -0.15368747E+004
     0.86225466E+000     0.23463142E+002     0.85133641E+003    -0.12701659E+004
     0.86578849E+000     0.23559303E+002     0.12741941E+004    -0.79795104E+003
     0.86932232E+000     0.23655463E+002     0.15083726E+004    -0.17876747E+003
     0.87285615E+000     0.23751624E+002     0.14370342E+004     0.49105703E+003
     0.87638998E+000     0.23847784E+002     0.10857232E+004     0.10620689E+004
     0.87992381E+000     0.23943945E+002     0.52730628E+003     0.14292806E+004
     0.88345764E+000     0.24040105E+002    -0.13420278E+003     0.15305300E+004
     0.88699147E+000     0.24136265E+002    -0.79821674E+003     0.13533133E+004
     0.89052530E+000     0.24232426E+002    -0.13421957E+004     0.80508951E+003
     0.89405913E+000     0.24328586E+002    -0.14893049E+004     0.18130726E+003
     0.89759296E+000     0.24424747E+002    -0.14257926E+004    -0.44383437E+003
     0.90112679E+000     0.24520907E+002    -0.11077369E+004    -0.99373272E+003
     0.90466062E+000     0.24617067E+002    -0.58711957E+003    -0.13598799E+004
     0.90819445E+000     0.24713228E+002     0.39908341E+002    -0.14719421E+004
     0.91172828E+000     0.24809388E+002     0.65439191E+003    -0.13074726E+004
     0.91526211E+000     0.24905549E+002     0.11393613E+004    -0.89849247E+003
     0.91879594E+000     0.25001709E+002     0.14031694E+004    -0.32461505E+003
     0.92232978E+000     0.25097870E+002     0.13984302E+004     0.30424500E+003
     0.92586361E+000     0.25194030E+002     0.11278743E+004     0.86796291E+003
     0.92939744E+000     0.25290190E+002     0.64735735E+003     0.12593649E+004
     0.93293127E+000     0.25386351E+002     0.55198559E+002     0.14071158E+004
     0.93646510E+000     0.25482511E+002    -0.52268882E+003     0.12983153E+004
     0.93999893E+000     0.25578672E+002    -0.10115915E+004     0.10454009E+004
     0.94353276E+000     0.25674832E+002    -0.14695957E+004     0.44168924E+003
     0.94706659E+000     0.25770992E+002    -0.14728377E+004    -0.24915658E+003
     0.95060042E+000     0.25867153E+002    -0.12093832E+004    -0.83989938E+003
     0.95413425E+000     0.25963313E+002    -0.73302316E+003    -0.12604883E+004
     0.95766808E+000     0.26059474E+002    -0.12901099E+003    -0.14401146E+004
     0.96120191E+000     0.26155634E+002     0.49069086E+003    -0.13478370E+004
     0.96473574E+000     0.26251795E+002     0.10103894E+004    -0.10033514E+004
     0.96826957E+000     0.26347955E+002     0.13338499E+004    -0.47242105E+003
     0.97180340E+000     0.26444115E+002     0.13997637E+004     0.14359822E+003
     0.97533723E+000     0.26540276E+002     0.11990194E+004     0.72611822E+003
     0.97887106E+000     0.26636436E+002     0.77078081E+003     0.11672325E+004
     0.98240489E+000     0.26732597E+002     0.19682234E+003     0.13833681E+004
     0.98593873E+000     0.26828757E+002    -0.41181655E+003     0.13323314E+004
     0.98947256E+000     0.26924918E+002    -0.93801296E+003     0.10303755E+004
     0.99300639E+000     0.27021078E+002    -0.12851604E+004     0.53421214E+003
     0.99654022E+000     0.27117238E+002    -0.13873866E+004    -0.61058833E+002
     0.10000740E+001     0.27213399E+002    -0.12264924E+004    -0.64154953E+003
     0.10036079E+001     0.27309559E+002    -0.83470276E+003    -0.10969248E+004
     0.10071417E+001     0.27405720E+002    -0.28708355E+003    -0.13419782E+004
     0.10106755E+001     0.27501880E+002     0.31145291E+003    -0.13302964E+004
     0.10142094E+001     0.27598040E+002     0.84764160E+003    -0.10656858E+004
     0.10177432E+001     0.27694201E+002     0.12212404E+004    -0.59691387E+003
     0.10212770E+001     0.27790361E+002     0.13500584E+004    -0.15554344E+002
     0.10248109E+001     0.27886522E+002     0.12307711E+004     0.55761135E+003
     0.10283447E+001     0.27982682E+002     0.87653827E+003     0.10306351E+004
     0.10318785E+001     0.28078843E+002     0.35849594E+003     0.13037369E+004
     0.10354124E+001     0.28175003E+002    -0.22152318E+003     0.13323531E+004
     0.10389462E+001     0.28271163E+002    -0.75328852E+003     0.11178768E+004
     0.10424800E+001     0.28367324E+002    -0.11477962E+004     0.72095262E+003
     0.10460138E+001     0.28463484E+002    -0.14119617E+004     0.14571030E+003
     0.10495477E+001     0.28559645E+002    -0.12781862E+004    -0.49464068E+003
     0.10530815E+001     0.28655805E+002    -0.92298085E+003    -0.97352102E+003
     0.10566153E+001     0.28751966E+002    -0.40792173E+003    -0.12580903E+004
     0.10601492E+001     0.28848126E+002     0.17591658E+003    -0.12978931E+004
     0.10636830E+001     0.28944286E+002     0.71961965E+003    -0.10871331E+004
     0.10672168E+001     0.29040447E+002     0.11212889E+004    -0.66691250E+003
     0.10707507E+001     0.29136607E+002     0.13061161E+004    -0.11836104E+003
     0.10742845E+001     0.29232768E+002     0.12424139E+004     0.45210624E+003
     0.10778183E+001     0.29328928E+002     0.94986405E+003     0.93665178E+003
     0.10813522E+001     0.29425088E+002     0.49352123E+003     0.12509230E+004
     0.10848860E+001     0.29521249E+002    -0.34180789E+002     0.13523862E+004
     0.10884198E+001     0.29617409E+002    -0.53857341E+003     0.12500396E+004
     0.10919536E+001     0.29713570E+002    -0.95615069E+003     0.99849426E+003
     0.10954875E+001     0.29809730E+002    -0.12893675E+004     0.66931678E+003
     0.10990213E+001     0.29905891E+002    -0.16407659E+004     0.28072360E+003
     0.11025551E+001     0.30002051E+002    -0.22213437E+004    -0.39625327E+003
     0.11060890E+001     0.30098211E+002    -0.30693347E+004    -0.24800166E+004
     0.11096228E+001     0.30194372E+002    -0.47955071E+003    -0.99494404E+004
     0.11131566E+001     0.30290532E+002     0.27883741E+005     0.55801410E+004
     0.11166905E+001     0.30386693E+002    -0.19207980E+005     0.35371162E+005
     0.11202243E+001     0.30482853E+002    -0.18073902E+005    -0.50952918E+005
     0.11237581E+001     0.30579013E+002     0.25263996E+005     0.10636984E+005
     0.11272919E+001     0.30675174E+002    -0.94562505E+003     0.60768900E+004
     0.11308258E+001     0.30771334E+002    -0.12325021E+004     0.17821751E+004
     0.11343596E+001     0.30867495E+002    -0.75944803E+003     0.92041355E+003
     0.11378934E+001     0.30963655E+002    -0.74911750E+003     0.76684028E+003
     0.11414273E+001     0.31059816E+002    -0.99964181E+003     0.56715011E+003
     0.11449611E+001     0.31155976E+002    -0.12151346E+004     0.18025486E+003
     0.11484949E+001     0.31252136E+002    -0.12481537E+004    -0.31380714E+003
     0.11520288E+001     0.31348297E+002    -0.10565117E+004    -0.79654998E+003
     0.11555626E+001     0.31444457E+002    -0.66845851E+003    -0.11581864E+004
     0.11590964E+001     0.31540618E+002    -0.16038397E+003    -0.13203801E+004
     0.11626303E+001     0.31636778E+002     0.36167605E+003    -0.12516711E+004
     0.11661641E+001     0.31732939E+002     0.78333067E+003    -0.99729465E+003
     0.11696979E+001     0.31829099E+002     0.11775529E+004    -0.60898401E+003
     0.11732317E+001     0.31925259E+002     0.12780413E+004     0.13003259E+001
     0.11767656E+001     0.32021420E+002     0.11071637E+004     0.55021322E+003
     0.11802994E+001     0.32117580E+002     0.72602968E+003     0.97081870E+003
     0.11838332E+001     0.32213741E+002     0.19511356E+003     0.11851686E+004
     0.11873671E+001     0.32309901E+002    -0.38367123E+003     0.11012992E+004
     0.11909009E+001     0.32406061E+002    -0.75747122E+003     0.84725759E+003
     0.11944347E+001     0.32502222E+002    -0.10891787E+004     0.46954226E+003
     0.11979686E+001     0.32598382E+002    -0.12194945E+004    -0.39212446E+002
     0.12015024E+001     0.32694543E+002    -0.11130642E+004    -0.55666163E+003
     0.12050362E+001     0.32790703E+002    -0.79402370E+003    -0.97796303E+003
     0.12085701E+001     0.32886864E+002    -0.32556615E+003    -0.12222824E+004
     0.12121039E+001     0.32983024E+002     0.20225288E+003    -0.12435797E+004
     0.12156377E+001     0.33079184E+002     0.68855909E+003    -0.10381995E+004
     0.12191715E+001     0.33175345E+002     0.10409059E+004    -0.64593010E+003
     0.12227054E+001     0.33271505E+002     0.11929112E+004    -0.14188634E+003
     0.12262392E+001     0.33367666E+002     0.11163285E+004     0.37823540E+003
     0.12297730E+001     0.33463826E+002     0.82614307E+003     0.81531512E+003
     0.12333069E+001     0.33559987E+002     0.37869456E+003     0.10865844E+004
     0.12368407E+001     0.33656147E+002    -0.14009664E+003     0.11411767E+004
     0.12403745E+001     0.33752307E+002    -0.63155547E+003     0.97051907E+003
     0.12439084E+001     0.33848468E+002    -0.10029304E+004     0.60746648E+003
     0.12474422E+001     0.33944628E+002    -0.11838550E+004     0.12162963E+003
     0.12509760E+001     0.34040789E+002    -0.11406580E+004    -0.39407462E+003
     0.12545098E+001     0.34136949E+002    -0.88264212E+003    -0.84164216E+003
     0.12580437E+001     0.34233109E+002    -0.45987702E+003    -0.11375310E+004
     0.12615775E+001     0.34329270E+002     0.53572421E+002    -0.12263269E+004
     0.12651113E+001     0.34425430E+002     0.55024382E+003    -0.10822246E+004
     0.12686452E+001     0.34521591E+002     0.93668258E+003    -0.74519312E+003
     0.12721790E+001     0.34617751E+002     0.11443220E+004    -0.27777283E+003
     0.12757128E+001     0.34713912E+002     0.11348008E+004     0.23439821E+003
     0.12792467E+001     0.34810072E+002     0.90779108E+003     0.69300770E+003
     0.12827805E+001     0.34906232E+002     0.50803034E+003     0.10105728E+004
     0.12863143E+001     0.35002393E+002     0.12431691E+002     0.11276680E+004
     0.12898482E+001     0.35098553E+002    -0.48592028E+003     0.10235183E+004
     0.12933820E+001     0.35194714E+002    -0.89103968E+003     0.71593772E+003
     0.12969158E+001     0.35290874E+002    -0.11256921E+004     0.26663374E+003
     0.13004496E+001     0.35387034E+002    -0.11465557E+004    -0.23875192E+003
     0.13039835E+001     0.35483195E+002    -0.95038688E+003    -0.70378461E+003
     0.13075173E+001     0.35579355E+002    -0.57581150E+003    -0.10394032E+004
     0.13110511E+001     0.35675516E+002    -0.99876548E+002    -0.11838661E+004
     0.13145850E+001     0.35771676E+002     0.40039998E+003    -0.11191915E+004
     0.13181188E+001     0.35867837E+002     0.82287862E+003    -0.84032833E+003
     0.13216526E+001     0.35963997E+002     0.10845450E+004    -0.40980771E+003
     0.13251865E+001     0.36060157E+002     0.11378130E+004     0.89827548E+002
     0.13287203E+001     0.36156318E+002     0.97364661E+003     0.56350840E+003
     0.13322541E+001     0.36252478E+002     0.62418120E+003     0.92146744E+003
     0.13357880E+001     0.36348639E+002     0.15652897E+003     0.10961672E+004
     0.13393218E+001     0.36444799E+002    -0.34007338E+003     0.10550990E+004
     0.13428556E+001     0.36540960E+002    -0.77095997E+003     0.80649478E+003
     0.13463894E+001     0.36637120E+002    -0.10535413E+004     0.39858139E+003
     0.13499233E+001     0.36733280E+002    -0.11335315E+004    -0.89629315E+002
     0.13534571E+001     0.36829441E+002    -0.99529708E+003    -0.55719367E+003
     0.13569909E+001     0.36925601E+002    -0.69615141E+003    -0.92632843E+003
     0.13605248E+001     0.37021762E+002    -0.24472210E+003    -0.11429705E+004
     0.13640586E+001     0.37117922E+002     0.25318174E+003    -0.11382027E+004
     0.13675924E+001     0.37214082E+002     0.69941767E+003    -0.92193310E+003
     0.13711263E+001     0.37310243E+002     0.10113549E+004    -0.53707370E+003
     0.13746601E+001     0.37406403E+002     0.11321207E+004    -0.52357014E+002
     0.13781939E+001     0.37502564E+002     0.10191823E+004     0.43679988E+003
     0.13817277E+001     0.37598724E+002     0.72267597E+003     0.82024919E+003
     0.13852616E+001     0.37694885E+002     0.29154364E+003     0.10460328E+004
     0.13887954E+001     0.37791045E+002    -0.19355277E+003     0.10665468E+004
     0.13923292E+001     0.37887205E+002    -0.64092371E+003     0.88407036E+003
     0.13958631E+001     0.37983366E+002    -0.97099633E+003     0.52447193E+003
     0.13993969E+001     0.38079526E+002    -0.11141002E+004     0.59943626E+002
     0.14029307E+001     0.38175687E+002    -0.10463534E+004    -0.42103292E+003
     0.14064646E+001     0.38271847E+002    -0.78056032E+003    -0.82665575E+003
     0.14099984E+001     0.38368007E+002    -0.36794255E+003    -0.10805815E+004
     0.14135322E+001     0.38464168E+002     0.11463645E+003    -0.11348166E+004
     0.14170661E+001     0.38560328E+002     0.57131798E+003    -0.97386585E+003
     0.14205999E+001     0.38656489E+002     0.91486657E+003    -0.64135794E+003
     0.14241337E+001     0.38752649E+002     0.10867106E+004    -0.19280526E+003
     0.14276675E+001     0.38848810E+002     0.10510057E+004     0.28640136E+003
     0.14312014E+001     0.38944970E+002     0.81492333E+003     0.70449858E+003
     0.14347352E+001     0.39041130E+002     0.42372384E+003     0.98206234E+003
     0.14382690E+001     0.39137291E+002    -0.47821928E+002     0.10667404E+004
     0.14418029E+001     0.39233451E+002    -0.51017714E+003     0.94285190E+003
     0.14453367E+001     0.39329612E+002    -0.87534428E+003     0.63422309E+003
     0.14488705E+001     0.39425772E+002    -0.10742291E+004     0.20014996E+003
     0.14524044E+001     0.39521933E+002    -0.10694505E+004    -0.27675353E+003
     0.14559382E+001     0.39618093E+002    -0.86240170E+003    -0.70563273E+003
     0.14594720E+001     0.39714253E+002    -0.49313289E+003    -0.10051042E+004
     0.14630059E+001     0.39810414E+002    -0.32424653E+002    -0.11187928E+004
     0.14665397E+001     0.39906574E+002     0.43214012E+003    -0.10257137E+004
     0.14700735E+001     0.40002735E+002     0.81004296E+003    -0.74012330E+003
     0.14736073E+001     0.40098895E+002     0.10141641E+004    -0.34884443E+003
     0.14771412E+001     0.40195055E+002     0.10856473E+004     0.76571177E+002
     0.14806750E+001     0.40291216E+002     0.10967126E+004     0.54425030E+003
     0.14842088E+001     0.40387376E+002     0.43350042E+003     0.15426749E+004
     0.14877427E+001     0.40483537E+002    -0.78144026E+003     0.65446037E+003
     0.14912765E+001     0.40579697E+002     0.71619547E+003     0.48543240E+003
     0.14948103E+001     0.40675858E+002    -0.92774319E+003     0.12335676E+004
     0.14983442E+001     0.40772018E+002    -0.11179569E+004     0.34303243E+003
     0.15018780E+001     0.40868178E+002    -0.11157964E+004    -0.15905849E+003
     0.15054118E+001     0.40964339E+002    -0.93098996E+003    -0.61567331E+003
     0.15089456E+001     0.41060499E+002    -0.58794268E+003    -0.93112169E+003
     0.15124795E+001     0.41156660E+002    -0.15531485E+003    -0.10890060E+004
     0.15160133E+001     0.41252820E+002     0.30626135E+003    -0.10532171E+004
     0.15195471E+001     0.41348981E+002     0.71068131E+003    -0.82558350E+003
     0.15230810E+001     0.41445141E+002     0.98072792E+003    -0.44771516E+003
     0.15266148E+001     0.41541301E+002     0.10648060E+004     0.90176558E+001
     0.15301486E+001     0.41637462E+002     0.94698888E+003     0.45799536E+003
     0.15336825E+001     0.41733622E+002     0.64982009E+003     0.81428605E+003
     0.15372163E+001     0.41829783E+002     0.22881233E+003     0.10111811E+004
     0.15407501E+001     0.41925943E+002    -0.23619886E+003     0.10054443E+004
     0.15442840E+001     0.42022103E+002    -0.64882589E+003     0.80645861E+003
     0.15478178E+001     0.42118264E+002    -0.94177842E+003     0.45407089E+003
     0.15513516E+001     0.42214424E+002    -0.10588520E+004     0.82918016E+001
     0.15548854E+001     0.42310585E+002    -0.97226266E+003    -0.44664441E+003
     0.15584193E+001     0.42406745E+002    -0.69879214E+003    -0.82025377E+003
     0.15619531E+001     0.42502906E+002    -0.29493068E+003    -0.10379562E+004
     0.15654869E+001     0.42599066E+002     0.16190482E+003    -0.10660861E+004
     0.15690208E+001     0.42695226E+002     0.58801641E+003    -0.89768104E+003
     0.15725546E+001     0.42791387E+002     0.90175281E+003    -0.56356991E+003
     0.15760884E+001     0.42887547E+002     0.10430853E+004    -0.12810765E+003
     0.15796223E+001     0.42983708E+002     0.98555619E+003     0.32506914E+003
     0.15831561E+001     0.43079868E+002     0.74156342E+003     0.71044150E+003
     0.15866899E+001     0.43176028E+002     0.35724297E+003     0.95520582E+003
     0.15902238E+001     0.43272189E+002    -0.93872440E+002     0.10131766E+004
     0.15937576E+001     0.43368349E+002    -0.52579395E+003     0.87513193E+003
     0.15972914E+001     0.43464510E+002    -0.86059261E+003     0.56705551E+003
     0.16008252E+001     0.43560670E+002    -0.10309318E+004     0.14264724E+003
     0.16043591E+001     0.43656831E+002    -0.10030936E+004    -0.31153739E+003
     0.16078929E+001     0.43752991E+002    -0.78503839E+003    -0.71002553E+003
     0.16114267E+001     0.43849151E+002    -0.41904494E+003    -0.97615023E+003
     0.16149606E+001     0.43945312E+002     0.24062421E+002    -0.10630214E+004
     0.16184944E+001     0.44041472E+002     0.46254701E+003    -0.95318347E+003
     0.16220282E+001     0.44137633E+002     0.81222907E+003    -0.66702275E+003
     0.16255621E+001     0.44233793E+002     0.10067161E+004    -0.25983529E+003
     0.16290959E+001     0.44329954E+002     0.10093425E+004     0.19121049E+003
     0.16326297E+001     0.44426114E+002     0.81981034E+003     0.59880546E+003
     0.16361635E+001     0.44522274E+002     0.47718996E+003     0.88815261E+003
     0.16396974E+001     0.44618435E+002     0.41210716E+002     0.10052033E+004
     0.16432312E+001     0.44714595E+002    -0.40006488E+003     0.92276410E+003
     0.16467650E+001     0.44810756E+002    -0.76470991E+003     0.66295798E+003
     0.16502989E+001     0.44906916E+002    -0.98421371E+003     0.27251870E+003
     0.16538327E+001     0.45003076E+002    -0.10166457E+004    -0.17386259E+003
     0.16573665E+001     0.45099237E+002    -0.85619658E+003    -0.59127775E+003
     0.16609004E+001     0.45195397E+002    -0.53359324E+003    -0.90035344E+003
     0.16644342E+001     0.45291558E+002    -0.11074989E+003    -0.10427695E+004
     0.16679680E+001     0.45387718E+002     0.33219930E+003    -0.99188633E+003
     0.16715019E+001     0.45483879E+002     0.71112143E+003    -0.75763038E+003
     0.16750357E+001     0.45580039E+002     0.95421663E+003    -0.38478340E+003
     0.16785695E+001     0.45676199E+002     0.10156079E+004     0.55654904E+002
     0.16821033E+001     0.45772360E+002     0.88396821E+003     0.48004320E+003
     0.16856372E+001     0.45868520E+002     0.58453516E+003     0.80774452E+003
     0.16891710E+001     0.45964681E+002     0.17464327E+003     0.97681025E+003
     0.16927048E+001     0.46060841E+002    -0.26780405E+003     0.95554108E+003
     0.16962387E+001     0.46157001E+002    -0.65885638E+003     0.74830508E+003
     0.16997725E+001     0.46253162E+002    -0.92435397E+003     0.39470696E+003
     0.17033063E+001     0.46349322E+002    -0.10141295E+004    -0.37845133E+002
     0.17068402E+001     0.46445483E+002    -0.91146792E+003    -0.46711383E+003
     0.17103740E+001     0.46541643E+002    -0.63619747E+003    -0.81164699E+003
     0.17139078E+001     0.46637804E+002    -0.24085091E+003    -0.10062051E+004
     0.17174417E+001     0.46733964E+002     0.19933161E+003    -0.10141194E+004
     0.17209755E+001     0.46830124E+002     0.60074349E+003    -0.83423176E+003
     0.17245093E+001     0.46926285E+002     0.88732785E+003    -0.50098736E+003
     0.17280431E+001     0.47022445E+002     0.10048562E+004    -0.77793639E+002
     0.17315770E+001     0.47118606E+002     0.93128133E+003     0.35476725E+003
     0.17351108E+001     0.47214766E+002     0.68095920E+003     0.71464856E+003
     0.17386446E+001     0.47310927E+002     0.30167424E+003     0.93368465E+003
     0.17421785E+001     0.47407087E+002    -0.13436878E+003     0.97050223E+003
     0.17457123E+001     0.47503247E+002    -0.54406335E+003     0.81832475E+003
     0.17492461E+001     0.47599408E+002    -0.84976089E+003     0.50743516E+003
     0.17527800E+001     0.47695568E+002    -0.99457059E+003     0.95842300E+002
     0.17563138E+001     0.47791729E+002    -0.95058421E+003    -0.33792366E+003
     0.17598476E+001     0.47887889E+002    -0.72623477E+003    -0.71157214E+003
     0.17633814E+001     0.47984049E+002    -0.36444457E+003    -0.95403970E+003
     0.17669153E+001     0.48080210E+002     0.65645891E+002    -0.10194641E+004
     0.17704491E+001     0.48176370E+002     0.48243468E+003    -0.89592712E+003
     0.17739829E+001     0.48272531E+002     0.80685026E+003    -0.60701065E+003
     0.17775168E+001     0.48368691E+002     0.97737110E+003    -0.20801119E+003
     0.17810506E+001     0.48464852E+002     0.96215913E+003     0.22533961E+003
     0.17845844E+001     0.48561012E+002     0.76420606E+003     0.61065973E+003
     0.17881183E+001     0.48657172E+002     0.42183909E+003     0.87519450E+003
     0.17916521E+001     0.48753333E+002    -0.79861792E+000     0.96907218E+003
     0.17951859E+001     0.48849493E+002    -0.42260668E+003     0.87373431E+003
     0.17987198E+001     0.48945654E+002    -0.76338051E+003     0.60889529E+003
     0.18022536E+001     0.49041814E+002    -0.95918851E+003     0.22435390E+003
     0.18057874E+001     0.49137975E+002    -0.97278476E+003    -0.20659854E+003
     0.18093212E+001     0.49234135E+002    -0.80193911E+003    -0.60210341E+003
     0.18128551E+001     0.49330295E+002    -0.47935634E+003    -0.88718013E+003
     0.18163889E+001     0.49426456E+002    -0.66464969E+002    -0.10079188E+004
     0.18199227E+001     0.49522616E+002     0.35824811E+003    -0.94165117E+003
     0.18234566E+001     0.49618777E+002     0.71420255E+003    -0.70125479E+003
     0.18269904E+001     0.49714937E+002     0.93395809E+003    -0.33259849E+003
     0.18305242E+001     0.49811097E+002     0.97605714E+003     0.94162067E+002
     0.18340581E+001     0.49907258E+002     0.83278510E+003     0.49792961E+003
     0.18375919E+001     0.50003418E+002     0.53173484E+003     0.80208669E+003
     0.18411257E+001     0.50099579E+002     0.13069632E+003     0.94912031E+003
     0.18446596E+001     0.50195739E+002    -0.29458967E+003     0.91247165E+003
     0.18481934E+001     0.50291900E+002    -0.66272185E+003     0.69872672E+003
     0.18517272E+001     0.50388060E+002    -0.90587228E+003     0.35461619E+003
     0.18552610E+001     0.50484220E+002    -0.10028821E+004    -0.77056363E+002
     0.18587949E+001     0.50580381E+002    -0.84920697E+003    -0.52065647E+003
     0.18623287E+001     0.50676541E+002    -0.56454483E+003    -0.76170562E+003
     0.18658625E+001     0.50772702E+002    -0.21568784E+003    -0.99112136E+003
     0.18693964E+001     0.50868862E+002     0.23220580E+003    -0.97532164E+003
     0.18729302E+001     0.50965022E+002     0.61388989E+003    -0.78168056E+003
     0.18764640E+001     0.51061183E+002     0.87400960E+003    -0.44818141E+003
     0.18799979E+001     0.51157343E+002     0.97257027E+003    -0.37082622E+002
     0.18835317E+001     0.51253504E+002     0.88620952E+003     0.37813386E+003
     0.18870655E+001     0.51349664E+002     0.63132361E+003     0.71699363E+003
     0.18905993E+001     0.51445825E+002     0.25666848E+003     0.91506418E+003
     0.18941332E+001     0.51541985E+002    -0.16638006E+003     0.93488838E+003
     0.18976670E+001     0.51638145E+002    -0.55740704E+003     0.77293813E+003
     0.19012008E+001     0.51734306E+002    -0.84213593E+003     0.46013654E+003
     0.19047347E+001     0.51830466E+002    -0.96620679E+003     0.56044057E+002
     0.19082685E+001     0.51926627E+002    -0.90470543E+003    -0.36029090E+003
     0.19118023E+001     0.52022787E+002    -0.68243163E+003    -0.70916171E+003
     0.19153362E+001     0.52118948E+002    -0.32409321E+003    -0.94550623E+003
     0.19188700E+001     0.52215108E+002     0.10953995E+003    -0.98019101E+003
     0.19224038E+001     0.52311268E+002     0.49594741E+003    -0.84717868E+003
     0.19259377E+001     0.52407429E+002     0.80192526E+003    -0.55842709E+003
     0.19294715E+001     0.52503589E+002     0.95373195E+003    -0.16596327E+003
     0.19330053E+001     0.52599750E+002     0.92442039E+003     0.25365896E+003
     0.19365391E+001     0.52695910E+002     0.71895094E+003     0.62199258E+003
     0.19400730E+001     0.52792070E+002     0.37426680E+003     0.86462873E+003
     0.19436068E+001     0.52888231E+002    -0.34353539E+002     0.93713435E+003
     0.19471406E+001     0.52984391E+002    -0.44066286E+003     0.83633333E+003
     0.19506745E+001     0.53080552E+002    -0.76396894E+003     0.56532398E+003
     0.19542083E+001     0.53176712E+002    -0.94065059E+003     0.18513058E+003
     0.19577421E+001     0.53272873E+002    -0.93947335E+003    -0.23422949E+003
     0.19612760E+001     0.53369033E+002    -0.76029799E+003    -0.61393682E+003
     0.19648098E+001     0.53465193E+002    -0.43473889E+003    -0.88270667E+003
     0.19683436E+001     0.53561354E+002    -0.24426343E+002    -0.98296910E+003
     0.19718775E+001     0.53657514E+002     0.38398481E+003    -0.90097589E+003
     0.19754113E+001     0.53753675E+002     0.72321832E+003    -0.65518765E+003
     0.19789451E+001     0.53849835E+002     0.92922873E+003    -0.28159892E+003
     0.19824789E+001     0.53945995E+002     0.93338014E+003     0.14276616E+003
     0.19860128E+001     0.54042156E+002     0.77806335E+003     0.51299418E+003
     0.19895466E+001     0.54138316E+002     0.48207907E+003     0.79336494E+003
     0.19930804E+001     0.54234477E+002     0.90654987E+002     0.92239889E+003
     0.19966143E+001     0.54330637E+002    -0.31890902E+003     0.87213194E+003
     0.20001481E+001     0.54426798E+002    -0.66849234E+003     0.65224468E+003
     0.20036819E+001     0.54522958E+002    -0.89103300E+003     0.30440651E+003
     0.20072158E+001     0.54619118E+002    -0.94483592E+003    -0.10445355E+003
     0.20107496E+001     0.54715279E+002    -0.82009477E+003    -0.49817103E+003
     0.20142834E+001     0.54811439E+002    -0.53903373E+003    -0.80082318E+003
     0.20178172E+001     0.54907600E+002    -0.15657828E+003    -0.95526562E+003
     0.20213511E+001     0.55003760E+002     0.25514885E+003    -0.93249778E+003
     0.20248849E+001     0.55099921E+002     0.61798033E+003    -0.73693653E+003
     0.20284187E+001     0.55196081E+002     0.86314748E+003    -0.40583490E+003
     0.20319526E+001     0.55292241E+002     0.94424678E+003    -0.20996355E+001
     0.20354864E+001     0.55388402E+002     0.84606771E+003     0.39757732E+003
     0.20390202E+001     0.55484562E+002     0.58746218E+003     0.71744441E+003
     0.20425541E+001     0.55580723E+002     0.21759997E+003     0.89695208E+003
     0.20460879E+001     0.55676883E+002    -0.19328142E+003     0.90217578E+003
     0.20496217E+001     0.55773043E+002    -0.56718089E+003     0.73231757E+003
     0.20531556E+001     0.55869204E+002    -0.83327490E+003     0.41979407E+003
     0.20566894E+001     0.55965364E+002    -0.94113791E+003     0.23951978E+002
     0.20602232E+001     0.56061525E+002    -0.87048525E+003    -0.37984750E+003
     0.20637570E+001     0.56157685E+002    -0.63512245E+003    -0.71522020E+003
     0.20672909E+001     0.56253846E+002    -0.27959307E+003    -0.91858720E+003
     0.20708247E+001     0.56350006E+002     0.12842477E+003    -0.95148987E+003
     0.20743585E+001     0.56446166E+002     0.51152417E+003    -0.80789641E+003
     0.20778924E+001     0.56542327E+002     0.79709332E+003    -0.51522341E+003
     0.20814262E+001     0.56638487E+002     0.93109109E+003    -0.12912540E+003
     0.20849600E+001     0.56734648E+002     0.88827847E+003     0.27708936E+003
     0.20884939E+001     0.56830808E+002     0.67697270E+003     0.62637993E+003
     0.20920277E+001     0.56926969E+002     0.33742347E+003     0.85259386E+003
     0.20955615E+001     0.57023129E+002    -0.65846156E+002     0.91298523E+003
     0.20990954E+001     0.57119289E+002    -0.45634926E+003     0.79627993E+003
     0.21026292E+001     0.57215450E+002    -0.75999691E+003     0.52476956E+003
     0.21061630E+001     0.57311610E+002    -0.91932183E+003     0.15015331E+003
     0.21096968E+001     0.57407771E+002    -0.90429259E+003    -0.25642822E+003
     0.21132307E+001     0.57503931E+002    -0.71794560E+003    -0.61786946E+003
     0.21167645E+001     0.57600091E+002    -0.39578279E+003    -0.86567242E+003
     0.21202983E+001     0.57696252E+002     0.94061081E+000    -0.95296914E+003
     0.21238322E+001     0.57792412E+002     0.39695234E+003    -0.86339590E+003
     0.21273660E+001     0.57888573E+002     0.71715917E+003    -0.61411679E+003
     0.21308998E+001     0.57984733E+002     0.90095055E+003    -0.25256125E+003
     0.21344337E+001     0.58080894E+002     0.91363022E+003     0.15263072E+003
     0.21379675E+001     0.58177054E+002     0.75295631E+003     0.52458874E+003
     0.21415013E+001     0.58273214E+002     0.44957239E+003     0.79283184E+003
     0.21450351E+001     0.58369375E+002     0.61153932E+002     0.90660706E+003
     0.21485690E+001     0.58465535E+002    -0.33857024E+003     0.84452393E+003
     0.21521028E+001     0.58561696E+002    -0.67380999E+003     0.61853193E+003
     0.21556366E+001     0.58657856E+002    -0.88107783E+003     0.27165918E+003
     0.21591705E+001     0.58754016E+002    -0.92120464E+003    -0.13022636E+003
     0.21627043E+001     0.58850177E+002    -0.78674727E+003    -0.51082332E+003
     0.21662381E+001     0.58946337E+002    -0.50344919E+003    -0.79804342E+003
     0.21697720E+001     0.59042498E+002    -0.12505033E+003    -0.93753515E+003
     0.21733058E+001     0.59138658E+002     0.27652727E+003    -0.90295370E+003
     0.21768396E+001     0.59234819E+002     0.62515719E+003    -0.70105738E+003
     0.21803735E+001     0.59330979E+002     0.85479704E+003    -0.37028981E+003
     0.21839073E+001     0.59427139E+002     0.92203987E+003     0.26527897E+002
     0.21874411E+001     0.59523300E+002     0.81429616E+003     0.41409898E+003
     0.21909749E+001     0.59619460E+002     0.55217208E+003     0.71897126E+003
     0.21945088E+001     0.59715621E+002     0.18551016E+003     0.88343379E+003
     0.21980426E+001     0.59811781E+002    -0.21607946E+003     0.87645802E+003
     0.22015764E+001     0.59907942E+002    -0.57643348E+003     0.69953688E+003
     0.22051103E+001     0.60004102E+002    -0.82728789E+003     0.38638425E+003
     0.22086441E+001     0.60100262E+002    -0.92119486E+003    -0.35065810E+001
     0.22121779E+001     0.60196423E+002    -0.84052087E+003    -0.39615338E+003
     0.22157118E+001     0.60292583E+002    -0.60070081E+003    -0.71715129E+003
     0.22192456E+001     0.60388744E+002    -0.24726100E+003    -0.90578473E+003
     0.22227794E+001     0.60484904E+002     0.15348675E+003    -0.92614220E+003
     0.22263133E+001     0.60581064E+002     0.52156480E+003    -0.77031181E+003
     0.22298471E+001     0.60677225E+002     0.78472076E+003    -0.48539219E+003
     0.22333809E+001     0.60773385E+002     0.93164654E+003    -0.10379681E+003
     0.22369147E+001     0.60869546E+002     0.85351920E+003     0.31796719E+003
     0.22404486E+001     0.60965706E+002     0.63315590E+003     0.61019617E+003
     0.22439824E+001     0.61061867E+002     0.31674296E+003     0.85208842E+003
     0.22475162E+001     0.61158027E+002    -0.94327427E+002     0.89213653E+003
     0.22510501E+001     0.61254187E+002    -0.46982521E+003     0.76604099E+003
     0.22545839E+001     0.61350348E+002    -0.75884758E+003     0.49219742E+003
     0.22581177E+001     0.61446508E+002    -0.90415179E+003     0.12143873E+003
     0.22616516E+001     0.61542669E+002    -0.87811741E+003    -0.27582171E+003
     0.22651854E+001     0.61638829E+002    -0.68575079E+003    -0.62420767E+003
     0.22687192E+001     0.61734989E+002    -0.36368080E+003    -0.85768694E+003
     0.22722530E+001     0.61831150E+002     0.26917433E+002    -0.93209873E+003
     0.22757869E+001     0.61927310E+002     0.41193831E+003    -0.83347975E+003
     0.22793207E+001     0.62023471E+002     0.71839539E+003    -0.58066836E+003
     0.22828545E+001     0.62119631E+002     0.88825839E+003    -0.22180502E+003
     0.22863884E+001     0.62215792E+002     0.88960976E+003     0.17509763E+003
     0.22899222E+001     0.62311952E+002     0.72204856E+003     0.53485528E+003
     0.22934560E+001     0.62408112E+002     0.41775623E+003     0.78903601E+003
     0.22969899E+001     0.62504273E+002     0.34423737E+002     0.88983669E+003
     0.23005237E+001     0.62600433E+002    -0.35521957E+003     0.81816643E+003
     0.23040575E+001     0.62696594E+002    -0.67732030E+003     0.58783230E+003
     0.23075914E+001     0.62792754E+002    -0.87093906E+003     0.24252545E+003
     0.23111252E+001     0.62888915E+002    -0.89928119E+003    -0.15210169E+003
     0.23146590E+001     0.62985075E+002    -0.75740227E+003    -0.52117323E+003
     0.23181928E+001     0.63081235E+002    -0.47222087E+003    -0.79487748E+003
     0.23217267E+001     0.63177396E+002    -0.97881989E+002    -0.92136635E+003
     0.23252605E+001     0.63273556E+002     0.29456018E+003    -0.87678151E+003
     0.23287943E+001     0.63369717E+002     0.63070632E+003    -0.66971888E+003
     0.23323282E+001     0.63465877E+002     0.84689787E+003    -0.33956999E+003
     0.23358620E+001     0.63562037E+002     0.90227731E+003     0.51003534E+002
     0.23393958E+001     0.63658198E+002     0.78644011E+003     0.42793857E+003
     0.23429297E+001     0.63754358E+002     0.52152249E+003     0.71974020E+003
     0.23464635E+001     0.63850519E+002     0.15789733E+003     0.87125943E+003
     0.23499973E+001     0.63946679E+002    -0.23550938E+003     0.85392576E+003
     0.23535312E+001     0.64042840E+002    -0.58412653E+003     0.67102180E+003
     0.23570650E+001     0.64139000E+002    -0.82178107E+003     0.35748856E+003
     0.23605988E+001     0.64235160E+002    -0.90364403E+003    -0.27138184E+002
     0.23641326E+001     0.64331321E+002    -0.81432197E+003    -0.40993630E+003
     0.23676665E+001     0.64427481E+002    -0.57089043E+003    -0.71835530E+003
     0.23712003E+001     0.64523642E+002    -0.21959885E+003    -0.89401681E+003
     0.23747341E+001     0.64619802E+002     0.17289568E+003    -0.90371594E+003
     0.23782680E+001     0.64715963E+002     0.53213848E+003    -0.74576552E+003
     0.23818018E+001     0.64812123E+002     0.79014257E+003    -0.45025475E+003
     0.23853356E+001     0.64908283E+002     0.89804550E+003    -0.73229964E+002
     0.23888695E+001     0.65004444E+002     0.83552501E+003     0.31374059E+003
     0.23924033E+001     0.65100604E+002     0.61457538E+003     0.63732876E+003
     0.23959371E+001     0.65196765E+002     0.27720196E+003     0.83626759E+003
     0.23994709E+001     0.65292925E+002    -0.11257005E+003     0.87296490E+003
     0.24030048E+001     0.65389085E+002    -0.48083777E+003     0.74059529E+003
     0.24065386E+001     0.65485246E+002    -0.75781840E+003     0.46438473E+003
     0.24100724E+001     0.65581406E+002    -0.89110921E+003     0.96807031E+002
     0.24136063E+001     0.65677567E+002    -0.85555869E+003    -0.29242207E+003
     0.24171401E+001     0.65773727E+002    -0.65804245E+003    -0.62949373E+003
     0.24206739E+001     0.65869888E+002    -0.33615419E+003    -0.85057053E+003
     0.24242078E+001     0.65966048E+002     0.48974961E+002    -0.91398828E+003
     0.24277416E+001     0.66062208E+002     0.42456069E+003    -0.80775629E+003
     0.24312754E+001     0.66158369E+002     0.71934173E+003    -0.55190608E+003
     0.24348093E+001     0.66254529E+002     0.87707517E+003    -0.19513599E+003
     0.24383431E+001     0.66350690E+002     0.86846741E+003     0.19440023E+003
     0.24418769E+001     0.66446850E+002     0.69523826E+003     0.54337351E+003
     0.24454107E+001     0.66543010E+002     0.39022969E+003     0.78557638E+003
     0.24489446E+001     0.66639171E+002     0.11345965E+002     0.87517474E+003
     0.24524784E+001     0.66735331E+002    -0.36954909E+003     0.79530521E+003
     0.24560122E+001     0.66831492E+002    -0.68028060E+003     0.56123338E+003
     0.24595461E+001     0.66927652E+002    -0.86201366E+003     0.21743634E+003
     0.24630799E+001     0.67023813E+002    -0.88041393E+003    -0.17085529E+003
     0.24666137E+001     0.67119973E+002    -0.73211548E+003    -0.53002048E+003
     0.24701476E+001     0.67216133E+002    -0.44535001E+003    -0.79203287E+003
     0.24736814E+001     0.67312294E+002    -0.74545970E+002    -0.90729324E+003
     0.24772152E+001     0.67408454E+002     0.30992988E+003    -0.85407812E+003
     0.24807491E+001     0.67504615E+002     0.63525708E+003    -0.64261117E+003
     0.24842829E+001     0.67600775E+002     0.83981208E+003    -0.31305773E+003
     0.24878167E+001     0.67696936E+002     0.88493349E+003     0.72042706E+002
     0.24913505E+001     0.67793096E+002     0.76218552E+003     0.43969696E+003
     0.24948844E+001     0.67889256E+002     0.49492936E+003     0.72023408E+003
     0.24984182E+001     0.67985417E+002     0.13396202E+003     0.86056074E+003
     0.25019520E+001     0.68081577E+002    -0.25229932E+003     0.83423201E+003
     0.25054859E+001     0.68177738E+002    -0.59062953E+003     0.64632480E+003
     0.25090197E+001     0.68273898E+002    -0.81695931E+003     0.33257763E+003
     0.25125535E+001     0.68370058E+002    -0.88848818E+003    -0.47468944E+002
     0.25160874E+001     0.68466219E+002    -0.79177308E+003    -0.42175403E+003
     0.25196212E+001     0.68562379E+002    -0.54526174E+003    -0.71935879E+003
     0.25231550E+001     0.68658540E+002    -0.19577554E+003    -0.88394736E+003
     0.25266888E+001     0.68754700E+002     0.19039676E+003    -0.88443100E+003
     0.25302227E+001     0.68850861E+002     0.54005542E+003    -0.72083111E+003
     0.25337565E+001     0.68947021E+002     0.78698208E+003    -0.42426008E+003
     0.25372903E+001     0.69043181E+002     0.88445623E+003    -0.50997746E+002
     0.25408242E+001     0.69139342E+002     0.81411774E+003     0.32817692E+003
     0.25443580E+001     0.69235502E+002     0.58941347E+003     0.64142223E+003
     0.25478918E+001     0.69331663E+002     0.25302240E+003     0.82944599E+003
     0.25514257E+001     0.69427823E+002    -0.13124926E+003     0.85669975E+003
     0.25549595E+001     0.69523983E+002    -0.49055092E+003     0.71813524E+003
     0.25584933E+001     0.69620144E+002    -0.75682168E+003     0.44013747E+003
     0.25620272E+001     0.69716304E+002    -0.87969827E+003     0.75466167E+002
     0.25655610E+001     0.69812465E+002    -0.83597798E+003    -0.30671750E+003
     0.25690948E+001     0.69908625E+002    -0.63407703E+003    -0.63400424E+003
     0.25726286E+001     0.70004786E+002    -0.31234312E+003    -0.84439425E+003
     0.25761625E+001     0.70100946E+002     0.68176513E+002    -0.89813678E+003
     0.25796963E+001     0.70197106E+002     0.43534194E+003    -0.78511747E+003
     0.25832301E+001     0.70293267E+002     0.71961546E+003    -0.52690160E+003
     0.25867640E+001     0.70389427E+002     0.86717156E+003    -0.17247163E+003
     0.25902978E+001     0.70485588E+002     0.85018402E+003     0.21093806E+003
     0.25938316E+001     0.70581748E+002     0.67193294E+003     0.55068236E+003
     0.25973655E+001     0.70677909E+002     0.36639085E+003     0.78244798E+003
     0.26008993E+001     0.70774069E+002    -0.86685094E+001     0.86244600E+003
     0.26044331E+001     0.70870229E+002    -0.38200432E+003     0.77533137E+003
     0.26079670E+001     0.70966390E+002    -0.68271786E+003     0.53809126E+003
     0.26115008E+001     0.71062550E+002    -0.85418327E+003     0.19575218E+003
     0.26150346E+001     0.71158711E+002    -0.86413421E+003    -0.18703288E+003
     0.26185684E+001     0.71254871E+002    -0.71017050E+003    -0.53768318E+003
     0.26221023E+001     0.71351031E+002    -0.42207041E+003    -0.78943561E+003
     0.26256361E+001     0.71447192E+002    -0.54447054E+002    -0.89497382E+003
     0.26291699E+001     0.71543352E+002     0.32310276E+003    -0.83435685E+003
     0.26327038E+001     0.71639513E+002     0.63903689E+003    -0.61909853E+003
     0.26362376E+001     0.71735673E+002     0.83350682E+003    -0.29010461E+003
     0.26397714E+001     0.71831834E+002     0.86975707E+003     0.90223520E+002
     0.26433053E+001     0.71927994E+002     0.74102176E+003     0.44980418E+003
     0.26468391E+001     0.72024154E+002     0.47179506E+003     0.72053375E+003
     0.26503729E+001     0.72120315E+002     0.11316495E+003     0.85118087E+003
     0.26539067E+001     0.72216475E+002    -0.26686264E+003     0.81708620E+003
     0.26574406E+001     0.72312636E+002    -0.59629218E+003     0.62482501E+003
     0.26609744E+001     0.72408796E+002    -0.81275149E+003     0.31090427E+003
     0.26645082E+001     0.72504957E+002    -0.87529252E+003    -0.65113071E+002
     0.26680421E+001     0.72601117E+002    -0.77217431E+003    -0.43196609E+003
     0.26715759E+001     0.72697277E+002    -0.52302888E+003    -0.72014989E+003
     0.26751097E+001     0.72793438E+002    -0.17515120E+003    -0.87512099E+003
     0.26786436E+001     0.72889598E+002     0.20549266E+003    -0.86759882E+003
     0.26821774E+001     0.72985759E+002     0.54677899E+003    -0.69912466E+003
     0.26857112E+001     0.73081919E+002     0.78408044E+003    -0.40168438E+003
     0.26892451E+001     0.73178079E+002     0.87249962E+003    -0.31721049E+002
     0.26927789E+001     0.73274240E+002     0.79538894E+003     0.34064760E+003
     0.26963127E+001     0.73370400E+002     0.56744618E+003     0.64488918E+003
     0.26998465E+001     0.73466561E+002     0.23194097E+003     0.82340505E+003
     0.27033804E+001     0.73562721E+002    -0.14750122E+003     0.84246314E+003
     0.27069142E+001     0.73658882E+002    -0.49898632E+003     0.69855025E+003
     0.27104480E+001     0.73755042E+002    -0.75594656E+003     0.41901491E+003
     0.27139819E+001     0.73851202E+002    -0.86974084E+003     0.56905508E+002
     0.27175157E+001     0.73947363E+002    -0.81893420E+003    -0.31911509E+003
     0.27210495E+001     0.74043523E+002    -0.61324346E+003    -0.63784838E+003
     0.27245834E+001     0.74139684E+002    -0.29169251E+003    -0.83892457E+003
     0.27281172E+001     0.74235844E+002     0.84704646E+002    -0.88431080E+003
     0.27316510E+001     0.74332004E+002     0.44461929E+003    -0.76551320E+003
     0.27351849E+001     0.74428165E+002     0.71988601E+003    -0.50514445E+003
     0.27387187E+001     0.74524325E+002     0.85842722E+003    -0.15258581E+003
     0.27422525E+001     0.74620486E+002     0.83405950E+003     0.22531685E+003
     0.27457863E+001     0.74716646E+002     0.65156092E+003     0.55699904E+003
     0.27493202E+001     0.74812807E+002     0.34538202E+003     0.77965945E+003
     0.27528540E+001     0.74908967E+002    -0.26137477E+002     0.85106042E+003
     0.27563878E+001     0.75005127E+002    -0.39271360E+003     0.75798022E+003
     0.27599217E+001     0.75101288E+002    -0.68496495E+003     0.51800303E+003
     0.27634555E+001     0.75197448E+002    -0.84750669E+003     0.17669633E+003
     0.27669893E+001     0.75293609E+002    -0.84964103E+003    -0.20121664E+003
     0.27705232E+001     0.75389769E+002    -0.69105881E+003    -0.54413610E+003
     0.27740570E+001     0.75485930E+002    -0.40188774E+003    -0.78712297E+003
     0.27775908E+001     0.75582090E+002    -0.36978780E+002    -0.88420823E+003
     0.27811246E+001     0.75678250E+002     0.33450901E+003    -0.81708233E+003
     0.27846585E+001     0.75774411E+002     0.64220614E+003    -0.59855018E+003
     0.27881923E+001     0.75870571E+002     0.82786851E+003    -0.27008346E+003
     0.27917261E+001     0.75966732E+002     0.85639378E+003     0.10604563E+003
     0.27952600E+001     0.76062892E+002     0.72246357E+003     0.45857432E+003
     0.27987938E+001     0.76159052E+002     0.45152915E+003     0.72075076E+003
     0.28023276E+001     0.76255213E+002     0.94950124E+002     0.84298527E+003
     0.28058615E+001     0.76351373E+002    -0.27973575E+003     0.80201154E+003
     0.28093953E+001     0.76447534E+002    -0.60124658E+003     0.60591230E+003
     0.28129291E+001     0.76543694E+002    -0.80902157E+003     0.29190980E+003
     0.28164630E+001     0.76639855E+002    -0.86370892E+003    -0.80531147E+002
     0.28199968E+001     0.76736015E+002    -0.75501480E+003    -0.44083429E+003
     0.28235306E+001     0.76832175E+002    -0.50360821E+003    -0.72075497E+003
     0.28270644E+001     0.76928336E+002    -0.15718257E+003    -0.86731134E+003
     0.28305983E+001     0.77024496E+002     0.21859400E+003    -0.85281108E+003
     0.28341321E+001     0.77120657E+002     0.55252925E+003    -0.68008433E+003
     0.28376659E+001     0.77216817E+002     0.78139491E+003    -0.38192805E+003
     0.28411998E+001     0.77312977E+002     0.86189539E+003    -0.14881931E+002
     0.28447336E+001     0.77409138E+002     0.77886879E+003     0.35150098E+003
     0.28482674E+001     0.77505298E+002     0.54812098E+003     0.64783279E+003
     0.28518013E+001     0.77601459E+002     0.21343146E+003     0.81802622E+003
     0.28553351E+001     0.77697619E+002    -0.16175613E+003     0.82991348E+003
     0.28588689E+001     0.77793780E+002    -0.50636165E+003     0.68132615E+003
     0.28624028E+001     0.77889940E+002    -0.75513174E+003     0.40049120E+003
     0.28659366E+001     0.77986100E+002    -0.86099484E+003     0.40666820E+002
     0.28694704E+001     0.78082261E+002    -0.80397978E+003    -0.32992191E+003
     0.28730042E+001     0.78178421E+002    -0.59499801E+003    -0.64112628E+003
     0.28765381E+001     0.78274582E+002    -0.27367373E+003    -0.83401883E+003
     0.28800719E+001     0.78370742E+002     0.99067803E+002    -0.87212110E+003
     0.28836057E+001     0.78466903E+002     0.45260208E+003    -0.74829342E+003
     0.28871396E+001     0.78563063E+002     0.71998240E+003    -0.48607279E+003
     0.28906734E+001     0.78659223E+002     0.85061008E+003    -0.13518660E+003
     0.28942072E+001     0.78755384E+002     0.81981848E+003     0.23786326E+003
     0.28977411E+001     0.78851544E+002     0.63351754E+003     0.56242265E+003
     0.29012749E+001     0.78947705E+002     0.32707132E+003     0.77704796E+003
     0.29048087E+001     0.79043865E+002    -0.41428597E+002     0.84116270E+003
     0.29083425E+001     0.79140025E+002    -0.40217778E+003     0.74271078E+003
     0.29118764E+001     0.79236186E+002    -0.68697278E+003     0.50040126E+003
     0.29154102E+001     0.79332346E+002    -0.84169297E+003     0.15994539E+003
     0.29189440E+001     0.79428507E+002    -0.83694184E+003    -0.21379179E+003
     0.29224779E+001     0.79524667E+002    -0.67406860E+003    -0.54971841E+003
     0.29260117E+001     0.79620828E+002    -0.38424992E+003    -0.78492395E+003
     0.29295455E+001     0.79716988E+002    -0.21759753E+002    -0.87465972E+003
     0.29330794E+001     0.79813148E+002     0.34439017E+003    -0.80186555E+003
     0.29366132E+001     0.79909309E+002     0.64485058E+003    -0.58047375E+003
     0.29401470E+001     0.80005469E+002     0.82275936E+003    -0.25249442E+003
     0.29436809E+001     0.80101630E+002     0.84448952E+003     0.11990730E+003
     0.29472147E+001     0.80197790E+002     0.70600096E+003     0.46618613E+003
     0.29507485E+001     0.80293951E+002     0.43360204E+003     0.72078200E+003
     0.29542823E+001     0.80390111E+002     0.78935655E+002     0.83552439E+003
     0.29578162E+001     0.80486271E+002    -0.29078888E+003     0.78875470E+003
     0.29613500E+001     0.80582432E+002    -0.60555413E+003     0.58940180E+003
     0.29648838E+001     0.80678592E+002    -0.80576622E+003     0.27529609E+003
     0.29684177E+001     0.80774753E+002    -0.85357761E+003    -0.94006771E+002
     0.29719515E+001     0.80870913E+002    -0.74002306E+003    -0.44859126E+003
     0.29754853E+001     0.80967073E+002    -0.48655176E+003    -0.72126448E+003
     0.29790192E+001     0.81063234E+002    -0.14146733E+003    -0.86032232E+003
     0.29825530E+001     0.81159394E+002     0.22995095E+003    -0.83981838E+003
     0.29860868E+001     0.81255555E+002     0.55750945E+003    -0.66335084E+003
     0.29896207E+001     0.81351715E+002     0.77891943E+003    -0.36454165E+003
     0.29931545E+001     0.81447876E+002     0.85243319E+003    -0.10869647E+000
     0.29966883E+001     0.81544036E+002     0.76426094E+003     0.36097255E+003
     0.30002221E+001     0.81640196E+002     0.53105979E+003     0.65035993E+003
     0.30037560E+001     0.81736357E+002     0.19711176E+003     0.81322754E+003
     0.30072898E+001     0.81832517E+002    -0.17430637E+003     0.81881900E+003
     0.30108236E+001     0.81928678E+002    -0.51284248E+003     0.66614563E+003
     0.30143575E+001     0.82024838E+002    -0.75440571E+003     0.38419365E+003
     0.30178913E+001     0.82120998E+002    -0.85329724E+003     0.26415436E+002
     0.30214251E+001     0.82217159E+002    -0.79085344E+003    -0.33940054E+003
     0.30249590E+001     0.82313319E+002    -0.57897584E+003    -0.64397356E+003
     0.30284928E+001     0.82409480E+002    -0.25785668E+003    -0.82965474E+003
     0.30320266E+001     0.82505640E+002     0.11164928E+003    -0.86133747E+003
     0.30355604E+001     0.82601801E+002     0.45954442E+003    -0.73307884E+003
     0.30390943E+001     0.82697961E+002     0.71994996E+003    -0.46924854E+003
     0.30426281E+001     0.82794121E+002     0.84360812E+003    -0.11986097E+003
     0.30461619E+001     0.82890282E+002     0.80714810E+003     0.24888960E+003
     0.30496958E+001     0.82986442E+002     0.61755168E+003     0.56716214E+003
     0.30532296E+001     0.83082603E+002     0.31078388E+003     0.77471672E+003
     0.30567634E+001     0.83178763E+002    -0.55012607E+002     0.83229679E+003
     0.30602973E+001     0.83274924E+002    -0.41054576E+003     0.72906907E+003
     0.30638311E+001     0.83371084E+002    -0.68849682E+003     0.48465216E+003
     0.30673649E+001     0.83467244E+002    -0.83627012E+003     0.14539615E+003
     0.30708988E+001     0.83563405E+002    -0.82595115E+003    -0.22443275E+003
     0.30744326E+001     0.83659565E+002    -0.65952414E+003    -0.55477401E+003
     0.30779664E+001     0.83755726E+002    -0.36860681E+003    -0.78307955E+003
     0.30815002E+001     0.83851886E+002    -0.83378149E+001    -0.86617048E+003
     0.30850341E+001     0.83948046E+002     0.35303358E+003    -0.78837271E+003
     0.30885679E+001     0.84044207E+002     0.64707473E+003    -0.56448949E+003
     0.30921017E+001     0.84140367E+002     0.81814236E+003    -0.23697470E+003
     0.30956356E+001     0.84236528E+002     0.83389042E+003     0.13212028E+003
     0.30991694E+001     0.84332688E+002     0.69139322E+003     0.47287916E+003
     0.31027032E+001     0.84428849E+002     0.41771634E+003     0.72078748E+003
     0.31062371E+001     0.84525009E+002     0.64725381E+002     0.82895723E+003
     0.31097709E+001     0.84621169E+002    -0.30070574E+003     0.77695732E+003
     0.31133047E+001     0.84717330E+002    -0.60938111E+003     0.57470881E+003
     0.31168386E+001     0.84813490E+002    -0.80287906E+003     0.26054340E+003
     0.31203724E+001     0.84909651E+002    -0.84457047E+003    -0.10598604E+003
     0.31239062E+001     0.85005811E+002    -0.72664092E+003    -0.45540373E+003
     0.31274400E+001     0.85101971E+002    -0.47153685E+003    -0.72159018E+003
     0.31309739E+001     0.85198132E+002    -0.12757378E+003    -0.85418885E+003
     0.31345077E+001     0.85294292E+002     0.24006547E+003    -0.82812107E+003
     0.31380415E+001     0.85390453E+002     0.56175282E+003    -0.64839087E+003
     0.31415754E+001     0.85486613E+002     0.77658766E+003    -0.34909521E+003
     0.31451092E+001     0.85582774E+002     0.84393243E+003     0.13045233E+002
     0.31486430E+001     0.85678934E+002     0.75108285E+003     0.36942543E+003
     0.31521769E+001     0.85775094E+002     0.51568969E+003     0.65255447E+003
     0.31557107E+001     0.85871255E+002     0.18238739E+003     0.80883546E+003
     0.31592445E+001     0.85967415E+002    -0.18566209E+003     0.80872643E+003
     0.31627783E+001     0.86063576E+002    -0.51872785E+003     0.65225126E+003
     0.31663122E+001     0.86159736E+002    -0.75363987E+003     0.36911659E+003
     0.31698460E+001     0.86255897E+002    -0.84577097E+003     0.13034953E+002
     0.31733798E+001     0.86352057E+002    -0.77713737E+003    -0.34777211E+003
     0.31769137E+001     0.86448217E+002    -0.56498286E+003    -0.64362622E+003
     0.31804475E+001     0.86544378E+002    -0.24526342E+003    -0.82508851E+003
     0.31839813E+001     0.86640538E+002     0.12174682E+003    -0.85190680E+003
     0.31875152E+001     0.86736699E+002     0.46504107E+003    -0.72004390E+003
     0.31910490E+001     0.86832859E+002     0.71960618E+003    -0.45488508E+003
     0.31945828E+001     0.86929019E+002     0.83735508E+003    -0.10678891E+003
     0.31981167E+001     0.87025180E+002     0.79607253E+003     0.25825012E+003
     0.32016505E+001     0.87121340E+002     0.60368392E+003     0.57111214E+003
     0.32051843E+001     0.87217501E+002     0.29668983E+003     0.77256939E+003
     0.32087181E+001     0.87313661E+002    -0.66721947E+002     0.82454752E+003
     0.32122520E+001     0.87409822E+002    -0.41772489E+003     0.71725891E+003
     0.32157858E+001     0.87505982E+002    -0.68985910E+003     0.47109848E+003
     0.32193196E+001     0.87602142E+002    -0.83163753E+003     0.13272077E+003
     0.32228535E+001     0.87698303E+002    -0.81625984E+003    -0.23375492E+003
     0.32263873E+001     0.87794463E+002    -0.64670932E+003    -0.55893462E+003
     0.32299211E+001     0.87890624E+002    -0.35514575E+003    -0.78125513E+003
     0.32334550E+001     0.87986784E+002     0.31704832E+001    -0.85866685E+003
     0.32369888E+001     0.88082945E+002     0.36037450E+003    -0.77656710E+003
     0.32405226E+001     0.88179105E+002     0.64883035E+003    -0.55055907E+003
     0.32440565E+001     0.88275265E+002     0.81395234E+003    -0.22349178E+003
     0.32475903E+001     0.88371426E+002     0.82451925E+003     0.14267856E+003
     0.32511241E+001     0.88467586E+002     0.67858945E+003     0.47860426E+003
     0.32546579E+001     0.88563747E+002     0.40384904E+003     0.72070188E+003
     0.32581918E+001     0.88659907E+002     0.52360369E+002     0.82316694E+003
     0.32617256E+001     0.88756067E+002    -0.30929823E+003     0.76665581E+003
     0.32652594E+001     0.88852228E+002    -0.61265750E+003     0.56192358E+003
     0.32687933E+001     0.88948388E+002    -0.80029515E+003     0.24778934E+003
     0.32723271E+001     0.89044549E+002    -0.83673549E+003    -0.11623278E+003
     0.32758609E+001     0.89140709E+002    -0.71512458E+003    -0.46119736E+003
     0.32793948E+001     0.89236870E+002    -0.45854975E+003    -0.72179721E+003
     0.32829286E+001     0.89333030E+002    -0.11563503E+003    -0.84870949E+003
     0.32864624E+001     0.89429190E+002     0.24865750E+003    -0.81794231E+003
     0.32899962E+001     0.89525351E+002     0.56531203E+003    -0.63534956E+003
     0.32935301E+001     0.89621511E+002     0.77418000E+003    -0.33559542E+003
     0.32970639E+001     0.89717672E+002     0.83632054E+003     0.24055028E+002
     0.33005977E+001     0.89813832E+002     0.73977808E+003     0.37639973E+003
     0.33041316E+001     0.89909992E+002     0.50267062E+003     0.65426434E+003
     0.33076654E+001     0.90006153E+002     0.17004886E+003     0.80507788E+003
     0.33111992E+001     0.90102313E+002    -0.19505438E+003     0.80031147E+003
     0.33147331E+001     0.90198474E+002    -0.52351773E+003     0.64097286E+003
     0.33182669E+001     0.90294634E+002    -0.75313746E+003     0.35725147E+003
     0.33218007E+001     0.90390795E+002    -0.84052333E+003     0.29370646E+001
     0.33253346E+001     0.90486955E+002    -0.76912382E+003    -0.35488072E+003
     0.33288684E+001     0.90583115E+002    -0.55257204E+003    -0.64844714E+003
     0.33324022E+001     0.90679276E+002    -0.23186283E+003    -0.82219271E+003
     0.33359360E+001     0.90775436E+002     0.13219271E+003    -0.84327867E+003
     0.33394699E+001     0.90871597E+002     0.47069043E+003    -0.70775006E+003
     0.33430037E+001     0.90967757E+002     0.71952515E+003    -0.44134219E+003
     0.33465375E+001     0.91063918E+002     0.83164114E+003    -0.94525355E+002
     0.33500714E+001     0.91160078E+002     0.78585183E+003     0.26701213E+003
     0.33536052E+001     0.91256238E+002     0.59088659E+003     0.57482478E+003
     0.33571390E+001     0.91352399E+002     0.28369654E+003     0.77066389E+003
     0.33606729E+001     0.91448559E+002    -0.77516592E+002     0.81748433E+003
     0.33642067E+001     0.91544720E+002    -0.42435985E+003     0.70649052E+003
     0.33677405E+001     0.91640880E+002    -0.69117815E+003     0.45873282E+003
     0.33712744E+001     0.91737040E+002    -0.82748227E+003     0.12117511E+003
     0.33748082E+001     0.91833201E+002    -0.80751890E+003    -0.24225041E+003
     0.33783420E+001     0.91929361E+002    -0.63512120E+003    -0.56273312E+003
     0.33818758E+001     0.92025522E+002    -0.34297868E+003    -0.77961541E+003
     0.33854097E+001     0.92121682E+002     0.13561201E+002    -0.85187460E+003
     0.33889435E+001     0.92217843E+002     0.36698035E+003    -0.76587512E+003
     0.33924773E+001     0.92314003E+002     0.65037066E+003    -0.53795287E+003
     0.33960112E+001     0.92410163E+002     0.81010721E+003    -0.21129817E+003
     0.33995450E+001     0.92506324E+002     0.81599045E+003     0.15221534E+003
     0.34030788E+001     0.92602484E+002     0.66695602E+003     0.48376295E+003
     0.34066127E+001     0.92698645E+002     0.39126932E+003     0.72059375E+003
     0.34101465E+001     0.92794805E+002     0.41156445E+002     0.81790403E+003
     0.34136803E+001     0.92890966E+002    -0.31707844E+003     0.75732402E+003
     0.34172141E+001     0.92987126E+002    -0.61562074E+003     0.55036892E+003
     0.34207480E+001     0.93083286E+002    -0.79797439E+003     0.23627165E+003
     0.34242818E+001     0.93179447E+002    -0.82966006E+003    -0.12547806E+003
     0.34278156E+001     0.93275607E+002    -0.70472561E+003    -0.46637824E+003
     0.34313495E+001     0.93371768E+002    -0.44687830E+003    -0.72190258E+003
     0.34348833E+001     0.93467928E+002    -0.10496658E+003    -0.84370550E+003
     0.34384171E+001     0.93564088E+002     0.25624938E+003    -0.80876716E+003
     0.34419510E+001     0.93660249E+002     0.56838594E+003    -0.62375306E+003
     0.34454848E+001     0.93756409E+002     0.77236464E+003    -0.32373161E+003
     0.34490186E+001     0.93852570E+002     0.82960890E+003     0.34462245E+002
     0.34525525E+001     0.93948730E+002     0.72932764E+003     0.38301144E+003
     0.34560863E+001     0.94044891E+002     0.49055077E+003     0.65593453E+003
     0.34596201E+001     0.94141051E+002     0.15852034E+003     0.80159941E+003
     0.34631539E+001     0.94237211E+002    -0.20388831E+003     0.79246232E+003
     0.34666878E+001     0.94333372E+002    -0.52805765E+003     0.63030435E+003
     0.34702216E+001     0.94429532E+002    -0.75263542E+003     0.34586101E+003
     0.34737554E+001     0.94525693E+002    -0.83512839E+003    -0.69778405E+001
     0.34772893E+001     0.94621853E+002    -0.75996408E+003    -0.36139795E+003
     0.34808231E+001     0.94718013E+002    -0.54140841E+003    -0.65029296E+003
     0.34843569E+001     0.94814174E+002    -0.22087264E+003    -0.81897907E+003
     0.34878908E+001     0.94910334E+002     0.14092206E+003    -0.83551179E+003
     0.34914246E+001     0.95006495E+002     0.47542755E+003    -0.69674964E+003
     0.34949584E+001     0.95102655E+002     0.71897942E+003    -0.42885220E+003
     0.34984923E+001     0.95198816E+002     0.82566505E+003    -0.84220030E+002
     0.35020261E+001     0.95294976E+002     0.77666522E+003     0.27411953E+003
     0.35055599E+001     0.95391136E+002     0.57969563E+003     0.57768676E+003
     0.35090937E+001     0.95487297E+002     0.27243655E+003     0.76874044E+003
     0.35126276E+001     0.95583457E+002    -0.86815687E+002     0.81116722E+003
     0.35161614E+001     0.95679618E+002    -0.43001361E+003     0.69700948E+003
     0.35196952E+001     0.95775778E+002    -0.69218895E+003     0.44793551E+003
     0.35232291E+001     0.95871939E+002    -0.82373593E+003     0.11114907E+003
     0.35267629E+001     0.95968099E+002    -0.79979120E+003    -0.24956506E+003
     0.35302967E+001     0.96064259E+002    -0.62494189E+003    -0.56590731E+003
     0.35338306E+001     0.96160420E+002    -0.33233162E+003    -0.77800646E+003
     0.35373644E+001     0.96256580E+002     0.22599894E+002    -0.84571942E+003
     0.35408982E+001     0.96352741E+002     0.37262906E+003    -0.75632894E+003
     0.35444320E+001     0.96448901E+002     0.65151995E+003    -0.52670948E+003
     0.35479659E+001     0.96545061E+002     0.80636901E+003    -0.20059026E+003
     0.35514997E+001     0.96641222E+002     0.80826079E+003     0.16046196E+003
     0.35550335E+001     0.96737382E+002     0.65659093E+003     0.48812531E+003
     0.35585674E+001     0.96833543E+002     0.38015169E+003     0.72032250E+003
     0.35621012E+001     0.96929703E+002     0.31320395E+002     0.81312161E+003
     0.35656350E+001     0.97025864E+002    -0.32384388E+003     0.74900479E+003
     0.35691689E+001     0.97122024E+002    -0.61811170E+003     0.54015914E+003
     0.35727027E+001     0.97218184E+002    -0.79580328E+003     0.22616530E+003
     0.35762365E+001     0.97314345E+002    -0.82332359E+003    -0.13351148E+003
     0.35797704E+001     0.97410505E+002    -0.69550943E+003    -0.47077609E+003
     0.35833042E+001     0.97506666E+002    -0.43660191E+003    -0.72179551E+003
     0.35868380E+001     0.97602826E+002    -0.95647665E+002    -0.83908242E+003
     0.35903718E+001     0.97698986E+002     0.26278987E+003    -0.80047371E+003
     0.35939057E+001     0.97795147E+002     0.57085914E+003    -0.61332715E+003
     0.35974395E+001     0.97891307E+002     0.77026463E+003    -0.31310747E+003
     0.36009733E+001     0.97987468E+002     0.82329611E+003     0.43324975E+002
     0.36045072E+001     0.98083628E+002     0.71996294E+003     0.38849407E+003
     0.36080410E+001     0.98179789E+002     0.47986679E+003     0.65707181E+003
     0.36115748E+001     0.98275949E+002     0.14849585E+003     0.79825224E+003
     0.36151087E+001     0.98372109E+002    -0.21140735E+003     0.78535325E+003
     0.36186425E+001     0.98468270E+002    -0.53171614E+003     0.62087187E+003
     0.36221763E+001     0.98564430E+002    -0.75182075E+003     0.33598497E+003
     0.36257102E+001     0.98660591E+002    -0.83010420E+003    -0.15342249E+002
     0.36292440E+001     0.98756751E+002    -0.75179293E+003    -0.36659923E+003
     0.36327778E+001     0.98852912E+002    -0.53177711E+003    -0.65130234E+003
     0.36363116E+001     0.98949072E+002    -0.21173754E+003    -0.81559921E+003
     0.36398455E+001     0.99045232E+002     0.14769923E+003    -0.82843913E+003
     0.36433793E+001     0.99141393E+002     0.47850821E+003    -0.68747262E+003
     0.36469131E+001     0.99237553E+002     0.71808516E+003    -0.41944693E+003
     0.36504470E+001     0.99333714E+002     0.82118169E+003    -0.75189581E+002
     0.36539808E+001     0.99429874E+002     0.76840261E+003     0.28010774E+003
     0.36575146E+001     0.99526034E+002     0.57006806E+003     0.57916391E+003
     0.36610485E+001     0.99622195E+002     0.26441339E+003     0.76580639E+003
     0.36645823E+001     0.99718355E+002    -0.91153723E+002     0.80888833E+003
     0.36681161E+001     0.99814516E+002    -0.43757567E+003     0.69135577E+003
     0.36716499E+001     0.99910676E+002    -0.69524818E+003     0.43843477E+003
     0.36751838E+001     0.10000684E+003    -0.82168447E+003     0.10152315E+003
     0.36787176E+001     0.10010300E+003    -0.79351903E+003    -0.25697799E+003
     0.36822514E+001     0.10019916E+003    -0.61599141E+003    -0.56956064E+003
     0.36857853E+001     0.10029532E+003    -0.32265818E+003    -0.77720364E+003
     0.36893191E+001     0.10039148E+003     0.31011431E+002    -0.84066750E+003
     0.36928529E+001     0.10048764E+003     0.37810230E+003    -0.74799252E+003
     0.36963868E+001     0.10058380E+003     0.65296324E+003    -0.51675153E+003
     0.36999206E+001     0.10067996E+003     0.80360512E+003    -0.19073467E+003
     0.37034544E+001     0.10077612E+003     0.80156567E+003     0.16834237E+003
     0.37069883E+001     0.10087228E+003     0.64727256E+003     0.49252773E+003
     0.37105221E+001     0.10096844E+003     0.36996770E+003     0.72048633E+003
     0.37140559E+001     0.10106460E+003     0.22160412E+002     0.80911133E+003
     0.37175897E+001     0.10116076E+003    -0.33031213E+003     0.74167182E+003
     0.37211236E+001     0.10125692E+003    -0.62074691E+003     0.53097754E+003
     0.37246574E+001     0.10135308E+003    -0.79420119E+003     0.21693820E+003
     0.37281912E+001     0.10144924E+003    -0.81787797E+003    -0.14098025E+003
     0.37317251E+001     0.10154540E+003    -0.68734414E+003    -0.47502848E+003
     0.37352589E+001     0.10164156E+003    -0.42734946E+003    -0.72199396E+003
     0.37387927E+001     0.10173772E+003    -0.87131628E+002    -0.83516217E+003
     0.37423266E+001     0.10183388E+003     0.26889356E+003    -0.79315148E+003
     0.37458604E+001     0.10193004E+003     0.57334687E+003    -0.60395543E+003
     0.37493942E+001     0.10202621E+003     0.76861980E+003    -0.30341959E+003
     0.37529281E+001     0.10212237E+003     0.81778769E+003     0.51549952E+002
     0.37564619E+001     0.10221853E+003     0.71158384E+003     0.39376092E+003
     0.37599957E+001     0.10231469E+003     0.47014898E+003     0.65845274E+003
     0.37635295E+001     0.10241085E+003     0.13921320E+003     0.79555746E+003
     0.37670634E+001     0.10250701E+003    -0.21857306E+003     0.77916304E+003
     0.37705972E+001     0.10260317E+003    -0.53548909E+003     0.61241830E+003
     0.37741310E+001     0.10269933E+003    -0.75157789E+003     0.32692271E+003
     0.37776649E+001     0.10279549E+003    -0.82596772E+003    -0.23261627E+002
     0.37811987E+001     0.10289165E+003    -0.74463061E+003    -0.37184018E+003
     0.37847325E+001     0.10298781E+003    -0.52299601E+003    -0.65284884E+003
     0.37882664E+001     0.10308397E+003    -0.20305946E+003    -0.81312210E+003
     0.37918002E+001     0.10318013E+003     0.15461196E+003    -0.82236717E+003
     0.37953340E+001     0.10327629E+003     0.48231109E+003    -0.67887462E+003
     0.37988678E+001     0.10337245E+003     0.71803549E+003    -0.40984760E+003
     0.38024017E+001     0.10346861E+003     0.81720068E+003    -0.66231266E+002
     0.38059355E+001     0.10356477E+003     0.76108226E+003     0.28692105E+003
     0.38094693E+001     0.10366093E+003     0.56035170E+003     0.58278296E+003
     0.38130032E+001     0.10375709E+003     0.25304045E+003     0.76538311E+003
     0.38165370E+001     0.10385325E+003    -0.10266245E+003     0.80021437E+003
     0.38200708E+001     0.10394941E+003    -0.43943341E+003     0.68073705E+003
     0.38236047E+001     0.10404557E+003    -0.69355849E+003     0.42961833E+003
     0.38271385E+001     0.10414173E+003    -0.81698376E+003     0.94427672E+002
     0.38306723E+001     0.10423790E+003    -0.78641136E+003    -0.26137680E+003
     0.38342062E+001     0.10433406E+003    -0.60769775E+003    -0.57045550E+003
     0.38377400E+001     0.10443022E+003    -0.31473777E+003    -0.77435398E+003
     0.38412738E+001     0.10452638E+003     0.36964302E+002    -0.83455490E+003
     0.38448076E+001     0.10462254E+003     0.38082115E+003    -0.73977992E+003
     0.38483415E+001     0.10471870E+003     0.65178577E+003    -0.50811248E+003
     0.38518753E+001     0.10481486E+003     0.79868982E+003    -0.18356205E+003
     0.38554091E+001     0.10491102E+003     0.79399825E+003     0.17224886E+003
     0.38589430E+001     0.10500718E+003     0.63920859E+003     0.49185424E+003
     0.38624768E+001     0.10510334E+003     0.36519736E+003     0.71508758E+003
     0.38660106E+001     0.10519950E+003     0.27416561E+002     0.80633265E+003
     0.38695445E+001     0.10529566E+003    -0.33820635E+003     0.74743114E+003
     0.38730783E+001     0.10539182E+003    -0.62868875E+003     0.52579306E+003
     0.38766121E+001     0.10548798E+003    -0.79671430E+003     0.20841234E+003
     0.38801460E+001     0.10558414E+003    -0.81539430E+003    -0.14913481E+003
     0.38836798E+001     0.10568030E+003    -0.68116136E+003    -0.48065275E+003
     0.38872136E+001     0.10577646E+003    -0.41921750E+003    -0.72386041E+003
     0.38907474E+001     0.10587262E+003    -0.78990605E+002    -0.83294139E+003
     0.38942813E+001     0.10596878E+003     0.27524841E+003    -0.78735801E+003
     0.38978151E+001     0.10606494E+003     0.57656182E+003    -0.59579901E+003
     0.39013489E+001     0.10616110E+003     0.76802525E+003    -0.29454681E+003
     0.39048828E+001     0.10625726E+003     0.81351754E+003     0.59359116E+002
     0.39084166E+001     0.10635342E+003     0.70481903E+003     0.39914809E+003
     0.39119504E+001     0.10644958E+003     0.46155236E+003     0.66085970E+003
     0.39154843E+001     0.10654575E+003     0.13046793E+003     0.79412928E+003
     0.39190181E+001     0.10664191E+003    -0.22574469E+003     0.77429837E+003
     0.39225519E+001     0.10673807E+003    -0.53977706E+003     0.60515109E+003
     0.39260857E+001     0.10683423E+003    -0.75224771E+003     0.31873097E+003
     0.39296196E+001     0.10693039E+003    -0.82298653E+003    -0.30727252E+002
     0.39331534E+001     0.10702655E+003    -0.73868723E+003    -0.37710910E+003
     0.39366872E+001     0.10712271E+003    -0.51531551E+003    -0.65488601E+003
     0.39402211E+001     0.10721887E+003    -0.19517581E+003    -0.81150989E+003
     0.39437549E+001     0.10731503E+003     0.16113009E+003    -0.81737607E+003
     0.39472887E+001     0.10741119E+003     0.48617105E+003    -0.67141224E+003
     0.39508226E+001     0.10750735E+003     0.71844981E+003    -0.40127440E+003
     0.39543564E+001     0.10760351E+003     0.81403568E+003    -0.58110576E+002
     0.39578902E+001     0.10769967E+003     0.75487341E+003     0.29312973E+003
     0.39614241E+001     0.10779583E+003     0.55219592E+003     0.58597959E+003
     0.39649579E+001     0.10789199E+003     0.24438630E+003     0.76504188E+003
     0.39684917E+001     0.10798815E+003    -0.11028338E+003     0.79645958E+003
     0.39720255E+001     0.10808431E+003    -0.44469213E+003     0.67432494E+003
     0.39755594E+001     0.10818047E+003    -0.69556463E+003     0.42178506E+003
     0.39790932E+001     0.10827663E+003    -0.81544874E+003     0.86661967E+002
     0.39826270E+001     0.10837279E+003    -0.78169374E+003    -0.26760891E+003
     0.39861609E+001     0.10846895E+003    -0.60072142E+003    -0.57398317E+003
     0.39896947E+001     0.10856511E+003    -0.30681621E+003    -0.77449613E+003
     0.39932285E+001     0.10866127E+003     0.44382036E+002    -0.83122629E+003
     0.39967624E+001     0.10875743E+003     0.38639772E+003    -0.73347143E+003
     0.40002962E+001     0.10885360E+003     0.65451235E+003    -0.49976277E+003
     0.40038300E+001     0.10894976E+003     0.79800469E+003    -0.17435611E+003
     0.40073639E+001     0.10904592E+003     0.78974736E+003     0.18115023E+003
     0.40108977E+001     0.10914208E+003     0.63133767E+003     0.49947923E+003
     0.40144315E+001     0.10923824E+003     0.35278334E+003     0.72039850E+003
     0.40179653E+001     0.10933440E+003     0.68229001E+001     0.80213079E+003
     0.40214992E+001     0.10943056E+003    -0.34106031E+003     0.72923801E+003
     0.40250330E+001     0.10952672E+003    -0.62503634E+003     0.51555689E+003
     0.40285668E+001     0.10962288E+003    -0.79137598E+003     0.20156504E+003
     0.40321007E+001     0.10971904E+003    -0.80864844E+003    -0.15326392E+003
     0.40356345E+001     0.10981520E+003    -0.67380708E+003    -0.48177360E+003
     0.40391683E+001     0.10991136E+003    -0.41204527E+003    -0.72220114E+003
     0.40427022E+001     0.11000752E+003    -0.73005656E+002    -0.82847033E+003
     0.40462360E+001     0.11010368E+003     0.27899323E+003    -0.78073934E+003
     0.40497698E+001     0.11019984E+003     0.57736814E+003    -0.58808709E+003
     0.40533036E+001     0.11029600E+003     0.76569242E+003    -0.28700685E+003
     0.40568375E+001     0.11039216E+003     0.80834369E+003     0.65505698E+002
     0.40603713E+001     0.11048832E+003     0.69730143E+003     0.40274480E+003
     0.40639051E+001     0.11058448E+003     0.45359553E+003     0.66088838E+003
     0.40674390E+001     0.11068064E+003     0.12338265E+003     0.79112751E+003
     0.40709728E+001     0.11077680E+003    -0.23084652E+003     0.76882859E+003
     0.40745066E+001     0.11087296E+003    -0.54205594E+003     0.59826453E+003
     0.40780405E+001     0.11096912E+003    -0.75137261E+003     0.31172340E+003
     0.40815743E+001     0.11106528E+003    -0.81920775E+003    -0.36537113E+002
     0.40851081E+001     0.11116145E+003    -0.73275620E+003    -0.38061414E+003
     0.40886420E+001     0.11125761E+003    -0.50840451E+003    -0.65538984E+003
     0.40921758E+001     0.11135377E+003    -0.18864199E+003    -0.80888596E+003
     0.40957096E+001     0.11144993E+003     0.16600889E+003    -0.81207601E+003
     0.40992434E+001     0.11154609E+003     0.48842091E+003    -0.66438780E+003
     0.41027773E+001     0.11164225E+003     0.71759659E+003    -0.39379812E+003
     0.41063111E+001     0.11173841E+003     0.81018368E+003    -0.51532771E+002
     0.41098449E+001     0.11183457E+003     0.74869006E+003     0.29762973E+003
     0.41133788E+001     0.11193073E+003     0.54477893E+003     0.58761830E+003
     0.41169126E+001     0.11202689E+003     0.23706342E+003     0.76357212E+003
     0.41204464E+001     0.11212305E+003    -0.11621052E+003     0.79221955E+003
     0.41239803E+001     0.11221921E+003    -0.44818653E+003     0.66817050E+003
     0.41275141E+001     0.11231537E+003    -0.69605151E+003     0.41492828E+003
     0.41310479E+001     0.11241153E+003    -0.81292273E+003     0.80441079E+002
     0.41345818E+001     0.11250769E+003    -0.77671074E+003    -0.27198294E+003
     0.41381156E+001     0.11260385E+003    -0.59430072E+003    -0.57565028E+003
     0.41416494E+001     0.11270001E+003    -0.30023751E+003    -0.77310838E+003
     0.41451832E+001     0.11279617E+003     0.49810957E+002    -0.82701251E+003
     0.41487171E+001     0.11289233E+003     0.38959350E+003    -0.72718823E+003
     0.41522509E+001     0.11298849E+003     0.65481678E+003    -0.49255486E+003
     0.41557847E+001     0.11308465E+003     0.79530469E+003    -0.16753385E+003
     0.41593186E+001     0.11318081E+003     0.78449796E+003     0.18635477E+003
     0.41628524E+001     0.11327697E+003     0.62446757E+003     0.50214447E+003
     0.41663862E+001     0.11337313E+003     0.34552233E+003     0.72008649E+003
     0.41699201E+001     0.11346930E+003     0.46706870E+000     0.79896438E+003
     0.41734539E+001     0.11356546E+003    -0.34539668E+003     0.72387725E+003
     0.41769877E+001     0.11366162E+003    -0.62662407E+003     0.50906792E+003
     0.41805215E+001     0.11375778E+003    -0.79001751E+003     0.19520593E+003
     0.41840554E+001     0.11385394E+003    -0.80468133E+003    -0.15829763E+003
     0.41875892E+001     0.11395010E+003    -0.66787108E+003    -0.48454625E+003
     0.41911230E+001     0.11404626E+003    -0.40550119E+003    -0.72180992E+003
     0.41946569E+001     0.11414242E+003    -0.67244220E+002    -0.82520593E+003
     0.41981907E+001     0.11423858E+003     0.28287979E+003    -0.77519567E+003
     0.42017245E+001     0.11433474E+003     0.57861344E+003    -0.58126601E+003
     0.42052584E+001     0.11443090E+003     0.76400897E+003    -0.28014385E+003
     0.42087922E+001     0.11452706E+003     0.80400410E+003     0.71179939E+002
     0.42123260E+001     0.11462322E+003     0.69105816E+003     0.40621644E+003
     0.42158599E+001     0.11471938E+003     0.44656529E+003     0.66158294E+003
     0.42193937E+001     0.11481554E+003     0.11680772E+003     0.78896962E+003
     0.42229275E+001     0.11491170E+003    -0.23581129E+003     0.76429956E+003
     0.42264613E+001     0.11500786E+003    -0.54457135E+003     0.59225906E+003
     0.42299952E+001     0.11510402E+003    -0.75106822E+003     0.30541608E+003
     0.42335290E+001     0.11520018E+003    -0.81624465E+003    -0.41982841E+002
     0.42370628E+001     0.11529634E+003    -0.72760095E+003    -0.38432832E+003
     0.42405967E+001     0.11539250E+003    -0.50189772E+003    -0.65598379E+003
     0.42441305E+001     0.11548866E+003    -0.18263497E+003    -0.80649274E+003
     0.42476643E+001     0.11558482E+003     0.17045285E+003    -0.80723622E+003
     0.42511982E+001     0.11568098E+003     0.49045392E+003    -0.65797824E+003
     0.42547320E+001     0.11577715E+003     0.71679531E+003    -0.38697746E+003
     0.42582658E+001     0.11587331E+003     0.80664342E+003    -0.45531873E+002
     0.42617997E+001     0.11596947E+003     0.74301638E+003     0.30172621E+003
     0.42653335E+001     0.11606563E+003     0.53798402E+003     0.58907928E+003
     0.42688673E+001     0.11616179E+003     0.23038400E+003     0.76215642E+003
     0.42724011E+001     0.11625795E+003    -0.12151684E+003     0.78822731E+003
     0.42759350E+001     0.11635411E+003    -0.45098061E+003     0.66247467E+003
     0.42794688E+001     0.11645027E+003    -0.69604379E+003     0.40953365E+003
     0.42830026E+001     0.11654643E+003    -0.81113855E+003     0.75233347E+002
     0.42865365E+001     0.11664259E+003    -0.77262772E+003    -0.27590896E+003
     0.42900703E+001     0.11673875E+003    -0.58877238E+003    -0.57725981E+003
     0.42936041E+001     0.11683491E+003    -0.29446946E+003    -0.77199670E+003
     0.42971380E+001     0.11693107E+003     0.54638087E+002    -0.82336690E+003
     0.43006718E+001     0.11702723E+003     0.39247619E+003    -0.72163622E+003
     0.43042056E+001     0.11712339E+003     0.65513052E+003    -0.48612582E+003
     0.43077394E+001     0.11721955E+003     0.79293007E+003    -0.16140490E+003
     0.43112733E+001     0.11731571E+003     0.77982251E+003     0.19107200E+003
     0.43148071E+001     0.11741187E+003     0.61831417E+003     0.50460960E+003
     0.43183409E+001     0.11750803E+003     0.33898942E+003     0.71989176E+003
     0.43218748E+001     0.11760419E+003    -0.52801094E+001     0.79620484E+003
     0.43254086E+001     0.11770035E+003    -0.34934695E+003     0.71913644E+003
     0.43289424E+001     0.11779651E+003    -0.62811131E+003     0.50329704E+003
     0.43324763E+001     0.11789267E+003    -0.78884344E+003     0.18955057E+003
     0.43360101E+001     0.11798884E+003    -0.80115203E+003    -0.16272163E+003
     0.43395439E+001     0.11808500E+003    -0.66273630E+003    -0.48685828E+003
     0.43430778E+001     0.11818116E+003    -0.39981282E+003    -0.72153369E+003
     0.43466116E+001     0.11827732E+003    -0.62152382E+002    -0.82235816E+003
     0.43501454E+001     0.11837348E+003     0.28634202E+003    -0.77027833E+003
     0.43536792E+001     0.11846964E+003     0.57972931E+003    -0.57517114E+003
     0.43572131E+001     0.11856580E+003     0.76250577E+003    -0.27397708E+003
     0.43607469E+001     0.11866196E+003     0.80010461E+003     0.76300314E+002
     0.43642807E+001     0.11875812E+003     0.68543521E+003     0.40937797E+003
     0.43678146E+001     0.11885428E+003     0.44021617E+003     0.66223827E+003
     0.43713484E+001     0.11895044E+003     0.11086727E+003     0.78705391E+003
     0.43748822E+001     0.11904660E+003    -0.24028648E+003     0.76022973E+003
     0.43784161E+001     0.11914276E+003    -0.54679978E+003     0.58686946E+003
     0.43819499E+001     0.11923892E+003    -0.75069157E+003     0.29979676E+003
     0.43854837E+001     0.11933508E+003    -0.81339727E+003    -0.46651059E+002
     0.43890176E+001     0.11943124E+003    -0.72308229E+003    -0.38691447E+003
     0.43925514E+001     0.11952740E+003    -0.49685539E+003    -0.65661026E+003
     0.43960852E+001     0.11962356E+003    -0.17755137E+003    -0.80472310E+003
     0.43996190E+001     0.11971972E+003     0.17440405E+003    -0.80324497E+003
     0.44031529E+001     0.11981588E+003     0.49240540E+003    -0.65248289E+003
     0.44066867E+001     0.11991204E+003     0.71629277E+003    -0.38099135E+003
     0.44102205E+001     0.12000820E+003     0.80373743E+003    -0.40141494E+002
     0.44137544E+001     0.12010436E+003     0.73818363E+003     0.30556902E+003
     0.44172882E+001     0.12020052E+003     0.53206781E+003     0.59071335E+003
     0.44208220E+001     0.12029669E+003     0.22441533E+003     0.76135582E+003
     0.44243559E+001     0.12039285E+003    -0.12654905E+003     0.78523606E+003
     0.44278897E+001     0.12048901E+003    -0.45442299E+003     0.65786123E+003
     0.44314235E+001     0.12058517E+003    -0.69717237E+003     0.40335332E+003
     0.44349573E+001     0.12068133E+003    -0.80889231E+003     0.69890740E+002
     0.44384912E+001     0.12077749E+003    -0.76846102E+003    -0.27942755E+003
     0.44420250E+001     0.12087365E+003    -0.58355846E+003    -0.57850482E+003
     0.44455588E+001     0.12096981E+003    -0.28918419E+003    -0.77076360E+003
     0.44490927E+001     0.12106597E+003     0.58944273E+002    -0.81983915E+003
     0.44526265E+001     0.12116213E+003     0.39494984E+003    -0.71646654E+003
     0.44561603E+001     0.12125829E+003     0.65525763E+003    -0.48022497E+003
     0.44596942E+001     0.12135445E+003     0.79062409E+003    -0.15583566E+003
     0.44632280E+001     0.12145061E+003     0.77545879E+003     0.19531546E+003
     0.44667618E+001     0.12154677E+003     0.61265227E+003     0.50678438E+003
     0.44702957E+001     0.12164293E+003     0.33302982E+003     0.71965104E+003
     0.44738295E+001     0.12173909E+003    -0.10486733E+002     0.79365772E+003
     0.44773633E+001     0.12183525E+003    -0.35289930E+003     0.71482355E+003
     0.44808971E+001     0.12193141E+003    -0.62942249E+003     0.49809079E+003
     0.44844310E+001     0.12202757E+003    -0.78775232E+003     0.18448372E+003
     0.44879648E+001     0.12212373E+003    -0.79795043E+003    -0.16664362E+003
     0.44914986E+001     0.12221989E+003    -0.65811348E+003    -0.48885385E+003
     0.44950325E+001     0.12231605E+003    -0.39472224E+003    -0.72118768E+003
     0.44985663E+001     0.12241221E+003    -0.57630788E+002    -0.81970035E+003
     0.45021001E+001     0.12250837E+003     0.28937167E+003    -0.76577369E+003
     0.45056340E+001     0.12260454E+003     0.58062982E+003    -0.56962997E+003
     0.45091678E+001     0.12270070E+003     0.76104331E+003    -0.26840177E+003
     0.45127016E+001     0.12279686E+003     0.79649604E+003     0.80907061E+002
     0.45162355E+001     0.12289302E+003     0.68029583E+003     0.41219889E+003
     0.45197693E+001     0.12298918E+003     0.43445522E+003     0.66280191E+003
     0.45233031E+001     0.12308534E+003     0.10549645E+003     0.78531196E+003
     0.45268369E+001     0.12318150E+003    -0.24432426E+003     0.75657562E+003
     0.45303708E+001     0.12327766E+003    -0.54882840E+003     0.58204896E+003
     0.45339046E+001     0.12337382E+003    -0.75040732E+003     0.29477803E+003
     0.45374384E+001     0.12346998E+003    -0.81094568E+003    -0.50870985E+002
     0.45409723E+001     0.12356614E+003    -0.71900801E+003    -0.38949371E+003
     0.45445061E+001     0.12366230E+003    -0.49201640E+003    -0.65702340E+003
     0.45480399E+001     0.12375846E+003    -0.17293280E+003    -0.80285677E+003
     0.45515738E+001     0.12385462E+003     0.17785512E+003    -0.79941568E+003
     0.45551076E+001     0.12395078E+003     0.49397734E+003    -0.64737243E+003
     0.45586414E+001     0.12404694E+003     0.71562386E+003    -0.37551195E+003
     0.45621752E+001     0.12414310E+003     0.80087380E+003    -0.35285951E+002
     0.45657091E+001     0.12423926E+003     0.73361611E+003     0.30892554E+003
     0.45692429E+001     0.12433542E+003     0.52659724E+003     0.59200196E+003
     0.45727767E+001     0.12443158E+003     0.21900369E+003     0.76039727E+003
     0.45763106E+001     0.12452774E+003    -0.13095925E+003     0.78227241E+003
     0.45798444E+001     0.12462390E+003    -0.45707804E+003     0.65350985E+003
     0.45833782E+001     0.12472006E+003    -0.69765889E+003     0.39849190E+003
     0.45869121E+001     0.12481622E+003    -0.80719942E+003     0.65483358E+002
     0.45904459E+001     0.12491239E+003    -0.76499294E+003    -0.28250007E+003
     0.45939797E+001     0.12500855E+003    -0.57904894E+003    -0.57961862E+003
     0.45975136E+001     0.12510471E+003    -0.28456835E+003    -0.76966548E+003
     0.46010474E+001     0.12520087E+003     0.62718144E+002    -0.81670057E+003
     0.46045812E+001     0.12529703E+003     0.39710163E+003    -0.71184654E+003
     0.46081150E+001     0.12539319E+003     0.65533333E+003    -0.47494549E+003
     0.46116489E+001     0.12548935E+003     0.78850254E+003    -0.15082844E+003
     0.46151827E+001     0.12558551E+003     0.77149470E+003     0.19911366E+003
     0.46187165E+001     0.12568167E+003     0.60754515E+003     0.50872559E+003
     0.46222504E+001     0.12577783E+003     0.32767177E+003     0.71944054E+003
     0.46257842E+001     0.12587399E+003    -0.15166547E+002     0.79138947E+003
     0.46293180E+001     0.12597015E+003    -0.35609157E+003     0.71098567E+003
     0.46328519E+001     0.12606631E+003    -0.63060616E+003     0.49346382E+003
     0.46363857E+001     0.12616247E+003    -0.78678773E+003     0.17999729E+003
     0.46399195E+001     0.12625863E+003    -0.79510444E+003    -0.17009432E+003
     0.46434534E+001     0.12635479E+003    -0.65400529E+003    -0.49057090E+003
     0.46469872E+001     0.12645095E+003    -0.39020892E+003    -0.72079516E+003
     0.46505210E+001     0.12654711E+003    -0.53677333E+002    -0.81723683E+003
     0.46540548E+001     0.12664327E+003     0.29198788E+003    -0.76170308E+003
     0.46575887E+001     0.12673943E+003     0.58134727E+003    -0.56464873E+003
     0.46611225E+001     0.12683559E+003     0.75965534E+003    -0.26340276E+003
     0.46646563E+001     0.12693175E+003     0.79319739E+003     0.85026182E+002
     0.46681902E+001     0.12702791E+003     0.67564786E+003     0.41471724E+003
     0.46717240E+001     0.12712407E+003     0.42926153E+003     0.66329983E+003
     0.46752578E+001     0.12722024E+003     0.10066953E+003     0.78375685E+003
     0.46787917E+001     0.12731640E+003    -0.24795345E+003     0.75331792E+003
     0.46823255E+001     0.12741256E+003    -0.55065094E+003     0.57776323E+003
     0.46858593E+001     0.12750872E+003    -0.75016495E+003     0.29032808E+003
     0.46893931E+001     0.12760488E+003    -0.80876587E+003    -0.54594253E+002
     0.46929270E+001     0.12770104E+003    -0.71539009E+003    -0.39173838E+003
     0.46964608E+001     0.12779720E+003    -0.48772167E+003    -0.65732499E+003
     0.46999946E+001     0.12789336E+003    -0.16885550E+003    -0.80111455E+003
     0.47035285E+001     0.12798952E+003     0.18087465E+003    -0.79592102E+003
     0.47070623E+001     0.12808568E+003     0.49529455E+003    -0.64274408E+003
     0.47105961E+001     0.12818184E+003     0.71492724E+003    -0.37058144E+003
     0.47141300E+001     0.12827800E+003     0.79823074E+003    -0.30936522E+002
     0.47176638E+001     0.12837416E+003     0.72946179E+003     0.31192734E+003
     0.47211976E+001     0.12847032E+003     0.52164992E+003     0.59314810E+003
     0.47247315E+001     0.12856648E+003     0.21412297E+003     0.75953032E+003
     0.47282653E+001     0.12866264E+003    -0.13492566E+003     0.77961634E+003
     0.47317991E+001     0.12875880E+003    -0.45946073E+003     0.64962279E+003
     0.47353329E+001     0.12885496E+003    -0.69808846E+003     0.39416626E+003
     0.47388668E+001     0.12895112E+003    -0.80567889E+003     0.61590279E+002
     0.47424006E+001     0.12904728E+003    -0.76189635E+003    -0.28517682E+003
     0.47459344E+001     0.12914344E+003    -0.57504480E+003    -0.58052789E+003
     0.47494683E+001     0.12923960E+003    -0.28049231E+003    -0.76859753E+003
     0.47530021E+001     0.12933576E+003     0.66020432E+002    -0.81381222E+003
     0.47565359E+001     0.12943193E+003     0.39893321E+003    -0.70764153E+003
     0.47600698E+001     0.12952809E+003     0.65526052E+003    -0.47018345E+003
     0.47636036E+001     0.12962425E+003     0.78652316E+003    -0.14638094E+003
     0.47671374E+001     0.12972041E+003     0.76789856E+003     0.20250013E+003
     0.47706713E+001     0.12981657E+003     0.60293165E+003     0.51045919E+003
     0.47742051E+001     0.12991273E+003     0.32284565E+003     0.71923794E+003
     0.47777389E+001     0.13000889E+003    -0.19363750E+002     0.78936045E+003
     0.47812727E+001     0.13010505E+003    -0.35894338E+003     0.70756961E+003
     0.47848066E+001     0.13020121E+003    -0.63166342E+003     0.48936679E+003
     0.47883404E+001     0.13029737E+003    -0.78592896E+003     0.17604758E+003
     0.47918742E+001     0.13039353E+003    -0.79258601E+003    -0.17310561E+003
     0.47954081E+001     0.13048969E+003    -0.65038335E+003    -0.49202367E+003
     0.47989419E+001     0.13058585E+003    -0.38625294E+003    -0.72039489E+003
     0.48024757E+001     0.13068201E+003    -0.50171939E+002    -0.81500624E+003
     0.48060096E+001     0.13077817E+003     0.29427113E+003    -0.75799447E+003
     0.48095434E+001     0.13087433E+003     0.58190778E+003    -0.56013870E+003
     0.48130772E+001     0.13097049E+003     0.75833137E+003    -0.25890250E+003
     0.48166110E+001     0.13106665E+003     0.79016962E+003     0.88728562E+002
     0.48201449E+001     0.13116281E+003     0.67141929E+003     0.41697016E+003
     0.48236787E+001     0.13125897E+003     0.42456382E+003     0.66373874E+003
     0.48272125E+001     0.13135513E+003     0.96316998E+002     0.78235381E+003
     0.48307464E+001     0.13145129E+003    -0.25121100E+003     0.75040474E+003
     0.48342802E+001     0.13154745E+003    -0.55228262E+003     0.57394663E+003
     0.48378140E+001     0.13164361E+003    -0.74994487E+003     0.28638865E+003
     0.48413479E+001     0.13173978E+003    -0.80682424E+003    -0.57864409E+002
     0.48448817E+001     0.13183594E+003    -0.71217414E+003    -0.39367367E+003
     0.48484155E+001     0.13193210E+003    -0.48392308E+003    -0.65751553E+003
     0.48519494E+001     0.13202826E+003    -0.16526629E+003    -0.79948178E+003
     0.48554832E+001     0.13212442E+003     0.18349878E+003    -0.79273079E+003
     0.48590170E+001     0.13222058E+003     0.49639021E+003    -0.63855600E+003
     0.48625508E+001     0.13231674E+003     0.71421893E+003    -0.36614059E+003
     0.48660847E+001     0.13241290E+003     0.79578606E+003    -0.27030817E+002
     0.48696185E+001     0.13250906E+003     0.72567712E+003     0.31461465E+003
     0.48731523E+001     0.13260522E+003     0.51716872E+003     0.59416613E+003
     0.48766862E+001     0.13270138E+003     0.20972295E+003     0.75874770E+003
     0.48802200E+001     0.13279754E+003    -0.13849087E+003     0.77723968E+003
     0.48837538E+001     0.13289370E+003    -0.46159565E+003     0.64616290E+003
     0.48872877E+001     0.13298986E+003    -0.69847301E+003     0.39033285E+003
     0.48908215E+001     0.13308602E+003    -0.80432552E+003     0.58161170E+002
     0.48943553E+001     0.13318218E+003    -0.75914394E+003    -0.28750327E+003
     0.48978892E+001     0.13327834E+003    -0.57149674E+003    -0.58126780E+003
     0.49014230E+001     0.13337450E+003    -0.27689834E+003    -0.76756518E+003
     0.49049568E+001     0.13347066E+003     0.68905983E+002    -0.81116287E+003
     0.49084906E+001     0.13356682E+003     0.40049312E+003    -0.70383163E+003
     0.49120245E+001     0.13366298E+003     0.65513448E+003    -0.46588667E+003
     0.49155583E+001     0.13375914E+003     0.78466670E+003    -0.14235934E+003
     0.49190921E+001     0.13385530E+003     0.76459607E+003     0.20554437E+003
     0.49226260E+001     0.13395146E+003     0.59873608E+003     0.51200321E+003
     0.49261598E+001     0.13404763E+003     0.31847825E+003     0.71905212E+003
     0.49296936E+001     0.13414379E+003    -0.23148195E+002     0.78753455E+003
     0.49332275E+001     0.13423995E+003    -0.36150997E+003     0.70451466E+003
     0.49367613E+001     0.13433611E+003    -0.63260555E+003     0.48571804E+003
     0.49402951E+001     0.13443227E+003    -0.78515803E+003     0.17254861E+003
     0.49438289E+001     0.13452843E+003    -0.79032930E+003    -0.17573813E+003
     0.49473628E+001     0.13462459E+003    -0.64715218E+003    -0.49325571E+003
     0.49508966E+001     0.13472075E+003    -0.38273448E+003    -0.71993634E+003
     0.49544304E+001     0.13481691E+003    -0.47105973E+002    -0.81291004E+003
     0.49579643E+001     0.13491307E+003     0.29622515E+003    -0.75459807E+003
     0.49614981E+001     0.13500923E+003     0.58231269E+003    -0.55605154E+003
     0.49650319E+001     0.13510539E+003     0.75703742E+003    -0.25484295E+003
     0.49685658E+001     0.13520155E+003     0.78736308E+003     0.92036457E+002
     0.49720996E+001     0.13529771E+003     0.66756408E+003     0.41896504E+003
     0.49756334E+001     0.13539387E+003     0.42031930E+003     0.66410214E+003
     0.49791673E+001     0.13549003E+003     0.92411519E+002     0.78108264E+003
     0.49827011E+001     0.13558619E+003    -0.25411969E+003     0.74780214E+003
     0.49862349E+001     0.13568235E+003    -0.55373523E+003     0.57056281E+003
     0.49897687E+001     0.13577851E+003    -0.74973736E+003     0.28290549E+003
     0.49933026E+001     0.13587467E+003    -0.80508242E+003    -0.60719338E+002
     0.49968364E+001     0.13597083E+003    -0.70931311E+003    -0.39531801E+003
     0.50003702E+001     0.13606699E+003    -0.48056428E+003    -0.65759076E+003
     0.50039041E+001     0.13616315E+003    -0.16212278E+003    -0.79793125E+003
     0.50074379E+001     0.13625931E+003     0.18576005E+003    -0.78980276E+003
     0.50109717E+001     0.13635548E+003     0.49727167E+003    -0.63475831E+003
     0.50145056E+001     0.13645164E+003     0.71348510E+003    -0.36214097E+003
     0.50180394E+001     0.13654780E+003     0.79351005E+003    -0.23534626E+002
     0.50215732E+001     0.13664396E+003     0.72222032E+003     0.31700500E+003
     0.50251071E+001     0.13674012E+003     0.51311585E+003     0.59505587E+003
     0.50286409E+001     0.13683628E+003     0.20576705E+003     0.75803060E+003
     0.50321747E+001     0.13693244E+003    -0.14167750E+003     0.77511485E+003
     0.50357085E+001     0.13702860E+003    -0.46349468E+003     0.64309213E+003
     0.50392424E+001     0.13712476E+003    -0.69880792E+003     0.38695153E+003
     0.50427762E+001     0.13722092E+003    -0.80311439E+003     0.55161936E+002
     0.50463100E+001     0.13731708E+003    -0.75669865E+003    -0.28950221E+003
     0.50498439E+001     0.13741324E+003    -0.56836008E+003    -0.58183965E+003
     0.50533777E+001     0.13750940E+003    -0.27374325E+003    -0.76655512E+003
     0.50569115E+001     0.13760556E+003     0.71407994E+002    -0.80871742E+003
     0.50604454E+001     0.13770172E+003     0.40179616E+003    -0.70036542E+003
     0.50639792E+001     0.13779788E+003     0.65492397E+003    -0.46200870E+003
     0.50675130E+001     0.13789404E+003     0.78291358E+003    -0.13874943E+003
     0.50710468E+001     0.13799020E+003     0.76156603E+003     0.20825662E+003
     0.50745807E+001     0.13808636E+003     0.59493281E+003     0.51336545E+003
     0.50781145E+001     0.13818252E+003     0.31454948E+003     0.71886790E+003
     0.50816483E+001     0.13827868E+003    -0.26535813E+002     0.78590203E+003
     0.50851822E+001     0.13837484E+003    -0.36379743E+003     0.70180272E+003
     0.50887160E+001     0.13847100E+003    -0.63344056E+003     0.48249645E+003
     0.50922498E+001     0.13856716E+003    -0.78446622E+003     0.16948169E+003
     0.50957837E+001     0.13866333E+003    -0.78832075E+003    -0.17801789E+003
     0.50993175E+001     0.13875949E+003    -0.64429107E+003    -0.49426416E+003
     0.51028513E+001     0.13885565E+003    -0.37964071E+003    -0.71943691E+003
     0.51063852E+001     0.13895181E+003    -0.44445143E+002    -0.81094972E+003
     0.51099190E+001     0.13904797E+003     0.29788008E+003    -0.75150573E+003
     0.51134528E+001     0.13914413E+003     0.58257793E+003    -0.55236114E+003
     0.51169866E+001     0.13924029E+003     0.75579763E+003    -0.25120220E+003
     0.51205205E+001     0.13933645E+003     0.78478288E+003     0.94997253E+002
     0.51240543E+001     0.13943261E+003     0.66406220E+003     0.42074131E+003
     0.51275881E+001     0.13952877E+003     0.41648787E+003     0.66442029E+003
     0.51311220E+001     0.13962493E+003     0.88900077E+002     0.77994392E+003
     0.51346558E+001     0.13972109E+003    -0.25672595E+003     0.74548090E+003
     0.51381896E+001     0.13981725E+003    -0.55501404E+003     0.56755997E+003
     0.51417235E+001     0.13991341E+003    -0.74954513E+003     0.27985717E+003
     0.51452573E+001     0.14000957E+003    -0.80353313E+003    -0.63197644E+002
     0.51487911E+001     0.14010573E+003    -0.70678135E+003    -0.39670202E+003
     0.51523250E+001     0.14020189E+003    -0.47760764E+003    -0.65756995E+003
     0.51558588E+001     0.14029805E+003    -0.15937957E+003    -0.79646270E+003
     0.51593926E+001     0.14039421E+003     0.18769840E+003    -0.78711675E+003
     0.51629264E+001     0.14049037E+003     0.49796623E+003    -0.63131634E+003
     0.51664603E+001     0.14058653E+003     0.71274096E+003    -0.35854157E+003
     0.51699941E+001     0.14068269E+003     0.79139662E+003    -0.20401928E+002
     0.51735279E+001     0.14077885E+003     0.71907059E+003     0.31913770E+003
     0.51770618E+001     0.14087501E+003     0.50944930E+003     0.59584549E+003
     0.51805956E+001     0.14097118E+003     0.20220412E+003     0.75738790E+003
     0.51841294E+001     0.14106734E+003    -0.14454062E+003     0.77321804E+003
     0.51876633E+001     0.14116350E+003    -0.46518813E+003     0.64036119E+003
     0.51911971E+001     0.14125966E+003    -0.69909259E+003     0.38396747E+003
     0.51947309E+001     0.14135582E+003    -0.80202121E+003     0.52546908E+002
     0.51982647E+001     0.14145198E+003    -0.75452111E+003    -0.29119914E+003
     0.52017986E+001     0.14154814E+003    -0.56559164E+003    -0.58225253E+003
     0.52053324E+001     0.14164430E+003    -0.27098580E+003    -0.76555822E+003
     0.52088662E+001     0.14174046E+003     0.73560887E+002    -0.80645264E+003
     0.52124001E+001     0.14183662E+003     0.40286549E+003    -0.69721150E+003
     0.52159339E+001     0.14193278E+003     0.65463795E+003    -0.45850970E+003
     0.52194677E+001     0.14202894E+003     0.78125867E+003    -0.13551481E+003
     0.52230016E+001     0.14212510E+003     0.75878633E+003     0.21067373E+003
     0.52265354E+001     0.14222126E+003     0.59148566E+003     0.51456724E+003
     0.52300692E+001     0.14231742E+003     0.31101332E+003     0.71869092E+003
     0.52336031E+001     0.14241358E+003    -0.29568041E+002     0.78444182E+003
     0.52371369E+001     0.14250974E+003    -0.36583091E+003     0.69939796E+003
     0.52406707E+001     0.14260590E+003    -0.63417170E+003     0.47966134E+003
     0.52442045E+001     0.14270206E+003    -0.78383929E+003     0.16681030E+003
     0.52477384E+001     0.14279822E+003    -0.78653675E+003    -0.17996565E+003
     0.52512722E+001     0.14289438E+003    -0.64177014E+003    -0.49507068E+003
     0.52548060E+001     0.14299054E+003    -0.37693665E+003    -0.71889781E+003
     0.52583399E+001     0.14308670E+003    -0.42146155E+002    -0.80912278E+003
     0.52618737E+001     0.14318287E+003     0.29926854E+003    -0.74868163E+003
     0.52654075E+001     0.14327903E+003     0.58272172E+003    -0.54902851E+003
     0.52689414E+001     0.14337519E+003     0.75460283E+003    -0.24793193E+003
     0.52724752E+001     0.14347135E+003     0.78240530E+003     0.97638819E+002
     0.52760090E+001     0.14356751E+003     0.66088460E+003     0.42231995E+003
     0.52795429E+001     0.14366367E+003     0.41303453E+003     0.66469556E+003
     0.52830767E+001     0.14375983E+003     0.85752788E+002     0.77892972E+003
     0.52866105E+001     0.14385599E+003    -0.25905331E+003     0.74342584E+003
     0.52901443E+001     0.14395215E+003    -0.55615518E+003     0.56491708E+003
     0.52936782E+001     0.14404831E+003    -0.74936697E+003     0.27718322E+003
     0.52972120E+001     0.14414447E+003    -0.80215058E+003    -0.65336036E+002
     0.53007458E+001     0.14424063E+003    -0.70453994E+003    -0.39784839E+003
     0.53042797E+001     0.14433679E+003    -0.47501264E+003    -0.65745784E+003
     0.53078135E+001     0.14443295E+003    -0.15699604E+003    -0.79506457E+003
     0.53113473E+001     0.14452911E+003     0.18934632E+003    -0.78464821E+003
     0.53148812E+001     0.14462527E+003     0.49849824E+003    -0.62818912E+003
     0.53184150E+001     0.14472143E+003     0.71198205E+003    -0.35529403E+003
     0.53219488E+001     0.14481759E+003     0.78942244E+003    -0.17593111E+002
     0.53254826E+001     0.14491375E+003     0.71618364E+003     0.32103169E+003
     0.53290165E+001     0.14500991E+003     0.50613191E+003     0.59652830E+003
     0.53325503E+001     0.14510607E+003     0.19901063E+003     0.75679636E+003
     0.53360841E+001     0.14520223E+003    -0.14708185E+003     0.77153202E+003
     0.53396180E+001     0.14529839E+003    -0.46668082E+003     0.63796265E+003
     0.53431518E+001     0.14539455E+003    -0.69933762E+003     0.38136714E+003
     0.53466856E+001     0.14549072E+003    -0.80105303E+003     0.50291391E+002
     0.53502195E+001     0.14558688E+003    -0.75260100E+003    -0.29262954E+003
     0.53537533E+001     0.14568304E+003    -0.56316163E+003    -0.58253182E+003
     0.53572871E+001     0.14577920E+003    -0.26858370E+003    -0.76458152E+003
     0.53608210E+001     0.14587536E+003     0.75404842E+002    -0.80435416E+003
     0.53643548E+001     0.14597152E+003     0.40372887E+003    -0.69433714E+003
     0.53678886E+001     0.14606768E+003     0.65428984E+003    -0.45535307E+003
     0.53714224E+001     0.14616384E+003     0.77969622E+003    -0.13261400E+003
     0.53749563E+001     0.14626000E+003     0.75623747E+003     0.21282801E+003
     0.53784901E+001     0.14635616E+003     0.58836107E+003     0.51563015E+003
     0.53820239E+001     0.14645232E+003     0.30783237E+003     0.71852428E+003
     0.53855578E+001     0.14654848E+003    -0.32277765E+002     0.78314104E+003
     0.53890916E+001     0.14664464E+003    -0.36763593E+003     0.69727445E+003
     0.53926254E+001     0.14674080E+003    -0.63481116E+003     0.47717760E+003
     0.53961593E+001     0.14683696E+003    -0.78327473E+003     0.16449482E+003
     0.53996931E+001     0.14693312E+003    -0.78495478E+003    -0.18161958E+003
     0.54032269E+001     0.14702928E+003    -0.63955075E+003    -0.49569531E+003
     0.54067608E+001     0.14712544E+003    -0.37457600E+003    -0.71832513E+003
     0.54102946E+001     0.14722160E+003    -0.40166504E+002    -0.80740409E+003
     0.54138284E+001     0.14731776E+003     0.30041797E+003    -0.74609506E+003
     0.54173622E+001     0.14741392E+003     0.58275339E+003    -0.54600671E+003
     0.54208961E+001     0.14751008E+003     0.75344178E+003    -0.24499487E+003
     0.54244299E+001     0.14760624E+003     0.78020506E+003     0.99996555E+002
     0.54279637E+001     0.14770240E+003     0.65799007E+003     0.42371303E+003
     0.54314976E+001     0.14779857E+003     0.40992607E+003     0.66492517E+003
     0.54350314E+001     0.14789473E+003     0.82939259E+002     0.77801710E+003
     0.54385652E+001     0.14799089E+003    -0.26111153E+003     0.74160990E+003
     0.54420991E+001     0.14808705E+003    -0.55715466E+003     0.56260280E+003
     0.54456329E+001     0.14818321E+003    -0.74919637E+003     0.27487017E+003
     0.54491667E+001     0.14827937E+003    -0.80092571E+003    -0.67156104E+002
     0.54527005E+001     0.14837553E+003    -0.70257021E+003    -0.39877535E+003
     0.54562344E+001     0.14847169E+003    -0.47274739E+003    -0.65726178E+003
     0.54597682E+001     0.14856785E+003    -0.15494105E+003    -0.79372985E+003
     0.54633020E+001     0.14866401E+003     0.19072787E+003    -0.78237199E+003
     0.54668359E+001     0.14876017E+003     0.49887297E+003    -0.62535284E+003
     0.54703697E+001     0.14885633E+003     0.71121038E+003    -0.35237753E+003
     0.54739035E+001     0.14895249E+003     0.78758508E+003    -0.15090865E+002
     0.54774374E+001     0.14904865E+003     0.71355880E+003     0.32270986E+003
     0.54809712E+001     0.14914481E+003     0.50314462E+003     0.59713121E+003
     0.54845050E+001     0.14924097E+003     0.19615165E+003     0.75627215E+003
     0.54880389E+001     0.14933713E+003    -0.14934935E+003     0.77004571E+003
     0.54915727E+001     0.14943329E+003    -0.46800207E+003     0.63585655E+003
     0.54951065E+001     0.14952945E+003    -0.69954554E+003     0.37910382E+003
     0.54986403E+001     0.14962561E+003    -0.80018616E+003     0.48359496E+002
     0.55021742E+001     0.14972177E+003    -0.75090813E+003    -0.29381019E+003
     0.55057080E+001     0.14981793E+003    -0.56103899E+003    -0.58268187E+003
     0.55092418E+001     0.14991409E+003    -0.26650773E+003    -0.76362240E+003
     0.55127757E+001     0.15001025E+003     0.76965705E+002    -0.80240984E+003
     0.55163095E+001     0.15010642E+003     0.40441259E+003    -0.69172199E+003
     0.55198433E+001     0.15020258E+003     0.65388974E+003    -0.45250453E+003
     0.55233772E+001     0.15029874E+003     0.77822484E+003    -0.13001208E+003
     0.55269110E+001     0.15039490E+003     0.75389989E+003     0.21474737E+003
     0.55304448E+001     0.15049106E+003     0.58553283E+003     0.51657468E+003
     0.55339787E+001     0.15058722E+003     0.30497480E+003     0.71837257E+003
     0.55375125E+001     0.15068338E+003    -0.34702789E+002     0.78199401E+003
     0.55410463E+001     0.15077954E+003    -0.36924061E+003     0.69540334E+003
     0.55445801E+001     0.15087570E+003    -0.63537321E+003     0.47500542E+003
     0.55481140E+001     0.15097186E+003    -0.78275903E+003     0.16249258E+003
     0.55516478E+001     0.15106802E+003    -0.78354617E+003    -0.18300777E+003
     0.55551816E+001     0.15116418E+003    -0.63759244E+003    -0.49615092E+003
     0.55587155E+001     0.15126034E+003    -0.37252437E+003    -0.71770520E+003
     0.55622493E+001     0.15135650E+003    -0.38481993E+002    -0.80578198E+003
     0.55657831E+001     0.15145266E+003     0.30134573E+003    -0.74371894E+003
     0.55693170E+001     0.15154882E+003     0.58268338E+003    -0.54327566E+003
     0.55728508E+001     0.15164498E+003     0.75231734E+003    -0.24235850E+003
     0.55763846E+001     0.15174114E+003     0.77817030E+003     0.10209608E+003
     0.55799184E+001     0.15183730E+003     0.65535932E+003     0.42494541E+003
     0.55834523E+001     0.15193346E+003     0.40712539E+003     0.66511821E+003
     0.55869861E+001     0.15202962E+003     0.80427961E+002     0.77720301E+003
     0.55905199E+001     0.15212578E+003    -0.26293713E+003     0.74000684E+003
     0.55940538E+001     0.15222194E+003    -0.55802480E+003     0.56058154E+003
     0.55975876E+001     0.15231810E+003    -0.74902861E+003     0.27287327E+003
     0.56011214E+001     0.15241427E+003    -0.79983038E+003    -0.68688998E+002
     0.56046553E+001     0.15251043E+003    -0.70083368E+003    -0.39949693E+003
     0.56081891E+001     0.15260659E+003    -0.47077729E+003    -0.65698029E+003
     0.56117229E+001     0.15270275E+003    -0.15318439E+003    -0.79244205E+003
     0.56152568E+001     0.15279891E+003     0.19186515E+003    -0.78027013E+003
     0.56187906E+001     0.15289507E+003     0.49910656E+003    -0.62277515E+003
     0.56223244E+001     0.15299123E+003     0.71042792E+003    -0.34975557E+003
     0.56258582E+001     0.15308739E+003     0.78586577E+003    -0.12857869E+002
     0.56293921E+001     0.15318355E+003     0.71115938E+003     0.32419458E+003
     0.56329259E+001     0.15327971E+003     0.50044883E+003     0.59765099E+003
     0.56364597E+001     0.15337587E+003     0.19359618E+003     0.75579719E+003
     0.56399936E+001     0.15347203E+003    -0.15135485E+003     0.76873095E+003
     0.56435274E+001     0.15356819E+003    -0.46915787E+003     0.63401739E+003
     0.56470612E+001     0.15366435E+003    -0.69970912E+003     0.37715096E+003
     0.56505951E+001     0.15376051E+003    -0.79940650E+003     0.46723673E+002
     0.56541289E+001     0.15385667E+003    -0.74941050E+003    -0.29475715E+003
     0.56576627E+001     0.15395283E+003    -0.55918560E+003    -0.58270473E+003
     0.56611966E+001     0.15404899E+003    -0.26472859E+003    -0.76265826E+003
     0.56647304E+001     0.15414515E+003     0.78262707E+002    -0.80059066E+003
     0.56682642E+001     0.15424131E+003     0.40490962E+003    -0.68933473E+003
     0.56717980E+001     0.15433747E+003     0.65343020E+003    -0.44994251E+003
     0.56753319E+001     0.15443363E+003     0.77682456E+003    -0.12769769E+003
     0.56788657E+001     0.15452979E+003     0.75175545E+003     0.21644381E+003
     0.56823995E+001     0.15462595E+003     0.58297870E+003     0.51739125E+003
     0.56859334E+001     0.15472212E+003     0.30242055E+003     0.71822558E+003
     0.56894672E+001     0.15481828E+003    -0.36839305E+002     0.78097244E+003
     0.56930010E+001     0.15491444E+003    -0.37063838E+003     0.69377613E+003
     0.56965349E+001     0.15501060E+003    -0.63583914E+003     0.47314339E+003
     0.57000687E+001     0.15510676E+003    -0.78229684E+003     0.16081320E+003
     0.57036025E+001     0.15520292E+003    -0.78231524E+003    -0.18413281E+003
     0.57071363E+001     0.15529908E+003    -0.63590623E+003    -0.49645058E+003
     0.57106702E+001     0.15539524E+003    -0.37076983E+003    -0.71706737E+003
     0.57142040E+001     0.15549140E+003    -0.37065824E+002    -0.80426202E+003
     0.57177378E+001     0.15558756E+003     0.30208293E+003    -0.74155020E+003
     0.57212717E+001     0.15568372E+003     0.58252860E+003    -0.54080393E+003
     0.57248055E+001     0.15577988E+003     0.75123212E+003    -0.24000023E+003
     0.57283393E+001     0.15587604E+003     0.77629207E+003     0.10396276E+003
     0.57318732E+001     0.15597220E+003     0.65297748E+003     0.42602850E+003
     0.57354070E+001     0.15606836E+003     0.40461848E+003     0.66528505E+003
     0.57389408E+001     0.15616452E+003     0.78197151E+002     0.77648738E+003
     0.57424747E+001     0.15626068E+003    -0.26454540E+003     0.73861275E+003
     0.57460085E+001     0.15635684E+003    -0.55878232E+003     0.55883719E+003
     0.57495423E+001     0.15645300E+003    -0.74887013E+003     0.27117496E+003
     0.57530761E+001     0.15654916E+003    -0.79886361E+003    -0.69958073E+002
     0.57566100E+001     0.15664532E+003    -0.69932147E+003    -0.40003623E+003
     0.57601438E+001     0.15674148E+003    -0.46907933E+003    -0.65662941E+003
     0.57636776E+001     0.15683764E+003    -0.15169751E+003    -0.79121000E+003
     0.57672115E+001     0.15693381E+003     0.19278982E+003    -0.77832953E+003
     0.57707453E+001     0.15702997E+003     0.49922150E+003    -0.62043484E+003
     0.57742791E+001     0.15712613E+003     0.70964237E+003    -0.34739745E+003
     0.57778130E+001     0.15722229E+003     0.78426009E+003    -0.10867040E+002
     0.57813468E+001     0.15731845E+003     0.70897052E+003     0.32550570E+003
     0.57848806E+001     0.15741461E+003     0.49802267E+003     0.59810266E+003
     0.57884145E+001     0.15751077E+003     0.19132045E+003     0.75537310E+003
     0.57919483E+001     0.15760693E+003    -0.15312371E+003     0.76758057E+003
     0.57954821E+001     0.15770309E+003    -0.47016257E+003     0.63242664E+003
     0.57990159E+001     0.15779925E+003    -0.69983615E+003     0.37548591E+003
     0.58025498E+001     0.15789541E+003    -0.79871249E+003     0.45363791E+002
     0.58060836E+001     0.15799157E+003    -0.74810200E+003    -0.29549410E+003
     0.58096174E+001     0.15808773E+003    -0.55758857E+003    -0.58261961E+003
     0.58131513E+001     0.15818389E+003    -0.26321642E+003    -0.76170844E+003
     0.58166851E+001     0.15828005E+003     0.79330877E+002    -0.79889572E+003
     0.58202189E+001     0.15837621E+003     0.40526087E+003    -0.68715516E+003
     0.58237528E+001     0.15847237E+003     0.65292826E+003    -0.44762936E+003
     0.58272866E+001     0.15856853E+003     0.77549508E+003    -0.12562846E+003
     0.58308204E+001     0.15866469E+003     0.74978547E+003     0.21794270E+003
     0.58343542E+001     0.15876085E+003     0.58067221E+003     0.51810324E+003
     0.58378881E+001     0.15885701E+003     0.30014649E+003     0.71808808E+003
     0.58414219E+001     0.15895317E+003    -0.38728555E+002     0.78008160E+003
     0.58449557E+001     0.15904933E+003    -0.37185869E+003     0.69236881E+003
     0.58484896E+001     0.15914549E+003    -0.63624017E+003     0.47155082E+003
     0.58520234E+001     0.15924166E+003    -0.78187487E+003     0.15940141E+003
     0.58555572E+001     0.15933782E+003    -0.78122969E+003    -0.18503252E+003
     0.58590911E+001     0.15943398E+003    -0.63443687E+003    -0.49660590E+003
     0.58626249E+001     0.15953014E+003    -0.36927258E+003    -0.71638831E+003
     0.58661587E+001     0.15962630E+003    -0.35894799E+002    -0.80282045E+003
     0.58696926E+001     0.15972246E+003     0.30263588E+003    -0.73955695E+003
     0.58732264E+001     0.15981862E+003     0.58229259E+003    -0.53857568E+003
     0.58767602E+001     0.15991478E+003     0.75018156E+003    -0.23789159E+003
     0.58802940E+001     0.16001094E+003     0.77455805E+003     0.10561662E+003
     0.58838279E+001     0.16010710E+003     0.65081773E+003     0.42698103E+003
     0.58873617E+001     0.16020326E+003     0.40237421E+003     0.66542427E+003
     0.58908955E+001     0.16029942E+003     0.76221678E+002     0.77585617E+003
     0.58944294E+001     0.16039558E+003    -0.26595184E+003     0.73740259E+003
     0.58979632E+001     0.16049174E+003    -0.55943054E+003     0.55734344E+003
     0.59014970E+001     0.16058790E+003    -0.74871299E+003     0.26974800E+003
     0.59050309E+001     0.16068406E+003    -0.79800727E+003    -0.70985854E+002
     0.59085647E+001     0.16078022E+003    -0.69800169E+003    -0.40040237E+003
     0.59120985E+001     0.16087638E+003    -0.46762443E+003    -0.65620431E+003
     0.59156324E+001     0.16097254E+003    -0.15045749E+003    -0.79001049E+003
     0.59191662E+001     0.16106870E+003     0.19350664E+003    -0.77652903E+003
     0.59227000E+001     0.16116486E+003     0.49921419E+003    -0.61831314E+003
     0.59262338E+001     0.16126102E+003     0.70884807E+003    -0.34529399E+003
     0.59297677E+001     0.16135718E+003     0.78276527E+003    -0.91101932E+001
     0.59333015E+001     0.16145334E+003     0.70698691E+003     0.32665540E+003
     0.59368353E+001     0.16154951E+003     0.49585541E+003     0.59849643E+003
     0.59403692E+001     0.16164567E+003     0.18930432E+003     0.75500523E+003
     0.59439030E+001     0.16174183E+003    -0.15467647E+003     0.76658794E+003
     0.59474368E+001     0.16183799E+003    -0.47103257E+003     0.63106607E+003
     0.59509707E+001     0.16193415E+003    -0.69993285E+003     0.37408443E+003
     0.59545045E+001     0.16203031E+003    -0.79809409E+003     0.44253027E+002
     0.59580383E+001     0.16212647E+003    -0.74696309E+003    -0.29603929E+003
     0.59615721E+001     0.16222263E+003    -0.55621775E+003    -0.58243371E+003
     0.59651060E+001     0.16231879E+003    -0.26194743E+003    -0.76076471E+003
     0.59686398E+001     0.16241495E+003     0.80187771E+002    -0.79731097E+003
     0.59721736E+001     0.16251111E+003     0.40547308E+003    -0.68516679E+003
     0.59757075E+001     0.16260727E+003     0.65238833E+003    -0.44555108E+003
     0.59792413E+001     0.16270343E+003     0.77423804E+003    -0.12378713E+003
     0.59827751E+001     0.16279959E+003     0.74798287E+003     0.21926611E+003
     0.59863090E+001     0.16289575E+003     0.57859625E+003     0.51872778E+003
     0.59898428E+001     0.16299191E+003     0.29812015E+003     0.71796706E+003
     0.59933766E+001     0.16308807E+003    -0.40392592E+002     0.77930579E+003
     0.59969105E+001     0.16318423E+003    -0.37291976E+003     0.69115916E+003
     0.60004443E+001     0.16328039E+003    -0.63657003E+003     0.47020192E+003
     0.60039781E+001     0.16337655E+003    -0.78148973E+003     0.15824114E+003
     0.60075119E+001     0.16347271E+003    -0.78027652E+003    -0.18572421E+003
     0.60110458E+001     0.16356887E+003    -0.63316757E+003    -0.49663080E+003
     0.60145796E+001     0.16366503E+003    -0.36800499E+003    -0.71567593E+003
     0.60181134E+001     0.16376119E+003    -0.34941032E+002    -0.80144411E+003
     0.60216473E+001     0.16385736E+003     0.30302510E+003    -0.73772010E+003
     0.60251811E+001     0.16395352E+003     0.58197721E+003    -0.53655755E+003
     0.60287149E+001     0.16404968E+003     0.74915590E+003    -0.23601462E+003
     0.60322488E+001     0.16414584E+003     0.77295185E+003     0.10707090E+003
     0.60357826E+001     0.16424200E+003     0.64886778E+003     0.42780660E+003
     0.60393164E+001     0.16433816E+003     0.40037855E+003     0.66553819E+003
     0.60428503E+001     0.16443432E+003     0.74485538E+002     0.77530731E+003
     0.60463841E+001     0.16453048E+003    -0.26717096E+003     0.73636274E+003
     0.60499179E+001     0.16462664E+003    -0.55997451E+003     0.55608244E+003
     0.60534517E+001     0.16472280E+003    -0.74855242E+003     0.26857346E+003
     0.60569856E+001     0.16481896E+003    -0.79725050E+003    -0.71780411E+002
     0.60605194E+001     0.16491512E+003    -0.69686925E+003    -0.40060528E+003
     0.60640532E+001     0.16501128E+003    -0.46640307E+003    -0.65571455E+003
     0.60675871E+001     0.16510744E+003    -0.14944728E+003    -0.78886093E+003
     0.60711209E+001     0.16520360E+003     0.19404923E+003    -0.77486935E+003
     0.60746547E+001     0.16529976E+003     0.49911679E+003    -0.61639010E+003
     0.60781886E+001     0.16539592E+003     0.70805979E+003    -0.34340353E+003
     0.60817224E+001     0.16549208E+003     0.78136517E+003    -0.75448113E+001
     0.60852562E+001     0.16558824E+003     0.70517533E+003     0.32766514E+003
     0.60887900E+001     0.16568440E+003     0.49390958E+003     0.59883044E+003
     0.60923239E+001     0.16578056E+003     0.18752616E+003     0.75467467E+003
     0.60958577E+001     0.16587672E+003    -0.15602330E+003     0.76573023E+003
     0.60993915E+001     0.16597288E+003    -0.47176879E+003     0.62991639E+003
     0.61029254E+001     0.16606904E+003    -0.69999318E+003     0.37292778E+003
     0.61064592E+001     0.16616521E+003    -0.79754284E+003     0.43376756E+002
     0.61099930E+001     0.16626137E+003    -0.74597531E+003    -0.29640341E+003
     0.61135269E+001     0.16635753E+003    -0.55505581E+003    -0.58215027E+003
     0.61170607E+001     0.16645369E+003    -0.26090156E+003    -0.75982292E+003
     0.61205945E+001     0.16654985E+003     0.80849226E+002    -0.79582523E+003
     0.61241284E+001     0.16664601E+003     0.40555740E+003    -0.68335309E+003
     0.61276622E+001     0.16674217E+003     0.65181409E+003    -0.44368543E+003
     0.61311960E+001     0.16683833E+003     0.77304572E+003    -0.12215418E+003
     0.61347298E+001     0.16693449E+003     0.74633291E+003     0.22042637E+003
     0.61382637E+001     0.16703065E+003     0.57673248E+003     0.51926717E+003
     0.61417975E+001     0.16712681E+003     0.29633025E+003     0.71785425E+003
     0.61453313E+001     0.16722297E+003    -0.41841797E+002     0.77863914E+003
     0.61488652E+001     0.16731913E+003    -0.37382348E+003     0.69013543E+003
     0.61523990E+001     0.16741529E+003    -0.63683493E+003     0.46908967E+003
     0.61559328E+001     0.16751145E+003    -0.78113695E+003     0.15731679E+003
     0.61594667E+001     0.16760761E+003    -0.77944764E+003    -0.18621528E+003
     0.61630005E+001     0.16770377E+003    -0.63209586E+003    -0.49652966E+003
     0.61665343E+001     0.16779993E+003    -0.36695806E+003    -0.71494070E+003
     0.61700682E+001     0.16789609E+003    -0.34189511E+002    -0.80014459E+003
     0.61736020E+001     0.16799225E+003     0.30327366E+003    -0.73603306E+003
     0.61771358E+001     0.16808841E+003     0.58160464E+003    -0.53474018E+003
     0.61806696E+001     0.16818457E+003     0.74816900E+003    -0.23433714E+003
     0.61842035E+001     0.16828073E+003     0.77146895E+003     0.10835540E+003
     0.61877373E+001     0.16837690E+003     0.64710412E+003     0.42852870E+003
     0.61912711E+001     0.16847306E+003     0.39860219E+003     0.66563189E+003
     0.61948050E+001     0.16856922E+003     0.72965287E+002     0.77482929E+003
     0.61983388E+001     0.16866538E+003    -0.26821759E+003     0.73548012E+003
     0.62018726E+001     0.16876154E+003    -0.56042363E+003     0.55503723E+003
     0.62054065E+001     0.16885770E+003    -0.74839700E+003     0.26763083E+003
     0.62089403E+001     0.16895386E+003    -0.79658711E+003    -0.72373826E+002
     0.62124741E+001     0.16905002E+003    -0.69589860E+003    -0.40066901E+003
     0.62160079E+001     0.16914618E+003    -0.46537721E+003    -0.65516752E+003
     0.62195418E+001     0.16924234E+003    -0.14863130E+003    -0.78774037E+003
     0.62230756E+001     0.16933850E+003     0.19442923E+003    -0.77331936E+003
     0.62266094E+001     0.16943466E+003     0.49892475E+003    -0.61463959E+003
     0.62301433E+001     0.16953082E+003     0.70726388E+003    -0.34171605E+003
     0.62336771E+001     0.16962698E+003     0.78005591E+003    -0.61674716E+001
     0.62372109E+001     0.16972314E+003     0.70353136E+003     0.32854224E+003
     0.62407448E+001     0.16981930E+003     0.49217632E+003     0.59911773E+003
     0.62442786E+001     0.16991546E+003     0.18596370E+003     0.75438685E+003
     0.62478124E+001     0.17001162E+003    -0.15718882E+003     0.76499887E+003
     0.62513463E+001     0.17010778E+003    -0.47238297E+003     0.62895307E+003
     0.62548801E+001     0.17020394E+003    -0.70001691E+003     0.37198985E+003
     0.62584139E+001     0.17030010E+003    -0.79704170E+003     0.42715004E+002
     0.62619477E+001     0.17039626E+003    -0.74512113E+003    -0.29659895E+003
     0.62654816E+001     0.17049242E+003    -0.55407967E+003    -0.58177067E+003
     0.62690154E+001     0.17058858E+003    -0.26005678E+003    -0.75887763E+003
     0.62725492E+001     0.17068475E+003     0.81330412E+002    -0.79442087E+003
     0.62760831E+001     0.17078091E+003     0.40552113E+003    -0.68169257E+003
     0.62796169E+001     0.17087707E+003     0.65119636E+003    -0.44201440E+003
     0.62831507E+001     0.17097323E+003     0.77190827E+003    -0.12072106E+003
     0.62866846E+001     0.17106939E+003     0.74482403E+003     0.22142586E+003
     0.62902184E+001     0.17116555E+003     0.57507708E+003     0.51972157E+003
     0.62937522E+001     0.17126171E+003     0.29476583E+003     0.71775633E+003
     0.62972861E+001     0.17135787E+003    -0.43086370E+002     0.77807818E+003
     0.63008199E+001     0.17145403E+003    -0.37458932E+003     0.68929216E+003
     0.63043537E+001     0.17155019E+003    -0.63703879E+003     0.46819082E+003
     0.63078875E+001     0.17164635E+003    -0.78081672E+003     0.15661035E+003
     0.63114214E+001     0.17174251E+003    -0.77872868E+003    -0.18652750E+003
     0.63149552E+001     0.17183867E+003    -0.63119168E+003    -0.49631430E+003
     0.63184890E+001     0.17193483E+003    -0.36610749E+003    -0.71417322E+003
     0.63220229E+001     0.17203099E+003    -0.33623662E+002    -0.79890055E+003
     0.63255567E+001     0.17212715E+003     0.30338251E+003    -0.73448338E+003
     0.63290905E+001     0.17222331E+003     0.58117164E+003    -0.53310424E+003
     0.63326244E+001     0.17231947E+003     0.74721118E+003    -0.23285780E+003
     0.63361582E+001     0.17241563E+003     0.77010315E+003     0.10947459E+003
     0.63396920E+001     0.17251179E+003     0.64552488E+003     0.42914725E+003
     0.63432259E+001     0.17260795E+003     0.39704189E+003     0.66570946E+003
     0.63467597E+001     0.17270411E+003     0.71652242E+002     0.77442835E+003
     0.63502935E+001     0.17280027E+003    -0.26910548E+003     0.73475056E+003
     0.63538273E+001     0.17289643E+003    -0.56078775E+003     0.55419055E+003
     0.63573612E+001     0.17299260E+003    -0.74823659E+003     0.26690279E+003
     0.63608950E+001     0.17308876E+003    -0.79600816E+003    -0.72772561E+002
     0.63644288E+001     0.17318492E+003    -0.69507859E+003    -0.40059305E+003
     0.63679627E+001     0.17328108E+003    -0.46454325E+003    -0.65456105E+003
     0.63714965E+001     0.17337724E+003    -0.14801132E+003    -0.78664995E+003
     0.63750303E+001     0.17347340E+003     0.19465180E+003    -0.77188617E+003
     0.63785642E+001     0.17356956E+003     0.49864539E+003    -0.61307529E+003
     0.63820980E+001     0.17366572E+003     0.70649882E+003    -0.34022379E+003
     0.63856318E+001     0.17376188E+003     0.77885557E+003    -0.49333087E+001
     0.63891656E+001     0.17385804E+003     0.70201770E+003     0.32932391E+003
     0.63926995E+001     0.17395420E+003     0.49063893E+003     0.59933237E+003
     0.63962333E+001     0.17405036E+003     0.18461880E+003     0.75414095E+003
     0.63997671E+001     0.17414652E+003    -0.15817283E+003     0.76439895E+003
     0.64033010E+001     0.17424268E+003    -0.47289214E+003     0.62818156E+003
     0.64068348E+001     0.17433884E+003    -0.70001849E+003     0.37126412E+003
     0.64103686E+001     0.17443500E+003    -0.79660550E+003     0.42245291E+002
     0.64139025E+001     0.17453116E+003    -0.74439658E+003    -0.29664736E+003
     0.64174363E+001     0.17462732E+003    -0.55327533E+003    -0.58131782E+003
     0.64209701E+001     0.17472348E+003    -0.25939694E+003    -0.75793848E+003
     0.64245040E+001     0.17481964E+003     0.81658802E+002    -0.79310691E+003
     0.64280378E+001     0.17491580E+003     0.40538774E+003    -0.68018281E+003
     0.64315716E+001     0.17501196E+003     0.65057110E+003    -0.44051932E+003
     0.64351054E+001     0.17510812E+003     0.77083766E+003    -0.11944952E+003
     0.64386393E+001     0.17520428E+003     0.74344968E+003     0.22230969E+003
     0.64421731E+001     0.17530045E+003     0.57358875E+003     0.52012050E+003
     0.64457069E+001     0.17539661E+003     0.29338728E+003     0.71766921E+003
     0.64492408E+001     0.17549277E+003    -0.44161066E+002     0.77760085E+003
     0.64527746E+001     0.17558893E+003    -0.37521887E+003     0.68859240E+003
     0.64563084E+001     0.17568509E+003    -0.63718138E+003     0.46748482E+003
     0.64598423E+001     0.17578125E+003    -0.78051165E+003     0.15609973E+003
     0.64633761E+001     0.17587741E+003    -0.77811087E+003    -0.18666874E+003
     0.64669099E+001     0.17597357E+003    -0.63043984E+003    -0.49599448E+003
     0.64704438E+001     0.17606973E+003    -0.36543504E+003    -0.71337819E+003
     0.64739776E+001     0.17616589E+003    -0.33219824E+002    -0.79771108E+003
     0.64775114E+001     0.17626205E+003     0.30337240E+003    -0.73305107E+003
     0.64810452E+001     0.17635821E+003     0.58068744E+003    -0.53163081E+003
     0.64845791E+001     0.17645437E+003     0.74628083E+003    -0.23154767E+003
     0.64881129E+001     0.17655053E+003     0.76884232E+003     0.11044747E+003
     0.64916467E+001     0.17664669E+003     0.64410740E+003     0.42967623E+003
     0.64951806E+001     0.17674285E+003     0.39567312E+003     0.66577242E+003
     0.64987144E+001     0.17683901E+003     0.70524099E+002     0.77408907E+003
     0.65022482E+001     0.17693517E+003    -0.26984431E+003     0.73415361E+003
     0.65057821E+001     0.17703133E+003    -0.56106640E+003     0.55352469E+003
     0.65093159E+001     0.17712749E+003    -0.74807210E+003     0.26637267E+003
     0.65128497E+001     0.17722365E+003    -0.79550211E+003    -0.72994618E+002
     0.65163835E+001     0.17731981E+003    -0.69439485E+003    -0.40039304E+003
     0.65199174E+001     0.17741597E+003    -0.46387720E+003    -0.65390637E+003
     0.65234512E+001     0.17751213E+003    -0.14755060E+003    -0.78559167E+003
     0.65269850E+001     0.17760830E+003     0.19475563E+003    -0.77054696E+003
     0.65305189E+001     0.17770446E+003     0.49830355E+003    -0.61162554E+003
     0.65340527E+001     0.17780062E+003     0.70568878E+003    -0.33888591E+003
     0.65375865E+001     0.17789678E+003     0.77769565E+003    -0.39109174E+001
     0.65411204E+001     0.17799294E+003     0.70071069E+003     0.32995111E+003
     0.65446542E+001     0.17808910E+003     0.48929907E+003     0.59956383E+003
     0.65481880E+001     0.17818526E+003     0.18344433E+003     0.75394501E+003
     0.65517219E+001     0.17828142E+003    -0.15900782E+003     0.76390519E+003
     0.65552557E+001     0.17837758E+003    -0.47329629E+003     0.62756938E+003
     0.65587895E+001     0.17847374E+003    -0.69998690E+003     0.37072887E+003
     0.65623233E+001     0.17856990E+003    -0.79621562E+003     0.41962267E+002
     0.65658572E+001     0.17866606E+003    -0.74379088E+003    -0.29655364E+003
     0.65693910E+001     0.17876222E+003    -0.55262651E+003    -0.58079232E+003
     0.65729248E+001     0.17885838E+003    -0.25889767E+003    -0.75699835E+003
     0.65764587E+001     0.17895454E+003     0.81840638E+002    -0.79186379E+003
     0.65799925E+001     0.17905070E+003     0.40516369E+003    -0.67880298E+003
     0.65835263E+001     0.17914686E+003     0.64991977E+003    -0.43918338E+003
     0.65870602E+001     0.17924302E+003     0.76981902E+003    -0.11833513E+003
     0.65905940E+001     0.17933918E+003     0.74219439E+003     0.22306371E+003
     0.65941278E+001     0.17943534E+003     0.57227592E+003     0.52045303E+003
     0.65976617E+001     0.17953150E+003     0.29219989E+003     0.71759588E+003
     0.66011955E+001     0.17962766E+003    -0.45062223E+002     0.77721600E+003
     0.66047293E+001     0.17972382E+003    -0.37573133E+003     0.68804641E+003
     0.66082631E+001     0.17981998E+003    -0.63727136E+003     0.46695890E+003
     0.66117970E+001     0.17991615E+003    -0.78023200E+003     0.15577256E+003
     0.66153308E+001     0.18001231E+003    -0.77757987E+003    -0.18666062E+003
     0.66188646E+001     0.18010847E+003    -0.62982716E+003    -0.49557586E+003
     0.66223985E+001     0.18020463E+003    -0.36492305E+003    -0.71255556E+003
     0.66259323E+001     0.18030079E+003    -0.32969426E+002    -0.79656940E+003
     0.66294661E+001     0.18039695E+003     0.30325213E+003    -0.73173139E+003
     0.66330000E+001     0.18049311E+003     0.58015841E+003    -0.53030846E+003
     0.66365338E+001     0.18058927E+003     0.74538018E+003    -0.23039584E+003
     0.66400676E+001     0.18068543E+003     0.76768117E+003     0.11128515E+003
     0.66436014E+001     0.18078159E+003     0.64284544E+003     0.43012200E+003
     0.66471353E+001     0.18087775E+003     0.39449117E+003     0.66582551E+003
     0.66506691E+001     0.18097391E+003     0.69556358E+002     0.77381608E+003
     0.66542029E+001     0.18107007E+003    -0.27043342E+003     0.73367675E+003
     0.66577368E+001     0.18116623E+003    -0.56127024E+003     0.55304215E+003
     0.66612706E+001     0.18126239E+003    -0.74791484E+003     0.26602053E+003
     0.66648044E+001     0.18135855E+003    -0.79506504E+003    -0.73063048E+002
     0.66683383E+001     0.18145471E+003    -0.69382763E+003    -0.40008519E+003
     0.66718721E+001     0.18155087E+003    -0.46335312E+003    -0.65320092E+003
     0.66754059E+001     0.18164703E+003    -0.14724026E+003    -0.78454794E+003
     0.66789398E+001     0.18174319E+003     0.19473190E+003    -0.76929031E+003
     0.66824736E+001     0.18183935E+003     0.49788691E+003    -0.61032209E+003
     0.66860074E+001     0.18193551E+003     0.70490078E+003    -0.33770544E+003
     0.66895412E+001     0.18203167E+003     0.77662586E+003    -0.29998027E+001
     0.66930751E+001     0.18212784E+003     0.69950066E+003     0.33050029E+003
     0.66966089E+001     0.18222400E+003     0.48811700E+003     0.59972717E+003
     0.67001427E+001     0.18232016E+003     0.18245119E+003     0.75377063E+003
     0.67036766E+001     0.18241632E+003    -0.15968580E+003     0.76350802E+003
     0.67072104E+001     0.18251248E+003    -0.47359522E+003     0.62710500E+003
     0.67107442E+001     0.18260864E+003    -0.69991460E+003     0.37036567E+003
     0.67142781E+001     0.18270480E+003    -0.79585194E+003     0.41849114E+002
     0.67178119E+001     0.18280096E+003    -0.74327030E+003    -0.29631493E+003
     0.67213457E+001     0.18289712E+003    -0.55212290E+003    -0.58017328E+003
     0.67248796E+001     0.18299328E+003    -0.25856478E+003    -0.75604724E+003
     0.67284134E+001     0.18308944E+003     0.81884233E+002    -0.79068180E+003
     0.67319472E+001     0.18318560E+003     0.40483704E+003    -0.67753084E+003
     0.67354810E+001     0.18328176E+003     0.64922564E+003    -0.43799972E+003
     0.67390149E+001     0.18337792E+003     0.76883109E+003    -0.11738603E+003
     0.67425487E+001     0.18347408E+003     0.74104763E+003     0.22367542E+003
     0.67460825E+001     0.18357024E+003     0.57112806E+003     0.52069277E+003
     0.67496164E+001     0.18366640E+003     0.29121918E+003     0.71750045E+003
     0.67531502E+001     0.18376256E+003    -0.45748734E+002     0.77689901E+003
     0.67566840E+001     0.18385872E+003    -0.37605063E+003     0.68766744E+003
     0.67602179E+001     0.18395488E+003    -0.63726335E+003     0.46674024E+003
     0.67637517E+001     0.18405104E+003    -0.78011086E+003     0.15565461E+003
     0.67672855E+001     0.18414720E+003    -0.77719018E+003    -0.18655002E+003
     0.67708193E+001     0.18424336E+003    -0.62936019E+003    -0.49510914E+003
     0.67743532E+001     0.18433952E+003    -0.36455685E+003    -0.71174186E+003
     0.67778870E+001     0.18443569E+003    -0.32845204E+002    -0.79549374E+003
     0.67814208E+001     0.18453185E+003     0.30304810E+003    -0.73052693E+003
     0.67849547E+001     0.18462801E+003     0.57960377E+003    -0.52913156E+003
     0.67884885E+001     0.18472417E+003     0.74452810E+003    -0.22939229E+003
     0.67920223E+001     0.18482033E+003     0.76663227E+003     0.11200727E+003
     0.67955562E+001     0.18491649E+003     0.64173976E+003     0.43050909E+003
     0.67990900E+001     0.18501265E+003     0.39347069E+003     0.66588057E+003
     0.68026238E+001     0.18510881E+003     0.68777516E+002     0.77361643E+003
     0.68061577E+001     0.18520497E+003    -0.27093176E+003     0.73334705E+003
     0.68096915E+001     0.18530113E+003    -0.56141785E+003     0.55269789E+003
     0.68132253E+001     0.18539729E+003    -0.74774835E+003     0.26584009E+003
     0.68167591E+001     0.18549345E+003    -0.79469578E+003    -0.72973614E+002
     0.68202930E+001     0.18558961E+003    -0.69338857E+003    -0.39966738E+003
     0.68238268E+001     0.18568577E+003    -0.46299042E+003    -0.65246065E+003
     0.68273606E+001     0.18578193E+003    -0.14707928E+003    -0.78354883E+003
     0.68308945E+001     0.18587809E+003     0.19460177E+003    -0.76814324E+003
     0.68344283E+001     0.18597425E+003     0.49743107E+003    -0.60916260E+003
     0.68379621E+001     0.18607041E+003     0.70414507E+003    -0.33667414E+003
     0.68414960E+001     0.18616657E+003     0.77565208E+003    -0.22129149E+001
     0.68450298E+001     0.18626273E+003     0.69843761E+003     0.33097405E+003
     0.68485636E+001     0.18635889E+003     0.48710554E+003     0.59987986E+003
     0.68520975E+001     0.18645505E+003     0.18162470E+003     0.75365872E+003
     0.68556313E+001     0.18655121E+003    -0.16023503E+003     0.76323481E+003
     0.68591651E+001     0.18664737E+003    -0.47382596E+003     0.62680453E+003
     0.68626989E+001     0.18674354E+003    -0.69984651E+003     0.37017545E+003
     0.68662328E+001     0.18683970E+003    -0.79556179E+003     0.41884452E+002
     0.68697666E+001     0.18693586E+003    -0.74287542E+003    -0.29598135E+003
     0.68733004E+001     0.18703202E+003    -0.55176111E+003    -0.57952862E+003
     0.68768343E+001     0.18712818E+003    -0.25836169E+003    -0.75513637E+003
     0.68803681E+001     0.18722434E+003     0.81830495E+002    -0.78959892E+003
     0.68839019E+001     0.18732050E+003     0.40448389E+003    -0.67639938E+003
     0.68874358E+001     0.18741666E+003     0.64857690E+003    -0.43695051E+003
     0.68909696E+001     0.18751282E+003     0.76795385E+003    -0.11653343E+003
     0.68945034E+001     0.18760898E+003     0.74004175E+003     0.22425253E+003
     0.68980372E+001     0.18770514E+003     0.57012386E+003     0.52096797E+003
     0.69015711E+001     0.18780130E+003     0.29033864E+003     0.71750298E+003
     0.69051049E+001     0.18789746E+003    -0.46405657E+002     0.77669969E+003
     0.69086387E+001     0.18799362E+003    -0.37642523E+003     0.68737053E+003
     0.69121726E+001     0.18808978E+003    -0.63731581E+003     0.46641280E+003
     0.69157064E+001     0.18818594E+003    -0.77974364E+003     0.15562064E+003
     0.69192402E+001     0.18828210E+003    -0.77677982E+003    -0.18623184E+003
     0.69227741E+001     0.18837826E+003    -0.62899339E+003    -0.49449210E+003
     0.69263079E+001     0.18847442E+003    -0.36433572E+003    -0.71086766E+003
     0.69298417E+001     0.18857058E+003    -0.32861713E+002    -0.79444237E+003
     0.69333756E+001     0.18866674E+003     0.30274222E+003    -0.72941290E+003
     0.69369094E+001     0.18876290E+003     0.57901298E+003    -0.52808117E+003
     0.69404432E+001     0.18885906E+003     0.74370216E+003    -0.22851956E+003
     0.69439770E+001     0.18895522E+003     0.76567480E+003     0.11262389E+003
     0.69475109E+001     0.18905139E+003     0.64076675E+003     0.43084630E+003
     0.69510447E+001     0.18914755E+003     0.39256882E+003     0.66593288E+003
     0.69545785E+001     0.18924371E+003     0.68119723E+002     0.77344388E+003
     0.69581124E+001     0.18933987E+003    -0.27129255E+003     0.73309578E+003
     0.69616462E+001     0.18943603E+003    -0.56148203E+003     0.55249922E+003
     0.69651800E+001     0.18953219E+003    -0.74757231E+003     0.26581003E+003
     0.69687139E+001     0.18962835E+003    -0.79437156E+003    -0.72748398E+002
     0.69722477E+001     0.18972451E+003    -0.69303996E+003    -0.39915395E+003
     0.69757815E+001     0.18982067E+003    -0.46274194E+003    -0.65167175E+003
     0.69793154E+001     0.18991683E+003    -0.14703759E+003    -0.78255954E+003
     0.69828492E+001     0.19001299E+003     0.19436989E+003    -0.76705963E+003
     0.69863830E+001     0.19010915E+003     0.49691821E+003    -0.60811233E+003
     0.69899168E+001     0.19020531E+003     0.70339092E+003    -0.33577280E+003
     0.69934507E+001     0.19030147E+003     0.77474698E+003    -0.15441076E+001
     0.69969845E+001     0.19039763E+003     0.69749211E+003     0.33136579E+003
     0.70005183E+001     0.19049379E+003     0.48624069E+003     0.60000831E+003
     0.70040522E+001     0.19058995E+003     0.18094671E+003     0.75357958E+003
     0.70075860E+001     0.19068611E+003    -0.16065927E+003     0.76305103E+003
     0.70111198E+001     0.19078227E+003    -0.47397364E+003     0.62663409E+003
     0.70146537E+001     0.19087843E+003    -0.69975618E+003     0.37013253E+003
     0.70181875E+001     0.19097459E+003    -0.79530683E+003     0.42057378E+002
     0.70217213E+001     0.19107075E+003    -0.74256474E+003    -0.29554720E+003
     0.70252551E+001     0.19116691E+003    -0.55150542E+003    -0.57883238E+003
     0.70287890E+001     0.19126307E+003    -0.25826922E+003    -0.75422492E+003
     0.70323228E+001     0.19135924E+003     0.81681490E+002    -0.78856054E+003
     0.70358566E+001     0.19145540E+003     0.40405830E+003    -0.67535511E+003
     0.70393905E+001     0.19155156E+003     0.64790819E+003    -0.43601785E+003
     0.70429243E+001     0.19164772E+003     0.76710671E+003    -0.11580896E+003
     0.70464581E+001     0.19174388E+003     0.73913409E+003     0.22471944E+003
     0.70499920E+001     0.19184004E+003     0.56926328E+003     0.52117516E+003
     0.70535258E+001     0.19193620E+003     0.28963558E+003     0.71750135E+003
     0.70570596E+001     0.19203236E+003    -0.46884923E+002     0.77657360E+003
     0.70605935E+001     0.19212852E+003    -0.37664680E+003     0.68722594E+003
     0.70641273E+001     0.19222468E+003    -0.63730076E+003     0.46636190E+003
     0.70676611E+001     0.19232084E+003    -0.77955095E+003     0.15575084E+003
     0.70711949E+001     0.19241700E+003    -0.77650836E+003    -0.18586003E+003
     0.70747288E+001     0.19251316E+003    -0.62874830E+003    -0.49387341E+003
     0.70782626E+001     0.19260932E+003    -0.36422181E+003    -0.71003710E+003
     0.70817964E+001     0.19270548E+003    -0.32952118E+002    -0.79347675E+003
     0.70853303E+001     0.19280164E+003     0.30241141E+003    -0.72841249E+003
     0.70888641E+001     0.19289780E+003     0.57844932E+003    -0.52714907E+003
     0.70923979E+001     0.19299396E+003     0.74296155E+003    -0.22774767E+003
     0.70959318E+001     0.19309012E+003     0.76483783E+003     0.11317614E+003
     0.70994656E+001     0.19318628E+003     0.63994115E+003     0.43115233E+003
     0.71029994E+001     0.19328244E+003     0.39188929E+003     0.66605476E+003
     0.71065333E+001     0.19337860E+003     0.67585058E+002     0.77346079E+003
     0.71100671E+001     0.19347476E+003    -0.27164544E+003     0.73306191E+003
     0.71136009E+001     0.19357093E+003    -0.56165766E+003     0.55248920E+003
     0.71171347E+001     0.19366709E+003    -0.74760858E+003     0.26588256E+003
     0.71206686E+001     0.19376325E+003    -0.79432386E+003    -0.72581908E+002
     0.71242024E+001     0.19385941E+003    -0.69293599E+003    -0.39893654E+003
     0.71277362E+001     0.19395557E+003    -0.46246295E+003    -0.65150857E+003
     0.71312701E+001     0.19405173E+003    -0.14587268E+003    -0.78215248E+003
     0.71348039E+001     0.19414789E+003     0.19448778E+003    -0.76469445E+003
     0.71383377E+001     0.19424405E+003     0.49592240E+003    -0.60656183E+003
     0.71418716E+001     0.19434021E+003     0.70219244E+003    -0.33481856E+003
     0.71454054E+001     0.19443637E+003     0.77354782E+003    -0.10388510E+001
     0.71489392E+001     0.19453253E+003     0.69642491E+003     0.33151274E+003
     0.71524730E+001     0.19462869E+003     0.48540736E+003     0.59989093E+003
     0.71560069E+001     0.19472485E+003     0.18041341E+003     0.75332112E+003
     0.71595407E+001     0.19482101E+003    -0.16087267E+003     0.76278098E+003
     0.71630745E+001     0.19491717E+003    -0.47389943E+003     0.62647929E+003
     0.71666084E+001     0.19501333E+003    -0.69946804E+003     0.37019897E+003
     0.71701422E+001     0.19510949E+003    -0.79491858E+003     0.42408036E+002
     0.71736760E+001     0.19520565E+003    -0.74220512E+003    -0.29489544E+003
     0.71772099E+001     0.19530181E+003    -0.55130025E+003    -0.57792605E+003
     0.71807437E+001     0.19539797E+003    -0.25831026E+003    -0.75315608E+003
     0.71842775E+001     0.19549413E+003     0.81356115E+002    -0.78745257E+003
     0.71878114E+001     0.19559029E+003     0.40346450E+003    -0.67432737E+003
     0.71913452E+001     0.19568645E+003     0.64710049E+003    -0.43517517E+003
     0.71948790E+001     0.19578261E+003     0.76619199E+003    -0.11522061E+003
     0.71984128E+001     0.19587878E+003     0.73821792E+003     0.22503005E+003
     0.72019467E+001     0.19597494E+003     0.56847316E+003     0.52123530E+003
     0.72054805E+001     0.19607110E+003     0.28905837E+003     0.71738437E+003
     0.72090143E+001     0.19616726E+003    -0.47185284E+002     0.77639135E+003
     0.72125482E+001     0.19626342E+003    -0.37667472E+003     0.68710207E+003
     0.72160820E+001     0.19635958E+003    -0.63710392E+003     0.46640840E+003
     0.72196158E+001     0.19645574E+003    -0.77922784E+003     0.15604660E+003
     0.72231497E+001     0.19655190E+003    -0.77617404E+003    -0.18528611E+003
     0.72266835E+001     0.19664806E+003    -0.62852509E+003    -0.49304239E+003
     0.72302173E+001     0.19674422E+003    -0.36420729E+003    -0.70901992E+003
     0.72337512E+001     0.19684038E+003    -0.33208293E+002    -0.79238172E+003
     0.72372850E+001     0.19693654E+003     0.30187628E+003    -0.72736168E+003
     0.72408188E+001     0.19703270E+003     0.57768133E+003    -0.52626107E+003
     0.72443526E+001     0.19712886E+003     0.74205021E+003    -0.22710590E+003
     0.72478865E+001     0.19722502E+003     0.76390334E+003     0.11352967E+003
     0.72514203E+001     0.19732118E+003     0.63910859E+003     0.43123252E+003
     0.72549541E+001     0.19741734E+003     0.39127041E+003     0.66592569E+003
     0.72584880E+001     0.19751350E+003     0.67257233E+002     0.77323272E+003
     0.72620218E+001     0.19760966E+003    -0.27165726E+003     0.73286895E+003
     0.72655556E+001     0.19770582E+003    -0.56138605E+003     0.55247347E+003
     0.72690895E+001     0.19780198E+003    -0.74714435E+003     0.26616573E+003
     0.72726233E+001     0.19789814E+003    -0.79380904E+003    -0.71909249E+002
     0.72761571E+001     0.19799430E+003    -0.69256082E+003    -0.39781770E+003
     0.72796909E+001     0.19809046E+003    -0.46255003E+003    -0.64992770E+003
     0.72832248E+001     0.19818663E+003    -0.14727853E+003    -0.78056492E+003
     0.72867586E+001     0.19828279E+003     0.19363275E+003    -0.76502633E+003
     0.72902924E+001     0.19837895E+003     0.49571312E+003    -0.60625385E+003
     0.72938263E+001     0.19847511E+003     0.70184029E+003    -0.33427263E+003
     0.72973601E+001     0.19857127E+003     0.77303513E+003    -0.51722037E+000
     0.73008939E+001     0.19866743E+003     0.69583696E+003     0.33189881E+003
     0.73044278E+001     0.19876359E+003     0.48484621E+003     0.60011459E+003
     0.73079616E+001     0.19885975E+003     0.17996550E+003     0.75340910E+003
     0.73114954E+001     0.19895591E+003    -0.16114393E+003     0.76279440E+003
     0.73150293E+001     0.19905207E+003    -0.47395748E+003     0.62649240E+003
     0.73185631E+001     0.19914823E+003    -0.69923429E+003     0.37031764E+003
     0.73220969E+001     0.19924439E+003    -0.79465587E+003     0.43026791E+002
     0.73256307E+001     0.19934055E+003    -0.74213699E+003    -0.29418417E+003
     0.73291646E+001     0.19943671E+003    -0.55134271E+003    -0.57712408E+003
     0.73326984E+001     0.19953287E+003    -0.25850013E+003    -0.75228635E+003
     0.73362322E+001     0.19962903E+003     0.80990965E+002    -0.78657672E+003
     0.73397661E+001     0.19972519E+003     0.40293172E+003    -0.67352155E+003
     0.73432999E+001     0.19982135E+003     0.64644239E+003    -0.43450723E+003
     0.73468337E+001     0.19991751E+003     0.76547882E+003    -0.11473455E+003
     0.73503676E+001     0.20001367E+003     0.73753456E+003     0.22532706E+003
     0.73539014E+001     0.20010983E+003     0.56789741E+003     0.52137279E+003
     0.73574352E+001     0.20020599E+003     0.28864915E+003     0.71742369E+003
     0.73609691E+001     0.20030215E+003    -0.47401318E+002     0.77641147E+003
     0.73645029E+001     0.20039831E+003    -0.37670632E+003     0.68718738E+003
     0.73680367E+001     0.20049448E+003    -0.63699463E+003     0.46663272E+003
     0.73715705E+001     0.20059064E+003    -0.77905123E+003     0.15645807E+003
     0.73751044E+001     0.20068680E+003    -0.77601658E+003    -0.18467536E+003
     0.73786382E+001     0.20078296E+003    -0.62847198E+003    -0.49226029E+003
     0.73821720E+001     0.20087912E+003    -0.36432015E+003    -0.70812765E+003
     0.73857059E+001     0.20097528E+003    -0.33520730E+002    -0.79145986E+003
     0.73892397E+001     0.20107144E+003     0.30137087E+003    -0.72649849E+003
     0.73927735E+001     0.20116760E+003     0.57702064E+003    -0.52553581E+003
     0.73963074E+001     0.20126376E+003     0.74130945E+003    -0.22658015E+003
     0.73998412E+001     0.20135992E+003     0.76319397E+003     0.11382206E+003
     0.74033750E+001     0.20145608E+003     0.63853148E+003     0.43139308E+003
     0.74069088E+001     0.20155224E+003     0.39083924E+003     0.66598033E+003
     0.74104427E+001     0.20164840E+003     0.67018073E+002     0.77325399E+003
     0.74139765E+001     0.20174456E+003    -0.27170736E+003     0.73294742E+003
     0.74175103E+001     0.20184072E+003    -0.56129083E+003     0.55268223E+003
     0.74210442E+001     0.20193688E+003    -0.74697355E+003     0.26655611E+003
     0.74245780E+001     0.20203304E+003    -0.79364649E+003    -0.71324244E+002
     0.74281118E+001     0.20212920E+003    -0.69248966E+003    -0.39705829E+003
     0.74316457E+001     0.20222536E+003    -0.46263687E+003    -0.64904992E+003
     0.74351795E+001     0.20232152E+003    -0.14755906E+003    -0.77964906E+003
     0.74387133E+001     0.20241768E+003     0.19316040E+003    -0.76416010E+003
     0.74422472E+001     0.20251384E+003     0.49509078E+003    -0.60551607E+003
     0.74457810E+001     0.20261000E+003     0.70113793E+003    -0.33371568E+003
     0.74493148E+001     0.20270616E+003     0.77233967E+003    -0.15807869E+000
     0.74528486E+001     0.20280233E+003     0.69523563E+003     0.33208298E+003
     0.74563825E+001     0.20289849E+003     0.48440701E+003     0.60018304E+003
     0.74599163E+001     0.20299465E+003     0.17972563E+003     0.75344958E+003
     0.74634501E+001     0.20309081E+003    -0.16119461E+003     0.76290491E+003
     0.74669840E+001     0.20318697E+003    -0.47388636E+003     0.62676726E+003
     0.74705178E+001     0.20328313E+003    -0.69922098E+003     0.37078540E+003
     0.74740516E+001     0.20337929E+003    -0.79459427E+003     0.43369474E+002
     0.74775855E+001     0.20347545E+003    -0.74197132E+003    -0.29356123E+003
     0.74811193E+001     0.20357161E+003    -0.55131344E+003    -0.57629336E+003
     0.74846531E+001     0.20366777E+003    -0.25867274E+003    -0.75136016E+003
     0.74881870E+001     0.20376393E+003     0.80603000E+002    -0.78565878E+003
     0.74917208E+001     0.20386009E+003     0.40236085E+003    -0.67270544E+003
     0.74952546E+001     0.20395625E+003     0.64574872E+003    -0.43385966E+003
     0.74987884E+001     0.20405241E+003     0.76474973E+003    -0.11429454E+003
     0.75023223E+001     0.20414857E+003     0.73686156E+003     0.22555328E+003
     0.75058561E+001     0.20424473E+003     0.56739820E+003     0.52145715E+003
     0.75093899E+001     0.20434089E+003     0.28833008E+003     0.71744895E+003
     0.75129238E+001     0.20443705E+003    -0.47522358E+002     0.77645392E+003
     0.75164576E+001     0.20453321E+003    -0.37665707E+003     0.68733280E+003
     0.75199914E+001     0.20462937E+003    -0.63683581E+003     0.46694063E+003
     0.75235253E+001     0.20472553E+003    -0.77886251E+003     0.15696205E+003
     0.75270591E+001     0.20482169E+003    -0.77588338E+003    -0.18398600E+003
     0.75305929E+001     0.20491785E+003    -0.62846731E+003    -0.49142189E+003
     0.75341267E+001     0.20501401E+003    -0.36449602E+003    -0.70721283E+003
     0.75376606E+001     0.20511018E+003    -0.33893994E+002    -0.79055172E+003
     0.75411944E+001     0.20520634E+003     0.30082402E+003    -0.72568480E+003
     0.75447282E+001     0.20530250E+003     0.57636084E+003    -0.52488078E+003
     0.75482621E+001     0.20539866E+003     0.74061922E+003    -0.22610972E+003
     0.75517959E+001     0.20549482E+003     0.76253703E+003     0.11413073E+003
     0.75553297E+001     0.20559098E+003     0.63797258E+003     0.43150642E+003
     0.75588636E+001     0.20568714E+003     0.39048185E+003     0.66600276E+003
     0.75623974E+001     0.20578330E+003     0.66866590E+002     0.77328143E+003
     0.75659312E+001     0.20587946E+003    -0.27167619E+003     0.73306273E+003
     0.75694651E+001     0.20597562E+003    -0.56113142E+003     0.55295658E+003
     0.75729989E+001     0.20607178E+003    -0.74676634E+003     0.26702887E+003
     0.75765327E+001     0.20616794E+003    -0.79348342E+003    -0.70652071E+002
     0.75800665E+001     0.20626410E+003    -0.69245121E+003    -0.39622622E+003
     0.75836004E+001     0.20636026E+003    -0.46277936E+003    -0.64812989E+003
     0.75871342E+001     0.20645642E+003    -0.14790065E+003    -0.77872511E+003
     0.75906680E+001     0.20655258E+003     0.19263762E+003    -0.76331926E+003
     0.75942019E+001     0.20664874E+003     0.49443968E+003    -0.60482571E+003
     0.75977357E+001     0.20674490E+003     0.70043545E+003    -0.33321767E+003
     0.76012695E+001     0.20684106E+003     0.77167370E+003     0.14441865E+000
     0.76048034E+001     0.20693722E+003     0.69468637E+003     0.33222480E+003
     0.76083372E+001     0.20703338E+003     0.48403196E+003     0.60022927E+003
     0.76118710E+001     0.20712954E+003     0.17954837E+003     0.75348463E+003
     0.76154049E+001     0.20722570E+003    -0.16118857E+003     0.76301218E+003
     0.76189387E+001     0.20732187E+003    -0.47374361E+003     0.62702048E+003
     0.76224725E+001     0.20741803E+003    -0.69901796E+003     0.37122634E+003
     0.76260063E+001     0.20751419E+003    -0.79441603E+003     0.44010560E+002
     0.76295402E+001     0.20761035E+003    -0.74190323E+003    -0.29275453E+003
     0.76330740E+001     0.20770651E+003    -0.55141580E+003    -0.57538125E+003
     0.76366078E+001     0.20780267E+003    -0.25897403E+003    -0.75042952E+003
     0.76401417E+001     0.20789883E+003     0.80115378E+002    -0.78479629E+003
     0.76436755E+001     0.20799499E+003     0.40173388E+003    -0.67198348E+003
     0.76472093E+001     0.20809115E+003     0.64506046E+003    -0.43332687E+003
     0.76507432E+001     0.20818731E+003     0.76408530E+003    -0.11395357E+003
     0.76542770E+001     0.20828347E+003     0.73630412E+003     0.22574140E+003
     0.76578108E+001     0.20837963E+003     0.56697097E+003     0.52152722E+003
     0.76613446E+001     0.20847579E+003     0.28811076E+003     0.71747502E+003
     0.76648785E+001     0.20857195E+003    -0.47546119E+002     0.77653538E+003
     0.76684123E+001     0.20866811E+003    -0.37652747E+003     0.68754738E+003
     0.76719461E+001     0.20876427E+003    -0.63662374E+003     0.46734269E+003
     0.76754800E+001     0.20886043E+003    -0.77865862E+003     0.15756726E+003
     0.76790138E+001     0.20895659E+003    -0.77577375E+003    -0.18319571E+003
     0.76825476E+001     0.20905275E+003    -0.62852609E+003    -0.49051187E+003
     0.76860815E+001     0.20914891E+003    -0.36476007E+003    -0.70626444E+003
     0.76896153E+001     0.20924507E+003    -0.34357063E+002    -0.78967288E+003
     0.76931491E+001     0.20934123E+003     0.30023841E+003    -0.72493306E+003
     0.76966830E+001     0.20943739E+003     0.57568687E+003    -0.52429298E+003
     0.77002168E+001     0.20953355E+003     0.73993752E+003    -0.22571879E+003
     0.77037506E+001     0.20962972E+003     0.76193695E+003     0.11434157E+003
     0.77072844E+001     0.20972588E+003     0.63752468E+003     0.43158443E+003
     0.77108183E+001     0.20982204E+003     0.39022894E+003     0.66603079E+003
     0.77143521E+001     0.20991820E+003     0.66813847E+002     0.77334463E+003
     0.77178859E+001     0.21001436E+003    -0.27156695E+003     0.73324609E+003
     0.77214198E+001     0.21011052E+003    -0.56092316E+003     0.55331530E+003
     0.77249536E+001     0.21020668E+003    -0.74654523E+003     0.26758766E+003
     0.77284874E+001     0.21030284E+003    -0.79333174E+003    -0.69903902E+002
     0.77320213E+001     0.21039900E+003    -0.69244442E+003    -0.39533689E+003
     0.77355551E+001     0.21049516E+003    -0.46296562E+003    -0.64717023E+003
     0.77390889E+001     0.21059132E+003    -0.14829181E+003    -0.77778710E+003
     0.77426228E+001     0.21068748E+003     0.19206698E+003    -0.76248704E+003
     0.77461566E+001     0.21078364E+003     0.49375322E+003    -0.60416587E+003
     0.77496904E+001     0.21087980E+003     0.69971220E+003    -0.33276432E+003
     0.77532242E+001     0.21097596E+003     0.77100171E+003     0.39396140E+000
     0.77567581E+001     0.21107212E+003     0.69414311E+003     0.33230022E+003
     0.77602919E+001     0.21116828E+003     0.48368097E+003     0.60018903E+003
     0.77638257E+001     0.21126444E+003     0.17943506E+003     0.75339325E+003
     0.77673596E+001     0.21136060E+003    -0.16098954E+003     0.76294423E+003
     0.77708934E+001     0.21145676E+003    -0.47303014E+003     0.62733436E+003
     0.77744272E+001     0.21155292E+003    -0.69879762E+003     0.37215932E+003
     0.77779611E+001     0.21164908E+003    -0.79440583E+003     0.44889308E+002
     0.77814949E+001     0.21174524E+003    -0.74202461E+003    -0.29184493E+003
     0.77850287E+001     0.21184140E+003    -0.55168778E+003    -0.57446449E+003
     0.77885625E+001     0.21193757E+003    -0.25940824E+003    -0.74955763E+003
     0.77920964E+001     0.21203373E+003     0.79545850E+002    -0.78403676E+003
     0.77956302E+001     0.21212989E+003     0.40108171E+003    -0.67138485E+003
     0.77991640E+001     0.21222605E+003     0.64440010E+003    -0.43291380E+003
     0.78026979E+001     0.21232221E+003     0.76349835E+003    -0.11371487E+003
     0.78062317E+001     0.21241837E+003     0.73585559E+003     0.22585131E+003
     0.78097655E+001     0.21251453E+003     0.56670762E+003     0.52157937E+003
     0.78132994E+001     0.21261069E+003     0.28803681E+003     0.71755174E+003
     0.78168332E+001     0.21270685E+003    -0.47455233E+002     0.77671733E+003
     0.78203670E+001     0.21280301E+003    -0.37633276E+003     0.68789343E+003
     0.78239009E+001     0.21289917E+003    -0.63640585E+003     0.46788271E+003
     0.78274347E+001     0.21299533E+003    -0.77850075E+003     0.15829272E+003
     0.78309685E+001     0.21309149E+003    -0.77575158E+003    -0.18233084E+003
     0.78345023E+001     0.21318765E+003    -0.62868223E+003    -0.48957570E+003
     0.78380362E+001     0.21328381E+003    -0.36510730E+003    -0.70534169E+003
     0.78415700E+001     0.21337997E+003    -0.34870124E+002    -0.78883010E+003
     0.78451038E+001     0.21347613E+003     0.29958005E+003    -0.72425264E+003
     0.78486377E+001     0.21357229E+003     0.57500138E+003    -0.52382456E+003
     0.78521715E+001     0.21366845E+003     0.73931234E+003    -0.22544382E+003
     0.78557053E+001     0.21376461E+003     0.76144670E+003     0.11446616E+003
     0.78592392E+001     0.21386077E+003     0.63721925E+003     0.43163260E+003
     0.78627730E+001     0.21395693E+003     0.39012437E+003     0.66608570E+003
     0.78663068E+001     0.21405309E+003     0.66887479E+002     0.77349364E+003
     0.78698407E+001     0.21414925E+003    -0.27137063E+003     0.73355575E+003
     0.78733745E+001     0.21424542E+003    -0.56068884E+003     0.55382441E+003
     0.78769083E+001     0.21434158E+003    -0.74635881E+003     0.26828949E+003
     0.78804421E+001     0.21443774E+003    -0.79327410E+003    -0.69046176E+002
     0.78839760E+001     0.21453390E+003    -0.69257084E+003    -0.39439468E+003
     0.78875098E+001     0.21463006E+003    -0.46329259E+003    -0.64623530E+003
     0.78910436E+001     0.21472622E+003    -0.14879473E+003    -0.77694146E+003
     0.78945775E+001     0.21482238E+003     0.19144421E+003    -0.76179884E+003
     0.78981113E+001     0.21491854E+003     0.49308907E+003    -0.60367248E+003
     0.79016451E+001     0.21501470E+003     0.69909780E+003    -0.33246602E+003
     0.79051790E+001     0.21511086E+003     0.77052311E+003     0.53734815E+000
     0.79087128E+001     0.21520702E+003     0.69385789E+003     0.33237296E+003
     0.79122466E+001     0.21530318E+003     0.48360360E+003     0.60029520E+003
     0.79157804E+001     0.21539934E+003     0.17951433E+003     0.75364799E+003
     0.79193143E+001     0.21549550E+003    -0.16090597E+003     0.76343354E+003
     0.79228481E+001     0.21559166E+003    -0.47328777E+003     0.62780842E+003
     0.79263819E+001     0.21568782E+003    -0.69856109E+003     0.37242083E+003
     0.79299158E+001     0.21578398E+003    -0.79413119E+003     0.45570745E+002
     0.79334496E+001     0.21588014E+003    -0.74193145E+003    -0.29093538E+003
     0.79369834E+001     0.21597630E+003    -0.55183564E+003    -0.57346287E+003
     0.79405173E+001     0.21607246E+003    -0.25979362E+003    -0.74858997E+003
     0.79440511E+001     0.21616862E+003     0.78970840E+002    -0.78319842E+003
     0.79475849E+001     0.21626478E+003     0.40039774E+003    -0.67074604E+003
     0.79511188E+001     0.21636094E+003     0.64370614E+003    -0.43249472E+003
     0.79546526E+001     0.21645710E+003     0.76288911E+003    -0.11349860E+003
     0.79581864E+001     0.21655327E+003     0.73541049E+003     0.22592430E+003
     0.79617202E+001     0.21664943E+003     0.56647069E+003     0.52159191E+003
     0.79652541E+001     0.21674559E+003     0.28801488E+003     0.71760124E+003
     0.79687879E+001     0.21684175E+003    -0.47299958E+002     0.77689095E+003
     0.79723217E+001     0.21693791E+003    -0.37607156E+003     0.68825656E+003
     0.79758556E+001     0.21703407E+003    -0.63612945E+003     0.46846072E+003
     0.79793894E+001     0.21713023E+003    -0.77830394E+003     0.15907167E+003
     0.79829232E+001     0.21722639E+003    -0.77571075E+003    -0.18140438E+003
     0.79864571E+001     0.21732255E+003    -0.62884751E+003    -0.48858292E+003
     0.79899909E+001     0.21741871E+003    -0.36548645E+003    -0.70437786E+003
     0.79935247E+001     0.21751487E+003    -0.35431141E+002    -0.78798500E+003
     0.79970586E+001     0.21761103E+003     0.29890733E+003    -0.72359406E+003
     0.80005924E+001     0.21770719E+003     0.57430757E+003    -0.52338139E+003
     0.80041262E+001     0.21780335E+003     0.73869324E+003    -0.22520446E+003
     0.80076600E+001     0.21789951E+003     0.76098111E+003     0.11455370E+003
     0.80111939E+001     0.21799567E+003     0.63695790E+003     0.43164886E+003
     0.80147277E+001     0.21809183E+003     0.39007796E+003     0.66612328E+003
     0.80182615E+001     0.21818799E+003     0.67025534E+002     0.77364368E+003
     0.80217954E+001     0.21828415E+003    -0.27111206E+003     0.73388408E+003
     0.80253292E+001     0.21838031E+003    -0.56039709E+003     0.55436674E+003
     0.80288630E+001     0.21847647E+003    -0.74612968E+003     0.26904234E+003
     0.80323969E+001     0.21857263E+003    -0.79319195E+003    -0.68133567E+002
     0.80359307E+001     0.21866879E+003    -0.69268825E+003    -0.39339944E+003
     0.80394645E+001     0.21876495E+003    -0.46362656E+003    -0.64524893E+003
     0.80429983E+001     0.21886112E+003    -0.14932397E+003    -0.77605876E+003
     0.80465322E+001     0.21895728E+003     0.19078573E+003    -0.76109409E+003
     0.80500660E+001     0.21905344E+003     0.49238996E+003    -0.60318515E+003
     0.80535998E+001     0.21914960E+003     0.69845793E+003    -0.33219015E+003
     0.80571337E+001     0.21924576E+003     0.77002414E+003     0.64817007E+000
     0.80606675E+001     0.21934192E+003     0.69355775E+003     0.33239430E+003
     0.80642013E+001     0.21943808E+003     0.48351857E+003     0.60031927E+003
     0.80677352E+001     0.21953424E+003     0.17962670E+003     0.75376451E+003
     0.80712690E+001     0.21963040E+003    -0.16065563E+003     0.76371916E+003
     0.80748028E+001     0.21972656E+003    -0.47298269E+003     0.62830619E+003
     0.80783367E+001     0.21982272E+003    -0.69829941E+003     0.37313517E+003
     0.80818705E+001     0.21991888E+003    -0.79400089E+003     0.46460488E+002
     0.80854043E+001     0.22001504E+003    -0.74199461E+003    -0.28994226E+003
     0.80889381E+001     0.22011120E+003    -0.55211693E+003    -0.57246019E+003
     0.80924720E+001     0.22020736E+003    -0.26027697E+003    -0.74766913E+003
     0.80960058E+001     0.22030352E+003     0.78338854E+002    -0.78243961E+003
     0.80995396E+001     0.22039968E+003     0.39969935E+003    -0.67019806E+003
     0.81030735E+001     0.22049584E+003     0.64303917E+003    -0.43216722E+003
     0.81066073E+001     0.22059200E+003     0.76234582E+003    -0.11335810E+003
     0.81101411E+001     0.22068816E+003     0.73505963E+003     0.22595060E+003
     0.81136750E+001     0.22078432E+003     0.56634215E+003     0.52159579E+003
     0.81172088E+001     0.22088048E+003     0.28809705E+003     0.71768081E+003
     0.81207426E+001     0.22097664E+003    -0.47059284E+002     0.77712664E+003
     0.81242765E+001     0.22107281E+003    -0.37575184E+003     0.68870363E+003
     0.81278103E+001     0.22116897E+003    -0.63583050E+003     0.46913220E+003
     0.81313441E+001     0.22126513E+003    -0.77811926E+003     0.15993941E+003
     0.81348779E+001     0.22136129E+003    -0.77571611E+003    -0.18041152E+003
     0.81384118E+001     0.22145745E+003    -0.62907504E+003    -0.48755802E+003
     0.81419456E+001     0.22155361E+003    -0.36593027E+003    -0.70341680E+003
     0.81454794E+001     0.22164977E+003    -0.36041791E+002    -0.78718154E+003
     0.81490133E+001     0.22174593E+003     0.29821498E+003    -0.72299614E+003
     0.81525471E+001     0.22184209E+003     0.57362755E+003    -0.52300559E+003
     0.81560809E+001     0.22193825E+003     0.73811521E+003    -0.22502427E+003
     0.81596148E+001     0.22203441E+003     0.76058229E+003     0.11459639E+003
     0.81631486E+001     0.22213057E+003     0.63677970E+003     0.43164401E+003
     0.81666824E+001     0.22222673E+003     0.39012236E+003     0.66616973E+003
     0.81702162E+001     0.22232289E+003     0.67248841E+002     0.77383277E+003
     0.81737501E+001     0.22241905E+003    -0.27078873E+003     0.73427867E+003
     0.81772839E+001     0.22251521E+003    -0.56007035E+003     0.55499026E+003
     0.81808177E+001     0.22261137E+003    -0.74589832E+003     0.26987364E+003
     0.81843516E+001     0.22270753E+003    -0.79313517E+003    -0.67154527E+002
     0.81878854E+001     0.22280369E+003    -0.69285250E+003    -0.39236186E+003
     0.81914192E+001     0.22289985E+003    -0.46401637E+003    -0.64425374E+003
     0.81949531E+001     0.22299601E+003    -0.14989866E+003    -0.77519719E+003
     0.81984869E+001     0.22309217E+003     0.19010042E+003    -0.76043378E+003
     0.82020207E+001     0.22318833E+003     0.49169042E+003    -0.60275259E+003
     0.82055546E+001     0.22328449E+003     0.69784275E+003    -0.33197145E+003
     0.82090884E+001     0.22338066E+003     0.76957654E+003     0.70854229E+000
     0.82126222E+001     0.22347682E+003     0.69333036E+003     0.33238327E+003
     0.82161560E+001     0.22357298E+003     0.48352161E+003     0.60033632E+003
     0.82196899E+001     0.22366914E+003     0.17982612E+003     0.75390770E+003
     0.82232237E+001     0.22376530E+003    -0.16033240E+003     0.76405853E+003
     0.82267575E+001     0.22386146E+003    -0.47263034E+003     0.62887763E+003
     0.82302914E+001     0.22395762E+003    -0.69802131E+003     0.37392744E+003
     0.82338252E+001     0.22405378E+003    -0.79388192E+003     0.47422920E+002
     0.82373590E+001     0.22414994E+003    -0.74209675E+003    -0.28889651E+003
     0.82408929E+001     0.22424610E+003    -0.55245089E+003    -0.57143210E+003
     0.82444267E+001     0.22434226E+003    -0.26081603E+003    -0.74675943E+003
     0.82479605E+001     0.22443842E+003     0.77670100E+002    -0.78172185E+003
     0.82514944E+001     0.22453458E+003     0.39899158E+003    -0.66970847E+003
     0.82550282E+001     0.22463074E+003     0.64239583E+003    -0.43190231E+003
     0.82585620E+001     0.22472690E+003     0.76185193E+003    -0.11326672E+003
     0.82620958E+001     0.22482306E+003     0.73477884E+003     0.22594210E+003
     0.82656297E+001     0.22491922E+003     0.56629496E+003     0.52159137E+003
     0.82691635E+001     0.22501538E+003     0.28826557E+003     0.71777749E+003
     0.82726973E+001     0.22511154E+003    -0.46743616E+002     0.77741211E+003
     0.82762312E+001     0.22520770E+003    -0.37538201E+003     0.68922066E+003
     0.82797650E+001     0.22530386E+003    -0.63551378E+003     0.46988068E+003
     0.82832988E+001     0.22540002E+003    -0.77794669E+003     0.16087281E+003
     0.82868327E+001     0.22549618E+003    -0.77575118E+003    -0.17937217E+003
     0.82903665E+001     0.22559234E+003    -0.62934431E+003    -0.48650885E+003
     0.82939003E+001     0.22568851E+003    -0.36641393E+003    -0.70246209E+003
     0.82974341E+001     0.22578467E+003    -0.36681560E+002    -0.78639481E+003
     0.83009680E+001     0.22588083E+003     0.29750332E+003    -0.72243787E+003
     0.83045018E+001     0.22597699E+003     0.57294989E+003    -0.52268464E+003
     0.83080356E+001     0.22607315E+003     0.73757395E+003    -0.22490398E+003
     0.83115695E+001     0.22616931E+003     0.76024771E+003     0.11459638E+003
     0.83151033E+001     0.22626547E+003     0.63668355E+003     0.43162368E+003
     0.83186371E+001     0.22636163E+003     0.39024878E+003     0.66623070E+003
     0.83221710E+001     0.22645779E+003     0.67543194E+002     0.77406214E+003
     0.83257048E+001     0.22655395E+003    -0.27041225E+003     0.73473023E+003
     0.83292386E+001     0.22665011E+003    -0.55971468E+003     0.55568032E+003
     0.83327725E+001     0.22674627E+003    -0.74566264E+003     0.27076984E+003
     0.83363063E+001     0.22684243E+003    -0.79309735E+003    -0.66122007E+002
     0.83398401E+001     0.22693859E+003    -0.69305151E+003    -0.39129151E+003
     0.83433739E+001     0.22703475E+003    -0.46444562E+003    -0.64324952E+003
     0.83469078E+001     0.22713091E+003    -0.15050873E+003    -0.77435139E+003
     0.83504416E+001     0.22722707E+003     0.18939435E+003    -0.75980938E+003
     0.83539754E+001     0.22732323E+003     0.49099137E+003    -0.60236954E+003
     0.83575093E+001     0.22741939E+003     0.69725470E+003    -0.33180650E+003
     0.83610431E+001     0.22751555E+003     0.76918134E+003     0.72678321E+000
     0.83645769E+001     0.22761171E+003     0.69317440E+003     0.33234802E+003
     0.83681108E+001     0.22770787E+003     0.48360198E+003     0.60035817E+003
     0.83716446E+001     0.22780403E+003     0.18009860E+003     0.75407852E+003
     0.83751784E+001     0.22790019E+003    -0.15995115E+003     0.76444700E+003
     0.83787123E+001     0.22799636E+003    -0.47224228E+003     0.62950891E+003
     0.83822461E+001     0.22809252E+003    -0.69772877E+003     0.37478162E+003
     0.83857799E+001     0.22818868E+003    -0.79377452E+003     0.48438552E+002
     0.83893137E+001     0.22828484E+003    -0.74222040E+003    -0.28781282E+003
     0.83928476E+001     0.22838100E+003    -0.55281903E+003    -0.57038704E+003
     0.83963814E+001     0.22847716E+003    -0.26138402E+003    -0.74585094E+003
     0.83999152E+001     0.22857332E+003     0.76973773E+002    -0.78102652E+003
     0.84034491E+001     0.22866948E+003     0.39827371E+003    -0.66926028E+003
     0.84069829E+001     0.22876564E+003     0.64176292E+003    -0.43168739E+003
     0.84105167E+001     0.22886180E+003     0.76139835E+003    -0.11322914E+003
     0.84140506E+001     0.22895796E+003     0.73456253E+003     0.22590170E+003
     0.84175844E+001     0.22905412E+003     0.56632761E+003     0.52157721E+003
     0.84211182E+001     0.22915028E+003     0.28850706E+003     0.71789746E+003
     0.84246520E+001     0.22924644E+003    -0.46364996E+002     0.77773596E+003
     0.84281859E+001     0.22934260E+003    -0.37496985E+003     0.68978924E+003
     0.84317197E+001     0.22943876E+003    -0.63516883E+003     0.47068556E+003
     0.84352535E+001     0.22953492E+003    -0.77776746E+003     0.16186343E+003
     0.84387874E+001     0.22963108E+003    -0.77580081E+003    -0.17828084E+003
     0.84423212E+001     0.22972724E+003    -0.62964533E+003    -0.48542860E+003
     0.84458550E+001     0.22982340E+003    -0.36693882E+003    -0.70149703E+003
     0.84493889E+001     0.22991956E+003    -0.37356295E+002    -0.78563226E+003
     0.84529227E+001     0.23001572E+003     0.29677607E+003    -0.72192058E+003
     0.84564565E+001     0.23011188E+003     0.57228242E+003    -0.52241242E+003
     0.84599904E+001     0.23020804E+003     0.73706194E+003    -0.22483008E+003
     0.84635242E+001     0.23030421E+003     0.75996448E+003     0.11455749E+003
     0.84670580E+001     0.23040037E+003     0.63665575E+003     0.43157867E+003
     0.84705918E+001     0.23049653E+003     0.39045540E+003     0.66629271E+003
     0.84741257E+001     0.23059269E+003     0.67915884E+002     0.77431960E+003
     0.84776595E+001     0.23068885E+003    -0.26997470E+003     0.73523646E+003
     0.84811933E+001     0.23078501E+003    -0.55932287E+003     0.55643701E+003
     0.84847272E+001     0.23088117E+003    -0.74541949E+003     0.27173444E+003
     0.84882610E+001     0.23097733E+003    -0.79307623E+003    -0.65032606E+002
     0.84917948E+001     0.23107349E+003    -0.69328647E+003    -0.39018365E+003
     0.84953287E+001     0.23116965E+003    -0.46491971E+003    -0.64223557E+003
     0.84988625E+001     0.23126581E+003    -0.15115923E+003    -0.77352637E+003
     0.85023963E+001     0.23136197E+003     0.18866805E+003    -0.75922857E+003
     0.85059302E+001     0.23145813E+003     0.49029962E+003    -0.60204334E+003
     0.85094640E+001     0.23155429E+003     0.69670206E+003    -0.33168962E+003
     0.85129978E+001     0.23165045E+003     0.76884164E+003     0.70565714E+000
     0.85165316E+001     0.23174661E+003     0.69308475E+003     0.33229798E+003
     0.85200655E+001     0.23184277E+003     0.48375620E+003     0.60037870E+003
     0.85235993E+001     0.23193893E+003     0.18044139E+003     0.75427475E+003
     0.85271331E+001     0.23203509E+003    -0.15950714E+003     0.76487845E+003
     0.85306670E+001     0.23213125E+003    -0.47181232E+003     0.63020198E+003
     0.85342008E+001     0.23222741E+003    -0.69742234E+003     0.37570211E+003
     0.85377346E+001     0.23232357E+003    -0.79367730E+003     0.49513450E+002
     0.85412685E+001     0.23241973E+003    -0.74237962E+003    -0.28669077E+003
     0.85448023E+001     0.23251590E+003    -0.55322636E+003    -0.56932820E+003
     0.85483361E+001     0.23261206E+003    -0.26199236E+003    -0.74495943E+003
     0.85518699E+001     0.23270822E+003     0.76257639E+002    -0.78036753E+003
     0.85554038E+001     0.23280438E+003     0.39755758E+003    -0.66886213E+003
     0.85589376E+001     0.23290054E+003     0.64115821E+003    -0.43152244E+003
     0.85624714E+001     0.23299670E+003     0.76099436E+003    -0.11322868E+003
     0.85660053E+001     0.23309286E+003     0.73440950E+003     0.22583690E+003
     0.85695391E+001     0.23318902E+003     0.56643014E+003     0.52156246E+003
     0.85730729E+001     0.23328518E+003     0.28882106E+003     0.71803275E+003
     0.85766068E+001     0.23338134E+003    -0.45924488E+002     0.77810135E+003
     0.85801406E+001     0.23347750E+003    -0.37451139E+003     0.69041450E+003
     0.85836744E+001     0.23357366E+003    -0.63480683E+003     0.47155546E+003
     0.85872083E+001     0.23366982E+003    -0.77759643E+003     0.16291245E+003
     0.85907421E+001     0.23376598E+003    -0.77587833E+003    -0.17715172E+003
     0.85942759E+001     0.23386214E+003    -0.62998286E+003    -0.48433227E+003
     0.85978097E+001     0.23395830E+003    -0.36749638E+003    -0.70054227E+003
     0.86013436E+001     0.23405446E+003    -0.38054469E+002    -0.78489928E+003
     0.86048774E+001     0.23415062E+003     0.29604738E+003    -0.72144910E+003
     0.86084112E+001     0.23424678E+003     0.57163677E+003    -0.52218995E+003
     0.86119451E+001     0.23434294E+003     0.73659856E+003    -0.22479687E+003
     0.86154789E+001     0.23443910E+003     0.75974484E+003     0.11449643E+003
     0.86190127E+001     0.23453526E+003     0.63669657E+003     0.43153538E+003
     0.86225466E+001     0.23463142E+003     0.39072539E+003     0.66637310E+003
     0.86260804E+001     0.23472758E+003     0.68342101E+002     0.77461145E+003
     0.86296142E+001     0.23482375E+003    -0.26949523E+003     0.73578604E+003
     0.86331481E+001     0.23491991E+003    -0.55890711E+003     0.55724666E+003
     0.86366819E+001     0.23501607E+003    -0.74517335E+003     0.27274993E+003
     0.86402157E+001     0.23511223E+003    -0.79307217E+003    -0.63903547E+002
     0.86437495E+001     0.23520839E+003    -0.69354836E+003    -0.38905820E+003
     0.86472834E+001     0.23530455E+003    -0.46541833E+003    -0.64122452E+003
     0.86508172E+001     0.23540071E+003    -0.15182438E+003    -0.77271865E+003
     0.86543510E+001     0.23549687E+003     0.18793713E+003    -0.75867496E+003
     0.86578849E+001     0.23559303E+003     0.48961579E+003    -0.60174892E+003
     0.86614187E+001     0.23568919E+003     0.69617220E+003    -0.33161522E+003
     0.86649525E+001     0.23578535E+003     0.76854790E+003     0.65070904E+000
     0.86684864E+001     0.23588151E+003     0.69306119E+003     0.33222179E+003
     0.86720202E+001     0.23597767E+003     0.48398404E+003     0.60040841E+003
     0.86755540E+001     0.23607383E+003     0.18085169E+003     0.75449852E+003
     0.86790878E+001     0.23616999E+003    -0.15901786E+003     0.76536210E+003
     0.86826217E+001     0.23626615E+003    -0.47135743E+003     0.63094530E+003
     0.86861555E+001     0.23636231E+003    -0.69710985E+003     0.37667226E+003
     0.86896893E+001     0.23645847E+003    -0.79358833E+003     0.50624778E+002
     0.86932232E+001     0.23655463E+003    -0.74255477E+003    -0.28554212E+003
     0.86967570E+001     0.23665079E+003    -0.55365842E+003    -0.56826247E+003
     0.87002908E+001     0.23674695E+003    -0.26262056E+003    -0.74407597E+003
     0.87038247E+001     0.23684311E+003     0.75529133E+002    -0.77973623E+003
     0.87073585E+001     0.23693927E+003     0.39684663E+003    -0.66849925E+003
     0.87108923E+001     0.23703543E+003     0.64057768E+003    -0.43139697E+003
     0.87144262E+001     0.23713160E+003     0.76063232E+003    -0.11326251E+003
     0.87179600E+001     0.23722776E+003     0.73431463E+003     0.22575201E+003
     0.87214938E+001     0.23732392E+003     0.56659837E+003     0.52154445E+003
     0.87250276E+001     0.23742008E+003     0.28919948E+003     0.71818910E+003
     0.87285615E+001     0.23751624E+003    -0.45431258E+002     0.77850389E+003
     0.87320953E+001     0.23761240E+003    -0.37401825E+003     0.69108837E+003
     0.87356291E+001     0.23770856E+003    -0.63442987E+003     0.47247415E+003
     0.87391630E+001     0.23780472E+003    -0.77742655E+003     0.16400332E+003
     0.87426968E+001     0.23790088E+003    -0.77597092E+003    -0.17599273E+003
     0.87462306E+001     0.23799704E+003    -0.63034112E+003    -0.48322246E+003
     0.87497645E+001     0.23809320E+003    -0.36807531E+003    -0.69959139E+003
     0.87532983E+001     0.23818936E+003    -0.38765964E+002    -0.78418577E+003
     0.87568321E+001     0.23828552E+003     0.29531845E+003    -0.72100840E+003
     0.87603660E+001     0.23838168E+003     0.57100621E+003    -0.52200402E+003
     0.87638998E+001     0.23847784E+003     0.73616823E+003    -0.22480011E+003
     0.87674336E+001     0.23857400E+003     0.75957530E+003     0.11440668E+003
     0.87709674E+001     0.23867016E+003     0.63680201E+003     0.43147947E+003
     0.87745013E+001     0.23876632E+003     0.39106445E+003     0.66646628E+003
     0.87780351E+001     0.23886248E+003     0.68827986E+002     0.77493778E+003
     0.87815689E+001     0.23895864E+003    -0.26897641E+003     0.73638624E+003
     0.87851028E+001     0.23905480E+003    -0.55847438E+003     0.55810439E+003
     0.87886366E+001     0.23915096E+003    -0.74492592E+003     0.27380657E+003
     0.87921704E+001     0.23924712E+003    -0.79307653E+003    -0.62746512E+002
     0.87957043E+001     0.23934328E+003    -0.69382357E+003    -0.38791349E+003
     0.87992381E+001     0.23943945E+003    -0.46593720E+003    -0.64020819E+003
     0.88027719E+001     0.23953561E+003    -0.15250819E+003    -0.77192268E+003
     0.88063057E+001     0.23963177E+003     0.18719640E+003    -0.75815209E+003
     0.88098396E+001     0.23972793E+003     0.48894405E+003    -0.60149641E+003
     0.88133734E+001     0.23982409E+003     0.69567643E+003    -0.33157819E+003
     0.88169072E+001     0.23992025E+003     0.76830449E+003     0.56848686E+000
     0.88204411E+001     0.24001641E+003     0.69309488E+003     0.33213838E+003
     0.88239749E+001     0.24011257E+003     0.48427127E+003     0.60044040E+003
     0.88275087E+001     0.24020873E+003     0.18131887E+003     0.75474438E+003
     0.88310426E+001     0.24030489E+003    -0.15847743E+003     0.76587826E+003
     0.88345764E+001     0.24040105E+003    -0.47086830E+003     0.63173836E+003
     0.88381102E+001     0.24049721E+003    -0.69678506E+003     0.37769280E+003
     0.88416441E+001     0.24059337E+003    -0.79350892E+003     0.51779428E+002
     0.88451779E+001     0.24068953E+003    -0.74275361E+003    -0.28437008E+003
     0.88487117E+001     0.24078569E+003    -0.55411502E+003    -0.56719332E+003
     0.88522455E+001     0.24088185E+003    -0.26326860E+003    -0.74320821E+003
     0.88557794E+001     0.24097801E+003     0.74794029E+002    -0.77913420E+003
     0.88593132E+001     0.24107417E+003     0.39614544E+003    -0.66817440E+003
     0.88628470E+001     0.24117033E+003     0.64002674E+003    -0.43131035E+003
     0.88663809E+001     0.24126649E+003     0.76031875E+003    -0.11332413E+003
     0.88699147E+001     0.24136265E+003     0.73427765E+003     0.22565486E+003
     0.88734485E+001     0.24145881E+003     0.56682583E+003     0.52153409E+003
     0.88769824E+001     0.24155497E+003     0.28962992E+003     0.71836516E+003
     0.88805162E+001     0.24165113E+003    -0.44893318E+002     0.77893628E+003
     0.88840500E+001     0.24174730E+003    -0.37349155E+003     0.69179894E+003
     0.88875839E+001     0.24184346E+003    -0.63403040E+003     0.47343481E+003
     0.88911177E+001     0.24193962E+003    -0.77725393E+003     0.16513615E+003
     0.88946515E+001     0.24203578E+003    -0.77607562E+003    -0.17480166E+003
     0.88981853E+001     0.24213194E+003    -0.63072424E+003    -0.48209957E+003
     0.89017192E+001     0.24222810E+003    -0.36867736E+003    -0.69864867E+003
     0.89052530E+001     0.24232426E+003    -0.39489642E+002    -0.78349923E+003
     0.89087868E+001     0.24242042E+003     0.29459437E+003    -0.72060478E+003
     0.89123207E+001     0.24251658E+003     0.57040140E+003    -0.52185601E+003
     0.89158545E+001     0.24261274E+003     0.73577977E+003    -0.22483461E+003
     0.89193883E+001     0.24270890E+003     0.75946021E+003     0.11430002E+003
     0.89229222E+001     0.24280506E+003     0.63696585E+003     0.43142257E+003
     0.89264560E+001     0.24290122E+003     0.39145915E+003     0.66657315E+003
     0.89299898E+001     0.24299738E+003     0.69362903E+002     0.77529145E+003
     0.89335236E+001     0.24309354E+003    -0.26841908E+003     0.73702151E+003
     0.89370575E+001     0.24318970E+003    -0.55801706E+003     0.55900625E+003
     0.89405913E+001     0.24328586E+003    -0.74467216E+003     0.27490598E+003
     0.89441251E+001     0.24338202E+003    -0.79309270E+003    -0.61554149E+002
     0.89476590E+001     0.24347818E+003    -0.69412315E+003    -0.38675316E+003
     0.89511928E+001     0.24357434E+003    -0.46647885E+003    -0.63919815E+003
     0.89547266E+001     0.24367050E+003    -0.15320524E+003    -0.77115151E+003
     0.89582605E+001     0.24376666E+003     0.18646148E+003    -0.75766342E+003
     0.89617943E+001     0.24386282E+003     0.48829374E+003    -0.60127942E+003
     0.89653281E+001     0.24395898E+003     0.69521873E+003    -0.33157223E+003
     0.89688620E+001     0.24405515E+003     0.76811166E+003     0.46672598E+000
     0.89723958E+001     0.24415131E+003     0.69318664E+003     0.33204953E+003
     0.89759296E+001     0.24424747E+003     0.48461626E+003     0.60048739E+003
     0.89794634E+001     0.24434363E+003     0.18183354E+003     0.75501695E+003
     0.89829973E+001     0.24443979E+003    -0.15790253E+003     0.76643026E+003
     0.89865311E+001     0.24453595E+003    -0.47035843E+003     0.63256607E+003
     0.89900649E+001     0.24463211E+003    -0.69644856E+003     0.37874644E+003
     0.89935988E+001     0.24472827E+003    -0.79343078E+003     0.52963805E+002
     0.89971326E+001     0.24482443E+003    -0.74296155E+003    -0.28317795E+003
     0.90006664E+001     0.24492059E+003    -0.55459159E+003    -0.56611846E+003
     0.90042003E+001     0.24501675E+003    -0.26392915E+003    -0.74235490E+003
     0.90077341E+001     0.24511291E+003     0.74055651E+002    -0.77855977E+003
     0.90112679E+001     0.24520907E+003     0.39546119E+003    -0.66788202E+003
     0.90148018E+001     0.24530523E+003     0.63950432E+003    -0.43125191E+003
     0.90183356E+001     0.24540139E+003     0.76004444E+003    -0.11340885E+003
     0.90218694E+001     0.24549755E+003     0.73428893E+003     0.22554248E+003
     0.90254032E+001     0.24559371E+003     0.56711005E+003     0.52151903E+003
     0.90289371E+001     0.24568987E+003     0.29012174E+003     0.71855626E+003
     0.90324709E+001     0.24578603E+003    -0.44304918E+002     0.77940395E+003
     0.90360047E+001     0.24588219E+003    -0.37293334E+003     0.69255743E+003
     0.90395386E+001     0.24597835E+003    -0.63362611E+003     0.47444105E+003
     0.90430724E+001     0.24607451E+003    -0.77708916E+003     0.16630005E+003
     0.90466062E+001     0.24617067E+003    -0.77619574E+003    -0.17359642E+003
     0.90501401E+001     0.24626684E+003    -0.63111756E+003    -0.48097568E+003
     0.90536739E+001     0.24636300E+003    -0.36928733E+003    -0.69771532E+003
     0.90572077E+001     0.24645916E+003    -0.40215270E+002    -0.78283091E+003
     0.90607415E+001     0.24655532E+003     0.29387736E+003    -0.72022860E+003
     0.90642754E+001     0.24665148E+003     0.56981722E+003    -0.52174013E+003
     0.90678092E+001     0.24674764E+003     0.73542905E+003    -0.22489792E+003
     0.90713430E+001     0.24684380E+003     0.75939548E+003     0.11417500E+003
     0.90748769E+001     0.24693996E+003     0.63718721E+003     0.43136264E+003
     0.90784107E+001     0.24703612E+003     0.39191069E+003     0.66669407E+003
     0.90819445E+001     0.24713228E+003     0.69946808E+002     0.77567325E+003
     0.90854784E+001     0.24722844E+003    -0.26782694E+003     0.73769671E+003
     0.90890122E+001     0.24732460E+003    -0.55754274E+003     0.55994996E+003
     0.90925460E+001     0.24742076E+003    -0.74441793E+003     0.27604167E+003
     0.90960799E+001     0.24751692E+003    -0.79312057E+003    -0.60338241E+002
     0.90996137E+001     0.24761308E+003    -0.69443703E+003    -0.38558550E+003
     0.91031475E+001     0.24770924E+003    -0.46703521E+003    -0.63819461E+003
     0.91066813E+001     0.24780540E+003    -0.15390768E+003    -0.77040002E+003
     0.91102152E+001     0.24790156E+003     0.18572980E+003    -0.75720337E+003
     0.91137490E+001     0.24799772E+003     0.48766264E+003    -0.60109572E+003
     0.91172828E+001     0.24809388E+003     0.69479632E+003    -0.33159676E+003
     0.91208167E+001     0.24819004E+003     0.76796600E+003     0.34197977E+000
     0.91243505E+001     0.24828620E+003     0.69333699E+003     0.33195422E+003
     0.91278843E+001     0.24838236E+003     0.48501857E+003     0.60054080E+003
     0.91314182E+001     0.24847852E+003     0.18240380E+003     0.75531795E+003
     0.91349520E+001     0.24857469E+003    -0.15728836E+003     0.76702111E+003
     0.91384858E+001     0.24867085E+003    -0.46982711E+003     0.63344240E+003
     0.91420197E+001     0.24876701E+003    -0.69611464E+003     0.37984101E+003
     0.91455535E+001     0.24886317E+003    -0.79336600E+003     0.54172002E+002
     0.91490873E+001     0.24895933E+003    -0.74318984E+003    -0.28198026E+003
     0.91526211E+001     0.24905549E+003    -0.55507603E+003    -0.56505516E+003
     0.91561550E+001     0.24915165E+003    -0.26459614E+003    -0.74151911E+003
     0.91596888E+001     0.24924781E+003     0.73325867E+002    -0.77800964E+003
     0.91632226E+001     0.24934397E+003     0.39478823E+003    -0.66762019E+003
     0.91667565E+001     0.24944013E+003     0.63901424E+003    -0.43122625E+003
     0.91702903E+001     0.24953629E+003     0.75981752E+003    -0.11352192E+003
     0.91738241E+001     0.24963245E+003     0.73436225E+003     0.22542154E+003
     0.91773580E+001     0.24972861E+003     0.56745653E+003     0.52151590E+003
     0.91808918E+001     0.24982477E+003     0.29066266E+003     0.71877775E+003
     0.91844256E+001     0.24992093E+003    -0.43680904E+002     0.77990844E+003
     0.91879594E+001     0.25001709E+003    -0.37235651E+003     0.69335351E+003
     0.91914933E+001     0.25011325E+003    -0.63321274E+003     0.47548216E+003
     0.91950271E+001     0.25020941E+003    -0.77693129E+003     0.16749232E+003
     0.91985609E+001     0.25030557E+003    -0.77633190E+003    -0.17237546E+003
     0.92020948E+001     0.25040173E+003    -0.63153253E+003    -0.47985686E+003
     0.92056286E+001     0.25049789E+003    -0.36990920E+003    -0.69680559E+003
     0.92091624E+001     0.25059405E+003    -0.40934995E+002    -0.78219896E+003
     0.92126963E+001     0.25069021E+003     0.29318550E+003    -0.71988737E+003
     0.92162301E+001     0.25078637E+003     0.56927410E+003    -0.52165233E+003
     0.92197639E+001     0.25088254E+003     0.73512696E+003    -0.22497641E+003
     0.92232978E+001     0.25097870E+003     0.75938493E+003     0.11404696E+003
     0.92268316E+001     0.25107486E+003     0.63746024E+003     0.43131511E+003
     0.92303654E+001     0.25117102E+003     0.39240757E+003     0.66683973E+003
     0.92338992E+001     0.25126718E+003     0.70561552E+002     0.77608777E+003
     0.92374331E+001     0.25136334E+003    -0.26721711E+003     0.73840442E+003
     0.92409669E+001     0.25145950E+003    -0.55706142E+003     0.56091867E+003
     0.92445007E+001     0.25155566E+003    -0.74416337E+003     0.27719741E+003
     0.92480346E+001     0.25165182E+003    -0.79315026E+003    -0.59112807E+002
     0.92515684E+001     0.25174798E+003    -0.69476031E+003    -0.38441345E+003
     0.92551022E+001     0.25184414E+003    -0.46759602E+003    -0.63720282E+003
     0.92586361E+001     0.25194030E+003    -0.15461304E+003    -0.76967096E+003
     0.92621699E+001     0.25203646E+003     0.18501583E+003    -0.75677532E+003
     0.92657037E+001     0.25213262E+003     0.48706257E+003    -0.60094150E+003
     0.92692376E+001     0.25222878E+003     0.69442027E+003    -0.33164076E+003
     0.92727714E+001     0.25232494E+003     0.76787219E+003     0.21353547E+000
     0.92763052E+001     0.25242110E+003     0.69353537E+003     0.33186619E+003
     0.92798390E+001     0.25251726E+003     0.48546475E+003     0.60061601E+003
     0.92833729E+001     0.25261342E+003     0.18300557E+003     0.75564118E+003
     0.92869067E+001     0.25270958E+003    -0.15665121E+003     0.76764147E+003
     0.92904405E+001     0.25280574E+003    -0.46928289E+003     0.63434103E+003
     0.92939744E+001     0.25290190E+003    -0.69577480E+003     0.38095661E+003
     0.92975082E+001     0.25299806E+003    -0.79330170E+003     0.55394450E+002
     0.93010420E+001     0.25309422E+003    -0.74342194E+003    -0.28077780E+003
     0.93045759E+001     0.25319039E+003    -0.55556885E+003    -0.56399626E+003
     0.93081097E+001     0.25328655E+003    -0.26526163E+003    -0.74070385E+003
     0.93116435E+001     0.25338271E+003     0.72605127E+002    -0.77748678E+003
     0.93151773E+001     0.25347887E+003     0.39414640E+003    -0.66738683E+003
     0.93187112E+001     0.25357503E+003     0.63856313E+003    -0.43122031E+003
     0.93222450E+001     0.25367119E+003     0.75963787E+003    -0.11364111E+003
     0.93257788E+001     0.25376735E+003     0.73447981E+003     0.22530384E+003
     0.93293127E+001     0.25386351E+003     0.56784321E+003     0.52152540E+003
     0.93328465E+001     0.25395967E+003     0.29123996E+003     0.71901719E+003
     0.93363803E+001     0.25405583E+003    -0.43029916E+002     0.78043656E+003
     0.93399142E+001     0.25415199E+003    -0.37176023E+003     0.69417453E+003
     0.93434480E+001     0.25424815E+003    -0.63279170E+003     0.47654404E+003
     0.93469818E+001     0.25434431E+003    -0.77676941E+003     0.16869844E+003
     0.93505157E+001     0.25444047E+003    -0.77646755E+003    -0.17114857E+003
     0.93540495E+001     0.25453663E+003    -0.63194657E+003    -0.47873693E+003
     0.93575833E+001     0.25463279E+003    -0.37053109E+003    -0.69590312E+003
     0.93611171E+001     0.25472895E+003    -0.41652059E+002    -0.78158263E+003
     0.93646510E+001     0.25482511E+003     0.29250720E+003    -0.71957261E+003
     0.93681848E+001     0.25492127E+003     0.56875855E+003    -0.52159133E+003
     0.93717186E+001     0.25501743E+003     0.73486796E+003    -0.22507548E+003
     0.93752525E+001     0.25511359E+003     0.75942139E+003     0.11391326E+003
     0.93787863E+001     0.25520975E+003     0.63778036E+003     0.43127243E+003
     0.93823201E+001     0.25530591E+003     0.39294540E+003     0.66699942E+003
     0.93858540E+001     0.25540207E+003     0.71214474E+002     0.77652254E+003
     0.93893878E+001     0.25549824E+003    -0.26657781E+003     0.73914011E+003
     0.93929216E+001     0.25559440E+003    -0.55656386E+003     0.56192187E+003
     0.93964555E+001     0.25569056E+003    -0.74390991E+003     0.27838014E+003
     0.93999893E+001     0.25578672E+003    -0.79319499E+003    -0.57871753E+002
     0.94035231E+001     0.25588288E+003    -0.69509445E+003    -0.38325077E+003
     0.94070569E+001     0.25597904E+003    -0.46816161E+003    -0.63622842E+003
     0.94105908E+001     0.25607520E+003    -0.15530270E+003    -0.76896817E+003
     0.94141246E+001     0.25617136E+003     0.18431966E+003    -0.75636709E+003
     0.94176584E+001     0.25626752E+003     0.48649218E+003    -0.60080836E+003
     0.94211923E+001     0.25636368E+003     0.69407501E+003    -0.33170215E+003
     0.94247261E+001     0.25645984E+003     0.76782128E+003     0.69639275E-001
     0.94282599E+001     0.25655600E+003     0.69378287E+003     0.33177683E+003
     0.94317938E+001     0.25665216E+003     0.48596080E+003     0.60070101E+003
     0.94353276E+001     0.25674832E+003     0.18364970E+003     0.75599257E+003
     0.94388614E+001     0.25684448E+003    -0.15598566E+003     0.76829180E+003
     0.94423952E+001     0.25694064E+003    -0.46872544E+003     0.63527403E+003
     0.94459291E+001     0.25703680E+003    -0.69543402E+003     0.38209659E+003
     0.94494629E+001     0.25713296E+003    -0.79324594E+003     0.56631631E+002
     0.94529967E+001     0.25722912E+003    -0.74366499E+003    -0.27957491E+003
     0.94565306E+001     0.25732528E+003    -0.55606740E+003    -0.56295216E+003
     0.94600644E+001     0.25742144E+003    -0.26592405E+003    -0.73991132E+003
     0.94635982E+001     0.25751760E+003     0.71901728E+002    -0.77699223E+003
     0.94671321E+001     0.25761376E+003     0.39353149E+003    -0.66717893E+003
     0.94706659E+001     0.25770992E+003     0.63814985E+003    -0.43123559E+003
     0.94741997E+001     0.25780609E+003     0.75950346E+003    -0.11377271E+003
     0.94777336E+001     0.25790225E+003     0.73464685E+003     0.22518455E+003
     0.94812674E+001     0.25799841E+003     0.56827947E+003     0.52154724E+003
     0.94848012E+001     0.25809457E+003     0.29185857E+003     0.71927993E+003
     0.94883350E+001     0.25819073E+003    -0.42349114E+002     0.78099596E+003
     0.94918689E+001     0.25828689E+003    -0.37114879E+003     0.69502777E+003
     0.94954027E+001     0.25838305E+003    -0.63236908E+003     0.47763321E+003
     0.94989365E+001     0.25847921E+003    -0.77661654E+003     0.16992140E+003
     0.95024704E+001     0.25857537E+003    -0.77661654E+003    -0.16992140E+003
     0.95060042E+001     0.25867153E+003    -0.63236909E+003    -0.47763320E+003
     0.95095380E+001     0.25876769E+003    -0.37114878E+003    -0.69502777E+003
     0.95130719E+001     0.25886385E+003    -0.42349113E+002    -0.78099596E+003
     0.95166057E+001     0.25896001E+003     0.29185857E+003    -0.71927993E+003
     0.95201395E+001     0.25905617E+003     0.56827948E+003    -0.52154724E+003
     0.95236734E+001     0.25915233E+003     0.73464686E+003    -0.22518455E+003
     0.95272072E+001     0.25924849E+003     0.75950346E+003     0.11377271E+003
     0.95307410E+001     0.25934465E+003     0.63814985E+003     0.43123559E+003
     0.95342748E+001     0.25944081E+003     0.39353149E+003     0.66717893E+003
     0.95378087E+001     0.25953697E+003     0.71901729E+002     0.77699223E+003
     0.95413425E+001     0.25963313E+003    -0.26592406E+003     0.73991132E+003
     0.95448763E+001     0.25972929E+003    -0.55606740E+003     0.56295216E+003
     0.95484102E+001     0.25982545E+003    -0.74366499E+003     0.27957491E+003
     0.95519440E+001     0.25992161E+003    -0.79324594E+003    -0.56631630E+002
     0.95554778E+001     0.26001778E+003    -0.69543402E+003    -0.38209659E+003
     0.95590117E+001     0.26011394E+003    -0.46872544E+003    -0.63527403E+003
     0.95625455E+001     0.26021010E+003    -0.15598566E+003    -0.76829180E+003
     0.95660793E+001     0.26030626E+003     0.18364970E+003    -0.75599257E+003
     0.95696131E+001     0.26040242E+003     0.48596080E+003    -0.60070101E+003
     0.95731470E+001     0.26049858E+003     0.69378286E+003    -0.33177683E+003
     0.95766808E+001     0.26059474E+003     0.76782128E+003    -0.69639964E-001
     0.95802146E+001     0.26069090E+003     0.69407501E+003     0.33170215E+003
     0.95837485E+001     0.26078706E+003     0.48649218E+003     0.60080836E+003
     0.95872823E+001     0.26088322E+003     0.18431966E+003     0.75636709E+003
     0.95908161E+001     0.26097938E+003    -0.15530270E+003     0.76896817E+003
     0.95943500E+001     0.26107554E+003    -0.46816161E+003     0.63622842E+003
     0.95978838E+001     0.26117170E+003    -0.69509445E+003     0.38325077E+003
     0.96014176E+001     0.26126786E+003    -0.79319499E+003     0.57871754E+002
     0.96049515E+001     0.26136402E+003    -0.74390991E+003    -0.27838014E+003
     0.96084853E+001     0.26146018E+003    -0.55656386E+003    -0.56192187E+003
     0.96120191E+001     0.26155634E+003    -0.26657781E+003    -0.73914011E+003
     0.96155529E+001     0.26165250E+003     0.71214474E+002    -0.77652254E+003
     0.96190868E+001     0.26174866E+003     0.39294540E+003    -0.66699942E+003
     0.96226206E+001     0.26184482E+003     0.63778036E+003    -0.43127243E+003
     0.96261544E+001     0.26194098E+003     0.75942139E+003    -0.11391326E+003
     0.96296883E+001     0.26203714E+003     0.73486796E+003     0.22507548E+003
     0.96332221E+001     0.26213330E+003     0.56875855E+003     0.52159132E+003
     0.96367559E+001     0.26222946E+003     0.29250720E+003     0.71957261E+003
     0.96402898E+001     0.26232563E+003    -0.41652057E+002     0.78158263E+003
     0.96438236E+001     0.26242179E+003    -0.37053109E+003     0.69590312E+003
     0.96473574E+001     0.26251795E+003    -0.63194657E+003     0.47873693E+003
     0.96508913E+001     0.26261411E+003    -0.77646755E+003     0.17114857E+003
     0.96544251E+001     0.26271027E+003    -0.77676941E+003    -0.16869844E+003
     0.96579589E+001     0.26280643E+003    -0.63279171E+003    -0.47654405E+003
     0.96614927E+001     0.26290259E+003    -0.37176023E+003    -0.69417453E+003
     0.96650266E+001     0.26299875E+003    -0.43029916E+002    -0.78043656E+003
     0.96685604E+001     0.26309491E+003     0.29123996E+003    -0.71901719E+003
     0.96720942E+001     0.26319107E+003     0.56784321E+003    -0.52152540E+003
     0.96756281E+001     0.26328723E+003     0.73447981E+003    -0.22530384E+003
     0.96791619E+001     0.26338339E+003     0.75963788E+003     0.11364112E+003
     0.96826957E+001     0.26347955E+003     0.63856313E+003     0.43122031E+003
     0.96862296E+001     0.26357571E+003     0.39414640E+003     0.66738683E+003
     0.96897634E+001     0.26367187E+003     0.72605129E+002     0.77748679E+003
     0.96932972E+001     0.26376803E+003    -0.26526163E+003     0.74070385E+003
     0.96968310E+001     0.26386419E+003    -0.55556885E+003     0.56399626E+003
     0.97003649E+001     0.26396035E+003    -0.74342194E+003     0.28077780E+003
     0.97038987E+001     0.26405651E+003    -0.79330170E+003    -0.55394451E+002
     0.97074325E+001     0.26415267E+003    -0.69577480E+003    -0.38095661E+003
     0.97109664E+001     0.26424883E+003    -0.46928289E+003    -0.63434103E+003
     0.97145002E+001     0.26434499E+003    -0.15665121E+003    -0.76764147E+003
     0.97180340E+001     0.26444115E+003     0.18300557E+003    -0.75564118E+003
     0.97215679E+001     0.26453731E+003     0.48546475E+003    -0.60061601E+003
     0.97251017E+001     0.26463348E+003     0.69353537E+003    -0.33186619E+003
     0.97286355E+001     0.26472964E+003     0.76787219E+003    -0.21353452E+000
     0.97321694E+001     0.26482580E+003     0.69442027E+003     0.33164076E+003
     0.97357032E+001     0.26492196E+003     0.48706256E+003     0.60094150E+003
     0.97392370E+001     0.26501812E+003     0.18501583E+003     0.75677532E+003
     0.97427708E+001     0.26511428E+003    -0.15461304E+003     0.76967096E+003
     0.97463047E+001     0.26521044E+003    -0.46759602E+003     0.63720282E+003
     0.97498385E+001     0.26530660E+003    -0.69476031E+003     0.38441345E+003
     0.97533723E+001     0.26540276E+003    -0.79315026E+003     0.59112805E+002
     0.97569062E+001     0.26549892E+003    -0.74416336E+003    -0.27719741E+003
     0.97604400E+001     0.26559508E+003    -0.55706142E+003    -0.56091868E+003
     0.97639738E+001     0.26569124E+003    -0.26721711E+003    -0.73840442E+003
     0.97675077E+001     0.26578740E+003     0.70561551E+002    -0.77608777E+003
     0.97710415E+001     0.26588356E+003     0.39240757E+003    -0.66683973E+003
     0.97745753E+001     0.26597972E+003     0.63746024E+003    -0.43131511E+003
     0.97781092E+001     0.26607588E+003     0.75938493E+003    -0.11404696E+003
     0.97816430E+001     0.26617204E+003     0.73512696E+003     0.22497641E+003
     0.97851768E+001     0.26626820E+003     0.56927410E+003     0.52165233E+003
     0.97887106E+001     0.26636436E+003     0.29318550E+003     0.71988737E+003
     0.97922445E+001     0.26646052E+003    -0.40934994E+002     0.78219896E+003
     0.97957783E+001     0.26655668E+003    -0.36990920E+003     0.69680559E+003
     0.97993121E+001     0.26665284E+003    -0.63153253E+003     0.47985686E+003
     0.98028460E+001     0.26674900E+003    -0.77633190E+003     0.17237546E+003
     0.98063798E+001     0.26684516E+003    -0.77693129E+003    -0.16749232E+003
     0.98099136E+001     0.26694133E+003    -0.63321274E+003    -0.47548216E+003
     0.98134475E+001     0.26703749E+003    -0.37235651E+003    -0.69335351E+003
     0.98169813E+001     0.26713365E+003    -0.43680904E+002    -0.77990844E+003
     0.98205151E+001     0.26722981E+003     0.29066266E+003    -0.71877775E+003
     0.98240489E+001     0.26732597E+003     0.56745653E+003    -0.52151590E+003
     0.98275828E+001     0.26742213E+003     0.73436225E+003    -0.22542153E+003
     0.98311166E+001     0.26751829E+003     0.75981752E+003     0.11352192E+003
     0.98346504E+001     0.26761445E+003     0.63901424E+003     0.43122625E+003
     0.98381843E+001     0.26771061E+003     0.39478823E+003     0.66762019E+003
     0.98417181E+001     0.26780677E+003     0.73325866E+002     0.77800964E+003
     0.98452519E+001     0.26790293E+003    -0.26459614E+003     0.74151911E+003
     0.98487858E+001     0.26799909E+003    -0.55507603E+003     0.56505516E+003
     0.98523196E+001     0.26809525E+003    -0.74318984E+003     0.28198026E+003
     0.98558534E+001     0.26819141E+003    -0.79336600E+003    -0.54172001E+002
     0.98593873E+001     0.26828757E+003    -0.69611464E+003    -0.37984101E+003
     0.98629211E+001     0.26838373E+003    -0.46982711E+003    -0.63344240E+003
     0.98664549E+001     0.26847989E+003    -0.15728836E+003    -0.76702111E+003
     0.98699887E+001     0.26857605E+003     0.18240380E+003    -0.75531796E+003
     0.98735226E+001     0.26867221E+003     0.48501857E+003    -0.60054080E+003
     0.98770564E+001     0.26876837E+003     0.69333699E+003    -0.33195422E+003
     0.98805902E+001     0.26886453E+003     0.76796600E+003    -0.34197962E+000
     0.98841241E+001     0.26896069E+003     0.69479632E+003     0.33159676E+003
     0.98876579E+001     0.26905685E+003     0.48766264E+003     0.60109571E+003
     0.98911917E+001     0.26915301E+003     0.18572979E+003     0.75720337E+003
     0.98947256E+001     0.26924918E+003    -0.15390768E+003     0.77040002E+003
     0.98982594E+001     0.26934534E+003    -0.46703521E+003     0.63819461E+003
     0.99017932E+001     0.26944150E+003    -0.69443703E+003     0.38558550E+003
     0.99053271E+001     0.26953766E+003    -0.79312058E+003     0.60338242E+002
     0.99088609E+001     0.26963382E+003    -0.74441793E+003    -0.27604167E+003
     0.99123947E+001     0.26972998E+003    -0.55754274E+003    -0.55994996E+003
     0.99159285E+001     0.26982614E+003    -0.26782694E+003    -0.73769671E+003
     0.99194624E+001     0.26992230E+003     0.69946805E+002    -0.77567325E+003
     0.99229962E+001     0.27001846E+003     0.39191069E+003    -0.66669407E+003
     0.99265300E+001     0.27011462E+003     0.63718721E+003    -0.43136264E+003
     0.99300639E+001     0.27021078E+003     0.75939549E+003    -0.11417501E+003
     0.99335977E+001     0.27030694E+003     0.73542904E+003     0.22489792E+003
     0.99371315E+001     0.27040310E+003     0.56981722E+003     0.52174013E+003
     0.99406654E+001     0.27049926E+003     0.29387736E+003     0.72022860E+003
     0.99441992E+001     0.27059542E+003    -0.40215268E+002     0.78283091E+003
     0.99477330E+001     0.27069158E+003    -0.36928733E+003     0.69771532E+003
     0.99512668E+001     0.27078774E+003    -0.63111756E+003     0.48097569E+003
     0.99548007E+001     0.27088390E+003    -0.77619575E+003     0.17359642E+003
     0.99583345E+001     0.27098006E+003    -0.77708916E+003    -0.16630005E+003
     0.99618683E+001     0.27107622E+003    -0.63362611E+003    -0.47444105E+003
     0.99654022E+001     0.27117238E+003    -0.37293334E+003    -0.69255743E+003
     0.99689360E+001     0.27126854E+003    -0.44304918E+002    -0.77940395E+003
     0.99724698E+001     0.27136470E+003     0.29012174E+003    -0.71855626E+003
     0.99760037E+001     0.27146087E+003     0.56711005E+003    -0.52151903E+003
     0.99795375E+001     0.27155703E+003     0.73428893E+003    -0.22554248E+003
     0.99830713E+001     0.27165319E+003     0.76004445E+003     0.11340885E+003
     0.99866052E+001     0.27174935E+003     0.63950432E+003     0.43125191E+003
     0.99901390E+001     0.27184551E+003     0.39546119E+003     0.66788202E+003
     0.99936728E+001     0.27194167E+003     0.74055650E+002     0.77855977E+003
     0.99972066E+001     0.27203783E+003    -0.26392915E+003     0.74235490E+003
     0.10000740E+002     0.27213399E+003    -0.55459159E+003     0.56611847E+003
     0.10004274E+002     0.27223015E+003    -0.74296155E+003     0.28317795E+003
     0.10007808E+002     0.27232631E+003    -0.79343078E+003    -0.52963805E+002
     0.10011342E+002     0.27242247E+003    -0.69644856E+003    -0.37874644E+003
     0.10014876E+002     0.27251863E+003    -0.47035842E+003    -0.63256607E+003
     0.10018410E+002     0.27261479E+003    -0.15790253E+003    -0.76643026E+003
     0.10021943E+002     0.27271095E+003     0.18183354E+003    -0.75501695E+003
     0.10025477E+002     0.27280711E+003     0.48461626E+003    -0.60048739E+003
     0.10029011E+002     0.27290327E+003     0.69318664E+003    -0.33204953E+003
     0.10032545E+002     0.27299943E+003     0.76811166E+003    -0.46672535E+000
     0.10036079E+002     0.27309559E+003     0.69521873E+003     0.33157223E+003
     0.10039613E+002     0.27319175E+003     0.48829374E+003     0.60127942E+003
     0.10043146E+002     0.27328791E+003     0.18646148E+003     0.75766342E+003
     0.10046680E+002     0.27338407E+003    -0.15320524E+003     0.77115151E+003
     0.10050214E+002     0.27348023E+003    -0.46647885E+003     0.63919814E+003
     0.10053748E+002     0.27357639E+003    -0.69412315E+003     0.38675316E+003
     0.10057282E+002     0.27367255E+003    -0.79309270E+003     0.61554149E+002
     0.10060816E+002     0.27376872E+003    -0.74467216E+003    -0.27490599E+003
     0.10064349E+002     0.27386488E+003    -0.55801706E+003    -0.55900625E+003
     0.10067883E+002     0.27396104E+003    -0.26841908E+003    -0.73702151E+003
     0.10071417E+002     0.27405720E+003     0.69362902E+002    -0.77529145E+003
     0.10074951E+002     0.27415336E+003     0.39145915E+003    -0.66657315E+003
     0.10078485E+002     0.27424952E+003     0.63696585E+003    -0.43142257E+003
     0.10082019E+002     0.27434568E+003     0.75946021E+003    -0.11430002E+003
     0.10085552E+002     0.27444184E+003     0.73577977E+003     0.22483461E+003
     0.10089086E+002     0.27453800E+003     0.57040140E+003     0.52185601E+003
     0.10092620E+002     0.27463416E+003     0.29459437E+003     0.72060478E+003
     0.10096154E+002     0.27473032E+003    -0.39489642E+002     0.78349923E+003
     0.10099688E+002     0.27482648E+003    -0.36867736E+003     0.69864867E+003
     0.10103222E+002     0.27492264E+003    -0.63072424E+003     0.48209957E+003
     0.10106755E+002     0.27501880E+003    -0.77607562E+003     0.17480166E+003
     0.10110289E+002     0.27511496E+003    -0.77725393E+003    -0.16513615E+003
     0.10113823E+002     0.27521112E+003    -0.63403040E+003    -0.47343481E+003
     0.10117357E+002     0.27530728E+003    -0.37349155E+003    -0.69179893E+003
     0.10120891E+002     0.27540344E+003    -0.44893320E+002    -0.77893628E+003
     0.10124425E+002     0.27549960E+003     0.28962992E+003    -0.71836516E+003
     0.10127958E+002     0.27559576E+003     0.56682583E+003    -0.52153409E+003
     0.10131492E+002     0.27569192E+003     0.73427765E+003    -0.22565486E+003
     0.10135026E+002     0.27578808E+003     0.76031875E+003     0.11332412E+003
     0.10138560E+002     0.27588424E+003     0.64002674E+003     0.43131035E+003
     0.10142094E+002     0.27598040E+003     0.39614544E+003     0.66817440E+003
     0.10145628E+002     0.27607657E+003     0.74794023E+002     0.77913420E+003
     0.10149161E+002     0.27617273E+003    -0.26326860E+003     0.74320821E+003
     0.10152695E+002     0.27626889E+003    -0.55411502E+003     0.56719332E+003
     0.10156229E+002     0.27636505E+003    -0.74275361E+003     0.28437008E+003
     0.10159763E+002     0.27646121E+003    -0.79350892E+003    -0.51779427E+002
     0.10163297E+002     0.27655737E+003    -0.69678506E+003    -0.37769280E+003
     0.10166831E+002     0.27665353E+003    -0.47086830E+003    -0.63173836E+003
     0.10170364E+002     0.27674969E+003    -0.15847743E+003    -0.76587825E+003
     0.10173898E+002     0.27684585E+003     0.18131886E+003    -0.75474438E+003
     0.10177432E+002     0.27694201E+003     0.48427128E+003    -0.60044041E+003
     0.10180966E+002     0.27703817E+003     0.69309488E+003    -0.33213838E+003
     0.10184500E+002     0.27713433E+003     0.76830450E+003    -0.56848651E+000
     0.10188033E+002     0.27723049E+003     0.69567643E+003     0.33157819E+003
     0.10191567E+002     0.27732665E+003     0.48894405E+003     0.60149641E+003
     0.10195101E+002     0.27742281E+003     0.18719640E+003     0.75815209E+003
     0.10198635E+002     0.27751897E+003    -0.15250819E+003     0.77192268E+003
     0.10202169E+002     0.27761513E+003    -0.46593720E+003     0.64020819E+003
     0.10205703E+002     0.27771129E+003    -0.69382357E+003     0.38791349E+003
     0.10209236E+002     0.27780745E+003    -0.79307653E+003     0.62746513E+002
     0.10212770E+002     0.27790361E+003    -0.74492592E+003    -0.27380656E+003
     0.10216304E+002     0.27799977E+003    -0.55847438E+003    -0.55810439E+003
     0.10219838E+002     0.27809593E+003    -0.26897641E+003    -0.73638624E+003
     0.10223372E+002     0.27819209E+003     0.68827983E+002    -0.77493778E+003
     0.10226906E+002     0.27828825E+003     0.39106445E+003    -0.66646628E+003
     0.10230439E+002     0.27838442E+003     0.63680201E+003    -0.43147947E+003
     0.10233973E+002     0.27848058E+003     0.75957530E+003    -0.11440668E+003
     0.10237507E+002     0.27857674E+003     0.73616823E+003     0.22480011E+003
     0.10241041E+002     0.27867290E+003     0.57100621E+003     0.52200402E+003
     0.10244575E+002     0.27876906E+003     0.29531845E+003     0.72100840E+003
     0.10248109E+002     0.27886522E+003    -0.38765965E+002     0.78418577E+003
     0.10251642E+002     0.27896138E+003    -0.36807531E+003     0.69959139E+003
     0.10255176E+002     0.27905754E+003    -0.63034112E+003     0.48322246E+003
     0.10258710E+002     0.27915370E+003    -0.77597092E+003     0.17599273E+003
     0.10262244E+002     0.27924986E+003    -0.77742655E+003    -0.16400332E+003
     0.10265778E+002     0.27934602E+003    -0.63442987E+003    -0.47247415E+003
     0.10269312E+002     0.27944218E+003    -0.37401825E+003    -0.69108837E+003
     0.10272845E+002     0.27953834E+003    -0.45431258E+002    -0.77850389E+003
     0.10276379E+002     0.27963450E+003     0.28919948E+003    -0.71818911E+003
     0.10279913E+002     0.27973066E+003     0.56659836E+003    -0.52154445E+003
     0.10283447E+002     0.27982682E+003     0.73431463E+003    -0.22575201E+003
     0.10286981E+002     0.27992298E+003     0.76063232E+003     0.11326251E+003
     0.10290515E+002     0.28001914E+003     0.64057768E+003     0.43139697E+003
     0.10294048E+002     0.28011530E+003     0.39684663E+003     0.66849925E+003
     0.10297582E+002     0.28021146E+003     0.75529133E+002     0.77973623E+003
     0.10301116E+002     0.28030762E+003    -0.26262056E+003     0.74407597E+003
     0.10304650E+002     0.28040378E+003    -0.55365842E+003     0.56826247E+003
     0.10308184E+002     0.28049994E+003    -0.74255478E+003     0.28554213E+003
     0.10311718E+002     0.28059610E+003    -0.79358833E+003    -0.50624778E+002
     0.10315251E+002     0.28069227E+003    -0.69710984E+003    -0.37667226E+003
     0.10318785E+002     0.28078843E+003    -0.47135743E+003    -0.63094530E+003
     0.10322319E+002     0.28088459E+003    -0.15901786E+003    -0.76536210E+003
     0.10325853E+002     0.28098075E+003     0.18085169E+003    -0.75449852E+003
     0.10329387E+002     0.28107691E+003     0.48398404E+003    -0.60040841E+003
     0.10332921E+002     0.28117307E+003     0.69306119E+003    -0.33222179E+003
     0.10336454E+002     0.28126923E+003     0.76854791E+003    -0.65070733E+000
     0.10339988E+002     0.28136539E+003     0.69617220E+003     0.33161522E+003
     0.10343522E+002     0.28146155E+003     0.48961579E+003     0.60174892E+003
     0.10347056E+002     0.28155771E+003     0.18793713E+003     0.75867496E+003
     0.10350590E+002     0.28165387E+003    -0.15182438E+003     0.77271864E+003
     0.10354124E+002     0.28175003E+003    -0.46541833E+003     0.64122452E+003
     0.10357657E+002     0.28184619E+003    -0.69354837E+003     0.38905820E+003
     0.10361191E+002     0.28194235E+003    -0.79307217E+003     0.63903547E+002
     0.10364725E+002     0.28203851E+003    -0.74517335E+003    -0.27274993E+003
     0.10368259E+002     0.28213467E+003    -0.55890711E+003    -0.55724666E+003
     0.10371793E+002     0.28223083E+003    -0.26949522E+003    -0.73578603E+003
     0.10375327E+002     0.28232699E+003     0.68342101E+002    -0.77461145E+003
     0.10378860E+002     0.28242315E+003     0.39072539E+003    -0.66637310E+003
     0.10382394E+002     0.28251931E+003     0.63669657E+003    -0.43153538E+003
     0.10385928E+002     0.28261547E+003     0.75974484E+003    -0.11449643E+003
     0.10389462E+002     0.28271163E+003     0.73659856E+003     0.22479687E+003
     0.10392996E+002     0.28280779E+003     0.57163677E+003     0.52218995E+003
     0.10396529E+002     0.28290395E+003     0.29604737E+003     0.72144910E+003
     0.10400063E+002     0.28300012E+003    -0.38054469E+002     0.78489928E+003
     0.10403597E+002     0.28309628E+003    -0.36749638E+003     0.70054227E+003
     0.10407131E+002     0.28319244E+003    -0.62998286E+003     0.48433227E+003
     0.10410665E+002     0.28328860E+003    -0.77587833E+003     0.17715173E+003
     0.10414199E+002     0.28338476E+003    -0.77759643E+003    -0.16291246E+003
     0.10417732E+002     0.28348092E+003    -0.63480683E+003    -0.47155546E+003
     0.10421266E+002     0.28357708E+003    -0.37451139E+003    -0.69041450E+003
     0.10424800E+002     0.28367324E+003    -0.45924488E+002    -0.77810135E+003
     0.10428334E+002     0.28376940E+003     0.28882106E+003    -0.71803275E+003
     0.10431868E+002     0.28386556E+003     0.56643014E+003    -0.52156246E+003
     0.10435402E+002     0.28396172E+003     0.73440950E+003    -0.22583690E+003
     0.10438935E+002     0.28405788E+003     0.76099436E+003     0.11322868E+003
     0.10442469E+002     0.28415404E+003     0.64115821E+003     0.43152244E+003
     0.10446003E+002     0.28425020E+003     0.39755758E+003     0.66886213E+003
     0.10449537E+002     0.28434636E+003     0.76257641E+002     0.78036752E+003
     0.10453071E+002     0.28444252E+003    -0.26199236E+003     0.74495943E+003
     0.10456605E+002     0.28453868E+003    -0.55322637E+003     0.56932820E+003
     0.10460138E+002     0.28463484E+003    -0.74237962E+003     0.28669077E+003
     0.10463672E+002     0.28473100E+003    -0.79367730E+003    -0.49513448E+002
     0.10467206E+002     0.28482716E+003    -0.69742234E+003    -0.37570211E+003
     0.10470740E+002     0.28492332E+003    -0.47181232E+003    -0.63020198E+003
     0.10474274E+002     0.28501948E+003    -0.15950714E+003    -0.76487845E+003
     0.10477808E+002     0.28511564E+003     0.18044139E+003    -0.75427475E+003
     0.10481341E+002     0.28521181E+003     0.48375620E+003    -0.60037870E+003
     0.10484875E+002     0.28530797E+003     0.69308475E+003    -0.33229798E+003
     0.10488409E+002     0.28540413E+003     0.76884164E+003    -0.70565735E+000
     0.10491943E+002     0.28550029E+003     0.69670206E+003     0.33168962E+003
     0.10495477E+002     0.28559645E+003     0.49029962E+003     0.60204334E+003
     0.10499011E+002     0.28569261E+003     0.18866805E+003     0.75922857E+003
     0.10502544E+002     0.28578877E+003    -0.15115924E+003     0.77352637E+003
     0.10506078E+002     0.28588493E+003    -0.46491971E+003     0.64223557E+003
     0.10509612E+002     0.28598109E+003    -0.69328647E+003     0.39018365E+003
     0.10513146E+002     0.28607725E+003    -0.79307623E+003     0.65032606E+002
     0.10516680E+002     0.28617341E+003    -0.74541949E+003    -0.27173444E+003
     0.10520214E+002     0.28626957E+003    -0.55932287E+003    -0.55643701E+003
     0.10523747E+002     0.28636573E+003    -0.26997470E+003    -0.73523646E+003
     0.10527281E+002     0.28646189E+003     0.67915883E+002    -0.77431960E+003
     0.10530815E+002     0.28655805E+003     0.39045540E+003    -0.66629271E+003
     0.10534349E+002     0.28665421E+003     0.63665575E+003    -0.43157867E+003
     0.10537883E+002     0.28675037E+003     0.75996448E+003    -0.11455749E+003
     0.10541417E+002     0.28684653E+003     0.73706194E+003     0.22483008E+003
     0.10544950E+002     0.28694269E+003     0.57228242E+003     0.52241242E+003
     0.10548484E+002     0.28703885E+003     0.29677607E+003     0.72192058E+003
     0.10552018E+002     0.28713501E+003    -0.37356295E+002     0.78563226E+003
     0.10555552E+002     0.28723117E+003    -0.36693882E+003     0.70149703E+003
     0.10559086E+002     0.28732733E+003    -0.62964533E+003     0.48542860E+003
     0.10562620E+002     0.28742349E+003    -0.77580081E+003     0.17828084E+003
     0.10566153E+002     0.28751966E+003    -0.77776746E+003    -0.16186343E+003
     0.10569687E+002     0.28761582E+003    -0.63516883E+003    -0.47068556E+003
     0.10573221E+002     0.28771198E+003    -0.37496985E+003    -0.68978924E+003
     0.10576755E+002     0.28780814E+003    -0.46364995E+002    -0.77773596E+003
     0.10580289E+002     0.28790430E+003     0.28850706E+003    -0.71789746E+003
     0.10583823E+002     0.28800046E+003     0.56632761E+003    -0.52157721E+003
     0.10587356E+002     0.28809662E+003     0.73456253E+003    -0.22590170E+003
     0.10590890E+002     0.28819278E+003     0.76139835E+003     0.11322914E+003
     0.10594424E+002     0.28828894E+003     0.64176292E+003     0.43168739E+003
     0.10597958E+002     0.28838510E+003     0.39827371E+003     0.66926028E+003
     0.10601492E+002     0.28848126E+003     0.76973772E+002     0.78102652E+003
     0.10605026E+002     0.28857742E+003    -0.26138402E+003     0.74585094E+003
     0.10608559E+002     0.28867358E+003    -0.55281903E+003     0.57038704E+003
     0.10612093E+002     0.28876974E+003    -0.74222040E+003     0.28781282E+003
     0.10615627E+002     0.28886590E+003    -0.79377452E+003    -0.48438551E+002
     0.10619161E+002     0.28896206E+003    -0.69772877E+003    -0.37478162E+003
     0.10622695E+002     0.28905822E+003    -0.47224228E+003    -0.62950891E+003
     0.10626228E+002     0.28915438E+003    -0.15995115E+003    -0.76444701E+003
     0.10629762E+002     0.28925054E+003     0.18009860E+003    -0.75407852E+003
     0.10633296E+002     0.28934670E+003     0.48360198E+003    -0.60035817E+003
     0.10636830E+002     0.28944286E+003     0.69317440E+003    -0.33234802E+003
     0.10640364E+002     0.28953902E+003     0.76918134E+003    -0.72678347E+000
     0.10643898E+002     0.28963518E+003     0.69725470E+003     0.33180650E+003
     0.10647431E+002     0.28973134E+003     0.49099137E+003     0.60236954E+003
     0.10650965E+002     0.28982751E+003     0.18939435E+003     0.75980938E+003
     0.10654499E+002     0.28992367E+003    -0.15050873E+003     0.77435139E+003
     0.10658033E+002     0.29001983E+003    -0.46444562E+003     0.64324952E+003
     0.10661567E+002     0.29011599E+003    -0.69305152E+003     0.39129151E+003
     0.10665101E+002     0.29021215E+003    -0.79309735E+003     0.66122007E+002
     0.10668634E+002     0.29030831E+003    -0.74566264E+003    -0.27076984E+003
     0.10672168E+002     0.29040447E+003    -0.55971468E+003    -0.55568032E+003
     0.10675702E+002     0.29050063E+003    -0.27041225E+003    -0.73473023E+003
     0.10679236E+002     0.29059679E+003     0.67543194E+002    -0.77406214E+003
     0.10682770E+002     0.29069295E+003     0.39024878E+003    -0.66623070E+003
     0.10686304E+002     0.29078911E+003     0.63668356E+003    -0.43162368E+003
     0.10689837E+002     0.29088527E+003     0.76024771E+003    -0.11459638E+003
     0.10693371E+002     0.29098143E+003     0.73757395E+003     0.22490398E+003
     0.10696905E+002     0.29107759E+003     0.57294989E+003     0.52268464E+003
     0.10700439E+002     0.29117375E+003     0.29750333E+003     0.72243787E+003
     0.10703973E+002     0.29126991E+003    -0.36681561E+002     0.78639481E+003
     0.10707507E+002     0.29136607E+003    -0.36641393E+003     0.70246209E+003
     0.10711040E+002     0.29146223E+003    -0.62934431E+003     0.48650885E+003
     0.10714574E+002     0.29155839E+003    -0.77575118E+003     0.17937217E+003
     0.10718108E+002     0.29165455E+003    -0.77794669E+003    -0.16087281E+003
     0.10721642E+002     0.29175071E+003    -0.63551378E+003    -0.46988068E+003
     0.10725176E+002     0.29184687E+003    -0.37538201E+003    -0.68922066E+003
     0.10728710E+002     0.29194303E+003    -0.46743615E+002    -0.77741212E+003
     0.10732243E+002     0.29203919E+003     0.28826557E+003    -0.71777749E+003
     0.10735777E+002     0.29213536E+003     0.56629497E+003    -0.52159137E+003
     0.10739311E+002     0.29223152E+003     0.73477884E+003    -0.22594210E+003
     0.10742845E+002     0.29232768E+003     0.76185193E+003     0.11326673E+003
     0.10746379E+002     0.29242384E+003     0.64239583E+003     0.43190231E+003
     0.10749913E+002     0.29252000E+003     0.39899158E+003     0.66970847E+003
     0.10753446E+002     0.29261616E+003     0.77670099E+002     0.78172185E+003
     0.10756980E+002     0.29271232E+003    -0.26081603E+003     0.74675943E+003
     0.10760514E+002     0.29280848E+003    -0.55245088E+003     0.57143210E+003
     0.10764048E+002     0.29290464E+003    -0.74209675E+003     0.28889651E+003
     0.10767582E+002     0.29300080E+003    -0.79388192E+003    -0.47422922E+002
     0.10771116E+002     0.29309696E+003    -0.69802131E+003    -0.37392744E+003
     0.10774649E+002     0.29319312E+003    -0.47263034E+003    -0.62887763E+003
     0.10778183E+002     0.29328928E+003    -0.16033240E+003    -0.76405853E+003
     0.10781717E+002     0.29338544E+003     0.17982613E+003    -0.75390770E+003
     0.10785251E+002     0.29348160E+003     0.48352161E+003    -0.60033632E+003
     0.10788785E+002     0.29357776E+003     0.69333036E+003    -0.33238327E+003
     0.10792319E+002     0.29367392E+003     0.76957654E+003    -0.70854130E+000
     0.10795852E+002     0.29377008E+003     0.69784275E+003     0.33197145E+003
     0.10799386E+002     0.29386624E+003     0.49169042E+003     0.60275259E+003
     0.10802920E+002     0.29396240E+003     0.19010042E+003     0.76043378E+003
     0.10806454E+002     0.29405856E+003    -0.14989866E+003     0.77519719E+003
     0.10809988E+002     0.29415472E+003    -0.46401637E+003     0.64425374E+003
     0.10813522E+002     0.29425088E+003    -0.69285250E+003     0.39236186E+003
     0.10817055E+002     0.29434704E+003    -0.79313517E+003     0.67154527E+002
     0.10820589E+002     0.29444321E+003    -0.74589831E+003    -0.26987364E+003
     0.10824123E+002     0.29453937E+003    -0.56007035E+003    -0.55499026E+003
     0.10827657E+002     0.29463553E+003    -0.27078873E+003    -0.73427867E+003
     0.10831191E+002     0.29473169E+003     0.67248841E+002    -0.77383277E+003
     0.10834724E+002     0.29482785E+003     0.39012237E+003    -0.66616973E+003
     0.10838258E+002     0.29492401E+003     0.63677970E+003    -0.43164401E+003
     0.10841792E+002     0.29502017E+003     0.76058229E+003    -0.11459639E+003
     0.10845326E+002     0.29511633E+003     0.73811521E+003     0.22502428E+003
     0.10848860E+002     0.29521249E+003     0.57362755E+003     0.52300559E+003
     0.10852394E+002     0.29530865E+003     0.29821498E+003     0.72299614E+003
     0.10855927E+002     0.29540481E+003    -0.36041792E+002     0.78718154E+003
     0.10859461E+002     0.29550097E+003    -0.36593027E+003     0.70341680E+003
     0.10862995E+002     0.29559713E+003    -0.62907504E+003     0.48755802E+003
     0.10866529E+002     0.29569329E+003    -0.77571611E+003     0.18041152E+003
     0.10870063E+002     0.29578945E+003    -0.77811927E+003    -0.15993941E+003
     0.10873597E+002     0.29588561E+003    -0.63583050E+003    -0.46913220E+003
     0.10877130E+002     0.29598177E+003    -0.37575184E+003    -0.68870363E+003
     0.10880664E+002     0.29607793E+003    -0.47059284E+002    -0.77712664E+003
     0.10884198E+002     0.29617409E+003     0.28809705E+003    -0.71768081E+003
     0.10887732E+002     0.29627025E+003     0.56634215E+003    -0.52159579E+003
     0.10891266E+002     0.29636641E+003     0.73505963E+003    -0.22595060E+003
     0.10894800E+002     0.29646257E+003     0.76234582E+003     0.11335810E+003
     0.10898333E+002     0.29655873E+003     0.64303917E+003     0.43216722E+003
     0.10901867E+002     0.29665490E+003     0.39969935E+003     0.67019806E+003
     0.10905401E+002     0.29675106E+003     0.78338854E+002     0.78243961E+003
     0.10908935E+002     0.29684722E+003    -0.26027697E+003     0.74766914E+003
     0.10912469E+002     0.29694338E+003    -0.55211693E+003     0.57246019E+003
     0.10916003E+002     0.29703954E+003    -0.74199461E+003     0.28994226E+003
     0.10919536E+002     0.29713570E+003    -0.79400089E+003    -0.46460488E+002
     0.10923070E+002     0.29723186E+003    -0.69829941E+003    -0.37313517E+003
     0.10926604E+002     0.29732802E+003    -0.47298269E+003    -0.62830619E+003
     0.10930138E+002     0.29742418E+003    -0.16065563E+003    -0.76371916E+003
     0.10933672E+002     0.29752034E+003     0.17962670E+003    -0.75376451E+003
     0.10937206E+002     0.29761650E+003     0.48351857E+003    -0.60031927E+003
     0.10940739E+002     0.29771266E+003     0.69355775E+003    -0.33239430E+003
     0.10944273E+002     0.29780882E+003     0.77002414E+003    -0.64817002E+000
     0.10947807E+002     0.29790498E+003     0.69845793E+003     0.33219016E+003
     0.10951341E+002     0.29800114E+003     0.49238996E+003     0.60318515E+003
     0.10954875E+002     0.29809730E+003     0.19078573E+003     0.76109409E+003
     0.10958409E+002     0.29819346E+003    -0.14932397E+003     0.77605876E+003
     0.10961942E+002     0.29828962E+003    -0.46362656E+003     0.64524893E+003
     0.10965476E+002     0.29838578E+003    -0.69268825E+003     0.39339944E+003
     0.10969010E+002     0.29848194E+003    -0.79319195E+003     0.68133568E+002
     0.10972544E+002     0.29857810E+003    -0.74612968E+003    -0.26904234E+003
     0.10976078E+002     0.29867426E+003    -0.56039708E+003    -0.55436674E+003
     0.10979612E+002     0.29877042E+003    -0.27111206E+003    -0.73388408E+003
     0.10983145E+002     0.29886658E+003     0.67025534E+002    -0.77364367E+003
     0.10986679E+002     0.29896275E+003     0.39007796E+003    -0.66612328E+003
     0.10990213E+002     0.29905891E+003     0.63695789E+003    -0.43164886E+003
     0.10993747E+002     0.29915507E+003     0.76098111E+003    -0.11455370E+003
     0.10997281E+002     0.29925123E+003     0.73869323E+003     0.22520446E+003
     0.11000815E+002     0.29934739E+003     0.57430757E+003     0.52338139E+003
     0.11004348E+002     0.29944355E+003     0.29890734E+003     0.72359406E+003
     0.11007882E+002     0.29953971E+003    -0.35431143E+002     0.78798499E+003
     0.11011416E+002     0.29963587E+003    -0.36548645E+003     0.70437787E+003
     0.11014950E+002     0.29973203E+003    -0.62884751E+003     0.48858292E+003
     0.11018484E+002     0.29982819E+003    -0.77571075E+003     0.18140438E+003
     0.11022018E+002     0.29992435E+003    -0.77830394E+003    -0.15907167E+003
     0.11025551E+002     0.30002051E+003    -0.63612945E+003    -0.46846072E+003
     0.11029085E+002     0.30011667E+003    -0.37607156E+003    -0.68825656E+003
     0.11032619E+002     0.30021283E+003    -0.47299958E+002    -0.77689095E+003
     0.11036153E+002     0.30030899E+003     0.28801488E+003    -0.71760124E+003
     0.11039687E+002     0.30040515E+003     0.56647069E+003    -0.52159191E+003
     0.11043220E+002     0.30050131E+003     0.73541049E+003    -0.22592430E+003
     0.11046754E+002     0.30059747E+003     0.76288911E+003     0.11349860E+003
     0.11050288E+002     0.30069363E+003     0.64370614E+003     0.43249472E+003
     0.11053822E+002     0.30078979E+003     0.40039774E+003     0.67074604E+003
     0.11057356E+002     0.30088595E+003     0.78970839E+002     0.78319842E+003
     0.11060890E+002     0.30098211E+003    -0.25979362E+003     0.74858997E+003
     0.11064423E+002     0.30107827E+003    -0.55183564E+003     0.57346287E+003
     0.11067957E+002     0.30117443E+003    -0.74193145E+003     0.29093538E+003
     0.11071491E+002     0.30127060E+003    -0.79413119E+003    -0.45570744E+002
     0.11075025E+002     0.30136676E+003    -0.69856109E+003    -0.37242083E+003
     0.11078559E+002     0.30146292E+003    -0.47328777E+003    -0.62780842E+003
     0.11082093E+002     0.30155908E+003    -0.16090597E+003    -0.76343354E+003
     0.11085626E+002     0.30165524E+003     0.17951433E+003    -0.75364799E+003
     0.11089160E+002     0.30175140E+003     0.48360360E+003    -0.60029520E+003
     0.11092694E+002     0.30184756E+003     0.69385788E+003    -0.33237296E+003
     0.11096228E+002     0.30194372E+003     0.77052311E+003    -0.53734895E+000
     0.11099762E+002     0.30203988E+003     0.69909780E+003     0.33246602E+003
     0.11103296E+002     0.30213604E+003     0.49308907E+003     0.60367248E+003
     0.11106829E+002     0.30223220E+003     0.19144421E+003     0.76179884E+003
     0.11110363E+002     0.30232836E+003    -0.14879473E+003     0.77694146E+003
     0.11113897E+002     0.30242452E+003    -0.46329259E+003     0.64623530E+003
     0.11117431E+002     0.30252068E+003    -0.69257083E+003     0.39439468E+003
     0.11120965E+002     0.30261684E+003    -0.79327410E+003     0.69046172E+002
     0.11124499E+002     0.30271300E+003    -0.74635881E+003    -0.26828949E+003
     0.11128032E+002     0.30280916E+003    -0.56068884E+003    -0.55382440E+003
     0.11131566E+002     0.30290532E+003    -0.27137063E+003    -0.73355575E+003
     0.11135100E+002     0.30300148E+003     0.66887478E+002    -0.77349364E+003
     0.11138634E+002     0.30309764E+003     0.39012437E+003    -0.66608570E+003
     0.11142168E+002     0.30319380E+003     0.63721925E+003    -0.43163260E+003
     0.11145702E+002     0.30328996E+003     0.76144670E+003    -0.11446616E+003
     0.11149235E+002     0.30338612E+003     0.73931234E+003     0.22544382E+003
     0.11152769E+002     0.30348228E+003     0.57500138E+003     0.52382456E+003
     0.11156303E+002     0.30357845E+003     0.29958005E+003     0.72425264E+003
     0.11159837E+002     0.30367461E+003    -0.34870124E+002     0.78883009E+003
     0.11163371E+002     0.30377077E+003    -0.36510730E+003     0.70534169E+003
     0.11166905E+002     0.30386693E+003    -0.62868223E+003     0.48957570E+003
     0.11170438E+002     0.30396309E+003    -0.77575158E+003     0.18233084E+003
     0.11173972E+002     0.30405925E+003    -0.77850076E+003    -0.15829272E+003
     0.11177506E+002     0.30415541E+003    -0.63640585E+003    -0.46788272E+003
     0.11181040E+002     0.30425157E+003    -0.37633277E+003    -0.68789343E+003
     0.11184574E+002     0.30434773E+003    -0.47455233E+002    -0.77671733E+003
     0.11188108E+002     0.30444389E+003     0.28803681E+003    -0.71755174E+003
     0.11191641E+002     0.30454005E+003     0.56670762E+003    -0.52157937E+003
     0.11195175E+002     0.30463621E+003     0.73585559E+003    -0.22585131E+003
     0.11198709E+002     0.30473237E+003     0.76349835E+003     0.11371487E+003
     0.11202243E+002     0.30482853E+003     0.64440010E+003     0.43291380E+003
     0.11205777E+002     0.30492469E+003     0.40108171E+003     0.67138485E+003
     0.11209311E+002     0.30502085E+003     0.79545851E+002     0.78403676E+003
     0.11212844E+002     0.30511701E+003    -0.25940824E+003     0.74955763E+003
     0.11216378E+002     0.30521317E+003    -0.55168778E+003     0.57446449E+003
     0.11219912E+002     0.30530933E+003    -0.74202461E+003     0.29184493E+003
     0.11223446E+002     0.30540549E+003    -0.79440583E+003    -0.44889308E+002
     0.11226980E+002     0.30550165E+003    -0.69879762E+003    -0.37215932E+003
     0.11230514E+002     0.30559781E+003    -0.47303014E+003    -0.62733436E+003
     0.11234047E+002     0.30569397E+003    -0.16098955E+003    -0.76294423E+003
     0.11237581E+002     0.30579013E+003     0.17943505E+003    -0.75339325E+003
     0.11241115E+002     0.30588630E+003     0.48368097E+003    -0.60018903E+003
     0.11244649E+002     0.30598246E+003     0.69414311E+003    -0.33230022E+003
     0.11248183E+002     0.30607862E+003     0.77100171E+003    -0.39396152E+000
     0.11251716E+002     0.30617478E+003     0.69971220E+003     0.33276432E+003
     0.11255250E+002     0.30627094E+003     0.49375322E+003     0.60416587E+003
     0.11258784E+002     0.30636710E+003     0.19206697E+003     0.76248704E+003
     0.11262318E+002     0.30646326E+003    -0.14829181E+003     0.77778710E+003
     0.11265852E+002     0.30655942E+003    -0.46296563E+003     0.64717023E+003
     0.11269386E+002     0.30665558E+003    -0.69244442E+003     0.39533689E+003
     0.11272919E+002     0.30675174E+003    -0.79333174E+003     0.69903906E+002
     0.11276453E+002     0.30684790E+003    -0.74654523E+003    -0.26758766E+003
     0.11279987E+002     0.30694406E+003    -0.56092316E+003    -0.55331530E+003
     0.11283521E+002     0.30704022E+003    -0.27156695E+003    -0.73324609E+003
     0.11287055E+002     0.30713638E+003     0.66813847E+002    -0.77334463E+003
     0.11290589E+002     0.30723254E+003     0.39022894E+003    -0.66603079E+003
     0.11294122E+002     0.30732870E+003     0.63752468E+003    -0.43158443E+003
     0.11297656E+002     0.30742486E+003     0.76193695E+003    -0.11434157E+003
     0.11301190E+002     0.30752102E+003     0.73993752E+003     0.22571879E+003
     0.11304724E+002     0.30761718E+003     0.57568687E+003     0.52429297E+003
     0.11308258E+002     0.30771334E+003     0.30023841E+003     0.72493306E+003
     0.11311792E+002     0.30780950E+003    -0.34357062E+002     0.78967288E+003
     0.11315325E+002     0.30790566E+003    -0.36476007E+003     0.70626444E+003
     0.11318859E+002     0.30800182E+003    -0.62852609E+003     0.49051187E+003
     0.11322393E+002     0.30809798E+003    -0.77577375E+003     0.18319571E+003
     0.11325927E+002     0.30819415E+003    -0.77865862E+003    -0.15756726E+003
     0.11329461E+002     0.30829031E+003    -0.63662373E+003    -0.46734268E+003
     0.11332995E+002     0.30838647E+003    -0.37652747E+003    -0.68754738E+003
     0.11336528E+002     0.30848263E+003    -0.47546119E+002    -0.77653538E+003
     0.11340062E+002     0.30857879E+003     0.28811076E+003    -0.71747502E+003
     0.11343596E+002     0.30867495E+003     0.56697097E+003    -0.52152722E+003
     0.11347130E+002     0.30877111E+003     0.73630412E+003    -0.22574141E+003
     0.11350664E+002     0.30886727E+003     0.76408530E+003     0.11395358E+003
     0.11354198E+002     0.30896343E+003     0.64506046E+003     0.43332687E+003
     0.11357731E+002     0.30905959E+003     0.40173388E+003     0.67198348E+003
     0.11361265E+002     0.30915575E+003     0.80115377E+002     0.78479629E+003
     0.11364799E+002     0.30925191E+003    -0.25897403E+003     0.75042952E+003
     0.11368333E+002     0.30934807E+003    -0.55141579E+003     0.57538125E+003
     0.11371867E+002     0.30944423E+003    -0.74190323E+003     0.29275453E+003
     0.11375401E+002     0.30954039E+003    -0.79441603E+003    -0.44010561E+002
     0.11378934E+002     0.30963655E+003    -0.69901796E+003    -0.37122634E+003
     0.11382468E+002     0.30973271E+003    -0.47374361E+003    -0.62702048E+003
     0.11386002E+002     0.30982887E+003    -0.16118857E+003    -0.76301218E+003
     0.11389536E+002     0.30992503E+003     0.17954837E+003    -0.75348463E+003
     0.11393070E+002     0.31002119E+003     0.48403196E+003    -0.60022927E+003
     0.11396604E+002     0.31011735E+003     0.69468637E+003    -0.33222480E+003
     0.11400137E+002     0.31021351E+003     0.77167370E+003    -0.14441910E+000
     0.11403671E+002     0.31030967E+003     0.70043545E+003     0.33321767E+003
     0.11407205E+002     0.31040584E+003     0.49443968E+003     0.60482571E+003
     0.11410739E+002     0.31050200E+003     0.19263762E+003     0.76331926E+003
     0.11414273E+002     0.31059816E+003    -0.14790065E+003     0.77872511E+003
     0.11417807E+002     0.31069432E+003    -0.46277936E+003     0.64812989E+003
     0.11421340E+002     0.31079048E+003    -0.69245121E+003     0.39622622E+003
     0.11424874E+002     0.31088664E+003    -0.79348342E+003     0.70652072E+002
     0.11428408E+002     0.31098280E+003    -0.74676634E+003    -0.26702887E+003
     0.11431942E+002     0.31107896E+003    -0.56113142E+003    -0.55295658E+003
     0.11435476E+002     0.31117512E+003    -0.27167619E+003    -0.73306273E+003
     0.11439010E+002     0.31127128E+003     0.66866589E+002    -0.77328143E+003
     0.11442543E+002     0.31136744E+003     0.39048185E+003    -0.66600276E+003
     0.11446077E+002     0.31146360E+003     0.63797258E+003    -0.43150642E+003
     0.11449611E+002     0.31155976E+003     0.76253703E+003    -0.11413073E+003
     0.11453145E+002     0.31165592E+003     0.74061922E+003     0.22610972E+003
     0.11456679E+002     0.31175208E+003     0.57636084E+003     0.52488078E+003
     0.11460212E+002     0.31184824E+003     0.30082402E+003     0.72568480E+003
     0.11463746E+002     0.31194440E+003    -0.33893994E+002     0.79055171E+003
     0.11467280E+002     0.31204056E+003    -0.36449602E+003     0.70721283E+003
     0.11470814E+002     0.31213672E+003    -0.62846731E+003     0.49142189E+003
     0.11474348E+002     0.31223288E+003    -0.77588338E+003     0.18398600E+003
     0.11477882E+002     0.31232904E+003    -0.77886251E+003    -0.15696205E+003
     0.11481415E+002     0.31242520E+003    -0.63683581E+003    -0.46694063E+003
     0.11484949E+002     0.31252136E+003    -0.37665707E+003    -0.68733280E+003
     0.11488483E+002     0.31261752E+003    -0.47522357E+002    -0.77645392E+003
     0.11492017E+002     0.31271369E+003     0.28833008E+003    -0.71744895E+003
     0.11495551E+002     0.31280985E+003     0.56739820E+003    -0.52145715E+003
     0.11499085E+002     0.31290601E+003     0.73686156E+003    -0.22555328E+003
     0.11502618E+002     0.31300217E+003     0.76474973E+003     0.11429454E+003
     0.11506152E+002     0.31309833E+003     0.64574872E+003     0.43385966E+003
     0.11509686E+002     0.31319449E+003     0.40236085E+003     0.67270544E+003
     0.11513220E+002     0.31329065E+003     0.80603001E+002     0.78565878E+003
     0.11516754E+002     0.31338681E+003    -0.25867274E+003     0.75136016E+003
     0.11520288E+002     0.31348297E+003    -0.55131344E+003     0.57629336E+003
     0.11523821E+002     0.31357913E+003    -0.74197132E+003     0.29356123E+003
     0.11527355E+002     0.31367529E+003    -0.79459427E+003    -0.43369472E+002
     0.11530889E+002     0.31377145E+003    -0.69922098E+003    -0.37078540E+003
     0.11534423E+002     0.31386761E+003    -0.47388636E+003    -0.62676726E+003
     0.11537957E+002     0.31396377E+003    -0.16119461E+003    -0.76290491E+003
     0.11541491E+002     0.31405993E+003     0.17972563E+003    -0.75344958E+003
     0.11545024E+002     0.31415609E+003     0.48440701E+003    -0.60018304E+003
     0.11548558E+002     0.31425225E+003     0.69523563E+003    -0.33208298E+003
     0.11552092E+002     0.31434841E+003     0.77233967E+003     0.15807883E+000
     0.11555626E+002     0.31444457E+003     0.70113793E+003     0.33371568E+003
     0.11559160E+002     0.31454073E+003     0.49509078E+003     0.60551607E+003
     0.11562694E+002     0.31463689E+003     0.19316039E+003     0.76416010E+003
     0.11566227E+002     0.31473305E+003    -0.14755906E+003     0.77964906E+003
     0.11569761E+002     0.31482921E+003    -0.46263687E+003     0.64904992E+003
     0.11573295E+002     0.31492537E+003    -0.69248966E+003     0.39705829E+003
     0.11576829E+002     0.31502154E+003    -0.79364649E+003     0.71324244E+002
     0.11580363E+002     0.31511770E+003    -0.74697355E+003    -0.26655611E+003
     0.11583897E+002     0.31521386E+003    -0.56129083E+003    -0.55268223E+003
     0.11587430E+002     0.31531002E+003    -0.27170736E+003    -0.73294742E+003
     0.11590964E+002     0.31540618E+003     0.67018073E+002    -0.77325399E+003
     0.11594498E+002     0.31550234E+003     0.39083924E+003    -0.66598033E+003
     0.11598032E+002     0.31559850E+003     0.63853148E+003    -0.43139309E+003
     0.11601566E+002     0.31569466E+003     0.76319397E+003    -0.11382206E+003
     0.11605100E+002     0.31579082E+003     0.74130946E+003     0.22658015E+003
     0.11608633E+002     0.31588698E+003     0.57702063E+003     0.52553581E+003
     0.11612167E+002     0.31598314E+003     0.30137087E+003     0.72649849E+003
     0.11615701E+002     0.31607930E+003    -0.33520726E+002     0.79145986E+003
     0.11619235E+002     0.31617546E+003    -0.36432015E+003     0.70812765E+003
     0.11622769E+002     0.31627162E+003    -0.62847199E+003     0.49226029E+003
     0.11626303E+002     0.31636778E+003    -0.77601658E+003     0.18467535E+003
     0.11629836E+002     0.31646394E+003    -0.77905123E+003    -0.15645807E+003
     0.11633370E+002     0.31656010E+003    -0.63699463E+003    -0.46663272E+003
     0.11636904E+002     0.31665626E+003    -0.37670632E+003    -0.68718738E+003
     0.11640438E+002     0.31675242E+003    -0.47401319E+002    -0.77641146E+003
     0.11643972E+002     0.31684858E+003     0.28864915E+003    -0.71742369E+003
     0.11647506E+002     0.31694474E+003     0.56789741E+003    -0.52137279E+003
     0.11651039E+002     0.31704090E+003     0.73753456E+003    -0.22532706E+003
     0.11654573E+002     0.31713706E+003     0.76547882E+003     0.11473455E+003
     0.11658107E+002     0.31723322E+003     0.64644239E+003     0.43450723E+003
     0.11661641E+002     0.31732939E+003     0.40293172E+003     0.67352155E+003
     0.11665175E+002     0.31742555E+003     0.80990965E+002     0.78657672E+003
     0.11668708E+002     0.31752171E+003    -0.25850013E+003     0.75228635E+003
     0.11672242E+002     0.31761787E+003    -0.55134271E+003     0.57712407E+003
     0.11675776E+002     0.31771403E+003    -0.74213699E+003     0.29418417E+003
     0.11679310E+002     0.31781019E+003    -0.79465588E+003    -0.43026790E+002
     0.11682844E+002     0.31790635E+003    -0.69923429E+003    -0.37031764E+003
     0.11686378E+002     0.31800251E+003    -0.47395748E+003    -0.62649240E+003
     0.11689911E+002     0.31809867E+003    -0.16114393E+003    -0.76279440E+003
     0.11693445E+002     0.31819483E+003     0.17996550E+003    -0.75340910E+003
     0.11696979E+002     0.31829099E+003     0.48484621E+003    -0.60011459E+003
     0.11700513E+002     0.31838715E+003     0.69583696E+003    -0.33189881E+003
     0.11704047E+002     0.31848331E+003     0.77303514E+003     0.51722090E+000
     0.11707581E+002     0.31857947E+003     0.70184029E+003     0.33427263E+003
     0.11711114E+002     0.31867563E+003     0.49571312E+003     0.60625385E+003
     0.11714648E+002     0.31877179E+003     0.19363275E+003     0.76502633E+003
     0.11718182E+002     0.31886795E+003    -0.14727853E+003     0.78056492E+003
     0.11721716E+002     0.31896411E+003    -0.46255002E+003     0.64992770E+003
     0.11725250E+002     0.31906027E+003    -0.69256082E+003     0.39781770E+003
     0.11728784E+002     0.31915643E+003    -0.79380904E+003     0.71909247E+002
     0.11732317E+002     0.31925259E+003    -0.74714435E+003    -0.26616574E+003
     0.11735851E+002     0.31934875E+003    -0.56138605E+003    -0.55247347E+003
     0.11739385E+002     0.31944491E+003    -0.27165726E+003    -0.73286895E+003
     0.11742919E+002     0.31954107E+003     0.67257232E+002    -0.77323272E+003
     0.11746453E+002     0.31963724E+003     0.39127041E+003    -0.66592569E+003
     0.11749987E+002     0.31973340E+003     0.63910859E+003    -0.43123252E+003
     0.11753520E+002     0.31982956E+003     0.76390335E+003    -0.11352967E+003
     0.11757054E+002     0.31992572E+003     0.74205021E+003     0.22710590E+003
     0.11760588E+002     0.32002188E+003     0.57768134E+003     0.52626107E+003
     0.11764122E+002     0.32011804E+003     0.30187629E+003     0.72736168E+003
     0.11767656E+002     0.32021420E+003    -0.33208294E+002     0.79238172E+003
     0.11771190E+002     0.32031036E+003    -0.36420729E+003     0.70901992E+003
     0.11774723E+002     0.32040652E+003    -0.62852509E+003     0.49304239E+003
     0.11778257E+002     0.32050268E+003    -0.77617404E+003     0.18528611E+003
     0.11781791E+002     0.32059884E+003    -0.77922785E+003    -0.15604659E+003
     0.11785325E+002     0.32069500E+003    -0.63710392E+003    -0.46640840E+003
     0.11788859E+002     0.32079116E+003    -0.37667472E+003    -0.68710207E+003
     0.11792393E+002     0.32088732E+003    -0.47185283E+002    -0.77639135E+003
     0.11795926E+002     0.32098348E+003     0.28905837E+003    -0.71738437E+003
     0.11799460E+002     0.32107964E+003     0.56847316E+003    -0.52123530E+003
     0.11802994E+002     0.32117580E+003     0.73821792E+003    -0.22503005E+003
     0.11806528E+002     0.32127196E+003     0.76619199E+003     0.11522061E+003
     0.11810062E+002     0.32136812E+003     0.64710049E+003     0.43517517E+003
     0.11813596E+002     0.32146428E+003     0.40346450E+003     0.67432737E+003
     0.11817129E+002     0.32156044E+003     0.81356114E+002     0.78745257E+003
     0.11820663E+002     0.32165660E+003    -0.25831026E+003     0.75315608E+003
     0.11824197E+002     0.32175276E+003    -0.55130025E+003     0.57792605E+003
     0.11827731E+002     0.32184892E+003    -0.74220512E+003     0.29489544E+003
     0.11831265E+002     0.32194509E+003    -0.79491858E+003    -0.42408037E+002
     0.11834799E+002     0.32204125E+003    -0.69946804E+003    -0.37019897E+003
     0.11838332E+002     0.32213741E+003    -0.47389943E+003    -0.62647929E+003
     0.11841866E+002     0.32223357E+003    -0.16087267E+003    -0.76278098E+003
     0.11845400E+002     0.32232973E+003     0.18041341E+003    -0.75332112E+003
     0.11848934E+002     0.32242589E+003     0.48540736E+003    -0.59989093E+003
     0.11852468E+002     0.32252205E+003     0.69642491E+003    -0.33151274E+003
     0.11856002E+002     0.32261821E+003     0.77354782E+003     0.10388513E+001
     0.11859535E+002     0.32271437E+003     0.70219244E+003     0.33481856E+003
     0.11863069E+002     0.32281053E+003     0.49592240E+003     0.60656183E+003
     0.11866603E+002     0.32290669E+003     0.19448778E+003     0.76469445E+003
     0.11870137E+002     0.32300285E+003    -0.14587268E+003     0.78215248E+003
     0.11873671E+002     0.32309901E+003    -0.46246295E+003     0.65150857E+003
     0.11877205E+002     0.32319517E+003    -0.69293599E+003     0.39893654E+003
     0.11880738E+002     0.32329133E+003    -0.79432386E+003     0.72581908E+002
     0.11884272E+002     0.32338749E+003    -0.74760858E+003    -0.26588256E+003
     0.11887806E+002     0.32348365E+003    -0.56165766E+003    -0.55248920E+003
     0.11891340E+002     0.32357981E+003    -0.27164544E+003    -0.73306191E+003
     0.11894874E+002     0.32367597E+003     0.67585057E+002    -0.77346079E+003
     0.11898407E+002     0.32377213E+003     0.39188929E+003    -0.66605476E+003
     0.11901941E+002     0.32386829E+003     0.63994116E+003    -0.43115233E+003
     0.11905475E+002     0.32396445E+003     0.76483783E+003    -0.11317614E+003
     0.11909009E+002     0.32406061E+003     0.74296155E+003     0.22774767E+003
     0.11912543E+002     0.32415678E+003     0.57844932E+003     0.52714907E+003
     0.11916077E+002     0.32425294E+003     0.30241141E+003     0.72841249E+003
     0.11919610E+002     0.32434910E+003    -0.32952119E+002     0.79347675E+003
     0.11923144E+002     0.32444526E+003    -0.36422181E+003     0.71003710E+003
     0.11926678E+002     0.32454142E+003    -0.62874830E+003     0.49387341E+003
     0.11930212E+002     0.32463758E+003    -0.77650836E+003     0.18586003E+003
     0.11933746E+002     0.32473374E+003    -0.77955095E+003    -0.15575085E+003
     0.11937280E+002     0.32482990E+003    -0.63730076E+003    -0.46636190E+003
     0.11940813E+002     0.32492606E+003    -0.37664680E+003    -0.68722594E+003
     0.11944347E+002     0.32502222E+003    -0.46884923E+002    -0.77657360E+003
     0.11947881E+002     0.32511838E+003     0.28963558E+003    -0.71750135E+003
     0.11951415E+002     0.32521454E+003     0.56926328E+003    -0.52117516E+003
     0.11954949E+002     0.32531070E+003     0.73913409E+003    -0.22471944E+003
     0.11958483E+002     0.32540686E+003     0.76710671E+003     0.11580896E+003
     0.11962016E+002     0.32550302E+003     0.64790819E+003     0.43601785E+003
     0.11965550E+002     0.32559918E+003     0.40405830E+003     0.67535511E+003
     0.11969084E+002     0.32569534E+003     0.81681490E+002     0.78856054E+003
     0.11972618E+002     0.32579150E+003    -0.25826922E+003     0.75422492E+003
     0.11976152E+002     0.32588766E+003    -0.55150541E+003     0.57883238E+003
     0.11979686E+002     0.32598382E+003    -0.74256474E+003     0.29554720E+003
     0.11983219E+002     0.32607998E+003    -0.79530683E+003    -0.42057378E+002
     0.11986753E+002     0.32617614E+003    -0.69975618E+003    -0.37013253E+003
     0.11990287E+002     0.32627230E+003    -0.47397364E+003    -0.62663409E+003
     0.11993821E+002     0.32636846E+003    -0.16065927E+003    -0.76305103E+003
     0.11997355E+002     0.32646463E+003     0.18094671E+003    -0.75357958E+003
     0.12000889E+002     0.32656079E+003     0.48624069E+003    -0.60000831E+003
     0.12004422E+002     0.32665695E+003     0.69749211E+003    -0.33136579E+003
     0.12007956E+002     0.32675311E+003     0.77474698E+003     0.15441079E+001
     0.12011490E+002     0.32684927E+003     0.70339092E+003     0.33577280E+003
     0.12015024E+002     0.32694543E+003     0.49691821E+003     0.60811233E+003
     0.12018558E+002     0.32704159E+003     0.19436989E+003     0.76705963E+003
     0.12022092E+002     0.32713775E+003    -0.14703759E+003     0.78255954E+003
     0.12025625E+002     0.32723391E+003    -0.46274194E+003     0.65167175E+003
     0.12029159E+002     0.32733007E+003    -0.69303996E+003     0.39915395E+003
     0.12032693E+002     0.32742623E+003    -0.79437156E+003     0.72748398E+002
     0.12036227E+002     0.32752239E+003    -0.74757231E+003    -0.26581003E+003
     0.12039761E+002     0.32761855E+003    -0.56148203E+003    -0.55249922E+003
     0.12043295E+002     0.32771471E+003    -0.27129255E+003    -0.73309578E+003
     0.12046828E+002     0.32781087E+003     0.68119722E+002    -0.77344388E+003
     0.12050362E+002     0.32790703E+003     0.39256882E+003    -0.66593288E+003
     0.12053896E+002     0.32800319E+003     0.64076675E+003    -0.43084630E+003
     0.12057430E+002     0.32809935E+003     0.76567480E+003    -0.11262389E+003
     0.12060964E+002     0.32819551E+003     0.74370216E+003     0.22851956E+003
     0.12064498E+002     0.32829167E+003     0.57901298E+003     0.52808117E+003
     0.12068031E+002     0.32838783E+003     0.30274222E+003     0.72941290E+003
     0.12071565E+002     0.32848399E+003    -0.32861713E+002     0.79444237E+003
     0.12075099E+002     0.32858015E+003    -0.36433572E+003     0.71086766E+003
     0.12078633E+002     0.32867631E+003    -0.62899339E+003     0.49449210E+003
     0.12082167E+002     0.32877248E+003    -0.77677982E+003     0.18623184E+003
     0.12085701E+002     0.32886864E+003    -0.77974364E+003    -0.15562064E+003
     0.12089234E+002     0.32896480E+003    -0.63731581E+003    -0.46641279E+003
     0.12092768E+002     0.32906096E+003    -0.37642523E+003    -0.68737053E+003
     0.12096302E+002     0.32915712E+003    -0.46405662E+002    -0.77669969E+003
     0.12099836E+002     0.32925328E+003     0.29033864E+003    -0.71750298E+003
     0.12103370E+002     0.32934944E+003     0.57012386E+003    -0.52096797E+003
     0.12106903E+002     0.32944560E+003     0.74004175E+003    -0.22425253E+003
     0.12110437E+002     0.32954176E+003     0.76795384E+003     0.11653343E+003
     0.12113971E+002     0.32963792E+003     0.64857690E+003     0.43695051E+003
     0.12117505E+002     0.32973408E+003     0.40448389E+003     0.67639938E+003
     0.12121039E+002     0.32983024E+003     0.81830495E+002     0.78959892E+003
     0.12124573E+002     0.32992640E+003    -0.25836170E+003     0.75513637E+003
     0.12128106E+002     0.33002256E+003    -0.55176111E+003     0.57952862E+003
     0.12131640E+002     0.33011872E+003    -0.74287542E+003     0.29598136E+003
     0.12135174E+002     0.33021488E+003    -0.79556179E+003    -0.41884452E+002
     0.12138708E+002     0.33031104E+003    -0.69984651E+003    -0.37017545E+003
     0.12142242E+002     0.33040720E+003    -0.47382596E+003    -0.62680453E+003
     0.12145776E+002     0.33050336E+003    -0.16023503E+003    -0.76323481E+003
     0.12149309E+002     0.33059952E+003     0.18162470E+003    -0.75365872E+003
     0.12152843E+002     0.33069568E+003     0.48710554E+003    -0.59987986E+003
     0.12156377E+002     0.33079184E+003     0.69843761E+003    -0.33097405E+003
     0.12159911E+002     0.33088800E+003     0.77565208E+003     0.22129178E+001
     0.12163445E+002     0.33098416E+003     0.70414507E+003     0.33667414E+003
     0.12166979E+002     0.33108033E+003     0.49743107E+003     0.60916260E+003
     0.12170512E+002     0.33117649E+003     0.19460177E+003     0.76814324E+003
     0.12174046E+002     0.33127265E+003    -0.14707929E+003     0.78354883E+003
     0.12177580E+002     0.33136881E+003    -0.46299042E+003     0.65246065E+003
     0.12181114E+002     0.33146497E+003    -0.69338857E+003     0.39966738E+003
     0.12184648E+002     0.33156113E+003    -0.79469578E+003     0.72973614E+002
     0.12188182E+002     0.33165729E+003    -0.74774835E+003    -0.26584009E+003
     0.12191715E+002     0.33175345E+003    -0.56141785E+003    -0.55269789E+003
     0.12195249E+002     0.33184961E+003    -0.27093176E+003    -0.73334705E+003
     0.12198783E+002     0.33194577E+003     0.68777513E+002    -0.77361642E+003
     0.12202317E+002     0.33204193E+003     0.39347069E+003    -0.66588057E+003
     0.12205851E+002     0.33213809E+003     0.64173976E+003    -0.43050909E+003
     0.12209385E+002     0.33223425E+003     0.76663227E+003    -0.11200727E+003
     0.12212918E+002     0.33233041E+003     0.74452810E+003     0.22939228E+003
     0.12216452E+002     0.33242657E+003     0.57960377E+003     0.52913156E+003
     0.12219986E+002     0.33252273E+003     0.30304810E+003     0.73052693E+003
     0.12223520E+002     0.33261889E+003    -0.32845204E+002     0.79549374E+003
     0.12227054E+002     0.33271505E+003    -0.36455685E+003     0.71174186E+003
     0.12230588E+002     0.33281121E+003    -0.62936019E+003     0.49510914E+003
     0.12234121E+002     0.33290737E+003    -0.77719018E+003     0.18655002E+003
     0.12237655E+002     0.33300353E+003    -0.78011086E+003    -0.15565461E+003
     0.12241189E+002     0.33309969E+003    -0.63726335E+003    -0.46674024E+003
     0.12244723E+002     0.33319585E+003    -0.37605063E+003    -0.68766744E+003
     0.12248257E+002     0.33329201E+003    -0.45748733E+002    -0.77689901E+003
     0.12251791E+002     0.33338818E+003     0.29121918E+003    -0.71750045E+003
     0.12255324E+002     0.33348434E+003     0.57112806E+003    -0.52069277E+003
     0.12258858E+002     0.33358050E+003     0.74104763E+003    -0.22367542E+003
     0.12262392E+002     0.33367666E+003     0.76883109E+003     0.11738603E+003
     0.12265926E+002     0.33377282E+003     0.64922563E+003     0.43799972E+003
     0.12269460E+002     0.33386898E+003     0.40483704E+003     0.67753084E+003
     0.12272994E+002     0.33396514E+003     0.81884232E+002     0.79068180E+003
     0.12276527E+002     0.33406130E+003    -0.25856478E+003     0.75604724E+003
     0.12280061E+002     0.33415746E+003    -0.55212290E+003     0.58017328E+003
     0.12283595E+002     0.33425362E+003    -0.74327030E+003     0.29631493E+003
     0.12287129E+002     0.33434978E+003    -0.79585194E+003    -0.41849112E+002
     0.12290663E+002     0.33444594E+003    -0.69991460E+003    -0.37036567E+003
     0.12294197E+002     0.33454210E+003    -0.47359522E+003    -0.62710500E+003
     0.12297730E+002     0.33463826E+003    -0.15968580E+003    -0.76350802E+003
     0.12301264E+002     0.33473442E+003     0.18245119E+003    -0.75377063E+003
     0.12304798E+002     0.33483058E+003     0.48811700E+003    -0.59972717E+003
     0.12308332E+002     0.33492674E+003     0.69950065E+003    -0.33050029E+003
     0.12311866E+002     0.33502290E+003     0.77662586E+003     0.29998025E+001
     0.12315399E+002     0.33511906E+003     0.70490078E+003     0.33770544E+003
     0.12318933E+002     0.33521522E+003     0.49788691E+003     0.61032208E+003
     0.12322467E+002     0.33531138E+003     0.19473190E+003     0.76929031E+003
     0.12326001E+002     0.33540754E+003    -0.14724026E+003     0.78454794E+003
     0.12329535E+002     0.33550370E+003    -0.46335313E+003     0.65320093E+003
     0.12333069E+002     0.33559987E+003    -0.69382763E+003     0.40008519E+003
     0.12336602E+002     0.33569603E+003    -0.79506504E+003     0.73063048E+002
     0.12340136E+002     0.33579219E+003    -0.74791484E+003    -0.26602053E+003
     0.12343670E+002     0.33588835E+003    -0.56127024E+003    -0.55304215E+003
     0.12347204E+002     0.33598451E+003    -0.27043342E+003    -0.73367675E+003
     0.12350738E+002     0.33608067E+003     0.69556357E+002    -0.77381608E+003
     0.12354272E+002     0.33617683E+003     0.39449117E+003    -0.66582551E+003
     0.12357805E+002     0.33627299E+003     0.64284544E+003    -0.43012200E+003
     0.12361339E+002     0.33636915E+003     0.76768117E+003    -0.11128515E+003
     0.12364873E+002     0.33646531E+003     0.74538018E+003     0.23039584E+003
     0.12368407E+002     0.33656147E+003     0.58015841E+003     0.53030846E+003
     0.12371941E+002     0.33665763E+003     0.30325213E+003     0.73173139E+003
     0.12375475E+002     0.33675379E+003    -0.32969427E+002     0.79656940E+003
     0.12379008E+002     0.33684995E+003    -0.36492305E+003     0.71255556E+003
     0.12382542E+002     0.33694611E+003    -0.62982716E+003     0.49557586E+003
     0.12386076E+002     0.33704227E+003    -0.77757987E+003     0.18666062E+003
     0.12389610E+002     0.33713843E+003    -0.78023201E+003    -0.15577256E+003
     0.12393144E+002     0.33723459E+003    -0.63727136E+003    -0.46695890E+003
     0.12396678E+002     0.33733075E+003    -0.37573133E+003    -0.68804641E+003
     0.12400211E+002     0.33742691E+003    -0.45062223E+002    -0.77721600E+003
     0.12403745E+002     0.33752307E+003     0.29219989E+003    -0.71759588E+003
     0.12407279E+002     0.33761923E+003     0.57227592E+003    -0.52045302E+003
     0.12410813E+002     0.33771539E+003     0.74219439E+003    -0.22306371E+003
     0.12414347E+002     0.33781155E+003     0.76981902E+003     0.11833513E+003
     0.12417881E+002     0.33790772E+003     0.64991977E+003     0.43918338E+003
     0.12421414E+002     0.33800388E+003     0.40516369E+003     0.67880298E+003
     0.12424948E+002     0.33810004E+003     0.81840638E+002     0.79186379E+003
     0.12428482E+002     0.33819620E+003    -0.25889767E+003     0.75699835E+003
     0.12432016E+002     0.33829236E+003    -0.55262651E+003     0.58079232E+003
     0.12435550E+002     0.33838852E+003    -0.74379088E+003     0.29655364E+003
     0.12439084E+002     0.33848468E+003    -0.79621562E+003    -0.41962267E+002
     0.12442617E+002     0.33858084E+003    -0.69998690E+003    -0.37072887E+003
     0.12446151E+002     0.33867700E+003    -0.47329629E+003    -0.62756938E+003
     0.12449685E+002     0.33877316E+003    -0.15900782E+003    -0.76390519E+003
     0.12453219E+002     0.33886932E+003     0.18344433E+003    -0.75394501E+003
     0.12456753E+002     0.33896548E+003     0.48929907E+003    -0.59956383E+003
     0.12460287E+002     0.33906164E+003     0.70071069E+003    -0.32995111E+003
     0.12463820E+002     0.33915780E+003     0.77769565E+003     0.39109182E+001
     0.12467354E+002     0.33925396E+003     0.70568878E+003     0.33888591E+003
     0.12470888E+002     0.33935012E+003     0.49830355E+003     0.61162554E+003
     0.12474422E+002     0.33944628E+003     0.19475563E+003     0.77054696E+003
     0.12477956E+002     0.33954244E+003    -0.14755060E+003     0.78559167E+003
     0.12481490E+002     0.33963860E+003    -0.46387720E+003     0.65390637E+003
     0.12485023E+002     0.33973476E+003    -0.69439485E+003     0.40039304E+003
     0.12488557E+002     0.33983092E+003    -0.79550211E+003     0.72994619E+002
     0.12492091E+002     0.33992708E+003    -0.74807210E+003    -0.26637267E+003
     0.12495625E+002     0.34002324E+003    -0.56106640E+003    -0.55352469E+003
     0.12499159E+002     0.34011940E+003    -0.26984431E+003    -0.73415361E+003
     0.12502693E+002     0.34021557E+003     0.70524099E+002    -0.77408907E+003
     0.12506226E+002     0.34031173E+003     0.39567312E+003    -0.66577242E+003
     0.12509760E+002     0.34040789E+003     0.64410740E+003    -0.42967623E+003
     0.12513294E+002     0.34050405E+003     0.76884232E+003    -0.11044747E+003
     0.12516828E+002     0.34060021E+003     0.74628084E+003     0.23154767E+003
     0.12520362E+002     0.34069637E+003     0.58068744E+003     0.53163081E+003
     0.12523895E+002     0.34079253E+003     0.30337240E+003     0.73305107E+003
     0.12527429E+002     0.34088869E+003    -0.33219825E+002     0.79771108E+003
     0.12530963E+002     0.34098485E+003    -0.36543504E+003     0.71337819E+003
     0.12534497E+002     0.34108101E+003    -0.63043984E+003     0.49599448E+003
     0.12538031E+002     0.34117717E+003    -0.77811087E+003     0.18666874E+003
     0.12541565E+002     0.34127333E+003    -0.78051165E+003    -0.15609973E+003
     0.12545098E+002     0.34136949E+003    -0.63718138E+003    -0.46748482E+003
     0.12548632E+002     0.34146565E+003    -0.37521887E+003    -0.68859240E+003
     0.12552166E+002     0.34156181E+003    -0.44161067E+002    -0.77760085E+003
     0.12555700E+002     0.34165797E+003     0.29338728E+003    -0.71766921E+003
     0.12559234E+002     0.34175413E+003     0.57358875E+003    -0.52012050E+003
     0.12562768E+002     0.34185029E+003     0.74344968E+003    -0.22230969E+003
     0.12566301E+002     0.34194645E+003     0.77083766E+003     0.11944952E+003
     0.12569835E+002     0.34204261E+003     0.65057110E+003     0.44051932E+003
     0.12573369E+002     0.34213877E+003     0.40538774E+003     0.68018281E+003
     0.12576903E+002     0.34223493E+003     0.81658802E+002     0.79310691E+003
     0.12580437E+002     0.34233109E+003    -0.25939694E+003     0.75793848E+003
     0.12583971E+002     0.34242725E+003    -0.55327533E+003     0.58131782E+003
     0.12587504E+002     0.34252342E+003    -0.74439658E+003     0.29664736E+003
     0.12591038E+002     0.34261958E+003    -0.79660550E+003    -0.42245291E+002
     0.12594572E+002     0.34271574E+003    -0.70001849E+003    -0.37126412E+003
     0.12598106E+002     0.34281190E+003    -0.47289214E+003    -0.62818156E+003
     0.12601640E+002     0.34290806E+003    -0.15817283E+003    -0.76439895E+003
     0.12605174E+002     0.34300422E+003     0.18461880E+003    -0.75414095E+003
     0.12608707E+002     0.34310038E+003     0.49063893E+003    -0.59933237E+003
     0.12612241E+002     0.34319654E+003     0.70201770E+003    -0.32932391E+003
     0.12615775E+002     0.34329270E+003     0.77885557E+003     0.49333086E+001
     0.12619309E+002     0.34338886E+003     0.70649882E+003     0.34022379E+003
     0.12622843E+002     0.34348502E+003     0.49864539E+003     0.61307529E+003
     0.12626377E+002     0.34358118E+003     0.19465180E+003     0.77188617E+003
     0.12629910E+002     0.34367734E+003    -0.14801132E+003     0.78664995E+003
     0.12633444E+002     0.34377350E+003    -0.46454325E+003     0.65456105E+003
     0.12636978E+002     0.34386966E+003    -0.69507859E+003     0.40059305E+003
     0.12640512E+002     0.34396582E+003    -0.79600815E+003     0.72772560E+002
     0.12644046E+002     0.34406198E+003    -0.74823659E+003    -0.26690279E+003
     0.12647580E+002     0.34415814E+003    -0.56078775E+003    -0.55419055E+003
     0.12651113E+002     0.34425430E+003    -0.26910548E+003    -0.73475056E+003
     0.12654647E+002     0.34435046E+003     0.71652241E+002    -0.77442835E+003
     0.12658181E+002     0.34444662E+003     0.39704189E+003    -0.66570946E+003
     0.12661715E+002     0.34454278E+003     0.64552489E+003    -0.42914725E+003
     0.12665249E+002     0.34463894E+003     0.77010315E+003    -0.10947459E+003
     0.12668783E+002     0.34473510E+003     0.74721118E+003     0.23285780E+003
     0.12672316E+002     0.34483127E+003     0.58117164E+003     0.53310424E+003
     0.12675850E+002     0.34492743E+003     0.30338251E+003     0.73448338E+003
     0.12679384E+002     0.34502359E+003    -0.33623661E+002     0.79890055E+003
     0.12682918E+002     0.34511975E+003    -0.36610749E+003     0.71417322E+003
     0.12686452E+002     0.34521591E+003    -0.63119168E+003     0.49631430E+003
     0.12689986E+002     0.34531207E+003    -0.77872868E+003     0.18652750E+003
     0.12693519E+002     0.34540823E+003    -0.78081672E+003    -0.15661035E+003
     0.12697053E+002     0.34550439E+003    -0.63703878E+003    -0.46819082E+003
     0.12700587E+002     0.34560055E+003    -0.37458933E+003    -0.68929216E+003
     0.12704121E+002     0.34569671E+003    -0.43086371E+002    -0.77807817E+003
     0.12707655E+002     0.34579287E+003     0.29476583E+003    -0.71775633E+003
     0.12711189E+002     0.34588903E+003     0.57507708E+003    -0.51972157E+003
     0.12714722E+002     0.34598519E+003     0.74482404E+003    -0.22142587E+003
     0.12718256E+002     0.34608135E+003     0.77190827E+003     0.12072106E+003
     0.12721790E+002     0.34617751E+003     0.65119636E+003     0.44201440E+003
     0.12725324E+002     0.34627367E+003     0.40552113E+003     0.68169257E+003
     0.12728858E+002     0.34636983E+003     0.81330412E+002     0.79442087E+003
     0.12732391E+002     0.34646599E+003    -0.26005678E+003     0.75887763E+003
     0.12735925E+002     0.34656215E+003    -0.55407966E+003     0.58177067E+003
     0.12739459E+002     0.34665831E+003    -0.74512113E+003     0.29659895E+003
     0.12742993E+002     0.34675447E+003    -0.79704170E+003    -0.42715002E+002
     0.12746527E+002     0.34685063E+003    -0.70001690E+003    -0.37198985E+003
     0.12750061E+002     0.34694679E+003    -0.47238297E+003    -0.62895307E+003
     0.12753594E+002     0.34704295E+003    -0.15718882E+003    -0.76499887E+003
     0.12757128E+002     0.34713912E+003     0.18596370E+003    -0.75438686E+003
     0.12760662E+002     0.34723528E+003     0.49217632E+003    -0.59911773E+003
     0.12764196E+002     0.34733144E+003     0.70353136E+003    -0.32854224E+003
     0.12767730E+002     0.34742760E+003     0.78005591E+003     0.61674714E+001
     0.12771264E+002     0.34752376E+003     0.70726388E+003     0.34171605E+003
     0.12774797E+002     0.34761992E+003     0.49892475E+003     0.61463959E+003
     0.12778331E+002     0.34771608E+003     0.19442923E+003     0.77331936E+003
     0.12781865E+002     0.34781224E+003    -0.14863130E+003     0.78774037E+003
     0.12785399E+002     0.34790840E+003    -0.46537721E+003     0.65516753E+003
     0.12788933E+002     0.34800456E+003    -0.69589860E+003     0.40066901E+003
     0.12792467E+002     0.34810072E+003    -0.79658711E+003     0.72373825E+002
     0.12796000E+002     0.34819688E+003    -0.74839700E+003    -0.26763083E+003
     0.12799534E+002     0.34829304E+003    -0.56042363E+003    -0.55503723E+003
     0.12803068E+002     0.34838920E+003    -0.26821759E+003    -0.73548012E+003
     0.12806602E+002     0.34848536E+003     0.72965287E+002    -0.77482928E+003
     0.12810136E+002     0.34858152E+003     0.39860219E+003    -0.66563189E+003
     0.12813670E+002     0.34867768E+003     0.64710412E+003    -0.42852870E+003
     0.12817203E+002     0.34877384E+003     0.77146895E+003    -0.10835540E+003
     0.12820737E+002     0.34887000E+003     0.74816900E+003     0.23433714E+003
     0.12824271E+002     0.34896616E+003     0.58160464E+003     0.53474018E+003
     0.12827805E+002     0.34906232E+003     0.30327366E+003     0.73603306E+003
     0.12831339E+002     0.34915848E+003    -0.34189511E+002     0.80014459E+003
     0.12834873E+002     0.34925464E+003    -0.36695806E+003     0.71494070E+003
     0.12838406E+002     0.34935081E+003    -0.63209586E+003     0.49652966E+003
     0.12841940E+002     0.34944697E+003    -0.77944764E+003     0.18621528E+003
     0.12845474E+002     0.34954313E+003    -0.78113695E+003    -0.15731679E+003
     0.12849008E+002     0.34963929E+003    -0.63683493E+003    -0.46908967E+003
     0.12852542E+002     0.34973545E+003    -0.37382348E+003    -0.69013543E+003
     0.12856076E+002     0.34983161E+003    -0.41841796E+002    -0.77863914E+003
     0.12859609E+002     0.34992777E+003     0.29633025E+003    -0.71785425E+003
     0.12863143E+002     0.35002393E+003     0.57673248E+003    -0.51926718E+003
     0.12866677E+002     0.35012009E+003     0.74633290E+003    -0.22042637E+003
     0.12870211E+002     0.35021625E+003     0.77304572E+003     0.12215418E+003
     0.12873745E+002     0.35031241E+003     0.65181409E+003     0.44368543E+003
     0.12877279E+002     0.35040857E+003     0.40555740E+003     0.68335309E+003
     0.12880812E+002     0.35050473E+003     0.80849225E+002     0.79582523E+003
     0.12884346E+002     0.35060089E+003    -0.26090156E+003     0.75982291E+003
     0.12887880E+002     0.35069705E+003    -0.55505581E+003     0.58215027E+003
     0.12891414E+002     0.35079321E+003    -0.74597531E+003     0.29640341E+003
     0.12894948E+002     0.35088937E+003    -0.79754284E+003    -0.43376757E+002
     0.12898482E+002     0.35098553E+003    -0.69999317E+003    -0.37292778E+003
     0.12902015E+002     0.35108169E+003    -0.47176879E+003    -0.62991639E+003
     0.12905549E+002     0.35117785E+003    -0.15602329E+003    -0.76573023E+003
     0.12909083E+002     0.35127401E+003     0.18752616E+003    -0.75467468E+003
     0.12912617E+002     0.35137017E+003     0.49390958E+003    -0.59883044E+003
     0.12916151E+002     0.35146633E+003     0.70517533E+003    -0.32766514E+003
     0.12919685E+002     0.35156249E+003     0.78136517E+003     0.75448116E+001
     0.12923218E+002     0.35165866E+003     0.70805979E+003     0.34340353E+003
     0.12926752E+002     0.35175482E+003     0.49911679E+003     0.61639010E+003
     0.12930286E+002     0.35185098E+003     0.19404923E+003     0.77486935E+003
     0.12933820E+002     0.35194714E+003    -0.14944728E+003     0.78886093E+003
     0.12937354E+002     0.35204330E+003    -0.46640307E+003     0.65571455E+003
     0.12940888E+002     0.35213946E+003    -0.69686925E+003     0.40060528E+003
     0.12944421E+002     0.35223562E+003    -0.79725050E+003     0.71780412E+002
     0.12947955E+002     0.35233178E+003    -0.74855242E+003    -0.26857346E+003
     0.12951489E+002     0.35242794E+003    -0.55997451E+003    -0.55608244E+003
     0.12955023E+002     0.35252410E+003    -0.26717096E+003    -0.73636274E+003
     0.12958557E+002     0.35262026E+003     0.74485538E+002    -0.77530731E+003
     0.12962090E+002     0.35271642E+003     0.40037855E+003    -0.66553819E+003
     0.12965624E+002     0.35281258E+003     0.64886778E+003    -0.42780660E+003
     0.12969158E+002     0.35290874E+003     0.77295185E+003    -0.10707090E+003
     0.12972692E+002     0.35300490E+003     0.74915590E+003     0.23601462E+003
     0.12976226E+002     0.35310106E+003     0.58197721E+003     0.53655755E+003
     0.12979760E+002     0.35319722E+003     0.30302510E+003     0.73772010E+003
     0.12983293E+002     0.35329338E+003    -0.34941032E+002     0.80144411E+003
     0.12986827E+002     0.35338954E+003    -0.36800499E+003     0.71567594E+003
     0.12990361E+002     0.35348570E+003    -0.63316757E+003     0.49663080E+003
     0.12993895E+002     0.35358186E+003    -0.78027652E+003     0.18572421E+003
     0.12997429E+002     0.35367802E+003    -0.78148973E+003    -0.15824114E+003
     0.13000963E+002     0.35377418E+003    -0.63657003E+003    -0.47020192E+003
     0.13004496E+002     0.35387034E+003    -0.37291976E+003    -0.69115916E+003
     0.13008030E+002     0.35396651E+003    -0.40392588E+002    -0.77930579E+003
     0.13011564E+002     0.35406267E+003     0.29812015E+003    -0.71796706E+003
     0.13015098E+002     0.35415883E+003     0.57859625E+003    -0.51872777E+003
     0.13018632E+002     0.35425499E+003     0.74798287E+003    -0.21926611E+003
     0.13022166E+002     0.35435115E+003     0.77423804E+003     0.12378713E+003
     0.13025699E+002     0.35444731E+003     0.65238833E+003     0.44555108E+003
     0.13029233E+002     0.35454347E+003     0.40547308E+003     0.68516679E+003
     0.13032767E+002     0.35463963E+003     0.80187771E+002     0.79731097E+003
     0.13036301E+002     0.35473579E+003    -0.26194743E+003     0.76076471E+003
     0.13039835E+002     0.35483195E+003    -0.55621775E+003     0.58243371E+003
     0.13043369E+002     0.35492811E+003    -0.74696309E+003     0.29603929E+003
     0.13046902E+002     0.35502427E+003    -0.79809409E+003    -0.44253027E+002
     0.13050436E+002     0.35512043E+003    -0.69993285E+003    -0.37408443E+003
     0.13053970E+002     0.35521659E+003    -0.47103257E+003    -0.63106606E+003
     0.13057504E+002     0.35531275E+003    -0.15467647E+003    -0.76658794E+003
     0.13061038E+002     0.35540891E+003     0.18930432E+003    -0.75500523E+003
     0.13064572E+002     0.35550507E+003     0.49585541E+003    -0.59849643E+003
     0.13068105E+002     0.35560123E+003     0.70698691E+003    -0.32665540E+003
     0.13071639E+002     0.35569739E+003     0.78276527E+003     0.91101961E+001
     0.13075173E+002     0.35579355E+003     0.70884807E+003     0.34529399E+003
     0.13078707E+002     0.35588971E+003     0.49921419E+003     0.61831314E+003
     0.13082241E+002     0.35598587E+003     0.19350664E+003     0.77652903E+003
     0.13085775E+002     0.35608203E+003    -0.15045749E+003     0.79001049E+003
     0.13089308E+002     0.35617819E+003    -0.46762443E+003     0.65620431E+003
     0.13092842E+002     0.35627436E+003    -0.69800169E+003     0.40040237E+003
     0.13096376E+002     0.35637052E+003    -0.79800727E+003     0.70985851E+002
     0.13099910E+002     0.35646668E+003    -0.74871300E+003    -0.26974800E+003
     0.13103444E+002     0.35656284E+003    -0.55943054E+003    -0.55734344E+003
     0.13106978E+002     0.35665900E+003    -0.26595184E+003    -0.73740259E+003
     0.13110511E+002     0.35675516E+003     0.76221679E+002    -0.77585617E+003
     0.13114045E+002     0.35685132E+003     0.40237421E+003    -0.66542427E+003
     0.13117579E+002     0.35694748E+003     0.65081773E+003    -0.42698103E+003
     0.13121113E+002     0.35704364E+003     0.77455805E+003    -0.10561662E+003
     0.13124647E+002     0.35713980E+003     0.75018156E+003     0.23789158E+003
     0.13128181E+002     0.35723596E+003     0.58229259E+003     0.53857568E+003
     0.13131714E+002     0.35733212E+003     0.30263588E+003     0.73955695E+003
     0.13135248E+002     0.35742828E+003    -0.35894800E+002     0.80282045E+003
     0.13138782E+002     0.35752444E+003    -0.36927258E+003     0.71638831E+003
     0.13142316E+002     0.35762060E+003    -0.63443687E+003     0.49660590E+003
     0.13145850E+002     0.35771676E+003    -0.78122969E+003     0.18503252E+003
     0.13149384E+002     0.35781292E+003    -0.78187487E+003    -0.15940141E+003
     0.13152917E+002     0.35790908E+003    -0.63624017E+003    -0.47155082E+003
     0.13156451E+002     0.35800524E+003    -0.37185869E+003    -0.69236881E+003
     0.13159985E+002     0.35810140E+003    -0.38728555E+002    -0.78008160E+003
     0.13163519E+002     0.35819756E+003     0.30014649E+003    -0.71808807E+003
     0.13167053E+002     0.35829372E+003     0.58067221E+003    -0.51810324E+003
     0.13170586E+002     0.35838988E+003     0.74978547E+003    -0.21794270E+003
     0.13174120E+002     0.35848604E+003     0.77549508E+003     0.12562846E+003
     0.13177654E+002     0.35858221E+003     0.65292826E+003     0.44762936E+003
     0.13181188E+002     0.35867837E+003     0.40526087E+003     0.68715516E+003
     0.13184722E+002     0.35877453E+003     0.79330877E+002     0.79889572E+003
     0.13188256E+002     0.35887069E+003    -0.26321642E+003     0.76170844E+003
     0.13191789E+002     0.35896685E+003    -0.55758857E+003     0.58261961E+003
     0.13195323E+002     0.35906301E+003    -0.74810200E+003     0.29549410E+003
     0.13198857E+002     0.35915917E+003    -0.79871249E+003    -0.45363791E+002
     0.13202391E+002     0.35925533E+003    -0.69983615E+003    -0.37548591E+003
     0.13205925E+002     0.35935149E+003    -0.47016257E+003    -0.63242664E+003
     0.13209459E+002     0.35944765E+003    -0.15312371E+003    -0.76758057E+003
     0.13212992E+002     0.35954381E+003     0.19132045E+003    -0.75537310E+003
     0.13216526E+002     0.35963997E+003     0.49802267E+003    -0.59810266E+003
     0.13220060E+002     0.35973613E+003     0.70897052E+003    -0.32550570E+003
     0.13223594E+002     0.35983229E+003     0.78426009E+003     0.10867040E+002
     0.13227128E+002     0.35992845E+003     0.70964237E+003     0.34739745E+003
     0.13230662E+002     0.36002461E+003     0.49922150E+003     0.62043484E+003
     0.13234195E+002     0.36012077E+003     0.19278982E+003     0.77832953E+003
     0.13237729E+002     0.36021693E+003    -0.15169751E+003     0.79121000E+003
     0.13241263E+002     0.36031309E+003    -0.46907933E+003     0.65662941E+003
     0.13244797E+002     0.36040925E+003    -0.69932147E+003     0.40003623E+003
     0.13248331E+002     0.36050541E+003    -0.79886361E+003     0.69958073E+002
     0.13251865E+002     0.36060157E+003    -0.74887013E+003    -0.27117496E+003
     0.13255398E+002     0.36069773E+003    -0.55878232E+003    -0.55883719E+003
     0.13258932E+002     0.36079389E+003    -0.26454540E+003    -0.73861275E+003
     0.13262466E+002     0.36089006E+003     0.78197152E+002    -0.77648738E+003
     0.13266000E+002     0.36098622E+003     0.40461848E+003    -0.66528505E+003
     0.13269534E+002     0.36108238E+003     0.65297748E+003    -0.42602850E+003
     0.13273068E+002     0.36117854E+003     0.77629207E+003    -0.10396276E+003
     0.13276601E+002     0.36127470E+003     0.75123212E+003     0.24000023E+003
     0.13280135E+002     0.36137086E+003     0.58252860E+003     0.54080393E+003
     0.13283669E+002     0.36146702E+003     0.30208293E+003     0.74155020E+003
     0.13287203E+002     0.36156318E+003    -0.37065825E+002     0.80426202E+003
     0.13290737E+002     0.36165934E+003    -0.37076983E+003     0.71706737E+003
     0.13294271E+002     0.36175550E+003    -0.63590623E+003     0.49645058E+003
     0.13297804E+002     0.36185166E+003    -0.78231524E+003     0.18413281E+003
     0.13301338E+002     0.36194782E+003    -0.78229684E+003    -0.16081319E+003
     0.13304872E+002     0.36204398E+003    -0.63583914E+003    -0.47314339E+003
     0.13308406E+002     0.36214014E+003    -0.37063838E+003    -0.69377613E+003
     0.13311940E+002     0.36223630E+003    -0.36839305E+002    -0.78097244E+003
     0.13315474E+002     0.36233246E+003     0.30242055E+003    -0.71822558E+003
     0.13319007E+002     0.36242862E+003     0.58297870E+003    -0.51739125E+003
     0.13322541E+002     0.36252478E+003     0.75175545E+003    -0.21644381E+003
     0.13326075E+002     0.36262094E+003     0.77682456E+003     0.12769769E+003
     0.13329609E+002     0.36271710E+003     0.65343020E+003     0.44994251E+003
     0.13333143E+002     0.36281326E+003     0.40490962E+003     0.68933473E+003
     0.13336677E+002     0.36290942E+003     0.78262706E+002     0.80059066E+003
     0.13340210E+002     0.36300558E+003    -0.26472859E+003     0.76265826E+003
     0.13343744E+002     0.36310175E+003    -0.55918560E+003     0.58270473E+003
     0.13347278E+002     0.36319791E+003    -0.74941051E+003     0.29475715E+003
     0.13350812E+002     0.36329407E+003    -0.79940650E+003    -0.46723674E+002
     0.13354346E+002     0.36339023E+003    -0.69970912E+003    -0.37715096E+003
     0.13357880E+002     0.36348639E+003    -0.46915787E+003    -0.63401739E+003
     0.13361413E+002     0.36358255E+003    -0.15135485E+003    -0.76873095E+003
     0.13364947E+002     0.36367871E+003     0.19359618E+003    -0.75579719E+003
     0.13368481E+002     0.36377487E+003     0.50044883E+003    -0.59765099E+003
     0.13372015E+002     0.36387103E+003     0.71115938E+003    -0.32419458E+003
     0.13375549E+002     0.36396719E+003     0.78586577E+003     0.12857870E+002
     0.13379082E+002     0.36406335E+003     0.71042792E+003     0.34975557E+003
     0.13382616E+002     0.36415951E+003     0.49910656E+003     0.62277515E+003
     0.13386150E+002     0.36425567E+003     0.19186515E+003     0.78027013E+003
     0.13389684E+002     0.36435183E+003    -0.15318439E+003     0.79244205E+003
     0.13393218E+002     0.36444799E+003    -0.47077729E+003     0.65698029E+003
     0.13396752E+002     0.36454415E+003    -0.70083368E+003     0.39949693E+003
     0.13400285E+002     0.36464031E+003    -0.79983038E+003     0.68688998E+002
     0.13403819E+002     0.36473647E+003    -0.74902861E+003    -0.27287328E+003
     0.13407353E+002     0.36483263E+003    -0.55802480E+003    -0.56058154E+003
     0.13410887E+002     0.36492879E+003    -0.26293713E+003    -0.74000684E+003
     0.13414421E+002     0.36502495E+003     0.80427960E+002    -0.77720301E+003
     0.13417955E+002     0.36512111E+003     0.40712539E+003    -0.66511821E+003
     0.13421488E+002     0.36521727E+003     0.65535932E+003    -0.42494542E+003
     0.13425022E+002     0.36531343E+003     0.77817030E+003    -0.10209608E+003
     0.13428556E+002     0.36540960E+003     0.75231735E+003     0.24235850E+003
     0.13432090E+002     0.36550576E+003     0.58268338E+003     0.54327566E+003
     0.13435624E+002     0.36560192E+003     0.30134573E+003     0.74371894E+003
     0.13439158E+002     0.36569808E+003    -0.38481993E+002     0.80578198E+003
     0.13442691E+002     0.36579424E+003    -0.37252437E+003     0.71770520E+003
     0.13446225E+002     0.36589040E+003    -0.63759244E+003     0.49615092E+003
     0.13449759E+002     0.36598656E+003    -0.78354617E+003     0.18300777E+003
     0.13453293E+002     0.36608272E+003    -0.78275903E+003    -0.16249258E+003
     0.13456827E+002     0.36617888E+003    -0.63537321E+003    -0.47500542E+003
     0.13460361E+002     0.36627504E+003    -0.36924061E+003    -0.69540334E+003
     0.13463894E+002     0.36637120E+003    -0.34702790E+002    -0.78199401E+003
     0.13467428E+002     0.36646736E+003     0.30497480E+003    -0.71837256E+003
     0.13470962E+002     0.36656352E+003     0.58553283E+003    -0.51657468E+003
     0.13474496E+002     0.36665968E+003     0.75389989E+003    -0.21474737E+003
     0.13478030E+002     0.36675584E+003     0.77822484E+003     0.13001208E+003
     0.13481564E+002     0.36685200E+003     0.65388974E+003     0.45250453E+003
     0.13485097E+002     0.36694816E+003     0.40441259E+003     0.69172199E+003
     0.13488631E+002     0.36704432E+003     0.76965705E+002     0.80240983E+003
     0.13492165E+002     0.36714048E+003    -0.26650773E+003     0.76362240E+003
     0.13495699E+002     0.36723664E+003    -0.56103899E+003     0.58268187E+003
     0.13499233E+002     0.36733280E+003    -0.75090813E+003     0.29381019E+003
     0.13502767E+002     0.36742896E+003    -0.80018616E+003    -0.48359495E+002
     0.13506300E+002     0.36752512E+003    -0.69954554E+003    -0.37910383E+003
     0.13509834E+002     0.36762128E+003    -0.46800207E+003    -0.63585655E+003
     0.13513368E+002     0.36771745E+003    -0.14934935E+003    -0.77004571E+003
     0.13516902E+002     0.36781361E+003     0.19615165E+003    -0.75627215E+003
     0.13520436E+002     0.36790977E+003     0.50314462E+003    -0.59713120E+003
     0.13523970E+002     0.36800593E+003     0.71355880E+003    -0.32270986E+003
     0.13527503E+002     0.36810209E+003     0.78758508E+003     0.15090865E+002
     0.13531037E+002     0.36819825E+003     0.71121038E+003     0.35237753E+003
     0.13534571E+002     0.36829441E+003     0.49887297E+003     0.62535284E+003
     0.13538105E+002     0.36839057E+003     0.19072787E+003     0.78237199E+003
     0.13541639E+002     0.36848673E+003    -0.15494105E+003     0.79372985E+003
     0.13545173E+002     0.36858289E+003    -0.47274739E+003     0.65726178E+003
     0.13548706E+002     0.36867905E+003    -0.70257021E+003     0.39877535E+003
     0.13552240E+002     0.36877521E+003    -0.80092571E+003     0.67156105E+002
     0.13555774E+002     0.36887137E+003    -0.74919637E+003    -0.27487017E+003
     0.13559308E+002     0.36896753E+003    -0.55715466E+003    -0.56260279E+003
     0.13562842E+002     0.36906369E+003    -0.26111153E+003    -0.74160990E+003
     0.13566376E+002     0.36915985E+003     0.82939259E+002    -0.77801710E+003
     0.13569909E+002     0.36925601E+003     0.40992607E+003    -0.66492517E+003
     0.13573443E+002     0.36935217E+003     0.65799007E+003    -0.42371303E+003
     0.13576977E+002     0.36944833E+003     0.78020506E+003    -0.99996554E+002
     0.13580511E+002     0.36954449E+003     0.75344178E+003     0.24499487E+003
     0.13584045E+002     0.36964065E+003     0.58275339E+003     0.54600671E+003
     0.13587578E+002     0.36973681E+003     0.30041797E+003     0.74609506E+003
     0.13591112E+002     0.36983297E+003    -0.40166504E+002     0.80740409E+003
     0.13594646E+002     0.36992913E+003    -0.37457600E+003     0.71832513E+003
     0.13598180E+002     0.37002530E+003    -0.63955075E+003     0.49569530E+003
     0.13601714E+002     0.37012146E+003    -0.78495478E+003     0.18161958E+003
     0.13605248E+002     0.37021762E+003    -0.78327473E+003    -0.16449483E+003
     0.13608781E+002     0.37031378E+003    -0.63481116E+003    -0.47717760E+003
     0.13612315E+002     0.37040994E+003    -0.36763593E+003    -0.69727445E+003
     0.13615849E+002     0.37050610E+003    -0.32277765E+002    -0.78314104E+003
     0.13619383E+002     0.37060226E+003     0.30783237E+003    -0.71852428E+003
     0.13622917E+002     0.37069842E+003     0.58836107E+003    -0.51563015E+003
     0.13626451E+002     0.37079458E+003     0.75623747E+003    -0.21282801E+003
     0.13629984E+002     0.37089074E+003     0.77969622E+003     0.13261400E+003
     0.13633518E+002     0.37098690E+003     0.65428984E+003     0.45535307E+003
     0.13637052E+002     0.37108306E+003     0.40372887E+003     0.69433714E+003
     0.13640586E+002     0.37117922E+003     0.75404843E+002     0.80435416E+003
     0.13644120E+002     0.37127538E+003    -0.26858370E+003     0.76458152E+003
     0.13647654E+002     0.37137154E+003    -0.56316163E+003     0.58253182E+003
     0.13651187E+002     0.37146770E+003    -0.75260100E+003     0.29262954E+003
     0.13654721E+002     0.37156386E+003    -0.80105303E+003    -0.50291391E+002
     0.13658255E+002     0.37166002E+003    -0.69933762E+003    -0.38136714E+003
     0.13661789E+002     0.37175618E+003    -0.46668082E+003    -0.63796265E+003
     0.13665323E+002     0.37185234E+003    -0.14708185E+003    -0.77153202E+003
     0.13668857E+002     0.37194850E+003     0.19901063E+003    -0.75679636E+003
     0.13672390E+002     0.37204466E+003     0.50613191E+003    -0.59652830E+003
     0.13675924E+002     0.37214082E+003     0.71618364E+003    -0.32103169E+003
     0.13679458E+002     0.37223698E+003     0.78942244E+003     0.17593113E+002
     0.13682992E+002     0.37233315E+003     0.71198205E+003     0.35529403E+003
     0.13686526E+002     0.37242931E+003     0.49849824E+003     0.62818913E+003
     0.13690060E+002     0.37252547E+003     0.18934632E+003     0.78464821E+003
     0.13693593E+002     0.37262163E+003    -0.15699604E+003     0.79506457E+003
     0.13697127E+002     0.37271779E+003    -0.47501264E+003     0.65745784E+003
     0.13700661E+002     0.37281395E+003    -0.70453994E+003     0.39784839E+003
     0.13704195E+002     0.37291011E+003    -0.80215057E+003     0.65336036E+002
     0.13707729E+002     0.37300627E+003    -0.74936697E+003    -0.27718322E+003
     0.13711263E+002     0.37310243E+003    -0.55615518E+003    -0.56491709E+003
     0.13714796E+002     0.37319859E+003    -0.25905331E+003    -0.74342584E+003
     0.13718330E+002     0.37329475E+003     0.85752788E+002    -0.77892972E+003
     0.13721864E+002     0.37339091E+003     0.41303453E+003    -0.66469556E+003
     0.13725398E+002     0.37348707E+003     0.66088460E+003    -0.42231995E+003
     0.13728932E+002     0.37358323E+003     0.78240530E+003    -0.97638820E+002
     0.13732466E+002     0.37367939E+003     0.75460283E+003     0.24793193E+003
     0.13735999E+002     0.37377555E+003     0.58272172E+003     0.54902851E+003
     0.13739533E+002     0.37387171E+003     0.29926854E+003     0.74868163E+003
     0.13743067E+002     0.37396787E+003    -0.42146156E+002     0.80912278E+003
     0.13746601E+002     0.37406403E+003    -0.37693665E+003     0.71889781E+003
     0.13750135E+002     0.37416019E+003    -0.64177014E+003     0.49507068E+003
     0.13753669E+002     0.37425635E+003    -0.78653675E+003     0.17996565E+003
     0.13757202E+002     0.37435251E+003    -0.78383929E+003    -0.16681030E+003
     0.13760736E+002     0.37444867E+003    -0.63417170E+003    -0.47966134E+003
     0.13764270E+002     0.37454484E+003    -0.36583091E+003    -0.69939796E+003
     0.13767804E+002     0.37464100E+003    -0.29568042E+002    -0.78444182E+003
     0.13771338E+002     0.37473716E+003     0.31101332E+003    -0.71869092E+003
     0.13774872E+002     0.37483332E+003     0.59148566E+003    -0.51456724E+003
     0.13778405E+002     0.37492948E+003     0.75878633E+003    -0.21067373E+003
     0.13781939E+002     0.37502564E+003     0.78125867E+003     0.13551481E+003
     0.13785473E+002     0.37512180E+003     0.65463795E+003     0.45850970E+003
     0.13789007E+002     0.37521796E+003     0.40286549E+003     0.69721150E+003
     0.13792541E+002     0.37531412E+003     0.73560887E+002     0.80645264E+003
     0.13796074E+002     0.37541028E+003    -0.27098580E+003     0.76555822E+003
     0.13799608E+002     0.37550644E+003    -0.56559164E+003     0.58225253E+003
     0.13803142E+002     0.37560260E+003    -0.75452111E+003     0.29119914E+003
     0.13806676E+002     0.37569876E+003    -0.80202121E+003    -0.52546908E+002
     0.13810210E+002     0.37579492E+003    -0.69909259E+003    -0.38396747E+003
     0.13813744E+002     0.37589108E+003    -0.46518813E+003    -0.64036119E+003
     0.13817277E+002     0.37598724E+003    -0.14454063E+003    -0.77321804E+003
     0.13820811E+002     0.37608340E+003     0.20220412E+003    -0.75738790E+003
     0.13824345E+002     0.37617956E+003     0.50944930E+003    -0.59584549E+003
     0.13827879E+002     0.37627572E+003     0.71907059E+003    -0.31913770E+003
     0.13831413E+002     0.37637188E+003     0.79139662E+003     0.20401929E+002
     0.13834947E+002     0.37646804E+003     0.71274096E+003     0.35854157E+003
     0.13838480E+002     0.37656420E+003     0.49796623E+003     0.63131634E+003
     0.13842014E+002     0.37666036E+003     0.18769840E+003     0.78711675E+003
     0.13845548E+002     0.37675652E+003    -0.15937957E+003     0.79646270E+003
     0.13849082E+002     0.37685269E+003    -0.47760764E+003     0.65756995E+003
     0.13852616E+002     0.37694885E+003    -0.70678135E+003     0.39670202E+003
     0.13856150E+002     0.37704501E+003    -0.80353313E+003     0.63197643E+002
     0.13859683E+002     0.37714117E+003    -0.74954513E+003    -0.27985717E+003
     0.13863217E+002     0.37723733E+003    -0.55501404E+003    -0.56755997E+003
     0.13866751E+002     0.37733349E+003    -0.25672595E+003    -0.74548090E+003
     0.13870285E+002     0.37742965E+003     0.88900077E+002    -0.77994391E+003
     0.13873819E+002     0.37752581E+003     0.41648787E+003    -0.66442029E+003
     0.13877353E+002     0.37762197E+003     0.66406220E+003    -0.42074131E+003
     0.13880886E+002     0.37771813E+003     0.78478288E+003    -0.94997254E+002
     0.13884420E+002     0.37781429E+003     0.75579763E+003     0.25120220E+003
     0.13887954E+002     0.37791045E+003     0.58257793E+003     0.55236114E+003
     0.13891488E+002     0.37800661E+003     0.29788008E+003     0.75150573E+003
     0.13895022E+002     0.37810277E+003    -0.44445145E+002     0.81094972E+003
     0.13898556E+002     0.37819893E+003    -0.37964071E+003     0.71943691E+003
     0.13902089E+002     0.37829509E+003    -0.64429107E+003     0.49426416E+003
     0.13905623E+002     0.37839125E+003    -0.78832075E+003     0.17801789E+003
     0.13909157E+002     0.37848741E+003    -0.78446622E+003    -0.16948169E+003
     0.13912691E+002     0.37858357E+003    -0.63344056E+003    -0.48249645E+003
     0.13916225E+002     0.37867973E+003    -0.36379743E+003    -0.70180273E+003
     0.13919759E+002     0.37877589E+003    -0.26535814E+002    -0.78590203E+003
     0.13923292E+002     0.37887205E+003     0.31454948E+003    -0.71886790E+003
     0.13926826E+002     0.37896821E+003     0.59493281E+003    -0.51336545E+003
     0.13930360E+002     0.37906437E+003     0.76156603E+003    -0.20825662E+003
     0.13933894E+002     0.37916054E+003     0.78291358E+003     0.13874943E+003
     0.13937428E+002     0.37925670E+003     0.65492397E+003     0.46200870E+003
     0.13940962E+002     0.37935286E+003     0.40179616E+003     0.70036542E+003
     0.13944495E+002     0.37944902E+003     0.71407994E+002     0.80871742E+003
     0.13948029E+002     0.37954518E+003    -0.27374325E+003     0.76655513E+003
     0.13951563E+002     0.37964134E+003    -0.56836009E+003     0.58183965E+003
     0.13955097E+002     0.37973750E+003    -0.75669865E+003     0.28950220E+003
     0.13958631E+002     0.37983366E+003    -0.80311439E+003    -0.55161936E+002
     0.13962165E+002     0.37992982E+003    -0.69880792E+003    -0.38695153E+003
     0.13965698E+002     0.38002598E+003    -0.46349468E+003    -0.64309213E+003
     0.13969232E+002     0.38012214E+003    -0.14167750E+003    -0.77511485E+003
     0.13972766E+002     0.38021830E+003     0.20576705E+003    -0.75803060E+003
     0.13976300E+002     0.38031446E+003     0.51311585E+003    -0.59505587E+003
     0.13979834E+002     0.38041062E+003     0.72222032E+003    -0.31700500E+003
     0.13983368E+002     0.38050678E+003     0.79351005E+003     0.23534627E+002
     0.13986901E+002     0.38060294E+003     0.71348510E+003     0.36214097E+003
     0.13990435E+002     0.38069910E+003     0.49727167E+003     0.63475831E+003
     0.13993969E+002     0.38079526E+003     0.18576006E+003     0.78980276E+003
     0.13997503E+002     0.38089142E+003    -0.16212278E+003     0.79793125E+003
     0.14001037E+002     0.38098758E+003    -0.48056428E+003     0.65759076E+003
     0.14004570E+002     0.38108374E+003    -0.70931311E+003     0.39531801E+003
     0.14008104E+002     0.38117990E+003    -0.80508241E+003     0.60719338E+002
     0.14011638E+002     0.38127606E+003    -0.74973736E+003    -0.28290549E+003
     0.14015172E+002     0.38137222E+003    -0.55373523E+003    -0.57056281E+003
     0.14018706E+002     0.38146839E+003    -0.25411968E+003    -0.74780214E+003
     0.14022240E+002     0.38156455E+003     0.92411519E+002    -0.78108264E+003
     0.14025773E+002     0.38166071E+003     0.42031930E+003    -0.66410214E+003
     0.14029307E+002     0.38175687E+003     0.66756408E+003    -0.41896504E+003
     0.14032841E+002     0.38185303E+003     0.78736308E+003    -0.92036456E+002
     0.14036375E+002     0.38194919E+003     0.75703743E+003     0.25484295E+003
     0.14039909E+002     0.38204535E+003     0.58231269E+003     0.55605154E+003
     0.14043443E+002     0.38214151E+003     0.29622515E+003     0.75459807E+003
     0.14046976E+002     0.38223767E+003    -0.47105974E+002     0.81291005E+003
     0.14050510E+002     0.38233383E+003    -0.38273448E+003     0.71993634E+003
     0.14054044E+002     0.38242999E+003    -0.64715218E+003     0.49325571E+003
     0.14057578E+002     0.38252615E+003    -0.79032930E+003     0.17573813E+003
     0.14061112E+002     0.38262231E+003    -0.78515803E+003    -0.17254861E+003
     0.14064646E+002     0.38271847E+003    -0.63260555E+003    -0.48571804E+003
     0.14068179E+002     0.38281463E+003    -0.36150997E+003    -0.70451466E+003
     0.14071713E+002     0.38291079E+003    -0.23148195E+002    -0.78753455E+003
     0.14075247E+002     0.38300695E+003     0.31847825E+003    -0.71905212E+003
     0.14078781E+002     0.38310311E+003     0.59873608E+003    -0.51200321E+003
     0.14082315E+002     0.38319927E+003     0.76459607E+003    -0.20554437E+003
     0.14085849E+002     0.38329543E+003     0.78466670E+003     0.14235934E+003
     0.14089382E+002     0.38339159E+003     0.65513448E+003     0.46588666E+003
     0.14092916E+002     0.38348775E+003     0.40049312E+003     0.70383163E+003
     0.14096450E+002     0.38358391E+003     0.68905984E+002     0.81116288E+003
     0.14099984E+002     0.38368007E+003    -0.27689833E+003     0.76756518E+003
     0.14103518E+002     0.38377624E+003    -0.57149674E+003     0.58126780E+003
     0.14107052E+002     0.38387240E+003    -0.75914394E+003     0.28750327E+003
     0.14110585E+002     0.38396856E+003    -0.80432552E+003    -0.58161170E+002
     0.14114119E+002     0.38406472E+003    -0.69847301E+003    -0.39033285E+003
     0.14117653E+002     0.38416088E+003    -0.46159565E+003    -0.64616290E+003
     0.14121187E+002     0.38425704E+003    -0.13849088E+003    -0.77723968E+003
     0.14124721E+002     0.38435320E+003     0.20972295E+003    -0.75874770E+003
     0.14128255E+002     0.38444936E+003     0.51716872E+003    -0.59416613E+003
     0.14131788E+002     0.38454552E+003     0.72567712E+003    -0.31461465E+003
     0.14135322E+002     0.38464168E+003     0.79578606E+003     0.27030815E+002
     0.14138856E+002     0.38473784E+003     0.71421893E+003     0.36614059E+003
     0.14142390E+002     0.38483400E+003     0.49639021E+003     0.63855600E+003
     0.14145924E+002     0.38493016E+003     0.18349878E+003     0.79273079E+003
     0.14149458E+002     0.38502632E+003    -0.16526629E+003     0.79948178E+003
     0.14152991E+002     0.38512248E+003    -0.48392308E+003     0.65751552E+003
     0.14156525E+002     0.38521864E+003    -0.71217414E+003     0.39367367E+003
     0.14160059E+002     0.38531480E+003    -0.80682425E+003     0.57864410E+002
     0.14163593E+002     0.38541096E+003    -0.74994487E+003    -0.28638865E+003
     0.14167127E+002     0.38550712E+003    -0.55228262E+003    -0.57394663E+003
     0.14170661E+002     0.38560328E+003    -0.25121100E+003    -0.75040474E+003
     0.14174194E+002     0.38569944E+003     0.96316996E+002    -0.78235381E+003
     0.14177728E+002     0.38579560E+003     0.42456382E+003    -0.66373874E+003
     0.14181262E+002     0.38589176E+003     0.67141929E+003    -0.41697016E+003
     0.14184796E+002     0.38598792E+003     0.79016962E+003    -0.88728562E+002
     0.14188330E+002     0.38608409E+003     0.75833137E+003     0.25890250E+003
     0.14191864E+002     0.38618025E+003     0.58190778E+003     0.56013870E+003
     0.14195397E+002     0.38627641E+003     0.29427113E+003     0.75799447E+003
     0.14198931E+002     0.38637257E+003    -0.50171940E+002     0.81500624E+003
     0.14202465E+002     0.38646873E+003    -0.38625294E+003     0.72039489E+003
     0.14205999E+002     0.38656489E+003    -0.65038335E+003     0.49202367E+003
     0.14209533E+002     0.38666105E+003    -0.79258601E+003     0.17310561E+003
     0.14213067E+002     0.38675721E+003    -0.78592896E+003    -0.17604758E+003
     0.14216600E+002     0.38685337E+003    -0.63166342E+003    -0.48936679E+003
     0.14220134E+002     0.38694953E+003    -0.35894338E+003    -0.70756961E+003
     0.14223668E+002     0.38704569E+003    -0.19363750E+002    -0.78936045E+003
     0.14227202E+002     0.38714185E+003     0.32284565E+003    -0.71923794E+003
     0.14230736E+002     0.38723801E+003     0.60293165E+003    -0.51045919E+003
     0.14234269E+002     0.38733417E+003     0.76789856E+003    -0.20250013E+003
     0.14237803E+002     0.38743033E+003     0.78652316E+003     0.14638094E+003
     0.14241337E+002     0.38752649E+003     0.65526052E+003     0.47018345E+003
     0.14244871E+002     0.38762265E+003     0.39893321E+003     0.70764153E+003
     0.14248405E+002     0.38771881E+003     0.66020434E+002     0.81381222E+003
     0.14251939E+002     0.38781497E+003    -0.28049231E+003     0.76859753E+003
     0.14255472E+002     0.38791113E+003    -0.57504480E+003     0.58052789E+003
     0.14259006E+002     0.38800729E+003    -0.76189635E+003     0.28517682E+003
     0.14262540E+002     0.38810345E+003    -0.80567889E+003    -0.61590279E+002
     0.14266074E+002     0.38819961E+003    -0.69808846E+003    -0.39416626E+003
     0.14269608E+002     0.38829578E+003    -0.45946073E+003    -0.64962279E+003
     0.14273142E+002     0.38839194E+003    -0.13492566E+003    -0.77961634E+003
     0.14276675E+002     0.38848810E+003     0.21412297E+003    -0.75953032E+003
     0.14280209E+002     0.38858426E+003     0.52164992E+003    -0.59314810E+003
     0.14283743E+002     0.38868042E+003     0.72946179E+003    -0.31192733E+003
     0.14287277E+002     0.38877658E+003     0.79823074E+003     0.30936523E+002
     0.14290811E+002     0.38887274E+003     0.71492724E+003     0.37058144E+003
     0.14294345E+002     0.38896890E+003     0.49529455E+003     0.64274408E+003
     0.14297878E+002     0.38906506E+003     0.18087465E+003     0.79592102E+003
     0.14301412E+002     0.38916122E+003    -0.16885550E+003     0.80111455E+003
     0.14304946E+002     0.38925738E+003    -0.48772167E+003     0.65732499E+003
     0.14308480E+002     0.38935354E+003    -0.71539009E+003     0.39173838E+003
     0.14312014E+002     0.38944970E+003    -0.80876587E+003     0.54594253E+002
     0.14315548E+002     0.38954586E+003    -0.75016495E+003    -0.29032808E+003
     0.14319081E+002     0.38964202E+003    -0.55065093E+003    -0.57776323E+003
     0.14322615E+002     0.38973818E+003    -0.24795345E+003    -0.75331792E+003
     0.14326149E+002     0.38983434E+003     0.10066953E+003    -0.78375685E+003
     0.14329683E+002     0.38993050E+003     0.42926153E+003    -0.66329983E+003
     0.14333217E+002     0.39002666E+003     0.67564786E+003    -0.41471724E+003
     0.14336751E+002     0.39012282E+003     0.79319739E+003    -0.85026182E+002
     0.14340284E+002     0.39021898E+003     0.75965534E+003     0.26340276E+003
     0.14343818E+002     0.39031514E+003     0.58134727E+003     0.56464873E+003
     0.14347352E+002     0.39041130E+003     0.29198788E+003     0.76170308E+003
     0.14350886E+002     0.39050746E+003    -0.53677334E+002     0.81723683E+003
     0.14354420E+002     0.39060363E+003    -0.39020892E+003     0.72079516E+003
     0.14357954E+002     0.39069979E+003    -0.65400529E+003     0.49057090E+003
     0.14361487E+002     0.39079595E+003    -0.79510444E+003     0.17009432E+003
     0.14365021E+002     0.39089211E+003    -0.78678773E+003    -0.17999729E+003
     0.14368555E+002     0.39098827E+003    -0.63060616E+003    -0.49346382E+003
     0.14372089E+002     0.39108443E+003    -0.35609158E+003    -0.71098567E+003
     0.14375623E+002     0.39118059E+003    -0.15166546E+002    -0.79138947E+003
     0.14379157E+002     0.39127675E+003     0.32767177E+003    -0.71944054E+003
     0.14382690E+002     0.39137291E+003     0.60754516E+003    -0.50872559E+003
     0.14386224E+002     0.39146907E+003     0.77149470E+003    -0.19911366E+003
     0.14389758E+002     0.39156523E+003     0.78850254E+003     0.15082844E+003
     0.14393292E+002     0.39166139E+003     0.65533333E+003     0.47494549E+003
     0.14396826E+002     0.39175755E+003     0.39710163E+003     0.71184654E+003
     0.14400360E+002     0.39185371E+003     0.62718141E+002     0.81670057E+003
     0.14403893E+002     0.39194987E+003    -0.28456835E+003     0.76966548E+003
     0.14407427E+002     0.39204603E+003    -0.57904894E+003     0.57961862E+003
     0.14410961E+002     0.39214219E+003    -0.76499294E+003     0.28250007E+003
     0.14414495E+002     0.39223835E+003    -0.80719942E+003    -0.65483358E+002
     0.14418029E+002     0.39233451E+003    -0.69765889E+003    -0.39849190E+003
     0.14421563E+002     0.39243067E+003    -0.45707804E+003    -0.65350985E+003
     0.14425096E+002     0.39252683E+003    -0.13095925E+003    -0.78227241E+003
     0.14428630E+002     0.39262299E+003     0.21900369E+003    -0.76039727E+003
     0.14432164E+002     0.39271915E+003     0.52659724E+003    -0.59200196E+003
     0.14435698E+002     0.39281531E+003     0.73361611E+003    -0.30892554E+003
     0.14439232E+002     0.39291148E+003     0.80087380E+003     0.35285950E+002
     0.14442765E+002     0.39300764E+003     0.71562386E+003     0.37551195E+003
     0.14446299E+002     0.39310380E+003     0.49397734E+003     0.64737243E+003
     0.14449833E+002     0.39319996E+003     0.17785512E+003     0.79941568E+003
     0.14453367E+002     0.39329612E+003    -0.17293280E+003     0.80285677E+003
     0.14456901E+002     0.39339228E+003    -0.49201639E+003     0.65702339E+003
     0.14460435E+002     0.39348844E+003    -0.71900801E+003     0.38949371E+003
     0.14463968E+002     0.39358460E+003    -0.81094568E+003     0.50870985E+002
     0.14467502E+002     0.39368076E+003    -0.75040732E+003    -0.29477803E+003
     0.14471036E+002     0.39377692E+003    -0.54882840E+003    -0.58204896E+003
     0.14474570E+002     0.39387308E+003    -0.24432426E+003    -0.75657562E+003
     0.14478104E+002     0.39396924E+003     0.10549645E+003    -0.78531196E+003
     0.14481638E+002     0.39406540E+003     0.43445522E+003    -0.66280191E+003
     0.14485171E+002     0.39416156E+003     0.68029583E+003    -0.41219889E+003
     0.14488705E+002     0.39425772E+003     0.79649604E+003    -0.80907060E+002
     0.14492239E+002     0.39435388E+003     0.76104331E+003     0.26840177E+003
     0.14495773E+002     0.39445004E+003     0.58062982E+003     0.56962997E+003
     0.14499307E+002     0.39454620E+003     0.28937167E+003     0.76577369E+003
     0.14502841E+002     0.39464236E+003    -0.57630787E+002     0.81970035E+003
     0.14506374E+002     0.39473852E+003    -0.39472224E+003     0.72118769E+003
     0.14509908E+002     0.39483468E+003    -0.65811347E+003     0.48885385E+003
     0.14513442E+002     0.39493084E+003    -0.79795043E+003     0.16664362E+003
     0.14516976E+002     0.39502700E+003    -0.78775232E+003    -0.18448372E+003
     0.14520510E+002     0.39512316E+003    -0.62942249E+003    -0.49809079E+003
     0.14524044E+002     0.39521933E+003    -0.35289930E+003    -0.71482355E+003
     0.14527577E+002     0.39531549E+003    -0.10486733E+002    -0.79365772E+003
     0.14531111E+002     0.39541165E+003     0.33302982E+003    -0.71965105E+003
     0.14534645E+002     0.39550781E+003     0.61265228E+003    -0.50678438E+003
     0.14538179E+002     0.39560397E+003     0.77545879E+003    -0.19531546E+003
     0.14541713E+002     0.39570013E+003     0.79062409E+003     0.15583566E+003
     0.14545247E+002     0.39579629E+003     0.65525763E+003     0.48022497E+003
     0.14548780E+002     0.39589245E+003     0.39494984E+003     0.71646654E+003
     0.14552314E+002     0.39598861E+003     0.58944273E+002     0.81983915E+003
     0.14555848E+002     0.39608477E+003    -0.28918419E+003     0.77076360E+003
     0.14559382E+002     0.39618093E+003    -0.58355845E+003     0.57850482E+003
     0.14562916E+002     0.39627709E+003    -0.76846102E+003     0.27942755E+003
     0.14566450E+002     0.39637325E+003    -0.80889231E+003    -0.69890740E+002
     0.14569983E+002     0.39646941E+003    -0.69717237E+003    -0.40335332E+003
     0.14573517E+002     0.39656557E+003    -0.45442299E+003    -0.65786123E+003
     0.14577051E+002     0.39666173E+003    -0.12654905E+003    -0.78523606E+003
     0.14580585E+002     0.39675789E+003     0.22441533E+003    -0.76135582E+003
     0.14584119E+002     0.39685405E+003     0.53206781E+003    -0.59071335E+003
     0.14587653E+002     0.39695021E+003     0.73818363E+003    -0.30556902E+003
     0.14591186E+002     0.39704637E+003     0.80373743E+003     0.40141495E+002
     0.14594720E+002     0.39714253E+003     0.71629278E+003     0.38099135E+003
     0.14598254E+002     0.39723869E+003     0.49240540E+003     0.65248289E+003
     0.14601788E+002     0.39733485E+003     0.17440405E+003     0.80324497E+003
     0.14605322E+002     0.39743101E+003    -0.17755137E+003     0.80472310E+003
     0.14608856E+002     0.39752718E+003    -0.49685539E+003     0.65661026E+003
     0.14612389E+002     0.39762334E+003    -0.72308229E+003     0.38691447E+003
     0.14615923E+002     0.39771950E+003    -0.81339727E+003     0.46651059E+002
     0.14619457E+002     0.39781566E+003    -0.75069157E+003    -0.29979677E+003
     0.14622991E+002     0.39791182E+003    -0.54679978E+003    -0.58686946E+003
     0.14626525E+002     0.39800798E+003    -0.24028648E+003    -0.76022973E+003
     0.14630059E+002     0.39810414E+003     0.11086727E+003    -0.78705391E+003
     0.14633592E+002     0.39820030E+003     0.44021617E+003    -0.66223827E+003
     0.14637126E+002     0.39829646E+003     0.68543521E+003    -0.40937797E+003
     0.14640660E+002     0.39839262E+003     0.80010461E+003    -0.76300313E+002
     0.14644194E+002     0.39848878E+003     0.76250577E+003     0.27397708E+003
     0.14647728E+002     0.39858494E+003     0.57972931E+003     0.57517114E+003
     0.14651261E+002     0.39868110E+003     0.28634202E+003     0.77027833E+003
     0.14654795E+002     0.39877726E+003    -0.62152382E+002     0.82235816E+003
     0.14658329E+002     0.39887342E+003    -0.39981282E+003     0.72153369E+003
     0.14661863E+002     0.39896958E+003    -0.66273630E+003     0.48685828E+003
     0.14665397E+002     0.39906574E+003    -0.80115203E+003     0.16272163E+003
     0.14668931E+002     0.39916190E+003    -0.78884344E+003    -0.18955057E+003
     0.14672464E+002     0.39925806E+003    -0.62811131E+003    -0.50329704E+003
     0.14675998E+002     0.39935422E+003    -0.34934695E+003    -0.71913644E+003
     0.14679532E+002     0.39945038E+003    -0.52801072E+001    -0.79620484E+003
     0.14683066E+002     0.39954654E+003     0.33898942E+003    -0.71989176E+003
     0.14686600E+002     0.39964270E+003     0.61831417E+003    -0.50460960E+003
     0.14690134E+002     0.39973886E+003     0.77982251E+003    -0.19107200E+003
     0.14693667E+002     0.39983503E+003     0.79293007E+003     0.16140490E+003
     0.14697201E+002     0.39993119E+003     0.65513052E+003     0.48612582E+003
     0.14700735E+002     0.40002735E+003     0.39247619E+003     0.72163622E+003
     0.14704269E+002     0.40012351E+003     0.54638087E+002     0.82336690E+003
     0.14707803E+002     0.40021967E+003    -0.29446946E+003     0.77199670E+003
     0.14711337E+002     0.40031583E+003    -0.58877238E+003     0.57725981E+003
     0.14714870E+002     0.40041199E+003    -0.77262772E+003     0.27590896E+003
     0.14718404E+002     0.40050815E+003    -0.81113855E+003    -0.75233348E+002
     0.14721938E+002     0.40060431E+003    -0.69604379E+003    -0.40953365E+003
     0.14725472E+002     0.40070047E+003    -0.45098061E+003    -0.66247467E+003
     0.14729006E+002     0.40079663E+003    -0.12151684E+003    -0.78822731E+003
     0.14732540E+002     0.40089279E+003     0.23038400E+003    -0.76215642E+003
     0.14736073E+002     0.40098895E+003     0.53798402E+003    -0.58907928E+003
     0.14739607E+002     0.40108511E+003     0.74301638E+003    -0.30172621E+003
     0.14743141E+002     0.40118127E+003     0.80664342E+003     0.45531873E+002
     0.14746675E+002     0.40127743E+003     0.71679531E+003     0.38697746E+003
     0.14750209E+002     0.40137359E+003     0.49045392E+003     0.65797824E+003
     0.14753743E+002     0.40146975E+003     0.17045285E+003     0.80723622E+003
     0.14757276E+002     0.40156591E+003    -0.18263497E+003     0.80649274E+003
     0.14760810E+002     0.40166207E+003    -0.50189772E+003     0.65598379E+003
     0.14764344E+002     0.40175823E+003    -0.72760095E+003     0.38432832E+003
     0.14767878E+002     0.40185439E+003    -0.81624465E+003     0.41982842E+002
     0.14771412E+002     0.40195055E+003    -0.75106822E+003    -0.30541608E+003
     0.14774946E+002     0.40204672E+003    -0.54457135E+003    -0.59225906E+003
     0.14778479E+002     0.40214288E+003    -0.23581129E+003    -0.76429956E+003
     0.14782013E+002     0.40223904E+003     0.11680772E+003    -0.78896962E+003
     0.14785547E+002     0.40233520E+003     0.44656529E+003    -0.66158294E+003
     0.14789081E+002     0.40243136E+003     0.69105816E+003    -0.40621644E+003
     0.14792615E+002     0.40252752E+003     0.80400410E+003    -0.71179938E+002
     0.14796149E+002     0.40262368E+003     0.76400898E+003     0.28014385E+003
     0.14799682E+002     0.40271984E+003     0.57861345E+003     0.58126601E+003
     0.14803216E+002     0.40281600E+003     0.28287979E+003     0.77519566E+003
     0.14806750E+002     0.40291216E+003    -0.67244220E+002     0.82520593E+003
     0.14810284E+002     0.40300832E+003    -0.40550119E+003     0.72180992E+003
     0.14813818E+002     0.40310448E+003    -0.66787108E+003     0.48454625E+003
     0.14817352E+002     0.40320064E+003    -0.80468133E+003     0.15829763E+003
     0.14820885E+002     0.40329680E+003    -0.79001751E+003    -0.19520593E+003
     0.14824419E+002     0.40339296E+003    -0.62662408E+003    -0.50906792E+003
     0.14827953E+002     0.40348912E+003    -0.34539668E+003    -0.72387725E+003
     0.14831487E+002     0.40358528E+003     0.46706861E+000    -0.79896438E+003
     0.14835021E+002     0.40368144E+003     0.34552233E+003    -0.72008649E+003
     0.14838555E+002     0.40377760E+003     0.62446757E+003    -0.50214447E+003
     0.14842088E+002     0.40387376E+003     0.78449796E+003    -0.18635477E+003
     0.14845622E+002     0.40396992E+003     0.79530469E+003     0.16753385E+003
     0.14849156E+002     0.40406608E+003     0.65481678E+003     0.49255486E+003
     0.14852690E+002     0.40416224E+003     0.38959350E+003     0.72718823E+003
     0.14856224E+002     0.40425840E+003     0.49810958E+002     0.82701251E+003
     0.14859757E+002     0.40435457E+003    -0.30023751E+003     0.77310838E+003
     0.14863291E+002     0.40445073E+003    -0.59430072E+003     0.57565028E+003
     0.14866825E+002     0.40454689E+003    -0.77671074E+003     0.27198294E+003
     0.14870359E+002     0.40464305E+003    -0.81292273E+003    -0.80441079E+002
     0.14873893E+002     0.40473921E+003    -0.69605151E+003    -0.41492828E+003
     0.14877427E+002     0.40483537E+003    -0.44818653E+003    -0.66817050E+003
     0.14880960E+002     0.40493153E+003    -0.11621052E+003    -0.79221955E+003
     0.14884494E+002     0.40502769E+003     0.23706342E+003    -0.76357212E+003
     0.14888028E+002     0.40512385E+003     0.54477893E+003    -0.58761830E+003
     0.14891562E+002     0.40522001E+003     0.74869006E+003    -0.29762973E+003
     0.14895096E+002     0.40531617E+003     0.81018368E+003     0.51532770E+002
     0.14898630E+002     0.40541233E+003     0.71759659E+003     0.39379812E+003
     0.14902163E+002     0.40550849E+003     0.48842091E+003     0.66438780E+003
     0.14905697E+002     0.40560465E+003     0.16600889E+003     0.81207601E+003
     0.14909231E+002     0.40570081E+003    -0.18864199E+003     0.80888596E+003
     0.14912765E+002     0.40579697E+003    -0.50840451E+003     0.65538984E+003
     0.14916299E+002     0.40589313E+003    -0.73275620E+003     0.38061414E+003
     0.14919833E+002     0.40598929E+003    -0.81920775E+003     0.36537112E+002
     0.14923366E+002     0.40608545E+003    -0.75137261E+003    -0.31172340E+003
     0.14926900E+002     0.40618161E+003    -0.54205594E+003    -0.59826453E+003
     0.14930434E+002     0.40627777E+003    -0.23084652E+003    -0.76882859E+003
     0.14933968E+002     0.40637393E+003     0.12338265E+003    -0.79112751E+003
     0.14937502E+002     0.40647009E+003     0.45359553E+003    -0.66088838E+003
     0.14941036E+002     0.40656625E+003     0.69730143E+003    -0.40274480E+003
     0.14944569E+002     0.40666242E+003     0.80834369E+003    -0.65505699E+002
     0.14948103E+002     0.40675858E+003     0.76569242E+003     0.28700685E+003
     0.14951637E+002     0.40685474E+003     0.57736814E+003     0.58808710E+003
     0.14955171E+002     0.40695090E+003     0.27899322E+003     0.78073934E+003
     0.14958705E+002     0.40704706E+003    -0.73005657E+002     0.82847033E+003
     0.14962239E+002     0.40714322E+003    -0.41204527E+003     0.72220114E+003
     0.14965772E+002     0.40723938E+003    -0.67380708E+003     0.48177360E+003
     0.14969306E+002     0.40733554E+003    -0.80864844E+003     0.15326392E+003
     0.14972840E+002     0.40743170E+003    -0.79137598E+003    -0.20156504E+003
     0.14976374E+002     0.40752786E+003    -0.62503634E+003    -0.51555689E+003
     0.14979908E+002     0.40762402E+003    -0.34106031E+003    -0.72923801E+003
     0.14983442E+002     0.40772018E+003     0.68228993E+001    -0.80213079E+003
     0.14986975E+002     0.40781634E+003     0.35278334E+003    -0.72039850E+003
     0.14990509E+002     0.40791250E+003     0.63133767E+003    -0.49947923E+003
     0.14994043E+002     0.40800866E+003     0.78974736E+003    -0.18115023E+003
     0.14997577E+002     0.40810482E+003     0.79800469E+003     0.17435611E+003
     0.15001111E+002     0.40820098E+003     0.65451235E+003     0.49976277E+003
     0.15004645E+002     0.40829714E+003     0.38639772E+003     0.73347143E+003
     0.15008178E+002     0.40839330E+003     0.44382035E+002     0.83122629E+003
     0.15011712E+002     0.40848946E+003    -0.30681621E+003     0.77449613E+003
     0.15015246E+002     0.40858562E+003    -0.60072142E+003     0.57398317E+003
     0.15018780E+002     0.40868178E+003    -0.78169374E+003     0.26760891E+003
     0.15022314E+002     0.40877794E+003    -0.81544874E+003    -0.86661965E+002
     0.15025848E+002     0.40887410E+003    -0.69556463E+003    -0.42178506E+003
     0.15029381E+002     0.40897027E+003    -0.44469213E+003    -0.67432494E+003
     0.15032915E+002     0.40906643E+003    -0.11028338E+003    -0.79645958E+003
     0.15036449E+002     0.40916259E+003     0.24438630E+003    -0.76504188E+003
     0.15039983E+002     0.40925875E+003     0.55219592E+003    -0.58597959E+003
     0.15043517E+002     0.40935491E+003     0.75487341E+003    -0.29312973E+003
     0.15047051E+002     0.40945107E+003     0.81403568E+003     0.58110577E+002
     0.15050584E+002     0.40954723E+003     0.71844981E+003     0.40127440E+003
     0.15054118E+002     0.40964339E+003     0.48617105E+003     0.67141223E+003
     0.15057652E+002     0.40973955E+003     0.16113009E+003     0.81737607E+003
     0.15061186E+002     0.40983571E+003    -0.19517581E+003     0.81150989E+003
     0.15064720E+002     0.40993187E+003    -0.51531551E+003     0.65488601E+003
     0.15068253E+002     0.41002803E+003    -0.73868723E+003     0.37710910E+003
     0.15071787E+002     0.41012419E+003    -0.82298653E+003     0.30727253E+002
     0.15075321E+002     0.41022035E+003    -0.75224771E+003    -0.31873097E+003
     0.15078855E+002     0.41031651E+003    -0.53977706E+003    -0.60515109E+003
     0.15082389E+002     0.41041267E+003    -0.22574469E+003    -0.77429837E+003
     0.15085923E+002     0.41050883E+003     0.13046793E+003    -0.79412928E+003
     0.15089456E+002     0.41060499E+003     0.46155236E+003    -0.66085970E+003
     0.15092990E+002     0.41070115E+003     0.70481903E+003    -0.39914809E+003
     0.15096524E+002     0.41079731E+003     0.81351754E+003    -0.59359115E+002
     0.15100058E+002     0.41089347E+003     0.76802526E+003     0.29454681E+003
     0.15103592E+002     0.41098963E+003     0.57656182E+003     0.59579901E+003
     0.15107126E+002     0.41108579E+003     0.27524841E+003     0.78735801E+003
     0.15110659E+002     0.41118195E+003    -0.78990606E+002     0.83294139E+003
     0.15114193E+002     0.41127812E+003    -0.41921750E+003     0.72386041E+003
     0.15117727E+002     0.41137428E+003    -0.68116136E+003     0.48065275E+003
     0.15121261E+002     0.41147044E+003    -0.81539429E+003     0.14913481E+003
     0.15124795E+002     0.41156660E+003    -0.79671430E+003    -0.20841234E+003
     0.15128329E+002     0.41166276E+003    -0.62868875E+003    -0.52579306E+003
     0.15131862E+002     0.41175892E+003    -0.33820635E+003    -0.74743114E+003
     0.15135396E+002     0.41185508E+003     0.27416561E+002    -0.80633265E+003
     0.15138930E+002     0.41195124E+003     0.36519736E+003    -0.71508758E+003
     0.15142464E+002     0.41204740E+003     0.63920858E+003    -0.49185424E+003
     0.15145998E+002     0.41214356E+003     0.79399825E+003    -0.17224886E+003
     0.15149532E+002     0.41223972E+003     0.79868982E+003     0.18356205E+003
     0.15153065E+002     0.41233588E+003     0.65178577E+003     0.50811248E+003
     0.15156599E+002     0.41243204E+003     0.38082114E+003     0.73977992E+003
     0.15160133E+002     0.41252820E+003     0.36964302E+002     0.83455490E+003
     0.15163667E+002     0.41262436E+003    -0.31473777E+003     0.77435398E+003
     0.15167201E+002     0.41272052E+003    -0.60769775E+003     0.57045550E+003
     0.15170735E+002     0.41281668E+003    -0.78641136E+003     0.26137680E+003
     0.15174268E+002     0.41291284E+003    -0.81698376E+003    -0.94427671E+002
     0.15177802E+002     0.41300900E+003    -0.69355849E+003    -0.42961833E+003
     0.15181336E+002     0.41310516E+003    -0.43943341E+003    -0.68073705E+003
     0.15184870E+002     0.41320132E+003    -0.10266244E+003    -0.80021437E+003
     0.15188404E+002     0.41329748E+003     0.25304045E+003    -0.76538311E+003
     0.15191938E+002     0.41339364E+003     0.56035170E+003    -0.58278296E+003
     0.15195471E+002     0.41348981E+003     0.76108226E+003    -0.28692105E+003
     0.15199005E+002     0.41358597E+003     0.81720068E+003     0.66231265E+002
     0.15202539E+002     0.41368213E+003     0.71803549E+003     0.40984760E+003
     0.15206073E+002     0.41377829E+003     0.48231109E+003     0.67887462E+003
     0.15209607E+002     0.41387445E+003     0.15461196E+003     0.82236717E+003
     0.15213141E+002     0.41397061E+003    -0.20305946E+003     0.81312210E+003
     0.15216674E+002     0.41406677E+003    -0.52299601E+003     0.65284884E+003
     0.15220208E+002     0.41416293E+003    -0.74463061E+003     0.37184018E+003
     0.15223742E+002     0.41425909E+003    -0.82596772E+003     0.23261627E+002
     0.15227276E+002     0.41435525E+003    -0.75157789E+003    -0.32692271E+003
     0.15230810E+002     0.41445141E+003    -0.53548909E+003    -0.61241830E+003
     0.15234344E+002     0.41454757E+003    -0.21857306E+003    -0.77916304E+003
     0.15237877E+002     0.41464373E+003     0.13921320E+003    -0.79555746E+003
     0.15241411E+002     0.41473989E+003     0.47014898E+003    -0.65845274E+003
     0.15244945E+002     0.41483605E+003     0.71158384E+003    -0.39376092E+003
     0.15248479E+002     0.41493221E+003     0.81778769E+003    -0.51549953E+002
     0.15252013E+002     0.41502837E+003     0.76861980E+003     0.30341959E+003
     0.15255547E+002     0.41512453E+003     0.57334687E+003     0.60395543E+003
     0.15259080E+002     0.41522069E+003     0.26889356E+003     0.79315148E+003
     0.15262614E+002     0.41531685E+003    -0.87131627E+002     0.83516217E+003
     0.15266148E+002     0.41541301E+003    -0.42734946E+003     0.72199396E+003
     0.15269682E+002     0.41550917E+003    -0.68734414E+003     0.47502848E+003
     0.15273216E+002     0.41560533E+003    -0.81787797E+003     0.14098025E+003
     0.15276749E+002     0.41570149E+003    -0.79420119E+003    -0.21693820E+003
     0.15280283E+002     0.41579766E+003    -0.62074691E+003    -0.53097754E+003
     0.15283817E+002     0.41589382E+003    -0.33031213E+003    -0.74167182E+003
     0.15287351E+002     0.41598998E+003     0.22160412E+002    -0.80911133E+003
     0.15290885E+002     0.41608614E+003     0.36996770E+003    -0.72048633E+003
     0.15294419E+002     0.41618230E+003     0.64727256E+003    -0.49252773E+003
     0.15297952E+002     0.41627846E+003     0.80156566E+003    -0.16834237E+003
     0.15301486E+002     0.41637462E+003     0.80360512E+003     0.19073467E+003
     0.15305020E+002     0.41647078E+003     0.65296324E+003     0.51675153E+003
     0.15308554E+002     0.41656694E+003     0.37810230E+003     0.74799252E+003
     0.15312088E+002     0.41666310E+003     0.31011431E+002     0.84066750E+003
     0.15315622E+002     0.41675926E+003    -0.32265818E+003     0.77720364E+003
     0.15319155E+002     0.41685542E+003    -0.61599141E+003     0.56956064E+003
     0.15322689E+002     0.41695158E+003    -0.79351902E+003     0.25697799E+003
     0.15326223E+002     0.41704774E+003    -0.82168447E+003    -0.10152315E+003
     0.15329757E+002     0.41714390E+003    -0.69524818E+003    -0.43843476E+003
     0.15333291E+002     0.41724006E+003    -0.43757567E+003    -0.69135577E+003
     0.15336825E+002     0.41733622E+003    -0.91153723E+002    -0.80888833E+003
     0.15340358E+002     0.41743238E+003     0.26441339E+003    -0.76580639E+003
     0.15343892E+002     0.41752854E+003     0.57006806E+003    -0.57916391E+003
     0.15347426E+002     0.41762470E+003     0.76840261E+003    -0.28010774E+003
     0.15350960E+002     0.41772086E+003     0.82118169E+003     0.75189582E+002
     0.15354494E+002     0.41781702E+003     0.71808516E+003     0.41944693E+003
     0.15358028E+002     0.41791318E+003     0.47850821E+003     0.68747263E+003
     0.15361561E+002     0.41800934E+003     0.14769923E+003     0.82843913E+003
     0.15365095E+002     0.41810551E+003    -0.21173754E+003     0.81559921E+003
     0.15368629E+002     0.41820167E+003    -0.53177711E+003     0.65130234E+003
     0.15372163E+002     0.41829783E+003    -0.75179293E+003     0.36659923E+003
     0.15375697E+002     0.41839399E+003    -0.83010420E+003     0.15342249E+002
     0.15379231E+002     0.41849015E+003    -0.75182075E+003    -0.33598497E+003
     0.15382764E+002     0.41858631E+003    -0.53171614E+003    -0.62087187E+003
     0.15386298E+002     0.41868247E+003    -0.21140735E+003    -0.78535325E+003
     0.15389832E+002     0.41877863E+003     0.14849585E+003    -0.79825224E+003
     0.15393366E+002     0.41887479E+003     0.47986679E+003    -0.65707181E+003
     0.15396900E+002     0.41897095E+003     0.71996294E+003    -0.38849407E+003
     0.15400434E+002     0.41906711E+003     0.82329611E+003    -0.43324975E+002
     0.15403967E+002     0.41916327E+003     0.77026463E+003     0.31310747E+003
     0.15407501E+002     0.41925943E+003     0.57085914E+003     0.61332715E+003
     0.15411035E+002     0.41935559E+003     0.26278987E+003     0.80047371E+003
     0.15414569E+002     0.41945175E+003    -0.95647670E+002     0.83908242E+003
     0.15418103E+002     0.41954791E+003    -0.43660190E+003     0.72179551E+003
     0.15421637E+002     0.41964407E+003    -0.69550942E+003     0.47077609E+003
     0.15425170E+002     0.41974023E+003    -0.82332359E+003     0.13351148E+003
     0.15428704E+002     0.41983639E+003    -0.79580328E+003    -0.22616530E+003
     0.15432238E+002     0.41993255E+003    -0.61811170E+003    -0.54015914E+003
     0.15435772E+002     0.42002871E+003    -0.32384388E+003    -0.74900479E+003
     0.15439306E+002     0.42012487E+003     0.31320396E+002    -0.81312161E+003
     0.15442840E+002     0.42022103E+003     0.38015168E+003    -0.72032250E+003
     0.15446373E+002     0.42031719E+003     0.65659093E+003    -0.48812531E+003
     0.15449907E+002     0.42041336E+003     0.80826079E+003    -0.16046196E+003
     0.15453441E+002     0.42050952E+003     0.80636901E+003     0.20059026E+003
     0.15456975E+002     0.42060568E+003     0.65151995E+003     0.52670948E+003
     0.15460509E+002     0.42070184E+003     0.37262906E+003     0.75632894E+003
     0.15464043E+002     0.42079800E+003     0.22599895E+002     0.84571942E+003
     0.15467576E+002     0.42089416E+003    -0.33233162E+003     0.77800646E+003
     0.15471110E+002     0.42099032E+003    -0.62494189E+003     0.56590731E+003
     0.15474644E+002     0.42108648E+003    -0.79979120E+003     0.24956506E+003
     0.15478178E+002     0.42118264E+003    -0.82373593E+003    -0.11114907E+003
     0.15481712E+002     0.42127880E+003    -0.69218895E+003    -0.44793551E+003
     0.15485246E+002     0.42137496E+003    -0.43001361E+003    -0.69700948E+003
     0.15488779E+002     0.42147112E+003    -0.86815686E+002    -0.81116722E+003
     0.15492313E+002     0.42156728E+003     0.27243655E+003    -0.76874044E+003
     0.15495847E+002     0.42166344E+003     0.57969563E+003    -0.57768676E+003
     0.15499381E+002     0.42175960E+003     0.77666522E+003    -0.27411953E+003
     0.15502915E+002     0.42185576E+003     0.82566505E+003     0.84220029E+002
     0.15506448E+002     0.42195192E+003     0.71897942E+003     0.42885220E+003
     0.15509982E+002     0.42204808E+003     0.47542755E+003     0.69674964E+003
     0.15513516E+002     0.42214424E+003     0.14092206E+003     0.83551179E+003
     0.15517050E+002     0.42224040E+003    -0.22087263E+003     0.81897907E+003
     0.15520584E+002     0.42233656E+003    -0.54140841E+003     0.65029296E+003
     0.15524118E+002     0.42243272E+003    -0.75996408E+003     0.36139795E+003
     0.15527651E+002     0.42252888E+003    -0.83512839E+003     0.69778401E+001
     0.15531185E+002     0.42262504E+003    -0.75263542E+003    -0.34586101E+003
     0.15534719E+002     0.42272121E+003    -0.52805765E+003    -0.63030435E+003
     0.15538253E+002     0.42281737E+003    -0.20388831E+003    -0.79246232E+003
     0.15541787E+002     0.42291353E+003     0.15852034E+003    -0.80159941E+003
     0.15545321E+002     0.42300969E+003     0.49055077E+003    -0.65593453E+003
     0.15548854E+002     0.42310585E+003     0.72932764E+003    -0.38301144E+003
     0.15552388E+002     0.42320201E+003     0.82960890E+003    -0.34462246E+002
     0.15555922E+002     0.42329817E+003     0.77236464E+003     0.32373162E+003
     0.15559456E+002     0.42339433E+003     0.56838594E+003     0.62375306E+003
     0.15562990E+002     0.42349049E+003     0.25624938E+003     0.80876716E+003
     0.15566524E+002     0.42358665E+003    -0.10496658E+003     0.84370550E+003
     0.15570057E+002     0.42368281E+003    -0.44687830E+003     0.72190258E+003
     0.15573591E+002     0.42377897E+003    -0.70472561E+003     0.46637824E+003
     0.15577125E+002     0.42387513E+003    -0.82966006E+003     0.12547806E+003
     0.15580659E+002     0.42397129E+003    -0.79797439E+003    -0.23627165E+003
     0.15584193E+002     0.42406745E+003    -0.61562074E+003    -0.55036892E+003
     0.15587727E+002     0.42416361E+003    -0.31707844E+003    -0.75732402E+003
     0.15591260E+002     0.42425977E+003     0.41156444E+002    -0.81790403E+003
     0.15594794E+002     0.42435593E+003     0.39126932E+003    -0.72059375E+003
     0.15598328E+002     0.42445209E+003     0.66695602E+003    -0.48376295E+003
     0.15601862E+002     0.42454825E+003     0.81599045E+003    -0.15221534E+003
     0.15605396E+002     0.42464441E+003     0.81010721E+003     0.21129817E+003
     0.15608930E+002     0.42474057E+003     0.65037066E+003     0.53795287E+003
     0.15612463E+002     0.42483673E+003     0.36698035E+003     0.76587512E+003
     0.15615997E+002     0.42493289E+003     0.13561202E+002     0.85187460E+003
     0.15619531E+002     0.42502906E+003    -0.34297868E+003     0.77961541E+003
     0.15623065E+002     0.42512522E+003    -0.63512120E+003     0.56273312E+003
     0.15626599E+002     0.42522138E+003    -0.80751890E+003     0.24225041E+003
     0.15630133E+002     0.42531754E+003    -0.82748227E+003    -0.12117511E+003
     0.15633666E+002     0.42541370E+003    -0.69117815E+003    -0.45873281E+003
     0.15637200E+002     0.42550986E+003    -0.42435985E+003    -0.70649052E+003
     0.15640734E+002     0.42560602E+003    -0.77516592E+002    -0.81748433E+003
     0.15644268E+002     0.42570218E+003     0.28369654E+003    -0.77066389E+003
     0.15647802E+002     0.42579834E+003     0.59088659E+003    -0.57482478E+003
     0.15651336E+002     0.42589450E+003     0.78585183E+003    -0.26701213E+003
     0.15654869E+002     0.42599066E+003     0.83164114E+003     0.94525356E+002
     0.15658403E+002     0.42608682E+003     0.71952515E+003     0.44134219E+003
     0.15661937E+002     0.42618298E+003     0.47069043E+003     0.70775006E+003
     0.15665471E+002     0.42627914E+003     0.13219271E+003     0.84327867E+003
     0.15669005E+002     0.42637530E+003    -0.23186283E+003     0.82219271E+003
     0.15672539E+002     0.42647146E+003    -0.55257204E+003     0.64844714E+003
     0.15676072E+002     0.42656762E+003    -0.76912382E+003     0.35488072E+003
     0.15679606E+002     0.42666378E+003    -0.84052333E+003    -0.29370636E+001
     0.15683140E+002     0.42675994E+003    -0.75313746E+003    -0.35725147E+003
     0.15686674E+002     0.42685610E+003    -0.52351773E+003    -0.64097286E+003
     0.15690208E+002     0.42695226E+003    -0.19505438E+003    -0.80031147E+003
     0.15693742E+002     0.42704842E+003     0.17004886E+003    -0.80507788E+003
     0.15697275E+002     0.42714458E+003     0.50267062E+003    -0.65426434E+003
     0.15700809E+002     0.42724075E+003     0.73977808E+003    -0.37639973E+003
     0.15704343E+002     0.42733691E+003     0.83632054E+003    -0.24055028E+002
     0.15707877E+002     0.42743307E+003     0.77418000E+003     0.33559542E+003
     0.15711411E+002     0.42752923E+003     0.56531203E+003     0.63534956E+003
     0.15714944E+002     0.42762539E+003     0.24865750E+003     0.81794231E+003
     0.15718478E+002     0.42772155E+003    -0.11563503E+003     0.84870949E+003
     0.15722012E+002     0.42781771E+003    -0.45854975E+003     0.72179721E+003
     0.15725546E+002     0.42791387E+003    -0.71512458E+003     0.46119736E+003
     0.15729080E+002     0.42801003E+003    -0.83673549E+003     0.11623278E+003
     0.15732614E+002     0.42810619E+003    -0.80029515E+003    -0.24778934E+003
     0.15736147E+002     0.42820235E+003    -0.61265750E+003    -0.56192358E+003
     0.15739681E+002     0.42829851E+003    -0.30929823E+003    -0.76665581E+003
     0.15743215E+002     0.42839467E+003     0.52360370E+002    -0.82316695E+003
     0.15746749E+002     0.42849083E+003     0.40384904E+003    -0.72070188E+003
     0.15750283E+002     0.42858699E+003     0.67858945E+003    -0.47860426E+003
     0.15753817E+002     0.42868315E+003     0.82451925E+003    -0.14267856E+003
     0.15757350E+002     0.42877931E+003     0.81395234E+003     0.22349178E+003
     0.15760884E+002     0.42887547E+003     0.64883035E+003     0.55055907E+003
     0.15764418E+002     0.42897163E+003     0.36037450E+003     0.77656710E+003
     0.15767952E+002     0.42906779E+003     0.31704817E+001     0.85866685E+003
     0.15771486E+002     0.42916395E+003    -0.35514575E+003     0.78125513E+003
     0.15775020E+002     0.42926011E+003    -0.64670932E+003     0.55893462E+003
     0.15778553E+002     0.42935627E+003    -0.81625984E+003     0.23375492E+003
     0.15782087E+002     0.42945243E+003    -0.83163753E+003    -0.13272077E+003
     0.15785621E+002     0.42954860E+003    -0.68985911E+003    -0.47109848E+003
     0.15789155E+002     0.42964476E+003    -0.41772489E+003    -0.71725891E+003
     0.15792689E+002     0.42974092E+003    -0.66721947E+002    -0.82454752E+003
     0.15796223E+002     0.42983708E+003     0.29668983E+003    -0.77256939E+003
     0.15799756E+002     0.42993324E+003     0.60368392E+003    -0.57111215E+003
     0.15803290E+002     0.43002940E+003     0.79607253E+003    -0.25825012E+003
     0.15806824E+002     0.43012556E+003     0.83735508E+003     0.10678891E+003
     0.15810358E+002     0.43022172E+003     0.71960618E+003     0.45488508E+003
     0.15813892E+002     0.43031788E+003     0.46504107E+003     0.72004390E+003
     0.15817426E+002     0.43041404E+003     0.12174682E+003     0.85190680E+003
     0.15820959E+002     0.43051020E+003    -0.24526342E+003     0.82508851E+003
     0.15824493E+002     0.43060636E+003    -0.56498286E+003     0.64362621E+003
     0.15828027E+002     0.43070252E+003    -0.77713738E+003     0.34777211E+003
     0.15831561E+002     0.43079868E+003    -0.84577097E+003    -0.13034953E+002
     0.15835095E+002     0.43089484E+003    -0.75363987E+003    -0.36911659E+003
     0.15838629E+002     0.43099100E+003    -0.51872785E+003    -0.65225126E+003
     0.15842162E+002     0.43108716E+003    -0.18566209E+003    -0.80872643E+003
     0.15845696E+002     0.43118332E+003     0.18238739E+003    -0.80883546E+003
     0.15849230E+002     0.43127948E+003     0.51568969E+003    -0.65255447E+003
     0.15852764E+002     0.43137564E+003     0.75108285E+003    -0.36942543E+003
     0.15856298E+002     0.43147180E+003     0.84393243E+003    -0.13045233E+002
     0.15859832E+002     0.43156796E+003     0.77658766E+003     0.34909521E+003
     0.15863365E+002     0.43166412E+003     0.56175281E+003     0.64839087E+003
     0.15866899E+002     0.43176028E+003     0.24006547E+003     0.82812107E+003
     0.15870433E+002     0.43185645E+003    -0.12757379E+003     0.85418885E+003
     0.15873967E+002     0.43195261E+003    -0.47153685E+003     0.72159018E+003
     0.15877501E+002     0.43204877E+003    -0.72664092E+003     0.45540373E+003
     0.15881035E+002     0.43214493E+003    -0.84457047E+003     0.10598604E+003
     0.15884568E+002     0.43224109E+003    -0.80287906E+003    -0.26054340E+003
     0.15888102E+002     0.43233725E+003    -0.60938111E+003    -0.57470881E+003
     0.15891636E+002     0.43243341E+003    -0.30070574E+003    -0.77695732E+003
     0.15895170E+002     0.43252957E+003     0.64725382E+002    -0.82895723E+003
     0.15898704E+002     0.43262573E+003     0.41771634E+003    -0.72078748E+003
     0.15902238E+002     0.43272189E+003     0.69139322E+003    -0.47287916E+003
     0.15905771E+002     0.43281805E+003     0.83389042E+003    -0.13212028E+003
     0.15909305E+002     0.43291421E+003     0.81814236E+003     0.23697470E+003
     0.15912839E+002     0.43301037E+003     0.64707473E+003     0.56448948E+003
     0.15916373E+002     0.43310653E+003     0.35303359E+003     0.78837271E+003
     0.15919907E+002     0.43320269E+003    -0.83378168E+001     0.86617048E+003
     0.15923440E+002     0.43329885E+003    -0.36860681E+003     0.78307955E+003
     0.15926974E+002     0.43339501E+003    -0.65952414E+003     0.55477401E+003
     0.15930508E+002     0.43349117E+003    -0.82595115E+003     0.22443275E+003
     0.15934042E+002     0.43358733E+003    -0.83627013E+003    -0.14539615E+003
     0.15937576E+002     0.43368349E+003    -0.68849682E+003    -0.48465216E+003
     0.15941110E+002     0.43377965E+003    -0.41054576E+003    -0.72906907E+003
     0.15944643E+002     0.43387581E+003    -0.55012606E+002    -0.83229679E+003
     0.15948177E+002     0.43397197E+003     0.31078388E+003    -0.77471672E+003
     0.15951711E+002     0.43406813E+003     0.61755168E+003    -0.56716214E+003
     0.15955245E+002     0.43416430E+003     0.80714810E+003    -0.24888960E+003
     0.15958779E+002     0.43426046E+003     0.84360812E+003     0.11986096E+003
     0.15962313E+002     0.43435662E+003     0.71994996E+003     0.46924854E+003
     0.15965846E+002     0.43445278E+003     0.45954442E+003     0.73307884E+003
     0.15969380E+002     0.43454894E+003     0.11164928E+003     0.86133747E+003
     0.15972914E+002     0.43464510E+003    -0.25785668E+003     0.82965474E+003
     0.15976448E+002     0.43474126E+003    -0.57897584E+003     0.64397356E+003
     0.15979982E+002     0.43483742E+003    -0.79085344E+003     0.33940054E+003
     0.15983516E+002     0.43493358E+003    -0.85329724E+003    -0.26415436E+002
     0.15987049E+002     0.43502974E+003    -0.75440571E+003    -0.38419365E+003
     0.15990583E+002     0.43512590E+003    -0.51284248E+003    -0.66614563E+003
     0.15994117E+002     0.43522206E+003    -0.17430637E+003    -0.81881900E+003
     0.15997651E+002     0.43531822E+003     0.19711176E+003    -0.81322754E+003
     0.16001185E+002     0.43541438E+003     0.53105979E+003    -0.65035993E+003
     0.16004719E+002     0.43551054E+003     0.76426094E+003    -0.36097255E+003
     0.16008252E+002     0.43560670E+003     0.85243319E+003     0.10869637E+000
     0.16011786E+002     0.43570286E+003     0.77891943E+003     0.36454165E+003
     0.16015320E+002     0.43579902E+003     0.55750945E+003     0.66335083E+003
     0.16018854E+002     0.43589518E+003     0.22995094E+003     0.83981838E+003
     0.16022388E+002     0.43599134E+003    -0.14146733E+003     0.86032232E+003
     0.16025922E+002     0.43608750E+003    -0.48655176E+003     0.72126448E+003
     0.16029455E+002     0.43618366E+003    -0.74002306E+003     0.44859126E+003
     0.16032989E+002     0.43627982E+003    -0.85357761E+003     0.94006772E+002
     0.16036523E+002     0.43637598E+003    -0.80576622E+003    -0.27529609E+003
     0.16040057E+002     0.43647215E+003    -0.60555413E+003    -0.58940180E+003
     0.16043591E+002     0.43656831E+003    -0.29078888E+003    -0.78875470E+003
     0.16047125E+002     0.43666447E+003     0.78935655E+002    -0.83552439E+003
     0.16050658E+002     0.43676063E+003     0.43360204E+003    -0.72078200E+003
     0.16054192E+002     0.43685679E+003     0.70600096E+003    -0.46618613E+003
     0.16057726E+002     0.43695295E+003     0.84448952E+003    -0.11990730E+003
     0.16061260E+002     0.43704911E+003     0.82275936E+003     0.25249442E+003
     0.16064794E+002     0.43714527E+003     0.64485058E+003     0.58047375E+003
     0.16068328E+002     0.43724143E+003     0.34439017E+003     0.80186555E+003
     0.16071861E+002     0.43733759E+003    -0.21759753E+002     0.87465972E+003
     0.16075395E+002     0.43743375E+003    -0.38424992E+003     0.78492395E+003
     0.16078929E+002     0.43752991E+003    -0.67406860E+003     0.54971841E+003
     0.16082463E+002     0.43762607E+003    -0.83694184E+003     0.21379179E+003
     0.16085997E+002     0.43772223E+003    -0.84169297E+003    -0.15994539E+003
     0.16089531E+002     0.43781839E+003    -0.68697278E+003    -0.50040126E+003
     0.16093064E+002     0.43791455E+003    -0.40217778E+003    -0.74271078E+003
     0.16096598E+002     0.43801071E+003    -0.41428597E+002    -0.84116270E+003
     0.16100132E+002     0.43810687E+003     0.32707132E+003    -0.77704796E+003
     0.16103666E+002     0.43820303E+003     0.63351754E+003    -0.56242265E+003
     0.16107200E+002     0.43829919E+003     0.81981848E+003    -0.23786326E+003
     0.16110734E+002     0.43839535E+003     0.85061008E+003     0.13518660E+003
     0.16114267E+002     0.43849151E+003     0.71998240E+003     0.48607279E+003
     0.16117801E+002     0.43858767E+003     0.45260208E+003     0.74829342E+003
     0.16121335E+002     0.43868384E+003     0.99067803E+002     0.87212110E+003
     0.16124869E+002     0.43878000E+003    -0.27367373E+003     0.83401883E+003
     0.16128403E+002     0.43887616E+003    -0.59499801E+003     0.64112628E+003
     0.16131936E+002     0.43897232E+003    -0.80397978E+003     0.32992191E+003
     0.16135470E+002     0.43906848E+003    -0.86099484E+003    -0.40666820E+002
     0.16139004E+002     0.43916464E+003    -0.75513174E+003    -0.40049120E+003
     0.16142538E+002     0.43926080E+003    -0.50636165E+003    -0.68132615E+003
     0.16146072E+002     0.43935696E+003    -0.16175612E+003    -0.82991348E+003
     0.16149606E+002     0.43945312E+003     0.21343146E+003    -0.81802622E+003
     0.16153139E+002     0.43954928E+003     0.54812098E+003    -0.64783279E+003
     0.16156673E+002     0.43964544E+003     0.77886879E+003    -0.35150098E+003
     0.16160207E+002     0.43974160E+003     0.86189539E+003     0.14881931E+002
     0.16163741E+002     0.43983776E+003     0.78139491E+003     0.38192805E+003
     0.16167275E+002     0.43993392E+003     0.55252925E+003     0.68008433E+003
     0.16170809E+002     0.44003008E+003     0.21859400E+003     0.85281108E+003
     0.16174342E+002     0.44012624E+003    -0.15718257E+003     0.86731134E+003
     0.16177876E+002     0.44022240E+003    -0.50360821E+003     0.72075497E+003
     0.16181410E+002     0.44031856E+003    -0.75501480E+003     0.44083429E+003
     0.16184944E+002     0.44041472E+003    -0.86370892E+003     0.80531147E+002
     0.16188478E+002     0.44051088E+003    -0.80902157E+003    -0.29190980E+003
     0.16192012E+002     0.44060704E+003    -0.60124657E+003    -0.60591230E+003
     0.16195545E+002     0.44070320E+003    -0.27973575E+003    -0.80201154E+003
     0.16199079E+002     0.44079936E+003     0.94950124E+002    -0.84298527E+003
     0.16202613E+002     0.44089552E+003     0.45152915E+003    -0.72075076E+003
     0.16206147E+002     0.44099169E+003     0.72246357E+003    -0.45857432E+003
     0.16209681E+002     0.44108785E+003     0.85639378E+003    -0.10604563E+003
     0.16213215E+002     0.44118401E+003     0.82786851E+003     0.27008346E+003
     0.16216748E+002     0.44128017E+003     0.64220614E+003     0.59855018E+003
     0.16220282E+002     0.44137633E+003     0.33450901E+003     0.81708233E+003
     0.16223816E+002     0.44147249E+003    -0.36978780E+002     0.88420823E+003
     0.16227350E+002     0.44156865E+003    -0.40188774E+003     0.78712297E+003
     0.16230884E+002     0.44166481E+003    -0.69105881E+003     0.54413610E+003
     0.16234418E+002     0.44176097E+003    -0.84964103E+003     0.20121665E+003
     0.16237951E+002     0.44185713E+003    -0.84750669E+003    -0.17669633E+003
     0.16241485E+002     0.44195329E+003    -0.68496495E+003    -0.51800303E+003
     0.16245019E+002     0.44204945E+003    -0.39271360E+003    -0.75798022E+003
     0.16248553E+002     0.44214561E+003    -0.26137477E+002    -0.85106042E+003
     0.16252087E+002     0.44224177E+003     0.34538202E+003    -0.77965945E+003
     0.16255621E+002     0.44233793E+003     0.65156092E+003    -0.55699904E+003
     0.16259154E+002     0.44243409E+003     0.83405950E+003    -0.22531685E+003
     0.16262688E+002     0.44253025E+003     0.85842722E+003     0.15258581E+003
     0.16266222E+002     0.44262641E+003     0.71988601E+003     0.50514445E+003
     0.16269756E+002     0.44272257E+003     0.44461929E+003     0.76551320E+003
     0.16273290E+002     0.44281873E+003     0.84704646E+002     0.88431080E+003
     0.16276824E+002     0.44291489E+003    -0.29169251E+003     0.83892457E+003
     0.16280357E+002     0.44301105E+003    -0.61324346E+003     0.63784838E+003
     0.16283891E+002     0.44310721E+003    -0.81893420E+003     0.31911508E+003
     0.16287425E+002     0.44320337E+003    -0.86974084E+003    -0.56905509E+002
     0.16290959E+002     0.44329954E+003    -0.75594656E+003    -0.41901491E+003
     0.16294493E+002     0.44339570E+003    -0.49898632E+003    -0.69855025E+003
     0.16298027E+002     0.44349186E+003    -0.14750122E+003    -0.84246314E+003
     0.16301560E+002     0.44358802E+003     0.23194097E+003    -0.82340505E+003
     0.16305094E+002     0.44368418E+003     0.56744618E+003    -0.64488918E+003
     0.16308628E+002     0.44378034E+003     0.79538894E+003    -0.34064760E+003
     0.16312162E+002     0.44387650E+003     0.87249962E+003     0.31721049E+002
     0.16315696E+002     0.44397266E+003     0.78408044E+003     0.40168438E+003
     0.16319230E+002     0.44406882E+003     0.54677899E+003     0.69912466E+003
     0.16322763E+002     0.44416498E+003     0.20549266E+003     0.86759882E+003
     0.16326297E+002     0.44426114E+003    -0.17515120E+003     0.87512099E+003
     0.16329831E+002     0.44435730E+003    -0.52302888E+003     0.72014989E+003
     0.16333365E+002     0.44445346E+003    -0.77217431E+003     0.43196609E+003
     0.16336899E+002     0.44454962E+003    -0.87529252E+003     0.65113071E+002
     0.16340432E+002     0.44464578E+003    -0.81275149E+003    -0.31090427E+003
     0.16343966E+002     0.44474194E+003    -0.59629218E+003    -0.62482501E+003
     0.16347500E+002     0.44483810E+003    -0.26686264E+003    -0.81708620E+003
     0.16351034E+002     0.44493426E+003     0.11316495E+003    -0.85118087E+003
     0.16354568E+002     0.44503042E+003     0.47179505E+003    -0.72053375E+003
     0.16358102E+002     0.44512658E+003     0.74102176E+003    -0.44980418E+003
     0.16361635E+002     0.44522274E+003     0.86975707E+003    -0.90223520E+002
     0.16365169E+002     0.44531890E+003     0.83350682E+003     0.29010461E+003
     0.16368703E+002     0.44541506E+003     0.63903689E+003     0.61909853E+003
     0.16372237E+002     0.44551122E+003     0.32310275E+003     0.83435685E+003
     0.16375771E+002     0.44560739E+003    -0.54447054E+002     0.89497382E+003
     0.16379305E+002     0.44570355E+003    -0.42207041E+003     0.78943561E+003
     0.16382838E+002     0.44579971E+003    -0.71017050E+003     0.53768318E+003
     0.16386372E+002     0.44589587E+003    -0.86413421E+003     0.18703288E+003
     0.16389906E+002     0.44599203E+003    -0.85418327E+003    -0.19575218E+003
     0.16393440E+002     0.44608819E+003    -0.68271786E+003    -0.53809126E+003
     0.16396974E+002     0.44618435E+003    -0.38200432E+003    -0.77533137E+003
     0.16400508E+002     0.44628051E+003    -0.86685093E+001    -0.86244600E+003
     0.16404041E+002     0.44637667E+003     0.36639085E+003    -0.78244798E+003
     0.16407575E+002     0.44647283E+003     0.67193294E+003    -0.55068236E+003
     0.16411109E+002     0.44656899E+003     0.85018402E+003    -0.21093806E+003
     0.16414643E+002     0.44666515E+003     0.86717156E+003     0.17247163E+003
     0.16418177E+002     0.44676131E+003     0.71961546E+003     0.52690160E+003
     0.16421711E+002     0.44685747E+003     0.43534194E+003     0.78511747E+003
     0.16425244E+002     0.44695363E+003     0.68176513E+002     0.89813678E+003
     0.16428778E+002     0.44704979E+003    -0.31234312E+003     0.84439426E+003
     0.16432312E+002     0.44714595E+003    -0.63407703E+003     0.63400425E+003
     0.16435846E+002     0.44724211E+003    -0.83597798E+003     0.30671750E+003
     0.16439380E+002     0.44733827E+003    -0.87969827E+003    -0.75466168E+002
     0.16442914E+002     0.44743443E+003    -0.75682168E+003    -0.44013747E+003
     0.16446447E+002     0.44753059E+003    -0.49055092E+003    -0.71813524E+003
     0.16449981E+002     0.44762675E+003    -0.13124926E+003    -0.85669975E+003
     0.16453515E+002     0.44772291E+003     0.25302240E+003    -0.82944599E+003
     0.16457049E+002     0.44781907E+003     0.58941347E+003    -0.64142223E+003
     0.16460583E+002     0.44791524E+003     0.81411774E+003    -0.32817692E+003
     0.16464117E+002     0.44801140E+003     0.88445623E+003     0.50997745E+002
     0.16467650E+002     0.44810756E+003     0.78698208E+003     0.42426008E+003
     0.16471184E+002     0.44820372E+003     0.54005542E+003     0.72083111E+003
     0.16474718E+002     0.44829988E+003     0.19039676E+003     0.88443100E+003
     0.16478252E+002     0.44839604E+003    -0.19577554E+003     0.88394736E+003
     0.16481786E+002     0.44849220E+003    -0.54526174E+003     0.71935879E+003
     0.16485320E+002     0.44858836E+003    -0.79177308E+003     0.42175403E+003
     0.16488853E+002     0.44868452E+003    -0.88848818E+003     0.47468944E+002
     0.16492387E+002     0.44878068E+003    -0.81695931E+003    -0.33257763E+003
     0.16495921E+002     0.44887684E+003    -0.59062953E+003    -0.64632480E+003
     0.16499455E+002     0.44897300E+003    -0.25229932E+003    -0.83423201E+003
     0.16502989E+002     0.44906916E+003     0.13396202E+003    -0.86056074E+003
     0.16506523E+002     0.44916532E+003     0.49492936E+003    -0.72023408E+003
     0.16510056E+002     0.44926148E+003     0.76218552E+003    -0.43969696E+003
     0.16513590E+002     0.44935764E+003     0.88493349E+003    -0.72042706E+002
     0.16517124E+002     0.44945380E+003     0.83981208E+003     0.31305773E+003
     0.16520658E+002     0.44954996E+003     0.63525708E+003     0.64261117E+003
     0.16524192E+002     0.44964612E+003     0.30992988E+003     0.85407812E+003
     0.16527726E+002     0.44974228E+003    -0.74545971E+002     0.90729324E+003
     0.16531259E+002     0.44983844E+003    -0.44535001E+003     0.79203287E+003
     0.16534793E+002     0.44993460E+003    -0.73211548E+003     0.53002048E+003
     0.16538327E+002     0.45003076E+003    -0.88041393E+003     0.17085529E+003
     0.16541861E+002     0.45012692E+003    -0.86201366E+003    -0.21743634E+003
     0.16545395E+002     0.45022309E+003    -0.68028060E+003    -0.56123338E+003
     0.16548928E+002     0.45031925E+003    -0.36954908E+003    -0.79530521E+003
     0.16552462E+002     0.45041541E+003     0.11345965E+002    -0.87517474E+003
     0.16555996E+002     0.45051157E+003     0.39022969E+003    -0.78557639E+003
     0.16559530E+002     0.45060773E+003     0.69523826E+003    -0.54337351E+003
     0.16563064E+002     0.45070389E+003     0.86846741E+003    -0.19440023E+003
     0.16566598E+002     0.45080005E+003     0.87707517E+003     0.19513599E+003
     0.16570131E+002     0.45089621E+003     0.71934173E+003     0.55190609E+003
     0.16573665E+002     0.45099237E+003     0.42456069E+003     0.80775629E+003
     0.16577199E+002     0.45108853E+003     0.48974960E+002     0.91398828E+003
     0.16580733E+002     0.45118469E+003    -0.33615419E+003     0.85057053E+003
     0.16584267E+002     0.45128085E+003    -0.65804245E+003     0.62949373E+003
     0.16587801E+002     0.45137701E+003    -0.85555869E+003     0.29242207E+003
     0.16591334E+002     0.45147317E+003    -0.89110921E+003    -0.96807031E+002
     0.16594868E+002     0.45156933E+003    -0.75781840E+003    -0.46438473E+003
     0.16598402E+002     0.45166549E+003    -0.48083777E+003    -0.74059529E+003
     0.16601936E+002     0.45176165E+003    -0.11257005E+003    -0.87296490E+003
     0.16605470E+002     0.45185781E+003     0.27720196E+003    -0.83626759E+003
     0.16609004E+002     0.45195397E+003     0.61457538E+003    -0.63732876E+003
     0.16612537E+002     0.45205013E+003     0.83552501E+003    -0.31374059E+003
     0.16616071E+002     0.45214629E+003     0.89804550E+003     0.73229965E+002
     0.16619605E+002     0.45224245E+003     0.79014257E+003     0.45025475E+003
     0.16623139E+002     0.45233861E+003     0.53213848E+003     0.74576552E+003
     0.16626673E+002     0.45243478E+003     0.17289568E+003     0.90371594E+003
     0.16630207E+002     0.45253094E+003    -0.21959885E+003     0.89401681E+003
     0.16633740E+002     0.45262710E+003    -0.57089043E+003     0.71835530E+003
     0.16637274E+002     0.45272326E+003    -0.81432197E+003     0.40993630E+003
     0.16640808E+002     0.45281942E+003    -0.90364403E+003     0.27138184E+002
     0.16644342E+002     0.45291558E+003    -0.82178106E+003    -0.35748856E+003
     0.16647876E+002     0.45301174E+003    -0.58412653E+003    -0.67102180E+003
     0.16651410E+002     0.45310790E+003    -0.23550938E+003    -0.85392576E+003
     0.16654943E+002     0.45320406E+003     0.15789733E+003    -0.87125943E+003
     0.16658477E+002     0.45330022E+003     0.52152249E+003    -0.71974019E+003
     0.16662011E+002     0.45339638E+003     0.78644011E+003    -0.42793857E+003
     0.16665545E+002     0.45349254E+003     0.90227731E+003    -0.51003534E+002
     0.16669079E+002     0.45358870E+003     0.84689787E+003     0.33957000E+003
     0.16672613E+002     0.45368486E+003     0.63070632E+003     0.66971888E+003
     0.16676146E+002     0.45378102E+003     0.29456018E+003     0.87678151E+003
     0.16679680E+002     0.45387718E+003    -0.97881989E+002     0.92136635E+003
     0.16683214E+002     0.45397334E+003    -0.47222087E+003     0.79487748E+003
     0.16686748E+002     0.45406950E+003    -0.75740227E+003     0.52117323E+003
     0.16690282E+002     0.45416566E+003    -0.89928119E+003     0.15210169E+003
     0.16693816E+002     0.45426182E+003    -0.87093906E+003    -0.24252545E+003
     0.16697349E+002     0.45435798E+003    -0.67732030E+003    -0.58783230E+003
     0.16700883E+002     0.45445414E+003    -0.35521957E+003    -0.81816643E+003
     0.16704417E+002     0.45455030E+003     0.34423736E+002    -0.88983669E+003
     0.16707951E+002     0.45464646E+003     0.41775623E+003    -0.78903601E+003
     0.16711485E+002     0.45474263E+003     0.72204856E+003    -0.53485528E+003
     0.16715019E+002     0.45483879E+003     0.88960976E+003    -0.17509763E+003
     0.16718552E+002     0.45493495E+003     0.88825839E+003     0.22180502E+003
     0.16722086E+002     0.45503111E+003     0.71839539E+003     0.58066836E+003
     0.16725620E+002     0.45512727E+003     0.41193831E+003     0.83347975E+003
     0.16729154E+002     0.45522343E+003     0.26917432E+002     0.93209873E+003
     0.16732688E+002     0.45531959E+003    -0.36368080E+003     0.85768694E+003
     0.16736222E+002     0.45541575E+003    -0.68575079E+003     0.62420767E+003
     0.16739755E+002     0.45551191E+003    -0.87811741E+003     0.27582171E+003
     0.16743289E+002     0.45560807E+003    -0.90415179E+003    -0.12143873E+003
     0.16746823E+002     0.45570423E+003    -0.75884758E+003    -0.49219742E+003
     0.16750357E+002     0.45580039E+003    -0.46982521E+003    -0.76604100E+003
     0.16753891E+002     0.45589655E+003    -0.94327426E+002    -0.89213653E+003
     0.16757425E+002     0.45599271E+003     0.31674296E+003    -0.85208842E+003
     0.16760958E+002     0.45608887E+003     0.63315590E+003    -0.61019617E+003
     0.16764492E+002     0.45618503E+003     0.85351920E+003    -0.31796719E+003
     0.16768026E+002     0.45628119E+003     0.93164654E+003     0.10379681E+003
     0.16771560E+002     0.45637735E+003     0.78472076E+003     0.48539219E+003
     0.16775094E+002     0.45647351E+003     0.52156480E+003     0.77031181E+003
     0.16778627E+002     0.45656967E+003     0.15348675E+003     0.92614220E+003
     0.16782161E+002     0.45666583E+003    -0.24726100E+003     0.90578473E+003
     0.16785695E+002     0.45676199E+003    -0.60070081E+003     0.71715129E+003
     0.16789229E+002     0.45685815E+003    -0.84052087E+003     0.39615338E+003
     0.16792763E+002     0.45695431E+003    -0.92119486E+003     0.35065809E+001
     0.16796297E+002     0.45705048E+003    -0.82728789E+003    -0.38638425E+003
     0.16799830E+002     0.45714664E+003    -0.57643348E+003    -0.69953688E+003
     0.16803364E+002     0.45724280E+003    -0.21607946E+003    -0.87645802E+003
     0.16806898E+002     0.45733896E+003     0.18551016E+003    -0.88343379E+003
     0.16810432E+002     0.45743512E+003     0.55217208E+003    -0.71897126E+003
     0.16813966E+002     0.45753128E+003     0.81429616E+003    -0.41409898E+003
     0.16817500E+002     0.45762744E+003     0.92203987E+003    -0.26527897E+002
     0.16821033E+002     0.45772360E+003     0.85479704E+003     0.37028981E+003
     0.16824567E+002     0.45781976E+003     0.62515719E+003     0.70105738E+003
     0.16828101E+002     0.45791592E+003     0.27652727E+003     0.90295370E+003
     0.16831635E+002     0.45801208E+003    -0.12505033E+003     0.93753515E+003
     0.16835169E+002     0.45810824E+003    -0.50344919E+003     0.79804342E+003
     0.16838703E+002     0.45820440E+003    -0.78674727E+003     0.51082332E+003
     0.16842236E+002     0.45830056E+003    -0.92120464E+003     0.13022636E+003
     0.16845770E+002     0.45839672E+003    -0.88107783E+003    -0.27165918E+003
     0.16849304E+002     0.45849288E+003    -0.67380999E+003    -0.61853193E+003
     0.16852838E+002     0.45858904E+003    -0.33857024E+003    -0.84452393E+003
     0.16856372E+002     0.45868520E+003     0.61153933E+002    -0.90660706E+003
     0.16859906E+002     0.45878136E+003     0.44957239E+003    -0.79283184E+003
     0.16863439E+002     0.45887752E+003     0.75295631E+003    -0.52458874E+003
     0.16866973E+002     0.45897368E+003     0.91363022E+003    -0.15263072E+003
     0.16870507E+002     0.45906984E+003     0.90095055E+003     0.25256125E+003
     0.16874041E+002     0.45916600E+003     0.71715917E+003     0.61411679E+003
     0.16877575E+002     0.45926216E+003     0.39695234E+003     0.86339590E+003
     0.16881109E+002     0.45935833E+003     0.94060942E+000     0.95296914E+003
     0.16884642E+002     0.45945449E+003    -0.39578279E+003     0.86567242E+003
     0.16888176E+002     0.45955065E+003    -0.71794560E+003     0.61786946E+003
     0.16891710E+002     0.45964681E+003    -0.90429259E+003     0.25642822E+003
     0.16895244E+002     0.45974297E+003    -0.91932183E+003    -0.15015331E+003
     0.16898778E+002     0.45983913E+003    -0.75999691E+003    -0.52476956E+003
     0.16902312E+002     0.45993529E+003    -0.45634926E+003    -0.79627993E+003
     0.16905845E+002     0.46003145E+003    -0.65846156E+002    -0.91298523E+003
     0.16909379E+002     0.46012761E+003     0.33742347E+003    -0.85259386E+003
     0.16912913E+002     0.46022377E+003     0.67697270E+003    -0.62637993E+003
     0.16916447E+002     0.46031993E+003     0.88827847E+003    -0.27708936E+003
     0.16919981E+002     0.46041609E+003     0.93109109E+003     0.12912540E+003
     0.16923515E+002     0.46051225E+003     0.79709332E+003     0.51522341E+003
     0.16927048E+002     0.46060841E+003     0.51152417E+003     0.80789641E+003
     0.16930582E+002     0.46070457E+003     0.12842477E+003     0.95148987E+003
     0.16934116E+002     0.46080073E+003    -0.27959307E+003     0.91858720E+003
     0.16937650E+002     0.46089689E+003    -0.63512245E+003     0.71522020E+003
     0.16941184E+002     0.46099305E+003    -0.87048525E+003     0.37984750E+003
     0.16944718E+002     0.46108921E+003    -0.94113791E+003    -0.23951978E+002
     0.16948251E+002     0.46118537E+003    -0.83327490E+003    -0.41979407E+003
     0.16951785E+002     0.46128153E+003    -0.56718089E+003    -0.73231757E+003
     0.16955319E+002     0.46137769E+003    -0.19328142E+003    -0.90217578E+003
     0.16958853E+002     0.46147385E+003     0.21759997E+003    -0.89695209E+003
     0.16962387E+002     0.46157001E+003     0.58746218E+003    -0.71744441E+003
     0.16965921E+002     0.46166618E+003     0.84606771E+003    -0.39757732E+003
     0.16969454E+002     0.46176234E+003     0.94424678E+003     0.20996345E+001
     0.16972988E+002     0.46185850E+003     0.86314748E+003     0.40583490E+003
     0.16976522E+002     0.46195466E+003     0.61798033E+003     0.73693653E+003
     0.16980056E+002     0.46205082E+003     0.25514885E+003     0.93249778E+003
     0.16983590E+002     0.46214698E+003    -0.15657828E+003     0.95526562E+003
     0.16987123E+002     0.46224314E+003    -0.53903373E+003     0.80082318E+003
     0.16990657E+002     0.46233930E+003    -0.82009477E+003     0.49817103E+003
     0.16994191E+002     0.46243546E+003    -0.94483592E+003     0.10445355E+003
     0.16997725E+002     0.46253162E+003    -0.89103300E+003    -0.30440651E+003
     0.17001259E+002     0.46262778E+003    -0.66849234E+003    -0.65224467E+003
     0.17004793E+002     0.46272394E+003    -0.31890902E+003    -0.87213194E+003
     0.17008326E+002     0.46282010E+003     0.90654987E+002    -0.92239889E+003
     0.17011860E+002     0.46291626E+003     0.48207907E+003    -0.79336494E+003
     0.17015394E+002     0.46301242E+003     0.77806335E+003    -0.51299418E+003
     0.17018928E+002     0.46310858E+003     0.93338014E+003    -0.14276616E+003
     0.17022462E+002     0.46320474E+003     0.92922873E+003     0.28159892E+003
     0.17025996E+002     0.46330090E+003     0.72321832E+003     0.65518765E+003
     0.17029529E+002     0.46339706E+003     0.38398481E+003     0.90097589E+003
     0.17033063E+002     0.46349322E+003    -0.24426343E+002     0.98296910E+003
     0.17036597E+002     0.46358938E+003    -0.43473889E+003     0.88270667E+003
     0.17040131E+002     0.46368554E+003    -0.76029798E+003     0.61393682E+003
     0.17043665E+002     0.46378170E+003    -0.93947335E+003     0.23422949E+003
     0.17047199E+002     0.46387786E+003    -0.94065059E+003    -0.18513058E+003
     0.17050732E+002     0.46397403E+003    -0.76396894E+003    -0.56532398E+003
     0.17054266E+002     0.46407019E+003    -0.44066286E+003    -0.83633333E+003
     0.17057800E+002     0.46416635E+003    -0.34353538E+002    -0.93713435E+003
     0.17061334E+002     0.46426251E+003     0.37426680E+003    -0.86462873E+003
     0.17064868E+002     0.46435867E+003     0.71895094E+003    -0.62199258E+003
     0.17068402E+002     0.46445483E+003     0.92442039E+003    -0.25365896E+003
     0.17071935E+002     0.46455099E+003     0.95373195E+003     0.16596327E+003
     0.17075469E+002     0.46464715E+003     0.80192526E+003     0.55842709E+003
     0.17079003E+002     0.46474331E+003     0.49594741E+003     0.84717868E+003
     0.17082537E+002     0.46483947E+003     0.10953995E+003     0.98019101E+003
     0.17086071E+002     0.46493563E+003    -0.32409321E+003     0.94550623E+003
     0.17089605E+002     0.46503179E+003    -0.68243163E+003     0.70916171E+003
     0.17093138E+002     0.46512795E+003    -0.90470543E+003     0.36029089E+003
     0.17096672E+002     0.46522411E+003    -0.96620679E+003    -0.56044057E+002
     0.17100206E+002     0.46532027E+003    -0.84213594E+003    -0.46013654E+003
     0.17103740E+002     0.46541643E+003    -0.55740704E+003    -0.77293813E+003
     0.17107274E+002     0.46551259E+003    -0.16638006E+003    -0.93488838E+003
     0.17110808E+002     0.46560875E+003     0.25666848E+003    -0.91506418E+003
     0.17114341E+002     0.46570491E+003     0.63132361E+003    -0.71699363E+003
     0.17117875E+002     0.46580107E+003     0.88620952E+003    -0.37813386E+003
     0.17121409E+002     0.46589723E+003     0.97257027E+003     0.37082622E+002
     0.17124943E+002     0.46599339E+003     0.87400960E+003     0.44818141E+003
     0.17128477E+002     0.46608955E+003     0.61388989E+003     0.78168056E+003
     0.17132011E+002     0.46618572E+003     0.23220580E+003     0.97532164E+003
     0.17135544E+002     0.46628188E+003    -0.21568784E+003     0.99112136E+003
     0.17139078E+002     0.46637804E+003    -0.56454483E+003     0.76170562E+003
     0.17142612E+002     0.46647420E+003    -0.84920697E+003     0.52065647E+003
     0.17146146E+002     0.46657036E+003    -0.10028821E+004     0.77056362E+002
     0.17149680E+002     0.46666652E+003    -0.90587228E+003    -0.35461619E+003
     0.17153214E+002     0.46676268E+003    -0.66272185E+003    -0.69872672E+003
     0.17156747E+002     0.46685884E+003    -0.29458967E+003    -0.91247165E+003
     0.17160281E+002     0.46695500E+003     0.13069632E+003    -0.94912031E+003
     0.17163815E+002     0.46705116E+003     0.53173484E+003    -0.80208669E+003
     0.17167349E+002     0.46714732E+003     0.83278510E+003    -0.49792961E+003
     0.17170883E+002     0.46724348E+003     0.97605714E+003    -0.94162067E+002
     0.17174417E+002     0.46733964E+003     0.93395809E+003     0.33259849E+003
     0.17177950E+002     0.46743580E+003     0.71420255E+003     0.70125479E+003
     0.17181484E+002     0.46753196E+003     0.35824811E+003     0.94165117E+003
     0.17185018E+002     0.46762812E+003    -0.66464969E+002     0.10079188E+004
     0.17188552E+002     0.46772428E+003    -0.47935634E+003     0.88718013E+003
     0.17192086E+002     0.46782044E+003    -0.80193911E+003     0.60210341E+003
     0.17195619E+002     0.46791660E+003    -0.97278476E+003     0.20659854E+003
     0.17199153E+002     0.46801276E+003    -0.95918851E+003    -0.22435390E+003
     0.17202687E+002     0.46810892E+003    -0.76338051E+003    -0.60889529E+003
     0.17206221E+002     0.46820508E+003    -0.42260668E+003    -0.87373431E+003
     0.17209755E+002     0.46830124E+003    -0.79861859E+000    -0.96907218E+003
     0.17213289E+002     0.46839740E+003     0.42183909E+003    -0.87519450E+003
     0.17216822E+002     0.46849357E+003     0.76420607E+003    -0.61065973E+003
     0.17220356E+002     0.46858973E+003     0.96215913E+003    -0.22533961E+003
     0.17223890E+002     0.46868589E+003     0.97737110E+003     0.20801119E+003
     0.17227424E+002     0.46878205E+003     0.80685026E+003     0.60701065E+003
     0.17230958E+002     0.46887821E+003     0.48243468E+003     0.89592712E+003
     0.17234492E+002     0.46897437E+003     0.65645891E+002     0.10194641E+004
     0.17238025E+002     0.46907053E+003    -0.36444457E+003     0.95403970E+003
     0.17241559E+002     0.46916669E+003    -0.72623477E+003     0.71157214E+003
     0.17245093E+002     0.46926285E+003    -0.95058421E+003     0.33792366E+003
     0.17248627E+002     0.46935901E+003    -0.99457059E+003    -0.95842300E+002
     0.17252161E+002     0.46945517E+003    -0.84976089E+003    -0.50743516E+003
     0.17255695E+002     0.46955133E+003    -0.54406335E+003    -0.81832475E+003
     0.17259228E+002     0.46964749E+003    -0.13436878E+003    -0.97050223E+003
     0.17262762E+002     0.46974365E+003     0.30167424E+003    -0.93368465E+003
     0.17266296E+002     0.46983981E+003     0.68095920E+003    -0.71464856E+003
     0.17269830E+002     0.46993597E+003     0.93128133E+003    -0.35476725E+003
     0.17273364E+002     0.47003213E+003     0.10048562E+004     0.77793639E+002
     0.17276898E+002     0.47012829E+003     0.88732785E+003     0.50098736E+003
     0.17280431E+002     0.47022445E+003     0.60074349E+003     0.83423176E+003
     0.17283965E+002     0.47032061E+003     0.19933161E+003     0.10141194E+004
     0.17287499E+002     0.47041677E+003    -0.24085091E+003     0.10062051E+004
     0.17291033E+002     0.47051293E+003    -0.63619747E+003     0.81164699E+003
     0.17294567E+002     0.47060909E+003    -0.91146792E+003     0.46711384E+003
     0.17298101E+002     0.47070525E+003    -0.10141295E+004     0.37845134E+002
     0.17301634E+002     0.47080142E+003    -0.92435397E+003    -0.39470696E+003
     0.17305168E+002     0.47089758E+003    -0.65885638E+003    -0.74830508E+003
     0.17308702E+002     0.47099374E+003    -0.26780405E+003    -0.95554108E+003
     0.17312236E+002     0.47108990E+003     0.17464327E+003    -0.97681025E+003
     0.17315770E+002     0.47118606E+003     0.58453516E+003    -0.80774452E+003
     0.17319304E+002     0.47128222E+003     0.88396821E+003    -0.48004320E+003
     0.17322837E+002     0.47137838E+003     0.10156079E+004    -0.55654904E+002
     0.17326371E+002     0.47147454E+003     0.95421663E+003     0.38478340E+003
     0.17329905E+002     0.47157070E+003     0.71112143E+003     0.75763038E+003
     0.17333439E+002     0.47166686E+003     0.33219930E+003     0.99188633E+003
     0.17336973E+002     0.47176302E+003    -0.11074989E+003     0.10427695E+004
     0.17340507E+002     0.47185918E+003    -0.53359324E+003     0.90035344E+003
     0.17344040E+002     0.47195534E+003    -0.85619658E+003     0.59127774E+003
     0.17347574E+002     0.47205150E+003    -0.10166457E+004     0.17386260E+003
     0.17351108E+002     0.47214766E+003    -0.98421371E+003    -0.27251870E+003
     0.17354642E+002     0.47224382E+003    -0.76470991E+003    -0.66295798E+003
     0.17358176E+002     0.47233998E+003    -0.40006488E+003    -0.92276410E+003
     0.17361710E+002     0.47243614E+003     0.41210716E+002    -0.10052033E+004
     0.17365243E+002     0.47253230E+003     0.47718996E+003    -0.88815261E+003
     0.17368777E+002     0.47262846E+003     0.81981034E+003    -0.59880546E+003
     0.17372311E+002     0.47272462E+003     0.10093425E+004    -0.19121049E+003
     0.17375845E+002     0.47282078E+003     0.10067161E+004     0.25983529E+003
     0.17379379E+002     0.47291694E+003     0.81222907E+003     0.66702274E+003
     0.17382913E+002     0.47301310E+003     0.46254701E+003     0.95318347E+003
     0.17386446E+002     0.47310927E+003     0.24062421E+002     0.10630214E+004
     0.17389980E+002     0.47320543E+003    -0.41904494E+003     0.97615023E+003
     0.17393514E+002     0.47330159E+003    -0.78503839E+003     0.71002553E+003
     0.17397048E+002     0.47339775E+003    -0.10030936E+004     0.31153739E+003
     0.17400582E+002     0.47349391E+003    -0.10309318E+004    -0.14264724E+003
     0.17404115E+002     0.47359007E+003    -0.86059261E+003    -0.56705551E+003
     0.17407649E+002     0.47368623E+003    -0.52579395E+003    -0.87513193E+003
     0.17411183E+002     0.47378239E+003    -0.93872439E+002    -0.10131766E+004
     0.17414717E+002     0.47387855E+003     0.35724297E+003    -0.95520583E+003
     0.17418251E+002     0.47397471E+003     0.74156342E+003    -0.71044150E+003
     0.17421785E+002     0.47407087E+003     0.98555619E+003    -0.32506914E+003
     0.17425318E+002     0.47416703E+003     0.10430853E+004     0.12810765E+003
     0.17428852E+002     0.47426319E+003     0.90175281E+003     0.56356991E+003
     0.17432386E+002     0.47435935E+003     0.58801641E+003     0.89768104E+003
     0.17435920E+002     0.47445551E+003     0.16190482E+003     0.10660861E+004
     0.17439454E+002     0.47455167E+003    -0.29493068E+003     0.10379562E+004
     0.17442988E+002     0.47464783E+003    -0.69879214E+003     0.82025377E+003
     0.17446521E+002     0.47474399E+003    -0.97226266E+003     0.44664441E+003
     0.17450055E+002     0.47484015E+003    -0.10588520E+004    -0.82918013E+001
     0.17453589E+002     0.47493631E+003    -0.94177842E+003    -0.45407089E+003
     0.17457123E+002     0.47503247E+003    -0.64882589E+003    -0.80645861E+003
     0.17460657E+002     0.47512863E+003    -0.23619886E+003    -0.10054443E+004
     0.17464191E+002     0.47522479E+003     0.22881233E+003    -0.10111811E+004
     0.17467724E+002     0.47532095E+003     0.64982009E+003    -0.81428605E+003
     0.17471258E+002     0.47541712E+003     0.94698888E+003    -0.45799536E+003
     0.17474792E+002     0.47551328E+003     0.10648060E+004    -0.90176561E+001
     0.17478326E+002     0.47560944E+003     0.98072792E+003     0.44771516E+003
     0.17481860E+002     0.47570560E+003     0.71068131E+003     0.82558350E+003
     0.17485394E+002     0.47580176E+003     0.30626135E+003     0.10532171E+004
     0.17488927E+002     0.47589792E+003    -0.15531485E+003     0.10890060E+004
     0.17492461E+002     0.47599408E+003    -0.58794268E+003     0.93112169E+003
     0.17495995E+002     0.47609024E+003    -0.93098996E+003     0.61567331E+003
     0.17499529E+002     0.47618640E+003    -0.11157964E+004     0.15905849E+003
     0.17503063E+002     0.47628256E+003    -0.11179569E+004    -0.34303243E+003
     0.17506597E+002     0.47637872E+003    -0.92774319E+003    -0.12335676E+004
     0.17510130E+002     0.47647488E+003     0.71619547E+003    -0.48543240E+003
     0.17513664E+002     0.47657104E+003    -0.78144026E+003    -0.65446037E+003
     0.17517198E+002     0.47666720E+003     0.43350042E+003    -0.15426749E+004
     0.17520732E+002     0.47676336E+003     0.10967126E+004    -0.54425030E+003
     0.17524266E+002     0.47685952E+003     0.10856473E+004    -0.76571177E+002
     0.17527800E+002     0.47695568E+003     0.10141641E+004     0.34884443E+003
     0.17531333E+002     0.47705184E+003     0.81004296E+003     0.74012330E+003
     0.17534867E+002     0.47714800E+003     0.43214012E+003     0.10257137E+004
     0.17538401E+002     0.47724416E+003    -0.32424653E+002     0.11187928E+004
     0.17541935E+002     0.47734032E+003    -0.49313289E+003     0.10051042E+004
     0.17545469E+002     0.47743648E+003    -0.86240170E+003     0.70563273E+003
     0.17549003E+002     0.47753264E+003    -0.10694505E+004     0.27675353E+003
     0.17552536E+002     0.47762881E+003    -0.10742291E+004    -0.20014996E+003
     0.17556070E+002     0.47772497E+003    -0.87534428E+003    -0.63422309E+003
     0.17559604E+002     0.47782113E+003    -0.51017714E+003    -0.94285190E+003
     0.17563138E+002     0.47791729E+003    -0.47821928E+002    -0.10667404E+004
     0.17566672E+002     0.47801345E+003     0.42372384E+003    -0.98206234E+003
     0.17570206E+002     0.47810961E+003     0.81492333E+003    -0.70449858E+003
     0.17573739E+002     0.47820577E+003     0.10510057E+004    -0.28640136E+003
     0.17577273E+002     0.47830193E+003     0.10867106E+004     0.19280526E+003
     0.17580807E+002     0.47839809E+003     0.91486657E+003     0.64135794E+003
     0.17584341E+002     0.47849425E+003     0.57131798E+003     0.97386585E+003
     0.17587875E+002     0.47859041E+003     0.11463645E+003     0.11348166E+004
     0.17591409E+002     0.47868657E+003    -0.36794255E+003     0.10805815E+004
     0.17594942E+002     0.47878273E+003    -0.78056032E+003     0.82665575E+003
     0.17598476E+002     0.47887889E+003    -0.10463534E+004     0.42103292E+003
     0.17602010E+002     0.47897505E+003    -0.11141002E+004    -0.59943626E+002
     0.17605544E+002     0.47907121E+003    -0.97099633E+003    -0.52447193E+003
     0.17609078E+002     0.47916737E+003    -0.64092371E+003    -0.88407036E+003
     0.17612611E+002     0.47926353E+003    -0.19355277E+003    -0.10665468E+004
     0.17616145E+002     0.47935969E+003     0.29154364E+003    -0.10460328E+004
     0.17619679E+002     0.47945585E+003     0.72267597E+003    -0.82024919E+003
     0.17623213E+002     0.47955201E+003     0.10191823E+004    -0.43679988E+003
     0.17626747E+002     0.47964817E+003     0.11321207E+004     0.52357014E+002
     0.17630281E+002     0.47974433E+003     0.10113549E+004     0.53707370E+003
     0.17633814E+002     0.47984049E+003     0.69941767E+003     0.92193310E+003
     0.17637348E+002     0.47993666E+003     0.25318174E+003     0.11382027E+004
     0.17640882E+002     0.48003282E+003    -0.24472210E+003     0.11429705E+004
     0.17644416E+002     0.48012898E+003    -0.69615141E+003     0.92632843E+003
     0.17647950E+002     0.48022514E+003    -0.99529708E+003     0.55719367E+003
     0.17651484E+002     0.48032130E+003    -0.11335315E+004     0.89629315E+002
     0.17655017E+002     0.48041746E+003    -0.10535413E+004    -0.39858139E+003
     0.17658551E+002     0.48051362E+003    -0.77095997E+003    -0.80649478E+003
     0.17662085E+002     0.48060978E+003    -0.34007338E+003    -0.10550990E+004
     0.17665619E+002     0.48070594E+003     0.15652897E+003    -0.10961672E+004
     0.17669153E+002     0.48080210E+003     0.62418120E+003    -0.92146744E+003
     0.17672687E+002     0.48089826E+003     0.97364661E+003    -0.56350840E+003
     0.17676220E+002     0.48099442E+003     0.11378130E+004    -0.89827551E+002
     0.17679754E+002     0.48109058E+003     0.10845450E+004     0.40980771E+003
     0.17683288E+002     0.48118674E+003     0.82287862E+003     0.84032833E+003
     0.17686822E+002     0.48128290E+003     0.40039998E+003     0.11191915E+004
     0.17690356E+002     0.48137906E+003    -0.99876548E+002     0.11838661E+004
     0.17693890E+002     0.48147522E+003    -0.57581150E+003     0.10394032E+004
     0.17697423E+002     0.48157138E+003    -0.95038688E+003     0.70378461E+003
     0.17700957E+002     0.48166754E+003    -0.11465557E+004     0.23875192E+003
     0.17704491E+002     0.48176370E+003    -0.11256921E+004    -0.26663374E+003
     0.17708025E+002     0.48185986E+003    -0.89103968E+003    -0.71593772E+003
     0.17711559E+002     0.48195602E+003    -0.48592028E+003    -0.10235183E+004
     0.17715093E+002     0.48205218E+003     0.12431691E+002    -0.11276680E+004
     0.17718626E+002     0.48214834E+003     0.50803034E+003    -0.10105728E+004
     0.17722160E+002     0.48224451E+003     0.90779108E+003    -0.69300770E+003
     0.17725694E+002     0.48234067E+003     0.11348008E+004    -0.23439822E+003
     0.17729228E+002     0.48243683E+003     0.11443220E+004     0.27777283E+003
     0.17732762E+002     0.48253299E+003     0.93668258E+003     0.74519312E+003
     0.17736296E+002     0.48262915E+003     0.55024382E+003     0.10822246E+004
     0.17739829E+002     0.48272531E+003     0.53572421E+002     0.12263269E+004
     0.17743363E+002     0.48282147E+003    -0.45987702E+003     0.11375310E+004
     0.17746897E+002     0.48291763E+003    -0.88264212E+003     0.84164216E+003
     0.17750431E+002     0.48301379E+003    -0.11406580E+004     0.39407462E+003
     0.17753965E+002     0.48310995E+003    -0.11838550E+004    -0.12162963E+003
     0.17757499E+002     0.48320611E+003    -0.10029304E+004    -0.60746648E+003
     0.17761032E+002     0.48330227E+003    -0.63155547E+003    -0.97051907E+003
     0.17764566E+002     0.48339843E+003    -0.14009664E+003    -0.11411767E+004
     0.17768100E+002     0.48349459E+003     0.37869456E+003    -0.10865844E+004
     0.17771634E+002     0.48359075E+003     0.82614307E+003    -0.81531512E+003
     0.17775168E+002     0.48368691E+003     0.11163285E+004    -0.37823540E+003
     0.17778702E+002     0.48378307E+003     0.11929112E+004     0.14188634E+003
     0.17782235E+002     0.48387923E+003     0.10409059E+004     0.64593010E+003
     0.17785769E+002     0.48397539E+003     0.68855909E+003     0.10381995E+004
     0.17789303E+002     0.48407155E+003     0.20225288E+003     0.12435797E+004
     0.17792837E+002     0.48416771E+003    -0.32556615E+003     0.12222824E+004
     0.17796371E+002     0.48426387E+003    -0.79402370E+003     0.97796303E+003
     0.17799905E+002     0.48436003E+003    -0.11130642E+004     0.55666163E+003
     0.17803438E+002     0.48445619E+003    -0.12194945E+004     0.39212445E+002
     0.17806972E+002     0.48455236E+003    -0.10891787E+004    -0.46954226E+003
     0.17810506E+002     0.48464852E+003    -0.75747122E+003    -0.84725759E+003
     0.17814040E+002     0.48474468E+003    -0.38367123E+003    -0.11012992E+004
     0.17817574E+002     0.48484084E+003     0.19511356E+003    -0.11851686E+004
     0.17821107E+002     0.48493700E+003     0.72602968E+003    -0.97081870E+003
     0.17824641E+002     0.48503316E+003     0.11071637E+004    -0.55021322E+003
     0.17828175E+002     0.48512932E+003     0.12780413E+004    -0.13003259E+001
     0.17831709E+002     0.48522548E+003     0.11775529E+004     0.60898401E+003
     0.17835243E+002     0.48532164E+003     0.78333067E+003     0.99729465E+003
     0.17838777E+002     0.48541780E+003     0.36167605E+003     0.12516711E+004
     0.17842310E+002     0.48551396E+003    -0.16038397E+003     0.13203801E+004
     0.17845844E+002     0.48561012E+003    -0.66845851E+003     0.11581864E+004
     0.17849378E+002     0.48570628E+003    -0.10565117E+004     0.79654998E+003
     0.17852912E+002     0.48580244E+003    -0.12481537E+004     0.31380714E+003
     0.17856446E+002     0.48589860E+003    -0.12151346E+004    -0.18025486E+003
     0.17859980E+002     0.48599476E+003    -0.99964181E+003    -0.56715011E+003
     0.17863513E+002     0.48609092E+003    -0.74911750E+003    -0.76684028E+003
     0.17867047E+002     0.48618708E+003    -0.75944803E+003    -0.92041355E+003
     0.17870581E+002     0.48628324E+003    -0.12325021E+004    -0.17821751E+004
     0.17874115E+002     0.48637940E+003    -0.94562506E+003    -0.60768900E+004
     0.17877649E+002     0.48647556E+003     0.25263996E+005    -0.10636984E+005
     0.17881183E+002     0.48657172E+003    -0.18073902E+005     0.50952918E+005
     0.17884716E+002     0.48666788E+003    -0.19207980E+005    -0.35371162E+005
     0.17888250E+002     0.48676404E+003     0.27883741E+005    -0.55801410E+004
     0.17891784E+002     0.48686021E+003    -0.47955071E+003     0.99494404E+004
     0.17895318E+002     0.48695637E+003    -0.30693347E+004     0.24800166E+004
     0.17898852E+002     0.48705253E+003    -0.22213437E+004     0.39625327E+003
     0.17902386E+002     0.48714869E+003    -0.16407659E+004    -0.28072360E+003
     0.17905919E+002     0.48724485E+003    -0.12893675E+004    -0.66931678E+003
     0.17909453E+002     0.48734101E+003    -0.95615069E+003    -0.99849426E+003
     0.17912987E+002     0.48743717E+003    -0.53857341E+003    -0.12500396E+004
     0.17916521E+002     0.48753333E+003    -0.34180789E+002    -0.13523862E+004
     0.17920055E+002     0.48762949E+003     0.49352123E+003    -0.12509230E+004
     0.17923589E+002     0.48772565E+003     0.94986405E+003    -0.93665178E+003
     0.17927122E+002     0.48782181E+003     0.12424139E+004    -0.45210624E+003
     0.17930656E+002     0.48791797E+003     0.13061161E+004     0.11836104E+003
     0.17934190E+002     0.48801413E+003     0.11212889E+004     0.66691250E+003
     0.17937724E+002     0.48811029E+003     0.71961965E+003     0.10871331E+004
     0.17941258E+002     0.48820645E+003     0.17591658E+003     0.12978931E+004
     0.17944792E+002     0.48830261E+003    -0.40792173E+003     0.12580903E+004
     0.17948325E+002     0.48839877E+003    -0.92298085E+003     0.97352102E+003
     0.17951859E+002     0.48849493E+003    -0.12781862E+004     0.49464068E+003
     0.17955393E+002     0.48859109E+003    -0.14119617E+004    -0.14571030E+003
     0.17958927E+002     0.48868725E+003    -0.11477962E+004    -0.72095262E+003
     0.17962461E+002     0.48878341E+003    -0.75328852E+003    -0.11178768E+004
     0.17965995E+002     0.48887957E+003    -0.22152318E+003    -0.13323531E+004
     0.17969528E+002     0.48897573E+003     0.35849594E+003    -0.13037369E+004
     0.17973062E+002     0.48907189E+003     0.87653827E+003    -0.10306351E+004
     0.17976596E+002     0.48916806E+003     0.12307711E+004    -0.55761135E+003
     0.17980130E+002     0.48926422E+003     0.13500584E+004     0.15554344E+002
     0.17983664E+002     0.48936038E+003     0.12212404E+004     0.59691387E+003
     0.17987198E+002     0.48945654E+003     0.84764160E+003     0.10656858E+004
     0.17990731E+002     0.48955270E+003     0.31145291E+003     0.13302964E+004
     0.17994265E+002     0.48964886E+003    -0.28708355E+003     0.13419782E+004
     0.17997799E+002     0.48974502E+003    -0.83470276E+003     0.10969248E+004
     0.18001333E+002     0.48984118E+003    -0.12264924E+004     0.64154953E+003
     0.18004867E+002     0.48993734E+003    -0.13873866E+004     0.61058833E+002
     0.18008401E+002     0.49003350E+003    -0.12851604E+004    -0.53421214E+003
     0.18011934E+002     0.49012966E+003    -0.93801296E+003    -0.10303755E+004
     0.18015468E+002     0.49022582E+003    -0.41181655E+003    -0.13323314E+004
     0.18019002E+002     0.49032198E+003     0.19682234E+003    -0.13833681E+004
     0.18022536E+002     0.49041814E+003     0.77078081E+003    -0.11672325E+004
     0.18026070E+002     0.49051430E+003     0.11990194E+004    -0.72611822E+003
     0.18029604E+002     0.49061046E+003     0.13997637E+004    -0.14359822E+003
     0.18033137E+002     0.49070662E+003     0.13338499E+004     0.47242105E+003
     0.18036671E+002     0.49080278E+003     0.10103894E+004     0.10033514E+004
     0.18040205E+002     0.49089894E+003     0.49069086E+003     0.13478370E+004
     0.18043739E+002     0.49099510E+003    -0.12901099E+003     0.14401146E+004
     0.18047273E+002     0.49109126E+003    -0.73302316E+003     0.12604883E+004
     0.18050806E+002     0.49118742E+003    -0.12093832E+004     0.83989938E+003
     0.18054340E+002     0.49128358E+003    -0.14728377E+004     0.24915658E+003
     0.18057874E+002     0.49137975E+003    -0.14695957E+004    -0.44168924E+003
     0.18061408E+002     0.49147591E+003    -0.10115915E+004    -0.10454009E+004
     0.18064942E+002     0.49157207E+003    -0.52268882E+003    -0.12983153E+004
     0.18068476E+002     0.49166823E+003     0.55198559E+002    -0.14071158E+004
     0.18072009E+002     0.49176439E+003     0.64735735E+003    -0.12593649E+004
     0.18075543E+002     0.49186055E+003     0.11278743E+004    -0.86796291E+003
     0.18079077E+002     0.49195671E+003     0.13984302E+004    -0.30424500E+003
     0.18082611E+002     0.49205287E+003     0.14031694E+004     0.32461505E+003
     0.18086145E+002     0.49214903E+003     0.11393613E+004     0.89849247E+003
     0.18089679E+002     0.49224519E+003     0.65439191E+003     0.13074726E+004
     0.18093212E+002     0.49234135E+003     0.39908341E+002     0.14719421E+004
     0.18096746E+002     0.49243751E+003    -0.58711957E+003     0.13598799E+004
     0.18100280E+002     0.49253367E+003    -0.11077369E+004     0.99373271E+003
     0.18103814E+002     0.49262983E+003    -0.14257926E+004     0.44383437E+003
     0.18107348E+002     0.49272599E+003    -0.14893049E+004    -0.18130726E+003
     0.18110882E+002     0.49282215E+003    -0.13421957E+004    -0.80508952E+003
     0.18114415E+002     0.49291831E+003    -0.79821674E+003    -0.13533133E+004
     0.18117949E+002     0.49301447E+003    -0.13420278E+003    -0.15305300E+004
     0.18121483E+002     0.49311063E+003     0.52730628E+003    -0.14292806E+004
     0.18125017E+002     0.49320679E+003     0.10857232E+004    -0.10620689E+004
     0.18128551E+002     0.49330295E+003     0.14370342E+004    -0.49105703E+003
     0.18132085E+002     0.49339911E+003     0.15083726E+004     0.17876747E+003
     0.18135618E+002     0.49349527E+003     0.12741941E+004     0.79795104E+003
     0.18139152E+002     0.49359143E+003     0.85133641E+003     0.12701659E+004
     0.18142686E+002     0.49368760E+003     0.22705148E+003     0.15368747E+004
     0.18146220E+002     0.49378376E+003    -0.45434508E+003     0.15009959E+004
     0.18149754E+002     0.49387992E+003    -0.10556326E+004     0.11748541E+004
     0.18153288E+002     0.49397608E+003    -0.14604744E+004     0.62061886E+003
     0.18156821E+002     0.49407224E+003    -0.15883679E+004    -0.56035041E+002
     0.18160355E+002     0.49416840E+003    -0.14108965E+004    -0.72365827E+003
     0.18163889E+002     0.49426456E+003    -0.95807783E+003    -0.12483317E+004
     0.18167423E+002     0.49436072E+003    -0.31555386E+003    -0.15143272E+004
     0.18170957E+002     0.49445688E+003     0.37339634E+003    -0.14330083E+004
     0.18174491E+002     0.49455304E+003     0.78787642E+003    -0.98449043E+003
     0.18178024E+002     0.49464920E+003     0.10597473E+004    -0.10004818E+004
     0.18181558E+002     0.49474536E+003     0.16042541E+004    -0.32435745E+003
     0.18185092E+002     0.49484152E+003     0.15716418E+004     0.48914779E+003
     0.18188626E+002     0.49493768E+003     0.11636080E+004     0.11364724E+004
     0.18192160E+002     0.49503384E+003     0.51464350E+003     0.15002555E+004
     0.18195694E+002     0.49513000E+003    -0.20372859E+003     0.14614318E+004
     0.18199227E+002     0.49522616E+003    -0.62027332E+003     0.94651420E+003
     0.18202761E+002     0.49532232E+003     0.31643535E+003     0.91248539E+003
     0.18206295E+002     0.49541848E+003    -0.19608631E+004     0.24447013E+004
     0.18209829E+002     0.49551464E+003    -0.31175778E+004     0.41587304E+003
     0.18213363E+002     0.49561080E+003    -0.29196168E+004    -0.12425759E+004
     0.18216897E+002     0.49570696E+003    -0.20964993E+004    -0.25555577E+004
     0.18220430E+002     0.49580312E+003    -0.77006531E+003    -0.34400270E+004
     0.18223964E+002     0.49589928E+003     0.93807563E+003    -0.37254781E+004
     0.18227498E+002     0.49599545E+003     0.28354708E+004    -0.32180774E+004
     0.18231032E+002     0.49609161E+003     0.46269249E+004    -0.17275246E+004
     0.18234566E+002     0.49618777E+003     0.58668779E+004     0.92893097E+003
     0.18238100E+002     0.49628393E+003     0.57930377E+004     0.49497538E+004
     0.18241633E+002     0.49638009E+003     0.26996762E+004     0.10479410E+005
     0.18245167E+002     0.49647625E+003    -0.87816995E+004     0.16035804E+005
     0.18248701E+002     0.49657241E+003    -0.33693792E+005    -0.84272928E+004
     0.18252235E+002     0.49666857E+003    -0.16885936E+003    -0.32352923E+005
     0.18255769E+002     0.49676473E+003     0.36082818E+005    -0.43442412E+004
     0.18259302E+002     0.49686089E+003     0.54794123E+003     0.36832375E+005
     0.18262836E+002     0.49695705E+003    -0.14804383E+005    -0.21158626E+004
     0.18266370E+002     0.49705321E+003    -0.32481505E+004    -0.56627613E+004
     0.18269904E+002     0.49714937E+003     0.53965037E+003    -0.38205085E+004
     0.18273438E+002     0.49724553E+003     0.17205549E+004    -0.21741976E+004
     0.18276972E+002     0.49734169E+003     0.20418893E+004    -0.98285819E+003
     0.18280505E+002     0.49743785E+003     0.20071165E+004    -0.75814908E+002
     0.18284039E+002     0.49753401E+003     0.17533036E+004     0.65050496E+003
     0.18287573E+002     0.49763017E+003     0.13151886E+004     0.12136891E+004
     0.18291107E+002     0.49772633E+003     0.72434328E+003     0.15774636E+004
     0.18294641E+002     0.49782249E+003     0.44305883E+002     0.16923939E+004
     0.18298175E+002     0.49791865E+003    -0.62821446E+003     0.15304281E+004
     0.18301708E+002     0.49801481E+003    -0.11806979E+004     0.11073620E+004
     0.18305242E+002     0.49811097E+003    -0.15103516E+004     0.49105132E+003
     0.18308776E+002     0.49820713E+003    -0.15557562E+004    -0.21090423E+003
     0.18312310E+002     0.49830330E+003    -0.12978375E+004    -0.87093957E+003
     0.18315844E+002     0.49839946E+003    -0.78620619E+003    -0.13615586E+004
     0.18319378E+002     0.49849562E+003    -0.11806454E+003    -0.15977119E+004
     0.18322911E+002     0.49859178E+003     0.58772671E+003    -0.15601401E+004
     0.18326445E+002     0.49868794E+003     0.13672712E+004    -0.12668313E+004
     0.18329979E+002     0.49878410E+003     0.17851699E+004    -0.38655454E+003
     0.18333513E+002     0.49888026E+003     0.17625216E+004     0.37773476E+003
     0.18337047E+002     0.49897642E+003     0.14650726E+004     0.10727598E+004
     0.18340581E+002     0.49907258E+003     0.90013640E+003     0.15895514E+004
     0.18344114E+002     0.49916874E+003     0.15897868E+003     0.18099318E+004
     0.18347648E+002     0.49926490E+003    -0.55953352E+003     0.17022406E+004
     0.18351182E+002     0.49936106E+003    -0.12261049E+004     0.13268401E+004
     0.18354716E+002     0.49945722E+003    -0.16657578E+004     0.67315649E+003
     0.18358250E+002     0.49955338E+003    -0.17797168E+004    -0.11147478E+003
     0.18361784E+002     0.49964954E+003    -0.15452428E+004    -0.87489762E+003
     0.18365317E+002     0.49974570E+003    -0.10000802E+004    -0.14760254E+004
     0.18368851E+002     0.49984186E+003    -0.22668002E+003    -0.17657137E+004
     0.18372385E+002     0.49993802E+003     0.57396536E+003    -0.17016970E+004
     0.18375919E+002     0.50003418E+003     0.12817355E+004    -0.13035883E+004
     0.18379453E+002     0.50013034E+003     0.17554152E+004    -0.63473982E+003
     0.18382987E+002     0.50022650E+003     0.18976852E+004     0.17895550E+003
     0.18386520E+002     0.50032266E+003     0.16755762E+004     0.98099824E+003
     0.18390054E+002     0.50041882E+003     0.11269808E+004     0.16146355E+004
     0.18393588E+002     0.50051498E+003     0.35452723E+003     0.19539787E+004
     0.18397122E+002     0.50061115E+003    -0.49368744E+003     0.19297051E+004
     0.18400656E+002     0.50070731E+003    -0.12575866E+004     0.15404463E+004
     0.18404190E+002     0.50080347E+003    -0.17783397E+004     0.85586307E+003
     0.18407723E+002     0.50089963E+003    -0.19584073E+004     0.11944444E+002
     0.18411257E+002     0.50099579E+003    -0.17576262E+004    -0.83532963E+003
     0.18414791E+002     0.50109195E+003    -0.12074285E+004    -0.15173083E+004
     0.18418325E+002     0.50118811E+003    -0.41239237E+003    -0.18981959E+004
     0.18421859E+002     0.50128427E+003     0.47482260E+003    -0.18994141E+004
     0.18425393E+002     0.50138043E+003     0.12810439E+004    -0.15153355E+004
     0.18428926E+002     0.50147659E+003     0.18447006E+004    -0.81636265E+003
     0.18432460E+002     0.50157275E+003     0.20557268E+004     0.55121439E+002
     0.18435994E+002     0.50166891E+003     0.18731465E+004     0.94787760E+003
     0.18439528E+002     0.50176507E+003     0.13163300E+004     0.16780441E+004
     0.18443062E+002     0.50186123E+003     0.49391219E+003     0.20986265E+004
     0.18446596E+002     0.50195739E+003    -0.43475171E+003     0.21231923E+004
     0.18450129E+002     0.50205355E+003    -0.12874923E+004     0.17423154E+004
     0.18453663E+002     0.50214971E+003    -0.18944727E+004     0.10269383E+004
     0.18457197E+002     0.50224587E+003    -0.21329910E+004     0.11604187E+003
     0.18460731E+002     0.50234203E+003    -0.19523306E+004    -0.81052137E+003
     0.18464265E+002     0.50243819E+003    -0.13864010E+004    -0.15661556E+004
     0.18467798E+002     0.50253435E+003    -0.55074531E+003    -0.19963121E+004
     0.18471332E+002     0.50263051E+003     0.37535956E+003    -0.20132731E+004
     0.18474866E+002     0.50272667E+003     0.11744585E+004    -0.16291922E+004
     0.18478400E+002     0.50282283E+003     0.16263896E+004    -0.10374352E+004
     0.18481934E+002     0.50291900E+003     0.21804857E+004    -0.83255185E+003
     0.18485468E+002     0.50301516E+003     0.27009806E+004     0.92997994E+003
     0.18489001E+002     0.50311132E+003     0.17988130E+004     0.20781125E+004
     0.18492535E+002     0.50320748E+003     0.67439437E+003     0.26201323E+004
     0.18496069E+002     0.50330364E+003    -0.52233553E+003     0.26395780E+004
     0.18499603E+002     0.50339980E+003    -0.16004035E+004     0.21522797E+004
     0.18503137E+002     0.50349596E+003    -0.23618038E+004     0.12484759E+004
     0.18506671E+002     0.50359212E+003    -0.26573236E+004     0.10042602E+003
     0.18510204E+002     0.50368828E+003    -0.24166635E+004    -0.10702367E+004
     0.18513738E+002     0.50378444E+003    -0.16885652E+004    -0.20119323E+004
     0.18517272E+002     0.50388060E+003    -0.63686301E+003    -0.25453044E+004
     0.18520806E+002     0.50397676E+003     0.52448760E+003    -0.26020510E+004
     0.18524340E+002     0.50407292E+003     0.16216169E+004    -0.22331666E+004
     0.18527874E+002     0.50416908E+003     0.26169495E+004    -0.15239691E+004
     0.18531407E+002     0.50426524E+003     0.36718368E+004    -0.37299157E+003
     0.18534941E+002     0.50436140E+003     0.49679556E+004     0.25105628E+004
     0.18538475E+002     0.50445756E+003    -0.22113871E+004     0.74961762E+004
     0.18542009E+002     0.50455372E+003    -0.30508611E+004     0.69014565E+003
     0.18545543E+002     0.50464988E+003    -0.14773938E+004    -0.21004523E+003
     0.18549077E+002     0.50474604E+003    -0.80397853E+003    -0.29133335E+003
     0.18552610E+002     0.50484220E+003    -0.47509672E+003    -0.24475577E+003
     0.18556144E+002     0.50493836E+003    -0.29958308E+003    -0.18743385E+003
     0.18559678E+002     0.50503452E+003    -0.19751980E+003    -0.13915586E+003
     0.18563212E+002     0.50513069E+003    -0.13453085E+003    -0.10214239E+003
     0.18566746E+002     0.50522685E+003    -0.93987099E+002    -0.74901111E+002
     0.18570280E+002     0.50532301E+003    -0.67287877E+002    -0.55223187E+002
     0.18573813E+002     0.50541917E+003    -0.49789420E+002    -0.41683478E+002
     0.18577347E+002     0.50551533E+003    -0.36289931E+002    -0.32117932E+002
     0.18580881E+002     0.50561149E+003    -0.27690521E+002    -0.24025201E+002
     0.18584415E+002     0.50570765E+003    -0.22083954E+002    -0.18078847E+002
     0.18587949E+002     0.50580381E+003    -0.18417802E+002    -0.13529524E+002
     0.18591483E+002     0.50589997E+003    -0.16133010E+002    -0.99596961E+001
     0.18595016E+002     0.50599613E+003    -0.14891728E+002    -0.71142487E+001
     0.18598550E+002     0.50609229E+003    -0.14509534E+002    -0.48350015E+001
     0.18602084E+002     0.50618845E+003    -0.14923433E+002    -0.30339367E+001
     0.18605618E+002     0.50628461E+003    -0.16190597E+002    -0.16853577E+001
     0.18609152E+002     0.50638077E+003    -0.18526150E+002    -0.84649412E+000
     0.18612686E+002     0.50647693E+003    -0.22416990E+002    -0.75055688E+000
     0.18616219E+002     0.50657309E+003    -0.28897055E+002    -0.22191085E+001
     0.18619753E+002     0.50666925E+003    -0.38419848E+002    -0.83809171E+001
     0.18623287E+002     0.50676541E+003    -0.52761100E+002    -0.20975759E+002
     0.18626821E+002     0.50686157E+003    -0.78355128E+002    -0.58002213E+002
     0.18630355E+002     0.50695773E+003     0.18903048E+001    -0.19566722E+003
     0.18633889E+002     0.50705389E+003     0.11260821E+003    -0.59223432E+002
     0.18637422E+002     0.50715005E+003     0.79830035E+002    -0.10505129E+002
     0.18640956E+002     0.50724621E+003     0.61318214E+002     0.30002383E+001
     0.18644490E+002     0.50734237E+003     0.51330538E+002     0.88811061E+001
     0.18648024E+002     0.50743854E+003     0.45583800E+002     0.12537560E+002
     0.18651558E+002     0.50753470E+003     0.42226090E+002     0.15515653E+002
     0.18655092E+002     0.50763086E+003     0.40409246E+002     0.18431953E+002
     0.18658625E+002     0.50772702E+003     0.39747863E+002     0.21642823E+002
     0.18662159E+002     0.50782318E+003     0.40104944E+002     0.25445938E+002
     0.18665693E+002     0.50791934E+003     0.41514089E+002     0.30163503E+002
     0.18669227E+002     0.50801550E+003     0.44166734E+002     0.36194985E+002
     0.18672761E+002     0.50811166E+003     0.48441038E+002     0.44064948E+002
     0.18676294E+002     0.50820782E+003     0.54973605E+002     0.54505599E+002
     0.18679828E+002     0.50830398E+003     0.64629792E+002     0.68453379E+002
     0.18683362E+002     0.50840014E+003     0.79006550E+002     0.87135606E+002
     0.18686896E+002     0.50849630E+003     0.10011666E+003     0.11252086E+003
     0.18690430E+002     0.50859246E+003     0.13061638E+003     0.14717720E+003
     0.18693964E+002     0.50868862E+003     0.17419258E+003     0.19524819E+003
     0.18697497E+002     0.50878478E+003     0.23569297E+003     0.26458396E+003
     0.18701031E+002     0.50888094E+003     0.31850251E+003     0.37089277E+003
     0.18704565E+002     0.50897710E+003     0.42798480E+003     0.54255137E+003
     0.18708099E+002     0.50907326E+003     0.56479558E+003     0.84484782E+003
     0.18711633E+002     0.50916942E+003     0.70284497E+003     0.14271993E+004
     0.18715167E+002     0.50926558E+003     0.66533951E+003     0.26866872E+004
     0.18718700E+002     0.50936174E+003    -0.92995145E+003     0.57705982E+004
     0.18722234E+002     0.50945790E+003    -0.13172090E+005     0.38658513E+004
     0.18725768E+002     0.50955406E+003    -0.51725833E+004    -0.83093383E+004
     0.18729302E+002     0.50965022E+003     0.25266670E+002    -0.68583835E+004
     0.18732836E+002     0.50974639E+003     0.24086708E+004    -0.53346161E+004
     0.18736370E+002     0.50984255E+003     0.40458005E+004    -0.37306034E+004
     0.18739903E+002     0.50993871E+003     0.51129406E+004    -0.17916338E+004
     0.18743437E+002     0.51003487E+003     0.54161126E+004     0.44594608E+003
     0.18746971E+002     0.51013103E+003     0.47732338E+004     0.26725079E+004
     0.18750505E+002     0.51022719E+003     0.32171906E+004     0.44489045E+004
     0.18754039E+002     0.51032335E+003     0.10230672E+004     0.53877858E+004
     0.18757573E+002     0.51041951E+003    -0.13727957E+004     0.52807817E+004
     0.18761106E+002     0.51051567E+003    -0.34907689E+004     0.41436968E+004
     0.18764640E+002     0.51061183E+003    -0.49120445E+004     0.21990257E+004
     0.18768174E+002     0.51070799E+003    -0.53554337E+004    -0.17241178E+003
     0.18771708E+002     0.51080415E+003    -0.47367209E+004    -0.25104252E+004
     0.18775242E+002     0.51090031E+003    -0.31699505E+004    -0.43685737E+004
     0.18778776E+002     0.51099647E+003    -0.93667086E+003    -0.53832055E+004
     0.18782309E+002     0.51109263E+003     0.15277914E+004    -0.53314996E+004
     0.18785843E+002     0.51118879E+003     0.37448636E+004    -0.42270019E+004
     0.18789377E+002     0.51128495E+003     0.52881918E+004    -0.22668901E+004
     0.18792911E+002     0.51138111E+003     0.58502126E+004     0.18306995E+003
     0.18796445E+002     0.51147727E+003     0.53080331E+004     0.26577167E+004
     0.18799979E+002     0.51157343E+003     0.37490856E+004     0.46808108E+004
     0.18803512E+002     0.51166959E+003     0.14561273E+004     0.58561300E+004
     0.18807046E+002     0.51176575E+003    -0.11422573E+004     0.59413989E+004
     0.18810580E+002     0.51186191E+003    -0.35509653E+004     0.49019865E+004
     0.18814114E+002     0.51195807E+003    -0.53054307E+004     0.29167221E+004
     0.18817648E+002     0.51205424E+003    -0.60569486E+004     0.34641398E+003
     0.18821182E+002     0.51215040E+003    -0.56396174E+004    -0.23290041E+004
     0.18824715E+002     0.51224656E+003    -0.41083832E+004    -0.46000969E+004
     0.18828249E+002     0.51234272E+003    -0.17299940E+004    -0.60241549E+004
     0.18831783E+002     0.51243888E+003     0.10613559E+004    -0.63097786E+004
     0.18835317E+002     0.51253504E+003     0.37443207E+004    -0.53760653E+004
     0.18838851E+002     0.51263120E+003     0.58067235E+004    -0.33707080E+004
     0.18842385E+002     0.51272736E+003     0.68419621E+004    -0.64765791E+003
     0.18845918E+002     0.51282352E+003     0.66277228E+004     0.22949494E+004
     0.18849452E+002     0.51291968E+003     0.51722013E+004     0.49037395E+004
     0.18852986E+002     0.51301584E+003     0.27312142E+004     0.66716480E+004
     0.18856520E+002     0.51311200E+003    -0.27394795E+003     0.72783885E+004
     0.18860054E+002     0.51320816E+003    -0.33031096E+004     0.65387243E+004
     0.18863588E+002     0.51330432E+003    -0.57716219E+004     0.45644293E+004
     0.18867121E+002     0.51340048E+003    -0.72020427E+004     0.16938122E+004
     0.18870655E+002     0.51349664E+003    -0.72964687E+004    -0.15606360E+004
     0.18874189E+002     0.51359280E+003    -0.59984192E+004    -0.46013790E+004
     0.18877723E+002     0.51368896E+003    -0.35082744E+004    -0.68548527E+004
     0.18881257E+002     0.51378512E+003    -0.25454597E+003    -0.78767838E+004
     0.18884790E+002     0.51388128E+003     0.31814154E+004    -0.74434562E+004
     0.18888324E+002     0.51397744E+003     0.61723061E+004    -0.55896598E+004
     0.18891858E+002     0.51407360E+003     0.81516218E+004    -0.26120518E+004
     0.18895392E+002     0.51416976E+003     0.87190035E+004     0.97417747E+003
     0.18898926E+002     0.51426592E+003     0.77321118E+004     0.45231864E+004
     0.18902460E+002     0.51436209E+003     0.53248737E+004     0.73870053E+004
     0.18905993E+002     0.51445825E+003     0.18929420E+004     0.90213335E+004
     0.18909527E+002     0.51455441E+003    -0.19700555E+004     0.90874631E+004
     0.18913061E+002     0.51465057E+003    -0.55712696E+004     0.75222229E+004
     0.18916595E+002     0.51474673E+003    -0.82458645E+004     0.45666575E+004
     0.18920129E+002     0.51484289E+003    -0.95009662E+004     0.69816570E+003
     0.18923663E+002     0.51493905E+003    -0.90235541E+004    -0.34186343E+004
     0.18927196E+002     0.51503521E+003    -0.68651322E+004    -0.70201001E+004
     0.18930730E+002     0.51513137E+003    -0.33759264E+004    -0.94546647E+004
     0.18934264E+002     0.51522753E+003     0.86306228E+003    -0.10274693E+005
     0.18937798E+002     0.51532369E+003     0.51401858E+004    -0.92860048E+004
     0.18941332E+002     0.51541985E+003     0.86865429E+004    -0.66043447E+004
     0.18944866E+002     0.51551601E+003     0.10915843E+005    -0.27151650E+004
     0.18948399E+002     0.51561217E+003     0.11402309E+005     0.20290968E+004
     0.18951933E+002     0.51570833E+003     0.97077919E+004     0.65119784E+004
     0.18955467E+002     0.51580449E+003     0.63742557E+004     0.98750022E+004
     0.18959001E+002     0.51590065E+003     0.19771446E+004     0.11656226E+005
     0.18962535E+002     0.51599681E+003    -0.29209537E+004     0.11543669E+005
     0.18966069E+002     0.51609297E+003    -0.74371712E+004     0.93703329E+004
     0.18969602E+002     0.51618913E+003    -0.10721321E+005     0.54524569E+004
     0.18973136E+002     0.51628529E+003    -0.12122582E+005     0.42852708E+003
     0.18976670E+002     0.51638145E+003    -0.11291646E+005    -0.48315753E+004
     0.18980204E+002     0.51647761E+003    -0.82692174E+004    -0.93545801E+004
     0.18983738E+002     0.51657378E+003    -0.35075854E+004    -0.12240631E+005
     0.18987272E+002     0.51666994E+003     0.21817723E+004    -0.12875632E+005
     0.18990805E+002     0.51676610E+003     0.85086045E+004    -0.11031227E+005
     0.18994339E+002     0.51686226E+003     0.13084304E+005    -0.41062959E+004
     0.18997873E+002     0.51695842E+003     0.10417259E+005     0.60014490E+004
