Energy-E_F (eV)    DOS (1/eV)    PDOS (1/eV)  of atom type C  O  
     -4.99000      0.00000      0.00000      0.00000
     -4.98000      0.00000      0.00000      0.00000
     -4.97000      0.00000      0.00000      0.00000
     -4.96000      0.00000      0.00000      0.00000
     -4.95000      0.00000      0.00000      0.00000
     -4.94000      0.00000      0.00000      0.00000
     -4.93000      0.00000      0.00000      0.00000
     -4.92000      0.00000      0.00000      0.00000
     -4.91000      0.00000      0.00000      0.00000
     -4.90000      0.00000      0.00000      0.00000
     -4.89000      0.00000      0.00000      0.00000
     -4.88000      0.00000      0.00000      0.00000
     -4.87000      0.00000      0.00000      0.00000
     -4.86000      0.00000      0.00000      0.00000
     -4.85000      0.00000      0.00000      0.00000
     -4.84000      0.00000      0.00000      0.00000
     -4.83000      0.00000      0.00000      0.00000
     -4.82000      0.00000      0.00000      0.00000
     -4.81000      0.00000      0.00000      0.00000
     -4.80000      0.00000      0.00000      0.00000
     -4.79000      0.00000      0.00000      0.00000
     -4.78000      0.00000      0.00000      0.00000
     -4.77000      0.00000      0.00000      0.00000
     -4.76000      0.00000      0.00000      0.00000
     -4.75000      0.00000      0.00000      0.00000
     -4.74000      0.00000      0.00000      0.00000
     -4.73000      0.00000      0.00000      0.00000
     -4.72000      0.00000      0.00000      0.00000
     -4.71000      0.00000      0.00000      0.00000
     -4.70000      0.00000      0.00000      0.00000
     -4.69000      0.00000      0.00000      0.00000
     -4.68000      0.00000      0.00000      0.00000
     -4.67000      0.00000      0.00000      0.00000
     -4.66000      0.00000      0.00000      0.00000
     -4.65000      0.00000      0.00000      0.00000
     -4.64000      0.00000      0.00000      0.00000
     -4.63000      0.00000      0.00000      0.00000
     -4.62000      0.00000      0.00000      0.00000
     -4.61000      0.00000      0.00000      0.00000
     -4.60000      0.00000      0.00000      0.00000
     -4.59000      0.00000      0.00000      0.00000
     -4.58000      0.00000      0.00000      0.00000
     -4.57000      0.00000      0.00000      0.00000
     -4.56000      0.00000      0.00000      0.00000
     -4.55000      0.00000      0.00000      0.00000
     -4.54000      0.00000      0.00000      0.00000
     -4.53000      0.00000      0.00000      0.00000
     -4.52000      0.00000      0.00000      0.00000
     -4.51000      0.00000      0.00000      0.00000
     -4.50000      0.00000      0.00000      0.00000
     -4.49000      0.00000      0.00000      0.00000
     -4.48000      0.00000      0.00000      0.00000
     -4.47000      0.00000      0.00000      0.00000
     -4.46000      0.00000      0.00000      0.00000
     -4.45000      0.00000      0.00000      0.00000
     -4.44000      0.00000      0.00000      0.00000
     -4.43000      0.00000      0.00000      0.00000
     -4.42000      0.00000      0.00000      0.00000
     -4.41000      0.00000      0.00000      0.00000
     -4.40000      0.00000      0.00000      0.00000
     -4.39000      0.00000      0.00000      0.00000
     -4.38000      0.00000      0.00000      0.00000
     -4.37000      0.00000      0.00000      0.00000
     -4.36000      0.00000      0.00000      0.00000
     -4.35000      0.00000      0.00000      0.00000
     -4.34000      0.00000      0.00000      0.00000
     -4.33000      0.00000      0.00000      0.00000
     -4.32000      0.00000      0.00000      0.00000
     -4.31000      0.00000      0.00000      0.00000
     -4.30000      0.00000      0.00000      0.00000
     -4.29000      0.00000      0.00000      0.00000
     -4.28000      0.00000      0.00000      0.00000
     -4.27000      0.00000      0.00000      0.00000
     -4.26000      0.00000      0.00000      0.00000
     -4.25000      0.00000      0.00000      0.00000
     -4.24000      0.00000      0.00000      0.00000
     -4.23000      0.00000      0.00000      0.00000
     -4.22000      0.00000      0.00000      0.00000
     -4.21000      0.00000      0.00000      0.00000
     -4.20000      0.00000      0.00000      0.00000
     -4.19000      0.00000      0.00000      0.00000
     -4.18000      0.00000      0.00000      0.00000
     -4.17000      0.00000      0.00000      0.00000
     -4.16000      0.00000      0.00000      0.00000
     -4.15000      0.00000      0.00000      0.00000
     -4.14000      0.00000      0.00000      0.00000
     -4.13000      0.00000      0.00000      0.00000
     -4.12000      0.00000      0.00000      0.00000
     -4.11000      0.00000      0.00000      0.00000
     -4.10000      0.00000      0.00000      0.00000
     -4.09000      0.00000      0.00000      0.00000
     -4.08000      0.00000      0.00000      0.00000
     -4.07000      0.00000      0.00000      0.00000
     -4.06000      0.00000      0.00000      0.00000
     -4.05000      0.00000      0.00000      0.00000
     -4.04000      0.00000      0.00000      0.00000
     -4.03000      0.00000      0.00000      0.00000
     -4.02000      0.00000      0.00000      0.00000
     -4.01000      0.00000      0.00000      0.00000
     -4.00000      0.00000      0.00000      0.00000
     -3.99000      0.00000      0.00000      0.00000
     -3.98000      0.00000      0.00000      0.00000
     -3.97000      0.00000      0.00000      0.00000
     -3.96000      0.00000      0.00000      0.00000
     -3.95000      0.00000      0.00000      0.00000
     -3.94000      0.00000      0.00000      0.00000
     -3.93000      0.00000      0.00000      0.00000
     -3.92000      0.00000      0.00000      0.00000
     -3.91000      0.00000      0.00000      0.00000
     -3.90000      0.00000      0.00000      0.00000
     -3.89000      0.00000      0.00000      0.00000
     -3.88000      0.00000      0.00000      0.00000
     -3.87000      0.00000      0.00000      0.00000
     -3.86000      0.00000      0.00000      0.00000
     -3.85000      0.00000      0.00000      0.00000
     -3.84000      0.00000      0.00000      0.00000
     -3.83000      0.00000      0.00000      0.00000
     -3.82000      0.00000      0.00000      0.00000
     -3.81000      0.00000      0.00000      0.00000
     -3.80000      0.00000      0.00000      0.00000
     -3.79000      0.00000      0.00000      0.00000
     -3.78000      0.00000      0.00000      0.00000
     -3.77000      0.00000      0.00000      0.00000
     -3.76000      0.00000      0.00000      0.00000
     -3.75000      0.00000      0.00000      0.00000
     -3.74000      0.00000      0.00000      0.00000
     -3.73000      0.00000      0.00000      0.00000
     -3.72000      0.00000      0.00000      0.00000
     -3.71000      0.00000      0.00000      0.00000
     -3.70000      0.00000      0.00000      0.00000
     -3.69000      0.00000      0.00000      0.00000
     -3.68000      0.00000      0.00000      0.00000
     -3.67000      0.00000      0.00000      0.00000
     -3.66000      0.00000      0.00000      0.00000
     -3.65000      0.00000      0.00000      0.00000
     -3.64000      0.00000      0.00000      0.00000
     -3.63000      0.00000      0.00000      0.00000
     -3.62000      0.00000      0.00000      0.00000
     -3.61000      0.00000      0.00000      0.00000
     -3.60000      0.00000      0.00000      0.00000
     -3.59000      0.00000      0.00000      0.00000
     -3.58000      0.00000      0.00000      0.00000
     -3.57000      0.00000      0.00000      0.00000
     -3.56000      0.00000      0.00000      0.00000
     -3.55000      0.00000      0.00000      0.00000
     -3.54000      0.00000      0.00000      0.00000
     -3.53000      0.00000      0.00000      0.00000
     -3.52000      0.00000      0.00000      0.00000
     -3.51000      0.00000      0.00000      0.00000
     -3.50000      0.00000      0.00000      0.00000
     -3.49000      0.00000      0.00000      0.00000
     -3.48000      0.00000      0.00000      0.00000
     -3.47000      0.00000      0.00000      0.00000
     -3.46000      0.00000      0.00000      0.00000
     -3.45000      0.00000      0.00000      0.00000
     -3.44000      0.00000      0.00000      0.00000
     -3.43000      0.00000      0.00000      0.00000
     -3.42000      0.00000      0.00000      0.00000
     -3.41000      0.00000      0.00000      0.00000
     -3.40000      0.00000      0.00000      0.00000
     -3.39000      0.00000      0.00000      0.00000
     -3.38000      0.00000      0.00000      0.00000
     -3.37000      0.00000      0.00000      0.00000
     -3.36000      0.00000      0.00000      0.00000
     -3.35000      0.00000      0.00000      0.00000
     -3.34000      0.00000      0.00000      0.00000
     -3.33000      0.00000      0.00000      0.00000
     -3.32000      0.00000      0.00000      0.00000
     -3.31000      0.00000      0.00000      0.00000
     -3.30000      0.00000      0.00000      0.00000
     -3.29000      0.00000      0.00000      0.00000
     -3.28000      0.00000      0.00000      0.00000
     -3.27000      0.00000      0.00000      0.00000
     -3.26000      0.00000      0.00000      0.00000
     -3.25000      0.00000      0.00000      0.00000
     -3.24000      0.00000      0.00000      0.00000
     -3.23000      0.00000      0.00000      0.00000
     -3.22000      0.00000      0.00000      0.00000
     -3.21000      0.00000      0.00000      0.00000
     -3.20000      0.00000      0.00000      0.00000
     -3.19000      0.00000      0.00000      0.00000
     -3.18000      0.00000      0.00000      0.00000
     -3.17000      0.00000      0.00000      0.00000
     -3.16000      0.00000      0.00000      0.00000
     -3.15000      0.00000      0.00000      0.00000
     -3.14000      0.00000      0.00000      0.00000
     -3.13000      0.00000      0.00000      0.00000
     -3.12000      0.00000      0.00000      0.00000
     -3.11000      0.00000      0.00000      0.00000
     -3.10000      0.00000      0.00000      0.00000
     -3.09000      0.00000      0.00000      0.00000
     -3.08000      0.00000      0.00000      0.00000
     -3.07000      0.00000      0.00000      0.00000
     -3.06000      0.00000      0.00000      0.00000
     -3.05000      0.00000      0.00000      0.00000
     -3.04000      0.00000      0.00000      0.00000
     -3.03000      0.00000      0.00000      0.00000
     -3.02000      0.00000      0.00000      0.00000
     -3.01000      0.00000      0.00000      0.00000
     -3.00000      0.00000      0.00000      0.00000
     -2.99000      0.00000      0.00000      0.00000
     -2.98000      0.00000      0.00000      0.00000
     -2.97000      0.00000      0.00000      0.00000
     -2.96000      0.00000      0.00000      0.00000
     -2.95000      0.00000      0.00000      0.00000
     -2.94000      0.00000      0.00000      0.00000
     -2.93000      0.00000      0.00000      0.00000
     -2.92000      0.00000      0.00000      0.00000
     -2.91000      0.00000      0.00000      0.00000
     -2.90000      0.00000      0.00000      0.00000
     -2.89000      0.00000      0.00000      0.00000
     -2.88000      0.00000      0.00000      0.00000
     -2.87000      0.00000      0.00000      0.00000
     -2.86000      0.00000      0.00000      0.00000
     -2.85000      0.00000      0.00000      0.00000
     -2.84000      0.00000      0.00000      0.00000
     -2.83000      0.00000      0.00000      0.00000
     -2.82000      0.00000      0.00000      0.00000
     -2.81000      0.00000      0.00000      0.00000
     -2.80000      0.00000      0.00000      0.00000
     -2.79000      0.00000      0.00000      0.00000
     -2.78000      0.00000      0.00000      0.00000
     -2.77000      0.00000      0.00000      0.00000
     -2.76000      0.00000      0.00000      0.00000
     -2.75000      0.00000      0.00000      0.00000
     -2.74000      0.00000      0.00000      0.00000
     -2.73000      0.00000      0.00000      0.00000
     -2.72000      0.00000      0.00000      0.00000
     -2.71000      0.00000      0.00000      0.00000
     -2.70000      0.00000      0.00000      0.00000
     -2.69000      0.00000      0.00000      0.00000
     -2.68000      0.00000      0.00000      0.00000
     -2.67000      0.00000      0.00000      0.00000
     -2.66000      0.00000      0.00000      0.00000
     -2.65000      0.00000      0.00000      0.00000
     -2.64000      0.00000      0.00000      0.00000
     -2.63000      0.00000      0.00000      0.00000
     -2.62000      0.00000      0.00000      0.00000
     -2.61000      0.00000      0.00000      0.00000
     -2.60000      0.00000      0.00000      0.00000
     -2.59000      0.00000      0.00000      0.00000
     -2.58000      0.00000      0.00000      0.00000
     -2.57000      0.00000      0.00000      0.00000
     -2.56000      0.00000      0.00000      0.00000
     -2.55000      0.00000      0.00000      0.00000
     -2.54000      0.00000      0.00000      0.00000
     -2.53000      0.00000      0.00000      0.00000
     -2.52000      0.00000      0.00000      0.00000
     -2.51000      0.00000      0.00000      0.00000
     -2.50000      0.00000      0.00000      0.00000
     -2.49000      0.00000      0.00000      0.00000
     -2.48000      0.00000      0.00000      0.00000
     -2.47000      0.00000      0.00000      0.00000
     -2.46000      0.00000      0.00000      0.00000
     -2.45000      0.00000      0.00000      0.00000
     -2.44000      0.00000      0.00000      0.00000
     -2.43000      0.00000      0.00000      0.00000
     -2.42000      0.00000      0.00000      0.00000
     -2.41000      0.00000      0.00000      0.00000
     -2.40000      0.00000      0.00000      0.00000
     -2.39000      0.00000      0.00000      0.00000
     -2.38000      0.00000      0.00000      0.00000
     -2.37000      0.00000      0.00000      0.00000
     -2.36000      0.00000      0.00000      0.00000
     -2.35000      0.00000      0.00000      0.00000
     -2.34000      0.00000      0.00000      0.00000
     -2.33000      0.00000      0.00000      0.00000
     -2.32000      0.00000      0.00000      0.00000
     -2.31000      0.00000      0.00000      0.00000
     -2.30000      0.00000      0.00000      0.00000
     -2.29000      0.00000      0.00000      0.00000
     -2.28000      0.00000      0.00000      0.00000
     -2.27000      0.00000      0.00000      0.00000
     -2.26000      0.00000      0.00000      0.00000
     -2.25000      0.00000      0.00000      0.00000
     -2.24000      0.00000      0.00000      0.00000
     -2.23000      0.00000      0.00000      0.00000
     -2.22000      0.00000      0.00000      0.00000
     -2.21000      0.00000      0.00000      0.00000
     -2.20000      0.00000      0.00000      0.00000
     -2.19000      0.00000      0.00000      0.00000
     -2.18000      0.00000      0.00000      0.00000
     -2.17000      0.00000      0.00000      0.00000
     -2.16000      0.00000      0.00000      0.00000
     -2.15000      0.00000      0.00000      0.00000
     -2.14000      0.00000      0.00000      0.00000
     -2.13000      0.00000      0.00000      0.00000
     -2.12000      0.00000      0.00000      0.00000
     -2.11000      0.00000      0.00000      0.00000
     -2.10000      0.00000      0.00000      0.00000
     -2.09000      0.00000      0.00000      0.00000
     -2.08000      0.00000      0.00000      0.00000
     -2.07000      0.00000      0.00000      0.00000
     -2.06000      0.00000      0.00000      0.00000
     -2.05000      0.00000      0.00000      0.00000
     -2.04000      0.00000      0.00000      0.00000
     -2.03000      0.00000      0.00000      0.00000
     -2.02000      0.00000      0.00000      0.00000
     -2.01000      0.00000      0.00000      0.00000
     -2.00000      0.00000      0.00000      0.00000
     -1.99000      0.00000      0.00000      0.00000
     -1.98000      0.00000      0.00000      0.00000
     -1.97000      0.00000      0.00000      0.00000
     -1.96000      0.00000      0.00000      0.00000
     -1.95000      0.00000      0.00000      0.00000
     -1.94000      0.00000      0.00000      0.00000
     -1.93000      0.00000      0.00000      0.00000
     -1.92000      0.00000      0.00000      0.00000
     -1.91000      0.00000      0.00000      0.00000
     -1.90000      0.00000      0.00000      0.00000
     -1.89000      0.00000      0.00000      0.00000
     -1.88000      0.00000      0.00000      0.00000
     -1.87000      0.00000      0.00000      0.00000
     -1.86000      0.00000      0.00000      0.00000
     -1.85000      0.00000      0.00000      0.00000
     -1.84000      0.00000      0.00000      0.00000
     -1.83000      0.00000      0.00000      0.00000
     -1.82000      0.00000      0.00000      0.00000
     -1.81000      0.00000      0.00000      0.00000
     -1.80000      0.00000      0.00000      0.00000
     -1.79000      0.00000      0.00000      0.00000
     -1.78000      0.00000      0.00000      0.00000
     -1.77000      0.00000      0.00000      0.00000
     -1.76000      0.00000      0.00000      0.00000
     -1.75000      0.00000      0.00000      0.00000
     -1.74000      0.00000      0.00000      0.00000
     -1.73000      0.00000      0.00000      0.00000
     -1.72000      0.00000      0.00000      0.00000
     -1.71000      0.00000      0.00000      0.00000
     -1.70000      0.00000      0.00000      0.00000
     -1.69000      0.00000      0.00000      0.00000
     -1.68000      0.00000      0.00000      0.00000
     -1.67000      0.00000      0.00000      0.00000
     -1.66000      0.00000      0.00000      0.00000
     -1.65000      0.00000      0.00000      0.00000
     -1.64000      0.00000      0.00000      0.00000
     -1.63000      0.04365      0.01089      0.03276
     -1.62000      1.52079      0.37949      1.14130
     -1.61000     19.49002      4.86346     14.62655
     -1.60000     91.88817     22.92942     68.95875
     -1.59000    159.37219     39.76913    119.60306
     -1.58000    101.68830     25.37491     76.31339
     -1.57000     23.86904      5.95619     17.91285
     -1.56000      2.06113      0.51433      1.54680
     -1.55000      0.06548      0.01634      0.04914
     -1.54000      0.00077      0.00019      0.00057
     -1.53000      0.00000      0.00000      0.00000
     -1.52000      0.00000      0.00000      0.00000
     -1.51000      0.00000      0.00000      0.00000
     -1.50000      0.00000      0.00000      0.00000
     -1.49000      0.00000      0.00000      0.00000
     -1.48000      0.00000      0.00000      0.00000
     -1.47000      0.00000      0.00000      0.00000
     -1.46000      0.00000      0.00000      0.00000
     -1.45000      0.00000      0.00000      0.00000
     -1.44000      0.00000      0.00000      0.00000
     -1.43000      0.00000      0.00000      0.00000
     -1.42000      0.00000      0.00000      0.00000
     -1.41000      0.00000      0.00000      0.00000
     -1.40000      0.00000      0.00000      0.00000
     -1.39000      0.00000      0.00000      0.00000
     -1.38000      0.00000      0.00000      0.00000
     -1.37000      0.00000      0.00000      0.00000
     -1.36000      0.00000      0.00000      0.00000
     -1.35000      0.00000      0.00000      0.00000
     -1.34000      0.00000      0.00000      0.00000
     -1.33000      0.00000      0.00000      0.00000
     -1.32000      0.00000      0.00000      0.00000
     -1.31000      0.00000      0.00000      0.00000
     -1.30000      0.00000      0.00000      0.00000
     -1.29000      0.00000      0.00000      0.00000
     -1.28000      0.00000      0.00000      0.00000
     -1.27000      0.00000      0.00000      0.00000
     -1.26000      0.00000      0.00000      0.00000
     -1.25000      0.00000      0.00000      0.00000
     -1.24000      0.00000      0.00000      0.00000
     -1.23000      0.00000      0.00000      0.00000
     -1.22000      0.00000      0.00000      0.00000
     -1.21000      0.00000      0.00000      0.00000
     -1.20000      0.00000      0.00000      0.00000
     -1.19000      0.00000      0.00000      0.00000
     -1.18000      0.00000      0.00000      0.00000
     -1.17000      0.00000      0.00000      0.00000
     -1.16000      0.00000      0.00000      0.00000
     -1.15000      0.00000      0.00000      0.00000
     -1.14000      0.00000      0.00000      0.00000
     -1.13000      0.00000      0.00000      0.00000
     -1.12000      0.00000      0.00000      0.00000
     -1.11000      0.00000      0.00000      0.00000
     -1.10000      0.00000      0.00000      0.00000
     -1.09000      0.00000      0.00000      0.00000
     -1.08000      0.00000      0.00000      0.00000
     -1.07000      0.00000      0.00000      0.00000
     -1.06000      0.00000      0.00000      0.00000
     -1.05000      0.00000      0.00000      0.00000
     -1.04000      0.00000      0.00000      0.00000
     -1.03000      0.00000      0.00000      0.00000
     -1.02000      0.00000      0.00000      0.00000
     -1.01000      0.00000      0.00000      0.00000
     -1.00000      0.00000      0.00000      0.00000
     -0.99000      0.00000      0.00000      0.00000
     -0.98000      0.00000      0.00000      0.00000
     -0.97000      0.00000      0.00000      0.00000
     -0.96000      0.00000      0.00000      0.00000
     -0.95000      0.00000      0.00000      0.00000
     -0.94000      0.00000      0.00000      0.00000
     -0.93000      0.00000      0.00000      0.00000
     -0.92000      0.00000      0.00000      0.00000
     -0.91000      0.00000      0.00000      0.00000
     -0.90000      0.00000      0.00000      0.00000
     -0.89000      0.00000      0.00000      0.00000
     -0.88000      0.00000      0.00000      0.00000
     -0.87000      0.00000      0.00000      0.00000
     -0.86000      0.00000      0.00000      0.00000
     -0.85000      0.00000      0.00000      0.00000
     -0.84000      0.00000      0.00000      0.00000
     -0.83000      0.00000      0.00000      0.00000
     -0.82000      0.00000      0.00000      0.00000
     -0.81000      0.00000      0.00000      0.00000
     -0.80000      0.00000      0.00000      0.00000
     -0.79000      0.00000      0.00000      0.00000
     -0.78000      0.00000      0.00000      0.00000
     -0.77000      0.00000      0.00000      0.00000
     -0.76000      0.00000      0.00000      0.00000
     -0.75000      0.00000      0.00000      0.00000
     -0.74000      0.00000      0.00000      0.00000
     -0.73000      0.00000      0.00000      0.00000
     -0.72000      0.00000      0.00000      0.00000
     -0.71000      0.00000      0.00000      0.00000
     -0.70000      0.00000      0.00000      0.00000
     -0.69000      0.00000      0.00000      0.00000
     -0.68000      0.00000      0.00000      0.00000
     -0.67000      0.00000      0.00000      0.00000
     -0.66000      0.00000      0.00000      0.00000
     -0.65000      0.00000      0.00000      0.00000
     -0.64000      0.00000      0.00000      0.00000
     -0.63000      0.00000      0.00000      0.00000
     -0.62000      0.00000      0.00000      0.00000
     -0.61000      0.00000      0.00000      0.00000
     -0.60000      0.00000      0.00000      0.00000
     -0.59000      0.00000      0.00000      0.00000
     -0.58000      0.00000      0.00000      0.00000
     -0.57000      0.00000      0.00000      0.00000
     -0.56000      0.00000      0.00000      0.00000
     -0.55000      0.00000      0.00000      0.00000
     -0.54000      0.00000      0.00000      0.00000
     -0.53000      0.00000      0.00000      0.00000
     -0.52000      0.00000      0.00000      0.00000
     -0.51000      0.00000      0.00000      0.00000
     -0.50000      0.00000      0.00000      0.00000
     -0.49000      0.00000      0.00000      0.00000
     -0.48000      0.00000      0.00000      0.00000
     -0.47000      0.00000      0.00000      0.00000
     -0.46000      0.00000      0.00000      0.00000
     -0.45000      0.00000      0.00000      0.00000
     -0.44000      0.00000      0.00000      0.00000
     -0.43000      0.00000      0.00000      0.00000
     -0.42000      0.00000      0.00000      0.00000
     -0.41000      0.00000      0.00000      0.00000
     -0.40000      0.00000      0.00000      0.00000
     -0.39000      0.00000      0.00000      0.00000
     -0.38000      0.00000      0.00000      0.00000
     -0.37000      0.00000      0.00000      0.00000
     -0.36000      0.00000      0.00000      0.00000
     -0.35000      0.00000      0.00000      0.00000
     -0.34000      0.00000      0.00000      0.00000
     -0.33000      0.00000      0.00000      0.00000
     -0.32000      0.00000      0.00000      0.00000
     -0.31000      0.00000      0.00000      0.00000
     -0.30000      0.00000      0.00000      0.00000
     -0.29000      0.00000      0.00000      0.00000
     -0.28000      0.00000      0.00000      0.00000
     -0.27000      0.00000      0.00000      0.00000
     -0.26000      0.00000      0.00000      0.00000
     -0.25000      0.00000      0.00000      0.00000
     -0.24000      0.00000      0.00000      0.00000
     -0.23000      0.00000      0.00000      0.00000
     -0.22000      0.00000      0.00000      0.00000
     -0.21000      0.00000      0.00000      0.00000
     -0.20000      0.00000      0.00000      0.00000
     -0.19000      0.00000      0.00000      0.00000
     -0.18000      0.00000      0.00000      0.00000
     -0.17000      0.00000      0.00000      0.00000
     -0.16000      0.00000      0.00000      0.00000
     -0.15000      0.00000      0.00000      0.00000
     -0.14000      0.00000      0.00000      0.00000
     -0.13000      0.00000      0.00000      0.00000
     -0.12000      0.00000      0.00000      0.00000
     -0.11000      0.00000      0.00000      0.00000
     -0.10000      0.00000      0.00000      0.00000
     -0.09000      0.00000      0.00000      0.00000
     -0.08000      0.00000      0.00000      0.00000
     -0.07000      0.00000      0.00000      0.00000
     -0.06000      0.00000      0.00000      0.00000
     -0.05000      0.00030      0.00024      0.00005
     -0.04000      0.02677      0.02184      0.00493
     -0.03000      0.88637      0.72314      0.16323
     -0.02000     10.79819      8.80959      1.98860
     -0.01000     48.39414     39.48185      8.91230
      0.00000     79.78846     65.09456     14.69389
      0.01000     48.39414     39.48185      8.91230
      0.02000     10.79819      8.80959      1.98860
      0.03000      0.88637      0.72314      0.16323
      0.04000      0.02677      0.02184      0.00493
      0.05000      0.00000      0.00000      0.00000
      0.06000      0.00000      0.00000      0.00000
      0.07000      0.00000      0.00000      0.00000
      0.08000      0.00000      0.00000      0.00000
      0.09000      0.00000      0.00000      0.00000
      0.10000      0.00000      0.00000      0.00000
      0.11000      0.00000      0.00000      0.00000
      0.12000      0.00000      0.00000      0.00000
      0.13000      0.00000      0.00000      0.00000
      0.14000      0.00000      0.00000      0.00000
      0.15000      0.00000      0.00000      0.00000
      0.16000      0.00000      0.00000      0.00000
      0.17000      0.00000      0.00000      0.00000
      0.18000      0.00000      0.00000      0.00000
      0.19000      0.00000      0.00000      0.00000
      0.20000      0.00000      0.00000      0.00000
      0.21000      0.00000      0.00000      0.00000
      0.22000      0.00000      0.00000      0.00000
      0.23000      0.00000      0.00000      0.00000
      0.24000      0.00000      0.00000      0.00000
      0.25000      0.00000      0.00000      0.00000
      0.26000      0.00000      0.00000      0.00000
      0.27000      0.00000      0.00000      0.00000
      0.28000      0.00000      0.00000      0.00000
      0.29000      0.00000      0.00000      0.00000
      0.30000      0.00000      0.00000      0.00000
      0.31000      0.00000      0.00000      0.00000
      0.32000      0.00000      0.00000      0.00000
      0.33000      0.00000      0.00000      0.00000
      0.34000      0.00000      0.00000      0.00000
      0.35000      0.00000      0.00000      0.00000
      0.36000      0.00000      0.00000      0.00000
      0.37000      0.00000      0.00000      0.00000
      0.38000      0.00000      0.00000      0.00000
      0.39000      0.00000      0.00000      0.00000
      0.40000      0.00000      0.00000      0.00000
      0.41000      0.00000      0.00000      0.00000
      0.42000      0.00000      0.00000      0.00000
      0.43000      0.00000      0.00000      0.00000
      0.44000      0.00000      0.00000      0.00000
      0.45000      0.00000      0.00000      0.00000
      0.46000      0.00000      0.00000      0.00000
      0.47000      0.00000      0.00000      0.00000
      0.48000      0.00000      0.00000      0.00000
      0.49000      0.00000      0.00000      0.00000
      0.50000      0.00000      0.00000      0.00000
      0.51000      0.00000      0.00000      0.00000
      0.52000      0.00000      0.00000      0.00000
      0.53000      0.00000      0.00000      0.00000
      0.54000      0.00000      0.00000      0.00000
      0.55000      0.00000      0.00000      0.00000
      0.56000      0.00000      0.00000      0.00000
      0.57000      0.00000      0.00000      0.00000
      0.58000      0.00000      0.00000      0.00000
      0.59000      0.00000      0.00000      0.00000
      0.60000      0.00000      0.00000      0.00000
      0.61000      0.00000      0.00000      0.00000
      0.62000      0.00000      0.00000      0.00000
      0.63000      0.00000      0.00000      0.00000
      0.64000      0.00000      0.00000      0.00000
      0.65000      0.00000      0.00000      0.00000
      0.66000      0.00000      0.00000      0.00000
      0.67000      0.00000      0.00000      0.00000
      0.68000      0.00000      0.00000      0.00000
      0.69000      0.00000      0.00000      0.00000
      0.70000      0.00000      0.00000      0.00000
      0.71000      0.00000      0.00000      0.00000
      0.72000      0.00000      0.00000      0.00000
      0.73000      0.00000      0.00000      0.00000
      0.74000      0.00000      0.00000      0.00000
      0.75000      0.00000      0.00000      0.00000
      0.76000      0.00000      0.00000      0.00000
      0.77000      0.00000      0.00000      0.00000
      0.78000      0.00000      0.00000      0.00000
      0.79000      0.00000      0.00000      0.00000
      0.80000      0.00000      0.00000      0.00000
      0.81000      0.00000      0.00000      0.00000
      0.82000      0.00000      0.00000      0.00000
      0.83000      0.00000      0.00000      0.00000
      0.84000      0.00000      0.00000      0.00000
      0.85000      0.00000      0.00000      0.00000
      0.86000      0.00000      0.00000      0.00000
      0.87000      0.00000      0.00000      0.00000
      0.88000      0.00000      0.00000      0.00000
      0.89000      0.00000      0.00000      0.00000
      0.90000      0.00000      0.00000      0.00000
      0.91000      0.00000      0.00000      0.00000
      0.92000      0.00000      0.00000      0.00000
      0.93000      0.00000      0.00000      0.00000
      0.94000      0.00000      0.00000      0.00000
      0.95000      0.00000      0.00000      0.00000
      0.96000      0.00000      0.00000      0.00000
      0.97000      0.00000      0.00000      0.00000
      0.98000      0.00000      0.00000      0.00000
      0.99000      0.00000      0.00000      0.00000
      1.00000      0.00000      0.00000      0.00000
      1.01000      0.00000      0.00000      0.00000
      1.02000      0.00000      0.00000      0.00000
      1.03000      0.00000      0.00000      0.00000
      1.04000      0.00000      0.00000      0.00000
      1.05000      0.00000      0.00000      0.00000
      1.06000      0.00000      0.00000      0.00000
      1.07000      0.00000      0.00000      0.00000
      1.08000      0.00000      0.00000      0.00000
      1.09000      0.00000      0.00000      0.00000
      1.10000      0.00000      0.00000      0.00000
      1.11000      0.00000      0.00000      0.00000
      1.12000      0.00000      0.00000      0.00000
      1.13000      0.00000      0.00000      0.00000
      1.14000      0.00000      0.00000      0.00000
      1.15000      0.00000      0.00000      0.00000
      1.16000      0.00000      0.00000      0.00000
      1.17000      0.00000      0.00000      0.00000
      1.18000      0.00000      0.00000      0.00000
      1.19000      0.00000      0.00000      0.00000
      1.20000      0.00000      0.00000      0.00000
      1.21000      0.00000      0.00000      0.00000
      1.22000      0.00000      0.00000      0.00000
      1.23000      0.00000      0.00000      0.00000
      1.24000      0.00000      0.00000      0.00000
      1.25000      0.00000      0.00000      0.00000
      1.26000      0.00000      0.00000      0.00000
      1.27000      0.00000      0.00000      0.00000
      1.28000      0.00000      0.00000      0.00000
      1.29000      0.00000      0.00000      0.00000
      1.30000      0.00000      0.00000      0.00000
      1.31000      0.00000      0.00000      0.00000
      1.32000      0.00000      0.00000      0.00000
      1.33000      0.00000      0.00000      0.00000
      1.34000      0.00000      0.00000      0.00000
      1.35000      0.00000      0.00000      0.00000
      1.36000      0.00000      0.00000      0.00000
      1.37000      0.00000      0.00000      0.00000
      1.38000      0.00000      0.00000      0.00000
      1.39000      0.00000      0.00000      0.00000
      1.40000      0.00000      0.00000      0.00000
      1.41000      0.00000      0.00000      0.00000
      1.42000      0.00000      0.00000      0.00000
      1.43000      0.00000      0.00000      0.00000
      1.44000      0.00000      0.00000      0.00000
      1.45000      0.00000      0.00000      0.00000
      1.46000      0.00000      0.00000      0.00000
      1.47000      0.00000      0.00000      0.00000
      1.48000      0.00000      0.00000      0.00000
      1.49000      0.00000      0.00000      0.00000
      1.50000      0.00000      0.00000      0.00000
      1.51000      0.00000      0.00000      0.00000
      1.52000      0.00000      0.00000      0.00000
      1.53000      0.00000      0.00000      0.00000
      1.54000      0.00000      0.00000      0.00000
      1.55000      0.00000      0.00000      0.00000
      1.56000      0.00000      0.00000      0.00000
      1.57000      0.00000      0.00000      0.00000
      1.58000      0.00000      0.00000      0.00000
      1.59000      0.00000      0.00000      0.00000
      1.60000      0.00000      0.00000      0.00000
      1.61000      0.00000      0.00000      0.00000
      1.62000      0.00000      0.00000      0.00000
      1.63000      0.00000      0.00000      0.00000
      1.64000      0.00000      0.00000      0.00000
      1.65000      0.00000      0.00000      0.00000
      1.66000      0.00000      0.00000      0.00000
      1.67000      0.00000      0.00000      0.00000
      1.68000      0.00000      0.00000      0.00000
      1.69000      0.00000      0.00000      0.00000
      1.70000      0.00000      0.00000      0.00000
      1.71000      0.00000      0.00000      0.00000
      1.72000      0.00000      0.00000      0.00000
      1.73000      0.00000      0.00000      0.00000
      1.74000      0.00000      0.00000      0.00000
      1.75000      0.00000      0.00000      0.00000
      1.76000      0.00000      0.00000      0.00000
      1.77000      0.00000      0.00000      0.00000
      1.78000      0.00000      0.00000      0.00000
      1.79000      0.00000      0.00000      0.00000
      1.80000      0.00000      0.00000      0.00000
      1.81000      0.00000      0.00000      0.00000
      1.82000      0.00000      0.00000      0.00000
      1.83000      0.00000      0.00000      0.00000
      1.84000      0.00000      0.00000      0.00000
      1.85000      0.00000      0.00000      0.00000
      1.86000      0.00000      0.00000      0.00000
      1.87000      0.00000      0.00000      0.00000
      1.88000      0.00000      0.00000      0.00000
      1.89000      0.00000      0.00000      0.00000
      1.90000      0.00000      0.00000      0.00000
      1.91000      0.00000      0.00000      0.00000
      1.92000      0.00000      0.00000      0.00000
      1.93000      0.00000      0.00000      0.00000
      1.94000      0.00000      0.00000      0.00000
      1.95000      0.00000      0.00000      0.00000
      1.96000      0.00000      0.00000      0.00000
      1.97000      0.00000      0.00000      0.00000
      1.98000      0.00000      0.00000      0.00000
      1.99000      0.00000      0.00000      0.00000
      2.00000      0.00000      0.00000      0.00000
      2.01000      0.00000      0.00000      0.00000
      2.02000      0.00000      0.00000      0.00000
      2.03000      0.00000      0.00000      0.00000
      2.04000      0.00000      0.00000      0.00000
      2.05000      0.00000      0.00000      0.00000
      2.06000      0.00000      0.00000      0.00000
      2.07000      0.00000      0.00000      0.00000
      2.08000      0.00000      0.00000      0.00000
      2.09000      0.00000      0.00000      0.00000
      2.10000      0.00000      0.00000      0.00000
      2.11000      0.00000      0.00000      0.00000
      2.12000      0.00000      0.00000      0.00000
      2.13000      0.00000      0.00000      0.00000
      2.14000      0.00000      0.00000      0.00000
      2.15000      0.00000      0.00000      0.00000
      2.16000      0.00000      0.00000      0.00000
      2.17000      0.00000      0.00000      0.00000
      2.18000      0.00000      0.00000      0.00000
      2.19000      0.00000      0.00000      0.00000
      2.20000      0.00000      0.00000      0.00000
      2.21000      0.00000      0.00000      0.00000
      2.22000      0.00000      0.00000      0.00000
      2.23000      0.00000      0.00000      0.00000
      2.24000      0.00000      0.00000      0.00000
      2.25000      0.00000      0.00000      0.00000
      2.26000      0.00000      0.00000      0.00000
      2.27000      0.00000      0.00000      0.00000
      2.28000      0.00000      0.00000      0.00000
      2.29000      0.00000      0.00000      0.00000
      2.30000      0.00000      0.00000      0.00000
      2.31000      0.00000      0.00000      0.00000
      2.32000      0.00000      0.00000      0.00000
      2.33000      0.00000      0.00000      0.00000
      2.34000      0.00000      0.00000      0.00000
      2.35000      0.00000      0.00000      0.00000
      2.36000      0.00000      0.00000      0.00000
      2.37000      0.00000      0.00000      0.00000
      2.38000      0.00000      0.00000      0.00000
      2.39000      0.00000      0.00000      0.00000
      2.40000      0.00000      0.00000      0.00000
      2.41000      0.00000      0.00000      0.00000
      2.42000      0.00000      0.00000      0.00000
      2.43000      0.00000      0.00000      0.00000
      2.44000      0.00000      0.00000      0.00000
      2.45000      0.00000      0.00000      0.00000
      2.46000      0.00000      0.00000      0.00000
      2.47000      0.00000      0.00000      0.00000
      2.48000      0.00000      0.00000      0.00000
      2.49000      0.00000      0.00000      0.00000
      2.50000      0.00000      0.00000      0.00000
      2.51000      0.00000      0.00000      0.00000
      2.52000      0.00000      0.00000      0.00000
      2.53000      0.00000      0.00000      0.00000
      2.54000      0.00000      0.00000      0.00000
      2.55000      0.00000      0.00000      0.00000
      2.56000      0.00000      0.00000      0.00000
      2.57000      0.00000      0.00000      0.00000
      2.58000      0.00000      0.00000      0.00000
      2.59000      0.00000      0.00000      0.00000
      2.60000      0.00000      0.00000      0.00000
      2.61000      0.00000      0.00000      0.00000
      2.62000      0.00000      0.00000      0.00000
      2.63000      0.00000      0.00000      0.00000
      2.64000      0.00000      0.00000      0.00000
      2.65000      0.00000      0.00000      0.00000
      2.66000      0.00000      0.00000      0.00000
      2.67000      0.00000      0.00000      0.00000
      2.68000      0.00000      0.00000      0.00000
      2.69000      0.00000      0.00000      0.00000
      2.70000      0.00000      0.00000      0.00000
      2.71000      0.00000      0.00000      0.00000
      2.72000      0.00000      0.00000      0.00000
      2.73000      0.00000      0.00000      0.00000
      2.74000      0.00000      0.00000      0.00000
      2.75000      0.00000      0.00000      0.00000
      2.76000      0.00000      0.00000      0.00000
      2.77000      0.00000      0.00000      0.00000
      2.78000      0.00000      0.00000      0.00000
      2.79000      0.00000      0.00000      0.00000
      2.80000      0.00000      0.00000      0.00000
      2.81000      0.00000      0.00000      0.00000
      2.82000      0.00000      0.00000      0.00000
      2.83000      0.00000      0.00000      0.00000
      2.84000      0.00000      0.00000      0.00000
      2.85000      0.00000      0.00000      0.00000
      2.86000      0.00000      0.00000      0.00000
      2.87000      0.00000      0.00000      0.00000
      2.88000      0.00000      0.00000      0.00000
      2.89000      0.00000      0.00000      0.00000
      2.90000      0.00000      0.00000      0.00000
      2.91000      0.00000      0.00000      0.00000
      2.92000      0.00000      0.00000      0.00000
      2.93000      0.00000      0.00000      0.00000
      2.94000      0.00000      0.00000      0.00000
      2.95000      0.00000      0.00000      0.00000
      2.96000      0.00000      0.00000      0.00000
      2.97000      0.00000      0.00000      0.00000
      2.98000      0.00000      0.00000      0.00000
      2.99000      0.00000      0.00000      0.00000
      3.00000      0.00000      0.00000      0.00000
      3.01000      0.00000      0.00000      0.00000
      3.02000      0.00000      0.00000      0.00000
      3.03000      0.00000      0.00000      0.00000
      3.04000      0.00000      0.00000      0.00000
      3.05000      0.00000      0.00000      0.00000
      3.06000      0.00000      0.00000      0.00000
      3.07000      0.00000      0.00000      0.00000
      3.08000      0.00000      0.00000      0.00000
      3.09000      0.00000      0.00000      0.00000
      3.10000      0.00000      0.00000      0.00000
      3.11000      0.00000      0.00000      0.00000
      3.12000      0.00000      0.00000      0.00000
      3.13000      0.00000      0.00000      0.00000
      3.14000      0.00000      0.00000      0.00000
      3.15000      0.00000      0.00000      0.00000
      3.16000      0.00000      0.00000      0.00000
      3.17000      0.00000      0.00000      0.00000
      3.18000      0.00000      0.00000      0.00000
      3.19000      0.00000      0.00000      0.00000
      3.20000      0.00000      0.00000      0.00000
      3.21000      0.00000      0.00000      0.00000
      3.22000      0.00000      0.00000      0.00000
      3.23000      0.00000      0.00000      0.00000
      3.24000      0.00000      0.00000      0.00000
      3.25000      0.00000      0.00000      0.00000
      3.26000      0.00000      0.00000      0.00000
      3.27000      0.00000      0.00000      0.00000
      3.28000      0.00000      0.00000      0.00000
      3.29000      0.00000      0.00000      0.00000
      3.30000      0.00000      0.00000      0.00000
      3.31000      0.00000      0.00000      0.00000
      3.32000      0.00000      0.00000      0.00000
      3.33000      0.00000      0.00000      0.00000
      3.34000      0.00000      0.00000      0.00000
      3.35000      0.00000      0.00000      0.00000
      3.36000      0.00000      0.00000      0.00000
      3.37000      0.00000      0.00000      0.00000
      3.38000      0.00000      0.00000      0.00000
      3.39000      0.00000      0.00000      0.00000
      3.40000      0.00000      0.00000      0.00000
      3.41000      0.00000      0.00000      0.00000
      3.42000      0.00000      0.00000      0.00000
      3.43000      0.00000      0.00000      0.00000
      3.44000      0.00000      0.00000      0.00000
      3.45000      0.00000      0.00000      0.00000
      3.46000      0.00000      0.00000      0.00000
      3.47000      0.00000      0.00000      0.00000
      3.48000      0.00000      0.00000      0.00000
      3.49000      0.00000      0.00000      0.00000
      3.50000      0.00000      0.00000      0.00000
      3.51000      0.00000      0.00000      0.00000
      3.52000      0.00000      0.00000      0.00000
      3.53000      0.00000      0.00000      0.00000
      3.54000      0.00000      0.00000      0.00000
      3.55000      0.00000      0.00000      0.00000
      3.56000      0.00000      0.00000      0.00000
      3.57000      0.00000      0.00000      0.00000
      3.58000      0.00000      0.00000      0.00000
      3.59000      0.00000      0.00000      0.00000
      3.60000      0.00000      0.00000      0.00000
      3.61000      0.00000      0.00000      0.00000
      3.62000      0.00000      0.00000      0.00000
      3.63000      0.00000      0.00000      0.00000
      3.64000      0.00000      0.00000      0.00000
      3.65000      0.00000      0.00000      0.00000
      3.66000      0.00000      0.00000      0.00000
      3.67000      0.00000      0.00000      0.00000
      3.68000      0.00000      0.00000      0.00000
      3.69000      0.00000      0.00000      0.00000
      3.70000      0.00000      0.00000      0.00000
      3.71000      0.00000      0.00000      0.00000
      3.72000      0.00000      0.00000      0.00000
      3.73000      0.00000      0.00000      0.00000
      3.74000      0.00000      0.00000      0.00000
      3.75000      0.00000      0.00000      0.00000
      3.76000      0.00000      0.00000      0.00000
      3.77000      0.00000      0.00000      0.00000
      3.78000      0.00000      0.00000      0.00000
      3.79000      0.00000      0.00000      0.00000
      3.80000      0.00000      0.00000      0.00000
      3.81000      0.00000      0.00000      0.00000
      3.82000      0.00000      0.00000      0.00000
      3.83000      0.00000      0.00000      0.00000
      3.84000      0.00000      0.00000      0.00000
      3.85000      0.00000      0.00000      0.00000
      3.86000      0.00000      0.00000      0.00000
      3.87000      0.00000      0.00000      0.00000
      3.88000      0.00000      0.00000      0.00000
      3.89000      0.00000      0.00000      0.00000
      3.90000      0.00000      0.00000      0.00000
      3.91000      0.00000      0.00000      0.00000
      3.92000      0.00000      0.00000      0.00000
      3.93000      0.00000      0.00000      0.00000
      3.94000      0.00000      0.00000      0.00000
      3.95000      0.00000      0.00000      0.00000
      3.96000      0.00000      0.00000      0.00000
      3.97000      0.00000      0.00000      0.00000
      3.98000      0.00000      0.00000      0.00000
      3.99000      0.00000      0.00000      0.00000
      4.00000      0.00000      0.00000      0.00000
      4.01000      0.00000      0.00000      0.00000
      4.02000      0.00000      0.00000      0.00000
      4.03000      0.00000      0.00000      0.00000
      4.04000      0.00000      0.00000      0.00000
      4.05000      0.00000      0.00000      0.00000
      4.06000      0.00000      0.00000      0.00000
      4.07000      0.00000      0.00000      0.00000
      4.08000      0.00000      0.00000      0.00000
      4.09000      0.00000      0.00000      0.00000
      4.10000      0.00000      0.00000      0.00000
      4.11000      0.00000      0.00000      0.00000
      4.12000      0.00000      0.00000      0.00000
      4.13000      0.00000      0.00000      0.00000
      4.14000      0.00000      0.00000      0.00000
      4.15000      0.00000      0.00000      0.00000
      4.16000      0.00000      0.00000      0.00000
      4.17000      0.00000      0.00000      0.00000
      4.18000      0.00000      0.00000      0.00000
      4.19000      0.00000      0.00000      0.00000
      4.20000      0.00000      0.00000      0.00000
      4.21000      0.00000      0.00000      0.00000
      4.22000      0.00000      0.00000      0.00000
      4.23000      0.00000      0.00000      0.00000
      4.24000      0.00000      0.00000      0.00000
      4.25000      0.00000      0.00000      0.00000
      4.26000      0.00000      0.00000      0.00000
      4.27000      0.00000      0.00000      0.00000
      4.28000      0.00000      0.00000      0.00000
      4.29000      0.00000      0.00000      0.00000
      4.30000      0.00000      0.00000      0.00000
      4.31000      0.00000      0.00000      0.00000
      4.32000      0.00000      0.00000      0.00000
      4.33000      0.00000      0.00000      0.00000
      4.34000      0.00000      0.00000      0.00000
      4.35000      0.00000      0.00000      0.00000
      4.36000      0.00000      0.00000      0.00000
      4.37000      0.00000      0.00000      0.00000
      4.38000      0.00000      0.00000      0.00000
      4.39000      0.00000      0.00000      0.00000
      4.40000      0.00000      0.00000      0.00000
      4.41000      0.00000      0.00000      0.00000
      4.42000      0.00000      0.00000      0.00000
      4.43000      0.00000      0.00000      0.00000
      4.44000      0.00000      0.00000      0.00000
      4.45000      0.00000      0.00000      0.00000
      4.46000      0.00000      0.00000      0.00000
      4.47000      0.00000      0.00000      0.00000
      4.48000      0.00000      0.00000      0.00000
      4.49000      0.00000      0.00000      0.00000
      4.50000      0.00000      0.00000      0.00000
      4.51000      0.00000      0.00000      0.00000
      4.52000      0.00000      0.00000      0.00000
      4.53000      0.00000      0.00000      0.00000
      4.54000      0.00000      0.00000      0.00000
      4.55000      0.00000      0.00000      0.00000
      4.56000      0.00000      0.00000      0.00000
      4.57000      0.00000      0.00000      0.00000
      4.58000      0.00000      0.00000      0.00000
      4.59000      0.00000      0.00000      0.00000
      4.60000      0.00000      0.00000      0.00000
      4.61000      0.00000      0.00000      0.00000
      4.62000      0.00000      0.00000      0.00000
      4.63000      0.00000      0.00000      0.00000
      4.64000      0.00000      0.00000      0.00000
      4.65000      0.00000      0.00000      0.00000
      4.66000      0.00000      0.00000      0.00000
      4.67000      0.00000      0.00000      0.00000
      4.68000      0.00000      0.00000      0.00000
      4.69000      0.00000      0.00000      0.00000
      4.70000      0.00000      0.00000      0.00000
      4.71000      0.00000      0.00000      0.00000
      4.72000      0.00000      0.00000      0.00000
      4.73000      0.00000      0.00000      0.00000
      4.74000      0.00000      0.00000      0.00000
      4.75000      0.00000      0.00000      0.00000
      4.76000      0.00000      0.00000      0.00000
      4.77000      0.00000      0.00000      0.00000
      4.78000      0.00000      0.00000      0.00000
      4.79000      0.00000      0.00000      0.00000
      4.80000      0.00000      0.00000      0.00000
      4.81000      0.00000      0.00000      0.00000
      4.82000      0.00000      0.00000      0.00000
      4.83000      0.00000      0.00000      0.00000
      4.84000      0.00000      0.00000      0.00000
      4.85000      0.00000      0.00000      0.00000
      4.86000      0.00000      0.00000      0.00000
      4.87000      0.00000      0.00000      0.00000
      4.88000      0.00000      0.00000      0.00000
      4.89000      0.00000      0.00000      0.00000
      4.90000      0.00000      0.00000      0.00000
      4.91000      0.00000      0.00000      0.00000
      4.92000      0.00000      0.00000      0.00000
      4.93000      0.00000      0.00000      0.00000
      4.94000      0.00000      0.00000      0.00000
      4.95000      0.00000      0.00000      0.00000
      4.96000      0.00000      0.00000      0.00000
      4.97000      0.00000      0.00000      0.00000
      4.98000      0.00000      0.00000      0.00000
      4.99000      0.00000      0.00000      0.00000
      5.00000      0.00000      0.00000      0.00000
      5.01000      0.00000      0.00000      0.00000
      5.02000      0.00000      0.00000      0.00000
      5.03000      0.00000      0.00000      0.00000
      5.04000      0.00000      0.00000      0.00000
      5.05000      0.00000      0.00000      0.00000
      5.06000      0.00000      0.00000      0.00000
      5.07000      0.00000      0.00000      0.00000
      5.08000      0.00000      0.00000      0.00000
      5.09000      0.00000      0.00000      0.00000
      5.10000      0.00000      0.00000      0.00000
      5.11000      0.00000      0.00000      0.00000
      5.12000      0.00000      0.00000      0.00000
      5.13000      0.00000      0.00000      0.00000
      5.14000      0.00000      0.00000      0.00000
      5.15000      0.00000      0.00000      0.00000
      5.16000      0.00000      0.00000      0.00000
      5.17000      0.00000      0.00000      0.00000
      5.18000      0.00000      0.00000      0.00000
      5.19000      0.00000      0.00000      0.00000
      5.20000      0.00000      0.00000      0.00000
      5.21000      0.00000      0.00000      0.00000
      5.22000      0.00000      0.00000      0.00000
      5.23000      0.00000      0.00000      0.00000
      5.24000      0.00000      0.00000      0.00000
      5.25000      0.00000      0.00000      0.00000
      5.26000      0.00000      0.00000      0.00000
      5.27000      0.00000      0.00000      0.00000
      5.28000      0.00000      0.00000      0.00000
      5.29000      0.00000      0.00000      0.00000
      5.30000      0.00000      0.00000      0.00000
      5.31000      0.00000      0.00000      0.00000
      5.32000      0.00000      0.00000      0.00000
      5.33000      0.00000      0.00000      0.00000
      5.34000      0.00000      0.00000      0.00000
      5.35000      0.00000      0.00000      0.00000
      5.36000      0.00000      0.00000      0.00000
      5.37000      0.00000      0.00000      0.00000
      5.38000      0.00000      0.00000      0.00000
      5.39000      0.00000      0.00000      0.00000
      5.40000      0.00000      0.00000      0.00000
      5.41000      0.00000      0.00000      0.00000
      5.42000      0.00000      0.00000      0.00000
      5.43000      0.00000      0.00000      0.00000
      5.44000      0.00000      0.00000      0.00000
      5.45000      0.00000      0.00000      0.00000
      5.46000      0.00000      0.00000      0.00000
      5.47000      0.00000      0.00000      0.00000
      5.48000      0.00000      0.00000      0.00000
      5.49000      0.00000      0.00000      0.00000
      5.50000      0.00000      0.00000      0.00000
      5.51000      0.00000      0.00000      0.00000
      5.52000      0.00000      0.00000      0.00000
      5.53000      0.00000      0.00000      0.00000
      5.54000      0.00000      0.00000      0.00000
      5.55000      0.00000      0.00000      0.00000
      5.56000      0.00000      0.00000      0.00000
      5.57000      0.00000      0.00000      0.00000
      5.58000      0.00000      0.00000      0.00000
      5.59000      0.00000      0.00000      0.00000
      5.60000      0.00000      0.00000      0.00000
      5.61000      0.00000      0.00000      0.00000
      5.62000      0.00000      0.00000      0.00000
      5.63000      0.00000      0.00000      0.00000
      5.64000      0.00000      0.00000      0.00000
      5.65000      0.00000      0.00000      0.00000
      5.66000      0.00000      0.00000      0.00000
      5.67000      0.00000      0.00000      0.00000
      5.68000      0.00000      0.00000      0.00000
      5.69000      0.00000      0.00000      0.00000
      5.70000      0.00000      0.00000      0.00000
      5.71000      0.00000      0.00000      0.00000
      5.72000      0.00000      0.00000      0.00000
      5.73000      0.00000      0.00000      0.00000
      5.74000      0.00000      0.00000      0.00000
      5.75000      0.00000      0.00000      0.00000
      5.76000      0.00000      0.00000      0.00000
      5.77000      0.00000      0.00000      0.00000
      5.78000      0.00000      0.00000      0.00000
      5.79000      0.00000      0.00000      0.00000
      5.80000      0.00000      0.00000      0.00000
      5.81000      0.00000      0.00000      0.00000
      5.82000      0.00000      0.00000      0.00000
      5.83000      0.00000      0.00000      0.00000
      5.84000      0.00000      0.00000      0.00000
      5.85000      0.00000      0.00000      0.00000
      5.86000      0.00000      0.00000      0.00000
      5.87000      0.00000      0.00000      0.00000
      5.88000      0.00000      0.00000      0.00000
      5.89000      0.00000      0.00000      0.00000
      5.90000      0.00000      0.00000      0.00000
      5.91000      0.00000      0.00000      0.00000
      5.92000      0.00000      0.00000      0.00000
      5.93000      0.00000      0.00000      0.00000
      5.94000      0.00000      0.00000      0.00000
      5.95000      0.00000      0.00000      0.00000
      5.96000      0.00000      0.00000      0.00000
      5.97000      0.00000      0.00000      0.00000
      5.98000      0.00000      0.00000      0.00000
      5.99000      0.00000      0.00000      0.00000
      6.00000      0.00000      0.00000      0.00000
      6.01000      0.00000      0.00000      0.00000
      6.02000      0.00000      0.00000      0.00000
      6.03000      0.00000      0.00000      0.00000
      6.04000      0.00000      0.00000      0.00000
      6.05000      0.00000      0.00000      0.00000
      6.06000      0.00000      0.00000      0.00000
      6.07000      0.00000      0.00000      0.00000
      6.08000      0.00000      0.00000      0.00000
      6.09000      0.00000      0.00000      0.00000
      6.10000      0.00000      0.00000      0.00000
      6.11000      0.00000      0.00000      0.00000
      6.12000      0.00000      0.00000      0.00000
      6.13000      0.00000      0.00000      0.00000
      6.14000      0.00000      0.00000      0.00000
      6.15000      0.00000      0.00000      0.00000
      6.16000      0.00000      0.00000      0.00000
      6.17000      0.00000      0.00000      0.00000
      6.18000      0.00000      0.00000      0.00000
      6.19000      0.00000      0.00000      0.00000
      6.20000      0.00000      0.00000      0.00000
      6.21000      0.00000      0.00000      0.00000
      6.22000      0.00000      0.00000      0.00000
      6.23000      0.00000      0.00000      0.00000
      6.24000      0.00000      0.00000      0.00000
      6.25000      0.00000      0.00000      0.00000
      6.26000      0.00000      0.00000      0.00000
      6.27000      0.00000      0.00000      0.00000
      6.28000      0.00000      0.00000      0.00000
      6.29000      0.00000      0.00000      0.00000
      6.30000      0.00000      0.00000      0.00000
      6.31000      0.00000      0.00000      0.00000
      6.32000      0.00000      0.00000      0.00000
      6.33000      0.00000      0.00000      0.00000
      6.34000      0.00000      0.00000      0.00000
      6.35000      0.00000      0.00000      0.00000
      6.36000      0.00000      0.00000      0.00000
      6.37000      0.00000      0.00000      0.00000
      6.38000      0.00000      0.00000      0.00000
      6.39000      0.00000      0.00000      0.00000
      6.40000      0.00000      0.00000      0.00000
      6.41000      0.00000      0.00000      0.00000
      6.42000      0.00000      0.00000      0.00000
      6.43000      0.00000      0.00000      0.00000
      6.44000      0.00000      0.00000      0.00000
      6.45000      0.00000      0.00000      0.00000
      6.46000      0.00000      0.00000      0.00000
      6.47000      0.00000      0.00000      0.00000
      6.48000      0.00000      0.00000      0.00000
      6.49000      0.00000      0.00000      0.00000
      6.50000      0.00000      0.00000      0.00000
      6.51000      0.00000      0.00000      0.00000
      6.52000      0.00000      0.00000      0.00000
      6.53000      0.00000      0.00000      0.00000
      6.54000      0.00000      0.00000      0.00000
      6.55000      0.00000      0.00000      0.00000
      6.56000      0.00000      0.00000      0.00000
      6.57000      0.00000      0.00000      0.00000
      6.58000      0.00000      0.00000      0.00000
      6.59000      0.00000      0.00000      0.00000
      6.60000      0.00000      0.00000      0.00000
      6.61000      0.00000      0.00000      0.00000
      6.62000      0.00000      0.00000      0.00000
      6.63000      0.00000      0.00000      0.00000
      6.64000      0.00000      0.00000      0.00000
      6.65000      0.00000      0.00000      0.00000
      6.66000      0.00000      0.00000      0.00000
      6.67000      0.00000      0.00000      0.00000
      6.68000      0.00000      0.00000      0.00000
      6.69000      0.00000      0.00000      0.00000
      6.70000      0.00000      0.00000      0.00000
      6.71000      0.00000      0.00000      0.00000
      6.72000      0.00000      0.00000      0.00000
      6.73000      0.00000      0.00000      0.00000
      6.74000      0.00000      0.00000      0.00000
      6.75000      0.00000      0.00000      0.00000
      6.76000      0.00000      0.00000      0.00000
      6.77000      0.00000      0.00000      0.00000
      6.78000      0.00000      0.00000      0.00000
      6.79000      0.00000      0.00000      0.00000
      6.80000      0.00000      0.00000      0.00000
      6.81000      0.00000      0.00000      0.00000
      6.82000      0.00000      0.00000      0.00000
      6.83000      0.00000      0.00000      0.00000
      6.84000      0.00000      0.00000      0.00000
      6.85000      0.00000      0.00000      0.00000
      6.86000      0.00000      0.00000      0.00000
      6.87000      0.00000      0.00000      0.00000
      6.88000      0.00000      0.00000      0.00000
      6.89000      0.00000      0.00000      0.00000
      6.90000      0.00000      0.00000      0.00000
      6.91000      0.00000      0.00000      0.00000
      6.92000      0.00000      0.00000      0.00000
      6.93000      0.00000      0.00000      0.00000
      6.94000      0.00000      0.00000      0.00000
      6.95000      0.00000      0.00000      0.00000
      6.96000      0.00000      0.00000      0.00000
      6.97000      0.00000      0.00000      0.00000
      6.98000      0.00000      0.00000      0.00000
      6.99000      0.00000      0.00000      0.00000
      7.00000      0.00000      0.00000      0.00000
      7.01000      0.00000      0.00000      0.00000
      7.02000      0.00000      0.00000      0.00000
      7.03000      0.00000      0.00000      0.00000
      7.04000      0.00000      0.00000      0.00000
      7.05000      0.00000      0.00000      0.00000
      7.06000      0.00000      0.00000      0.00000
      7.07000      0.00000      0.00000      0.00000
      7.08000      0.00000      0.00000      0.00000
      7.09000      0.00000      0.00000      0.00000
      7.10000      0.00000      0.00000      0.00000
      7.11000      0.00000      0.00000      0.00000
      7.12000      0.00000      0.00000      0.00000
      7.13000      0.00000      0.00000      0.00000
      7.14000      0.00000      0.00000      0.00000
      7.15000      0.00000      0.00000      0.00000
      7.16000      0.00000      0.00000      0.00000
      7.17000      0.00000      0.00000      0.00000
      7.18000      0.00000      0.00000      0.00000
      7.19000      0.00000      0.00000      0.00000
      7.20000      0.00000      0.00000      0.00000
      7.21000      0.00000      0.00000      0.00000
      7.22000      0.00000      0.00000      0.00000
      7.23000      0.00000      0.00000      0.00000
      7.24000      0.00000      0.00000      0.00000
      7.25000      0.00000      0.00000      0.00000
      7.26000      0.00000      0.00000      0.00000
      7.27000      0.00000      0.00000      0.00000
      7.28000      0.00000      0.00000      0.00000
      7.29000      0.00000      0.00000      0.00000
      7.30000      0.00000      0.00000      0.00000
      7.31000      0.00000      0.00000      0.00000
      7.32000      0.00000      0.00000      0.00000
      7.33000      0.00000      0.00000      0.00000
      7.34000      0.00000      0.00000      0.00000
      7.35000      0.00000      0.00000      0.00000
      7.36000      0.00000      0.00000      0.00000
      7.37000      0.00000      0.00000      0.00000
      7.38000      0.00000      0.00000      0.00000
      7.39000      0.00000      0.00000      0.00000
      7.40000      0.00000      0.00000      0.00000
      7.41000      0.00000      0.00000      0.00000
      7.42000      0.00000      0.00000      0.00000
      7.43000      0.00000      0.00000      0.00000
      7.44000      0.00000      0.00000      0.00000
      7.45000      0.00000      0.00000      0.00000
      7.46000      0.00000      0.00000      0.00000
      7.47000      0.00000      0.00000      0.00000
      7.48000      0.00000      0.00000      0.00000
      7.49000      0.00000      0.00000      0.00000
      7.50000      0.00000      0.00000      0.00000
      7.51000      0.00000      0.00000      0.00000
      7.52000      0.00000      0.00000      0.00000
      7.53000      0.00000      0.00000      0.00000
      7.54000      0.00000      0.00000      0.00000
      7.55000      0.00000      0.00000      0.00000
      7.56000      0.00000      0.00000      0.00000
      7.57000      0.00000      0.00000      0.00000
      7.58000      0.00000      0.00000      0.00000
      7.59000      0.00000      0.00000      0.00000
      7.60000      0.00000      0.00000      0.00000
      7.61000      0.00000      0.00000      0.00000
      7.62000      0.00000      0.00000      0.00000
      7.63000      0.00000      0.00000      0.00000
      7.64000      0.00000      0.00000      0.00000
      7.65000      0.00000      0.00000      0.00000
      7.66000      0.00000      0.00000      0.00000
      7.67000      0.00000      0.00000      0.00000
      7.68000      0.00000      0.00000      0.00000
      7.69000      0.00000      0.00000      0.00000
      7.70000      0.00000      0.00000      0.00000
      7.71000      0.00000      0.00000      0.00000
      7.72000      0.00000      0.00000      0.00000
      7.73000      0.00000      0.00000      0.00000
      7.74000      0.00000      0.00000      0.00000
      7.75000      0.00000      0.00000      0.00000
      7.76000      0.00000      0.00000      0.00000
      7.77000      0.00000      0.00000      0.00000
      7.78000      0.00000      0.00000      0.00000
      7.79000      0.00000      0.00000      0.00000
      7.80000      0.00000      0.00000      0.00000
      7.81000      0.00000      0.00000      0.00000
      7.82000      0.00000      0.00000      0.00000
      7.83000      0.00000      0.00000      0.00000
      7.84000      0.00000      0.00000      0.00000
      7.85000      0.00000      0.00000      0.00000
      7.86000      0.00000      0.00000      0.00000
      7.87000      0.00000      0.00000      0.00000
      7.88000      0.00000      0.00000      0.00000
      7.89000      0.00000      0.00000      0.00000
      7.90000      0.00000      0.00000      0.00000
      7.91000      0.00000      0.00000      0.00000
      7.92000      0.00000      0.00000      0.00000
      7.93000      0.00000      0.00000      0.00000
      7.94000      0.00000      0.00000      0.00000
      7.95000      0.00000      0.00000      0.00000
      7.96000      0.00000      0.00000      0.00000
      7.97000      0.00000      0.00000      0.00000
      7.98000      0.00000      0.00000      0.00000
      7.99000      0.00000      0.00000      0.00000
      8.00000      0.00000      0.00000      0.00000
      8.01000      0.00000      0.00000      0.00000
      8.02000      0.00000      0.00000      0.00000
      8.03000      0.00000      0.00000      0.00000
      8.04000      0.00000      0.00000      0.00000
      8.05000      0.00000      0.00000      0.00000
      8.06000      0.00000      0.00000      0.00000
      8.07000      0.00000      0.00000      0.00000
      8.08000      0.00000      0.00000      0.00000
      8.09000      0.00000      0.00000      0.00000
      8.10000      0.00000      0.00000      0.00000
      8.11000      0.00000      0.00000      0.00000
      8.12000      0.00000      0.00000      0.00000
      8.13000      0.00000      0.00000      0.00000
      8.14000      0.00000      0.00000      0.00000
      8.15000      0.00000      0.00000      0.00000
      8.16000      0.00000      0.00000      0.00000
      8.17000      0.00000      0.00000      0.00000
      8.18000      0.00000      0.00000      0.00000
      8.19000      0.00000      0.00000      0.00000
      8.20000      0.00000      0.00000      0.00000
      8.21000      0.00000      0.00000      0.00000
      8.22000      0.00000      0.00000      0.00000
      8.23000      0.00000      0.00000      0.00000
      8.24000      0.00000      0.00000      0.00000
      8.25000      0.00000      0.00000      0.00000
      8.26000      0.00000      0.00000      0.00000
      8.27000      0.00000      0.00000      0.00000
      8.28000      0.00000      0.00000      0.00000
      8.29000      0.00000      0.00000      0.00000
      8.30000      0.00000      0.00000      0.00000
      8.31000      0.00000      0.00000      0.00000
      8.32000      0.00000      0.00000      0.00000
      8.33000      0.00000      0.00000      0.00000
      8.34000      0.00000      0.00000      0.00000
      8.35000      0.00000      0.00000      0.00000
      8.36000      0.00000      0.00000      0.00000
      8.37000      0.00000      0.00000      0.00000
      8.38000      0.00000      0.00000      0.00000
      8.39000      0.00000      0.00000      0.00000
      8.40000      0.00000      0.00000      0.00000
      8.41000      0.00000      0.00000      0.00000
      8.42000      0.00000      0.00000      0.00000
      8.43000      0.00000      0.00000      0.00000
      8.44000      0.00000      0.00000      0.00000
      8.45000      0.00000      0.00000      0.00000
      8.46000      0.00000      0.00000      0.00000
      8.47000      0.00000      0.00000      0.00000
      8.48000      0.00000      0.00000      0.00000
      8.49000      0.00000      0.00000      0.00000
      8.50000      0.00000      0.00000      0.00000
      8.51000      0.00000      0.00000      0.00000
      8.52000      0.00000      0.00000      0.00000
      8.53000      0.00000      0.00000      0.00000
      8.54000      0.00000      0.00000      0.00000
      8.55000      0.00000      0.00000      0.00000
      8.56000      0.00000      0.00000      0.00000
      8.57000      0.00000      0.00000      0.00000
      8.58000      0.00000      0.00000      0.00000
      8.59000      0.00000      0.00000      0.00000
      8.60000      0.00000      0.00000      0.00000
      8.61000      0.00000      0.00000      0.00000
      8.62000      0.00000      0.00000      0.00000
      8.63000      0.00000      0.00000      0.00000
      8.64000      0.00000      0.00000      0.00000
      8.65000      0.00000      0.00000      0.00000
      8.66000      0.00000      0.00000      0.00000
      8.67000      0.00000      0.00000      0.00000
      8.68000      0.00000      0.00000      0.00000
      8.69000      0.00000      0.00000      0.00000
      8.70000      0.00000      0.00000      0.00000
      8.71000      0.00000      0.00000      0.00000
      8.72000      0.00000      0.00000      0.00000
      8.73000      0.00000      0.00000      0.00000
      8.74000      0.00000      0.00000      0.00000
      8.75000      0.00000      0.00000      0.00000
      8.76000      0.00000      0.00000      0.00000
      8.77000      0.00000      0.00000      0.00000
      8.78000      0.00000      0.00000      0.00000
      8.79000      0.00000      0.00000      0.00000
      8.80000      0.00000      0.00000      0.00000
      8.81000      0.00000      0.00000      0.00000
      8.82000      0.00000      0.00000      0.00000
      8.83000      0.00000      0.00000      0.00000
      8.84000      0.00000      0.00000      0.00000
      8.85000      0.00000      0.00000      0.00000
      8.86000      0.00000      0.00000      0.00000
      8.87000      0.00000      0.00000      0.00000
      8.88000      0.00000      0.00000      0.00000
      8.89000      0.00000      0.00000      0.00000
      8.90000      0.00000      0.00000      0.00000
      8.91000      0.00000      0.00000      0.00000
      8.92000      0.00000      0.00000      0.00000
      8.93000      0.00000      0.00000      0.00000
      8.94000      0.00000      0.00000      0.00000
      8.95000      0.00000      0.00000      0.00000
      8.96000      0.00000      0.00000      0.00000
      8.97000      0.00000      0.00000      0.00000
      8.98000      0.00000      0.00000      0.00000
      8.99000      0.00000      0.00000      0.00000
      9.00000      0.00000      0.00000      0.00000
      9.01000      0.00000      0.00000      0.00000
      9.02000      0.00000      0.00000      0.00000
      9.03000      0.00000      0.00000      0.00000
      9.04000      0.00000      0.00000      0.00000
      9.05000      0.00000      0.00000      0.00000
      9.06000      0.00000      0.00000      0.00000
      9.07000      0.00000      0.00000      0.00000
      9.08000      0.00000      0.00000      0.00000
      9.09000      0.00000      0.00000      0.00000
      9.10000      0.00000      0.00000      0.00000
      9.11000      0.00000      0.00000      0.00000
      9.12000      0.00000      0.00000      0.00000
      9.13000      0.00000      0.00000      0.00000
      9.14000      0.00000      0.00000      0.00000
      9.15000      0.00000      0.00000      0.00000
      9.16000      0.00000      0.00000      0.00000
      9.17000      0.00000      0.00000      0.00000
      9.18000      0.00000      0.00000      0.00000
      9.19000      0.00000      0.00000      0.00000
      9.20000      0.00000      0.00000      0.00000
      9.21000      0.00000      0.00000      0.00000
      9.22000      0.00000      0.00000      0.00000
      9.23000      0.00000      0.00000      0.00000
      9.24000      0.00000      0.00000      0.00000
      9.25000      0.00000      0.00000      0.00000
      9.26000      0.00000      0.00000      0.00000
      9.27000      0.00000      0.00000      0.00000
      9.28000      0.00000      0.00000      0.00000
      9.29000      0.00000      0.00000      0.00000
      9.30000      0.00000      0.00000      0.00000
      9.31000      0.00000      0.00000      0.00000
      9.32000      0.00000      0.00000      0.00000
      9.33000      0.00000      0.00000      0.00000
      9.34000      0.00000      0.00000      0.00000
      9.35000      0.00000      0.00000      0.00000
      9.36000      0.00000      0.00000      0.00000
      9.37000      0.00000      0.00000      0.00000
      9.38000      0.00000      0.00000      0.00000
      9.39000      0.00000      0.00000      0.00000
      9.40000      0.00000      0.00000      0.00000
      9.41000      0.00000      0.00000      0.00000
      9.42000      0.00000      0.00000      0.00000
      9.43000      0.00000      0.00000      0.00000
      9.44000      0.00000      0.00000      0.00000
      9.45000      0.00000      0.00000      0.00000
      9.46000      0.00000      0.00000      0.00000
      9.47000      0.00000      0.00000      0.00000
      9.48000      0.00000      0.00000      0.00000
      9.49000      0.00000      0.00000      0.00000
      9.50000      0.00000      0.00000      0.00000
      9.51000      0.00000      0.00000      0.00000
      9.52000      0.00000      0.00000      0.00000
      9.53000      0.00000      0.00000      0.00000
      9.54000      0.00000      0.00000      0.00000
      9.55000      0.00000      0.00000      0.00000
      9.56000      0.00000      0.00000      0.00000
      9.57000      0.00000      0.00000      0.00000
      9.58000      0.00000      0.00000      0.00000
      9.59000      0.00000      0.00000      0.00000
      9.60000      0.00000      0.00000      0.00000
      9.61000      0.00000      0.00000      0.00000
      9.62000      0.00000      0.00000      0.00000
      9.63000      0.00000      0.00000      0.00000
      9.64000      0.00000      0.00000      0.00000
      9.65000      0.00000      0.00000      0.00000
      9.66000      0.00000      0.00000      0.00000
      9.67000      0.00000      0.00000      0.00000
      9.68000      0.00000      0.00000      0.00000
      9.69000      0.00000      0.00000      0.00000
      9.70000      0.00000      0.00000      0.00000
      9.71000      0.00000      0.00000      0.00000
      9.72000      0.00000      0.00000      0.00000
      9.73000      0.00000      0.00000      0.00000
      9.74000      0.00000      0.00000      0.00000
      9.75000      0.00000      0.00000      0.00000
      9.76000      0.00000      0.00000      0.00000
      9.77000      0.00000      0.00000      0.00000
      9.78000      0.00000      0.00000      0.00000
      9.79000      0.00000      0.00000      0.00000
      9.80000      0.00000      0.00000      0.00000
      9.81000      0.00000      0.00000      0.00000
      9.82000      0.00000      0.00000      0.00000
      9.83000      0.00000      0.00000      0.00000
      9.84000      0.00000      0.00000      0.00000
      9.85000      0.00000      0.00000      0.00000
      9.86000      0.00000      0.00000      0.00000
      9.87000      0.00000      0.00000      0.00000
      9.88000      0.00000      0.00000      0.00000
      9.89000      0.00000      0.00000      0.00000
      9.90000      0.00000      0.00000      0.00000
      9.91000      0.00000      0.00000      0.00000
      9.92000      0.00000      0.00000      0.00000
      9.93000      0.00000      0.00000      0.00000
      9.94000      0.00000      0.00000      0.00000
      9.95000      0.00000      0.00000      0.00000
      9.96000      0.00000      0.00000      0.00000
      9.97000      0.00000      0.00000      0.00000
      9.98000      0.00000      0.00000      0.00000
      9.99000      0.00000      0.00000      0.00000
     10.00000      0.00000      0.00000      0.00000
     10.01000      0.00000      0.00000      0.00000
     10.02000      0.00000      0.00000      0.00000
     10.03000      0.00000      0.00000      0.00000
     10.04000      0.00000      0.00000      0.00000
     10.05000      0.00000      0.00000      0.00000
     10.06000      0.00000      0.00000      0.00000
     10.07000      0.00000      0.00000      0.00000
     10.08000      0.00000      0.00000      0.00000
     10.09000      0.00000      0.00000      0.00000
     10.10000      0.00000      0.00000      0.00000
     10.11000      0.00000      0.00000      0.00000
     10.12000      0.00000      0.00000      0.00000
     10.13000      0.00000      0.00000      0.00000
     10.14000      0.00000      0.00000      0.00000
     10.15000      0.00000      0.00000      0.00000
     10.16000      0.00000      0.00000      0.00000
     10.17000      0.00000      0.00000      0.00000
     10.18000      0.00000      0.00000      0.00000
     10.19000      0.00000      0.00000      0.00000
     10.20000      0.00000      0.00000      0.00000
     10.21000      0.00000      0.00000      0.00000
     10.22000      0.00000      0.00000      0.00000
     10.23000      0.00000      0.00000      0.00000
     10.24000      0.00000      0.00000      0.00000
     10.25000      0.00000      0.00000      0.00000
     10.26000      0.00000      0.00000      0.00000
     10.27000      0.00000      0.00000      0.00000
     10.28000      0.00000      0.00000      0.00000
     10.29000      0.00000      0.00000      0.00000
     10.30000      0.00000      0.00000      0.00000
     10.31000      0.00000      0.00000      0.00000
     10.32000      0.00000      0.00000      0.00000
     10.33000      0.00000      0.00000      0.00000
     10.34000      0.00000      0.00000      0.00000
     10.35000      0.00000      0.00000      0.00000
     10.36000      0.00000      0.00000      0.00000
     10.37000      0.00000      0.00000      0.00000
     10.38000      0.00000      0.00000      0.00000
     10.39000      0.00000      0.00000      0.00000
     10.40000      0.00000      0.00000      0.00000
     10.41000      0.00000      0.00000      0.00000
     10.42000      0.00000      0.00000      0.00000
     10.43000      0.00000      0.00000      0.00000
     10.44000      0.00000      0.00000      0.00000
     10.45000      0.00000      0.00000      0.00000
     10.46000      0.00000      0.00000      0.00000
     10.47000      0.00000      0.00000      0.00000
     10.48000      0.00000      0.00000      0.00000
     10.49000      0.00000      0.00000      0.00000
     10.50000      0.00000      0.00000      0.00000
     10.51000      0.00000      0.00000      0.00000
     10.52000      0.00000      0.00000      0.00000
     10.53000      0.00000      0.00000      0.00000
     10.54000      0.00000      0.00000      0.00000
     10.55000      0.00000      0.00000      0.00000
     10.56000      0.00000      0.00000      0.00000
     10.57000      0.00000      0.00000      0.00000
     10.58000      0.00000      0.00000      0.00000
     10.59000      0.00000      0.00000      0.00000
     10.60000      0.00000      0.00000      0.00000
     10.61000      0.00000      0.00000      0.00000
     10.62000      0.00000      0.00000      0.00000
     10.63000      0.00000      0.00000      0.00000
     10.64000      0.00000      0.00000      0.00000
     10.65000      0.00000      0.00000      0.00000
     10.66000      0.00000      0.00000      0.00000
     10.67000      0.00000      0.00000      0.00000
     10.68000      0.00000      0.00000      0.00000
     10.69000      0.00000      0.00000      0.00000
     10.70000      0.00000      0.00000      0.00000
     10.71000      0.00000      0.00000      0.00000
     10.72000      0.00000      0.00000      0.00000
     10.73000      0.00000      0.00000      0.00000
     10.74000      0.00000      0.00000      0.00000
     10.75000      0.00000      0.00000      0.00000
     10.76000      0.00000      0.00000      0.00000
     10.77000      0.00000      0.00000      0.00000
     10.78000      0.00000      0.00000      0.00000
     10.79000      0.00000      0.00000      0.00000
     10.80000      0.00000      0.00000      0.00000
     10.81000      0.00000      0.00000      0.00000
     10.82000      0.00000      0.00000      0.00000
     10.83000      0.00000      0.00000      0.00000
     10.84000      0.00000      0.00000      0.00000
     10.85000      0.00000      0.00000      0.00000
     10.86000      0.00000      0.00000      0.00000
     10.87000      0.00000      0.00000      0.00000
     10.88000      0.00000      0.00000      0.00000
     10.89000      0.00000      0.00000      0.00000
     10.90000      0.00000      0.00000      0.00000
     10.91000      0.00000      0.00000      0.00000
     10.92000      0.00000      0.00000      0.00000
     10.93000      0.00000      0.00000      0.00000
     10.94000      0.00000      0.00000      0.00000
     10.95000      0.00000      0.00000      0.00000
     10.96000      0.00000      0.00000      0.00000
     10.97000      0.00000      0.00000      0.00000
     10.98000      0.00000      0.00000      0.00000
     10.99000      0.00000      0.00000      0.00000
     11.00000      0.00000      0.00000      0.00000
     11.01000      0.00000      0.00000      0.00000
     11.02000      0.00000      0.00000      0.00000
     11.03000      0.00000      0.00000      0.00000
     11.04000      0.00000      0.00000      0.00000
     11.05000      0.00000      0.00000      0.00000
     11.06000      0.00000      0.00000      0.00000
     11.07000      0.00000      0.00000      0.00000
     11.08000      0.00000      0.00000      0.00000
     11.09000      0.00000      0.00000      0.00000
     11.10000      0.00000      0.00000      0.00000
     11.11000      0.00000      0.00000      0.00000
     11.12000      0.00000      0.00000      0.00000
     11.13000      0.00000      0.00000      0.00000
     11.14000      0.00000      0.00000      0.00000
     11.15000      0.00000      0.00000      0.00000
     11.16000      0.00000      0.00000      0.00000
     11.17000      0.00000      0.00000      0.00000
     11.18000      0.00000      0.00000      0.00000
     11.19000      0.00000      0.00000      0.00000
     11.20000      0.00000      0.00000      0.00000
     11.21000      0.00000      0.00000      0.00000
     11.22000      0.00000      0.00000      0.00000
     11.23000      0.00000      0.00000      0.00000
     11.24000      0.00000      0.00000      0.00000
     11.25000      0.00000      0.00000      0.00000
     11.26000      0.00000      0.00000      0.00000
     11.27000      0.00000      0.00000      0.00000
     11.28000      0.00000      0.00000      0.00000
     11.29000      0.00000      0.00000      0.00000
     11.30000      0.00000      0.00000      0.00000
     11.31000      0.00000      0.00000      0.00000
     11.32000      0.00000      0.00000      0.00000
     11.33000      0.00000      0.00000      0.00000
     11.34000      0.00000      0.00000      0.00000
     11.35000      0.00000      0.00000      0.00000
     11.36000      0.00000      0.00000      0.00000
     11.37000      0.00000      0.00000      0.00000
     11.38000      0.00000      0.00000      0.00000
     11.39000      0.00000      0.00000      0.00000
     11.40000      0.00000      0.00000      0.00000
     11.41000      0.00000      0.00000      0.00000
     11.42000      0.00000      0.00000      0.00000
     11.43000      0.00000      0.00000      0.00000
     11.44000      0.00000      0.00000      0.00000
     11.45000      0.00000      0.00000      0.00000
     11.46000      0.00000      0.00000      0.00000
     11.47000      0.00000      0.00000      0.00000
     11.48000      0.00000      0.00000      0.00000
     11.49000      0.00000      0.00000      0.00000
     11.50000      0.00000      0.00000      0.00000
     11.51000      0.00000      0.00000      0.00000
     11.52000      0.00000      0.00000      0.00000
     11.53000      0.00000      0.00000      0.00000
     11.54000      0.00000      0.00000      0.00000
     11.55000      0.00000      0.00000      0.00000
     11.56000      0.00000      0.00000      0.00000
     11.57000      0.00000      0.00000      0.00000
     11.58000      0.00000      0.00000      0.00000
     11.59000      0.00000      0.00000      0.00000
     11.60000      0.00000      0.00000      0.00000
     11.61000      0.00000      0.00000      0.00000
     11.62000      0.00000      0.00000      0.00000
     11.63000      0.00000      0.00000      0.00000
     11.64000      0.00000      0.00000      0.00000
     11.65000      0.00000      0.00000      0.00000
     11.66000      0.00000      0.00000      0.00000
     11.67000      0.00000      0.00000      0.00000
     11.68000      0.00000      0.00000      0.00000
     11.69000      0.00000      0.00000      0.00000
     11.70000      0.00000      0.00000      0.00000
     11.71000      0.00000      0.00000      0.00000
     11.72000      0.00000      0.00000      0.00000
     11.73000      0.00000      0.00000      0.00000
     11.74000      0.00000      0.00000      0.00000
     11.75000      0.00000      0.00000      0.00000
     11.76000      0.00000      0.00000      0.00000
     11.77000      0.00000      0.00000      0.00000
     11.78000      0.00000      0.00000      0.00000
     11.79000      0.00000      0.00000      0.00000
     11.80000      0.00000      0.00000      0.00000
     11.81000      0.00000      0.00000      0.00000
     11.82000      0.00000      0.00000      0.00000
     11.83000      0.00000      0.00000      0.00000
     11.84000      0.00000      0.00000      0.00000
     11.85000      0.00000      0.00000      0.00000
     11.86000      0.00000      0.00000      0.00000
     11.87000      0.00000      0.00000      0.00000
     11.88000      0.00000      0.00000      0.00000
     11.89000      0.00000      0.00000      0.00000
     11.90000      0.00000      0.00000      0.00000
     11.91000      0.00000      0.00000      0.00000
     11.92000      0.00000      0.00000      0.00000
     11.93000      0.00000      0.00000      0.00000
     11.94000      0.00000      0.00000      0.00000
     11.95000      0.00000      0.00000      0.00000
     11.96000      0.00000      0.00000      0.00000
     11.97000      0.00000      0.00000      0.00000
     11.98000      0.00000      0.00000      0.00000
     11.99000      0.00000      0.00000      0.00000
     12.00000      0.00000      0.00000      0.00000
     12.01000      0.00000      0.00000      0.00000
     12.02000      0.00000      0.00000      0.00000
     12.03000      0.00000      0.00000      0.00000
     12.04000      0.00000      0.00000      0.00000
     12.05000      0.00000      0.00000      0.00000
     12.06000      0.00000      0.00000      0.00000
     12.07000      0.00000      0.00000      0.00000
     12.08000      0.00000      0.00000      0.00000
     12.09000      0.00000      0.00000      0.00000
     12.10000      0.00000      0.00000      0.00000
     12.11000      0.00000      0.00000      0.00000
     12.12000      0.00000      0.00000      0.00000
     12.13000      0.00000      0.00000      0.00000
     12.14000      0.00000      0.00000      0.00000
     12.15000      0.00000      0.00000      0.00000
     12.16000      0.00000      0.00000      0.00000
     12.17000      0.00000      0.00000      0.00000
     12.18000      0.00000      0.00000      0.00000
     12.19000      0.00000      0.00000      0.00000
     12.20000      0.00000      0.00000      0.00000
     12.21000      0.00000      0.00000      0.00000
     12.22000      0.00000      0.00000      0.00000
     12.23000      0.00000      0.00000      0.00000
     12.24000      0.00000      0.00000      0.00000
     12.25000      0.00000      0.00000      0.00000
     12.26000      0.00000      0.00000      0.00000
     12.27000      0.00000      0.00000      0.00000
     12.28000      0.00000      0.00000      0.00000
     12.29000      0.00000      0.00000      0.00000
     12.30000      0.00000      0.00000      0.00000
     12.31000      0.00000      0.00000      0.00000
     12.32000      0.00000      0.00000      0.00000
     12.33000      0.00000      0.00000      0.00000
     12.34000      0.00000      0.00000      0.00000
     12.35000      0.00000      0.00000      0.00000
     12.36000      0.00000      0.00000      0.00000
     12.37000      0.00000      0.00000      0.00000
     12.38000      0.00000      0.00000      0.00000
     12.39000      0.00000      0.00000      0.00000
     12.40000      0.00000      0.00000      0.00000
     12.41000      0.00000      0.00000      0.00000
     12.42000      0.00000      0.00000      0.00000
     12.43000      0.00000      0.00000      0.00000
     12.44000      0.00000      0.00000      0.00000
     12.45000      0.00000      0.00000      0.00000
     12.46000      0.00000      0.00000      0.00000
     12.47000      0.00000      0.00000      0.00000
     12.48000      0.00000      0.00000      0.00000
     12.49000      0.00000      0.00000      0.00000
     12.50000      0.00000      0.00000      0.00000
     12.51000      0.00000      0.00000      0.00000
     12.52000      0.00000      0.00000      0.00000
     12.53000      0.00000      0.00000      0.00000
     12.54000      0.00000      0.00000      0.00000
     12.55000      0.00000      0.00000      0.00000
     12.56000      0.00000      0.00000      0.00000
     12.57000      0.00000      0.00000      0.00000
     12.58000      0.00000      0.00000      0.00000
     12.59000      0.00000      0.00000      0.00000
     12.60000      0.00000      0.00000      0.00000
     12.61000      0.00000      0.00000      0.00000
     12.62000      0.00000      0.00000      0.00000
     12.63000      0.00000      0.00000      0.00000
     12.64000      0.00000      0.00000      0.00000
     12.65000      0.00000      0.00000      0.00000
     12.66000      0.00000      0.00000      0.00000
     12.67000      0.00000      0.00000      0.00000
     12.68000      0.00000      0.00000      0.00000
     12.69000      0.00000      0.00000      0.00000
     12.70000      0.00000      0.00000      0.00000
     12.71000      0.00000      0.00000      0.00000
     12.72000      0.00000      0.00000      0.00000
     12.73000      0.00000      0.00000      0.00000
     12.74000      0.00000      0.00000      0.00000
     12.75000      0.00000      0.00000      0.00000
     12.76000      0.00000      0.00000      0.00000
     12.77000      0.00000      0.00000      0.00000
     12.78000      0.00000      0.00000      0.00000
     12.79000      0.00000      0.00000      0.00000
     12.80000      0.00000      0.00000      0.00000
     12.81000      0.00000      0.00000      0.00000
     12.82000      0.00000      0.00000      0.00000
     12.83000      0.00000      0.00000      0.00000
     12.84000      0.00000      0.00000      0.00000
     12.85000      0.00000      0.00000      0.00000
     12.86000      0.00000      0.00000      0.00000
     12.87000      0.00000      0.00000      0.00000
     12.88000      0.00000      0.00000      0.00000
     12.89000      0.00000      0.00000      0.00000
     12.90000      0.00000      0.00000      0.00000
     12.91000      0.00000      0.00000      0.00000
     12.92000      0.00000      0.00000      0.00000
     12.93000      0.00000      0.00000      0.00000
     12.94000      0.00000      0.00000      0.00000
     12.95000      0.00000      0.00000      0.00000
     12.96000      0.00000      0.00000      0.00000
     12.97000      0.00000      0.00000      0.00000
     12.98000      0.00000      0.00000      0.00000
     12.99000      0.00000      0.00000      0.00000
     13.00000      0.00000      0.00000      0.00000
     13.01000      0.00000      0.00000      0.00000
     13.02000      0.00000      0.00000      0.00000
     13.03000      0.00000      0.00000      0.00000
     13.04000      0.00000      0.00000      0.00000
     13.05000      0.00000      0.00000      0.00000
     13.06000      0.00000      0.00000      0.00000
     13.07000      0.00000      0.00000      0.00000
     13.08000      0.00000      0.00000      0.00000
     13.09000      0.00000      0.00000      0.00000
     13.10000      0.00000      0.00000      0.00000
     13.11000      0.00000      0.00000      0.00000
     13.12000      0.00000      0.00000      0.00000
     13.13000      0.00000      0.00000      0.00000
     13.14000      0.00000      0.00000      0.00000
     13.15000      0.00000      0.00000      0.00000
     13.16000      0.00000      0.00000      0.00000
     13.17000      0.00000      0.00000      0.00000
     13.18000      0.00000      0.00000      0.00000
     13.19000      0.00000      0.00000      0.00000
     13.20000      0.00000      0.00000      0.00000
     13.21000      0.00000      0.00000      0.00000
     13.22000      0.00000      0.00000      0.00000
     13.23000      0.00000      0.00000      0.00000
     13.24000      0.00000      0.00000      0.00000
     13.25000      0.00000      0.00000      0.00000
     13.26000      0.00000      0.00000      0.00000
     13.27000      0.00000      0.00000      0.00000
     13.28000      0.00000      0.00000      0.00000
     13.29000      0.00000      0.00000      0.00000
     13.30000      0.00000      0.00000      0.00000
     13.31000      0.00000      0.00000      0.00000
     13.32000      0.00000      0.00000      0.00000
     13.33000      0.00000      0.00000      0.00000
     13.34000      0.00000      0.00000      0.00000
     13.35000      0.00000      0.00000      0.00000
     13.36000      0.00000      0.00000      0.00000
     13.37000      0.00000      0.00000      0.00000
     13.38000      0.00000      0.00000      0.00000
     13.39000      0.00000      0.00000      0.00000
     13.40000      0.00000      0.00000      0.00000
     13.41000      0.00000      0.00000      0.00000
     13.42000      0.00000      0.00000      0.00000
     13.43000      0.00000      0.00000      0.00000
     13.44000      0.00000      0.00000      0.00000
     13.45000      0.00000      0.00000      0.00000
     13.46000      0.00000      0.00000      0.00000
     13.47000      0.00000      0.00000      0.00000
     13.48000      0.00000      0.00000      0.00000
     13.49000      0.00000      0.00000      0.00000
     13.50000      0.00000      0.00000      0.00000
     13.51000      0.00000      0.00000      0.00000
     13.52000      0.00000      0.00000      0.00000
     13.53000      0.00000      0.00000      0.00000
     13.54000      0.00000      0.00000      0.00000
     13.55000      0.00000      0.00000      0.00000
     13.56000      0.00000      0.00000      0.00000
     13.57000      0.00000      0.00000      0.00000
     13.58000      0.00000      0.00000      0.00000
     13.59000      0.00000      0.00000      0.00000
     13.60000      0.00000      0.00000      0.00000
     13.61000      0.00000      0.00000      0.00000
     13.62000      0.00000      0.00000      0.00000
     13.63000      0.00000      0.00000      0.00000
     13.64000      0.00000      0.00000      0.00000
     13.65000      0.00000      0.00000      0.00000
     13.66000      0.00000      0.00000      0.00000
     13.67000      0.00000      0.00000      0.00000
     13.68000      0.00000      0.00000      0.00000
     13.69000      0.00000      0.00000      0.00000
     13.70000      0.00000      0.00000      0.00000
     13.71000      0.00000      0.00000      0.00000
     13.72000      0.00000      0.00000      0.00000
     13.73000      0.00000      0.00000      0.00000
     13.74000      0.00000      0.00000      0.00000
     13.75000      0.00000      0.00000      0.00000
     13.76000      0.00000      0.00000      0.00000
     13.77000      0.00000      0.00000      0.00000
     13.78000      0.00000      0.00000      0.00000
     13.79000      0.00000      0.00000      0.00000
     13.80000      0.00000      0.00000      0.00000
     13.81000      0.00000      0.00000      0.00000
     13.82000      0.00000      0.00000      0.00000
     13.83000      0.00000      0.00000      0.00000
     13.84000      0.00000      0.00000      0.00000
     13.85000      0.00000      0.00000      0.00000
     13.86000      0.00000      0.00000      0.00000
     13.87000      0.00000      0.00000      0.00000
     13.88000      0.00000      0.00000      0.00000
     13.89000      0.00000      0.00000      0.00000
     13.90000      0.00000      0.00000      0.00000
     13.91000      0.00000      0.00000      0.00000
     13.92000      0.00000      0.00000      0.00000
     13.93000      0.00000      0.00000      0.00000
     13.94000      0.00000      0.00000      0.00000
     13.95000      0.00000      0.00000      0.00000
     13.96000      0.00000      0.00000      0.00000
     13.97000      0.00000      0.00000      0.00000
     13.98000      0.00000      0.00000      0.00000
     13.99000      0.00000      0.00000      0.00000
     14.00000      0.00000      0.00000      0.00000
     14.01000      0.00000      0.00000      0.00000
     14.02000      0.00000      0.00000      0.00000
     14.03000      0.00000      0.00000      0.00000
     14.04000      0.00000      0.00000      0.00000
     14.05000      0.00000      0.00000      0.00000
     14.06000      0.00000      0.00000      0.00000
     14.07000      0.00000      0.00000      0.00000
     14.08000      0.00000      0.00000      0.00000
     14.09000      0.00000      0.00000      0.00000
     14.10000      0.00000      0.00000      0.00000
     14.11000      0.00000      0.00000      0.00000
     14.12000      0.00000      0.00000      0.00000
     14.13000      0.00000      0.00000      0.00000
     14.14000      0.00000      0.00000      0.00000
     14.15000      0.00000      0.00000      0.00000
     14.16000      0.00000      0.00000      0.00000
     14.17000      0.00000      0.00000      0.00000
     14.18000      0.00000      0.00000      0.00000
     14.19000      0.00000      0.00000      0.00000
     14.20000      0.00000      0.00000      0.00000
     14.21000      0.00000      0.00000      0.00000
     14.22000      0.00000      0.00000      0.00000
     14.23000      0.00000      0.00000      0.00000
     14.24000      0.00000      0.00000      0.00000
     14.25000      0.00000      0.00000      0.00000
     14.26000      0.00000      0.00000      0.00000
     14.27000      0.00000      0.00000      0.00000
     14.28000      0.00000      0.00000      0.00000
     14.29000      0.00000      0.00000      0.00000
     14.30000      0.00000      0.00000      0.00000
     14.31000      0.00000      0.00000      0.00000
     14.32000      0.00000      0.00000      0.00000
     14.33000      0.00000      0.00000      0.00000
     14.34000      0.00000      0.00000      0.00000
     14.35000      0.00000      0.00000      0.00000
     14.36000      0.00000      0.00000      0.00000
     14.37000      0.00000      0.00000      0.00000
     14.38000      0.00000      0.00000      0.00000
     14.39000      0.00000      0.00000      0.00000
     14.40000      0.00000      0.00000      0.00000
     14.41000      0.00000      0.00000      0.00000
     14.42000      0.00000      0.00000      0.00000
     14.43000      0.00000      0.00000      0.00000
     14.44000      0.00000      0.00000      0.00000
     14.45000      0.00000      0.00000      0.00000
     14.46000      0.00000      0.00000      0.00000
     14.47000      0.00000      0.00000      0.00000
     14.48000      0.00000      0.00000      0.00000
     14.49000      0.00000      0.00000      0.00000
     14.50000      0.00000      0.00000      0.00000
     14.51000      0.00000      0.00000      0.00000
     14.52000      0.00000      0.00000      0.00000
     14.53000      0.00000      0.00000      0.00000
     14.54000      0.00000      0.00000      0.00000
     14.55000      0.00000      0.00000      0.00000
     14.56000      0.00000      0.00000      0.00000
     14.57000      0.00000      0.00000      0.00000
     14.58000      0.00000      0.00000      0.00000
     14.59000      0.00000      0.00000      0.00000
     14.60000      0.00000      0.00000      0.00000
     14.61000      0.00000      0.00000      0.00000
     14.62000      0.00000      0.00000      0.00000
     14.63000      0.00000      0.00000      0.00000
     14.64000      0.00000      0.00000      0.00000
     14.65000      0.00000      0.00000      0.00000
     14.66000      0.00000      0.00000      0.00000
     14.67000      0.00000      0.00000      0.00000
     14.68000      0.00000      0.00000      0.00000
     14.69000      0.00000      0.00000      0.00000
     14.70000      0.00000      0.00000      0.00000
     14.71000      0.00000      0.00000      0.00000
     14.72000      0.00000      0.00000      0.00000
     14.73000      0.00000      0.00000      0.00000
     14.74000      0.00000      0.00000      0.00000
     14.75000      0.00000      0.00000      0.00000
     14.76000      0.00000      0.00000      0.00000
     14.77000      0.00000      0.00000      0.00000
     14.78000      0.00000      0.00000      0.00000
     14.79000      0.00000      0.00000      0.00000
     14.80000      0.00000      0.00000      0.00000
     14.81000      0.00000      0.00000      0.00000
     14.82000      0.00000      0.00000      0.00000
     14.83000      0.00000      0.00000      0.00000
     14.84000      0.00000      0.00000      0.00000
     14.85000      0.00000      0.00000      0.00000
     14.86000      0.00000      0.00000      0.00000
     14.87000      0.00000      0.00000      0.00000
     14.88000      0.00000      0.00000      0.00000
     14.89000      0.00000      0.00000      0.00000
     14.90000      0.00000      0.00000      0.00000
     14.91000      0.00000      0.00000      0.00000
     14.92000      0.00000      0.00000      0.00000
     14.93000      0.00000      0.00000      0.00000
     14.94000      0.00000      0.00000      0.00000
     14.95000      0.00000      0.00000      0.00000
     14.96000      0.00000      0.00000      0.00000
     14.97000      0.00000      0.00000      0.00000
     14.98000      0.00336      0.00240      0.00096
     14.99000      0.21119      0.15091      0.06028
     15.00000      4.88294      3.48926      1.39368
     15.01000     41.53336     29.67899     11.85437
     15.02000    129.96254     92.86887     37.09367
     15.03000    149.60455    106.90469     42.69985
     15.04000     63.35442     45.27192     18.08250
     15.05000      9.86994      7.05288      2.81706
     15.06000      0.56566      0.40421      0.16145
     15.07000      0.01193      0.00852      0.00340
     15.08000      0.00000      0.00000      0.00000
     15.09000      0.00000      0.00000      0.00000
     15.10000      0.00000      0.00000      0.00000
     15.11000      0.00000      0.00000      0.00000
     15.12000      0.00000      0.00000      0.00000
     15.13000      0.00000      0.00000      0.00000
     15.14000      0.00000      0.00000      0.00000
     15.15000      0.00000      0.00000      0.00000
     15.16000      0.00000      0.00000      0.00000
     15.17000      0.00000      0.00000      0.00000
     15.18000      0.00000      0.00000      0.00000
     15.19000      0.00000      0.00000      0.00000
     15.20000      0.00000      0.00000      0.00000
     15.21000      0.00000      0.00000      0.00000
     15.22000      0.00000      0.00000      0.00000
     15.23000      0.00000      0.00000      0.00000
     15.24000      0.00000      0.00000      0.00000
     15.25000      0.00000      0.00000      0.00000
     15.26000      0.00000      0.00000      0.00000
     15.27000      0.00000      0.00000      0.00000
     15.28000      0.00000      0.00000      0.00000
     15.29000      0.00000      0.00000      0.00000
     15.30000      0.00000      0.00000      0.00000
     15.31000      0.00000      0.00000      0.00000
     15.32000      0.00000      0.00000      0.00000
     15.33000      0.00000      0.00000      0.00000
     15.34000      0.00000      0.00000      0.00000
     15.35000      0.00000      0.00000      0.00000
     15.36000      0.00000      0.00000      0.00000
     15.37000      0.00000      0.00000      0.00000
     15.38000      0.00000      0.00000      0.00000
     15.39000      0.00000      0.00000      0.00000
     15.40000      0.00000      0.00000      0.00000
     15.41000      0.00000      0.00000      0.00000
     15.42000      0.00000      0.00000      0.00000
     15.43000      0.00000      0.00000      0.00000
     15.44000      0.00000      0.00000      0.00000
     15.45000      0.00000      0.00000      0.00000
     15.46000      0.00000      0.00000      0.00000
     15.47000      0.00000      0.00000      0.00000
     15.48000      0.00000      0.00000      0.00000
     15.49000      0.00000      0.00000      0.00000
     15.50000      0.00000      0.00000      0.00000
     15.51000      0.00000      0.00000      0.00000
     15.52000      0.00000      0.00000      0.00000
     15.53000      0.00000      0.00000      0.00000
     15.54000      0.00000      0.00000      0.00000
     15.55000      0.00000      0.00000      0.00000
     15.56000      0.00000      0.00000      0.00000
     15.57000      0.00000      0.00000      0.00000
     15.58000      0.00000      0.00000      0.00000
     15.59000      0.00000      0.00000      0.00000
     15.60000      0.00000      0.00000      0.00000
     15.61000      0.00000      0.00000      0.00000
     15.62000      0.00000      0.00000      0.00000
     15.63000      0.00000      0.00000      0.00000
     15.64000      0.00000      0.00000      0.00000
     15.65000      0.00000      0.00000      0.00000
     15.66000      0.00000      0.00000      0.00000
     15.67000      0.00000      0.00000      0.00000
     15.68000      0.00000      0.00000      0.00000
     15.69000      0.00000      0.00000      0.00000
     15.70000      0.00000      0.00000      0.00000
     15.71000      0.00000      0.00000      0.00000
     15.72000      0.00000      0.00000      0.00000
     15.73000      0.00000      0.00000      0.00000
     15.74000      0.00000      0.00000      0.00000
     15.75000      0.00000      0.00000      0.00000
     15.76000      0.00000      0.00000      0.00000
     15.77000      0.00000      0.00000      0.00000
     15.78000      0.00000      0.00000      0.00000
     15.79000      0.00000      0.00000      0.00000
     15.80000      0.00000      0.00000      0.00000
     15.81000      0.00000      0.00000      0.00000
     15.82000      0.00000      0.00000      0.00000
     15.83000      0.00000      0.00000      0.00000
     15.84000      0.00000      0.00000      0.00000
     15.85000      0.00000      0.00000      0.00000
     15.86000      0.00000      0.00000      0.00000
     15.87000      0.00000      0.00000      0.00000
     15.88000      0.00000      0.00000      0.00000
     15.89000      0.00000      0.00000      0.00000
     15.90000      0.00000      0.00000      0.00000
     15.91000      0.00000      0.00000      0.00000
     15.92000      0.00000      0.00000      0.00000
     15.93000      0.00000      0.00000      0.00000
     15.94000      0.00000      0.00000      0.00000
     15.95000      0.00000      0.00000      0.00000
     15.96000      0.00000      0.00000      0.00000
     15.97000      0.00000      0.00000      0.00000
     15.98000      0.00000      0.00000      0.00000
     15.99000      0.00000      0.00000      0.00000
     16.00000      0.00000      0.00000      0.00000
     16.01000      0.00000      0.00000      0.00000
     16.02000      0.00000      0.00000      0.00000
     16.03000      0.00000      0.00000      0.00000
     16.04000      0.00000      0.00000      0.00000
     16.05000      0.00000      0.00000      0.00000
     16.06000      0.00000      0.00000      0.00000
     16.07000      0.00000      0.00000      0.00000
     16.08000      0.00000      0.00000      0.00000
     16.09000      0.00000      0.00000      0.00000
     16.10000      0.00000      0.00000      0.00000
     16.11000      0.00000      0.00000      0.00000
     16.12000      0.00000      0.00000      0.00000
     16.13000      0.00000      0.00000      0.00000
     16.14000      0.00000      0.00000      0.00000
     16.15000      0.00000      0.00000      0.00000
     16.16000      0.00000      0.00000      0.00000
     16.17000      0.00000      0.00000      0.00000
     16.18000      0.00000      0.00000      0.00000
     16.19000      0.00000      0.00000      0.00000
     16.20000      0.00000      0.00000      0.00000
     16.21000      0.00000      0.00000      0.00000
     16.22000      0.00000      0.00000      0.00000
     16.23000      0.00000      0.00000      0.00000
     16.24000      0.00000      0.00000      0.00000
     16.25000      0.00000      0.00000      0.00000
     16.26000      0.00000      0.00000      0.00000
     16.27000      0.00000      0.00000      0.00000
     16.28000      0.00000      0.00000      0.00000
     16.29000      0.00000      0.00000      0.00000
     16.30000      0.00000      0.00000      0.00000
     16.31000      0.00000      0.00000      0.00000
     16.32000      0.00000      0.00000      0.00000
     16.33000      0.00000      0.00000      0.00000
     16.34000      0.00000      0.00000      0.00000
     16.35000      0.00000      0.00000      0.00000
     16.36000      0.00000      0.00000      0.00000
     16.37000      0.00000      0.00000      0.00000
     16.38000      0.00000      0.00000      0.00000
     16.39000      0.00000      0.00000      0.00000
     16.40000      0.00000      0.00000      0.00000
     16.41000      0.00000      0.00000      0.00000
     16.42000      0.00000      0.00000      0.00000
     16.43000      0.00000      0.00000      0.00000
     16.44000      0.00000      0.00000      0.00000
     16.45000      0.00000      0.00000      0.00000
     16.46000      0.00000      0.00000      0.00000
     16.47000      0.00000      0.00000      0.00000
     16.48000      0.00000      0.00000      0.00000
     16.49000      0.00000      0.00000      0.00000
     16.50000      0.00000      0.00000      0.00000
     16.51000      0.00000      0.00000      0.00000
     16.52000      0.00000      0.00000      0.00000
     16.53000      0.00000      0.00000      0.00000
     16.54000      0.00000      0.00000      0.00000
     16.55000      0.00000      0.00000      0.00000
     16.56000      0.00000      0.00000      0.00000
     16.57000      0.00000      0.00000      0.00000
     16.58000      0.00000      0.00000      0.00000
     16.59000      0.00000      0.00000      0.00000
     16.60000      0.00000      0.00000      0.00000
     16.61000      0.00000      0.00000      0.00000
     16.62000      0.00000      0.00000      0.00000
     16.63000      0.00000      0.00000      0.00000
     16.64000      0.00000      0.00000      0.00000
     16.65000      0.00000      0.00000      0.00000
     16.66000      0.00000      0.00000      0.00000
     16.67000      0.00000      0.00000      0.00000
     16.68000      0.00000      0.00000      0.00000
     16.69000      0.00000      0.00000      0.00000
     16.70000      0.00000      0.00000      0.00000
     16.71000      0.00000      0.00000      0.00000
     16.72000      0.00000      0.00000      0.00000
     16.73000      0.00000      0.00000      0.00000
     16.74000      0.00000      0.00000      0.00000
     16.75000      0.00000      0.00000      0.00000
     16.76000      0.00000      0.00000      0.00000
     16.77000      0.00000      0.00000      0.00000
     16.78000      0.00000      0.00000      0.00000
     16.79000      0.00000      0.00000      0.00000
     16.80000      0.00000      0.00000      0.00000
     16.81000      0.00000      0.00000      0.00000
     16.82000      0.00000      0.00000      0.00000
     16.83000      0.00000      0.00000      0.00000
     16.84000      0.00000      0.00000      0.00000
     16.85000      0.00000      0.00000      0.00000
     16.86000      0.00000      0.00000      0.00000
     16.87000      0.00000      0.00000      0.00000
     16.88000      0.00000      0.00000      0.00000
     16.89000      0.00000      0.00000      0.00000
     16.90000      0.00000      0.00000      0.00000
     16.91000      0.00000      0.00000      0.00000
     16.92000      0.00000      0.00000      0.00000
     16.93000      0.00000      0.00000      0.00000
     16.94000      0.00000      0.00000      0.00000
     16.95000      0.00000      0.00000      0.00000
     16.96000      0.00000      0.00000      0.00000
     16.97000      0.00000      0.00000      0.00000
     16.98000      0.00000      0.00000      0.00000
     16.99000      0.00000      0.00000      0.00000
     17.00000      0.00000      0.00000      0.00000
     17.01000      0.00000      0.00000      0.00000
     17.02000      0.00000      0.00000      0.00000
     17.03000      0.00000      0.00000      0.00000
     17.04000      0.00000      0.00000      0.00000
     17.05000      0.00000      0.00000      0.00000
     17.06000      0.00000      0.00000      0.00000
     17.07000      0.00000      0.00000      0.00000
     17.08000      0.00000      0.00000      0.00000
     17.09000      0.00000      0.00000      0.00000
     17.10000      0.00000      0.00000      0.00000
     17.11000      0.00000      0.00000      0.00000
     17.12000      0.00000      0.00000      0.00000
     17.13000      0.00000      0.00000      0.00000
     17.14000      0.00000      0.00000      0.00000
     17.15000      0.00000      0.00000      0.00000
     17.16000      0.00000      0.00000      0.00000
     17.17000      0.00000      0.00000      0.00000
     17.18000      0.00000      0.00000      0.00000
     17.19000      0.00000      0.00000      0.00000
     17.20000      0.00000      0.00000      0.00000
     17.21000      0.00000      0.00000      0.00000
     17.22000      0.00000      0.00000      0.00000
     17.23000      0.00000      0.00000      0.00000
     17.24000      0.00000      0.00000      0.00000
     17.25000      0.00000      0.00000      0.00000
     17.26000      0.00000      0.00000      0.00000
     17.27000      0.00000      0.00000      0.00000
     17.28000      0.00000      0.00000      0.00000
     17.29000      0.00000      0.00000      0.00000
     17.30000      0.00000      0.00000      0.00000
     17.31000      0.00000      0.00000      0.00000
     17.32000      0.00000      0.00000      0.00000
     17.33000      0.00000      0.00000      0.00000
     17.34000      0.00000      0.00000      0.00000
     17.35000      0.00000      0.00000      0.00000
     17.36000      0.00000      0.00000      0.00000
     17.37000      0.00000      0.00000      0.00000
     17.38000      0.00000      0.00000      0.00000
     17.39000      0.00000      0.00000      0.00000
     17.40000      0.00000      0.00000      0.00000
     17.41000      0.00000      0.00000      0.00000
     17.42000      0.00000      0.00000      0.00000
     17.43000      0.00000      0.00000      0.00000
     17.44000      0.00000      0.00000      0.00000
     17.45000      0.00000      0.00000      0.00000
     17.46000      0.00000      0.00000      0.00000
     17.47000      0.00000      0.00000      0.00000
     17.48000      0.00000      0.00000      0.00000
     17.49000      0.00000      0.00000      0.00000
     17.50000      0.00000      0.00000      0.00000
     17.51000      0.00000      0.00000      0.00000
     17.52000      0.00000      0.00000      0.00000
     17.53000      0.00000      0.00000      0.00000
     17.54000      0.00000      0.00000      0.00000
     17.55000      0.00000      0.00000      0.00000
     17.56000      0.00000      0.00000      0.00000
     17.57000      0.00000      0.00000      0.00000
     17.58000      0.00000      0.00000      0.00000
     17.59000      0.00000      0.00000      0.00000
     17.60000      0.00000      0.00000      0.00000
     17.61000      0.00000      0.00000      0.00000
     17.62000      0.00000      0.00000      0.00000
     17.63000      0.00000      0.00000      0.00000
     17.64000      0.00000      0.00000      0.00000
     17.65000      0.00000      0.00000      0.00000
     17.66000      0.00000      0.00000      0.00000
     17.67000      0.00000      0.00000      0.00000
     17.68000      0.00000      0.00000      0.00000
     17.69000      0.00000      0.00000      0.00000
     17.70000      0.00000      0.00000      0.00000
     17.71000      0.00000      0.00000      0.00000
     17.72000      0.00000      0.00000      0.00000
     17.73000      0.00000      0.00000      0.00000
     17.74000      0.00000      0.00000      0.00000
     17.75000      0.00000      0.00000      0.00000
     17.76000      0.00000      0.00000      0.00000
     17.77000      0.00000      0.00000      0.00000
     17.78000      0.00000      0.00000      0.00000
     17.79000      0.00000      0.00000      0.00000
     17.80000      0.00000      0.00000      0.00000
     17.81000      0.00000      0.00000      0.00000
     17.82000      0.00000      0.00000      0.00000
     17.83000      0.00000      0.00000      0.00000
     17.84000      0.00000      0.00000      0.00000
     17.85000      0.00000      0.00000      0.00000
     17.86000      0.00000      0.00000      0.00000
     17.87000      0.00000      0.00000      0.00000
     17.88000      0.00000      0.00000      0.00000
     17.89000      0.00000      0.00000      0.00000
     17.90000      0.00000      0.00000      0.00000
     17.91000      0.00000      0.00000      0.00000
     17.92000      0.00000      0.00000      0.00000
     17.93000      0.00000      0.00000      0.00000
     17.94000      0.00000      0.00000      0.00000
     17.95000      0.00000      0.00000      0.00000
     17.96000      0.00000      0.00000      0.00000
     17.97000      0.00000      0.00000      0.00000
     17.98000      0.00000      0.00000      0.00000
     17.99000      0.00000      0.00000      0.00000
     18.00000      0.00000      0.00000      0.00000
     18.01000      0.00000      0.00000      0.00000
     18.02000      0.00000      0.00000      0.00000
     18.03000      0.00000      0.00000      0.00000
     18.04000      0.00000      0.00000      0.00000
     18.05000      0.00000      0.00000      0.00000
     18.06000      0.00000      0.00000      0.00000
     18.07000      0.00000      0.00000      0.00000
     18.08000      0.00000      0.00000      0.00000
     18.09000      0.00000      0.00000      0.00000
     18.10000      0.00000      0.00000      0.00000
     18.11000      0.00000      0.00000      0.00000
     18.12000      0.00000      0.00000      0.00000
     18.13000      0.00000      0.00000      0.00000
     18.14000      0.00000      0.00000      0.00000
     18.15000      0.00000      0.00000      0.00000
     18.16000      0.00000      0.00000      0.00000
     18.17000      0.00000      0.00000      0.00000
     18.18000      0.00000      0.00000      0.00000
     18.19000      0.00000      0.00000      0.00000
     18.20000      0.00000      0.00000      0.00000
     18.21000      0.00000      0.00000      0.00000
     18.22000      0.00000      0.00000      0.00000
     18.23000      0.00000      0.00000      0.00000
     18.24000      0.00000      0.00000      0.00000
     18.25000      0.00000      0.00000      0.00000
     18.26000      0.00000      0.00000      0.00000
     18.27000      0.00000      0.00000      0.00000
     18.28000      0.00000      0.00000      0.00000
     18.29000      0.00000      0.00000      0.00000
     18.30000      0.00000      0.00000      0.00000
     18.31000      0.00000      0.00000      0.00000
     18.32000      0.00000      0.00000      0.00000
     18.33000      0.00000      0.00000      0.00000
     18.34000      0.00000      0.00000      0.00000
     18.35000      0.00000      0.00000      0.00000
     18.36000      0.00000      0.00000      0.00000
     18.37000      0.00000      0.00000      0.00000
     18.38000      0.00000      0.00000      0.00000
     18.39000      0.00000      0.00000      0.00000
     18.40000      0.00000      0.00000      0.00000
     18.41000      0.00000      0.00000      0.00000
     18.42000      0.00000      0.00000      0.00000
     18.43000      0.00000      0.00000      0.00000
     18.44000      0.00000      0.00000      0.00000
     18.45000      0.00000      0.00000      0.00000
     18.46000      0.00000      0.00000      0.00000
     18.47000      0.00000      0.00000      0.00000
     18.48000      0.00000      0.00000      0.00000
     18.49000      0.00000      0.00000      0.00000
     18.50000      0.00000      0.00000      0.00000
     18.51000      0.00000      0.00000      0.00000
     18.52000      0.00000      0.00000      0.00000
     18.53000      0.00000      0.00000      0.00000
     18.54000      0.00000      0.00000      0.00000
     18.55000      0.00000      0.00000      0.00000
     18.56000      0.00000      0.00000      0.00000
     18.57000      0.00000      0.00000      0.00000
     18.58000      0.00000      0.00000      0.00000
     18.59000      0.00000      0.00000      0.00000
     18.60000      0.00000      0.00000      0.00000
     18.61000      0.00000      0.00000      0.00000
     18.62000      0.00000      0.00000      0.00000
     18.63000      0.00000      0.00000      0.00000
     18.64000      0.00000      0.00000      0.00000
     18.65000      0.00000      0.00000      0.00000
     18.66000      0.00000      0.00000      0.00000
     18.67000      0.00000      0.00000      0.00000
     18.68000      0.00000      0.00000      0.00000
     18.69000      0.00000      0.00000      0.00000
     18.70000      0.00000      0.00000      0.00000
     18.71000      0.00000      0.00000      0.00000
     18.72000      0.00000      0.00000      0.00000
     18.73000      0.00000      0.00000      0.00000
     18.74000      0.00000      0.00000      0.00000
     18.75000      0.00000      0.00000      0.00000
     18.76000      0.00000      0.00000      0.00000
     18.77000      0.00000      0.00000      0.00000
     18.78000      0.00000      0.00000      0.00000
     18.79000      0.00000      0.00000      0.00000
     18.80000      0.00000      0.00000      0.00000
     18.81000      0.00000      0.00000      0.00000
     18.82000      0.00000      0.00000      0.00000
     18.83000      0.00000      0.00000      0.00000
     18.84000      0.00000      0.00000      0.00000
     18.85000      0.00000      0.00000      0.00000
     18.86000      0.00000      0.00000      0.00000
     18.87000      0.00000      0.00000      0.00000
     18.88000      0.00000      0.00000      0.00000
     18.89000      0.00000      0.00000      0.00000
     18.90000      0.00000      0.00000      0.00000
     18.91000      0.00000      0.00000      0.00000
     18.92000      0.00000      0.00000      0.00000
     18.93000      0.00000      0.00000      0.00000
     18.94000      0.00000      0.00000      0.00000
     18.95000      0.00000      0.00000      0.00000
     18.96000      0.00000      0.00000      0.00000
     18.97000      0.00000      0.00000      0.00000
     18.98000      0.00000      0.00000      0.00000
     18.99000      0.00000      0.00000      0.00000
     19.00000      0.00000      0.00000      0.00000
     19.01000      0.00000      0.00000      0.00000
     19.02000      0.00000      0.00000      0.00000
     19.03000      0.00000      0.00000      0.00000
     19.04000      0.00000      0.00000      0.00000
     19.05000      0.00000      0.00000      0.00000
     19.06000      0.00000      0.00000      0.00000
     19.07000      0.00000      0.00000      0.00000
     19.08000      0.00000      0.00000      0.00000
     19.09000      0.00000      0.00000      0.00000
     19.10000      0.00000      0.00000      0.00000
     19.11000      0.00000      0.00000      0.00000
     19.12000      0.00000      0.00000      0.00000
     19.13000      0.00000      0.00000      0.00000
     19.14000      0.00000      0.00000      0.00000
     19.15000      0.00000      0.00000      0.00000
     19.16000      0.00000      0.00000      0.00000
     19.17000      0.00000      0.00000      0.00000
     19.18000      0.00000      0.00000      0.00000
     19.19000      0.00000      0.00000      0.00000
     19.20000      0.00000      0.00000      0.00000
     19.21000      0.00000      0.00000      0.00000
     19.22000      0.00000      0.00000      0.00000
     19.23000      0.00000      0.00000      0.00000
     19.24000      0.00000      0.00000      0.00000
     19.25000      0.00000      0.00000      0.00000
     19.26000      0.00000      0.00000      0.00000
     19.27000      0.00000      0.00000      0.00000
     19.28000      0.00000      0.00000      0.00000
     19.29000      0.00000      0.00000      0.00000
     19.30000      0.00000      0.00000      0.00000
     19.31000      0.00000      0.00000      0.00000
     19.32000      0.00000      0.00000      0.00000
     19.33000      0.00000      0.00000      0.00000
     19.34000      0.00000      0.00000      0.00000
     19.35000      0.00000      0.00000      0.00000
     19.36000      0.00000      0.00000      0.00000
     19.37000      0.00000      0.00000      0.00000
     19.38000      0.00000      0.00000      0.00000
     19.39000      0.00000      0.00000      0.00000
     19.40000      0.00000      0.00000      0.00000
     19.41000      0.00000      0.00000      0.00000
     19.42000      0.00000      0.00000      0.00000
     19.43000      0.00000      0.00000      0.00000
     19.44000      0.00000      0.00000      0.00000
     19.45000      0.00000      0.00000      0.00000
     19.46000      0.00000      0.00000      0.00000
     19.47000      0.00000      0.00000      0.00000
     19.48000      0.00000      0.00000      0.00000
     19.49000      0.00000      0.00000      0.00000
     19.50000      0.00000      0.00000      0.00000
     19.51000      0.00000      0.00000      0.00000
     19.52000      0.00000      0.00000      0.00000
     19.53000      0.00000      0.00000      0.00000
     19.54000      0.00000      0.00000      0.00000
     19.55000      0.00000      0.00000      0.00000
     19.56000      0.00000      0.00000      0.00000
     19.57000      0.00000      0.00000      0.00000
     19.58000      0.00000      0.00000      0.00000
     19.59000      0.00000      0.00000      0.00000
     19.60000      0.00000      0.00000      0.00000
     19.61000      0.00000      0.00000      0.00000
     19.62000      0.00000      0.00000      0.00000
     19.63000      0.00000      0.00000      0.00000
     19.64000      0.00000      0.00000      0.00000
     19.65000      0.00000      0.00000      0.00000
     19.66000      0.00000      0.00000      0.00000
     19.67000      0.00000      0.00000      0.00000
     19.68000      0.00000      0.00000      0.00000
     19.69000      0.00000      0.00000      0.00000
     19.70000      0.00000      0.00000      0.00000
     19.71000      0.00000      0.00000      0.00000
     19.72000      0.00000      0.00000      0.00000
     19.73000      0.00000      0.00000      0.00000
     19.74000      0.00000      0.00000      0.00000
     19.75000      0.00000      0.00000      0.00000
     19.76000      0.00000      0.00000      0.00000
     19.77000      0.00000      0.00000      0.00000
     19.78000      0.00000      0.00000      0.00000
     19.79000      0.00000      0.00000      0.00000
     19.80000      0.00000      0.00000      0.00000
     19.81000      0.00000      0.00000      0.00000
     19.82000      0.00000      0.00000      0.00000
     19.83000      0.00000      0.00000      0.00000
     19.84000      0.00000      0.00000      0.00000
     19.85000      0.00000      0.00000      0.00000
     19.86000      0.00000      0.00000      0.00000
     19.87000      0.00000      0.00000      0.00000
     19.88000      0.00000      0.00000      0.00000
     19.89000      0.00000      0.00000      0.00000
     19.90000      0.00000      0.00000      0.00000
     19.91000      0.00000      0.00000      0.00000
     19.92000      0.00000      0.00000      0.00000
     19.93000      0.00000      0.00000      0.00000
     19.94000      0.00000      0.00000      0.00000
     19.95000      0.00000      0.00000      0.00000
     19.96000      0.00000      0.00000      0.00000
     19.97000      0.00000      0.00000      0.00000
     19.98000      0.00000      0.00000      0.00000
     19.99000      0.00000      0.00000      0.00000
     20.00000      0.00000      0.00000      0.00000
     20.01000      0.00000      0.00000      0.00000
     20.02000      0.00000      0.00000      0.00000
