     0.00000000E+000     0.15169867E-002    -0.28073414E-013    -0.21823545E-011     0.97056894E-024    -0.22831325E-011     0.91022447E-024
     0.75961108E-002     0.15139462E-002     0.27523597E-005    -0.63236846E-012    -0.98352944E-012    -0.66148663E-012    -0.10291040E-011
     0.15192222E-001     0.15139548E-002     0.25623137E-005    -0.20466367E-012    -0.62219005E-012    -0.21399390E-012    -0.65117737E-012
     0.22788332E-001     0.15153624E-002     0.27109670E-005    -0.98896944E-013    -0.42977031E-012    -0.10330763E-012    -0.45001466E-012
     0.30384443E-001     0.15175725E-002     0.30233994E-005    -0.60663587E-013    -0.31844977E-012    -0.63242550E-013    -0.33376718E-012
     0.37980554E-001     0.15205691E-002     0.35115910E-005    -0.45899373E-013    -0.24205772E-012    -0.47647098E-013    -0.25420221E-012
     0.45576665E-001     0.15240194E-002     0.39801386E-005    -0.48503664E-013    -0.17706699E-012    -0.49920805E-013    -0.18689380E-012
     0.53172776E-001     0.15285969E-002     0.43664341E-005    -0.10536334E-012    -0.11171016E-012    -0.10721668E-012    -0.11963781E-012
     0.60768886E-001     0.15336903E-002     0.50533672E-005    -0.17148866E-012    -0.25650608E-012    -0.17396454E-012    -0.26522972E-012
     0.68364997E-001     0.15392901E-002     0.56250811E-005    -0.50085331E-013    -0.24033986E-012    -0.51065073E-013    -0.24818035E-012
     0.75961108E-001     0.15456714E-002     0.59118551E-005    -0.24316579E-013    -0.19979119E-012    -0.24933204E-013    -0.20658873E-012
     0.83557219E-001     0.15534825E-002     0.62962672E-005    -0.15695407E-013    -0.17466949E-012    -0.16168256E-013    -0.18068831E-012
     0.91153329E-001     0.15617406E-002     0.70570523E-005    -0.11357865E-013    -0.15757483E-012    -0.11752993E-013    -0.16296365E-012
     0.98749440E-001     0.15708696E-002     0.76520251E-005    -0.85454111E-014    -0.14531302E-012    -0.88973304E-014    -0.15016010E-012
     0.10634555E+000     0.15808843E-002     0.84235370E-005    -0.62340252E-014    -0.13664481E-012    -0.65696682E-014    -0.14099821E-012
     0.11394166E+000     0.15917949E-002     0.92184466E-005    -0.36260076E-014    -0.13137615E-012    -0.39830774E-014    -0.13523922E-012
     0.12153777E+000     0.16035544E-002     0.10129749E-004     0.98414737E-015    -0.13046213E-012     0.51709037E-015    -0.13377443E-012
     0.12913388E+000     0.16162350E-002     0.11015632E-004     0.14905046E-013    -0.13706433E-012     0.13979239E-013    -0.13963079E-012
     0.13672999E+000     0.16299048E-002     0.11777749E-004     0.78757008E-013    -0.11896611E-012     0.75564828E-013    -0.12173766E-012
     0.14432610E+000     0.16448104E-002     0.12472135E-004     0.30378505E-013    -0.42576511E-013     0.28959783E-013    -0.47700030E-013
     0.15192222E+000     0.16612979E-002     0.13187273E-004     0.51846139E-014    -0.54423778E-013     0.46960453E-014    -0.58758175E-013
     0.15951833E+000     0.16788283E-002     0.14397603E-004    -0.17197208E-015    -0.59606113E-013    -0.44865631E-015    -0.63424577E-013
     0.16711444E+000     0.16977234E-002     0.15300563E-004    -0.18453042E-014    -0.60982026E-013    -0.20490209E-014    -0.64445213E-013
     0.17471055E+000     0.17181912E-002     0.16486011E-004    -0.24500571E-014    -0.60732381E-013    -0.26215475E-014    -0.63918060E-013
     0.18230666E+000     0.17402291E-002     0.17750111E-004    -0.26695255E-014    -0.59778971E-013    -0.28294970E-014    -0.62720340E-013
     0.18990277E+000     0.17641617E-002     0.19137966E-004    -0.27175681E-014    -0.58528296E-013    -0.28829408E-014    -0.61231708E-013
     0.19749888E+000     0.17896132E-002     0.20865247E-004    -0.25688634E-014    -0.57123724E-013    -0.27722908E-014    -0.59563254E-013
     0.20509499E+000     0.18172271E-002     0.22422181E-004    -0.22418799E-014    -0.55680487E-013    -0.25851531E-014    -0.57765466E-013
     0.21269110E+000     0.18471769E-002     0.24197895E-004    -0.13173422E-014    -0.53826199E-013    -0.23623292E-014    -0.55422914E-013
     0.22028721E+000     0.18796727E-002     0.26125744E-004    -0.23916952E-014    -0.50125418E-013    -0.42562994E-014    -0.53527840E-013
     0.22788332E+000     0.19147790E-002     0.28329768E-004    -0.34857290E-014    -0.49987183E-013    -0.39816313E-014    -0.53343436E-013
     0.23547943E+000     0.19534009E-002     0.29794985E-004    -0.33479584E-014    -0.49038760E-013    -0.35714688E-014    -0.52016126E-013
     0.24307555E+000     0.19963406E-002     0.32466087E-004    -0.32746118E-014    -0.47940685E-013    -0.34166184E-014    -0.50692885E-013
     0.25067166E+000     0.20431072E-002     0.35668562E-004    -0.31783196E-014    -0.46809898E-013    -0.32844324E-014    -0.49409550E-013
     0.25826777E+000     0.20946516E-002     0.39312594E-004    -0.31003997E-014    -0.45674495E-013    -0.31852345E-014    -0.48158382E-013
     0.26586388E+000     0.21517476E-002     0.43454152E-004    -0.30194745E-014    -0.44561782E-013    -0.30918673E-014    -0.46953554E-013
     0.27345999E+000     0.22159437E-002     0.48081357E-004    -0.29556334E-014    -0.43472963E-013    -0.30191619E-014    -0.45789732E-013
     0.28105610E+000     0.22884346E-002     0.54130150E-004    -0.28820100E-014    -0.42386038E-013    -0.29390954E-014    -0.44641141E-013
     0.28865221E+000     0.23706778E-002     0.61463807E-004    -0.28436228E-014    -0.41336893E-013    -0.28949911E-014    -0.43541643E-013
     0.29624832E+000     0.24657358E-002     0.70444383E-004    -0.27897998E-014    -0.40315945E-013    -0.28358443E-014    -0.42480019E-013
     0.30384443E+000     0.25776023E-002     0.82374418E-004    -0.27241979E-014    -0.39302462E-013    -0.27652014E-014    -0.41435296E-013
     0.31144054E+000     0.27104156E-002     0.98931100E-004    -0.26460252E-014    -0.38284546E-013    -0.26817085E-014    -0.40394830E-013
     0.31903665E+000     0.28735856E-002     0.12145296E-003    -0.25561946E-014    -0.37244506E-013    -0.25864594E-014    -0.39341597E-013
     0.32663276E+000     0.30804535E-002     0.15573165E-003    -0.24325138E-014    -0.36188474E-013    -0.24578107E-014    -0.38282749E-013
     0.33422887E+000     0.33541585E-002     0.21124074E-003    -0.22572405E-014    -0.35065410E-013    -0.22761760E-014    -0.37168830E-013
     0.34182499E+000     0.37401232E-002     0.31118806E-003    -0.19904952E-014    -0.33846098E-013    -0.20018612E-014    -0.35971452E-013
     0.34942110E+000     0.43359417E-002     0.52122528E-003    -0.15375351E-014    -0.32434388E-013    -0.15399115E-014    -0.34597112E-013
     0.35701721E+000     0.53802616E-002     0.10960848E-002    -0.68321223E-015    -0.30545005E-013    -0.67392510E-015    -0.32764546E-013
     0.36461332E+000     0.72905939E-002     0.35192118E-002     0.98498071E-015    -0.26707365E-013     0.10101788E-014    -0.29006372E-013
     0.37220943E+000     0.97715962E-003     0.10607582E-001    -0.54049847E-014    -0.18059074E-013    -0.53630190E-014    -0.20466132E-013
     0.37980554E+000    -0.22560818E-002     0.28622237E-002    -0.88513085E-014    -0.23447315E-013    -0.87835152E-014    -0.26012745E-013
     0.38740165E+000    -0.49685601E-003     0.10289175E-002    -0.76183586E-014    -0.22646677E-013    -0.75080306E-014    -0.25426420E-013
     0.39499776E+000     0.47549884E-003     0.55478730E-003    -0.73371487E-014    -0.19655486E-013    -0.71622786E-014    -0.22736453E-013
     0.40259387E+000     0.10835649E-002     0.37813321E-003    -0.78387541E-014    -0.15038811E-013    -0.75550925E-014    -0.18559437E-013
     0.41018998E+000     0.15281865E-002     0.30036794E-003    -0.94098673E-014    -0.79704579E-014    -0.89221084E-014    -0.12167212E-013
     0.41778609E+000     0.18956692E-002     0.26572933E-003    -0.13432571E-013     0.37692633E-014    -0.12494300E-013    -0.15556364E-014
     0.42538220E+000     0.22301446E-002     0.25435190E-003    -0.25916663E-013     0.25949812E-013    -0.23681855E-013     0.18512562E-013
     0.43297831E+000     0.25594980E-002     0.25950209E-003    -0.85212324E-013     0.66940246E-013    -0.77110878E-013     0.55708745E-013
     0.44057443E+000     0.29034846E-002     0.27862018E-003    -0.20903952E-012    -0.98797629E-013    -0.18953951E-012    -0.93675997E-013
     0.44817054E+000     0.32824762E-002     0.31253044E-003    -0.58215520E-013    -0.13538345E-012    -0.53378189E-013    -0.12735147E-012
     0.45576665E+000     0.37194678E-002     0.36497743E-003    -0.25061992E-013    -0.10544458E-012    -0.23294659E-013    -0.10055236E-012
     0.46336276E+000     0.42462982E-002     0.44434893E-003    -0.15435645E-013    -0.90218424E-013    -0.14506129E-013    -0.87024255E-013
     0.47095887E+000     0.49102630E-002     0.56652871E-003    -0.11349038E-013    -0.82069774E-013    -0.10721777E-013    -0.79950557E-013
     0.47855498E+000     0.57903752E-002     0.76393452E-003    -0.91413095E-014    -0.77594003E-013    -0.86143539E-014    -0.76312737E-013
     0.48615109E+000     0.70308150E-002     0.11085814E-002    -0.76137599E-014    -0.75408566E-013    -0.70494516E-014    -0.74951407E-013
     0.49374720E+000     0.89259718E-002     0.17885978E-002    -0.61935224E-014    -0.74983466E-013    -0.54074297E-014    -0.75550117E-013
     0.50134331E+000     0.12157495E-001     0.34244264E-002    -0.42559471E-014    -0.76376520E-013    -0.28107714E-014    -0.78539924E-013
     0.50893942E+000     0.18342282E-001     0.89655981E-002     0.42405073E-016    -0.80326203E-013     0.37844233E-014    -0.85543245E-013
     0.51653553E+000     0.18403427E-001     0.36903796E-001     0.17658759E-013    -0.83925321E-013     0.33727122E-013    -0.92667048E-013
     0.52413164E+000    -0.22628488E-001     0.21099985E-001     0.10588171E-013    -0.52224029E-013     0.27905521E-013    -0.33041868E-013
     0.53172776E+000    -0.14658585E-001     0.55360902E-002    -0.13202983E-014    -0.68102757E-013     0.18874099E-014    -0.50658152E-013
     0.53932387E+000    -0.96813632E-002     0.23025054E-002     0.66673809E-014    -0.85125027E-013     0.51599534E-014    -0.68440635E-013
     0.54691998E+000    -0.70164912E-002     0.12278170E-002     0.55139579E-013    -0.92380086E-013     0.42289561E-013    -0.76063293E-013
     0.55451609E+000    -0.53916272E-002     0.75516613E-003     0.32350241E-013    -0.15716839E-013     0.23122713E-013    -0.17631711E-013
     0.56211220E+000    -0.42977175E-002     0.50988072E-003     0.36074151E-015    -0.35466254E-013    -0.21075915E-014    -0.34723660E-013
     0.56970831E+000    -0.35060155E-002     0.36827344E-003    -0.49177034E-014    -0.51815391E-013    -0.62482158E-014    -0.48856712E-013
     0.57730442E+000    -0.28985470E-002     0.28110694E-003    -0.33875905E-014    -0.67304748E-013    -0.48027407E-014    -0.62545418E-013
     0.58490053E+000    -0.24099142E-002     0.22610699E-003     0.98582598E-014    -0.89228989E-013     0.69544846E-014    -0.82115454E-013
     0.59249664E+000    -0.19981364E-002     0.19269444E-003     0.85579651E-013    -0.94546401E-013     0.74438420E-013    -0.86905801E-013
     0.60009275E+000    -0.16332953E-002     0.17618797E-003     0.41053626E-013     0.18691978E-013     0.34424105E-013     0.14156883E-013
     0.60768886E+000    -0.12868333E-002     0.17855179E-003    -0.68692087E-014    -0.77087146E-014    -0.87162597E-014    -0.95650370E-014
     0.61528497E+000    -0.92417167E-003     0.21588654E-003    -0.20686644E-013    -0.27017458E-013    -0.21560151E-013    -0.27050842E-013
     0.62288108E+000    -0.47952839E-003     0.36003101E-003    -0.31321018E-013    -0.43107587E-013    -0.31895613E-013    -0.41978498E-013
     0.63047720E+000     0.25979226E-004     0.10928128E-002    -0.42544321E-013    -0.73014512E-013    -0.43021946E-013    -0.70955832E-013
     0.63807331E+000    -0.13157592E-002     0.13513476E-002    -0.36991045E-014    -0.90111908E-013    -0.42350040E-014    -0.87202491E-013
     0.64566942E+000    -0.75715065E-003     0.70868171E-003    -0.16235537E-013    -0.84969298E-013    -0.16855619E-013    -0.81186554E-013
     0.65326553E+000    -0.59024670E-003     0.16184244E-002    -0.13779402E-013    -0.12931256E-012    -0.14568385E-013    -0.12447748E-012
     0.66086164E+000    -0.14366781E-002     0.77533171E-003     0.28217793E-013    -0.11974286E-012     0.27120430E-013    -0.11344034E-012
     0.66845775E+000    -0.82173800E-003     0.55456020E-003     0.51945652E-013    -0.11747396E-012     0.50326728E-013    -0.10881915E-012
     0.67605386E+000    -0.11143194E-002     0.90861535E-003    -0.48210726E-013    -0.63643216E-013    -0.53494519E-013    -0.49340187E-013
     0.68364997E+000    -0.99957168E-003     0.29987392E-003     0.39891884E-013    -0.30931127E-012     0.16860979E-013    -0.29804630E-012
     0.69124608E+000    -0.66603081E-003     0.16593010E-003     0.19920465E-012    -0.24075933E-012     0.18380601E-012    -0.24167520E-012
     0.69884219E+000    -0.39795149E-003     0.13304132E-003     0.33090273E-012     0.33908855E-013     0.31803527E-012     0.23548272E-013
     0.70643830E+000    -0.14587801E-003     0.13201406E-003     0.13264614E-012     0.82380595E-013     0.12860381E-012     0.75646811E-013
     0.71403441E+000     0.12498435E-003     0.15415141E-003     0.62105953E-013     0.48945692E-013     0.59840961E-013     0.46025602E-013
     0.72163052E+000     0.45419312E-003     0.21034372E-003     0.17361941E-013     0.16410173E-013     0.15374023E-013     0.16492966E-013
     0.72922664E+000     0.91250932E-003     0.34454299E-003    -0.38192355E-013    -0.33585946E-013    -0.40795841E-013    -0.30190415E-013
     0.73682275E+000     0.16661873E-002     0.73557934E-003    -0.14452038E-012    -0.18884859E-012    -0.14982482E-012    -0.18036675E-012
     0.74441886E+000     0.29455837E-002     0.24954574E-002     0.68082039E-014    -0.11063852E-011    -0.12941035E-013    -0.10905559E-011
     0.75201497E+000    -0.18405268E-002     0.61846982E-002     0.17554829E-011     0.16723470E-011     0.17247647E-011     0.16519809E-011
     0.75961108E+000    -0.27819958E-002     0.16010816E-002    -0.36200871E-012     0.56318167E-012    -0.36922240E-012     0.54403899E-012
     0.76720719E+000    -0.16574867E-002     0.64741141E-003    -0.19768737E-012     0.16001160E-012    -0.20039506E-012     0.14654692E-012
     0.77480330E+000    -0.94117413E-003     0.43293744E-003    -0.11201121E-012     0.72656402E-013    -0.11341817E-012     0.62103545E-013
     0.78239941E+000    -0.32018864E-003     0.47468506E-003    -0.74942182E-013     0.39852167E-013    -0.75804493E-013     0.30992028E-013
     0.78999552E+000     0.43859347E-003     0.10195232E-002    -0.61456316E-013     0.14073255E-013    -0.62028171E-013     0.62995362E-014
     0.79759163E+000    -0.71723938E-003     0.30987994E-002    -0.18606763E-013    -0.35730367E-013    -0.19009318E-013    -0.42764201E-013
     0.80518774E+000    -0.17757461E-002     0.10033441E-002     0.18626028E-013     0.25152331E-014     0.18345160E-013    -0.40457641E-014
     0.81278385E+000    -0.10020036E-002     0.52998170E-003     0.19642956E-013     0.12984930E-013     0.19480996E-013     0.67101876E-014
     0.82037996E+000    -0.39347212E-003     0.92094040E-003     0.26157273E-013     0.25911711E-013     0.26144776E-013     0.19714716E-013
     0.82797608E+000    -0.14628497E-002     0.11974548E-002    -0.98764033E-015     0.33180119E-013    -0.63949019E-015     0.26776347E-013
     0.83557219E+000    -0.11653299E-002     0.38486268E-003     0.10517777E-013     0.19495999E-013     0.12301505E-013     0.12701832E-013
     0.84316830E+000    -0.76423695E-003     0.24175963E-003     0.29660788E-014     0.29547607E-013     0.51337558E-014     0.25661944E-013
     0.85076441E+000    -0.40695975E-003     0.26510264E-003     0.46043820E-014     0.20783865E-013     0.54571743E-014     0.16214655E-013
     0.85836052E+000     0.25129539E-004     0.57106411E-003     0.12166394E-013     0.21132715E-013     0.13340848E-013     0.15300955E-013
     0.86595663E+000    -0.66030631E-003     0.16341942E-002     0.22052450E-013     0.26810302E-013     0.25823462E-013     0.18916866E-013
     0.87355274E+000    -0.11078971E-002     0.50304052E-003     0.65132340E-013     0.52612576E-013     0.76488000E-013     0.51979346E-013
     0.88114885E+000    -0.72429012E-003     0.22016654E-003    -0.56107501E-013     0.21258746E-012    -0.53299389E-013     0.21530192E-012
     0.88874496E+000    -0.45145867E-003     0.15498618E-003    -0.13715521E-012     0.27426185E-013    -0.13613775E-012     0.28449117E-013
     0.89634107E+000    -0.21426356E-003     0.14263477E-003    -0.91424401E-013    -0.98005818E-014    -0.90927360E-013    -0.95509947E-014
     0.90393718E+000     0.32391129E-004     0.16094106E-003    -0.74011707E-013    -0.17705160E-013    -0.73728013E-013    -0.17853820E-013
     0.91153329E+000     0.33149730E-003     0.21505605E-003    -0.69377374E-013    -0.22191149E-013    -0.69199273E-013    -0.22549785E-013
     0.91912941E+000     0.75390655E-003     0.34539087E-003    -0.73683900E-013    -0.28177219E-013    -0.73563821E-013    -0.28637704E-013
     0.92672552E+000     0.14591504E-002     0.71577484E-003    -0.89791518E-013    -0.41842716E-013    -0.89701087E-013    -0.42330702E-013
     0.93432163E+000     0.27293378E-002     0.22870567E-002    -0.12581410E-012    -0.94845112E-013    -0.12572930E-012    -0.95280115E-013
     0.94191774E+000    -0.13100525E-002     0.70837674E-002     0.10707976E-013    -0.25344828E-012     0.10657426E-013    -0.25370624E-012
     0.94951385E+000    -0.36490215E-002     0.19133223E-002     0.91174540E-013    -0.86872442E-013     0.91032275E-013    -0.87162618E-013
     0.95710996E+000    -0.24851194E-002     0.65544885E-003     0.56983545E-013    -0.48640738E-013     0.56852153E-013    -0.48812116E-013
     0.96470607E+000    -0.18588629E-002     0.32776834E-003     0.40428677E-013    -0.41667621E-013     0.40252304E-013    -0.41539855E-013
     0.97230218E+000    -0.14883787E-002     0.20139596E-003     0.32765351E-013    -0.42546754E-013     0.32445149E-013    -0.42070908E-013
     0.97989829E+000    -0.12388329E-002     0.14086618E-003     0.30468163E-013    -0.47860076E-013     0.29923295E-013    -0.46823888E-013
     0.98749440E+000    -0.10525932E-002     0.10837926E-003     0.34365520E-013    -0.58519782E-013     0.33287988E-013    -0.56484201E-013
     0.99509051E+000    -0.90129048E-003     0.91481148E-004     0.55342036E-013    -0.78337667E-013     0.52441426E-013    -0.74340423E-013
     0.10026866E+001    -0.76661710E-003     0.87514850E-004     0.15474348E-012    -0.61831665E-013     0.14265152E-012    -0.58090010E-013
     0.10102827E+001    -0.63066716E-003     0.11011243E-003     0.70675580E-013     0.71470268E-013     0.64066432E-013     0.62063345E-013
     0.10178788E+001    -0.53703461E-003     0.26266267E-003     0.20227251E-013     0.31335525E-013     0.18526415E-013     0.24392122E-013
     0.10254750E+001    -0.68961988E-003     0.17381943E-003     0.13208938E-013     0.10074800E-013     0.12583534E-013     0.45937288E-014
     0.10330711E+001    -0.56241607E-003     0.81771609E-004     0.10619553E-013    -0.28258392E-014     0.10370738E-013    -0.76270609E-014
     0.10406672E+001    -0.45179695E-003     0.63735465E-004     0.10411570E-013    -0.13807049E-013     0.10375210E-013    -0.18343731E-013
     0.10482633E+001    -0.35157204E-003     0.60227321E-004     0.12074822E-013    -0.25352051E-013     0.12232233E-013    -0.29924111E-013
     0.10558594E+001    -0.25068756E-003     0.62841785E-004     0.16841029E-013    -0.40381479E-013     0.17289729E-013    -0.45331340E-013
     0.10634555E+001    -0.14162038E-003     0.70513311E-004     0.30503380E-013    -0.64343285E-013     0.31647662E-013    -0.70258405E-013
     0.10710516E+001    -0.16162117E-004     0.84538919E-004     0.85420371E-013    -0.10575932E-012     0.89337626E-013    -0.11374266E-012
     0.10786477E+001     0.13756102E-003     0.10874661E-003     0.25562331E-012     0.33346321E-013     0.26887130E-012     0.32260969E-013
     0.10862438E+001     0.34001643E-003     0.15209429E-003     0.64851631E-013     0.12301291E-012     0.68528376E-013     0.12739174E-012
     0.10938400E+001     0.63123148E-003     0.23772470E-003     0.18754498E-013     0.77991482E-013     0.19943498E-013     0.80357883E-013
     0.11014361E+001     0.11015068E-002     0.43849911E-003     0.67207838E-014     0.54499197E-013     0.72801264E-014     0.55859900E-013
     0.11090322E+001     0.19738010E-002     0.10761789E-002     0.78967772E-015     0.40025857E-013     0.11154552E-014     0.40869552E-013
     0.11166283E+001     0.29254377E-002     0.43089906E-002    -0.31653875E-014     0.24510570E-013    -0.29456388E-014     0.25093291E-013
     0.11242244E+001    -0.39212419E-002     0.44730728E-002     0.10888877E-013     0.18256468E-013     0.10971643E-013     0.18670495E-013
     0.11318205E+001    -0.30446156E-002     0.11117588E-002     0.83703989E-014     0.21181242E-013     0.84196874E-014     0.21464519E-013
     0.11394166E+001    -0.21609329E-002     0.45103959E-003     0.60552622E-014     0.19117533E-013     0.60834697E-014     0.19347447E-013
     0.11470127E+001    -0.16848301E-002     0.24532369E-003     0.47543483E-014     0.16666064E-013     0.47636525E-014     0.16884308E-013
     0.11546088E+001    -0.13886155E-002     0.15941051E-003     0.39167176E-014     0.14355795E-013     0.39080479E-014     0.14594275E-013
     0.11622050E+001    -0.11773275E-002     0.12028640E-003     0.33002383E-014     0.12197110E-013     0.32726090E-014     0.12485168E-013
     0.11698011E+001    -0.10036061E-002     0.11016234E-003     0.27601080E-014     0.10087246E-013     0.27095917E-014     0.10456223E-013
     0.11773972E+001    -0.82958196E-003     0.14676803E-003     0.21434537E-014     0.77520471E-014     0.20616173E-014     0.82409031E-014
     0.11849933E+001    -0.68021745E-003     0.40688714E-003     0.17406671E-014     0.37904441E-014     0.16026171E-014     0.44615695E-014
     0.11925894E+001    -0.11579289E-002     0.37613003E-003     0.60971155E-014     0.16134488E-014     0.58095825E-014     0.25704691E-014
     0.12001855E+001    -0.10233545E-002     0.11617417E-003     0.80189253E-014     0.12674632E-014     0.70826362E-014     0.25330268E-014
     0.12077816E+001    -0.90522760E-003     0.61526104E-004     0.67254192E-014     0.37149585E-014     0.58284983E-014     0.40324467E-014
     0.12153777E+001    -0.82493344E-003     0.42262972E-004     0.51015455E-014    -0.91890118E-016     0.46455612E-014     0.74967381E-015
     0.12229738E+001    -0.76346874E-003     0.32897599E-004     0.58277965E-014    -0.47839846E-014     0.52912336E-014    -0.32622279E-014
     0.12305699E+001    -0.71265262E-003     0.27441069E-004     0.86654496E-014    -0.11676401E-013     0.77173326E-014    -0.91708865E-014
     0.12381661E+001    -0.66843364E-003     0.23978825E-004     0.18936734E-013    -0.23976358E-013     0.16505606E-013    -0.19696304E-013
     0.12457622E+001    -0.62847854E-003     0.21797225E-004     0.71409356E-013    -0.25677659E-013     0.61384019E-013    -0.21082484E-013
     0.12533583E+001    -0.59115481E-003     0.20608235E-004     0.42993079E-013     0.54082062E-013     0.36920531E-013     0.47112937E-013
     0.12609544E+001    -0.55497415E-003     0.20447001E-004     0.11973479E-013     0.38307471E-013     0.10378245E-013     0.33567766E-013
     0.12685505E+001    -0.51794314E-003     0.22164240E-004     0.54162731E-014     0.28255522E-013     0.47461254E-014     0.24966773E-013
     0.12761466E+001    -0.47695760E-003     0.29105963E-004     0.31996916E-014     0.22846474E-013     0.28336147E-014     0.20363738E-013
     0.12837427E+001    -0.43010743E-003     0.63530178E-004     0.19928379E-014     0.19574806E-013     0.17580213E-014     0.17610506E-013
     0.12913388E+001    -0.48739298E-003     0.94151150E-004     0.78476031E-015     0.17341194E-013     0.62202816E-015     0.15754570E-013
     0.12989349E+001    -0.45264299E-003     0.38336418E-004    -0.18349920E-015     0.15420088E-013    -0.30903644E-015     0.14140993E-013
     0.13065311E+001    -0.40394468E-003     0.29898154E-004    -0.14906567E-014     0.13906866E-013    -0.15921137E-014     0.12889601E-013
     0.13141272E+001    -0.35614145E-003     0.31256795E-004    -0.37993518E-014     0.12217896E-013    -0.38727556E-014     0.11432335E-013
     0.13217233E+001    -0.30173964E-003     0.38370425E-004    -0.87232702E-014     0.85857057E-014    -0.87126780E-014     0.79917932E-014
     0.13293194E+001    -0.23220825E-003     0.54314439E-004    -0.17100456E-013    -0.10226573E-013    -0.16609231E-013    -0.10604626E-013
     0.13369155E+001    -0.13036165E-003     0.92165363E-004     0.31924454E-013    -0.23007078E-013     0.32467865E-013    -0.21639109E-013
     0.13445116E+001     0.43680824E-004     0.21306289E-003     0.38292273E-013     0.82308392E-014     0.37974044E-013     0.10183378E-013
     0.13521077E+001     0.17369458E-003     0.81595543E-003     0.37213587E-013     0.42324466E-013     0.36338823E-013     0.45227686E-013
     0.13597038E+001    -0.82248179E-003     0.65478213E-003    -0.16163645E-013     0.35922355E-013    -0.18301140E-013     0.40816218E-013
     0.13672999E+001    -0.54014905E-003     0.29320996E-003    -0.10395933E-013     0.18300705E-013    -0.18457693E-013     0.26697327E-013
     0.13748961E+001    -0.38336437E-003     0.63474001E-003    -0.16766934E-013     0.10222005E-013    -0.33875248E-013     0.23111847E-014
     0.13824922E+001    -0.97358239E-003     0.38662743E-003    -0.49069982E-014     0.38027851E-014    -0.90585211E-014    -0.55286849E-014
     0.13900883E+001    -0.79727547E-003     0.11441119E-003    -0.27476504E-014     0.50924104E-014    -0.42744976E-014    -0.14682023E-014
     0.13976844E+001    -0.67873434E-003     0.54625164E-004    -0.18528940E-014     0.51615587E-014    -0.26299729E-014     0.40699095E-016
     0.14052805E+001    -0.60536364E-003     0.33348854E-004    -0.12810053E-014     0.50541292E-014    -0.17506761E-014     0.76808603E-015
     0.14128766E+001    -0.55294347E-003     0.23629227E-004    -0.88861450E-015     0.49044926E-014    -0.12033612E-014     0.11587194E-014
     0.14204727E+001    -0.51140944E-003     0.18757533E-004    -0.60775743E-015     0.47473990E-014    -0.83354540E-015     0.13794044E-014
     0.14280688E+001    -0.47538556E-003     0.16571924E-004    -0.40217692E-015     0.45900465E-014    -0.57187291E-015     0.15013533E-014
     0.14356649E+001    -0.44108365E-003     0.16581410E-004    -0.24652056E-015     0.44327406E-014    -0.37850341E-015     0.15593539E-014
     0.14432610E+001    -0.40481771E-003     0.19581158E-004    -0.12534896E-015     0.42830037E-014    -0.23059439E-015     0.15808464E-014
     0.14508572E+001    -0.36064861E-003     0.28942982E-004    -0.36692233E-016     0.41372681E-014    -0.12221869E-015     0.15748594E-014
     0.14584533E+001    -0.29529865E-003     0.59161196E-004     0.31244938E-016     0.39884261E-014    -0.39028760E-016     0.15421782E-014
     0.14660494E+001    -0.19527640E-003     0.20390998E-003     0.81237221E-016     0.38305452E-014     0.23403413E-016     0.14835505E-014
     0.14736455E+001    -0.58407704E-003     0.42521916E-003     0.18622720E-015     0.36676466E-014     0.13432513E-015     0.14064612E-014
     0.14812416E+001    -0.60754476E-003     0.10631945E-003     0.23166997E-015     0.35827880E-014     0.18704665E-015     0.13915205E-014
     0.14888377E+001    -0.52892220E-003     0.41062141E-004     0.25672917E-015     0.34679046E-014     0.21893153E-015     0.13393871E-014
     0.14964338E+001    -0.48351001E-003     0.22082429E-004     0.27917268E-015     0.33512322E-014     0.24700943E-015     0.12781038E-014
     0.15040299E+001    -0.45357717E-003     0.14190729E-004     0.30135221E-015     0.32357722E-014     0.27391468E-015     0.12116603E-014
     0.15116260E+001    -0.43138585E-003     0.10115662E-004     0.31855569E-015     0.31255716E-014     0.29517983E-015     0.11448544E-014
     0.15192222E+001    -0.41357730E-003     0.77346768E-005     0.33337245E-015     0.30176370E-014     0.31359694E-015     0.10754147E-014
     0.15268183E+001    -0.39853605E-003     0.61949047E-005     0.34496335E-015     0.29125833E-014     0.32855728E-015     0.10045683E-014
     0.15344144E+001    -0.38528308E-003     0.51428351E-005     0.35616910E-015     0.28092257E-014     0.34270144E-015     0.93172742E-015
     0.15420105E+001    -0.37317226E-003     0.44520773E-005     0.36608332E-015     0.27107872E-014     0.35517656E-015     0.86003169E-015
     0.15496066E+001    -0.36198243E-003     0.40826227E-005     0.37228760E-015     0.26142057E-014     0.36397223E-015     0.78686764E-015
     0.15572027E+001    -0.35121674E-003     0.39099629E-005     0.37709615E-015     0.25193491E-014     0.37121105E-015     0.71218367E-015
     0.15647988E+001    -0.34047419E-003     0.40494463E-005     0.38053162E-015     0.24259853E-014     0.37757644E-015     0.63575005E-015
     0.15723949E+001    -0.32919508E-003     0.48246548E-005     0.37942651E-015     0.23339649E-014     0.37924001E-015     0.55836528E-015
     0.15799910E+001    -0.31613168E-003     0.70766358E-005     0.37300420E-015     0.22399202E-014     0.37566354E-015     0.47566700E-015
     0.15875872E+001    -0.29844790E-003     0.14907832E-004     0.35287920E-015     0.21326176E-014     0.35894069E-015     0.37680362E-015
     0.15951833E+001    -0.28125229E-003     0.55493951E-004     0.33313191E-015     0.19450454E-014     0.34289000E-015     0.19673074E-015
     0.16027794E+001    -0.35861973E-003     0.54361960E-004     0.54859381E-015     0.18603004E-014     0.55491245E-015     0.11214789E-015
     0.16103755E+001    -0.34139190E-003     0.14162554E-004     0.52788950E-015     0.18729856E-014     0.53882619E-015     0.11732523E-015
     0.16179716E+001    -0.32500497E-003     0.60794358E-005     0.51264487E-015     0.18033380E-014     0.52893313E-015     0.37102396E-016
     0.16255677E+001    -0.31378911E-003     0.34505751E-005     0.50654355E-015     0.17195486E-014     0.52910581E-015    -0.63526736E-016
     0.16331638E+001    -0.30499899E-003     0.22557890E-005     0.51119927E-015     0.16258255E-014     0.54141487E-015    -0.18299124E-015
     0.16407599E+001    -0.29751231E-003     0.15025242E-005     0.52213560E-015     0.15250181E-014     0.56291757E-015    -0.32160059E-015
     0.16483560E+001    -0.29068263E-003     0.10720804E-005     0.54023837E-015     0.14120787E-014     0.59617119E-015    -0.48934711E-015
     0.16559522E+001    -0.28446667E-003     0.80470876E-006     0.56991984E-015     0.12808686E-014     0.64938639E-015    -0.70133421E-015
     0.16635483E+001    -0.27863709E-003     0.59292467E-006     0.61990939E-015     0.11191404E-014     0.73959893E-015    -0.98603417E-015
     0.16711444E+001    -0.27311115E-003     0.42699642E-006     0.71307162E-015     0.90223937E-015     0.91119612E-015    -0.14015968E-014
     0.16787405E+001    -0.26782612E-003     0.30111782E-006     0.91865867E-015     0.57562925E-015     0.13045211E-014    -0.20802554E-014
     0.16863366E+001    -0.26271553E-003     0.16648719E-006     0.15444265E-014     0.36722330E-016     0.25650287E-014    -0.33091378E-014
     0.16939327E+001    -0.25777045E-003     0.10189859E-006     0.42006392E-014     0.47432747E-015     0.84188985E-014    -0.28496095E-014
     0.17015288E+001    -0.25298067E-003     0.34262668E-007     0.19839379E-014     0.40130571E-014     0.43723421E-014     0.53723773E-014
     0.17091249E+001    -0.24831428E-003    -0.48304008E-007     0.66017815E-015     0.29674575E-014     0.12832705E-014     0.34291227E-014
     0.17167210E+001    -0.24372278E-003    -0.11286992E-006     0.43129330E-015     0.24025039E-014     0.68826893E-015     0.23115190E-014
     0.17243171E+001    -0.23920903E-003    -0.15909652E-006     0.36868250E-015     0.20918472E-014     0.50397894E-015     0.17116594E-014
     0.17319133E+001    -0.23478408E-003    -0.20735479E-006     0.35041976E-015     0.18864421E-014     0.43221116E-015     0.13351500E-014
     0.17395094E+001    -0.23039942E-003    -0.24279277E-006     0.34507615E-015     0.17423222E-014     0.39911645E-015     0.10803243E-014
     0.17471055E+001    -0.22604219E-003    -0.25541431E-006     0.34262796E-015     0.16300365E-014     0.38064768E-015     0.89185475E-015
     0.17547016E+001    -0.22179919E-003    -0.25734528E-006     0.34107632E-015     0.15369695E-014     0.36904861E-015     0.74400501E-015
     0.17622977E+001    -0.21750993E-003    -0.30182623E-006     0.34060409E-015     0.14568324E-014     0.36194683E-015     0.62318154E-015
     0.17698938E+001    -0.21323896E-003    -0.30659663E-006     0.34076861E-015     0.13867604E-014     0.35751452E-015     0.52214604E-015
     0.17774899E+001    -0.20897496E-003    -0.31153930E-006     0.34068823E-015     0.13234388E-014     0.35416744E-015     0.43484195E-015
     0.17850860E+001    -0.20467973E-003    -0.30976531E-006     0.33990799E-015     0.12661065E-014     0.35102209E-015     0.35861163E-015
     0.17926821E+001    -0.20034941E-003    -0.29579457E-006     0.33971861E-015     0.12120565E-014     0.34909002E-015     0.28967990E-015
     0.18002783E+001    -0.19598857E-003    -0.25336788E-006     0.33946066E-015     0.11624783E-014     0.34749013E-015     0.22820293E-015
     0.18078744E+001    -0.19155841E-003    -0.22579183E-006     0.33880873E-015     0.11150647E-014     0.34579810E-015     0.17126641E-015
     0.18154705E+001    -0.18704176E-003    -0.19258262E-006     0.33874997E-015     0.10707563E-014     0.34493321E-015     0.11930064E-015
     0.18230666E+001    -0.18239252E-003    -0.12360252E-006     0.33819877E-015     0.10285145E-014     0.34377284E-015     0.70921687E-016
     0.18306627E+001    -0.17762514E-003    -0.58762376E-007     0.33786282E-015     0.98816437E-015     0.34294087E-015     0.25689292E-016
     0.18382588E+001    -0.17265758E-003     0.38768477E-007     0.33758900E-015     0.94956956E-015     0.34228741E-015    -0.16797394E-016
     0.18458549E+001    -0.16748217E-003     0.17683815E-006     0.33751853E-015     0.91201823E-015     0.34195202E-015    -0.57372758E-016
     0.18534510E+001    -0.16206488E-003     0.33011132E-006     0.33984761E-015     0.87878991E-015     0.34398536E-015    -0.92863134E-016
     0.18610471E+001    -0.15631075E-003     0.51044359E-006     0.33606956E-015     0.84652231E-015     0.34001395E-015    -0.12695381E-015
     0.18686433E+001    -0.15012697E-003     0.73907668E-006     0.33318698E-015     0.81146051E-015     0.33701004E-015    -0.16324364E-015
     0.18762394E+001    -0.14345682E-003     0.10172533E-005     0.33273042E-015     0.77876028E-015     0.33641528E-015    -0.19678127E-015
     0.18838355E+001    -0.13610217E-003     0.14056329E-005     0.33376445E-015     0.74702520E-015     0.33735254E-015    -0.22905701E-015
     0.18914316E+001    -0.12793292E-003     0.19013599E-005     0.33390462E-015     0.71709542E-015     0.33752805E-015    -0.25922541E-015
     0.18990277E+001    -0.11872595E-003     0.26377929E-005     0.33408600E-015     0.68802639E-015     0.33778357E-015    -0.28803827E-015
     0.19066238E+001    -0.10817454E-003     0.35371224E-005     0.33453502E-015     0.65979273E-015     0.33788935E-015    -0.31593683E-015
     0.19142199E+001    -0.95722176E-004     0.47817276E-005     0.33510471E-015     0.63242308E-015     0.33851228E-015    -0.34301716E-015
     0.19218160E+001    -0.80623103E-004     0.65437109E-005     0.33641827E-015     0.60569324E-015     0.33990680E-015    -0.36914196E-015
     0.19294121E+001    -0.61728227E-004     0.92678169E-005     0.33843888E-015     0.58008003E-015     0.34202549E-015    -0.39399348E-015
     0.19370083E+001    -0.37156144E-004     0.13584029E-004     0.34146535E-015     0.55507760E-015     0.34519331E-015    -0.41802025E-015
     0.19446044E+001    -0.33614685E-005     0.21004282E-004     0.34686668E-015     0.53245550E-015     0.35037713E-015    -0.43929516E-015
     0.19522005E+001     0.46427992E-004     0.35253686E-004     0.35422590E-015     0.51032226E-015     0.35754108E-015    -0.46090334E-015
     0.19597966E+001     0.12754670E-003     0.67500277E-004     0.36935982E-015     0.49226955E-015     0.37319921E-015    -0.47824150E-015
     0.19673927E+001     0.27825375E-003     0.16415783E-003     0.39873113E-015     0.48853444E-015     0.40317963E-015    -0.48076293E-015
     0.19749888E+001     0.52190569E-003     0.62806645E-003     0.44845878E-015     0.56138589E-015     0.45522528E-015    -0.40488933E-015
     0.19825849E+001    -0.70999405E-003     0.11287615E-002     0.19244687E-015     0.64320989E-015     0.19412649E-015    -0.31911868E-015
     0.19901810E+001    -0.71927965E-003     0.27285793E-003     0.18802696E-015     0.44483110E-015     0.18949432E-015    -0.51951408E-015
     0.19977771E+001    -0.53024963E-003     0.10283220E-003     0.22525187E-015     0.38826350E-015     0.22736391E-015    -0.57544107E-015
     0.20053732E+001    -0.43132996E-003     0.52767181E-004     0.24389770E-015     0.35678222E-015     0.24633812E-015    -0.60583383E-015
     0.20129694E+001    -0.37315064E-003     0.31897949E-004     0.25423547E-015     0.33209310E-015     0.25684731E-015    -0.62931339E-015
     0.20205655E+001    -0.33506012E-003     0.21342637E-004     0.25980777E-015     0.31023653E-015     0.26245243E-015    -0.64993613E-015
     0.20281616E+001    -0.30811898E-003     0.15257283E-004     0.26309386E-015     0.28862733E-015     0.26566927E-015    -0.67048177E-015
     0.20357577E+001    -0.28792449E-003     0.11366931E-004     0.26584919E-015     0.26760787E-015     0.26895045E-015    -0.69077875E-015
     0.20433538E+001    -0.27212596E-003     0.87775576E-005     0.26773827E-015     0.24852653E-015     0.27103172E-015    -0.70803851E-015
     0.20509499E+001    -0.25935060E-003     0.69402753E-005     0.26814256E-015     0.22951404E-015     0.27119369E-015    -0.72575186E-015
     0.20585460E+001    -0.24875498E-003     0.55934910E-005     0.26796368E-015     0.21033533E-015     0.27056777E-015    -0.74392810E-015
     0.20661421E+001    -0.23975619E-003     0.45599811E-005     0.26729174E-015     0.18990715E-015     0.26914195E-015    -0.76464991E-015
     0.20737382E+001    -0.23197196E-003     0.37918373E-005     0.27361365E-015     0.17015385E-015     0.28032539E-015    -0.78477430E-015
     0.20813344E+001    -0.22519673E-003     0.31621836E-005     0.27260373E-015     0.15697758E-015     0.27859385E-015    -0.79362219E-015
     0.20889305E+001    -0.21914870E-003     0.26428154E-005     0.27145187E-015     0.14059887E-015     0.27707468E-015    -0.80843396E-015
     0.20965266E+001    -0.21371695E-003     0.22244564E-005     0.27041654E-015     0.12413865E-015     0.27607346E-015    -0.82338134E-015
     0.21041227E+001    -0.20881828E-003     0.18766486E-005     0.26913784E-015     0.10742488E-015     0.27418598E-015    -0.83831923E-015
     0.21117188E+001    -0.20430674E-003     0.15673953E-005     0.26839682E-015     0.91100457E-016     0.27329634E-015    -0.85407168E-015
     0.21193149E+001    -0.20016950E-003     0.13266971E-005     0.26796231E-015     0.74903434E-016     0.27310777E-015    -0.86925990E-015
     0.21269110E+001    -0.19634175E-003     0.11261802E-005     0.26758336E-015     0.59742964E-016     0.27306398E-015    -0.88329780E-015
     0.21345071E+001    -0.19278949E-003     0.94044874E-006     0.26687688E-015     0.44313652E-016     0.27282420E-015    -0.89745157E-015
     0.21421032E+001    -0.18945319E-003     0.76135123E-006     0.26655222E-015     0.29871935E-016     0.27336558E-015    -0.91004898E-015
     0.21496994E+001    -0.18631208E-003     0.63398680E-006     0.26420600E-015     0.18083098E-016     0.26985561E-015    -0.91722059E-015
     0.21572955E+001    -0.18335412E-003     0.48820979E-006     0.26095837E-015     0.23617735E-019     0.26366660E-015    -0.93726772E-015
     0.21648916E+001    -0.18053829E-003     0.37750751E-006     0.26084898E-015    -0.13808198E-016     0.26413037E-015    -0.95029348E-015
     0.21724877E+001    -0.17786067E-003     0.29942292E-006     0.25829052E-015    -0.29245419E-016     0.26103567E-015    -0.96609341E-015
     0.21800838E+001    -0.17534489E-003     0.20786595E-006     0.25779916E-015    -0.44574360E-016     0.26108048E-015    -0.98105496E-015
     0.21876799E+001    -0.17291873E-003     0.11875225E-006     0.25738147E-015    -0.59129716E-016     0.26112621E-015    -0.99517424E-015
     0.21952760E+001    -0.17058328E-003     0.45769014E-007     0.25685057E-015    -0.72424765E-016     0.26107447E-015    -0.10074955E-014
     0.22028721E+001    -0.16835556E-003    -0.21383841E-007     0.25554783E-015    -0.86338911E-016     0.25992081E-015    -0.10205483E-014
     0.22104682E+001    -0.16621286E-003    -0.81449484E-007     0.25481557E-015    -0.99977911E-016     0.25933609E-015    -0.10334055E-014
     0.22180643E+001    -0.16412583E-003    -0.13537662E-006     0.25412222E-015    -0.11341572E-015     0.25883462E-015    -0.10459838E-014
     0.22256605E+001    -0.16214968E-003    -0.16726408E-006     0.25330214E-015    -0.12549674E-015     0.25776701E-015    -0.10568653E-014
     0.22332566E+001    -0.16024008E-003    -0.22566944E-006     0.25112058E-015    -0.13898118E-015     0.25509625E-015    -0.10703252E-014
     0.22408527E+001    -0.15836094E-003    -0.29806138E-006     0.25042326E-015    -0.15287574E-015     0.25447740E-015    -0.10841190E-014
     0.22484488E+001    -0.15653655E-003    -0.32774839E-006     0.25044019E-015    -0.16584133E-015     0.25541720E-015    -0.10968827E-014
     0.22560449E+001    -0.15477634E-003    -0.36516290E-006     0.24994663E-015    -0.17807170E-015     0.25535993E-015    -0.11082197E-014
     0.22636410E+001    -0.15306720E-003    -0.39506819E-006     0.24913153E-015    -0.18988121E-015     0.25466276E-015    -0.11188381E-014
     0.22712371E+001    -0.15141418E-003    -0.42763033E-006     0.24798157E-015    -0.20216321E-015     0.25291811E-015    -0.11306543E-014
     0.22788332E+001    -0.14979160E-003    -0.45777183E-006     0.24718865E-015    -0.21385337E-015     0.25228688E-015    -0.11421030E-014
     0.22864293E+001    -0.14821362E-003    -0.49826475E-006     0.24615059E-015    -0.22586579E-015     0.25147004E-015    -0.11536397E-014
     0.22940255E+001    -0.14666980E-003    -0.50032457E-006     0.24556579E-015    -0.23720412E-015     0.25080552E-015    -0.11641745E-014
     0.23016216E+001    -0.14518445E-003    -0.53980162E-006     0.24361973E-015    -0.24880521E-015     0.24862389E-015    -0.11757194E-014
     0.23092177E+001    -0.14371175E-003    -0.56320028E-006     0.24251625E-015    -0.26105550E-015     0.24761991E-015    -0.11877842E-014
     0.23168138E+001    -0.14226329E-003    -0.57621154E-006     0.24237496E-015    -0.27293472E-015     0.24752863E-015    -0.11993900E-014
     0.23244099E+001    -0.14088096E-003    -0.58094382E-006     0.24152547E-015    -0.28384459E-015     0.24679657E-015    -0.12101091E-014
     0.23320060E+001    -0.13952496E-003    -0.60573462E-006     0.24050464E-015    -0.29507855E-015     0.24589641E-015    -0.12210855E-014
     0.23396021E+001    -0.13817705E-003    -0.63807870E-006     0.23970607E-015    -0.30621561E-015     0.24502586E-015    -0.12319581E-014
     0.23471982E+001    -0.13685080E-003    -0.65691566E-006     0.23835563E-015    -0.31751902E-015     0.24348371E-015    -0.12434812E-014
     0.23547943E+001    -0.13556678E-003    -0.64693333E-006     0.23879189E-015    -0.33028452E-015     0.24488636E-015    -0.12572505E-014
     0.23623905E+001    -0.13430724E-003    -0.67415324E-006     0.23941808E-015    -0.33913229E-015     0.24669153E-015    -0.12647160E-014
     0.23699866E+001    -0.13307470E-003    -0.67048589E-006     0.23873336E-015    -0.34896368E-015     0.24639982E-015    -0.12737099E-014
     0.23775827E+001    -0.13189151E-003    -0.68905317E-006     0.23856786E-015    -0.35744396E-015     0.24688776E-015    -0.12799116E-014
     0.23851788E+001    -0.13068552E-003    -0.74109618E-006     0.23309815E-015    -0.36732221E-015     0.23678440E-015    -0.12893591E-014
     0.23927749E+001    -0.12949452E-003    -0.74832880E-006     0.23277621E-015    -0.38001370E-015     0.23706444E-015    -0.13043456E-014
     0.24003710E+001    -0.12833636E-003    -0.75920006E-006     0.23268275E-015    -0.39065449E-015     0.23768540E-015    -0.13154091E-014
     0.24079671E+001    -0.12720369E-003    -0.76856289E-006     0.23240455E-015    -0.40075206E-015     0.23793234E-015    -0.13256242E-014
     0.24155632E+001    -0.12608283E-003    -0.78517334E-006     0.23242607E-015    -0.41011159E-015     0.23906421E-015    -0.13351686E-014
     0.24231593E+001    -0.12494712E-003    -0.78964929E-006     0.22704905E-015    -0.41752623E-015     0.23291734E-015    -0.13386094E-014
     0.24307555E+001    -0.12390907E-003    -0.74783100E-006     0.22898101E-015    -0.43033302E-015     0.23263905E-015    -0.13543327E-014
     0.24383516E+001    -0.12285244E-003    -0.78059993E-006     0.22700527E-015    -0.44076117E-015     0.23130579E-015    -0.13656303E-014
     0.24459477E+001    -0.12180435E-003    -0.78922137E-006     0.22652474E-015    -0.45134748E-015     0.23118490E-015    -0.13765660E-014
     0.24535438E+001    -0.12078144E-003    -0.78611390E-006     0.22637028E-015    -0.46125395E-015     0.23127585E-015    -0.13866923E-014
     0.24611399E+001    -0.11977022E-003    -0.79967927E-006     0.22558185E-015    -0.47081702E-015     0.23076208E-015    -0.13963880E-014
     0.24687360E+001    -0.11877517E-003    -0.80610100E-006     0.22484355E-015    -0.48050190E-015     0.23010791E-015    -0.14061560E-014
     0.24763321E+001    -0.11779733E-003    -0.80964123E-006     0.22410388E-015    -0.49058567E-015     0.22944530E-015    -0.14163576E-014
     0.24839282E+001    -0.11682734E-003    -0.82660204E-006     0.22435684E-015    -0.49983278E-015     0.22970110E-015    -0.14257386E-014
     0.24915243E+001    -0.11586407E-003    -0.83991130E-006     0.22384774E-015    -0.50880396E-015     0.22916774E-015    -0.14349219E-014
     0.24991204E+001    -0.11491429E-003    -0.82584874E-006     0.22343273E-015    -0.51703861E-015     0.22879046E-015    -0.14435404E-014
     0.25067166E+001    -0.11399552E-003    -0.83690772E-006     0.22051212E-015    -0.52617769E-015     0.22645925E-015    -0.14528374E-014
     0.25143127E+001    -0.11307865E-003    -0.84374466E-006     0.22033621E-015    -0.53621223E-015     0.22619382E-015    -0.14627040E-014
     0.25219088E+001    -0.11216668E-003    -0.84641291E-006     0.21930255E-015    -0.54582768E-015     0.22510842E-015    -0.14726409E-014
     0.25295049E+001    -0.11128109E-003    -0.85408364E-006     0.21948813E-015    -0.55521795E-015     0.22580014E-015    -0.14822426E-014
     0.25371010E+001    -0.11039316E-003    -0.86553377E-006     0.21909878E-015    -0.56431293E-015     0.22555707E-015    -0.14908856E-014
     0.25446971E+001    -0.10950743E-003    -0.86356427E-006     0.21950811E-015    -0.57271156E-015     0.22588287E-015    -0.14991828E-014
     0.25522932E+001    -0.10865202E-003    -0.85629785E-006     0.21931853E-015    -0.58090163E-015     0.22568692E-015    -0.15073070E-014
     0.25598893E+001    -0.10781292E-003    -0.85697392E-006     0.21987048E-015    -0.58858499E-015     0.22627565E-015    -0.15149206E-014
     0.25674854E+001    -0.10696825E-003    -0.87488476E-006     0.22079398E-015    -0.59227532E-015     0.22743489E-015    -0.15185387E-014
     0.25750816E+001    -0.10614075E-003    -0.86663385E-006     0.20885362E-015    -0.59919416E-015     0.21519766E-015    -0.15241529E-014
     0.25826777E+001    -0.10531879E-003    -0.88085798E-006     0.20778300E-015    -0.61425205E-015     0.21376905E-015    -0.15397294E-014
     0.25902738E+001    -0.10450002E-003    -0.88577696E-006     0.21145429E-015    -0.62537814E-015     0.21768497E-015    -0.15506976E-014
     0.25978699E+001    -0.10369194E-003    -0.87457141E-006     0.21164937E-015    -0.63208557E-015     0.21798001E-015    -0.15568722E-014
     0.26054660E+001    -0.10290661E-003    -0.87263862E-006     0.21079679E-015    -0.63991372E-015     0.21703384E-015    -0.15641273E-014
     0.26130621E+001    -0.10213215E-003    -0.88255079E-006     0.21000846E-015    -0.64816968E-015     0.21630888E-015    -0.15717467E-014
     0.26206582E+001    -0.10134838E-003    -0.88719341E-006     0.21034191E-015    -0.65722705E-015     0.21654099E-015    -0.15798438E-014
     0.26282543E+001    -0.10057655E-003    -0.88993509E-006     0.21072125E-015    -0.66335670E-015     0.21677555E-015    -0.15852390E-014
     0.26358504E+001    -0.99823092E-004    -0.89596512E-006     0.20979736E-015    -0.67037540E-015     0.21588174E-015    -0.15912463E-014
     0.26434466E+001    -0.99049716E-004    -0.89365743E-006     0.20919454E-015    -0.67741564E-015     0.21530746E-015    -0.15970008E-014
     0.26510427E+001    -0.98314302E-004    -0.88481287E-006     0.20858469E-015    -0.68421673E-015     0.21465566E-015    -0.16023292E-014
     0.26586388E+001    -0.97585440E-004    -0.88504745E-006     0.20803045E-015    -0.69069646E-015     0.21415053E-015    -0.16070853E-014
     0.26662349E+001    -0.96852391E-004    -0.89479784E-006     0.20709288E-015    -0.69714404E-015     0.21320214E-015    -0.16114470E-014
     0.26738310E+001    -0.96126304E-004    -0.89692932E-006     0.20671580E-015    -0.70332152E-015     0.21274219E-015    -0.16151805E-014
     0.26814271E+001    -0.95410556E-004    -0.89501892E-006     0.20602550E-015    -0.70894549E-015     0.21180150E-015    -0.16181089E-014
     0.26890232E+001    -0.94693522E-004    -0.90106474E-006     0.20560526E-015    -0.71423768E-015     0.21128758E-015    -0.16203868E-014
     0.26966193E+001    -0.93986700E-004    -0.89470704E-006     0.20487507E-015    -0.71898562E-015     0.21047192E-015    -0.16216027E-014
     0.27042154E+001    -0.93295517E-004    -0.88395677E-006     0.20426180E-015    -0.72334152E-015     0.20980039E-015    -0.16218420E-014
     0.27118116E+001    -0.92613369E-004    -0.90345338E-006     0.20380301E-015    -0.72699785E-015     0.20934607E-015    -0.16205798E-014
     0.27194077E+001    -0.91913699E-004    -0.90432960E-006     0.20270752E-015    -0.72910774E-015     0.20755019E-015    -0.16161844E-014
     0.27270038E+001    -0.91227291E-004    -0.90030576E-006     0.20077038E-015    -0.73252532E-015     0.20415706E-015    -0.16144978E-014
     0.27345999E+001    -0.90554349E-004    -0.90176263E-006     0.20064208E-015    -0.73427708E-015     0.20383640E-015    -0.16096450E-014
     0.27421960E+001    -0.89871859E-004    -0.90524314E-006     0.19975191E-015    -0.73503422E-015     0.20253890E-015    -0.16025667E-014
     0.27497921E+001    -0.89185285E-004    -0.87302308E-006     0.19913814E-015    -0.73443670E-015     0.20167962E-015    -0.15927278E-014
     0.27573882E+001    -0.88566472E-004    -0.86551708E-006     0.19806357E-015    -0.73232424E-015     0.19991745E-015    -0.15797261E-014
     0.27649843E+001    -0.87913421E-004    -0.87949247E-006     0.19684833E-015    -0.72870931E-015     0.19780586E-015    -0.15636166E-014
     0.27725804E+001    -0.87254421E-004    -0.88568722E-006     0.19547698E-015    -0.72318869E-015     0.19534795E-015    -0.15435816E-014
     0.27801765E+001    -0.86615777E-004    -0.87684864E-006     0.19378477E-015    -0.71532224E-015     0.19232151E-015    -0.15187487E-014
     0.27877727E+001    -0.85965472E-004    -0.88386941E-006     0.19183557E-015    -0.70534393E-015     0.18870748E-015    -0.14888398E-014
     0.27953688E+001    -0.85331696E-004    -0.87450187E-006     0.19050193E-015    -0.69109108E-015     0.18524257E-015    -0.14509855E-014
     0.28029649E+001    -0.84706938E-004    -0.88303533E-006     0.18794665E-015    -0.67242652E-015     0.18001216E-015    -0.14042525E-014
     0.28105610E+001    -0.84066770E-004    -0.88717475E-006     0.18449246E-015    -0.64830769E-015     0.17307257E-015    -0.13463499E-014
     0.28181571E+001    -0.83435559E-004    -0.89587023E-006     0.18021137E-015    -0.61746297E-015     0.16422155E-015    -0.12744698E-014
     0.28257532E+001    -0.82799922E-004    -0.88960766E-006     0.17398512E-015    -0.57703012E-015     0.15196036E-015    -0.11835288E-014
     0.28333493E+001    -0.82172830E-004    -0.89671751E-006     0.16576792E-015    -0.52585295E-015     0.13539871E-015    -0.10687209E-014
     0.28409454E+001    -0.81528227E-004    -0.89035833E-006     0.15486068E-015    -0.45724067E-015     0.11232986E-015    -0.91895169E-015
     0.28485415E+001    -0.80896087E-004    -0.85752536E-006     0.13844891E-015    -0.36443497E-015     0.77865256E-016    -0.71975113E-015
     0.28561377E+001    -0.80322150E-004    -0.85367562E-006     0.11250013E-015    -0.23543822E-015     0.23534703E-016    -0.44649424E-015
     0.28637338E+001    -0.79683821E-004    -0.87970803E-006     0.68326363E-016    -0.49267540E-016    -0.68677836E-016    -0.55805887E-016
     0.28713299E+001    -0.79052807E-004    -0.81928044E-006    -0.14341324E-016     0.23613518E-015    -0.24188561E-015     0.53749945E-015
     0.28789260E+001    -0.78477605E-004    -0.81889391E-006    -0.19765939E-015     0.71156582E-015    -0.62276630E-015     0.15185781E-014
     0.28865221E+001    -0.77877446E-004    -0.82570141E-006    -0.72111549E-015     0.16025218E-014    -0.17051759E-014     0.33473451E-014
     0.28941182E+001    -0.77265200E-004    -0.83740208E-006    -0.30537771E-014     0.32770099E-014    -0.65024307E-014     0.67610773E-014
     0.29017143E+001    -0.76658038E-004    -0.84201799E-006    -0.88485801E-014    -0.31934312E-014    -0.18303300E-013    -0.65500695E-014
     0.29093104E+001    -0.76021740E-004    -0.86754476E-006    -0.21307918E-014    -0.53334305E-014    -0.45159802E-014    -0.10851101E-013
     0.29169065E+001    -0.75353695E-004    -0.81933618E-006    -0.63612767E-015    -0.39530607E-014    -0.14657437E-014    -0.79979660E-014
     0.29245027E+001    -0.74743242E-004    -0.80449115E-006    -0.22554376E-015    -0.32461034E-014    -0.63230717E-015    -0.65332478E-014
     0.29320988E+001    -0.74151084E-004    -0.71357872E-006    -0.61131848E-016    -0.28538975E-014    -0.29971449E-015    -0.57157451E-014
     0.29396949E+001    -0.73582295E-004    -0.72743604E-006     0.21580907E-016    -0.26113552E-014    -0.13376165E-015    -0.52076922E-014
     0.29472910E+001    -0.72972378E-004    -0.73252468E-006     0.68423070E-016    -0.24521352E-014    -0.39608678E-016    -0.48701745E-014
     0.29548871E+001    -0.72353027E-004    -0.73414568E-006     0.98567602E-016    -0.23421750E-014     0.20122263E-016    -0.46343056E-014
     0.29624832E+001    -0.71731042E-004    -0.73731979E-006     0.11821418E-015    -0.22645751E-014     0.59614950E-016    -0.44647189E-014
     0.29700793E+001    -0.71082968E-004    -0.72933797E-006     0.13211816E-015    -0.22095863E-014     0.87550295E-016    -0.43410607E-014
     0.29776754E+001    -0.70442481E-004    -0.71275315E-006     0.14268164E-015    -0.21711124E-014     0.10848970E-015    -0.42507434E-014
     0.29852715E+001    -0.69803877E-004    -0.69473786E-006     0.15192536E-015    -0.21444375E-014     0.12573372E-015    -0.41847844E-014
     0.29928676E+001    -0.69145644E-004    -0.68469686E-006     0.15815458E-015    -0.21251092E-014     0.13832363E-015    -0.41360132E-014
     0.30004638E+001    -0.68504324E-004    -0.66198927E-006     0.16273048E-015    -0.21155792E-014     0.14822901E-015    -0.41048920E-014
     0.30080599E+001    -0.67820072E-004    -0.69473544E-006     0.16725140E-015    -0.21119689E-014     0.15726849E-015    -0.40862254E-014
     0.30156560E+001    -0.67093386E-004    -0.68769951E-006     0.17069511E-015    -0.21133247E-014     0.16477093E-015    -0.40783221E-014
     0.30232521E+001    -0.66359842E-004    -0.65665265E-006     0.17327589E-015    -0.21208124E-014     0.17116154E-015    -0.40812720E-014
     0.30308482E+001    -0.65620477E-004    -0.61957141E-006     0.17595222E-015    -0.21335520E-014     0.17711104E-015    -0.40951153E-014
     0.30384443E+001    -0.64858856E-004    -0.59890607E-006     0.17978471E-015    -0.21519511E-014     0.18490429E-015    -0.41197185E-014
     0.30460404E+001    -0.64057279E-004    -0.56502403E-006     0.18384206E-015    -0.21746008E-014     0.19376766E-015    -0.41544358E-014
     0.30536365E+001    -0.63220599E-004    -0.52483844E-006     0.18847523E-015    -0.22074175E-014     0.20480545E-015    -0.42060718E-014
     0.30612326E+001    -0.62353155E-004    -0.48086132E-006     0.20372979E-015    -0.22462891E-014     0.22806763E-015    -0.42752546E-014
     0.30688288E+001    -0.61433792E-004    -0.42984544E-006     0.21831185E-015    -0.22979321E-014     0.26093004E-015    -0.43759469E-014
     0.30764249E+001    -0.60413928E-004    -0.41178515E-006     0.25646132E-015    -0.23852145E-014     0.34412819E-015    -0.45473188E-014
     0.30840210E+001    -0.59310805E-004    -0.32180634E-006     0.40539903E-015    -0.25339244E-014     0.66350940E-015    -0.48526011E-014
     0.30916171E+001    -0.58113541E-004    -0.22389476E-006     0.98706129E-015    -0.22530035E-014     0.19214582E-014    -0.42363826E-014
     0.30992132E+001    -0.56767742E-004    -0.10864049E-006     0.42681299E-015    -0.18535025E-014     0.71861909E-015    -0.33498468E-014
     0.31068093E+001    -0.55242449E-004     0.64940300E-007     0.25767660E-015    -0.20195420E-014     0.35351964E-015    -0.36869314E-014
     0.31144054E+001    -0.53456832E-004     0.27685703E-006     0.21374191E-015    -0.21316118E-014     0.26314943E-015    -0.38963113E-014
     0.31220015E+001    -0.51308655E-004     0.60188931E-006     0.21612166E-015    -0.21861526E-014     0.24879499E-015    -0.40130626E-014
     0.31295976E+001    -0.48637535E-004     0.11010297E-005     0.20490060E-015    -0.22476834E-014     0.23053060E-015    -0.41205022E-014
     0.31371938E+001    -0.45181199E-004     0.18778060E-005     0.20256849E-015    -0.22996836E-014     0.22470787E-015    -0.42106395E-014
     0.31447899E+001    -0.40398535E-004     0.32032180E-005     0.20262319E-015    -0.23483670E-014     0.22296320E-015    -0.42935204E-014
     0.31523860E+001    -0.32950898E-004     0.58118030E-005     0.20427630E-015    -0.23952794E-014     0.22369999E-015    -0.43726981E-014
     0.31599821E+001    -0.20289741E-004     0.12701458E-004     0.20809078E-015    -0.24409643E-014     0.22691246E-015    -0.44499863E-014
     0.31675782E+001     0.31841388E-005     0.37929977E-004     0.21550485E-015    -0.24810371E-014     0.23372085E-015    -0.45224159E-014
     0.31751743E+001    -0.33455679E-004     0.14609799E-003     0.20128085E-015    -0.25002697E-014     0.22218245E-015    -0.45765122E-014
     0.31827704E+001    -0.13561166E-003     0.53660130E-004     0.17515774E-015    -0.25791669E-014     0.19927166E-015    -0.46846455E-014
     0.31903665E+001    -0.10882396E-003     0.15250011E-004     0.18402276E-015    -0.26434702E-014     0.20816665E-015    -0.47811245E-014
     0.31979626E+001    -0.93689499E-004     0.63413205E-005     0.18974731E-015    -0.27009285E-014     0.21432789E-015    -0.48729119E-014
     0.32055588E+001    -0.85226463E-004     0.31328037E-005     0.19363385E-015    -0.27589882E-014     0.21901329E-015    -0.49668631E-014
     0.32131549E+001    -0.79787578E-004     0.16721324E-005     0.19638142E-015    -0.28191414E-014     0.22273472E-015    -0.50645717E-014
     0.32207510E+001    -0.75980114E-004     0.89080865E-006     0.19924751E-015    -0.28821118E-014     0.22670918E-015    -0.51669307E-014
     0.32283471E+001    -0.73135493E-004     0.42142288E-006     0.20187380E-015    -0.29476027E-014     0.23065693E-015    -0.52737384E-014
     0.32359432E+001    -0.70875032E-004     0.10285025E-006     0.20452514E-015    -0.30164179E-014     0.23473586E-015    -0.53859698E-014
     0.32435393E+001    -0.68965018E-004    -0.10961243E-006     0.20718955E-015    -0.30885083E-014     0.23892253E-015    -0.55037617E-014
     0.32511354E+001    -0.67381977E-004    -0.22464966E-006     0.20991005E-015    -0.31644178E-014     0.24330039E-015    -0.56278956E-014
     0.32587315E+001    -0.65992276E-004    -0.32712397E-006     0.21285971E-015    -0.32444011E-014     0.24810321E-015    -0.57588202E-014
     0.32663276E+001    -0.64750892E-004    -0.40304498E-006     0.21589669E-015    -0.33287315E-014     0.25309534E-015    -0.58969475E-014
     0.32739237E+001    -0.63637888E-004    -0.44290757E-006     0.21913916E-015    -0.34179777E-014     0.25833188E-015    -0.60431935E-014
     0.32815199E+001    -0.62615458E-004    -0.49792836E-006     0.22286523E-015    -0.35123807E-014     0.26439122E-015    -0.61982766E-014
     0.32891160E+001    -0.61650880E-004    -0.53665817E-006     0.22674834E-015    -0.36123496E-014     0.27083979E-015    -0.63625330E-014
     0.32967121E+001    -0.60741913E-004    -0.56740951E-006     0.23099794E-015    -0.37186329E-014     0.27786526E-015    -0.65372346E-014
     0.33043082E+001    -0.59876322E-004    -0.57447674E-006     0.23570121E-015    -0.38316309E-014     0.28544361E-015    -0.67230997E-014
     0.33119043E+001    -0.59067009E-004    -0.59112284E-006     0.24123817E-015    -0.39519549E-014     0.29420862E-015    -0.69215504E-014
     0.33195004E+001    -0.58265685E-004    -0.59337281E-006     0.24616512E-015    -0.40794137E-014     0.30288176E-015    -0.71326529E-014
     0.33270965E+001    -0.57518704E-004    -0.59821272E-006     0.25131902E-015    -0.42180860E-014     0.31230372E-015    -0.73606395E-014
     0.33346926E+001    -0.56778698E-004    -0.60775609E-006     0.25795382E-015    -0.43664335E-014     0.32346095E-015    -0.76049852E-014
     0.33422887E+001    -0.56043779E-004    -0.60845296E-006     0.26596923E-015    -0.45260320E-014     0.33639824E-015    -0.78680919E-014
     0.33498849E+001    -0.55374430E-004    -0.62010473E-006     0.27464576E-015    -0.46976717E-014     0.35063321E-015    -0.81515608E-014
     0.33574810E+001    -0.54630551E-004    -0.64695874E-006     0.28433954E-015    -0.48834100E-014     0.36655892E-015    -0.84585161E-014
     0.33650771E+001    -0.53921071E-004    -0.63934562E-006     0.29516886E-015    -0.50849724E-014     0.38445524E-015    -0.87917723E-014
     0.33726732E+001    -0.53227857E-004    -0.63079451E-006     0.30752328E-015    -0.53045415E-014     0.40489137E-015    -0.91549184E-014
     0.33802693E+001    -0.52541080E-004    -0.61914197E-006     0.32164598E-015    -0.55445494E-014     0.42824062E-015    -0.95520186E-014
     0.33878654E+001    -0.51846759E-004    -0.63337934E-006     0.33780045E-015    -0.58078985E-014     0.45494842E-015    -0.99878799E-014
     0.33954615E+001    -0.51144836E-004    -0.61026439E-006     0.35640347E-015    -0.60983506E-014     0.48569059E-015    -0.10468730E-013
     0.34030576E+001    -0.50455409E-004    -0.59363336E-006     0.37821231E-015    -0.64203505E-014     0.52172484E-015    -0.11002026E-013
     0.34106537E+001    -0.49767079E-004    -0.59040159E-006     0.40383360E-015    -0.67788976E-014     0.56408251E-015    -0.11595944E-013
     0.34182499E+001    -0.49059657E-004    -0.57827121E-006     0.43415254E-015    -0.71809046E-014     0.61419747E-015    -0.12262007E-013
     0.34258460E+001    -0.48349796E-004    -0.56786234E-006     0.47049332E-015    -0.76348104E-014     0.67420760E-015    -0.13014301E-013
     0.34334421E+001    -0.47628808E-004    -0.56235118E-006     0.51433813E-015    -0.81510278E-014     0.74692943E-015    -0.13869909E-013
     0.34410382E+001    -0.46885120E-004    -0.54918676E-006     0.56840553E-015    -0.87437137E-014     0.83629645E-015    -0.14852245E-013
     0.34486343E+001    -0.46127369E-004    -0.52394567E-006     0.63580384E-015    -0.94308671E-014     0.94763050E-015    -0.15991416E-013
     0.34562304E+001    -0.45381250E-004    -0.50153665E-006     0.72140734E-015    -0.10237218E-013     0.10890019E-014    -0.17328552E-013
     0.34638265E+001    -0.44590038E-004    -0.49413193E-006     0.83478075E-015    -0.11197073E-013     0.12774469E-014    -0.18921101E-013
     0.34714226E+001    -0.43784261E-004    -0.47584039E-006     0.98420030E-015    -0.12352159E-013     0.15254356E-014    -0.20835088E-013
     0.34790187E+001    -0.42949672E-004    -0.45066148E-006     0.11872063E-014    -0.13777626E-013     0.18613295E-014    -0.23198233E-013
     0.34866149E+001    -0.42083109E-004    -0.43108466E-006     0.14757635E-014    -0.15576790E-013     0.23390231E-014    -0.26181178E-013
     0.34942110E+001    -0.41200650E-004    -0.39266316E-006     0.19057920E-014    -0.17917077E-013     0.30512382E-014    -0.30061184E-013
     0.35018071E+001    -0.40261858E-004    -0.39169634E-006     0.25874109E-014    -0.21080803E-013     0.41802751E-014    -0.35306175E-013
     0.35094032E+001    -0.39273406E-004    -0.35714645E-006     0.37603507E-014    -0.25582223E-013     0.61233971E-014    -0.42768589E-013
     0.35169993E+001    -0.38240475E-004    -0.32351220E-006     0.60328596E-014    -0.32458779E-013     0.98888814E-014    -0.54167848E-013
     0.35245954E+001    -0.37137861E-004    -0.26910095E-006     0.11323161E-013    -0.44076699E-013     0.18655812E-013    -0.73425089E-013
     0.35321915E+001    -0.35988824E-004    -0.22852946E-006     0.28158940E-013    -0.66316952E-013     0.46553423E-013    -0.11028916E-012
     0.35397876E+001    -0.34737412E-004    -0.16502783E-006     0.11412448E-012    -0.89967514E-013     0.18902522E-012    -0.14949747E-012
     0.35473837E+001    -0.33403314E-004    -0.88068718E-007     0.11406263E-012     0.89924393E-013     0.18893790E-012     0.14863794E-012
     0.35549798E+001    -0.31967246E-004    -0.84061338E-008     0.28139479E-013     0.66237380E-013     0.46532586E-013     0.10938358E-012
     0.35625760E+001    -0.30383549E-004     0.81163495E-007     0.11319678E-013     0.44000895E-013     0.18654108E-013     0.72526824E-013
     0.35701721E+001    -0.28620468E-004     0.19564336E-006     0.60344535E-014     0.32388939E-013     0.98927464E-014     0.53276073E-013
     0.35777682E+001    -0.26659227E-004     0.34653601E-006     0.37662421E-014     0.25518214E-013     0.61320830E-014     0.41881708E-013
     0.35853643E+001    -0.24431853E-004     0.53601705E-006     0.25970616E-014     0.21024522E-013     0.41929560E-014     0.34425683E-013
     0.35929604E+001    -0.21849580E-004     0.78007422E-006     0.19196906E-014     0.17870902E-013     0.30687248E-014     0.29188950E-013
     0.36005565E+001    -0.18837581E-004     0.11351154E-005     0.14938235E-014     0.15543438E-013     0.23611900E-014     0.25319481E-013
     0.36081526E+001    -0.15194500E-004     0.15823795E-005     0.12093184E-014     0.13761363E-013     0.18874877E-014     0.22352086E-013
     0.36157487E+001    -0.10639172E-004     0.22615910E-005     0.10081620E-014     0.12353607E-013     0.15497504E-014     0.20000086E-013
     0.36233448E+001    -0.47350972E-005     0.33455542E-005     0.86762407E-015     0.11219487E-013     0.13134285E-014     0.18097180E-013
     0.36309410E+001     0.33191187E-005     0.51773587E-005     0.76657787E-015     0.10293945E-013     0.11407705E-014     0.16533674E-013
     0.36385371E+001     0.15158318E-004     0.86832155E-005     0.69619097E-015     0.95331593E-014     0.10158020E-014     0.15233162E-013
     0.36461332E+001     0.34431422E-004     0.16719969E-004     0.65504295E-015     0.89135152E-014     0.93273298E-015     0.14148835E-013
     0.36537293E+001     0.70196065E-004     0.41404806E-004     0.65307254E-015     0.84421542E-014     0.89871045E-015     0.13269633E-013
     0.36613254E+001     0.11872146E-003     0.16370588E-003     0.67232572E-015     0.82775549E-014     0.89563276E-015     0.12736767E-013
     0.36689215E+001    -0.17113349E-003     0.21647354E-003    -0.16939583E-016     0.80994480E-014     0.20502969E-015     0.12217751E-013
     0.36765176E+001    -0.14680019E-003     0.52733442E-004    -0.17651460E-015     0.76715478E-014     0.66608477E-016     0.11455497E-013
     0.36841137E+001    -0.10687995E-003     0.20684089E-004    -0.80912728E-015     0.78299272E-014    -0.42120765E-015     0.11237179E-013
     0.36917098E+001    -0.85456803E-004     0.10931586E-004    -0.34471603E-014     0.60335233E-014    -0.24335271E-014     0.95693758E-014
     0.36993060E+001    -0.72282191E-004     0.68349131E-005    -0.84776060E-015     0.38389500E-014    -0.46167614E-015     0.76448574E-014
     0.37069021E+001    -0.63160204E-004     0.47938364E-005    -0.84253588E-016     0.42013130E-014     0.10662339E-015     0.76851715E-014
     0.37144982E+001    -0.56256592E-004     0.36489589E-005     0.96259764E-016     0.42862865E-014     0.23323572E-015     0.75342050E-014
     0.37220943E+001    -0.50632717E-004     0.29767701E-005     0.16012599E-015     0.42448720E-014     0.27254954E-015     0.73053114E-014
     0.37296904E+001    -0.45783241E-004     0.25863958E-005     0.18812100E-015     0.41544034E-014     0.28577711E-015     0.70555962E-014
     0.37372865E+001    -0.41408975E-004     0.23655140E-005     0.20106977E-015     0.40426588E-014     0.28821883E-015     0.68037083E-014
     0.37448826E+001    -0.37270947E-004     0.22771655E-005     0.20840126E-015     0.39240084E-014     0.28741413E-015     0.65591994E-014
     0.37524787E+001    -0.33235487E-004     0.22868085E-005     0.21254863E-015     0.38048487E-014     0.28494675E-015     0.63257934E-014
     0.37600748E+001    -0.29157825E-004     0.23734217E-005     0.21510931E-015     0.36878295E-014     0.28184669E-015     0.61039613E-014
     0.37676709E+001    -0.24885903E-004     0.25467774E-005     0.21701833E-015     0.35749004E-014     0.27882107E-015     0.58944537E-014
     0.37752671E+001    -0.20316282E-004     0.28343971E-005     0.21828233E-015     0.34660965E-014     0.27586000E-015     0.56960030E-014
     0.37828632E+001    -0.15307720E-004     0.32414815E-005     0.22039656E-015     0.33620176E-014     0.27421258E-015     0.55086499E-014
     0.37904593E+001    -0.96487785E-005     0.37936933E-005     0.22307467E-015     0.32630353E-014     0.27350188E-015     0.53319376E-014
     0.37980554E+001    -0.30928067E-005     0.45576541E-005     0.22664604E-015     0.31690312E-014     0.27401602E-015     0.51651928E-014
     0.38056515E+001     0.47118394E-005     0.56322031E-005     0.23129873E-015     0.30798686E-014     0.27582882E-015     0.50077652E-014
     0.38132476E+001     0.14340719E-004     0.71591758E-005     0.23791647E-015     0.29952509E-014     0.27987415E-015     0.48589045E-014
     0.38208437E+001     0.26620202E-004     0.94888412E-005     0.24732449E-015     0.29155828E-014     0.28693658E-015     0.47187036E-014
     0.38284398E+001     0.43005175E-004     0.13196827E-004     0.26073408E-015     0.28412156E-014     0.29808034E-015     0.45872371E-014
     0.38360359E+001     0.66178929E-004     0.19602385E-004     0.28078702E-015     0.27730954E-014     0.31598177E-015     0.44650552E-014
     0.38436321E+001     0.10160562E-003     0.32173641E-004     0.31262544E-015     0.27143459E-014     0.34547108E-015     0.43551133E-014
     0.38512282E+001     0.16188009E-003     0.62200887E-004     0.36864965E-015     0.26754590E-014     0.39898581E-015     0.42671526E-014
     0.38588243E+001     0.27727128E-003     0.16237950E-003     0.47799508E-015     0.27073586E-014     0.50523906E-015     0.42514837E-014
     0.38664204E+001     0.30642461E-003     0.67154073E-003     0.50428398E-015     0.31366619E-014     0.52978961E-015     0.46296320E-014
     0.38740165E+001    -0.49991250E-003     0.42570526E-003    -0.27547299E-015     0.28403692E-014    -0.23964713E-015     0.42951401E-014
     0.38816126E+001    -0.35210872E-003     0.10937065E-003    -0.13459934E-015     0.24785130E-014    -0.10201072E-015     0.38980668E-014
     0.38892087E+001    -0.25523942E-003     0.44543884E-004    -0.42966342E-016     0.23617882E-014    -0.13019118E-016     0.37445154E-014
     0.38968048E+001    -0.20370632E-003     0.23211770E-004     0.50115243E-017     0.22888549E-014     0.33017156E-016     0.36353356E-014
     0.39044009E+001    -0.17255788E-003     0.13855958E-004     0.33536071E-016     0.22296835E-014     0.60150450E-016     0.35414632E-014
     0.39119971E+001    -0.15181988E-003     0.90018791E-005     0.52076465E-016     0.21767839E-014     0.77522280E-016     0.34552703E-014
     0.39195932E+001    -0.13703451E-003     0.61535007E-005     0.65072135E-016     0.21277998E-014     0.89645696E-016     0.33744503E-014
     0.39271893E+001    -0.12592731E-003     0.43641879E-005     0.74706997E-016     0.20814146E-014     0.98334186E-016     0.32976183E-014
     0.39347854E+001    -0.11728035E-003     0.31742535E-005     0.81684389E-016     0.20377716E-014     0.10441103E-015     0.32246793E-014
     0.39423815E+001    -0.11034869E-003     0.23391942E-005     0.87092235E-016     0.19957244E-014     0.10901997E-015     0.31544495E-014
     0.39499776E+001    -0.10463794E-003     0.17310932E-005     0.91398909E-016     0.19554202E-014     0.11258305E-015     0.30870863E-014
     0.39575737E+001    -0.99864255E-004     0.12792194E-005     0.94779138E-016     0.19167067E-014     0.11520522E-015     0.30223676E-014
     0.39651698E+001    -0.95785525E-004     0.92833647E-006     0.97564350E-016     0.18792643E-014     0.11729187E-015     0.29597236E-014
     0.39727659E+001    -0.92259738E-004     0.65922666E-006     0.99885830E-016     0.18432796E-014     0.11900712E-015     0.28995587E-014
     0.39803621E+001    -0.89179434E-004     0.44950906E-006     0.10179781E-015     0.18085213E-014     0.12028699E-015     0.28414525E-014
     0.39879582E+001    -0.86466602E-004     0.28362983E-006     0.10332437E-015     0.17748880E-014     0.12113980E-015     0.27851867E-014
     0.39955543E+001    -0.84041454E-004     0.13671583E-006     0.10486575E-015     0.17420649E-014     0.12241300E-015     0.27300299E-014
     0.40031504E+001    -0.81863937E-004     0.22456678E-007     0.10642275E-015     0.17111130E-014     0.12408746E-015     0.26786581E-014
     0.40107465E+001    -0.79892381E-004    -0.71845378E-007     0.10723855E-015     0.16809121E-014     0.12431820E-015     0.26284045E-014
     0.40183426E+001    -0.78092368E-004    -0.15871376E-006     0.10808299E-015     0.16515213E-014     0.12472909E-015     0.25795051E-014
     0.40259387E+001    -0.76444021E-004    -0.21604412E-006     0.10891353E-015     0.16231774E-014     0.12521948E-015     0.25323628E-014
     0.40335348E+001    -0.74936684E-004    -0.27060934E-006     0.10923877E-015     0.15959479E-014     0.12482500E-015     0.24872206E-014
     0.40411309E+001    -0.73535412E-004    -0.33035656E-006     0.10959484E-015     0.15688118E-014     0.12457573E-015     0.24419041E-014
     0.40487270E+001    -0.72227223E-004    -0.37421734E-006     0.11020195E-015     0.15427876E-014     0.12494015E-015     0.23985813E-014
     0.40563232E+001    -0.71003557E-004    -0.40801748E-006     0.11078629E-015     0.15177973E-014     0.12530107E-015     0.23569876E-014
     0.40639193E+001    -0.69863172E-004    -0.44165286E-006     0.11039812E-015     0.14939041E-014     0.12429278E-015     0.23171301E-014
     0.40715154E+001    -0.68781242E-004    -0.46536712E-006     0.11044748E-015     0.14693562E-014     0.12399938E-015     0.22765935E-014
     0.40791115E+001    -0.67766600E-004    -0.48321303E-006     0.11079040E-015     0.14460692E-014     0.12409540E-015     0.22380326E-014
     0.40867076E+001    -0.66813625E-004    -0.50262424E-006     0.11101450E-015     0.14234713E-014     0.12405210E-015     0.22005725E-014
     0.40943037E+001    -0.65893822E-004    -0.52604239E-006     0.11124040E-015     0.14015512E-014     0.12408562E-015     0.21642890E-014
     0.41018998E+001    -0.65020644E-004    -0.53934240E-006     0.11136415E-015     0.13802546E-014     0.12396632E-015     0.21290542E-014
     0.41094959E+001    -0.64184101E-004    -0.55053027E-006     0.11144188E-015     0.13595221E-014     0.12379129E-015     0.20947717E-014
     0.41170920E+001    -0.63381750E-004    -0.56063049E-006     0.11144530E-015     0.13393116E-014     0.12351813E-015     0.20613554E-014
     0.41246882E+001    -0.62605018E-004    -0.56958221E-006     0.11145085E-015     0.13196182E-014     0.12330201E-015     0.20288064E-014
     0.41322843E+001    -0.61861416E-004    -0.56706522E-006     0.11139258E-015     0.13004288E-014     0.12301216E-015     0.19971211E-014
     0.41398804E+001    -0.61137942E-004    -0.57968362E-006     0.11131814E-015     0.12816778E-014     0.12271779E-015     0.19661907E-014
     0.41474765E+001    -0.60427520E-004    -0.58411279E-006     0.11127049E-015     0.12634195E-014     0.12248373E-015     0.19360728E-014
     0.41550726E+001    -0.59729666E-004    -0.57872291E-006     0.11113567E-015     0.12456325E-014     0.12214186E-015     0.19067546E-014
     0.41626687E+001    -0.59049034E-004    -0.57894285E-006     0.11098305E-015     0.12282544E-014     0.12181108E-015     0.18781301E-014
     0.41702648E+001    -0.58370109E-004    -0.56924018E-006     0.11081903E-015     0.12113101E-014     0.12147709E-015     0.18502459E-014
     0.41778609E+001    -0.57699048E-004    -0.55653504E-006     0.11048936E-015     0.11948745E-014     0.12090484E-015     0.18232171E-014
     0.41854570E+001    -0.57025686E-004    -0.54766761E-006     0.11008343E-015     0.11785546E-014     0.12024442E-015     0.17963853E-014
     0.41930532E+001    -0.56336087E-004    -0.53498500E-006     0.10973548E-015     0.11626631E-014     0.11973492E-015     0.17702946E-014
     0.42006493E+001    -0.55615409E-004    -0.51026533E-006     0.10926062E-015     0.11471498E-014     0.11908086E-015     0.17448689E-014
     0.42082454E+001    -0.54874978E-004    -0.47072480E-006     0.10869806E-015     0.11318348E-014     0.11831803E-015     0.17199510E-014
     0.42158415E+001    -0.54078131E-004    -0.42123744E-006     0.10809739E-015     0.11169308E-014     0.11719133E-015     0.16954598E-014
     0.42234376E+001    -0.53203190E-004    -0.34882986E-006     0.10719096E-015     0.11020948E-014     0.11605542E-015     0.16710321E-014
     0.42310337E+001    -0.52213256E-004    -0.23729754E-006     0.10731132E-015     0.10871487E-014     0.11684665E-015     0.16465446E-014
     0.42386298E+001    -0.51017307E-004    -0.68711838E-007     0.10589357E-015     0.10740573E-014     0.11513166E-015     0.16253617E-014
     0.42462259E+001    -0.49512819E-004     0.24828276E-006     0.10385333E-015     0.10601255E-014     0.11274811E-015     0.16028256E-014
     0.42538220E+001    -0.47420619E-004     0.84391117E-006     0.10088297E-015     0.10459720E-014     0.10941388E-015     0.15802244E-014
     0.42614182E+001    -0.44132116E-004     0.22555752E-005     0.95949013E-016     0.10306825E-014     0.10398618E-015     0.15565425E-014
     0.42690143E+001    -0.38163116E-004     0.68827483E-005     0.86578189E-016     0.10103533E-014     0.93849369E-016     0.15276235E-014
     0.42766104E+001    -0.34531433E-004     0.30742211E-004     0.81054412E-016     0.95843015E-015     0.87828201E-016     0.14651065E-014
     0.42842065E+001    -0.76102419E-004     0.22431366E-004     0.15039849E-015     0.96001815E-015     0.16183795E-015     0.14599238E-014
     0.42918026E+001    -0.68686468E-004     0.51062735E-005     0.13859101E-015     0.97678613E-015     0.14912781E-015     0.14711181E-014
     0.42993987E+001    -0.63344170E-004     0.16491773E-005     0.13016986E-015     0.97079838E-015     0.14001445E-015     0.14581401E-014
     0.43069948E+001    -0.60395806E-004     0.53219737E-006     0.12576034E-015     0.96110301E-015     0.13521231E-015     0.14413386E-014
     0.43145909E+001    -0.58508013E-004     0.44291141E-007     0.12314695E-015     0.95072154E-015     0.13231777E-015     0.14239159E-014
     0.43221870E+001    -0.57160373E-004    -0.20906249E-006     0.12130932E-015     0.94010858E-015     0.13027702E-015     0.14064068E-014
     0.43297831E+001    -0.56123458E-004    -0.35825249E-006     0.12012219E-015     0.92952842E-015     0.12888362E-015     0.13890433E-014
     0.43373793E+001    -0.55284499E-004    -0.45151750E-006     0.11911158E-015     0.91914753E-015     0.12772427E-015     0.13719836E-014
     0.43449754E+001    -0.54563010E-004    -0.51950554E-006     0.11831335E-015     0.90883942E-015     0.12679962E-015     0.13551397E-014
     0.43525715E+001    -0.53941911E-004    -0.55367564E-006     0.11768590E-015     0.89872444E-015     0.12606688E-015     0.13386306E-014
     0.43601676E+001    -0.53393088E-004    -0.58212159E-006     0.11713091E-015     0.88877611E-015     0.12538147E-015     0.13224003E-014
     0.43677637E+001    -0.52894391E-004    -0.60869677E-006     0.11659564E-015     0.87898970E-015     0.12478217E-015     0.13064251E-014
     0.43753598E+001    -0.52434807E-004    -0.62255178E-006     0.11618800E-015     0.86931126E-015     0.12428531E-015     0.12907591E-014
     0.43829559E+001    -0.52013266E-004    -0.63705728E-006     0.11580594E-015     0.85982262E-015     0.12378729E-015     0.12753508E-014
     0.43905520E+001    -0.51614385E-004    -0.66291585E-006     0.11549022E-015     0.85047072E-015     0.12338543E-015     0.12601704E-014
     0.43981481E+001    -0.51223743E-004    -0.66892707E-006     0.11521610E-015     0.84130475E-015     0.12302753E-015     0.12452994E-014
     0.44057443E+001    -0.50860775E-004    -0.66786114E-006     0.11497863E-015     0.83226139E-015     0.12270350E-015     0.12306309E-014
     0.44133404E+001    -0.50526936E-004    -0.67410908E-006     0.11495431E-015     0.82367854E-015     0.12266720E-015     0.12165559E-014
     0.44209365E+001    -0.50193195E-004    -0.67837101E-006     0.11432580E-015     0.81475804E-015     0.12195762E-015     0.12022720E-014
     0.44285326E+001    -0.49879462E-004    -0.68286267E-006     0.11426628E-015     0.80622102E-015     0.12181926E-015     0.11884499E-014
     0.44361287E+001    -0.49576176E-004    -0.68721896E-006     0.11409051E-015     0.79784803E-015     0.12156704E-015     0.11748596E-014
     0.44437248E+001    -0.49274398E-004    -0.69071597E-006     0.11386208E-015     0.78966250E-015     0.12129929E-015     0.11615816E-014
     0.44513209E+001    -0.48988286E-004    -0.68750067E-006     0.11363346E-015     0.78149948E-015     0.12096252E-015     0.11484151E-014
     0.44589170E+001    -0.48715867E-004    -0.68572463E-006     0.11346399E-015     0.77350500E-015     0.12071404E-015     0.11354673E-014
     0.44665131E+001    -0.48447953E-004    -0.68863838E-006     0.11319734E-015     0.76566757E-015     0.12038392E-015     0.11227652E-014
     0.44741093E+001    -0.48184609E-004    -0.69484646E-006     0.11300185E-015     0.75783465E-015     0.12011312E-015     0.11101482E-014
     0.44817054E+001    -0.47927827E-004    -0.69006577E-006     0.11282689E-015     0.75004898E-015     0.11985857E-015     0.10975680E-014
     0.44893015E+001    -0.47677137E-004    -0.69730934E-006     0.11296945E-015     0.74262023E-015     0.12015642E-015     0.10855563E-014
     0.44968976E+001    -0.47427928E-004    -0.69288198E-006     0.11277440E-015     0.73535216E-015     0.11989419E-015     0.10738506E-014
     0.45044937E+001    -0.47190884E-004    -0.68753287E-006     0.11257276E-015     0.72815956E-015     0.11961331E-015     0.10622424E-014
     0.45120898E+001    -0.46962797E-004    -0.69018535E-006     0.11234026E-015     0.72093601E-015     0.11931478E-015     0.10506400E-014
     0.45196859E+001    -0.46732086E-004    -0.69340546E-006     0.11222114E-015     0.71387408E-015     0.11914628E-015     0.10392721E-014
     0.45272820E+001    -0.46504003E-004    -0.69369646E-006     0.11215267E-015     0.70687088E-015     0.11902672E-015     0.10280399E-014
     0.45348781E+001    -0.46282690E-004    -0.69273712E-006     0.11207016E-015     0.70017624E-015     0.11889463E-015     0.10171764E-014
     0.45424742E+001    -0.46065270E-004    -0.69101698E-006     0.11186619E-015     0.69346818E-015     0.11864580E-015     0.10063686E-014
     0.45500704E+001    -0.45847596E-004    -0.68859550E-006     0.11175888E-015     0.68682355E-015     0.11848955E-015     0.99569258E-015
     0.45576665E+001    -0.45648065E-004    -0.68285133E-006     0.11156887E-015     0.68040019E-015     0.11826095E-015     0.98527341E-015
     0.45652626E+001    -0.45441228E-004    -0.68926270E-006     0.11137098E-015     0.67386451E-015     0.11803347E-015     0.97484092E-015
     0.45728587E+001    -0.45236015E-004    -0.69092804E-006     0.11127497E-015     0.66748276E-015     0.11790459E-015     0.96461907E-015
     0.45804548E+001    -0.45035523E-004    -0.68709441E-006     0.11116535E-015     0.66122230E-015     0.11774560E-015     0.95456973E-015
     0.45880509E+001    -0.44837351E-004    -0.68660471E-006     0.11105746E-015     0.65505597E-015     0.11760473E-015     0.94467351E-015
     0.45956470E+001    -0.44642981E-004    -0.68473801E-006     0.11096297E-015     0.64897772E-015     0.11747558E-015     0.93492343E-015
     0.46032431E+001    -0.44454566E-004    -0.67868017E-006     0.11086449E-015     0.64299305E-015     0.11733176E-015     0.92532581E-015
     0.46108392E+001    -0.44270138E-004    -0.67813228E-006     0.11078741E-015     0.63709828E-015     0.11720787E-015     0.91586280E-015
     0.46184354E+001    -0.44089046E-004    -0.68566322E-006     0.11076904E-015     0.63147266E-015     0.11715217E-015     0.90670787E-015
     0.46260315E+001    -0.43896256E-004    -0.68226233E-006     0.11050790E-015     0.62562346E-015     0.11685116E-015     0.89738449E-015
     0.46336276E+001    -0.43718571E-004    -0.68061314E-006     0.11029561E-015     0.62018700E-015     0.11664588E-015     0.88849017E-015
     0.46412237E+001    -0.43539072E-004    -0.67826561E-006     0.11007163E-015     0.61436513E-015     0.11642391E-015     0.87935653E-015
     0.46488198E+001    -0.43363556E-004    -0.67379383E-006     0.11001526E-015     0.60881032E-015     0.11632318E-015     0.87051679E-015
     0.46564159E+001    -0.43194486E-004    -0.67307820E-006     0.10992137E-015     0.60335965E-015     0.11618207E-015     0.86179942E-015
     0.46640120E+001    -0.43025305E-004    -0.67586709E-006     0.10984058E-015     0.59796295E-015     0.11607258E-015     0.85316748E-015
     0.46716081E+001    -0.42850728E-004    -0.67779466E-006     0.10975012E-015     0.59269984E-015     0.11596612E-015     0.84473957E-015
     0.46792042E+001    -0.42680970E-004    -0.67384250E-006     0.10964174E-015     0.58748320E-015     0.11582588E-015     0.83641114E-015
     0.46868004E+001    -0.42517766E-004    -0.66758972E-006     0.10951695E-015     0.58230755E-015     0.11564918E-015     0.82812999E-015
     0.46943965E+001    -0.42353632E-004    -0.67078064E-006     0.10945264E-015     0.57721111E-015     0.11559510E-015     0.81998451E-015
     0.47019926E+001    -0.42194938E-004    -0.66225548E-006     0.10934858E-015     0.57221135E-015     0.11545817E-015     0.81200306E-015
     0.47095887E+001    -0.42038940E-004    -0.66592255E-006     0.10923694E-015     0.56726641E-015     0.11530590E-015     0.80409421E-015
     0.47171848E+001    -0.41879558E-004    -0.66946069E-006     0.10911181E-015     0.56236187E-015     0.11516644E-015     0.79625934E-015
     0.47247809E+001    -0.41719089E-004    -0.66575856E-006     0.10900409E-015     0.55750525E-015     0.11502928E-015     0.78852233E-015
     0.47323770E+001    -0.41564415E-004    -0.66056403E-006     0.10893996E-015     0.55270129E-015     0.11496174E-015     0.78085580E-015
     0.47399731E+001    -0.41415422E-004    -0.66107396E-006     0.10886323E-015     0.54803516E-015     0.11487491E-015     0.77341334E-015
     0.47475692E+001    -0.41263964E-004    -0.65804179E-006     0.10873731E-015     0.54339430E-015     0.11471554E-015     0.76601254E-015
     0.47551654E+001    -0.41114283E-004    -0.65713131E-006     0.10863078E-015     0.53879711E-015     0.11458048E-015     0.75868763E-015
     0.47627615E+001    -0.40972739E-004    -0.65942158E-006     0.10852592E-015     0.53424086E-015     0.11444948E-015     0.75142416E-015
     0.47703576E+001    -0.40816445E-004    -0.66087676E-006     0.10843959E-015     0.52974435E-015     0.11434741E-015     0.74426313E-015
     0.47779537E+001    -0.40671464E-004    -0.65415472E-006     0.10835722E-015     0.52532814E-015     0.11425099E-015     0.73722774E-015
     0.47855498E+001    -0.40530993E-004    -0.65072904E-006     0.10825837E-015     0.52095159E-015     0.11412352E-015     0.73025454E-015
     0.47931459E+001    -0.40390428E-004    -0.64983475E-006     0.10816438E-015     0.51663135E-015     0.11400990E-015     0.72337557E-015
     0.48007420E+001    -0.40250608E-004    -0.65118648E-006     0.10808554E-015     0.51236935E-015     0.11390389E-015     0.71657989E-015
     0.48083381E+001    -0.40111458E-004    -0.64949321E-006     0.10799771E-015     0.50820261E-015     0.11378918E-015     0.70989616E-015
     0.48159342E+001    -0.39971937E-004    -0.65089911E-006     0.10776332E-015     0.50402246E-015     0.11357215E-015     0.70323879E-015
     0.48235303E+001    -0.39831880E-004    -0.64909323E-006     0.10770104E-015     0.49981928E-015     0.11349741E-015     0.69661537E-015
     0.48311265E+001    -0.39695718E-004    -0.63952326E-006     0.10762756E-015     0.49572840E-015     0.11340141E-015     0.69012175E-015
     0.48387226E+001    -0.39568694E-004    -0.64236839E-006     0.10754476E-015     0.49169833E-015     0.11330320E-015     0.68371910E-015
     0.48463187E+001    -0.39433804E-004    -0.63995281E-006     0.10746095E-015     0.48770554E-015     0.11319973E-015     0.67737633E-015
     0.48539148E+001    -0.39303879E-004    -0.64026119E-006     0.10737128E-015     0.48377009E-015     0.11308824E-015     0.67112289E-015
     0.48615109E+001    -0.39173335E-004    -0.64194381E-006     0.10728517E-015     0.47986476E-015     0.11298631E-015     0.66491144E-015
     0.48691070E+001    -0.39040798E-004    -0.64064973E-006     0.10721151E-015     0.47601593E-015     0.11290163E-015     0.65879543E-015
     0.48767031E+001    -0.38907981E-004    -0.63580066E-006     0.10713671E-015     0.47224832E-015     0.11281650E-015     0.65278863E-015
     0.48842992E+001    -0.38787518E-004    -0.63092842E-006     0.10695411E-015     0.46848606E-015     0.11262037E-015     0.64681486E-015
     0.48918953E+001    -0.38663764E-004    -0.63100843E-006     0.10686606E-015     0.46470147E-015     0.11250992E-015     0.64083746E-015
     0.48994915E+001    -0.38535963E-004    -0.63425811E-006     0.10681164E-015     0.46099182E-015     0.11245359E-015     0.63495579E-015
     0.49070876E+001    -0.38415438E-004    -0.62951620E-006     0.10673870E-015     0.45735773E-015     0.11236937E-015     0.62918692E-015
     0.49146837E+001    -0.38288709E-004    -0.63320423E-006     0.10665257E-015     0.45375976E-015     0.11227625E-015     0.62347780E-015
     0.49222798E+001    -0.38163754E-004    -0.62827997E-006     0.10655192E-015     0.45021228E-015     0.11215327E-015     0.61785904E-015
     0.49298759E+001    -0.38045464E-004    -0.62255466E-006     0.10645708E-015     0.44665730E-015     0.11203224E-015     0.61222052E-015
     0.49374720E+001    -0.37929289E-004    -0.62067913E-006     0.10637527E-015     0.44316639E-015     0.11194012E-015     0.60667853E-015
     0.49450681E+001    -0.37812275E-004    -0.62519598E-006     0.10628997E-015     0.43972688E-015     0.11184317E-015     0.60121108E-015
     0.49526642E+001    -0.37691342E-004    -0.62222003E-006     0.10616563E-015     0.43627779E-015     0.11170720E-015     0.59575491E-015
     0.49602603E+001    -0.37574241E-004    -0.62221261E-006     0.10608942E-015     0.43287651E-015     0.11162106E-015     0.59037135E-015
     0.49678565E+001    -0.37457650E-004    -0.62172524E-006     0.10601795E-015     0.42951222E-015     0.11154601E-015     0.58504208E-015
     0.49754526E+001    -0.37337256E-004    -0.61545987E-006     0.10594584E-015     0.42619976E-015     0.11146568E-015     0.57979885E-015
     0.49830487E+001    -0.37231341E-004    -0.61239076E-006     0.10585109E-015     0.42292616E-015     0.11135780E-015     0.57460835E-015
     0.49906448E+001    -0.37117254E-004    -0.61349109E-006     0.10576831E-015     0.41965434E-015     0.11126179E-015     0.56943282E-015
     0.49982409E+001    -0.37004733E-004    -0.61399111E-006     0.10571983E-015     0.41643915E-015     0.11120900E-015     0.56434060E-015
     0.50058370E+001    -0.36891736E-004    -0.61311333E-006     0.10562594E-015     0.41328826E-015     0.11110782E-015     0.55932813E-015
     0.50134331E+001    -0.36781376E-004    -0.60942923E-006     0.10552129E-015     0.41015871E-015     0.11099595E-015     0.55437433E-015
     0.50210292E+001    -0.36668180E-004    -0.60962051E-006     0.10538209E-015     0.40699978E-015     0.11083223E-015     0.54938390E-015
     0.50286253E+001    -0.36562735E-004    -0.60258731E-006     0.10531952E-015     0.40385239E-015     0.11076451E-015     0.54443112E-015
     0.50362215E+001    -0.36458456E-004    -0.60157123E-006     0.10527137E-015     0.40082373E-015     0.11070033E-015     0.53961421E-015
     0.50438176E+001    -0.36351131E-004    -0.60893964E-006     0.10518237E-015     0.39778252E-015     0.11061082E-015     0.53479676E-015
     0.50514137E+001    -0.36240391E-004    -0.60359192E-006     0.10510043E-015     0.39477292E-015     0.11052593E-015     0.53003596E-015
     0.50590098E+001    -0.36134349E-004    -0.60263146E-006     0.10501240E-015     0.39179499E-015     0.11043486E-015     0.52532988E-015
     0.50666059E+001    -0.36028287E-004    -0.60036001E-006     0.10493940E-015     0.38881303E-015     0.11036458E-015     0.52064230E-015
     0.50742020E+001    -0.35925484E-004    -0.59611819E-006     0.10490524E-015     0.38592048E-015     0.11029173E-015     0.51606062E-015
     0.50817981E+001    -0.35823104E-004    -0.59301045E-006     0.10480950E-015     0.38304705E-015     0.11018658E-015     0.51148690E-015
     0.50893942E+001    -0.35726449E-004    -0.59656564E-006     0.10472047E-015     0.38017529E-015     0.11009179E-015     0.50693825E-015
     0.50969903E+001    -0.35618442E-004    -0.59767303E-006     0.10464701E-015     0.37732795E-015     0.11001687E-015     0.50243098E-015
     0.51045864E+001    -0.35514477E-004    -0.59436720E-006     0.10457566E-015     0.37452517E-015     0.10994582E-015     0.49799535E-015
     0.51121826E+001    -0.35416947E-004    -0.59022717E-006     0.10449617E-015     0.37174065E-015     0.10986039E-015     0.49358524E-015
     0.51197787E+001    -0.35314026E-004    -0.58996304E-006     0.10441332E-015     0.36898172E-015     0.10977676E-015     0.48922291E-015
     0.51273748E+001    -0.35218699E-004    -0.58432720E-006     0.10433806E-015     0.36624900E-015     0.10969523E-015     0.48490181E-015
     0.51349709E+001    -0.35123451E-004    -0.58577766E-006     0.10425169E-015     0.36353483E-015     0.10959826E-015     0.48060727E-015
     0.51425670E+001    -0.35024590E-004    -0.58818636E-006     0.10417189E-015     0.36084441E-015     0.10951611E-015     0.47635237E-015
     0.51501631E+001    -0.34923775E-004    -0.58859255E-006     0.10409902E-015     0.35816742E-015     0.10944104E-015     0.47211918E-015
     0.51577592E+001    -0.34825612E-004    -0.58070239E-006     0.10402214E-015     0.35552358E-015     0.10936825E-015     0.46794385E-015
     0.51653553E+001    -0.34732300E-004    -0.58199776E-006     0.10397876E-015     0.35288534E-015     0.10931769E-015     0.46378964E-015
     0.51729514E+001    -0.34637484E-004    -0.57813628E-006     0.10391905E-015     0.35031824E-015     0.10926256E-015     0.45970952E-015
     0.51805476E+001    -0.34543800E-004    -0.57523872E-006     0.10384514E-015     0.34776566E-015     0.10919660E-015     0.45567528E-015
     0.51881437E+001    -0.34454386E-004    -0.57996944E-006     0.10378130E-015     0.34524697E-015     0.10915324E-015     0.45172611E-015
     0.51957398E+001    -0.34354763E-004    -0.57917214E-006     0.10362456E-015     0.34271342E-015     0.10884518E-015     0.44773880E-015
     0.52033359E+001    -0.34260022E-004    -0.57478230E-006     0.10360877E-015     0.34019424E-015     0.10884347E-015     0.44368385E-015
     0.52109320E+001    -0.34169462E-004    -0.57143441E-006     0.10350530E-015     0.33773155E-015     0.10875464E-015     0.43975505E-015
     0.52185281E+001    -0.34081670E-004    -0.56866280E-006     0.10340762E-015     0.33526659E-015     0.10866160E-015     0.43585125E-015
     0.52261242E+001    -0.33988277E-004    -0.56981265E-006     0.10330751E-015     0.33277515E-015     0.10856240E-015     0.43193350E-015
     0.52337203E+001    -0.33903193E-004    -0.56767684E-006     0.10327082E-015     0.33034121E-015     0.10852371E-015     0.42808242E-015
     0.52413164E+001    -0.33810178E-004    -0.57126739E-006     0.10320626E-015     0.32793461E-015     0.10845628E-015     0.42426839E-015
     0.52489126E+001    -0.33715811E-004    -0.56907365E-006     0.10315023E-015     0.32555592E-015     0.10840731E-015     0.42049790E-015
     0.52565087E+001    -0.33628710E-004    -0.56078805E-006     0.10308010E-015     0.32320071E-015     0.10833269E-015     0.41676425E-015
     0.52641048E+001    -0.33543718E-004    -0.56144319E-006     0.10300163E-015     0.32085728E-015     0.10825161E-015     0.41305203E-015
     0.52717009E+001    -0.33456841E-004    -0.55990335E-006     0.10293405E-015     0.31852770E-015     0.10818156E-015     0.40936214E-015
     0.52792970E+001    -0.33371314E-004    -0.55969782E-006     0.10285997E-015     0.31621891E-015     0.10810136E-015     0.40570370E-015
     0.52868931E+001    -0.33284032E-004    -0.56008052E-006     0.10279262E-015     0.31392141E-015     0.10803264E-015     0.40206222E-015
     0.52944892E+001    -0.33197376E-004    -0.56187774E-006     0.10273535E-015     0.31164614E-015     0.10797576E-015     0.39845479E-015
     0.53020853E+001    -0.33105487E-004    -0.55482581E-006     0.10267381E-015     0.30940345E-015     0.10791669E-015     0.39489506E-015
     0.53096814E+001    -0.33026928E-004    -0.55170367E-006     0.10259782E-015     0.30717699E-015     0.10783620E-015     0.39136323E-015
     0.53172776E+001    -0.32945038E-004    -0.55139502E-006     0.10252317E-015     0.30495106E-015     0.10775619E-015     0.38783153E-015
     0.53248737E+001    -0.32858761E-004    -0.55185045E-006     0.10245732E-015     0.30274997E-015     0.10768880E-015     0.38434199E-015
     0.53324698E+001    -0.32778753E-004    -0.55119114E-006     0.10238857E-015     0.30056361E-015     0.10761639E-015     0.38086672E-015
     0.53400659E+001    -0.32693165E-004    -0.55206366E-006     0.10231933E-015     0.29838760E-015     0.10754712E-015     0.37741364E-015
     0.53476620E+001    -0.32607051E-004    -0.54920835E-006     0.10226231E-015     0.29623771E-015     0.10749543E-015     0.37400116E-015
     0.53552581E+001    -0.32526332E-004    -0.54482454E-006     0.10219632E-015     0.29410440E-015     0.10742661E-015     0.37061382E-015
     0.53628542E+001    -0.32449781E-004    -0.53981148E-006     0.10212561E-015     0.29198867E-015     0.10735038E-015     0.36725140E-015
     0.53704503E+001    -0.32368967E-004    -0.54611406E-006     0.10205822E-015     0.28987971E-015     0.10728082E-015     0.36389993E-015
     0.53780464E+001    -0.32287991E-004    -0.54200917E-006     0.10199657E-015     0.28778895E-015     0.10721911E-015     0.36057396E-015
     0.53856425E+001    -0.32207750E-004    -0.54252851E-006     0.10192564E-015     0.28571484E-015     0.10714415E-015     0.35727466E-015
     0.53932387E+001    -0.32126032E-004    -0.54292539E-006     0.10186858E-015     0.28365126E-015     0.10709492E-015     0.35399116E-015
     0.54008348E+001    -0.32044917E-004    -0.53625804E-006     0.10180848E-015     0.28161168E-015     0.10703357E-015     0.35074838E-015
     0.54084309E+001    -0.31970773E-004    -0.53321804E-006     0.10173673E-015     0.27959027E-015     0.10695818E-015     0.34752834E-015
     0.54160270E+001    -0.31895266E-004    -0.53455390E-006     0.10166759E-015     0.27756761E-015     0.10688559E-015     0.34430820E-015
     0.54236231E+001    -0.31817251E-004    -0.53558469E-006     0.10160598E-015     0.27556064E-015     0.10682352E-015     0.34111198E-015
     0.54312192E+001    -0.31736288E-004    -0.53460247E-006     0.10154660E-015     0.27357482E-015     0.10676576E-015     0.33794491E-015
     0.54388153E+001    -0.31662609E-004    -0.53236721E-006     0.10148106E-015     0.27160121E-015     0.10669966E-015     0.33479869E-015
     0.54464114E+001    -0.31580116E-004    -0.53122373E-006     0.10142245E-015     0.26963727E-015     0.10664310E-015     0.33166671E-015
     0.54540075E+001    -0.31507892E-004    -0.52492183E-006     0.10136171E-015     0.26769937E-015     0.10658339E-015     0.32857440E-015
     0.54616037E+001    -0.31437105E-004    -0.52360333E-006     0.10128789E-015     0.26576323E-015     0.10650122E-015     0.32548175E-015
     0.54691998E+001    -0.31361265E-004    -0.52809882E-006     0.10122587E-015     0.26383448E-015     0.10644221E-015     0.32240345E-015
     0.54767959E+001    -0.31284890E-004    -0.52661548E-006     0.10117096E-015     0.26192224E-015     0.10638765E-015     0.31934639E-015
     0.54843920E+001    -0.31209369E-004    -0.52412910E-006     0.10110888E-015     0.26002792E-015     0.10632679E-015     0.31631716E-015
     0.54919881E+001    -0.31133932E-004    -0.52238872E-006     0.10105151E-015     0.25814461E-015     0.10627388E-015     0.31330475E-015
     0.54995842E+001    -0.31061747E-004    -0.51997378E-006     0.10099364E-015     0.25627459E-015     0.10621670E-015     0.31031374E-015
     0.55071803E+001    -0.30989676E-004    -0.51326194E-006     0.10092742E-015     0.25442273E-015     0.10614631E-015     0.30734768E-015
     0.55147764E+001    -0.30922789E-004    -0.51918090E-006     0.10086162E-015     0.25257100E-015     0.10607890E-015     0.30438099E-015
     0.55223725E+001    -0.30846077E-004    -0.51895306E-006     0.10080408E-015     0.25073368E-015     0.10602147E-015     0.30143627E-015
     0.55299687E+001    -0.30771751E-004    -0.51634568E-006     0.10073598E-015     0.24890670E-015     0.10594646E-015     0.29850608E-015
     0.55375648E+001    -0.30700951E-004    -0.51405423E-006     0.10067822E-015     0.24708891E-015     0.10589118E-015     0.29558436E-015
     0.55451609E+001    -0.30629204E-004    -0.51104005E-006     0.10061726E-015     0.24528344E-015     0.10582778E-015     0.29268904E-015
     0.55527570E+001    -0.30560080E-004    -0.50745433E-006     0.10055334E-015     0.24349597E-015     0.10575479E-015     0.28981374E-015
     0.55603531E+001    -0.30493730E-004    -0.50775442E-006     0.10047703E-015     0.24170578E-015     0.10565865E-015     0.28692796E-015
     0.55679492E+001    -0.30424352E-004    -0.50949027E-006     0.10039790E-015     0.23989269E-015     0.10555059E-015     0.28398094E-015
     0.55755453E+001    -0.30349056E-004    -0.51144505E-006     0.10044425E-015     0.23807716E-015     0.10574694E-015     0.28100646E-015
     0.55831414E+001    -0.30280868E-004    -0.50339409E-006     0.10039846E-015     0.23641066E-015     0.10572166E-015     0.27839009E-015
     0.55907375E+001    -0.30211860E-004    -0.50469064E-006     0.10032119E-015     0.23468647E-015     0.10562177E-015     0.27562697E-015
     0.55983336E+001    -0.30144192E-004    -0.50071403E-006     0.10026049E-015     0.23296289E-015     0.10555404E-015     0.27285199E-015
     0.56059298E+001    -0.30078825E-004    -0.49808201E-006     0.10019308E-015     0.23124829E-015     0.10547483E-015     0.27008566E-015
     0.56135259E+001    -0.30012845E-004    -0.50136913E-006     0.10012947E-015     0.22953404E-015     0.10541119E-015     0.26731544E-015
     0.56211220E+001    -0.29942916E-004    -0.50254412E-006     0.10007860E-015     0.22782499E-015     0.10536270E-015     0.26455551E-015
     0.56287181E+001    -0.29872281E-004    -0.49815272E-006     0.10002743E-015     0.22613983E-015     0.10531525E-015     0.26182840E-015
     0.56363142E+001    -0.29806015E-004    -0.49486754E-006     0.99972354E-016     0.22446359E-015     0.10526404E-015     0.25911232E-015
     0.56439103E+001    -0.29744136E-004    -0.49351058E-006     0.99913859E-016     0.22278837E-015     0.10520803E-015     0.25639898E-015
     0.56515064E+001    -0.29674553E-004    -0.49082825E-006     0.99860219E-016     0.22112709E-015     0.10515725E-015     0.25370551E-015
     0.56591025E+001    -0.29616108E-004    -0.49092708E-006     0.99805411E-016     0.21947328E-015     0.10510687E-015     0.25101918E-015
     0.56666986E+001    -0.29548070E-004    -0.49488462E-006     0.99753121E-016     0.21782038E-015     0.10506076E-015     0.24833123E-015
     0.56742948E+001    -0.29477846E-004    -0.49270397E-006     0.99704516E-016     0.21618909E-015     0.10503077E-015     0.24567916E-015
     0.56818909E+001    -0.29413288E-004    -0.48792944E-006     0.99661005E-016     0.21456202E-015     0.10500281E-015     0.24303549E-015
     0.56894870E+001    -0.29351481E-004    -0.48468527E-006     0.99616234E-016     0.21295183E-015     0.10498293E-015     0.24042473E-015
     0.56970831E+001    -0.29287822E-004    -0.48463942E-006     0.99579163E-016     0.21139164E-015     0.10497325E-015     0.23793092E-015
     0.57046792E+001    -0.29225819E-004    -0.48400925E-006     0.99410331E-016     0.20978554E-015     0.10463025E-015     0.23531241E-015
     0.57122753E+001    -0.29162733E-004    -0.48311405E-006     0.99369997E-016     0.20812820E-015     0.10461569E-015     0.23255280E-015
     0.57198714E+001    -0.29096802E-004    -0.48758393E-006     0.99339026E-016     0.20652103E-015     0.10461830E-015     0.22991562E-015
     0.57274675E+001    -0.29029421E-004    -0.47804615E-006     0.99304482E-016     0.20493876E-015     0.10460553E-015     0.22732202E-015
     0.57350636E+001    -0.28971471E-004    -0.47574610E-006     0.99253786E-016     0.20336969E-015     0.10456738E-015     0.22474928E-015
     0.57426598E+001    -0.28911577E-004    -0.47433914E-006     0.99205975E-016     0.20179729E-015     0.10453311E-015     0.22216951E-015
     0.57502559E+001    -0.28851686E-004    -0.47260105E-006     0.99161154E-016     0.20023490E-015     0.10449913E-015     0.21960705E-015
     0.57578520E+001    -0.28794759E-004    -0.47793223E-006     0.99121047E-016     0.19868863E-015     0.10447525E-015     0.21705685E-015
     0.57654481E+001    -0.28728271E-004    -0.48068826E-006     0.99070909E-016     0.19714308E-015     0.10444603E-015     0.21451207E-015
     0.57730442E+001    -0.28661171E-004    -0.47758846E-006     0.99026261E-016     0.19561446E-015     0.10443410E-015     0.21199299E-015
     0.57806403E+001    -0.28598886E-004    -0.47370240E-006     0.98975460E-016     0.19405378E-015     0.10443085E-015     0.20946085E-015
     0.57882364E+001    -0.28542226E-004    -0.47000740E-006     0.99008146E-016     0.19257226E-015     0.10453836E-015     0.20707181E-015
     0.57958325E+001    -0.28478136E-004    -0.46734619E-006     0.98839333E-016     0.19121140E-015     0.10415462E-015     0.20497710E-015
     0.58034286E+001    -0.28423604E-004    -0.46519807E-006     0.98748603E-016     0.18957947E-015     0.10397716E-015     0.20208127E-015
     0.58110248E+001    -0.28364137E-004    -0.46686728E-006     0.98730885E-016     0.18806195E-015     0.10406631E-015     0.19956614E-015
     0.58186209E+001    -0.28301424E-004    -0.46656459E-006     0.98582331E-016     0.18663514E-015     0.10378038E-015     0.19728088E-015
     0.58262170E+001    -0.28241240E-004    -0.46321698E-006     0.98518318E-016     0.18501163E-015     0.10368837E-015     0.19447939E-015
     0.58338131E+001    -0.28184771E-004    -0.45753364E-006     0.98495677E-016     0.18349704E-015     0.10371701E-015     0.19193405E-015
     0.58414092E+001    -0.28129200E-004    -0.45975585E-006     0.98458437E-016     0.18199803E-015     0.10370778E-015     0.18943071E-015
     0.58490053E+001    -0.28070359E-004    -0.46107879E-006     0.98421409E-016     0.18050497E-015     0.10369147E-015     0.18693659E-015
     0.58566014E+001    -0.28009492E-004    -0.45777114E-006     0.98380640E-016     0.17902583E-015     0.10366490E-015     0.18446296E-015
     0.58641975E+001    -0.27954332E-004    -0.45926432E-006     0.98337818E-016     0.17755059E-015     0.10363781E-015     0.18199170E-015
     0.58717936E+001    -0.27891065E-004    -0.45605909E-006     0.98298422E-016     0.17608002E-015     0.10361180E-015     0.17952988E-015
     0.58793897E+001    -0.27836517E-004    -0.45106460E-006     0.98253143E-016     0.17462802E-015     0.10357585E-015     0.17709610E-015
     0.58869859E+001    -0.27782955E-004    -0.45021919E-006     0.98194596E-016     0.17316719E-015     0.10350568E-015     0.17464234E-015
     0.58945820E+001    -0.27727379E-004    -0.45172354E-006     0.98145638E-016     0.17170619E-015     0.10346077E-015     0.17217892E-015
     0.59021781E+001    -0.27667816E-004    -0.45308535E-006     0.98103421E-016     0.17025299E-015     0.10342389E-015     0.16972520E-015
     0.59097742E+001    -0.27611705E-004    -0.44993251E-006     0.98055868E-016     0.16880824E-015     0.10338055E-015     0.16728310E-015
     0.59173703E+001    -0.27553482E-004    -0.44867208E-006     0.98008350E-016     0.16736620E-015     0.10333472E-015     0.16484340E-015
     0.59249664E+001    -0.27496769E-004    -0.44693392E-006     0.97965304E-016     0.16593422E-015     0.10329216E-015     0.16241444E-015
     0.59325625E+001    -0.27444645E-004    -0.43937869E-006     0.97896743E-016     0.16451352E-015     0.10321543E-015     0.15999328E-015
     0.59401586E+001    -0.27392357E-004    -0.44462693E-006     0.97830641E-016     0.16307083E-015     0.10313764E-015     0.15754842E-015
     0.59477547E+001    -0.27335490E-004    -0.44512932E-006     0.97775562E-016     0.16163007E-015     0.10306635E-015     0.15509679E-015
     0.59553509E+001    -0.27278433E-004    -0.44360657E-006     0.97710373E-016     0.16020311E-015     0.10297015E-015     0.15265648E-015
     0.59629470E+001    -0.27221478E-004    -0.44145504E-006     0.97621418E-016     0.15877525E-015     0.10283592E-015     0.15020046E-015
     0.59705431E+001    -0.27168175E-004    -0.43922969E-006     0.97508640E-016     0.15728105E-015     0.10262648E-015     0.14764056E-015
     0.59781392E+001    -0.27113161E-004    -0.43425666E-006     0.97375752E-016     0.15568887E-015     0.10231669E-015     0.14476708E-015
     0.59857353E+001    -0.27063619E-004    -0.43445053E-006     0.97857801E-016     0.15397119E-015     0.10355766E-015     0.14154465E-015
     0.59933314E+001    -0.27011423E-004    -0.43697155E-006     0.97855737E-016     0.15302496E-015     0.10365012E-015     0.14022898E-015
     0.60009275E+001    -0.26951212E-004    -0.43742739E-006     0.97703009E-016     0.15169400E-015     0.10334768E-015     0.13801176E-015
     0.60085236E+001    -0.26898921E-004    -0.43324026E-006     0.97604496E-016     0.15031076E-015     0.10315712E-015     0.13563819E-015
     0.60161197E+001    -0.26843273E-004    -0.43077998E-006     0.97517080E-016     0.14891240E-015     0.10299136E-015     0.13322160E-015
     0.60237159E+001    -0.26792209E-004    -0.42669741E-006     0.97434076E-016     0.14751081E-015     0.10282059E-015     0.13078333E-015
     0.60313120E+001    -0.26742108E-004    -0.42580654E-006     0.97334128E-016     0.14609486E-015     0.10258619E-015     0.12829254E-015
     0.60389081E+001    -0.26691688E-004    -0.42571380E-006     0.97192664E-016     0.14463057E-015     0.10221118E-015     0.12565130E-015
     0.60465042E+001    -0.26637010E-004    -0.42998129E-006     0.97018757E-016     0.14288735E-015     0.10163668E-015     0.12219223E-015
     0.60541003E+001    -0.26581492E-004    -0.42515825E-006     0.98210974E-016     0.14140839E-015     0.10473242E-015     0.11865000E-015
     0.60616964E+001    -0.26529275E-004    -0.42177913E-006     0.97522073E-016     0.14065656E-015     0.10416384E-015     0.11833550E-015
     0.60692925E+001    -0.26479989E-004    -0.42182960E-006     0.97417271E-016     0.13923010E-015     0.10374888E-015     0.11613308E-015
     0.60768886E+001    -0.26426948E-004    -0.41688764E-006     0.97254914E-016     0.13784698E-015     0.10347361E-015     0.11374201E-015
     0.60844847E+001    -0.26380015E-004    -0.41857186E-006     0.97214355E-016     0.13641594E-015     0.10337167E-015     0.11133211E-015
     0.60920809E+001    -0.26327173E-004    -0.42064762E-006     0.97169812E-016     0.13501625E-015     0.10327138E-015     0.10889161E-015
     0.60996770E+001    -0.26272962E-004    -0.41896514E-006     0.97126626E-016     0.13362953E-015     0.10319968E-015     0.10645078E-015
     0.61072731E+001    -0.26218915E-004    -0.41573349E-006     0.97079233E-016     0.13225004E-015     0.10313963E-015     0.10400551E-015
     0.61148692E+001    -0.26172702E-004    -0.41175644E-006     0.97010492E-016     0.13084938E-015     0.10306465E-015     0.10153421E-015
     0.61224653E+001    -0.26120772E-004    -0.41126477E-006     0.96962921E-016     0.12943555E-015     0.10301643E-015     0.99043678E-016
     0.61300614E+001    -0.26072553E-004    -0.41026135E-006     0.96989527E-016     0.12797019E-015     0.10304509E-015     0.96499121E-016
     0.61376575E+001    -0.26024578E-004    -0.41043603E-006     0.97003554E-016     0.12666715E-015     0.10307153E-015     0.94094885E-016
     0.61452536E+001    -0.25969788E-004    -0.41381523E-006     0.96971509E-016     0.12532659E-015     0.10308213E-015     0.91684957E-016
     0.61528497E+001    -0.25917366E-004    -0.40774581E-006     0.96870168E-016     0.12402298E-015     0.10290199E-015     0.89381300E-016
     0.61604458E+001    -0.25869249E-004    -0.40491097E-006     0.96790024E-016     0.12257054E-015     0.10278174E-015     0.86696580E-016
     0.61680420E+001    -0.25820934E-004    -0.40263970E-006     0.96762644E-016     0.12117518E-015     0.10279737E-015     0.84150876E-016
     0.61756381E+001    -0.25773447E-004    -0.40322798E-006     0.96724696E-016     0.11979036E-015     0.10278987E-015     0.81627939E-016
     0.61832342E+001    -0.25723588E-004    -0.40079803E-006     0.96672438E-016     0.11842810E-015     0.10276934E-015     0.79122637E-016
     0.61908303E+001    -0.25677878E-004    -0.40416040E-006     0.96510196E-016     0.11702928E-015     0.10264471E-015     0.76576127E-016
     0.61984264E+001    -0.25621693E-004    -0.40497564E-006     0.96566007E-016     0.11545536E-015     0.10274946E-015     0.73851454E-016
     0.62060225E+001    -0.25570184E-004    -0.39826190E-006     0.96628097E-016     0.11407354E-015     0.10287385E-015     0.71326050E-016
     0.62136186E+001    -0.25527271E-004    -0.39564803E-006     0.96669993E-016     0.11272745E-015     0.10301003E-015     0.68845311E-016
     0.62212147E+001    -0.25477107E-004    -0.39584723E-006     0.96736367E-016     0.11142784E-015     0.10324488E-015     0.66503717E-016
     0.62288108E+001    -0.25430122E-004    -0.39524313E-006     0.96701052E-016     0.11049577E-015     0.10323709E-015     0.65093217E-016
     0.62364070E+001    -0.25381239E-004    -0.39612223E-006     0.95957413E-016     0.10880329E-015     0.10142650E-015     0.61796943E-016
     0.62440031E+001    -0.25330592E-004    -0.39407848E-006     0.96079264E-016     0.10709360E-015     0.10177197E-015     0.58464148E-016
     0.62515992E+001    -0.25279122E-004    -0.39268815E-006     0.96207445E-016     0.10564473E-015     0.10204305E-015     0.55708293E-016
     0.62591953E+001    -0.25235239E-004    -0.38436391E-006     0.96171609E-016     0.10429803E-015     0.10208329E-015     0.53101628E-016
     0.62667914E+001    -0.25192713E-004    -0.38679450E-006     0.96102239E-016     0.10286776E-015     0.10205059E-015     0.50422120E-016
     0.62743875E+001    -0.25142312E-004    -0.39281370E-006     0.96060668E-016     0.10139706E-015     0.10201970E-015     0.47667418E-016
     0.62819836E+001    -0.25091836E-004    -0.38974773E-006     0.96018170E-016     0.99948293E-016     0.10197689E-015     0.44922800E-016
     0.62895797E+001    -0.25042494E-004    -0.39191917E-006     0.95958340E-016     0.98489925E-016     0.10189186E-015     0.42142345E-016
     0.62971758E+001    -0.24988908E-004    -0.38982083E-006     0.95835342E-016     0.96992035E-016     0.10166701E-015     0.39226152E-016
     0.63047720E+001    -0.24938739E-004    -0.38246752E-006     0.95818668E-016     0.95112437E-016     0.10169427E-015     0.35414606E-016
     0.63123681E+001    -0.24893628E-004    -0.37278933E-006     0.96365192E-016     0.93989357E-016     0.10315909E-015     0.33346631E-016
     0.63199642E+001    -0.24854855E-004    -0.37538940E-006     0.96202540E-016     0.92738408E-016     0.10283934E-015     0.31086146E-016
     0.63275603E+001    -0.24803703E-004    -0.37671071E-006     0.96031291E-016     0.91416341E-016     0.10258360E-015     0.28467769E-016
     0.63351564E+001    -0.24758515E-004    -0.37544973E-006     0.95615291E-016     0.89912546E-016     0.10212386E-015     0.25593481E-016
     0.63427525E+001    -0.24708698E-004    -0.37460312E-006     0.95768888E-016     0.87987367E-016     0.10224300E-015     0.22150491E-016
     0.63503486E+001    -0.24659512E-004    -0.37120960E-006     0.96157560E-016     0.86582157E-016     0.10312249E-015     0.19267532E-016
     0.63579447E+001    -0.24616921E-004    -0.36541044E-006     0.96176662E-016     0.85436464E-016     0.10327008E-015     0.17043826E-016
     0.63655408E+001    -0.24572349E-004    -0.36618089E-006     0.96183677E-016     0.84329456E-016     0.10351563E-015     0.14844197E-016
     0.63731369E+001    -0.24527014E-004    -0.36459595E-006     0.95647275E-016     0.84097874E-016     0.10280841E-015     0.14636017E-016
     0.63807331E+001    -0.24490598E-004    -0.36540691E-006     0.92642748E-016     0.81371380E-016     0.97831613E-016     0.94411323E-017
     0.63883292E+001    -0.24434709E-004    -0.37778988E-006     0.94444209E-016     0.77700301E-016     0.99956610E-016     0.35680383E-017
     0.63959253E+001    -0.24382523E-004    -0.37666187E-006     0.94940395E-016     0.76440627E-016     0.10056778E-015     0.59950469E-018
     0.64035214E+001    -0.24332240E-004    -0.36835118E-006     0.95002140E-016     0.74848205E-016     0.10054649E-015    -0.26853927E-017
     0.64111175E+001    -0.24288080E-004    -0.36784488E-006     0.95065461E-016     0.72867349E-016     0.10023687E-015    -0.66071671E-017
     0.64187136E+001    -0.24240354E-004    -0.36838486E-006     0.95741570E-016     0.70996334E-016     0.10061826E-015    -0.12026212E-016
     0.64263097E+001    -0.24191311E-004    -0.36634881E-006     0.97012633E-016     0.70141590E-016     0.10567279E-015    -0.14027686E-016
     0.64339058E+001    -0.24144016E-004    -0.36491534E-006     0.96021470E-016     0.69245466E-016     0.10418212E-015    -0.14920074E-016
     0.64415019E+001    -0.24095946E-004    -0.36370359E-006     0.96115308E-016     0.66487340E-016     0.10385684E-015    -0.18975582E-016
     0.64490981E+001    -0.24048441E-004    -0.36098205E-006     0.96987747E-016     0.65360381E-016     0.10453571E-015    -0.21660276E-016
     0.64566942E+001    -0.23997342E-004    -0.35825671E-006     0.96927628E-016     0.64553387E-016     0.10436749E-015    -0.24153059E-016
     0.64642903E+001    -0.23958893E-004    -0.35371763E-006     0.96160988E-016     0.63186079E-016     0.10356377E-015    -0.27232332E-016
     0.64718864E+001    -0.23907943E-004    -0.36054590E-006     0.96191044E-016     0.60950941E-016     0.10358233E-015    -0.31218552E-016
     0.64794825E+001    -0.23853884E-004    -0.35312702E-006     0.97073871E-016     0.59705822E-016     0.10446246E-015    -0.34250120E-016
     0.64870786E+001    -0.23812993E-004    -0.34932081E-006     0.96078649E-016     0.58538560E-016     0.10343554E-015    -0.37277735E-016
     0.64946747E+001    -0.23764741E-004    -0.35008404E-006     0.95809512E-016     0.56355108E-016     0.10317922E-015    -0.41625332E-016
     0.65022708E+001    -0.23718727E-004    -0.34395145E-006     0.96162479E-016     0.54600671E-016     0.10429790E-015    -0.45143838E-016
     0.65098669E+001    -0.23675387E-004    -0.34515221E-006     0.96097850E-016     0.52986439E-016     0.10429700E-015    -0.48296692E-016
     0.65174631E+001    -0.23627133E-004    -0.34863164E-006     0.96020969E-016     0.51336530E-016     0.10424116E-015    -0.51573977E-016
     0.65250592E+001    -0.23574926E-004    -0.34744649E-006     0.96032986E-016     0.49482381E-016     0.10439943E-015    -0.55372914E-016
     0.65326553E+001    -0.23525254E-004    -0.34122504E-006     0.96265971E-016     0.48114938E-016     0.10519068E-015    -0.57889048E-016
     0.65402514E+001    -0.23483090E-004    -0.34077900E-006     0.94868608E-016     0.46657786E-016     0.10138301E-015    -0.60320214E-016
     0.65478475E+001    -0.23433198E-004    -0.33902849E-006     0.94936376E-016     0.43879946E-016     0.10143824E-015    -0.66942226E-016
     0.65554436E+001    -0.23387541E-004    -0.33842548E-006     0.95130766E-016     0.41764490E-016     0.10205476E-015    -0.71532544E-016
     0.65630397E+001    -0.23341714E-004    -0.34063047E-006     0.95437251E-016     0.39684861E-016     0.10260013E-015    -0.75889332E-016
     0.65706358E+001    -0.23291645E-004    -0.34366413E-006     0.94864771E-016     0.39302669E-016     0.10216220E-015    -0.78518836E-016
     0.65782319E+001    -0.23236555E-004    -0.34597143E-006     0.95570306E-016     0.35605619E-016     0.10294268E-015    -0.84551299E-016
     0.65858281E+001    -0.23184780E-004    -0.34167259E-006     0.95167210E-016     0.34271957E-016     0.10273597E-015    -0.88296810E-016
     0.65934242E+001    -0.23137678E-004    -0.34240810E-006     0.94999357E-016     0.31857671E-016     0.10267121E-015    -0.92991366E-016
     0.66010203E+001    -0.23084035E-004    -0.35349580E-006     0.95053083E-016     0.29699943E-016     0.10277058E-015    -0.97555084E-016
     0.66086164E+001    -0.23012622E-004    -0.36694313E-006     0.95052963E-016     0.27571407E-016     0.10281017E-015    -0.10216068E-015
     0.66162125E+001    -0.22897695E-004    -0.30825224E-006     0.94979543E-016     0.25376722E-016     0.10274776E-015    -0.10689515E-015
     0.66238086E+001    -0.22915594E-004    -0.27721280E-006     0.94979291E-016     0.23108977E-016     0.10275073E-015    -0.11179065E-015
     0.66314047E+001    -0.22881093E-004    -0.28742568E-006     0.94948799E-016     0.20866973E-016     0.10266302E-015    -0.11673940E-015
     0.66390008E+001    -0.22837084E-004    -0.29229882E-006     0.94816502E-016     0.18538465E-016     0.10235147E-015    -0.12193592E-015
     0.66465969E+001    -0.22789141E-004    -0.29317310E-006     0.94430082E-016     0.15843977E-016     0.10153393E-015    -0.12807375E-015
     0.66541930E+001    -0.22746217E-004    -0.30070820E-006     0.95523864E-016     0.12078790E-016     0.10442960E-015    -0.13678473E-015
     0.66617892E+001    -0.22688128E-004    -0.30505361E-006     0.96249036E-016     0.11132319E-016     0.10631376E-015    -0.13844161E-015
     0.66693853E+001    -0.22633935E-004    -0.30421726E-006     0.95954554E-016     0.90497502E-017     0.10564466E-015    -0.14299502E-015
     0.66769814E+001    -0.22574502E-004    -0.30245946E-006     0.95796537E-016     0.66457515E-017     0.10534864E-015    -0.14834598E-015
     0.66845775E+001    -0.22524908E-004    -0.29632566E-006     0.95724359E-016     0.41310918E-017     0.10525203E-015    -0.15397933E-015
     0.66921736E+001    -0.22471750E-004    -0.29510946E-006     0.95668946E-016     0.15648322E-017     0.10522090E-015    -0.15977110E-015
     0.66997697E+001    -0.22418097E-004    -0.29505571E-006     0.95633021E-016    -0.11087770E-017     0.10522942E-015    -0.16579113E-015
     0.67073658E+001    -0.22363578E-004    -0.29466789E-006     0.95620450E-016    -0.38383679E-017     0.10529721E-015    -0.17198098E-015
     0.67149619E+001    -0.22305835E-004    -0.29393244E-006     0.95619723E-016    -0.66261746E-017     0.10539967E-015    -0.17832068E-015
     0.67225580E+001    -0.22246211E-004    -0.29230246E-006     0.95619489E-016    -0.94822210E-017     0.10550411E-015    -0.18484104E-015
     0.67301542E+001    -0.22189260E-004    -0.28669853E-006     0.95610332E-016    -0.12414943E-016     0.10561657E-015    -0.19155794E-015
     0.67377503E+001    -0.22132818E-004    -0.28212832E-006     0.95619473E-016    -0.15435648E-016     0.10575198E-015    -0.19847693E-015
     0.67453464E+001    -0.22077350E-004    -0.28434766E-006     0.95632435E-016    -0.18531554E-016     0.10589931E-015    -0.20560406E-015
     0.67529425E+001    -0.22014309E-004    -0.28006920E-006     0.95641297E-016    -0.21704161E-016     0.10604441E-015    -0.21295214E-015
     0.67605386E+001    -0.21959952E-004    -0.27938263E-006     0.95591459E-016    -0.24976853E-016     0.10616423E-015    -0.22053996E-015
     0.67681347E+001    -0.21891704E-004    -0.28438967E-006     0.95655751E-016    -0.28445116E-016     0.10639427E-015    -0.22846485E-015
     0.67757308E+001    -0.21824767E-004    -0.27770283E-006     0.95715489E-016    -0.31928664E-016     0.10661724E-015    -0.23655619E-015
     0.67833269E+001    -0.21761705E-004    -0.27208029E-006     0.95756627E-016    -0.35503938E-016     0.10681986E-015    -0.24492618E-015
     0.67909230E+001    -0.21699440E-004    -0.26967355E-006     0.95767195E-016    -0.39222413E-016     0.10697515E-015    -0.25364561E-015
     0.67985192E+001    -0.21632650E-004    -0.26879913E-006     0.95809459E-016    -0.43189346E-016     0.10721346E-015    -0.26299040E-015
     0.68061153E+001    -0.21563873E-004    -0.27155548E-006     0.96094028E-016    -0.47074055E-016     0.10807148E-015    -0.27211418E-015
     0.68137114E+001    -0.21490060E-004    -0.26617927E-006     0.96123806E-016    -0.51073582E-016     0.10827521E-015    -0.28154629E-015
     0.68213075E+001    -0.21414464E-004    -0.26508315E-006     0.96168854E-016    -0.55287088E-016     0.10853230E-015    -0.29151744E-015
     0.68289036E+001    -0.21340618E-004    -0.25567350E-006     0.96235868E-016    -0.59672083E-016     0.10883961E-015    -0.30192851E-015
     0.68364997E+001    -0.21268186E-004    -0.25210193E-006     0.96301757E-016    -0.64218560E-016     0.10917030E-015    -0.31276071E-015
     0.68440958E+001    -0.21190738E-004    -0.25194308E-006     0.96381253E-016    -0.68960531E-016     0.10953907E-015    -0.32407225E-015
     0.68516919E+001    -0.21108821E-004    -0.24994715E-006     0.96473097E-016    -0.73901925E-016     0.10993561E-015    -0.33588644E-015
     0.68592880E+001    -0.21022673E-004    -0.24465839E-006     0.96586085E-016    -0.79037843E-016     0.11038814E-015    -0.34821140E-015
     0.68668842E+001    -0.20936392E-004    -0.24093183E-006     0.96697107E-016    -0.84380542E-016     0.11086251E-015    -0.36108504E-015
     0.68744803E+001    -0.20847312E-004    -0.23425563E-006     0.96802947E-016    -0.89996208E-016     0.11135378E-015    -0.37459123E-015
     0.68820764E+001    -0.20754655E-004    -0.22795791E-006     0.96934574E-016    -0.95839210E-016     0.11189089E-015    -0.38872637E-015
     0.68896725E+001    -0.20664007E-004    -0.22555855E-006     0.97059561E-016    -0.10201300E-015     0.11246069E-015    -0.40362613E-015
     0.68972686E+001    -0.20559296E-004    -0.22379666E-006     0.97218401E-016    -0.10846534E-015     0.11308383E-015    -0.41926746E-015
     0.69048647E+001    -0.20453339E-004    -0.21688871E-006     0.97402669E-016    -0.11525324E-015     0.11378179E-015    -0.43575679E-015
     0.69124608E+001    -0.20342422E-004    -0.21062802E-006     0.97599110E-016    -0.12238882E-015     0.11453480E-015    -0.45314029E-015
     0.69200569E+001    -0.20227293E-004    -0.20210879E-006     0.97803357E-016    -0.12991197E-015     0.11533707E-015    -0.47149752E-015
     0.69276530E+001    -0.20106675E-004    -0.19474188E-006     0.98028234E-016    -0.13787405E-015     0.11620242E-015    -0.49095714E-015
     0.69352491E+001    -0.19981786E-004    -0.18646308E-006     0.98278911E-016    -0.14631142E-015     0.11715390E-015    -0.51161185E-015
     0.69428453E+001    -0.19846499E-004    -0.18183516E-006     0.98556339E-016    -0.15525501E-015     0.11819296E-015    -0.53356066E-015
     0.69504414E+001    -0.19701299E-004    -0.17597231E-006     0.98856087E-016    -0.16478095E-015     0.11932891E-015    -0.55696479E-015
     0.69580375E+001    -0.19543230E-004    -0.16278646E-006     0.99210320E-016    -0.17494053E-015     0.12060252E-015    -0.58197137E-015
     0.69656336E+001    -0.19380084E-004    -0.15306829E-006     0.99601626E-016    -0.18577207E-015     0.12202539E-015    -0.60869482E-015
     0.69732297E+001    -0.19201404E-004    -0.13784411E-006     0.10000800E-015    -0.19739529E-015     0.12353703E-015    -0.63740160E-015
     0.69808258E+001    -0.19013258E-004    -0.12289044E-006     0.10047846E-015    -0.20990462E-015     0.12523982E-015    -0.66833129E-015
     0.69884219E+001    -0.18806356E-004    -0.11026956E-006     0.10101245E-015    -0.22338273E-015     0.12715558E-015    -0.70173058E-015
     0.69960180E+001    -0.18578798E-004    -0.94367599E-007     0.10158209E-015    -0.23795798E-015     0.12926395E-015    -0.73790974E-015
     0.70036141E+001    -0.18324356E-004    -0.72345485E-007     0.10224201E-015    -0.25384048E-015     0.13166679E-015    -0.77731174E-015
     0.70112103E+001    -0.18049939E-004    -0.46077496E-007     0.10302740E-015    -0.27114297E-015     0.13442923E-015    -0.82031159E-015
     0.70188064E+001    -0.17743983E-004    -0.16183860E-007     0.10400652E-015    -0.28999299E-015     0.13764615E-015    -0.86735452E-015
     0.70264025E+001    -0.17396690E-004     0.16448660E-007     0.10464059E-015    -0.31082312E-015     0.14084005E-015    -0.91926839E-015
     0.70339986E+001    -0.17007082E-004     0.58321142E-007     0.10588059E-015    -0.33399215E-015     0.14504521E-015    -0.97691380E-015
     0.70415947E+001    -0.16553435E-004     0.10461058E-006     0.10718314E-015    -0.35965948E-015     0.14980085E-015    -0.10409794E-014
     0.70491908E+001    -0.16024450E-004     0.16976953E-006     0.10868257E-015    -0.38843680E-015     0.15536375E-015    -0.11128402E-014
     0.70567869E+001    -0.15403439E-004     0.25352988E-006     0.11042749E-015    -0.42092611E-015     0.16194217E-015    -0.11939990E-014
     0.70643830E+001    -0.14658918E-004     0.36429514E-006     0.11247001E-015    -0.45789065E-015     0.16979853E-015    -0.12863581E-014
     0.70719791E+001    -0.13744546E-004     0.50893902E-006     0.11484879E-015    -0.50038341E-015     0.17924212E-015    -0.13925100E-014
     0.70795753E+001    -0.12589979E-004     0.71799950E-006     0.11760965E-015    -0.54981813E-015     0.19074907E-015    -0.15158898E-014
     0.70871714E+001    -0.11085802E-004     0.10258549E-005     0.12088850E-015    -0.60808135E-015     0.20507861E-015    -0.16610609E-014
     0.70947675E+001    -0.90394705E-005     0.15182369E-005     0.12460497E-015    -0.67784443E-015     0.22304587E-015    -0.18344198E-014
     0.71023636E+001    -0.60938872E-005     0.23852682E-005     0.12850794E-015    -0.76326220E-015     0.24576191E-015    -0.20454532E-014
     0.71099597E+001    -0.15203059E-005     0.41058955E-005     0.13169644E-015    -0.87106730E-015     0.27468770E-015    -0.23086971E-014
     0.71175558E+001     0.64343602E-005     0.83402063E-005     0.13080868E-015    -0.10147665E-014     0.31026820E-015    -0.26495786E-014
     0.71251519E+001     0.21785211E-004     0.23386456E-004     0.11695480E-015    -0.12354386E-014     0.35084197E-015    -0.31283481E-014
     0.71327480E+001     0.92976236E-005     0.96305933E-004     0.22075028E-015    -0.17161743E-014     0.54014072E-015    -0.39599445E-014
     0.71403441E+001    -0.74686598E-004     0.40977739E-004     0.61353890E-015    -0.18584646E-014     0.10798200E-014    -0.46131741E-014
     0.71479402E+001    -0.55468964E-004     0.11066039E-004     0.75210613E-015    -0.22721399E-014     0.15150679E-014    -0.58211187E-014
     0.71555364E+001    -0.44697671E-004     0.45673564E-005     0.12060346E-014    -0.31430460E-014     0.26908699E-014    -0.80694030E-014
     0.71631325E+001    -0.38880466E-004     0.23355956E-005     0.28693846E-014    -0.48499196E-014     0.68701571E-014    -0.12442985E-013
     0.71707286E+001    -0.35310842E-004     0.13292297E-005     0.11064743E-013    -0.38905616E-014     0.27616957E-013    -0.10275171E-013
     0.71783247E+001    -0.32899143E-004     0.80198436E-006     0.51534011E-014     0.64840596E-014     0.13015983E-013     0.16106209E-013
     0.71859208E+001    -0.31159272E-004     0.49190153E-006     0.14237155E-014     0.41609587E-014     0.35326890E-014     0.10351500E-013
     0.71935169E+001    -0.29833815E-004     0.29795331E-006     0.64414913E-015     0.28548407E-014     0.15316935E-014     0.70736386E-014
     0.72011130E+001    -0.28789148E-004     0.17190966E-006     0.38276355E-015     0.21579824E-014     0.85639683E-015     0.53225730E-014
     0.72087091E+001    -0.27934701E-004     0.88205345E-007     0.26769205E-015     0.17358538E-014     0.55703343E-015     0.42601919E-014
     0.72163052E+001    -0.27223321E-004     0.26664014E-007     0.20764474E-015     0.14546510E-014     0.40031558E-015     0.35520163E-014
     0.72239014E+001    -0.26604707E-004    -0.18375445E-007     0.17265149E-015     0.12544291E-014     0.30887277E-015     0.30476655E-014
     0.72314975E+001    -0.26057705E-004    -0.48685501E-007     0.15053596E-015     0.11047898E-014     0.25113239E-015     0.26707407E-014
     0.72390936E+001    -0.25563800E-004    -0.67201182E-007     0.13565758E-015     0.98874493E-015     0.21242211E-015     0.23784972E-014
     0.72466897E+001    -0.25100828E-004    -0.77320539E-007     0.12519067E-015     0.89610556E-015     0.18536860E-015     0.21452833E-014
     0.72542858E+001    -0.24662047E-004    -0.73624995E-007     0.11747671E-015     0.82048894E-015     0.16566484E-015     0.19549969E-014
     0.72618819E+001    -0.24229413E-004    -0.64397531E-007     0.11153456E-015     0.75752786E-015     0.15080877E-015     0.17966711E-014
     0.72694780E+001    -0.23780605E-004    -0.43006168E-007     0.10678667E-015     0.70427344E-015     0.13929657E-015     0.16628810E-014
     0.72770741E+001    -0.23289878E-004    -0.41541603E-008     0.10276062E-015     0.65859165E-015     0.13003350E-015     0.15483046E-014
     0.72846702E+001    -0.22719694E-004     0.76811283E-007     0.99139327E-016     0.61889772E-015     0.12226988E-015     0.14489951E-014
     0.72922664E+001    -0.21999046E-004     0.22332155E-006     0.95527352E-016     0.58392790E-015     0.11533796E-015     0.13619061E-014
     0.72998625E+001    -0.20979525E-004     0.54356982E-006     0.91400909E-016     0.55253115E-015     0.10855184E-015     0.12845765E-014
     0.73074586E+001    -0.19305291E-004     0.13963253E-005     0.85626510E-016     0.52297866E-015     0.10061758E-015     0.12142559E-014
     0.73150547E+001    -0.16249601E-004     0.48024361E-005     0.76023052E-016     0.48883470E-015     0.89254168E-016     0.11437140E-014
     0.73226508E+001    -0.23819500E-004     0.17576617E-004     0.97380073E-016     0.42995968E-015     0.10890559E-015     0.10523647E-014
     0.73302469E+001    -0.32073365E-004     0.49361834E-005     0.12084676E-015     0.44674372E-015     0.13086975E-015     0.10391521E-014
     0.73378430E+001    -0.28997723E-004     0.13952906E-005     0.11165308E-015     0.43898270E-015     0.12065578E-015     0.10043300E-014
     0.73454391E+001    -0.27339950E-004     0.52689423E-006     0.10657252E-015     0.42504975E-015     0.11469320E-015     0.96574784E-015
     0.73530352E+001    -0.26371380E-004     0.19969728E-006     0.10356865E-015     0.41088054E-015     0.11092773E-015     0.92900114E-015
     0.73606314E+001    -0.25734500E-004     0.47760643E-007     0.10153680E-015     0.39738903E-015     0.10822783E-015     0.89475197E-015
     0.73682275E+001    -0.25271454E-004    -0.41226908E-007     0.10008204E-015     0.38472473E-015     0.10619450E-015     0.86291750E-015
     0.73758236E+001    -0.24909283E-004    -0.95678316E-007     0.98974408E-016     0.37290507E-015     0.10459160E-015     0.83335102E-015
     0.73834197E+001    -0.24615192E-004    -0.12738643E-006     0.98087561E-016     0.36187458E-015     0.10325839E-015     0.80585141E-015
     0.73910158E+001    -0.24369927E-004    -0.15045684E-006     0.97353441E-016     0.35154563E-015     0.10213191E-015     0.78016305E-015
     0.73986119E+001    -0.24157040E-004    -0.16397638E-006     0.96744494E-016     0.34186852E-015     0.10118885E-015     0.75615423E-015
     0.74062080E+001    -0.23974627E-004    -0.17332043E-006     0.96222350E-016     0.33277967E-015     0.10036630E-015     0.73365316E-015
     0.74138041E+001    -0.23809472E-004    -0.18305136E-006     0.95785401E-016     0.32421985E-015     0.99673292E-016     0.71250648E-015
     0.74214002E+001    -0.23660618E-004    -0.19378754E-006     0.95404948E-016     0.31617017E-015     0.99065156E-016     0.69264038E-015
     0.74289963E+001    -0.23515927E-004    -0.19804794E-006     0.95066904E-016     0.30857248E-015     0.98525680E-016     0.67391707E-015
     0.74365925E+001    -0.23388304E-004    -0.20025836E-006     0.94758568E-016     0.30137921E-015     0.98025442E-016     0.65622595E-015
     0.74441886E+001    -0.23268765E-004    -0.20165512E-006     0.94487331E-016     0.29455544E-015     0.97589698E-016     0.63946980E-015
     0.74517847E+001    -0.23155423E-004    -0.20278703E-006     0.94254294E-016     0.28808463E-015     0.97220569E-016     0.62360388E-015
     0.74593808E+001    -0.23051452E-004    -0.20479049E-006     0.94030070E-016     0.28194736E-015     0.96861524E-016     0.60856331E-015
     0.74669769E+001    -0.22949197E-004    -0.20897337E-006     0.93818271E-016     0.27607005E-015     0.96538936E-016     0.59422467E-015
     0.74745730E+001    -0.22848414E-004    -0.20973139E-006     0.93650538E-016     0.27047772E-015     0.96273234E-016     0.58059380E-015
     0.74821691E+001    -0.22751879E-004    -0.21029318E-006     0.93494110E-016     0.26514736E-015     0.96025234E-016     0.56761344E-015
     0.74897652E+001    -0.22661946E-004    -0.20513923E-006     0.93343693E-016     0.26004878E-015     0.95790938E-016     0.55521916E-015
     0.74973613E+001    -0.22574274E-004    -0.20754626E-006     0.93215690E-016     0.25516232E-015     0.95594165E-016     0.54336263E-015
     0.75049575E+001    -0.22488166E-004    -0.20487311E-006     0.93104014E-016     0.25049168E-015     0.95425390E-016     0.53204466E-015
     0.75125536E+001    -0.22406148E-004    -0.20563805E-006     0.92988232E-016     0.24601162E-015     0.95253477E-016     0.52120379E-015
     0.75201497E+001    -0.22321462E-004    -0.20743073E-006     0.92892699E-016     0.24169913E-015     0.95117669E-016     0.51079568E-015
     0.75277458E+001    -0.22236490E-004    -0.20465788E-006     0.92816715E-016     0.23756762E-015     0.95016936E-016     0.50084031E-015
     0.75353419E+001    -0.22156365E-004    -0.20090177E-006     0.92748641E-016     0.23360860E-015     0.94935297E-016     0.49131317E-015
     0.75429380E+001    -0.22076768E-004    -0.19845391E-006     0.92641523E-016     0.22987163E-015     0.94751426E-016     0.48235239E-015
     0.75505341E+001    -0.21999199E-004    -0.19694140E-006     0.92467904E-016     0.22608312E-015     0.94383251E-016     0.47326204E-015
     0.75581302E+001    -0.21917300E-004    -0.19671757E-006     0.92432483E-016     0.22248479E-015     0.94360168E-016     0.46463208E-015
     0.75657263E+001    -0.21838964E-004    -0.19522859E-006     0.92370772E-016     0.21902062E-015     0.94295624E-016     0.45636708E-015
     0.75733225E+001    -0.21752034E-004    -0.19435989E-006     0.92339405E-016     0.21567244E-015     0.94258466E-016     0.44840040E-015
     0.75809186E+001    -0.21669252E-004    -0.18796537E-006     0.92306166E-016     0.21245727E-015     0.94213833E-016     0.44074179E-015
     0.75885147E+001    -0.21587249E-004    -0.18296726E-006     0.92265044E-016     0.20933922E-015     0.94155526E-016     0.43333073E-015
     0.75961108E+001    -0.21502071E-004    -0.18047277E-006     0.92235519E-016     0.20631216E-015     0.94119884E-016     0.42615432E-015
     0.76037069E+001    -0.21414306E-004    -0.17779175E-006     0.92214723E-016     0.20338467E-015     0.94092204E-016     0.41922764E-015
     0.76113030E+001    -0.21322645E-004    -0.17495485E-006     0.92195913E-016     0.20054388E-015     0.94065828E-016     0.41251633E-015
     0.76188991E+001    -0.21224160E-004    -0.17025324E-006     0.92188400E-016     0.19778706E-015     0.94053792E-016     0.40601421E-015
     0.76264952E+001    -0.21123335E-004    -0.16518976E-006     0.92193465E-016     0.19511620E-015     0.94057938E-016     0.39971913E-015
     0.76340913E+001    -0.21016885E-004    -0.15345903E-006     0.92182308E-016     0.19255004E-015     0.94046557E-016     0.39364646E-015
     0.76416875E+001    -0.20908822E-004    -0.14870430E-006     0.92165972E-016     0.18998919E-015     0.94028217E-016     0.38768105E-015
     0.76492836E+001    -0.20786455E-004    -0.14174256E-006     0.92205049E-016     0.18751606E-015     0.94077042E-016     0.38190859E-015
     0.76568797E+001    -0.20656224E-004    -0.13000896E-006     0.92244890E-016     0.18514105E-015     0.94126373E-016     0.37633997E-015
     0.76644758E+001    -0.20513677E-004    -0.11989974E-006     0.92284870E-016     0.18281103E-015     0.94176917E-016     0.37090473E-015
     0.76720719E+001    -0.20354310E-004    -0.10533434E-006     0.92355885E-016     0.18054493E-015     0.94275900E-016     0.36563066E-015
     0.76796680E+001    -0.20177684E-004    -0.85195366E-007     0.92453960E-016     0.17835769E-015     0.94417056E-016     0.36054242E-015
     0.76872641E+001    -0.19979090E-004    -0.63228627E-007     0.92577879E-016     0.17629755E-015     0.94596907E-016     0.35576896E-015
     0.76948602E+001    -0.19749109E-004    -0.35495692E-007     0.92486565E-016     0.17422990E-015     0.94194266E-016     0.35097825E-015
     0.77024563E+001    -0.19474243E-004    -0.26599327E-008     0.92666824E-016     0.17207665E-015     0.94419860E-016     0.34595328E-015
     0.77100524E+001    -0.19145083E-004     0.48969111E-007     0.92895660E-016     0.17007840E-015     0.94703662E-016     0.34130252E-015
     0.77176486E+001    -0.18734094E-004     0.11643393E-006     0.93177199E-016     0.16815114E-015     0.95024063E-016     0.33680802E-015
     0.77252447E+001    -0.18208619E-004     0.22242232E-006     0.93550291E-016     0.16629482E-015     0.95438137E-016     0.33246306E-015
     0.77328408E+001    -0.17507907E-004     0.38733472E-006     0.94085405E-016     0.16454056E-015     0.96008095E-016     0.32829037E-015
     0.77404369E+001    -0.16511157E-004     0.66774153E-006     0.94834809E-016     0.16293024E-015     0.96806175E-016     0.32431855E-015
     0.77480330E+001    -0.14976717E-004     0.12202488E-005     0.96025768E-016     0.16157074E-015     0.98072030E-016     0.32067252E-015
     0.77556291E+001    -0.12347028E-004     0.25618431E-005     0.98104486E-016     0.16089095E-015     0.10026985E-015     0.31779762E-015
     0.77632252E+001    -0.72905184E-005     0.71600508E-005     0.10214703E-015     0.16288772E-015     0.10453054E-015     0.31779031E-015
     0.77708213E+001    -0.81019131E-005     0.30416222E-004     0.10143518E-015     0.18003637E-015     0.10379119E-015     0.33376704E-015
     0.77784174E+001    -0.40323845E-004     0.15871327E-004     0.75269490E-016     0.16657517E-015     0.76284182E-016     0.31760101E-015
     0.77860136E+001    -0.33745773E-004     0.40296737E-005     0.80560863E-016     0.15534467E-015     0.81856963E-016     0.30382811E-015
     0.77936097E+001    -0.29825010E-004     0.15542115E-005     0.83692295E-016     0.15174687E-015     0.85166871E-016     0.29812467E-015
     0.78012058E+001    -0.27723238E-004     0.72575619E-006     0.85355717E-016     0.14951531E-015     0.86944599E-016     0.29392659E-015
     0.78088019E+001    -0.26439925E-004     0.35875213E-006     0.86304865E-016     0.14770856E-015     0.87877906E-016     0.29024489E-015
     0.78163980E+001    -0.25578111E-004     0.17016055E-006     0.86942421E-016     0.14599718E-015     0.88538784E-016     0.28658267E-015
     0.78239941E+001    -0.24958976E-004     0.61904308E-007     0.87405074E-016     0.14440555E-015     0.89045518E-016     0.28313119E-015
     0.78315902E+001    -0.24493364E-004    -0.65573749E-008     0.87748751E-016     0.14288582E-015     0.89430668E-016     0.27981230E-015
     0.78391863E+001    -0.24128703E-004    -0.51629842E-007     0.87995139E-016     0.14140957E-015     0.89690042E-016     0.27657397E-015
     0.78467824E+001    -0.23832121E-004    -0.90101112E-007     0.88202740E-016     0.13994571E-015     0.89932852E-016     0.27335200E-015
     0.78543786E+001    -0.23580098E-004    -0.11123675E-006     0.88380105E-016     0.13855980E-015     0.90155185E-016     0.27031214E-015
     0.78619747E+001    -0.23371496E-004    -0.12744346E-006     0.88499385E-016     0.13718976E-015     0.90278490E-016     0.26729999E-015
     0.78695708E+001    -0.23190637E-004    -0.13788314E-006     0.88596331E-016     0.13584005E-015     0.90385838E-016     0.26432967E-015
     0.78771669E+001    -0.23035747E-004    -0.14551755E-006     0.88655378E-016     0.13451546E-015     0.90456184E-016     0.26142052E-015
     0.78847630E+001    -0.22898338E-004    -0.15322229E-006     0.88771235E-016     0.13309739E-015     0.90577771E-016     0.25844546E-015
     0.78923591E+001    -0.22776992E-004    -0.16106771E-006     0.88835708E-016     0.13191640E-015     0.90650256E-016     0.25573324E-015
     0.78999552E+001    -0.22663448E-004    -0.16673974E-006     0.88870072E-016     0.13064336E-015     0.90693963E-016     0.25295838E-015
     0.79075513E+001    -0.22558837E-004    -0.17035749E-006     0.88911714E-016     0.12940291E-015     0.90740924E-016     0.25024594E-015
     0.79151474E+001    -0.22468642E-004    -0.16898036E-006     0.88915097E-016     0.12816756E-015     0.90738011E-016     0.24755249E-015
     0.79227435E+001    -0.22382831E-004    -0.17209935E-006     0.88965268E-016     0.12690555E-015     0.90828779E-016     0.24480881E-015
     0.79303397E+001    -0.22306240E-004    -0.17163986E-006     0.89022737E-016     0.12575024E-015     0.90945397E-016     0.24232204E-015
     0.79379358E+001    -0.22235300E-004    -0.17582197E-006     0.89036991E-016     0.12458091E-015     0.90952798E-016     0.23980267E-015
     0.79455319E+001    -0.22164887E-004    -0.17785348E-006     0.89056587E-016     0.12342333E-015     0.90980178E-016     0.23730453E-015
     0.79531280E+001    -0.22098506E-004    -0.17963014E-006     0.89078896E-016     0.12228523E-015     0.91014518E-016     0.23485395E-015
     0.79607241E+001    -0.22037183E-004    -0.17671859E-006     0.89097822E-016     0.12117287E-015     0.91050802E-016     0.23246177E-015
     0.79683202E+001    -0.21981106E-004    -0.17578159E-006     0.89095352E-016     0.12010230E-015     0.91037879E-016     0.23017808E-015
     0.79759163E+001    -0.21929259E-004    -0.17648958E-006     0.89050737E-016     0.11897140E-015     0.90917422E-016     0.22774110E-015
     0.79835124E+001    -0.21877348E-004    -0.17653518E-006     0.89063666E-016     0.11786960E-015     0.90948969E-016     0.22537563E-015
     0.79911085E+001    -0.21830575E-004    -0.17929879E-006     0.89065208E-016     0.11678400E-015     0.90953546E-016     0.22305207E-015
     0.79987047E+001    -0.21778473E-004    -0.18002696E-006     0.89100596E-016     0.11570158E-015     0.91042969E-016     0.22073433E-015
     0.80063008E+001    -0.21733577E-004    -0.17689125E-006     0.89112282E-016     0.11468951E-015     0.91076856E-016     0.21859193E-015
     0.80138969E+001    -0.21690618E-004    -0.17523948E-006     0.89099620E-016     0.11366296E-015     0.91057191E-016     0.21641492E-015
     0.80214930E+001    -0.21651810E-004    -0.17350778E-006     0.89098482E-016     0.11263616E-015     0.91052403E-016     0.21424655E-015
     0.80290891E+001    -0.21612191E-004    -0.17538132E-006     0.89090479E-016     0.11162410E-015     0.91033905E-016     0.21209798E-015
     0.80366852E+001    -0.21574714E-004    -0.17576464E-006     0.89097910E-016     0.11058122E-015     0.91061014E-016     0.20987445E-015
     0.80442813E+001    -0.21535356E-004    -0.17619591E-006     0.89153494E-016     0.10963839E-015     0.91210540E-016     0.20790152E-015
     0.80518774E+001    -0.21496782E-004    -0.17639186E-006     0.89141358E-016     0.10868866E-015     0.91188770E-016     0.20591202E-015
     0.80594735E+001    -0.21462310E-004    -0.17027162E-006     0.89128338E-016     0.10773975E-015     0.91168719E-016     0.20391889E-015
     0.80670697E+001    -0.21431149E-004    -0.17102961E-006     0.89107116E-016     0.10678960E-015     0.91145760E-016     0.20192787E-015
     0.80746658E+001    -0.21398508E-004    -0.17039431E-006     0.89134358E-016     0.10582495E-015     0.91177512E-016     0.19993881E-015
     0.80822619E+001    -0.21368550E-004    -0.17160762E-006     0.89114906E-016     0.10492802E-015     0.91160407E-016     0.19803291E-015
     0.80898580E+001    -0.21334485E-004    -0.17167330E-006     0.89102769E-016     0.10400589E-015     0.91152416E-016     0.19611230E-015
     0.80974541E+001    -0.21303694E-004    -0.17159756E-006     0.89096726E-016     0.10309320E-015     0.91151219E-016     0.19421666E-015
     0.81050502E+001    -0.21272241E-004    -0.16758116E-006     0.89089548E-016     0.10219420E-015     0.91147052E-016     0.19234713E-015
     0.81126463E+001    -0.21245571E-004    -0.16504612E-006     0.89083132E-016     0.10129392E-015     0.91148090E-016     0.19047502E-015
     0.81202424E+001    -0.21220935E-004    -0.16533448E-006     0.89085561E-016     0.10041885E-015     0.91174348E-016     0.18866873E-015
     0.81278385E+001    -0.21191775E-004    -0.16697699E-006     0.89078000E-016     0.99547572E-016     0.91172030E-016     0.18687546E-015
     0.81354347E+001    -0.21165715E-004    -0.16585031E-006     0.89069338E-016     0.98681101E-016     0.91164982E-016     0.18509563E-015
     0.81430308E+001    -0.21136776E-004    -0.16709792E-006     0.89072043E-016     0.97825417E-016     0.91169230E-016     0.18333315E-015
     0.81506269E+001    -0.21109869E-004    -0.16297897E-006     0.89065698E-016     0.96984682E-016     0.91170852E-016     0.18159889E-015
     0.81582230E+001    -0.21085736E-004    -0.16126246E-006     0.89056109E-016     0.96149450E-016     0.91164930E-016     0.17988280E-015
     0.81658191E+001    -0.21063485E-004    -0.15859074E-006     0.89043790E-016     0.95318730E-016     0.91156887E-016     0.17818057E-015
     0.81734152E+001    -0.21040486E-004    -0.16176981E-006     0.89036202E-016     0.94490965E-016     0.91155129E-016     0.17649018E-015
     0.81810113E+001    -0.21015559E-004    -0.16121283E-006     0.89030286E-016     0.93674836E-016     0.91158157E-016     0.17482564E-015
     0.81886074E+001    -0.20990147E-004    -0.16013596E-006     0.89023341E-016     0.92868632E-016     0.91156521E-016     0.17318523E-015
     0.81962035E+001    -0.20967100E-004    -0.15964730E-006     0.89010040E-016     0.92065140E-016     0.91141853E-016     0.17155179E-015
     0.82037996E+001    -0.20943271E-004    -0.15482442E-006     0.89003996E-016     0.91269205E-016     0.91143566E-016     0.16993661E-015
     0.82113958E+001    -0.20925240E-004    -0.15356056E-006     0.88995250E-016     0.90470423E-016     0.91137107E-016     0.16832879E-015
     0.82189919E+001    -0.20903919E-004    -0.15510358E-006     0.88998269E-016     0.89696598E-016     0.91145567E-016     0.16675145E-015
     0.82265880E+001    -0.20883594E-004    -0.15525544E-006     0.88988657E-016     0.88924396E-016     0.91143369E-016     0.16518928E-015
     0.82341841E+001    -0.20858611E-004    -0.15565453E-006     0.88982216E-016     0.88158363E-016     0.91142906E-016     0.16364244E-015
     0.82417802E+001    -0.20838824E-004    -0.15315496E-006     0.88972890E-016     0.87397394E-016     0.91138423E-016     0.16210991E-015
     0.82493763E+001    -0.20817033E-004    -0.15091448E-006     0.88965988E-016     0.86643072E-016     0.91137785E-016     0.16059190E-015
     0.82569724E+001    -0.20798524E-004    -0.14810102E-006     0.88957341E-016     0.85897397E-016     0.91134651E-016     0.15909423E-015
     0.82645685E+001    -0.20782489E-004    -0.14758602E-006     0.88943509E-016     0.85152735E-016     0.91121588E-016     0.15760228E-015
     0.82721646E+001    -0.20762535E-004    -0.15075154E-006     0.88937287E-016     0.84410346E-016     0.91123651E-016     0.15611867E-015
     0.82797608E+001    -0.20741225E-004    -0.14895889E-006     0.88933325E-016     0.83679911E-016     0.91126413E-016     0.15466102E-015
     0.82873569E+001    -0.20721935E-004    -0.14870231E-006     0.88925449E-016     0.82956477E-016     0.91123365E-016     0.15321783E-015
     0.82949530E+001    -0.20702036E-004    -0.14500161E-006     0.88913706E-016     0.82238323E-016     0.91110721E-016     0.15178907E-015
     0.83025491E+001    -0.20686168E-004    -0.14388242E-006     0.88905147E-016     0.81520485E-016     0.91105189E-016     0.15036012E-015
     0.83101452E+001    -0.20668771E-004    -0.14158281E-006     0.88895605E-016     0.80811727E-016     0.91099618E-016     0.14895147E-015
     0.83177413E+001    -0.20653911E-004    -0.14410920E-006     0.88885228E-016     0.80103172E-016     0.91091900E-016     0.14754834E-015
     0.83253374E+001    -0.20633902E-004    -0.14461044E-006     0.88880012E-016     0.79399810E-016     0.91092800E-016     0.14615828E-015
     0.83329335E+001    -0.20613968E-004    -0.14281352E-006     0.88874760E-016     0.78707524E-016     0.91089577E-016     0.14479034E-015
     0.83405296E+001    -0.20598250E-004    -0.14039369E-006     0.88864467E-016     0.78018288E-016     0.91077355E-016     0.14342617E-015
     0.83481258E+001    -0.20580752E-004    -0.13822617E-006     0.88854107E-016     0.77331246E-016     0.91065598E-016     0.14206964E-015
     0.83557219E+001    -0.20566986E-004    -0.13594642E-006     0.88841107E-016     0.76640529E-016     0.91041274E-016     0.14069843E-015
     0.83633180E+001    -0.20551937E-004    -0.13833252E-006     0.88882407E-016     0.75957569E-016     0.91150737E-016     0.13932507E-015
     0.83709141E+001    -0.20535680E-004    -0.13747111E-006     0.88832841E-016     0.75328979E-016     0.91116388E-016     0.13809986E-015
     0.83785102E+001    -0.20516228E-004    -0.13917347E-006     0.88824044E-016     0.74639876E-016     0.91103291E-016     0.13678515E-015
     0.83861063E+001    -0.20500447E-004    -0.13414701E-006     0.88822295E-016     0.73977182E-016     0.91098798E-016     0.13549570E-015
     0.83937024E+001    -0.20485799E-004    -0.13263255E-006     0.88813048E-016     0.73320480E-016     0.91088515E-016     0.13421217E-015
     0.84012985E+001    -0.20471632E-004    -0.13137258E-006     0.88806811E-016     0.72664597E-016     0.91086562E-016     0.13293515E-015
     0.84088946E+001    -0.20458541E-004    -0.13053640E-006     0.88798936E-016     0.72017995E-016     0.91078888E-016     0.13167566E-015
     0.84164908E+001    -0.20444271E-004    -0.13276885E-006     0.88788801E-016     0.71370385E-016     0.91071726E-016     0.13041457E-015
     0.84240869E+001    -0.20425885E-004    -0.13242764E-006     0.88783607E-016     0.70727436E-016     0.91072949E-016     0.12916759E-015
     0.84316830E+001    -0.20411286E-004    -0.13002077E-006     0.88777421E-016     0.70089244E-016     0.91070421E-016     0.12793274E-015
     0.84392791E+001    -0.20395534E-004    -0.12681674E-006     0.88771444E-016     0.69458628E-016     0.91067387E-016     0.12670908E-015
     0.84468752E+001    -0.20385367E-004    -0.12518243E-006     0.88759235E-016     0.68829259E-016     0.91057924E-016     0.12549076E-015
     0.84544713E+001    -0.20370491E-004    -0.12539816E-006     0.88754094E-016     0.68199664E-016     0.91057682E-016     0.12427813E-015
     0.84620674E+001    -0.20359083E-004    -0.12557323E-006     0.88748720E-016     0.67576171E-016     0.91053966E-016     0.12307755E-015
     0.84696635E+001    -0.20343242E-004    -0.12682327E-006     0.88744767E-016     0.66964763E-016     0.91053861E-016     0.12188844E-015
     0.84772596E+001    -0.20326748E-004    -0.12522046E-006     0.88733017E-016     0.66348299E-016     0.91050619E-016     0.12070537E-015
     0.84848557E+001    -0.20314179E-004    -0.12114136E-006     0.88723032E-016     0.65738177E-016     0.91042104E-016     0.11953362E-015
     0.84924519E+001    -0.20302424E-004    -0.11987490E-006     0.88712181E-016     0.65123077E-016     0.91035159E-016     0.11835813E-015
     0.85000480E+001    -0.20290631E-004    -0.11863677E-006     0.88709000E-016     0.64515971E-016     0.91036793E-016     0.11719638E-015
     0.85076441E+001    -0.20279419E-004    -0.12091834E-006     0.88705026E-016     0.63909717E-016     0.91038801E-016     0.11603879E-015
     0.85152402E+001    -0.20264613E-004    -0.11920292E-006     0.88714075E-016     0.63309839E-016     0.91055694E-016     0.11489573E-015
     0.85228363E+001    -0.20250916E-004    -0.12107471E-006     0.88701086E-016     0.62786327E-016     0.91053829E-016     0.11383743E-015
     0.85304324E+001    -0.20236301E-004    -0.11608774E-006     0.88661180E-016     0.62130251E-016     0.91001740E-016     0.11265669E-015
     0.85380285E+001    -0.20226487E-004    -0.11358783E-006     0.88672281E-016     0.61540625E-016     0.91019097E-016     0.11152626E-015
     0.85456246E+001    -0.20216020E-004    -0.11380045E-006     0.88673485E-016     0.60966836E-016     0.91035132E-016     0.11043802E-015
     0.85532207E+001    -0.20204707E-004    -0.11389835E-006     0.88635442E-016     0.60389049E-016     0.90952538E-016     0.10934729E-015
     0.85608169E+001    -0.20192849E-004    -0.11432509E-006     0.88632627E-016     0.59788942E-016     0.90956355E-016     0.10819544E-015
     0.85684130E+001    -0.20178457E-004    -0.11494579E-006     0.88634550E-016     0.59205638E-016     0.90970644E-016     0.10708820E-015
     0.85760091E+001    -0.20166457E-004    -0.11141638E-006     0.88631737E-016     0.58634526E-016     0.90976390E-016     0.10600346E-015
     0.85836052E+001    -0.20154099E-004    -0.10948461E-006     0.88626096E-016     0.58064598E-016     0.90976436E-016     0.10492525E-015
     0.85912013E+001    -0.20146870E-004    -0.10639006E-006     0.88615537E-016     0.57496251E-016     0.90967345E-016     0.10385135E-015
     0.85987974E+001    -0.20135780E-004    -0.10936781E-006     0.88608962E-016     0.56925114E-016     0.90965776E-016     0.10277454E-015
     0.86063935E+001    -0.20124599E-004    -0.10823582E-006     0.88605066E-016     0.56361147E-016     0.90968052E-016     0.10171297E-015
     0.86139896E+001    -0.20112515E-004    -0.10883008E-006     0.88596472E-016     0.55798301E-016     0.90961631E-016     0.10065471E-015
     0.86215857E+001    -0.20099558E-004    -0.10735622E-006     0.88595171E-016     0.55236989E-016     0.90968571E-016     0.99600572E-016
     0.86291819E+001    -0.20088905E-004    -0.10351083E-006     0.88592833E-016     0.54683658E-016     0.90971977E-016     0.98563601E-016
     0.86367780E+001    -0.20080947E-004    -0.10166239E-006     0.88588354E-016     0.54135303E-016     0.90974015E-016     0.97536773E-016
     0.86443741E+001    -0.20071407E-004    -0.10193523E-006     0.88570336E-016     0.53597342E-016     0.90941235E-016     0.96540758E-016
     0.86519702E+001    -0.20062944E-004    -0.10356604E-006     0.88561061E-016     0.53026532E-016     0.90917622E-016     0.95460056E-016
     0.86595663E+001    -0.20048587E-004    -0.10250026E-006     0.88560559E-016     0.52486593E-016     0.90936565E-016     0.94436598E-016
     0.86671624E+001    -0.20039635E-004    -0.10189917E-006     0.88551404E-016     0.51940804E-016     0.90932055E-016     0.93421327E-016
     0.86747585E+001    -0.20027213E-004    -0.99072445E-007     0.88545936E-016     0.51398301E-016     0.90931982E-016     0.92409939E-016
     0.86823546E+001    -0.20019615E-004    -0.95461784E-007     0.88538808E-016     0.50859371E-016     0.90927171E-016     0.91408166E-016
     0.86899507E+001    -0.20012354E-004    -0.96188184E-007     0.88530195E-016     0.50320006E-016     0.90918224E-016     0.90402668E-016
     0.86975468E+001    -0.20003310E-004    -0.97089615E-007     0.88523861E-016     0.49781596E-016     0.90916837E-016     0.89402499E-016
     0.87051430E+001    -0.19992007E-004    -0.97041738E-007     0.88519639E-016     0.49248278E-016     0.90915773E-016     0.88411535E-016
     0.87127391E+001    -0.19981233E-004    -0.96897571E-007     0.88509879E-016     0.48715844E-016     0.90909117E-016     0.87424087E-016
     0.87203352E+001    -0.19971249E-004    -0.92723688E-007     0.88508095E-016     0.48182325E-016     0.90909944E-016     0.86438734E-016
     0.87279313E+001    -0.19962737E-004    -0.92144292E-007     0.88504375E-016     0.47656672E-016     0.90909560E-016     0.85463957E-016
     0.87355274E+001    -0.19955683E-004    -0.88491844E-007     0.88496234E-016     0.47133317E-016     0.90901273E-016     0.84495384E-016
     0.87431235E+001    -0.19949210E-004    -0.91751749E-007     0.88488511E-016     0.46606577E-016     0.90893807E-016     0.83521045E-016
     0.87507196E+001    -0.19937762E-004    -0.91575179E-007     0.88485210E-016     0.46082788E-016     0.90895107E-016     0.82553666E-016
     0.87583157E+001    -0.19928050E-004    -0.90716737E-007     0.88480403E-016     0.45563487E-016     0.90890004E-016     0.81596156E-016
     0.87659118E+001    -0.19918135E-004    -0.88581671E-007     0.88473885E-016     0.45043367E-016     0.90882275E-016     0.80631067E-016
     0.87735080E+001    -0.19910161E-004    -0.85840230E-007     0.88481642E-016     0.44525248E-016     0.90911828E-016     0.79669756E-016
     0.87811041E+001    -0.19903901E-004    -0.83753422E-007     0.88466372E-016     0.44023536E-016     0.90898729E-016     0.78752213E-016
     0.87887002E+001    -0.19896645E-004    -0.85006396E-007     0.88458346E-016     0.43506050E-016     0.90888459E-016     0.77806770E-016
     0.87962963E+001    -0.19889970E-004    -0.85492311E-007     0.88452667E-016     0.42991924E-016     0.90883386E-016     0.76863356E-016
     0.88038924E+001    -0.19877088E-004    -0.86401123E-007     0.88451875E-016     0.42482225E-016     0.90887330E-016     0.75929370E-016
     0.88114885E+001    -0.19869865E-004    -0.82560514E-007     0.88447006E-016     0.41977388E-016     0.90882982E-016     0.75003727E-016
     0.88190846E+001    -0.19861619E-004    -0.81411230E-007     0.88441160E-016     0.41472245E-016     0.90878270E-016     0.74076679E-016
     0.88266807E+001    -0.19854920E-004    -0.78180500E-007     0.88435819E-016     0.40969459E-016     0.90876353E-016     0.73156756E-016
     0.88342768E+001    -0.19849906E-004    -0.79106298E-007     0.88429249E-016     0.40466427E-016     0.90868723E-016     0.72237327E-016
     0.88418730E+001    -0.19842733E-004    -0.79735112E-007     0.88423808E-016     0.39964227E-016     0.90865801E-016     0.71318517E-016
     0.88494691E+001    -0.19832648E-004    -0.80384975E-007     0.88421342E-016     0.39466718E-016     0.90866769E-016     0.70408361E-016
     0.88570652E+001    -0.19824325E-004    -0.78965429E-007     0.88413416E-016     0.38967242E-016     0.90861796E-016     0.69499357E-016
     0.88646613E+001    -0.19816055E-004    -0.74651294E-007     0.88409504E-016     0.38472166E-016     0.90858644E-016     0.68597614E-016
     0.88722574E+001    -0.19811831E-004    -0.74280629E-007     0.88403402E-016     0.37976403E-016     0.90854108E-016     0.67693627E-016
     0.88798535E+001    -0.19804526E-004    -0.72626699E-007     0.88398466E-016     0.37483248E-016     0.90851380E-016     0.66797364E-016
     0.88874496E+001    -0.19800818E-004    -0.73698700E-007     0.88391605E-016     0.36989853E-016     0.90843953E-016     0.65900500E-016
     0.88950457E+001    -0.19790855E-004    -0.75240718E-007     0.88388494E-016     0.36495459E-016     0.90844290E-016     0.65001726E-016
     0.89026418E+001    -0.19782806E-004    -0.73211633E-007     0.88387173E-016     0.36006874E-016     0.90847128E-016     0.64116458E-016
     0.89102380E+001    -0.19775048E-004    -0.70618467E-007     0.88383677E-016     0.35521587E-016     0.90844346E-016     0.63234381E-016
     0.89178341E+001    -0.19770265E-004    -0.68091485E-007     0.88377061E-016     0.35035858E-016     0.90838971E-016     0.62353359E-016
     0.89254302E+001    -0.19765316E-004    -0.66952662E-007     0.88371590E-016     0.34550367E-016     0.90834559E-016     0.61473408E-016
     0.89330263E+001    -0.19759901E-004    -0.68632679E-007     0.88366725E-016     0.34064565E-016     0.90831668E-016     0.60595280E-016
     0.89406224E+001    -0.19753735E-004    -0.67580282E-007     0.88362026E-016     0.33580640E-016     0.90826913E-016     0.59719491E-016
     0.89482185E+001    -0.19744625E-004    -0.69683128E-007     0.88360916E-016     0.33097101E-016     0.90830590E-016     0.58845040E-016
     0.89558146E+001    -0.19737050E-004    -0.64640343E-007     0.88358841E-016     0.32619719E-016     0.90831263E-016     0.57983221E-016
     0.89634107E+001    -0.19733174E-004    -0.62984153E-007     0.88352708E-016     0.32142716E-016     0.90823908E-016     0.57120876E-016
     0.89710068E+001    -0.19727646E-004    -0.61245664E-007     0.88347363E-016     0.31664798E-016     0.90820923E-016     0.56257059E-016
     0.89786029E+001    -0.19724457E-004    -0.62314050E-007     0.88341361E-016     0.31186291E-016     0.90815561E-016     0.55396127E-016
     0.89861991E+001    -0.19717875E-004    -0.62282279E-007     0.88337592E-016     0.30709190E-016     0.90813231E-016     0.54536251E-016
     0.89937952E+001    -0.19710219E-004    -0.63059043E-007     0.88335790E-016     0.30232576E-016     0.90813759E-016     0.53678755E-016
     0.90013913E+001    -0.19703763E-004    -0.60842886E-007     0.88333859E-016     0.29760062E-016     0.90815041E-016     0.52827463E-016
     0.90089874E+001    -0.19696941E-004    -0.57196858E-007     0.88330789E-016     0.29290828E-016     0.90813525E-016     0.51984316E-016
     0.90165835E+001    -0.19695676E-004    -0.55456389E-007     0.88323798E-016     0.28820115E-016     0.90804831E-016     0.51136200E-016
     0.90241796E+001    -0.19690086E-004    -0.56881589E-007     0.88318549E-016     0.28347824E-016     0.90802420E-016     0.50287991E-016
     0.90317757E+001    -0.19686189E-004    -0.55831027E-007     0.88315027E-016     0.27877202E-016     0.90800107E-016     0.49445116E-016
     0.90393718E+001    -0.19679011E-004    -0.58035184E-007     0.88312742E-016     0.27406520E-016     0.90798423E-016     0.48600083E-016
     0.90469679E+001    -0.19672309E-004    -0.55135931E-007     0.88311337E-016     0.26939853E-016     0.90801193E-016     0.47763050E-016
     0.90545641E+001    -0.19666639E-004    -0.52974673E-007     0.88309189E-016     0.26475356E-016     0.90800223E-016     0.46930618E-016
     0.90621602E+001    -0.19663907E-004    -0.49919456E-007     0.88303108E-016     0.26011645E-016     0.90794197E-016     0.46099487E-016
     0.90697563E+001    -0.19660874E-004    -0.49974445E-007     0.88298066E-016     0.25545740E-016     0.90788575E-016     0.45265140E-016
     0.90773524E+001    -0.19657020E-004    -0.51974140E-007     0.88294952E-016     0.25079412E-016     0.90788563E-016     0.44430926E-016
     0.90849485E+001    -0.19650303E-004    -0.50498378E-007     0.88293057E-016     0.24616979E-016     0.90787339E-016     0.43605027E-016
     0.90925446E+001    -0.19645418E-004    -0.51357542E-007     0.88290645E-016     0.24154843E-016     0.90786643E-016     0.42776808E-016
     0.91001407E+001    -0.19638203E-004    -0.47802086E-007     0.88287454E-016     0.23697253E-016     0.90787140E-016     0.41957580E-016
     0.91077368E+001    -0.19636953E-004    -0.44613374E-007     0.88274451E-016     0.23232170E-016     0.90773729E-016     0.41133337E-016
     0.91153329E+001    -0.19633177E-004    -0.44610805E-007     0.88278713E-016     0.22766787E-016     0.90777939E-016     0.40305484E-016
     0.91229291E+001    -0.19631780E-004    -0.45356998E-007     0.88280062E-016     0.22304921E-016     0.90780795E-016     0.39483244E-016
     0.91305252E+001    -0.19625340E-004    -0.45865341E-007     0.88284853E-016     0.21856762E-016     0.90788199E-016     0.38675823E-016
     0.91381213E+001    -0.19619954E-004    -0.45530610E-007     0.88277137E-016     0.21400129E-016     0.90783170E-016     0.37862646E-016
     0.91457174E+001    -0.19615627E-004    -0.42812880E-007     0.88275156E-016     0.20945168E-016     0.90783856E-016     0.37052699E-016
     0.91533135E+001    -0.19610990E-004    -0.40595250E-007     0.88268335E-016     0.20495668E-016     0.90773670E-016     0.36257104E-016
     0.91609096E+001    -0.19610458E-004    -0.37666123E-007     0.88259964E-016     0.20035729E-016     0.90758490E-016     0.35434569E-016
     0.91685057E+001    -0.19608513E-004    -0.40555792E-007     0.88256635E-016     0.19576604E-016     0.90757407E-016     0.34616159E-016
     0.91761018E+001    -0.19603349E-004    -0.39453227E-007     0.88256585E-016     0.19120845E-016     0.90761447E-016     0.33806239E-016
     0.91836979E+001    -0.19599106E-004    -0.40848068E-007     0.88255722E-016     0.18666439E-016     0.90761469E-016     0.32999292E-016
     0.91912941E+001    -0.19593538E-004    -0.37346591E-007     0.88254939E-016     0.18215353E-016     0.90763076E-016     0.32196274E-016
     0.91988902E+001    -0.19590936E-004    -0.35627444E-007     0.88252900E-016     0.17764092E-016     0.90762261E-016     0.31394763E-016
     0.92064863E+001    -0.19589012E-004    -0.32844497E-007     0.88249069E-016     0.17314419E-016     0.90759109E-016     0.30595853E-016
     0.92140824E+001    -0.19587991E-004    -0.33114131E-007     0.88244663E-016     0.16862396E-016     0.90753138E-016     0.29794564E-016
     0.92216785E+001    -0.19585805E-004    -0.34955297E-007     0.88242293E-016     0.16408779E-016     0.90752223E-016     0.28988220E-016
     0.92292746E+001    -0.19579143E-004    -0.34501996E-007     0.88243219E-016     0.15958575E-016     0.90756459E-016     0.28191711E-016
     0.92368707E+001    -0.19576632E-004    -0.32433750E-007     0.88241872E-016     0.15510567E-016     0.90754873E-016     0.27396540E-016
     0.92444668E+001    -0.19572111E-004    -0.30875506E-007     0.88240443E-016     0.15062473E-016     0.90755104E-016     0.26601095E-016
     0.92520629E+001    -0.19571694E-004    -0.26707493E-007     0.88237123E-016     0.14616509E-016     0.90752564E-016     0.25811251E-016
     0.92596590E+001    -0.19570191E-004    -0.28162679E-007     0.88233660E-016     0.14167555E-016     0.90747804E-016     0.25016149E-016
     0.92672552E+001    -0.19569609E-004    -0.27816307E-007     0.88230137E-016     0.13718331E-016     0.90744377E-016     0.24220621E-016
     0.92748513E+001    -0.19564464E-004    -0.29443105E-007     0.88231066E-016     0.13269395E-016     0.90747421E-016     0.23425741E-016
     0.92824474E+001    -0.19560261E-004    -0.27827523E-007     0.88231382E-016     0.12823771E-016     0.90750497E-016     0.22637775E-016
     0.92900435E+001    -0.19557969E-004    -0.24395089E-007     0.88229516E-016     0.12379919E-016     0.90746997E-016     0.21851704E-016
     0.92976396E+001    -0.19556361E-004    -0.23189958E-007     0.88227465E-016     0.11934880E-016     0.90747183E-016     0.21062942E-016
     0.93052357E+001    -0.19555461E-004    -0.20948524E-007     0.88224422E-016     0.11490452E-016     0.90743431E-016     0.20278429E-016
     0.93128318E+001    -0.19556559E-004    -0.22721414E-007     0.88220447E-016     0.11043680E-016     0.90737815E-016     0.19488167E-016
     0.93204279E+001    -0.19551187E-004    -0.23225115E-007     0.88221277E-016     0.10596775E-016     0.90741111E-016     0.18697838E-016
     0.93280240E+001    -0.19549162E-004    -0.22960599E-007     0.88221491E-016     0.10152476E-016     0.90742970E-016     0.17913559E-016
     0.93356202E+001    -0.19544578E-004    -0.19723666E-007     0.88221848E-016     0.97111461E-017     0.90744288E-016     0.17133013E-016
     0.93432163E+001    -0.19545100E-004    -0.17347372E-007     0.88218974E-016     0.92686403E-017     0.90740676E-016     0.16350969E-016
     0.93508124E+001    -0.19544256E-004    -0.16277718E-007     0.88216625E-016     0.88258153E-017     0.90738732E-016     0.15567730E-016
     0.93584085E+001    -0.19544303E-004    -0.16335152E-007     0.88214082E-016     0.83820783E-017     0.90736136E-016     0.14786257E-016
     0.93660046E+001    -0.19543370E-004    -0.17439183E-007     0.88212501E-016     0.79369079E-017     0.90732934E-016     0.13998995E-016
     0.93736007E+001    -0.19538585E-004    -0.18286335E-007     0.88214506E-016     0.74932596E-017     0.90739006E-016     0.13216197E-016
     0.93811968E+001    -0.19536313E-004    -0.14257324E-007     0.88215231E-016     0.70535961E-017     0.90740279E-016     0.12440538E-016
     0.93887929E+001    -0.19535803E-004    -0.13246241E-007     0.88213124E-016     0.66127903E-017     0.90737224E-016     0.11661763E-016
     0.93963890E+001    -0.19535685E-004    -0.96067275E-008     0.88211098E-016     0.61724495E-017     0.90735506E-016     0.10884001E-016
     0.94039852E+001    -0.19536803E-004    -0.11923131E-007     0.88208799E-016     0.57290480E-017     0.90732731E-016     0.10102598E-016
     0.94115813E+001    -0.19535754E-004    -0.10847033E-007     0.88207442E-016     0.52868749E-017     0.90731125E-016     0.93228331E-017
     0.94191774E+001    -0.19533378E-004    -0.12612913E-007     0.88208610E-016     0.48434332E-017     0.90732710E-016     0.85406297E-017
     0.94267735E+001    -0.19530080E-004    -0.10786606E-007     0.88210560E-016     0.44032780E-017     0.90738101E-016     0.77634717E-017
     0.94343696E+001    -0.19529445E-004    -0.67225804E-008     0.88209795E-016     0.39655546E-017     0.90736162E-016     0.69928867E-017
     0.94419657E+001    -0.19530903E-004    -0.54551621E-008     0.88207336E-016     0.35252116E-017     0.90732511E-016     0.62140333E-017
     0.94495618E+001    -0.19530811E-004    -0.54634050E-008     0.88205886E-016     0.30835972E-017     0.90731792E-016     0.54363788E-017
     0.94571579E+001    -0.19532722E-004    -0.51996273E-008     0.88204279E-016     0.26423406E-017     0.90729142E-016     0.46588909E-017
     0.94647540E+001    -0.19529015E-004    -0.71957919E-008     0.88205827E-016     0.21995000E-017     0.90731439E-016     0.38782113E-017
     0.94723501E+001    -0.19528453E-004    -0.50390814E-008     0.88206595E-016     0.17596202E-017     0.90733133E-016     0.31023786E-017
     0.94799463E+001    -0.19525685E-004    -0.29375661E-008     0.88208405E-016     0.13212080E-017     0.90736413E-016     0.23292290E-017
     0.94875424E+001    -0.19527952E-004     0.87774427E-009     0.88205930E-016     0.88292885E-018     0.90732305E-016     0.15567639E-017
     0.94951385E+001    -0.19529632E-004     0.22155042E-009     0.88203967E-016     0.44161195E-018     0.90728489E-016     0.77753674E-018
     0.95027346E+001    -0.19530009E-004     0.25343863E-015     0.88203787E-016    -0.16918562E-025     0.90730505E-016    -0.17060186E-025
     0.95103307E+001    -0.19529632E-004    -0.22155017E-009     0.88203967E-016    -0.44161195E-018     0.90728489E-016    -0.77753674E-018
     0.95179268E+001    -0.19527952E-004    -0.87774327E-009     0.88205930E-016    -0.88292884E-018     0.90732305E-016    -0.15567639E-017
     0.95255229E+001    -0.19525685E-004     0.29375668E-008     0.88208405E-016    -0.13212080E-017     0.90736413E-016    -0.23292290E-017
     0.95331190E+001    -0.19528453E-004     0.50390824E-008     0.88206595E-016    -0.17596202E-017     0.90733133E-016    -0.31023786E-017
     0.95407151E+001    -0.19529015E-004     0.71957929E-008     0.88205827E-016    -0.21995001E-017     0.90731439E-016    -0.38782113E-017
     0.95483113E+001    -0.19532722E-004     0.51996276E-008     0.88204279E-016    -0.26423406E-017     0.90729142E-016    -0.46588909E-017
     0.95559074E+001    -0.19530811E-004     0.54634051E-008     0.88205886E-016    -0.30835972E-017     0.90731792E-016    -0.54363788E-017
     0.95635035E+001    -0.19530903E-004     0.54551620E-008     0.88207336E-016    -0.35252116E-017     0.90732511E-016    -0.62140334E-017
     0.95710996E+001    -0.19529445E-004     0.67225808E-008     0.88209795E-016    -0.39655546E-017     0.90736162E-016    -0.69928867E-017
     0.95786957E+001    -0.19530080E-004     0.10786607E-007     0.88210560E-016    -0.44032780E-017     0.90738101E-016    -0.77634717E-017
     0.95862918E+001    -0.19533378E-004     0.12612915E-007     0.88208610E-016    -0.48434332E-017     0.90732710E-016    -0.85406297E-017
     0.95938879E+001    -0.19535754E-004     0.10847033E-007     0.88207442E-016    -0.52868749E-017     0.90731125E-016    -0.93228331E-017
     0.96014840E+001    -0.19536803E-004     0.11923132E-007     0.88208799E-016    -0.57290480E-017     0.90732731E-016    -0.10102598E-016
     0.96090801E+001    -0.19535685E-004     0.96067282E-008     0.88211098E-016    -0.61724495E-017     0.90735506E-016    -0.10884001E-016
     0.96166763E+001    -0.19535803E-004     0.13246241E-007     0.88213124E-016    -0.66127903E-017     0.90737224E-016    -0.11661763E-016
     0.96242724E+001    -0.19536313E-004     0.14257324E-007     0.88215231E-016    -0.70535961E-017     0.90740279E-016    -0.12440538E-016
     0.96318685E+001    -0.19538585E-004     0.18286335E-007     0.88214506E-016    -0.74932596E-017     0.90739006E-016    -0.13216197E-016
     0.96394646E+001    -0.19543370E-004     0.17439183E-007     0.88212501E-016    -0.79369079E-017     0.90732934E-016    -0.13998995E-016
     0.96470607E+001    -0.19544303E-004     0.16335153E-007     0.88214082E-016    -0.83820783E-017     0.90736136E-016    -0.14786257E-016
     0.96546568E+001    -0.19544256E-004     0.16277718E-007     0.88216625E-016    -0.88258152E-017     0.90738732E-016    -0.15567730E-016
     0.96622529E+001    -0.19545100E-004     0.17347372E-007     0.88218974E-016    -0.92686403E-017     0.90740676E-016    -0.16350969E-016
     0.96698490E+001    -0.19544578E-004     0.19723667E-007     0.88221848E-016    -0.97111461E-017     0.90744288E-016    -0.17133013E-016
     0.96774451E+001    -0.19549162E-004     0.22960599E-007     0.88221491E-016    -0.10152476E-016     0.90742970E-016    -0.17913559E-016
     0.96850413E+001    -0.19551187E-004     0.23225115E-007     0.88221277E-016    -0.10596775E-016     0.90741111E-016    -0.18697838E-016
     0.96926374E+001    -0.19556559E-004     0.22721414E-007     0.88220447E-016    -0.11043680E-016     0.90737815E-016    -0.19488167E-016
     0.97002335E+001    -0.19555461E-004     0.20948524E-007     0.88224422E-016    -0.11490452E-016     0.90743431E-016    -0.20278429E-016
     0.97078296E+001    -0.19556361E-004     0.23189958E-007     0.88227465E-016    -0.11934880E-016     0.90747183E-016    -0.21062942E-016
     0.97154257E+001    -0.19557969E-004     0.24395088E-007     0.88229516E-016    -0.12379919E-016     0.90746997E-016    -0.21851704E-016
     0.97230218E+001    -0.19560261E-004     0.27827523E-007     0.88231382E-016    -0.12823771E-016     0.90750497E-016    -0.22637775E-016
     0.97306179E+001    -0.19564464E-004     0.29443105E-007     0.88231066E-016    -0.13269395E-016     0.90747421E-016    -0.23425741E-016
     0.97382140E+001    -0.19569609E-004     0.27816307E-007     0.88230137E-016    -0.13718331E-016     0.90744377E-016    -0.24220621E-016
     0.97458101E+001    -0.19570191E-004     0.28162679E-007     0.88233660E-016    -0.14167555E-016     0.90747804E-016    -0.25016149E-016
     0.97534062E+001    -0.19571694E-004     0.26707493E-007     0.88237123E-016    -0.14616509E-016     0.90752564E-016    -0.25811251E-016
     0.97610024E+001    -0.19572111E-004     0.30875506E-007     0.88240443E-016    -0.15062473E-016     0.90755104E-016    -0.26601095E-016
     0.97685985E+001    -0.19576632E-004     0.32433750E-007     0.88241872E-016    -0.15510567E-016     0.90754873E-016    -0.27396540E-016
     0.97761946E+001    -0.19579143E-004     0.34501996E-007     0.88243219E-016    -0.15958575E-016     0.90756459E-016    -0.28191711E-016
     0.97837907E+001    -0.19585805E-004     0.34955298E-007     0.88242293E-016    -0.16408779E-016     0.90752223E-016    -0.28988220E-016
     0.97913868E+001    -0.19587991E-004     0.33114131E-007     0.88244663E-016    -0.16862396E-016     0.90753138E-016    -0.29794564E-016
     0.97989829E+001    -0.19589012E-004     0.32844497E-007     0.88249069E-016    -0.17314419E-016     0.90759109E-016    -0.30595853E-016
     0.98065790E+001    -0.19590936E-004     0.35627444E-007     0.88252900E-016    -0.17764092E-016     0.90762261E-016    -0.31394763E-016
     0.98141751E+001    -0.19593538E-004     0.37346591E-007     0.88254939E-016    -0.18215353E-016     0.90763076E-016    -0.32196274E-016
     0.98217712E+001    -0.19599106E-004     0.40848067E-007     0.88255722E-016    -0.18666439E-016     0.90761469E-016    -0.32999292E-016
     0.98293674E+001    -0.19603349E-004     0.39453227E-007     0.88256585E-016    -0.19120845E-016     0.90761447E-016    -0.33806239E-016
     0.98369635E+001    -0.19608513E-004     0.40555792E-007     0.88256635E-016    -0.19576604E-016     0.90757407E-016    -0.34616159E-016
     0.98445596E+001    -0.19610458E-004     0.37666123E-007     0.88259964E-016    -0.20035729E-016     0.90758490E-016    -0.35434569E-016
     0.98521557E+001    -0.19610990E-004     0.40595250E-007     0.88268335E-016    -0.20495668E-016     0.90773670E-016    -0.36257104E-016
     0.98597518E+001    -0.19615627E-004     0.42812880E-007     0.88275156E-016    -0.20945168E-016     0.90783856E-016    -0.37052699E-016
     0.98673479E+001    -0.19619954E-004     0.45530609E-007     0.88277137E-016    -0.21400129E-016     0.90783170E-016    -0.37862646E-016
     0.98749440E+001    -0.19625340E-004     0.45865341E-007     0.88284853E-016    -0.21856762E-016     0.90788199E-016    -0.38675823E-016
     0.98825401E+001    -0.19631780E-004     0.45356998E-007     0.88280062E-016    -0.22304921E-016     0.90780795E-016    -0.39483244E-016
     0.98901362E+001    -0.19633177E-004     0.44610805E-007     0.88278713E-016    -0.22766787E-016     0.90777939E-016    -0.40305484E-016
     0.98977324E+001    -0.19636953E-004     0.44613373E-007     0.88274451E-016    -0.23232170E-016     0.90773729E-016    -0.41133337E-016
     0.99053285E+001    -0.19638203E-004     0.47802086E-007     0.88287454E-016    -0.23697253E-016     0.90787140E-016    -0.41957580E-016
     0.99129246E+001    -0.19645418E-004     0.51357541E-007     0.88290645E-016    -0.24154843E-016     0.90786643E-016    -0.42776808E-016
     0.99205207E+001    -0.19650303E-004     0.50498378E-007     0.88293057E-016    -0.24616979E-016     0.90787339E-016    -0.43605027E-016
     0.99281168E+001    -0.19657020E-004     0.51974140E-007     0.88294952E-016    -0.25079412E-016     0.90788563E-016    -0.44430926E-016
     0.99357129E+001    -0.19660874E-004     0.49974445E-007     0.88298066E-016    -0.25545740E-016     0.90788575E-016    -0.45265140E-016
     0.99433090E+001    -0.19663907E-004     0.49919455E-007     0.88303108E-016    -0.26011645E-016     0.90794197E-016    -0.46099487E-016
     0.99509051E+001    -0.19666639E-004     0.52974673E-007     0.88309189E-016    -0.26475356E-016     0.90800223E-016    -0.46930618E-016
     0.99585012E+001    -0.19672309E-004     0.55135931E-007     0.88311337E-016    -0.26939853E-016     0.90801193E-016    -0.47763050E-016
     0.99660974E+001    -0.19679011E-004     0.58035184E-007     0.88312742E-016    -0.27406520E-016     0.90798423E-016    -0.48600083E-016
     0.99736935E+001    -0.19686189E-004     0.55831027E-007     0.88315027E-016    -0.27877202E-016     0.90800107E-016    -0.49445116E-016
     0.99812896E+001    -0.19690086E-004     0.56881589E-007     0.88318549E-016    -0.28347824E-016     0.90802420E-016    -0.50287991E-016
     0.99888857E+001    -0.19695676E-004     0.55456389E-007     0.88323798E-016    -0.28820115E-016     0.90804831E-016    -0.51136200E-016
     0.99964818E+001    -0.19696941E-004     0.57196858E-007     0.88330789E-016    -0.29290828E-016     0.90813525E-016    -0.51984316E-016
     0.10004078E+002    -0.19703763E-004     0.60842885E-007     0.88333859E-016    -0.29760062E-016     0.90815041E-016    -0.52827463E-016
     0.10011674E+002    -0.19710219E-004     0.63059043E-007     0.88335790E-016    -0.30232576E-016     0.90813759E-016    -0.53678755E-016
     0.10019270E+002    -0.19717875E-004     0.62282279E-007     0.88337592E-016    -0.30709190E-016     0.90813231E-016    -0.54536251E-016
     0.10026866E+002    -0.19724457E-004     0.62314050E-007     0.88341361E-016    -0.31186291E-016     0.90815561E-016    -0.55396127E-016
     0.10034462E+002    -0.19727646E-004     0.61245664E-007     0.88347363E-016    -0.31664798E-016     0.90820922E-016    -0.56257059E-016
     0.10042058E+002    -0.19733174E-004     0.62984152E-007     0.88352708E-016    -0.32142716E-016     0.90823908E-016    -0.57120876E-016
     0.10049655E+002    -0.19737050E-004     0.64640342E-007     0.88358841E-016    -0.32619719E-016     0.90831263E-016    -0.57983221E-016
     0.10057251E+002    -0.19744625E-004     0.69683127E-007     0.88360916E-016    -0.33097101E-016     0.90830590E-016    -0.58845040E-016
     0.10064847E+002    -0.19753735E-004     0.67580282E-007     0.88362026E-016    -0.33580640E-016     0.90826913E-016    -0.59719491E-016
     0.10072443E+002    -0.19759901E-004     0.68632679E-007     0.88366725E-016    -0.34064565E-016     0.90831668E-016    -0.60595280E-016
     0.10080039E+002    -0.19765316E-004     0.66952662E-007     0.88371590E-016    -0.34550367E-016     0.90834559E-016    -0.61473408E-016
     0.10087635E+002    -0.19770265E-004     0.68091484E-007     0.88377061E-016    -0.35035858E-016     0.90838971E-016    -0.62353358E-016
     0.10095231E+002    -0.19775048E-004     0.70618466E-007     0.88383677E-016    -0.35521587E-016     0.90844346E-016    -0.63234381E-016
     0.10102827E+002    -0.19782806E-004     0.73211633E-007     0.88387172E-016    -0.36006874E-016     0.90847128E-016    -0.64116458E-016
     0.10110423E+002    -0.19790855E-004     0.75240718E-007     0.88388493E-016    -0.36495459E-016     0.90844290E-016    -0.65001726E-016
     0.10118020E+002    -0.19800818E-004     0.73698700E-007     0.88391605E-016    -0.36989853E-016     0.90843953E-016    -0.65900500E-016
     0.10125616E+002    -0.19804526E-004     0.72626699E-007     0.88398466E-016    -0.37483248E-016     0.90851380E-016    -0.66797364E-016
     0.10133212E+002    -0.19811831E-004     0.74280629E-007     0.88403402E-016    -0.37976403E-016     0.90854108E-016    -0.67693627E-016
     0.10140808E+002    -0.19816055E-004     0.74651293E-007     0.88409504E-016    -0.38472166E-016     0.90858644E-016    -0.68597614E-016
     0.10148404E+002    -0.19824325E-004     0.78965428E-007     0.88413416E-016    -0.38967242E-016     0.90861796E-016    -0.69499357E-016
     0.10156000E+002    -0.19832648E-004     0.80384975E-007     0.88421342E-016    -0.39466718E-016     0.90866769E-016    -0.70408361E-016
     0.10163596E+002    -0.19842733E-004     0.79735112E-007     0.88423808E-016    -0.39964227E-016     0.90865801E-016    -0.71318517E-016
     0.10171192E+002    -0.19849906E-004     0.79106298E-007     0.88429249E-016    -0.40466427E-016     0.90868723E-016    -0.72237327E-016
     0.10178788E+002    -0.19854920E-004     0.78180500E-007     0.88435819E-016    -0.40969459E-016     0.90876353E-016    -0.73156756E-016
     0.10186385E+002    -0.19861619E-004     0.81411230E-007     0.88441159E-016    -0.41472245E-016     0.90878270E-016    -0.74076679E-016
     0.10193981E+002    -0.19869865E-004     0.82560514E-007     0.88447006E-016    -0.41977388E-016     0.90882982E-016    -0.75003727E-016
     0.10201577E+002    -0.19877088E-004     0.86401124E-007     0.88451875E-016    -0.42482225E-016     0.90887330E-016    -0.75929370E-016
     0.10209173E+002    -0.19889970E-004     0.85492312E-007     0.88452668E-016    -0.42991924E-016     0.90883386E-016    -0.76863356E-016
     0.10216769E+002    -0.19896645E-004     0.85006396E-007     0.88458346E-016    -0.43506050E-016     0.90888459E-016    -0.77806770E-016
     0.10224365E+002    -0.19903901E-004     0.83753421E-007     0.88466372E-016    -0.44023536E-016     0.90898729E-016    -0.78752213E-016
     0.10231961E+002    -0.19910161E-004     0.85840230E-007     0.88481642E-016    -0.44525248E-016     0.90911828E-016    -0.79669756E-016
     0.10239557E+002    -0.19918135E-004     0.88581671E-007     0.88473885E-016    -0.45043367E-016     0.90882275E-016    -0.80631067E-016
     0.10247153E+002    -0.19928050E-004     0.90716737E-007     0.88480403E-016    -0.45563487E-016     0.90890004E-016    -0.81596156E-016
     0.10254750E+002    -0.19937762E-004     0.91575179E-007     0.88485210E-016    -0.46082788E-016     0.90895107E-016    -0.82553666E-016
     0.10262346E+002    -0.19949210E-004     0.91751749E-007     0.88488511E-016    -0.46606577E-016     0.90893807E-016    -0.83521045E-016
     0.10269942E+002    -0.19955683E-004     0.88491844E-007     0.88496234E-016    -0.47133317E-016     0.90901273E-016    -0.84495384E-016
     0.10277538E+002    -0.19962737E-004     0.92144291E-007     0.88504375E-016    -0.47656672E-016     0.90909560E-016    -0.85463957E-016
     0.10285134E+002    -0.19971249E-004     0.92723688E-007     0.88508095E-016    -0.48182325E-016     0.90909944E-016    -0.86438734E-016
     0.10292730E+002    -0.19981233E-004     0.96897571E-007     0.88509879E-016    -0.48715844E-016     0.90909117E-016    -0.87424087E-016
     0.10300326E+002    -0.19992007E-004     0.97041738E-007     0.88519639E-016    -0.49248278E-016     0.90915773E-016    -0.88411535E-016
     0.10307922E+002    -0.20003310E-004     0.97089615E-007     0.88523861E-016    -0.49781596E-016     0.90916837E-016    -0.89402499E-016
     0.10315518E+002    -0.20012354E-004     0.96188184E-007     0.88530195E-016    -0.50320006E-016     0.90918224E-016    -0.90402668E-016
     0.10323115E+002    -0.20019615E-004     0.95461784E-007     0.88538808E-016    -0.50859371E-016     0.90927171E-016    -0.91408166E-016
     0.10330711E+002    -0.20027213E-004     0.99072445E-007     0.88545936E-016    -0.51398301E-016     0.90931982E-016    -0.92409939E-016
     0.10338307E+002    -0.20039635E-004     0.10189917E-006     0.88551404E-016    -0.51940804E-016     0.90932055E-016    -0.93421327E-016
     0.10345903E+002    -0.20048587E-004     0.10250026E-006     0.88560559E-016    -0.52486593E-016     0.90936565E-016    -0.94436598E-016
     0.10353499E+002    -0.20062944E-004     0.10356604E-006     0.88561061E-016    -0.53026532E-016     0.90917622E-016    -0.95460056E-016
     0.10361095E+002    -0.20071407E-004     0.10193523E-006     0.88570336E-016    -0.53597342E-016     0.90941235E-016    -0.96540758E-016
     0.10368691E+002    -0.20080947E-004     0.10166239E-006     0.88588354E-016    -0.54135303E-016     0.90974015E-016    -0.97536773E-016
     0.10376287E+002    -0.20088905E-004     0.10351083E-006     0.88592833E-016    -0.54683658E-016     0.90971977E-016    -0.98563601E-016
     0.10383883E+002    -0.20099558E-004     0.10735622E-006     0.88595171E-016    -0.55236989E-016     0.90968571E-016    -0.99600572E-016
     0.10391480E+002    -0.20112515E-004     0.10883008E-006     0.88596472E-016    -0.55798301E-016     0.90961631E-016    -0.10065471E-015
     0.10399076E+002    -0.20124599E-004     0.10823582E-006     0.88605066E-016    -0.56361147E-016     0.90968052E-016    -0.10171297E-015
     0.10406672E+002    -0.20135780E-004     0.10936781E-006     0.88608962E-016    -0.56925114E-016     0.90965776E-016    -0.10277454E-015
     0.10414268E+002    -0.20146870E-004     0.10639006E-006     0.88615537E-016    -0.57496251E-016     0.90967345E-016    -0.10385135E-015
     0.10421864E+002    -0.20154099E-004     0.10948462E-006     0.88626096E-016    -0.58064598E-016     0.90976436E-016    -0.10492525E-015
     0.10429460E+002    -0.20166457E-004     0.11141638E-006     0.88631737E-016    -0.58634526E-016     0.90976390E-016    -0.10600346E-015
     0.10437056E+002    -0.20178457E-004     0.11494580E-006     0.88634550E-016    -0.59205638E-016     0.90970644E-016    -0.10708820E-015
     0.10444652E+002    -0.20192849E-004     0.11432509E-006     0.88632627E-016    -0.59788942E-016     0.90956355E-016    -0.10819544E-015
     0.10452248E+002    -0.20204707E-004     0.11389835E-006     0.88635442E-016    -0.60389049E-016     0.90952538E-016    -0.10934729E-015
     0.10459845E+002    -0.20216020E-004     0.11380045E-006     0.88673485E-016    -0.60966836E-016     0.91035132E-016    -0.11043802E-015
     0.10467441E+002    -0.20226487E-004     0.11358783E-006     0.88672281E-016    -0.61540625E-016     0.91019097E-016    -0.11152626E-015
     0.10475037E+002    -0.20236301E-004     0.11608774E-006     0.88661180E-016    -0.62130251E-016     0.91001740E-016    -0.11265669E-015
     0.10482633E+002    -0.20250916E-004     0.12107471E-006     0.88701086E-016    -0.62786327E-016     0.91053829E-016    -0.11383743E-015
     0.10490229E+002    -0.20264613E-004     0.11920292E-006     0.88714075E-016    -0.63309839E-016     0.91055694E-016    -0.11489573E-015
     0.10497825E+002    -0.20279419E-004     0.12091834E-006     0.88705026E-016    -0.63909717E-016     0.91038801E-016    -0.11603879E-015
     0.10505421E+002    -0.20290631E-004     0.11863677E-006     0.88709000E-016    -0.64515970E-016     0.91036793E-016    -0.11719638E-015
     0.10513017E+002    -0.20302424E-004     0.11987490E-006     0.88712181E-016    -0.65123077E-016     0.91035159E-016    -0.11835813E-015
     0.10520613E+002    -0.20314179E-004     0.12114136E-006     0.88723032E-016    -0.65738177E-016     0.91042104E-016    -0.11953362E-015
     0.10528210E+002    -0.20326748E-004     0.12522046E-006     0.88733017E-016    -0.66348299E-016     0.91050619E-016    -0.12070537E-015
     0.10535806E+002    -0.20343242E-004     0.12682327E-006     0.88744767E-016    -0.66964763E-016     0.91053861E-016    -0.12188844E-015
     0.10543402E+002    -0.20359083E-004     0.12557323E-006     0.88748720E-016    -0.67576171E-016     0.91053966E-016    -0.12307755E-015
     0.10550998E+002    -0.20370491E-004     0.12539816E-006     0.88754094E-016    -0.68199664E-016     0.91057682E-016    -0.12427813E-015
     0.10558594E+002    -0.20385367E-004     0.12518243E-006     0.88759235E-016    -0.68829259E-016     0.91057924E-016    -0.12549076E-015
     0.10566190E+002    -0.20395534E-004     0.12681674E-006     0.88771444E-016    -0.69458628E-016     0.91067387E-016    -0.12670908E-015
     0.10573786E+002    -0.20411286E-004     0.13002077E-006     0.88777421E-016    -0.70089244E-016     0.91070421E-016    -0.12793274E-015
     0.10581382E+002    -0.20425885E-004     0.13242764E-006     0.88783607E-016    -0.70727436E-016     0.91072949E-016    -0.12916759E-015
     0.10588978E+002    -0.20444271E-004     0.13276886E-006     0.88788801E-016    -0.71370385E-016     0.91071726E-016    -0.13041457E-015
     0.10596575E+002    -0.20458541E-004     0.13053640E-006     0.88798936E-016    -0.72017995E-016     0.91078888E-016    -0.13167566E-015
     0.10604171E+002    -0.20471632E-004     0.13137258E-006     0.88806811E-016    -0.72664597E-016     0.91086562E-016    -0.13293515E-015
     0.10611767E+002    -0.20485799E-004     0.13263255E-006     0.88813048E-016    -0.73320480E-016     0.91088515E-016    -0.13421217E-015
     0.10619363E+002    -0.20500447E-004     0.13414700E-006     0.88822295E-016    -0.73977182E-016     0.91098798E-016    -0.13549570E-015
     0.10626959E+002    -0.20516228E-004     0.13917347E-006     0.88824044E-016    -0.74639876E-016     0.91103291E-016    -0.13678515E-015
     0.10634555E+002    -0.20535680E-004     0.13747110E-006     0.88832841E-016    -0.75328979E-016     0.91116388E-016    -0.13809986E-015
     0.10642151E+002    -0.20551937E-004     0.13833252E-006     0.88882407E-016    -0.75957569E-016     0.91150737E-016    -0.13932507E-015
     0.10649747E+002    -0.20566986E-004     0.13594642E-006     0.88841107E-016    -0.76640529E-016     0.91041274E-016    -0.14069843E-015
     0.10657343E+002    -0.20580752E-004     0.13822617E-006     0.88854107E-016    -0.77331246E-016     0.91065598E-016    -0.14206964E-015
     0.10664940E+002    -0.20598250E-004     0.14039369E-006     0.88864467E-016    -0.78018288E-016     0.91077355E-016    -0.14342617E-015
     0.10672536E+002    -0.20613968E-004     0.14281352E-006     0.88874760E-016    -0.78707524E-016     0.91089577E-016    -0.14479034E-015
     0.10680132E+002    -0.20633902E-004     0.14461044E-006     0.88880012E-016    -0.79399810E-016     0.91092800E-016    -0.14615828E-015
     0.10687728E+002    -0.20653911E-004     0.14410920E-006     0.88885228E-016    -0.80103172E-016     0.91091900E-016    -0.14754834E-015
     0.10695324E+002    -0.20668771E-004     0.14158281E-006     0.88895605E-016    -0.80811727E-016     0.91099618E-016    -0.14895147E-015
     0.10702920E+002    -0.20686168E-004     0.14388242E-006     0.88905147E-016    -0.81520485E-016     0.91105189E-016    -0.15036012E-015
     0.10710516E+002    -0.20702036E-004     0.14500161E-006     0.88913706E-016    -0.82238323E-016     0.91110721E-016    -0.15178907E-015
     0.10718112E+002    -0.20721935E-004     0.14870232E-006     0.88925449E-016    -0.82956477E-016     0.91123365E-016    -0.15321783E-015
     0.10725708E+002    -0.20741225E-004     0.14895889E-006     0.88933325E-016    -0.83679911E-016     0.91126413E-016    -0.15466102E-015
     0.10733305E+002    -0.20762535E-004     0.15075154E-006     0.88937287E-016    -0.84410346E-016     0.91123651E-016    -0.15611867E-015
     0.10740901E+002    -0.20782489E-004     0.14758602E-006     0.88943509E-016    -0.85152735E-016     0.91121588E-016    -0.15760228E-015
     0.10748497E+002    -0.20798524E-004     0.14810102E-006     0.88957341E-016    -0.85897397E-016     0.91134651E-016    -0.15909423E-015
     0.10756093E+002    -0.20817033E-004     0.15091448E-006     0.88965988E-016    -0.86643072E-016     0.91137785E-016    -0.16059190E-015
     0.10763689E+002    -0.20838824E-004     0.15315496E-006     0.88972890E-016    -0.87397394E-016     0.91138423E-016    -0.16210991E-015
     0.10771285E+002    -0.20858611E-004     0.15565453E-006     0.88982216E-016    -0.88158363E-016     0.91142906E-016    -0.16364244E-015
     0.10778881E+002    -0.20883594E-004     0.15525544E-006     0.88988657E-016    -0.88924396E-016     0.91143369E-016    -0.16518928E-015
     0.10786477E+002    -0.20903919E-004     0.15510358E-006     0.88998269E-016    -0.89696598E-016     0.91145567E-016    -0.16675145E-015
     0.10794073E+002    -0.20925240E-004     0.15356056E-006     0.88995250E-016    -0.90470423E-016     0.91137107E-016    -0.16832879E-015
     0.10801670E+002    -0.20943271E-004     0.15482442E-006     0.89003996E-016    -0.91269205E-016     0.91143566E-016    -0.16993661E-015
     0.10809266E+002    -0.20967100E-004     0.15964730E-006     0.89010040E-016    -0.92065140E-016     0.91141853E-016    -0.17155179E-015
     0.10816862E+002    -0.20990147E-004     0.16013596E-006     0.89023341E-016    -0.92868632E-016     0.91156521E-016    -0.17318523E-015
     0.10824458E+002    -0.21015559E-004     0.16121283E-006     0.89030286E-016    -0.93674836E-016     0.91158156E-016    -0.17482564E-015
     0.10832054E+002    -0.21040486E-004     0.16176981E-006     0.89036202E-016    -0.94490965E-016     0.91155129E-016    -0.17649018E-015
     0.10839650E+002    -0.21063485E-004     0.15859074E-006     0.89043790E-016    -0.95318730E-016     0.91156887E-016    -0.17818057E-015
     0.10847246E+002    -0.21085736E-004     0.16126246E-006     0.89056109E-016    -0.96149450E-016     0.91164930E-016    -0.17988280E-015
     0.10854842E+002    -0.21109869E-004     0.16297897E-006     0.89065698E-016    -0.96984682E-016     0.91170852E-016    -0.18159889E-015
     0.10862438E+002    -0.21136776E-004     0.16709792E-006     0.89072043E-016    -0.97825417E-016     0.91169230E-016    -0.18333315E-015
     0.10870035E+002    -0.21165715E-004     0.16585031E-006     0.89069338E-016    -0.98681101E-016     0.91164982E-016    -0.18509563E-015
     0.10877631E+002    -0.21191775E-004     0.16697699E-006     0.89078000E-016    -0.99547572E-016     0.91172030E-016    -0.18687546E-015
     0.10885227E+002    -0.21220935E-004     0.16533448E-006     0.89085561E-016    -0.10041885E-015     0.91174348E-016    -0.18866873E-015
     0.10892823E+002    -0.21245571E-004     0.16504612E-006     0.89083132E-016    -0.10129392E-015     0.91148090E-016    -0.19047502E-015
     0.10900419E+002    -0.21272241E-004     0.16758116E-006     0.89089548E-016    -0.10219420E-015     0.91147052E-016    -0.19234713E-015
     0.10908015E+002    -0.21303694E-004     0.17159756E-006     0.89096726E-016    -0.10309320E-015     0.91151219E-016    -0.19421666E-015
     0.10915611E+002    -0.21334485E-004     0.17167330E-006     0.89102769E-016    -0.10400589E-015     0.91152416E-016    -0.19611230E-015
     0.10923207E+002    -0.21368550E-004     0.17160762E-006     0.89114906E-016    -0.10492802E-015     0.91160407E-016    -0.19803291E-015
     0.10930803E+002    -0.21398508E-004     0.17039431E-006     0.89134358E-016    -0.10582495E-015     0.91177512E-016    -0.19993881E-015
     0.10938400E+002    -0.21431149E-004     0.17102961E-006     0.89107116E-016    -0.10678960E-015     0.91145760E-016    -0.20192787E-015
     0.10945996E+002    -0.21462310E-004     0.17027162E-006     0.89128338E-016    -0.10773975E-015     0.91168719E-016    -0.20391889E-015
     0.10953592E+002    -0.21496782E-004     0.17639186E-006     0.89141358E-016    -0.10868866E-015     0.91188770E-016    -0.20591202E-015
     0.10961188E+002    -0.21535356E-004     0.17619591E-006     0.89153494E-016    -0.10963839E-015     0.91210540E-016    -0.20790152E-015
     0.10968784E+002    -0.21574714E-004     0.17576464E-006     0.89097910E-016    -0.11058122E-015     0.91061014E-016    -0.20987445E-015
     0.10976380E+002    -0.21612191E-004     0.17538132E-006     0.89090479E-016    -0.11162410E-015     0.91033905E-016    -0.21209798E-015
     0.10983976E+002    -0.21651810E-004     0.17350778E-006     0.89098482E-016    -0.11263616E-015     0.91052403E-016    -0.21424655E-015
     0.10991572E+002    -0.21690618E-004     0.17523948E-006     0.89099620E-016    -0.11366296E-015     0.91057191E-016    -0.21641492E-015
     0.10999168E+002    -0.21733577E-004     0.17689125E-006     0.89112282E-016    -0.11468951E-015     0.91076856E-016    -0.21859193E-015
     0.11006765E+002    -0.21778473E-004     0.18002696E-006     0.89100596E-016    -0.11570158E-015     0.91042969E-016    -0.22073433E-015
     0.11014361E+002    -0.21830575E-004     0.17929879E-006     0.89065208E-016    -0.11678400E-015     0.90953546E-016    -0.22305207E-015
     0.11021957E+002    -0.21877348E-004     0.17653518E-006     0.89063666E-016    -0.11786960E-015     0.90948969E-016    -0.22537563E-015
     0.11029553E+002    -0.21929259E-004     0.17648957E-006     0.89050737E-016    -0.11897140E-015     0.90917422E-016    -0.22774110E-015
     0.11037149E+002    -0.21981106E-004     0.17578159E-006     0.89095352E-016    -0.12010230E-015     0.91037879E-016    -0.23017808E-015
     0.11044745E+002    -0.22037183E-004     0.17671859E-006     0.89097822E-016    -0.12117287E-015     0.91050802E-016    -0.23246177E-015
     0.11052341E+002    -0.22098506E-004     0.17963014E-006     0.89078896E-016    -0.12228523E-015     0.91014518E-016    -0.23485395E-015
     0.11059937E+002    -0.22164887E-004     0.17785348E-006     0.89056587E-016    -0.12342333E-015     0.90980178E-016    -0.23730453E-015
     0.11067533E+002    -0.22235300E-004     0.17582197E-006     0.89036991E-016    -0.12458091E-015     0.90952798E-016    -0.23980267E-015
     0.11075130E+002    -0.22306240E-004     0.17163986E-006     0.89022737E-016    -0.12575024E-015     0.90945397E-016    -0.24232204E-015
     0.11082726E+002    -0.22382831E-004     0.17209935E-006     0.88965268E-016    -0.12690555E-015     0.90828779E-016    -0.24480881E-015
     0.11090322E+002    -0.22468642E-004     0.16898036E-006     0.88915097E-016    -0.12816756E-015     0.90738011E-016    -0.24755249E-015
     0.11097918E+002    -0.22558837E-004     0.17035749E-006     0.88911714E-016    -0.12940291E-015     0.90740924E-016    -0.25024594E-015
     0.11105514E+002    -0.22663448E-004     0.16673974E-006     0.88870072E-016    -0.13064336E-015     0.90693963E-016    -0.25295838E-015
     0.11113110E+002    -0.22776992E-004     0.16106771E-006     0.88835708E-016    -0.13191640E-015     0.90650256E-016    -0.25573324E-015
     0.11120706E+002    -0.22898338E-004     0.15322229E-006     0.88771235E-016    -0.13309739E-015     0.90577771E-016    -0.25844546E-015
     0.11128302E+002    -0.23035747E-004     0.14551756E-006     0.88655378E-016    -0.13451546E-015     0.90456184E-016    -0.26142052E-015
     0.11135898E+002    -0.23190637E-004     0.13788314E-006     0.88596331E-016    -0.13584005E-015     0.90385838E-016    -0.26432967E-015
     0.11143495E+002    -0.23371496E-004     0.12744346E-006     0.88499385E-016    -0.13718976E-015     0.90278490E-016    -0.26729999E-015
     0.11151091E+002    -0.23580098E-004     0.11123675E-006     0.88380105E-016    -0.13855980E-015     0.90155185E-016    -0.27031214E-015
     0.11158687E+002    -0.23832121E-004     0.90101112E-007     0.88202740E-016    -0.13994571E-015     0.89932852E-016    -0.27335200E-015
     0.11166283E+002    -0.24128703E-004     0.51629841E-007     0.87995139E-016    -0.14140957E-015     0.89690042E-016    -0.27657397E-015
     0.11173879E+002    -0.24493364E-004     0.65573751E-008     0.87748751E-016    -0.14288582E-015     0.89430668E-016    -0.27981230E-015
     0.11181475E+002    -0.24958976E-004    -0.61904307E-007     0.87405074E-016    -0.14440555E-015     0.89045518E-016    -0.28313119E-015
     0.11189071E+002    -0.25578111E-004    -0.17016055E-006     0.86942421E-016    -0.14599718E-015     0.88538784E-016    -0.28658267E-015
     0.11196667E+002    -0.26439925E-004    -0.35875213E-006     0.86304865E-016    -0.14770856E-015     0.87877906E-016    -0.29024489E-015
     0.11204263E+002    -0.27723238E-004    -0.72575619E-006     0.85355717E-016    -0.14951531E-015     0.86944599E-016    -0.29392659E-015
     0.11211860E+002    -0.29825010E-004    -0.15542115E-005     0.83692295E-016    -0.15174687E-015     0.85166871E-016    -0.29812467E-015
     0.11219456E+002    -0.33745773E-004    -0.40296737E-005     0.80560863E-016    -0.15534467E-015     0.81856963E-016    -0.30382811E-015
     0.11227052E+002    -0.40323845E-004    -0.15871327E-004     0.75269490E-016    -0.16657517E-015     0.76284182E-016    -0.31760101E-015
     0.11234648E+002    -0.81019131E-005    -0.30416222E-004     0.10143518E-015    -0.18003637E-015     0.10379119E-015    -0.33376704E-015
     0.11242244E+002    -0.72905184E-005    -0.71600508E-005     0.10214703E-015    -0.16288772E-015     0.10453054E-015    -0.31779031E-015
     0.11249840E+002    -0.12347028E-004    -0.25618431E-005     0.98104486E-016    -0.16089095E-015     0.10026985E-015    -0.31779762E-015
     0.11257436E+002    -0.14976717E-004    -0.12202488E-005     0.96025768E-016    -0.16157074E-015     0.98072030E-016    -0.32067252E-015
     0.11265032E+002    -0.16511157E-004    -0.66774153E-006     0.94834809E-016    -0.16293024E-015     0.96806175E-016    -0.32431855E-015
     0.11272628E+002    -0.17507907E-004    -0.38733472E-006     0.94085405E-016    -0.16454056E-015     0.96008095E-016    -0.32829037E-015
     0.11280225E+002    -0.18208619E-004    -0.22242232E-006     0.93550291E-016    -0.16629482E-015     0.95438137E-016    -0.33246306E-015
     0.11287821E+002    -0.18734094E-004    -0.11643393E-006     0.93177199E-016    -0.16815114E-015     0.95024063E-016    -0.33680802E-015
     0.11295417E+002    -0.19145083E-004    -0.48969111E-007     0.92895660E-016    -0.17007840E-015     0.94703662E-016    -0.34130252E-015
     0.11303013E+002    -0.19474243E-004     0.26599326E-008     0.92666824E-016    -0.17207665E-015     0.94419860E-016    -0.34595328E-015
     0.11310609E+002    -0.19749109E-004     0.35495692E-007     0.92486565E-016    -0.17422990E-015     0.94194266E-016    -0.35097825E-015
     0.11318205E+002    -0.19979090E-004     0.63228626E-007     0.92577879E-016    -0.17629755E-015     0.94596907E-016    -0.35576896E-015
     0.11325801E+002    -0.20177684E-004     0.85195365E-007     0.92453960E-016    -0.17835769E-015     0.94417056E-016    -0.36054242E-015
     0.11333397E+002    -0.20354310E-004     0.10533434E-006     0.92355885E-016    -0.18054493E-015     0.94275900E-016    -0.36563066E-015
     0.11340993E+002    -0.20513677E-004     0.11989974E-006     0.92284870E-016    -0.18281103E-015     0.94176917E-016    -0.37090473E-015
     0.11348590E+002    -0.20656224E-004     0.13000896E-006     0.92244890E-016    -0.18514105E-015     0.94126373E-016    -0.37633997E-015
     0.11356186E+002    -0.20786455E-004     0.14174256E-006     0.92205049E-016    -0.18751606E-015     0.94077042E-016    -0.38190859E-015
     0.11363782E+002    -0.20908822E-004     0.14870430E-006     0.92165972E-016    -0.18998919E-015     0.94028217E-016    -0.38768105E-015
     0.11371378E+002    -0.21016885E-004     0.15345903E-006     0.92182308E-016    -0.19255004E-015     0.94046557E-016    -0.39364646E-015
     0.11378974E+002    -0.21123335E-004     0.16518976E-006     0.92193465E-016    -0.19511620E-015     0.94057938E-016    -0.39971913E-015
     0.11386570E+002    -0.21224160E-004     0.17025324E-006     0.92188400E-016    -0.19778706E-015     0.94053792E-016    -0.40601421E-015
     0.11394166E+002    -0.21322645E-004     0.17495485E-006     0.92195913E-016    -0.20054388E-015     0.94065828E-016    -0.41251633E-015
     0.11401762E+002    -0.21414306E-004     0.17779175E-006     0.92214723E-016    -0.20338467E-015     0.94092204E-016    -0.41922764E-015
     0.11409358E+002    -0.21502071E-004     0.18047277E-006     0.92235519E-016    -0.20631216E-015     0.94119884E-016    -0.42615432E-015
     0.11416955E+002    -0.21587249E-004     0.18296726E-006     0.92265044E-016    -0.20933922E-015     0.94155526E-016    -0.43333073E-015
     0.11424551E+002    -0.21669252E-004     0.18796537E-006     0.92306166E-016    -0.21245727E-015     0.94213833E-016    -0.44074179E-015
     0.11432147E+002    -0.21752034E-004     0.19435989E-006     0.92339405E-016    -0.21567244E-015     0.94258466E-016    -0.44840040E-015
     0.11439743E+002    -0.21838964E-004     0.19522859E-006     0.92370772E-016    -0.21902062E-015     0.94295624E-016    -0.45636708E-015
     0.11447339E+002    -0.21917300E-004     0.19671757E-006     0.92432483E-016    -0.22248479E-015     0.94360168E-016    -0.46463208E-015
     0.11454935E+002    -0.21999199E-004     0.19694140E-006     0.92467904E-016    -0.22608312E-015     0.94383251E-016    -0.47326204E-015
     0.11462531E+002    -0.22076768E-004     0.19845391E-006     0.92641523E-016    -0.22987163E-015     0.94751426E-016    -0.48235239E-015
     0.11470127E+002    -0.22156365E-004     0.20090177E-006     0.92748641E-016    -0.23360860E-015     0.94935297E-016    -0.49131317E-015
     0.11477723E+002    -0.22236490E-004     0.20465788E-006     0.92816715E-016    -0.23756762E-015     0.95016936E-016    -0.50084031E-015
     0.11485320E+002    -0.22321462E-004     0.20743073E-006     0.92892699E-016    -0.24169913E-015     0.95117669E-016    -0.51079568E-015
     0.11492916E+002    -0.22406148E-004     0.20563805E-006     0.92988232E-016    -0.24601162E-015     0.95253477E-016    -0.52120379E-015
     0.11500512E+002    -0.22488166E-004     0.20487311E-006     0.93104014E-016    -0.25049168E-015     0.95425390E-016    -0.53204466E-015
     0.11508108E+002    -0.22574274E-004     0.20754626E-006     0.93215690E-016    -0.25516232E-015     0.95594165E-016    -0.54336263E-015
     0.11515704E+002    -0.22661946E-004     0.20513923E-006     0.93343693E-016    -0.26004878E-015     0.95790938E-016    -0.55521916E-015
     0.11523300E+002    -0.22751879E-004     0.21029318E-006     0.93494110E-016    -0.26514736E-015     0.96025234E-016    -0.56761344E-015
     0.11530896E+002    -0.22848414E-004     0.20973139E-006     0.93650538E-016    -0.27047772E-015     0.96273234E-016    -0.58059380E-015
     0.11538492E+002    -0.22949197E-004     0.20897337E-006     0.93818271E-016    -0.27607005E-015     0.96538936E-016    -0.59422467E-015
     0.11546088E+002    -0.23051452E-004     0.20479049E-006     0.94030070E-016    -0.28194736E-015     0.96861524E-016    -0.60856331E-015
     0.11553685E+002    -0.23155423E-004     0.20278703E-006     0.94254294E-016    -0.28808463E-015     0.97220569E-016    -0.62360388E-015
     0.11561281E+002    -0.23268765E-004     0.20165511E-006     0.94487331E-016    -0.29455544E-015     0.97589698E-016    -0.63946980E-015
     0.11568877E+002    -0.23388304E-004     0.20025836E-006     0.94758567E-016    -0.30137921E-015     0.98025442E-016    -0.65622595E-015
     0.11576473E+002    -0.23515927E-004     0.19804794E-006     0.95066904E-016    -0.30857248E-015     0.98525680E-016    -0.67391707E-015
     0.11584069E+002    -0.23660618E-004     0.19378754E-006     0.95404948E-016    -0.31617017E-015     0.99065156E-016    -0.69264038E-015
     0.11591665E+002    -0.23809472E-004     0.18305136E-006     0.95785401E-016    -0.32421985E-015     0.99673292E-016    -0.71250648E-015
     0.11599261E+002    -0.23974627E-004     0.17332043E-006     0.96222350E-016    -0.33277967E-015     0.10036630E-015    -0.73365316E-015
     0.11606857E+002    -0.24157040E-004     0.16397638E-006     0.96744494E-016    -0.34186852E-015     0.10118885E-015    -0.75615423E-015
     0.11614453E+002    -0.24369927E-004     0.15045684E-006     0.97353441E-016    -0.35154563E-015     0.10213191E-015    -0.78016305E-015
     0.11622050E+002    -0.24615192E-004     0.12738643E-006     0.98087561E-016    -0.36187458E-015     0.10325839E-015    -0.80585141E-015
     0.11629646E+002    -0.24909283E-004     0.95678316E-007     0.98974408E-016    -0.37290507E-015     0.10459160E-015    -0.83335102E-015
     0.11637242E+002    -0.25271454E-004     0.41226908E-007     0.10008204E-015    -0.38472473E-015     0.10619450E-015    -0.86291750E-015
     0.11644838E+002    -0.25734500E-004    -0.47760643E-007     0.10153680E-015    -0.39738903E-015     0.10822783E-015    -0.89475197E-015
     0.11652434E+002    -0.26371380E-004    -0.19969728E-006     0.10356865E-015    -0.41088054E-015     0.11092773E-015    -0.92900114E-015
     0.11660030E+002    -0.27339950E-004    -0.52689423E-006     0.10657252E-015    -0.42504975E-015     0.11469320E-015    -0.96574784E-015
     0.11667626E+002    -0.28997723E-004    -0.13952906E-005     0.11165308E-015    -0.43898270E-015     0.12065578E-015    -0.10043300E-014
     0.11675222E+002    -0.32073365E-004    -0.49361834E-005     0.12084676E-015    -0.44674372E-015     0.13086975E-015    -0.10391521E-014
     0.11682818E+002    -0.23819500E-004    -0.17576617E-004     0.97380073E-016    -0.42995968E-015     0.10890559E-015    -0.10523647E-014
     0.11690414E+002    -0.16249601E-004    -0.48024361E-005     0.76023052E-016    -0.48883470E-015     0.89254168E-016    -0.11437140E-014
     0.11698011E+002    -0.19305291E-004    -0.13963253E-005     0.85626510E-016    -0.52297866E-015     0.10061758E-015    -0.12142559E-014
     0.11705607E+002    -0.20979525E-004    -0.54356982E-006     0.91400910E-016    -0.55253115E-015     0.10855184E-015    -0.12845765E-014
     0.11713203E+002    -0.21999046E-004    -0.22332155E-006     0.95527352E-016    -0.58392790E-015     0.11533796E-015    -0.13619061E-014
     0.11720799E+002    -0.22719694E-004    -0.76811282E-007     0.99139327E-016    -0.61889772E-015     0.12226988E-015    -0.14489951E-014
     0.11728395E+002    -0.23289878E-004     0.41541611E-008     0.10276062E-015    -0.65859165E-015     0.13003350E-015    -0.15483046E-014
     0.11735991E+002    -0.23780605E-004     0.43006168E-007     0.10678667E-015    -0.70427344E-015     0.13929657E-015    -0.16628810E-014
     0.11743587E+002    -0.24229413E-004     0.64397531E-007     0.11153456E-015    -0.75752786E-015     0.15080877E-015    -0.17966711E-014
     0.11751183E+002    -0.24662047E-004     0.73624995E-007     0.11747671E-015    -0.82048894E-015     0.16566484E-015    -0.19549969E-014
     0.11758779E+002    -0.25100828E-004     0.77320539E-007     0.12519067E-015    -0.89610556E-015     0.18536860E-015    -0.21452833E-014
     0.11766376E+002    -0.25563800E-004     0.67201182E-007     0.13565758E-015    -0.98874493E-015     0.21242211E-015    -0.23784972E-014
     0.11773972E+002    -0.26057705E-004     0.48685501E-007     0.15053596E-015    -0.11047898E-014     0.25113239E-015    -0.26707407E-014
     0.11781568E+002    -0.26604707E-004     0.18375445E-007     0.17265149E-015    -0.12544291E-014     0.30887277E-015    -0.30476655E-014
     0.11789164E+002    -0.27223321E-004    -0.26664013E-007     0.20764474E-015    -0.14546510E-014     0.40031558E-015    -0.35520163E-014
     0.11796760E+002    -0.27934701E-004    -0.88205344E-007     0.26769205E-015    -0.17358538E-014     0.55703343E-015    -0.42601919E-014
     0.11804356E+002    -0.28789148E-004    -0.17190966E-006     0.38276355E-015    -0.21579824E-014     0.85639683E-015    -0.53225730E-014
     0.11811952E+002    -0.29833815E-004    -0.29795331E-006     0.64414913E-015    -0.28548407E-014     0.15316935E-014    -0.70736386E-014
     0.11819548E+002    -0.31159272E-004    -0.49190153E-006     0.14237155E-014    -0.41609587E-014     0.35326890E-014    -0.10351500E-013
     0.11827144E+002    -0.32899143E-004    -0.80198436E-006     0.51534011E-014    -0.64840596E-014     0.13015983E-013    -0.16106209E-013
     0.11834741E+002    -0.35310842E-004    -0.13292297E-005     0.11064743E-013     0.38905616E-014     0.27616957E-013     0.10275171E-013
     0.11842337E+002    -0.38880466E-004    -0.23355956E-005     0.28693846E-014     0.48499196E-014     0.68701571E-014     0.12442985E-013
     0.11849933E+002    -0.44697671E-004    -0.45673565E-005     0.12060346E-014     0.31430460E-014     0.26908699E-014     0.80694030E-014
     0.11857529E+002    -0.55468964E-004    -0.11066039E-004     0.75210613E-015     0.22721399E-014     0.15150679E-014     0.58211187E-014
     0.11865125E+002    -0.74686598E-004    -0.40977739E-004     0.61353890E-015     0.18584646E-014     0.10798200E-014     0.46131741E-014
     0.11872721E+002     0.92976236E-005    -0.96305933E-004     0.22075028E-015     0.17161743E-014     0.54014072E-015     0.39599445E-014
     0.11880317E+002     0.21785211E-004    -0.23386456E-004     0.11695480E-015     0.12354386E-014     0.35084197E-015     0.31283481E-014
     0.11887913E+002     0.64343602E-005    -0.83402063E-005     0.13080868E-015     0.10147665E-014     0.31026820E-015     0.26495786E-014
     0.11895509E+002    -0.15203059E-005    -0.41058955E-005     0.13169644E-015     0.87106730E-015     0.27468770E-015     0.23086971E-014
     0.11903106E+002    -0.60938872E-005    -0.23852682E-005     0.12850794E-015     0.76326220E-015     0.24576191E-015     0.20454532E-014
     0.11910702E+002    -0.90394705E-005    -0.15182369E-005     0.12460497E-015     0.67784443E-015     0.22304587E-015     0.18344198E-014
     0.11918298E+002    -0.11085802E-004    -0.10258549E-005     0.12088850E-015     0.60808135E-015     0.20507861E-015     0.16610609E-014
     0.11925894E+002    -0.12589979E-004    -0.71799950E-006     0.11760965E-015     0.54981813E-015     0.19074907E-015     0.15158898E-014
     0.11933490E+002    -0.13744546E-004    -0.50893902E-006     0.11484879E-015     0.50038341E-015     0.17924212E-015     0.13925100E-014
     0.11941086E+002    -0.14658918E-004    -0.36429514E-006     0.11247001E-015     0.45789065E-015     0.16979853E-015     0.12863581E-014
     0.11948682E+002    -0.15403439E-004    -0.25352988E-006     0.11042749E-015     0.42092611E-015     0.16194217E-015     0.11939990E-014
     0.11956278E+002    -0.16024450E-004    -0.16976953E-006     0.10868257E-015     0.38843680E-015     0.15536375E-015     0.11128402E-014
     0.11963874E+002    -0.16553435E-004    -0.10461058E-006     0.10718314E-015     0.35965948E-015     0.14980085E-015     0.10409794E-014
     0.11971471E+002    -0.17007082E-004    -0.58321142E-007     0.10588059E-015     0.33399215E-015     0.14504521E-015     0.97691380E-015
     0.11979067E+002    -0.17396690E-004    -0.16448660E-007     0.10464059E-015     0.31082312E-015     0.14084005E-015     0.91926839E-015
     0.11986663E+002    -0.17743983E-004     0.16183860E-007     0.10400652E-015     0.28999299E-015     0.13764615E-015     0.86735452E-015
     0.11994259E+002    -0.18049939E-004     0.46077496E-007     0.10302740E-015     0.27114297E-015     0.13442923E-015     0.82031159E-015
     0.12001855E+002    -0.18324356E-004     0.72345484E-007     0.10224201E-015     0.25384048E-015     0.13166679E-015     0.77731174E-015
     0.12009451E+002    -0.18578798E-004     0.94367599E-007     0.10158209E-015     0.23795798E-015     0.12926395E-015     0.73790974E-015
     0.12017047E+002    -0.18806356E-004     0.11026956E-006     0.10101245E-015     0.22338273E-015     0.12715558E-015     0.70173058E-015
     0.12024643E+002    -0.19013258E-004     0.12289044E-006     0.10047846E-015     0.20990462E-015     0.12523982E-015     0.66833129E-015
     0.12032239E+002    -0.19201404E-004     0.13784411E-006     0.10000800E-015     0.19739529E-015     0.12353703E-015     0.63740160E-015
     0.12039836E+002    -0.19380084E-004     0.15306829E-006     0.99601626E-016     0.18577207E-015     0.12202539E-015     0.60869482E-015
     0.12047432E+002    -0.19543230E-004     0.16278646E-006     0.99210320E-016     0.17494053E-015     0.12060252E-015     0.58197137E-015
     0.12055028E+002    -0.19701299E-004     0.17597231E-006     0.98856087E-016     0.16478095E-015     0.11932891E-015     0.55696479E-015
     0.12062624E+002    -0.19846499E-004     0.18183516E-006     0.98556339E-016     0.15525501E-015     0.11819296E-015     0.53356066E-015
     0.12070220E+002    -0.19981786E-004     0.18646308E-006     0.98278911E-016     0.14631142E-015     0.11715390E-015     0.51161185E-015
     0.12077816E+002    -0.20106675E-004     0.19474188E-006     0.98028234E-016     0.13787405E-015     0.11620242E-015     0.49095714E-015
     0.12085412E+002    -0.20227293E-004     0.20210879E-006     0.97803357E-016     0.12991197E-015     0.11533707E-015     0.47149752E-015
     0.12093008E+002    -0.20342422E-004     0.21062802E-006     0.97599110E-016     0.12238882E-015     0.11453480E-015     0.45314029E-015
     0.12100604E+002    -0.20453339E-004     0.21688871E-006     0.97402669E-016     0.11525324E-015     0.11378179E-015     0.43575679E-015
     0.12108201E+002    -0.20559296E-004     0.22379666E-006     0.97218401E-016     0.10846534E-015     0.11308383E-015     0.41926746E-015
     0.12115797E+002    -0.20664007E-004     0.22555855E-006     0.97059561E-016     0.10201300E-015     0.11246069E-015     0.40362613E-015
     0.12123393E+002    -0.20754655E-004     0.22795791E-006     0.96934574E-016     0.95839211E-016     0.11189089E-015     0.38872637E-015
     0.12130989E+002    -0.20847312E-004     0.23425563E-006     0.96802947E-016     0.89996208E-016     0.11135378E-015     0.37459123E-015
     0.12138585E+002    -0.20936392E-004     0.24093183E-006     0.96697107E-016     0.84380542E-016     0.11086251E-015     0.36108504E-015
     0.12146181E+002    -0.21022673E-004     0.24465839E-006     0.96586085E-016     0.79037843E-016     0.11038814E-015     0.34821140E-015
     0.12153777E+002    -0.21108821E-004     0.24994715E-006     0.96473097E-016     0.73901925E-016     0.10993561E-015     0.33588644E-015
     0.12161373E+002    -0.21190738E-004     0.25194308E-006     0.96381253E-016     0.68960531E-016     0.10953907E-015     0.32407225E-015
     0.12168969E+002    -0.21268186E-004     0.25210193E-006     0.96301757E-016     0.64218560E-016     0.10917030E-015     0.31276071E-015
     0.12176566E+002    -0.21340618E-004     0.25567350E-006     0.96235868E-016     0.59672083E-016     0.10883961E-015     0.30192851E-015
     0.12184162E+002    -0.21414464E-004     0.26508315E-006     0.96168854E-016     0.55287088E-016     0.10853230E-015     0.29151744E-015
     0.12191758E+002    -0.21490060E-004     0.26617927E-006     0.96123806E-016     0.51073582E-016     0.10827521E-015     0.28154629E-015
     0.12199354E+002    -0.21563873E-004     0.27155548E-006     0.96094028E-016     0.47074055E-016     0.10807148E-015     0.27211418E-015
     0.12206950E+002    -0.21632650E-004     0.26879913E-006     0.95809459E-016     0.43189346E-016     0.10721346E-015     0.26299040E-015
     0.12214546E+002    -0.21699440E-004     0.26967355E-006     0.95767195E-016     0.39222413E-016     0.10697515E-015     0.25364561E-015
     0.12222142E+002    -0.21761705E-004     0.27208029E-006     0.95756627E-016     0.35503938E-016     0.10681986E-015     0.24492618E-015
     0.12229738E+002    -0.21824767E-004     0.27770283E-006     0.95715489E-016     0.31928664E-016     0.10661724E-015     0.23655619E-015
     0.12237334E+002    -0.21891704E-004     0.28438967E-006     0.95655751E-016     0.28445116E-016     0.10639427E-015     0.22846485E-015
     0.12244931E+002    -0.21959952E-004     0.27938263E-006     0.95591459E-016     0.24976853E-016     0.10616423E-015     0.22053996E-015
     0.12252527E+002    -0.22014309E-004     0.28006920E-006     0.95641297E-016     0.21704161E-016     0.10604441E-015     0.21295214E-015
     0.12260123E+002    -0.22077350E-004     0.28434766E-006     0.95632435E-016     0.18531554E-016     0.10589931E-015     0.20560406E-015
     0.12267719E+002    -0.22132818E-004     0.28212832E-006     0.95619473E-016     0.15435648E-016     0.10575198E-015     0.19847693E-015
     0.12275315E+002    -0.22189260E-004     0.28669853E-006     0.95610332E-016     0.12414943E-016     0.10561657E-015     0.19155794E-015
     0.12282911E+002    -0.22246211E-004     0.29230247E-006     0.95619489E-016     0.94822210E-017     0.10550411E-015     0.18484104E-015
     0.12290507E+002    -0.22305835E-004     0.29393244E-006     0.95619723E-016     0.66261746E-017     0.10539967E-015     0.17832068E-015
     0.12298103E+002    -0.22363578E-004     0.29466789E-006     0.95620450E-016     0.38383679E-017     0.10529721E-015     0.17198098E-015
     0.12305699E+002    -0.22418097E-004     0.29505571E-006     0.95633021E-016     0.11087771E-017     0.10522942E-015     0.16579113E-015
     0.12313296E+002    -0.22471750E-004     0.29510946E-006     0.95668946E-016    -0.15648322E-017     0.10522090E-015     0.15977110E-015
     0.12320892E+002    -0.22524908E-004     0.29632566E-006     0.95724360E-016    -0.41310917E-017     0.10525203E-015     0.15397933E-015
     0.12328488E+002    -0.22574502E-004     0.30245946E-006     0.95796537E-016    -0.66457515E-017     0.10534864E-015     0.14834598E-015
     0.12336084E+002    -0.22633935E-004     0.30421726E-006     0.95954554E-016    -0.90497503E-017     0.10564466E-015     0.14299502E-015
     0.12343680E+002    -0.22688128E-004     0.30505361E-006     0.96249036E-016    -0.11132319E-016     0.10631376E-015     0.13844161E-015
     0.12351276E+002    -0.22746217E-004     0.30070820E-006     0.95523864E-016    -0.12078790E-016     0.10442960E-015     0.13678473E-015
     0.12358872E+002    -0.22789141E-004     0.29317310E-006     0.94430082E-016    -0.15843977E-016     0.10153393E-015     0.12807375E-015
     0.12366468E+002    -0.22837084E-004     0.29229882E-006     0.94816502E-016    -0.18538465E-016     0.10235147E-015     0.12193592E-015
     0.12374064E+002    -0.22881093E-004     0.28742568E-006     0.94948799E-016    -0.20866973E-016     0.10266302E-015     0.11673940E-015
     0.12381661E+002    -0.22915594E-004     0.27721280E-006     0.94979291E-016    -0.23108977E-016     0.10275073E-015     0.11179065E-015
     0.12389257E+002    -0.22897695E-004     0.30825224E-006     0.94979543E-016    -0.25376722E-016     0.10274776E-015     0.10689515E-015
     0.12396853E+002    -0.23012622E-004     0.36694313E-006     0.95052963E-016    -0.27571407E-016     0.10281017E-015     0.10216068E-015
     0.12404449E+002    -0.23084035E-004     0.35349581E-006     0.95053083E-016    -0.29699943E-016     0.10277058E-015     0.97555084E-016
     0.12412045E+002    -0.23137678E-004     0.34240810E-006     0.94999357E-016    -0.31857671E-016     0.10267121E-015     0.92991366E-016
     0.12419641E+002    -0.23184780E-004     0.34167259E-006     0.95167210E-016    -0.34271957E-016     0.10273597E-015     0.88296810E-016
     0.12427237E+002    -0.23236555E-004     0.34597144E-006     0.95570306E-016    -0.35605619E-016     0.10294268E-015     0.84551299E-016
     0.12434833E+002    -0.23291645E-004     0.34366413E-006     0.94864770E-016    -0.39302669E-016     0.10216220E-015     0.78518836E-016
     0.12442429E+002    -0.23341714E-004     0.34063047E-006     0.95437251E-016    -0.39684861E-016     0.10260013E-015     0.75889332E-016
     0.12450026E+002    -0.23387541E-004     0.33842548E-006     0.95130766E-016    -0.41764490E-016     0.10205476E-015     0.71532544E-016
     0.12457622E+002    -0.23433198E-004     0.33902849E-006     0.94936376E-016    -0.43879946E-016     0.10143824E-015     0.66942226E-016
     0.12465218E+002    -0.23483090E-004     0.34077900E-006     0.94868608E-016    -0.46657786E-016     0.10138301E-015     0.60320214E-016
     0.12472814E+002    -0.23525254E-004     0.34122504E-006     0.96265971E-016    -0.48114938E-016     0.10519068E-015     0.57889048E-016
     0.12480410E+002    -0.23574926E-004     0.34744649E-006     0.96032986E-016    -0.49482381E-016     0.10439943E-015     0.55372914E-016
     0.12488006E+002    -0.23627133E-004     0.34863164E-006     0.96020969E-016    -0.51336530E-016     0.10424116E-015     0.51573977E-016
     0.12495602E+002    -0.23675387E-004     0.34515221E-006     0.96097850E-016    -0.52986439E-016     0.10429700E-015     0.48296692E-016
     0.12503198E+002    -0.23718727E-004     0.34395145E-006     0.96162479E-016    -0.54600671E-016     0.10429790E-015     0.45143838E-016
     0.12510794E+002    -0.23764741E-004     0.35008404E-006     0.95809512E-016    -0.56355108E-016     0.10317922E-015     0.41625332E-016
     0.12518391E+002    -0.23812993E-004     0.34932081E-006     0.96078649E-016    -0.58538560E-016     0.10343554E-015     0.37277735E-016
     0.12525987E+002    -0.23853884E-004     0.35312702E-006     0.97073871E-016    -0.59705822E-016     0.10446246E-015     0.34250120E-016
     0.12533583E+002    -0.23907943E-004     0.36054590E-006     0.96191044E-016    -0.60950941E-016     0.10358233E-015     0.31218552E-016
     0.12541179E+002    -0.23958893E-004     0.35371763E-006     0.96160988E-016    -0.63186079E-016     0.10356377E-015     0.27232332E-016
     0.12548775E+002    -0.23997342E-004     0.35825671E-006     0.96927628E-016    -0.64553387E-016     0.10436749E-015     0.24153059E-016
     0.12556371E+002    -0.24048441E-004     0.36098205E-006     0.96987747E-016    -0.65360381E-016     0.10453571E-015     0.21660276E-016
     0.12563967E+002    -0.24095946E-004     0.36370359E-006     0.96115308E-016    -0.66487340E-016     0.10385684E-015     0.18975582E-016
     0.12571563E+002    -0.24144016E-004     0.36491534E-006     0.96021470E-016    -0.69245466E-016     0.10418212E-015     0.14920074E-016
     0.12579159E+002    -0.24191311E-004     0.36634881E-006     0.97012633E-016    -0.70141590E-016     0.10567279E-015     0.14027686E-016
     0.12586756E+002    -0.24240354E-004     0.36838486E-006     0.95741570E-016    -0.70996334E-016     0.10061826E-015     0.12026212E-016
     0.12594352E+002    -0.24288080E-004     0.36784488E-006     0.95065461E-016    -0.72867349E-016     0.10023687E-015     0.66071670E-017
     0.12601948E+002    -0.24332240E-004     0.36835118E-006     0.95002140E-016    -0.74848205E-016     0.10054649E-015     0.26853928E-017
     0.12609544E+002    -0.24382523E-004     0.37666187E-006     0.94940395E-016    -0.76440626E-016     0.10056778E-015    -0.59950459E-018
     0.12617140E+002    -0.24434709E-004     0.37778988E-006     0.94444208E-016    -0.77700301E-016     0.99956610E-016    -0.35680382E-017
     0.12624736E+002    -0.24490598E-004     0.36540691E-006     0.92642748E-016    -0.81371380E-016     0.97831613E-016    -0.94411324E-017
     0.12632332E+002    -0.24527014E-004     0.36459595E-006     0.95647275E-016    -0.84097874E-016     0.10280841E-015    -0.14636017E-016
     0.12639928E+002    -0.24572349E-004     0.36618089E-006     0.96183677E-016    -0.84329456E-016     0.10351563E-015    -0.14844197E-016
     0.12647524E+002    -0.24616921E-004     0.36541045E-006     0.96176662E-016    -0.85436464E-016     0.10327008E-015    -0.17043826E-016
     0.12655121E+002    -0.24659512E-004     0.37120960E-006     0.96157560E-016    -0.86582157E-016     0.10312249E-015    -0.19267532E-016
     0.12662717E+002    -0.24708698E-004     0.37460312E-006     0.95768888E-016    -0.87987367E-016     0.10224300E-015    -0.22150491E-016
     0.12670313E+002    -0.24758515E-004     0.37544974E-006     0.95615291E-016    -0.89912546E-016     0.10212386E-015    -0.25593481E-016
     0.12677909E+002    -0.24803703E-004     0.37671071E-006     0.96031291E-016    -0.91416341E-016     0.10258360E-015    -0.28467769E-016
     0.12685505E+002    -0.24854855E-004     0.37538940E-006     0.96202540E-016    -0.92738408E-016     0.10283934E-015    -0.31086146E-016
     0.12693101E+002    -0.24893628E-004     0.37278933E-006     0.96365192E-016    -0.93989357E-016     0.10315909E-015    -0.33346631E-016
     0.12700697E+002    -0.24938739E-004     0.38246752E-006     0.95818668E-016    -0.95112437E-016     0.10169427E-015    -0.35414606E-016
     0.12708293E+002    -0.24988908E-004     0.38982083E-006     0.95835342E-016    -0.96992035E-016     0.10166701E-015    -0.39226152E-016
     0.12715889E+002    -0.25042494E-004     0.39191917E-006     0.95958340E-016    -0.98489925E-016     0.10189186E-015    -0.42142345E-016
     0.12723486E+002    -0.25091836E-004     0.38974773E-006     0.96018170E-016    -0.99948293E-016     0.10197689E-015    -0.44922800E-016
     0.12731082E+002    -0.25142312E-004     0.39281370E-006     0.96060668E-016    -0.10139706E-015     0.10201970E-015    -0.47667418E-016
     0.12738678E+002    -0.25192713E-004     0.38679450E-006     0.96102239E-016    -0.10286776E-015     0.10205059E-015    -0.50422120E-016
     0.12746274E+002    -0.25235239E-004     0.38436391E-006     0.96171609E-016    -0.10429803E-015     0.10208329E-015    -0.53101628E-016
     0.12753870E+002    -0.25279122E-004     0.39268815E-006     0.96207445E-016    -0.10564473E-015     0.10204305E-015    -0.55708293E-016
     0.12761466E+002    -0.25330592E-004     0.39407848E-006     0.96079264E-016    -0.10709360E-015     0.10177197E-015    -0.58464148E-016
     0.12769062E+002    -0.25381239E-004     0.39612223E-006     0.95957413E-016    -0.10880329E-015     0.10142650E-015    -0.61796943E-016
     0.12776658E+002    -0.25430122E-004     0.39524313E-006     0.96701052E-016    -0.11049577E-015     0.10323709E-015    -0.65093217E-016
     0.12784254E+002    -0.25477107E-004     0.39584723E-006     0.96736367E-016    -0.11142784E-015     0.10324488E-015    -0.66503717E-016
     0.12791851E+002    -0.25527271E-004     0.39564803E-006     0.96669993E-016    -0.11272745E-015     0.10301003E-015    -0.68845311E-016
     0.12799447E+002    -0.25570184E-004     0.39826190E-006     0.96628097E-016    -0.11407354E-015     0.10287385E-015    -0.71326050E-016
     0.12807043E+002    -0.25621693E-004     0.40497564E-006     0.96566007E-016    -0.11545536E-015     0.10274946E-015    -0.73851454E-016
     0.12814639E+002    -0.25677878E-004     0.40416040E-006     0.96510196E-016    -0.11702928E-015     0.10264471E-015    -0.76576127E-016
     0.12822235E+002    -0.25723588E-004     0.40079803E-006     0.96672438E-016    -0.11842810E-015     0.10276934E-015    -0.79122637E-016
     0.12829831E+002    -0.25773447E-004     0.40322798E-006     0.96724696E-016    -0.11979036E-015     0.10278987E-015    -0.81627939E-016
     0.12837427E+002    -0.25820934E-004     0.40263970E-006     0.96762644E-016    -0.12117518E-015     0.10279737E-015    -0.84150876E-016
     0.12845023E+002    -0.25869249E-004     0.40491097E-006     0.96790024E-016    -0.12257054E-015     0.10278174E-015    -0.86696580E-016
     0.12852619E+002    -0.25917366E-004     0.40774581E-006     0.96870168E-016    -0.12402298E-015     0.10290199E-015    -0.89381300E-016
     0.12860216E+002    -0.25969788E-004     0.41381523E-006     0.96971509E-016    -0.12532659E-015     0.10308213E-015    -0.91684957E-016
     0.12867812E+002    -0.26024578E-004     0.41043603E-006     0.97003553E-016    -0.12666715E-015     0.10307153E-015    -0.94094885E-016
     0.12875408E+002    -0.26072553E-004     0.41026135E-006     0.96989527E-016    -0.12797019E-015     0.10304509E-015    -0.96499121E-016
     0.12883004E+002    -0.26120772E-004     0.41126477E-006     0.96962921E-016    -0.12943555E-015     0.10301644E-015    -0.99043678E-016
     0.12890600E+002    -0.26172702E-004     0.41175644E-006     0.97010492E-016    -0.13084938E-015     0.10306465E-015    -0.10153421E-015
     0.12898196E+002    -0.26218915E-004     0.41573349E-006     0.97079233E-016    -0.13225004E-015     0.10313963E-015    -0.10400551E-015
     0.12905792E+002    -0.26272962E-004     0.41896513E-006     0.97126626E-016    -0.13362953E-015     0.10319968E-015    -0.10645078E-015
     0.12913388E+002    -0.26327173E-004     0.42064762E-006     0.97169812E-016    -0.13501625E-015     0.10327138E-015    -0.10889161E-015
     0.12920984E+002    -0.26380015E-004     0.41857186E-006     0.97214355E-016    -0.13641594E-015     0.10337167E-015    -0.11133211E-015
     0.12928581E+002    -0.26426948E-004     0.41688764E-006     0.97254914E-016    -0.13784698E-015     0.10347361E-015    -0.11374201E-015
     0.12936177E+002    -0.26479989E-004     0.42182960E-006     0.97417271E-016    -0.13923010E-015     0.10374888E-015    -0.11613308E-015
     0.12943773E+002    -0.26529275E-004     0.42177913E-006     0.97522073E-016    -0.14065656E-015     0.10416384E-015    -0.11833550E-015
     0.12951369E+002    -0.26581492E-004     0.42515825E-006     0.98210974E-016    -0.14140839E-015     0.10473242E-015    -0.11865000E-015
     0.12958965E+002    -0.26637010E-004     0.42998129E-006     0.97018757E-016    -0.14288735E-015     0.10163668E-015    -0.12219223E-015
     0.12966561E+002    -0.26691688E-004     0.42571379E-006     0.97192664E-016    -0.14463057E-015     0.10221118E-015    -0.12565130E-015
     0.12974157E+002    -0.26742108E-004     0.42580654E-006     0.97334128E-016    -0.14609486E-015     0.10258619E-015    -0.12829254E-015
     0.12981753E+002    -0.26792209E-004     0.42669741E-006     0.97434076E-016    -0.14751081E-015     0.10282059E-015    -0.13078333E-015
     0.12989349E+002    -0.26843273E-004     0.43077998E-006     0.97517080E-016    -0.14891240E-015     0.10299136E-015    -0.13322160E-015
     0.12996946E+002    -0.26898921E-004     0.43324026E-006     0.97604496E-016    -0.15031076E-015     0.10315712E-015    -0.13563819E-015
     0.13004542E+002    -0.26951212E-004     0.43742739E-006     0.97703009E-016    -0.15169400E-015     0.10334768E-015    -0.13801176E-015
     0.13012138E+002    -0.27011423E-004     0.43697155E-006     0.97855737E-016    -0.15302496E-015     0.10365012E-015    -0.14022898E-015
     0.13019734E+002    -0.27063619E-004     0.43445053E-006     0.97857801E-016    -0.15397119E-015     0.10355766E-015    -0.14154465E-015
     0.13027330E+002    -0.27113161E-004     0.43425666E-006     0.97375752E-016    -0.15568887E-015     0.10231669E-015    -0.14476708E-015
     0.13034926E+002    -0.27168175E-004     0.43922969E-006     0.97508640E-016    -0.15728105E-015     0.10262648E-015    -0.14764056E-015
     0.13042522E+002    -0.27221478E-004     0.44145504E-006     0.97621418E-016    -0.15877525E-015     0.10283592E-015    -0.15020046E-015
     0.13050118E+002    -0.27278433E-004     0.44360657E-006     0.97710373E-016    -0.16020311E-015     0.10297015E-015    -0.15265648E-015
     0.13057714E+002    -0.27335490E-004     0.44512932E-006     0.97775562E-016    -0.16163007E-015     0.10306635E-015    -0.15509679E-015
     0.13065311E+002    -0.27392357E-004     0.44462693E-006     0.97830641E-016    -0.16307083E-015     0.10313764E-015    -0.15754842E-015
     0.13072907E+002    -0.27444645E-004     0.43937869E-006     0.97896743E-016    -0.16451352E-015     0.10321543E-015    -0.15999328E-015
     0.13080503E+002    -0.27496769E-004     0.44693392E-006     0.97965304E-016    -0.16593422E-015     0.10329216E-015    -0.16241444E-015
     0.13088099E+002    -0.27553482E-004     0.44867208E-006     0.98008350E-016    -0.16736620E-015     0.10333472E-015    -0.16484340E-015
     0.13095695E+002    -0.27611705E-004     0.44993252E-006     0.98055868E-016    -0.16880824E-015     0.10338055E-015    -0.16728310E-015
     0.13103291E+002    -0.27667816E-004     0.45308536E-006     0.98103421E-016    -0.17025299E-015     0.10342389E-015    -0.16972520E-015
     0.13110887E+002    -0.27727379E-004     0.45172354E-006     0.98145638E-016    -0.17170619E-015     0.10346077E-015    -0.17217892E-015
     0.13118483E+002    -0.27782955E-004     0.45021919E-006     0.98194596E-016    -0.17316719E-015     0.10350568E-015    -0.17464234E-015
     0.13126079E+002    -0.27836517E-004     0.45106460E-006     0.98253143E-016    -0.17462802E-015     0.10357585E-015    -0.17709610E-015
     0.13133676E+002    -0.27891065E-004     0.45605909E-006     0.98298422E-016    -0.17608002E-015     0.10361180E-015    -0.17952988E-015
     0.13141272E+002    -0.27954332E-004     0.45926432E-006     0.98337818E-016    -0.17755059E-015     0.10363781E-015    -0.18199170E-015
     0.13148868E+002    -0.28009492E-004     0.45777114E-006     0.98380640E-016    -0.17902583E-015     0.10366490E-015    -0.18446296E-015
     0.13156464E+002    -0.28070359E-004     0.46107879E-006     0.98421409E-016    -0.18050497E-015     0.10369147E-015    -0.18693659E-015
     0.13164060E+002    -0.28129200E-004     0.45975585E-006     0.98458437E-016    -0.18199803E-015     0.10370778E-015    -0.18943071E-015
     0.13171656E+002    -0.28184771E-004     0.45753364E-006     0.98495677E-016    -0.18349704E-015     0.10371701E-015    -0.19193405E-015
     0.13179252E+002    -0.28241240E-004     0.46321698E-006     0.98518318E-016    -0.18501163E-015     0.10368837E-015    -0.19447939E-015
     0.13186848E+002    -0.28301424E-004     0.46656459E-006     0.98582331E-016    -0.18663514E-015     0.10378038E-015    -0.19728088E-015
     0.13194444E+002    -0.28364137E-004     0.46686728E-006     0.98730885E-016    -0.18806195E-015     0.10406631E-015    -0.19956614E-015
     0.13202041E+002    -0.28423604E-004     0.46519807E-006     0.98748603E-016    -0.18957947E-015     0.10397716E-015    -0.20208127E-015
     0.13209637E+002    -0.28478136E-004     0.46734619E-006     0.98839333E-016    -0.19121140E-015     0.10415462E-015    -0.20497710E-015
     0.13217233E+002    -0.28542226E-004     0.47000740E-006     0.99008146E-016    -0.19257226E-015     0.10453836E-015    -0.20707181E-015
     0.13224829E+002    -0.28598886E-004     0.47370240E-006     0.98975460E-016    -0.19405378E-015     0.10443085E-015    -0.20946085E-015
     0.13232425E+002    -0.28661171E-004     0.47758845E-006     0.99026261E-016    -0.19561446E-015     0.10443410E-015    -0.21199299E-015
     0.13240021E+002    -0.28728271E-004     0.48068826E-006     0.99070909E-016    -0.19714308E-015     0.10444603E-015    -0.21451207E-015
     0.13247617E+002    -0.28794759E-004     0.47793223E-006     0.99121047E-016    -0.19868863E-015     0.10447525E-015    -0.21705685E-015
     0.13255213E+002    -0.28851686E-004     0.47260105E-006     0.99161154E-016    -0.20023490E-015     0.10449913E-015    -0.21960705E-015
     0.13262809E+002    -0.28911577E-004     0.47433915E-006     0.99205975E-016    -0.20179729E-015     0.10453311E-015    -0.22216951E-015
     0.13270406E+002    -0.28971471E-004     0.47574610E-006     0.99253786E-016    -0.20336969E-015     0.10456738E-015    -0.22474928E-015
     0.13278002E+002    -0.29029421E-004     0.47804615E-006     0.99304482E-016    -0.20493876E-015     0.10460553E-015    -0.22732202E-015
     0.13285598E+002    -0.29096802E-004     0.48758393E-006     0.99339026E-016    -0.20652103E-015     0.10461830E-015    -0.22991562E-015
     0.13293194E+002    -0.29162733E-004     0.48311405E-006     0.99369997E-016    -0.20812820E-015     0.10461569E-015    -0.23255280E-015
     0.13300790E+002    -0.29225819E-004     0.48400925E-006     0.99410331E-016    -0.20978554E-015     0.10463025E-015    -0.23531241E-015
     0.13308386E+002    -0.29287822E-004     0.48463942E-006     0.99579163E-016    -0.21139164E-015     0.10497325E-015    -0.23793092E-015
     0.13315982E+002    -0.29351481E-004     0.48468527E-006     0.99616234E-016    -0.21295183E-015     0.10498293E-015    -0.24042473E-015
     0.13323578E+002    -0.29413288E-004     0.48792944E-006     0.99661005E-016    -0.21456202E-015     0.10500281E-015    -0.24303549E-015
     0.13331174E+002    -0.29477846E-004     0.49270397E-006     0.99704516E-016    -0.21618909E-015     0.10503077E-015    -0.24567916E-015
     0.13338771E+002    -0.29548070E-004     0.49488462E-006     0.99753121E-016    -0.21782038E-015     0.10506076E-015    -0.24833123E-015
     0.13346367E+002    -0.29616108E-004     0.49092708E-006     0.99805411E-016    -0.21947328E-015     0.10510687E-015    -0.25101918E-015
     0.13353963E+002    -0.29674553E-004     0.49082825E-006     0.99860219E-016    -0.22112709E-015     0.10515725E-015    -0.25370551E-015
     0.13361559E+002    -0.29744136E-004     0.49351058E-006     0.99913859E-016    -0.22278837E-015     0.10520803E-015    -0.25639898E-015
     0.13369155E+002    -0.29806015E-004     0.49486754E-006     0.99972354E-016    -0.22446359E-015     0.10526404E-015    -0.25911232E-015
     0.13376751E+002    -0.29872281E-004     0.49815272E-006     0.10002743E-015    -0.22613983E-015     0.10531525E-015    -0.26182840E-015
     0.13384347E+002    -0.29942916E-004     0.50254412E-006     0.10007860E-015    -0.22782499E-015     0.10536270E-015    -0.26455551E-015
     0.13391943E+002    -0.30012845E-004     0.50136913E-006     0.10012947E-015    -0.22953404E-015     0.10541119E-015    -0.26731544E-015
     0.13399539E+002    -0.30078825E-004     0.49808201E-006     0.10019308E-015    -0.23124829E-015     0.10547483E-015    -0.27008566E-015
     0.13407136E+002    -0.30144192E-004     0.50071403E-006     0.10026049E-015    -0.23296289E-015     0.10555404E-015    -0.27285199E-015
     0.13414732E+002    -0.30211860E-004     0.50469064E-006     0.10032119E-015    -0.23468647E-015     0.10562177E-015    -0.27562697E-015
     0.13422328E+002    -0.30280868E-004     0.50339409E-006     0.10039846E-015    -0.23641066E-015     0.10572166E-015    -0.27839009E-015
     0.13429924E+002    -0.30349056E-004     0.51144505E-006     0.10044425E-015    -0.23807716E-015     0.10574694E-015    -0.28100646E-015
     0.13437520E+002    -0.30424352E-004     0.50949027E-006     0.10039790E-015    -0.23989269E-015     0.10555059E-015    -0.28398094E-015
     0.13445116E+002    -0.30493730E-004     0.50775442E-006     0.10047703E-015    -0.24170578E-015     0.10565865E-015    -0.28692796E-015
     0.13452712E+002    -0.30560080E-004     0.50745433E-006     0.10055334E-015    -0.24349597E-015     0.10575479E-015    -0.28981374E-015
     0.13460308E+002    -0.30629204E-004     0.51104005E-006     0.10061726E-015    -0.24528344E-015     0.10582778E-015    -0.29268904E-015
     0.13467904E+002    -0.30700951E-004     0.51405423E-006     0.10067822E-015    -0.24708891E-015     0.10589118E-015    -0.29558436E-015
     0.13475501E+002    -0.30771751E-004     0.51634568E-006     0.10073598E-015    -0.24890670E-015     0.10594646E-015    -0.29850608E-015
     0.13483097E+002    -0.30846077E-004     0.51895306E-006     0.10080408E-015    -0.25073368E-015     0.10602147E-015    -0.30143627E-015
     0.13490693E+002    -0.30922789E-004     0.51918090E-006     0.10086162E-015    -0.25257100E-015     0.10607890E-015    -0.30438099E-015
     0.13498289E+002    -0.30989676E-004     0.51326194E-006     0.10092742E-015    -0.25442273E-015     0.10614631E-015    -0.30734768E-015
     0.13505885E+002    -0.31061747E-004     0.51997378E-006     0.10099364E-015    -0.25627459E-015     0.10621670E-015    -0.31031374E-015
     0.13513481E+002    -0.31133932E-004     0.52238872E-006     0.10105151E-015    -0.25814461E-015     0.10627388E-015    -0.31330475E-015
     0.13521077E+002    -0.31209369E-004     0.52412910E-006     0.10110888E-015    -0.26002792E-015     0.10632679E-015    -0.31631716E-015
     0.13528673E+002    -0.31284890E-004     0.52661548E-006     0.10117096E-015    -0.26192224E-015     0.10638765E-015    -0.31934639E-015
     0.13536269E+002    -0.31361265E-004     0.52809882E-006     0.10122587E-015    -0.26383448E-015     0.10644221E-015    -0.32240345E-015
     0.13543866E+002    -0.31437105E-004     0.52360333E-006     0.10128789E-015    -0.26576323E-015     0.10650122E-015    -0.32548175E-015
     0.13551462E+002    -0.31507892E-004     0.52492183E-006     0.10136171E-015    -0.26769937E-015     0.10658339E-015    -0.32857440E-015
     0.13559058E+002    -0.31580116E-004     0.53122373E-006     0.10142245E-015    -0.26963727E-015     0.10664310E-015    -0.33166671E-015
     0.13566654E+002    -0.31662609E-004     0.53236721E-006     0.10148106E-015    -0.27160121E-015     0.10669966E-015    -0.33479869E-015
     0.13574250E+002    -0.31736288E-004     0.53460247E-006     0.10154660E-015    -0.27357482E-015     0.10676576E-015    -0.33794491E-015
     0.13581846E+002    -0.31817251E-004     0.53558469E-006     0.10160598E-015    -0.27556064E-015     0.10682352E-015    -0.34111198E-015
     0.13589442E+002    -0.31895266E-004     0.53455390E-006     0.10166759E-015    -0.27756761E-015     0.10688559E-015    -0.34430820E-015
     0.13597038E+002    -0.31970773E-004     0.53321804E-006     0.10173673E-015    -0.27959027E-015     0.10695818E-015    -0.34752834E-015
     0.13604634E+002    -0.32044917E-004     0.53625804E-006     0.10180848E-015    -0.28161168E-015     0.10703357E-015    -0.35074838E-015
     0.13612231E+002    -0.32126032E-004     0.54292539E-006     0.10186858E-015    -0.28365126E-015     0.10709492E-015    -0.35399116E-015
     0.13619827E+002    -0.32207750E-004     0.54252851E-006     0.10192564E-015    -0.28571484E-015     0.10714415E-015    -0.35727466E-015
     0.13627423E+002    -0.32287991E-004     0.54200917E-006     0.10199657E-015    -0.28778895E-015     0.10721911E-015    -0.36057396E-015
     0.13635019E+002    -0.32368967E-004     0.54611406E-006     0.10205822E-015    -0.28987971E-015     0.10728082E-015    -0.36389993E-015
     0.13642615E+002    -0.32449781E-004     0.53981148E-006     0.10212561E-015    -0.29198867E-015     0.10735038E-015    -0.36725140E-015
     0.13650211E+002    -0.32526332E-004     0.54482454E-006     0.10219632E-015    -0.29410440E-015     0.10742661E-015    -0.37061382E-015
     0.13657807E+002    -0.32607051E-004     0.54920835E-006     0.10226231E-015    -0.29623771E-015     0.10749543E-015    -0.37400116E-015
     0.13665403E+002    -0.32693165E-004     0.55206366E-006     0.10231933E-015    -0.29838760E-015     0.10754712E-015    -0.37741364E-015
     0.13672999E+002    -0.32778753E-004     0.55119114E-006     0.10238857E-015    -0.30056361E-015     0.10761639E-015    -0.38086672E-015
     0.13680596E+002    -0.32858761E-004     0.55185045E-006     0.10245732E-015    -0.30274997E-015     0.10768880E-015    -0.38434199E-015
     0.13688192E+002    -0.32945038E-004     0.55139502E-006     0.10252317E-015    -0.30495106E-015     0.10775619E-015    -0.38783153E-015
     0.13695788E+002    -0.33026928E-004     0.55170367E-006     0.10259782E-015    -0.30717699E-015     0.10783620E-015    -0.39136323E-015
     0.13703384E+002    -0.33105487E-004     0.55482581E-006     0.10267381E-015    -0.30940345E-015     0.10791669E-015    -0.39489506E-015
     0.13710980E+002    -0.33197376E-004     0.56187774E-006     0.10273535E-015    -0.31164614E-015     0.10797576E-015    -0.39845479E-015
     0.13718576E+002    -0.33284032E-004     0.56008052E-006     0.10279262E-015    -0.31392141E-015     0.10803264E-015    -0.40206222E-015
     0.13726172E+002    -0.33371314E-004     0.55969782E-006     0.10285997E-015    -0.31621891E-015     0.10810136E-015    -0.40570370E-015
     0.13733768E+002    -0.33456841E-004     0.55990335E-006     0.10293405E-015    -0.31852770E-015     0.10818156E-015    -0.40936214E-015
     0.13741364E+002    -0.33543718E-004     0.56144319E-006     0.10300163E-015    -0.32085728E-015     0.10825161E-015    -0.41305203E-015
     0.13748961E+002    -0.33628710E-004     0.56078805E-006     0.10308010E-015    -0.32320071E-015     0.10833269E-015    -0.41676425E-015
     0.13756557E+002    -0.33715811E-004     0.56907365E-006     0.10315023E-015    -0.32555592E-015     0.10840731E-015    -0.42049790E-015
     0.13764153E+002    -0.33810178E-004     0.57126739E-006     0.10320626E-015    -0.32793461E-015     0.10845628E-015    -0.42426839E-015
     0.13771749E+002    -0.33903193E-004     0.56767684E-006     0.10327082E-015    -0.33034121E-015     0.10852371E-015    -0.42808242E-015
     0.13779345E+002    -0.33988277E-004     0.56981265E-006     0.10330751E-015    -0.33277515E-015     0.10856240E-015    -0.43193350E-015
     0.13786941E+002    -0.34081670E-004     0.56866280E-006     0.10340762E-015    -0.33526659E-015     0.10866160E-015    -0.43585125E-015
     0.13794537E+002    -0.34169462E-004     0.57143441E-006     0.10350530E-015    -0.33773155E-015     0.10875464E-015    -0.43975505E-015
     0.13802133E+002    -0.34260022E-004     0.57478230E-006     0.10360877E-015    -0.34019424E-015     0.10884347E-015    -0.44368385E-015
     0.13809729E+002    -0.34354763E-004     0.57917214E-006     0.10362456E-015    -0.34271342E-015     0.10884518E-015    -0.44773880E-015
     0.13817326E+002    -0.34454386E-004     0.57996944E-006     0.10378130E-015    -0.34524697E-015     0.10915324E-015    -0.45172611E-015
     0.13824922E+002    -0.34543800E-004     0.57523872E-006     0.10384514E-015    -0.34776566E-015     0.10919660E-015    -0.45567528E-015
     0.13832518E+002    -0.34637484E-004     0.57813628E-006     0.10391905E-015    -0.35031824E-015     0.10926256E-015    -0.45970952E-015
     0.13840114E+002    -0.34732300E-004     0.58199776E-006     0.10397876E-015    -0.35288534E-015     0.10931769E-015    -0.46378964E-015
     0.13847710E+002    -0.34825612E-004     0.58070239E-006     0.10402214E-015    -0.35552358E-015     0.10936825E-015    -0.46794385E-015
     0.13855306E+002    -0.34923775E-004     0.58859255E-006     0.10409902E-015    -0.35816742E-015     0.10944104E-015    -0.47211918E-015
     0.13862902E+002    -0.35024590E-004     0.58818636E-006     0.10417189E-015    -0.36084441E-015     0.10951611E-015    -0.47635237E-015
     0.13870498E+002    -0.35123451E-004     0.58577766E-006     0.10425169E-015    -0.36353483E-015     0.10959826E-015    -0.48060727E-015
     0.13878094E+002    -0.35218699E-004     0.58432720E-006     0.10433806E-015    -0.36624900E-015     0.10969523E-015    -0.48490181E-015
     0.13885691E+002    -0.35314026E-004     0.58996304E-006     0.10441332E-015    -0.36898172E-015     0.10977676E-015    -0.48922291E-015
     0.13893287E+002    -0.35416947E-004     0.59022717E-006     0.10449617E-015    -0.37174065E-015     0.10986039E-015    -0.49358524E-015
     0.13900883E+002    -0.35514477E-004     0.59436720E-006     0.10457566E-015    -0.37452517E-015     0.10994582E-015    -0.49799535E-015
     0.13908479E+002    -0.35618442E-004     0.59767303E-006     0.10464701E-015    -0.37732795E-015     0.11001687E-015    -0.50243098E-015
     0.13916075E+002    -0.35726449E-004     0.59656564E-006     0.10472047E-015    -0.38017529E-015     0.11009179E-015    -0.50693825E-015
     0.13923671E+002    -0.35823104E-004     0.59301045E-006     0.10480950E-015    -0.38304705E-015     0.11018658E-015    -0.51148690E-015
     0.13931267E+002    -0.35925484E-004     0.59611819E-006     0.10490524E-015    -0.38592048E-015     0.11029173E-015    -0.51606062E-015
     0.13938863E+002    -0.36028287E-004     0.60036001E-006     0.10493940E-015    -0.38881303E-015     0.11036458E-015    -0.52064230E-015
     0.13946459E+002    -0.36134349E-004     0.60263146E-006     0.10501240E-015    -0.39179499E-015     0.11043486E-015    -0.52532988E-015
     0.13954056E+002    -0.36240391E-004     0.60359192E-006     0.10510043E-015    -0.39477292E-015     0.11052593E-015    -0.53003596E-015
     0.13961652E+002    -0.36351131E-004     0.60893964E-006     0.10518237E-015    -0.39778252E-015     0.11061082E-015    -0.53479676E-015
     0.13969248E+002    -0.36458456E-004     0.60157123E-006     0.10527137E-015    -0.40082373E-015     0.11070033E-015    -0.53961421E-015
     0.13976844E+002    -0.36562735E-004     0.60258731E-006     0.10531952E-015    -0.40385239E-015     0.11076451E-015    -0.54443112E-015
     0.13984440E+002    -0.36668180E-004     0.60962051E-006     0.10538209E-015    -0.40699978E-015     0.11083223E-015    -0.54938390E-015
     0.13992036E+002    -0.36781376E-004     0.60942923E-006     0.10552129E-015    -0.41015871E-015     0.11099595E-015    -0.55437433E-015
     0.13999632E+002    -0.36891736E-004     0.61311333E-006     0.10562594E-015    -0.41328826E-015     0.11110782E-015    -0.55932813E-015
     0.14007228E+002    -0.37004733E-004     0.61399111E-006     0.10571983E-015    -0.41643915E-015     0.11120900E-015    -0.56434060E-015
     0.14014824E+002    -0.37117254E-004     0.61349109E-006     0.10576831E-015    -0.41965434E-015     0.11126179E-015    -0.56943282E-015
     0.14022421E+002    -0.37231341E-004     0.61239076E-006     0.10585109E-015    -0.42292616E-015     0.11135780E-015    -0.57460835E-015
     0.14030017E+002    -0.37337256E-004     0.61545987E-006     0.10594584E-015    -0.42619976E-015     0.11146568E-015    -0.57979885E-015
     0.14037613E+002    -0.37457650E-004     0.62172524E-006     0.10601795E-015    -0.42951222E-015     0.11154601E-015    -0.58504208E-015
     0.14045209E+002    -0.37574241E-004     0.62221261E-006     0.10608942E-015    -0.43287651E-015     0.11162106E-015    -0.59037135E-015
     0.14052805E+002    -0.37691342E-004     0.62222003E-006     0.10616563E-015    -0.43627779E-015     0.11170720E-015    -0.59575491E-015
     0.14060401E+002    -0.37812275E-004     0.62519598E-006     0.10628997E-015    -0.43972688E-015     0.11184317E-015    -0.60121108E-015
     0.14067997E+002    -0.37929289E-004     0.62067913E-006     0.10637527E-015    -0.44316639E-015     0.11194012E-015    -0.60667853E-015
     0.14075593E+002    -0.38045464E-004     0.62255466E-006     0.10645708E-015    -0.44665730E-015     0.11203224E-015    -0.61222052E-015
     0.14083189E+002    -0.38163754E-004     0.62827997E-006     0.10655192E-015    -0.45021228E-015     0.11215327E-015    -0.61785904E-015
     0.14090786E+002    -0.38288709E-004     0.63320423E-006     0.10665257E-015    -0.45375976E-015     0.11227625E-015    -0.62347780E-015
     0.14098382E+002    -0.38415438E-004     0.62951620E-006     0.10673870E-015    -0.45735773E-015     0.11236937E-015    -0.62918692E-015
     0.14105978E+002    -0.38535963E-004     0.63425811E-006     0.10681164E-015    -0.46099182E-015     0.11245359E-015    -0.63495579E-015
     0.14113574E+002    -0.38663764E-004     0.63100843E-006     0.10686606E-015    -0.46470147E-015     0.11250992E-015    -0.64083746E-015
     0.14121170E+002    -0.38787518E-004     0.63092842E-006     0.10695411E-015    -0.46848606E-015     0.11262037E-015    -0.64681486E-015
     0.14128766E+002    -0.38907981E-004     0.63580066E-006     0.10713671E-015    -0.47224832E-015     0.11281650E-015    -0.65278863E-015
     0.14136362E+002    -0.39040798E-004     0.64064973E-006     0.10721151E-015    -0.47601593E-015     0.11290163E-015    -0.65879543E-015
     0.14143958E+002    -0.39173335E-004     0.64194382E-006     0.10728517E-015    -0.47986476E-015     0.11298631E-015    -0.66491144E-015
     0.14151554E+002    -0.39303879E-004     0.64026119E-006     0.10737128E-015    -0.48377009E-015     0.11308824E-015    -0.67112289E-015
     0.14159151E+002    -0.39433804E-004     0.63995281E-006     0.10746095E-015    -0.48770554E-015     0.11319973E-015    -0.67737633E-015
     0.14166747E+002    -0.39568694E-004     0.64236839E-006     0.10754476E-015    -0.49169833E-015     0.11330320E-015    -0.68371910E-015
     0.14174343E+002    -0.39695718E-004     0.63952326E-006     0.10762756E-015    -0.49572840E-015     0.11340141E-015    -0.69012175E-015
     0.14181939E+002    -0.39831880E-004     0.64909323E-006     0.10770104E-015    -0.49981928E-015     0.11349741E-015    -0.69661537E-015
     0.14189535E+002    -0.39971937E-004     0.65089911E-006     0.10776332E-015    -0.50402246E-015     0.11357215E-015    -0.70323879E-015
     0.14197131E+002    -0.40111458E-004     0.64949321E-006     0.10799771E-015    -0.50820261E-015     0.11378918E-015    -0.70989616E-015
     0.14204727E+002    -0.40250608E-004     0.65118648E-006     0.10808554E-015    -0.51236935E-015     0.11390389E-015    -0.71657989E-015
     0.14212323E+002    -0.40390428E-004     0.64983475E-006     0.10816438E-015    -0.51663135E-015     0.11400990E-015    -0.72337557E-015
     0.14219919E+002    -0.40530993E-004     0.65072904E-006     0.10825837E-015    -0.52095159E-015     0.11412352E-015    -0.73025454E-015
     0.14227516E+002    -0.40671464E-004     0.65415472E-006     0.10835722E-015    -0.52532814E-015     0.11425099E-015    -0.73722774E-015
     0.14235112E+002    -0.40816445E-004     0.66087676E-006     0.10843959E-015    -0.52974435E-015     0.11434741E-015    -0.74426313E-015
     0.14242708E+002    -0.40972739E-004     0.65942158E-006     0.10852592E-015    -0.53424086E-015     0.11444948E-015    -0.75142416E-015
     0.14250304E+002    -0.41114283E-004     0.65713131E-006     0.10863078E-015    -0.53879711E-015     0.11458048E-015    -0.75868763E-015
     0.14257900E+002    -0.41263964E-004     0.65804180E-006     0.10873731E-015    -0.54339430E-015     0.11471554E-015    -0.76601254E-015
     0.14265496E+002    -0.41415422E-004     0.66107396E-006     0.10886323E-015    -0.54803516E-015     0.11487491E-015    -0.77341334E-015
     0.14273092E+002    -0.41564415E-004     0.66056403E-006     0.10893996E-015    -0.55270129E-015     0.11496174E-015    -0.78085580E-015
     0.14280688E+002    -0.41719089E-004     0.66575856E-006     0.10900409E-015    -0.55750525E-015     0.11502928E-015    -0.78852233E-015
     0.14288284E+002    -0.41879558E-004     0.66946069E-006     0.10911181E-015    -0.56236187E-015     0.11516644E-015    -0.79625934E-015
     0.14295880E+002    -0.42038940E-004     0.66592255E-006     0.10923694E-015    -0.56726641E-015     0.11530590E-015    -0.80409421E-015
     0.14303477E+002    -0.42194938E-004     0.66225548E-006     0.10934858E-015    -0.57221135E-015     0.11545817E-015    -0.81200306E-015
     0.14311073E+002    -0.42353632E-004     0.67078064E-006     0.10945264E-015    -0.57721111E-015     0.11559510E-015    -0.81998451E-015
     0.14318669E+002    -0.42517766E-004     0.66758972E-006     0.10951695E-015    -0.58230755E-015     0.11564918E-015    -0.82812999E-015
     0.14326265E+002    -0.42680970E-004     0.67384250E-006     0.10964174E-015    -0.58748320E-015     0.11582588E-015    -0.83641114E-015
     0.14333861E+002    -0.42850728E-004     0.67779466E-006     0.10975012E-015    -0.59269984E-015     0.11596612E-015    -0.84473957E-015
     0.14341457E+002    -0.43025305E-004     0.67586709E-006     0.10984058E-015    -0.59796295E-015     0.11607258E-015    -0.85316748E-015
     0.14349053E+002    -0.43194486E-004     0.67307819E-006     0.10992137E-015    -0.60335965E-015     0.11618207E-015    -0.86179942E-015
     0.14356649E+002    -0.43363556E-004     0.67379383E-006     0.11001526E-015    -0.60881032E-015     0.11632318E-015    -0.87051679E-015
     0.14364245E+002    -0.43539072E-004     0.67826561E-006     0.11007163E-015    -0.61436513E-015     0.11642391E-015    -0.87935653E-015
     0.14371842E+002    -0.43718571E-004     0.68061314E-006     0.11029561E-015    -0.62018700E-015     0.11664588E-015    -0.88849017E-015
     0.14379438E+002    -0.43896256E-004     0.68226233E-006     0.11050790E-015    -0.62562346E-015     0.11685116E-015    -0.89738449E-015
     0.14387034E+002    -0.44089046E-004     0.68566322E-006     0.11076904E-015    -0.63147266E-015     0.11715217E-015    -0.90670787E-015
     0.14394630E+002    -0.44270138E-004     0.67813228E-006     0.11078741E-015    -0.63709828E-015     0.11720787E-015    -0.91586280E-015
     0.14402226E+002    -0.44454566E-004     0.67868017E-006     0.11086449E-015    -0.64299305E-015     0.11733176E-015    -0.92532581E-015
     0.14409822E+002    -0.44642981E-004     0.68473800E-006     0.11096297E-015    -0.64897772E-015     0.11747558E-015    -0.93492343E-015
     0.14417418E+002    -0.44837351E-004     0.68660471E-006     0.11105746E-015    -0.65505597E-015     0.11760473E-015    -0.94467351E-015
     0.14425014E+002    -0.45035523E-004     0.68709441E-006     0.11116535E-015    -0.66122230E-015     0.11774560E-015    -0.95456973E-015
     0.14432610E+002    -0.45236015E-004     0.69092804E-006     0.11127497E-015    -0.66748276E-015     0.11790459E-015    -0.96461907E-015
     0.14440207E+002    -0.45441228E-004     0.68926270E-006     0.11137098E-015    -0.67386451E-015     0.11803347E-015    -0.97484092E-015
     0.14447803E+002    -0.45648065E-004     0.68285133E-006     0.11156887E-015    -0.68040019E-015     0.11826095E-015    -0.98527341E-015
     0.14455399E+002    -0.45847596E-004     0.68859550E-006     0.11175888E-015    -0.68682355E-015     0.11848955E-015    -0.99569258E-015
     0.14462995E+002    -0.46065270E-004     0.69101698E-006     0.11186619E-015    -0.69346818E-015     0.11864580E-015    -0.10063686E-014
     0.14470591E+002    -0.46282690E-004     0.69273712E-006     0.11207016E-015    -0.70017624E-015     0.11889463E-015    -0.10171764E-014
     0.14478187E+002    -0.46504003E-004     0.69369646E-006     0.11215267E-015    -0.70687088E-015     0.11902672E-015    -0.10280399E-014
     0.14485783E+002    -0.46732086E-004     0.69340546E-006     0.11222114E-015    -0.71387408E-015     0.11914628E-015    -0.10392721E-014
     0.14493379E+002    -0.46962797E-004     0.69018535E-006     0.11234026E-015    -0.72093601E-015     0.11931478E-015    -0.10506400E-014
     0.14500975E+002    -0.47190884E-004     0.68753287E-006     0.11257276E-015    -0.72815956E-015     0.11961331E-015    -0.10622424E-014
     0.14508572E+002    -0.47427928E-004     0.69288198E-006     0.11277440E-015    -0.73535216E-015     0.11989419E-015    -0.10738506E-014
     0.14516168E+002    -0.47677137E-004     0.69730934E-006     0.11296945E-015    -0.74262023E-015     0.12015642E-015    -0.10855563E-014
     0.14523764E+002    -0.47927827E-004     0.69006577E-006     0.11282689E-015    -0.75004898E-015     0.11985857E-015    -0.10975680E-014
     0.14531360E+002    -0.48184609E-004     0.69484646E-006     0.11300185E-015    -0.75783465E-015     0.12011312E-015    -0.11101482E-014
     0.14538956E+002    -0.48447953E-004     0.68863838E-006     0.11319734E-015    -0.76566757E-015     0.12038392E-015    -0.11227652E-014
     0.14546552E+002    -0.48715867E-004     0.68572463E-006     0.11346399E-015    -0.77350500E-015     0.12071404E-015    -0.11354673E-014
     0.14554148E+002    -0.48988286E-004     0.68750067E-006     0.11363346E-015    -0.78149948E-015     0.12096252E-015    -0.11484151E-014
     0.14561744E+002    -0.49274398E-004     0.69071597E-006     0.11386208E-015    -0.78966250E-015     0.12129929E-015    -0.11615816E-014
     0.14569340E+002    -0.49576176E-004     0.68721896E-006     0.11409051E-015    -0.79784803E-015     0.12156704E-015    -0.11748596E-014
     0.14576937E+002    -0.49879462E-004     0.68286267E-006     0.11426628E-015    -0.80622102E-015     0.12181926E-015    -0.11884499E-014
     0.14584533E+002    -0.50193195E-004     0.67837101E-006     0.11432580E-015    -0.81475804E-015     0.12195762E-015    -0.12022720E-014
     0.14592129E+002    -0.50526936E-004     0.67410908E-006     0.11495431E-015    -0.82367854E-015     0.12266720E-015    -0.12165559E-014
     0.14599725E+002    -0.50860775E-004     0.66786114E-006     0.11497863E-015    -0.83226139E-015     0.12270350E-015    -0.12306309E-014
     0.14607321E+002    -0.51223743E-004     0.66892707E-006     0.11521610E-015    -0.84130475E-015     0.12302753E-015    -0.12452994E-014
     0.14614917E+002    -0.51614385E-004     0.66291585E-006     0.11549022E-015    -0.85047072E-015     0.12338543E-015    -0.12601704E-014
     0.14622513E+002    -0.52013266E-004     0.63705728E-006     0.11580594E-015    -0.85982262E-015     0.12378729E-015    -0.12753508E-014
     0.14630109E+002    -0.52434807E-004     0.62255178E-006     0.11618800E-015    -0.86931126E-015     0.12428531E-015    -0.12907591E-014
     0.14637705E+002    -0.52894391E-004     0.60869677E-006     0.11659564E-015    -0.87898970E-015     0.12478217E-015    -0.13064251E-014
     0.14645302E+002    -0.53393088E-004     0.58212160E-006     0.11713091E-015    -0.88877611E-015     0.12538147E-015    -0.13224003E-014
     0.14652898E+002    -0.53941911E-004     0.55367564E-006     0.11768590E-015    -0.89872444E-015     0.12606688E-015    -0.13386306E-014
     0.14660494E+002    -0.54563010E-004     0.51950554E-006     0.11831335E-015    -0.90883942E-015     0.12679962E-015    -0.13551397E-014
     0.14668090E+002    -0.55284499E-004     0.45151750E-006     0.11911158E-015    -0.91914753E-015     0.12772427E-015    -0.13719836E-014
     0.14675686E+002    -0.56123458E-004     0.35825249E-006     0.12012219E-015    -0.92952842E-015     0.12888362E-015    -0.13890433E-014
     0.14683282E+002    -0.57160373E-004     0.20906249E-006     0.12130932E-015    -0.94010858E-015     0.13027702E-015    -0.14064068E-014
     0.14690878E+002    -0.58508013E-004    -0.44291140E-007     0.12314695E-015    -0.95072154E-015     0.13231777E-015    -0.14239159E-014
     0.14698474E+002    -0.60395806E-004    -0.53219737E-006     0.12576034E-015    -0.96110301E-015     0.13521231E-015    -0.14413386E-014
     0.14706070E+002    -0.63344170E-004    -0.16491773E-005     0.13016986E-015    -0.97079838E-015     0.14001445E-015    -0.14581401E-014
     0.14713667E+002    -0.68686468E-004    -0.51062735E-005     0.13859101E-015    -0.97678613E-015     0.14912781E-015    -0.14711181E-014
     0.14721263E+002    -0.76102419E-004    -0.22431366E-004     0.15039849E-015    -0.96001815E-015     0.16183795E-015    -0.14599238E-014
     0.14728859E+002    -0.34531433E-004    -0.30742211E-004     0.81054412E-016    -0.95843015E-015     0.87828201E-016    -0.14651065E-014
     0.14736455E+002    -0.38163116E-004    -0.68827483E-005     0.86578189E-016    -0.10103533E-014     0.93849369E-016    -0.15276235E-014
     0.14744051E+002    -0.44132116E-004    -0.22555752E-005     0.95949013E-016    -0.10306825E-014     0.10398618E-015    -0.15565425E-014
     0.14751647E+002    -0.47420619E-004    -0.84391117E-006     0.10088297E-015    -0.10459720E-014     0.10941388E-015    -0.15802244E-014
     0.14759243E+002    -0.49512819E-004    -0.24828275E-006     0.10385333E-015    -0.10601255E-014     0.11274811E-015    -0.16028256E-014
     0.14766839E+002    -0.51017307E-004     0.68711839E-007     0.10589357E-015    -0.10740573E-014     0.11513166E-015    -0.16253617E-014
     0.14774435E+002    -0.52213256E-004     0.23729754E-006     0.10731132E-015    -0.10871487E-014     0.11684665E-015    -0.16465446E-014
     0.14782032E+002    -0.53203190E-004     0.34882986E-006     0.10719096E-015    -0.11020948E-014     0.11605542E-015    -0.16710321E-014
     0.14789628E+002    -0.54078131E-004     0.42123744E-006     0.10809739E-015    -0.11169308E-014     0.11719133E-015    -0.16954598E-014
     0.14797224E+002    -0.54874978E-004     0.47072480E-006     0.10869806E-015    -0.11318348E-014     0.11831803E-015    -0.17199510E-014
     0.14804820E+002    -0.55615409E-004     0.51026533E-006     0.10926062E-015    -0.11471498E-014     0.11908086E-015    -0.17448689E-014
     0.14812416E+002    -0.56336087E-004     0.53498500E-006     0.10973548E-015    -0.11626631E-014     0.11973492E-015    -0.17702946E-014
     0.14820012E+002    -0.57025686E-004     0.54766761E-006     0.11008343E-015    -0.11785546E-014     0.12024442E-015    -0.17963853E-014
     0.14827608E+002    -0.57699048E-004     0.55653504E-006     0.11048936E-015    -0.11948745E-014     0.12090484E-015    -0.18232171E-014
     0.14835204E+002    -0.58370109E-004     0.56924018E-006     0.11081903E-015    -0.12113101E-014     0.12147709E-015    -0.18502459E-014
     0.14842800E+002    -0.59049034E-004     0.57894285E-006     0.11098305E-015    -0.12282544E-014     0.12181108E-015    -0.18781301E-014
     0.14850397E+002    -0.59729666E-004     0.57872291E-006     0.11113567E-015    -0.12456325E-014     0.12214186E-015    -0.19067546E-014
     0.14857993E+002    -0.60427520E-004     0.58411278E-006     0.11127049E-015    -0.12634195E-014     0.12248373E-015    -0.19360728E-014
     0.14865589E+002    -0.61137942E-004     0.57968362E-006     0.11131814E-015    -0.12816778E-014     0.12271779E-015    -0.19661907E-014
     0.14873185E+002    -0.61861416E-004     0.56706522E-006     0.11139258E-015    -0.13004288E-014     0.12301216E-015    -0.19971211E-014
     0.14880781E+002    -0.62605018E-004     0.56958221E-006     0.11145085E-015    -0.13196182E-014     0.12330201E-015    -0.20288064E-014
     0.14888377E+002    -0.63381750E-004     0.56063049E-006     0.11144530E-015    -0.13393116E-014     0.12351813E-015    -0.20613554E-014
     0.14895973E+002    -0.64184101E-004     0.55053027E-006     0.11144188E-015    -0.13595221E-014     0.12379129E-015    -0.20947717E-014
     0.14903569E+002    -0.65020644E-004     0.53934240E-006     0.11136415E-015    -0.13802546E-014     0.12396632E-015    -0.21290542E-014
     0.14911165E+002    -0.65893822E-004     0.52604239E-006     0.11124040E-015    -0.14015512E-014     0.12408562E-015    -0.21642890E-014
     0.14918762E+002    -0.66813625E-004     0.50262423E-006     0.11101450E-015    -0.14234713E-014     0.12405210E-015    -0.22005725E-014
     0.14926358E+002    -0.67766600E-004     0.48321304E-006     0.11079040E-015    -0.14460692E-014     0.12409540E-015    -0.22380326E-014
     0.14933954E+002    -0.68781242E-004     0.46536712E-006     0.11044748E-015    -0.14693562E-014     0.12399938E-015    -0.22765935E-014
     0.14941550E+002    -0.69863172E-004     0.44165286E-006     0.11039812E-015    -0.14939041E-014     0.12429278E-015    -0.23171301E-014
     0.14949146E+002    -0.71003557E-004     0.40801749E-006     0.11078629E-015    -0.15177973E-014     0.12530107E-015    -0.23569876E-014
     0.14956742E+002    -0.72227223E-004     0.37421734E-006     0.11020195E-015    -0.15427876E-014     0.12494015E-015    -0.23985813E-014
     0.14964338E+002    -0.73535412E-004     0.33035656E-006     0.10959484E-015    -0.15688118E-014     0.12457573E-015    -0.24419041E-014
     0.14971934E+002    -0.74936684E-004     0.27060934E-006     0.10923877E-015    -0.15959479E-014     0.12482500E-015    -0.24872206E-014
     0.14979530E+002    -0.76444021E-004     0.21604412E-006     0.10891353E-015    -0.16231774E-014     0.12521948E-015    -0.25323628E-014
     0.14987127E+002    -0.78092368E-004     0.15871376E-006     0.10808299E-015    -0.16515213E-014     0.12472909E-015    -0.25795051E-014
     0.14994723E+002    -0.79892381E-004     0.71845379E-007     0.10723855E-015    -0.16809121E-014     0.12431820E-015    -0.26284045E-014
     0.15002319E+002    -0.81863937E-004    -0.22456678E-007     0.10642275E-015    -0.17111130E-014     0.12408746E-015    -0.26786581E-014
     0.15009915E+002    -0.84041454E-004    -0.13671583E-006     0.10486575E-015    -0.17420649E-014     0.12241300E-015    -0.27300299E-014
     0.15017511E+002    -0.86466602E-004    -0.28362983E-006     0.10332437E-015    -0.17748880E-014     0.12113980E-015    -0.27851867E-014
     0.15025107E+002    -0.89179434E-004    -0.44950906E-006     0.10179781E-015    -0.18085213E-014     0.12028699E-015    -0.28414525E-014
     0.15032703E+002    -0.92259738E-004    -0.65922666E-006     0.99885830E-016    -0.18432796E-014     0.11900712E-015    -0.28995587E-014
     0.15040299E+002    -0.95785525E-004    -0.92833648E-006     0.97564350E-016    -0.18792643E-014     0.11729187E-015    -0.29597236E-014
     0.15047895E+002    -0.99864255E-004    -0.12792194E-005     0.94779138E-016    -0.19167067E-014     0.11520522E-015    -0.30223676E-014
     0.15055492E+002    -0.10463794E-003    -0.17310932E-005     0.91398909E-016    -0.19554202E-014     0.11258305E-015    -0.30870863E-014
     0.15063088E+002    -0.11034869E-003    -0.23391943E-005     0.87092235E-016    -0.19957244E-014     0.10901997E-015    -0.31544495E-014
     0.15070684E+002    -0.11728035E-003    -0.31742535E-005     0.81684389E-016    -0.20377716E-014     0.10441103E-015    -0.32246793E-014
     0.15078280E+002    -0.12592731E-003    -0.43641879E-005     0.74706997E-016    -0.20814146E-014     0.98334186E-016    -0.32976183E-014
     0.15085876E+002    -0.13703451E-003    -0.61535007E-005     0.65072135E-016    -0.21277998E-014     0.89645696E-016    -0.33744503E-014
     0.15093472E+002    -0.15181988E-003    -0.90018791E-005     0.52076465E-016    -0.21767839E-014     0.77522280E-016    -0.34552703E-014
     0.15101068E+002    -0.17255788E-003    -0.13855958E-004     0.33536071E-016    -0.22296835E-014     0.60150450E-016    -0.35414632E-014
     0.15108664E+002    -0.20370632E-003    -0.23211770E-004     0.50115243E-017    -0.22888549E-014     0.33017156E-016    -0.36353356E-014
     0.15116260E+002    -0.25523942E-003    -0.44543884E-004    -0.42966342E-016    -0.23617882E-014    -0.13019118E-016    -0.37445154E-014
     0.15123857E+002    -0.35210872E-003    -0.10937065E-003    -0.13459934E-015    -0.24785130E-014    -0.10201072E-015    -0.38980668E-014
     0.15131453E+002    -0.49991250E-003    -0.42570526E-003    -0.27547299E-015    -0.28403692E-014    -0.23964713E-015    -0.42951401E-014
     0.15139049E+002     0.30642461E-003    -0.67154073E-003     0.50428398E-015    -0.31366619E-014     0.52978961E-015    -0.46296320E-014
     0.15146645E+002     0.27727128E-003    -0.16237950E-003     0.47799508E-015    -0.27073586E-014     0.50523906E-015    -0.42514837E-014
     0.15154241E+002     0.16188009E-003    -0.62200887E-004     0.36864965E-015    -0.26754590E-014     0.39898581E-015    -0.42671526E-014
     0.15161837E+002     0.10160562E-003    -0.32173641E-004     0.31262544E-015    -0.27143459E-014     0.34547108E-015    -0.43551133E-014
     0.15169433E+002     0.66178929E-004    -0.19602385E-004     0.28078702E-015    -0.27730954E-014     0.31598177E-015    -0.44650552E-014
     0.15177029E+002     0.43005175E-004    -0.13196827E-004     0.26073408E-015    -0.28412156E-014     0.29808034E-015    -0.45872371E-014
     0.15184625E+002     0.26620202E-004    -0.94888412E-005     0.24732449E-015    -0.29155828E-014     0.28693658E-015    -0.47187036E-014
     0.15192222E+002     0.14340719E-004    -0.71591758E-005     0.23791647E-015    -0.29952509E-014     0.27987415E-015    -0.48589045E-014
     0.15199818E+002     0.47118394E-005    -0.56322031E-005     0.23129873E-015    -0.30798686E-014     0.27582882E-015    -0.50077652E-014
     0.15207414E+002    -0.30928067E-005    -0.45576541E-005     0.22664604E-015    -0.31690312E-014     0.27401602E-015    -0.51651928E-014
     0.15215010E+002    -0.96487785E-005    -0.37936933E-005     0.22307467E-015    -0.32630353E-014     0.27350188E-015    -0.53319376E-014
     0.15222606E+002    -0.15307720E-004    -0.32414815E-005     0.22039656E-015    -0.33620176E-014     0.27421258E-015    -0.55086499E-014
     0.15230202E+002    -0.20316282E-004    -0.28343971E-005     0.21828233E-015    -0.34660965E-014     0.27586000E-015    -0.56960030E-014
     0.15237798E+002    -0.24885903E-004    -0.25467774E-005     0.21701833E-015    -0.35749004E-014     0.27882107E-015    -0.58944537E-014
     0.15245394E+002    -0.29157825E-004    -0.23734217E-005     0.21510931E-015    -0.36878295E-014     0.28184669E-015    -0.61039613E-014
     0.15252990E+002    -0.33235487E-004    -0.22868085E-005     0.21254863E-015    -0.38048487E-014     0.28494675E-015    -0.63257934E-014
     0.15260587E+002    -0.37270947E-004    -0.22771655E-005     0.20840126E-015    -0.39240084E-014     0.28741413E-015    -0.65591994E-014
     0.15268183E+002    -0.41408975E-004    -0.23655140E-005     0.20106977E-015    -0.40426588E-014     0.28821883E-015    -0.68037083E-014
     0.15275779E+002    -0.45783241E-004    -0.25863959E-005     0.18812100E-015    -0.41544034E-014     0.28577711E-015    -0.70555962E-014
     0.15283375E+002    -0.50632717E-004    -0.29767701E-005     0.16012599E-015    -0.42448720E-014     0.27254954E-015    -0.73053114E-014
     0.15290971E+002    -0.56256592E-004    -0.36489589E-005     0.96259764E-016    -0.42862865E-014     0.23323572E-015    -0.75342050E-014
     0.15298567E+002    -0.63160204E-004    -0.47938364E-005    -0.84253588E-016    -0.42013130E-014     0.10662339E-015    -0.76851715E-014
     0.15306163E+002    -0.72282191E-004    -0.68349131E-005    -0.84776060E-015    -0.38389500E-014    -0.46167614E-015    -0.76448574E-014
     0.15313759E+002    -0.85456803E-004    -0.10931586E-004    -0.34471603E-014    -0.60335233E-014    -0.24335271E-014    -0.95693758E-014
     0.15321355E+002    -0.10687995E-003    -0.20684089E-004    -0.80912728E-015    -0.78299272E-014    -0.42120765E-015    -0.11237179E-013
     0.15328952E+002    -0.14680019E-003    -0.52733442E-004    -0.17651460E-015    -0.76715478E-014     0.66608477E-016    -0.11455497E-013
     0.15336548E+002    -0.17113349E-003    -0.21647354E-003    -0.16939583E-016    -0.80994480E-014     0.20502969E-015    -0.12217751E-013
     0.15344144E+002     0.11872146E-003    -0.16370588E-003     0.67232572E-015    -0.82775549E-014     0.89563276E-015    -0.12736767E-013
     0.15351740E+002     0.70196065E-004    -0.41404806E-004     0.65307254E-015    -0.84421542E-014     0.89871045E-015    -0.13269633E-013
     0.15359336E+002     0.34431422E-004    -0.16719969E-004     0.65504295E-015    -0.89135152E-014     0.93273298E-015    -0.14148835E-013
     0.15366932E+002     0.15158318E-004    -0.86832155E-005     0.69619097E-015    -0.95331593E-014     0.10158020E-014    -0.15233162E-013
     0.15374528E+002     0.33191187E-005    -0.51773587E-005     0.76657787E-015    -0.10293945E-013     0.11407705E-014    -0.16533674E-013
     0.15382124E+002    -0.47350972E-005    -0.33455542E-005     0.86762407E-015    -0.11219487E-013     0.13134285E-014    -0.18097180E-013
     0.15389720E+002    -0.10639172E-004    -0.22615910E-005     0.10081620E-014    -0.12353607E-013     0.15497504E-014    -0.20000086E-013
     0.15397317E+002    -0.15194500E-004    -0.15823795E-005     0.12093184E-014    -0.13761363E-013     0.18874877E-014    -0.22352086E-013
     0.15404913E+002    -0.18837581E-004    -0.11351154E-005     0.14938235E-014    -0.15543438E-013     0.23611900E-014    -0.25319481E-013
     0.15412509E+002    -0.21849580E-004    -0.78007422E-006     0.19196906E-014    -0.17870902E-013     0.30687248E-014    -0.29188950E-013
     0.15420105E+002    -0.24431853E-004    -0.53601705E-006     0.25970616E-014    -0.21024522E-013     0.41929560E-014    -0.34425683E-013
     0.15427701E+002    -0.26659227E-004    -0.34653601E-006     0.37662421E-014    -0.25518214E-013     0.61320830E-014    -0.41881708E-013
     0.15435297E+002    -0.28620468E-004    -0.19564336E-006     0.60344535E-014    -0.32388939E-013     0.98927464E-014    -0.53276073E-013
     0.15442893E+002    -0.30383549E-004    -0.81163495E-007     0.11319678E-013    -0.44000895E-013     0.18654108E-013    -0.72526824E-013
     0.15450489E+002    -0.31967246E-004     0.84061345E-008     0.28139479E-013    -0.66237380E-013     0.46532586E-013    -0.10938358E-012
     0.15458085E+002    -0.33403314E-004     0.88068718E-007     0.11406263E-012    -0.89924393E-013     0.18893790E-012    -0.14863794E-012
     0.15465682E+002    -0.34737412E-004     0.16502783E-006     0.11412448E-012     0.89967514E-013     0.18902522E-012     0.14949747E-012
     0.15473278E+002    -0.35988824E-004     0.22852946E-006     0.28158940E-013     0.66316952E-013     0.46553423E-013     0.11028916E-012
     0.15480874E+002    -0.37137861E-004     0.26910094E-006     0.11323161E-013     0.44076699E-013     0.18655812E-013     0.73425089E-013
     0.15488470E+002    -0.38240475E-004     0.32351220E-006     0.60328596E-014     0.32458779E-013     0.98888814E-014     0.54167848E-013
     0.15496066E+002    -0.39273406E-004     0.35714646E-006     0.37603507E-014     0.25582223E-013     0.61233971E-014     0.42768589E-013
     0.15503662E+002    -0.40261858E-004     0.39169634E-006     0.25874109E-014     0.21080803E-013     0.41802751E-014     0.35306175E-013
     0.15511258E+002    -0.41200650E-004     0.39266316E-006     0.19057920E-014     0.17917077E-013     0.30512382E-014     0.30061184E-013
     0.15518854E+002    -0.42083109E-004     0.43108467E-006     0.14757635E-014     0.15576790E-013     0.23390231E-014     0.26181178E-013
     0.15526450E+002    -0.42949672E-004     0.45066149E-006     0.11872063E-014     0.13777626E-013     0.18613295E-014     0.23198233E-013
     0.15534047E+002    -0.43784261E-004     0.47584040E-006     0.98420030E-015     0.12352159E-013     0.15254356E-014     0.20835088E-013
     0.15541643E+002    -0.44590038E-004     0.49413193E-006     0.83478075E-015     0.11197073E-013     0.12774469E-014     0.18921101E-013
     0.15549239E+002    -0.45381250E-004     0.50153665E-006     0.72140734E-015     0.10237218E-013     0.10890019E-014     0.17328552E-013
     0.15556835E+002    -0.46127369E-004     0.52394567E-006     0.63580384E-015     0.94308671E-014     0.94763050E-015     0.15991416E-013
     0.15564431E+002    -0.46885120E-004     0.54918676E-006     0.56840553E-015     0.87437137E-014     0.83629645E-015     0.14852245E-013
     0.15572027E+002    -0.47628808E-004     0.56235118E-006     0.51433813E-015     0.81510278E-014     0.74692943E-015     0.13869909E-013
     0.15579623E+002    -0.48349796E-004     0.56786234E-006     0.47049332E-015     0.76348104E-014     0.67420760E-015     0.13014301E-013
     0.15587219E+002    -0.49059657E-004     0.57827121E-006     0.43415254E-015     0.71809046E-014     0.61419747E-015     0.12262007E-013
     0.15594815E+002    -0.49767079E-004     0.59040158E-006     0.40383360E-015     0.67788976E-014     0.56408251E-015     0.11595944E-013
     0.15602412E+002    -0.50455409E-004     0.59363335E-006     0.37821231E-015     0.64203505E-014     0.52172484E-015     0.11002026E-013
     0.15610008E+002    -0.51144836E-004     0.61026439E-006     0.35640347E-015     0.60983506E-014     0.48569059E-015     0.10468730E-013
     0.15617604E+002    -0.51846759E-004     0.63337933E-006     0.33780045E-015     0.58078985E-014     0.45494842E-015     0.99878799E-014
     0.15625200E+002    -0.52541080E-004     0.61914197E-006     0.32164598E-015     0.55445494E-014     0.42824062E-015     0.95520186E-014
     0.15632796E+002    -0.53227857E-004     0.63079451E-006     0.30752328E-015     0.53045415E-014     0.40489137E-015     0.91549184E-014
     0.15640392E+002    -0.53921071E-004     0.63934562E-006     0.29516886E-015     0.50849724E-014     0.38445524E-015     0.87917723E-014
     0.15647988E+002    -0.54630551E-004     0.64695874E-006     0.28433954E-015     0.48834100E-014     0.36655892E-015     0.84585161E-014
     0.15655584E+002    -0.55374430E-004     0.62010473E-006     0.27464576E-015     0.46976717E-014     0.35063321E-015     0.81515608E-014
     0.15663180E+002    -0.56043779E-004     0.60845296E-006     0.26596923E-015     0.45260320E-014     0.33639824E-015     0.78680919E-014
     0.15670777E+002    -0.56778698E-004     0.60775609E-006     0.25795382E-015     0.43664335E-014     0.32346095E-015     0.76049852E-014
     0.15678373E+002    -0.57518704E-004     0.59821272E-006     0.25131902E-015     0.42180860E-014     0.31230372E-015     0.73606395E-014
     0.15685969E+002    -0.58265685E-004     0.59337281E-006     0.24616512E-015     0.40794137E-014     0.30288176E-015     0.71326529E-014
     0.15693565E+002    -0.59067009E-004     0.59112284E-006     0.24123817E-015     0.39519549E-014     0.29420862E-015     0.69215504E-014
     0.15701161E+002    -0.59876322E-004     0.57447674E-006     0.23570121E-015     0.38316309E-014     0.28544361E-015     0.67230997E-014
     0.15708757E+002    -0.60741913E-004     0.56740952E-006     0.23099794E-015     0.37186329E-014     0.27786526E-015     0.65372346E-014
     0.15716353E+002    -0.61650880E-004     0.53665817E-006     0.22674834E-015     0.36123496E-014     0.27083979E-015     0.63625330E-014
     0.15723949E+002    -0.62615458E-004     0.49792836E-006     0.22286523E-015     0.35123807E-014     0.26439122E-015     0.61982766E-014
     0.15731545E+002    -0.63637888E-004     0.44290757E-006     0.21913916E-015     0.34179777E-014     0.25833188E-015     0.60431935E-014
     0.15739142E+002    -0.64750892E-004     0.40304498E-006     0.21589669E-015     0.33287315E-014     0.25309534E-015     0.58969475E-014
     0.15746738E+002    -0.65992276E-004     0.32712397E-006     0.21285971E-015     0.32444011E-014     0.24810321E-015     0.57588202E-014
     0.15754334E+002    -0.67381977E-004     0.22464966E-006     0.20991005E-015     0.31644178E-014     0.24330039E-015     0.56278956E-014
     0.15761930E+002    -0.68965018E-004     0.10961243E-006     0.20718955E-015     0.30885083E-014     0.23892253E-015     0.55037617E-014
     0.15769526E+002    -0.70875032E-004    -0.10285025E-006     0.20452514E-015     0.30164179E-014     0.23473586E-015     0.53859698E-014
     0.15777122E+002    -0.73135493E-004    -0.42142288E-006     0.20187380E-015     0.29476027E-014     0.23065693E-015     0.52737384E-014
     0.15784718E+002    -0.75980114E-004    -0.89080865E-006     0.19924751E-015     0.28821118E-014     0.22670918E-015     0.51669307E-014
     0.15792314E+002    -0.79787578E-004    -0.16721324E-005     0.19638142E-015     0.28191414E-014     0.22273472E-015     0.50645717E-014
     0.15799910E+002    -0.85226463E-004    -0.31328037E-005     0.19363385E-015     0.27589882E-014     0.21901329E-015     0.49668631E-014
     0.15807507E+002    -0.93689499E-004    -0.63413205E-005     0.18974731E-015     0.27009285E-014     0.21432789E-015     0.48729119E-014
     0.15815103E+002    -0.10882396E-003    -0.15250011E-004     0.18402276E-015     0.26434702E-014     0.20816665E-015     0.47811245E-014
     0.15822699E+002    -0.13561166E-003    -0.53660130E-004     0.17515774E-015     0.25791669E-014     0.19927166E-015     0.46846455E-014
     0.15830295E+002    -0.33455679E-004    -0.14609799E-003     0.20128085E-015     0.25002697E-014     0.22218245E-015     0.45765122E-014
     0.15837891E+002     0.31841388E-005    -0.37929977E-004     0.21550485E-015     0.24810371E-014     0.23372085E-015     0.45224159E-014
     0.15845487E+002    -0.20289741E-004    -0.12701458E-004     0.20809078E-015     0.24409643E-014     0.22691246E-015     0.44499863E-014
     0.15853083E+002    -0.32950898E-004    -0.58118030E-005     0.20427630E-015     0.23952794E-014     0.22369999E-015     0.43726981E-014
     0.15860679E+002    -0.40398535E-004    -0.32032180E-005     0.20262319E-015     0.23483670E-014     0.22296320E-015     0.42935204E-014
     0.15868275E+002    -0.45181199E-004    -0.18778060E-005     0.20256849E-015     0.22996836E-014     0.22470787E-015     0.42106395E-014
     0.15875872E+002    -0.48637535E-004    -0.11010297E-005     0.20490060E-015     0.22476834E-014     0.23053060E-015     0.41205022E-014
     0.15883468E+002    -0.51308655E-004    -0.60188931E-006     0.21612166E-015     0.21861526E-014     0.24879499E-015     0.40130626E-014
     0.15891064E+002    -0.53456832E-004    -0.27685702E-006     0.21374191E-015     0.21316118E-014     0.26314943E-015     0.38963113E-014
     0.15898660E+002    -0.55242449E-004    -0.64940298E-007     0.25767660E-015     0.20195420E-014     0.35351964E-015     0.36869314E-014
     0.15906256E+002    -0.56767742E-004     0.10864049E-006     0.42681299E-015     0.18535025E-014     0.71861909E-015     0.33498468E-014
     0.15913852E+002    -0.58113541E-004     0.22389476E-006     0.98706129E-015     0.22530035E-014     0.19214582E-014     0.42363826E-014
     0.15921448E+002    -0.59310805E-004     0.32180634E-006     0.40539903E-015     0.25339244E-014     0.66350940E-015     0.48526011E-014
     0.15929044E+002    -0.60413928E-004     0.41178515E-006     0.25646132E-015     0.23852145E-014     0.34412819E-015     0.45473188E-014
     0.15936640E+002    -0.61433792E-004     0.42984544E-006     0.21831185E-015     0.22979321E-014     0.26093004E-015     0.43759469E-014
     0.15944237E+002    -0.62353155E-004     0.48086131E-006     0.20372979E-015     0.22462891E-014     0.22806763E-015     0.42752546E-014
     0.15951833E+002    -0.63220599E-004     0.52483843E-006     0.18847523E-015     0.22074175E-014     0.20480545E-015     0.42060718E-014
     0.15959429E+002    -0.64057279E-004     0.56502403E-006     0.18384206E-015     0.21746008E-014     0.19376766E-015     0.41544358E-014
     0.15967025E+002    -0.64858856E-004     0.59890607E-006     0.17978471E-015     0.21519511E-014     0.18490429E-015     0.41197185E-014
     0.15974621E+002    -0.65620477E-004     0.61957141E-006     0.17595222E-015     0.21335520E-014     0.17711104E-015     0.40951153E-014
     0.15982217E+002    -0.66359842E-004     0.65665265E-006     0.17327589E-015     0.21208124E-014     0.17116154E-015     0.40812720E-014
     0.15989813E+002    -0.67093386E-004     0.68769951E-006     0.17069511E-015     0.21133247E-014     0.16477093E-015     0.40783221E-014
     0.15997409E+002    -0.67820072E-004     0.69473545E-006     0.16725140E-015     0.21119689E-014     0.15726849E-015     0.40862254E-014
     0.16005005E+002    -0.68504324E-004     0.66198927E-006     0.16273048E-015     0.21155792E-014     0.14822901E-015     0.41048920E-014
     0.16012602E+002    -0.69145644E-004     0.68469686E-006     0.15815458E-015     0.21251092E-014     0.13832363E-015     0.41360132E-014
     0.16020198E+002    -0.69803877E-004     0.69473786E-006     0.15192536E-015     0.21444375E-014     0.12573372E-015     0.41847844E-014
     0.16027794E+002    -0.70442481E-004     0.71275315E-006     0.14268164E-015     0.21711124E-014     0.10848970E-015     0.42507434E-014
     0.16035390E+002    -0.71082968E-004     0.72933797E-006     0.13211816E-015     0.22095863E-014     0.87550295E-016     0.43410607E-014
     0.16042986E+002    -0.71731042E-004     0.73731978E-006     0.11821418E-015     0.22645751E-014     0.59614950E-016     0.44647189E-014
     0.16050582E+002    -0.72353027E-004     0.73414568E-006     0.98567602E-016     0.23421750E-014     0.20122263E-016     0.46343056E-014
     0.16058178E+002    -0.72972378E-004     0.73252467E-006     0.68423070E-016     0.24521352E-014    -0.39608678E-016     0.48701745E-014
     0.16065774E+002    -0.73582295E-004     0.72743605E-006     0.21580907E-016     0.26113552E-014    -0.13376165E-015     0.52076922E-014
     0.16073370E+002    -0.74151084E-004     0.71357872E-006    -0.61131848E-016     0.28538975E-014    -0.29971449E-015     0.57157451E-014
     0.16080967E+002    -0.74743242E-004     0.80449115E-006    -0.22554376E-015     0.32461034E-014    -0.63230717E-015     0.65332478E-014
     0.16088563E+002    -0.75353695E-004     0.81933617E-006    -0.63612767E-015     0.39530607E-014    -0.14657437E-014     0.79979660E-014
     0.16096159E+002    -0.76021740E-004     0.86754476E-006    -0.21307918E-014     0.53334305E-014    -0.45159802E-014     0.10851101E-013
     0.16103755E+002    -0.76658038E-004     0.84201799E-006    -0.88485801E-014     0.31934312E-014    -0.18303300E-013     0.65500695E-014
     0.16111351E+002    -0.77265200E-004     0.83740209E-006    -0.30537771E-014    -0.32770099E-014    -0.65024307E-014    -0.67610773E-014
     0.16118947E+002    -0.77877446E-004     0.82570142E-006    -0.72111549E-015    -0.16025218E-014    -0.17051759E-014    -0.33473451E-014
     0.16126543E+002    -0.78477605E-004     0.81889391E-006    -0.19765939E-015    -0.71156582E-015    -0.62276630E-015    -0.15185781E-014
     0.16134139E+002    -0.79052807E-004     0.81928044E-006    -0.14341324E-016    -0.23613518E-015    -0.24188561E-015    -0.53749945E-015
     0.16141735E+002    -0.79683821E-004     0.87970803E-006     0.68326363E-016     0.49267540E-016    -0.68677836E-016     0.55805887E-016
     0.16149332E+002    -0.80322150E-004     0.85367562E-006     0.11250013E-015     0.23543822E-015     0.23534703E-016     0.44649424E-015
     0.16156928E+002    -0.80896087E-004     0.85752536E-006     0.13844891E-015     0.36443497E-015     0.77865256E-016     0.71975113E-015
     0.16164524E+002    -0.81528227E-004     0.89035833E-006     0.15486068E-015     0.45724067E-015     0.11232986E-015     0.91895169E-015
     0.16172120E+002    -0.82172830E-004     0.89671751E-006     0.16576792E-015     0.52585295E-015     0.13539871E-015     0.10687209E-014
     0.16179716E+002    -0.82799922E-004     0.88960766E-006     0.17398512E-015     0.57703012E-015     0.15196036E-015     0.11835288E-014
     0.16187312E+002    -0.83435559E-004     0.89587023E-006     0.18021137E-015     0.61746297E-015     0.16422155E-015     0.12744698E-014
     0.16194908E+002    -0.84066770E-004     0.88717475E-006     0.18449246E-015     0.64830769E-015     0.17307257E-015     0.13463499E-014
     0.16202504E+002    -0.84706938E-004     0.88303533E-006     0.18794665E-015     0.67242652E-015     0.18001216E-015     0.14042525E-014
     0.16210100E+002    -0.85331696E-004     0.87450187E-006     0.19050193E-015     0.69109108E-015     0.18524257E-015     0.14509855E-014
     0.16217697E+002    -0.85965472E-004     0.88386941E-006     0.19183557E-015     0.70534393E-015     0.18870748E-015     0.14888398E-014
     0.16225293E+002    -0.86615777E-004     0.87684864E-006     0.19378477E-015     0.71532224E-015     0.19232151E-015     0.15187487E-014
     0.16232889E+002    -0.87254421E-004     0.88568723E-006     0.19547698E-015     0.72318869E-015     0.19534795E-015     0.15435816E-014
     0.16240485E+002    -0.87913421E-004     0.87949247E-006     0.19684833E-015     0.72870931E-015     0.19780586E-015     0.15636166E-014
     0.16248081E+002    -0.88566472E-004     0.86551708E-006     0.19806357E-015     0.73232424E-015     0.19991745E-015     0.15797261E-014
     0.16255677E+002    -0.89185285E-004     0.87302308E-006     0.19913814E-015     0.73443670E-015     0.20167962E-015     0.15927278E-014
     0.16263273E+002    -0.89871859E-004     0.90524314E-006     0.19975191E-015     0.73503422E-015     0.20253890E-015     0.16025667E-014
     0.16270869E+002    -0.90554349E-004     0.90176263E-006     0.20064208E-015     0.73427708E-015     0.20383640E-015     0.16096450E-014
     0.16278465E+002    -0.91227291E-004     0.90030576E-006     0.20077038E-015     0.73252532E-015     0.20415706E-015     0.16144978E-014
     0.16286062E+002    -0.91913699E-004     0.90432960E-006     0.20270752E-015     0.72910774E-015     0.20755019E-015     0.16161844E-014
     0.16293658E+002    -0.92613369E-004     0.90345338E-006     0.20380301E-015     0.72699785E-015     0.20934607E-015     0.16205798E-014
     0.16301254E+002    -0.93295517E-004     0.88395677E-006     0.20426180E-015     0.72334152E-015     0.20980039E-015     0.16218420E-014
     0.16308850E+002    -0.93986700E-004     0.89470704E-006     0.20487507E-015     0.71898562E-015     0.21047192E-015     0.16216027E-014
     0.16316446E+002    -0.94693522E-004     0.90106474E-006     0.20560526E-015     0.71423768E-015     0.21128758E-015     0.16203868E-014
     0.16324042E+002    -0.95410556E-004     0.89501892E-006     0.20602550E-015     0.70894549E-015     0.21180150E-015     0.16181089E-014
     0.16331638E+002    -0.96126304E-004     0.89692932E-006     0.20671580E-015     0.70332152E-015     0.21274219E-015     0.16151805E-014
     0.16339234E+002    -0.96852391E-004     0.89479784E-006     0.20709288E-015     0.69714404E-015     0.21320214E-015     0.16114470E-014
     0.16346830E+002    -0.97585440E-004     0.88504745E-006     0.20803045E-015     0.69069646E-015     0.21415053E-015     0.16070853E-014
     0.16354427E+002    -0.98314302E-004     0.88481287E-006     0.20858469E-015     0.68421673E-015     0.21465566E-015     0.16023292E-014
     0.16362023E+002    -0.99049716E-004     0.89365743E-006     0.20919454E-015     0.67741564E-015     0.21530746E-015     0.15970008E-014
     0.16369619E+002    -0.99823092E-004     0.89596512E-006     0.20979736E-015     0.67037540E-015     0.21588174E-015     0.15912463E-014
     0.16377215E+002    -0.10057655E-003     0.88993509E-006     0.21072125E-015     0.66335670E-015     0.21677555E-015     0.15852390E-014
     0.16384811E+002    -0.10134838E-003     0.88719341E-006     0.21034191E-015     0.65722705E-015     0.21654099E-015     0.15798438E-014
     0.16392407E+002    -0.10213215E-003     0.88255079E-006     0.21000846E-015     0.64816968E-015     0.21630888E-015     0.15717467E-014
     0.16400003E+002    -0.10290661E-003     0.87263862E-006     0.21079679E-015     0.63991372E-015     0.21703384E-015     0.15641273E-014
     0.16407599E+002    -0.10369194E-003     0.87457141E-006     0.21164937E-015     0.63208557E-015     0.21798001E-015     0.15568722E-014
     0.16415195E+002    -0.10450002E-003     0.88577696E-006     0.21145429E-015     0.62537814E-015     0.21768497E-015     0.15506976E-014
     0.16422792E+002    -0.10531879E-003     0.88085798E-006     0.20778300E-015     0.61425205E-015     0.21376905E-015     0.15397294E-014
     0.16430388E+002    -0.10614075E-003     0.86663385E-006     0.20885362E-015     0.59919416E-015     0.21519766E-015     0.15241529E-014
     0.16437984E+002    -0.10696825E-003     0.87488476E-006     0.22079398E-015     0.59227532E-015     0.22743489E-015     0.15185387E-014
     0.16445580E+002    -0.10781292E-003     0.85697392E-006     0.21987048E-015     0.58858499E-015     0.22627565E-015     0.15149206E-014
     0.16453176E+002    -0.10865202E-003     0.85629785E-006     0.21931853E-015     0.58090163E-015     0.22568692E-015     0.15073070E-014
     0.16460772E+002    -0.10950743E-003     0.86356427E-006     0.21950811E-015     0.57271156E-015     0.22588287E-015     0.14991828E-014
     0.16468368E+002    -0.11039316E-003     0.86553377E-006     0.21909878E-015     0.56431293E-015     0.22555707E-015     0.14908856E-014
     0.16475964E+002    -0.11128109E-003     0.85408364E-006     0.21948813E-015     0.55521795E-015     0.22580014E-015     0.14822426E-014
     0.16483560E+002    -0.11216668E-003     0.84641291E-006     0.21930255E-015     0.54582768E-015     0.22510842E-015     0.14726409E-014
     0.16491157E+002    -0.11307865E-003     0.84374466E-006     0.22033621E-015     0.53621223E-015     0.22619382E-015     0.14627040E-014
     0.16498753E+002    -0.11399552E-003     0.83690772E-006     0.22051212E-015     0.52617769E-015     0.22645925E-015     0.14528374E-014
     0.16506349E+002    -0.11491429E-003     0.82584874E-006     0.22343273E-015     0.51703861E-015     0.22879046E-015     0.14435404E-014
     0.16513945E+002    -0.11586407E-003     0.83991130E-006     0.22384774E-015     0.50880396E-015     0.22916774E-015     0.14349219E-014
     0.16521541E+002    -0.11682734E-003     0.82660204E-006     0.22435684E-015     0.49983278E-015     0.22970110E-015     0.14257386E-014
     0.16529137E+002    -0.11779733E-003     0.80964123E-006     0.22410388E-015     0.49058567E-015     0.22944530E-015     0.14163576E-014
     0.16536733E+002    -0.11877517E-003     0.80610100E-006     0.22484355E-015     0.48050190E-015     0.23010791E-015     0.14061560E-014
     0.16544329E+002    -0.11977022E-003     0.79967927E-006     0.22558185E-015     0.47081702E-015     0.23076208E-015     0.13963880E-014
     0.16551925E+002    -0.12078144E-003     0.78611390E-006     0.22637028E-015     0.46125395E-015     0.23127585E-015     0.13866923E-014
     0.16559522E+002    -0.12180435E-003     0.78922137E-006     0.22652474E-015     0.45134748E-015     0.23118490E-015     0.13765660E-014
     0.16567118E+002    -0.12285244E-003     0.78059993E-006     0.22700527E-015     0.44076117E-015     0.23130579E-015     0.13656303E-014
     0.16574714E+002    -0.12390907E-003     0.74783100E-006     0.22898101E-015     0.43033302E-015     0.23263905E-015     0.13543327E-014
     0.16582310E+002    -0.12494712E-003     0.78964929E-006     0.22704905E-015     0.41752623E-015     0.23291734E-015     0.13386094E-014
     0.16589906E+002    -0.12608283E-003     0.78517334E-006     0.23242607E-015     0.41011159E-015     0.23906421E-015     0.13351686E-014
     0.16597502E+002    -0.12720369E-003     0.76856289E-006     0.23240455E-015     0.40075206E-015     0.23793234E-015     0.13256242E-014
     0.16605098E+002    -0.12833636E-003     0.75920006E-006     0.23268275E-015     0.39065449E-015     0.23768540E-015     0.13154091E-014
     0.16612694E+002    -0.12949452E-003     0.74832880E-006     0.23277621E-015     0.38001370E-015     0.23706444E-015     0.13043456E-014
     0.16620290E+002    -0.13068552E-003     0.74109619E-006     0.23309815E-015     0.36732221E-015     0.23678440E-015     0.12893591E-014
     0.16627887E+002    -0.13189151E-003     0.68905317E-006     0.23856786E-015     0.35744396E-015     0.24688776E-015     0.12799116E-014
     0.16635483E+002    -0.13307470E-003     0.67048589E-006     0.23873336E-015     0.34896368E-015     0.24639982E-015     0.12737099E-014
     0.16643079E+002    -0.13430724E-003     0.67415325E-006     0.23941808E-015     0.33913229E-015     0.24669153E-015     0.12647160E-014
     0.16650675E+002    -0.13556678E-003     0.64693333E-006     0.23879189E-015     0.33028452E-015     0.24488636E-015     0.12572505E-014
     0.16658271E+002    -0.13685080E-003     0.65691566E-006     0.23835563E-015     0.31751902E-015     0.24348371E-015     0.12434812E-014
     0.16665867E+002    -0.13817705E-003     0.63807870E-006     0.23970607E-015     0.30621561E-015     0.24502586E-015     0.12319581E-014
     0.16673463E+002    -0.13952496E-003     0.60573462E-006     0.24050464E-015     0.29507855E-015     0.24589641E-015     0.12210855E-014
     0.16681059E+002    -0.14088096E-003     0.58094382E-006     0.24152547E-015     0.28384459E-015     0.24679657E-015     0.12101091E-014
     0.16688655E+002    -0.14226329E-003     0.57621155E-006     0.24237496E-015     0.27293472E-015     0.24752863E-015     0.11993900E-014
     0.16696252E+002    -0.14371175E-003     0.56320028E-006     0.24251625E-015     0.26105550E-015     0.24761991E-015     0.11877842E-014
     0.16703848E+002    -0.14518445E-003     0.53980163E-006     0.24361973E-015     0.24880521E-015     0.24862389E-015     0.11757194E-014
     0.16711444E+002    -0.14666980E-003     0.50032456E-006     0.24556579E-015     0.23720412E-015     0.25080552E-015     0.11641745E-014
     0.16719040E+002    -0.14821362E-003     0.49826475E-006     0.24615059E-015     0.22586579E-015     0.25147004E-015     0.11536397E-014
     0.16726636E+002    -0.14979160E-003     0.45777183E-006     0.24718865E-015     0.21385337E-015     0.25228688E-015     0.11421030E-014
     0.16734232E+002    -0.15141418E-003     0.42763033E-006     0.24798157E-015     0.20216321E-015     0.25291811E-015     0.11306543E-014
     0.16741828E+002    -0.15306720E-003     0.39506819E-006     0.24913153E-015     0.18988121E-015     0.25466276E-015     0.11188381E-014
     0.16749424E+002    -0.15477634E-003     0.36516290E-006     0.24994663E-015     0.17807170E-015     0.25535993E-015     0.11082197E-014
     0.16757020E+002    -0.15653655E-003     0.32774839E-006     0.25044019E-015     0.16584133E-015     0.25541720E-015     0.10968827E-014
     0.16764617E+002    -0.15836094E-003     0.29806138E-006     0.25042326E-015     0.15287574E-015     0.25447740E-015     0.10841190E-014
     0.16772213E+002    -0.16024008E-003     0.22566944E-006     0.25112058E-015     0.13898118E-015     0.25509625E-015     0.10703252E-014
     0.16779809E+002    -0.16214968E-003     0.16726408E-006     0.25330214E-015     0.12549674E-015     0.25776701E-015     0.10568653E-014
     0.16787405E+002    -0.16412583E-003     0.13537661E-006     0.25412222E-015     0.11341572E-015     0.25883462E-015     0.10459838E-014
     0.16795001E+002    -0.16621286E-003     0.81449481E-007     0.25481557E-015     0.99977911E-016     0.25933609E-015     0.10334055E-014
     0.16802597E+002    -0.16835556E-003     0.21383840E-007     0.25554783E-015     0.86338911E-016     0.25992081E-015     0.10205483E-014
     0.16810193E+002    -0.17058328E-003    -0.45769016E-007     0.25685057E-015     0.72424765E-016     0.26107447E-015     0.10074955E-014
     0.16817789E+002    -0.17291873E-003    -0.11875225E-006     0.25738147E-015     0.59129716E-016     0.26112621E-015     0.99517424E-015
     0.16825385E+002    -0.17534489E-003    -0.20786595E-006     0.25779916E-015     0.44574360E-016     0.26108048E-015     0.98105496E-015
     0.16832982E+002    -0.17786067E-003    -0.29942292E-006     0.25829052E-015     0.29245419E-016     0.26103567E-015     0.96609341E-015
     0.16840578E+002    -0.18053829E-003    -0.37750751E-006     0.26084898E-015     0.13808198E-016     0.26413037E-015     0.95029348E-015
     0.16848174E+002    -0.18335412E-003    -0.48820979E-006     0.26095837E-015    -0.23617724E-019     0.26366660E-015     0.93726772E-015
     0.16855770E+002    -0.18631208E-003    -0.63398680E-006     0.26420600E-015    -0.18083098E-016     0.26985561E-015     0.91722059E-015
     0.16863366E+002    -0.18945319E-003    -0.76135124E-006     0.26655222E-015    -0.29871935E-016     0.27336558E-015     0.91004898E-015
     0.16870962E+002    -0.19278949E-003    -0.94044874E-006     0.26687688E-015    -0.44313652E-016     0.27282420E-015     0.89745157E-015
     0.16878558E+002    -0.19634175E-003    -0.11261802E-005     0.26758336E-015    -0.59742964E-016     0.27306398E-015     0.88329780E-015
     0.16886154E+002    -0.20016950E-003    -0.13266971E-005     0.26796231E-015    -0.74903434E-016     0.27310777E-015     0.86925990E-015
     0.16893750E+002    -0.20430674E-003    -0.15673953E-005     0.26839682E-015    -0.91100457E-016     0.27329634E-015     0.85407168E-015
     0.16901346E+002    -0.20881828E-003    -0.18766486E-005     0.26913784E-015    -0.10742488E-015     0.27418598E-015     0.83831923E-015
     0.16908943E+002    -0.21371695E-003    -0.22244564E-005     0.27041654E-015    -0.12413865E-015     0.27607346E-015     0.82338134E-015
     0.16916539E+002    -0.21914870E-003    -0.26428154E-005     0.27145187E-015    -0.14059887E-015     0.27707468E-015     0.80843396E-015
     0.16924135E+002    -0.22519673E-003    -0.31621836E-005     0.27260373E-015    -0.15697758E-015     0.27859385E-015     0.79362219E-015
     0.16931731E+002    -0.23197196E-003    -0.37918373E-005     0.27361365E-015    -0.17015385E-015     0.28032539E-015     0.78477430E-015
     0.16939327E+002    -0.23975619E-003    -0.45599811E-005     0.26729174E-015    -0.18990715E-015     0.26914195E-015     0.76464991E-015
     0.16946923E+002    -0.24875498E-003    -0.55934910E-005     0.26796368E-015    -0.21033533E-015     0.27056777E-015     0.74392810E-015
     0.16954519E+002    -0.25935060E-003    -0.69402753E-005     0.26814256E-015    -0.22951404E-015     0.27119369E-015     0.72575186E-015
     0.16962115E+002    -0.27212596E-003    -0.87775576E-005     0.26773827E-015    -0.24852653E-015     0.27103172E-015     0.70803851E-015
     0.16969711E+002    -0.28792449E-003    -0.11366931E-004     0.26584919E-015    -0.26760787E-015     0.26895045E-015     0.69077875E-015
     0.16977308E+002    -0.30811898E-003    -0.15257283E-004     0.26309386E-015    -0.28862733E-015     0.26566927E-015     0.67048177E-015
     0.16984904E+002    -0.33506012E-003    -0.21342637E-004     0.25980777E-015    -0.31023653E-015     0.26245243E-015     0.64993613E-015
     0.16992500E+002    -0.37315064E-003    -0.31897949E-004     0.25423547E-015    -0.33209310E-015     0.25684731E-015     0.62931339E-015
     0.17000096E+002    -0.43132996E-003    -0.52767181E-004     0.24389770E-015    -0.35678222E-015     0.24633812E-015     0.60583383E-015
     0.17007692E+002    -0.53024963E-003    -0.10283220E-003     0.22525187E-015    -0.38826350E-015     0.22736391E-015     0.57544107E-015
     0.17015288E+002    -0.71927965E-003    -0.27285793E-003     0.18802696E-015    -0.44483110E-015     0.18949432E-015     0.51951408E-015
     0.17022884E+002    -0.70999405E-003    -0.11287615E-002     0.19244687E-015    -0.64320989E-015     0.19412649E-015     0.31911868E-015
     0.17030480E+002     0.52190569E-003    -0.62806645E-003     0.44845878E-015    -0.56138589E-015     0.45522528E-015     0.40488933E-015
     0.17038076E+002     0.27825375E-003    -0.16415783E-003     0.39873113E-015    -0.48853444E-015     0.40317963E-015     0.48076293E-015
     0.17045673E+002     0.12754670E-003    -0.67500277E-004     0.36935982E-015    -0.49226955E-015     0.37319921E-015     0.47824150E-015
     0.17053269E+002     0.46427992E-004    -0.35253686E-004     0.35422590E-015    -0.51032227E-015     0.35754108E-015     0.46090334E-015
     0.17060865E+002    -0.33614685E-005    -0.21004282E-004     0.34686668E-015    -0.53245550E-015     0.35037713E-015     0.43929516E-015
     0.17068461E+002    -0.37156144E-004    -0.13584029E-004     0.34146535E-015    -0.55507760E-015     0.34519331E-015     0.41802025E-015
     0.17076057E+002    -0.61728227E-004    -0.92678169E-005     0.33843888E-015    -0.58008003E-015     0.34202549E-015     0.39399348E-015
     0.17083653E+002    -0.80623103E-004    -0.65437109E-005     0.33641827E-015    -0.60569324E-015     0.33990680E-015     0.36914196E-015
     0.17091249E+002    -0.95722176E-004    -0.47817276E-005     0.33510471E-015    -0.63242308E-015     0.33851228E-015     0.34301716E-015
     0.17098845E+002    -0.10817454E-003    -0.35371224E-005     0.33453502E-015    -0.65979273E-015     0.33788935E-015     0.31593683E-015
     0.17106441E+002    -0.11872595E-003    -0.26377929E-005     0.33408600E-015    -0.68802639E-015     0.33778357E-015     0.28803827E-015
     0.17114038E+002    -0.12793292E-003    -0.19013599E-005     0.33390462E-015    -0.71709542E-015     0.33752805E-015     0.25922541E-015
     0.17121634E+002    -0.13610217E-003    -0.14056329E-005     0.33376445E-015    -0.74702520E-015     0.33735254E-015     0.22905701E-015
     0.17129230E+002    -0.14345682E-003    -0.10172533E-005     0.33273042E-015    -0.77876028E-015     0.33641528E-015     0.19678127E-015
     0.17136826E+002    -0.15012697E-003    -0.73907668E-006     0.33318698E-015    -0.81146051E-015     0.33701004E-015     0.16324364E-015
     0.17144422E+002    -0.15631075E-003    -0.51044360E-006     0.33606956E-015    -0.84652231E-015     0.34001395E-015     0.12695381E-015
     0.17152018E+002    -0.16206488E-003    -0.33011132E-006     0.33984761E-015    -0.87878991E-015     0.34398536E-015     0.92863134E-016
     0.17159614E+002    -0.16748217E-003    -0.17683815E-006     0.33751853E-015    -0.91201823E-015     0.34195202E-015     0.57372758E-016
     0.17167210E+002    -0.17265758E-003    -0.38768481E-007     0.33758900E-015    -0.94956956E-015     0.34228741E-015     0.16797394E-016
     0.17174806E+002    -0.17762514E-003     0.58762372E-007     0.33786282E-015    -0.98816437E-015     0.34294087E-015    -0.25689292E-016
     0.17182403E+002    -0.18239252E-003     0.12360251E-006     0.33819877E-015    -0.10285145E-014     0.34377284E-015    -0.70921687E-016
     0.17189999E+002    -0.18704176E-003     0.19258262E-006     0.33874997E-015    -0.10707563E-014     0.34493321E-015    -0.11930064E-015
     0.17197595E+002    -0.19155841E-003     0.22579183E-006     0.33880873E-015    -0.11150647E-014     0.34579810E-015    -0.17126641E-015
     0.17205191E+002    -0.19598857E-003     0.25336788E-006     0.33946066E-015    -0.11624783E-014     0.34749013E-015    -0.22820293E-015
     0.17212787E+002    -0.20034941E-003     0.29579457E-006     0.33971861E-015    -0.12120565E-014     0.34909002E-015    -0.28967990E-015
     0.17220383E+002    -0.20467973E-003     0.30976531E-006     0.33990799E-015    -0.12661065E-014     0.35102209E-015    -0.35861163E-015
     0.17227979E+002    -0.20897496E-003     0.31153930E-006     0.34068823E-015    -0.13234388E-014     0.35416744E-015    -0.43484195E-015
     0.17235575E+002    -0.21323896E-003     0.30659664E-006     0.34076861E-015    -0.13867604E-014     0.35751452E-015    -0.52214604E-015
     0.17243171E+002    -0.21750993E-003     0.30182624E-006     0.34060409E-015    -0.14568324E-014     0.36194683E-015    -0.62318154E-015
     0.17250768E+002    -0.22179919E-003     0.25734529E-006     0.34107632E-015    -0.15369695E-014     0.36904861E-015    -0.74400501E-015
     0.17258364E+002    -0.22604219E-003     0.25541431E-006     0.34262796E-015    -0.16300365E-014     0.38064768E-015    -0.89185475E-015
     0.17265960E+002    -0.23039942E-003     0.24279277E-006     0.34507615E-015    -0.17423222E-014     0.39911645E-015    -0.10803243E-014
     0.17273556E+002    -0.23478408E-003     0.20735479E-006     0.35041976E-015    -0.18864421E-014     0.43221116E-015    -0.13351500E-014
     0.17281152E+002    -0.23920903E-003     0.15909652E-006     0.36868250E-015    -0.20918472E-014     0.50397894E-015    -0.17116594E-014
     0.17288748E+002    -0.24372278E-003     0.11286992E-006     0.43129330E-015    -0.24025039E-014     0.68826893E-015    -0.23115190E-014
     0.17296344E+002    -0.24831428E-003     0.48304001E-007     0.66017815E-015    -0.29674575E-014     0.12832705E-014    -0.34291227E-014
     0.17303940E+002    -0.25298067E-003    -0.34262675E-007     0.19839379E-014    -0.40130571E-014     0.43723421E-014    -0.53723773E-014
     0.17311536E+002    -0.25777045E-003    -0.10189859E-006     0.42006392E-014    -0.47432747E-015     0.84188985E-014     0.28496095E-014
     0.17319133E+002    -0.26271553E-003    -0.16648719E-006     0.15444265E-014    -0.36722330E-016     0.25650287E-014     0.33091378E-014
     0.17326729E+002    -0.26782612E-003    -0.30111785E-006     0.91865867E-015    -0.57562925E-015     0.13045211E-014     0.20802554E-014
     0.17334325E+002    -0.27311115E-003    -0.42699642E-006     0.71307162E-015    -0.90223937E-015     0.91119612E-015     0.14015968E-014
     0.17341921E+002    -0.27863709E-003    -0.59292464E-006     0.61990939E-015    -0.11191404E-014     0.73959893E-015     0.98603417E-015
     0.17349517E+002    -0.28446667E-003    -0.80470876E-006     0.56991984E-015    -0.12808686E-014     0.64938639E-015     0.70133421E-015
     0.17357113E+002    -0.29068263E-003    -0.10720804E-005     0.54023837E-015    -0.14120787E-014     0.59617119E-015     0.48934711E-015
     0.17364709E+002    -0.29751231E-003    -0.15025242E-005     0.52213560E-015    -0.15250181E-014     0.56291757E-015     0.32160059E-015
     0.17372305E+002    -0.30499899E-003    -0.22557890E-005     0.51119926E-015    -0.16258255E-014     0.54141487E-015     0.18299124E-015
     0.17379901E+002    -0.31378911E-003    -0.34505751E-005     0.50654355E-015    -0.17195486E-014     0.52910581E-015     0.63526736E-016
     0.17387498E+002    -0.32500497E-003    -0.60794358E-005     0.51264487E-015    -0.18033380E-014     0.52893313E-015    -0.37102397E-016
     0.17395094E+002    -0.34139190E-003    -0.14162554E-004     0.52788950E-015    -0.18729856E-014     0.53882619E-015    -0.11732523E-015
     0.17402690E+002    -0.35861973E-003    -0.54361960E-004     0.54859381E-015    -0.18603004E-014     0.55491245E-015    -0.11214789E-015
     0.17410286E+002    -0.28125229E-003    -0.55493951E-004     0.33313191E-015    -0.19450454E-014     0.34289000E-015    -0.19673074E-015
     0.17417882E+002    -0.29844790E-003    -0.14907832E-004     0.35287920E-015    -0.21326176E-014     0.35894069E-015    -0.37680362E-015
     0.17425478E+002    -0.31613168E-003    -0.70766358E-005     0.37300420E-015    -0.22399202E-014     0.37566354E-015    -0.47566700E-015
     0.17433074E+002    -0.32919508E-003    -0.48246548E-005     0.37942651E-015    -0.23339649E-014     0.37924001E-015    -0.55836528E-015
     0.17440670E+002    -0.34047419E-003    -0.40494463E-005     0.38053162E-015    -0.24259853E-014     0.37757644E-015    -0.63575005E-015
     0.17448266E+002    -0.35121674E-003    -0.39099629E-005     0.37709615E-015    -0.25193491E-014     0.37121105E-015    -0.71218367E-015
     0.17455863E+002    -0.36198243E-003    -0.40826227E-005     0.37228760E-015    -0.26142057E-014     0.36397223E-015    -0.78686764E-015
     0.17463459E+002    -0.37317226E-003    -0.44520773E-005     0.36608332E-015    -0.27107872E-014     0.35517656E-015    -0.86003169E-015
     0.17471055E+002    -0.38528308E-003    -0.51428351E-005     0.35616910E-015    -0.28092257E-014     0.34270144E-015    -0.93172742E-015
     0.17478651E+002    -0.39853605E-003    -0.61949047E-005     0.34496335E-015    -0.29125833E-014     0.32855728E-015    -0.10045683E-014
     0.17486247E+002    -0.41357730E-003    -0.77346768E-005     0.33337245E-015    -0.30176370E-014     0.31359694E-015    -0.10754147E-014
     0.17493843E+002    -0.43138585E-003    -0.10115662E-004     0.31855569E-015    -0.31255716E-014     0.29517983E-015    -0.11448544E-014
     0.17501439E+002    -0.45357717E-003    -0.14190729E-004     0.30135221E-015    -0.32357722E-014     0.27391468E-015    -0.12116603E-014
     0.17509035E+002    -0.48351001E-003    -0.22082429E-004     0.27917268E-015    -0.33512322E-014     0.24700943E-015    -0.12781038E-014
     0.17516631E+002    -0.52892220E-003    -0.41062141E-004     0.25672917E-015    -0.34679046E-014     0.21893153E-015    -0.13393871E-014
     0.17524228E+002    -0.60754476E-003    -0.10631945E-003     0.23166997E-015    -0.35827880E-014     0.18704665E-015    -0.13915205E-014
     0.17531824E+002    -0.58407704E-003    -0.42521916E-003     0.18622720E-015    -0.36676466E-014     0.13432513E-015    -0.14064612E-014
     0.17539420E+002    -0.19527640E-003    -0.20390998E-003     0.81237221E-016    -0.38305452E-014     0.23403413E-016    -0.14835505E-014
     0.17547016E+002    -0.29529865E-003    -0.59161196E-004     0.31244938E-016    -0.39884261E-014    -0.39028760E-016    -0.15421782E-014
     0.17554612E+002    -0.36064861E-003    -0.28942982E-004    -0.36692233E-016    -0.41372681E-014    -0.12221869E-015    -0.15748594E-014
     0.17562208E+002    -0.40481771E-003    -0.19581158E-004    -0.12534896E-015    -0.42830037E-014    -0.23059439E-015    -0.15808464E-014
     0.17569804E+002    -0.44108365E-003    -0.16581410E-004    -0.24652056E-015    -0.44327406E-014    -0.37850341E-015    -0.15593539E-014
     0.17577400E+002    -0.47538556E-003    -0.16571924E-004    -0.40217692E-015    -0.45900465E-014    -0.57187291E-015    -0.15013533E-014
     0.17584996E+002    -0.51140944E-003    -0.18757533E-004    -0.60775743E-015    -0.47473990E-014    -0.83354540E-015    -0.13794044E-014
     0.17592593E+002    -0.55294347E-003    -0.23629227E-004    -0.88861450E-015    -0.49044926E-014    -0.12033612E-014    -0.11587194E-014
     0.17600189E+002    -0.60536364E-003    -0.33348854E-004    -0.12810053E-014    -0.50541292E-014    -0.17506761E-014    -0.76808603E-015
     0.17607785E+002    -0.67873434E-003    -0.54625164E-004    -0.18528940E-014    -0.51615587E-014    -0.26299729E-014    -0.40699095E-016
     0.17615381E+002    -0.79727547E-003    -0.11441119E-003    -0.27476504E-014    -0.50924104E-014    -0.42744976E-014     0.14682023E-014
     0.17622977E+002    -0.97358239E-003    -0.38662743E-003    -0.49069982E-014    -0.38027851E-014    -0.90585211E-014     0.55286849E-014
     0.17630573E+002    -0.38336437E-003    -0.63474001E-003    -0.16766934E-013    -0.10222005E-013    -0.33875248E-013    -0.23111847E-014
     0.17638169E+002    -0.54014905E-003    -0.29320996E-003    -0.10395933E-013    -0.18300705E-013    -0.18457693E-013    -0.26697327E-013
     0.17645765E+002    -0.82248179E-003    -0.65478213E-003    -0.16163645E-013    -0.35922355E-013    -0.18301140E-013    -0.40816218E-013
     0.17653361E+002     0.17369458E-003    -0.81595543E-003     0.37213587E-013    -0.42324466E-013     0.36338823E-013    -0.45227686E-013
     0.17660958E+002     0.43680824E-004    -0.21306289E-003     0.38292273E-013    -0.82308392E-014     0.37974044E-013    -0.10183378E-013
     0.17668554E+002    -0.13036165E-003    -0.92165363E-004     0.31924454E-013     0.23007078E-013     0.32467865E-013     0.21639109E-013
     0.17676150E+002    -0.23220825E-003    -0.54314439E-004    -0.17100456E-013     0.10226573E-013    -0.16609231E-013     0.10604626E-013
     0.17683746E+002    -0.30173964E-003    -0.38370425E-004    -0.87232702E-014    -0.85857057E-014    -0.87126780E-014    -0.79917932E-014
     0.17691342E+002    -0.35614145E-003    -0.31256795E-004    -0.37993518E-014    -0.12217896E-013    -0.38727556E-014    -0.11432335E-013
     0.17698938E+002    -0.40394468E-003    -0.29898154E-004    -0.14906567E-014    -0.13906866E-013    -0.15921137E-014    -0.12889601E-013
     0.17706534E+002    -0.45264299E-003    -0.38336418E-004    -0.18349920E-015    -0.15420088E-013    -0.30903644E-015    -0.14140993E-013
     0.17714130E+002    -0.48739298E-003    -0.94151150E-004     0.78476031E-015    -0.17341194E-013     0.62202816E-015    -0.15754570E-013
     0.17721726E+002    -0.43010743E-003    -0.63530178E-004     0.19928379E-014    -0.19574806E-013     0.17580213E-014    -0.17610506E-013
     0.17729323E+002    -0.47695760E-003    -0.29105963E-004     0.31996916E-014    -0.22846474E-013     0.28336147E-014    -0.20363738E-013
     0.17736919E+002    -0.51794314E-003    -0.22164240E-004     0.54162731E-014    -0.28255522E-013     0.47461254E-014    -0.24966773E-013
     0.17744515E+002    -0.55497415E-003    -0.20447001E-004     0.11973479E-013    -0.38307471E-013     0.10378245E-013    -0.33567766E-013
     0.17752111E+002    -0.59115481E-003    -0.20608235E-004     0.42993079E-013    -0.54082062E-013     0.36920531E-013    -0.47112937E-013
     0.17759707E+002    -0.62847854E-003    -0.21797225E-004     0.71409356E-013     0.25677659E-013     0.61384019E-013     0.21082484E-013
     0.17767303E+002    -0.66843364E-003    -0.23978825E-004     0.18936734E-013     0.23976358E-013     0.16505606E-013     0.19696304E-013
     0.17774899E+002    -0.71265262E-003    -0.27441069E-004     0.86654496E-014     0.11676401E-013     0.77173326E-014     0.91708865E-014
     0.17782495E+002    -0.76346874E-003    -0.32897599E-004     0.58277965E-014     0.47839846E-014     0.52912336E-014     0.32622279E-014
     0.17790091E+002    -0.82493344E-003    -0.42262972E-004     0.51015455E-014     0.91890119E-016     0.46455612E-014    -0.74967381E-015
     0.17797688E+002    -0.90522760E-003    -0.61526104E-004     0.67254192E-014    -0.37149585E-014     0.58284983E-014    -0.40324467E-014
     0.17805284E+002    -0.10233545E-002    -0.11617417E-003     0.80189253E-014    -0.12674632E-014     0.70826362E-014    -0.25330268E-014
     0.17812880E+002    -0.11579289E-002    -0.37613003E-003     0.60971155E-014    -0.16134488E-014     0.58095825E-014    -0.25704691E-014
     0.17820476E+002    -0.68021745E-003    -0.40688714E-003     0.17406671E-014    -0.37904441E-014     0.16026171E-014    -0.44615695E-014
     0.17828072E+002    -0.82958196E-003    -0.14676803E-003     0.21434537E-014    -0.77520471E-014     0.20616173E-014    -0.82409031E-014
     0.17835668E+002    -0.10036061E-002    -0.11016234E-003     0.27601080E-014    -0.10087246E-013     0.27095917E-014    -0.10456223E-013
     0.17843264E+002    -0.11773275E-002    -0.12028640E-003     0.33002383E-014    -0.12197110E-013     0.32726090E-014    -0.12485168E-013
     0.17850860E+002    -0.13886155E-002    -0.15941051E-003     0.39167176E-014    -0.14355795E-013     0.39080479E-014    -0.14594275E-013
     0.17858456E+002    -0.16848301E-002    -0.24532369E-003     0.47543483E-014    -0.16666064E-013     0.47636525E-014    -0.16884308E-013
     0.17866053E+002    -0.21609329E-002    -0.45103959E-003     0.60552622E-014    -0.19117533E-013     0.60834697E-014    -0.19347447E-013
     0.17873649E+002    -0.30446156E-002    -0.11117588E-002     0.83703989E-014    -0.21181242E-013     0.84196874E-014    -0.21464519E-013
     0.17881245E+002    -0.39212419E-002    -0.44730728E-002     0.10888877E-013    -0.18256468E-013     0.10971643E-013    -0.18670495E-013
     0.17888841E+002     0.29254377E-002    -0.43089906E-002    -0.31653875E-014    -0.24510570E-013    -0.29456388E-014    -0.25093291E-013
     0.17896437E+002     0.19738010E-002    -0.10761789E-002     0.78967772E-015    -0.40025857E-013     0.11154552E-014    -0.40869552E-013
     0.17904033E+002     0.11015068E-002    -0.43849911E-003     0.67207838E-014    -0.54499197E-013     0.72801264E-014    -0.55859900E-013
     0.17911629E+002     0.63123148E-003    -0.23772470E-003     0.18754498E-013    -0.77991482E-013     0.19943498E-013    -0.80357883E-013
     0.17919225E+002     0.34001643E-003    -0.15209429E-003     0.64851631E-013    -0.12301291E-012     0.68528376E-013    -0.12739174E-012
     0.17926821E+002     0.13756102E-003    -0.10874661E-003     0.25562331E-012    -0.33346321E-013     0.26887130E-012    -0.32260969E-013
     0.17934418E+002    -0.16162117E-004    -0.84538919E-004     0.85420371E-013     0.10575932E-012     0.89337626E-013     0.11374266E-012
     0.17942014E+002    -0.14162038E-003    -0.70513311E-004     0.30503380E-013     0.64343285E-013     0.31647662E-013     0.70258405E-013
     0.17949610E+002    -0.25068756E-003    -0.62841785E-004     0.16841029E-013     0.40381479E-013     0.17289729E-013     0.45331340E-013
     0.17957206E+002    -0.35157204E-003    -0.60227321E-004     0.12074822E-013     0.25352051E-013     0.12232233E-013     0.29924111E-013
     0.17964802E+002    -0.45179695E-003    -0.63735465E-004     0.10411570E-013     0.13807049E-013     0.10375210E-013     0.18343731E-013
     0.17972398E+002    -0.56241607E-003    -0.81771609E-004     0.10619553E-013     0.28258392E-014     0.10370738E-013     0.76270609E-014
     0.17979994E+002    -0.68961988E-003    -0.17381943E-003     0.13208938E-013    -0.10074800E-013     0.12583534E-013    -0.45937288E-014
     0.17987590E+002    -0.53703461E-003    -0.26266267E-003     0.20227251E-013    -0.31335525E-013     0.18526415E-013    -0.24392122E-013
     0.17995186E+002    -0.63066716E-003    -0.11011243E-003     0.70675580E-013    -0.71470268E-013     0.64066432E-013    -0.62063345E-013
     0.18002783E+002    -0.76661710E-003    -0.87514850E-004     0.15474348E-012     0.61831665E-013     0.14265152E-012     0.58090010E-013
     0.18010379E+002    -0.90129048E-003    -0.91481148E-004     0.55342036E-013     0.78337667E-013     0.52441426E-013     0.74340423E-013
     0.18017975E+002    -0.10525932E-002    -0.10837926E-003     0.34365520E-013     0.58519782E-013     0.33287988E-013     0.56484201E-013
     0.18025571E+002    -0.12388329E-002    -0.14086618E-003     0.30468163E-013     0.47860076E-013     0.29923295E-013     0.46823888E-013
     0.18033167E+002    -0.14883787E-002    -0.20139596E-003     0.32765351E-013     0.42546754E-013     0.32445149E-013     0.42070908E-013
     0.18040763E+002    -0.18588629E-002    -0.32776834E-003     0.40428677E-013     0.41667621E-013     0.40252304E-013     0.41539855E-013
     0.18048359E+002    -0.24851194E-002    -0.65544885E-003     0.56983545E-013     0.48640738E-013     0.56852153E-013     0.48812116E-013
     0.18055955E+002    -0.36490215E-002    -0.19133223E-002     0.91174540E-013     0.86872442E-013     0.91032275E-013     0.87162618E-013
     0.18063551E+002    -0.13100525E-002    -0.70837674E-002     0.10707976E-013     0.25344828E-012     0.10657426E-013     0.25370624E-012
     0.18071148E+002     0.27293378E-002    -0.22870567E-002    -0.12581410E-012     0.94845112E-013    -0.12572930E-012     0.95280115E-013
     0.18078744E+002     0.14591504E-002    -0.71577484E-003    -0.89791518E-013     0.41842716E-013    -0.89701087E-013     0.42330702E-013
     0.18086340E+002     0.75390655E-003    -0.34539087E-003    -0.73683900E-013     0.28177219E-013    -0.73563821E-013     0.28637704E-013
     0.18093936E+002     0.33149730E-003    -0.21505605E-003    -0.69377374E-013     0.22191149E-013    -0.69199273E-013     0.22549785E-013
     0.18101532E+002     0.32391129E-004    -0.16094106E-003    -0.74011707E-013     0.17705160E-013    -0.73728013E-013     0.17853820E-013
     0.18109128E+002    -0.21426356E-003    -0.14263477E-003    -0.91424401E-013     0.98005818E-014    -0.90927360E-013     0.95509947E-014
     0.18116724E+002    -0.45145867E-003    -0.15498618E-003    -0.13715521E-012    -0.27426185E-013    -0.13613775E-012    -0.28449117E-013
     0.18124320E+002    -0.72429012E-003    -0.22016654E-003    -0.56107501E-013    -0.21258746E-012    -0.53299389E-013    -0.21530192E-012
     0.18131916E+002    -0.11078971E-002    -0.50304052E-003     0.65132340E-013    -0.52612576E-013     0.76488000E-013    -0.51979346E-013
     0.18139513E+002    -0.66030631E-003    -0.16341942E-002     0.22052450E-013    -0.26810302E-013     0.25823462E-013    -0.18916866E-013
     0.18147109E+002     0.25129539E-004    -0.57106411E-003     0.12166394E-013    -0.21132715E-013     0.13340848E-013    -0.15300955E-013
     0.18154705E+002    -0.40695975E-003    -0.26510264E-003     0.46043820E-014    -0.20783865E-013     0.54571743E-014    -0.16214655E-013
     0.18162301E+002    -0.76423695E-003    -0.24175963E-003     0.29660788E-014    -0.29547607E-013     0.51337558E-014    -0.25661944E-013
     0.18169897E+002    -0.11653299E-002    -0.38486268E-003     0.10517777E-013    -0.19495999E-013     0.12301505E-013    -0.12701832E-013
     0.18177493E+002    -0.14628497E-002    -0.11974548E-002    -0.98764033E-015    -0.33180119E-013    -0.63949019E-015    -0.26776347E-013
     0.18185089E+002    -0.39347212E-003    -0.92094040E-003     0.26157273E-013    -0.25911711E-013     0.26144776E-013    -0.19714716E-013
     0.18192685E+002    -0.10020036E-002    -0.52998170E-003     0.19642956E-013    -0.12984930E-013     0.19480996E-013    -0.67101876E-014
     0.18200281E+002    -0.17757461E-002    -0.10033441E-002     0.18626028E-013    -0.25152331E-014     0.18345160E-013     0.40457641E-014
     0.18207878E+002    -0.71723938E-003    -0.30987994E-002    -0.18606763E-013     0.35730367E-013    -0.19009318E-013     0.42764201E-013
     0.18215474E+002     0.43859347E-003    -0.10195232E-002    -0.61456316E-013    -0.14073255E-013    -0.62028171E-013    -0.62995362E-014
     0.18223070E+002    -0.32018864E-003    -0.47468506E-003    -0.74942182E-013    -0.39852167E-013    -0.75804493E-013    -0.30992028E-013
     0.18230666E+002    -0.94117413E-003    -0.43293744E-003    -0.11201121E-012    -0.72656402E-013    -0.11341817E-012    -0.62103545E-013
     0.18238262E+002    -0.16574867E-002    -0.64741141E-003    -0.19768737E-012    -0.16001160E-012    -0.20039506E-012    -0.14654692E-012
     0.18245858E+002    -0.27819958E-002    -0.16010816E-002    -0.36200871E-012    -0.56318167E-012    -0.36922240E-012    -0.54403899E-012
     0.18253454E+002    -0.18405268E-002    -0.61846982E-002     0.17554829E-011    -0.16723470E-011     0.17247647E-011    -0.16519809E-011
     0.18261050E+002     0.29455837E-002    -0.24954574E-002     0.68082039E-014     0.11063852E-011    -0.12941035E-013     0.10905559E-011
     0.18268646E+002     0.16661873E-002    -0.73557934E-003    -0.14452038E-012     0.18884859E-012    -0.14982482E-012     0.18036675E-012
     0.18276243E+002     0.91250932E-003    -0.34454299E-003    -0.38192355E-013     0.33585946E-013    -0.40795841E-013     0.30190415E-013
     0.18283839E+002     0.45419312E-003    -0.21034372E-003     0.17361941E-013    -0.16410173E-013     0.15374023E-013    -0.16492966E-013
     0.18291435E+002     0.12498435E-003    -0.15415141E-003     0.62105953E-013    -0.48945692E-013     0.59840961E-013    -0.46025602E-013
     0.18299031E+002    -0.14587801E-003    -0.13201406E-003     0.13264614E-012    -0.82380595E-013     0.12860381E-012    -0.75646811E-013
     0.18306627E+002    -0.39795149E-003    -0.13304132E-003     0.33090273E-012    -0.33908855E-013     0.31803527E-012    -0.23548272E-013
     0.18314223E+002    -0.66603081E-003    -0.16593010E-003     0.19920465E-012     0.24075933E-012     0.18380601E-012     0.24167520E-012
     0.18321819E+002    -0.99957168E-003    -0.29987392E-003     0.39891884E-013     0.30931127E-012     0.16860979E-013     0.29804630E-012
     0.18329415E+002    -0.11143194E-002    -0.90861535E-003    -0.48210726E-013     0.63643216E-013    -0.53494519E-013     0.49340187E-013
     0.18337011E+002    -0.82173800E-003    -0.55456020E-003     0.51945652E-013     0.11747396E-012     0.50326728E-013     0.10881915E-012
     0.18344608E+002    -0.14366781E-002    -0.77533171E-003     0.28217793E-013     0.11974286E-012     0.27120430E-013     0.11344034E-012
     0.18352204E+002    -0.59024670E-003    -0.16184244E-002    -0.13779402E-013     0.12931256E-012    -0.14568385E-013     0.12447748E-012
     0.18359800E+002    -0.75715065E-003    -0.70868171E-003    -0.16235537E-013     0.84969298E-013    -0.16855619E-013     0.81186554E-013
     0.18367396E+002    -0.13157592E-002    -0.13513476E-002    -0.36991045E-014     0.90111908E-013    -0.42350040E-014     0.87202491E-013
     0.18374992E+002     0.25979226E-004    -0.10928128E-002    -0.42544321E-013     0.73014512E-013    -0.43021946E-013     0.70955832E-013
     0.18382588E+002    -0.47952839E-003    -0.36003101E-003    -0.31321018E-013     0.43107587E-013    -0.31895613E-013     0.41978498E-013
     0.18390184E+002    -0.92417167E-003    -0.21588654E-003    -0.20686644E-013     0.27017458E-013    -0.21560151E-013     0.27050842E-013
     0.18397780E+002    -0.12868333E-002    -0.17855179E-003    -0.68692087E-014     0.77087146E-014    -0.87162597E-014     0.95650370E-014
     0.18405376E+002    -0.16332953E-002    -0.17618797E-003     0.41053626E-013    -0.18691978E-013     0.34424105E-013    -0.14156883E-013
     0.18412973E+002    -0.19981364E-002    -0.19269444E-003     0.85579651E-013     0.94546401E-013     0.74438420E-013     0.86905801E-013
     0.18420569E+002    -0.24099142E-002    -0.22610699E-003     0.98582598E-014     0.89228989E-013     0.69544846E-014     0.82115454E-013
     0.18428165E+002    -0.28985470E-002    -0.28110694E-003    -0.33875905E-014     0.67304748E-013    -0.48027407E-014     0.62545418E-013
     0.18435761E+002    -0.35060155E-002    -0.36827344E-003    -0.49177034E-014     0.51815391E-013    -0.62482158E-014     0.48856712E-013
     0.18443357E+002    -0.42977175E-002    -0.50988072E-003     0.36074151E-015     0.35466254E-013    -0.21075915E-014     0.34723660E-013
     0.18450953E+002    -0.53916272E-002    -0.75516613E-003     0.32350241E-013     0.15716839E-013     0.23122713E-013     0.17631711E-013
     0.18458549E+002    -0.70164912E-002    -0.12278170E-002     0.55139579E-013     0.92380086E-013     0.42289561E-013     0.76063293E-013
     0.18466145E+002    -0.96813632E-002    -0.23025054E-002     0.66673809E-014     0.85125027E-013     0.51599534E-014     0.68440635E-013
     0.18473741E+002    -0.14658585E-001    -0.55360902E-002    -0.13202983E-014     0.68102757E-013     0.18874099E-014     0.50658152E-013
     0.18481338E+002    -0.22628488E-001    -0.21099985E-001     0.10588171E-013     0.52224029E-013     0.27905521E-013     0.33041868E-013
     0.18488934E+002     0.18403427E-001    -0.36903796E-001     0.17658759E-013     0.83925321E-013     0.33727122E-013     0.92667048E-013
     0.18496530E+002     0.18342282E-001    -0.89655981E-002     0.42405073E-016     0.80326203E-013     0.37844233E-014     0.85543245E-013
     0.18504126E+002     0.12157495E-001    -0.34244264E-002    -0.42559471E-014     0.76376520E-013    -0.28107714E-014     0.78539924E-013
     0.18511722E+002     0.89259718E-002    -0.17885978E-002    -0.61935224E-014     0.74983466E-013    -0.54074297E-014     0.75550117E-013
     0.18519318E+002     0.70308150E-002    -0.11085814E-002    -0.76137599E-014     0.75408566E-013    -0.70494516E-014     0.74951407E-013
     0.18526914E+002     0.57903752E-002    -0.76393452E-003    -0.91413095E-014     0.77594003E-013    -0.86143539E-014     0.76312737E-013
     0.18534510E+002     0.49102630E-002    -0.56652871E-003    -0.11349038E-013     0.82069774E-013    -0.10721777E-013     0.79950557E-013
     0.18542106E+002     0.42462982E-002    -0.44434893E-003    -0.15435645E-013     0.90218424E-013    -0.14506129E-013     0.87024255E-013
     0.18549703E+002     0.37194678E-002    -0.36497743E-003    -0.25061992E-013     0.10544458E-012    -0.23294659E-013     0.10055236E-012
     0.18557299E+002     0.32824762E-002    -0.31253044E-003    -0.58215520E-013     0.13538345E-012    -0.53378189E-013     0.12735147E-012
     0.18564895E+002     0.29034846E-002    -0.27862018E-003    -0.20903952E-012     0.98797629E-013    -0.18953951E-012     0.93675997E-013
     0.18572491E+002     0.25594980E-002    -0.25950209E-003    -0.85212324E-013    -0.66940246E-013    -0.77110878E-013    -0.55708745E-013
     0.18580087E+002     0.22301446E-002    -0.25435190E-003    -0.25916663E-013    -0.25949812E-013    -0.23681855E-013    -0.18512562E-013
     0.18587683E+002     0.18956692E-002    -0.26572933E-003    -0.13432571E-013    -0.37692633E-014    -0.12494300E-013     0.15556364E-014
     0.18595279E+002     0.15281865E-002    -0.30036794E-003    -0.94098673E-014     0.79704579E-014    -0.89221084E-014     0.12167212E-013
     0.18602875E+002     0.10835649E-002    -0.37813321E-003    -0.78387541E-014     0.15038811E-013    -0.75550925E-014     0.18559437E-013
     0.18610471E+002     0.47549884E-003    -0.55478730E-003    -0.73371487E-014     0.19655486E-013    -0.71622786E-014     0.22736453E-013
     0.18618068E+002    -0.49685601E-003    -0.10289175E-002    -0.76183586E-014     0.22646677E-013    -0.75080306E-014     0.25426420E-013
     0.18625664E+002    -0.22560818E-002    -0.28622237E-002    -0.88513085E-014     0.23447315E-013    -0.87835152E-014     0.26012745E-013
     0.18633260E+002     0.97715962E-003    -0.10607582E-001    -0.54049847E-014     0.18059074E-013    -0.53630190E-014     0.20466132E-013
     0.18640856E+002     0.72905939E-002    -0.35192118E-002     0.98498071E-015     0.26707365E-013     0.10101788E-014     0.29006372E-013
     0.18648452E+002     0.53802616E-002    -0.10960848E-002    -0.68321223E-015     0.30545005E-013    -0.67392510E-015     0.32764546E-013
     0.18656048E+002     0.43359417E-002    -0.52122528E-003    -0.15375351E-014     0.32434388E-013    -0.15399115E-014     0.34597112E-013
     0.18663644E+002     0.37401232E-002    -0.31118806E-003    -0.19904952E-014     0.33846098E-013    -0.20018612E-014     0.35971452E-013
     0.18671240E+002     0.33541585E-002    -0.21124074E-003    -0.22572405E-014     0.35065410E-013    -0.22761760E-014     0.37168830E-013
     0.18678836E+002     0.30804535E-002    -0.15573165E-003    -0.24325138E-014     0.36188474E-013    -0.24578107E-014     0.38282749E-013
     0.18686433E+002     0.28735856E-002    -0.12145296E-003    -0.25561946E-014     0.37244506E-013    -0.25864594E-014     0.39341597E-013
     0.18694029E+002     0.27104156E-002    -0.98931100E-004    -0.26460252E-014     0.38284546E-013    -0.26817085E-014     0.40394830E-013
     0.18701625E+002     0.25776023E-002    -0.82374418E-004    -0.27241979E-014     0.39302462E-013    -0.27652014E-014     0.41435296E-013
     0.18709221E+002     0.24657358E-002    -0.70444383E-004    -0.27897998E-014     0.40315945E-013    -0.28358443E-014     0.42480019E-013
     0.18716817E+002     0.23706778E-002    -0.61463807E-004    -0.28436228E-014     0.41336893E-013    -0.28949911E-014     0.43541643E-013
     0.18724413E+002     0.22884346E-002    -0.54130150E-004    -0.28820100E-014     0.42386038E-013    -0.29390954E-014     0.44641141E-013
     0.18732009E+002     0.22159437E-002    -0.48081357E-004    -0.29556334E-014     0.43472963E-013    -0.30191619E-014     0.45789732E-013
     0.18739605E+002     0.21517476E-002    -0.43454152E-004    -0.30194745E-014     0.44561782E-013    -0.30918673E-014     0.46953554E-013
     0.18747201E+002     0.20946516E-002    -0.39312594E-004    -0.31003997E-014     0.45674495E-013    -0.31852345E-014     0.48158382E-013
     0.18754798E+002     0.20431072E-002    -0.35668562E-004    -0.31783196E-014     0.46809898E-013    -0.32844324E-014     0.49409550E-013
     0.18762394E+002     0.19963406E-002    -0.32466087E-004    -0.32746118E-014     0.47940685E-013    -0.34166184E-014     0.50692885E-013
     0.18769990E+002     0.19534009E-002    -0.29794985E-004    -0.33479584E-014     0.49038760E-013    -0.35714688E-014     0.52016126E-013
     0.18777586E+002     0.19147790E-002    -0.28329768E-004    -0.34857290E-014     0.49987183E-013    -0.39816313E-014     0.53343436E-013
     0.18785182E+002     0.18796727E-002    -0.26125744E-004    -0.23916952E-014     0.50125418E-013    -0.42562994E-014     0.53527840E-013
     0.18792778E+002     0.18471769E-002    -0.24197895E-004    -0.13173422E-014     0.53826199E-013    -0.23623292E-014     0.55422914E-013
     0.18800374E+002     0.18172271E-002    -0.22422181E-004    -0.22418799E-014     0.55680487E-013    -0.25851531E-014     0.57765466E-013
     0.18807970E+002     0.17896132E-002    -0.20865247E-004    -0.25688634E-014     0.57123724E-013    -0.27722908E-014     0.59563254E-013
     0.18815566E+002     0.17641617E-002    -0.19137966E-004    -0.27175681E-014     0.58528296E-013    -0.28829408E-014     0.61231708E-013
     0.18823163E+002     0.17402291E-002    -0.17750112E-004    -0.26695255E-014     0.59778971E-013    -0.28294970E-014     0.62720340E-013
     0.18830759E+002     0.17181912E-002    -0.16486011E-004    -0.24500571E-014     0.60732381E-013    -0.26215475E-014     0.63918060E-013
     0.18838355E+002     0.16977234E-002    -0.15300563E-004    -0.18453042E-014     0.60982026E-013    -0.20490209E-014     0.64445213E-013
     0.18845951E+002     0.16788283E-002    -0.14397603E-004    -0.17197208E-015     0.59606113E-013    -0.44865631E-015     0.63424577E-013
     0.18853547E+002     0.16612979E-002    -0.13187273E-004     0.51846139E-014     0.54423778E-013     0.46960453E-014     0.58758175E-013
     0.18861143E+002     0.16448104E-002    -0.12472135E-004     0.30378505E-013     0.42576511E-013     0.28959783E-013     0.47700030E-013
     0.18868739E+002     0.16299048E-002    -0.11777749E-004     0.78757008E-013     0.11896611E-012     0.75564828E-013     0.12173766E-012
     0.18876335E+002     0.16162350E-002    -0.11015632E-004     0.14905046E-013     0.13706433E-012     0.13979239E-013     0.13963079E-012
     0.18883931E+002     0.16035544E-002    -0.10129749E-004     0.98414737E-015     0.13046213E-012     0.51709037E-015     0.13377443E-012
     0.18891528E+002     0.15917949E-002    -0.92184466E-005    -0.36260076E-014     0.13137615E-012    -0.39830774E-014     0.13523922E-012
     0.18899124E+002     0.15808843E-002    -0.84235370E-005    -0.62340252E-014     0.13664481E-012    -0.65696682E-014     0.14099821E-012
     0.18906720E+002     0.15708696E-002    -0.76520251E-005    -0.85454111E-014     0.14531302E-012    -0.88973304E-014     0.15016010E-012
     0.18914316E+002     0.15617406E-002    -0.70570523E-005    -0.11357865E-013     0.15757483E-012    -0.11752993E-013     0.16296365E-012
     0.18921912E+002     0.15534825E-002    -0.62962672E-005    -0.15695407E-013     0.17466949E-012    -0.16168256E-013     0.18068831E-012
     0.18929508E+002     0.15456714E-002    -0.59118551E-005    -0.24316579E-013     0.19979119E-012    -0.24933204E-013     0.20658873E-012
     0.18937104E+002     0.15392901E-002    -0.56250811E-005    -0.50085331E-013     0.24033986E-012    -0.51065073E-013     0.24818035E-012
     0.18944700E+002     0.15336903E-002    -0.50533672E-005    -0.17148866E-012     0.25650608E-012    -0.17396454E-012     0.26522972E-012
     0.18952296E+002     0.15285969E-002    -0.43664341E-005    -0.10536334E-012     0.11171016E-012    -0.10721668E-012     0.11963781E-012
     0.18959893E+002     0.15240194E-002    -0.39801387E-005    -0.48503664E-013     0.17706699E-012    -0.49920805E-013     0.18689380E-012
     0.18967489E+002     0.15205691E-002    -0.35115911E-005    -0.45899373E-013     0.24205772E-012    -0.47647098E-013     0.25420221E-012
     0.18975085E+002     0.15175725E-002    -0.30233994E-005    -0.60663587E-013     0.31844977E-012    -0.63242550E-013     0.33376718E-012
     0.18982681E+002     0.15153624E-002    -0.27109671E-005    -0.98896944E-013     0.42977031E-012    -0.10330763E-012     0.45001466E-012
     0.18990277E+002     0.15139548E-002    -0.25623137E-005    -0.20466367E-012     0.62219005E-012    -0.21399390E-012     0.65117737E-012
     0.18997873E+002     0.15139462E-002    -0.27523596E-005    -0.63236846E-012     0.98352944E-012    -0.66148663E-012     0.10291040E-011
