     0.00000000E+000    -0.18772139E-001    -0.19771441E-011    -0.19794300E-011
     0.80000000E-002    -0.18735949E-001    -0.19787926E-011    -0.19820290E-011
     0.16000000E-001    -0.18633701E-001    -0.19817414E-011    -0.19859164E-011
     0.24000000E-001    -0.18478195E-001    -0.19839731E-011    -0.19880870E-011
     0.32000000E-001    -0.18282178E-001    -0.19851062E-011    -0.19882997E-011
     0.40000000E-001    -0.18057559E-001    -0.19860688E-011    -0.19877185E-011
     0.48000000E-001    -0.17816763E-001    -0.19892259E-011    -0.19911014E-011
     0.56000000E-001    -0.17579998E-001    -0.19935749E-011    -0.19966206E-011
     0.64000000E-001    -0.17367166E-001    -0.19964524E-011    -0.19997650E-011
     0.72000000E-001    -0.17190300E-001    -0.19970493E-011    -0.19998817E-011
     0.80000000E-001    -0.17056427E-001    -0.19957743E-011    -0.19971193E-011
     0.88000000E-001    -0.16970464E-001    -0.19953453E-011    -0.19963597E-011
     0.96000000E-001    -0.16941483E-001    -0.19966205E-011    -0.19990839E-011
     0.10400000E+000    -0.16978397E-001    -0.19972213E-011    -0.20006043E-011
     0.11200000E+000    -0.17081971E-001    -0.19959831E-011    -0.19994761E-011
     0.12000000E+000    -0.17248018E-001    -0.19928767E-011    -0.19951937E-011
     0.12800000E+000    -0.17471588E-001    -0.19901944E-011    -0.19914060E-011
     0.13600000E+000    -0.17749740E-001    -0.19902405E-011    -0.19924132E-011
     0.14400000E+000    -0.18080284E-001    -0.19912857E-011    -0.19946122E-011
     0.15200000E+000    -0.18455615E-001    -0.19914252E-011    -0.19952163E-011
     0.16000000E+000    -0.18865471E-001    -0.19898545E-011    -0.19930263E-011
     0.16800000E+000    -0.19303841E-001    -0.19875855E-011    -0.19893286E-011
     0.17600000E+000    -0.19767932E-001    -0.19874174E-011    -0.19895351E-011
     0.18400000E+000    -0.20255665E-001    -0.19887069E-011    -0.19922059E-011
     0.19200000E+000    -0.20759560E-001    -0.19891477E-011    -0.19935204E-011
     0.20000000E+000    -0.21265793E-001    -0.19875685E-011    -0.19920563E-011
     0.20800000E+000    -0.21762999E-001    -0.19840332E-011    -0.19872566E-011
     0.21600000E+000    -0.22241163E-001    -0.19814222E-011    -0.19842873E-011
     0.22400000E+000    -0.22689420E-001    -0.19807676E-011    -0.19847143E-011
     0.23200000E+000    -0.23094308E-001    -0.19801419E-011    -0.19847399E-011
     0.24000000E+000    -0.23438235E-001    -0.19784131E-011    -0.19830485E-011
     0.24800000E+000    -0.23709563E-001    -0.19752128E-011    -0.19784509E-011
     0.25600000E+000    -0.23902229E-001    -0.19729192E-011    -0.19748116E-011
     0.26400000E+000    -0.24010545E-001    -0.19738719E-011    -0.19762850E-011
     0.27200000E+000    -0.24027614E-001    -0.19765928E-011    -0.19796593E-011
     0.28000000E+000    -0.23942433E-001    -0.19793982E-011    -0.19826852E-011
     0.28800000E+000    -0.23747901E-001    -0.19811914E-011    -0.19835872E-011
     0.29600000E+000    -0.23442677E-001    -0.19829857E-011    -0.19837892E-011
     0.30400000E+000    -0.23026116E-001    -0.19875351E-011    -0.19886094E-011
     0.31200000E+000    -0.22499142E-001    -0.19940324E-011    -0.19962551E-011
     0.32000000E+000    -0.21863852E-001    -0.20001318E-011    -0.20031206E-011
     0.32800000E+000    -0.21128234E-001    -0.20041316E-011    -0.20069871E-011
     0.33600000E+000    -0.20307131E-001    -0.20057710E-011    -0.20070200E-011
     0.34400000E+000    -0.19415298E-001    -0.20078969E-011    -0.20086758E-011
     0.35200000E+000    -0.18466214E-001    -0.20112772E-011    -0.20131491E-011
     0.36000000E+000    -0.17473807E-001    -0.20138512E-011    -0.20167470E-011
     0.36800000E+000    -0.16454296E-001    -0.20139280E-011    -0.20173551E-011
     0.37600000E+000    -0.15426576E-001    -0.20105383E-011    -0.20127997E-011
     0.38400000E+000    -0.14408119E-001    -0.20061312E-011    -0.20072920E-011
     0.39200000E+000    -0.13414187E-001    -0.20031887E-011    -0.20051198E-011
     0.40000000E+000    -0.12463596E-001    -0.20006388E-011    -0.20037319E-011
     0.40800000E+000    -0.11579321E-001    -0.19970236E-011    -0.20011643E-011
     0.41600000E+000    -0.10785001E-001    -0.19910241E-011    -0.19948072E-011
     0.42400000E+000    -0.10101392E-001    -0.19839825E-011    -0.19863967E-011
     0.43200000E+000    -0.95431483E-002    -0.19792376E-011    -0.19818382E-011
     0.44000000E+000    -0.91252625E-002    -0.19768056E-011    -0.19803523E-011
     0.44800000E+000    -0.88646094E-002    -0.19752660E-011    -0.19797646E-011
     0.45600000E+000    -0.87744309E-002    -0.19730745E-011    -0.19776746E-011
     0.46400000E+000    -0.88638624E-002    -0.19700806E-011    -0.19731537E-011
     0.47200000E+000    -0.91356218E-002    -0.19693262E-011    -0.19717941E-011
     0.48000000E+000    -0.95916321E-002    -0.19717025E-011    -0.19747526E-011
     0.48800000E+000    -0.10235438E-001    -0.19755768E-011    -0.19792723E-011
     0.49600000E+000    -0.11063962E-001    -0.19791269E-011    -0.19831373E-011
     0.50400000E+000    -0.12067007E-001    -0.19809007E-011    -0.19835119E-011
     0.51200000E+000    -0.13226654E-001    -0.19829722E-011    -0.19843401E-011
     0.52000000E+000    -0.14521668E-001    -0.19871961E-011    -0.19889746E-011
     0.52800000E+000    -0.15932457E-001    -0.19922085E-011    -0.19947732E-011
     0.53600000E+000    -0.17435136E-001    -0.19961850E-011    -0.19995773E-011
     0.54400000E+000    -0.19002238E-001    -0.19971473E-011    -0.19998933E-011
     0.55200000E+000    -0.20606124E-001    -0.19961677E-011    -0.19974543E-011
     0.56000000E+000    -0.22221731E-001    -0.19962313E-011    -0.19977074E-011
     0.56800000E+000    -0.23829008E-001    -0.19971832E-011    -0.19996708E-011
     0.57600000E+000    -0.25406062E-001    -0.19976123E-011    -0.20013517E-011
     0.58400000E+000    -0.26925618E-001    -0.19956199E-011    -0.19995760E-011
     0.59200000E+000    -0.28359656E-001    -0.19911234E-011    -0.19935626E-011
     0.60000000E+000    -0.29682688E-001    -0.19874679E-011    -0.19893626E-011
     0.60800000E+000    -0.30872711E-001    -0.19858957E-011    -0.19884709E-011
     0.61600000E+000    -0.31907575E-001    -0.19853789E-011    -0.19890832E-011
     0.62400000E+000    -0.32760752E-001    -0.19841406E-011    -0.19886588E-011
     0.63200000E+000    -0.33407956E-001    -0.19807410E-011    -0.19840475E-011
     0.64000000E+000    -0.33833368E-001    -0.19776206E-011    -0.19796709E-011
     0.64800000E+000    -0.34027324E-001    -0.19770006E-011    -0.19791680E-011
     0.65600000E+000    -0.33982917E-001    -0.19782689E-011    -0.19811221E-011
     0.66400000E+000    -0.33689874E-001    -0.19799405E-011    -0.19837831E-011
     0.67200000E+000    -0.33139858E-001    -0.19798235E-011    -0.19830024E-011
     0.68000000E+000    -0.32336314E-001    -0.19789597E-011    -0.19805017E-011
     0.68800000E+000    -0.31290785E-001    -0.19801955E-011    -0.19813974E-011
     0.69600000E+000    -0.30019972E-001    -0.19836081E-011    -0.19852312E-011
     0.70400000E+000    -0.28540144E-001    -0.19880806E-011    -0.19907961E-011
     0.71200000E+000    -0.26868965E-001    -0.19913197E-011    -0.19942735E-011
     0.72000000E+000    -0.25035282E-001    -0.19928268E-011    -0.19944709E-011
     0.72800000E+000    -0.23072338E-001    -0.19953610E-011    -0.19966466E-011
     0.73600000E+000    -0.21011623E-001    -0.19996935E-011    -0.20016311E-011
     0.74400000E+000    -0.18879003E-001    -0.20048111E-011    -0.20080447E-011
     0.75200000E+000    -0.16695400E-001    -0.20085672E-011    -0.20128338E-011
     0.76000000E+000    -0.14488159E-001    -0.20091486E-011    -0.20124390E-011
     0.76800000E+000    -0.12287520E-001    -0.20087147E-011    -0.20110794E-011
     0.77600000E+000    -0.10120765E-001    -0.20091101E-011    -0.20117103E-011
     0.78400000E+000    -0.80128472E-002    -0.20098970E-011    -0.20133505E-011
     0.79200000E+000    -0.59877331E-002    -0.20096466E-011    -0.20142727E-011
     0.80000000E+000    -0.40766125E-002    -0.20060817E-011    -0.20100280E-011
     0.80800000E+000    -0.23146611E-002    -0.20004884E-011    -0.20028497E-011
     0.81600000E+000    -0.73159560E-003    -0.19958241E-011    -0.19978290E-011
     0.82400000E+000     0.64755434E-003    -0.19926306E-011    -0.19951434E-011
     0.83200000E+000     0.17991759E-002    -0.19902499E-011    -0.19941699E-011
     0.84000000E+000     0.26959649E-002    -0.19863338E-011    -0.19905577E-011
     0.84800000E+000     0.33077525E-002    -0.19805669E-011    -0.19833438E-011
     0.85600000E+000     0.36112972E-002    -0.19758922E-011    -0.19779280E-011
     0.86400000E+000     0.35912466E-002    -0.19735182E-011    -0.19756950E-011
     0.87200000E+000     0.32348611E-002    -0.19731582E-011    -0.19764871E-011
     0.88000000E+000     0.25311833E-002    -0.19727136E-011    -0.19770130E-011
     0.88800000E+000     0.14718271E-002    -0.19702708E-011    -0.19734587E-011
     0.89600000E+000     0.59594923E-004    -0.19678925E-011    -0.19698926E-011
     0.90400000E+000    -0.16885803E-002    -0.19674002E-011    -0.19690955E-011
     0.91200000E+000    -0.37511096E-002    -0.19689212E-011    -0.19712069E-011
     0.92000000E+000    -0.61040361E-002    -0.19711750E-011    -0.19747146E-011
     0.92800000E+000    -0.87221681E-002    -0.19715718E-011    -0.19746413E-011
     0.93600000E+000    -0.11575412E-001    -0.19710183E-011    -0.19728117E-011
     0.94400000E+000    -0.14623819E-001    -0.19718842E-011    -0.19732974E-011
     0.95200000E+000    -0.17826662E-001    -0.19747198E-011    -0.19764988E-011
     0.96000000E+000    -0.21143735E-001    -0.19789542E-011    -0.19821567E-011
     0.96800000E+000    -0.24533380E-001    -0.19818784E-011    -0.19854145E-011
     0.97600000E+000    -0.27951009E-001    -0.19828580E-011    -0.19851878E-011
     0.98400000E+000    -0.31343965E-001    -0.19842321E-011    -0.19860004E-011
     0.99200000E+000    -0.34660095E-001    -0.19869234E-011    -0.19888587E-011
     0.10000000E+001    -0.37851410E-001    -0.19907494E-011    -0.19939832E-011
     0.10080000E+001    -0.40870928E-001    -0.19933460E-011    -0.19975805E-011
     0.10160000E+001    -0.43672773E-001    -0.19926957E-011    -0.19958902E-011
     0.10240000E+001    -0.46208528E-001    -0.19907269E-011    -0.19928785E-011
     0.10320000E+001    -0.48432455E-001    -0.19892189E-011    -0.19911196E-011
     0.10400000E+001    -0.50304609E-001    -0.19887614E-011    -0.19915333E-011
     0.10480000E+001    -0.51785364E-001    -0.19881565E-011    -0.19924424E-011
     0.10560000E+001    -0.52834829E-001    -0.19848327E-011    -0.19887214E-011
     0.10640000E+001    -0.53413977E-001    -0.19799095E-011    -0.19825314E-011
     0.10720000E+001    -0.53490011E-001    -0.19759744E-011    -0.19779891E-011
     0.10800000E+001    -0.53041491E-001    -0.19743743E-011    -0.19766973E-011
     0.10880000E+001    -0.52054344E-001    -0.19750949E-011    -0.19790360E-011
     0.10960000E+001    -0.50519445E-001    -0.19754528E-011    -0.19798023E-011
     0.11040000E+001    -0.48436096E-001    -0.19749054E-011    -0.19780102E-011
     0.11120000E+001    -0.45814921E-001    -0.19757375E-011    -0.19778367E-011
     0.11200000E+001    -0.42679295E-001    -0.19793141E-011    -0.19809567E-011
     0.11280000E+001    -0.39061443E-001    -0.19860697E-011    -0.19887306E-011
     0.11360000E+001    -0.34997084E-001    -0.19935121E-011    -0.19970750E-011
     0.11440000E+001    -0.30530441E-001    -0.19992607E-011    -0.20018947E-011
     0.11520000E+001    -0.25717224E-001    -0.20045341E-011    -0.20061610E-011
     0.11600000E+001    -0.20623178E-001    -0.20105246E-011    -0.20116090E-011
     0.11680000E+001    -0.15321984E-001    -0.20178221E-011    -0.20196517E-011
     0.11760000E+001    -0.98883895E-002    -0.20248144E-011    -0.20282253E-011
     0.11840000E+001    -0.44015120E-002    -0.20282904E-011    -0.20316076E-011
     0.11920000E+001     0.10531965E-002    -0.20285861E-011    -0.20311403E-011
     0.12000000E+001     0.63897626E-002    -0.20273598E-011    -0.20294813E-011
     0.12080000E+001     0.11522573E-001    -0.20257826E-011    -0.20282224E-011
     0.12160000E+001     0.16370354E-001    -0.20237986E-011    -0.20277960E-011
     0.12240000E+001     0.20852295E-001    -0.20186288E-011    -0.20228729E-011
     0.12320000E+001     0.24883604E-001    -0.20099278E-011    -0.20129934E-011
     0.12400000E+001     0.28382500E-001    -0.20000205E-011    -0.20021139E-011
     0.12480000E+001     0.31272407E-001    -0.19908157E-011    -0.19924782E-011
     0.12560000E+001     0.33484345E-001    -0.19835782E-011    -0.19864458E-011
     0.12640000E+001     0.34956336E-001    -0.19763315E-011    -0.19801500E-011
     0.12720000E+001     0.35631142E-001    -0.19674613E-011    -0.19704499E-011
     0.12800000E+001     0.35464570E-001    -0.19588202E-011    -0.19608773E-011
     0.12880000E+001     0.34430695E-001    -0.19523519E-011    -0.19538522E-011
     0.12960000E+001     0.32520470E-001    -0.19496668E-011    -0.19521657E-011
     0.13040000E+001     0.29738335E-001    -0.19495134E-011    -0.19538192E-011
     0.13120000E+001     0.26098275E-001    -0.19488288E-011    -0.19531272E-011
     0.13200000E+001     0.21627368E-001    -0.19479310E-011    -0.19513685E-011
     0.13280000E+001     0.16372146E-001    -0.19483441E-011    -0.19508781E-011
     0.13360000E+001     0.10395870E-001    -0.19515666E-011    -0.19541141E-011
     0.13440000E+001     0.37731029E-002    -0.19574098E-011    -0.19614954E-011
     0.13520000E+001    -0.34121315E-002    -0.19624597E-011    -0.19669085E-011
     0.13600000E+001    -0.11065549E-001    -0.19655543E-011    -0.19690253E-011
     0.13680000E+001    -0.19076326E-001    -0.19679316E-011    -0.19702312E-011
     0.13760000E+001    -0.27320350E-001    -0.19710578E-011    -0.19725544E-011
     0.13840000E+001    -0.35670193E-001    -0.19759569E-011    -0.19784644E-011
     0.13920000E+001    -0.43996498E-001    -0.19801082E-011    -0.19835068E-011
     0.14000000E+001    -0.52168770E-001    -0.19813919E-011    -0.19841830E-011
     0.14080000E+001    -0.60050299E-001    -0.19808384E-011    -0.19827444E-011
     0.14160000E+001    -0.67499545E-001    -0.19800322E-011    -0.19810757E-011
     0.14240000E+001    -0.74381858E-001    -0.19808683E-011    -0.19825962E-011
     0.14320000E+001    -0.80569768E-001    -0.19822941E-011    -0.19854870E-011
     0.14400000E+001    -0.85943039E-001    -0.19816751E-011    -0.19848060E-011
     0.14480000E+001    -0.90387134E-001    -0.19795189E-011    -0.19819377E-011
     0.14560000E+001    -0.93795765E-001    -0.19774899E-011    -0.19789988E-011
     0.14640000E+001    -0.96085014E-001    -0.19777686E-011    -0.19793612E-011
     0.14720000E+001    -0.97194109E-001    -0.19806459E-011    -0.19837886E-011
     0.14800000E+001    -0.97081321E-001    -0.19832190E-011    -0.19867548E-011
     0.14880000E+001    -0.95721455E-001    -0.19847743E-011    -0.19875706E-011
     0.14960000E+001    -0.93105362E-001    -0.19866027E-011    -0.19883566E-011
     0.15040000E+001    -0.89249900E-001    -0.19905531E-011    -0.19917456E-011
     0.15120000E+001    -0.84197309E-001    -0.19978064E-011    -0.20003838E-011
     0.15200000E+001    -0.78006288E-001    -0.20056342E-011    -0.20093680E-011
     0.15280000E+001    -0.70749125E-001    -0.20117765E-011    -0.20152162E-011
     0.15360000E+001    -0.62512408E-001    -0.20167522E-011    -0.20193753E-011
     0.15440000E+001    -0.53404537E-001    -0.20219111E-011    -0.20235837E-011
     0.15520000E+001    -0.43556767E-001    -0.20291091E-011    -0.20316024E-011
     0.15600000E+001    -0.33111611E-001    -0.20367697E-011    -0.20408741E-011
     0.15680000E+001    -0.22216782E-001    -0.20417748E-011    -0.20460328E-011
     0.15760000E+001    -0.11025898E-001    -0.20439211E-011    -0.20475155E-011
     0.15840000E+001     0.29934788E-003    -0.20442739E-011    -0.20465906E-011
     0.15920000E+001     0.11587351E-001    -0.20450986E-011    -0.20472369E-011
     0.16000000E+001     0.22666501E-001    -0.20465870E-011    -0.20502043E-011
     0.16080000E+001     0.33372006E-001    -0.20457071E-011    -0.20498965E-011
     0.16160000E+001     0.43541002E-001    -0.20415376E-011    -0.20453760E-011
     0.16240000E+001     0.53012033E-001    -0.20349096E-011    -0.20377150E-011
     0.16320000E+001     0.61623586E-001    -0.20279259E-011    -0.20299630E-011
     0.16400000E+001     0.69221136E-001    -0.20222677E-011    -0.20254683E-011
     0.16480000E+001     0.75667593E-001    -0.20156721E-011    -0.20198063E-011
     0.16560000E+001     0.80838500E-001    -0.20064874E-011    -0.20103790E-011
     0.16640000E+001     0.84623309E-001    -0.19953577E-011    -0.19983312E-011
     0.16720000E+001     0.86927266E-001    -0.19840154E-011    -0.19856540E-011
     0.16800000E+001     0.87674578E-001    -0.19750660E-011    -0.19771078E-011
     0.16880000E+001     0.86818000E-001    -0.19675092E-011    -0.19706278E-011
     0.16960000E+001     0.84332825E-001    -0.19590021E-011    -0.19619862E-011
     0.17040000E+001     0.80214821E-001    -0.19496849E-011    -0.19519058E-011
     0.17120000E+001     0.74484307E-001    -0.19407550E-011    -0.19415682E-011
     0.17200000E+001     0.67187796E-001    -0.19348896E-011    -0.19356156E-011
     0.17280000E+001     0.58405285E-001    -0.19323477E-011    -0.19346411E-011
     0.17360000E+001     0.48244884E-001    -0.19302072E-011    -0.19331992E-011
     0.17440000E+001     0.36835964E-001    -0.19274614E-011    -0.19302798E-011
     0.17520000E+001     0.24330835E-001    -0.19245685E-011    -0.19263066E-011
     0.17600000E+001     0.10903656E-001    -0.19236964E-011    -0.19247495E-011
     0.17680000E+001    -0.32494472E-002    -0.19264178E-011    -0.19288597E-011
     0.17760000E+001    -0.17917338E-001    -0.19302589E-011    -0.19339328E-011
     0.17840000E+001    -0.32883788E-001    -0.19332801E-011    -0.19371157E-011
     0.17920000E+001    -0.47927463E-001    -0.19354468E-011    -0.19384339E-011
     0.18000000E+001    -0.62820198E-001    -0.19383273E-011    -0.19399395E-011
     0.18080000E+001    -0.77328588E-001    -0.19445358E-011    -0.19466726E-011
     0.18160000E+001    -0.91218907E-001    -0.19529106E-011    -0.19563885E-011
     0.18240000E+001    -0.10426540E+000    -0.19608990E-011    -0.19648191E-011
     0.18320000E+001    -0.11625275E+000    -0.19677746E-011    -0.19712868E-011
     0.18400000E+001    -0.12697409E+000    -0.19740655E-011    -0.19760935E-011
     0.18480000E+001    -0.13623664E+000    -0.19822910E-011    -0.19840141E-011
     0.18560000E+001    -0.14386764E+000    -0.19925499E-011    -0.19954970E-011
     0.18640000E+001    -0.14971976E+000    -0.20020217E-011    -0.20056199E-011
     0.18720000E+001    -0.15367351E+000    -0.20093186E-011    -0.20128756E-011
     0.18800000E+001    -0.15563278E+000    -0.20142746E-011    -0.20166299E-011
     0.18880000E+001    -0.15552993E+000    -0.20190285E-011    -0.20204977E-011
     0.18960000E+001    -0.15333059E+000    -0.20252476E-011    -0.20277251E-011
     0.19040000E+001    -0.14903395E+000    -0.20309447E-011    -0.20343406E-011
     0.19120000E+001    -0.14267390E+000    -0.20346494E-011    -0.20382572E-011
     0.19200000E+001    -0.13431356E+000    -0.20362420E-011    -0.20390511E-011
     0.19280000E+001    -0.12404886E+000    -0.20375109E-011    -0.20390747E-011
     0.19360000E+001    -0.11201264E+000    -0.20413494E-011    -0.20435755E-011
     0.19440000E+001    -0.98368261E-001    -0.20469008E-011    -0.20504342E-011
     0.19520000E+001    -0.83305428E-001    -0.20521374E-011    -0.20562181E-011
     0.19600000E+001    -0.67031540E-001    -0.20563041E-011    -0.20600250E-011
     0.19680000E+001    -0.49770577E-001    -0.20599083E-011    -0.20621593E-011
     0.19760000E+001    -0.31766572E-001    -0.20656380E-011    -0.20678295E-011
     0.19840000E+001    -0.13276062E-001    -0.20734387E-011    -0.20770485E-011
     0.19920000E+001     0.54378161E-002    -0.20804378E-011    -0.20849173E-011
     0.20000000E+001     0.24110391E-001    -0.20847851E-011    -0.20893034E-011
     0.20080000E+001     0.42476709E-001    -0.20856309E-011    -0.20886135E-011
     0.20160000E+001     0.60267774E-001    -0.20850042E-011    -0.20868169E-011
     0.20240000E+001     0.77216315E-001    -0.20843748E-011    -0.20870165E-011
     0.20320000E+001     0.93066258E-001    -0.20815812E-011    -0.20851203E-011
     0.20400000E+001     0.10757664E+000    -0.20748112E-011    -0.20787303E-011
     0.20480000E+001     0.12052276E+000    -0.20631235E-011    -0.20660143E-011
     0.20560000E+001     0.13169460E+000    -0.20481794E-011    -0.20493502E-011
     0.20640000E+001     0.14089859E+000    -0.20332357E-011    -0.20346331E-011
     0.20720000E+001     0.14796672E+000    -0.20179546E-011    -0.20203536E-011
     0.20800000E+001     0.15275854E+000    -0.20009950E-011    -0.20041205E-011
     0.20880000E+001     0.15515824E+000    -0.19816426E-011    -0.19845863E-011
     0.20960000E+001     0.15507633E+000    -0.19606520E-011    -0.19619787E-011
     0.21040000E+001     0.15245106E+000    -0.19416207E-011    -0.19425934E-011
     0.21120000E+001     0.14725866E+000    -0.19255912E-011    -0.19275310E-011
     0.21200000E+001     0.13951753E+000    -0.19111495E-011    -0.19138626E-011
     0.21280000E+001     0.12928149E+000    -0.18973616E-011    -0.19003826E-011
     0.21360000E+001     0.11664099E+000    -0.18838653E-011    -0.18856264E-011
     0.21440000E+001     0.10172343E+000    -0.18734387E-011    -0.18743790E-011
     0.21520000E+001     0.84698529E-001    -0.18681510E-011    -0.18701290E-011
     0.21600000E+001     0.65780416E-001    -0.18665857E-011    -0.18697577E-011
     0.21680000E+001     0.45215621E-001    -0.18672601E-011    -0.18713566E-011
     0.21760000E+001     0.23279976E-001    -0.18688592E-011    -0.18724197E-011
     0.21840000E+001     0.27917591E-003    -0.18726891E-011    -0.18750819E-011
     0.21920000E+001    -0.23449317E-001    -0.18813146E-011    -0.18843299E-011
     0.22000000E+001    -0.47537476E-001    -0.18937096E-011    -0.18979603E-011
     0.22080000E+001    -0.71602731E-001    -0.19077381E-011    -0.19129600E-011
     0.22160000E+001    -0.95258689E-001    -0.19213562E-011    -0.19263127E-011
     0.22240000E+001    -0.11811815E+000    -0.19343461E-011    -0.19374917E-011
     0.22320000E+001    -0.13979615E+000    -0.19494136E-011    -0.19519923E-011
     0.22400000E+001    -0.15991591E+000    -0.19668046E-011    -0.19701061E-011
     0.22480000E+001    -0.17812463E+000    -0.19845643E-011    -0.19886874E-011
     0.22560000E+001    -0.19410523E+000    -0.20006827E-011    -0.20050234E-011
     0.22640000E+001    -0.20757620E+000    -0.20139943E-011    -0.20167179E-011
     0.22720000E+001    -0.21829085E+000    -0.20269377E-011    -0.20284183E-011
     0.22800000E+001    -0.22604160E+000    -0.20413127E-011    -0.20432613E-011
     0.22880000E+001    -0.23066966E+000    -0.20558612E-011    -0.20587414E-011
     0.22960000E+001    -0.23207383E+000    -0.20687981E-011    -0.20725337E-011
     0.23040000E+001    -0.23020703E+000    -0.20782472E-011    -0.20811255E-011
     0.23120000E+001    -0.22507084E+000    -0.20855238E-011    -0.20867965E-011
     0.23200000E+001    -0.21671803E+000    -0.20933803E-011    -0.20946269E-011
     0.23280000E+001    -0.20525434E+000    -0.21014776E-011    -0.21034553E-011
     0.23360000E+001    -0.19084083E+000    -0.21083634E-011    -0.21113382E-011
     0.23440000E+001    -0.17368527E+000    -0.21120699E-011    -0.21149414E-011
     0.23520000E+001    -0.15402927E+000    -0.21127108E-011    -0.21139924E-011
     0.23600000E+001    -0.13214941E+000    -0.21135016E-011    -0.21143512E-011
     0.23680000E+001    -0.10835521E+000    -0.21154134E-011    -0.21169647E-011
     0.23760000E+001    -0.82988108E-001    -0.21175158E-011    -0.21202030E-011
     0.23840000E+001    -0.56414356E-001    -0.21182041E-011    -0.21216297E-011
     0.23920000E+001    -0.29009208E-001    -0.21165268E-011    -0.21188801E-011
     0.24000000E+001    -0.11576872E-002    -0.21152542E-011    -0.21169379E-011
     0.24080000E+001     0.26747205E-001    -0.21162955E-011    -0.21187153E-011
     0.24160000E+001     0.54309780E-001    -0.21187384E-011    -0.21223439E-011
     0.24240000E+001     0.81137006E-001    -0.21207290E-011    -0.21255505E-011
     0.24320000E+001     0.10685407E+000    -0.21198080E-011    -0.21239562E-011
     0.24400000E+001     0.13110425E+000    -0.21169455E-011    -0.21197202E-011
     0.24480000E+001     0.15354473E+000    -0.21142520E-011    -0.21170726E-011
     0.24560000E+001     0.17385030E+000    -0.21108023E-011    -0.21142817E-011
     0.24640000E+001     0.19171484E+000    -0.21045865E-011    -0.21091460E-011
     0.24720000E+001     0.20686106E+000    -0.20925603E-011    -0.20968298E-011
     0.24800000E+001     0.21904306E+000    -0.20743002E-011    -0.20766370E-011
     0.24880000E+001     0.22804156E+000    -0.20528698E-011    -0.20544273E-011
     0.24960000E+001     0.23366885E+000    -0.20292977E-011    -0.20311472E-011
     0.25040000E+001     0.23577504E+000    -0.20032477E-011    -0.20062216E-011
     0.25120000E+001     0.23425474E+000    -0.19733450E-011    -0.19771293E-011
     0.25200000E+001     0.22905222E+000    -0.19391074E-011    -0.19416440E-011
     0.25280000E+001     0.22015843E+000    -0.19044628E-011    -0.19060352E-011
     0.25360000E+001     0.20761340E+000    -0.18727441E-011    -0.18745592E-011
     0.25440000E+001     0.19151478E+000    -0.18450184E-011    -0.18478124E-011
     0.25520000E+001     0.17202019E+000    -0.18210592E-011    -0.18252244E-011
     0.25600000E+001     0.14934908E+000    -0.17995598E-011    -0.18031741E-011
     0.25680000E+001     0.12378087E+000    -0.17827661E-011    -0.17850122E-011
     0.25760000E+001     0.95652263E-001    -0.17740083E-011    -0.17759770E-011
     0.25840000E+001     0.65361739E-001    -0.17739212E-011    -0.17762909E-011
     0.25920000E+001     0.33363031E-001    -0.17816628E-011    -0.17852448E-011
     0.26000000E+001     0.15398791E-003    -0.17944558E-011    -0.17981045E-011
     0.26080000E+001    -0.33734518E-001    -0.18116616E-011    -0.18139348E-011
     0.26160000E+001    -0.67752132E-001    -0.18354111E-011    -0.18371815E-011
     0.26240000E+001    -0.10133432E+000    -0.18658207E-011    -0.18679140E-011
     0.26320000E+001    -0.13391599E+000    -0.19014302E-011    -0.19047390E-011
     0.26400000E+001    -0.16494869E+000    -0.19388897E-011    -0.19429595E-011
     0.26480000E+001    -0.19391164E+000    -0.19755744E-011    -0.19784763E-011
     0.26560000E+001    -0.22032304E+000    -0.20127257E-011    -0.20146672E-011
     0.26640000E+001    -0.24374251E+000    -0.20509927E-011    -0.20529020E-011
     0.26720000E+001    -0.26377968E+000    -0.20892860E-011    -0.20920418E-011
     0.26800000E+001    -0.28010704E+000    -0.21248979E-011    -0.21287716E-011
     0.26880000E+001    -0.29246401E+000    -0.21544229E-011    -0.21574605E-011
     0.26960000E+001    -0.30066052E+000    -0.21784075E-011    -0.21799734E-011
     0.27040000E+001    -0.30457358E+000    -0.21986552E-011    -0.21997677E-011
     0.27120000E+001    -0.30414710E+000    -0.22152102E-011    -0.22168540E-011
     0.27200000E+001    -0.29939731E+000    -0.22268248E-011    -0.22300423E-011
     0.27280000E+001    -0.29040924E+000    -0.22305145E-011    -0.22339765E-011
     0.27360000E+001    -0.27733131E+000    -0.22262173E-011    -0.22283795E-011
     0.27440000E+001    -0.26036947E+000    -0.22170368E-011    -0.22184964E-011
     0.27520000E+001    -0.23978316E+000    -0.22049288E-011    -0.22065090E-011
     0.27600000E+001    -0.21588732E+000    -0.21908302E-011    -0.21938432E-011
     0.27680000E+001    -0.18904785E+000    -0.21735865E-011    -0.21777066E-011
     0.27760000E+001    -0.15966945E+000    -0.21529549E-011    -0.21562277E-011
     0.27840000E+001    -0.12818702E+000    -0.21325673E-011    -0.21349409E-011
     0.27920000E+001    -0.95058647E-001    -0.21156354E-011    -0.21177093E-011
     0.28000000E+001    -0.60760401E-001    -0.21040123E-011    -0.21069185E-011
     0.28080000E+001    -0.25779978E-001    -0.20972939E-011    -0.21016301E-011
     0.28160000E+001     0.94007404E-002    -0.20936295E-011    -0.20976387E-011
     0.28240000E+001     0.44315874E-001    -0.20943477E-011    -0.20974265E-011
     0.28320000E+001     0.78516118E-001    -0.21011446E-011    -0.21038036E-011
     0.28400000E+001     0.11157075E+000    -0.21139782E-011    -0.21169634E-011
     0.28480000E+001     0.14306585E+000    -0.21310045E-011    -0.21354239E-011
     0.28560000E+001     0.17261345E+000    -0.21476879E-011    -0.21521968E-011
     0.28640000E+001     0.19985800E+000    -0.21618856E-011    -0.21652268E-011
     0.28720000E+001     0.22446781E+000    -0.21736016E-011    -0.21762469E-011
     0.28800000E+001     0.24613196E+000    -0.21816527E-011    -0.21840931E-011
     0.28880000E+001     0.26455661E+000    -0.21842944E-011    -0.21878736E-011
     0.28960000E+001     0.27946929E+000    -0.21774274E-011    -0.21815659E-011
     0.29040000E+001     0.29062665E+000    -0.21584536E-011    -0.21612113E-011
     0.29120000E+001     0.29780776E+000    -0.21290625E-011    -0.21305664E-011
     0.29200000E+001     0.30081297E+000    -0.20910572E-011    -0.20917762E-011
     0.29280000E+001     0.29947037E+000    -0.20463585E-011    -0.20476764E-011
     0.29360000E+001     0.29364839E+000    -0.19952340E-011    -0.19978408E-011
     0.29440000E+001     0.28327311E+000    -0.19373235E-011    -0.19393495E-011
     0.29520000E+001     0.26833564E+000    -0.18765399E-011    -0.18774943E-011
     0.29600000E+001     0.24889915E+000    -0.18177415E-011    -0.18181064E-011
     0.29680000E+001     0.22511306E+000    -0.17650005E-011    -0.17657984E-011
     0.29760000E+001     0.19722658E+000    -0.17207234E-011    -0.17234462E-011
     0.29840000E+001     0.16559476E+000    -0.16842989E-011    -0.16877198E-011
     0.29920000E+001     0.13067254E+000    -0.16573614E-011    -0.16601963E-011
     0.30000000E+001     0.93000906E-001    -0.16432956E-011    -0.16456779E-011
     0.30080000E+001     0.53196944E-001    -0.16442717E-011    -0.16466316E-011
     0.30160000E+001     0.11943565E-001    -0.16611288E-011    -0.16649554E-011
     0.30240000E+001    -0.30031508E-001    -0.16911637E-011    -0.16960227E-011
     0.30320000E+001    -0.71981816E-001    -0.17321000E-011    -0.17363025E-011
     0.30400000E+001    -0.11317060E+000    -0.17844123E-011    -0.17877390E-011
     0.30480000E+001    -0.15288940E+000    -0.18480809E-011    -0.18506946E-011
     0.30560000E+001    -0.19046772E+000    -0.19223087E-011    -0.19255733E-011
     0.30640000E+001    -0.22529005E+000    -0.20031862E-011    -0.20075787E-011
     0.30720000E+001    -0.25681081E+000    -0.20855066E-011    -0.20893864E-011
     0.30800000E+001    -0.28456688E+000    -0.21671060E-011    -0.21699204E-011
     0.30880000E+001    -0.30817934E+000    -0.22463744E-011    -0.22481493E-011
     0.30960000E+001    -0.32734268E+000    -0.23214890E-011    -0.23232103E-011
     0.31040000E+001    -0.34182449E+000    -0.23888458E-011    -0.23917633E-011
     0.31120000E+001    -0.35146604E+000    -0.24425648E-011    -0.24454334E-011
     0.31200000E+001    -0.35618344E+000    -0.24798295E-011    -0.24816712E-011
     0.31280000E+001    -0.35596580E+000    -0.25002915E-011    -0.25011802E-011
     0.31360000E+001    -0.35086236E+000    -0.25042385E-011    -0.25047588E-011
     0.31440000E+001    -0.34098279E+000    -0.24920615E-011    -0.24938982E-011
     0.31520000E+001    -0.32650206E+000    -0.24618937E-011    -0.24646359E-011
     0.31600000E+001    -0.30766145E+000    -0.24138541E-011    -0.24160591E-011
     0.31680000E+001    -0.28476848E+000    -0.23519388E-011    -0.23534840E-011
     0.31760000E+001    -0.25818292E+000    -0.22811644E-011    -0.22822656E-011
     0.31840000E+001    -0.22830882E+000    -0.22071280E-011    -0.22093049E-011
     0.31920000E+001    -0.19559328E+000    -0.21329389E-011    -0.21366279E-011
     0.32000000E+001    -0.16051576E+000    -0.20609046E-011    -0.20644659E-011
     0.32080000E+001    -0.12357689E+000    -0.19963540E-011    -0.19991648E-011
     0.32160000E+001    -0.85281161E-001    -0.19450460E-011    -0.19470007E-011
     0.32240000E+001    -0.46121829E-001    -0.19122342E-011    -0.19144825E-011
     0.32320000E+001    -0.65800783E-002    -0.18999427E-011    -0.19037782E-011
     0.32400000E+001     0.32881044E-001    -0.19062145E-011    -0.19104301E-011
     0.32480000E+001     0.71824959E-001    -0.19301457E-011    -0.19338257E-011
     0.32560000E+001     0.10984301E+000    -0.19710523E-011    -0.19738923E-011
     0.32640000E+001     0.14655547E+000    -0.20274987E-011    -0.20299914E-011
     0.32720000E+001     0.18159880E+000    -0.20960933E-011    -0.20999753E-011
     0.32800000E+001     0.21461233E+000    -0.21689405E-011    -0.21736260E-011
     0.32880000E+001     0.24523669E+000    -0.22388243E-011    -0.22430702E-011
     0.32960000E+001     0.27310377E+000    -0.23008702E-011    -0.23043359E-011
     0.33040000E+001     0.29782953E+000    -0.23510857E-011    -0.23535648E-011
     0.33120000E+001     0.31900792E+000    -0.23867264E-011    -0.23898558E-011
     0.33200000E+001     0.33620615E+000    -0.24025311E-011    -0.24066136E-011
     0.33280000E+001     0.34898216E+000    -0.23936684E-011    -0.23972018E-011
     0.33360000E+001     0.35690241E+000    -0.23597232E-011    -0.23623860E-011
     0.33440000E+001     0.35956236E+000    -0.23023408E-011    -0.23037740E-011
     0.33520000E+001     0.35661563E+000    -0.22256712E-011    -0.22270575E-011
     0.33600000E+001     0.34780106E+000    -0.21329088E-011    -0.21355868E-011
     0.33680000E+001     0.33298010E+000    -0.20254960E-011    -0.20281953E-011
     0.33760000E+001     0.31216702E+000    -0.19083481E-011    -0.19104136E-011
     0.33840000E+001     0.28554543E+000    -0.17882733E-011    -0.17895059E-011
     0.33920000E+001     0.25347904E+000    -0.16732074E-011    -0.16742209E-011
     0.34000000E+001     0.21650692E+000    -0.15703700E-011    -0.15730060E-011
     0.34080000E+001     0.17533063E+000    -0.14829390E-011    -0.14865960E-011
     0.34160000E+001     0.13078694E+000    -0.14146472E-011    -0.14180389E-011
     0.34240000E+001     0.83805606E-001    -0.13707026E-011    -0.13733201E-011
     0.34320000E+001     0.35365841E-001    -0.13562395E-011    -0.13580674E-011
     0.34400000E+001    -0.13548742E-001    -0.13756362E-011    -0.13784313E-011
     0.34480000E+001    -0.61989816E-001    -0.14283875E-011    -0.14324224E-011
     0.34560000E+001    -0.10907862E+000    -0.15117718E-011    -0.15156546E-011
     0.34640000E+001    -0.15403513E+000    -0.16239184E-011    -0.16268401E-011
     0.34720000E+001    -0.19619222E+000    -0.17625091E-011    -0.17639046E-011
     0.34800000E+001    -0.23499616E+000    -0.19249370E-011    -0.19262381E-011
     0.34880000E+001    -0.26999872E+000    -0.21044329E-011    -0.21069157E-011
     0.34960000E+001    -0.30084482E+000    -0.22904944E-011    -0.22932381E-011
     0.35040000E+001    -0.32726173E+000    -0.24736834E-011    -0.24760218E-011
     0.35120000E+001    -0.34904709E+000    -0.26452803E-011    -0.26464807E-011
     0.35200000E+001    -0.36605056E+000    -0.27981859E-011    -0.27988434E-011
     0.35280000E+001    -0.37816182E+000    -0.29248522E-011    -0.29267179E-011
     0.35360000E+001    -0.38530621E+000    -0.30152546E-011    -0.30178355E-011
     0.35440000E+001    -0.38744785E+000    -0.30621325E-011    -0.30645629E-011
     0.35520000E+001    -0.38460030E+000    -0.30621461E-011    -0.30638811E-011
     0.35600000E+001    -0.37682750E+000    -0.30157379E-011    -0.30166881E-011
     0.35680000E+001    -0.36424696E+000    -0.29265876E-011    -0.29285011E-011
     0.35760000E+001    -0.34703950E+000    -0.27974971E-011    -0.28006453E-011
     0.35840000E+001    -0.32545481E+000    -0.26332165E-011    -0.26364888E-011
     0.35920000E+001    -0.29981778E+000    -0.24429660E-011    -0.24458580E-011
     0.36000000E+001    -0.27051740E+000    -0.22388025E-011    -0.22409947E-011
     0.36080000E+001    -0.23798669E+000    -0.20350207E-011    -0.20380266E-011
     0.36160000E+001    -0.20269075E+000    -0.18433869E-011    -0.18482759E-011
     0.36240000E+001    -0.16510956E+000    -0.16728940E-011    -0.16785141E-011
     0.36320000E+001    -0.12572239E+000    -0.15333406E-011    -0.15386732E-011
     0.36400000E+001    -0.84988226E-001    -0.14340941E-011    -0.14381791E-011
     0.36480000E+001    -0.43325224E-001    -0.13838168E-011    -0.13874364E-011
     0.36560000E+001    -0.11111735E-002    -0.13867211E-011    -0.13915818E-011
     0.36640000E+001     0.41305962E-001    -0.14402700E-011    -0.14457501E-011
     0.36720000E+001     0.83595270E-001    -0.15398083E-011    -0.15448492E-011
     0.36800000E+001     0.12542755E+000    -0.16791532E-011    -0.16825383E-011
     0.36880000E+001     0.16646006E+000    -0.18514034E-011    -0.18529772E-011
     0.36960000E+001     0.20631115E+000    -0.20478645E-011    -0.20497377E-011
     0.37040000E+001     0.24452926E+000    -0.22542851E-011    -0.22568202E-011
     0.37120000E+001     0.28057638E+000    -0.24554671E-011    -0.24579330E-011
     0.37200000E+001     0.31382568E+000    -0.26379755E-011    -0.26396135E-011
     0.37280000E+001     0.34356808E+000    -0.27906523E-011    -0.27905269E-011
     0.37360000E+001     0.36902880E+000    -0.29059965E-011    -0.29058177E-011
     0.37440000E+001     0.38939002E+000    -0.29753463E-011    -0.29763400E-011
     0.37520000E+001     0.40383585E+000    -0.29904867E-011    -0.29918995E-011
     0.37600000E+001     0.41161868E+000    -0.29478942E-011    -0.29492619E-011
     0.37680000E+001     0.41212600E+000    -0.28478234E-011    -0.28479832E-011
     0.37760000E+001     0.40494542E+000    -0.26959897E-011    -0.26956724E-011
     0.37840000E+001     0.38991436E+000    -0.24996153E-011    -0.25006993E-011
     0.37920000E+001     0.36715630E+000    -0.22648502E-011    -0.22668403E-011
     0.38000000E+001     0.33710384E+000    -0.20014772E-011    -0.20036808E-011
     0.38080000E+001     0.30048595E+000    -0.17225797E-011    -0.17239772E-011
     0.38160000E+001     0.25828684E+000    -0.14449731E-011    -0.14454541E-011
     0.38240000E+001     0.21167695E+000    -0.11870178E-011    -0.11886448E-011
     0.38320000E+001     0.16192956E+000    -0.96320112E-012    -0.96635586E-012
     0.38400000E+001     0.11034277E+000    -0.78672245E-012    -0.79062754E-012
     0.38480000E+001     0.58159056E-001    -0.67045819E-012    -0.67402145E-012
     0.38560000E+001     0.64974391E-002    -0.62646437E-012    -0.62880058E-012
     0.38640000E+001    -0.43696377E-001    -0.66502749E-012    -0.66774509E-012
     0.38720000E+001    -0.91677346E-001    -0.78867730E-012    -0.79278898E-012
     0.38800000E+001    -0.13689506E+000    -0.99287287E-012    -0.99776888E-012
     0.38880000E+001    -0.17897375E+000    -0.12688559E-011    -0.12734875E-011
     0.38960000E+001    -0.21768262E+000    -0.16043425E-011    -0.16071015E-011
     0.39040000E+001    -0.25289664E+000    -0.19856397E-011    -0.19873656E-011
     0.39120000E+001    -0.28455457E+000    -0.23938143E-011    -0.23961990E-011
     0.39200000E+001    -0.31261075E+000    -0.28042909E-011    -0.28071699E-011
     0.39280000E+001    -0.33699652E+000    -0.31920297E-011    -0.31948625E-011
     0.39360000E+001    -0.35760324E+000    -0.35333124E-011    -0.35346199E-011
     0.39440000E+001    -0.37427672E+000    -0.38093093E-011    -0.38089867E-011
     0.39520000E+001    -0.38682267E+000    -0.40050676E-011    -0.40052923E-011
     0.39600000E+001    -0.39502060E+000    -0.41062570E-011    -0.41076618E-011
     0.39680000E+001    -0.39864502E+000    -0.41033900E-011    -0.41056378E-011
     0.39760000E+001    -0.39750491E+000    -0.39938282E-011    -0.39958418E-011
     0.39840000E+001    -0.39148221E+000    -0.37831935E-011    -0.37839273E-011
     0.39920000E+001    -0.38055389E+000    -0.34854052E-011    -0.34864422E-011
     0.40000000E+001    -0.36480451E+000    -0.31168506E-011    -0.31194307E-011
     0.40080000E+001    -0.34441959E+000    -0.26963201E-011    -0.27001890E-011
     0.40160000E+001    -0.31967545E+000    -0.22464137E-011    -0.22507156E-011
     0.40240000E+001    -0.29092432E+000    -0.17927676E-011    -0.17960283E-011
     0.40320000E+001    -0.25855753E+000    -0.13640733E-011    -0.13670911E-011
     0.40400000E+001    -0.22297425E+000    -0.98617154E-012    -0.99056241E-012
     0.40480000E+001    -0.18455362E+000    -0.67914162E-012    -0.68494689E-012
     0.40560000E+001    -0.14363800E+000    -0.45907285E-012    -0.46564448E-012
     0.40640000E+001    -0.10053912E+000    -0.33778148E-012    -0.34331503E-012
     0.40720000E+001    -0.55540708E-001    -0.32460932E-012    -0.32890452E-012
     0.40800000E+001    -0.89159011E-002    -0.42316792E-012    -0.42793821E-012
     0.40880000E+001     0.39040344E-001    -0.62753132E-012    -0.63309929E-012
     0.40960000E+001     0.87977716E-001    -0.92526442E-012    -0.93128563E-012
     0.41040000E+001     0.13744682E+000    -0.12985551E-011    -0.13033482E-011
     0.41120000E+001     0.18686730E+000    -0.17276482E-011    -0.17299445E-011
     0.41200000E+001     0.23550457E+000    -0.21916675E-011    -0.21931575E-011
     0.41280000E+001     0.28245003E+000    -0.26641636E-011    -0.26658533E-011
     0.41360000E+001     0.32662400E+000    -0.31161577E-011    -0.31181659E-011
     0.41440000E+001     0.36680197E+000    -0.35188043E-011    -0.35203702E-011
     0.41520000E+001     0.40167037E+000    -0.38461193E-011    -0.38453719E-011
     0.41600000E+001     0.42991007E+000    -0.40791948E-011    -0.40772452E-011
     0.41680000E+001     0.45029368E+000    -0.42018410E-011    -0.42005528E-011
     0.41760000E+001     0.46179349E+000    -0.42006215E-011    -0.42004084E-011
     0.41840000E+001     0.46368992E+000    -0.40685192E-011    -0.40694062E-011
     0.41920000E+001     0.45566130E+000    -0.38055044E-011    -0.38056473E-011
     0.42000000E+001     0.43784075E+000    -0.34228066E-011    -0.34219277E-011
     0.42080000E+001     0.41082729E+000    -0.29401074E-011    -0.29402057E-011
     0.42160000E+001     0.37564629E+000    -0.23809328E-011    -0.23827516E-011
     0.42240000E+001     0.33367005E+000    -0.17745403E-011    -0.17782804E-011
     0.42320000E+001     0.28650294E+000    -0.11546418E-011    -0.11588627E-011
     0.42400000E+001     0.23584667E+000    -0.56024326E-012    -0.56351049E-012
     0.42480000E+001     0.18336417E+000    -0.33307095E-013    -0.36827200E-013
     0.42560000E+001     0.13055241E+000     0.38907817E-012     0.38438442E-012
     0.42640000E+001     0.78649916E-001     0.67629392E-012     0.67012651E-012
     0.42720000E+001     0.28580809E-001     0.80589449E-012     0.79928122E-012
     0.42800000E+001    -0.19063058E-001     0.76360318E-012     0.75850764E-012
     0.42880000E+001    -0.63998898E-001     0.54272713E-012     0.53858267E-012
     0.42960000E+001    -0.10620632E+000     0.14976339E-012     0.14549466E-012
     0.43040000E+001    -0.14584995E+000    -0.39534562E-012    -0.40019709E-012
     0.43120000E+001    -0.18318716E+000    -0.10615184E-011    -0.10666382E-011
     0.43200000E+001    -0.21847993E+000    -0.18093301E-011    -0.18125383E-011
     0.43280000E+001    -0.25191179E+000    -0.25973325E-011    -0.25984194E-011
     0.43360000E+001    -0.28353051E+000    -0.33811717E-011    -0.33817095E-011
     0.43440000E+001    -0.31320917E+000    -0.41134872E-011    -0.41142302E-011
     0.43520000E+001    -0.34062982E+000    -0.47487889E-011    -0.47501751E-011
     0.43600000E+001    -0.36530681E+000    -0.52461975E-011    -0.52466510E-011
     0.43680000E+001    -0.38663456E+000    -0.55757227E-011    -0.55739773E-011
     0.43760000E+001    -0.40395608E+000    -0.57198267E-011    -0.57174267E-011
     0.43840000E+001    -0.41663402E+000    -0.56694743E-011    -0.56678369E-011
     0.43920000E+001    -0.42410793E+000    -0.54255328E-011    -0.54256112E-011
     0.44000000E+001    -0.42594844E+000    -0.49990970E-011    -0.50003072E-011
     0.44080000E+001    -0.42189706E+000    -0.44130809E-011    -0.44135751E-011
     0.44160000E+001    -0.41188022E+000    -0.37031323E-011    -0.37033735E-011
     0.44240000E+001    -0.39599796E+000    -0.29109028E-011    -0.29122186E-011
     0.44320000E+001    -0.37448587E+000    -0.20803908E-011    -0.20837539E-011
     0.44400000E+001    -0.34767043E+000    -0.12561418E-011    -0.12615482E-011
     0.44480000E+001    -0.31593354E+000    -0.48214799E-012    -0.48762495E-012
     0.44560000E+001    -0.27967558E+000     0.19679147E-012     0.19180872E-012
     0.44640000E+001    -0.23928339E+000     0.74042202E-012     0.73508619E-012
     0.44720000E+001    -0.19511076E+000     0.11176324E-011     0.11112561E-011
     0.44800000E+001    -0.14747431E+000     0.13073781E-011     0.12995022E-011
     0.44880000E+001    -0.96680480E-001     0.12996358E-011     0.12919872E-011
     0.44960000E+001    -0.43065376E-001     0.10917051E-011     0.10855575E-011
     0.45040000E+001     0.12963999E-001     0.68960835E-012     0.68425498E-012
     0.45120000E+001     0.70877840E-001     0.11199820E-012     0.10696180E-012
     0.45200000E+001     0.12997482E+000    -0.61142834E-012    -0.61690893E-012
     0.45280000E+001     0.18933358E+000    -0.14403930E-011    -0.14452472E-011
     0.45360000E+001     0.24778190E+000    -0.23294166E-011    -0.23316746E-011
     0.45440000E+001     0.30390673E+000    -0.32318180E-011    -0.32321080E-011
     0.45520000E+001     0.35609445E+000    -0.40966749E-011    -0.40958413E-011
     0.45600000E+001     0.40260904E+000    -0.48715923E-011    -0.48707423E-011
     0.45680000E+001     0.44170209E+000    -0.55051901E-011    -0.55046892E-011
     0.45760000E+001     0.47174806E+000    -0.59513390E-011    -0.59492137E-011
     0.45840000E+001     0.49140337E+000    -0.61769695E-011    -0.61732729E-011
     0.45920000E+001     0.49975544E+000    -0.61604489E-011    -0.61565370E-011
     0.46000000E+001     0.49643970E+000    -0.58915754E-011    -0.58885282E-011
     0.46080000E+001     0.48170373E+000    -0.53743007E-011    -0.53733872E-011
     0.46160000E+001     0.45640605E+000    -0.46269617E-011    -0.46268697E-011
     0.46240000E+001     0.42195587E+000    -0.36873461E-011    -0.36869666E-011
     0.46320000E+001     0.38019173E+000    -0.26105850E-011    -0.26108491E-011
     0.46400000E+001     0.33320904E+000    -0.14620916E-011    -0.14637477E-011
     0.46480000E+001     0.28315903E+000    -0.31420698E-012    -0.31831660E-012
     0.46560000E+001     0.23204745E+000     0.75976881E-012     0.75401882E-012
     0.46640000E+001     0.18156571E+000     0.16874491E-011     0.16818856E-011
     0.46720000E+001     0.13297377E+000     0.24010062E-011     0.23955400E-011
     0.46800000E+001     0.87035726E-001     0.28464740E-011     0.28406944E-011
     0.46880000E+001     0.44013085E-001     0.29882256E-011     0.29811494E-011
     0.46960000E+001     0.37194504E-002     0.28130000E-011     0.28048409E-011
     0.47040000E+001    -0.34374104E-001     0.23287751E-011     0.23216434E-011
     0.47120000E+001    -0.70994158E-001     0.15602877E-011     0.15545833E-011
     0.47200000E+001    -0.10691309E+000     0.55073038E-012     0.54615833E-012
     0.47280000E+001    -0.14281097E+000    -0.64034099E-012    -0.64457000E-012
     0.47360000E+001    -0.17915114E+000    -0.19403634E-011    -0.19450993E-011
     0.47440000E+001    -0.21609018E+000    -0.32682252E-011    -0.32717756E-011
     0.47520000E+001    -0.25342649E+000    -0.45446170E-011    -0.45460032E-011
     0.47600000E+001    -0.29060079E+000    -0.56954075E-011    -0.56952548E-011
     0.47680000E+001    -0.32675371E+000    -0.66530721E-011    -0.66520227E-011
     0.47760000E+001    -0.36080750E+000    -0.73611076E-011    -0.73605400E-011
     0.47840000E+001    -0.39157015E+000    -0.77757789E-011    -0.77751782E-011
     0.47920000E+001    -0.41784728E+000    -0.78724401E-011    -0.78704083E-011
     0.48000000E+001    -0.43854753E+000    -0.76485284E-011    -0.76456275E-011
     0.48080000E+001    -0.45278252E+000    -0.71194275E-011    -0.71166011E-011
     0.48160000E+001    -0.45992676E+000    -0.63168705E-011    -0.63156120E-011
     0.48240000E+001    -0.45963957E+000    -0.52856161E-011    -0.52863513E-011
     0.48320000E+001    -0.45186032E+000    -0.40824654E-011    -0.40837607E-011
     0.48400000E+001    -0.43677118E+000    -0.27763224E-011    -0.27780165E-011
     0.48480000E+001    -0.41474849E+000    -0.14413478E-011    -0.14440487E-011
     0.48560000E+001    -0.38629672E+000    -0.15170224E-012    -0.15652789E-012
     0.48640000E+001    -0.35197067E+000     0.10230735E-011     0.10154360E-011
     0.48720000E+001    -0.31231696E+000     0.20208577E-011     0.20120968E-011
     0.48800000E+001    -0.26783374E+000     0.27853825E-011     0.27766638E-011
     0.48880000E+001    -0.21895665E+000     0.32705360E-011     0.32619937E-011
     0.48960000E+001    -0.16607436E+000     0.34447533E-011     0.34360427E-011
     0.49040000E+001    -0.10955878E+000     0.32934434E-011     0.32836088E-011
     0.49120000E+001    -0.49821291E-001     0.28216035E-011     0.28119900E-011
     0.49200000E+001     0.12611403E-001     0.20495660E-011     0.20418591E-011
     0.49280000E+001     0.77025363E-001     0.10121559E-011     0.10064820E-011
     0.49360000E+001     0.14245357E+000    -0.23932663E-012    -0.24308203E-012
     0.49440000E+001     0.20763712E+000    -0.16394346E-011    -0.16427293E-011
     0.49520000E+001     0.27102331E+000    -0.31088671E-011    -0.31116831E-011
     0.49600000E+001     0.33079692E+000    -0.45611528E-011    -0.45617501E-011
     0.49680000E+001     0.38496718E+000    -0.59105298E-011    -0.59089647E-011
     0.49760000E+001     0.43150095E+000    -0.70728508E-011    -0.70693909E-011
     0.49840000E+001     0.46849101E+000    -0.79707904E-011    -0.79667259E-011
     0.49920000E+001     0.49434883E+000    -0.85372550E-011    -0.85339374E-011
     0.50000000E+001     0.50798345E+000    -0.87200592E-011    -0.87161561E-011
     0.50080000E+001     0.50895215E+000    -0.84919223E-011    -0.84871351E-011
     0.50160000E+001     0.49755282E+000    -0.78515882E-011    -0.78466155E-011
     0.50240000E+001     0.47483193E+000    -0.68240639E-011    -0.68197530E-011
     0.50320000E+001     0.44250733E+000    -0.54609872E-011    -0.54590613E-011
     0.50400000E+001     0.40279874E+000    -0.38368337E-011    -0.38366591E-011
     0.50480000E+001     0.35819892E+000    -0.20496464E-011    -0.20500955E-011
     0.50560000E+001     0.31121622E+000    -0.21541592E-012    -0.21679448E-012
     0.50640000E+001     0.26411624E+000     0.15431544E-011     0.15403732E-011
     0.50720000E+001     0.21870513E+000     0.31058992E-011     0.31003293E-011
     0.50800000E+001     0.17617176E+000     0.43666660E-011     0.43586957E-011
     0.50880000E+001     0.13701674E+000     0.52383466E-011     0.52298548E-011
     0.50960000E+001     0.10107842E+000     0.56569423E-011     0.56485935E-011
     0.51040000E+001     0.67635430E-001     0.55890413E-011     0.55811741E-011
     0.51120000E+001     0.35570690E-001     0.50341346E-011     0.50256562E-011
     0.51200000E+001     0.35691733E-002     0.40268738E-011     0.40173768E-011
     0.51280000E+001    -0.29671986E-001     0.26328060E-011     0.26242531E-011
     0.51360000E+001    -0.65236844E-001     0.93856834E-012     0.93191897E-012
     0.51440000E+001    -0.10382113E+000    -0.95207747E-012    -0.95632554E-012
     0.51520000E+001    -0.14562194E+000    -0.29247617E-011    -0.29271223E-011
     0.51600000E+001    -0.19029108E+000    -0.48604362E-011    -0.48624558E-011
     0.51680000E+001    -0.23695385E+000    -0.66408079E-011    -0.66415946E-011
     0.51760000E+001    -0.28428188E+000    -0.81605039E-011    -0.81590776E-011
     0.51840000E+001    -0.33061389E+000    -0.93332026E-011    -0.93297681E-011
     0.51920000E+001    -0.37412119E+000    -0.10094102E-010    -0.10089091E-010
     0.52000000E+001    -0.41298347E+000    -0.10403241E-010    -0.10398441E-010
     0.52080000E+001    -0.44555108E+000    -0.10244546E-010    -0.10240313E-010
     0.52160000E+001    -0.47047699E+000    -0.96291121E-011    -0.96244488E-011
     0.52240000E+001    -0.48680241E+000    -0.85966348E-011    -0.85917897E-011
     0.52320000E+001    -0.49400768E+000    -0.72100009E-011    -0.72056020E-011
     0.52400000E+001    -0.49201319E+000    -0.55506702E-011    -0.55483221E-011
     0.52480000E+001    -0.48112324E+000    -0.37113870E-011    -0.37119116E-011
     0.52560000E+001    -0.46193447E+000    -0.17920144E-011    -0.17941711E-011
     0.52640000E+001    -0.43521794E+000     0.10174908E-012     0.98501036E-013
     0.52720000E+001    -0.40180942E+000     0.18650422E-011     0.18606275E-011
     0.52800000E+001    -0.36251964E+000     0.33995682E-011     0.33928823E-011
     0.52880000E+001    -0.31805871E+000     0.46203979E-011     0.46103398E-011
     0.52960000E+001    -0.26899604E+000     0.54608369E-011     0.54489223E-011
     0.53040000E+001    -0.21575907E+000     0.58710206E-011     0.58588599E-011
     0.53120000E+001    -0.15867647E+000     0.58209434E-011     0.58094595E-011
     0.53200000E+001    -0.98061450E-001     0.53036449E-011     0.52928665E-011
     0.53280000E+001    -0.34306497E-001     0.43377375E-011     0.43263173E-011
     0.53360000E+001     0.32021063E-001     0.29706694E-011     0.29595086E-011
     0.53440000E+001     0.10008810E+000     0.12730038E-011     0.12639908E-011
     0.53520000E+001     0.16872284E+000    -0.66622545E-012    -0.67221264E-012
     0.53600000E+001     0.23637547E+000    -0.27415477E-011    -0.27439780E-011
     0.53680000E+001     0.30113415E+000    -0.48362166E-011    -0.48368016E-011
     0.53760000E+001     0.36081229E+000    -0.68237991E-011    -0.68234233E-011
     0.53840000E+001     0.41309796E+000    -0.85767131E-011    -0.85741498E-011
     0.53920000E+001     0.45575220E+000    -0.99783047E-011    -0.99735195E-011
     0.54000000E+001     0.48684140E+000    -0.10928190E-010    -0.10921191E-010
     0.54080000E+001     0.50497409E+000    -0.11350108E-010    -0.11342346E-010
     0.54160000E+001     0.50951158E+000    -0.11195823E-010    -0.11189514E-010
     0.54240000E+001     0.50070371E+000    -0.10448697E-010    -0.10443217E-010
     0.54320000E+001     0.47971388E+000    -0.91330890E-011    -0.91279700E-011
     0.54400000E+001     0.44852853E+000    -0.73150847E-011    -0.73105363E-011
     0.54480000E+001     0.40975435E+000    -0.50994762E-011    -0.50962168E-011
     0.54560000E+001     0.36633847E+000    -0.26234357E-011    -0.26235745E-011
     0.54640000E+001     0.32124003E+000    -0.44240497E-013    -0.47622543E-013
     0.54720000E+001     0.27709298E+000     0.24680596E-011     0.24628770E-011
     0.54800000E+001     0.23592377E+000     0.47416119E-011     0.47354339E-011
     0.54880000E+001     0.19895474E+000     0.66173333E-011     0.66104434E-011
     0.54960000E+001     0.16652410E+000     0.79617121E-011     0.79525716E-011
     0.55040000E+001     0.13812031E+000     0.86810106E-011     0.86694705E-011
     0.55120000E+001     0.11250669E+000     0.87258941E-011     0.87136994E-011
     0.55200000E+001     0.87935977E-001     0.80913202E-011     0.80798218E-011
     0.55280000E+001     0.62421433E-001     0.68170922E-011     0.68075641E-011
     0.55360000E+001     0.34029843E-001     0.49832788E-011     0.49747165E-011
     0.55440000E+001     0.11609002E-002     0.27076805E-011     0.26988812E-011
     0.55520000E+001    -0.37232437E-001     0.13754100E-012     0.12987414E-012
     0.55600000E+001    -0.81490669E-001    -0.25657467E-011    -0.25711913E-011
     0.55680000E+001    -0.13117363E+000    -0.52365786E-011    -0.52387930E-011
     0.55760000E+001    -0.18508110E+000    -0.77160821E-011    -0.77154023E-011
     0.55840000E+001    -0.24136271E+000    -0.98598091E-011    -0.98585322E-011
     0.55920000E+001    -0.29770966E+000    -0.11542172E-010    -0.11540353E-010
     0.56000000E+001    -0.35159439E+000    -0.12667634E-010    -0.12664320E-010
     0.56080000E+001    -0.40051500E+000    -0.13177240E-010    -0.13172009E-010
     0.56160000E+001    -0.44222615E+000    -0.13050318E-010    -0.13043222E-010
     0.56240000E+001    -0.47493057E+000    -0.12304353E-010    -0.12297646E-010
     0.56320000E+001    -0.49740958E+000    -0.10988510E-010    -0.10983612E-010
     0.56400000E+001    -0.50908551E+000    -0.91812544E-011    -0.91776073E-011
     0.56480000E+001    -0.50999873E+000    -0.69884558E-011    -0.69855747E-011
     0.56560000E+001    -0.50071859E+000    -0.45363559E-011    -0.45339185E-011
     0.56640000E+001    -0.48221459E+000    -0.19644038E-011    -0.19639373E-011
     0.56720000E+001    -0.45569183E+000     0.58587491E-012     0.58271570E-012
     0.56800000E+001    -0.42242530E+000     0.29783537E-011     0.29721124E-011
     0.56880000E+001    -0.38360313E+000     0.50846388E-011     0.50763399E-011
     0.56960000E+001    -0.34019884E+000     0.67896620E-011     0.67806024E-011
     0.57040000E+001    -0.29291045E+000     0.79963664E-011     0.79863078E-011
     0.57120000E+001    -0.24215102E+000     0.86334399E-011     0.86209269E-011
     0.57200000E+001    -0.18809646E+000     0.86619844E-011     0.86477123E-011
     0.57280000E+001    -0.13078389E+000     0.80741028E-011     0.80595765E-011
     0.57360000E+001    -0.70236700E-001     0.68934104E-011     0.68805284E-011
     0.57440000E+001    -0.66232244E-002     0.51743718E-011     0.51641833E-011
     0.57520000E+001     0.59587110E-001     0.30017740E-011     0.29927594E-011
     0.57600000E+001     0.12749986E+000     0.49235655E-012     0.48437154E-012
     0.57680000E+001     0.19571831E+000    -0.22133988E-011    -0.22191988E-011
     0.57760000E+001     0.26234138E+000    -0.49604553E-011    -0.49629353E-011
     0.57840000E+001     0.32503714E+000    -0.75867598E-011    -0.75845713E-011
     0.57920000E+001     0.38120127E+000    -0.99330951E-011    -0.99279736E-011
     0.58000000E+001     0.42820108E+000    -0.11846756E-010    -0.11840816E-010
     0.58080000E+001     0.46367232E+000    -0.13190796E-010    -0.13183940E-010
     0.58160000E+001     0.48582918E+000    -0.13858071E-010    -0.13850362E-010
     0.58240000E+001     0.49373248E+000    -0.13779162E-010    -0.13769858E-010
     0.58320000E+001     0.48747048E+000    -0.12931510E-010    -0.12921517E-010
     0.58400000E+001     0.46822125E+000    -0.11341614E-010    -0.11333880E-010
     0.58480000E+001     0.43817174E+000    -0.90831976E-011    -0.90783778E-011
     0.58560000E+001     0.40029221E+000    -0.62801946E-011    -0.62779819E-011
     0.58640000E+001     0.35799586E+000    -0.31018617E-011    -0.31013266E-011
     0.58720000E+001     0.31473225E+000     0.24679710E-012     0.24627929E-012
     0.58800000E+001     0.27357949E+000     0.35399643E-011     0.35366678E-011
     0.58880000E+001     0.23689226E+000     0.65528599E-011     0.65460885E-011
     0.58960000E+001     0.20604077E+000     0.90772187E-011     0.90677025E-011
     0.59040000E+001     0.18128207E+000     0.10935643E-010     0.10924935E-010
     0.59120000E+001     0.16177778E+000     0.11994524E-010     0.11984401E-010
     0.59200000E+001     0.14575195E+000     0.12173444E-010     0.12163097E-010
     0.59280000E+001     0.13077060E+000     0.11455751E-010     0.11444493E-010
     0.59360000E+001     0.11408694E+000     0.98882923E-011     0.98767614E-011
     0.59440000E+001     0.93017905E-001     0.75740838E-011     0.75633064E-011
     0.59520000E+001     0.65313103E-001     0.46634012E-011     0.46555587E-011
     0.59600000E+001     0.29465327E-001     0.13396615E-011     0.13345570E-011
     0.59680000E+001    -0.15066502E-001    -0.21893837E-011    -0.21934515E-011
     0.59760000E+001    -0.67767298E-001    -0.57029072E-011    -0.57057584E-011
     0.59840000E+001    -0.12711223E+000    -0.89850115E-011    -0.89862567E-011
     0.59920000E+001    -0.19072645E+000    -0.11837938E-010    -0.11836202E-010
     0.60000000E+001    -0.25564080E+000    -0.14095722E-010    -0.14090456E-010
     0.60080000E+001    -0.31859866E+000    -0.15632441E-010    -0.15626082E-010
     0.60160000E+001    -0.37638750E+000    -0.16363492E-010    -0.16357477E-010
     0.60240000E+001    -0.42615562E+000    -0.16252038E-010    -0.16246511E-010
     0.60320000E+001    -0.46566031E+000    -0.15312108E-010    -0.15306492E-010
     0.60400000E+001    -0.49343198E+000    -0.13607409E-010    -0.13600725E-010
     0.60480000E+001    -0.50884091E+000    -0.11247203E-010    -0.11241092E-010
     0.60560000E+001    -0.51207303E+000    -0.83736867E-011    -0.83703322E-011
     0.60640000E+001    -0.50403109E+000    -0.51522189E-011    -0.51522966E-011
     0.60720000E+001    -0.48615704E+000    -0.17639412E-011    -0.17670376E-011
     0.60800000E+001    -0.46019859E+000     0.16033085E-011     0.15988202E-011
     0.60880000E+001    -0.42795908E+000     0.47626782E-011     0.47566766E-011
     0.60960000E+001    -0.39106266E+000     0.75409173E-011     0.75319751E-011
     0.61040000E+001    -0.35077354E+000     0.97886576E-011     0.97764408E-011
     0.61120000E+001    -0.30788495E+000     0.11384847E-010     0.11369844E-010
     0.61200000E+001    -0.26268130E+000     0.12241703E-010     0.12226094E-010
     0.61280000E+001    -0.21499501E+000     0.12306413E-010     0.12291503E-010
     0.61360000E+001    -0.16435200E+000     0.11566273E-010     0.11551324E-010
     0.61440000E+001    -0.11018000E+000     0.10054475E-010     0.10039591E-010
     0.61520000E+001    -0.52051261E-001     0.78476530E-011     0.78332969E-011
     0.61600000E+001     0.10093152E-001     0.50628098E-011     0.50507799E-011
     0.61680000E+001     0.75758042E-001     0.18498443E-011     0.18420937E-011
     0.61760000E+001     0.14376520E+000    -0.16164345E-011    -0.16209307E-011
     0.61840000E+001     0.21221863E+000    -0.51396136E-011    -0.51416906E-011
     0.61920000E+001     0.27857648E+000    -0.85127762E-011    -0.85126674E-011
     0.62000000E+001     0.33984562E+000    -0.11530658E-010    -0.11528133E-010
     0.62080000E+001     0.39287957E+000    -0.14001513E-010    -0.13994807E-010
     0.62160000E+001     0.43473330E+000    -0.15761870E-010    -0.15751962E-010
     0.62240000E+001     0.46304109E+000    -0.16682298E-010    -0.16671622E-010
     0.62320000E+001     0.47635997E+000    -0.16674990E-010    -0.16664603E-010
     0.62400000E+001     0.47442707E+000    -0.15705167E-010    -0.15696083E-010
     0.62480000E+001     0.45827798E+000    -0.13796778E-010    -0.13788136E-010
     0.62560000E+001     0.43018260E+000    -0.11039235E-010    -0.11030801E-010
     0.62640000E+001     0.39340771E+000    -0.75850246E-011    -0.75791284E-011
     0.62720000E+001     0.35183337E+000    -0.36386370E-011    -0.36366438E-011
     0.62800000E+001     0.30947743E+000     0.55270002E-012     0.55020879E-012
     0.62880000E+001     0.26999663E+000     0.47148375E-011     0.47088700E-011
     0.62960000E+001     0.23622643E+000     0.85645332E-011     0.85568221E-011
     0.63040000E+001     0.20983192E+000     0.11830433E-010     0.11820586E-010
     0.63120000E+001     0.19112359E+000     0.14279178E-010     0.14266772E-010
     0.63200000E+001     0.17905775E+000     0.15733670E-010     0.15718685E-010
     0.63280000E+001     0.17141654E+000     0.16086429E-010     0.16070221E-010
     0.63360000E+001     0.16513678E+000     0.15305445E-010     0.15290745E-010
     0.63440000E+001     0.15673924E+000     0.13433033E-010     0.13420212E-010
     0.63520000E+001     0.14281023E+000     0.10586066E-010     0.10574837E-010
     0.63600000E+001     0.12047016E+000     0.69469845E-011     0.69372354E-011
     0.63680000E+001     0.87761530E-001     0.27491022E-011     0.27407575E-011
     0.63760000E+001     0.43914164E-001    -0.17398420E-011    -0.17446135E-011
     0.63840000E+001    -0.10548047E-001    -0.62401953E-011    -0.62407125E-011
     0.63920000E+001    -0.73857196E-001    -0.10475673E-010    -0.10473417E-010
     0.64000000E+001    -0.14319282E+000    -0.14186787E-010    -0.14182472E-010
     0.64080000E+001    -0.21499834E+000    -0.17148598E-010    -0.17143239E-010
     0.64160000E+001    -0.28536590E+000    -0.19183188E-010    -0.19176261E-010
     0.64240000E+001    -0.35044459E+000    -0.20172879E-010    -0.20163333E-010
     0.64320000E+001    -0.40681707E+000    -0.20067744E-010    -0.20057206E-010
     0.64400000E+001    -0.45179758E+000    -0.18882604E-010    -0.18872790E-010
     0.64480000E+001    -0.48364769E+000    -0.16695203E-010    -0.16687354E-010
     0.64560000E+001    -0.50168057E+000    -0.13640542E-010    -0.13634957E-010
     0.64640000E+001    -0.50624738E+000    -0.99025272E-011    -0.98980773E-011
     0.64720000E+001    -0.49861245E+000    -0.57042961E-011    -0.57015776E-011
     0.64800000E+001    -0.48071595E+000    -0.12903747E-011    -0.12908667E-011
     0.64880000E+001    -0.45487508E+000     0.30892939E-011     0.30845840E-011
     0.64960000E+001    -0.42345606E+000     0.71922499E-011     0.71831778E-011
     0.65040000E+001    -0.38854945E+000     0.10794827E-010     0.10783211E-010
     0.65120000E+001    -0.35170903E+000     0.13699079E-010     0.13685784E-010
     0.65200000E+001    -0.31378179E+000     0.15744191E-010     0.15728828E-010
     0.65280000E+001    -0.27486484E+000     0.16816717E-010     0.16799188E-010
     0.65360000E+001    -0.23440215E+000     0.16855761E-010     0.16836172E-010
     0.65440000E+001    -0.19138383E+000     0.15856942E-010     0.15837560E-010
     0.65520000E+001    -0.14462170E+000     0.13869729E-010     0.13852689E-010
     0.65600000E+001    -0.93063582E-001     0.10996472E-010     0.10981885E-010
     0.65680000E+001    -0.36095381E-001     0.73921718E-011     0.73802062E-011
     0.65760000E+001     0.26200862E-001     0.32563139E-011     0.32465142E-011
     0.65840000E+001     0.92880377E-001    -0.11765597E-011    -0.11832528E-011
     0.65920000E+001     0.16209148E+000    -0.56525340E-011    -0.56540492E-011
     0.66000000E+001     0.23114958E+000    -0.99148704E-011    -0.99117563E-011
     0.66080000E+001     0.29673845E+000    -0.13712869E-010    -0.13706058E-010
     0.66160000E+001     0.35522791E+000    -0.16815186E-010    -0.16805989E-010
     0.66240000E+001     0.40308207E+000    -0.19022289E-010    -0.19012099E-010
     0.66320000E+001     0.43732020E+000    -0.20178219E-010    -0.20166040E-010
     0.66400000E+001     0.45594593E+000    -0.20186171E-010    -0.20172597E-010
     0.66480000E+001     0.45827855E+000    -0.19013780E-010    -0.19000886E-010
     0.66560000E+001     0.44512705E+000    -0.16696405E-010    -0.16685467E-010
     0.66640000E+001     0.41876413E+000    -0.13341788E-010    -0.13334452E-010
     0.66720000E+001     0.38269967E+000    -0.91276484E-011    -0.91235088E-011
     0.66800000E+001     0.34125871E+000    -0.42992908E-011    -0.42975215E-011
     0.66880000E+001     0.29902631E+000     0.84256194E-012     0.84085453E-012
     0.66960000E+001     0.26024761E+000     0.59648440E-011     0.59589140E-011
     0.67040000E+001     0.22826750E+000     0.10725168E-010     0.10714511E-010
     0.67120000E+001     0.20510683E+000     0.14798391E-010     0.14784217E-010
     0.67200000E+001     0.19122130E+000     0.17899384E-010     0.17883961E-010
     0.67280000E+001     0.18547357E+000     0.19803577E-010     0.19787481E-010
     0.67360000E+001     0.18532799E+000     0.20367914E-010     0.20351429E-010
     0.67440000E+001     0.18722502E+000     0.19541467E-010     0.19524242E-010
     0.67520000E+001     0.18708656E+000     0.17369603E-010     0.17352417E-010
     0.67600000E+001     0.18087464E+000     0.13987510E-010     0.13973183E-010
     0.67680000E+001     0.16512445E+000     0.96050632E-011     0.95944265E-011
     0.67760000E+001     0.13739844E+000     0.44952193E-011     0.44882658E-011
     0.67840000E+001     0.96605305E-001    -0.10235560E-011    -0.10273010E-011
     0.67920000E+001     0.43147382E-001    -0.66075319E-011    -0.66093096E-011
     0.68000000E+001    -0.21118907E-001    -0.11907791E-010    -0.11906294E-010
     0.68080000E+001    -0.93105321E-001    -0.16597049E-010    -0.16591448E-010
     0.68160000E+001    -0.16885066E+000    -0.20388803E-010    -0.20380373E-010
     0.68240000E+001    -0.24395660E+000    -0.23050952E-010    -0.23040749E-010
     0.68320000E+001    -0.31405097E+000    -0.24420949E-010    -0.24410852E-010
     0.68400000E+001    -0.37522619E+000    -0.24414149E-010    -0.24404660E-010
     0.68480000E+001    -0.42441338E+000    -0.23031886E-010    -0.23022153E-010
     0.68560000E+001    -0.45965330E+000    -0.20363490E-010    -0.20354511E-010
     0.68640000E+001    -0.48022173E+000    -0.16575408E-010    -0.16568573E-010
     0.68720000E+001    -0.48661183E+000    -0.11898339E-010    -0.11895158E-010
     0.68800000E+001    -0.48037974E+000    -0.66104181E-011    -0.66115389E-011
     0.68880000E+001    -0.46386999E+000    -0.10202334E-011    -0.10244429E-011
     0.68960000E+001    -0.43985897E+000     0.45483665E-011     0.45412516E-011
     0.69040000E+001    -0.41114228E+000     0.97771527E-011     0.97665766E-011
     0.69120000E+001    -0.38013448E+000     0.14371947E-010     0.14357186E-010
     0.69200000E+001    -0.34855325E+000     0.18077884E-010     0.18058771E-010
     0.69280000E+001    -0.31722625E+000     0.20691312E-010     0.20670086E-010
     0.69360000E+001    -0.28605539E+000     0.22065125E-010     0.22043569E-010
     0.69440000E+001    -0.25412513E+000     0.22117623E-010     0.22096311E-010
     0.69520000E+001    -0.21993410E+000     0.20840178E-010     0.20819330E-010
     0.69600000E+001    -0.18172841E+000     0.18299845E-010     0.18279172E-010
     0.69680000E+001    -0.13787737E+000     0.14638923E-010     0.14620512E-010
     0.69760000E+001    -0.87237285E-001     0.10063907E-010     0.10050338E-010
     0.69840000E+001    -0.29453069E-001     0.48334471E-011     0.48253439E-011
     0.69920000E+001     0.34840655E-001    -0.75311213E-012    -0.75569012E-012
     0.70000000E+001     0.10393222E+000    -0.63734331E-011    -0.63720687E-011
     0.70080000E+001     0.17507891E+000    -0.11698413E-010    -0.11693581E-010
     0.70160000E+001     0.24470384E+000    -0.16413415E-010    -0.16403607E-010
     0.70240000E+001     0.30874020E+000    -0.20239719E-010    -0.20225489E-010
     0.70320000E+001     0.36309278E+000    -0.22945471E-010    -0.22928007E-010
     0.70400000E+001     0.40416004E+000    -0.24357791E-010    -0.24339233E-010
     0.70480000E+001     0.42934061E+000    -0.24371446E-010    -0.24354500E-010
     0.70560000E+001     0.43744951E+000    -0.22955252E-010    -0.22939660E-010
     0.70640000E+001     0.42896679E+000    -0.20163045E-010    -0.20148966E-010
     0.70720000E+001     0.40605814E+000    -0.16133970E-010    -0.16122905E-010
     0.70800000E+001     0.37234924E+000    -0.11087027E-010    -0.11080232E-010
     0.70880000E+001     0.33246879E+000    -0.53134929E-011    -0.53128133E-011
     0.70960000E+001     0.29143557E+000     0.83937505E-012     0.83439528E-012
     0.71040000E+001     0.25398530E+000     0.69847560E-011     0.69758670E-011
     0.71120000E+001     0.22393323E+000     0.12720361E-010     0.12708059E-010
     0.71200000E+001     0.20367770E+000     0.17660815E-010     0.17645206E-010
     0.71280000E+001     0.19390085E+000     0.21467700E-010     0.21448130E-010
     0.71360000E+001     0.19351000E+000     0.23877784E-010     0.23855417E-010
     0.71440000E+001     0.19982797E+000     0.24719877E-010     0.24697498E-010
     0.71520000E+001     0.20898225E+000     0.23923857E-010     0.23903065E-010
     0.71600000E+001     0.21644410E+000     0.21526982E-010     0.21508943E-010
     0.71680000E+001     0.21763633E+000     0.17669959E-010     0.17654001E-010
     0.71760000E+001     0.20853177E+000     0.12589336E-010     0.12575121E-010
     0.71840000E+001     0.18618409E+000     0.66004713E-011     0.65903770E-011
     0.71920000E+001     0.14911173E+000     0.71593279E-013     0.66743636E-013
     0.72000000E+001     0.97491947E-001    -0.65966562E-011    -0.65960092E-011
     0.72080000E+001     0.33143216E-001    -0.12994497E-010    -0.12989078E-010
     0.72160000E+001    -0.40698266E-001    -0.18726436E-010    -0.18718622E-010
     0.72240000E+001    -0.11975939E+000    -0.23432244E-010    -0.23421860E-010
     0.72320000E+001    -0.19922104E+000    -0.26814761E-010    -0.26800966E-010
     0.72400000E+001    -0.27425510E+000    -0.28660375E-010    -0.28644061E-010
     0.72480000E+001    -0.34053274E+000    -0.28850456E-010    -0.28832987E-010
     0.72560000E+001    -0.39464926E+000    -0.27369712E-010    -0.27353936E-010
     0.72640000E+001    -0.43441763E+000    -0.24304332E-010    -0.24291864E-010
     0.72720000E+001    -0.45901003E+000    -0.19837889E-010    -0.19828126E-010
     0.72800000E+001    -0.46894860E+000    -0.14241894E-010    -0.14234967E-010
     0.72880000E+001    -0.46593597E+000    -0.78545619E-011    -0.78511767E-011
     0.72960000E+001    -0.45254509E+000    -0.10572410E-011    -0.10591967E-011
     0.73040000E+001    -0.43181289E+000     0.57521421E-011     0.57436611E-011
     0.73120000E+001    -0.40678445E+000     0.12182228E-010     0.12168605E-010
     0.73200000E+001    -0.38008716E+000     0.17865312E-010     0.17847985E-010
     0.73280000E+001    -0.35358464E+000     0.22477038E-010     0.22457059E-010
     0.73360000E+001    -0.32814744E+000     0.25753398E-010     0.25730645E-010
     0.73440000E+001    -0.30359183E+000     0.27506237E-010     0.27480095E-010
     0.73520000E+001    -0.27878115E+000     0.27635046E-010     0.27607511E-010
     0.73600000E+001    -0.25187903E+000     0.26128937E-010     0.26102509E-010
     0.73680000E+001    -0.22071660E+000     0.23068619E-010     0.23045180E-010
     0.73760000E+001    -0.18319713E+000     0.18624936E-010     0.18605378E-010
     0.73840000E+001    -0.13770463E+000     0.13051860E-010     0.13035139E-010
     0.73920000E+001    -0.83463684E-001     0.66760130E-011     0.66629323E-011
     0.74000000E+001    -0.20801532E-001    -0.12671455E-012    -0.13412597E-012
     0.74080000E+001     0.48713170E-001    -0.69570048E-011    -0.69578460E-011
     0.74160000E+001     0.12229941E+000    -0.13415159E-010    -0.13409042E-010
     0.74240000E+001     0.19616062E+000    -0.19125355E-010    -0.19114558E-010
     0.74320000E+001     0.26584002E+000    -0.23752349E-010    -0.23738956E-010
     0.74400000E+001     0.32671783E+000    -0.27019937E-010    -0.27003485E-010
     0.74480000E+001     0.37459145E+000    -0.28730182E-010    -0.28711170E-010
     0.74560000E+001     0.40626705E+000    -0.28771587E-010    -0.28750781E-010
     0.74640000E+001     0.42005782E+000    -0.27126002E-010    -0.27105571E-010
     0.74720000E+001     0.41609039E+000    -0.23869500E-010    -0.23853081E-010
     0.74800000E+001     0.39636239E+000    -0.19168771E-010    -0.19157000E-010
     0.74880000E+001     0.36452768E+000    -0.13282139E-010    -0.13274670E-010
     0.74960000E+001     0.32543670E+000    -0.65505202E-011    -0.65474787E-011
     0.75040000E+001     0.28449730E+000     0.62020339E-012     0.61837450E-012
     0.75120000E+001     0.24694385E+000     0.77827854E-011     0.77741168E-011
     0.75200000E+001     0.21712933E+000     0.14481310E-010     0.14465719E-010
     0.75280000E+001     0.19795145E+000     0.20280502E-010     0.20259979E-010
     0.75360000E+001     0.19048704E+000     0.24795301E-010     0.24772078E-010
     0.75440000E+001     0.19388104E+000     0.27720271E-010     0.27696255E-010
     0.75520000E+001     0.20549025E+000     0.28852274E-010     0.28827136E-010
     0.75600000E+001     0.22125039E+000     0.28108585E-010     0.28082784E-010
     0.75680000E+001     0.23623058E+000     0.25529560E-010     0.25505290E-010
     0.75760000E+001     0.24529535E+000     0.21270645E-010     0.21249791E-010
     0.75840000E+001     0.24378727E+000     0.15591137E-010     0.15575924E-010
     0.75920000E+001     0.22814238E+000     0.88349702E-011     0.88250611E-011
     0.76000000E+001     0.19634940E+000     0.14132620E-011     0.14070858E-011
     0.76080000E+001     0.14821166E+000    -0.62183059E-011    -0.62198189E-011
     0.76160000E+001     0.85374845E-001    -0.13591260E-010    -0.13587510E-010
     0.76240000E+001     0.11114944E-001    -0.20250919E-010    -0.20241509E-010
     0.76320000E+001    -0.70073584E-001    -0.25783949E-010    -0.25769480E-010
     0.76400000E+001    -0.15303198E+000    -0.29843091E-010    -0.29826845E-010
     0.76480000E+001    -0.23253098E+000    -0.32164937E-010    -0.32148418E-010
     0.76560000E+001    -0.30382794E+000    -0.32591851E-010    -0.32574924E-010
     0.76640000E+001    -0.36313574E+000    -0.31086347E-010    -0.31069238E-010
     0.76720000E+001    -0.40795344E+000    -0.27733647E-010    -0.27716863E-010
     0.76800000E+001    -0.43724280E+000    -0.22736203E-010    -0.22722533E-010
     0.76880000E+001    -0.45142433E+000    -0.16394895E-010    -0.16386867E-010
     0.76960000E+001    -0.45219660E+000    -0.90880830E-011    -0.90858866E-011
     0.77040000E+001    -0.44222167E+000    -0.12497661E-011    -0.12528223E-011
     0.77120000E+001    -0.42470711E+000     0.66578914E-011     0.66505980E-011
     0.77200000E+001    -0.40293689E+000     0.14171529E-010     0.14159263E-010
     0.77280000E+001    -0.37980577E+000     0.20855974E-010     0.20837357E-010
     0.77360000E+001    -0.35741046E+000     0.26328688E-010     0.26304444E-010
     0.77440000E+001    -0.33677389E+000     0.30275515E-010     0.30247321E-010
     0.77520000E+001    -0.31774824E+000     0.32466033E-010     0.32436562E-010
     0.77600000E+001    -0.29909930E+000     0.32764922E-010     0.32735753E-010
     0.77680000E+001    -0.27876002E+000     0.31143376E-010     0.31114244E-010
     0.77760000E+001    -0.25420772E+000     0.27687172E-010     0.27659324E-010
     0.77840000E+001    -0.22291226E+000     0.22591701E-010     0.22567074E-010
     0.77920000E+001    -0.18280891E+000     0.16152038E-010     0.16133029E-010
     0.78000000E+001    -0.13272016E+000     0.87455743E-011     0.87340878E-011
     0.78080000E+001    -0.72668137E-001     0.80919331E-012     0.80412091E-012
     0.78160000E+001    -0.40436489E-002    -0.71834685E-011    -0.71828248E-011
     0.78240000E+001     0.70403472E-001    -0.14754588E-010    -0.14747979E-010
     0.78320000E+001     0.14675056E+000    -0.21454734E-010    -0.21442137E-010
     0.78400000E+001     0.22026787E+000    -0.26889419E-010    -0.26870236E-010
     0.78480000E+001     0.28594759E+000    -0.30742989E-010    -0.30719485E-010
     0.78560000E+001     0.33912856E+000    -0.32789789E-010    -0.32765346E-010
     0.78640000E+001     0.37613884E+000    -0.32903600E-010    -0.32879484E-010
     0.78720000E+001     0.39484528E+000    -0.31068539E-010    -0.31046046E-010
     0.78800000E+001     0.39501504E+000    -0.27380108E-010    -0.27359498E-010
     0.78880000E+001     0.37842762E+000    -0.22044319E-010    -0.22026626E-010
     0.78960000E+001     0.34869634E+000    -0.15368337E-010    -0.15356818E-010
     0.79040000E+001     0.31082199E+000    -0.77424098E-011    -0.77383591E-011
     0.79120000E+001     0.27053437E+000     0.37592849E-012     0.37269034E-012
     0.79200000E+001     0.23351800E+000     0.84861201E-011     0.84767330E-011
     0.79280000E+001     0.20464807E+000     0.16075559E-010     0.16061491E-010
     0.79360000E+001     0.18733784E+000     0.22654946E-010     0.22635643E-010
     0.79440000E+001     0.18308724E+000     0.27798587E-010     0.27774093E-010
     0.79520000E+001     0.19128921E+000     0.31174696E-010     0.31146344E-010
     0.79600000E+001     0.20931431E+000     0.32567067E-010     0.32537322E-010
     0.79680000E+001     0.23286896E+000     0.31887258E-010     0.31859345E-010
     0.79760000E+001     0.25657547E+000     0.29176242E-010     0.29150736E-010
     0.79840000E+001     0.27468864E+000     0.24603407E-010     0.24580457E-010
     0.79920000E+001     0.28185498E+000     0.18452742E-010     0.18433365E-010
     0.80000000E+001     0.27381686E+000     0.11100862E-010     0.11085893E-010
     0.80080000E+001     0.24796960E+000     0.29940314E-011     0.29858203E-011
     0.80160000E+001     0.20370021E+000    -0.53811490E-011    -0.53822542E-011
     0.80240000E+001     0.14245265E+000    -0.13521186E-010    -0.13517187E-010
     0.80320000E+001     0.67518068E-001    -0.20929435E-010    -0.20920893E-010
     0.80400000E+001    -0.16398920E-001    -0.27148058E-010    -0.27135704E-010
     0.80480000E+001    -0.10376892E+000    -0.31785208E-010    -0.31769073E-010
     0.80560000E+001    -0.18888280E+000    -0.34542088E-010    -0.34522206E-010
     0.80640000E+001    -0.26647623E+000    -0.35234447E-010    -0.35213732E-010
     0.80720000E+001    -0.33226322E+000    -0.33801424E-010    -0.33782337E-010
     0.80800000E+001    -0.38331181E+000    -0.30313082E-010    -0.30296829E-010
     0.80880000E+001    -0.41824992E+000    -0.24969066E-010    -0.24956168E-010
     0.80960000E+001    -0.43728647E+000    -0.18085761E-010    -0.18075854E-010
     0.81040000E+001    -0.44205828E+000    -0.10076002E-010    -0.10070648E-010
     0.81120000E+001    -0.43532973E+000    -0.14169731E-011    -0.14182290E-011
     0.81200000E+001    -0.42055083E+000     0.73816804E-011     0.73731450E-011
     0.81280000E+001    -0.40133895E+000     0.15806301E-010     0.15790883E-010
     0.81360000E+001    -0.38095347E+000     0.23367317E-010     0.23347046E-010
     0.81440000E+001    -0.36182803E+000     0.29622897E-010     0.29598590E-010
     0.81520000E+001    -0.34524511E+000     0.34204613E-010     0.34175893E-010
     0.81600000E+001    -0.33118312E+000     0.36839210E-010     0.36806857E-010
     0.81680000E+001    -0.31836200E+000     0.37361824E-010     0.37327244E-010
     0.81760000E+001    -0.30449747E+000     0.35726820E-010     0.35693100E-010
     0.81840000E+001    -0.28671103E+000     0.32011235E-010     0.31981003E-010
     0.81920000E+001    -0.26203739E+000     0.26415830E-010     0.26389430E-010
     0.82000000E+001    -0.22794970E+000     0.19261414E-010     0.19239611E-010
     0.82080000E+001    -0.18282211E+000     0.10970112E-010     0.10953718E-010
     0.82160000E+001    -0.12628898E+000     0.20394137E-011     0.20301142E-011
     0.82240000E+001    -0.59457289E-001    -0.69923873E-011    -0.69926172E-011
     0.82320000E+001     0.15066697E-001    -0.15583551E-010    -0.15575865E-010
     0.82400000E+001     0.93348121E-001    -0.23219013E-010    -0.23205074E-010
     0.82480000E+001     0.17049618E+000    -0.29442945E-010    -0.29424200E-010
     0.82560000E+001     0.24120352E+000    -0.33886489E-010    -0.33864438E-010
     0.82640000E+001     0.30038960E+000    -0.36287540E-010    -0.36261966E-010
     0.82720000E+001     0.34387992E+000    -0.36507787E-010    -0.36480570E-010
     0.82800000E+001     0.36901540E+000    -0.34535200E-010    -0.34509793E-010
     0.82880000E+001     0.37508983E+000    -0.30481613E-010    -0.30459954E-010
     0.82960000E+001     0.36352787E+000    -0.24580911E-010    -0.24564864E-010
     0.83040000E+001     0.33774894E+000    -0.17177751E-010    -0.17167341E-010
     0.83120000E+001     0.30274385E+000    -0.87142630E-011    -0.87092184E-011
     0.83200000E+001     0.26441694E+000     0.29281647E-012     0.29072279E-012
     0.83280000E+001     0.22878865E+000     0.92865849E-011     0.92766437E-011
     0.83360000E+001     0.20117585E+000     0.17703524E-010     0.17686059E-010
     0.83440000E+001     0.18545233E+000     0.25011316E-010     0.24988107E-010
     0.83520000E+001     0.18351437E+000     0.30745374E-010     0.30719050E-010
     0.83600000E+001     0.19502363E+000     0.34541343E-010     0.34512638E-010
     0.83680000E+001     0.21745054E+000     0.36164546E-010     0.36134178E-010
     0.83760000E+001     0.24641555E+000     0.35523742E-010     0.35492662E-010
     0.83840000E+001     0.27626583E+000     0.32672962E-010     0.32643168E-010
     0.83920000E+001     0.30082522E+000     0.27801422E-010     0.27776378E-010
     0.84000000E+001     0.31422377E+000     0.21213771E-010     0.21194353E-010
     0.84080000E+001     0.31168089E+000     0.13313114E-010     0.13299168E-010
     0.84160000E+001     0.29013710E+000     0.45771161E-011     0.45687065E-011
     0.84240000E+001     0.24864176E+000    -0.44700977E-011    -0.44734375E-011
     0.84320000E+001     0.18845469E+000    -0.13284845E-010    -0.13281436E-010
     0.84400000E+001     0.11286514E+000    -0.21337243E-010    -0.21326531E-010
     0.84480000E+001     0.26754830E-001    -0.28138225E-010    -0.28122388E-010
     0.84560000E+001    -0.64023047E-001    -0.33263345E-010    -0.33244019E-010
     0.84640000E+001    -0.15334951E+000    -0.36381890E-010    -0.36361090E-010
     0.84720000E+001    -0.23552663E+000    -0.37279552E-010    -0.37258133E-010
     0.84800000E+001    -0.30585420E+000    -0.35877893E-010    -0.35855738E-010
     0.84880000E+001    -0.36104946E+000    -0.32244580E-010    -0.32223903E-010
     0.84960000E+001    -0.39949209E+000    -0.26585973E-010    -0.26569183E-010
     0.85040000E+001    -0.42127633E+000    -0.19233520E-010    -0.19222445E-010
     0.85120000E+001    -0.42807226E+000    -0.10621706E-010    -0.10617179E-010
     0.85200000E+001    -0.42280647E+000    -0.12597671E-011    -0.12609066E-011
     0.85280000E+001    -0.40919435E+000     0.82982442E-011     0.82910486E-011
     0.85360000E+001    -0.39119362E+000     0.17490313E-010     0.17476166E-010
     0.85440000E+001    -0.37243457E+000     0.25779919E-010     0.25758696E-010
     0.85520000E+001    -0.35570036E+000     0.32683867E-010     0.32656242E-010
     0.85600000E+001    -0.34253821E+000     0.37796593E-010     0.37765317E-010
     0.85680000E+001    -0.33305403E+000     0.40807409E-010     0.40774397E-010
     0.85760000E+001    -0.32594284E+000     0.41519880E-010     0.41485561E-010
     0.85840000E+001    -0.31874339E+000     0.39868374E-010     0.39833650E-010
     0.85920000E+001    -0.30826173E+000     0.35925547E-010     0.35891540E-010
     0.86000000E+001    -0.29110609E+000     0.29904010E-010     0.29873769E-010
     0.86080000E+001    -0.26424832E+000     0.22144954E-010     0.22121459E-010
     0.86160000E+001    -0.22554773E+000     0.13100323E-010     0.13084022E-010
     0.86240000E+001    -0.17417482E+000     0.33100483E-011     0.33009191E-011
     0.86320000E+001    -0.11086767E+000    -0.66333104E-011    -0.66360326E-011
     0.86400000E+001    -0.37992393E-001    -0.16123314E-010    -0.16119291E-010
     0.86480000E+001     0.40608377E-001    -0.24582744E-010    -0.24570416E-010
     0.86560000E+001     0.11997228E+000    -0.31504210E-010    -0.31484779E-010
     0.86640000E+001     0.19455295E+000    -0.36476060E-010    -0.36451638E-010
     0.86720000E+001     0.25889225E+000    -0.39204569E-010    -0.39177684E-010
     0.86800000E+001     0.30834626E+000    -0.39528858E-010    -0.39502275E-010
     0.86880000E+001     0.33975171E+000    -0.37428004E-010    -0.37401864E-010
     0.86960000E+001     0.35191893E+000    -0.33027258E-010    -0.33002764E-010
     0.87040000E+001     0.34586002E+000    -0.26589808E-010    -0.26569845E-010
     0.87120000E+001     0.32470541E+000    -0.18500579E-010    -0.18487062E-010
     0.87200000E+001     0.29331595E+000    -0.92485568E-011    -0.92434036E-011
     0.87280000E+001     0.25763263E+000     0.60053087E-012     0.59767578E-012
     0.87360000E+001     0.22385979E+000     0.10433558E-010     0.10424204E-010
     0.87440000E+001     0.19760616E+000     0.19627718E-010     0.19611676E-010
     0.87520000E+001     0.18310328E+000     0.27597752E-010     0.27575072E-010
     0.87600000E+001     0.18262142E+000     0.33838614E-010     0.33809713E-010
     0.87680000E+001     0.19615003E+000     0.37963184E-010     0.37930300E-010
     0.87760000E+001     0.22138073E+000     0.39726372E-010     0.39693078E-010
     0.87840000E+001     0.25400865E+000     0.39036494E-010     0.39004559E-010
     0.87920000E+001     0.28830143E+000     0.35959529E-010     0.35930136E-010
     0.88000000E+001     0.31786932E+000     0.30708449E-010     0.30681787E-010
     0.88080000E+001     0.33652792E+000     0.23625106E-010     0.23601967E-010
     0.88160000E+001     0.33912535E+000     0.15153702E-010     0.15137116E-010
     0.88240000E+001     0.32223524E+000     0.58073194E-011     0.57982031E-011
     0.88320000E+001     0.28460875E+000    -0.38575374E-011    -0.38596937E-011
     0.88400000E+001     0.22732374E+000    -0.13268221E-010    -0.13264352E-010
     0.88480000E+001     0.15361592E+000    -0.21864918E-010    -0.21857014E-010
     0.88560000E+001     0.68420548E-001    -0.29127351E-010    -0.29114873E-010
     0.88640000E+001    -0.22277656E-001    -0.34608905E-010    -0.34591313E-010
     0.88720000E+001    -0.11218131E+000    -0.37964469E-010    -0.37943770E-010
     0.88800000E+001    -0.19539914E+000    -0.38969892E-010    -0.38948280E-010
     0.88880000E+001    -0.26705722E+000    -0.37540325E-010    -0.37520732E-010
     0.88960000E+001    -0.32375269E+000    -0.33737725E-010    -0.33721548E-010
     0.89040000E+001    -0.36380763E+000    -0.27771927E-010    -0.27758591E-010
     0.89120000E+001    -0.38731329E+000    -0.19991281E-010    -0.19981734E-010
     0.89200000E+001    -0.39598411E+000    -0.10855764E-010    -0.10851598E-010
     0.89280000E+001    -0.39283634E+000    -0.90470740E-012    -0.90787114E-012
     0.89360000E+001    -0.38172609E+000     0.92792571E-011     0.92678063E-011
     0.89440000E+001    -0.36679116E+000     0.19104420E-010     0.19086361E-010
     0.89520000E+001    -0.35184791E+000     0.27998827E-010     0.27975363E-010
     0.89600000E+001    -0.33984028E+000     0.35442219E-010     0.35413841E-010
     0.89680000E+001    -0.33242294E+000     0.40994205E-010     0.40961113E-010
     0.89760000E+001    -0.32973245E+000     0.44317910E-010     0.44280430E-010
     0.89840000E+001    -0.33039409E+000     0.45199376E-010     0.45160476E-010
     0.89920000E+001    -0.33174889E+000     0.43557341E-010     0.43520163E-010
     0.90000000E+001    -0.33027427E+000     0.39453025E-010     0.39419294E-010
     0.90080000E+001    -0.32215192E+000     0.33095691E-010     0.33066428E-010
     0.90160000E+001    -0.30387642E+000     0.24837492E-010     0.24812689E-010
     0.90240000E+001    -0.27282799E+000     0.15159084E-010     0.15140605E-010
     0.90320000E+001    -0.22773175E+000     0.46378762E-011     0.46283504E-011
     0.90400000E+001    -0.16894416E+000    -0.60910664E-011    -0.60910316E-011
     0.90480000E+001    -0.98556302E-001    -0.16374725E-010    -0.16365596E-010
     0.90560000E+001    -0.20274552E-001    -0.25586229E-010    -0.25570564E-010
     0.90640000E+001     0.60925409E-001    -0.33163143E-010    -0.33142825E-010
     0.90720000E+001     0.13934176E+000    -0.38644296E-010    -0.38618887E-010
     0.90800000E+001     0.20923775E+000    -0.41701719E-010    -0.41672465E-010
     0.90880000E+001     0.26557672E+000    -0.42155168E-010    -0.42124126E-010
     0.90960000E+001     0.30470801E+000    -0.39980501E-010    -0.39950747E-010
     0.91040000E+001     0.32490339E+000    -0.35309345E-010    -0.35284780E-010
     0.91120000E+001     0.32664274E+000    -0.28420276E-010    -0.28401439E-010
     0.91200000E+001     0.31259399E+000    -0.19730665E-010    -0.19717514E-010
     0.91280000E+001     0.28726802E+000    -0.97749307E-011    -0.97686378E-011
     0.91360000E+001     0.25640016E+000     0.82805084E-012     0.82647228E-012
     0.91440000E+001     0.22615880E+000     0.11411730E-010     0.11400555E-010
     0.91520000E+001     0.20228842E+000     0.21307430E-010     0.21287285E-010
     0.91600000E+001     0.18930571E+000     0.29887337E-010     0.29861062E-010
     0.91680000E+001     0.18985785E+000     0.36607234E-010     0.36576977E-010
     0.91760000E+001     0.20433169E+000     0.41048740E-010     0.41016060E-010
     0.91840000E+001     0.23077810E+000     0.42949179E-010     0.42914208E-010
     0.91920000E+001     0.26516305E+000     0.42219331E-010     0.42183438E-010
     0.92000000E+001     0.30190363E+000     0.38940931E-010     0.38907424E-010
     0.92080000E+001     0.33462366E+000     0.33349555E-010     0.33320830E-010
     0.92160000E+001     0.35702553E+000     0.25813851E-010     0.25791900E-010
     0.92240000E+001     0.36375764E+000     0.16806797E-010     0.16791308E-010
     0.92320000E+001     0.35115475E+000     0.68782627E-011     0.68681329E-011
     0.92400000E+001     0.31772580E+000    -0.33754493E-011    -0.33787020E-011
     0.92480000E+001     0.26432568E+000    -0.13348498E-010    -0.13344252E-010
     0.92560000E+001     0.19399775E+000    -0.22453890E-010    -0.22442483E-010
     0.92640000E+001     0.11152687E+000    -0.30151584E-010    -0.30134247E-010
     0.92720000E+001     0.22796865E-001    -0.35976433E-010    -0.35956550E-010
     0.92800000E+001    -0.65955934E-001    -0.39561585E-010    -0.39540353E-010
     0.92880000E+001    -0.14887493E+000    -0.40667666E-010    -0.40644982E-010
     0.92960000E+001    -0.22110364E+000    -0.39203985E-010    -0.39181099E-010
     0.93040000E+001    -0.27923711E+000    -0.35235747E-010    -0.35214356E-010
     0.93120000E+001    -0.32156450E+000    -0.28982756E-010    -0.28966222E-010
     0.93200000E+001    -0.34812051E+000    -0.20803081E-010    -0.20793704E-010
     0.93280000E+001    -0.36055414E+000    -0.11170991E-010    -0.11168319E-010
     0.93360000E+001    -0.36181825E+000    -0.64994225E-012    -0.65356189E-012
     0.93440000E+001    -0.35571659E+000     0.10144723E-010     0.10134989E-010
     0.93520000E+001    -0.34633979E+000     0.20583417E-010     0.20566339E-010
     0.93600000E+001    -0.33746477E+000     0.30060608E-010     0.30034942E-010
     0.93680000E+001    -0.33200491E+000     0.38027587E-010     0.37995007E-010
     0.93760000E+001    -0.33157306E+000     0.44015662E-010     0.43978644E-010
     0.93840000E+001    -0.33623198E+000     0.47660050E-010     0.47621115E-010
     0.93920000E+001    -0.34447820E+000     0.48720463E-010     0.48681041E-010
     0.94000000E+001    -0.35346457E+000     0.47099113E-010     0.47059217E-010
     0.94080000E+001    -0.35944005E+000     0.42854461E-010     0.42816106E-010
     0.94160000E+001    -0.35832847E+000     0.36201010E-010     0.36167180E-010
     0.94240000E+001    -0.34634963E+000     0.27502470E-010     0.27475824E-010
     0.94320000E+001    -0.32060784E+000     0.17255911E-010     0.17238130E-010
     0.94400000E+001    -0.27957127E+000     0.60645124E-011     0.60546760E-011
     0.94480000E+001    -0.22338519E+000    -0.53964365E-011    -0.53985013E-011
     0.94560000E+001    -0.15398605E+000    -0.16427275E-010    -0.16420743E-010
     0.94640000E+001    -0.74985004E-001    -0.26354208E-010    -0.26339150E-010
     0.94720000E+001     0.86642842E-002    -0.34572881E-010    -0.34549644E-010
     0.94800000E+001     0.91183079E-001    -0.40587591E-010    -0.40559286E-010
     0.94880000E+001     0.16663270E+000    -0.44036354E-010    -0.44006594E-010
     0.94960000E+001     0.22964653E+000    -0.44710407E-010    -0.44680272E-010
     0.95040000E+001     0.27614098E+000    -0.42570264E-010    -0.42541313E-010
     0.95120000E+001     0.30388907E+000    -0.37746286E-010    -0.37719850E-010
     0.95200000E+001     0.31285069E+000    -0.30532664E-010    -0.30510856E-010
     0.95280000E+001     0.30520818E+000    -0.21370975E-010    -0.21357592E-010
     0.95360000E+001     0.28508497E+000    -0.10822950E-010    -0.10818911E-010
     0.95440000E+001     0.25798828E+000     0.45603059E-012     0.45152114E-012
     0.95520000E+001     0.23004947E+000     0.11754328E-010     0.11742128E-010
     0.95600000E+001     0.20716094E+000     0.22350928E-010     0.22332001E-010
     0.95680000E+001     0.19414515E+000     0.31565473E-010     0.31539117E-010
     0.95760000E+001     0.19406662E+000     0.38811967E-010     0.38778726E-010
     0.95840000E+001     0.20778640E+000     0.43640468E-010     0.43602947E-010
     0.95920000E+001     0.23382438E+000     0.45766170E-010     0.45727516E-010
     0.96000000E+001     0.26854307E+000     0.45086283E-010     0.45049656E-010
     0.96080000E+001     0.30664028E+000     0.41680203E-010     0.41646200E-010
     0.96160000E+001     0.34188315E+000     0.35800145E-010     0.35769259E-010
     0.96240000E+001     0.36797485E+000     0.27845726E-010     0.27819888E-010
     0.96320000E+001     0.37942970E+000     0.18328599E-010     0.18309319E-010
     0.96400000E+001     0.37232429E+000     0.78385691E-011     0.78279994E-011
     0.96480000E+001     0.34481560E+000    -0.29934204E-011    -0.29954537E-011
     0.96560000E+001     0.29735853E+000    -0.13525524E-010    -0.13521324E-010
     0.96640000E+001     0.23259532E+000    -0.23133815E-010    -0.23123669E-010
     0.96720000E+001     0.15494734E+000    -0.31247987E-010    -0.31232361E-010
     0.96800000E+001     0.69994146E-001    -0.37380610E-010    -0.37360002E-010
     0.96880000E+001    -0.16254743E-001    -0.41155083E-010    -0.41130424E-010
     0.96960000E+001    -0.98074506E-001    -0.42329696E-010    -0.42304732E-010
     0.97040000E+001    -0.17063893E+000    -0.40810741E-010    -0.40788085E-010
     0.97120000E+001    -0.23048471E+000    -0.36664760E-010    -0.36645342E-010
     0.97200000E+001    -0.27578375E+000    -0.30120118E-010    -0.30104761E-010
     0.97280000E+001    -0.30642145E+000    -0.21553411E-010    -0.21542455E-010
     0.97360000E+001    -0.32387556E+000    -0.11465938E-010    -0.11461577E-010
     0.97440000E+001    -0.33091039E+000    -0.44657992E-012    -0.45092321E-012
     0.97520000E+001    -0.33113743E+000     0.10866149E-010     0.10853221E-010
     0.97600000E+001    -0.32846807E+000     0.21819170E-010     0.21798575E-010
     0.97680000E+001    -0.32652424E+000     0.31781290E-010     0.31754918E-010
     0.97760000E+001    -0.32808336E+000     0.40174892E-010     0.40143376E-010
     0.97840000E+001    -0.33462899E+000     0.46507869E-010     0.46470867E-010
     0.97920000E+001    -0.34610688E+000     0.50400561E-010     0.50359646E-010
     0.98000000E+001    -0.36091798E+000     0.51602615E-010     0.51560167E-010
     0.98080000E+001    -0.37614245E+000     0.50008476E-010     0.49967712E-010
     0.98160000E+001    -0.38796923E+000     0.45667189E-010     0.45630515E-010
     0.98240000E+001    -0.39225230E+000     0.38788315E-010     0.38755966E-010
     0.98320000E+001    -0.38512629E+000     0.29741677E-010     0.29714757E-010
     0.98400000E+001    -0.36359714E+000     0.19039239E-010     0.19019413E-010
     0.98480000E+001    -0.32601483E+000     0.73060948E-011     0.72953797E-011
     0.98560000E+001    -0.27238236E+000    -0.47590055E-011    -0.47589681E-011
     0.98640000E+001    -0.20447120E+000    -0.16430189E-010    -0.16420899E-010
     0.98720000E+001    -0.12573299E+000    -0.26998282E-010    -0.26981482E-010
     0.98800000E+001    -0.41013992E-001    -0.35818924E-010    -0.35795733E-010
     0.98880000E+001     0.43929196E-001    -0.42356253E-010    -0.42328095E-010
     0.98960000E+001     0.12307480E+000    -0.46215087E-010    -0.46182387E-010
     0.99040000E+001     0.19086269E+000    -0.47166025E-010    -0.47131534E-010
     0.99120000E+001     0.24290905E+000    -0.45153737E-010    -0.45121559E-010
     0.99200000E+001     0.27659689E+000    -0.40297608E-010    -0.40269773E-010
     0.99280000E+001     0.29145363E+000    -0.32890266E-010    -0.32868698E-010
     0.99360000E+001     0.28925131E+000    -0.23382512E-010    -0.23367871E-010
     0.99440000E+001     0.27378519E+000    -0.12361605E-010    -0.12354404E-010
     0.99520000E+001     0.25035887E+000    -0.51819421E-012    -0.52082596E-012
     0.99600000E+001     0.22504218E+000     0.11399480E-010     0.11386463E-010
     0.99680000E+001     0.20381215E+000     0.22630943E-010     0.22608633E-010
     0.99760000E+001     0.19171524E+000     0.32454506E-010     0.32424974E-010
     0.99840000E+001     0.19215042E+000     0.40239682E-010     0.40205646E-010
     0.99920000E+001     0.20637905E+000     0.45494316E-010     0.45456668E-010
     0.10000000E+002     0.23333226E+000     0.47905204E-010     0.47865169E-010
     0.10008000E+002     0.26973772E+000     0.47357145E-010     0.47316870E-010
     0.10016000E+002     0.31056879E+000     0.43932848E-010     0.43895106E-010
     0.10024000E+002     0.34973776E+000     0.37897056E-010     0.37865349E-010
     0.10032000E+002     0.38093264E+000     0.29667009E-010     0.29642031E-010
     0.10040000E+002     0.39848526E+000     0.19782588E-010     0.19764108E-010
     0.10048000E+002     0.39813682E+000     0.88690200E-011     0.88576229E-011
     0.10056000E+002     0.37760213E+000    -0.24044786E-011    -0.24087902E-011
     0.10064000E+002     0.33684413E+000    -0.13360960E-010    -0.13356807E-010
     0.10072000E+002     0.27801898E+000    -0.23353925E-010    -0.23341560E-010
     0.10080000E+002     0.20512279E+000    -0.31796700E-010    -0.31779081E-010
     0.10088000E+002     0.12341131E+000    -0.38186827E-010    -0.38165618E-010
     0.10096000E+002     0.38701770E-001    -0.42136224E-010    -0.42113044E-010
     0.10104000E+002    -0.43339055E-001    -0.43394690E-010    -0.43370438E-010
     0.10112000E+002    -0.11783466E+000    -0.41869241E-010    -0.41844352E-010
     0.10120000E+002    -0.18118934E+000    -0.37634618E-010    -0.37612164E-010
     0.10128000E+002    -0.23138500E+000    -0.30926328E-010    -0.30909110E-010
     0.10136000E+002    -0.26806941E+000    -0.22127931E-010    -0.22117487E-010
     0.10144000E+002    -0.29244417E+000    -0.11748754E-010    -0.11745784E-010
     0.10152000E+002    -0.30698233E+000    -0.39171114E-012    -0.39547657E-012
     0.10160000E+002    -0.31500143E+000     0.11282621E-010     0.11271403E-010
     0.10168000E+002    -0.32012644E+000     0.22599593E-010     0.22579829E-010
     0.10176000E+002    -0.32571511E+000     0.32909857E-010     0.32881916E-010
     0.10184000E+002    -0.33432144E+000     0.41621175E-010     0.41586194E-010
     0.10192000E+002    -0.34728072E+000     0.48227345E-010     0.48188101E-010
     0.10200000E+002    -0.36448396E+000     0.52330343E-010     0.52288745E-010
     0.10208000E+002    -0.38435832E+000     0.53663499E-010     0.53620095E-010
     0.10216000E+002    -0.40406835E+000     0.52111345E-010     0.52067837E-010
     0.10224000E+002    -0.41991216E+000     0.47719008E-010     0.47677605E-010
     0.10232000E+002    -0.42784647E+000     0.40696518E-010     0.40660591E-010
     0.10240000E+002    -0.42407454E+000     0.31412253E-010     0.31384556E-010
     0.10248000E+002    -0.40560079E+000     0.20378694E-010     0.20359313E-010
     0.10256000E+002    -0.37068894E+000     0.82304112E-011     0.82194037E-011
     0.10264000E+002    -0.31918649E+000    -0.43149523E-011    -0.43175183E-011
     0.10272000E+002    -0.25267084E+000    -0.16503684E-010    -0.16496989E-010
     0.10280000E+002    -0.17440165E+000    -0.27598452E-010    -0.27581340E-010
     0.10288000E+002    -0.89064590E-001    -0.36929486E-010    -0.36904070E-010
     0.10296000E+002    -0.23145478E-002    -0.43932631E-010    -0.43901914E-010
     0.10304000E+002     0.79835448E-001    -0.48183714E-010    -0.48150336E-010
     0.10312000E+002     0.15172361E+000    -0.49424746E-010    -0.49391261E-010
     0.10320000E+002     0.20875805E+000    -0.47578318E-010    -0.47545150E-010
     0.10328000E+002     0.24803538E+000    -0.42756486E-010    -0.42725603E-010
     0.10336000E+002     0.26875463E+000    -0.35252432E-010    -0.35227612E-010
     0.10344000E+002     0.27234345E+000    -0.25522159E-010    -0.25505577E-010
     0.10352000E+002     0.26226666E+000    -0.14163635E-010    -0.14156988E-010
     0.10360000E+002     0.24354719E+000    -0.18834312E-011    -0.18863697E-011
     0.10368000E+002     0.22206347E+000     0.10542194E-010     0.10530932E-010
     0.10376000E+002     0.20372297E+000     0.22316379E-010     0.22296172E-010
     0.10384000E+002     0.19363159E+000     0.32681886E-010     0.32652963E-010
     0.10392000E+002     0.19536920E+000     0.40976020E-010     0.40939738E-010
     0.10400000E+002     0.21048069E+000     0.46680060E-010     0.46639291E-010
     0.10408000E+002     0.23825023E+000     0.49455686E-010     0.49414280E-010
     0.10416000E+002     0.27577975E+000     0.49164749E-010     0.49124403E-010
     0.10424000E+002     0.31837281E+000     0.45876781E-010     0.45838747E-010
     0.10432000E+002     0.36016378E+000     0.39855229E-010     0.39820701E-010
     0.10440000E+002     0.39491549E+000     0.31529602E-010     0.31500352E-010
     0.10448000E+002     0.41687822E+000     0.21457967E-010     0.21437351E-010
     0.10456000E+002     0.42157051E+000     0.10282481E-010     0.10271141E-010
     0.10464000E+002     0.40637565E+000    -0.13070851E-011    -0.13102237E-011
     0.10472000E+002     0.37086006E+000    -0.12610137E-010    -0.12605929E-010
     0.10480000E+002     0.31677475E+000    -0.22952884E-010    -0.22942835E-010
     0.10488000E+002     0.24775954E+000    -0.31720512E-010    -0.31704017E-010
     0.10496000E+002     0.16879735E+000    -0.38392430E-010    -0.38369529E-010
     0.10504000E+002     0.85524504E-001    -0.42569159E-010    -0.42542880E-010
     0.10512000E+002     0.35088629E-002    -0.43990864E-010    -0.43963911E-010
     0.10520000E+002    -0.72397758E-001    -0.42556748E-010    -0.42531857E-010
     0.10528000E+002    -0.13854719E+000    -0.38334032E-010    -0.38312429E-010
     0.10536000E+002    -0.19279646E+000    -0.31559076E-010    -0.31540469E-010
     0.10544000E+002    -0.23460520E+000    -0.22626588E-010    -0.22612846E-010
     0.10552000E+002    -0.26493139E+000    -0.12059952E-010    -0.12053361E-010
     0.10560000E+002    -0.28595361E+000    -0.47667984E-012    -0.47897621E-012
     0.10568000E+002    -0.30064826E+000     0.11450470E-010     0.11438803E-010
     0.10576000E+002    -0.31228686E+000     0.23033059E-010     0.23013945E-010
     0.10584000E+002    -0.32391885E+000     0.33601878E-010     0.33576199E-010
     0.10592000E+002    -0.33788585E+000     0.42545067E-010     0.42512780E-010
     0.10600000E+002    -0.35543587E+000     0.49340781E-010     0.49302420E-010
     0.10608000E+002    -0.37649297E+000     0.53582104E-010     0.53538826E-010
     0.10616000E+002    -0.39961704E+000     0.54998063E-010     0.54953422E-010
     0.10624000E+002    -0.42218017E+000     0.53465981E-010     0.53423253E-010
     0.10632000E+002    -0.44071707E+000     0.49023698E-010     0.48984211E-010
     0.10640000E+002    -0.45139161E+000     0.41878335E-010     0.41843217E-010
     0.10648000E+002    -0.45053315E+000     0.32402433E-010     0.32372604E-010
     0.10656000E+002    -0.43516391E+000     0.21119880E-010     0.21097901E-010
     0.10664000E+002    -0.40346779E+000     0.86757337E-011     0.86643639E-011
     0.10672000E+002    -0.35514053E+000    -0.42032753E-011    -0.42039561E-011
     0.10680000E+002    -0.29155451E+000    -0.16751351E-010    -0.16742343E-010
     0.10688000E+002    -0.21573337E+000    -0.28214069E-010    -0.28197515E-010
     0.10696000E+002    -0.13212093E+000    -0.37897212E-010    -0.37874372E-010
     0.10704000E+002    -0.46155792E-001    -0.45213744E-010    -0.45184201E-010
     0.10712000E+002     0.36309385E-001    -0.49724105E-010    -0.49689876E-010
     0.10720000E+002     0.10970419E+000    -0.51157902E-010    -0.51122147E-010
     0.10728000E+002     0.16944478E+000    -0.49427711E-010    -0.49393853E-010
     0.10736000E+002     0.21253568E+000    -0.44633894E-010    -0.44605437E-010
     0.10744000E+002     0.23797361E+000    -0.37059234E-010    -0.37036469E-010
     0.10752000E+002     0.24687701E+000    -0.27160877E-010    -0.27144206E-010
     0.10760000E+002     0.24233162E+000    -0.15546018E-010    -0.15537622E-010
     0.10768000E+002     0.22896330E+000    -0.29349390E-011    -0.29362938E-011
     0.10776000E+002     0.21229073E+000     0.98804386E-011     0.98679735E-011
     0.10784000E+002     0.19795521E+000     0.22088444E-010     0.22066058E-010
     0.10792000E+002     0.19093076E+000     0.32909906E-010     0.32880676E-010
     0.10800000E+002     0.19483122E+000     0.41652626E-010     0.41618068E-010
     0.10808000E+002     0.21140317E+000     0.47767497E-010     0.47728731E-010
     0.10816000E+002     0.24025984E+000     0.50890016E-010     0.50847790E-010
     0.10824000E+002     0.27889689E+000     0.50865919E-010     0.50822506E-010
     0.10832000E+002     0.32299990E+000     0.47754023E-010     0.47713567E-010
     0.10840000E+002     0.36701223E+000     0.41809481E-010     0.41774442E-010
     0.10848000E+002     0.40489246E+000     0.33459576E-010     0.33431444E-010
     0.10856000E+002     0.43094434E+000     0.23267656E-010     0.23246391E-010
     0.10864000E+002     0.44059165E+000     0.11893530E-010     0.11878797E-010
     0.10872000E+002     0.43099105E+000     0.51220885E-013     0.45153296E-013
     0.10880000E+002     0.40138757E+000    -0.11537678E-010    -0.11534460E-010
     0.10888000E+002     0.35316331E+000    -0.22179983E-010    -0.22168601E-010
     0.10896000E+002     0.28957643E+000    -0.31243750E-010    -0.31225937E-010
     0.10904000E+002     0.21523953E+000    -0.38190209E-010    -0.38169141E-010
     0.10912000E+002     0.13545372E+000    -0.42599688E-010    -0.42576191E-010
     0.10920000E+002     0.55511470E-001    -0.44200710E-010    -0.44174838E-010
     0.10928000E+002    -0.19926063E-001    -0.42889539E-010    -0.42863522E-010
     0.10936000E+002    -0.87301357E-001    -0.38735338E-010    -0.38711729E-010
     0.10944000E+002    -0.14445287E+000    -0.31978239E-010    -0.31960444E-010
     0.10952000E+002    -0.19069692E+000    -0.23013145E-010    -0.23002937E-010
     0.10960000E+002    -0.22672046E+000    -0.12366821E-010    -0.12363303E-010
     0.10968000E+002    -0.25432303E+000    -0.66793997E-012    -0.67118235E-012
     0.10976000E+002    -0.27604108E+000     0.11395681E-010     0.11385067E-010
     0.10984000E+002    -0.29471273E+000     0.23119873E-010     0.23100638E-010
     0.10992000E+002    -0.31301202E+000     0.33825968E-010     0.33797480E-010
     0.11000000E+002    -0.33300361E+000     0.42896745E-010     0.42861549E-010
     0.11008000E+002    -0.35579063E+000     0.49802156E-010     0.49762931E-010
     0.11016000E+002    -0.38129493E+000     0.54126170E-010     0.54084690E-010
     0.11024000E+002    -0.40821053E+000     0.55589877E-010     0.55547203E-010
     0.11032000E+002    -0.43413616E+000     0.54069019E-010     0.54025507E-010
     0.11040000E+002    -0.45586214E+000     0.49606666E-010     0.49565005E-010
     0.11048000E+002    -0.46979165E+000     0.42412935E-010     0.42376706E-010
     0.11056000E+002    -0.47244142E+000     0.32859403E-010     0.32830935E-010
     0.11064000E+002    -0.46094895E+000     0.21466852E-010     0.21447301E-010
     0.11072000E+002    -0.43352257E+000     0.88803275E-011     0.88689892E-011
     0.11080000E+002    -0.38976951E+000    -0.41653216E-011    -0.41680760E-011
     0.11088000E+002    -0.33086351E+000    -0.16894790E-010    -0.16887547E-010
     0.11096000E+002    -0.25953616E+000    -0.28546118E-010    -0.28528940E-010
     0.11104000E+002    -0.17987025E+000    -0.38418768E-010    -0.38392607E-010
     0.11112000E+002    -0.96905170E-001    -0.45918682E-010    -0.45886850E-010
     0.11120000E+002    -0.16093743E-001    -0.50591781E-010    -0.50557661E-010
     0.11128000E+002     0.57332657E-001    -0.52151412E-010    -0.52115917E-010
     0.11136000E+002     0.11899676E+000    -0.50500092E-010    -0.50465100E-010
     0.11144000E+002     0.16592434E+000    -0.45733249E-010    -0.45701042E-010
     0.11152000E+002     0.19692903E+000    -0.38134406E-010    -0.38107839E-010
     0.11160000E+002     0.21275970E+000    -0.28160159E-010    -0.28143092E-010
     0.11168000E+002     0.21598983E+000    -0.16413696E-010    -0.16406699E-010
     0.11176000E+002     0.21065143E+000    -0.36170153E-011    -0.36192281E-011
     0.11184000E+002     0.20167062E+000     0.94304034E-011     0.94191043E-011
     0.11192000E+002     0.19418826E+000     0.21904820E-010     0.21884783E-010
     0.11200000E+002     0.19284074E+000     0.33014225E-010     0.32984804E-010
     0.11208000E+002     0.20110270E+000     0.42058395E-010     0.42020848E-010
     0.11216000E+002     0.22077147E+000     0.48478372E-010     0.48436379E-010
     0.11224000E+002     0.25166961E+000     0.51894284E-010     0.51851122E-010
     0.11232000E+002     0.29162435E+000     0.52132514E-010     0.52090915E-010
     0.11240000E+002     0.33672176E+000     0.49232930E-010     0.49193524E-010
     0.11248000E+002     0.38181369E+000     0.43440982E-010     0.43404582E-010
     0.11256000E+002     0.42121176E+000     0.35180318E-010     0.35149662E-010
     0.11264000E+002     0.44946823E+000     0.25012176E-010     0.24989229E-010
     0.11272000E+002     0.46213269E+000     0.13595598E-010     0.13582067E-010
     0.11280000E+002     0.45635610E+000     0.16443074E-011     0.16397395E-011
     0.11288000E+002     0.43124229E+000    -0.10111779E-010    -0.10109550E-010
     0.11296000E+002     0.38790176E+000    -0.20963449E-010    -0.20954311E-010
     0.11304000E+002     0.32921522E+000    -0.30264229E-010    -0.30248382E-010
     0.11312000E+002     0.25936478E+000    -0.37462993E-010    -0.37441332E-010
     0.11320000E+002     0.18322447E+000    -0.42132263E-010    -0.42106246E-010
     0.11328000E+002     0.10570901E+000    -0.43992247E-010    -0.43965687E-010
     0.11336000E+002     0.31187102E-001    -0.42924154E-010    -0.42899230E-010
     0.11344000E+002    -0.36959028E-001    -0.38983109E-010    -0.38960418E-010
     0.11352000E+002    -0.96594240E-001    -0.32399378E-010    -0.32380213E-010
     0.11360000E+002    -0.14690305E+000    -0.23562769E-010    -0.23548278E-010
     0.11368000E+002    -0.18830452E+000    -0.12998350E-010    -0.12991298E-010
     0.11376000E+002    -0.22223360E+000    -0.13292450E-011    -0.13317310E-011
     0.11384000E+002    -0.25080742E+000     0.10761683E-010     0.10750342E-010
     0.11392000E+002    -0.27642868E+000     0.22568154E-010     0.22548869E-010
     0.11400000E+002    -0.30136313E+000     0.33401678E-010     0.33375705E-010
     0.11408000E+002    -0.32734903E+000     0.42628479E-010     0.42596064E-010
     0.11416000E+002    -0.35529060E+000     0.49704290E-010     0.49665064E-010
     0.11424000E+002    -0.38505277E+000     0.54203591E-010     0.54159773E-010
     0.11432000E+002    -0.41540619E+000     0.55837309E-010     0.55791983E-010
     0.11440000E+002    -0.44413590E+000     0.54469326E-010     0.54425528E-010
     0.11448000E+002    -0.46830159E+000     0.50128549E-010     0.50088439E-010
     0.11456000E+002    -0.48462805E+000     0.43014876E-010     0.42978796E-010
     0.11464000E+002    -0.48994761E+000     0.33498201E-010     0.33467710E-010
     0.11472000E+002    -0.48164282E+000     0.22100583E-010     0.22078093E-010
     0.11480000E+002    -0.45804608E+000     0.94681112E-011     0.94556578E-011
     0.11488000E+002    -0.41873829E+000    -0.36660128E-011    -0.36673394E-011
     0.11496000E+002    -0.36471714E+000    -0.16526701E-010    -0.16518601E-010
     0.11504000E+002    -0.29839411E+000    -0.28343210E-010    -0.28327208E-010
     0.11512000E+002    -0.22340747E+000    -0.38401478E-010    -0.38378114E-010
     0.11520000E+002    -0.14428138E+000    -0.46093097E-010    -0.46063570E-010
     0.11528000E+002    -0.65958745E-001    -0.50952500E-010    -0.50917804E-010
     0.11536000E+002     0.67434315E-002    -0.52686386E-010    -0.52649824E-010
     0.11544000E+002     0.69695654E-001    -0.51186960E-010    -0.51152720E-010
     0.11552000E+002     0.11996748E+000    -0.46536985E-010    -0.46506745E-010
     0.11560000E+002     0.15619691E+000    -0.39011026E-010    -0.38986500E-010
     0.11568000E+002     0.17875256E+000    -0.29060493E-010    -0.29042836E-010
     0.11576000E+002     0.18966721E+000    -0.17290282E-010    -0.17280713E-010
     0.11584000E+002     0.19234397E+000    -0.44244097E-011    -0.44257421E-011
     0.11592000E+002     0.19108203E+000     0.87410667E-011     0.87284937E-011
     0.11600000E+002     0.19047511E+000     0.21384276E-010     0.21361980E-010
     0.11608000E+002     0.19474978E+000     0.32710702E-010     0.32680466E-010
     0.11616000E+002     0.20714883E+000     0.42010292E-010     0.41974383E-010
     0.11624000E+002     0.22943813E+000     0.48708827E-010     0.48667903E-010
     0.11632000E+002     0.26161191E+000     0.52413626E-010     0.52369133E-010
     0.11640000E+002     0.30184437E+000     0.52938624E-010     0.52893668E-010
     0.11648000E+002     0.34668511E+000     0.50309407E-010     0.50267116E-010
     0.11656000E+002     0.39149921E+000     0.44753661E-010     0.44717239E-010
     0.11664000E+002     0.43109287E+000     0.36675471E-010     0.36645570E-010
     0.11672000E+002     0.46042825E+000     0.26624477E-010     0.26601041E-010
     0.11680000E+002     0.47532237E+000     0.15255703E-010     0.15240090E-010
     0.11688000E+002     0.47300346E+000     0.32832186E-011     0.32761118E-011
     0.11696000E+002     0.45245082E+000    -0.85608065E-011    -0.85583304E-011
     0.11704000E+002     0.41447487E+000    -0.19567533E-010    -0.19556306E-010
     0.11712000E+002     0.36152935E+000    -0.29085465E-010    -0.29068711E-010
     0.11720000E+002     0.29730454E+000    -0.36550139E-010    -0.36529208E-010
     0.11728000E+002     0.22617328E+000    -0.41518435E-010    -0.41494443E-010
     0.11736000E+002     0.15259821E+000    -0.43693829E-010    -0.43667755E-010
     0.11744000E+002     0.80599716E-001    -0.42945030E-010    -0.42917917E-010
     0.11752000E+002     0.13346498E-001    -0.39315699E-010    -0.39291264E-010
     0.11760000E+002    -0.47092878E-001    -0.33017994E-010    -0.32999019E-010
     0.11768000E+002    -0.99836023E-001    -0.24422268E-010    -0.24409772E-010
     0.11776000E+002    -0.14511701E+000    -0.14036862E-010    -0.14031525E-010
     0.11784000E+002    -0.18407747E+000    -0.24758745E-011    -0.24773338E-011
     0.11792000E+002    -0.21846229E+000     0.95770925E-011     0.95676188E-011
     0.11800000E+002    -0.25026191E+000     0.21413810E-010     0.21394956E-010
     0.11808000E+002    -0.28134087E+000     0.32342936E-010     0.32315564E-010
     0.11816000E+002    -0.31309799E+000     0.41723992E-010     0.41689516E-010
     0.11824000E+002    -0.34618981E+000     0.49000929E-010     0.48961761E-010
     0.11832000E+002    -0.38035728E+000     0.53729211E-010     0.53687002E-010
     0.11840000E+002    -0.41439420E+000     0.55601468E-010     0.55556696E-010
     0.11848000E+002    -0.44625178E+000     0.54468800E-010     0.54423673E-010
     0.11856000E+002    -0.47326959E+000     0.50349618E-010     0.50307050E-010
     0.11864000E+002    -0.49250287E+000     0.43433273E-010     0.43396460E-010
     0.11872000E+002    -0.50109721E+000     0.34074883E-010     0.34046097E-010
     0.11880000E+002    -0.49668318E+000     0.22781881E-010     0.22761055E-010
     0.11888000E+002    -0.47773123E+000     0.10192873E-010     0.10180459E-010
     0.11896000E+002    -0.44381487E+000    -0.29601424E-011    -0.29632117E-011
     0.11904000E+002    -0.39575777E+000    -0.15898205E-010    -0.15890920E-010
     0.11912000E+002    -0.33563382E+000    -0.27846587E-010    -0.27828419E-010
     0.11920000E+002    -0.26662638E+000    -0.38086389E-010    -0.38060033E-010
     0.11928000E+002    -0.19274999E+000    -0.45996344E-010    -0.45964876E-010
     0.11936000E+002    -0.11844202E+000    -0.51092559E-010    -0.51057984E-010
     0.11944000E+002    -0.48076537E-001    -0.53061030E-010    -0.53025412E-010
     0.11952000E+002     0.14542238E-001    -0.51776516E-010    -0.51740664E-010
     0.11960000E+002     0.66632893E-001    -0.47313221E-010    -0.47279790E-010
     0.11968000E+002     0.10676771E+000    -0.39938043E-010    -0.39911215E-010
     0.11976000E+002     0.13504100E+000    -0.30093399E-010    -0.30075038E-010
     0.11984000E+002     0.15303932E+000    -0.18377176E-010    -0.18368429E-010
     0.11992000E+002     0.16360575E+000    -0.55088711E-011    -0.55094845E-011
     0.12000000E+002     0.17042737E+000     0.77117261E-011     0.77024945E-011
     0.12008000E+002     0.17750040E+000     0.20455136E-010     0.20436073E-010
     0.12016000E+002     0.18854897E+000     0.31922722E-010     0.31894051E-010
     0.12024000E+002     0.20647577E+000     0.41400775E-010     0.41364351E-010
     0.12032000E+002     0.23290764E+000     0.48310293E-010     0.48268872E-010
     0.12040000E+002     0.26790379E+000     0.52247888E-010     0.52204911E-010
     0.12048000E+002     0.30988036E+000     0.53011679E-010     0.52968479E-010
     0.12056000E+002     0.35576788E+000     0.50615374E-010     0.50573207E-010
     0.12064000E+002     0.40139514E+000     0.45279444E-010     0.45240440E-010
     0.12072000E+002     0.44203840E+000     0.37404765E-010     0.37371267E-010
     0.12080000E+002     0.47305705E+000     0.27536424E-010     0.27511548E-010
     0.12088000E+002     0.49053029E+000     0.16319335E-010     0.16303427E-010
     0.12096000E+002     0.49178394E+000     0.44596148E-011     0.44515216E-011
     0.12104000E+002     0.47572847E+000    -0.73154546E-011    -0.73158591E-011
     0.12112000E+002     0.44295016E+000    -0.18300064E-010    -0.18293368E-010
     0.12120000E+002     0.39554812E+000    -0.27845652E-010    -0.27831255E-010
     0.12128000E+002     0.33677468E+000    -0.35397190E-010    -0.35375836E-010
     0.12136000E+002     0.27054386E+000    -0.40520106E-010    -0.40495502E-010
     0.12144000E+002     0.20090099E+000    -0.42918043E-010    -0.42892714E-010
     0.12152000E+002     0.13153092E+000    -0.42452301E-010    -0.42428217E-010
     0.12160000E+002     0.65365192E-001    -0.39150982E-010    -0.39129057E-010
     0.12168000E+002     0.43471808E-002    -0.33209819E-010    -0.33190149E-010
     0.12176000E+002    -0.50641647E-001    -0.24982839E-010    -0.24968176E-010
     0.12184000E+002    -0.99705501E-001    -0.14955595E-010    -0.14948579E-010
     0.12192000E+002    -0.14373865E+000    -0.37156454E-011    -0.37173979E-011
     0.12200000E+002    -0.18415765E+000     0.80804839E-011     0.80699028E-011
     0.12208000E+002    -0.22257879E+000     0.19744709E-010     0.19727130E-010
     0.12216000E+002    -0.26048038E+000     0.30592984E-010     0.30568799E-010
     0.12224000E+002    -0.29890011E+000     0.39985959E-010     0.39954570E-010
     0.12232000E+002    -0.33819934E+000     0.47365203E-010     0.47327465E-010
     0.12240000E+002    -0.37793438E+000     0.52280235E-010     0.52237837E-010
     0.12248000E+002    -0.41684412E+000     0.54412271E-010     0.54368610E-010
     0.12256000E+002    -0.45294302E+000     0.53590311E-010     0.53548155E-010
     0.12264000E+002    -0.48372783E+000     0.49805842E-010     0.49765956E-010
     0.12272000E+002    -0.50647295E+000     0.43222882E-010     0.43186543E-010
     0.12280000E+002    -0.51857217E+000     0.34174053E-010     0.34142999E-010
     0.12288000E+002    -0.51788977E+000     0.23147200E-010     0.23124321E-010
     0.12296000E+002    -0.50305763E+000     0.10759052E-010     0.10746824E-010
     0.12304000E+002    -0.47369511E+000    -0.22790133E-011    -0.22810360E-011
     0.12312000E+002    -0.43053906E+000    -0.15199108E-010    -0.15191956E-010
     0.12320000E+002    -0.37544740E+000    -0.27225925E-010    -0.27210782E-010
     0.12328000E+002    -0.31127735E+000    -0.37627538E-010    -0.37604835E-010
     0.12336000E+002    -0.24163098E+000    -0.45765188E-010    -0.45734490E-010
     0.12344000E+002    -0.17049104E+000    -0.51137686E-010    -0.51101603E-010
     0.12352000E+002    -0.10180762E+000    -0.53408831E-010    -0.53371227E-010
     0.12360000E+002    -0.39065144E-001    -0.52428109E-010    -0.52392220E-010
     0.12368000E+002     0.15112609E-001    -0.48243110E-010    -0.48211816E-010
     0.12376000E+002     0.59266555E-001    -0.41098443E-010    -0.41072067E-010
     0.12384000E+002     0.93272165E-001    -0.31427767E-010    -0.31407390E-010
     0.12392000E+002     0.11832261E+000    -0.19827782E-010    -0.19816540E-010
     0.12400000E+002     0.13673441E+000    -0.70188355E-011    -0.70184441E-011
     0.12408000E+002     0.15160128E+000     0.61971687E-011     0.61859426E-011
     0.12416000E+002     0.16633675E+000     0.18988837E-010     0.18967566E-010
     0.12424000E+002     0.18417010E+000     0.30549258E-010     0.30520836E-010
     0.12432000E+002     0.20764561E+000     0.40151960E-010     0.40117147E-010
     0.12440000E+002     0.23820036E+000     0.47208798E-010     0.47168401E-010
     0.12448000E+002     0.27589118E+000     0.51312312E-010     0.51267802E-010
     0.12456000E+002     0.31931172E+000     0.52262216E-010     0.52216529E-010
     0.12464000E+002     0.36572442E+000     0.50072226E-010     0.50029730E-010
     0.12472000E+002     0.41139126E+000     0.44957593E-010     0.44920247E-010
     0.12480000E+002     0.45205892E+000     0.37314159E-010     0.37282686E-010
     0.12488000E+002     0.48353517E+000     0.27682864E-010     0.27657536E-010
     0.12496000E+002     0.50226303E+000     0.16707021E-010     0.16688244E-010
     0.12504000E+002     0.50579558E+000     0.50876342E-011     0.50779525E-011
     0.12512000E+002     0.49309743E+000    -0.64640882E-011    -0.64640862E-011
     0.12520000E+002     0.46462599E+000    -0.17262438E-010    -0.17254364E-010
     0.12528000E+002     0.42219493E+000    -0.26678923E-010    -0.26664394E-010
     0.12536000E+002     0.36866009E+000    -0.34174125E-010    -0.34155549E-010
     0.12544000E+002     0.30748184E+000    -0.39322332E-010    -0.39299971E-010
     0.12552000E+002     0.24224764E+000    -0.41837121E-010    -0.41811020E-010
     0.12560000E+002     0.17622876E+000    -0.41586634E-010    -0.41559623E-010
     0.12568000E+002     0.11203478E+000    -0.38595297E-010    -0.38570155E-010
     0.12576000E+002     0.51410836E-001    -0.33043239E-010    -0.33022855E-010
     0.12584000E+002    -0.48273710E-002    -0.25255114E-010    -0.25240824E-010
     0.12592000E+002    -0.56723823E-001    -0.15683333E-010    -0.15674331E-010
     0.12600000E+002    -0.10500162E+000    -0.48855788E-011    -0.48829326E-011
     0.12608000E+002    -0.15080609E+000     0.65113126E-011     0.65059065E-011
     0.12616000E+002    -0.19539591E+000     0.17847406E-010     0.17832717E-010
     0.12624000E+002    -0.23984337E+000     0.28465147E-010     0.28441066E-010
     0.12632000E+002    -0.28477756E+000     0.37743766E-010     0.37713136E-010
     0.12640000E+002    -0.33019556E+000     0.45127222E-010     0.45092317E-010
     0.12648000E+002    -0.37537430E+000     0.50155599E-010     0.50117160E-010
     0.12656000E+002    -0.41888095E+000     0.52493680E-010     0.52452454E-010
     0.12664000E+002    -0.45869405E+000     0.51951443E-010     0.51908416E-010
     0.12672000E+002    -0.49242283E+000     0.48499648E-010     0.48458258E-010
     0.12680000E+002    -0.51757922E+000     0.42274055E-010     0.42238146E-010
     0.12688000E+002    -0.53187527E+000     0.33574599E-010     0.33545921E-010
     0.12696000E+002    -0.53350605E+000     0.22858571E-010     0.22837827E-010
     0.12704000E+002    -0.52138880E+000     0.10719668E-010     0.10706544E-010
     0.12712000E+002    -0.49534085E+000    -0.21431810E-011    -0.21476666E-011
     0.12720000E+002    -0.45616360E+000    -0.14970524E-010    -0.14964492E-010
     0.12728000E+002    -0.40561968E+000    -0.26992493E-010    -0.26976306E-010
     0.12736000E+002    -0.34630975E+000    -0.37475379E-010    -0.37450562E-010
     0.12744000E+002    -0.28145287E+000    -0.45769438E-010    -0.45738995E-010
     0.12752000E+002    -0.21458888E+000    -0.51350283E-010    -0.51316932E-010
     0.12760000E+002    -0.14922478E+000    -0.53854988E-010    -0.53819203E-010
     0.12768000E+002    -0.88454092E-001    -0.53111784E-010    -0.53075543E-010
     0.12776000E+002    -0.34612434E-001    -0.49150422E-010    -0.49116756E-010
     0.12784000E+002     0.10980234E-001    -0.42201569E-010    -0.42173512E-010
     0.12792000E+002     0.48155698E-001    -0.32685586E-010    -0.32666424E-010
     0.12800000E+002     0.77883750E-001    -0.21187617E-010    -0.21177540E-010
     0.12808000E+002     0.10211609E+000    -0.84278284E-011    -0.84261965E-011
     0.12816000E+002     0.12348911E+000     0.47836819E-011     0.47760319E-011
     0.12824000E+002     0.14491556E+000     0.17604645E-010     0.17587331E-010
     0.12832000E+002     0.16913093E+000     0.29218995E-010     0.29191569E-010
     0.12840000E+002     0.19824974E+000     0.38897599E-010     0.38861874E-010
     0.12848000E+002     0.23340583E+000     0.46048883E-010     0.46008800E-010
     0.12856000E+002     0.27452316E+000     0.50258503E-010     0.50216629E-010
     0.12864000E+002     0.32024574E+000     0.51320202E-010     0.51278434E-010
     0.12872000E+002     0.36805971E+000     0.49245436E-010     0.49204533E-010
     0.12880000E+002     0.41458992E+000     0.44255606E-010     0.44217021E-010
     0.12888000E+002     0.45603509E+000     0.36754663E-010     0.36721957E-010
     0.12896000E+002     0.48867452E+000     0.27286450E-010     0.27261642E-010
     0.12904000E+002     0.50935669E+000     0.16493150E-010     0.16477133E-010
     0.12912000E+002     0.51590418E+000     0.50704699E-011     0.50626144E-011
     0.12920000E+002     0.50737087E+000    -0.62744727E-011    -0.62759073E-011
     0.12928000E+002     0.48411404E+000    -0.16861076E-010    -0.16855332E-010
     0.12936000E+002     0.44767724E+000    -0.26075575E-010    -0.26062462E-010
     0.12944000E+002     0.40050751E+000    -0.33399631E-010    -0.33380556E-010
     0.12952000E+002     0.34556884E+000    -0.38431787E-010    -0.38408578E-010
     0.12960000E+002     0.28592615E+000    -0.40905912E-010    -0.40882035E-010
     0.12968000E+002     0.22436449E+000    -0.40699871E-010    -0.40676836E-010
     0.12976000E+002     0.16309436E+000    -0.37843938E-010    -0.37821797E-010
     0.12984000E+002     0.10357511E+000    -0.32520069E-010    -0.32500432E-010
     0.12992000E+002     0.46470286E-001    -0.25047308E-010    -0.25031860E-010
     0.13000000E+002    -0.82616856E-002    -0.15863375E-010    -0.15854802E-010
     0.13008000E+002    -0.61172911E-001    -0.54976297E-011    -0.54975811E-011
     0.13016000E+002    -0.11307375E+000     0.54566460E-011     0.54493125E-011
     0.13024000E+002    -0.16476061E+000     0.16369251E-010     0.16355096E-010
     0.13032000E+002    -0.21677001E+000     0.26608097E-010     0.26587399E-010
     0.13040000E+002    -0.26917716E+000     0.35572485E-010     0.35545053E-010
     0.13048000E+002    -0.32146751E+000     0.42725492E-010     0.42691148E-010
     0.13056000E+002    -0.37251561E+000     0.47623314E-010     0.47584746E-010
     0.13064000E+002    -0.42065753E+000     0.49935433E-010     0.49895752E-010
     0.13072000E+002    -0.46384984E+000     0.49465907E-010     0.49427310E-010
     0.13080000E+002    -0.49988017E+000     0.46171284E-010     0.46135278E-010
     0.13088000E+002    -0.52659212E+000     0.40170718E-010     0.40137682E-010
     0.13096000E+002    -0.54212536E+000     0.31748858E-010     0.31720871E-010
     0.13104000E+002    -0.54513231E+000     0.21342691E-010     0.21322667E-010
     0.13112000E+002    -0.53494901E+000     0.95197323E-011     0.95093304E-011
     0.13120000E+002    -0.51170533E+000    -0.30499773E-011    -0.30502217E-011
     0.13128000E+002    -0.47634923E+000    -0.15632034E-010    -0.15623755E-010
     0.13136000E+002    -0.43060435E+000    -0.27469802E-010    -0.27454107E-010
     0.13144000E+002    -0.37685596E+000    -0.37835026E-010    -0.37811740E-010
     0.13152000E+002    -0.31795525E+000    -0.46079010E-010    -0.46049196E-010
     0.13160000E+002    -0.25696063E+000    -0.51673648E-010    -0.51638846E-010
     0.13168000E+002    -0.19682938E+000    -0.54247398E-010    -0.54210927E-010
     0.13176000E+002    -0.14010660E+000    -0.53609436E-010    -0.53575126E-010
     0.13184000E+002    -0.88659565E-001    -0.49765268E-010    -0.49734363E-010
     0.13192000E+002    -0.43479856E-001    -0.42926414E-010    -0.42900370E-010
     0.13200000E+002    -0.45893677E-002    -0.33500707E-010    -0.33481218E-010
     0.13208000E+002     0.28928968E-001    -0.22069149E-010    -0.22057917E-010
     0.13216000E+002     0.58773676E-001    -0.93505371E-011    -0.93501814E-011
     0.13224000E+002     0.87145644E-001     0.38475905E-011     0.38371639E-011
     0.13232000E+002     0.11639409E+000     0.16679572E-010     0.16660125E-010
     0.13240000E+002     0.14863948E+000     0.28320011E-010     0.28292855E-010
     0.13248000E+002     0.18541277E+000     0.38026806E-010     0.37993513E-010
     0.13256000E+002     0.22736912E+000     0.45196825E-010     0.45157768E-010
     0.13264000E+002     0.27411018E+000     0.49413505E-010     0.49370352E-010
     0.13272000E+002     0.32414824E+000     0.50472946E-010     0.50429320E-010
     0.13280000E+002     0.37503817E+000     0.48389890E-010     0.48348692E-010
     0.13288000E+002     0.42364885E+000     0.43390033E-010     0.43353905E-010
     0.13296000E+002     0.46654504E+000     0.35883426E-010     0.35852969E-010
     0.13304000E+002     0.50042190E+000     0.26428845E-010     0.26404161E-010
     0.13312000E+002     0.52252069E+000     0.15687341E-010     0.15670431E-010
     0.13320000E+002     0.53097648E+000     0.43684278E-011     0.43602214E-011
     0.13328000E+002     0.52503041E+000    -0.68150449E-011    -0.68141296E-011
     0.13336000E+002     0.50507599E+000    -0.17189026E-010    -0.17180018E-010
     0.13344000E+002     0.47253834E+000    -0.26152282E-010    -0.26138097E-010
     0.13352000E+002     0.42960808E+000    -0.33202254E-010    -0.33183641E-010
     0.13360000E+002     0.37889622E+000    -0.37962699E-010    -0.37940210E-010
     0.13368000E+002     0.32306403E+000    -0.40199458E-010    -0.40174457E-010
     0.13376000E+002     0.26448907E+000    -0.39826624E-010    -0.39800685E-010
     0.13384000E+002     0.20502081E+000    -0.36906608E-010    -0.36883318E-010
     0.13392000E+002     0.14585040E+000    -0.31638208E-010    -0.31619649E-010
     0.13400000E+002     0.87514741E-001    -0.24345097E-010    -0.24331400E-010
     0.13408000E+002     0.30011454E-001    -0.15459277E-010    -0.15451001E-010
     0.13416000E+002    -0.27011212E-001    -0.54948630E-011    -0.54921547E-011
     0.13424000E+002    -0.84020051E-001     0.49785518E-011     0.49740969E-011
     0.13432000E+002    -0.14136340E+000     0.15367773E-010     0.15354781E-010
     0.13440000E+002    -0.19907070E+000     0.25084748E-010     0.25064461E-010
     0.13448000E+002    -0.25671594E+000     0.33569740E-010     0.33543519E-010
     0.13456000E+002    -0.31337249E+000     0.40319097E-010     0.40288636E-010
     0.13464000E+002    -0.36765136E+000     0.44910953E-010     0.44877280E-010
     0.13472000E+002    -0.41780628E+000     0.47030681E-010     0.46993937E-010
     0.13480000E+002    -0.46189475E+000     0.46493626E-010     0.46456099E-010
     0.13488000E+002    -0.49796760E+000     0.43256696E-010     0.43221286E-010
     0.13496000E+002    -0.52427117E+000     0.37427126E-010     0.37396326E-010
     0.13504000E+002    -0.53943840E+000     0.29265233E-010     0.29240797E-010
     0.13512000E+002    -0.54263283E+000     0.19178394E-010     0.19160279E-010
     0.13520000E+002    -0.53364657E+000     0.77070786E-011     0.76962856E-011
     0.13528000E+002    -0.51294550E+000    -0.45054435E-011    -0.45071813E-011
     0.13536000E+002    -0.48165484E+000    -0.16751553E-010    -0.16743383E-010
     0.13544000E+002    -0.44149107E+000    -0.28301225E-010    -0.28283210E-010
     0.13552000E+002    -0.39462245E+000    -0.38447728E-010    -0.38422560E-010
     0.13560000E+002    -0.34347585E+000    -0.46549140E-010    -0.46519413E-010
     0.13568000E+002    -0.29051570E+000    -0.52072127E-010    -0.52038801E-010
     0.13576000E+002    -0.23800693E+000    -0.54632803E-010    -0.54597422E-010
     0.13584000E+002    -0.18779541E+000    -0.54024849E-010    -0.53988921E-010
     0.13592000E+002    -0.14112234E+000    -0.50239709E-010    -0.50206481E-010
     0.13600000E+002    -0.98501281E-001    -0.43470861E-010    -0.43444527E-010
     0.13608000E+002    -0.59692425E-001    -0.34105672E-010    -0.34087618E-010
     0.13616000E+002    -0.23773179E-001    -0.22710676E-010    -0.22701447E-010
     0.13624000E+002     0.10700374E-001    -0.99982944E-011    -0.99979088E-011
     0.13632000E+002     0.45461214E-001     0.32190639E-011     0.32106026E-011
     0.13640000E+002     0.82253978E-001     0.16085562E-010     0.16066767E-010
     0.13648000E+002     0.12253419E+000     0.27768347E-010     0.27739883E-010
     0.13656000E+002     0.16718548E+000     0.37517113E-010     0.37481498E-010
     0.13664000E+002     0.21630307E+000     0.44719155E-010     0.44679146E-010
     0.13672000E+002     0.26907874E+000     0.48946236E-010     0.48904859E-010
     0.13680000E+002     0.32380884E+000     0.49984078E-010     0.49942261E-010
     0.13688000E+002     0.37802890E+000     0.47847913E-010     0.47806997E-010
     0.13696000E+002     0.42876001E+000     0.42773098E-010     0.42735996E-010
     0.13704000E+002     0.47284979E+000     0.35185041E-010     0.35154087E-010
     0.13712000E+002     0.50735937E+000     0.25659496E-010     0.25637050E-010
     0.13720000E+002     0.52992994E+000     0.14871892E-010     0.14857833E-010
     0.13728000E+002     0.53906990E+000     0.35487530E-011     0.35416565E-011
     0.13736000E+002     0.53430711E+000    -0.75807905E-011    -0.75804292E-011
     0.13744000E+002     0.51619506E+000    -0.17834579E-010    -0.17826683E-010
     0.13752000E+002     0.48617974E+000    -0.26614618E-010    -0.26599087E-010
     0.13760000E+002     0.44634527E+000    -0.33437665E-010    -0.33415802E-010
     0.13768000E+002     0.39909268E+000    -0.37954635E-010    -0.37930253E-010
     0.13776000E+002     0.34680061E+000    -0.39958593E-010    -0.39933660E-010
     0.13784000E+002     0.29153673E+000    -0.39392655E-010    -0.39368127E-010
     0.13792000E+002     0.23486882E+000    -0.36347100E-010    -0.36323725E-010
     0.13800000E+002     0.17778057E+000    -0.31047826E-010    -0.31026298E-010
     0.13808000E+002     0.12069972E+000    -0.23839017E-010    -0.23822589E-010
     0.13816000E+002     0.63613365E-001    -0.15155661E-010    -0.15146774E-010
     0.13824000E+002     0.62493343E-002    -0.55001430E-011    -0.54990628E-011
     0.13832000E+002    -0.51700857E-001     0.45804321E-011     0.45740262E-011
     0.13840000E+002    -0.11037644E+000     0.14520544E-010     0.14508045E-010
     0.13848000E+002    -0.16958658E+000     0.23759962E-010     0.23741030E-010
     0.13856000E+002    -0.22871573E+000     0.31772420E-010     0.31746106E-010
     0.13864000E+002    -0.28670577E+000     0.38091113E-010     0.38058830E-010
     0.13872000E+002    -0.34210046E+000     0.42327153E-010     0.42291085E-010
     0.13880000E+002    -0.39316009E+000     0.44190365E-010     0.44153597E-010
     0.13888000E+002    -0.43803465E+000     0.43506589E-010     0.43471248E-010
     0.13896000E+002    -0.47495687E+000     0.40234610E-010     0.40200884E-010
     0.13904000E+002    -0.50243183E+000     0.34480116E-010     0.34449530E-010
     0.13912000E+002    -0.51939131E+000     0.26495591E-010     0.26470502E-010
     0.13920000E+002    -0.52530058E+000     0.16672687E-010     0.16655733E-010
     0.13928000E+002    -0.52022473E+000     0.55255222E-011     0.55185400E-011
     0.13936000E+002    -0.50483206E+000    -0.63342918E-011    -0.63323061E-011
     0.13944000E+002    -0.48033060E+000    -0.18226425E-010    -0.18216411E-010
     0.13952000E+002    -0.44834977E+000    -0.29442648E-010    -0.29424787E-010
     0.13960000E+002    -0.41077333E+000    -0.39292532E-010    -0.39266955E-010
     0.13968000E+002    -0.36956199E+000    -0.47148534E-010    -0.47115429E-010
     0.13976000E+002    -0.32657435E+000    -0.52489397E-010    -0.52451928E-010
     0.13984000E+002    -0.28338882E+000    -0.54932464E-010    -0.54894662E-010
     0.13992000E+002    -0.24115952E+000    -0.54262362E-010    -0.54226631E-010
     0.14000000E+002    -0.20051169E+000    -0.50454852E-010    -0.50423108E-010
     0.14008000E+002    -0.16150267E+000    -0.43686650E-010    -0.43659492E-010
     0.14016000E+002    -0.12365694E+000    -0.34334565E-010    -0.34313838E-010
     0.14024000E+002    -0.86052461E-001    -0.22955381E-010    -0.22944629E-010
     0.14032000E+002    -0.47469584E-001    -0.10250118E-010    -0.10250704E-010
     0.14040000E+002    -0.65859030E-002     0.29775425E-011     0.29657572E-011
     0.14048000E+002     0.37797712E-001     0.15875627E-010     0.15854508E-010
     0.14056000E+002     0.86514913E-001     0.27603868E-010     0.27575754E-010
     0.14064000E+002     0.13982647E+000     0.37397013E-010     0.37361993E-010
     0.14072000E+002     0.19726790E+000     0.44629147E-010     0.44588201E-010
     0.14080000E+002     0.25757861E+000     0.48860789E-010     0.48816289E-010
     0.14088000E+002     0.31873825E+000     0.49869939E-010     0.49825195E-010
     0.14096000E+002     0.37811074E+000     0.47664811E-010     0.47623988E-010
     0.14104000E+002     0.43269853E+000     0.42475315E-010     0.42439711E-010
     0.14112000E+002     0.47947383E+000     0.34733098E-010     0.34703017E-010
     0.14120000E+002     0.51573078E+000     0.25031862E-010     0.25008451E-010
     0.14128000E+002     0.53940630E+000     0.14073712E-010     0.14057997E-010
     0.14136000E+002     0.54931544E+000     0.26137235E-011     0.26078819E-011
     0.14144000E+002     0.54526596E+000    -0.85980469E-011    -0.85941061E-011
     0.14152000E+002     0.52803660E+000    -0.18862624E-010    -0.18851464E-010
     0.14160000E+002     0.49921939E+000    -0.27569721E-010    -0.27552904E-010
     0.14168000E+002     0.46095693E+000    -0.34233095E-010    -0.34212179E-010
     0.14176000E+002     0.41562922E+000    -0.38512757E-010    -0.38487956E-010
     0.14184000E+002     0.36554342E+000    -0.40229607E-010    -0.40201474E-010
     0.14192000E+002     0.31267801E+000    -0.39366585E-010    -0.39338537E-010
     0.14200000E+002     0.25851001E+000    -0.36054523E-010    -0.36029274E-010
     0.14208000E+002     0.20393769E+000    -0.30556868E-010    -0.30536283E-010
     0.14216000E+002     0.14931057E+000    -0.23247745E-010    -0.23232405E-010
     0.14224000E+002     0.94545598E-001    -0.14587018E-010    -0.14576208E-010
     0.14232000E+002     0.39307428E-001    -0.50944565E-011    -0.50898548E-011
     0.14240000E+002    -0.16782888E-001     0.46832582E-011     0.46797608E-011
     0.14248000E+002    -0.73952910E-001     0.14199438E-010     0.14187400E-010
     0.14256000E+002    -0.13210974E+000     0.22929110E-010     0.22909181E-010
     0.14264000E+002    -0.19073071E+000     0.30389371E-010     0.30364368E-010
     0.14272000E+002    -0.24883073E+000     0.36154875E-010     0.36126233E-010
     0.14280000E+002    -0.30500670E+000     0.39878752E-010     0.39846279E-010
     0.14288000E+002    -0.35756457E+000     0.41312547E-010     0.41277208E-010
     0.14296000E+002    -0.40468987E+000     0.40319251E-010     0.40282804E-010
     0.14304000E+002    -0.44464006E+000     0.36885006E-010     0.36851128E-010
     0.14312000E+002    -0.47594066E+000     0.31123673E-010     0.31095713E-010
     0.14320000E+002    -0.49754713E+000     0.23279491E-010     0.23258033E-010
     0.14328000E+002    -0.50896070E+000     0.13726570E-010     0.13711852E-010
     0.14336000E+002    -0.51027146E+000     0.29546390E-011     0.29469410E-011
     0.14344000E+002    -0.50212189E+000    -0.84536865E-011    -0.84529566E-011
     0.14352000E+002    -0.48561669E+000    -0.19855642E-010    -0.19844621E-010
     0.14360000E+002    -0.46218795E+000    -0.30586177E-010    -0.30565873E-010
     0.14368000E+002    -0.43343444E+000    -0.39992921E-010    -0.39965549E-010
     0.14376000E+002    -0.40095116E+000    -0.47476492E-010    -0.47444551E-010
     0.14384000E+002    -0.36615935E+000    -0.52530510E-010    -0.52496001E-010
     0.14392000E+002    -0.33016827E+000    -0.54778381E-010    -0.54741605E-010
     0.14400000E+002    -0.29368581E+000    -0.54006808E-010    -0.53969893E-010
     0.14408000E+002    -0.25697363E+000    -0.50183819E-010    -0.50150314E-010
     0.14416000E+002    -0.21985072E+000    -0.43467961E-010    -0.43440763E-010
     0.14424000E+002    -0.18174153E+000    -0.34209555E-010    -0.34191121E-010
     0.14432000E+002    -0.14177112E+000    -0.22936622E-010    -0.22926886E-010
     0.14440000E+002    -0.98917118E-001    -0.10330726E-010    -0.10329470E-010
     0.14448000E+002    -0.52192368E-001     0.28154861E-011     0.28067559E-011
     0.14456000E+002    -0.83968270E-003     0.15656023E-010     0.15636773E-010
     0.14464000E+002     0.55475953E-001     0.27351404E-010     0.27321901E-010
     0.14472000E+002     0.11650721E+000     0.37132726E-010     0.37095543E-010
     0.14480000E+002     0.18130728E+000     0.44359915E-010     0.44319091E-010
     0.14488000E+002     0.24819457E+000     0.48571581E-010     0.48528938E-010
     0.14496000E+002     0.31482768E+000     0.49526705E-010     0.49483719E-010
     0.14504000E+002     0.37838107E+000     0.47222500E-010     0.47180597E-010
     0.14512000E+002     0.43581254E+000     0.41891007E-010     0.41852428E-010
     0.14520000E+002     0.48417941E+000     0.33974275E-010     0.33943164E-010
     0.14528000E+002     0.52096531E+000     0.24079820E-010     0.24057882E-010
     0.14536000E+002     0.54437800E+000     0.12932242E-010     0.12919313E-010
     0.14544000E+002     0.55355526E+000     0.13163297E-011     0.13117513E-011
     0.14552000E+002     0.54864533E+000    -0.99831490E-011    -0.99807112E-011
     0.14560000E+002     0.53074360E+000    -0.20235909E-010    -0.20225616E-010
     0.14568000E+002     0.50170391E+000    -0.28817969E-010    -0.28799796E-010
     0.14576000E+002     0.46386980E+000    -0.35246201E-010    -0.35222534E-010
     0.14584000E+002     0.41976072E+000    -0.39198033E-010    -0.39171270E-010
     0.14592000E+002     0.37176075E+000    -0.40523674E-010    -0.40496884E-010
     0.14600000E+002     0.32185313E+000    -0.39243261E-010    -0.39217628E-010
     0.14608000E+002     0.27143951E+000    -0.35537307E-010    -0.35512814E-010
     0.14616000E+002     0.22127274E+000    -0.29725446E-010    -0.29704055E-010
     0.14624000E+002     0.17149795E+000    -0.22231576E-010    -0.22215187E-010
     0.14632000E+002     0.12177916E+000    -0.13550830E-010    -0.13541471E-010
     0.14640000E+002     0.71489622E-001    -0.42157045E-011    -0.42141300E-011
     0.14648000E+002     0.19938194E-001     0.52325520E-011     0.52279791E-011
     0.14656000E+002    -0.33399526E-001     0.14265641E-010     0.14255168E-010
     0.14664000E+002    -0.88678735E-001     0.22393209E-010     0.22376503E-010
     0.14672000E+002    -0.14555803E+000     0.29181174E-010     0.29158096E-010
     0.14680000E+002    -0.20316182E+000     0.34264877E-010     0.34235669E-010
     0.14688000E+002    -0.26012714E+000     0.37360555E-010     0.37328186E-010
     0.14696000E+002    -0.31473149E+000     0.38270884E-010     0.38238024E-010
     0.14704000E+002    -0.36507090E+000     0.36895941E-010     0.36863675E-010
     0.14712000E+002    -0.40927530E+000     0.33245400E-010     0.33214770E-010
     0.14720000E+002    -0.44572923E+000     0.27444755E-010     0.27416435E-010
     0.14728000E+002    -0.47324504E+000     0.19738572E-010     0.19715142E-010
     0.14736000E+002    -0.49117778E+000     0.10483384E-010     0.10468063E-010
     0.14744000E+002    -0.49946211E+000     0.13557000E-012     0.12940208E-012
     0.14752000E+002    -0.49858001E+000    -0.10763615E-010    -0.10760580E-010
     0.14760000E+002    -0.48947999E+000    -0.21613663E-010    -0.21602598E-010
     0.14768000E+002    -0.47343621E+000    -0.31785824E-010    -0.31767239E-010
     0.14776000E+002    -0.45187798E+000    -0.40661757E-010    -0.40634923E-010
     0.14784000E+002    -0.42621312E+000    -0.47674947E-010    -0.47641110E-010
     0.14792000E+002    -0.39766357E+000    -0.52344918E-010    -0.52306476E-010
     0.14800000E+002    -0.36714647E+000    -0.54310865E-010    -0.54271198E-010
     0.14808000E+002    -0.33518996E+000    -0.53360154E-010    -0.53322697E-010
     0.14816000E+002    -0.30189101E+000    -0.49450914E-010    -0.49416723E-010
     0.14824000E+002    -0.26693212E+000    -0.42730148E-010    -0.42700778E-010
     0.14832000E+002    -0.22964969E+000    -0.33533921E-010    -0.33511812E-010
     0.14840000E+002    -0.18915808E+000    -0.22373948E-010    -0.22361212E-010
     0.14848000E+002    -0.14451100E+000    -0.99124590E-011    -0.99112401E-011
     0.14856000E+002    -0.94874747E-001     0.30784492E-011     0.30687619E-011
     0.14864000E+002    -0.39713251E-001     0.15763904E-010     0.15745143E-010
     0.14872000E+002     0.21035533E-001     0.27305807E-010     0.27278782E-010
     0.14880000E+002     0.86818625E-001     0.36931044E-010     0.36896953E-010
     0.14888000E+002     0.15638243E+000     0.43993930E-010     0.43953534E-010
     0.14896000E+002     0.22777649E+000     0.48032058E-010     0.47987829E-010
     0.14904000E+002     0.29845135E+000     0.48802684E-010     0.48758880E-010
     0.14912000E+002     0.36544336E+000     0.46299123E-010     0.46258281E-010
     0.14920000E+002     0.42564520E+000     0.40753229E-010     0.40717377E-010
     0.14928000E+002     0.47612364E+000     0.32613805E-010     0.32583734E-010
     0.14936000E+002     0.51444532E+000     0.22508195E-010     0.22484421E-010
     0.14944000E+002     0.53896010E+000     0.11188569E-010     0.11173678E-010
     0.14952000E+002     0.54898391E+000    -0.53514266E-012    -0.54027438E-012
     0.14960000E+002     0.54486402E+000    -0.11856165E-010    -0.11852173E-010
     0.14968000E+002     0.52790764E+000    -0.22028231E-010    -0.22016448E-010
     0.14976000E+002     0.50018455E+000    -0.30416107E-010    -0.30399165E-010
     0.14984000E+002     0.46423871E+000    -0.36532634E-010    -0.36511001E-010
     0.14992000E+002     0.42274281E+000    -0.40069309E-010    -0.40043341E-010
     0.15000000E+002     0.37816444E+000    -0.40907985E-010    -0.40879815E-010
     0.15008000E+002     0.33248809E+000    -0.39114057E-010    -0.39085929E-010
     0.15016000E+002     0.28702866E+000    -0.34919281E-010    -0.34894444E-010
     0.15024000E+002     0.24236401E+000    -0.28690780E-010    -0.28670668E-010
     0.15032000E+002     0.19837619E+000    -0.20898261E-010    -0.20882461E-010
     0.15040000E+002     0.15440177E+000    -0.12078149E-010    -0.12067447E-010
     0.15048000E+002     0.10946279E+000    -0.27926995E-011    -0.27878866E-011
     0.15056000E+002     0.62532631E-001     0.64037159E-011     0.64010264E-011
     0.15064000E+002     0.12801471E-001     0.14994419E-010     0.14983457E-010
     0.15072000E+002    -0.40109199E-001     0.22520183E-010     0.22502949E-010
     0.15080000E+002    -0.96007293E-001     0.28588677E-010     0.28566614E-010
     0.15088000E+002    -0.15407665E+000     0.32885864E-010     0.32860117E-010
     0.15096000E+002    -0.21292428E+000     0.35183086E-010     0.35154403E-010
     0.15104000E+002    -0.27071608E+000     0.35343113E-010     0.35311741E-010
     0.15112000E+002    -0.32537834E+000     0.33326334E-010     0.33294984E-010
     0.15120000E+002    -0.37483473E+000     0.29190182E-010     0.29161773E-010
     0.15128000E+002    -0.41723244E+000     0.23092023E-010     0.23068247E-010
     0.15136000E+002    -0.45113353E+000     0.15291639E-010     0.15273742E-010
     0.15144000E+002    -0.47565587E+000     0.61472741E-011     0.61351942E-011
     0.15152000E+002    -0.49053797E+000    -0.38920021E-011    -0.38970657E-011
     0.15160000E+002    -0.49612621E+000    -0.14306567E-010    -0.14302658E-010
     0.15168000E+002    -0.49328301E+000    -0.24532416E-010    -0.24519353E-010
     0.15176000E+002    -0.48323061E+000    -0.33987682E-010    -0.33966194E-010
     0.15184000E+002    -0.46737109E+000    -0.42105141E-010    -0.42077597E-010
     0.15192000E+002    -0.44709295E+000    -0.48364079E-010    -0.48332481E-010
     0.15200000E+002    -0.42358707E+000    -0.52325382E-010    -0.52290028E-010
     0.15208000E+002    -0.39769837E+000    -0.53667271E-010    -0.53629737E-010
     0.15216000E+002    -0.36982581E+000    -0.52210146E-010    -0.52172863E-010
     0.15224000E+002    -0.33990286E+000    -0.47936236E-010    -0.47902670E-010
     0.15232000E+002    -0.30744926E+000    -0.41000484E-010    -0.40974306E-010
     0.15240000E+002    -0.27167250E+000    -0.31732060E-010    -0.31714072E-010
     0.15248000E+002    -0.23161287E+000    -0.20629985E-010    -0.20620434E-010
     0.15256000E+002    -0.18631065E+000    -0.83403669E-011    -0.83399112E-011
     0.15264000E+002    -0.13499333E+000     0.43821538E-011     0.43727954E-011
     0.15272000E+002    -0.77263957E-001     0.16724494E-010     0.16704004E-010
     0.15280000E+002    -0.13257147E-001     0.27875958E-010     0.27845709E-010
     0.15288000E+002     0.56249850E-001     0.37086870E-010     0.37050025E-010
     0.15296000E+002     0.12978494E+000     0.43727616E-010     0.43686891E-010
     0.15304000E+002     0.20519823E+000     0.47344126E-010     0.47302240E-010
     0.15312000E+002     0.27976012E+000     0.47698167E-010     0.47656073E-010
     0.15320000E+002     0.35035468E+000     0.44792903E-010     0.44752402E-010
     0.15328000E+002     0.41375729E+000     0.38871880E-010     0.38836588E-010
     0.15336000E+002     0.46695865E+000     0.30394923E-010     0.30366990E-010
     0.15344000E+002     0.50749095E+000     0.20001889E-010     0.19982990E-010
     0.15352000E+002     0.53370905E+000     0.84590865E-011     0.84489798E-011
     0.15360000E+002     0.54498333E+000    -0.34002038E-011    -0.34029519E-011
     0.15368000E+002     0.54177289E+000    -0.14739947E-010    -0.14734502E-010
     0.15376000E+002     0.52555121E+000    -0.24790483E-010    -0.24776886E-010
     0.15384000E+002     0.49859168E+000    -0.32903137E-010    -0.32882604E-010
     0.15392000E+002     0.46365111E+000    -0.38592865E-010    -0.38567417E-010
     0.15400000E+002     0.42359976E+000    -0.41566430E-010    -0.41539774E-010
     0.15408000E+002     0.38106565E+000    -0.41731023E-010    -0.41704648E-010
     0.15416000E+002     0.33813370E+000    -0.39194271E-010    -0.39168476E-010
     0.15424000E+002     0.29613999E+000    -0.34245984E-010    -0.34221913E-010
     0.15432000E+002     0.25559577E+000    -0.27322704E-010    -0.27301750E-010
     0.15440000E+002     0.21623691E+000    -0.18965124E-010    -0.18950268E-010
     0.15448000E+002     0.17719505E+000    -0.97678006E-011    -0.97604751E-011
     0.15456000E+002     0.13724628E+000    -0.33621398E-012    -0.33545168E-012
     0.15464000E+002     0.95088132E-001     0.87485715E-011     0.87435285E-011
     0.15472000E+002     0.49620485E-001     0.16962328E-010     0.16952427E-010
     0.15480000E+002     0.18430221E-003     0.23859161E-010     0.23843717E-010
     0.15488000E+002    -0.53265261E-001     0.29087915E-010     0.29066258E-010
     0.15496000E+002    -0.11007853E+000     0.32398463E-010     0.32372745E-010
     0.15504000E+002    -0.16894721E+000     0.33637379E-010     0.33609886E-010
     0.15512000E+002    -0.22803185E+000     0.32746349E-010     0.32719381E-010
     0.15520000E+002    -0.28516073E+000     0.29759555E-010     0.29734390E-010
     0.15528000E+002    -0.33807182E+000     0.24803165E-010     0.24779487E-010
     0.15536000E+002    -0.38466317E+000     0.18095797E-010     0.18075382E-010
     0.15544000E+002    -0.42323167E+000     0.99403300E-011     0.99257454E-011
     0.15552000E+002    -0.45265591E+000     0.71588595E-012     0.70897056E-012
     0.15560000E+002    -0.47248884E+000    -0.91319380E-011    -0.91301815E-011
     0.15568000E+002    -0.48295860E+000    -0.19106035E-010    -0.19097026E-010
     0.15576000E+002    -0.48487677E+000    -0.28674628E-010    -0.28659160E-010
     0.15584000E+002    -0.47947766E+000    -0.37299365E-010    -0.37276890E-010
     0.15592000E+002    -0.46821310E+000    -0.44467657E-010    -0.44438476E-010
     0.15600000E+002    -0.45251643E+000    -0.49721842E-010    -0.49686942E-010
     0.15608000E+002    -0.43358562E+000    -0.52688818E-010    -0.52651496E-010
     0.15616000E+002    -0.41222032E+000    -0.53103184E-010    -0.53067083E-010
     0.15624000E+002    -0.38872880E+000    -0.50830147E-010    -0.50796603E-010
     0.15632000E+002    -0.36292425E+000    -0.45888269E-010    -0.45858406E-010
     0.15640000E+002    -0.33418454E+000    -0.38460212E-010    -0.38435132E-010
     0.15648000E+002    -0.30156994E+000    -0.28894889E-010    -0.28876947E-010
     0.15656000E+002    -0.26399553E+000    -0.17695796E-010    -0.17688328E-010
     0.15664000E+002    -0.22041899E+000    -0.54963093E-011    -0.54999265E-011
     0.15672000E+002    -0.17003734E+000     0.69705684E-011     0.69568649E-011
     0.15680000E+002    -0.11246467E+000     0.18917156E-010     0.18895084E-010
     0.15688000E+002    -0.47872740E-001     0.29556416E-010     0.29527418E-010
     0.15696000E+002     0.22895316E-001     0.38163170E-010     0.38126884E-010
     0.15704000E+002     0.98271966E-001     0.44138315E-010     0.44096257E-010
     0.15712000E+002     0.17598581E+000     0.47058785E-010     0.47014340E-010
     0.15720000E+002     0.25316794E+000     0.46714754E-010     0.46671568E-010
     0.15728000E+002     0.32655749E+000     0.43132124E-010     0.43094014E-010
     0.15736000E+002     0.39277834E+000     0.36573339E-010     0.36541070E-010
     0.15744000E+002     0.44866859E+000     0.27523627E-010     0.27497475E-010
     0.15752000E+002     0.49162332E+000     0.16653174E-010     0.16635224E-010
     0.15760000E+002     0.51989528E+000     0.47592457E-011     0.47507748E-011
     0.15768000E+002     0.53280720E+000    -0.72969148E-011    -0.72945910E-011
     0.15776000E+002     0.53082965E+000    -0.18660422E-010    -0.18648321E-010
     0.15784000E+002     0.51550834E+000    -0.28546766E-010    -0.28528451E-010
     0.15792000E+002     0.48925139E+000    -0.36297434E-010    -0.36274498E-010
     0.15800000E+002     0.45500566E+000    -0.41431504E-010    -0.41405056E-010
     0.15808000E+002     0.41587373E+000    -0.43677175E-010    -0.43648161E-010
     0.15816000E+002     0.37472922E+000    -0.42984946E-010    -0.42954781E-010
     0.15824000E+002     0.33388555E+000    -0.39520916E-010    -0.39493432E-010
     0.15832000E+002     0.29486721E+000    -0.33637994E-010    -0.33615666E-010
     0.15840000E+002     0.25830778E+000    -0.25839913E-010    -0.25823391E-010
     0.15848000E+002     0.22397557E+000    -0.16734945E-010    -0.16724041E-010
     0.15856000E+002     0.19091917E+000    -0.69834949E-011    -0.69775131E-011
     0.15864000E+002     0.15770131E+000     0.27521874E-011     0.27517094E-011
     0.15872000E+002     0.12269186E+000     0.11857447E-010     0.11849377E-010
     0.15880000E+002     0.84382409E-001     0.19799152E-010     0.19784381E-010
     0.15888000E+002     0.41666324E-001     0.26145572E-010     0.26125674E-010
     0.15896000E+002    -0.59441536E-002     0.30578562E-010     0.30556263E-010
     0.15904000E+002    -0.58196346E-001     0.32894472E-010     0.32870451E-010
     0.15912000E+002    -0.11408410E+000     0.33004567E-010     0.32978160E-010
     0.15920000E+002    -0.17193356E+000     0.30930153E-010     0.30902805E-010
     0.15928000E+002    -0.22959434E+000     0.26789461E-010     0.26763267E-010
     0.15936000E+002    -0.28469852E+000     0.20788500E-010     0.20766554E-010
     0.15944000E+002    -0.33494490E+000     0.13211080E-010     0.13195534E-010
     0.15952000E+002    -0.37836857E+000     0.44117725E-011     0.44018296E-011
     0.15960000E+002    -0.41354355E+000    -0.51884939E-011    -0.51928226E-011
     0.15968000E+002    -0.43971145E+000    -0.15117411E-010    -0.15115138E-010
     0.15976000E+002    -0.45681862E+000    -0.24869649E-010    -0.24859390E-010
     0.15984000E+002    -0.46544857E+000    -0.33928207E-010    -0.33908646E-010
     0.15992000E+002    -0.46667045E+000    -0.41789661E-010    -0.41762633E-010
     0.16000000E+002    -0.46182009E+000    -0.47985854E-010    -0.47954077E-010
     0.16008000E+002    -0.45226162E+000    -0.52110967E-010    -0.52076131E-010
     0.16016000E+002    -0.43917269E+000    -0.53851024E-010    -0.53814496E-010
     0.16024000E+002    -0.42336623E+000    -0.53008431E-010    -0.52970811E-010
     0.16032000E+002    -0.40517517E+000    -0.49523484E-010    -0.49487323E-010
     0.16040000E+002    -0.38441418E+000    -0.43484790E-010    -0.43454035E-010
     0.16048000E+002    -0.36042199E+000    -0.35133342E-010    -0.35110450E-010
     0.16056000E+002    -0.33218531E+000    -0.24863270E-010    -0.24849676E-010
     0.16064000E+002    -0.29851333E+000    -0.13210678E-010    -0.13206112E-010
     0.16072000E+002    -0.25823259E+000    -0.83241688E-012    -0.83692964E-012
     0.16080000E+002    -0.21039444E+000     0.11531104E-010     0.11516034E-010
     0.16088000E+002    -0.15447445E+000     0.23106075E-010     0.23080583E-010
     0.16096000E+002    -0.90547543E-001     0.33137301E-010     0.33102840E-010
     0.16104000E+002    -0.19419206E-001     0.40945038E-010     0.40904871E-010
     0.16112000E+002     0.57323391E-001     0.45978615E-010     0.45936530E-010
     0.16120000E+002     0.13734005E+000     0.47864744E-010     0.47821956E-010
     0.16128000E+002     0.21764908E+000     0.46449303E-010     0.46407403E-010
     0.16136000E+002     0.29482922E+000     0.41815336E-010     0.41776642E-010
     0.16144000E+002     0.36529642E+000     0.34281064E-010     0.34248234E-010
     0.16152000E+002     0.42564625E+000     0.24378520E-010     0.24355391E-010
     0.16160000E+002     0.47301335E+000     0.12810801E-010     0.12798060E-010
     0.16168000E+002     0.50538828E+000     0.40308047E-012     0.39948184E-012
     0.16176000E+002     0.52185023E+000    -0.11959520E-010    -0.11954332E-010
     0.16184000E+002     0.52267128E+000    -0.23404177E-010    -0.23391131E-010
     0.16192000E+002     0.50928350E+000    -0.33136976E-010    -0.33115740E-010
     0.16200000E+002     0.48410330E+000    -0.40506479E-010    -0.40477857E-010
     0.16208000E+002     0.45022490E+000    -0.45050290E-010    -0.45018073E-010
     0.16216000E+002     0.41103300E+000    -0.46521477E-010    -0.46488667E-010
     0.16224000E+002     0.36978578E+000    -0.44904235E-010    -0.44873277E-010
     0.16232000E+002     0.32923735E+000    -0.40408334E-010    -0.40380320E-010
     0.16240000E+002     0.29134930E+000    -0.33446038E-010    -0.33421241E-010
     0.16248000E+002     0.25711501E+000    -0.24592313E-010    -0.24573027E-010
     0.16256000E+002     0.22652287E+000    -0.14527682E-010    -0.14515828E-010
     0.16264000E+002     0.19865931E+000    -0.39807935E-011    -0.39773258E-011
     0.16272000E+002     0.17193535E+000     0.63272494E-011     0.63228597E-011
     0.16280000E+002     0.14440142E+000     0.15731374E-010     0.15721352E-010
     0.16288000E+002     0.11409323E+000     0.23659781E-010     0.23644479E-010
     0.16296000E+002     0.79359333E-001     0.29665686E-010     0.29645126E-010
     0.16304000E+002     0.39136966E-001     0.33442726E-010     0.33417794E-010
     0.16312000E+002    -0.68622730E-002     0.34826834E-010     0.34798858E-010
     0.16320000E+002    -0.58083121E-001     0.33790139E-010     0.33762608E-010
     0.16328000E+002    -0.11318150E+000     0.30425107E-010     0.30400182E-010
     0.16336000E+002    -0.17019657E+000     0.24933023E-010     0.24910826E-010
     0.16344000E+002    -0.22679304E+000     0.17612465E-010     0.17593951E-010
     0.16352000E+002    -0.28053593E+000     0.88421009E-011     0.88281355E-011
     0.16360000E+002    -0.32916970E+000    -0.93395309E-012    -0.94110126E-012
     0.16368000E+002    -0.37085930E+000    -0.11225342E-010    -0.11223316E-010
     0.16376000E+002    -0.40437378E+000    -0.21513594E-010    -0.21503104E-010
     0.16384000E+002    -0.42917488E+000    -0.31266135E-010    -0.31248373E-010
     0.16392000E+002    -0.44539858E+000    -0.39958985E-010    -0.39935151E-010
     0.16400000E+002    -0.45375530E+000    -0.47101879E-010    -0.47072664E-010
     0.16408000E+002    -0.45535362E+000    -0.52265423E-010    -0.52230456E-010
     0.16416000E+002    -0.45148327E+000    -0.55109363E-010    -0.55070567E-010
     0.16424000E+002    -0.44338131E+000    -0.55400967E-010    -0.55361614E-010
     0.16432000E+002    -0.43200333E+000    -0.53031687E-010    -0.52994807E-010
     0.16440000E+002    -0.41785835E+000    -0.48031716E-010    -0.47999855E-010
     0.16448000E+002    -0.40092356E+000    -0.40577898E-010    -0.40551661E-010
     0.16456000E+002    -0.38064997E+000    -0.30997722E-010    -0.30978389E-010
     0.16464000E+002    -0.35606246E+000    -0.19759787E-010    -0.19749769E-010
     0.16472000E+002    -0.32592140E+000    -0.74539746E-011    -0.74549274E-011
     0.16480000E+002    -0.28893886E+000     0.52342405E-011     0.52213847E-011
     0.16488000E+002    -0.24402159E+000     0.17560282E-010     0.17537086E-010
     0.16496000E+002    -0.19049723E+000     0.28762494E-010     0.28731107E-010
     0.16504000E+002    -0.12830572E+000     0.38114263E-010     0.38075521E-010
     0.16512000E+002    -0.58130678E-001     0.44982365E-010     0.44937831E-010
     0.16520000E+002     0.18540787E-001     0.48878217E-010     0.48829599E-010
     0.16528000E+002     0.99427497E-001     0.49502682E-010     0.49453460E-010
     0.16536000E+002     0.18155198E+000     0.46774646E-010     0.46729574E-010
     0.16544000E+002     0.26142986E+000     0.40843515E-010     0.40804697E-010
     0.16552000E+002     0.33533616E+000     0.32090197E-010     0.32059166E-010
     0.16560000E+002     0.39963653E+000     0.21103716E-010     0.21081460E-010
     0.16568000E+002     0.45114362E+000     0.86403456E-011     0.86273959E-011
     0.16576000E+002     0.48746133E+000    -0.44316232E-011    -0.44329142E-011
     0.16584000E+002     0.50727627E+000    -0.17201600E-010    -0.17191208E-010
     0.16592000E+002     0.51053530E+000    -0.28782145E-010    -0.28762333E-010
     0.16600000E+002     0.49847848E+000    -0.38373815E-010    -0.38346619E-010
     0.16608000E+002     0.47350571E+000    -0.45327897E-010    -0.45296223E-010
     0.16616000E+002     0.43888964E+000    -0.49194019E-010    -0.49159081E-010
     0.16624000E+002     0.39838212E+000    -0.49757031E-010    -0.49719873E-010
     0.16632000E+002     0.35575466E+000    -0.47050886E-010    -0.47014800E-010
     0.16640000E+002     0.31434713E+000    -0.41346974E-010    -0.41314909E-010
     0.16648000E+002     0.27668630E+000    -0.33128232E-010    -0.33102838E-010
     0.16656000E+002     0.24422558E+000    -0.23044456E-010    -0.23026587E-010
     0.16664000E+002     0.21725431E+000    -0.11857711E-010    -0.11846668E-010
     0.16672000E+002     0.19496398E+000    -0.38045619E-012    -0.37690442E-012
     0.16680000E+002     0.17565691E+000     0.10592632E-010     0.10588137E-010
     0.16688000E+002     0.15706308E+000     0.20342048E-010     0.20328989E-010
     0.16696000E+002     0.13670908E+000     0.28269151E-010     0.28248396E-010
     0.16704000E+002     0.11230183E+000     0.33924786E-010     0.33899626E-010
     0.16712000E+002     0.82064986E-001     0.37020125E-010     0.36992417E-010
     0.16720000E+002     0.44984167E-001     0.37432111E-010     0.37403100E-010
     0.16728000E+002     0.94525564E-003     0.35195993E-010     0.35166858E-010
     0.16736000E+002    -0.49249696E-001     0.30488750E-010     0.30460214E-010
     0.16744000E+002    -0.10397879E+000     0.23609248E-010     0.23584446E-010
     0.16752000E+002    -0.16099807E+000     0.14950596E-010     0.14932149E-010
     0.16760000E+002    -0.21772087E+000     0.49788354E-011     0.49672455E-011
     0.16768000E+002    -0.27152858E+000    -0.57842122E-011    -0.57883883E-011
     0.16776000E+002    -0.32006730E+000    -0.16782371E-010    -0.16779542E-010
     0.16784000E+002    -0.36149348E+000    -0.27444606E-010    -0.27434132E-010
     0.16792000E+002    -0.39463853E+000    -0.37210012E-010    -0.37190499E-010
     0.16800000E+002    -0.41908334E+000    -0.45553755E-010    -0.45526323E-010
     0.16808000E+002    -0.43512537E+000    -0.52007156E-010    -0.51973734E-010
     0.16816000E+002    -0.44363131E+000    -0.56181211E-010    -0.56144234E-010
     0.16824000E+002    -0.44580934E+000    -0.57788592E-010    -0.57750085E-010
     0.16832000E+002    -0.44293829E+000    -0.56663926E-010    -0.56624370E-010
     0.16840000E+002    -0.43610888E+000    -0.52781837E-010    -0.52743265E-010
     0.16848000E+002    -0.42602287E+000    -0.46262830E-010    -0.46228433E-010
     0.16856000E+002    -0.41286116E+000    -0.37373616E-010    -0.37346605E-010
     0.16864000E+002    -0.39625203E+000    -0.26521892E-010    -0.26504814E-010
     0.16872000E+002    -0.37534292E+000    -0.14244085E-010    -0.14236824E-010
     0.16880000E+002    -0.34895749E+000    -0.11888477E-011    -0.11912069E-011
     0.16888000E+002    -0.31581846E+000     0.11913974E-010     0.11901303E-010
     0.16896000E+002    -0.27478010E+000     0.24294758E-010     0.24271350E-010
     0.16904000E+002    -0.22504597E+000     0.35191110E-010     0.35156829E-010
     0.16912000E+002    -0.16636289E+000     0.43901071E-010     0.43858694E-010
     0.16920000E+002    -0.99169899E-001     0.49831736E-010     0.49785216E-010
     0.16928000E+002    -0.24696813E-001     0.52547632E-010     0.52499587E-010
     0.16936000E+002     0.55011117E-001     0.51815168E-010     0.51768176E-010
     0.16944000E+002     0.13715548E+000     0.47629732E-010     0.47585209E-010
     0.16952000E+002     0.21832913E+000     0.40228448E-010     0.40188965E-010
     0.16960000E+002     0.29474792E+000     0.30078771E-010     0.30048607E-010
     0.16968000E+002     0.36256569E+000     0.17845755E-010     0.17826682E-010
     0.16976000E+002     0.41825416E+000     0.43509736E-011     0.43437053E-011
     0.16984000E+002     0.45900428E+000    -0.94857368E-011    -0.94817816E-011
     0.16992000E+002     0.48307988E+000    -0.22712885E-010    -0.22699467E-010
     0.17000000E+002     0.49005840E+000    -0.34416940E-010    -0.34393669E-010
     0.17008000E+002     0.48091729E+000    -0.43797007E-010    -0.43764867E-010
     0.17016000E+002     0.45794582E+000    -0.50224318E-010    -0.50186476E-010
     0.17024000E+002     0.42448598E+000    -0.53286871E-010    -0.53246564E-010
     0.17032000E+002     0.38453019E+000    -0.52821055E-010    -0.52782295E-010
     0.17040000E+002     0.34222444E+000    -0.48920894E-010    -0.48885478E-010
     0.17048000E+002     0.30136285E+000    -0.41931758E-010    -0.41900203E-010
     0.17056000E+002     0.26494948E+000    -0.32421144E-010    -0.32395391E-010
     0.17064000E+002     0.23488379E+000    -0.21125527E-010    -0.21107574E-010
     0.17072000E+002     0.21180768E+000    -0.88863848E-011    -0.88784166E-011
     0.17080000E+002     0.19510861E+000     0.34214290E-011     0.34194334E-011
     0.17088000E+002     0.18308197E+000     0.14955135E-010     0.14945432E-010
     0.17096000E+002     0.17322828E+000     0.24960886E-010     0.24944832E-010
     0.17104000E+002     0.16263139E+000     0.32823038E-010     0.32801760E-010
     0.17112000E+002     0.14837627E+000     0.38095159E-010     0.38068599E-010
     0.17120000E+002     0.12794263E+000     0.40517477E-010     0.40486270E-010
     0.17128000E+002     0.99536801E-001     0.40015958E-010     0.39983685E-010
     0.17136000E+002     0.62334656E-001     0.36684579E-010     0.36653905E-010
     0.17144000E+002     0.16590999E-001     0.30767360E-010     0.30740103E-010
     0.17152000E+002    -0.36392869E-001     0.22634440E-010     0.22611597E-010
     0.17160000E+002    -0.94443490E-001     0.12756541E-010     0.12737752E-010
     0.17168000E+002    -0.15480148E+000     0.16818000E-011     0.16691849E-011
     0.17176000E+002    -0.21446263E+000    -0.99950413E-011    -0.99989318E-011
     0.17184000E+002    -0.27053649E+000    -0.21658610E-010    -0.21653201E-010
     0.17192000E+002    -0.32057026E+000    -0.32694292E-010    -0.32679730E-010
     0.17200000E+002    -0.36279090E+000    -0.42513377E-010    -0.42491622E-010
     0.17208000E+002    -0.39623584E+000    -0.50575293E-010    -0.50547528E-010
     0.17216000E+002    -0.42074650E+000    -0.56414842E-010    -0.56380733E-010
     0.17224000E+002    -0.43684374E+000    -0.59670495E-010    -0.59631366E-010
     0.17232000E+002    -0.44552188E+000    -0.60103384E-010    -0.60061617E-010
     0.17240000E+002    -0.44798932E+000    -0.57613414E-010    -0.57572659E-010
     0.17248000E+002    -0.44540494E+000    -0.52248578E-010    -0.52212216E-010
     0.17256000E+002    -0.43864755E+000    -0.44209491E-010    -0.44178485E-010
     0.17264000E+002    -0.42814878E+000    -0.33851114E-010    -0.33826644E-010
     0.17272000E+002    -0.41383007E+000    -0.21671813E-010    -0.21655687E-010
     0.17280000E+002    -0.39513179E+000    -0.82937294E-011    -0.82883901E-011
     0.17288000E+002    -0.37111873E+000     0.55654870E-011     0.55577316E-011
     0.17296000E+002    -0.34065273E+000     0.19128569E-010     0.19108594E-010
     0.17304000E+002    -0.30259321E+000     0.31596662E-010     0.31566606E-010
     0.17312000E+002    -0.25602271E+000     0.42197595E-010     0.42159444E-010
     0.17320000E+002    -0.20047119E+000     0.50239919E-010     0.50195300E-010
     0.17328000E+002    -0.13609970E+000     0.55166878E-010     0.55116341E-010
     0.17336000E+002    -0.63843031E-001     0.56607027E-010     0.56553573E-010
     0.17344000E+002     0.14519255E-001     0.54407052E-010     0.54355376E-010
     0.17352000E+002     0.96375946E-001     0.48651315E-010     0.48605202E-010
     0.17360000E+002     0.17839107E+000     0.39667818E-010     0.39630545E-010
     0.17368000E+002     0.25673244E+000     0.28012540E-010     0.27984579E-010
     0.17376000E+002     0.32739838E+000     0.14439692E-010     0.14421344E-010
     0.17384000E+002     0.38661425E+000    -0.15010878E-012    -0.15648031E-012
     0.17392000E+002     0.43125378E+000    -0.14778556E-010    -0.14772254E-010
     0.17400000E+002     0.45922082E+000    -0.28457522E-010    -0.28438770E-010
     0.17408000E+002     0.46974288E+000    -0.40261266E-010    -0.40232194E-010
     0.17416000E+002     0.46351262E+000    -0.49392905E-010    -0.49357758E-010
     0.17424000E+002     0.44264201E+000    -0.55241079E-010    -0.55201659E-010
     0.17432000E+002     0.41043111E+000    -0.57432533E-010    -0.57390256E-010
     0.17440000E+002     0.37097939E+000    -0.55861878E-010    -0.55819208E-010
     0.17448000E+002     0.32870201E+000    -0.50697672E-010    -0.50657405E-010
     0.17456000E+002     0.28781176E+000    -0.42367779E-010    -0.42334190E-010
     0.17464000E+002     0.25182863E+000    -0.31519495E-010    -0.31494869E-010
     0.17472000E+002     0.22318537E+000    -0.18967989E-010    -0.18952279E-010
     0.17480000E+002     0.20297885E+000    -0.56318707E-011    -0.56248077E-011
     0.17488000E+002     0.19089554E+000     0.75421338E-011     0.75408985E-011
     0.17496000E+002     0.18531663E+000     0.19652605E-010     0.19641948E-010
     0.17504000E+002     0.18357590E+000     0.29911652E-010     0.29891759E-010
     0.17512000E+002     0.18233799E+000     0.37693126E-010     0.37666590E-010
     0.17520000E+002     0.17805961E+000     0.42560560E-010     0.42530044E-010
     0.17528000E+002     0.16746779E+000     0.44281594E-010     0.44250161E-010
     0.17536000E+002     0.14799667E+000     0.42824491E-010     0.42793101E-010
     0.17544000E+002     0.11811943E+000     0.38346780E-010     0.38315531E-010
     0.17552000E+002     0.77527066E-001     0.31172698E-010     0.31144341E-010
     0.17560000E+002     0.27149782E-001     0.21758235E-010     0.21735366E-010
     0.17568000E+002    -0.30985468E-001     0.10659779E-010     0.10644682E-010
     0.17576000E+002    -0.94032743E-001    -0.14978802E-011    -0.15041099E-011
     0.17584000E+002    -0.15869463E+000    -0.14050905E-010    -0.14049922E-010
     0.17592000E+002    -0.22162959E+000    -0.26320722E-010    -0.26312578E-010
     0.17600000E+002    -0.27981848E+000    -0.37645946E-010    -0.37629451E-010
     0.17608000E+002    -0.33085062E+000    -0.47412297E-010    -0.47387114E-010
     0.17616000E+002    -0.37310388E+000    -0.55078117E-010    -0.55044589E-010
     0.17624000E+002    -0.40580437E+000    -0.60199977E-010    -0.60161274E-010
     0.17632000E+002    -0.42898239E+000    -0.62451489E-010    -0.62411040E-010
     0.17640000E+002    -0.44331947E+000    -0.61643584E-010    -0.61602850E-010
     0.17648000E+002    -0.44991619E+000    -0.57742950E-010    -0.57703336E-010
     0.17656000E+002    -0.45003164E+000    -0.50879029E-010    -0.50841948E-010
     0.17664000E+002    -0.44482739E+000    -0.41343909E-010    -0.41312515E-010
     0.17672000E+002    -0.43516150E+000    -0.29580677E-010    -0.29558906E-010
     0.17680000E+002    -0.42144775E+000    -0.16166106E-010    -0.16155561E-010
     0.17688000E+002    -0.40358784E+000    -0.17917979E-011    -0.17928161E-011
     0.17696000E+002    -0.38100187E+000     0.12765683E-010     0.12753821E-010
     0.17704000E+002    -0.35275308E+000     0.26682113E-010     0.26659647E-010
     0.17712000E+002    -0.31774510E+000     0.39132630E-010     0.39098778E-010
     0.17720000E+002    -0.27496420E+000     0.49345430E-010     0.49301647E-010
     0.17728000E+002    -0.22372267E+000     0.56650830E-010     0.56600083E-010
     0.17736000E+002    -0.16388077E+000     0.60531192E-010     0.60477418E-010
     0.17744000E+002    -0.96034114E-001     0.60665811E-010     0.60612846E-010
     0.17752000E+002    -0.21627681E-001     0.56965679E-010     0.56914873E-010
     0.17760000E+002     0.57026031E-001     0.49597585E-010     0.49551195E-010
     0.17768000E+002     0.13683972E+000     0.38981919E-010     0.38943394E-010
     0.17776000E+002     0.21416017E+000     0.25769370E-010     0.25741695E-010
     0.17784000E+002     0.28506482E+000     0.10801687E-010     0.10787939E-010
     0.17792000E+002     0.34573309E+000    -0.49462319E-011    -0.49464821E-011
     0.17800000E+002     0.39286143E+000    -0.20429278E-010    -0.20418210E-010
     0.17808000E+002     0.42406436E+000    -0.34605064E-010    -0.34583172E-010
     0.17816000E+002     0.43820586E+000    -0.46514758E-010    -0.46483298E-010
     0.17824000E+002     0.43559136E+000    -0.55353940E-010    -0.55313974E-010
     0.17832000E+002     0.41798891E+000    -0.60535479E-010    -0.60489458E-010
     0.17840000E+002     0.38847271E+000    -0.61733806E-010    -0.61687065E-010
     0.17848000E+002     0.35109334E+000    -0.58906200E-010    -0.58862356E-010
     0.17856000E+002     0.31041834E+000    -0.52300331E-010    -0.52261564E-010
     0.17864000E+002     0.27098856E+000    -0.42436444E-010    -0.42404167E-010
     0.17872000E+002     0.23676833E+000    -0.30065872E-010    -0.30040932E-010
     0.17880000E+002     0.21067405E+000    -0.16109935E-010    -0.16094926E-010
     0.17888000E+002     0.19423497E+000    -0.15801505E-011    -0.15767268E-011
     0.17896000E+002     0.18743557E+000     0.12501881E-010     0.12494009E-010
     0.17904000E+002     0.18875265E+000     0.25181322E-010     0.25163868E-010
     0.17912000E+002     0.19537977E+000     0.35637632E-010     0.35613433E-010
     0.17920000E+002     0.20361997E+000     0.43234611E-010     0.43204517E-010
     0.17928000E+002     0.20938723E+000     0.47556781E-010     0.47521651E-010
     0.17936000E+002     0.20874453E+000     0.48420613E-010     0.48382745E-010
     0.17944000E+002     0.19840694E+000     0.45864580E-010     0.45826478E-010
     0.17952000E+002     0.17614391E+000     0.40128650E-010     0.40094270E-010
     0.17960000E+002     0.14103861E+000     0.31620539E-010     0.31591897E-010
     0.17968000E+002     0.93579535E-001     0.20883035E-010     0.20859935E-010
     0.17976000E+002     0.35569016E-001     0.85604242E-011     0.85441804E-011
     0.17984000E+002    -0.30129398E-001    -0.46422549E-011    -0.46504859E-011
     0.17992000E+002    -0.99958223E-001    -0.17993484E-010    -0.17992052E-010
     0.18000000E+002    -0.17009064E+000    -0.30768188E-010    -0.30755891E-010
     0.18008000E+002    -0.23684350E+000    -0.42277831E-010    -0.42256866E-010
     0.18016000E+002    -0.29704191E+000    -0.51893175E-010    -0.51865572E-010
     0.18024000E+002    -0.34829557E+000    -0.59072956E-010    -0.59039805E-010
     0.18032000E+002    -0.38915264E+000    -0.63391958E-010    -0.63354269E-010
     0.18040000E+002    -0.41913076E+000    -0.64563744E-010    -0.64522044E-010
     0.18048000E+002    -0.43861645E+000    -0.62459892E-010    -0.62417167E-010
     0.18056000E+002    -0.44866681E+000    -0.57117370E-010    -0.57077658E-010
     0.18064000E+002    -0.45074866E+000    -0.48741017E-010    -0.48706984E-010
     0.18072000E+002    -0.44643335E+000    -0.37701798E-010    -0.37675308E-010
     0.18080000E+002    -0.43710865E+000    -0.24525050E-010    -0.24506595E-010
     0.18088000E+002    -0.42374240E+000    -0.98720093E-011    -0.98630235E-011
     0.18096000E+002    -0.40673616E+000     0.54907065E-011     0.54877206E-011
     0.18104000E+002    -0.38590345E+000     0.20728190E-010     0.20712271E-010
     0.18112000E+002    -0.36054776E+000     0.34976008E-010     0.34947487E-010
     0.18120000E+002    -0.32963275E+000     0.47386386E-010     0.47347687E-010
     0.18128000E+002    -0.29202240E+000     0.57177122E-010     0.57130866E-010
     0.18136000E+002    -0.24674770E+000     0.63686706E-010     0.63634114E-010
     0.18144000E+002    -0.19327586E+000     0.66430685E-010     0.66374173E-010
     0.18152000E+002    -0.13173491E+000     0.65144778E-010     0.65087430E-010
     0.18160000E+002    -0.63060833E-001     0.59817029E-010     0.59763182E-010
     0.18168000E+002     0.10937500E-001     0.50701067E-010     0.50655541E-010
     0.18176000E+002     0.87612374E-001     0.38309574E-010     0.38274101E-010
     0.18184000E+002     0.16361953E+000     0.23394184E-010     0.23370029E-010
     0.18192000E+002     0.23516838E+000     0.68990133E-011     0.68874644E-011
     0.18200000E+002     0.29837457E+000    -0.10104065E-010    -0.10102517E-010
     0.18208000E+002     0.34967339E+000    -0.26490055E-010    -0.26473974E-010
     0.18216000E+002     0.38624349E+000    -0.41166007E-010    -0.41136852E-010
     0.18224000E+002     0.40639104E+000    -0.53147439E-010    -0.53109097E-010
     0.18232000E+002     0.40982756E+000    -0.61628308E-010    -0.61583599E-010
     0.18240000E+002     0.39779253E+000    -0.66045707E-010    -0.65997989E-010
     0.18248000E+002     0.37297889E+000    -0.66122918E-010    -0.66074408E-010
     0.18256000E+002     0.33925351E+000    -0.61894509E-010    -0.61847395E-010
     0.18264000E+002     0.30121605E+000    -0.53705511E-010    -0.53664295E-010
     0.18272000E+002     0.26364387E+000    -0.42180608E-010    -0.42148588E-010
     0.18280000E+002     0.23090394E+000    -0.28176922E-010    -0.28155923E-010
     0.18288000E+002     0.20641008E+000    -0.12716960E-010    -0.12707170E-010
     0.18296000E+002     0.19219004E+000     0.30920529E-011     0.30917815E-011
     0.18304000E+002     0.18864246E+000     0.18144841E-010     0.18134301E-010
     0.18312000E+002     0.19450571E+000     0.31426826E-010     0.31406246E-010
     0.18320000E+002     0.20703976E+000     0.42086744E-010     0.42057282E-010
     0.18328000E+002     0.22239818E+000     0.49489477E-010     0.49453694E-010
     0.18336000E+002     0.23612321E+000     0.53245198E-010     0.53207329E-010
     0.18344000E+002     0.24371679E+000     0.53214638E-010     0.53176750E-010
     0.18352000E+002     0.24121403E+000     0.49502230E-010     0.49465610E-010
     0.18360000E+002     0.22567944E+000     0.42430402E-010     0.42396780E-010
     0.18368000E+002     0.19556826E+000     0.32501200E-010     0.32471899E-010
     0.18376000E+002     0.15089679E+000     0.20355019E-010     0.20333347E-010
     0.18384000E+002     0.93213819E-001     0.67230890E-011     0.67110957E-011
     0.18392000E+002     0.25390959E-001    -0.76112429E-011    -0.76142075E-011
     0.18400000E+002    -0.48739903E-001    -0.21845385E-010    -0.21839327E-010
     0.18408000E+002    -0.12484547E+000    -0.35194688E-010    -0.35180203E-010
     0.18416000E+002    -0.19858644E+000    -0.46924421E-010    -0.46901419E-010
     0.18424000E+002    -0.26607832E+000    -0.56383247E-010    -0.56351180E-010
     0.18432000E+002    -0.32425128E+000    -0.63034458E-010    -0.62995825E-010
     0.18440000E+002    -0.37108187E+000    -0.66476674E-010    -0.66434558E-010
     0.18448000E+002    -0.40568492E+000    -0.66465671E-010    -0.66422779E-010
     0.18456000E+002    -0.42826373E+000    -0.62931736E-010    -0.62890472E-010
     0.18464000E+002    -0.43993374E+000    -0.55989108E-010    -0.55950586E-010
     0.18472000E+002    -0.44243454E+000    -0.45938680E-010    -0.45905573E-010
     0.18480000E+002    -0.43777813E+000    -0.33254138E-010    -0.33230032E-010
     0.18488000E+002    -0.42790075E+000    -0.18560004E-010    -0.18547443E-010
     0.18496000E+002    -0.41435761E+000    -0.26058249E-011    -0.26062263E-011
     0.18504000E+002    -0.39810560E+000     0.13766352E-010     0.13753830E-010
     0.18512000E+002    -0.37939536E+000     0.29657171E-010     0.29633134E-010
     0.18520000E+002    -0.35777900E+000     0.44155803E-010     0.44119930E-010
     0.18528000E+002    -0.33225100E+000     0.56392744E-010     0.56345735E-010
     0.18536000E+002    -0.30148667E+000     0.65592044E-010     0.65535565E-010
     0.18544000E+002    -0.26413454E+000     0.71124726E-010     0.71062995E-010
     0.18552000E+002    -0.21912360E+000     0.72555342E-010     0.72493033E-010
     0.18560000E+002    -0.16593689E+000     0.69684007E-010     0.69623810E-010
     0.18568000E+002    -0.10483738E+000     0.62580044E-010     0.62524695E-010
     0.18576000E+002    -0.37016278E-001     0.51593123E-010     0.51544822E-010
     0.18584000E+002     0.35372500E-001     0.37344151E-010     0.37306122E-010
     0.18592000E+002     0.10930294E+000     0.20690347E-010     0.20666859E-010
     0.18600000E+002     0.18110018E+000     0.26689867E-011     0.26609910E-011
     0.18608000E+002     0.24677521E+000    -0.15566977E-010    -0.15559984E-010
     0.18616000E+002     0.30244111E+000    -0.32828380E-010    -0.32807732E-010
     0.18624000E+002     0.34477575E+000    -0.47974546E-010    -0.47942680E-010
     0.18632000E+002     0.37146882E+000    -0.59994980E-010    -0.59952505E-010
     0.18640000E+002     0.38158172E+000    -0.68088878E-010    -0.68038149E-010
     0.18648000E+002     0.37575121E+000    -0.71723097E-010    -0.71668942E-010
     0.18656000E+002     0.35618866E+000    -0.70670359E-010    -0.70616863E-010
     0.18664000E+002     0.32646686E+000    -0.65031385E-010    -0.64982812E-010
     0.18672000E+002     0.29111782E+000    -0.55229637E-010    -0.55188301E-010
     0.18680000E+002     0.25508551E+000    -0.41985612E-010    -0.41952584E-010
     0.18688000E+002     0.22310811E+000    -0.26264873E-010    -0.26242848E-010
     0.18696000E+002     0.19911188E+000    -0.91989883E-011    -0.91900389E-011
     0.18704000E+002     0.18570045E+000     0.80032385E-011     0.79981650E-011
     0.18712000E+002     0.18382183E+000     0.24151058E-010     0.24133308E-010
     0.18720000E+002     0.19264620E+000     0.38160980E-010     0.38133778E-010
     0.18728000E+002     0.20967059E+000     0.49132665E-010     0.49097976E-010
     0.18736000E+002     0.23104122E+000     0.56410812E-010     0.56370414E-010
     0.18744000E+002     0.25204379E+000     0.59618710E-010     0.59574019E-010
     0.18752000E+002     0.26771415E+000     0.58666193E-010     0.58619691E-010
     0.18760000E+002     0.27347909E+000     0.53732639E-010     0.53689239E-010
     0.18768000E+002     0.26573495E+000     0.45228835E-010     0.45191451E-010
     0.18776000E+002     0.24229819E+000     0.33756410E-010     0.33726502E-010
     0.18784000E+002     0.20266214E+000     0.20060993E-010     0.20039508E-010
     0.18792000E+002     0.14804050E+000     0.49823207E-011     0.49689511E-011
     0.18800000E+002     0.81192648E-001    -0.10591594E-010    -0.10594868E-010
     0.18808000E+002     0.60530981E-002    -0.25773576E-010    -0.25765078E-010
     0.18816000E+002    -0.72761423E-001    -0.39717416E-010    -0.39698388E-010
     0.18824000E+002    -0.15049514E+000    -0.51649239E-010    -0.51621231E-010
     0.18832000E+002    -0.22276486E+000    -0.60900990E-010    -0.60866667E-010
     0.18840000E+002    -0.28598241E+000    -0.66939049E-010    -0.66900229E-010
     0.18848000E+002    -0.33765958E+000    -0.69392964E-010    -0.69349933E-010
     0.18856000E+002    -0.37655814E+000    -0.68079404E-010    -0.68034634E-010
     0.18864000E+002    -0.40267930E+000    -0.63010714E-010    -0.62967709E-010
     0.18872000E+002    -0.41710651E+000    -0.54396558E-010    -0.54359007E-010
     0.18880000E+002    -0.42172175E+000    -0.42635864E-010    -0.42606740E-010
     0.18888000E+002    -0.41884783E+000    -0.28300654E-010    -0.28280562E-010
     0.18896000E+002    -0.41085610E+000    -0.12114639E-010    -0.12104695E-010
     0.18904000E+002    -0.39978226E+000     0.50817562E-011     0.50795990E-011
     0.18912000E+002    -0.38702043E+000     0.22371845E-010     0.22355842E-010
     0.18920000E+002    -0.37313507E+000     0.38806121E-010     0.38775493E-010
     0.18928000E+002    -0.35781731E+000     0.53449060E-010     0.53406221E-010
     0.18936000E+002    -0.33999723E+000     0.65423823E-010     0.65371901E-010
     0.18944000E+002    -0.31807063E+000     0.73964351E-010     0.73905628E-010
     0.18952000E+002    -0.29021690E+000     0.78470310E-010     0.78406979E-010
     0.18960000E+002    -0.25476896E+000     0.78556283E-010     0.78490231E-010
     0.18968000E+002    -0.21056612E+000     0.74094269E-010     0.74029932E-010
     0.18976000E+002    -0.15725637E+000     0.65236138E-010     0.65179026E-010
     0.18984000E+002    -0.95495261E-001     0.52418944E-010     0.52372489E-010
     0.18992000E+002    -0.27017481E-001     0.36353993E-010     0.36320616E-010
     0.19000000E+002     0.45412023E-001     0.17989480E-010     0.17969400E-010
     0.19008000E+002     0.11819013E+000    -0.15448678E-011    -0.15512380E-011
     0.19016000E+002     0.18719714E+000    -0.21013223E-010    -0.21003646E-010
     0.19024000E+002     0.24822659E+000    -0.39163260E-010    -0.39138103E-010
     0.19032000E+002     0.29748236E+000    -0.54810593E-010    -0.54771942E-010
     0.19040000E+002     0.33206296E+000    -0.66922361E-010    -0.66873743E-010
     0.19048000E+002     0.35037494E+000    -0.74692324E-010    -0.74638787E-010
     0.19056000E+002     0.35240694E+000    -0.77600071E-010    -0.77543993E-010
     0.19064000E+002     0.33981156E+000    -0.75458915E-010    -0.75402594E-010
     0.19072000E+002     0.31577202E+000    -0.68435174E-010    -0.68382738E-010
     0.19080000E+002     0.28464510E+000    -0.57037868E-010    -0.56993246E-010
     0.19088000E+002     0.25142975E+000    -0.42085568E-010    -0.42053060E-010
     0.19096000E+002     0.22113403E+000    -0.24645646E-010    -0.24627036E-010
     0.19104000E+002     0.19812320E+000    -0.59569746E-011    -0.59514331E-011
     0.19112000E+002     0.18554366E+000     0.12663613E-010     0.12656543E-010
     0.19120000E+002     0.18489558E+000     0.29927453E-010     0.29908211E-010
     0.19128000E+002     0.19581587E+000     0.44675071E-010     0.44643666E-010
     0.19136000E+002     0.21611365E+000     0.55964252E-010     0.55922672E-010
     0.19144000E+002     0.24205100E+000     0.63129632E-010     0.63082293E-010
     0.19152000E+002     0.26882676E+000     0.65812443E-010     0.65763108E-010
     0.19160000E+002     0.29119820E+000     0.63967426E-010     0.63919568E-010
     0.19168000E+002     0.30415195E+000     0.57842378E-010     0.57797517E-010
     0.19176000E+002     0.30354416E+000     0.47942107E-010     0.47901319E-010
     0.19184000E+002     0.28662683E+000     0.34977784E-010     0.34944876E-010
     0.19192000E+002     0.25237782E+000     0.19803616E-010     0.19781239E-010
     0.19200000E+002     0.20159862E+000     0.33611336E-011     0.33505248E-011
     0.19208000E+002     0.13677258E+000    -0.13373368E-010    -0.13372135E-010
     0.19216000E+002     0.61723437E-001    -0.29437156E-010    -0.29426452E-010
     0.19224000E+002    -0.18860624E-001    -0.43920375E-010    -0.43900565E-010
     0.19232000E+002    -0.99982561E-001    -0.56009670E-010    -0.55980112E-010
     0.19240000E+002    -0.17688990E+000    -0.65025824E-010    -0.64987984E-010
     0.19248000E+002    -0.24555988E+000    -0.70451164E-010    -0.70407372E-010
     0.19256000E+002    -0.30305980E+000    -0.71954709E-010    -0.71909279E-010
     0.19264000E+002    -0.34774112E+000    -0.69406659E-010    -0.69363418E-010
     0.19272000E+002    -0.37928126E+000    -0.62887842E-010    -0.62848066E-010
     0.19280000E+002    -0.39857129E+000    -0.52692898E-010    -0.52658276E-010
     0.19288000E+002    -0.40746115E+000    -0.39316536E-010    -0.39289315E-010
     0.19296000E+002    -0.40839680E+000    -0.23429801E-010    -0.23413293E-010
     0.19304000E+002    -0.40398144E+000    -0.58461918E-011    -0.58435571E-011
     0.19312000E+002    -0.39654210E+000     0.12517539E-010     0.12506093E-010
     0.19320000E+002    -0.38777030E+000     0.30679723E-010     0.30655054E-010
     0.19328000E+002    -0.37847577E+000     0.47639026E-010     0.47602284E-010
     0.19336000E+002    -0.36849560E+000     0.62423364E-010     0.62375228E-010
     0.19344000E+002    -0.35676325E+000     0.74142581E-010     0.74083279E-010
     0.19352000E+002    -0.34152853E+000     0.82043116E-010     0.81975635E-010
     0.19360000E+002    -0.32070292E+000     0.85555916E-010     0.85484674E-010
     0.19368000E+002    -0.29226061E+000     0.84342740E-010     0.84272234E-010
     0.19376000E+002    -0.25462895E+000     0.78335021E-010     0.78269300E-010
     0.19384000E+002    -0.20702253E+000     0.67758342E-010     0.67699328E-010
     0.19392000E+002    -0.14967982E+000     0.53140483E-010     0.53091264E-010
     0.19400000E+002    -0.83984574E-001     0.35289300E-010     0.35254066E-010
     0.19408000E+002    -0.12454812E-001     0.15247301E-010     0.15228753E-010
     0.19416000E+002     0.61422466E-001    -0.57699518E-011    -0.57699789E-011
     0.19424000E+002     0.13349462E+000    -0.26453912E-010    -0.26436969E-010
     0.19432000E+002     0.19936072E+000    -0.45487448E-010    -0.45456496E-010
     0.19440000E+002     0.25486478E+000    -0.61635934E-010    -0.61592046E-010
     0.19448000E+002     0.29660425E+000    -0.73840757E-010    -0.73786318E-010
     0.19456000E+002     0.32239961E+000    -0.81294952E-010    -0.81233097E-010
     0.19464000E+002     0.33164300E+000    -0.83504622E-010    -0.83439713E-010
     0.19472000E+002     0.32545634E+000    -0.80328762E-010    -0.80267301E-010
     0.19480000E+002     0.30662280E+000    -0.71991905E-010    -0.71937796E-010
     0.19488000E+002     0.27927871E+000    -0.59079441E-010    -0.59034766E-010
     0.19496000E+002     0.24841470E+000    -0.42502516E-010    -0.42469304E-010
     0.19504000E+002     0.21924314E+000    -0.23432449E-010    -0.23412202E-010
     0.19512000E+002     0.19651145E+000    -0.32138587E-011    -0.32090659E-011
     0.19520000E+002     0.18386573E+000     0.16742424E-010     0.16731066E-010
     0.19528000E+002     0.18334684E+000     0.35067995E-010     0.35042526E-010
     0.19536000E+002     0.19510410E+000     0.50539559E-010     0.50503071E-010
     0.19544000E+002     0.21736560E+000     0.62169925E-010     0.62126028E-010
     0.19552000E+002     0.24665595E+000     0.69274041E-010     0.69224479E-010
     0.19560000E+002     0.27823877E+000     0.71508432E-010     0.71455326E-010
     0.19568000E+002     0.30672062E+000     0.68874221E-010     0.68821428E-010
     0.19576000E+002     0.32673963E+000     0.61689166E-010     0.61640176E-010
     0.19584000E+002     0.33364994E+000     0.50542715E-010     0.50501578E-010
     0.19592000E+002     0.32410228E+000     0.36235730E-010     0.36204205E-010
     0.19600000E+002     0.29644697E+000     0.19720040E-010     0.19697741E-010
     0.19608000E+002     0.25091439E+000     0.20374216E-011     0.20259299E-011
     0.19616000E+002     0.18955332E+000    -0.15745552E-010    -0.15745202E-010
     0.19624000E+002     0.11594386E+000    -0.32591396E-010    -0.32578763E-010
     0.19632000E+002     0.34732260E-001    -0.47539777E-010    -0.47515131E-010
     0.19640000E+002    -0.48940710E-001    -0.59748917E-010    -0.59715734E-010
     0.19648000E+002    -0.13002301E+000    -0.68526163E-010    -0.68487098E-010
     0.19656000E+002    -0.20407597E+000    -0.73361631E-010    -0.73317916E-010
     0.19664000E+002    -0.26768864E+000    -0.73955441E-010    -0.73909012E-010
     0.19672000E+002    -0.31874111E+000    -0.70232604E-010    -0.70185520E-010
     0.19680000E+002    -0.35650713E+000    -0.62349697E-010    -0.62306201E-010
     0.19688000E+002    -0.38157562E+000    -0.50684746E-010    -0.50649437E-010
     0.19696000E+002    -0.39560966E+000    -0.35819114E-010    -0.35794272E-010
     0.19704000E+002    -0.40099041E+000    -0.18513138E-010    -0.18500105E-010
     0.19712000E+002    -0.40038063E+000     0.33163991E-012     0.33244372E-012
     0.19720000E+002    -0.39628130E+000     0.19715651E-010     0.19702914E-010
     0.19728000E+002    -0.39063403E+000     0.38591681E-010     0.38563545E-010
     0.19736000E+002    -0.38452076E+000     0.55916734E-010     0.55873717E-010
     0.19744000E+002    -0.37802955E+000     0.70698639E-010     0.70642803E-010
     0.19752000E+002    -0.37028795E+000     0.82046533E-010     0.81981503E-010
     0.19760000E+002    -0.35965648E+000     0.89221804E-010     0.89151106E-010
     0.19768000E+002    -0.34404778E+000     0.91689683E-010     0.91615375E-010
     0.19776000E+002    -0.32130413E+000     0.89167990E-010     0.89093630E-010
     0.19784000E+002    -0.28959734E+000     0.81659029E-010     0.81589020E-010
     0.19792000E+002    -0.24779435E+000     0.69467550E-010     0.69406686E-010
     0.19800000E+002    -0.19573474E+000     0.53200234E-010     0.53153074E-010
     0.19808000E+002    -0.13439491E+000     0.33742957E-010     0.33710828E-010
     0.19816000E+002    -0.65912957E-001     0.12219691E-010     0.12203517E-010
     0.19824000E+002     0.65259258E-002    -0.10076159E-010    -0.10075035E-010
     0.19832000E+002     0.78938203E-001    -0.31768413E-010    -0.31749861E-010
     0.19840000E+002     0.14692610E+000    -0.51490421E-010    -0.51454326E-010
     0.19848000E+002     0.20616602E+000    -0.67981453E-010    -0.67930828E-010
     0.19856000E+002     0.25294434E+000    -0.80171494E-010    -0.80111618E-010
     0.19864000E+002     0.28466397E+000    -0.87256501E-010    -0.87191045E-010
     0.19872000E+002     0.30023439E+000    -0.88764221E-010    -0.88697221E-010
     0.19880000E+002     0.30028758E+000    -0.84593854E-010    -0.84528812E-010
     0.19888000E+002     0.28717651E+000    -0.75032434E-010    -0.74972987E-010
     0.19896000E+002     0.26473275E+000    -0.60741345E-010    -0.60693125E-010
     0.19904000E+002     0.23780784E+000    -0.42710367E-010    -0.42676968E-010
     0.19912000E+002     0.21164599E+000    -0.22193029E-010    -0.22175790E-010
     0.19920000E+002     0.19118535E+000    -0.61767276E-012    -0.61651294E-012
     0.19928000E+002     0.18039796E+000     0.20520054E-010     0.20506463E-010
     0.19936000E+002     0.18174311E+000     0.39772720E-010     0.39744619E-010
     0.19944000E+002     0.19581719E+000     0.55858340E-010     0.55816994E-010
     0.19952000E+002     0.22123991E+000     0.67756116E-010     0.67704543E-010
     0.19960000E+002     0.25479435E+000     0.74774021E-010     0.74716430E-010
     0.19968000E+002     0.29182201E+000     0.76584747E-010     0.76526408E-010
     0.19976000E+002     0.32680165E+000     0.73226183E-010     0.73169857E-010
     0.19984000E+002     0.35404006E+000     0.65078602E-010     0.65026248E-010
     0.19992000E+002     0.36838787E+000     0.52814853E-010     0.52769338E-010
     0.20000000E+002     0.36588331E+000     0.37331624E-010     0.37295122E-010
     0.20008000E+002     0.34425252E+000     0.19678064E-010     0.19653861E-010
     0.20016000E+002     0.30318325E+000     0.98074512E-012     0.97023471E-012
     0.20024000E+002     0.24433288E+000    -0.17620603E-010    -0.17619141E-010
     0.20032000E+002     0.17108283E+000    -0.35027052E-010    -0.35014289E-010
     0.20040000E+002     0.88085706E-001    -0.50234871E-010    -0.50211832E-010
     0.20048000E+002     0.69128107E-003    -0.62379187E-010    -0.62346812E-010
     0.20056000E+002    -0.85672669E-001    -0.70771523E-010    -0.70730627E-010
     0.20064000E+002    -0.16608786E+000    -0.74930939E-010    -0.74885448E-010
     0.20072000E+002    -0.23662472E+000    -0.74600877E-010    -0.74554817E-010
     0.20080000E+002    -0.29466529E+000    -0.69762730E-010    -0.69718921E-010
     0.20088000E+002    -0.33903991E+000    -0.60640376E-010    -0.60601338E-010
     0.20096000E+002    -0.36998118E+000    -0.47690065E-010    -0.47657334E-010
     0.20104000E+002    -0.38892465E+000    -0.31579322E-010    -0.31555943E-010
     0.20112000E+002    -0.39817667E+000    -0.13149215E-010    -0.13138678E-010
     0.20120000E+002    -0.40048668E+000     0.66301118E-011     0.66261680E-011
     0.20128000E+002    -0.39858455E+000     0.26705443E-010     0.26686644E-010
     0.20136000E+002    -0.39474322E+000     0.45990641E-010     0.45958412E-010
     0.20144000E+002    -0.39044185E+000     0.63415702E-010     0.63370946E-010
     0.20152000E+002    -0.38617585E+000     0.77980304E-010     0.77923123E-010
     0.20160000E+002    -0.38142008E+000     0.88807148E-010     0.88739488E-010
     0.20168000E+002    -0.37475744E+000     0.95189077E-010     0.95114171E-010
     0.20176000E+002    -0.36414724E+000     0.96635413E-010     0.96558373E-010
     0.20184000E+002    -0.34729409E+000     0.92910855E-010     0.92836718E-010
     0.20192000E+002    -0.32207141E+000     0.84068474E-010     0.83999960E-010
     0.20200000E+002    -0.28691853E+000     0.70472757E-010     0.70412969E-010
     0.20208000E+002    -0.24116650E+000     0.52796710E-010     0.52748886E-010
     0.20216000E+002    -0.18526100E+000     0.31996500E-010     0.31964283E-010
     0.20224000E+002    -0.12085141E+000     0.92606796E-011     0.92477797E-011
     0.20232000E+002    -0.50739130E-001    -0.14063050E-010    -0.14056706E-010
     0.20240000E+002     0.21335715E-001    -0.36549089E-010    -0.36525145E-010
     0.20248000E+002     0.91059363E-001    -0.56789035E-010    -0.56749339E-010
     0.20256000E+002     0.15402005E+000    -0.73491140E-010    -0.73438514E-010
     0.20264000E+002     0.20624511E+000    -0.85571499E-010    -0.85507706E-010
     0.20272000E+002     0.24472540E+000    -0.92237320E-010    -0.92166286E-010
     0.20280000E+002     0.26785425E+000    -0.93045037E-010    -0.92973065E-010
     0.20288000E+002     0.27570753E+000    -0.87934179E-010    -0.87866144E-010
     0.20296000E+002     0.27010031E+000    -0.77243057E-010    -0.77183489E-010
     0.20304000E+002     0.25440061E+000    -0.61693708E-010    -0.61645437E-010
     0.20312000E+002     0.23312071E+000    -0.42350702E-010    -0.42315555E-010
     0.20320000E+002     0.21133923E+000    -0.20550865E-010    -0.20532200E-010
     0.20328000E+002     0.19403346E+000     0.21974988E-011     0.21978612E-011
     0.20336000E+002     0.18540661E+000     0.24327699E-010     0.24310011E-010
     0.20344000E+002     0.18829533E+000     0.44335078E-010     0.44301725E-010
     0.20352000E+002     0.20374948E+000     0.60892726E-010     0.60847692E-010
     0.20360000E+002     0.23084016E+000     0.72950609E-010     0.72896411E-010
     0.20368000E+002     0.26672360E+000     0.79812644E-010     0.79751980E-010
     0.20376000E+002     0.30696179E+000     0.81175227E-010     0.81111417E-010
     0.20384000E+002     0.34605151E+000     0.77128324E-010     0.77065575E-010
     0.20392000E+002     0.37810903E+000     0.68121862E-010     0.68065924E-010
     0.20400000E+002     0.39762277E+000     0.54904015E-010     0.54857791E-010
     0.20408000E+002     0.40016219E+000     0.38452299E-010     0.38416780E-010
     0.20416000E+002     0.38295192E+000     0.19895830E-010     0.19872098E-010
     0.20424000E+002     0.34521791E+000     0.43575775E-012     0.42387545E-012
     0.20432000E+002     0.28826532E+000    -0.18724522E-010    -0.18722862E-010
     0.20440000E+002     0.21528720E+000    -0.36446398E-010    -0.36430601E-010
     0.20448000E+002     0.13093247E+000    -0.51707677E-010    -0.51680674E-010
     0.20456000E+002     0.40717646E-001    -0.63640424E-010    -0.63604977E-010
     0.20464000E+002    -0.49631450E-001    -0.71568722E-010    -0.71527884E-010
     0.20472000E+002    -0.13480823E+000    -0.75036493E-010    -0.74992483E-010
     0.20480000E+002    -0.21044185E+000    -0.73829528E-010    -0.73783397E-010
     0.20488000E+002    -0.27346756E+000    -0.67988920E-010    -0.67944253E-010
     0.20496000E+002    -0.32231688E+000    -0.57804217E-010    -0.57765295E-010
     0.20504000E+002    -0.35692642E+000    -0.43797795E-010    -0.43768139E-010
     0.20512000E+002    -0.37857691E+000    -0.26699321E-010    -0.26681391E-010
     0.20520000E+002    -0.38957442E+000    -0.74087531E-011    -0.74028351E-011
     0.20528000E+002    -0.39283076E+000     0.13046307E-010     0.13039124E-010
     0.20536000E+002    -0.39139451E+000     0.33564964E-010     0.33542965E-010
     0.20544000E+002    -0.38798055E+000     0.53029764E-010     0.52992366E-010
     0.20552000E+002    -0.38456862E+000     0.70358984E-010     0.70306890E-010
     0.20560000E+002    -0.38211822E+000     0.84556941E-010     0.84493605E-010
     0.20568000E+002    -0.38044646E+000     0.94759161E-010     0.94688104E-010
     0.20576000E+002    -0.37830463E+000     0.10028087E-009     0.10020429E-009
     0.20584000E+002    -0.37362175E+000     0.10066610E-009     0.10058681E-009
     0.20592000E+002    -0.36387524E+000     0.95728272E-010     0.95649542E-010
     0.20600000E+002    -0.34653638E+000     0.85581200E-010     0.85508418E-010
     0.20608000E+002    -0.31951402E+000     0.70651014E-010     0.70589975E-010
     0.20616000E+002    -0.28155609E+000     0.51670824E-010     0.51624450E-010
     0.20624000E+002    -0.23254558E+000     0.29657691E-010     0.29627769E-010
     0.20632000E+002    -0.17363882E+000     0.58612912E-011     0.58483547E-011
     0.20640000E+002    -0.10724405E+000    -0.18309073E-010    -0.18304223E-010
     0.20648000E+002    -0.36828691E-001    -0.41378003E-010    -0.41353518E-010
     0.20656000E+002     0.33418388E-001    -0.61908448E-010    -0.61865822E-010
     0.20664000E+002     0.99040366E-001    -0.78597553E-010    -0.78540544E-010
     0.20672000E+002     0.15585318E+000    -0.90367609E-010    -0.90300958E-010
     0.20680000E+002     0.20048829E+000    -0.96444353E-010    -0.96373683E-010
     0.20688000E+002     0.23086132E+000    -0.96415138E-010    -0.96343566E-010
     0.20696000E+002     0.24648782E+000    -0.90270746E-010    -0.90201780E-010
     0.20704000E+002     0.24859037E+000    -0.78414073E-010    -0.78353220E-010
     0.20712000E+002     0.23999086E+000    -0.61637131E-010    -0.61588957E-010
     0.20720000E+002     0.22477941E+000    -0.41074686E-010    -0.41043207E-010
     0.20728000E+002     0.20779452E+000    -0.18127569E-010    -0.18113976E-010
     0.20736000E+002     0.19397995E+000     0.56333506E-011     0.56303259E-011
     0.20744000E+002     0.18769937E+000     0.28581378E-010     0.28562075E-010
     0.20752000E+002     0.19211603E+000     0.49163596E-010     0.49128755E-010
     0.20760000E+002     0.20871534E+000     0.66022892E-010     0.65973903E-010
     0.20768000E+002     0.23703075E+000     0.78102868E-010     0.78043264E-010
     0.20776000E+002     0.27462260E+000     0.84720612E-010     0.84656161E-010
     0.20784000E+002     0.31732428E+000     0.85600752E-010     0.85535780E-010
     0.20792000E+002     0.35973776E+000     0.80877263E-010     0.80815243E-010
     0.20800000E+002     0.39591733E+000     0.71057961E-010     0.71001054E-010
     0.20808000E+002     0.42013835E+000     0.56962970E-010     0.56913137E-010
     0.20816000E+002     0.42764339E+000     0.39645409E-010     0.39606943E-010
     0.20824000E+002     0.41526567E+000     0.20300910E-010     0.20276198E-010
     0.20832000E+002     0.38183803E+000     0.18764704E-012     0.17690163E-012
     0.20840000E+002     0.32833233E+000    -0.19445931E-010    -0.19443319E-010
     0.20848000E+002     0.25770675E+000    -0.37425742E-010    -0.37412243E-010
     0.20856000E+002     0.17449179E+000    -0.52703499E-010    -0.52679639E-010
     0.20864000E+002     0.84203452E-001    -0.64406085E-010    -0.64371957E-010
     0.20872000E+002    -0.73228308E-002    -0.71872949E-010    -0.71831512E-010
     0.20880000E+002    -0.94574780E-001    -0.74678960E-010    -0.74633800E-010
     0.20888000E+002    -0.17291267E+000    -0.72652942E-010    -0.72608646E-010
     0.20896000E+002    -0.23898184E+000    -0.65883637E-010    -0.65843712E-010
     0.20904000E+002    -0.29094166E+000    -0.54717191E-010    -0.54682648E-010
     0.20912000E+002    -0.32851208E+000    -0.39743479E-010    -0.39716458E-010
     0.20920000E+002    -0.35284239E+000    -0.21761738E-010    -0.21745166E-010
     0.20928000E+002    -0.36622284E+000    -0.17366014E-011    -0.17336883E-011
     0.20936000E+002    -0.37168601E+000     0.19253839E-010     0.19240811E-010
     0.20944000E+002    -0.37251886E+000     0.40072874E-010     0.40044950E-010
     0.20952000E+002    -0.37174849E+000     0.59576230E-010     0.59535029E-010
     0.20960000E+002    -0.37168058E+000     0.76667734E-010     0.76614458E-010
     0.20968000E+002    -0.37355254E+000     0.90353131E-010     0.90288864E-010
     0.20976000E+002    -0.37737059E+000     0.99789939E-010     0.99715810E-010
     0.20984000E+002    -0.38194270E+000     0.10433529E-009     0.10425540E-009
     0.20992000E+002    -0.38509245E+000     0.10358392E-009     0.10350360E-009
     0.21000000E+002    -0.38403265E+000     0.97404059E-010     0.97327705E-010
     0.21008000E+002    -0.37583573E+000     0.85967434E-010     0.85898824E-010
     0.21016000E+002    -0.35792932E+000     0.69762462E-010     0.69703825E-010
     0.21024000E+002    -0.32854235E+000     0.49590075E-010     0.49544799E-010
     0.21032000E+002    -0.28703163E+000     0.26530448E-010     0.26502798E-010
     0.21040000E+002    -0.23405908E+000     0.18847197E-011     0.18767042E-011
     0.21048000E+002    -0.17161122E+000    -0.22899597E-010    -0.22887522E-010
     0.21056000E+002    -0.10285044E+000    -0.46322099E-010    -0.46292222E-010
     0.21064000E+002    -0.31809892E-001    -0.66928489E-010    -0.66883854E-010
     0.21072000E+002     0.37044571E-001    -0.83411541E-010    -0.83353382E-010
     0.21080000E+002     0.99340450E-001    -0.94708488E-010    -0.94639879E-010
     0.21088000E+002     0.15133840E+000    -0.10007616E-009    -0.10000163E-009
     0.21096000E+002     0.19042359E+000    -0.99147104E-010    -0.99072211E-010
     0.21104000E+002     0.21547622E+000    -0.91962375E-010    -0.91893972E-010
     0.21112000E+002     0.22705681E+000    -0.78975758E-010    -0.78917560E-010
     0.21120000E+002     0.22737295E+000    -0.61037257E-010    -0.60991425E-010
     0.21128000E+002     0.22000885E+000    -0.39343915E-010    -0.39313309E-010
     0.21136000E+002     0.20945684E+000    -0.15359136E-010    -0.15345917E-010
     0.21144000E+002     0.20050939E+000     0.92890894E-011     0.92825833E-011
     0.21152000E+002     0.19758224E+000     0.32930502E-010     0.32904541E-010
     0.21160000E+002     0.20406974E+000     0.53978196E-010     0.53936316E-010
     0.21168000E+002     0.22181153E+000     0.71049959E-010     0.70995983E-010
     0.21176000E+002     0.25075734E+000     0.83077213E-010     0.83015021E-010
     0.21184000E+002     0.28889136E+000     0.89382063E-010     0.89314213E-010
     0.21192000E+002     0.33242331E+000     0.89718614E-010     0.89648357E-010
     0.21200000E+002     0.37623770E+000     0.84268971E-010     0.84201597E-010
     0.21208000E+002     0.41453894E+000     0.73599628E-010     0.73539473E-010
     0.21216000E+002     0.44160520E+000     0.58596642E-010     0.58547494E-010
     0.21224000E+002     0.45255167E+000     0.40381012E-010     0.40344272E-010
     0.21232000E+002     0.44398351E+000     0.20220638E-010     0.20195767E-010
     0.21240000E+002     0.41444296E+000    -0.55582549E-012    -0.56728639E-012
     0.21248000E+002     0.36458614E+000    -0.20645485E-010    -0.20642868E-010
     0.21256000E+002     0.29706878E+000    -0.38839182E-010    -0.38823258E-010
     0.21264000E+002     0.21617579E+000    -0.54076129E-010    -0.54048503E-010
     0.21272000E+002     0.12726364E+000    -0.65489431E-010    -0.65454397E-010
     0.21280000E+002     0.36104165E-001    -0.72436804E-010    -0.72397257E-010
     0.21288000E+002    -0.51770166E-001    -0.74529438E-010    -0.74486734E-010
     0.21296000E+002    -0.13163639E+000    -0.71650714E-010    -0.71607551E-010
     0.21304000E+002    -0.20000729E+000    -0.63956594E-010    -0.63915979E-010
     0.21312000E+002    -0.25487874E+000    -0.51865325E-010    -0.51831823E-010
     0.21320000E+002    -0.29580329E+000    -0.36030966E-010    -0.36008625E-010
     0.21328000E+002    -0.32378841E+000    -0.17307669E-010    -0.17297607E-010
     0.21336000E+002    -0.34102935E+000     0.32916223E-011     0.32887371E-011
     0.21344000E+002    -0.35051251E+000     0.24648637E-010     0.24632422E-010
     0.21352000E+002    -0.35552210E+000     0.45597133E-010     0.45566524E-010
     0.21360000E+002    -0.35912838E+000     0.64982277E-010     0.64936159E-010
     0.21368000E+002    -0.36372455E+000     0.81716426E-010     0.81656713E-010
     0.21376000E+002    -0.37066041E+000     0.94825654E-010     0.94755614E-010
     0.21384000E+002    -0.38004418E+000     0.10349619E-009     0.10341960E-009
     0.21392000E+002    -0.39073418E+000     0.10711846E-009     0.10703873E-009
     0.21400000E+002    -0.40053028E+000     0.10532893E-009     0.10524817E-009
     0.21408000E+002    -0.40654251E+000     0.98047735E-010     0.97969832E-010
     0.21416000E+002    -0.40565130E+000     0.85499877E-010     0.85429826E-010
     0.21424000E+002    -0.39499958E+000     0.68224024E-010     0.68166426E-010
     0.21432000E+002    -0.37244877E+000     0.47064262E-010     0.47022944E-010
     0.21440000E+002    -0.33693930E+000     0.23138510E-010     0.23114413E-010
     0.21448000E+002    -0.28872448E+000    -0.22129409E-011    -0.22191127E-011
     0.21456000E+002    -0.22943184E+000    -0.27507642E-010    -0.27494642E-010
     0.21464000E+002    -0.16194504E+000    -0.51219304E-010    -0.51187500E-010
     0.21472000E+002    -0.90127334E-001    -0.71879324E-010    -0.71829836E-010
     0.21480000E+002    -0.18410114E-001    -0.88180071E-010    -0.88116951E-010
     0.21488000E+002     0.48706872E-001    -0.99064189E-010    -0.98993178E-010
     0.21496000E+002     0.10719739E+000    -0.10380062E-009    -0.10372555E-009
     0.21504000E+002     0.15402795E+000    -0.10204768E-009    -0.10197296E-009
     0.21512000E+002     0.18756518E+000    -0.93885473E-010    -0.93815513E-010
     0.21520000E+002     0.20780610E+000    -0.79821329E-010    -0.79760647E-010
     0.21528000E+002     0.21639113E+000    -0.60765886E-010    -0.60720402E-010
     0.21536000E+002     0.21638953E+000    -0.37975605E-010    -0.37948396E-010
     0.21544000E+002     0.21189052E+000    -0.12975407E-010    -0.12967046E-010
     0.21552000E+002     0.20743802E+000     0.12544747E-010     0.12534439E-010
     0.21560000E+002     0.20737795E+000     0.36856035E-010     0.36828401E-010
     0.21568000E+002     0.21521773E+000     0.58323964E-010     0.58279639E-010
     0.21576000E+002     0.23307785E+000     0.75540780E-010     0.75481955E-010
     0.21584000E+002     0.26132586E+000     0.87434260E-010     0.87365584E-010
     0.21592000E+002     0.29844530E+000     0.93342687E-010     0.93269434E-010
     0.21600000E+002     0.34115315E+000     0.93053271E-010     0.92981103E-010
     0.21608000E+002     0.38477805E+000     0.86797615E-010     0.86729824E-010
     0.21616000E+002     0.42384811E+000     0.75213061E-010     0.75152195E-010
     0.21624000E+002     0.45281307E+000     0.59269394E-010     0.59219171E-010
     0.21632000E+002     0.46679896E+000     0.40172463E-010     0.40135434E-010
     0.21640000E+002     0.46226485E+000     0.19265767E-010     0.19244441E-010
     0.21648000E+002     0.43747638E+000    -0.20672734E-011    -0.20726445E-011
     0.21656000E+002     0.39272632E+000    -0.22485588E-010    -0.22477697E-010
     0.21664000E+002     0.33027501E+000    -0.40757643E-010    -0.40737688E-010
     0.21672000E+002     0.25403183E+000    -0.55823549E-010    -0.55793013E-010
     0.21680000E+002     0.16902524E+000    -0.66839152E-010    -0.66800123E-010
     0.21688000E+002     0.80765458E-001    -0.73207588E-010    -0.73162313E-010
     0.21696000E+002    -0.53967265E-002    -0.74599826E-010    -0.74553281E-010
     0.21704000E+002    -0.84830388E-001    -0.70957587E-010    -0.70913995E-010
     0.21712000E+002    -0.15404536E+000    -0.62492369E-010    -0.62454069E-010
     0.21720000E+002    -0.21095758E+000    -0.49674292E-010    -0.49643605E-010
     0.21728000E+002    -0.25497950E+000    -0.33204819E-010    -0.33183358E-010
     0.21736000E+002    -0.28693061E+000    -0.13980318E-010    -0.13971036E-010
     0.21744000E+002    -0.30879288E+000     0.69587770E-011     0.69529619E-011
     0.21752000E+002    -0.32333858E+000     0.28482279E-010     0.28460962E-010
     0.21760000E+002    -0.33367725E+000     0.49421848E-010     0.49385632E-010
     0.21768000E+002    -0.34277344E+000     0.68626230E-010     0.68576937E-010
     0.21776000E+002    -0.35298024E+000     0.85013125E-010     0.84952099E-010
     0.21784000E+002    -0.36566193E+000     0.97621190E-010     0.97549154E-010
     0.21792000E+002    -0.38097320E+000     0.10565963E-009     0.10557964E-009
     0.21800000E+002    -0.39782463E+000     0.10854776E-009     0.10846405E-009
     0.21808000E+002    -0.41404826E+000     0.10595285E-009     0.10587050E-009
     0.21816000E+002    -0.42672678E+000     0.97822605E-010     0.97746248E-010
     0.21824000E+002    -0.43263141E+000     0.84409830E-010     0.84341933E-010
     0.21832000E+002    -0.42872074E+000     0.66286542E-010     0.66230321E-010
     0.21840000E+002    -0.41261489E+000     0.44332826E-010     0.44292033E-010
     0.21848000E+002    -0.38298021E+000     0.19702661E-010     0.19680682E-010
     0.21856000E+002    -0.33977684E+000    -0.62333617E-011    -0.62339675E-011
     0.21864000E+002    -0.28433217E+000    -0.31967808E-010    -0.31948243E-010
     0.21872000E+002    -0.21925399E+000    -0.55947987E-010    -0.55910701E-010
     0.21880000E+002    -0.14818680E+000    -0.76681543E-010    -0.76628566E-010
     0.21888000E+002    -0.75427532E-001    -0.92844207E-010    -0.92778531E-010
     0.21896000E+002    -0.54459566E-002    -0.10337519E-009    -0.10329953E-009
     0.21904000E+002     0.57643644E-001    -0.10755895E-009    -0.10747841E-009
     0.21912000E+002     0.11058295E+000    -0.10507959E-009    -0.10500132E-009
     0.21920000E+002     0.15137400E+000    -0.96050826E-010    -0.95979859E-010
     0.21928000E+002     0.17953696E+000    -0.81024778E-010    -0.80965448E-010
     0.21936000E+002     0.19617302E+000    -0.60966164E-010    -0.60921432E-010
     0.21944000E+002     0.20381709E+000    -0.37196845E-010    -0.37168780E-010
     0.21952000E+002     0.20608967E+000    -0.11309128E-010    -0.11301068E-010
     0.21960000E+002     0.20718520E+000     0.14950839E-010     0.14937860E-010
     0.21968000E+002     0.21126736E+000     0.39809504E-010     0.39777086E-010
     0.21976000E+002     0.22185033E+000     0.61600224E-010     0.61551541E-010
     0.21984000E+002     0.24124562E+000     0.78894226E-010     0.78833710E-010
     0.21992000E+002     0.27015764E+000     0.90611991E-010     0.90542572E-010
     0.22000000E+002     0.30749116E+000     0.96108725E-010     0.96033783E-010
     0.22008000E+002     0.35041007E+000     0.95212947E-010     0.95137198E-010
     0.22016000E+002     0.39465825E+000     0.88217253E-010     0.88145744E-010
     0.22024000E+002     0.43509583E+000     0.75829580E-010     0.75767909E-010
     0.22032000E+002     0.46637844E+000     0.59089901E-010     0.59040490E-010
     0.22040000E+002     0.48368319E+000     0.39274935E-010     0.39238243E-010
     0.22048000E+002     0.48336568E+000     0.17794475E-010     0.17771717E-010
     0.22056000E+002     0.46345717E+000    -0.39142332E-011    -0.39227595E-011
     0.22064000E+002     0.42391737E+000    -0.24476423E-010    -0.24469688E-010
     0.22072000E+002     0.36660930E+000    -0.42657179E-010    -0.42635796E-010
     0.22080000E+002     0.29502099E+000    -0.57417254E-010    -0.57385408E-010
     0.22088000E+002     0.21378677E+000    -0.67947871E-010    -0.67908914E-010
     0.22096000E+002     0.12810420E+000    -0.73699465E-010    -0.73656403E-010
     0.22104000E+002     0.43125670E-001    -0.74396696E-010    -0.74352026E-010
     0.22112000E+002    -0.36598643E-001    -0.70042454E-010    -0.69997962E-010
     0.22120000E+002    -0.10755217E+000    -0.60911345E-010    -0.60871457E-010
     0.22128000E+002    -0.16753002E+000    -0.47525364E-010    -0.47494556E-010
     0.22136000E+002    -0.21574091E+000    -0.30623468E-010    -0.30604486E-010
     0.22144000E+002    -0.25274530E+000    -0.11123941E-010    -0.11118390E-010
     0.22152000E+002    -0.28025580E+000     0.99217485E-011     0.99140809E-011
     0.22160000E+002    -0.30080033E+000     0.31378243E-010     0.31356504E-010
     0.22168000E+002    -0.31728783E+000     0.52083833E-010     0.52046714E-010
     0.22176000E+002    -0.33252800E+000     0.70905961E-010     0.70854112E-010
     0.22184000E+002    -0.34876551E+000     0.86790155E-010     0.86725547E-010
     0.22192000E+002    -0.36731316E+000     0.98807297E-010     0.98733934E-010
     0.22200000E+002    -0.38832655E+000     0.10619456E-009     0.10611602E-009
     0.22208000E+002    -0.41074847E+000     0.10839812E-009     0.10831642E-009
     0.22216000E+002    -0.43244928E+000     0.10511464E-009     0.10503303E-009
     0.22224000E+002    -0.45053541E+000     0.96320966E-010     0.96243606E-010
     0.22232000E+002    -0.46178160E+000     0.82296497E-010     0.82228828E-010
     0.22240000E+002    -0.46311872E+000     0.63629977E-010     0.63577112E-010
     0.22248000E+002    -0.45208290E+000     0.41209632E-010     0.41173466E-010
     0.22256000E+002    -0.42718291E+000     0.16197259E-010     0.16178910E-010
     0.22264000E+002    -0.38814948E+000    -0.10027455E-010    -0.10027111E-010
     0.22272000E+002    -0.33603441E+000    -0.35945903E-010    -0.35925963E-010
     0.22280000E+002    -0.27316135E+000    -0.59997429E-010    -0.59956937E-010
     0.22288000E+002    -0.20291315E+000    -0.80687689E-010    -0.80629503E-010
     0.22296000E+002    -0.12938282E+000    -0.96689551E-010    -0.96618722E-010
     0.22304000E+002    -0.56938123E-001    -0.10693834E-009    -0.10685990E-009
     0.22312000E+002     0.10269568E-001    -0.11071552E-009    -0.11063474E-009
     0.22320000E+002     0.68787637E-001    -0.10770898E-009    -0.10762922E-009
     0.22328000E+002     0.11628580E+000    -0.98051665E-010    -0.97977298E-010
     0.22336000E+002     0.15185803E+000    -0.82324983E-010    -0.82262432E-010
     0.22344000E+002     0.17613077E+000    -0.61527413E-010    -0.61481388E-010
     0.22352000E+002     0.19116447E+000    -0.37018139E-010    -0.36991975E-010
     0.22360000E+002     0.20014909E+000    -0.10429290E-010    -0.10423583E-010
     0.22368000E+002     0.20693640E+000     0.16445048E-010     0.16431711E-010
     0.22376000E+002     0.21547508E+000     0.41779911E-010     0.41747684E-010
     0.22384000E+002     0.22920551E+000     0.63865988E-010     0.63816123E-010
     0.22392000E+002     0.25050699E+000     0.81247192E-010     0.81182639E-010
     0.22400000E+002     0.28028170E+000     0.92837736E-010     0.92763449E-010
     0.22408000E+002     0.31774124E+000     0.98003709E-010     0.97926386E-010
     0.22416000E+002     0.36043994E+000     0.96599668E-010     0.96523832E-010
     0.22424000E+002     0.40454368E+000     0.88964772E-010     0.88893856E-010
     0.22432000E+002     0.44530279E+000     0.75871768E-010     0.75808848E-010
     0.22440000E+002     0.47767359E+000     0.58440575E-010     0.58388498E-010
     0.22448000E+002     0.49699932E+000     0.38030262E-010     0.37993340E-010
     0.22456000E+002     0.49964834E+000     0.16118148E-010     0.16097975E-010
     0.22464000E+002     0.48350754E+000    -0.58082178E-011    -0.58129211E-011
     0.22472000E+002     0.44825470E+000    -0.26345263E-010    -0.26335976E-010
     0.22480000E+002     0.39538393E+000    -0.44253198E-010    -0.44232490E-010
     0.22488000E+002     0.32799203E+000    -0.58511078E-010    -0.58479881E-010
     0.22496000E+002     0.25036127E+000    -0.68358349E-010    -0.68317705E-010
     0.22504000E+002     0.16741043E+000    -0.73316612E-010    -0.73270847E-010
     0.22512000E+002     0.84096028E-001    -0.73190624E-010    -0.73144139E-010
     0.22520000E+002     0.48595874E-002    -0.68063559E-010    -0.68020588E-010
     0.22528000E+002    -0.66807189E-001    -0.58279757E-010    -0.58243097E-010
     0.22536000E+002    -0.12865217E+000    -0.44418951E-010    -0.44389326E-010
     0.22544000E+002    -0.17978308E+000    -0.27264115E-010    -0.27244062E-010
     0.22552000E+002    -0.22062421E+000    -0.77549420E-011    -0.77476713E-011
     0.22560000E+002    -0.25271523E+000     0.13060647E-010     0.13052637E-010
     0.22568000E+002    -0.27836864E+000     0.34075076E-010     0.34050735E-010
     0.22576000E+002    -0.30025038E+000     0.54170038E-010     0.54131436E-010
     0.22584000E+002    -0.32092830E+000     0.72260418E-010     0.72209395E-010
     0.22592000E+002    -0.34244753E+000     0.87341519E-010     0.87278969E-010
     0.22600000E+002    -0.36599266E+000     0.98534333E-010     0.98461764E-010
     0.22608000E+002    -0.39166829E+000     0.10512498E-009     0.10504454E-009
     0.22616000E+002    -0.41844991E+000     0.10660270E-009     0.10651933E-009
     0.22624000E+002    -0.44431191E+000     0.10269162E-009     0.10261092E-009
     0.22632000E+002    -0.46650187E+000     0.93381998E-010     0.93307654E-010
     0.22640000E+002    -0.48192542E+000     0.78957415E-010     0.78892635E-010
     0.22648000E+002    -0.48757419E+000     0.60005694E-010     0.59952980E-010
     0.22656000E+002    -0.48094764E+000     0.37412512E-010     0.37375441E-010
     0.22664000E+002    -0.46042499E+000     0.12329476E-010     0.12312196E-010
     0.22672000E+002    -0.42553210E+000    -0.13880284E-010    -0.13876517E-010
     0.22680000E+002    -0.37707348E+000    -0.39713065E-010    -0.39688862E-010
     0.22688000E+002    -0.31711323E+000    -0.63617295E-010    -0.63575083E-010
     0.22696000E+002    -0.24880225E+000    -0.84096922E-010    -0.84039525E-010
     0.22704000E+002    -0.17607129E+000    -0.99819473E-010    -0.99748364E-010
     0.22712000E+002    -0.10321095E+000    -0.10972008E-009    -0.10963905E-009
     0.22720000E+002    -0.34376482E-001    -0.11308187E-009    -0.11299662E-009
     0.22728000E+002     0.26910711E-001    -0.10959650E-009    -0.10951326E-009
     0.22736000E+002     0.78194352E-001    -0.99401113E-010    -0.99326537E-010
     0.22744000E+002     0.11837806E+000    -0.83084200E-010    -0.83021853E-010
     0.22752000E+002     0.14783547E+000    -0.61666354E-010    -0.61618784E-010
     0.22760000E+002     0.16832830E+000    -0.36542691E-010    -0.36513583E-010
     0.22768000E+002     0.18272819E+000    -0.93886813E-011    -0.93805530E-011
     0.22776000E+002     0.19457796E+000     0.17956676E-010     0.17942102E-010
     0.22784000E+002     0.20755492E+000     0.43630487E-010     0.43594632E-010
     0.22792000E+002     0.22490336E+000     0.65890874E-010     0.65838308E-010
     0.22800000E+002     0.24892908E+000     0.83256457E-010     0.83191130E-010
     0.22808000E+002     0.28061221E+000     0.94632445E-010     0.94558291E-010
     0.22816000E+002     0.31938606E+000     0.99397902E-010     0.99318383E-010
     0.22824000E+002     0.36312762E+000     0.97446908E-010     0.97366413E-010
     0.22832000E+002     0.40836174E+000     0.89177223E-010     0.89102286E-010
     0.22840000E+002     0.45067455E+000     0.75429164E-010     0.75364581E-010
     0.22848000E+002     0.48527997E+000     0.57394767E-010     0.57343741E-010
     0.22856000E+002     0.50765302E+000     0.36502558E-010     0.36466304E-010
     0.22864000E+002     0.51414870E+000     0.14294059E-010     0.14272018E-010
     0.22872000E+002     0.50250705E+000    -0.76941261E-011    -0.77007001E-011
     0.22880000E+002     0.47216851E+000    -0.28038638E-010    -0.28029693E-010
     0.22888000E+002     0.42434619E+000    -0.45509062E-010    -0.45486779E-010
     0.22896000E+002     0.36183947E+000    -0.59121806E-010    -0.59088972E-010
     0.22904000E+002     0.28863512E+000    -0.68174463E-010    -0.68135686E-010
     0.22912000E+002     0.20937224E+000    -0.72257803E-010    -0.72216060E-010
     0.22920000E+002     0.12876199E+000    -0.71258391E-010    -0.71215270E-010
     0.22928000E+002     0.51048219E-001    -0.65345953E-010    -0.65304797E-010
     0.22936000E+002    -0.20424912E-001    -0.54943567E-010    -0.54907824E-010
     0.22944000E+002    -0.83489114E-001    -0.40693151E-010    -0.40666868E-010
     0.22952000E+002    -0.13724589E+000    -0.23412450E-010    -0.23398432E-010
     0.22960000E+002    -0.18199416E+000    -0.40518497E-011    -0.40499654E-011
     0.22968000E+002    -0.21902269E+000     0.16347828E-010     0.16337307E-010
     0.22976000E+002    -0.25030406E+000     0.36705195E-010     0.36681748E-010
     0.22984000E+002    -0.27813341E+000     0.55944565E-010     0.55907369E-010
     0.22992000E+002    -0.30473352E+000     0.73039633E-010     0.72988263E-010
     0.23000000E+002    -0.33187789E+000     0.87053787E-010     0.86991140E-010
     0.23008000E+002    -0.36058764E+000     0.97171816E-010     0.97101586E-010
     0.23016000E+002    -0.39093265E+000     0.10273634E-009     0.10266170E-009
     0.23024000E+002    -0.42197716E+000     0.10328551E-009     0.10320938E-009
     0.23032000E+002    -0.45186160E+000     0.98586702E-010     0.98511147E-010
     0.23040000E+002    -0.47801177E+000     0.88668132E-010     0.88597247E-010
     0.23048000E+002    -0.49747208E+000     0.73836701E-010     0.73775820E-010
     0.23056000E+002    -0.50730635E+000     0.54685597E-010     0.54638770E-010
     0.23064000E+002    -0.50502003E+000     0.32090805E-010     0.32061001E-010
     0.23072000E+002    -0.48893755E+000     0.71851704E-011     0.71731083E-011
     0.23080000E+002    -0.45847094E+000    -0.18688979E-010    -0.18682682E-010
     0.23088000E+002    -0.41426786E+000    -0.44054080E-010    -0.44028149E-010
     0.23096000E+002    -0.35820862E+000    -0.67391876E-010    -0.67347070E-010
     0.23104000E+002    -0.29324510E+000    -0.87243180E-010    -0.87181709E-010
     0.23112000E+002    -0.22309603E+000    -0.10231099E-009    -0.10223747E-009
     0.23120000E+002    -0.15182094E+000    -0.11155515E-009    -0.11147527E-009
     0.23128000E+002    -0.83346503E-001    -0.11427499E-009    -0.11419247E-009
     0.23136000E+002    -0.21011954E-001    -0.11017745E-009    -0.11009680E-009
     0.23144000E+002     0.32814765E-001    -0.99414220E-010    -0.99340525E-010
     0.23152000E+002     0.76995131E-001    -0.82589705E-010    -0.82528028E-010
     0.23160000E+002     0.11172308E+000    -0.60736986E-010    -0.60692985E-010
     0.23168000E+002     0.13844993E+000    -0.35257866E-010    -0.35233868E-010
     0.23176000E+002     0.15962985E+000    -0.78374778E-011    -0.78335044E-011
     0.23184000E+002     0.17833392E+000     0.19672678E-010     0.19656662E-010
     0.23192000E+002     0.19778481E+000     0.45396643E-010     0.45361819E-010
     0.23200000E+002     0.22086453E+000     0.67583243E-010     0.67530596E-010
     0.23208000E+002     0.24965666E+000     0.84754026E-010     0.84686655E-010
     0.23216000E+002     0.28506744E+000     0.95824886E-010     0.95748702E-010
     0.23224000E+002     0.32659102E+000     0.10019018E-009     0.10011075E-009
     0.23232000E+002     0.37227329E+000     0.97765825E-010     0.97688475E-010
     0.23240000E+002     0.41888192E+000     0.88978856E-010     0.88906965E-010
     0.23248000E+002     0.46227989E+000     0.74712537E-010     0.74648809E-010
     0.23256000E+002     0.49795070E+000     0.56210777E-010     0.56159475E-010
     0.23264000E+002     0.52160391E+000     0.34952908E-010     0.34916735E-010
     0.23272000E+002     0.52978177E+000     0.12526548E-010     0.12507001E-010
     0.23280000E+002     0.52035123E+000    -0.94964206E-011    -0.94998974E-011
     0.23288000E+002     0.49280250E+000    -0.29667401E-010    -0.29657860E-010
     0.23296000E+002     0.44830176E+000    -0.46744032E-010    -0.46722787E-010
     0.23304000E+002     0.38949558E+000    -0.59755992E-010    -0.59724496E-010
     0.23312000E+002     0.32012538E+000    -0.68040943E-010    -0.68001933E-010
     0.23320000E+002     0.24451515E+000    -0.71254648E-010    -0.71211205E-010
     0.23328000E+002     0.16702729E+000    -0.69364411E-010    -0.69321682E-010
     0.23336000E+002     0.91569488E-001    -0.62622947E-010    -0.62584687E-010
     0.23344000E+002     0.21213270E-001    -0.51536161E-010    -0.51504029E-010
     0.23352000E+002    -0.42027623E-001    -0.36822836E-010    -0.36798926E-010
     0.23360000E+002    -0.97267525E-001    -0.19362945E-010    -0.19348923E-010
     0.23368000E+002    -0.14468405E+000    -0.14579666E-012    -0.14438326E-012
     0.23376000E+002    -0.18533884E+000     0.19783345E-010     0.19770047E-010
     0.23384000E+002    -0.22091761E+000     0.39369708E-010     0.39342550E-010
     0.23392000E+002    -0.25340560E+000     0.57586267E-010     0.57546485E-010
     0.23400000E+002    -0.28473611E+000     0.73471462E-010     0.73420814E-010
     0.23408000E+002    -0.31645898E+000     0.86162718E-010     0.86102589E-010
     0.23416000E+002    -0.34945809E+000     0.94929314E-010     0.94860585E-010
     0.23424000E+002    -0.38375687E+000     0.99203732E-010     0.99129960E-010
     0.23432000E+002    -0.41844364E+000     0.98605771E-010     0.98531412E-010
     0.23440000E+002    -0.45172960E+000     0.92969278E-010     0.92898433E-010
     0.23448000E+002    -0.48115332E+000     0.82367874E-010     0.82304135E-010
     0.23456000E+002    -0.50390227E+000     0.67135240E-010     0.67080485E-010
     0.23464000E+002    -0.51719346E+000     0.47877686E-010     0.47834881E-010
     0.23472000E+002    -0.51866751E+000     0.25464736E-010     0.25437747E-010
     0.23480000E+002    -0.50673205E+000     0.10008865E-011     0.99242861E-012
     0.23488000E+002    -0.48081348E+000    -0.24220544E-010    -0.24209089E-010
     0.23496000E+002    -0.44148895E+000    -0.48784984E-010    -0.48755247E-010
     0.23504000E+002    -0.39046191E+000    -0.71236579E-010    -0.71190842E-010
     0.23512000E+002    -0.33039590E+000    -0.90173902E-010    -0.90113607E-010
     0.23520000E+002    -0.26463003E+000    -0.10435202E-009    -0.10427989E-009
     0.23528000E+002    -0.19680887E+000    -0.11277431E-009    -0.11269372E-009
     0.23536000E+002    -0.13048139E+000    -0.11477417E-009    -0.11469077E-009
     0.23544000E+002    -0.68701355E-001    -0.11007496E-009    -0.10999574E-009
     0.23552000E+002    -0.13685574E-001    -0.98827067E-010    -0.98756472E-010
     0.23560000E+002     0.33415888E-001    -0.81625251E-010    -0.81567143E-010
     0.23568000E+002     0.72613132E-001    -0.59489662E-010    -0.59447240E-010
     0.23576000E+002     0.10501607E+000    -0.33812273E-010    -0.33788084E-010
     0.23584000E+002     0.13263487E+000    -0.62701929E-011    -0.62675924E-011
     0.23592000E+002     0.15806107E+000     0.21294890E-010     0.21275564E-010
     0.23600000E+002     0.18405396E+000     0.47012209E-010     0.46973424E-010
     0.23608000E+002     0.21308632E+000     0.69128599E-010     0.69073637E-010
     0.23616000E+002     0.24691220E+000     0.86155960E-010     0.86089193E-010
     0.23624000E+002     0.28622027E+000     0.96998042E-010     0.96922612E-010
     0.23632000E+002     0.33042705E+000     0.10104618E-009     0.10096606E-009
     0.23640000E+002     0.37764356E+000     0.98223838E-010     0.98144896E-010
     0.23648000E+002     0.42483465E+000     0.88976296E-010     0.88903812E-010
     0.23656000E+002     0.46817010E+000     0.74215106E-010     0.74153976E-010
     0.23664000E+002     0.50352196E+000     0.55221130E-010     0.55173416E-010
     0.23672000E+002     0.52703039E+000     0.33525517E-010     0.33491471E-010
     0.23680000E+002     0.53564576E+000     0.10776290E-010     0.10757435E-010
     0.23688000E+002     0.52755183E+000    -0.11398493E-010    -0.11401778E-010
     0.23696000E+002     0.50241217E+000    -0.31507913E-010    -0.31495914E-010
     0.23704000E+002     0.46140069E+000    -0.48293949E-010    -0.48268784E-010
     0.23712000E+002     0.40701422E+000    -0.60796025E-010    -0.60762693E-010
     0.23720000E+002     0.34271320E+000    -0.68383770E-010    -0.68345591E-010
     0.23728000E+002     0.27245035E+000    -0.70772066E-010    -0.70731447E-010
     0.23736000E+002     0.20018093E+000    -0.68009809E-010    -0.67969204E-010
     0.23744000E+002     0.12942740E+000    -0.60448203E-010    -0.60409912E-010
     0.23752000E+002     0.62942271E-001    -0.48695375E-010    -0.48663986E-010
     0.23760000E+002     0.25068818E-002    -0.33554842E-010    -0.33533976E-010
     0.23768000E+002    -0.51140404E-001    -0.15966838E-010    -0.15957671E-010
     0.23776000E+002    -0.98243083E-001     0.30465017E-011     0.30434825E-011
     0.23784000E+002    -0.13984605E+000     0.22435289E-010     0.22420771E-010
     0.23792000E+002    -0.17753891E+000     0.41166507E-010     0.41139792E-010
     0.23800000E+002    -0.21314289E+000     0.58266285E-010     0.58226389E-010
     0.23808000E+002    -0.24838356E+000     0.72853227E-010     0.72801802E-010
     0.23816000E+002    -0.28458218E+000     0.84159184E-010     0.84098739E-010
     0.23824000E+002    -0.32238998E+000     0.91550203E-010     0.91484293E-010
     0.23832000E+002    -0.36162274E+000     0.94545936E-010     0.94477571E-010
     0.23840000E+002    -0.40122187E+000     0.92842702E-010     0.92773356E-010
     0.23848000E+002    -0.43934554E+000     0.86340297E-010     0.86273276E-010
     0.23856000E+002    -0.47358231E+000     0.75161216E-010     0.75100906E-010
     0.23864000E+002    -0.50124168E+000     0.59665690E-010     0.59616570E-010
     0.23872000E+002    -0.51969052E+000     0.40458581E-010     0.40424305E-010
     0.23880000E+002    -0.52670336E+000     0.18383895E-010     0.18365247E-010
     0.23888000E+002    -0.52076463E+000    -0.54938411E-011    -0.54962019E-011
     0.23896000E+002    -0.50128580E+000    -0.29932463E-010    -0.29917254E-010
     0.23904000E+002    -0.46870642E+000    -0.53575738E-010    -0.53542133E-010
     0.23912000E+002    -0.42446476E+000    -0.75032504E-010    -0.74980547E-010
     0.23920000E+002    -0.37086544E+000    -0.92967174E-010    -0.92900585E-010
     0.23928000E+002    -0.31084507E+000    -0.10618858E-009    -0.10611262E-009
     0.23936000E+002    -0.24765337E+000    -0.11373899E-009    -0.11365790E-009
     0.23944000E+002    -0.18449317E+000    -0.11497611E-009    -0.11489414E-009
     0.23952000E+002    -0.12415318E+000    -0.10963590E-009    -0.10955636E-009
     0.23960000E+002    -0.68702055E-001    -0.97876633E-010    -0.97804396E-010
     0.23968000E+002    -0.19281007E-001    -0.80290956E-010    -0.80232737E-010
     0.23976000E+002     0.23990894E-001    -0.57886382E-010    -0.57846423E-010
     0.23984000E+002     0.61968483E-001    -0.32039461E-010    -0.32020168E-010
     0.23992000E+002     0.96301884E-001    -0.44125970E-011    -0.44141872E-011
     0.24000000E+002     0.12913660E+000     0.23158642E-010     0.23137372E-010
     0.24008000E+002     0.16272814E+000     0.48802682E-010     0.48761572E-010
     0.24016000E+002     0.19904090E+000     0.70767232E-010     0.70707996E-010
     0.24024000E+002     0.23937230E+000     0.87565224E-010     0.87492100E-010
     0.24032000E+002     0.28406002E+000     0.98102026E-010     0.98020715E-010
     0.24040000E+002     0.33231627E+000     0.10177040E-009     0.10168778E-009
     0.24048000E+002     0.38221581E+000     0.98497129E-010     0.98417568E-010
     0.24056000E+002     0.43086589E+000     0.88744159E-010     0.88670943E-010
     0.24064000E+002     0.47473691E+000     0.73455070E-010     0.73392170E-010
     0.24072000E+002     0.51011001E+000     0.53955129E-010     0.53905971E-010
     0.24080000E+002     0.53357779E+000     0.31825220E-010     0.31793550E-010
     0.24088000E+002     0.54251489E+000     0.87589563E-011     0.87454203E-011
     0.24096000E+002     0.53544944E+000    -0.13573249E-010    -0.13571180E-010
     0.24104000E+002     0.51227362E+000    -0.33645462E-010    -0.33629839E-010
     0.24112000E+002     0.47425469E+000    -0.50180709E-010    -0.50154082E-010
     0.24120000E+002     0.42384821E+000    -0.62222729E-010    -0.62186759E-010
     0.24128000E+002     0.36434937E+000    -0.69178098E-010    -0.69135020E-010
     0.24136000E+002     0.29944846E+000    -0.70824986E-010    -0.70780091E-010
     0.24144000E+002     0.23277185E+000    -0.67289707E-010    -0.67247466E-010
     0.24152000E+002     0.16747129E+000    -0.59008430E-010    -0.58972125E-010
     0.24160000E+002     0.10591162E+000    -0.46672301E-010    -0.46643789E-010
     0.24168000E+002     0.49493107E-001    -0.31163246E-010    -0.31142850E-010
     0.24176000E+002    -0.13855604E-002    -0.13487152E-010    -0.13477336E-010
     0.24184000E+002    -0.47223813E-001     0.52969775E-011     0.52936980E-011
     0.24192000E+002    -0.89209342E-001     0.24135330E-010     0.24118219E-010
     0.24200000E+002    -0.12894304E+000     0.42024293E-010     0.41993952E-010
     0.24208000E+002    -0.16812220E+000     0.58045196E-010     0.58004571E-010
     0.24216000E+002    -0.20822847E+000     0.71385752E-010     0.71336619E-010
     0.24224000E+002    -0.25024848E+000     0.81360740E-010     0.81303391E-010
     0.24232000E+002    -0.29446475E+000     0.87428377E-010     0.87364541E-010
     0.24240000E+002    -0.34035603E+000     0.89200967E-010     0.89133308E-010
     0.24248000E+002    -0.38659942E+000     0.86459993E-010     0.86393193E-010
     0.24256000E+002    -0.43118156E+000     0.79170134E-010     0.79108851E-010
     0.24264000E+002    -0.47160542E+000     0.67496970E-010     0.67443297E-010
     0.24272000E+002    -0.50516363E+000     0.51825829E-010     0.51781823E-010
     0.24280000E+002    -0.52925990E+000     0.32766960E-010     0.32734978E-010
     0.24288000E+002    -0.54172129E+000     0.11149877E-010     0.11133124E-010
     0.24296000E+002    -0.54106275E+000    -0.11998908E-010    -0.11997139E-010
     0.24304000E+002    -0.52668172E+000    -0.35496355E-010    -0.35475973E-010
     0.24312000E+002    -0.49895305E+000    -0.58055284E-010    -0.58017846E-010
     0.24320000E+002    -0.45921870E+000    -0.78356686E-010    -0.78304397E-010
     0.24328000E+002    -0.40966181E+000    -0.95134358E-010    -0.95069517E-010
     0.24336000E+002    -0.35306835E+000    -0.10726264E-009    -0.10718678E-009
     0.24344000E+002    -0.29251592E+000    -0.11384360E-009    -0.11376095E-009
     0.24352000E+002    -0.23102848E+000    -0.11427877E-009    -0.11419548E-009
     0.24360000E+002    -0.17123897E+000    -0.10832745E-009    -0.10824922E-009
     0.24368000E+002    -0.11510642E+000    -0.96150240E-010    -0.96082454E-010
     0.24376000E+002    -0.63720159E-001    -0.78326148E-010    -0.78271577E-010
     0.24384000E+002    -0.17226149E-001    -0.55843728E-010    -0.55804849E-010
     0.24392000E+002     0.25104358E-001    -0.30055222E-010    -0.30035982E-010
     0.24400000E+002     0.64685680E-001    -0.25935770E-011    -0.25961409E-011
     0.24408000E+002     0.10333131E+000     0.24735576E-010     0.24710696E-010
     0.24416000E+002     0.14290923E+000     0.50087666E-010     0.50042922E-010
     0.24424000E+002     0.18498634E+000     0.71724923E-010     0.71665169E-010
     0.24432000E+002     0.23049444E+000     0.88163103E-010     0.88091708E-010
     0.24440000E+002     0.27947844E+000     0.98308011E-010     0.98228576E-010
     0.24448000E+002     0.33096705E+000     0.10155424E-009     0.10147104E-009
     0.24456000E+002     0.38298613E+000     0.97837459E-010     0.97755744E-010
     0.24464000E+002     0.43273270E+000     0.87632911E-010     0.87559647E-010
     0.24472000E+002     0.47688324E+000     0.71899740E-010     0.71839279E-010
     0.24480000E+002     0.51201002E+000     0.51989419E-010     0.51943807E-010
     0.24488000E+002     0.53505110E+000     0.29519894E-010     0.29490174E-010
     0.24496000E+002     0.54374881E+000     0.62304743E-011     0.62163744E-011
     0.24504000E+002     0.53698794E+000    -0.16162723E-010    -0.16160160E-010
     0.24512000E+002     0.51496266E+000    -0.36104331E-010    -0.36085711E-010
     0.24520000E+002     0.47914739E+000    -0.52306372E-010    -0.52275321E-010
     0.24528000E+002     0.43208608E+000    -0.63820938E-010    -0.63781311E-010
     0.24536000E+002     0.37703174E+000    -0.70084808E-010    -0.70041259E-010
     0.24544000E+002     0.31750381E+000    -0.70927037E-010    -0.70882518E-010
     0.24552000E+002     0.25683172E+000    -0.66550448E-010    -0.66506759E-010
     0.24560000E+002     0.19775934E+000    -0.57486831E-010    -0.57447811E-010
     0.24568000E+002     0.14217504E+000    -0.44525720E-010    -0.44494894E-010
     0.24576000E+002     0.90990507E-001    -0.28637185E-010    -0.28617617E-010
     0.24584000E+002     0.44165062E-001    -0.10891458E-010    -0.10884556E-010
     0.24592000E+002     0.85350891E-003     0.76151179E-011     0.76106152E-011
     0.24600000E+002    -0.40354190E-001     0.25819619E-010     0.25803768E-010
     0.24608000E+002    -0.81130030E-001     0.42744039E-010     0.42716448E-010
     0.24616000E+002    -0.12308224E+000     0.57529330E-010     0.57490160E-010
     0.24624000E+002    -0.16745975E+000     0.69453454E-010     0.69403554E-010
     0.24632000E+002    -0.21491545E+000     0.77939818E-010     0.77882998E-010
     0.24640000E+002    -0.26535036E+000     0.82556393E-010     0.82496288E-010
     0.24648000E+002    -0.31785257E+000     0.83019622E-010     0.82958246E-010
     0.24656000E+002    -0.37072919E+000     0.79202845E-010     0.79142378E-010
     0.24664000E+002    -0.42165060E+000     0.71145448E-010     0.71087858E-010
     0.24672000E+002    -0.46788787E+000     0.59065954E-010     0.59015157E-010
     0.24680000E+002    -0.50660323E+000     0.43370599E-010     0.43331338E-010
     0.24688000E+002    -0.53516740E+000     0.24659474E-010     0.24634250E-010
     0.24696000E+002    -0.55145161E+000     0.37271311E-011     0.37173168E-011
     0.24704000E+002    -0.55407814E+000    -0.18454681E-010    -0.18448974E-010
     0.24712000E+002    -0.54260279E+000    -0.40770379E-010    -0.40748759E-010
     0.24720000E+002    -0.51758195E+000    -0.62014216E-010    -0.61975507E-010
     0.24728000E+002    -0.48052468E+000    -0.80958843E-010    -0.80904205E-010
     0.24736000E+002    -0.43372360E+000    -0.96427209E-010    -0.96359458E-010
     0.24744000E+002    -0.37999222E+000    -0.10737167E-009    -0.10729514E-009
     0.24752000E+002    -0.32235507E+000    -0.11295169E-009    -0.11287132E-009
     0.24760000E+002    -0.26370681E+000    -0.11260560E-009    -0.11252456E-009
     0.24768000E+002    -0.20649047E+000    -0.10611453E-009    -0.10603705E-009
     0.24776000E+002    -0.15244073E+000    -0.93641860E-010    -0.93573258E-010
     0.24784000E+002    -0.10242528E+000    -0.75750135E-010    -0.75695279E-010
     0.24792000E+002    -0.56420115E-001    -0.53394220E-010    -0.53357877E-010
     0.24800000E+002    -0.13606773E-001    -0.27881132E-010    -0.27864900E-010
     0.24808000E+002     0.27429263E-001    -0.80243007E-012    -0.80609718E-012
     0.24816000E+002     0.68415619E-001     0.26069171E-010     0.26045280E-010
     0.24824000E+002     0.11106366E+000     0.50915577E-010     0.50872476E-010
     0.24832000E+002     0.15672779E+000     0.72020456E-010     0.71959790E-010
     0.24840000E+002     0.20609652E+000     0.87919553E-010     0.87845401E-010
     0.24848000E+002     0.25897191E+000     0.97531986E-010     0.97451062E-010
     0.24856000E+002     0.31416620E+000     0.10025817E-009     0.10017594E-009
     0.24864000E+002     0.36953832E+000     0.96039878E-010     0.95961240E-010
     0.24872000E+002     0.42218417E+000     0.85364719E-010     0.85293332E-010
     0.24880000E+002     0.46875995E+000     0.69217439E-010     0.69156374E-010
     0.24888000E+002     0.50591071E+000     0.48983396E-010     0.48937266E-010
     0.24896000E+002     0.53073729E+000     0.26313576E-010     0.26284812E-010
     0.24904000E+002     0.54121363E+000     0.29783606E-011     0.29672026E-011
     0.24912000E+002     0.53648885E+000    -0.19281174E-010    -0.19275953E-010
     0.24920000E+002     0.51701051E+000    -0.38890871E-010    -0.38872540E-010
     0.24928000E+002     0.48445613E+000    -0.54555676E-010    -0.54525954E-010
     0.24936000E+002     0.44148500E+000    -0.65346411E-010    -0.65307308E-010
     0.24944000E+002     0.39134388E+000    -0.70745356E-010    -0.70700865E-010
     0.24952000E+002     0.33740916E+000    -0.70651506E-010    -0.70605635E-010
     0.24960000E+002     0.28273794E+000    -0.65354762E-010    -0.65312413E-010
     0.24968000E+002     0.22970718E+000    -0.55477958E-010    -0.55442185E-010
     0.24976000E+002     0.17978968E+000    -0.41903214E-010    -0.41874966E-010
     0.24984000E+002     0.13347048E+000    -0.25685894E-010    -0.25667049E-010
     0.24992000E+002     0.90314553E-001    -0.79603385E-011    -0.79523789E-011
     0.25000000E+002     0.49158445E-001     0.10142817E-010     0.10138107E-010
     0.25008000E+002     0.83912114E-002     0.27566465E-010     0.27548410E-010
     0.25016000E+002    -0.33713928E-001     0.43374771E-010     0.43345652E-010
     0.25024000E+002    -0.78678457E-001     0.56777082E-010     0.56738716E-010
     0.25032000E+002    -0.12753389E+000     0.67142610E-010     0.67096605E-010
     0.25040000E+002    -0.18059985E+000     0.74001027E-010     0.73948865E-010
     0.25048000E+002    -0.23735670E+000     0.77035982E-010     0.76978763E-010
     0.25056000E+002    -0.29642347E+000     0.76079246E-010     0.76020673E-010
     0.25064000E+002    -0.35565483E+000     0.71102163E-010     0.71046286E-010
     0.25072000E+002    -0.41234458E+000     0.62218536E-010     0.62168096E-010
     0.25080000E+002    -0.46349759E+000     0.49696056E-010     0.49653522E-010
     0.25088000E+002    -0.50614659E+000     0.33965777E-010     0.33932512E-010
     0.25096000E+002    -0.53767794E+000     0.15630079E-010     0.15608674E-010
     0.25104000E+002    -0.55612299E+000    -0.45428105E-011    -0.45489076E-011
     0.25112000E+002    -0.56038527E+000    -0.25636535E-010    -0.25625829E-010
     0.25120000E+002    -0.55036144E+000    -0.46613140E-010    -0.46585544E-010
     0.25128000E+002    -0.52694466E+000    -0.66357021E-010    -0.66314454E-010
     0.25136000E+002    -0.49192366E+000    -0.83732007E-010    -0.83676514E-010
     0.25144000E+002    -0.44777711E+000    -0.97651462E-010    -0.97583967E-010
     0.25152000E+002    -0.39739146E+000    -0.10715544E-009    -0.10707861E-009
     0.25160000E+002    -0.34373019E+000    -0.11148113E-009    -0.11139894E-009
     0.25168000E+002    -0.28949130E+000    -0.11012786E-009    -0.11004589E-009
     0.25176000E+002    -0.23681743E+000    -0.10291123E-009    -0.10283564E-009
     0.25184000E+002    -0.18708599E+000    -0.90004149E-010    -0.89938428E-010
     0.25192000E+002    -0.14080269E+000    -0.71963351E-010    -0.71910624E-010
     0.25200000E+002    -0.97613280E-001    -0.49724777E-010    -0.49688442E-010
     0.25208000E+002    -0.56423699E-001    -0.24566978E-010    -0.24549869E-010
     0.25216000E+002    -0.15631096E-001     0.19585017E-011     0.19534844E-011
     0.25224000E+002     0.26565676E-001     0.28130881E-010     0.28104210E-010
     0.25232000E+002     0.71822964E-001     0.52183382E-010     0.52138189E-010
     0.25240000E+002     0.12131586E+000     0.72445486E-010     0.72384994E-010
     0.25248000E+002     0.17545624E+000     0.87492091E-010     0.87420382E-010
     0.25256000E+002     0.23369678E+000     0.96275881E-010     0.96196343E-010
     0.25264000E+002     0.29445661E+000     0.98232712E-010     0.98150082E-010
     0.25272000E+002     0.35520273E+000     0.93336617E-010     0.93257776E-010
     0.25280000E+002     0.41269233E+000     0.82099341E-010     0.82029626E-010
     0.25288000E+002     0.46334979E+000     0.65523949E-010     0.65467609E-010
     0.25296000E+002     0.50372450E+000     0.45008907E-010     0.44967797E-010
     0.25304000E+002     0.53095719E+000     0.22221087E-010     0.22195342E-010
     0.25312000E+002     0.54318368E+000    -0.10506892E-011    -0.10594265E-011
     0.25320000E+002     0.53980845E+000    -0.23053342E-010    -0.23045087E-010
     0.25328000E+002     0.52158799E+000    -0.42209599E-010    -0.42186341E-010
     0.25336000E+002     0.49050679E+000    -0.57234805E-010    -0.57199986E-010
     0.25344000E+002     0.44946885E+000    -0.67223077E-010    -0.67182219E-010
     0.25352000E+002     0.40186541E+000    -0.71692273E-010    -0.71648777E-010
     0.25360000E+002     0.35110459E+000    -0.70597022E-010    -0.70553038E-010
     0.25368000E+002     0.30016551E+000    -0.64302324E-010    -0.64260794E-010
     0.25376000E+002     0.25124418E+000    -0.53520407E-010    -0.53484250E-010
     0.25384000E+002     0.20554224E+000    -0.39225968E-010    -0.39199359E-010
     0.25392000E+002     0.16321629E+000    -0.22555014E-010    -0.22540261E-010
     0.25400000E+002     0.12349497E+000    -0.47065480E-011    -0.47031204E-011
     0.25408000E+002     0.84916711E-001     0.13145359E-010     0.13138050E-010
     0.25416000E+002     0.45642682E-001     0.29927130E-010     0.29910129E-010
     0.25424000E+002     0.38122031E-002     0.44717406E-010     0.44690430E-010
     0.25432000E+002    -0.42111531E-001     0.56778638E-010     0.56741520E-010
     0.25440000E+002    -0.93036101E-001     0.65564890E-010     0.65520431E-010
     0.25448000E+002    -0.14902617E+000     0.70709651E-010     0.70660767E-010
     0.25456000E+002    -0.20921989E+000     0.72011316E-010     0.71960882E-010
     0.25464000E+002    -0.27186705E+000     0.69416577E-010     0.69366761E-010
     0.25472000E+002    -0.33448597E+000     0.63009776E-010     0.62961331E-010
     0.25480000E+002    -0.39411122E+000     0.53010252E-010     0.52966141E-010
     0.25488000E+002    -0.44760262E+000     0.39767872E-010     0.39731983E-010
     0.25496000E+002    -0.49199221E+000     0.23765301E-010     0.23740535E-010
     0.25504000E+002    -0.52480954E+000     0.56219047E-011     0.56102749E-011
     0.25512000E+002    -0.54434190E+000    -0.13909006E-010    -0.13907683E-010
     0.25520000E+002    -0.54980577E+000    -0.33948936E-010    -0.33934306E-010
     0.25528000E+002    -0.54140971E+000    -0.53522402E-010    -0.53492966E-010
     0.25536000E+002    -0.52031935E+000    -0.71600689E-010    -0.71556205E-010
     0.25544000E+002    -0.48852224E+000    -0.87153207E-010    -0.87094829E-010
     0.25552000E+002    -0.44858994E+000    -0.99208767E-010    -0.99140475E-010
     0.25560000E+002    -0.40337560E+000    -0.10691679E-009    -0.10684321E-009
     0.25568000E+002    -0.35567910E+000    -0.10961080E-009    -0.10953474E-009
     0.25576000E+002    -0.30792619E+000    -0.10687272E-009    -0.10679732E-009
     0.25584000E+002    -0.26190897E+000    -0.98583780E-010    -0.98512511E-010
     0.25592000E+002    -0.21859845E+000    -0.84963271E-010    -0.84901132E-010
     0.25600000E+002    -0.17806707E+000    -0.66586388E-010    -0.66539442E-010
     0.25608000E+002    -0.13954137E+000    -0.44376833E-010    -0.44348025E-010
     0.25616000E+002    -0.10157263E+000    -0.19578133E-010    -0.19568474E-010
     0.25624000E+002    -0.62319372E-001     0.63091877E-011     0.62997763E-011
     0.25632000E+002    -0.19884681E-001     0.31622892E-010     0.31595149E-010
     0.25640000E+002     0.27332621E-001     0.54660622E-010     0.54614258E-010
     0.25648000E+002     0.80300383E-001     0.73822702E-010     0.73759978E-010
     0.25656000E+002     0.13908797E+000     0.87751965E-010     0.87677901E-010
     0.25664000E+002     0.20270440E+000     0.95459715E-010     0.95379963E-010
     0.25672000E+002     0.26908305E+000     0.96425262E-010     0.96346020E-010
     0.25680000E+002     0.33523452E+000     0.90651082E-010     0.90576092E-010
     0.25688000E+002     0.39754134E+000     0.78672554E-010     0.78605058E-010
     0.25696000E+002     0.45217238E+000     0.61512230E-010     0.61456988E-010
     0.25704000E+002     0.49556068E+000     0.40584556E-010     0.40545039E-010
     0.25712000E+002     0.52487625E+000     0.17570550E-010     0.17549452E-010
     0.25720000E+002     0.53842218E+000    -0.57313538E-011    -0.57342752E-011
     0.25728000E+002     0.53587152E+000    -0.27556218E-010    -0.27544198E-010
     0.25736000E+002     0.51830501E+000    -0.46314607E-010    -0.46289538E-010
     0.25744000E+002     0.48804275E+000    -0.60720532E-010    -0.60684581E-010
     0.25752000E+002     0.44829789E+000    -0.69882459E-010    -0.69838332E-010
     0.25760000E+002     0.40271367E+000    -0.73356154E-010    -0.73307437E-010
     0.25768000E+002     0.35485445E+000    -0.71155444E-010    -0.71108183E-010
     0.25776000E+002     0.30773250E+000    -0.63718014E-010    -0.63676576E-010
     0.25784000E+002     0.26344769E+000    -0.51843500E-010    -0.51810082E-010
     0.25792000E+002     0.22298675E+000    -0.36603345E-010    -0.36579154E-010
     0.25800000E+002     0.18620017E+000    -0.19232089E-010    -0.19217488E-010
     0.25808000E+002     0.15194782E+000    -0.10173778E-011    -0.10145701E-011
     0.25816000E+002     0.11837776E+000     0.16806064E-010     0.16795761E-010
     0.25824000E+002     0.83300046E-001     0.33137315E-010     0.33115189E-010
     0.25832000E+002     0.44598514E-001     0.47061464E-010     0.47029673E-010
     0.25840000E+002     0.61339958E-003     0.57879625E-010     0.57841603E-010
     0.25848000E+002    -0.49550619E-001     0.65112783E-010     0.65070122E-010
     0.25856000E+002    -0.10583812E+000     0.68492745E-010     0.68445659E-010
     0.25864000E+002    -0.16718972E+000     0.67941664E-010     0.67892616E-010
     0.25872000E+002    -0.23161846E+000     0.63540912E-010     0.63493014E-010
     0.25880000E+002    -0.29641594E+000     0.55506857E-010     0.55463952E-010
     0.25888000E+002    -0.35844509E+000     0.44173274E-010     0.44138441E-010
     0.25896000E+002    -0.41448414E+000     0.29983311E-010     0.29956834E-010
     0.25904000E+002    -0.46157344E+000     0.13490987E-010     0.13473939E-010
     0.25912000E+002    -0.49731229E+000    -0.46427741E-011    -0.46482394E-011
     0.25920000E+002    -0.52009735E+000    -0.23657793E-010    -0.23649394E-010
     0.25928000E+002    -0.52927367E+000    -0.42707843E-010    -0.42683725E-010
     0.25936000E+002    -0.52518276E+000    -0.60883882E-010    -0.60845348E-010
     0.25944000E+002    -0.50910648E+000    -0.77244497E-010    -0.77193903E-010
     0.25952000E+002    -0.48309521E+000    -0.90861395E-010    -0.90800465E-010
     0.25960000E+002    -0.44971296E+000    -0.10087520E-009    -0.10080575E-009
     0.25968000E+002    -0.41172692E+000    -0.10655352E-009    -0.10647722E-009
     0.25976000E+002    -0.37176509E+000    -0.10734913E-009    -0.10727021E-009
     0.25984000E+002    -0.33199099E+000    -0.10294836E-009    -0.10287264E-009
     0.25992000E+002    -0.29383532E+000    -0.93314432E-010    -0.93246366E-010
     0.26000000E+002    -0.25783235E+000    -0.78723542E-010    -0.78666875E-010
     0.26008000E+002    -0.22359837E+000    -0.59781826E-010    -0.59738671E-010
     0.26016000E+002    -0.18994359E+000    -0.37423091E-010    -0.37395822E-010
     0.26024000E+002    -0.15509755E+000    -0.12875616E-010    -0.12867962E-010
     0.26032000E+002    -0.11702344E+000     0.12402954E-010     0.12389612E-010
     0.26040000E+002    -0.73778333E-001     0.36812833E-010     0.36779299E-010
     0.26048000E+002    -0.23881702E-001     0.58727358E-010     0.58676774E-010
     0.26056000E+002     0.33360239E-001     0.76623976E-010     0.76560897E-010
     0.26064000E+002     0.97631836E-001     0.89218545E-010     0.89145654E-010
     0.26072000E+002     0.16750414E+000     0.95593737E-010     0.95514531E-010
     0.26080000E+002     0.24046847E+000     0.95292734E-010     0.95212237E-010
     0.26088000E+002     0.31311524E+000     0.88371345E-010     0.88295232E-010
     0.26096000E+002     0.38144944E+000     0.75404856E-010     0.75339814E-010
     0.26104000E+002     0.44133322E+000     0.57442021E-010     0.57391445E-010
     0.26112000E+002     0.48898963E+000     0.35920463E-010     0.35885248E-010
     0.26120000E+002     0.52149023E+000     0.12543641E-010     0.12524861E-010
     0.26128000E+002     0.53715251E+000    -0.10870793E-010    -0.10873221E-010
     0.26136000E+002     0.53577371E+000    -0.32545569E-010    -0.32531226E-010
     0.26144000E+002     0.51866916E+000    -0.50893214E-010    -0.50863541E-010
     0.26152000E+002     0.48848974E+000    -0.64640544E-010    -0.64600443E-010
     0.26160000E+002     0.44883674E+000    -0.72918617E-010    -0.72872572E-010
     0.26168000E+002     0.40374313E+000    -0.75321203E-010    -0.75273482E-010
     0.26176000E+002     0.35710313E+000    -0.71918699E-010    -0.71872364E-010
     0.26184000E+002     0.31215577E+000    -0.63229524E-010    -0.63186774E-010
     0.26192000E+002     0.27109474E+000    -0.50150992E-010    -0.50115922E-010
     0.26200000E+002     0.23485043E+000    -0.33854969E-010    -0.33830834E-010
     0.26208000E+002     0.20307516E+000    -0.15671637E-010    -0.15660216E-010
     0.26216000E+002     0.17431853E+000     0.30298727E-011     0.30285453E-011
     0.26224000E+002     0.14636020E+000     0.20950049E-010     0.20938046E-010
     0.26232000E+002     0.11663888E+000     0.36946049E-010     0.36923831E-010
     0.26240000E+002     0.82699806E-001     0.50098640E-010     0.50066522E-010
     0.26248000E+002     0.42602498E-001     0.59744563E-010     0.59704219E-010
     0.26256000E+002    -0.47566665E-002     0.65478600E-010     0.65432278E-010
     0.26264000E+002    -0.59445464E-001     0.67135868E-010     0.67087978E-010
     0.26272000E+002    -0.12043835E+000     0.64755477E-010     0.64709240E-010
     0.26280000E+002    -0.18570812E+000     0.58546241E-010     0.58502608E-010
     0.26288000E+002    -0.25245087E+000     0.48856392E-010     0.48817153E-010
     0.26296000E+002    -0.31739247E+000     0.36143410E-010     0.36110484E-010
     0.26304000E+002    -0.37713969E+000     0.20956168E-010     0.20932753E-010
     0.26312000E+002    -0.42853773E+000     0.39217909E-011     0.39112353E-011
     0.26320000E+002    -0.46899626E+000    -0.14262349E-010    -0.14259702E-010
     0.26328000E+002    -0.49676322E+000    -0.32830182E-010    -0.32814716E-010
     0.26336000E+002    -0.51109551E+000    -0.50959029E-010    -0.50931172E-010
     0.26344000E+002    -0.51230693E+000    -0.67790784E-010    -0.67750554E-010
     0.26352000E+002    -0.50169771E+000    -0.82462832E-010    -0.82409615E-010
     0.26360000E+002    -0.48136097E+000    -0.94150507E-010    -0.94086302E-010
     0.26368000E+002    -0.45390238E+000    -0.10211059E-009    -0.10203905E-009
     0.26376000E+002    -0.42208912E+000    -0.10572985E-009    -0.10565494E-009
     0.26384000E+002    -0.38846690E+000    -0.10457536E-009    -0.10450106E-009
     0.26392000E+002    -0.35502155E+000    -0.98439480E-010    -0.98368224E-010
     0.26400000E+002    -0.32292570E+000    -0.87380348E-010    -0.87315754E-010
     0.26408000E+002    -0.29241743E+000    -0.71746983E-010    -0.71693969E-010
     0.26416000E+002    -0.26282269E+000    -0.52189470E-010    -0.52151940E-010
     0.26424000E+002    -0.23269899E+000    -0.29653497E-010    -0.29634612E-010
     0.26432000E+002    -0.20009602E+000    -0.53489406E-011    -0.53491775E-011
     0.26440000E+002    -0.16289304E+000     0.19305796E-010     0.19287109E-010
     0.26448000E+002    -0.11916365E+000     0.42769977E-010     0.42732603E-010
     0.26456000E+002    -0.67528339E-001     0.63493495E-010     0.63438824E-010
     0.26464000E+002    -0.74458672E-002     0.80039956E-010     0.79970657E-010
     0.26472000E+002     0.60578639E-001     0.91214694E-010     0.91135711E-010
     0.26480000E+002     0.13488823E+000     0.96179492E-010     0.96097646E-010
     0.26488000E+002     0.21270611E+000     0.94541698E-010     0.94461683E-010
     0.26496000E+002     0.29032024E+000     0.86411992E-010     0.86337999E-010
     0.26504000E+002     0.36341929E+000     0.72410357E-010     0.72346308E-010
     0.26512000E+002     0.42755637E+000     0.53622999E-010     0.53572284E-010
     0.26520000E+002     0.47867853E+000     0.31514639E-010     0.31481805E-010
     0.26528000E+002     0.51365534E+000     0.78002908E-011     0.77869264E-011
     0.26536000E+002     0.53072165E+000    -0.15697212E-010    -0.15692546E-010
     0.26544000E+002     0.52974399E+000    -0.37199053E-010    -0.37178393E-010
     0.26552000E+002     0.51225932E+000    -0.55120924E-010    -0.55087789E-010
     0.26560000E+002     0.48125995E+000    -0.68199842E-010    -0.68156603E-010
     0.26568000E+002     0.44076064E+000    -0.75595345E-010    -0.75544763E-010
     0.26576000E+002     0.39522607E+000    -0.76947607E-010    -0.76894969E-010
     0.26584000E+002     0.34894500E+000    -0.72386227E-010    -0.72336393E-010
     0.26592000E+002     0.30546536E+000    -0.62500855E-010    -0.62458285E-010
     0.26600000E+002     0.26716615E+000    -0.48269162E-010    -0.48236256E-010
     0.26608000E+002     0.23502395E+000    -0.30954356E-010    -0.30931513E-010
     0.26616000E+002     0.20860414E+000    -0.11982831E-010    -0.11971556E-010
     0.26624000E+002     0.18624596E+000     0.71902447E-011     0.71890430E-011
     0.26632000E+002     0.16541021E+000     0.25201546E-010     0.25187563E-010
     0.26640000E+002     0.14312500E+000     0.40877219E-010     0.40851623E-010
     0.26648000E+002     0.11646035E+000     0.53298843E-010     0.53265410E-010
     0.26656000E+002     0.82985653E-001     0.61833345E-010     0.61794503E-010
     0.26664000E+002     0.41141441E-001     0.66139018E-010     0.66096470E-010
     0.26672000E+002    -0.95133423E-002     0.66144682E-010     0.66100402E-010
     0.26680000E+002    -0.68202926E-001     0.62009619E-010     0.61965232E-010
     0.26688000E+002    -0.13300052E+000     0.54077361E-010     0.54036712E-010
     0.26696000E+002    -0.20103274E+000     0.42825461E-010     0.42791945E-010
     0.26704000E+002    -0.26880126E+000     0.28827647E-010     0.28802385E-010
     0.26712000E+002    -0.33258542E+000     0.12729316E-010     0.12713497E-010
     0.26720000E+002    -0.38886522E+000    -0.47714748E-011    -0.47772475E-011
     0.26728000E+002    -0.43471401E+000    -0.22934296E-010    -0.22928369E-010
     0.26736000E+002    -0.46810623E+000    -0.40987679E-010    -0.40967790E-010
     0.26744000E+002    -0.48810464E+000    -0.58141461E-010    -0.58107946E-010
     0.26752000E+002    -0.49492011E+000    -0.73599498E-010    -0.73553854E-010
     0.26760000E+002    -0.48982928E+000    -0.86584288E-010    -0.86528822E-010
     0.26768000E+002    -0.47495518E+000    -0.96369767E-010    -0.96306571E-010
     0.26776000E+002    -0.45294394E+000    -0.10232278E-009    -0.10225281E-009
     0.26784000E+002    -0.42657675E+000    -0.10394908E-009    -0.10387527E-009
     0.26792000E+002    -0.39838553E+000    -0.10093130E-009    -0.10085801E-009
     0.26800000E+002    -0.37032276E+000    -0.93165459E-010    -0.93097413E-010
     0.26808000E+002    -0.34351269E+000    -0.80792262E-010    -0.80734029E-010
     0.26816000E+002    -0.31812731E+000    -0.64219046E-010    -0.64172689E-010
     0.26824000E+002    -0.29339685E+000    -0.44133630E-010    -0.44101258E-010
     0.26832000E+002    -0.26775704E+000    -0.21493908E-010    -0.21478514E-010
     0.26840000E+002    -0.23911723E+000     0.25065534E-011     0.25028374E-011
     0.26848000E+002    -0.20519310E+000     0.26493136E-010     0.26468858E-010
     0.26856000E+002    -0.16387501E+000     0.48991649E-010     0.48948585E-010
     0.26864000E+002    -0.11359741E+000     0.68526886E-010     0.68468818E-010
     0.26872000E+002    -0.53668137E-001     0.83738442E-010     0.83668426E-010
     0.26880000E+002     0.15474565E-001     0.93507224E-010     0.93429009E-010
     0.26888000E+002     0.92132561E-001     0.97068063E-010     0.96985229E-010
     0.26896000E+002     0.17337491E+000     0.94098523E-010     0.94016122E-010
     0.26904000E+002     0.25523037E+000     0.84767506E-010     0.84692476E-010
     0.26912000E+002     0.33304777E+000     0.69736524E-010     0.69673486E-010
     0.26920000E+002     0.40199553E+000     0.50121366E-010     0.50073597E-010
     0.26928000E+002     0.45764937E+000     0.27407544E-010     0.27376719E-010
     0.26936000E+002     0.49658125E+000     0.33293280E-011     0.33155360E-011
     0.26944000E+002     0.51683988E+000    -0.20275347E-010    -0.20270675E-010
     0.26952000E+002     0.51823290E+000    -0.41625185E-010    -0.41602809E-010
     0.26960000E+002     0.50235743E+000    -0.59143315E-010    -0.59106813E-010
     0.26968000E+002     0.47237203E+000    -0.71584373E-010    -0.71537989E-010
     0.26976000E+002     0.43254867E+000    -0.78133972E-010    -0.78083223E-010
     0.26984000E+002     0.38767379E+000    -0.78467150E-010    -0.78415626E-010
     0.26992000E+002     0.34238998E+000    -0.72768643E-010    -0.72718911E-010
     0.27000000E+002     0.30058904E+000    -0.61703732E-010    -0.61659913E-010
     0.27008000E+002     0.26494230E+000    -0.46340293E-010    -0.46306180E-010
     0.27016000E+002     0.23662926E+000    -0.28037979E-010    -0.28017145E-010
     0.27024000E+002     0.21528775E+000    -0.83120394E-011    -0.83054870E-011
     0.27032000E+002     0.19916340E+000     0.11303843E-010     0.11297981E-010
     0.27040000E+002     0.18544153E+000     0.29383404E-010     0.29366446E-010
     0.27048000E+002     0.17071186E+000     0.44716443E-010     0.44689874E-010
     0.27056000E+002     0.15150071E+000     0.56381000E-010     0.56345676E-010
     0.27064000E+002     0.12480500E+000     0.63781619E-010     0.63739073E-010
     0.27072000E+002     0.88540294E-001     0.66650992E-010     0.66605668E-010
     0.27080000E+002     0.41856627E-001     0.65016529E-010     0.64971975E-010
     0.27088000E+002    -0.14711419E-001     0.59154868E-010     0.59113561E-010
     0.27096000E+002    -0.79287209E-001     0.49536386E-010     0.49500145E-010
     0.27104000E+002    -0.14887176E+000     0.36768114E-010     0.36737457E-010
     0.27112000E+002    -0.21971851E+000     0.21547258E-010     0.21524834E-010
     0.27120000E+002    -0.28779590E+000     0.46192090E-011     0.46079827E-011
     0.27128000E+002    -0.34925582E+000    -0.13249958E-010    -0.13249068E-010
     0.27136000E+002    -0.40085743E+000    -0.31286374E-010    -0.31273146E-010
     0.27144000E+002    -0.44029322E+000    -0.48719114E-010    -0.48694767E-010
     0.27152000E+002    -0.46639246E+000    -0.64788094E-010    -0.64752968E-010
     0.27160000E+002    -0.47918429E+000    -0.78758690E-010    -0.78711870E-010
     0.27168000E+002    -0.47980429E+000    -0.89943820E-010    -0.89886342E-010
     0.27176000E+002    -0.47027484E+000    -0.97727753E-010    -0.97662067E-010
     0.27184000E+002    -0.45319327E+000    -0.10159707E-009    -0.10152726E-009
     0.27192000E+002    -0.43136097E+000    -0.10117383E-009    -0.10110390E-009
     0.27200000E+002    -0.40740232E+000    -0.96250878E-010    -0.96182653E-010
     0.27208000E+002    -0.38340383E+000    -0.86826619E-010    -0.86762731E-010
     0.27216000E+002    -0.36062310E+000    -0.73128630E-010    -0.73072753E-010
     0.27224000E+002    -0.33932635E+000    -0.55629684E-010    -0.55586291E-010
     0.27232000E+002    -0.31876551E+000    -0.35051974E-010    -0.35025629E-010
     0.27240000E+002    -0.29730509E+000    -0.12356400E-010    -0.12348271E-010
     0.27248000E+002    -0.27268239E+000     0.11282034E-010     0.11272375E-010
     0.27256000E+002    -0.24235735E+000     0.34526598E-010     0.34499513E-010
     0.27264000E+002    -0.20393289E+000     0.55957018E-010     0.55913170E-010
     0.27272000E+002    -0.15558429E+000     0.74167791E-010     0.74107532E-010
     0.27280000E+002    -0.96435312E-001     0.87883583E-010     0.87810248E-010
     0.27288000E+002    -0.26843306E-001     0.96071884E-010     0.95991387E-010
     0.27296000E+002     0.51466034E-001     0.98047737E-010     0.97965639E-010
     0.27304000E+002     0.13542893E+000     0.93559911E-010     0.93481594E-010
     0.27312000E+002     0.22085169E+000     0.82838152E-010     0.82766822E-010
     0.27320000E+002     0.30280489E+000     0.66600830E-010     0.66539724E-010
     0.27328000E+002     0.37615445E+000     0.46011733E-010     0.45965922E-010
     0.27336000E+002     0.43617504E+000     0.22589052E-010     0.22561556E-010
     0.27344000E+002     0.47915424E+000    -0.19128721E-011    -0.19206485E-011
     0.27352000E+002     0.50288762E+000    -0.25648240E-010    -0.25637477E-010
     0.27360000E+002     0.50699112E+000    -0.46833005E-010    -0.46807507E-010
     0.27368000E+002     0.49296428E+000    -0.63891704E-010    -0.63853439E-010
     0.27376000E+002     0.46399154E+000    -0.75595117E-010    -0.75546472E-010
     0.27384000E+002     0.42450722E+000    -0.81162867E-010    -0.81107934E-010
     0.27392000E+002     0.37958616E+000    -0.80323737E-010    -0.80267252E-010
     0.27400000E+002     0.33426226E+000    -0.73332648E-010    -0.73280944E-010
     0.27408000E+002     0.29287164E+000    -0.60935193E-010    -0.60892364E-010
     0.27416000E+002     0.25851241E+000    -0.44291440E-010    -0.44258908E-010
     0.27424000E+002     0.23269298E+000    -0.24861512E-010    -0.24840436E-010
     0.27432000E+002     0.21520725E+000    -0.42618141E-011    -0.42528990E-011
     0.27440000E+002     0.20425367E+000     0.15884782E-010     0.15879873E-010
     0.27448000E+002     0.19677780E+000     0.34090973E-010     0.34072276E-010
     0.27456000E+002     0.18897728E+000     0.49116813E-010     0.49087428E-010
     0.27464000E+002     0.17689539E+000     0.60043698E-010     0.60007003E-010
     0.27472000E+002     0.15701866E+000     0.66313220E-010     0.66272933E-010
     0.27480000E+002     0.12679424E+000     0.67725611E-010     0.67683554E-010
     0.27488000E+002     0.85005128E-001     0.64409766E-010     0.64366828E-010
     0.27496000E+002     0.31944296E-001     0.56768678E-010     0.56728392E-010
     0.27504000E+002    -0.30630833E-001     0.45407235E-010     0.45373079E-010
     0.27512000E+002    -0.99736181E-001     0.31065735E-010     0.31040595E-010
     0.27520000E+002    -0.17155152E+000     0.14560555E-010     0.14546043E-010
     0.27528000E+002    -0.24188898E+000    -0.32623400E-011    -0.32672901E-011
     0.27536000E+002    -0.30668038E+000    -0.21557339E-010    -0.21552343E-010
     0.27544000E+002    -0.36242783E+000    -0.39505226E-010    -0.39488666E-010
     0.27552000E+002    -0.40654952E+000    -0.56328383E-010    -0.56299526E-010
     0.27560000E+002    -0.43760127E+000    -0.71297877E-010    -0.71256792E-010
     0.27568000E+002    -0.45535522E+000    -0.83742971E-010    -0.83692456E-010
     0.27576000E+002    -0.46074052E+000    -0.93060694E-010    -0.93003739E-010
     0.27584000E+002    -0.45566848E+000    -0.98736908E-010    -0.98674826E-010
     0.27592000E+002    -0.44273513E+000    -0.10037583E-009    -0.10031036E-009
     0.27600000E+002    -0.42483600E+000    -0.97726382E-010    -0.97659681E-010
     0.27608000E+002    -0.40474252E+000    -0.90709274E-010    -0.90645558E-010
     0.27616000E+002    -0.38469251E+000    -0.79437443E-010    -0.79381879E-010
     0.27624000E+002    -0.36606911E+000    -0.64232802E-010    -0.64188237E-010
     0.27632000E+002    -0.34920160E+000    -0.45643131E-010    -0.45611604E-010
     0.27640000E+002    -0.33331539E+000    -0.24444585E-010    -0.24427552E-010
     0.27648000E+002    -0.31665537E+000    -0.16290212E-011    -0.16283340E-011
     0.27656000E+002    -0.29676478E+000     0.21628470E-010     0.21610092E-010
     0.27664000E+002    -0.27088417E+000     0.44025679E-010     0.43988330E-010
     0.27672000E+002    -0.23641116E+000     0.64204250E-010     0.64150369E-010
     0.27680000E+002    -0.19134536E+000     0.80840421E-010     0.80773753E-010
     0.27688000E+002    -0.13467109E+000     0.92751132E-010     0.92675928E-010
     0.27696000E+002    -0.66640939E-001     0.99004133E-010     0.98922980E-010
     0.27704000E+002     0.11082916E-001     0.99022317E-010     0.98939215E-010
     0.27712000E+002     0.95452662E-001     0.92659068E-010     0.92579828E-010
     0.27720000E+002     0.18224332E+000     0.80237498E-010     0.80167781E-010
     0.27728000E+002     0.26643958E+000     0.62549942E-010     0.62495390E-010
     0.27736000E+002     0.34275444E+000     0.40811579E-010     0.40774260E-010
     0.27744000E+002     0.40623444E+000     0.16579169E-010     0.16559115E-010
     0.27752000E+002     0.45287520E+000    -0.83677664E-011    -0.83694503E-011
     0.27760000E+002     0.48015733E+000    -0.32174532E-010    -0.32158256E-010
     0.27768000E+002     0.48741539E+000    -0.53063713E-010    -0.53030468E-010
     0.27776000E+002     0.47595348E+000    -0.69487011E-010    -0.69439855E-010
     0.27784000E+002     0.44888582E+000    -0.80255818E-010    -0.80201194E-010
     0.27792000E+002     0.41072134E+000    -0.84638543E-010    -0.84581454E-010
     0.27800000E+002     0.36675260E+000    -0.82427005E-010    -0.82371391E-010
     0.27808000E+002     0.32234607E+000    -0.73952622E-010    -0.73901991E-010
     0.27816000E+002     0.28222207E+000    -0.60051730E-010    -0.60008888E-010
     0.27824000E+002     0.24983997E+000    -0.41984178E-010    -0.41953405E-010
     0.27832000E+002     0.22698375E+000    -0.21305989E-010    -0.21290091E-010
     0.27840000E+002     0.21359824E+000     0.27807624E-012     0.27890109E-012
     0.27848000E+002     0.20789679E+000     0.21069040E-010     0.21056202E-010
     0.27856000E+002     0.20669830E+000     0.39520488E-010     0.39496833E-010
     0.27864000E+002     0.20594023E+000     0.54356097E-010     0.54322917E-010
     0.27872000E+002     0.20130261E+000     0.64654630E-010     0.64613456E-010
     0.27880000E+002     0.18884752E+000     0.69889338E-010     0.69843543E-010
     0.27888000E+002     0.16558444E+000     0.69922886E-010     0.69876034E-010
     0.27896000E+002     0.12987978E+000     0.64972162E-010     0.64928875E-010
     0.27904000E+002     0.81660136E-001     0.55546082E-010     0.55508980E-010
     0.27912000E+002     0.22404998E-001     0.42373923E-010     0.42343311E-010
     0.27920000E+002    -0.45056823E-001     0.26331960E-010     0.26309656E-010
     0.27928000E+002    -0.11691812E+000     0.83698204E-011     0.83576772E-011
     0.27936000E+002    -0.18887168E+000    -0.10547517E-010    -0.10547374E-010
     0.27944000E+002    -0.25662766E+000    -0.29483071E-010    -0.29469145E-010
     0.27952000E+002    -0.31639527E+000    -0.47556229E-010    -0.47530367E-010
     0.27960000E+002    -0.36526573E+000    -0.63956416E-010    -0.63920352E-010
     0.27968000E+002    -0.40147815E+000    -0.77956626E-010    -0.77911147E-010
     0.27976000E+002    -0.42454369E+000    -0.88925105E-010    -0.88870930E-010
     0.27984000E+002    -0.43521749E+000    -0.96336832E-010    -0.96274400E-010
     0.27992000E+002    -0.43532370E+000    -0.99788568E-010    -0.99721041E-010
     0.28000000E+002    -0.42743693E+000    -0.99011862E-010    -0.98943671E-010
     0.28008000E+002    -0.41447703E+000    -0.93891937E-010    -0.93826485E-010
     0.28016000E+002    -0.39926760E+000    -0.84488828E-010    -0.84429183E-010
     0.28024000E+002    -0.38410661E+000    -0.71052826E-010    -0.71000859E-010
     0.28032000E+002    -0.37042307E+000    -0.54037073E-010    -0.53995677E-010
     0.28040000E+002    -0.35855577E+000    -0.34098180E-010    -0.34071476E-010
     0.28048000E+002    -0.34770197E+000    -0.12087995E-010    -0.12078421E-010
     0.28056000E+002    -0.33605376E+000     0.10961117E-010     0.10952356E-010
     0.28064000E+002    -0.32108001E+000     0.33870083E-010     0.33843723E-010
     0.28072000E+002    -0.29992228E+000     0.55363834E-010     0.55321269E-010
     0.28080000E+002    -0.26984243E+000     0.74143545E-010     0.74085219E-010
     0.28088000E+002    -0.22866569E+000     0.88979068E-010     0.88907218E-010
     0.28096000E+002    -0.17518287E+000     0.98805305E-010     0.98723747E-010
     0.28104000E+002    -0.10945043E+000     0.10282125E-009     0.10273551E-009
     0.28112000E+002    -0.32951121E-001     0.10057878E-009     0.10049530E-009
     0.28120000E+002     0.51406755E-001     0.92048535E-010     0.91971189E-010
     0.28128000E+002     0.13946932E+000     0.77658959E-010     0.77591399E-010
     0.28136000E+002     0.22618768E+000     0.58290056E-010     0.58236224E-010
     0.28144000E+002     0.30612172E+000     0.35223764E-010     0.35186858E-010
     0.28152000E+002     0.37405655E+000     0.10058453E-010     0.10042236E-010
     0.28160000E+002     0.42564728E+000    -0.15412555E-010    -0.15407817E-010
     0.28168000E+002     0.45799474E+000    -0.39338436E-010    -0.39315651E-010
     0.28176000E+002     0.47005566E+000    -0.59958955E-010    -0.59920693E-010
     0.28184000E+002     0.46280819E+000    -0.75755571E-010    -0.75705667E-010
     0.28192000E+002     0.43914376E+000    -0.85580683E-010    -0.85522442E-010
     0.28200000E+002     0.40348494E+000    -0.88759696E-010    -0.88696873E-010
     0.28208000E+002     0.36118167E+000    -0.85151897E-010    -0.85091018E-010
     0.28216000E+002     0.31778436E+000    -0.75160778E-010    -0.75107283E-010
     0.28224000E+002     0.27829841E+000    -0.59701308E-010    -0.59659125E-010
     0.28232000E+002     0.24654238E+000    -0.40117375E-010    -0.40088694E-010
     0.28240000E+002     0.22469048E+000    -0.18056963E-010    -0.18042099E-010
     0.28248000E+002     0.21304849E+000     0.46814361E-011     0.46813010E-011
     0.28256000E+002     0.21010034E+000     0.26316674E-010     0.26301316E-010
     0.28264000E+002     0.21279810E+000     0.45236945E-010     0.45207753E-010
     0.28272000E+002     0.21705698E+000     0.60123694E-010     0.60083704E-010
     0.28280000E+002     0.21837838E+000     0.70036875E-010     0.69991105E-010
     0.28288000E+002     0.21249729E+000     0.74455559E-010     0.74407209E-010
     0.28296000E+002     0.19598427E+000     0.73283961E-010     0.73235432E-010
     0.28304000E+002     0.16671561E+000     0.66816263E-010     0.66770533E-010
     0.28312000E+002     0.12415288E+000     0.55669449E-010     0.55628960E-010
     0.28320000E+002     0.69401631E-001     0.40702331E-010     0.40671035E-010
     0.28328000E+002     0.50354382E-002     0.22925128E-010     0.22905598E-010
     0.28336000E+002    -0.65264723E-001     0.34212543E-011     0.34132180E-011
     0.28344000E+002    -0.13719149E+000    -0.16715329E-010    -0.16711627E-010
     0.28352000E+002    -0.20634202E+000    -0.36435841E-010    -0.36420608E-010
     0.28360000E+002    -0.26872344E+000    -0.54774986E-010    -0.54747862E-010
     0.28368000E+002    -0.32118324E+000    -0.70878462E-010    -0.70838807E-010
     0.28376000E+002    -0.36171174E+000    -0.84020560E-010    -0.83970766E-010
     0.28384000E+002    -0.38958278E+000    -0.93607929E-010    -0.93550977E-010
     0.28392000E+002    -0.40533400E+000    -0.99186758E-010    -0.99125260E-010
     0.28400000E+002    -0.41059569E+000    -0.10045283E-009    -0.10038914E-009
     0.28408000E+002    -0.40779572E+000    -0.97262395E-010    -0.97197777E-010
     0.28416000E+002    -0.39977375E+000    -0.89646244E-010    -0.89583987E-010
     0.28424000E+002    -0.38933553E+000    -0.77815909E-010    -0.77760591E-010
     0.28432000E+002    -0.37881388E+000    -0.62166842E-010    -0.62122208E-010
     0.28440000E+002    -0.36970663E+000    -0.43281026E-010    -0.43250068E-010
     0.28448000E+002    -0.36243989E+000    -0.21922763E-010    -0.21906354E-010
     0.28456000E+002    -0.35629991E+000     0.97087789E-012     0.97167576E-012
     0.28464000E+002    -0.34952943E+000     0.24314510E-010     0.24297581E-010
     0.28472000E+002    -0.33957538E+000     0.46914893E-010     0.46879462E-010
     0.28480000E+002    -0.32347381E+000     0.67523695E-010     0.67470348E-010
     0.28488000E+002    -0.29830853E+000     0.84906498E-010     0.84838593E-010
     0.28496000E+002    -0.26168601E+000     0.97922349E-010     0.97844395E-010
     0.28504000E+002    -0.21216106E+000     0.10561471E-009     0.10552992E-009
     0.28512000E+002    -0.14955136E+000     0.10730621E-009     0.10721850E-009
     0.28520000E+002    -0.75125922E-001     0.10267858E-009     0.10259212E-009
     0.28528000E+002     0.83660064E-002     0.91832337E-010     0.91752627E-010
     0.28536000E+002     0.96848343E-001     0.75311167E-010     0.75244834E-010
     0.28544000E+002     0.18525483E+000     0.54087557E-010     0.54038008E-010
     0.28552000E+002     0.26803605E+000     0.29516827E-010     0.29485989E-010
     0.28560000E+002     0.33977199E+000     0.32486907E-011     0.32375912E-011
     0.28568000E+002     0.39581539E+000    -0.22892081E-010    -0.22883921E-010
     0.28576000E+002     0.43288446E+000    -0.47044001E-010    -0.47016009E-010
     0.28584000E+002     0.44951201E+000    -0.67462927E-010    -0.67417188E-010
     0.28592000E+002     0.44627351E+000    -0.82663966E-010    -0.82605868E-010
     0.28600000E+002     0.42573665E+000    -0.91544987E-010    -0.91479660E-010
     0.28608000E+002     0.39212746E+000    -0.93488354E-010    -0.93421545E-010
     0.28616000E+002     0.35076745E+000    -0.88419281E-010    -0.88355183E-010
     0.28624000E+002     0.30736778E+000    -0.76821986E-010    -0.76763809E-010
     0.28632000E+002     0.26728025E+000    -0.59704460E-010    -0.59657262E-010
     0.28640000E+002     0.23480955E+000    -0.38506242E-010    -0.38474190E-010
     0.28648000E+002     0.21267769E+000    -0.14969194E-010    -0.14954791E-010
     0.28656000E+002     0.20171740E+000     0.90205609E-011     0.90175310E-011
     0.28664000E+002     0.20084024E+000     0.31600540E-010     0.31582816E-010
     0.28672000E+002     0.20726512E+000     0.51089275E-010     0.51058755E-010
     0.28680000E+002     0.21697053E+000     0.66122275E-010     0.66081037E-010
     0.28688000E+002     0.22530150E+000     0.75745472E-010     0.75695858E-010
     0.28696000E+002     0.22764148E+000     0.79461429E-010     0.79406984E-010
     0.28704000E+002     0.22006781E+000     0.77228048E-010     0.77174772E-010
     0.28712000E+002     0.19988456E+000     0.69414706E-010     0.69366687E-010
     0.28720000E+002     0.16596041E+000     0.56735508E-010     0.56695121E-010
     0.28728000E+002     0.11883836E+000     0.40163120E-010     0.40132246E-010
     0.28736000E+002     0.60609684E-001     0.20834728E-010     0.20814006E-010
     0.28744000E+002    -0.53997975E-002    -0.36330353E-013    -0.44366599E-013
     0.28752000E+002    -0.75084125E-001    -0.21243291E-010    -0.21236610E-010
     0.28760000E+002    -0.14408550E+000    -0.41647380E-010    -0.41626991E-010
     0.28768000E+002    -0.20831288E+000    -0.60218634E-010    -0.60185926E-010
     0.28776000E+002    -0.26439240E+000    -0.76066457E-010    -0.76023754E-010
     0.28784000E+002    -0.30998948E+000    -0.88455497E-010    -0.88404311E-010
     0.28792000E+002    -0.34398500E+000    -0.96818064E-010    -0.96758679E-010
     0.28800000E+002    -0.36650862E+000    -0.10076322E-009    -0.10069839E-009
     0.28808000E+002    -0.37881807E+000    -0.10007708E-009    -0.10001064E-009
     0.28816000E+002    -0.38304442E+000    -0.94726965E-010    -0.94662995E-010
     0.28824000E+002    -0.38182361E+000    -0.84864889E-010    -0.84806935E-010
     0.28832000E+002    -0.37785499E+000    -0.70829402E-010    -0.70778910E-010
     0.28840000E+002    -0.37346266E+000    -0.53148395E-010    -0.53107846E-010
     0.28848000E+002    -0.37021056E+000    -0.32530231E-010    -0.32503312E-010
     0.28856000E+002    -0.36862574E+000    -0.98490508E-011    -0.98390795E-011
     0.28864000E+002    -0.36808518E+000     0.13874367E-010     0.13865040E-010
     0.28872000E+002    -0.36687765E+000     0.37502985E-010     0.37475240E-010
     0.28880000E+002    -0.36244511E+000     0.59821222E-010     0.59776888E-010
     0.28888000E+002    -0.35177052E+000     0.79590023E-010     0.79530114E-010
     0.28896000E+002    -0.33183369E+000     0.95618848E-010     0.95544811E-010
     0.28904000E+002    -0.30008662E+000     0.10684514E-009     0.10675893E-009
     0.28912000E+002    -0.25488733E+000     0.11242053E-009     0.11232718E-009
     0.28920000E+002    -0.19583492E+000     0.11179125E-009     0.11169759E-009
     0.28928000E+002    -0.12398198E+000     0.10476812E-009     0.10467952E-009
     0.28936000E+002    -0.41876040E-001     0.91579615E-010     0.91500799E-010
     0.28944000E+002     0.46576675E-001     0.72890180E-010     0.72824106E-010
     0.28952000E+002     0.13641091E+000     0.49782743E-010     0.49732556E-010
     0.28960000E+002     0.22206450E+000     0.23699694E-010     0.23670064E-010
     0.28968000E+002     0.29795664E+000    -0.36533162E-011    -0.36607184E-011
     0.28976000E+002     0.35913318E+000    -0.30423453E-010    -0.30409158E-010
     0.28984000E+002     0.40189294E+000    -0.54747968E-010    -0.54714429E-010
     0.28992000E+002     0.42428216E+000    -0.74900021E-010    -0.74851908E-010
     0.29000000E+002     0.42638240E+000    -0.89429030E-010    -0.89369138E-010
     0.29008000E+002     0.41032951E+000    -0.97290374E-010    -0.97222239E-010
     0.29016000E+002     0.38005581E+000    -0.97939371E-010    -0.97868983E-010
     0.29024000E+002     0.34078627E+000    -0.91383198E-010    -0.91316449E-010
     0.29032000E+002     0.29834617E+000    -0.78191187E-010    -0.78134337E-010
     0.29040000E+002     0.25839245E+000    -0.59453237E-010    -0.59409996E-010
     0.29048000E+002     0.22567833E+000    -0.36694938E-010    -0.36666248E-010
     0.29056000E+002     0.20345749E+000    -0.11748416E-010    -0.11735577E-010
     0.29064000E+002     0.19311156E+000     0.13414078E-010     0.13410210E-010
     0.29072000E+002     0.19403595E+000     0.36856229E-010     0.36835117E-010
     0.29080000E+002     0.20379827E+000     0.56846502E-010     0.56810024E-010
     0.29088000E+002     0.21854364E+000     0.71993799E-010     0.71946826E-010
     0.29096000E+002     0.23357713E+000     0.81338522E-010     0.81285497E-010
     0.29104000E+002     0.24403774E+000     0.84402193E-010     0.84347277E-010
     0.29112000E+002     0.24556441E+000     0.81187339E-010     0.81133125E-010
     0.29120000E+002     0.23486219E+000     0.72138159E-010     0.72086852E-010
     0.29128000E+002     0.21010728E+000     0.58067816E-010     0.58024218E-010
     0.29136000E+002     0.17114108E+000     0.40058350E-010     0.40026082E-010
     0.29144000E+002     0.11943186E+000     0.19359841E-010     0.19340790E-010
     0.29152000E+002     0.57826193E-001    -0.27060458E-011    -0.27112600E-011
     0.29160000E+002    -0.98683908E-002    -0.24831608E-010    -0.24824704E-010
     0.29168000E+002    -0.79388737E-001    -0.45788284E-010    -0.45769160E-010
     0.29176000E+002    -0.14653286E+000    -0.64481775E-010    -0.64449480E-010
     0.29184000E+002    -0.20763530E+000    -0.79989494E-010    -0.79945258E-010
     0.29192000E+002    -0.25994107E+000    -0.91578646E-010    -0.91524625E-010
     0.29200000E+002    -0.30185069E+000    -0.98716836E-010    -0.98657141E-010
     0.29208000E+002    -0.33300447E+000    -0.10107311E-009    -0.10101142E-009
     0.29216000E+002    -0.35419328E+000    -0.98518751E-010    -0.98456474E-010
     0.29224000E+002    -0.36713078E+000    -0.91129534E-010    -0.91068961E-010
     0.29232000E+002    -0.37410784E+000    -0.79180833E-010    -0.79125072E-010
     0.29240000E+002    -0.37757830E+000    -0.63141047E-010    -0.63094383E-010
     0.29248000E+002    -0.37972927E+000    -0.43660303E-010    -0.43627124E-010
     0.29256000E+002    -0.38208249E+000    -0.21555869E-010    -0.21537687E-010
     0.29264000E+002    -0.38521048E+000     0.22034511E-011     0.22059082E-011
     0.29272000E+002    -0.38861134E+000     0.26523814E-010     0.26509757E-010
     0.29280000E+002    -0.39075467E+000     0.50221551E-010     0.50190019E-010
     0.29288000E+002    -0.38929406E+000     0.72069396E-010     0.72019303E-010
     0.29296000E+002    -0.38139980E+000     0.90854690E-010     0.90788042E-010
     0.29304000E+002    -0.36417524E+000     0.10544261E-009     0.10536341E-009
     0.29312000E+002    -0.33511114E+000     0.11485149E-009     0.11476403E-009
     0.29320000E+002    -0.29250994E+000     0.11833343E-009     0.11824194E-009
     0.29328000E+002    -0.23582844E+000     0.11545026E-009     0.11535768E-009
     0.29336000E+002    -0.16590101E+000     0.10614033E-009     0.10605140E-009
     0.29344000E+002    -0.85017486E-001     0.90755966E-010     0.90677098E-010
     0.29352000E+002     0.31522121E-002     0.70070948E-010     0.70007406E-010
     0.29360000E+002     0.93803810E-001     0.45258271E-010     0.45214410E-010
     0.29368000E+002     0.18142339E+000     0.17828075E-010     0.17804814E-010
     0.29376000E+002     0.26035389E+000    -0.10462776E-010    -0.10466078E-010
     0.29384000E+002     0.32544222E+000    -0.37730804E-010    -0.37713238E-010
     0.29392000E+002     0.37267593E+000    -0.62110184E-010    -0.62072819E-010
     0.29400000E+002     0.39971129E+000    -0.81895092E-010    -0.81840567E-010
     0.29408000E+002     0.40621646E+000    -0.95677518E-010    -0.95610465E-010
     0.29416000E+002     0.39395534E+000    -0.10246752E-009    -0.10239548E-009
     0.29424000E+002     0.36658653E+000    -0.10178112E-009    -0.10170953E-009
     0.29432000E+002     0.32919742E+000    -0.93698861E-010    -0.93631746E-010
     0.29440000E+002     0.28763558E+000    -0.78876362E-010    -0.78818142E-010
     0.29448000E+002     0.24775180E+000    -0.58500286E-010    -0.58454733E-010
     0.29456000E+002     0.21465298E+000    -0.34196043E-010    -0.34167661E-010
     0.29464000E+002     0.19206914E+000    -0.78875570E-011    -0.78786812E-011
     0.29472000E+002     0.18191993E+000     0.18370582E-010     0.18361027E-010
     0.29480000E+002     0.18412160E+000     0.42572117E-010     0.42546547E-010
     0.29488000E+002     0.19666924E+000     0.62932516E-010     0.62894303E-010
     0.29496000E+002     0.21596814E+000     0.78032722E-010     0.77984064E-010
     0.29504000E+002     0.23735736E+000     0.86922055E-010     0.86865867E-010
     0.29512000E+002     0.25575872E+000     0.89165216E-010     0.89106560E-010
     0.29520000E+002     0.26635470E+000     0.84836315E-010     0.84779958E-010
     0.29528000E+002     0.26521380E+000     0.74472761E-010     0.74423621E-010
     0.29536000E+002     0.24978287E+000     0.58991833E-010     0.58952445E-010
     0.29544000E+002     0.21917317E+000     0.39591041E-010     0.39561698E-010
     0.29552000E+002     0.17421018E+000     0.17639797E-010     0.17622601E-010
     0.29560000E+002     0.11725183E+000    -0.54325998E-011    -0.54360685E-011
     0.29568000E+002     0.51816971E-001    -0.28229128E-010    -0.28218124E-010
     0.29576000E+002    -0.17906665E-001    -0.49460126E-010    -0.49434888E-010
     0.29584000E+002    -0.87603505E-001    -0.67999697E-010    -0.67963670E-010
     0.29592000E+002    -0.15334532E+000    -0.82917739E-010    -0.82873493E-010
     0.29600000E+002    -0.21200588E+000    -0.93504188E-010    -0.93452794E-010
     0.29608000E+002    -0.26153284E+000    -0.99279782E-010    -0.99222977E-010
     0.29616000E+002    -0.30105512E+000    -0.99992297E-010    -0.99931976E-010
     0.29624000E+002    -0.33083148E+000    -0.95611639E-010    -0.95552066E-010
     0.29632000E+002    -0.35206701E+000    -0.86318504E-010    -0.86264472E-010
     0.29640000E+002    -0.36660911E+000    -0.72494452E-010    -0.72448539E-010
     0.29648000E+002    -0.37656997E+000    -0.54714887E-010    -0.54679188E-010
     0.29656000E+002    -0.38392998E+000    -0.33732509E-010    -0.33708528E-010
     0.29664000E+002    -0.39017076E+000    -0.10456870E-010    -0.10447081E-010
     0.29672000E+002    -0.39600611E+000     0.14071911E-010     0.14064187E-010
     0.29680000E+002    -0.40122873E+000     0.38714992E-010     0.38688839E-010
     0.29688000E+002    -0.40469501E+000     0.62267700E-010     0.62223790E-010
     0.29696000E+002    -0.40446666E+000     0.83504265E-010     0.83444600E-010
     0.29704000E+002    -0.39807665E+000     0.10123479E-009     0.10116166E-009
     0.29712000E+002    -0.38289854E+000     0.11437314E-009     0.11428791E-009
     0.29720000E+002    -0.35656187E+000     0.12201261E-009     0.12191866E-009
     0.29728000E+002    -0.31735150E+000     0.12349756E-009     0.12339988E-009
     0.29736000E+002    -0.26456275E+000     0.11849127E-009     0.11839570E-009
     0.29744000E+002    -0.19875952E+000     0.10703271E-009     0.10694520E-009
     0.29752000E+002    -0.12189892E+000     0.89572987E-010     0.89496893E-010
     0.29760000E+002    -0.37296248E-001     0.66986571E-010     0.66925301E-010
     0.29768000E+002     0.50593712E-001     0.40540172E-010     0.40497740E-010
     0.29776000E+002     0.13655977E+000     0.11824106E-010     0.11803175E-010
     0.29784000E+002     0.21515342E+000    -0.17345943E-010    -0.17343105E-010
     0.29792000E+002     0.28129863E+000    -0.45055387E-010    -0.45030158E-010
     0.29800000E+002     0.33091321E+000    -0.69425896E-010    -0.69382433E-010
     0.29808000E+002     0.36145003E+000    -0.88758248E-010    -0.88699575E-010
     0.29816000E+002     0.37226206E+000    -0.10167627E-009    -0.10160658E-009
     0.29824000E+002     0.36472007E+000    -0.10724602E-009    -0.10716977E-009
     0.29832000E+002     0.34206625E+000    -0.10506711E-009    -0.10498943E-009
     0.29840000E+002     0.30901923E+000    -0.95321990E-010    -0.95250578E-010
     0.29848000E+002     0.27118128E+000    -0.78772385E-010    -0.78713037E-010
     0.29856000E+002     0.23433126E+000    -0.56713520E-010    -0.56669689E-010
     0.29864000E+002     0.20368892E+000    -0.30876310E-010    -0.30850102E-010
     0.29872000E+002     0.18326132E+000    -0.32822971E-011    -0.32741279E-011
     0.29880000E+002     0.17535908E+000     0.23930841E-010     0.23920015E-010
     0.29888000E+002     0.18033282E+000     0.48701478E-010     0.48672183E-010
     0.29896000E+002     0.19657052E+000     0.69221246E-010     0.69176529E-010
     0.29904000E+002     0.22074035E+000     0.84077848E-010     0.84022287E-010
     0.29912000E+002     0.24825271E+000     0.92353654E-010     0.92293153E-010
     0.29920000E+002     0.27389067E+000     0.93669112E-010     0.93607587E-010
     0.29928000E+002     0.29250525E+000     0.88178389E-010     0.88119074E-010
     0.29936000E+002     0.29968723E+000     0.76516269E-010     0.76463351E-010
     0.29944000E+002     0.29231490E+000     0.59706339E-010     0.59663181E-010
     0.29952000E+002     0.26890340E+000     0.39051545E-010     0.39022078E-010
     0.29960000E+002     0.22972926E+000     0.16014443E-010     0.16000438E-010
     0.29968000E+002     0.17670969E+000    -0.78930345E-011    -0.78929647E-011
     0.29976000E+002     0.11307168E+000    -0.31204278E-010    -0.31190550E-010
     0.29984000E+002     0.42873985E-001    -0.52580839E-010    -0.52554258E-010
     0.29992000E+002    -0.29535241E-001    -0.70870663E-010    -0.70832139E-010
     0.30000000E+002    -0.10002788E+000    -0.85146659E-010    -0.85097208E-010
     0.30008000E+002    -0.16512034E+000    -0.94727303E-010    -0.94671094E-010
     0.30016000E+002    -0.22227503E+000    -0.99177729E-010    -0.99118848E-010
     0.30024000E+002    -0.27005708E+000    -0.98307808E-010    -0.98249023E-010
     0.30032000E+002    -0.30814492E+000    -0.92165769E-010    -0.92109715E-010
     0.30040000E+002    -0.33719321E+000    -0.81026279E-010    -0.80974711E-010
     0.30048000E+002    -0.35858254E+000    -0.65377590E-010    -0.65334062E-010
     0.30056000E+002    -0.37410291E+000    -0.45899842E-010    -0.45868715E-010
     0.30064000E+002    -0.38560151E+000    -0.23442586E-010    -0.23426363E-010
     0.30072000E+002    -0.39463705E+000     0.99725617E-012     0.99705047E-012
     0.30080000E+002    -0.40218121E+000     0.26304791E-010     0.26288212E-010
     0.30088000E+002    -0.40840698E+000     0.51279974E-010     0.51246776E-010
     0.30096000E+002    -0.41261779E+000     0.74681816E-010     0.74630868E-010
     0.30104000E+002    -0.41332518E+000     0.95281410E-010     0.95213553E-010
     0.30112000E+002    -0.40845438E+000     0.11191638E-009     0.11183413E-009
     0.30120000E+002    -0.39565875E+000     0.12355444E-009     0.12346232E-009
     0.30128000E+002    -0.37269266E+000     0.12936039E-009     0.12926336E-009
     0.30136000E+002    -0.33780647E+000     0.12876615E-009     0.12866756E-009
     0.30144000E+002    -0.29011760E+000     0.12154024E-009     0.12144433E-009
     0.30152000E+002    -0.22988497E+000     0.10783767E-009     0.10774934E-009
     0.30160000E+002    -0.15865722E+000     0.88227558E-010     0.88152452E-010
     0.30168000E+002    -0.79267019E-001     0.63690816E-010     0.63634824E-010
     0.30176000E+002     0.43375279E-002     0.35582496E-010     0.35547829E-010
     0.30184000E+002     0.87409523E-001     0.55664120E-011     0.55537713E-011
     0.30192000E+002     0.16486407E+000    -0.24485688E-010    -0.24476024E-010
     0.30200000E+002     0.23183548E+000    -0.52622704E-010    -0.52592022E-010
     0.30208000E+002     0.28425793E+000    -0.76955567E-010    -0.76904717E-010
     0.30216000E+002     0.31938805E+000    -0.95806840E-010    -0.95739591E-010
     0.30224000E+002     0.33618041E+000    -0.10784606E-009    -0.10776933E-009
     0.30232000E+002     0.33546150E+000    -0.11220306E-009    -0.11212269E-009
     0.30240000E+002     0.31986838E+000    -0.10855628E-009    -0.10847825E-009
     0.30248000E+002     0.29354622E+000    -0.97176832E-010    -0.97105942E-010
     0.30256000E+002     0.26164123E+000    -0.78926892E-010    -0.78866984E-010
     0.30264000E+002     0.22965159E+000    -0.55205484E-010    -0.55162066E-010
     0.30272000E+002     0.20272782E+000    -0.27838826E-010    -0.27815645E-010
     0.30280000E+002     0.18502102E+000     0.10675806E-011     0.10694375E-011
     0.30288000E+002     0.17915902E+000     0.29307643E-010     0.29289468E-010
     0.30296000E+002     0.18591579E+000     0.54764769E-010     0.54729966E-010
     0.30304000E+002     0.20412277E+000     0.75591461E-010     0.75542505E-010
     0.30312000E+002     0.23083426E+000     0.90362647E-010     0.90302452E-010
     0.30320000E+002     0.26173252E+000     0.98176269E-010     0.98108911E-010
     0.30328000E+002     0.29171461E+000     0.98697560E-010     0.98628253E-010
     0.30336000E+002     0.31556437E+000     0.92148099E-010     0.92083618E-010
     0.30344000E+002     0.32862448E+000     0.79243949E-010     0.79188407E-010
     0.30352000E+002     0.32737415E+000     0.61106362E-010     0.61061861E-010
     0.30360000E+002     0.30983670E+000     0.39147044E-010     0.39115588E-010
     0.30368000E+002     0.27577110E+000     0.14939841E-010     0.14922239E-010
     0.30376000E+002     0.22661575E+000    -0.98989041E-011    -0.99005727E-011
     0.30384000E+002     0.16521861E+000    -0.33820843E-010    -0.33805820E-010
     0.30392000E+002     0.95412420E-001    -0.55429987E-010    -0.55401058E-010
     0.30400000E+002     0.21507275E-001    -0.73538202E-010    -0.73497990E-010
     0.30408000E+002    -0.52216169E-001    -0.87207606E-010    -0.87159166E-010
     0.30416000E+002    -0.12196208E+000    -0.95772483E-010    -0.95718256E-010
     0.30424000E+002    -0.18476412E+000    -0.98846653E-010    -0.98788055E-010
     0.30432000E+002    -0.23868835E+000    -0.96320509E-010    -0.96261661E-010
     0.30440000E+002    -0.28289790E+000    -0.88341569E-010    -0.88287155E-010
     0.30448000E+002    -0.31757860E+000    -0.75293595E-010    -0.75247345E-010
     0.30456000E+002    -0.34375606E+000    -0.57776536E-010    -0.57741408E-010
     0.30464000E+002    -0.36302247E+000    -0.36583160E-010    -0.36560142E-010
     0.30472000E+002    -0.37719272E+000    -0.12674262E-010    -0.12665397E-010
     0.30480000E+002    -0.38795129E+000     0.12855975E-010     0.12847639E-010
     0.30488000E+002    -0.39653340E+000     0.38819507E-010     0.38792334E-010
     0.30496000E+002    -0.40348557E+000     0.63973997E-010     0.63927809E-010
     0.30504000E+002    -0.40854850E+000     0.87065823E-010     0.87003104E-010
     0.30512000E+002    -0.41066361E+000     0.10687555E-009     0.10679910E-009
     0.30520000E+002    -0.40811473E+000     0.12227439E-009     0.12218578E-009
     0.30528000E+002    -0.39879826E+000     0.13228919E-009     0.13219082E-009
     0.30536000E+002    -0.38056895E+000     0.13616780E-009     0.13606319E-009
     0.30544000E+002    -0.35162021E+000     0.13344431E-009     0.13333958E-009
     0.30552000E+002    -0.31084105E+000     0.12399302E-009     0.12389506E-009
     0.30560000E+002    -0.25809521E+000     0.10807151E-009     0.10798483E-009
     0.30568000E+002    -0.19440681E+000     0.86347884E-010     0.86276264E-010
     0.30576000E+002    -0.12201166E+000     0.59894970E-010     0.59841163E-010
     0.30584000E+002    -0.44252917E-001     0.30153527E-010     0.30120639E-010
     0.30592000E+002     0.34671141E-001    -0.11422423E-011    -0.11502035E-011
     0.30600000E+002     0.11010309E+000    -0.32073620E-010    -0.32056449E-010
     0.30608000E+002     0.17741330E+000    -0.60661229E-010    -0.60621334E-010
     0.30616000E+002     0.23252829E+000    -0.85007366E-010    -0.84948444E-010
     0.30624000E+002     0.27244395E+000    -0.10344344E-009    -0.10337085E-009
     0.30632000E+002     0.29563478E+000    -0.11466523E-009    -0.11458262E-009
     0.30640000E+002     0.30229794E+000    -0.11785439E-009    -0.11776658E-009
     0.30648000E+002     0.29437381E+000    -0.11276100E-009    -0.11267559E-009
     0.30656000E+002     0.27533211E+000    -0.99739632E-010    -0.99663364E-010
     0.30664000E+002     0.24976065E+000    -0.79744230E-010    -0.79683259E-010
     0.30672000E+002     0.22279544E+000    -0.54268027E-010    -0.54225832E-010
     0.30680000E+002     0.19947120E+000    -0.25235917E-010    -0.25213262E-010
     0.30688000E+002     0.18406963E+000     0.51464310E-011     0.51480764E-011
     0.30696000E+002     0.17955233E+000     0.34582162E-010     0.34562279E-010
     0.30704000E+002     0.18717380E+000     0.60881915E-010     0.60841664E-010
     0.30712000E+002     0.20631880E+000     0.82151133E-010     0.82094397E-010
     0.30720000E+002     0.23458471E+000     0.96943602E-010     0.96876913E-010
     0.30728000E+002     0.26809696E+000     0.10436401E-009     0.10429277E-009
     0.30736000E+002     0.30201072E+000     0.10411736E-009     0.10404615E-009
     0.30744000E+002     0.33114229E+000     0.96497702E-010     0.96430110E-010
     0.30752000E+002     0.35064069E+000     0.82325453E-010     0.82265006E-010
     0.30760000E+002     0.35659460E+000     0.62843394E-010     0.62795676E-010
     0.30768000E+002     0.34649232E+000     0.39583881E-010     0.39552193E-010
     0.30776000E+002     0.31947868E+000     0.14235589E-010     0.14220601E-010
     0.30784000E+002     0.27638730E+000    -0.11484887E-010    -0.11483648E-010
     0.30792000E+002     0.21956209E+000    -0.35947256E-010    -0.35932213E-010
     0.30800000E+002     0.15249538E+000    -0.57695682E-010    -0.57667366E-010
     0.30808000E+002     0.79346833E-001    -0.75519186E-010    -0.75477839E-010
     0.30816000E+002     0.44293779E-002    -0.88493544E-010    -0.88442466E-010
     0.30824000E+002    -0.68265150E-001    -0.95995594E-010    -0.95938664E-010
     0.30832000E+002    -0.13543807E+000    -0.97705692E-010    -0.97647768E-010
     0.30840000E+002    -0.19473627E+000    -0.93594139E-010    -0.93539114E-010
     0.30848000E+002    -0.24487603E+000    -0.83902400E-010    -0.83851663E-010
     0.30856000E+002    -0.28562348E+000    -0.69122386E-010    -0.69078746E-010
     0.30864000E+002    -0.31765134E+000    -0.49964220E-010    -0.49931398E-010
     0.30872000E+002    -0.34228581E+000    -0.27323801E-010    -0.27305538E-010
     0.30880000E+002    -0.36118914E+000    -0.22483931E-011    -0.22477278E-011
     0.30888000E+002    -0.37603048E+000     0.24100987E-010     0.24084088E-010
     0.30896000E+002    -0.38816531E+000     0.50484067E-010     0.50450093E-010
     0.30904000E+002    -0.39837471E+000     0.75623997E-010     0.75572766E-010
     0.30912000E+002    -0.40670024E+000     0.98255402E-010     0.98187018E-010
     0.30920000E+002    -0.41240062E+000     0.11717440E-009     0.11708960E-009
     0.30928000E+002    -0.41405526E+000     0.13129506E-009     0.13119770E-009
     0.30936000E+002    -0.40978118E+000     0.13970531E-009     0.13960069E-009
     0.30944000E+002    -0.39752911E+000     0.14172679E-009     0.14161949E-009
     0.30952000E+002    -0.37542631E+000     0.13697684E-009     0.13687118E-009
     0.30960000E+002    -0.34211869E+000     0.12542174E-009     0.12532120E-009
     0.30968000E+002    -0.29707804E+000     0.10741782E-009     0.10732774E-009
     0.30976000E+002    -0.24082596E+000     0.83727969E-010     0.83654876E-010
     0.30984000E+002    -0.17502935E+000     0.55510130E-010     0.55458346E-010
     0.30992000E+002    -0.10245528E+000     0.24277739E-010     0.24250086E-010
     0.31000000E+002    -0.26785400E-001    -0.81766987E-011    -0.81802923E-011
     0.31008000E+002     0.47701464E-001    -0.39886571E-010    -0.39867280E-010
     0.31016000E+002     0.11655398E+000    -0.68842598E-010    -0.68800148E-010
     0.31024000E+002     0.17564730E+000    -0.93141800E-010    -0.93078535E-010
     0.31032000E+002     0.22169260E+000    -0.11113111E-009    -0.11105165E-009
     0.31040000E+002     0.25267175E+000    -0.12154311E-009    -0.12145362E-009
     0.31048000E+002     0.26813108E+000    -0.12361029E-009    -0.12351902E-009
     0.31056000E+002     0.26927947E+000    -0.11714365E-009    -0.11705633E-009
     0.31064000E+002     0.25887313E+000    -0.10257600E-009    -0.10249710E-009
     0.31072000E+002     0.24089707E+000    -0.80950818E-010    -0.80885958E-010
     0.31080000E+002     0.22006570E+000    -0.53855030E-010    -0.53808915E-010
     0.31088000E+002     0.20121780E+000    -0.23305414E-010    -0.23282477E-010
     0.31096000E+002     0.18868260E+000     0.84120165E-011     0.84102094E-011
     0.31104000E+002     0.18570508E+000     0.38929082E-010     0.38904824E-010
     0.31112000E+002     0.19401607E+000     0.65994779E-010     0.65951187E-010
     0.31120000E+002     0.21358634E+000     0.87671518E-010     0.87612349E-010
     0.31128000E+002     0.24261082E+000     0.10249579E-009     0.10242440E-009
     0.31136000E+002     0.27773050E+000     0.10958906E-009     0.10951003E-009
     0.31144000E+002     0.31445848E+000     0.10870341E-009     0.10862359E-009
     0.31152000E+002     0.34776204E+000     0.10020136E-009     0.10012675E-009
     0.31160000E+002     0.37270449E+000     0.84988463E-010     0.84924331E-010
     0.31168000E+002     0.38506031E+000     0.64403333E-010     0.64352491E-010
     0.31176000E+002     0.38182699E+000     0.40084070E-010     0.40047313E-010
     0.31184000E+002     0.36155932E+000     0.13825708E-010     0.13805575E-010
     0.31192000E+002     0.32448854E+000    -0.12564551E-010    -0.12566903E-010
     0.31200000E+002     0.27241428E+000    -0.37388537E-010    -0.37373874E-010
     0.31208000E+002     0.20839987E+000    -0.59151093E-010    -0.59121253E-010
     0.31216000E+002     0.13633891E+000    -0.76627972E-010    -0.76587582E-010
     0.31224000E+002     0.60465352E-001    -0.88903027E-010    -0.88855259E-010
     0.31232000E+002    -0.15123404E-001    -0.95389039E-010    -0.95335504E-010
     0.31240000E+002    -0.86872482E-001    -0.95829518E-010    -0.95773445E-010
     0.31248000E+002    -0.15206591E+000    -0.90280146E-010    -0.90225062E-010
     0.31256000E+002    -0.20898583E+000    -0.79081974E-010    -0.79032918E-010
     0.31264000E+002    -0.25693121E+000    -0.62825595E-010    -0.62787281E-010
     0.31272000E+002    -0.29611983E+000    -0.42315490E-010    -0.42289581E-010
     0.31280000E+002    -0.32748866E+000    -0.18536463E-010    -0.18524337E-010
     0.31288000E+002    -0.35242381E+000     0.73863878E-011     0.73833244E-011
     0.31296000E+002    -0.37245285E+000     0.34228744E-010     0.34208515E-010
     0.31304000E+002    -0.38892772E+000     0.60711829E-010     0.60672270E-010
     0.31312000E+002    -0.40276069E+000     0.85547799E-010     0.85489670E-010
     0.31320000E+002    -0.41424099E+000     0.10748158E-009     0.10740725E-009
     0.31328000E+002    -0.42295082E+000     0.12534006E-009     0.12525252E-009
     0.31336000E+002    -0.42780490E+000     0.13808503E-009     0.13798727E-009
     0.31344000E+002    -0.42719347E+000     0.14486972E-009     0.14476403E-009
     0.31352000E+002    -0.41922948E+000     0.14509820E-009     0.14498904E-009
     0.31360000E+002    -0.40207056E+000     0.13847571E-009     0.13836895E-009
     0.31368000E+002    -0.37425152E+000     0.12505472E-009     0.12495622E-009
     0.31376000E+002    -0.33499546E+000     0.10527095E-009     0.10518619E-009
     0.31384000E+002    -0.28445042E+000     0.79957550E-010     0.79889507E-010
     0.31392000E+002    -0.22382486E+000     0.50336279E-010     0.50288114E-010
     0.31400000E+002    -0.15540877E+000     0.17970881E-010     0.17946392E-010
     0.31408000E+002    -0.82446724E-001    -0.15313864E-010    -0.15312910E-010
     0.31416000E+002    -0.88698103E-002    -0.47535888E-010    -0.47508910E-010
     0.31424000E+002     0.61090593E-001    -0.76685498E-010    -0.76635360E-010
     0.31432000E+002     0.12336462E+000    -0.10086507E-009    -0.10079696E-009
     0.31440000E+002     0.17451635E+000    -0.11843262E-009    -0.11835021E-009
     0.31448000E+002     0.21217556E+000    -0.12814377E-009    -0.12805197E-009
     0.31456000E+002     0.23536663E+000    -0.12926499E-009    -0.12916969E-009
     0.31464000E+002     0.24467104E+000    -0.12165300E-009    -0.12156066E-009
     0.31472000E+002     0.24218949E+000    -0.10579221E-009    -0.10571121E-009
     0.31480000E+002     0.23129709E+000    -0.82779512E-010    -0.82715545E-010
     0.31488000E+002     0.21622534E+000    -0.54263904E-010    -0.54219877E-010
     0.31496000E+002     0.20153223E+000    -0.22333889E-010    -0.22311874E-010
     0.31504000E+002     0.19151417E+000     0.10645660E-010     0.10645125E-010
     0.31512000E+002     0.18963415E+000     0.42228760E-010     0.42205071E-010
     0.31520000E+002     0.19804720E+000     0.70100157E-010     0.70054732E-010
     0.31528000E+002     0.21728537E+000     0.92273404E-010     0.92210840E-010
     0.31536000E+002     0.24616330E+000     0.10725461E-009     0.10718071E-009
     0.31544000E+002     0.28190851E+000     0.11415748E-009     0.11407877E-009
     0.31552000E+002     0.32049423E+000     0.11275437E-009     0.11267545E-009
     0.31560000E+002     0.35714649E+000     0.10346619E-009     0.10339117E-009
     0.31568000E+002     0.38694700E+000     0.87288518E-010     0.87222684E-010
     0.31576000E+002     0.40545558E+000     0.65668274E-010     0.65615688E-010
     0.31584000E+002     0.40925709E+000     0.40358439E-010     0.40322851E-010
     0.31592000E+002     0.39634332E+000     0.13259735E-010     0.13242342E-010
     0.31600000E+002     0.36629941E+000    -0.13726374E-010    -0.13727580E-010
     0.31608000E+002     0.32027667E+000    -0.38823859E-010    -0.38809615E-010
     0.31616000E+002     0.26077642E+000    -0.60491269E-010    -0.60462909E-010
     0.31624000E+002     0.19128726E+000    -0.77494574E-010    -0.77454360E-010
     0.31632000E+002     0.11582684E+000    -0.88948135E-010    -0.88898583E-010
     0.31640000E+002     0.38473613E-001    -0.94330089E-010    -0.94276617E-010
     0.31648000E+002    -0.37049473E-001    -0.93468222E-010    -0.93415526E-010
     0.31656000E+002    -0.10769039E+000    -0.86516559E-010    -0.86467310E-010
     0.31664000E+002    -0.17126116E+000    -0.73923139E-010    -0.73880279E-010
     0.31672000E+002    -0.22652125E+000    -0.56385737E-010    -0.56351620E-010
     0.31680000E+002    -0.27314407E+000    -0.34808347E-010    -0.34786649E-010
     0.31688000E+002    -0.31157743E+000    -0.10253944E-010    -0.10248518E-010
     0.31696000E+002    -0.34282347E+000     0.16100613E-010     0.16088620E-010
     0.31704000E+002    -0.36816280E+000     0.43003106E-010     0.42973616E-010
     0.31712000E+002    -0.38887057E+000     0.69168564E-010     0.69122441E-010
     0.31720000E+002    -0.40595751E+000     0.93322453E-010     0.93260140E-010
     0.31728000E+002    -0.41995504E+000     0.11424599E-009     0.11416734E-009
     0.31736000E+002    -0.43078560E+000     0.13082364E-009     0.13073094E-009
     0.31744000E+002    -0.43774168E+000     0.14208755E-009     0.14198472E-009
     0.31752000E+002    -0.43957961E+000     0.14726626E-009     0.14715840E-009
     0.31760000E+002    -0.43472430E+000     0.14583599E-009     0.14572808E-009
     0.31768000E+002    -0.42153757E+000     0.13757214E-009     0.13746747E-009
     0.31776000E+002    -0.39861223E+000     0.12259581E-009     0.12249887E-009
     0.31784000E+002    -0.36506621E+000     0.10140168E-009     0.10131785E-009
     0.31792000E+002    -0.32078564E+000     0.74868260E-010     0.74802879E-010
     0.31800000E+002    -0.26658815E+000     0.44244376E-010     0.44202251E-010
     0.31808000E+002    -0.20427142E+000     0.11107001E-010     0.11089288E-010
     0.31816000E+002    -0.13652527E+000    -0.22706501E-010    -0.22699877E-010
     0.31824000E+002    -0.66730403E-001    -0.55203034E-010    -0.55171971E-010
     0.31832000E+002     0.13475776E-002    -0.84365299E-010    -0.84311498E-010
     0.31840000E+002     0.63942402E-001    -0.10829418E-009    -0.10821984E-009
     0.31848000E+002     0.11770955E+000    -0.12535816E-009    -0.12526850E-009
     0.31856000E+002     0.16014247E+000    -0.13432706E-009    -0.13423007E-009
     0.31864000E+002     0.18990671E+000    -0.13448461E-009    -0.13438661E-009
     0.31872000E+002     0.20704008E+000    -0.12571731E-009    -0.12562448E-009
     0.31880000E+002     0.21298599E+000    -0.10855432E-009    -0.10847224E-009
     0.31888000E+002     0.21044402E+000    -0.84156664E-010    -0.84090205E-010
     0.31896000E+002     0.20305388E+000    -0.54250780E-010    -0.54206003E-010
     0.31904000E+002     0.19493766E+000    -0.21001684E-010    -0.20982046E-010
     0.31912000E+002     0.19015563E+000     0.13151626E-010     0.13146022E-010
     0.31920000E+002     0.19215352E+000     0.45692621E-010     0.45663686E-010
     0.31928000E+002     0.20327615E+000     0.74241586E-010     0.74193054E-010
     0.31936000E+002     0.22441675E+000     0.96760661E-010     0.96695581E-010
     0.31944000E+002     0.25485420E+000     0.11173247E-009     0.11165494E-009
     0.31952000E+002     0.29230084E+000     0.11828195E-009     0.11819799E-009
     0.31960000E+002     0.33316249E+000     0.11622679E-009     0.11614310E-009
     0.31968000E+002     0.37297913E+000     0.10605939E-009     0.10598318E-009
     0.31976000E+002     0.40697619E+000     0.88864962E-010     0.88800244E-010
     0.31984000E+002     0.43065234E+000     0.66197726E-010     0.66146448E-010
     0.31992000E+002     0.44032030E+000     0.39926466E-010     0.39891061E-010
     0.32000000E+002     0.43352670E+000     0.12064329E-010     0.12045917E-010
     0.32008000E+002     0.40930747E+000    -0.15392479E-010    -0.15392510E-010
     0.32016000E+002     0.36824213E+000    -0.40608851E-010    -0.40591130E-010
     0.32024000E+002     0.31231450E+000    -0.62019749E-010    -0.61988690E-010
     0.32032000E+002     0.24461545E+000    -0.78400289E-010    -0.78359427E-010
     0.32040000E+002     0.16893809E+000    -0.88908214E-010    -0.88860814E-010
     0.32048000E+002     0.89341678E-001    -0.93092701E-010    -0.93041768E-010
     0.32056000E+002     0.97316475E-002    -0.90879123E-010    -0.90826910E-010
     0.32064000E+002    -0.66495188E-001    -0.82535819E-010    -0.82487233E-010
     0.32072000E+002    -0.13670183E+000    -0.68621909E-010    -0.68581819E-010
     0.32080000E+002    -0.19915054E+000    -0.49935691E-010    -0.49906981E-010
     0.32088000E+002    -0.25301310E+000    -0.27464475E-010    -0.27449234E-010
     0.32096000E+002    -0.29827616E+000    -0.23346964E-011    -0.23335113E-011
     0.32104000E+002    -0.33556919E+000     0.24231605E-010     0.24217081E-010
     0.32112000E+002    -0.36592585E+000     0.50964243E-010     0.50931754E-010
     0.32120000E+002    -0.39052147E+000     0.76589162E-010     0.76538600E-010
     0.32128000E+002    -0.41041276E+000     0.99865672E-010     0.99798405E-010
     0.32136000E+002    -0.42631594E+000     0.11962593E-009     0.11954513E-009
     0.32144000E+002    -0.43847090E+000     0.13481304E-009     0.13472157E-009
     0.32152000E+002    -0.44659086E+000     0.14452561E-009     0.14442505E-009
     0.32160000E+002    -0.44990133E+000     0.14806856E-009     0.14796210E-009
     0.32168000E+002    -0.44726828E+000     0.14499855E-009     0.14489078E-009
     0.32176000E+002    -0.43738866E+000     0.13516772E-009     0.13506493E-009
     0.32184000E+002    -0.41903139E+000     0.11875995E-009     0.11866836E-009
     0.32192000E+002    -0.39129216E+000     0.96317431E-010     0.96240381E-010
     0.32200000E+002    -0.35381182E+000     0.68756383E-010     0.68696885E-010
     0.32208000E+002    -0.30694587E+000     0.37355133E-010     0.37316214E-010
     0.32216000E+002    -0.25185972E+000     0.37119609E-011     0.36967359E-011
     0.32224000E+002    -0.19053156E+000    -0.30328556E-010    -0.30316912E-010
     0.32232000E+002    -0.12565641E+000    -0.62780635E-010    -0.62743113E-010
     0.32240000E+002    -0.60426803E-001    -0.91639590E-010    -0.91579860E-010
     0.32248000E+002     0.17833434E-002    -0.11502205E-009    -0.11494423E-009
     0.32256000E+002     0.57790071E-001    -0.13131504E-009    -0.13122439E-009
     0.32264000E+002     0.10498650E+000    -0.13931523E-009    -0.13921599E-009
     0.32272000E+002     0.14168192E+000    -0.13835024E-009    -0.13824823E-009
     0.32280000E+002     0.16735575E+000    -0.12835978E-009    -0.12826360E-009
     0.32288000E+002     0.18277146E+000    -0.10992856E-009    -0.10984533E-009
     0.32296000E+002     0.18990780E+000    -0.84273133E-010    -0.84208717E-010
     0.32304000E+002     0.19171821E+000    -0.53172516E-010    -0.53130313E-010
     0.32312000E+002     0.19173782E+000    -0.18848473E-010    -0.18829589E-010
     0.32320000E+002     0.19360407E+000     0.16201673E-010     0.16195368E-010
     0.32328000E+002     0.20055584E+000     0.49412329E-010     0.49380722E-010
     0.32336000E+002     0.21496350E+000     0.78367608E-010     0.78313277E-010
     0.32344000E+002     0.23796776E+000     0.10101111E-009     0.10093927E-009
     0.32352000E+002     0.26927292E+000     0.11582140E-009     0.11573947E-009
     0.32360000E+002     0.30712768E+000     0.12193202E-009     0.12184582E-009
     0.32368000E+002     0.34850214E+000     0.11919143E-009     0.11910599E-009
     0.32376000E+002     0.38942417E+000     0.10814809E-009     0.10806837E-009
     0.32384000E+002     0.42543931E+000     0.89969010E-010     0.89899862E-010
     0.32392000E+002     0.45213985E+000     0.66307686E-010     0.66255080E-010
     0.32400000E+002     0.46569321E+000     0.39133564E-010     0.39100288E-010
     0.32408000E+002     0.46330137E+000     0.10556224E-010     0.10541736E-010
     0.32416000E+002     0.44352205E+000    -0.17343849E-010    -0.17340722E-010
     0.32424000E+002     0.40640846E+000    -0.42668140E-010    -0.42650080E-010
     0.32432000E+002     0.35346127E+000    -0.63815736E-010    -0.63784092E-010
     0.32440000E+002     0.28740936E+000    -0.79565659E-010    -0.79522106E-010
     0.32448000E+002     0.21185745E+000    -0.89118165E-010    -0.89067843E-010
     0.32456000E+002     0.13085579E+000    -0.92094191E-010    -0.92042138E-010
     0.32464000E+002     0.48452474E-001    -0.88513263E-010    -0.88464238E-010
     0.32472000E+002    -0.31698346E-001    -0.78750006E-010    -0.78707467E-010
     0.32480000E+002    -0.10662474E+000    -0.63478384E-010    -0.63443525E-010
     0.32488000E+002    -0.17420571E+000    -0.43612520E-010    -0.43588288E-010
     0.32496000E+002    -0.23321666E+000    -0.20240502E-010    -0.20230517E-010
     0.32504000E+002    -0.28327711E+000     0.54351662E-011     0.54283351E-011
     0.32512000E+002    -0.32470825E+000     0.32147887E-010     0.32122941E-010
     0.32520000E+002    -0.35832263E+000     0.58611767E-010     0.58570214E-010
     0.32528000E+002    -0.38519388E+000     0.83559587E-010     0.83502733E-010
     0.32536000E+002    -0.40642634E+000     0.10578329E-009     0.10571138E-009
     0.32544000E+002    -0.42295942E+000     0.12417347E-009     0.12408751E-009
     0.32552000E+002    -0.43541684E+000     0.13775536E-009     0.13765734E-009
     0.32560000E+002    -0.44399770E+000     0.14572530E-009     0.14562002E-009
     0.32568000E+002    -0.44844226E+000     0.14748504E-009     0.14737798E-009
     0.32576000E+002    -0.44807345E+000     0.14268189E-009     0.14257696E-009
     0.32584000E+002    -0.44191194E+000     0.13125086E-009     0.13115188E-009
     0.32592000E+002    -0.42885674E+000     0.11344828E-009     0.11335890E-009
     0.32600000E+002    -0.40789478E+000     0.89877238E-010     0.89802655E-010
     0.32608000E+002    -0.37832789E+000     0.61492536E-010     0.61438673E-010
     0.32616000E+002    -0.33999041E+000     0.29585619E-010     0.29555425E-010
     0.32624000E+002    -0.29341342E+000    -0.42499746E-011    -0.42553120E-011
     0.32632000E+002    -0.23990330E+000    -0.38187658E-010    -0.38168723E-010
     0.32640000E+002    -0.18150488E+000    -0.70265204E-010    -0.70223213E-010
     0.32648000E+002    -0.12084537E+000    -0.98508681E-010    -0.98443809E-010
     0.32656000E+002    -0.60880182E-001    -0.12107801E-009    -0.12099350E-009
     0.32664000E+002    -0.45635398E-002    -0.13640854E-009    -0.13631042E-009
     0.32672000E+002     0.45515946E-001    -0.14334515E-009    -0.14324043E-009
     0.32680000E+002     0.87475607E-001    -0.14125857E-009    -0.14115528E-009
     0.32688000E+002     0.12040112E+000    -0.13012447E-009    -0.13002808E-009
     0.32696000E+002     0.14448004E+000    -0.11056531E-009    -0.11048057E-009
     0.32704000E+002     0.16098477E+000    -0.83837412E-010    -0.83770611E-010
     0.32712000E+002     0.17211417E+000    -0.51757694E-010    -0.51713896E-010
     0.32720000E+002     0.18070257E+000    -0.16582254E-010    -0.16565314E-010
     0.32728000E+002     0.18983733E+000     0.19163641E-010     0.19153254E-010
     0.32736000E+002     0.20242883E+000     0.52887367E-010     0.52852886E-010
     0.32744000E+002     0.22078232E+000     0.82144893E-010     0.82089549E-010
     0.32752000E+002     0.24624038E+000     0.10485576E-009     0.10478341E-009
     0.32760000E+002     0.27892984E+000     0.11948498E-009     0.11939998E-009
     0.32768000E+002     0.31765342E+000     0.12517229E-009     0.12508054E-009
     0.32776000E+002     0.35995155E+000     0.12179210E-009     0.12170185E-009
     0.32784000E+002     0.40232696E+000     0.10993817E-009     0.10985602E-009
     0.32792000E+002     0.44062864E+000     0.90844814E-010     0.90775686E-010
     0.32800000E+002     0.47054221E+000     0.66249682E-010     0.66196419E-010
     0.32808000E+002     0.48811844E+000     0.38220447E-010     0.38184056E-010
     0.32816000E+002     0.49026938E+000     0.89662657E-011     0.89491929E-011
     0.32824000E+002     0.47514870E+000    -0.19350512E-010    -0.19347711E-010
     0.32832000E+002     0.44236904E+000    -0.44771806E-010    -0.44751447E-010
     0.32840000E+002     0.39302428E+000    -0.65666278E-010    -0.65631663E-010
     0.32848000E+002     0.32951717E+000    -0.80814603E-010    -0.80771124E-010
     0.32856000E+002     0.25523479E+000    -0.89448218E-010    -0.89399625E-010
     0.32864000E+002     0.17413021E+000    -0.91256315E-010    -0.91204920E-010
     0.32872000E+002     0.90286203E-001    -0.86358052E-010    -0.86308245E-010
     0.32880000E+002     0.75226414E-002    -0.75243262E-010    -0.75199491E-010
     0.32888000E+002    -0.70915678E-001    -0.58705283E-010    -0.58672338E-010
     0.32896000E+002    -0.14256351E+000    -0.37766402E-010    -0.37747832E-010
     0.32904000E+002    -0.20582372E+000    -0.13606827E-010    -0.13602893E-010
     0.32912000E+002    -0.25995375E+000     0.12495595E-010     0.12484361E-010
     0.32920000E+002    -0.30496826E+000     0.39226006E-010     0.39198605E-010
     0.32928000E+002    -0.34148909E+000     0.65283512E-010     0.65238906E-010
     0.32936000E+002    -0.37056340E+000     0.89422100E-010     0.89359744E-010
     0.32944000E+002    -0.39344705E+000     0.11048643E-009     0.11040897E-009
     0.32952000E+002    -0.41137955E+000     0.12743845E-009     0.12734948E-009
     0.32960000E+002    -0.42537269E+000     0.13938666E-009     0.13928931E-009
     0.32968000E+002    -0.43603795E+000     0.14561894E-009     0.14551614E-009
     0.32976000E+002    -0.44349222E+000     0.14563451E-009     0.14552867E-009
     0.32984000E+002    -0.44733553E+000     0.13917779E-009     0.13907360E-009
     0.32992000E+002    -0.44671480E+000     0.12626766E-009     0.12617110E-009
     0.33000000E+002    -0.44048181E+000     0.10722462E-009     0.10714063E-009
     0.33008000E+002    -0.42741346E+000     0.82694039E-010     0.82626901E-010
     0.33016000E+002    -0.40647543E+000     0.53654484E-010     0.53606546E-010
     0.33024000E+002    -0.37706849E+000     0.21407702E-010     0.21381522E-010
     0.33032000E+002    -0.33920906E+000    -0.12461084E-010    -0.12462237E-010
     0.33040000E+002    -0.29363377E+000    -0.46152214E-010    -0.46127500E-010
     0.33048000E+002    -0.24179962E+000    -0.77743854E-010    -0.77694162E-010
     0.33056000E+002    -0.18578392E+000    -0.10531070E-009    -0.10523960E-009
     0.33064000E+002    -0.12808794E+000    -0.12705716E-009    -0.12696990E-009
     0.33072000E+002    -0.71358476E-001    -0.14145841E-009    -0.14135887E-009
     0.33080000E+002    -0.18082364E-001    -0.14739988E-009    -0.14729344E-009
     0.33088000E+002     0.29708643E-001    -0.14428946E-009    -0.14418302E-009
     0.33096000E+002     0.70686062E-001    -0.13213751E-009    -0.13203833E-009
     0.33104000E+002     0.10439355E+000    -0.11159489E-009    -0.11151117E-009
     0.33112000E+002     0.13131953E+000    -0.83937352E-010    -0.83874132E-010
     0.33120000E+002     0.15284554E+000    -0.51002698E-010    -0.50962474E-010
     0.33128000E+002     0.17106252E+000    -0.15070713E-010    -0.15055765E-010
     0.33136000E+002     0.18848005E+000     0.21308725E-010     0.21297701E-010
     0.33144000E+002     0.20765866E+000     0.55517499E-010     0.55480385E-010
     0.33152000E+002     0.23081272E+000     0.85090998E-010     0.85030374E-010
     0.33160000E+002     0.25943442E+000     0.10793023E-009     0.10785227E-009
     0.33168000E+002     0.29397976E+000     0.12248363E-009     0.12239491E-009
     0.33176000E+002     0.33368140E+000     0.12788509E-009     0.12779244E-009
     0.33184000E+002     0.37653259E+000     0.12402140E-009     0.12393019E-009
     0.33192000E+002     0.41945219E+000     0.11152449E-009     0.11143962E-009
     0.33200000E+002     0.45862369E+000     0.91688332E-010     0.91616028E-010
     0.33208000E+002     0.48994767E+000     0.66321567E-010     0.66266249E-010
     0.33216000E+002     0.50954832E+000     0.37568873E-010     0.37533433E-010
     0.33224000E+002     0.51426954E+000     0.77163634E-011     0.77011960E-011
     0.33232000E+002     0.50207549E+000    -0.20997804E-010    -0.20995253E-010
     0.33240000E+002     0.47230347E+000    -0.46550163E-010    -0.46531162E-010
     0.33248000E+002     0.42572498E+000    -0.67271439E-010    -0.67238048E-010
     0.33256000E+002     0.36442008E+000    -0.81937717E-010    -0.81893745E-010
     0.33264000E+002     0.29151066E+000    -0.89811876E-010    -0.89761414E-010
     0.33272000E+002     0.21079291E+000    -0.90643506E-010    -0.90592707E-010
     0.33280000E+002     0.12633288E+000    -0.84629707E-010    -0.84583258E-010
     0.33288000E+002     0.42069065E-001    -0.72357065E-010    -0.72317292E-010
     0.33296000E+002    -0.38530139E-001    -0.54728639E-010    -0.54698558E-010
     0.33304000E+002    -0.11270904E+000    -0.32877733E-010    -0.32859918E-010
     0.33312000E+002    -0.17856969E+000    -0.80840746E-011    -0.80817238E-011
     0.33320000E+002    -0.23511728E+000     0.18305476E-010     0.18289800E-010
     0.33328000E+002    -0.28221661E+000     0.44940610E-010     0.44907531E-010
     0.33336000E+002    -0.32047290E+000     0.70513358E-010     0.70464105E-010
     0.33344000E+002    -0.35103208E+000     0.93798256E-010     0.93734317E-010
     0.33352000E+002    -0.37533305E+000     0.11368413E-009     0.11360667E-009
     0.33360000E+002    -0.39484897E+000     0.12920279E-009     0.12911268E-009
     0.33368000E+002    -0.41084208E+000     0.13955404E-009     0.13945481E-009
     0.33376000E+002    -0.42416779E+000     0.14412260E-009     0.14401893E-009
     0.33384000E+002    -0.43514496E+000     0.14250080E-009     0.14239737E-009
     0.33392000E+002    -0.44350861E+000     0.13451548E-009     0.13441661E-009
     0.33400000E+002    -0.44846996E+000     0.12025673E-009     0.12016525E-009
     0.33408000E+002    -0.44886636E+000     0.10010759E-009     0.10002769E-009
     0.33416000E+002    -0.44337035E+000     0.74758783E-010     0.74695660E-010
     0.33424000E+002    -0.43072835E+000     0.45210950E-010     0.45168783E-010
     0.33432000E+002    -0.40998371E+000     0.12763643E-010     0.12745619E-010
     0.33440000E+002    -0.38066968E+000    -0.21020255E-010    -0.21013956E-010
     0.33448000E+002    -0.34295023E+000    -0.54372530E-010    -0.54342555E-010
     0.33456000E+002    -0.29767499E+000    -0.85409649E-010    -0.85356023E-010
     0.33464000E+002    -0.24634890E+000    -0.11225197E-009    -0.11217668E-009
     0.33472000E+002    -0.19100964E+000    -0.13315389E-009    -0.13306021E-009
     0.33480000E+002    -0.13402793E+000    -0.14664101E-009    -0.14653492E-009
     0.33488000E+002    -0.77858463E-001    -0.15163902E-009    -0.15152860E-009
     0.33496000E+002    -0.24752627E-001    -0.14758370E-009    -0.14747506E-009
     0.33504000E+002     0.23522013E-001    -0.13450724E-009    -0.13440641E-009
     0.33512000E+002     0.65912660E-001    -0.11307858E-009    -0.11299160E-009
     0.33520000E+002     0.10222468E+000    -0.84591259E-010    -0.84523622E-010
     0.33528000E+002     0.13313957E+000    -0.50896914E-010    -0.50854781E-010
     0.33536000E+002     0.16010862E+000    -0.14283111E-010    -0.14269330E-010
     0.33544000E+002     0.18512547E+000     0.22689059E-010     0.22675173E-010
     0.33552000E+002     0.21039800E+000     0.57382958E-010     0.57343491E-010
     0.33560000E+002     0.23796672E+000     0.87307189E-010     0.87245959E-010
     0.33568000E+002     0.26932165E+000     0.11033401E-009     0.11025456E-009
     0.33576000E+002     0.30508408E+000     0.12489439E-009     0.12480184E-009
     0.33584000E+002     0.34480779E+000     0.13011643E-009     0.13001852E-009
     0.33592000E+002     0.38692716E+000     0.12589270E-009     0.12579709E-009
     0.33600000E+002     0.42886562E+000     0.11287447E-009     0.11278848E-009
     0.33608000E+002     0.46729772E+000     0.92390342E-010     0.92318293E-010
     0.33616000E+002     0.49853273E+000     0.66309453E-010     0.66253594E-010
     0.33624000E+002     0.51897097E+000     0.36858473E-010     0.36821856E-010
     0.33632000E+002     0.52556399E+000     0.64112962E-011     0.63952516E-011
     0.33640000E+002     0.51620591E+000    -0.22712666E-010    -0.22707951E-010
     0.33648000E+002     0.49000851E+000    -0.48430214E-010    -0.48406942E-010
     0.33656000E+002     0.44742094E+000    -0.69035367E-010    -0.68999261E-010
     0.33664000E+002     0.39018170E+000    -0.83289546E-010    -0.83244939E-010
     0.33672000E+002     0.32111455E+000    -0.90473835E-010    -0.90424414E-010
     0.33680000E+002     0.24379413E+000    -0.90392352E-010    -0.90342106E-010
     0.33688000E+002     0.16214809E+000    -0.83332313E-010    -0.83284711E-010
     0.33696000E+002     0.80051656E-001    -0.69995569E-010    -0.69956138E-010
     0.33704000E+002     0.96613399E-003    -0.51402979E-010    -0.51376236E-010
     0.33712000E+002    -0.72335834E-001    -0.28795867E-010    -0.28783478E-010
     0.33720000E+002    -0.13794958E+000    -0.35452083E-011    -0.35481864E-011
     0.33728000E+002    -0.19489649E+000     0.22933669E-010     0.22915406E-010
     0.33736000E+002    -0.24306713E+000     0.49250308E-010     0.49215892E-010
     0.33744000E+002    -0.28307891E+000     0.74095879E-010     0.74044286E-010
     0.33752000E+002    -0.31606533E+000     0.96284768E-010     0.96217697E-010
     0.33760000E+002    -0.34344105E+000     0.11477769E-009     0.11469792E-009
     0.33768000E+002    -0.36665857E+000     0.12869779E-009     0.12860893E-009
     0.33776000E+002    -0.38697067E+000     0.13734258E-009     0.13724757E-009
     0.33784000E+002    -0.40524257E+000     0.14019876E-009     0.14009932E-009
     0.33792000E+002    -0.42182662E+000     0.13696133E-009     0.13686124E-009
     0.33800000E+002    -0.43651578E+000     0.12755091E-009     0.12745528E-009
     0.33808000E+002    -0.44857979E+000     0.11213457E-009     0.11204889E-009
     0.33816000E+002    -0.45686008E+000     0.91145007E-010     0.91074092E-010
     0.33824000E+002    -0.45992798E+000     0.65296123E-010     0.65241978E-010
     0.33832000E+002    -0.45629671E+000     0.35592314E-010     0.35557179E-010
     0.33840000E+002    -0.44465301E+000     0.33158285E-011     0.33027774E-011
     0.33848000E+002    -0.42408412E+000    -0.30006770E-010    -0.29995249E-010
     0.33856000E+002    -0.39425507E+000    -0.62662135E-010    -0.62624491E-010
     0.33864000E+002    -0.35551176E+000    -0.92835687E-010    -0.92774356E-010
     0.33872000E+002    -0.30891120E+000    -0.11871439E-009    -0.11863390E-009
     0.33880000E+002    -0.25615588E+000    -0.13861089E-009    -0.13851514E-009
     0.33888000E+002    -0.19943385E+000    -0.15109930E-009    -0.15099294E-009
     0.33896000E+002    -0.14117831E+000    -0.15514241E-009    -0.15503004E-009
     0.33904000E+002    -0.83770123E-001    -0.15020550E-009    -0.15009369E-009
     0.33912000E+002    -0.29250036E-001    -0.13633604E-009    -0.13623370E-009
     0.33920000E+002     0.20923933E-001    -0.11420130E-009    -0.11411520E-009
     0.33928000E+002     0.66043435E-001    -0.85086366E-010    -0.85021528E-010
     0.33936000E+002     0.10620711E+000    -0.50835165E-010    -0.50794725E-010
     0.33944000E+002     0.14226817E+000    -0.13737412E-010    -0.13722836E-010
     0.33952000E+002     0.17565628E+000     0.23633643E-010     0.23620160E-010
     0.33960000E+002     0.20809957E+000     0.58628180E-010     0.58587008E-010
     0.33968000E+002     0.24130042E+000     0.88740451E-010     0.88675373E-010
     0.33976000E+002     0.27659950E+000     0.11182565E-009     0.11174255E-009
     0.33984000E+002     0.31468442E+000     0.12629384E-009     0.12620033E-009
     0.33992000E+002     0.35537366E+000     0.13125367E-009     0.13115563E-009
     0.34000000E+002     0.39750783E+000     0.12659514E-009     0.12649808E-009
     0.34008000E+002     0.43899083E+000     0.11299236E-009     0.11290290E-009
     0.34016000E+002     0.47697757E+000     0.91824352E-010     0.91748628E-010
     0.34024000E+002     0.50819232E+000     0.65030520E-010     0.64974557E-010
     0.34032000E+002     0.52933179E+000     0.34916088E-010     0.34882170E-010
     0.34040000E+002     0.53749261E+000     0.39403125E-011     0.39270444E-011
     0.34048000E+002     0.53057145E+000    -0.25493980E-010    -0.25487912E-010
     0.34056000E+002     0.50757252E+000    -0.51234532E-010    -0.51211574E-010
     0.34064000E+002     0.46876707E+000    -0.71532994E-010    -0.71495335E-010
     0.34072000E+002     0.41567595E+000    -0.85153382E-010    -0.85104294E-010
     0.34080000E+002     0.35087998E+000    -0.91424026E-010    -0.91370382E-010
     0.34088000E+002     0.27770383E+000    -0.90231390E-010    -0.90179206E-010
     0.34096000E+002     0.19983256E+000    -0.81974824E-010    -0.81928640E-010
     0.34104000E+002     0.12091492E+000    -0.67484125E-010    -0.67447136E-010
     0.34112000E+002     0.44208740E-001    -0.47915088E-010    -0.47888666E-010
     0.34120000E+002    -0.27688598E-001    -0.24638654E-010    -0.24625989E-010
     0.34128000E+002    -0.92998140E-001     0.87392322E-012     0.86967705E-012
     0.34136000E+002    -0.15079376E+000     0.27148380E-010     0.27126348E-010
     0.34144000E+002    -0.20094126E+000     0.52782447E-010     0.52743302E-010
     0.34152000E+002    -0.24396667E+000     0.76501148E-010     0.76447752E-010
     0.34160000E+002    -0.28087079E+000     0.97187412E-010     0.97121686E-010
     0.34168000E+002    -0.31291923E+000     0.11390185E-009     0.11382442E-009
     0.34176000E+002    -0.34141424E+000     0.12589199E-009     0.12580495E-009
     0.34184000E+002    -0.36748085E+000     0.13259078E-009     0.13249725E-009
     0.34192000E+002    -0.39189482E+000     0.13361801E-009     0.13352302E-009
     0.34200000E+002    -0.41495164E+000     0.12878293E-009     0.12869131E-009
     0.34208000E+002    -0.43640186E+000     0.11809478E-009     0.11800905E-009
     0.34216000E+002    -0.45545503E+000     0.10178335E-009     0.10170649E-009
     0.34224000E+002    -0.47085932E+000     0.80315752E-010     0.80251291E-010
     0.34232000E+002    -0.48106651E+000     0.54411143E-010     0.54363600E-010
     0.34240000E+002    -0.48444355E+000     0.25047268E-010     0.25021308E-010
     0.34248000E+002    -0.47950501E+000    -0.65481487E-011    -0.65511742E-011
     0.34256000E+002    -0.46513625E+000    -0.38920187E-010    -0.38900418E-010
     0.34264000E+002    -0.44077279E+000    -0.70436771E-010    -0.70394760E-010
     0.34272000E+002    -0.40652440E+000    -0.99366697E-010    -0.99303393E-010
     0.34280000E+002    -0.36321420E+000    -0.12398022E-009    -0.12389625E-009
     0.34288000E+002    -0.31231994E+000    -0.14266831E-009    -0.14256759E-009
     0.34296000E+002    -0.25583124E+000    -0.15406531E-009    -0.15395458E-009
     0.34304000E+002    -0.19604057E+000    -0.15717076E-009    -0.15705687E-009
     0.34312000E+002    -0.13529811E+000    -0.15146175E-009    -0.15135175E-009
     0.34320000E+002    -0.75759591E-001    -0.13697867E-009    -0.13687764E-009
     0.34328000E+002    -0.19149957E-001    -0.11437612E-009    -0.11428912E-009
     0.34336000E+002     0.33418197E-001    -0.84921303E-010    -0.84855123E-010
     0.34344000E+002     0.81537987E-001    -0.50435733E-010    -0.50395402E-010
     0.34352000E+002     0.12550301E+000    -0.13187900E-010    -0.13176414E-010
     0.34360000E+002     0.16619636E+000     0.24265961E-010     0.24248974E-010
     0.34368000E+002     0.20489169E+000     0.59277625E-010     0.59235640E-010
     0.34376000E+002     0.24298727E+000     0.89326788E-010     0.89262664E-010
     0.34384000E+002     0.28169491E+000     0.11224968E-009     0.11216733E-009
     0.34392000E+002     0.32174198E+000     0.12643907E-009     0.12634397E-009
     0.34400000E+002     0.36313138E+000     0.13099710E-009     0.13089631E-009
     0.34408000E+002     0.40500479E+000     0.12582043E-009     0.12572309E-009
     0.34416000E+002     0.44564437E+000     0.11160271E-009     0.11151560E-009
     0.34424000E+002     0.48260784E+000     0.89764870E-010     0.89692488E-010
     0.34432000E+002     0.51300010E+000     0.62311894E-010     0.62257556E-010
     0.34440000E+002     0.53384469E+000     0.31633636E-010     0.31598922E-010
     0.34448000E+002     0.54249282E+000     0.28102477E-012     0.26821251E-012
     0.34456000E+002     0.53700831E+000    -0.29265551E-010    -0.29256574E-010
     0.34464000E+002     0.51645092E+000    -0.54800602E-010    -0.54773644E-010
     0.34472000E+002     0.48102299E+000    -0.74554163E-010    -0.74513626E-010
     0.34480000E+002     0.43206258E+000    -0.87306642E-010    -0.87258169E-010
     0.34488000E+002     0.37188342E+000    -0.92441846E-010    -0.92389774E-010
     0.34496000E+002     0.30349805E+000    -0.89944486E-010    -0.89892057E-010
     0.34504000E+002     0.23026351E+000    -0.80345786E-010    -0.80298440E-010
     0.34512000E+002     0.15551329E+000    -0.64622252E-010    -0.64584900E-010
     0.34520000E+002     0.82235136E-001    -0.44074109E-010    -0.44050627E-010
     0.34528000E+002     0.12826256E-001    -0.20195468E-010    -0.20187926E-010
     0.34536000E+002    -0.51053757E-001     0.54497173E-011     0.54421837E-011
     0.34544000E+002    -0.10853311E+000     0.31332955E-010     0.31310330E-010
     0.34552000E+002    -0.15948863E+000     0.56047284E-010     0.56009070E-010
     0.34560000E+002    -0.20442148E+000     0.78363092E-010     0.78309570E-010
     0.34568000E+002    -0.24427149E+000     0.97255674E-010     0.97188070E-010
     0.34576000E+002    -0.28020267E+000     0.11191150E-009     0.11183394E-009
     0.34584000E+002    -0.31337959E+000     0.12171802E-009     0.12163450E-009
     0.34592000E+002    -0.34476230E+000     0.12625411E-009     0.12616712E-009
     0.34600000E+002    -0.37493414E+000     0.12528103E-009     0.12519313E-009
     0.34608000E+002    -0.40397689E+000     0.11873466E-009     0.11864819E-009
     0.34616000E+002    -0.43142923E+000     0.10672800E-009     0.10664736E-009
     0.34624000E+002    -0.45632583E+000     0.89557391E-010     0.89487950E-010
     0.34632000E+002    -0.47730845E+000     0.67718980E-010     0.67664049E-010
     0.34640000E+002    -0.49279445E+000     0.41930500E-010     0.41892691E-010
     0.34648000E+002    -0.50116396E+000     0.13140073E-010     0.13120948E-010
     0.34656000E+002    -0.50096524E+000    -0.17477566E-010    -0.17476199E-010
     0.34664000E+002    -0.49111148E+000    -0.48545949E-010    -0.48521459E-010
     0.34672000E+002    -0.47103252E+000    -0.78534491E-010    -0.78486834E-010
     0.34680000E+002    -0.44077401E+000    -0.10582099E-009    -0.10575208E-009
     0.34688000E+002    -0.40101796E+000    -0.12878027E-009    -0.12869359E-009
     0.34696000E+002    -0.35304034E+000    -0.14589348E-009    -0.14579361E-009
     0.34704000E+002    -0.29861665E+000    -0.15586841E-009    -0.15575881E-009
     0.34712000E+002    -0.23986083E+000    -0.15776427E-009    -0.15765016E-009
     0.34720000E+002    -0.17901832E+000    -0.15109766E-009    -0.15098620E-009
     0.34728000E+002    -0.11822708E+000    -0.13592327E-009    -0.13582170E-009
     0.34736000E+002    -0.59284258E-001    -0.11288435E-009    -0.11279999E-009
     0.34744000E+002    -0.34661496E-002    -0.83216779E-010    -0.83153973E-010
     0.34752000E+002     0.48586457E-001    -0.48705998E-010    -0.48667248E-010
     0.34760000E+002     0.96896083E-001    -0.11586367E-010    -0.11574580E-010
     0.34768000E+002     0.14207505E+000     0.25616775E-010     0.25600468E-010
     0.34776000E+002     0.18515475E+000     0.60282114E-010     0.60238011E-010
     0.34784000E+002     0.22732835E+000     0.89912810E-010     0.89844503E-010
     0.34792000E+002     0.26965138E+000     0.11235769E-009     0.11227235E-009
     0.34800000E+002     0.31275839E+000     0.12601117E-009     0.12591550E-009
     0.34808000E+002     0.35663441E+000     0.12997522E-009     0.12987597E-009
     0.34816000E+002     0.40048219E+000     0.12415264E-009     0.12405595E-009
     0.34824000E+002     0.44271351E+000     0.10926055E-009     0.10917224E-009
     0.34832000E+002     0.48107012E+000     0.86758733E-010     0.86686132E-010
     0.34840000E+002     0.51287513E+000     0.58700135E-010     0.58648045E-010
     0.34848000E+002     0.53537173E+000     0.27533478E-010     0.27503891E-010
     0.34856000E+002     0.54609278E+000    -0.41267815E-011    -0.41340202E-011
     0.34864000E+002     0.54320999E+000    -0.33736531E-010    -0.33724360E-010
     0.34872000E+002     0.52580076E+000    -0.59036449E-010    -0.59006920E-010
     0.34880000E+002     0.49400273E+000    -0.78233231E-010    -0.78189275E-010
     0.34888000E+002     0.44902664E+000    -0.90119322E-010    -0.90066402E-010
     0.34896000E+002     0.39301989E+000    -0.94126208E-010    -0.94069928E-010
     0.34904000E+002     0.32881356E+000    -0.90320502E-010    -0.90267392E-010
     0.34912000E+002     0.25958751E+000    -0.79340432E-010    -0.79295152E-010
     0.34920000E+002     0.18851984E+000    -0.62293540E-010    -0.62258259E-010
     0.34928000E+002     0.11846723E+000    -0.40625625E-010    -0.40603244E-010
     0.34936000E+002     0.51705405E-001    -0.15969372E-010    -0.15962142E-010
     0.34944000E+002    -0.10229762E-001     0.99971523E-011     0.99873171E-011
     0.34952000E+002    -0.66597352E-001     0.35672362E-010     0.35644967E-010
     0.34960000E+002    -0.11739487E+000     0.59622075E-010     0.59579788E-010
     0.34968000E+002    -0.16320633E+000     0.80632920E-010     0.80578162E-010
     0.34976000E+002    -0.20500180E+000     0.97742415E-010     0.97677241E-010
     0.34984000E+002    -0.24390579E+000     0.11024342E-009     0.11016971E-009
     0.34992000E+002    -0.28096806E+000     0.11766803E-009     0.11758744E-009
     0.35000000E+002    -0.31696410E+000     0.11976238E-009     0.11967918E-009
     0.35008000E+002    -0.35224071E+000     0.11645471E-009     0.11637345E-009
     0.35016000E+002    -0.38663967E+000     0.10783456E-009     0.10775846E-009
     0.35024000E+002    -0.41949881E+000     0.94147336E-010     0.94079332E-010
     0.35032000E+002    -0.44971412E+000     0.75797092E-010     0.75738954E-010
     0.35040000E+002    -0.47585795E+000     0.53357284E-010     0.53312201E-010
     0.35048000E+002    -0.49633160E+000     0.27578826E-010     0.27551090E-010
     0.35056000E+002    -0.50953985E+000    -0.60524604E-012    -0.61322868E-012
     0.35064000E+002    -0.51407485E+000    -0.30078469E-010    -0.30065451E-010
     0.35072000E+002    -0.50887526E+000    -0.59555231E-010    -0.59521810E-010
     0.35080000E+002    -0.49335248E+000    -0.87614503E-010    -0.87561665E-010
     0.35088000E+002    -0.46747983E+000    -0.11276071E-009    -0.11268850E-009
     0.35096000E+002    -0.43182752E+000    -0.13350887E-009    -0.13341937E-009
     0.35104000E+002    -0.38754452E+000    -0.14848125E-009    -0.14837837E-009
     0.35112000E+002    -0.33626923E+000    -0.15651425E-009    -0.15640374E-009
     0.35120000E+002    -0.27997111E+000    -0.15676448E-009    -0.15665321E-009
     0.35128000E+002    -0.22075506E+000    -0.14880873E-009    -0.14870167E-009
     0.35136000E+002    -0.16064068E+000    -0.13273175E-009    -0.13263410E-009
     0.35144000E+002    -0.10135093E+000    -0.10917706E-009    -0.10909473E-009
     0.35152000E+002    -0.44137469E-001    -0.79355002E-010    -0.79293472E-010
     0.35160000E+002     0.10334607E-001    -0.45001741E-010    -0.44966420E-010
     0.35168000E+002     0.62002131E-001    -0.82818609E-011    -0.82745773E-011
     0.35176000E+002     0.11131989E+000     0.28350734E-010     0.28331141E-010
     0.35184000E+002     0.15908949E+000     0.62335556E-010     0.62290771E-010
     0.35192000E+002     0.20622442E+000     0.91222016E-010     0.91155385E-010
     0.35200000E+002     0.25349273E+000     0.11288979E-009     0.11280495E-009
     0.35208000E+002     0.30126548E+000     0.12575654E-009     0.12565928E-009
     0.35216000E+002     0.34931474E+000     0.12893911E-009     0.12883819E-009
     0.35224000E+002     0.39670301E+000     0.12234572E-009     0.12224887E-009
     0.35232000E+002     0.44178523E+000     0.10669749E-009     0.10661163E-009
     0.35240000E+002     0.48233309E+000     0.83465650E-010     0.83395482E-010
     0.35248000E+002     0.51576596E+000     0.54733675E-010     0.54682001E-010
     0.35256000E+002     0.53946053E+000     0.23000287E-010     0.22970850E-010
     0.35264000E+002     0.55110149E+000    -0.90607848E-011    -0.90666156E-011
     0.35272000E+002     0.54901917E+000    -0.38844241E-010    -0.38827910E-010
     0.35280000E+002     0.53245424E+000    -0.64037334E-010    -0.64002471E-010
     0.35288000E+002     0.50170378E+000    -0.82805560E-010    -0.82758597E-010
     0.35296000E+002     0.45811967E+000    -0.93920836E-010    -0.93866678E-010
     0.35304000E+002     0.40396190E+000    -0.96832160E-010    -0.96774911E-010
     0.35312000E+002     0.34213554E+000    -0.91668027E-010    -0.91612936E-010
     0.35320000E+002     0.27584474E+000    -0.79172853E-010    -0.79124907E-010
     0.35328000E+002     0.20822374E+000    -0.60593392E-010    -0.60558371E-010
     0.35336000E+002     0.14199970E+000    -0.37527753E-010    -0.37509231E-010
     0.35344000E+002     0.79236363E-001    -0.11765076E-010    -0.11763217E-010
     0.35352000E+002     0.21201636E-001     0.14870067E-010     0.14855513E-010
     0.35360000E+002    -0.31649424E-001     0.40658281E-010     0.40628321E-010
     0.35368000E+002    -0.79584604E-001     0.64092539E-010     0.64047528E-010
     0.35376000E+002    -0.12341928E+000     0.83951422E-010     0.83892224E-010
     0.35384000E+002    -0.16429252E+000     0.99329611E-010     0.99260102E-010
     0.35392000E+002    -0.20341134E+000     0.10962860E-009     0.10955275E-009
     0.35400000E+002    -0.24181413E+000     0.11452973E-009     0.11445125E-009
     0.35408000E+002    -0.28018722E+000     0.11395334E-009     0.11387511E-009
     0.35416000E+002    -0.31874111E+000     0.10801785E-009     0.10794138E-009
     0.35424000E+002    -0.35716139E+000     0.97007539E-010     0.96936570E-010
     0.35432000E+002    -0.39461811E+000     0.81342095E-010     0.81281076E-010
     0.35440000E+002    -0.42983564E+000     0.61561728E-010     0.61513916E-010
     0.35448000E+002    -0.46122734E+000     0.38328098E-010     0.38295937E-010
     0.35456000E+002    -0.48706255E+000     0.12431209E-010     0.12415060E-010
     0.35464000E+002    -0.50564882E+000    -0.15197676E-010    -0.15196718E-010
     0.35472000E+002    -0.51550672E+000    -0.43485089E-010    -0.43464496E-010
     0.35480000E+002    -0.51551957E+000    -0.71231525E-010    -0.71190154E-010
     0.35488000E+002    -0.50506362E+000    -0.97140350E-010    -0.97078616E-010
     0.35496000E+002    -0.48409408E+000    -0.11986736E-009    -0.11978855E-009
     0.35504000E+002    -0.45316502E+000    -0.13808671E-009    -0.13799513E-009
     0.35512000E+002    -0.41338539E+000    -0.15057456E-009    -0.15047305E-009
     0.35520000E+002    -0.36630662E+000    -0.15630874E-009    -0.15620083E-009
     0.35528000E+002    -0.31376670E+000    -0.15456787E-009    -0.15445799E-009
     0.35536000E+002    -0.25770901E+000    -0.14502383E-009    -0.14491841E-009
     0.35544000E+002    -0.19997663E+000    -0.12781594E-009    -0.12772289E-009
     0.35552000E+002    -0.14212255E+000    -0.10359781E-009    -0.10352233E-009
     0.35560000E+002    -0.85262727E-001    -0.73553383E-010    -0.73499036E-010
     0.35568000E+002    -0.29996679E-001    -0.39365380E-010    -0.39334694E-010
     0.35576000E+002     0.23578606E-001    -0.31319654E-011    -0.31265054E-011
     0.35584000E+002     0.75785018E-001     0.32767075E-010     0.32745197E-010
     0.35592000E+002     0.12721227E+000     0.65850716E-010     0.65802609E-010
     0.35600000E+002     0.17851007E+000     0.93740392E-010     0.93670730E-010
     0.35608000E+002     0.23016019E+000     0.11437375E-009     0.11428841E-009
     0.35616000E+002     0.28224825E+000     0.12620742E-009     0.12611355E-009
     0.35624000E+002     0.33428967E+000     0.12837930E-009     0.12828244E-009
     0.35632000E+002     0.38514477E+000     0.12081503E-009     0.12072079E-009
     0.35640000E+002     0.43303286E+000     0.10425311E-009     0.10416907E-009
     0.35648000E+002     0.47566413E+000     0.80183629E-010     0.80116133E-010
     0.35656000E+002     0.51047113E+000     0.50715550E-010     0.50669685E-010
     0.35664000E+002     0.53492207E+000     0.18378978E-010     0.18356380E-010
     0.35672000E+002     0.54687614E+000    -0.14107502E-010    -0.14108789E-010
     0.35680000E+002     0.54491125E+000    -0.44081688E-010    -0.44062952E-010
     0.35688000E+002     0.52857052E+000    -0.69177857E-010    -0.69141385E-010
     0.35696000E+002     0.49847478E+000    -0.87523900E-010    -0.87473272E-010
     0.35704000E+002     0.45628222E+000    -0.97882848E-010    -0.97823099E-010
     0.35712000E+002     0.40450505E+000    -0.99728267E-010    -0.99667366E-010
     0.35720000E+002     0.34620396E+000    -0.93244087E-010    -0.93188462E-010
     0.35728000E+002     0.28461256E+000    -0.79266252E-010    -0.79220030E-010
     0.35736000E+002     0.22275446E+000    -0.59168343E-010    -0.59134617E-010
     0.35744000E+002     0.16311426E+000    -0.34702438E-010    -0.34683025E-010
     0.35752000E+002     0.10741316E+000    -0.78207005E-011    -0.78186544E-011
     0.35760000E+002     0.56506662E-001     0.19507357E-010     0.19490267E-010
     0.35768000E+002     0.10400911E-001     0.45452560E-010     0.45417790E-010
     0.35776000E+002    -0.31617780E-001     0.68443278E-010     0.68393606E-010
     0.35784000E+002    -0.70768205E-001     0.87242542E-010     0.87182191E-010
     0.35792000E+002    -0.10850986E+000     0.10097975E-009     0.10091143E-009
     0.35800000E+002    -0.14626693E+000     0.10914794E-009     0.10907314E-009
     0.35808000E+002    -0.18518771E+000     0.11157117E-009     0.11149352E-009
     0.35816000E+002    -0.22595191E+000     0.10834750E-009     0.10827112E-009
     0.35824000E+002    -0.26864159E+000     0.99788717E-010     0.99718241E-010
     0.35832000E+002    -0.31269625E+000     0.86364413E-010     0.86303527E-010
     0.35840000E+002    -0.35694681E+000     0.68661560E-010     0.68611110E-010
     0.35848000E+002    -0.39973560E+000     0.47364131E-010     0.47325849E-010
     0.35856000E+002    -0.43909354E+000     0.23241928E-010     0.23218611E-010
     0.35864000E+002    -0.47294034E+000    -0.28495507E-011    -0.28552209E-011
     0.35872000E+002    -0.49930033E+000    -0.29965095E-010    -0.29950863E-010
     0.35880000E+002    -0.51649983E+000    -0.57069354E-010    -0.57036018E-010
     0.35888000E+002    -0.52333315E+000    -0.83041283E-010    -0.82990559E-010
     0.35896000E+002    -0.51917790E+000    -0.10669816E-009    -0.10663083E-009
     0.35904000E+002    -0.50403371E+000    -0.12683846E-009    -0.12675562E-009
     0.35912000E+002    -0.47850137E+000    -0.14230032E-009    -0.14220345E-009
     0.35920000E+002    -0.44370415E+000    -0.15203711E-009    -0.15193073E-009
     0.35928000E+002    -0.40115942E+000    -0.15519671E-009    -0.15508735E-009
     0.35936000E+002    -0.35261831E+000    -0.15120529E-009    -0.15109842E-009
     0.35944000E+002    -0.29987969E+000    -0.13985116E-009    -0.13975180E-009
     0.35952000E+002    -0.24460957E+000    -0.12135044E-009    -0.12126250E-009
     0.35960000E+002    -0.18819354E+000    -0.96393554E-010    -0.96321645E-010
     0.35968000E+002    -0.13163055E+000    -0.66156995E-010    -0.66107345E-010
     0.35976000E+002    -0.75482011E-001    -0.32271124E-010    -0.32247512E-010
     0.35984000E+002    -0.19884098E-001     0.32506261E-011     0.32468615E-011
     0.35992000E+002     0.35374363E-001     0.38132875E-010     0.38103055E-010
     0.36000000E+002     0.90703295E-001     0.70003026E-010     0.69950573E-010
     0.36008000E+002     0.14651503E+000     0.96584372E-010     0.96511595E-010
     0.36016000E+002     0.20301513E+000     0.11590664E-009     0.11581751E-009
     0.36024000E+002     0.26000345E+000     0.12650002E-009     0.12640105E-009
     0.36032000E+002     0.31672409E+000     0.12755185E-009     0.12745070E-009
     0.36040000E+002     0.37179065E+000     0.11901033E-009     0.11891600E-009
     0.36048000E+002     0.42321308E+000     0.10161409E-009     0.10153271E-009
     0.36056000E+002     0.46855316E+000     0.76847573E-010     0.76782830E-010
     0.36064000E+002     0.50518725E+000     0.46817674E-010     0.46773304E-010
     0.36072000E+002     0.53064429E+000     0.14061285E-010     0.14039383E-010
     0.36080000E+002     0.54296357E+000    -0.18686716E-010    -0.18684522E-010
     0.36088000E+002     0.54100555E+000    -0.48743957E-010    -0.48718864E-010
     0.36096000E+002     0.52467299E+000    -0.73716638E-010    -0.73674088E-010
     0.36104000E+002     0.49498594E+000    -0.91700324E-010    -0.91645853E-010
     0.36112000E+002     0.45399156E+000    -0.10143517E-009    -0.10137458E-009
     0.36120000E+002     0.40452084E+000    -0.10239307E-009    -0.10233141E-009
     0.36128000E+002     0.34982745E+000    -0.94794154E-010    -0.94735869E-010
     0.36136000E+002     0.29318592E+000    -0.79550221E-010    -0.79501710E-010
     0.36144000E+002     0.23750503E+000    -0.58139617E-010    -0.58106067E-010
     0.36152000E+002     0.18500895E+000    -0.32442580E-010    -0.32426920E-010
     0.36160000E+002     0.13703121E+000    -0.45501463E-011    -0.45530929E-011
     0.36168000E+002     0.93937541E-001     0.23429717E-010     0.23410002E-010
     0.36176000E+002     0.55190247E-001     0.49544080E-010     0.49508314E-010
     0.36184000E+002     0.19531378E-001     0.72138096E-010     0.72087126E-010
     0.36192000E+002    -0.14757564E-001     0.89946008E-010     0.89882519E-010
     0.36200000E+002    -0.49551609E-001     0.10212766E-009     0.10205528E-009
     0.36208000E+002    -0.86570171E-001     0.10826293E-009     0.10818743E-009
     0.36216000E+002    -0.12709075E+000     0.10830556E-009     0.10823141E-009
     0.36224000E+002    -0.17172225E+000     0.10251898E-009     0.10244821E-009
     0.36232000E+002    -0.22027963E+000     0.91405485E-010     0.91340789E-010
     0.36240000E+002    -0.27177452E+000     0.75631412E-010     0.75575437E-010
     0.36248000E+002    -0.32450616E+000     0.55968600E-010     0.55925097E-010
     0.36256000E+002    -0.37624014E+000     0.33253796E-010     0.33226594E-010
     0.36264000E+002    -0.42444417E+000     0.83662005E-011     0.83560137E-011
     0.36272000E+002    -0.46655669E+000    -0.17775206E-010    -0.17768331E-010
     0.36280000E+002    -0.50026209E+000    -0.44211393E-010    -0.44187338E-010
     0.36288000E+002    -0.52371506E+000    -0.69944047E-010    -0.69902486E-010
     0.36296000E+002    -0.53569482E+000    -0.93940782E-010    -0.93880802E-010
     0.36304000E+002    -0.53567987E+000    -0.11515220E-009    -0.11507544E-009
     0.36312000E+002    -0.52384219E+000    -0.13253974E-009    -0.13244960E-009
     0.36320000E+002    -0.50099035E+000    -0.14512159E-009    -0.14502174E-009
     0.36328000E+002    -0.46845006E+000    -0.15203445E-009    -0.15192887E-009
     0.36336000E+002    -0.42789728E+000    -0.15260308E-009    -0.15249481E-009
     0.36344000E+002    -0.38117476E+000    -0.14641262E-009    -0.14630634E-009
     0.36352000E+002    -0.33010110E+000    -0.13337179E-009    -0.13327386E-009
     0.36360000E+002    -0.27630926E+000    -0.11376774E-009    -0.11368376E-009
     0.36368000E+002    -0.22111563E+000    -0.88308536E-010    -0.88243626E-010
     0.36376000E+002    -0.16542187E+000    -0.58138202E-010    -0.58095039E-010
     0.36384000E+002    -0.10967984E+000    -0.24818877E-010    -0.24799128E-010
     0.36392000E+002    -0.53922014E-001     0.97347389E-011     0.97285168E-011
     0.36400000E+002     0.21342239E-002     0.43369273E-010     0.43336628E-010
     0.36408000E+002     0.58918340E-001     0.73839890E-010     0.73782338E-010
     0.36416000E+002     0.11680733E+000     0.98989331E-010     0.98911296E-010
     0.36424000E+002     0.17591030E+000     0.11693992E-009     0.11684864E-009
     0.36432000E+002     0.23586645E+000     0.12628048E-009     0.12618186E-009
     0.36440000E+002     0.29569871E+000     0.12623259E-009     0.12613263E-009
     0.36448000E+002     0.35375978E+000     0.11675871E-009     0.11666388E-009
     0.36456000E+002     0.40780373E+000     0.98598337E-010     0.98514911E-010
     0.36464000E+002     0.45518677E+000     0.73227573E-010     0.73163017E-010
     0.36472000E+002     0.49316740E+000     0.42738276E-010     0.42697072E-010
     0.36480000E+002     0.51926943E+000     0.96612803E-011     0.96443735E-011
     0.36488000E+002     0.53165212E+000    -0.23256083E-010    -0.23249116E-010
     0.36496000E+002     0.52942247E+000    -0.53302061E-010    -0.53274065E-010
     0.36504000E+002     0.51283237E+000    -0.78045711E-010    -0.77999426E-010
     0.36512000E+002     0.48330538E+000    -0.95556449E-010    -0.95495846E-010
     0.36520000E+002     0.44328829E+000    -0.10456811E-009    -0.10450032E-009
     0.36528000E+002     0.39595289E+000    -0.10456906E-009    -0.10450110E-009
     0.36536000E+002     0.34479357E+000    -0.95823191E-010    -0.95761886E-010
     0.36544000E+002     0.29319355E+000    -0.79315933E-010    -0.79266239E-010
     0.36552000E+002     0.24400958E+000    -0.56634628E-010    -0.56599233E-010
     0.36560000E+002     0.19924183E+000    -0.29795973E-010    -0.29778204E-010
     0.36568000E+002     0.15983901E+000    -0.10353664E-011    -0.10372355E-011
     0.36576000E+002     0.12564990E+000     0.27406701E-010     0.27384792E-010
     0.36584000E+002     0.95532154E-001     0.53477876E-010     0.53437595E-010
     0.36592000E+002     0.67583094E-001     0.75464681E-010     0.75410697E-010
     0.36600000E+002     0.39461682E-001     0.92088376E-010     0.92024397E-010
     0.36608000E+002     0.87722532E-002     0.10255183E-009     0.10248099E-009
     0.36616000E+002    -0.26554614E-001     0.10653225E-009     0.10645813E-009
     0.36624000E+002    -0.67926636E-001     0.10413007E-009     0.10405593E-009
     0.36632000E+002    -0.11585133E+000     0.95790299E-010     0.95721381E-010
     0.36640000E+002    -0.16982931E+000     0.82206141E-010     0.82146910E-010
     0.36648000E+002    -0.22837451E+000     0.64231424E-010     0.64183721E-010
     0.36656000E+002    -0.28916669E+000     0.42809575E-010     0.42775114E-010
     0.36664000E+002    -0.34931136E+000     0.18917752E-010     0.18897476E-010
     0.36672000E+002    -0.40566289E+000    -0.64647404E-011    -0.64690073E-011
     0.36680000E+002    -0.45516865E+000    -0.32373235E-010    -0.32358972E-010
     0.36688000E+002    -0.49517441E+000    -0.57860034E-010    -0.57827359E-010
     0.36696000E+002    -0.52365938E+000    -0.81984384E-010    -0.81934574E-010
     0.36704000E+002    -0.53939279E+000    -0.10381106E-009    -0.10374604E-009
     0.36712000E+002    -0.54199583E+000    -0.12241945E-009    -0.12234110E-009
     0.36720000E+002    -0.53191370E+000    -0.13692768E-009    -0.13683686E-009
     0.36728000E+002    -0.51030585E+000    -0.14653317E-009    -0.14643273E-009
     0.36736000E+002    -0.47886631E+000    -0.15055582E-009    -0.15045034E-009
     0.36744000E+002    -0.43961387E+000    -0.14848993E-009    -0.14838467E-009
     0.36752000E+002    -0.39466887E+000    -0.14006313E-009    -0.13996353E-009
     0.36760000E+002    -0.34602964E+000    -0.12529391E-009    -0.12520343E-009
     0.36768000E+002    -0.29537810E+000    -0.10454672E-009    -0.10446922E-009
     0.36776000E+002    -0.24392621E+000    -0.78567082E-010    -0.78507517E-010
     0.36784000E+002    -0.19233593E+000    -0.48489917E-010    -0.48452395E-010
     0.36792000E+002    -0.14072796E+000    -0.15821124E-010    -0.15809073E-010
     0.36800000E+002    -0.88763046E-001     0.17618660E-010     0.17605121E-010
     0.36808000E+002    -0.35798748E-001     0.49787663E-010     0.49750655E-010
     0.36816000E+002     0.18899122E-001     0.78558347E-010     0.78499546E-010
     0.36824000E+002     0.75911204E-001     0.10189099E-009     0.10181356E-009
     0.36832000E+002     0.13541106E+000     0.11802153E-009     0.11792952E-009
     0.36840000E+002     0.19696099E+000     0.12564508E-009     0.12554476E-009
     0.36848000E+002     0.25938957E+000     0.12406759E-009     0.12396786E-009
     0.36856000E+002     0.32077751E+000     0.11330670E-009     0.11321454E-009
     0.36864000E+002     0.37856813E+000     0.94133600E-010     0.94054773E-010
     0.36872000E+002     0.42979808E+000     0.68038293E-010     0.67977221E-010
     0.36880000E+002     0.47143994E+000     0.37120774E-010     0.37080248E-010
     0.36888000E+002     0.50081018E+000     0.39152755E-011     0.38989769E-011
     0.36896000E+002     0.51597033E+000    -0.28840019E-010    -0.28831214E-010
     0.36904000E+002     0.51604957E+000    -0.58449933E-010    -0.58418916E-010
     0.36912000E+002     0.50142761E+000    -0.82506052E-010    -0.82457281E-010
     0.36920000E+002     0.47374684E+000    -0.99104432E-010    -0.99044432E-010
     0.36928000E+002     0.43574553E+000    -0.10700913E-009    -0.10694317E-009
     0.36936000E+002     0.39092365E+000    -0.10575657E-009    -0.10568932E-009
     0.36944000E+002     0.34308733E+000    -0.95680860E-010    -0.95618842E-010
     0.36952000E+002     0.29584906E+000    -0.77855470E-010    -0.77804797E-010
     0.36960000E+002     0.25216159E+000    -0.53969231E-010    -0.53935482E-010
     0.36968000E+002     0.21396079E+000    -0.26143081E-010    -0.26128958E-010
     0.36976000E+002     0.18195959E+000     0.32835565E-011     0.32788419E-011
     0.36984000E+002     0.15560750E+000     0.31971749E-010     0.31949069E-010
     0.36992000E+002     0.13323030E+000     0.57791477E-010     0.57752484E-010
     0.37000000E+002     0.11232351E+000     0.78985933E-010     0.78932451E-010
     0.37008000E+002     0.89959197E-001     0.94280132E-010     0.94215136E-010
     0.37016000E+002     0.63248165E-001     0.10292838E-009     0.10285794E-009
     0.37024000E+002     0.29778393E-001     0.10469933E-009     0.10462865E-009
     0.37032000E+002    -0.12012739E-001     0.99821404E-010     0.99754503E-010
     0.37040000E+002    -0.62580500E-001     0.88897831E-010     0.88837953E-010
     0.37048000E+002    -0.12116566E+000     0.72803365E-010     0.72752267E-010
     0.37056000E+002    -0.18584581E+000     0.52581993E-010     0.52543257E-010
     0.37064000E+002    -0.25375010E+000     0.29352173E-010     0.29329296E-010
     0.37072000E+002    -0.32138787E+000     0.42368486E-011     0.42307719E-011
     0.37080000E+002    -0.38503301E+000    -0.21677085E-010    -0.21666214E-010
     0.37088000E+002    -0.44112008E+000    -0.47359440E-010    -0.47332836E-010
     0.37096000E+002    -0.48659812E+000    -0.71840928E-010    -0.71798967E-010
     0.37104000E+002    -0.51921856E+000    -0.94213791E-010    -0.94155452E-010
     0.37112000E+002    -0.53772318E+000    -0.11363214E-009    -0.11355847E-009
     0.37120000E+002    -0.54190232E+000    -0.12931243E-009    -0.12922610E-009
     0.37128000E+002    -0.53253736E+000    -0.14054516E-009    -0.14045027E-009
     0.37136000E+002    -0.51123953E+000    -0.14671691E-009    -0.14661750E-009
     0.37144000E+002    -0.48021217E+000    -0.14734634E-009    -0.14724450E-009
     0.37152000E+002    -0.44196943E+000    -0.14213067E-009    -0.14202947E-009
     0.37160000E+002    -0.39902372E+000    -0.13098819E-009    -0.13089218E-009
     0.37168000E+002    -0.35358775E+000    -0.11409990E-009    -0.11401478E-009
     0.37176000E+002    -0.30734066E+000    -0.91944946E-010    -0.91876726E-010
     0.37184000E+002    -0.26127971E+000    -0.65325773E-010    -0.65277286E-010
     0.37192000E+002    -0.21568436E+000    -0.35383381E-010    -0.35356146E-010
     0.37200000E+002    -0.17018121E+000    -0.35812316E-011    -0.35768838E-011
     0.37208000E+002    -0.12389186E+000     0.28347942E-010     0.28328384E-010
     0.37216000E+002    -0.75666775E-001     0.58491960E-010     0.58447517E-010
     0.37224000E+002    -0.24364200E-001     0.84889581E-010     0.84822736E-010
     0.37232000E+002     0.30859434E-001     0.10568248E-009     0.10559892E-009
     0.37240000E+002     0.90281545E-001     0.11928202E-009     0.11918749E-009
     0.37248000E+002     0.15341878E+000     0.12453940E-009     0.12444030E-009
     0.37256000E+002     0.21891486E+000     0.12088825E-009     0.12078981E-009
     0.37264000E+002     0.28454160E+000     0.10844542E-009     0.10835336E-009
     0.37272000E+002     0.34734021E+000     0.88046659E-010     0.87968806E-010
     0.37280000E+002     0.40389408E+000     0.61205174E-010     0.61147216E-010
     0.37288000E+002     0.45072325E+000     0.30006715E-010     0.29972247E-010
     0.37296000E+002     0.48473855E+000    -0.30582558E-011    -0.30684450E-011
     0.37304000E+002     0.50368824E+000    -0.35307889E-010    -0.35296067E-010
     0.37312000E+002     0.50653078E+000    -0.64104825E-010    -0.64072226E-010
     0.37320000E+002     0.49365395E+000    -0.87099838E-010    -0.87049046E-010
     0.37328000E+002     0.46689796E+000    -0.10244721E-009    -0.10238354E-009
     0.37336000E+002     0.42935741E+000    -0.10897012E-009    -0.10890019E-009
     0.37344000E+002     0.38498364E+000    -0.10626344E-009    -0.10619571E-009
     0.37352000E+002     0.33805847E+000    -0.94718774E-010    -0.94659539E-010
     0.37360000E+002     0.29261673E+000    -0.75477225E-010    -0.75430011E-010
     0.37368000E+002     0.25191289E+000    -0.50309040E-010    -0.50277086E-010
     0.37376000E+002     0.21800953E+000    -0.21430168E-010    -0.21415899E-010
     0.37384000E+002     0.19154036E+000     0.87183644E-011     0.87122916E-011
     0.37392000E+002     0.17168468E+000     0.37706482E-010     0.37679833E-010
     0.37400000E+002     0.15634764E+000     0.63329920E-010     0.63286285E-010
     0.37408000E+002     0.14251015E+000     0.83782848E-010     0.83726612E-010
     0.37416000E+002     0.12669656E+000     0.97778253E-010     0.97714430E-010
     0.37424000E+002     0.10549103E+000     0.10460115E-009     0.10453321E-009
     0.37432000E+002     0.76038952E-001     0.10410432E-009     0.10403496E-009
     0.37440000E+002     0.36476240E-001     0.96650496E-010     0.96584986E-010
     0.37448000E+002    -0.13778024E-001     0.83010340E-010     0.82953575E-010
     0.37456000E+002    -0.73900983E-001     0.64247575E-010     0.64203399E-010
     0.37464000E+002    -0.14173065E+000     0.41601287E-010     0.41572093E-010
     0.37472000E+002    -0.21400642E+000     0.16380118E-010     0.16365408E-010
     0.37480000E+002    -0.28673524E+000    -0.10117535E-010    -0.10117017E-010
     0.37488000E+002    -0.35564309E+000    -0.36666502E-010    -0.36648997E-010
     0.37496000E+002    -0.41665149E+000    -0.62152159E-010    -0.62117333E-010
     0.37504000E+002    -0.46630781E+000    -0.85582155E-010    -0.85530582E-010
     0.37512000E+002    -0.50212906E+000    -0.10608719E-009    -0.10602187E-009
     0.37520000E+002    -0.52280893E+000    -0.12291163E-009    -0.12283571E-009
     0.37528000E+002    -0.52828213E+000    -0.13540925E-009    -0.13532399E-009
     0.37536000E+002    -0.51965384E+000    -0.14305096E-009    -0.14295816E-009
     0.37544000E+002    -0.49898798E+000    -0.14543670E-009    -0.14533898E-009
     0.37552000E+002    -0.46899317E+000    -0.14231544E-009    -0.14221751E-009
     0.37560000E+002    -0.43264202E+000    -0.13360895E-009    -0.13351644E-009
     0.37568000E+002    -0.39277771E+000    -0.11943809E-009    -0.11935448E-009
     0.37576000E+002    -0.35177626E+000    -0.10015481E-009    -0.10008300E-009
     0.37584000E+002    -0.31128909E+000    -0.76369289E-010    -0.76311937E-010
     0.37592000E+002    -0.27209667E+000    -0.48968599E-010    -0.48929141E-010
     0.37600000E+002    -0.23409258E+000    -0.19119327E-010    -0.19102242E-010
     0.37608000E+002    -0.19639317E+000     0.11753255E-010     0.11746431E-010
     0.37616000E+002    -0.15756366E+000     0.42010514E-010     0.41980655E-010
     0.37624000E+002    -0.11592058E+000     0.69880726E-010     0.69830105E-010
     0.37632000E+002    -0.69860987E-001     0.93572361E-010     0.93504267E-010
     0.37640000E+002    -0.18189423E-001     0.11141466E-009     0.11133122E-009
     0.37648000E+002     0.39587590E-001     0.12201662E-009     0.12192201E-009
     0.37656000E+002     0.10303617E+000     0.12441699E-009     0.12431819E-009
     0.37664000E+002     0.17067164E+000     0.11821219E-009     0.11811659E-009
     0.37672000E+002     0.23997742E+000     0.10364472E-009     0.10356010E-009
     0.37680000E+002     0.30758061E+000     0.81630089E-010     0.81561222E-010
     0.37688000E+002     0.36957049E+000     0.53723654E-010     0.53673237E-010
     0.37696000E+002     0.42194398E+000     0.22017567E-010     0.21989263E-010
     0.37704000E+002     0.46112402E+000    -0.11026049E-010    -0.11030414E-010
     0.37712000E+002     0.48448012E+000    -0.42778114E-010    -0.42758134E-010
     0.37720000E+002     0.49075951E+000    -0.70673567E-010    -0.70631645E-010
     0.37728000E+002     0.48033136E+000    -0.92442730E-010    -0.92385405E-010
     0.37736000E+002     0.45520015E+000    -0.10631675E-009    -0.10624995E-009
     0.37744000E+002     0.41877195E+000    -0.11119803E-009    -0.11112734E-009
     0.37752000E+002     0.37540801E+000    -0.10676435E-009    -0.10669561E-009
     0.37760000E+002     0.32983725E+000    -0.93495901E-010    -0.93434542E-010
     0.37768000E+002     0.28650418E+000    -0.72627240E-010    -0.72580059E-010
     0.37776000E+002     0.24896844E+000    -0.46020808E-010    -0.45992727E-010
     0.37784000E+002     0.21944545E+000    -0.15984277E-010    -0.15976967E-010
     0.37792000E+002     0.19855055E+000     0.14951579E-010     0.14938566E-010
     0.37800000E+002     0.18528027E+000     0.44274670E-010     0.44243822E-010
     0.37808000E+002     0.17720491E+000     0.69717994E-010     0.69670974E-010
     0.37816000E+002     0.17084701E+000     0.89447579E-010     0.89386941E-010
     0.37824000E+002     0.16219867E+000     0.10218638E-009     0.10211720E-009
     0.37832000E+002     0.14730569E+000     0.10726720E-009     0.10719503E-009
     0.37840000E+002     0.12284663E+000     0.10462454E-009     0.10455599E-009
     0.37848000E+002     0.86619086E-001     0.94731449E-010     0.94670996E-010
     0.37856000E+002     0.37867895E-001     0.78502081E-010     0.78451474E-010
     0.37864000E+002    -0.22575583E-001     0.57170604E-010     0.57132800E-010
     0.37872000E+002    -0.92361351E-001     0.32158052E-010     0.32135657E-010
     0.37880000E+002    -0.16788669E+000     0.49531136E-011     0.49484616E-011
     0.37888000E+002    -0.24472200E+000    -0.22987056E-010    -0.22972438E-010
     0.37896000E+002    -0.31813853E+000    -0.50307675E-010    -0.50275866E-010
     0.37904000E+002    -0.38364953E+000    -0.75796705E-010    -0.75749930E-010
     0.37912000E+002    -0.43748797E+000    -0.98411157E-010    -0.98350607E-010
     0.37920000E+002    -0.47697948E+000    -0.11728586E-009    -0.11721286E-009
     0.37928000E+002    -0.50076932E+000    -0.13172903E-009    -0.13164471E-009
     0.37936000E+002    -0.50889231E+000    -0.14121556E-009    -0.14112345E-009
     0.37944000E+002    -0.50267788E+000    -0.14537679E-009    -0.14528162E-009
     0.37952000E+002    -0.48449184E+000    -0.14400142E-009    -0.14390681E-009
     0.37960000E+002    -0.45737218E+000    -0.13704778E-009    -0.13695697E-009
     0.37968000E+002    -0.42460114E+000    -0.12465644E-009    -0.12457186E-009
     0.37976000E+002    -0.38926747E+000    -0.10716687E-009    -0.10709224E-009
     0.37984000E+002    -0.35388081E+000    -0.85129419E-010    -0.85069690E-010
     0.37992000E+002    -0.32006708E+000    -0.59315057E-010    -0.59273540E-010
     0.38000000E+002    -0.28840598E+000    -0.30726414E-010    -0.30705374E-010
     0.38008000E+002    -0.25843336E+000    -0.59361131E-012    -0.59351884E-012
     0.38016000E+002    -0.22879075E+000     0.29648696E-010     0.29627891E-010
     0.38024000E+002    -0.19750646E+000     0.58411352E-010     0.58368681E-010
     0.38032000E+002    -0.16235135E+000     0.84033264E-010     0.83970018E-010
     0.38040000E+002    -0.12123189E+000     0.10488487E-009     0.10480443E-009
     0.38048000E+002    -0.72586472E-001     0.11949439E-009     0.11940202E-009
     0.38056000E+002    -0.15724964E-001     0.12668704E-009     0.12658950E-009
     0.38064000E+002     0.48925693E-001     0.12571925E-009     0.12562126E-009
     0.38072000E+002     0.11970814E+000     0.11639494E-009     0.11630145E-009
     0.38080000E+002     0.19377850E+000     0.99135369E-010     0.99052426E-010
     0.38088000E+002     0.26731096E+000     0.74991960E-010     0.74925181E-010
     0.38096000E+002     0.33586504E+000     0.45601623E-010     0.45557033E-010
     0.38104000E+002     0.39489003E+000     0.13080414E-010     0.13060515E-010
     0.38112000E+002     0.44030550E+000    -0.20129418E-010    -0.20125722E-010
     0.38120000E+002     0.46907492E+000    -0.51454252E-010    -0.51428242E-010
     0.38128000E+002     0.47967286E+000    -0.78413110E-010    -0.78367869E-010
     0.38136000E+002     0.47235846E+000    -0.98839133E-010    -0.98778128E-010
     0.38144000E+002     0.44920254E+000    -0.11108130E-009    -0.11100927E-009
     0.38152000E+002     0.41384444E+000    -0.11415994E-009    -0.11408502E-009
     0.38160000E+002     0.37101202E+000    -0.10785934E-009    -0.10778901E-009
     0.38168000E+002     0.32587656E+000    -0.92758029E-010    -0.92698466E-010
     0.38176000E+002     0.28333710E+000    -0.70181963E-010    -0.70137737E-010
     0.38184000E+002     0.24735842E+000    -0.42083823E-010    -0.42057443E-010
     0.38192000E+002     0.22045160E+000    -0.10858292E-010    -0.10852696E-010
     0.38200000E+002     0.20336850E+000     0.20892429E-010     0.20876007E-010
     0.38208000E+002     0.19505314E+000     0.50601985E-010     0.50564836E-010
     0.38216000E+002     0.19283601E+000     0.75966898E-010     0.75912571E-010
     0.38224000E+002     0.19285414E+000     0.95133410E-010     0.95067965E-010
     0.38232000E+002     0.19062962E+000     0.10682248E-009     0.10675061E-009
     0.38240000E+002     0.18171712E+000     0.11039580E-009     0.11032170E-009
     0.38248000E+002     0.16234536E+000     0.10585316E-009     0.10578204E-009
     0.38256000E+002     0.12995506E+000     0.93767888E-010     0.93704372E-010
     0.38264000E+002     0.83573745E-001     0.75183446E-010     0.75133270E-010
     0.38272000E+002     0.23978072E-001     0.51480389E-010     0.51447470E-010
     0.38280000E+002    -0.46389708E-001     0.24240467E-010     0.24225169E-010
     0.38288000E+002    -0.12372095E+000    -0.48772759E-011    -0.48744377E-011
     0.38296000E+002    -0.20330988E+000    -0.34249828E-010    -0.34228963E-010
     0.38304000E+002    -0.28011456E+000    -0.62377015E-010    -0.62338171E-010
     0.38312000E+002    -0.34932705E+000    -0.87942056E-010    -0.87885201E-010
     0.38320000E+002    -0.40689680E+000    -0.10984789E-009    -0.10977618E-009
     0.38328000E+002    -0.44993984E+000    -0.12722566E-009    -0.12714306E-009
     0.38336000E+002    -0.47699127E+000    -0.13943167E-009    -0.13934157E-009
     0.38344000E+002    -0.48808293E+000    -0.14603948E-009    -0.14594486E-009
     0.38352000E+002    -0.48463907E+000    -0.14682930E-009    -0.14673214E-009
     0.38360000E+002    -0.46921680E+000    -0.14178147E-009    -0.14168554E-009
     0.38368000E+002    -0.44511877E+000    -0.13106964E-009    -0.13097991E-009
     0.38376000E+002    -0.41591164E+000    -0.11505780E-009    -0.11497850E-009
     0.38384000E+002    -0.38492240E+000    -0.94301370E-010    -0.94236089E-010
     0.38392000E+002    -0.35478381E+000    -0.69548458E-010    -0.69498884E-010
     0.38400000E+002    -0.32709748E+000    -0.41741356E-010    -0.41709613E-010
     0.38408000E+002    -0.30227038E+000    -0.12008483E-010    -0.11997703E-010
     0.38416000E+002    -0.27952610E+000     0.18352644E-010     0.18340880E-010
     0.38424000E+002    -0.25708861E+000     0.47903580E-010     0.47868929E-010
     0.38432000E+002    -0.23251743E+000     0.75115836E-010     0.75060623E-010
     0.38440000E+002    -0.20313232E+000     0.98441487E-010     0.98369405E-010
     0.38448000E+002    -0.16647591E+000     0.11641056E-009     0.11632415E-009
     0.38456000E+002    -0.12074256E+000     0.12775082E-009     0.12765397E-009
     0.38464000E+002    -0.65120663E-001     0.13150807E-009     0.13140576E-009
     0.38472000E+002    -0.34986164E-004     0.12716203E-009     0.12706081E-009
     0.38480000E+002     0.72745739E-001     0.11471826E-009     0.11462621E-009
     0.38488000E+002     0.15015509E+000     0.94760238E-010     0.94682654E-010
     0.38496000E+002     0.22804783E+000     0.68461655E-010     0.68402383E-010
     0.38504000E+002     0.30159856E+000     0.37538160E-010     0.37500415E-010
     0.38512000E+002     0.36583540E+000     0.41401473E-011     0.41255407E-011
     0.38520000E+002     0.41625450E+000    -0.29299777E-010    -0.29289176E-010
     0.38528000E+002     0.44943390E+000    -0.60261649E-010    -0.60226870E-010
     0.38536000E+002     0.46354931E+000    -0.86346410E-010    -0.86292402E-010
     0.38544000E+002     0.45870137E+000    -0.10548226E-009    -0.10541441E-009
     0.38552000E+002     0.43697269E+000    -0.11611967E-009    -0.11604456E-009
     0.38560000E+002     0.40218658E+000    -0.11738384E-009    -0.11730716E-009
     0.38568000E+002     0.35940015E+000    -0.10917178E-009    -0.10909876E-009
     0.38576000E+002     0.31420918E+000    -0.92178393E-010    -0.92116317E-010
     0.38584000E+002     0.27197668E+000    -0.67839905E-010    -0.67795007E-010
     0.38592000E+002     0.23710158E+000    -0.38207816E-010    -0.38184379E-010
     0.38600000E+002     0.21243165E+000    -0.57619383E-011    -0.57612022E-011
     0.38608000E+002     0.19890972E+000     0.26818320E-010     0.26798196E-010
     0.38616000E+002     0.19550230E+000     0.56900156E-010     0.56860753E-010
     0.38624000E+002     0.19940304E+000     0.82136174E-010     0.82080007E-010
     0.38632000E+002     0.20647310E+000     0.10065967E-009     0.10059034E-009
     0.38640000E+002     0.21184325E+000     0.11121853E-009     0.11114115E-009
     0.38648000E+002     0.21059826E+000     0.11323533E-009     0.11315768E-009
     0.38656000E+002     0.19846762E+000     0.10679595E-009     0.10672400E-009
     0.38664000E+002     0.17242109E+000     0.92588550E-010     0.92526427E-010
     0.38672000E+002     0.13109215E+000     0.71795973E-010     0.71747394E-010
     0.38680000E+002     0.74971019E-001     0.45958276E-010     0.45925373E-010
     0.38688000E+002     0.63456484E-002     0.16827279E-010     0.16813319E-010
     0.38696000E+002    -0.70976356E-001    -0.13781561E-010    -0.13774313E-010
     0.38704000E+002    -0.15213329E+000    -0.44113397E-010    -0.44086300E-010
     0.38712000E+002    -0.23179623E+000    -0.72566412E-010    -0.72521411E-010
     0.38720000E+002    -0.30479581E+000    -0.97761947E-010    -0.97701769E-010
     0.38728000E+002    -0.36671059E+000    -0.11858315E-009    -0.11850998E-009
     0.38736000E+002    -0.41432732E+000    -0.13419211E-009    -0.13410713E-009
     0.38744000E+002    -0.44593611E+000    -0.14403006E-009    -0.14393693E-009
     0.38752000E+002    -0.46144132E+000    -0.14779646E-009    -0.14770005E-009
     0.38760000E+002    -0.46227130E+000    -0.14542669E-009    -0.14533182E-009
     0.38768000E+002    -0.45110583E+000    -0.13707330E-009    -0.13698393E-009
     0.38776000E+002    -0.43143854E+000    -0.12309066E-009    -0.12300867E-009
     0.38784000E+002    -0.40703515E+000    -0.10402684E-009    -0.10395513E-009
     0.38792000E+002    -0.38138238E+000    -0.80611207E-010    -0.80553959E-010
     0.38800000E+002    -0.35719550E+000    -0.53741703E-010    -0.53702885E-010
     0.38808000E+002    -0.33605899E+000    -0.24475573E-010    -0.24458344E-010
     0.38816000E+002    -0.31825022E+000     0.59822936E-011     0.59780078E-011
     0.38824000E+002    -0.30275650E+000     0.36295071E-010     0.36270177E-010
     0.38832000E+002    -0.28749367E+000     0.65027246E-010     0.64981732E-010
     0.38840000E+002    -0.26968153E+000     0.90699940E-010     0.90634560E-010
     0.38848000E+002    -0.24630004E+000     0.11186331E-009     0.11177948E-009
     0.38856000E+002    -0.21457386E+000     0.12718736E-009     0.12708965E-009
     0.38864000E+002    -0.17241892E+000     0.13556237E-009     0.13545766E-009
     0.38872000E+002    -0.11881309E+000     0.13620721E-009     0.13610116E-009
     0.38880000E+002    -0.54069264E-001     0.12877684E-009     0.12867498E-009
     0.38888000E+002     0.20041094E-001     0.11344516E-009     0.11335219E-009
     0.38896000E+002     0.10032920E+000     0.90952128E-010     0.90873260E-010
     0.38904000E+002     0.18241012E+000     0.62598188E-010     0.62540278E-010
     0.38912000E+002     0.26111141E+000     0.30183348E-010     0.30150277E-010
     0.38920000E+002     0.33103010E+000    -0.40970153E-011    -0.41040357E-011
     0.38928000E+002     0.38719763E+000    -0.37803946E-010    -0.37785879E-010
     0.38936000E+002     0.42575880E+000    -0.68441199E-010    -0.68401528E-010
     0.38944000E+002     0.44454574E+000    -0.93660581E-010    -0.93601688E-010
     0.38952000E+002     0.44344584E+000    -0.11147606E-009    -0.11140190E-009
     0.38960000E+002     0.42447406E+000    -0.12045009E-009    -0.12036791E-009
     0.38968000E+002     0.39153441E+000    -0.11983520E-009    -0.11975271E-009
     0.38976000E+002     0.34990041E+000    -0.10966162E-009    -0.10958720E-009
     0.38984000E+002     0.30548676E+000    -0.90751343E-010    -0.90690859E-010
     0.38992000E+002     0.26403554E+000    -0.64663822E-010    -0.64620347E-010
     0.39000000E+002     0.23033349E+000    -0.33569101E-010    -0.33545973E-010
     0.39008000E+002     0.20758361E+000    -0.50283825E-013    -0.49873068E-013
     0.39016000E+002     0.19701816E+000     0.33134688E-010     0.33111102E-010
     0.39024000E+002     0.19778419E+000     0.63309865E-010     0.63264189E-010
     0.39032000E+002     0.20710981E+000     0.88120710E-010     0.88058713E-010
     0.39040000E+002     0.22071667E+000     0.10572573E-009     0.10565322E-009
     0.39048000E+002     0.23342148E+000     0.11493028E-009     0.11485309E-009
     0.39056000E+002     0.23985473E+000     0.11524578E-009     0.11516857E-009
     0.39064000E+002     0.23519667E+000     0.10687913E-009     0.10680615E-009
     0.39072000E+002     0.21583594E+000     0.90661408E-010     0.90599421E-010
     0.39080000E+002     0.17987070E+000     0.67924393E-010     0.67878728E-010
     0.39088000E+002     0.12738091E+000     0.40354196E-010     0.40327788E-010
     0.39096000E+002     0.60435127E-001     0.98351707E-011     0.98293234E-011
     0.39104000E+002    -0.17170773E-001    -0.21701819E-010    -0.21688565E-010
     0.39112000E+002    -0.10040783E+000    -0.52408329E-010    -0.52376266E-010
     0.39120000E+002    -0.18364847E+000    -0.80625333E-010    -0.80574217E-010
     0.39128000E+002    -0.26134694E+000    -0.10495746E-009    -0.10488961E-009
     0.39136000E+002    -0.32867651E+000    -0.12431188E-009    -0.12423070E-009
     0.39144000E+002    -0.38204130E+000    -0.13791303E-009    -0.13782354E-009
     0.39152000E+002    -0.41942172E+000    -0.14529328E-009    -0.14519994E-009
     0.39160000E+002    -0.44050487E+000    -0.14627207E-009    -0.14617711E-009
     0.39168000E+002    -0.44659052E+000    -0.14092993E-009    -0.14083648E-009
     0.39176000E+002    -0.44030550E+000    -0.12957734E-009    -0.12948940E-009
     0.39184000E+002    -0.42515699E+000    -0.11272948E-009    -0.11265203E-009
     0.39192000E+002    -0.40499724E+000    -0.91083863E-010    -0.91021568E-010
     0.39200000E+002    -0.38346070E+000    -0.65502759E-010    -0.65457306E-010
     0.39208000E+002    -0.36343687E+000    -0.37001547E-010    -0.36974109E-010
     0.39216000E+002    -0.34667351E+000    -0.67308932E-011    -0.67229877E-011
     0.39224000E+002    -0.33355840E+000     0.24042046E-010     0.24028651E-010
     0.39232000E+002    -0.32311100E+000     0.53958195E-010     0.53921591E-010
     0.39240000E+002    -0.31317963E+000     0.81604738E-010     0.81546401E-010
     0.39248000E+002    -0.30079396E+000     0.10556184E-009     0.10548542E-009
     0.39256000E+002    -0.28263353E+000     0.12447110E-009     0.12438034E-009
     0.39264000E+002    -0.25555337E+000     0.13712399E-009     0.13702288E-009
     0.39272000E+002    -0.21709573E+000     0.14255804E-009     0.14244970E-009
     0.39280000E+002    -0.16592936E+000     0.14016048E-009     0.14005009E-009
     0.39288000E+002    -0.10216107E+000     0.12975871E-009     0.12965381E-009
     0.39296000E+002    -0.27485525E-001     0.11168704E-009     0.11159430E-009
     0.39304000E+002     0.54842644E-001     0.86824524E-010     0.86749850E-010
     0.39312000E+002     0.14023613E+000     0.56583515E-010     0.56529893E-010
     0.39320000E+002     0.22320877E+000     0.22849276E-010     0.22818195E-010
     0.39328000E+002     0.29798331E+000    -0.12131575E-010    -0.12137354E-010
     0.39336000E+002     0.35920604E+000    -0.45911732E-010    -0.45891783E-010
     0.39344000E+002     0.40265868E+000    -0.76028924E-010    -0.75985066E-010
     0.39352000E+002     0.42585454E+000    -0.10020773E-009    -0.10014431E-009
     0.39360000E+002     0.42842658E+000    -0.11655966E-009    -0.11648436E-009
     0.39368000E+002     0.41222750E+000    -0.12375887E-009    -0.12367792E-009
     0.39376000E+002     0.38111731E+000    -0.12118364E-009    -0.12110264E-009
     0.39384000E+002     0.34045394E+000    -0.10899742E-009    -0.10892302E-009
     0.39392000E+002     0.29636243E+000    -0.88157691E-010    -0.88096132E-010
     0.39400000E+002     0.25491001E+000    -0.60352332E-010    -0.60310417E-010
     0.39408000E+002     0.22129810E+000    -0.27860272E-010    -0.27842172E-010
     0.39416000E+002     0.19918823E+000     0.66461104E-011     0.66402256E-011
     0.39424000E+002     0.19024087E+000     0.40342661E-010     0.40314295E-010
     0.39432000E+002     0.19391544E+000     0.70514618E-010     0.70466836E-010
     0.39440000E+002     0.20757381E+000     0.94799673E-010     0.94735248E-010
     0.39448000E+002     0.22686110E+000     0.11138959E-009     0.11131273E-009
     0.39456000E+002     0.24631284E+000     0.11916054E-009     0.11907834E-009
     0.39464000E+002     0.26011150E+000     0.11772503E-009     0.11764447E-009
     0.39472000E+002     0.26288483E+000     0.10741670E-009     0.10734472E-009
     0.39480000E+002     0.25045340E+000     0.89207447E-010     0.89148545E-010
     0.39488000E+002     0.22041787E+000     0.64579802E-010     0.64535944E-010
     0.39496000E+002     0.17249011E+000     0.35371507E-010     0.35346129E-010
     0.39504000E+002     0.10852326E+000     0.36015940E-011     0.35971939E-011
     0.39512000E+002     0.32241779E-001    -0.28688460E-010    -0.28671091E-010
     0.39520000E+002    -0.51268106E-001    -0.59570913E-010    -0.59532517E-010
     0.39528000E+002    -0.13621593E+000    -0.87342378E-010    -0.87287192E-010
     0.39536000E+002    -0.21681946E+000    -0.11059670E-009    -0.11052841E-009
     0.39544000E+002    -0.28797317E+000    -0.12827157E-009    -0.12819236E-009
     0.39552000E+002    -0.34578637E+000    -0.13966577E-009    -0.13957857E-009
     0.39560000E+002    -0.38793801E+000    -0.14442392E-009    -0.14433189E-009
     0.39568000E+002    -0.41381846E+000    -0.14250586E-009    -0.14241421E-009
     0.39576000E+002    -0.42446915E+000    -0.13414624E-009    -0.13406045E-009
     0.39584000E+002    -0.42234258E+000    -0.11981601E-009    -0.11973929E-009
     0.39592000E+002    -0.41089548E+000    -0.10019237E-009    -0.10012734E-009
     0.39600000E+002    -0.39406544E+000    -0.76128699E-010    -0.76077400E-010
     0.39608000E+002    -0.37568577E+000    -0.48626473E-010    -0.48591793E-010
     0.39616000E+002    -0.35891799E+000    -0.18808140E-010    -0.18793683E-010
     0.39624000E+002    -0.34579972E+000     0.12105875E-010     0.12098976E-010
     0.39632000E+002    -0.33695497E+000     0.42814541E-010     0.42786434E-010
     0.39640000E+002    -0.33151833E+000     0.71960683E-010     0.71912568E-010
     0.39648000E+002    -0.32728899E+000     0.98166518E-010     0.98100007E-010
     0.39656000E+002    -0.32108287E+000     0.12008613E-009     0.12000203E-009
     0.39664000E+002    -0.30924922E+000     0.13647470E-009     0.13637618E-009
     0.39672000E+002    -0.28825706E+000     0.14626420E-009     0.14615647E-009
     0.39680000E+002    -0.25526351E+000     0.14864996E-009     0.14853899E-009
     0.39688000E+002    -0.20860339E+000     0.14318082E-009     0.14307298E-009
     0.39696000E+002    -0.14813252E+000     0.12984159E-009     0.12974109E-009
     0.39704000E+002    -0.75398646E-001     0.10911905E-009     0.10903041E-009
     0.39712000E+002     0.63895577E-002     0.82025941E-010     0.81954850E-010
     0.39720000E+002     0.92613177E-001     0.50078022E-010     0.50029093E-010
     0.39728000E+002     0.17768907E+000     0.15226881E-010     0.15204135E-010
     0.39736000E+002     0.25567831E+000    -0.20257499E-010    -0.20253824E-010
     0.39744000E+002     0.32099237E+000    -0.53937249E-010    -0.53910072E-010
     0.39752000E+002     0.36910915E+000    -0.83387372E-010    -0.83339005E-010
     0.39760000E+002     0.39719995E+000    -0.10639948E-009    -0.10633387E-009
     0.39768000E+002     0.40455489E+000    -0.12117587E-009    -0.12109780E-009
     0.39776000E+002     0.39272377E+000    -0.12650323E-009    -0.12641868E-009
     0.39784000E+002     0.36534406E+000    -0.12188526E-009    -0.12180324E-009
     0.39792000E+002     0.32767271E+000    -0.10761194E-009    -0.10753986E-009
     0.39800000E+002     0.28589101E+000    -0.84768206E-010    -0.84711415E-010
     0.39808000E+002     0.24627866E+000    -0.55166983E-010    -0.55129634E-010
     0.39816000E+002     0.21436280E+000    -0.21204027E-010    -0.21188293E-010
     0.39824000E+002     0.19417274E+000     0.14348228E-010     0.14340103E-010
     0.39832000E+002     0.18770286E+000     0.48594128E-010     0.48561959E-010
     0.39840000E+002     0.19465449E+000     0.78779852E-010     0.78726761E-010
     0.39848000E+002     0.21249860E+000     0.10253863E-009     0.10246972E-009
     0.39856000E+002     0.23683424E+000     0.11809179E-009     0.11801399E-009
     0.39864000E+002     0.26200602E+000     0.12438039E-009     0.12429921E-009
     0.39872000E+002     0.28190031E+000     0.12112117E-009     0.12104170E-009
     0.39880000E+002     0.29079732E+000     0.10878118E-009     0.10870973E-009
     0.39888000E+002     0.28416753E+000     0.88483111E-010     0.88425000E-010
     0.39896000E+002     0.25928536E+000     0.61866278E-010     0.61826868E-010
     0.39904000E+002     0.21558026E+000     0.30916697E-010     0.30898860E-010
     0.39912000E+002     0.15469052E+000    -0.22071210E-011    -0.22042061E-011
     0.39920000E+002     0.80210344E-001    -0.35339759E-010    -0.35316428E-010
     0.39928000E+002    -0.28095376E-002    -0.66461323E-010    -0.66418647E-010
     0.39936000E+002    -0.88527904E-001    -0.93814279E-010    -0.93754094E-010
     0.39944000E+002    -0.17103654E+000    -0.11598463E-009    -0.11590923E-009
     0.39952000E+002    -0.24502920E+000    -0.13194697E-009    -0.13186186E-009
     0.39960000E+002    -0.30635435E+000    -0.14107103E-009    -0.14098171E-009
     0.39968000E+002    -0.35239927E+000    -0.14310904E-009    -0.14301942E-009
     0.39976000E+002    -0.38228426E+000    -0.13816376E-009    -0.13807742E-009
     0.39984000E+002    -0.39685757E+000    -0.12664096E-009    -0.12656052E-009
     0.39992000E+002    -0.39847782E+000    -0.10919992E-009    -0.10912959E-009
     0.40000000E+002    -0.39061543E+000    -0.86700092E-010    -0.86644696E-010
     0.40008000E+002    -0.37731901E+000    -0.60156899E-010    -0.60119269E-010
     0.40016000E+002    -0.36260397E+000    -0.30709491E-010    -0.30691413E-010
     0.40024000E+002    -0.34984923E+000     0.41057310E-012     0.40896475E-012
     0.40032000E+002    -0.34128031E+000     0.31904784E-010     0.31883046E-010
     0.40040000E+002    -0.33762211E+000     0.62435064E-010     0.62391758E-010
     0.40048000E+002    -0.33799902E+000     0.90655446E-010     0.90591181E-010
     0.40056000E+002    -0.34009067E+000     0.11524302E-009     0.11515995E-009
     0.40064000E+002    -0.34051248E+000     0.13494283E-009     0.13484488E-009
     0.40072000E+002    -0.33535683E+000     0.14862776E-009     0.14851960E-009
     0.40080000E+002    -0.32079658E+000     0.15537154E-009     0.15525648E-009
     0.40088000E+002    -0.29368222E+000     0.15453375E-009     0.15441631E-009
     0.40096000E+002    -0.25205724E+000     0.14583959E-009     0.14572558E-009
     0.40104000E+002    -0.19551812E+000     0.12944835E-009     0.12934436E-009
     0.40112000E+002    -0.12539298E+000     0.10600121E-009     0.10591419E-009
     0.40120000E+002    -0.44713120E-001     0.76635786E-010     0.76569422E-010
     0.40128000E+002     0.42015591E-001     0.42963269E-010     0.42919910E-010
     0.40136000E+002     0.12922317E+000     0.69956453E-011     0.69774944E-011
     0.40144000E+002     0.21086114E+000    -0.28972411E-010    -0.28964771E-010
     0.40152000E+002     0.28110491E+000    -0.62516355E-010    -0.62482507E-010
     0.40160000E+002     0.33508937E+000    -0.91263985E-010    -0.91207058E-010
     0.40168000E+002     0.36956696E+000    -0.11308439E-009    -0.11301127E-009
     0.40176000E+002     0.38337155E+000    -0.12627457E-009    -0.12619157E-009
     0.40184000E+002     0.37761819E+000    -0.12973071E-009    -0.12964479E-009
     0.40192000E+002     0.35559218E+000    -0.12307381E-009    -0.12299129E-009
     0.40200000E+002     0.32232901E+000    -0.10672074E-009    -0.10664738E-009
     0.40208000E+002     0.28393780E+000    -0.81883925E-010    -0.81827429E-010
     0.40216000E+002     0.24676011E+000    -0.50491202E-010    -0.50457332E-010
     0.40224000E+002     0.21649681E+000    -0.15040992E-010    -0.15032403E-010
     0.40232000E+002     0.19743305E+000     0.21607033E-010     0.21590440E-010
     0.40240000E+002     0.19186461E+000     0.56486898E-010     0.56447979E-010
     0.40248000E+002     0.19980111E+000     0.86796075E-010     0.86737430E-010
     0.40256000E+002     0.21898462E+000     0.11015453E-009     0.11007984E-009
     0.40264000E+002     0.24522058E+000     0.12480848E-009     0.12472337E-009
     0.40272000E+002     0.27298010E+000     0.12975883E-009     0.12967035E-009
     0.40280000E+002     0.29618222E+000     0.12481048E-009     0.12472734E-009
     0.40288000E+002     0.30903777E+000     0.11054014E-009     0.11046842E-009
     0.40296000E+002     0.30684435E+000     0.88204560E-010     0.88148067E-010
     0.40304000E+002     0.28661939E+000     0.59597526E-010     0.59559839E-010
     0.40312000E+002     0.24749131E+000     0.26867878E-010     0.26850941E-010
     0.40320000E+002     0.19079686E+000    -0.76704721E-011    -0.76642861E-011
     0.40328000E+002     0.11986659E+000    -0.41723113E-010    -0.41693291E-010
     0.40336000E+002     0.39553201E-001    -0.73172252E-010    -0.73122404E-010
     0.40344000E+002    -0.44416580E-001    -0.10019474E-009    -0.10012866E-009
     0.40352000E+002    -0.12615955E+000    -0.12135007E-009    -0.12127191E-009
     0.40360000E+002    -0.20031955E+000    -0.13563160E-009    -0.13554518E-009
     0.40368000E+002    -0.26265294E+000    -0.14248232E-009    -0.14239061E-009
     0.40376000E+002    -0.31044442E+000    -0.14177850E-009    -0.14168706E-009
     0.40384000E+002    -0.34272114E+000    -0.13378128E-009    -0.13369599E-009
     0.40392000E+002    -0.36025406E+000    -0.11907524E-009    -0.11900060E-009
     0.40400000E+002    -0.36534220E+000    -0.98504372E-010    -0.98443695E-010
     0.40408000E+002    -0.36142183E+000    -0.73112124E-010    -0.73066703E-010
     0.40416000E+002    -0.35252963E+000    -0.44090360E-010    -0.44062539E-010
     0.40424000E+002    -0.34267513E+000    -0.12729248E-010    -0.12722248E-010
     0.40432000E+002    -0.33522127E+000     0.19624851E-010     0.19609433E-010
     0.40440000E+002    -0.33235691E+000     0.51602193E-010     0.51564198E-010
     0.40448000E+002    -0.33475612E+000     0.81838512E-010     0.81780381E-010
     0.40456000E+002    -0.34148166E+000     0.10899885E-009     0.10892324E-009
     0.40464000E+002    -0.35012680E+000     0.13181224E-009     0.13172031E-009
     0.40472000E+002    -0.35718211E+000     0.14911986E-009     0.14901384E-009
     0.40480000E+002    -0.35856998E+000     0.15992987E-009     0.15981328E-009
     0.40488000E+002    -0.35025741E+000     0.16348345E-009     0.16336229E-009
     0.40496000E+002    -0.32886970E+000     0.15932152E-009     0.15920288E-009
     0.40504000E+002    -0.29221296E+000     0.14735004E-009     0.14723888E-009
     0.40512000E+002    -0.23964572E+000     0.12790174E-009     0.12780254E-009
     0.40520000E+002    -0.17228302E+000     0.10177213E-009     0.10168895E-009
     0.40528000E+002    -0.92999468E-001     0.70224972E-010     0.70162298E-010
     0.40536000E+002    -0.62261363E-002     0.34957837E-010     0.34921028E-010
     0.40544000E+002     0.82453490E-001    -0.19779210E-011    -0.19871614E-011
     0.40552000E+002     0.16689222E+000    -0.38288286E-010    -0.38270903E-010
     0.40560000E+002     0.24107906E+000    -0.71583612E-010    -0.71541913E-010
     0.40568000E+002     0.29987691E+000    -0.99553710E-010    -0.99492029E-010
     0.40576000E+002     0.33969931E+000    -0.12015137E-009    -0.12007307E-009
     0.40584000E+002     0.35901073E+000    -0.13177820E-009    -0.13168855E-009
     0.40592000E+002     0.35856771E+000    -0.13344424E-009    -0.13335190E-009
     0.40600000E+002     0.34133603E+000    -0.12488331E-009    -0.12479635E-009
     0.40608000E+002     0.31209462E+000    -0.10661973E-009    -0.10654588E-009
     0.40616000E+002     0.27678950E+000    -0.79965527E-010    -0.79910155E-010
     0.40624000E+002     0.24172204E+000    -0.46945363E-010    -0.46911243E-010
     0.40632000E+002     0.21269692E+000    -0.10148340E-010    -0.10138925E-010
     0.40640000E+002     0.19423660E+000     0.27490809E-010     0.27473534E-010
     0.40648000E+002     0.18897449E+000     0.62952105E-010     0.62908719E-010
     0.40656000E+002     0.19731952E+000     0.93404704E-010     0.93339192E-010
     0.40664000E+002     0.21742257E+000     0.11646063E-009     0.11638034E-009
     0.40672000E+002     0.24545271E+000     0.13037835E-009     0.13029004E-009
     0.40680000E+002     0.27613927E+000     0.13419993E-009     0.13410990E-009
     0.40688000E+002     0.30350320E+000     0.12780274E-009     0.12771676E-009
     0.40696000E+002     0.32169049E+000     0.11187043E-009     0.11179417E-009
     0.40704000E+002     0.32578366E+000     0.87791459E-010     0.87732348E-010
     0.40712000E+002     0.31247188E+000     0.57498088E-010     0.57460929E-010
     0.40720000E+002     0.28048452E+000     0.23280595E-010     0.23266858E-010
     0.40728000E+002     0.23072463E+000    -0.12410542E-010    -0.12400913E-010
     0.40736000E+002     0.16609899E+000    -0.47157725E-010    -0.47127194E-010
     0.40744000E+002     0.91086959E-001    -0.78741307E-010    -0.78691300E-010
     0.40752000E+002     0.11117768E-001    -0.10527830E-009    -0.10521044E-009
     0.40760000E+002    -0.68138592E-001    -0.12531869E-009    -0.12523799E-009
     0.40768000E+002    -0.14146183E+000    -0.13789292E-009    -0.13780504E-009
     0.40776000E+002    -0.20466365E+000    -0.14252506E-009    -0.14243625E-009
     0.40784000E+002    -0.25499299E+000    -0.13920725E-009    -0.13912258E-009
     0.40792000E+002    -0.29134923E+000    -0.12834759E-009    -0.12826961E-009
     0.40800000E+002    -0.31429464E+000    -0.11070421E-009    -0.11063666E-009
     0.40808000E+002    -0.32586520E+000    -0.87304642E-010    -0.87251844E-010
     0.40816000E+002    -0.32920468E+000    -0.59369429E-010    -0.59335305E-010
     0.40824000E+002    -0.32804569E+000    -0.28245468E-010    -0.28232871E-010
     0.40832000E+002    -0.32611524E+000     0.46520842E-011     0.46435080E-011
     0.40840000E+002    -0.32654946E+000     0.37882874E-010     0.37853739E-010
     0.40848000E+002    -0.33138564E+000     0.70019298E-010     0.69969399E-010
     0.40856000E+002    -0.34121910E+000     0.99680123E-010     0.99609707E-010
     0.40864000E+002    -0.35507017E+000     0.12555941E-009     0.12546933E-009
     0.40872000E+002    -0.37049408E+000     0.14646016E-009     0.14635438E-009
     0.40880000E+002    -0.38393357E+000     0.16133270E-009     0.16121662E-009
     0.40888000E+002    -0.39123953E+000     0.16932328E-009     0.16920126E-009
     0.40896000E+002    -0.38828093E+000     0.16983151E-009     0.16970774E-009
     0.40904000E+002    -0.37155459E+000     0.16256840E-009     0.16244669E-009
     0.40912000E+002    -0.33871606E+000     0.14761194E-009     0.14749802E-009
     0.40920000E+002    -0.28898327E+000     0.12544916E-009     0.12535030E-009
     0.40928000E+002    -0.22335903E+000     0.97001501E-010     0.96922956E-010
     0.40936000E+002    -0.14463996E+000     0.63625681E-010     0.63571142E-010
     0.40944000E+002    -0.57210729E-001     0.27074759E-010     0.27045353E-010
     0.40952000E+002     0.33360511E-001    -0.10577121E-010    -0.10581238E-010
     0.40960000E+002     0.12088982E+000    -0.47049741E-010    -0.47027059E-010
     0.40968000E+002     0.19925914E+000    -0.80005019E-010    -0.79956835E-010
     0.40976000E+002     0.26314600E+000    -0.10720742E-009    -0.10713772E-009
     0.40984000E+002     0.30870009E+000    -0.12669898E-009    -0.12661369E-009
     0.40992000E+002     0.33405477E+000    -0.13697359E-009    -0.13688112E-009
     0.41000000E+002     0.33958677E+000    -0.13712854E-009    -0.13703528E-009
     0.41008000E+002     0.32787235E+000    -0.12698696E-009    -0.12689858E-009
     0.41016000E+002     0.30334825E+000    -0.10716014E-009    -0.10708391E-009
     0.41024000E+002     0.27172129E+000    -0.79037928E-010    -0.78980299E-010
     0.41032000E+002     0.23919917E+000    -0.44712667E-010    -0.44679635E-010
     0.41040000E+002     0.21165774E+000    -0.68269499E-011    -0.68214432E-011
     0.41048000E+002     0.19385088E+000     0.31638628E-010     0.31617914E-010
     0.41056000E+002     0.18877887E+000     0.67620851E-010     0.67576262E-010
     0.41064000E+002     0.19730366E+000     0.98254521E-010     0.98189547E-010
     0.41072000E+002     0.21804553E+000     0.12113425E-009     0.12105282E-009
     0.41080000E+002     0.24758879E+000     0.13452714E-009     0.13443503E-009
     0.41088000E+002     0.28096466E+000     0.13751062E-009     0.13741648E-009
     0.41096000E+002     0.31234733E+000     0.13002156E-009     0.12993335E-009
     0.41104000E+002     0.33587428E+000     0.11282641E-009     0.11275112E-009
     0.41112000E+002     0.34645336E+000     0.87416898E-010     0.87359065E-010
     0.41120000E+002     0.34044430E+000     0.55849607E-010     0.55811449E-010
     0.41128000E+002     0.31612029E+000     0.20549327E-010     0.20534371E-010
     0.41136000E+002     0.27384699E+000    -0.15907142E-010    -0.15897159E-010
     0.41144000E+002     0.21597139E+000    -0.50994822E-010    -0.50960967E-010
     0.41152000E+002     0.14644145E+000    -0.82418908E-010    -0.82363967E-010
     0.41160000E+002     0.70229199E-001    -0.10825766E-009    -0.10818755E-009
     0.41168000E+002    -0.73362261E-002    -0.12705846E-009    -0.12697808E-009
     0.41176000E+002    -0.81222994E-001    -0.13789467E-009    -0.13780741E-009
     0.41184000E+002    -0.14725329E+000    -0.14037645E-009    -0.14028726E-009
     0.41192000E+002    -0.20251388E+000    -0.13461754E-009    -0.13453156E-009
     0.41200000E+002    -0.24559415E+000    -0.12117493E-009    -0.12109843E-009
     0.41208000E+002    -0.27663033E+000    -0.10096482E-009    -0.10090327E-009
     0.41216000E+002    -0.29715755E+000    -0.75174009E-010    -0.75129546E-010
     0.41224000E+002    -0.30979199E+000    -0.45176658E-010    -0.45150910E-010
     0.41232000E+002    -0.31777357E+000    -0.12453127E-010    -0.12447483E-010
     0.41240000E+002    -0.32442885E+000     0.21475242E-010     0.21459101E-010
     0.41248000E+002    -0.33261252E+000     0.55099096E-010     0.55059441E-010
     0.41256000E+002    -0.34420186E+000     0.86963553E-010     0.86901735E-010
     0.41264000E+002    -0.35974393E+000     0.11569612E-009     0.11561486E-009
     0.41272000E+002    -0.37830717E+000     0.14003685E-009     0.13993911E-009
     0.41280000E+002    -0.39757133E+000     0.15887097E-009     0.15875978E-009
     0.41288000E+002    -0.41414445E+000     0.17126299E-009     0.17114075E-009
     0.41296000E+002    -0.42403927E+000     0.17649972E-009     0.17637101E-009
     0.41304000E+002    -0.42325810E+000     0.17413252E-009     0.17400360E-009
     0.41312000E+002    -0.40839365E+000     0.16402330E-009     0.16390015E-009
     0.41320000E+002    -0.37715519E+000     0.14639232E-009     0.14628058E-009
     0.41328000E+002    -0.32876507E+000     0.12185390E-009     0.12175716E-009
     0.41336000E+002    -0.26416588E+000     0.91435779E-010     0.91358074E-010
     0.41344000E+002    -0.18603502E+000     0.56568191E-010     0.56514526E-010
     0.41352000E+002    -0.98608945E-001     0.19039028E-010     0.19012499E-010
     0.41360000E+002    -0.73111005E-002    -0.19079384E-010    -0.19077077E-010
     0.41368000E+002     0.81782952E-001    -0.55538179E-010    -0.55508812E-010
     0.41376000E+002     0.16260431E+000    -0.88046537E-010    -0.87994295E-010
     0.41384000E+002     0.22979581E+000    -0.11442992E-009    -0.11435775E-009
     0.41392000E+002     0.27936398E+000    -0.13280600E-009    -0.13271861E-009
     0.41400000E+002     0.30919332E+000    -0.14175183E-009    -0.14165547E-009
     0.41408000E+002     0.31933543E+000    -0.14045150E-009    -0.14035350E-009
     0.41416000E+002     0.31201677E+000    -0.12880804E-009    -0.12871804E-009
     0.41424000E+002     0.29135473E+000    -0.10750041E-009    -0.10742565E-009
     0.41432000E+002     0.26281068E+000    -0.77983380E-010    -0.77928435E-010
     0.41440000E+002     0.23246206E+000    -0.42412640E-010    -0.42381455E-010
     0.41448000E+002     0.20619851E+000    -0.34925793E-011    -0.34872431E-011
     0.41456000E+002     0.18894226E+000     0.35739569E-010     0.35717428E-010
     0.41464000E+002     0.18400035E+000     0.72180077E-010     0.72131395E-010
     0.41472000E+002     0.19263339E+000     0.10293824E-009     0.10286788E-009
     0.41480000E+002     0.21389813E+000     0.12559909E-009     0.12551353E-009
     0.41488000E+002     0.24479947E+000     0.13844188E-009     0.13834875E-009
     0.41496000E+002     0.28071846E+000     0.14058152E-009     0.14048720E-009
     0.41504000E+002     0.31605470E+000     0.13202625E-009     0.13193681E-009
     0.41512000E+002     0.34499659E+000     0.11364342E-009     0.11356624E-009
     0.41520000E+002     0.36230118E+000     0.87042913E-010     0.86983811E-010
     0.41528000E+002     0.36398716E+000     0.54407605E-010     0.54371336E-010
     0.41536000E+002     0.34783413E+000     0.18283283E-010     0.18271654E-010
     0.41544000E+002     0.31361374E+000    -0.18644381E-010    -0.18633203E-010
     0.41552000E+002     0.26303997E+000    -0.53761991E-010    -0.53729089E-010
     0.41560000E+002     0.19945558E+000    -0.84721943E-010    -0.84669381E-010
     0.41568000E+002     0.12733318E+000    -0.10959059E-009    -0.10952207E-009
     0.41576000E+002     0.51670021E-001    -0.12694613E-009    -0.12686611E-009
     0.41584000E+002    -0.22642924E-001    -0.13593096E-009    -0.13584676E-009
     0.41592000E+002    -0.91383193E-001    -0.13625276E-009    -0.13617083E-009
     0.41600000E+002    -0.15143249E+000    -0.12814957E-009    -0.12807398E-009
     0.41608000E+002    -0.20103369E+000    -0.11232314E-009    -0.11225786E-009
     0.41616000E+002    -0.23985937E+000    -0.89843833E-010    -0.89791988E-010
     0.41624000E+002    -0.26891309E+000    -0.62048513E-010    -0.62014210E-010
     0.41632000E+002    -0.29026373E+000    -0.30440402E-010    -0.30427539E-010
     0.41640000E+002    -0.30664294E+000     0.33969196E-011     0.33875074E-011
     0.41648000E+002    -0.32094771E+000     0.37866129E-010     0.37834769E-010
     0.41656000E+002    -0.33571018E+000     0.71412764E-010     0.71360873E-010
     0.41664000E+002    -0.35263321E+000     0.10256997E-009     0.10249875E-009
     0.41672000E+002    -0.37225812E+000     0.12999436E-009     0.12990423E-009
     0.41680000E+002    -0.39380840E+000     0.15249362E-009     0.15238740E-009
     0.41688000E+002    -0.41524496E+000     0.16904734E-009     0.16892925E-009
     0.41696000E+002    -0.43352210E+000     0.17883445E-009     0.17870945E-009
     0.41704000E+002    -0.44501304E+000     0.18126837E-009     0.18114140E-009
     0.41712000E+002    -0.44604593E+000     0.17603896E-009     0.17591345E-009
     0.41720000E+002    -0.43344896E+000     0.16315642E-009     0.16303697E-009
     0.41728000E+002    -0.40503559E+000     0.14298232E-009     0.14287467E-009
     0.41736000E+002    -0.35997966E+000     0.11625224E-009     0.11616203E-009
     0.41744000E+002    -0.29903598E+000     0.84084906E-010     0.84017298E-010
     0.41752000E+002    -0.22459510E+000     0.47968863E-010     0.47925778E-010
     0.41760000E+002    -0.14054558E+000     0.97267675E-011     0.97091500E-011
     0.41768000E+002    -0.51941245E-001    -0.28560463E-010    -0.28551362E-010
     0.41776000E+002     0.35487438E-001    -0.64666330E-010    -0.64631065E-010
     0.41784000E+002     0.11594153E+000    -0.96353164E-010    -0.96293050E-010
     0.41792000E+002     0.18421033E+000    -0.12152939E-009    -0.12144909E-009
     0.41800000E+002     0.23630015E+000    -0.13840999E-009    -0.13831727E-009
     0.41808000E+002     0.26995231E+000    -0.14567235E-009    -0.14557362E-009
     0.41816000E+002     0.28494973E+000    -0.14260399E-009    -0.14250605E-009
     0.41824000E+002     0.28315765E+000    -0.12921030E-009    -0.12911989E-009
     0.41832000E+002     0.26828036E+000    -0.10626985E-009    -0.10619327E-009
     0.41840000E+002     0.24536858E+000    -0.75326633E-010    -0.75271687E-010
     0.41848000E+002     0.22015459E+000    -0.38604190E-010    -0.38576009E-010
     0.41856000E+002     0.19829557E+000     0.11456989E-011     0.11456854E-011
     0.41864000E+002     0.18462660E+000     0.40856358E-010     0.40828913E-010
     0.41872000E+002     0.18252311E+000     0.77410490E-010     0.77358795E-010
     0.41880000E+002     0.19345721E+000     0.10792260E-009     0.10784984E-009
     0.41888000E+002     0.21681416E+000     0.13000916E-009     0.12992004E-009
     0.41896000E+002     0.24998624E+000     0.14200569E-009     0.14190759E-009
     0.41904000E+002     0.28872602E+000     0.14310438E-009     0.14300569E-009
     0.41912000E+002     0.32771644E+000     0.13340298E-009     0.13331274E-009
     0.41920000E+002     0.36128323E+000     0.11386425E-009     0.11378858E-009
     0.41928000E+002     0.38414947E+000     0.86202634E-010     0.86145297E-010
     0.41936000E+002     0.39212533E+000     0.52706509E-010     0.52671301E-010
     0.41944000E+002     0.38262563E+000     0.16017757E-010     0.16006558E-010
     0.41952000E+002     0.35494809E+000    -0.21099039E-010    -0.21084991E-010
     0.41960000E+002     0.31029034E+000    -0.55981827E-010    -0.55943840E-010
     0.41968000E+002     0.25150842E+000    -0.86261659E-010    -0.86205201E-010
     0.41976000E+002     0.18267049E+000    -0.11000814E-009    -0.10993823E-009
     0.41984000E+002     0.10847926E+000    -0.12583562E-009    -0.12575727E-009
     0.41992000E+002     0.33658213E-001    -0.13295446E-009    -0.13287271E-009
     0.42000000E+002    -0.37595592E-001    -0.13117286E-009    -0.13109207E-009
     0.42008000E+002    -0.10203944E+000    -0.12085543E-009    -0.12078226E-009
     0.42016000E+002    -0.15765191E+000    -0.10283756E-009    -0.10277806E-009
     0.42024000E+002    -0.20372731E+000    -0.78324166E-010    -0.78281833E-010
     0.42032000E+002    -0.24080407E+000    -0.48783330E-010    -0.48760484E-010
     0.42040000E+002    -0.27042495E+000    -0.15838826E-010    -0.15835955E-010
     0.42048000E+002    -0.29477807E+000     0.18822173E-010     0.18803703E-010
     0.42056000E+002    -0.31626574E+000     0.53531317E-010     0.53489708E-010
     0.42064000E+002    -0.33704947E+000     0.86704079E-010     0.86640080E-010
     0.42072000E+002    -0.35864401E+000     0.11688036E-009     0.11679621E-009
     0.42080000E+002    -0.38160228E+000     0.14275496E-009     0.14265459E-009
     0.42088000E+002    -0.40534821E+000     0.16319996E-009     0.16308703E-009
     0.42096000E+002    -0.42819979E+000     0.17728800E-009     0.17716456E-009
     0.42104000E+002    -0.44756523E+000     0.18432181E-009     0.18419135E-009
     0.42112000E+002    -0.46028999E+000     0.18386136E-009     0.18372888E-009
     0.42120000E+002    -0.46310137E+000     0.17575143E-009     0.17562331E-009
     0.42128000E+002    -0.45308222E+000     0.16014818E-009     0.16003078E-009
     0.42136000E+002    -0.42813009E+000     0.13754359E-009     0.13744058E-009
     0.42144000E+002    -0.38733480E+000     0.10878626E-009     0.10870092E-009
     0.42152000E+002    -0.33121855E+000     0.75084956E-010     0.75020762E-010
     0.42160000E+002    -0.26181657E+000     0.37990145E-010     0.37950765E-010
     0.42168000E+002    -0.18257484E+000    -0.65343613E-012    -0.66435765E-012
     0.42176000E+002    -0.98074452E-001    -0.38784979E-010    -0.38767838E-010
     0.42184000E+002    -0.13602568E-001    -0.74228327E-010    -0.74185973E-010
     0.42192000E+002     0.65410695E-001    -0.10482079E-009    -0.10475648E-009
     0.42200000E+002     0.13401571E+000    -0.12856182E-009    -0.12848023E-009
     0.42208000E+002     0.18834358E+000    -0.14376874E-009    -0.14367385E-009
     0.42216000E+002     0.22609236E+000    -0.14923440E-009    -0.14913235E-009
     0.42224000E+002     0.24681330E+000    -0.14436021E-009    -0.14426029E-009
     0.42232000E+002     0.25196795E+000    -0.12925230E-009    -0.12916240E-009
     0.42240000E+002     0.24473485E+000    -0.10477470E-009    -0.10470166E-009
     0.42248000E+002     0.22958573E+000    -0.72535572E-010    -0.72484197E-010
     0.42256000E+002     0.21169278E+000    -0.34807232E-010    -0.34780094E-010
     0.42264000E+002     0.19623706E+000     0.56244388E-011     0.56239207E-011
     0.42272000E+002     0.18772948E+000     0.45681538E-010     0.45652059E-010
     0.42280000E+002     0.18942568E+000     0.82255530E-010     0.82199320E-010
     0.42288000E+002     0.20289641E+000     0.11248707E-009     0.11240938E-009
     0.42296000E+002     0.22781623E+000     0.13403107E-009     0.13393985E-009
     0.42304000E+002     0.26198893E+000     0.14526849E-009     0.14517052E-009
     0.42312000E+002     0.30162611E+000     0.14544887E-009     0.14535043E-009
     0.42320000E+002     0.34184830E+000     0.13474098E-009     0.13464881E-009
     0.42328000E+002     0.37732703E+000     0.11419037E-009     0.11411128E-009
     0.42336000E+002     0.40298677E+000     0.85599360E-010     0.85540992E-010
     0.42344000E+002     0.41466367E+000     0.51340872E-010     0.51307372E-010
     0.42352000E+002     0.40962910E+000     0.14138051E-010     0.14129642E-010
     0.42360000E+002     0.38690547E+000    -0.23170936E-010    -0.23155209E-010
     0.42368000E+002     0.34732025E+000    -0.57864918E-010    -0.57827973E-010
     0.42376000E+002     0.29330248E+000    -0.87539682E-010    -0.87483778E-010
     0.42384000E+002     0.22847679E+000    -0.11026730E-009    -0.11019559E-009
     0.42392000E+002     0.15713585E+000    -0.12470092E-009    -0.12462039E-009
     0.42400000E+002     0.83681973E-001    -0.13011985E-009    -0.13003757E-009
     0.42408000E+002     0.12112711E-001    -0.12642807E-009    -0.12635072E-009
     0.42416000E+002    -0.54389716E-001    -0.11410498E-009    -0.11403776E-009
     0.42424000E+002    -0.11371400E+000    -0.94119304E-010    -0.94064877E-010
     0.42432000E+002    -0.16490743E+000    -0.67819402E-010    -0.67781819E-010
     0.42440000E+002    -0.20810749E+000    -0.36806543E-010    -0.36789883E-010
     0.42448000E+002    -0.24434624E+000    -0.28156295E-011    -0.28222079E-011
     0.42456000E+002    -0.27526942E+000     0.32387495E-010     0.32356917E-010
     0.42464000E+002    -0.30278588E+000     0.67088862E-010     0.67036521E-010
     0.42472000E+002    -0.32868614E+000     0.99684753E-010     0.99612683E-010
     0.42480000E+002    -0.35428503E+000     0.12872816E-009     0.12863721E-009
     0.42488000E+002    -0.38013238E+000     0.15296151E-009     0.15285368E-009
     0.42496000E+002    -0.40585212E+000     0.17133689E-009     0.17121530E-009
     0.42504000E+002    -0.43012182E+000     0.18303474E-009     0.18290491E-009
     0.42512000E+002    -0.45079133E+000     0.18747806E-009     0.18734601E-009
     0.42520000E+002    -0.46514602E+000     0.18435202E-009     0.18422174E-009
     0.42528000E+002    -0.47027486E+000     0.17362963E-009     0.17350494E-009
     0.42536000E+002    -0.46350497E+000     0.15559218E-009     0.15547705E-009
     0.42544000E+002    -0.44283760E+000     0.13084847E-009     0.13074850E-009
     0.42552000E+002    -0.40730739E+000     0.10034375E-009     0.10026519E-009
     0.42560000E+002    -0.35722931E+000     0.65354030E-010     0.65300223E-010
     0.42568000E+002    -0.29429797E+000     0.27468060E-010     0.27440595E-010
     0.42576000E+002    -0.22152024E+000    -0.11459498E-010    -0.11460704E-010
     0.42584000E+002    -0.14297916E+000    -0.49382275E-010    -0.49357767E-010
     0.42592000E+002    -0.63435096E-001    -0.84162942E-010    -0.84112256E-010
     0.42600000E+002     0.12187293E-001    -0.11370251E-009    -0.11362846E-009
     0.42608000E+002     0.79355394E-001    -0.13608073E-009    -0.13598902E-009
     0.42616000E+002     0.13445741E+000    -0.14970552E-009    -0.14960292E-009
     0.42624000E+002     0.17523250E+000    -0.15346276E-009    -0.15335756E-009
     0.42632000E+002     0.20104300E+000    -0.14684445E-009    -0.14674277E-009
     0.42640000E+002     0.21294720E+000    -0.13004701E-009    -0.12995459E-009
     0.42648000E+002     0.21354800E+000    -0.10401772E-009    -0.10394228E-009
     0.42656000E+002     0.20664075E+000    -0.70435263E-010    -0.70383120E-010
     0.42664000E+002     0.19671464E+000    -0.31626498E-010    -0.31602593E-010
     0.42672000E+002     0.18836815E+000     0.95884827E-011     0.95825037E-011
     0.42680000E+002     0.18571547E+000     0.50112699E-010     0.50079221E-010
     0.42688000E+002     0.19184239E+000     0.86833186E-010     0.86774882E-010
     0.42696000E+002     0.20837844E+000     0.11690391E-009     0.11682453E-009
     0.42704000E+002     0.23525719E+000     0.13800891E-009     0.13791360E-009
     0.42712000E+002     0.27069149E+000     0.14857633E-009     0.14847223E-009
     0.42720000E+002     0.31138385E+000     0.14791539E-009     0.14781220E-009
     0.42728000E+002     0.35294451E+000     0.13626253E-009     0.13616850E-009
     0.42736000E+002     0.39045695E+000     0.11474286E-009     0.11466443E-009
     0.42744000E+002     0.41912796E+000     0.85245550E-010     0.85187090E-010
     0.42752000E+002     0.43491360E+000     0.50234953E-010     0.50198872E-010
     0.42760000E+002     0.43502650E+000     0.12521677E-010     0.12511211E-010
     0.42768000E+002     0.41824988E+000    -0.24988771E-010    -0.24972964E-010
     0.42776000E+002     0.38501035E+000    -0.59529935E-010    -0.59490802E-010
     0.42784000E+002     0.33722576E+000    -0.88677320E-010    -0.88619316E-010
     0.42792000E+002     0.27796430E+000    -0.11051159E-009    -0.11044150E-009
     0.42800000E+002     0.21098336E+000    -0.12372187E-009    -0.12364510E-009
     0.42808000E+002     0.14023232E+000    -0.12765701E-009    -0.12757774E-009
     0.42816000E+002     0.69391536E-001    -0.12232000E-009    -0.12224458E-009
     0.42824000E+002     0.15137015E-002    -0.10830424E-009    -0.10823887E-009
     0.42832000E+002    -0.61206048E-001    -0.86697105E-010    -0.86647898E-010
     0.42840000E+002    -0.11753076E+000    -0.58958541E-010    -0.58929953E-010
     0.42848000E+002    -0.16715832E+000    -0.26790901E-010    -0.26783549E-010
     0.42856000E+002    -0.21059216E+000     0.79812648E-011     0.79668089E-011
     0.42864000E+002    -0.24892285E+000     0.43522512E-010     0.43485590E-010
     0.42872000E+002    -0.28354127E+000     0.78076642E-010     0.78017109E-010
     0.42880000E+002    -0.31582688E+000     0.11003129E-009     0.10994954E-009
     0.42888000E+002    -0.34684483E+000     0.13796264E-009     0.13786228E-009
     0.42896000E+002    -0.37708225E+000     0.16066056E-009     0.16054618E-009
     0.42904000E+002    -0.40627288E+000     0.17714661E-009     0.17702199E-009
     0.42912000E+002    -0.43333384E+000     0.18668921E-009     0.18655809E-009
     0.42920000E+002    -0.45644151E+000     0.18881675E-009     0.18868242E-009
     0.42928000E+002    -0.47325396E+000     0.18333228E-009     0.18319991E-009
     0.42936000E+002    -0.48122846E+000     0.17032615E-009     0.17020200E-009
     0.42944000E+002    -0.47799941E+000     0.15019068E-009     0.15007977E-009
     0.42952000E+002    -0.46175971E+000     0.12363315E-009     0.12353967E-009
     0.42960000E+002    -0.43158464E+000     0.91679091E-010     0.91605617E-010
     0.42968000E+002    -0.38766999E+000     0.55665696E-010     0.55615300E-010
     0.42976000E+002    -0.33142669E+000     0.17213813E-010     0.17190316E-010
     0.42984000E+002    -0.26541768E+000    -0.21820690E-010    -0.21815903E-010
     0.42992000E+002    -0.19315308E+000    -0.59415122E-010    -0.59382393E-010
     0.43000000E+002    -0.11875569E+000    -0.93479117E-010    -0.93421528E-010
     0.43008000E+002    -0.46547194E-001    -0.12197484E-009    -0.12189714E-009
