     0.00000000E+000    -0.47218792E-005    -0.34163907E-011    -0.35232627E-011     0.51096244E-023    -0.35987982E-011     0.51189949E-023
     0.43413787E-002    -0.47966116E-005    -0.44644672E-007    -0.10003225E-011    -0.13906309E-011    -0.10416966E-011    -0.14587257E-011
     0.86827573E-002    -0.48509618E-005    -0.89385516E-007    -0.25919780E-012    -0.11076552E-011    -0.28003899E-012    -0.11298262E-011
     0.13024136E-001    -0.49004894E-005    -0.12925301E-006    -0.18082849E-012    -0.70606490E-012    -0.18227222E-012    -0.73115774E-012
     0.17365515E-001    -0.49600737E-005    -0.13017505E-006    -0.78825794E-014    -0.56194938E-012    -0.19225115E-013    -0.57840527E-012
     0.21706893E-001    -0.49946790E-005    -0.10883222E-006    -0.58307736E-013    -0.47516450E-012    -0.58121636E-013    -0.48556941E-012
     0.26048272E-001    -0.50098522E-005    -0.81698002E-007     0.92033050E-014    -0.35069130E-012     0.42899806E-014    -0.36473995E-012
     0.30389651E-001    -0.49984421E-005    -0.47298107E-007     0.33809063E-015    -0.34669126E-012    -0.14755679E-014    -0.35274295E-012
     0.34731029E-001    -0.49690969E-005    -0.41657094E-007     0.40794896E-014    -0.24789526E-012     0.33203899E-014    -0.25926084E-012
     0.39072408E-001    -0.49318092E-005    -0.54095111E-007     0.38870234E-013    -0.24402234E-012     0.35204285E-013    -0.25023765E-012
     0.43413787E-001    -0.49004321E-005    -0.96572169E-007     0.16217052E-013    -0.18406778E-012     0.16656583E-013    -0.19235875E-012
     0.47755165E-001    -0.48923505E-005    -0.15914505E-006     0.68246025E-013    -0.14284571E-012     0.63998624E-013    -0.15046850E-012
     0.52096544E-001    -0.49089805E-005    -0.22691806E-006     0.53249753E-013    -0.85881691E-013     0.52503952E-013    -0.91902538E-013
     0.56437923E-001    -0.49567901E-005    -0.29039897E-006     0.38057598E-014     0.94745580E-013     0.10082199E-014     0.85291271E-013
     0.60779301E-001    -0.50218883E-005    -0.32838055E-006    -0.22809901E-012    -0.10861093E-012    -0.22806572E-012    -0.11256479E-012
     0.65120680E-001    -0.50975805E-005    -0.34200745E-006    -0.12186011E-012    -0.16760299E-012    -0.12217788E-012    -0.17344456E-012
     0.69462059E-001    -0.51657618E-005    -0.32817181E-006    -0.57592626E-013    -0.18324973E-012    -0.59997986E-013    -0.18612565E-012
     0.73803437E-001    -0.52113919E-005    -0.29976829E-006    -0.55477490E-013    -0.16054429E-012    -0.55381194E-013    -0.16449262E-012
     0.78144816E-001    -0.52318054E-005    -0.26810125E-006    -0.19955718E-013    -0.15082444E-012    -0.22540464E-013    -0.15444943E-012
     0.82486195E-001    -0.52245427E-005    -0.24529783E-006    -0.31459024E-013    -0.14961195E-012    -0.31595828E-013    -0.15210747E-012
     0.86827573E-001    -0.52078723E-005    -0.24871292E-006    -0.12052937E-013    -0.12534760E-012    -0.13799176E-013    -0.12967471E-012
     0.91168952E-001    -0.51893498E-005    -0.28151787E-006    -0.12371744E-013    -0.13642709E-012    -0.13547036E-013    -0.13844854E-012
     0.95510331E-001    -0.51858388E-005    -0.34167592E-006    -0.11697201E-013    -0.11083722E-012    -0.12557516E-013    -0.11506528E-012
     0.99851709E-001    -0.52098363E-005    -0.41324128E-006     0.29868781E-014    -0.11911071E-012     0.67517876E-015    -0.12151752E-012
     0.10419309E+000    -0.52677164E-005    -0.48672426E-006    -0.88165448E-014    -0.10539115E-012    -0.94262349E-014    -0.10866331E-012
     0.10853447E+000    -0.53531210E-005    -0.54535708E-006     0.11731348E-013    -0.10082621E-012     0.89364084E-014    -0.10387906E-012
     0.11287585E+000    -0.54516918E-005    -0.57550925E-006     0.52452841E-015    -0.10265484E-012    -0.59375461E-015    -0.10473629E-012
     0.11721722E+000    -0.55531419E-005    -0.57504862E-006     0.15049116E-013    -0.85537206E-013     0.12600771E-013    -0.88919872E-013
     0.12155860E+000    -0.56403076E-005    -0.54912670E-006     0.16628881E-013    -0.94839302E-013     0.14550160E-013    -0.96324862E-013
     0.12589998E+000    -0.57016905E-005    -0.51585467E-006     0.21626402E-013    -0.72191350E-013     0.19752812E-013    -0.75467349E-013
     0.13024136E+000    -0.57337688E-005    -0.48736375E-006     0.43918117E-013    -0.69278707E-013     0.40664417E-013    -0.71438009E-013
     0.13458274E+000    -0.57409476E-005    -0.48063455E-006     0.49420141E-013    -0.17248093E-013     0.47208942E-013    -0.21500333E-013
     0.13892412E+000    -0.57428240E-005    -0.50200694E-006    -0.44509244E-013     0.51376609E-013    -0.44959910E-013     0.45082464E-013
     0.14326550E+000    -0.57552191E-005    -0.55561900E-006    -0.77573829E-013    -0.53271303E-013    -0.75868058E-013    -0.55701802E-013
     0.14760687E+000    -0.57959212E-005    -0.63508300E-006    -0.43704854E-013    -0.62165950E-013    -0.43855831E-013    -0.65158241E-013
     0.15194825E+000    -0.58703981E-005    -0.72381099E-006    -0.33667069E-013    -0.78713895E-013    -0.33900854E-013    -0.79942934E-013
     0.15628963E+000    -0.59839535E-005    -0.80080648E-006    -0.28825741E-013    -0.65720142E-013    -0.29027975E-013    -0.68362293E-013
     0.16063101E+000    -0.61273600E-005    -0.85479487E-006    -0.15808395E-013    -0.75544529E-013    -0.17159633E-013    -0.76813025E-013
     0.16497239E+000    -0.62801375E-005    -0.87690365E-006    -0.24612688E-013    -0.68604862E-013    -0.24679401E-013    -0.70428087E-013
     0.16931377E+000    -0.64272379E-005    -0.86607928E-006    -0.92175330E-014    -0.67386282E-013    -0.10869847E-013    -0.69068279E-013
     0.17365515E+000    -0.65481611E-005    -0.83403466E-006    -0.19844330E-013    -0.71627815E-013    -0.20086244E-013    -0.72552935E-013
     0.17799653E+000    -0.66395185E-005    -0.79835288E-006    -0.10357828E-013    -0.59303387E-013    -0.11527451E-013    -0.61382076E-013
     0.18233790E+000    -0.67006568E-005    -0.77700923E-006    -0.12306512E-013    -0.70780030E-013    -0.13081524E-013    -0.71324971E-013
     0.18667928E+000    -0.67471465E-005    -0.78757337E-006    -0.14564535E-013    -0.55197060E-013    -0.14943791E-013    -0.57308278E-013
     0.19102066E+000    -0.68014652E-005    -0.83795673E-006    -0.40103302E-014    -0.64476480E-013    -0.54162001E-014    -0.65374501E-013
     0.19536204E+000    -0.68784075E-005    -0.92841520E-006    -0.16593326E-013    -0.56832046E-013    -0.16494586E-013    -0.58449539E-013
     0.19970342E+000    -0.69970130E-005    -0.10374079E-005     0.11326437E-014    -0.54660686E-013    -0.57174018E-015    -0.56357207E-013
     0.20404480E+000    -0.71687012E-005    -0.11481658E-005    -0.12799167E-013    -0.63195099E-013    -0.12868350E-013    -0.63888285E-013
     0.20838618E+000    -0.73858211E-005    -0.12408200E-005    -0.10955851E-014    -0.44747090E-013    -0.22146962E-014    -0.47155364E-013
     0.21272755E+000    -0.76324531E-005    -0.12958887E-005     0.26347746E-014    -0.71116623E-013     0.16768678E-014    -0.70588845E-013
     0.21706893E+000    -0.78882755E-005    -0.13098731E-005    -0.24267672E-013    -0.49453844E-013    -0.22260821E-013    -0.49709844E-013
     0.22141031E+000    -0.81309769E-005    -0.12866899E-005    -0.54192326E-015    -0.33320658E-013    -0.30057839E-014    -0.34205527E-013
     0.22575169E+000    -0.83443875E-005    -0.12478896E-005    -0.85100714E-015    -0.56462085E-013    -0.30495294E-014    -0.56330378E-013
     0.23009307E+000    -0.85254316E-005    -0.12147717E-005    -0.84469292E-014    -0.50056401E-013    -0.10084720E-013    -0.50658279E-013
     0.23443445E+000    -0.86854968E-005    -0.12118453E-005    -0.50224790E-014    -0.50796396E-013    -0.65034033E-014    -0.51222913E-013
     0.23877583E+000    -0.88474408E-005    -0.12588635E-005    -0.69465451E-014    -0.49070839E-013    -0.83416515E-014    -0.49879513E-013
     0.24311721E+000    -0.90392826E-005    -0.13598677E-005    -0.61730653E-014    -0.48984050E-013    -0.74817409E-014    -0.49473959E-013
     0.24745858E+000    -0.92887301E-005    -0.15043719E-005    -0.70661245E-014    -0.45906779E-013    -0.81900329E-014    -0.46946493E-013
     0.25179996E+000    -0.96170808E-005    -0.16671789E-005    -0.45156545E-014    -0.46569529E-013    -0.60436365E-014    -0.47268857E-013
     0.25614134E+000    -0.10030871E-004    -0.18196258E-005    -0.70070157E-014    -0.44563039E-013    -0.80528598E-014    -0.45522244E-013
     0.26048272E+000    -0.10525187E-004    -0.19354723E-005    -0.27393252E-014    -0.43652907E-013    -0.44924528E-014    -0.44610039E-013
     0.26482410E+000    -0.11073820E-004    -0.19946680E-005    -0.57665197E-014    -0.45153976E-013    -0.69987867E-014    -0.45751299E-013
     0.26916548E+000    -0.11656385E-004    -0.19963627E-005    -0.29454336E-014    -0.41485472E-013    -0.46301320E-014    -0.42527978E-013
     0.27350686E+000    -0.12249271E-004    -0.19554603E-005    -0.37819892E-014    -0.45659083E-013    -0.53129904E-014    -0.45918764E-013
     0.27784824E+000    -0.12846609E-004    -0.19057486E-005    -0.50467417E-014    -0.40874113E-013    -0.63744661E-014    -0.41741883E-013
     0.28218961E+000    -0.13458943E-004    -0.18842512E-005    -0.22905061E-014    -0.44181215E-013    -0.40063104E-014    -0.44422855E-013
     0.28653099E+000    -0.14128007E-004    -0.19296881E-005    -0.70658159E-014    -0.41493505E-013    -0.80413283E-014    -0.42036392E-013
     0.29087237E+000    -0.14912408E-004    -0.20714015E-005    -0.22565586E-014    -0.40740647E-013    -0.39235788E-014    -0.41298767E-013
     0.29521375E+000    -0.15881798E-004    -0.23242620E-005    -0.70001553E-014    -0.42185213E-013    -0.79508568E-014    -0.42455540E-013
     0.29955513E+000    -0.17119935E-004    -0.26847067E-005    -0.36661234E-014    -0.37285975E-013    -0.51082864E-014    -0.38204209E-013
     0.30389651E+000    -0.18692766E-004    -0.31542951E-005    -0.46544066E-014    -0.41811115E-013    -0.59643706E-014    -0.42001495E-013
     0.30823789E+000    -0.20648132E-004    -0.37363799E-005    -0.55754223E-014    -0.36012186E-013    -0.67813645E-014    -0.36975618E-013
     0.31257926E+000    -0.23024000E-004    -0.44556322E-005    -0.18908472E-014    -0.40015827E-013    -0.36669224E-014    -0.40315588E-013
     0.31692064E+000    -0.25827739E-004    -0.54004206E-005    -0.67574749E-014    -0.37443608E-013    -0.78658008E-014    -0.38024749E-013
     0.32126202E+000    -0.29052634E-004    -0.67113852E-005    -0.11097405E-014    -0.37440558E-013    -0.30664511E-014    -0.37919983E-013
     0.32560340E+000    -0.32683103E-004    -0.86076046E-005    -0.64994603E-014    -0.39914964E-013    -0.76973092E-014    -0.39932201E-013
     0.32994478E+000    -0.36705750E-004    -0.11388334E-004    -0.32390225E-014    -0.35322844E-013    -0.49170284E-014    -0.35903160E-013
     0.33428616E+000    -0.41111332E-004    -0.15439136E-004    -0.50720011E-014    -0.40890350E-013    -0.64856789E-014    -0.40576869E-013
     0.33862754E+000    -0.45902005E-004    -0.21243607E-004    -0.69130416E-014    -0.34725808E-013    -0.80569744E-014    -0.35231476E-013
     0.34296892E+000    -0.51097939E-004    -0.29418027E-004    -0.36186290E-014    -0.39041044E-013    -0.52432645E-014    -0.38867711E-013
     0.34731029E+000    -0.56724228E-004    -0.40866056E-004    -0.95331950E-014    -0.35846511E-013    -0.10315153E-013    -0.36095656E-013
     0.35165167E+000    -0.62783256E-004    -0.57084982E-004    -0.34900989E-014    -0.35394894E-013    -0.51847207E-014    -0.35680919E-013
     0.35599305E+000    -0.69065261E-004    -0.81125166E-004    -0.93612861E-014    -0.37821483E-013    -0.10255419E-013    -0.37722643E-013
     0.36033443E+000    -0.73978930E-004    -0.12042171E-003    -0.53795753E-014    -0.32623734E-013    -0.69256635E-014    -0.33253149E-013
     0.36467581E+000    -0.65812969E-004    -0.19671978E-003    -0.69731145E-014    -0.39245822E-013    -0.83706759E-014    -0.38862534E-013
     0.36901719E+000     0.68852772E-004    -0.35405899E-003    -0.86572405E-014    -0.33105545E-013    -0.98713383E-014    -0.33587023E-013
     0.37335857E+000     0.37866641E-003    -0.51259586E-004    -0.45715287E-014    -0.38725637E-013    -0.64369113E-014    -0.38264363E-013
     0.37769994E+000     0.15672845E-003     0.89433860E-004    -0.12078270E-013    -0.36132079E-013    -0.12932937E-013    -0.35960976E-013
     0.38204132E+000     0.72897090E-004     0.67428232E-004    -0.60353160E-014    -0.36710184E-013    -0.78855559E-014    -0.36398997E-013
     0.38638270E+000     0.40727608E-004     0.46500241E-004    -0.14348516E-013    -0.40628136E-013    -0.15025644E-013    -0.39673059E-013
     0.39072408E+000     0.26089795E-004     0.32234803E-004    -0.11317228E-013    -0.34931696E-013    -0.12540656E-013    -0.34833656E-013
     0.39506546E+000     0.19019854E-004     0.22675122E-004    -0.14945390E-013    -0.43339336E-013    -0.15732984E-013    -0.41947987E-013
     0.39940684E+000     0.15691180E-004     0.16257349E-004    -0.19123493E-013    -0.35590471E-013    -0.19391861E-013    -0.35444684E-013
     0.40374822E+000     0.14295773E-004     0.11947890E-004    -0.15617345E-013    -0.43236263E-013    -0.16655811E-013    -0.41958500E-013
     0.40808960E+000     0.13842460E-004     0.90593956E-005    -0.26960332E-013    -0.40785284E-013    -0.26424360E-013    -0.39990553E-013
     0.41243097E+000     0.13753214E-004     0.71188075E-005    -0.19941959E-013    -0.42671789E-013    -0.20912303E-013    -0.41765432E-013
     0.41677235E+000     0.13696570E-004     0.58156748E-005    -0.34061860E-013    -0.52200613E-013    -0.33152066E-013    -0.49929718E-013
     0.42111373E+000     0.13495056E-004     0.49441982E-005    -0.33540048E-013    -0.48623413E-013    -0.33352413E-013    -0.47490690E-013
     0.42545511E+000     0.13096589E-004     0.43791572E-005    -0.44904710E-013    -0.75189558E-013    -0.43792356E-013    -0.70250562E-013
     0.42979649E+000     0.12517797E-004     0.40424390E-005    -0.68091256E-013    -0.83572622E-013    -0.64220003E-013    -0.79206104E-013
     0.43413787E+000     0.11824325E-004     0.38796517E-005    -0.68814104E-013    -0.15889383E-012    -0.67336636E-013    -0.14638318E-012
     0.43847925E+000     0.11095878E-004     0.38484530E-005    -0.35459827E-014    -0.35154954E-012    -0.49034827E-014    -0.31937498E-012
     0.44282062E+000     0.10400073E-004     0.39003776E-005     0.23237617E-012    -0.10848586E-012     0.20974951E-012    -0.10270988E-012
     0.44716200E+000     0.97888403E-005     0.39807311E-005     0.15496179E-012    -0.21730749E-013     0.13614152E-012    -0.22545238E-013
     0.45150338E+000     0.92863081E-005     0.40420204E-005     0.95434014E-013    -0.14117686E-013     0.83886423E-013    -0.14476849E-013
     0.45584476E+000     0.88879238E-005     0.40520489E-005     0.75102541E-013    -0.94288546E-014     0.64535131E-013    -0.11470396E-013
     0.46018614E+000     0.85595267E-005     0.39857563E-005     0.59217330E-013    -0.13286464E-013     0.49882949E-013    -0.13704694E-013
     0.46452752E+000     0.82681999E-005     0.38446485E-005     0.50165649E-013    -0.12512429E-013     0.41911370E-013    -0.13784204E-013
     0.46886890E+000     0.79735262E-005     0.36456940E-005     0.42961163E-013    -0.13549448E-013     0.34347228E-013    -0.14158395E-013
     0.47321028E+000     0.76522037E-005     0.34159034E-005     0.39852659E-013    -0.12928434E-013     0.31979007E-013    -0.13541244E-013
     0.47755165E+000     0.73030094E-005     0.31948028E-005     0.35131972E-013    -0.14423272E-013     0.26630854E-013    -0.15031784E-013
     0.48189303E+000     0.69310568E-005     0.30150651E-005     0.34494609E-013    -0.11935552E-013     0.26088166E-013    -0.12073780E-013
     0.48623441E+000     0.65605977E-005     0.28965584E-005     0.32799392E-013    -0.15779984E-013     0.23866454E-013    -0.16102006E-013
     0.49057579E+000     0.62197119E-005     0.28416424E-005     0.30404753E-013    -0.12257401E-013     0.20869578E-013    -0.12054170E-013
     0.49491717E+000     0.59355798E-005     0.28451999E-005     0.32977113E-013    -0.16496223E-013     0.22840897E-013    -0.16390451E-013
     0.49925855E+000     0.57202217E-005     0.28787779E-005     0.26619530E-013    -0.15397712E-013     0.15017598E-013    -0.15042774E-013
     0.50359993E+000     0.55900425E-005     0.29302213E-005     0.31895507E-013    -0.15640072E-013     0.18882938E-013    -0.15225579E-013
     0.50794130E+000     0.55353484E-005     0.30048708E-005     0.23363353E-013    -0.21025115E-013     0.70279370E-014    -0.21210056E-013
     0.51228268E+000     0.55312144E-005     0.31652636E-005     0.24492745E-013    -0.14252225E-013     0.29534687E-014    -0.15066649E-013
     0.51662406E+000     0.52646526E-005     0.37511487E-005     0.18944396E-013    -0.31981949E-013    -0.13274268E-013    -0.40796490E-013
     0.52096544E+000     0.38516624E-005     0.30947045E-005     0.54455115E-014    -0.50501927E-013    -0.31799066E-013    -0.99462666E-013
     0.52530682E+000     0.41431112E-005     0.22944303E-005     0.54312335E-013    -0.38797900E-013     0.70320112E-013    -0.73249269E-013
     0.52964820E+000     0.42176345E-005     0.21055791E-005     0.52068178E-013    -0.32328650E-013     0.66452216E-013    -0.48324481E-013
     0.53398958E+000     0.41426494E-005     0.20043950E-005     0.56905886E-013    -0.26059910E-013     0.64226344E-013    -0.35314305E-013
     0.53833096E+000     0.40111581E-005     0.19519320E-005     0.58922351E-013    -0.31675191E-013     0.64602422E-013    -0.37361703E-013
     0.54267233E+000     0.38730999E-005     0.19422829E-005     0.76973612E-013    -0.21425287E-013     0.78628599E-013    -0.27321996E-013
     0.54701371E+000     0.37500419E-005     0.19574788E-005     0.12403454E-012    -0.24031262E-013     0.12162390E-012    -0.27265864E-013
     0.55135509E+000     0.36607902E-005     0.19823274E-005     0.76651260E-013     0.81949193E-013     0.76882946E-013     0.72538181E-013
     0.55569647E+000     0.36043037E-005     0.19969626E-005     0.16895972E-013     0.57717831E-013     0.18921530E-013     0.50008751E-013
     0.56003785E+000     0.35716135E-005     0.19890305E-005     0.25025530E-013     0.18261177E-013     0.26318266E-013     0.13311851E-013
     0.56437923E+000     0.35465083E-005     0.19485425E-005     0.23008504E-013     0.11206001E-013     0.23588750E-013     0.68506803E-014
     0.56872061E+000     0.35115435E-005     0.18798354E-005     0.33849728E-013     0.68885488E-014     0.33749616E-013     0.31841103E-014
     0.57306198E+000     0.34554921E-005     0.17918825E-005     0.36820097E-013     0.35099803E-014     0.35877327E-013    -0.26138702E-015
     0.57740336E+000     0.33734729E-005     0.17027134E-005     0.45953909E-013     0.62163142E-014     0.44154235E-013     0.27889572E-014
     0.58174474E+000     0.32656759E-005     0.16287574E-005     0.56996227E-013     0.92854233E-014     0.54141146E-013     0.50821382E-014
     0.58608612E+000     0.31438928E-005     0.15797641E-005     0.76501086E-013     0.22788946E-013     0.71403791E-013     0.17838892E-013
     0.59042750E+000     0.30213776E-005     0.15613785E-005     0.10840010E-012     0.69783480E-013     0.10076525E-012     0.60368559E-013
     0.59476888E+000     0.29133250E-005     0.15676714E-005     0.98802935E-014     0.21434852E-012     0.10454337E-013     0.19191796E-012
     0.59911026E+000     0.28333175E-005     0.15874389E-005    -0.95314202E-013     0.63005068E-013    -0.84862450E-013     0.54515519E-013
     0.60345164E+000     0.27844114E-005     0.16105370E-005    -0.55490343E-013     0.16381103E-013    -0.49118671E-013     0.11707971E-013
     0.60779301E+000     0.27592015E-005     0.16213689E-005    -0.33801007E-013     0.25564236E-014    -0.29363442E-013    -0.24804846E-015
     0.61213439E+000     0.27490862E-005     0.16094699E-005    -0.22129754E-013     0.86175089E-015    -0.18707613E-013    -0.23064379E-014
     0.61647577E+000     0.27396253E-005     0.15720890E-005    -0.12034259E-013    -0.30439791E-014    -0.99723719E-014    -0.53064110E-014
     0.62081715E+000     0.27185394E-005     0.15154385E-005    -0.96578355E-014    -0.24505451E-014    -0.72715696E-014    -0.49692630E-014
     0.62515853E+000     0.26743409E-005     0.14464096E-005    -0.15714361E-014    -0.21768386E-014    -0.58364384E-015    -0.46602034E-014
     0.62949991E+000     0.26130192E-005     0.13782007E-005    -0.20172572E-014    -0.38589770E-014    -0.33920742E-015    -0.58350523E-014
     0.63384129E+000     0.25471643E-005     0.13293333E-005     0.37133809E-014     0.10193029E-014     0.44776132E-014    -0.19567925E-014
     0.63818266E+000     0.24487142E-005     0.13329017E-005     0.54904588E-014    -0.32396718E-014     0.63197287E-014    -0.50834522E-014
     0.64252404E+000     0.23477266E-005     0.13277884E-005     0.62750310E-014     0.40406116E-014     0.73149613E-014     0.69191624E-015
     0.64686542E+000     0.22731238E-005     0.13418667E-005     0.13249279E-013     0.58501887E-015     0.13158294E-013    -0.18464896E-014
     0.65120680E+000     0.22151109E-005     0.13653172E-005     0.81678881E-014     0.53150648E-014     0.94983771E-014     0.19851485E-014
     0.65554818E+000     0.21801019E-005     0.13615528E-005     0.18343123E-013     0.81297137E-014     0.17788576E-013     0.44034578E-014
     0.65988956E+000     0.21971042E-005     0.13618727E-005     0.99729368E-014     0.56024911E-014     0.11336073E-013     0.26081350E-014
     0.66423094E+000     0.22029700E-005     0.13527371E-005     0.13444411E-013     0.17051282E-013     0.14016194E-013     0.11896938E-013
     0.66857232E+000     0.22025565E-005     0.13207426E-005     0.11579072E-014    -0.17365420E-014     0.35436542E-014    -0.35010708E-014
     0.67291369E+000     0.21882002E-005     0.12791924E-005     0.18227850E-013    -0.33617567E-013     0.19913940E-013    -0.33023493E-013
     0.67725507E+000     0.21372562E-005     0.12328778E-005     0.98292977E-013     0.90168141E-014     0.91041108E-013     0.57345155E-014
     0.68159645E+000     0.20795052E-005     0.11757569E-005     0.32343939E-013     0.77720378E-013     0.36470281E-013     0.66102512E-013
     0.68593783E+000     0.20145425E-005     0.11406171E-005    -0.46059876E-013     0.52835350E-013    -0.29849052E-013     0.48266618E-013
     0.69027921E+000     0.19467710E-005     0.11297800E-005     0.11567711E-012    -0.24412754E-013     0.11884610E-012    -0.10777637E-013
     0.69462059E+000     0.18849206E-005     0.11376555E-005     0.15435737E-012     0.25217958E-012     0.15513629E-012     0.24495162E-012
     0.69896197E+000     0.18379588E-005     0.11571701E-005    -0.18757466E-012     0.24515090E-012    -0.19050230E-012     0.23815992E-012
     0.70330335E+000     0.18116789E-005     0.11783683E-005    -0.16754567E-012     0.84154581E-014    -0.16434301E-012     0.16644092E-013
     0.70764472E+000     0.18035004E-005     0.11935625E-005    -0.11985492E-012     0.12139890E-014    -0.11646358E-012     0.16589128E-014
     0.71198610E+000     0.18074648E-005     0.11931397E-005    -0.70680534E-013    -0.25675751E-013    -0.72960714E-013    -0.21445143E-013
     0.71632748E+000     0.18122977E-005     0.11749274E-005    -0.68920770E-013    -0.25515296E-013    -0.67705029E-013    -0.22546063E-013
     0.72066886E+000     0.18106782E-005     0.11405065E-005    -0.40998515E-013    -0.23571366E-013    -0.44548315E-013    -0.21885063E-013
     0.72501024E+000     0.17933639E-005     0.10985641E-005    -0.40197742E-013    -0.32755036E-013    -0.42496479E-013    -0.28841215E-013
     0.72935162E+000     0.17580582E-005     0.10556316E-005    -0.27753316E-013    -0.23556850E-013    -0.32456234E-013    -0.22508379E-013
     0.73369300E+000     0.17071771E-005     0.10226068E-005    -0.19291426E-013    -0.32890676E-013    -0.26354448E-013    -0.28896175E-013
     0.73803437E+000     0.16433836E-005     0.10045431E-005    -0.13784892E-013    -0.25916873E-013    -0.21981631E-013    -0.24046272E-013
     0.74237575E+000     0.15779801E-005     0.10007459E-005     0.44560174E-014    -0.28086087E-013    -0.11592036E-013    -0.25719405E-013
     0.74671713E+000     0.15104443E-005     0.99813838E-006     0.24828923E-013    -0.11144864E-013     0.14148813E-014    -0.13870786E-013
     0.75105851E+000     0.14885906E-005     0.94470121E-006     0.18431479E-013     0.55611776E-013     0.17577104E-014     0.17911606E-013
     0.75539989E+000     0.15543020E-005     0.99583739E-006    -0.49292462E-013     0.28031651E-013    -0.39557970E-013     0.39467691E-014
     0.75974127E+000     0.15504969E-005     0.10353000E-005    -0.43164312E-013     0.90446689E-014    -0.32455387E-013    -0.21411320E-014
     0.76408265E+000     0.15522260E-005     0.10382136E-005    -0.36023533E-013    -0.85153495E-014    -0.27816186E-013    -0.15066998E-013
     0.76842403E+000     0.15560873E-005     0.10216424E-005    -0.34524782E-013    -0.70058175E-014    -0.27664952E-013    -0.11596909E-013
     0.77276540E+000     0.15501529E-005     0.99237941E-006    -0.25457514E-013    -0.12917240E-013    -0.20010885E-013    -0.16288517E-013
     0.77710678E+000     0.15298212E-005     0.95495194E-006    -0.28440467E-013    -0.13996894E-013    -0.23424052E-013    -0.16685838E-013
     0.78144816E+000     0.14937540E-005     0.92004975E-006    -0.21259523E-013    -0.13266830E-013    -0.17226258E-013    -0.15690706E-013
     0.78578954E+000     0.14492808E-005     0.89002397E-006    -0.23101738E-013    -0.17673917E-013    -0.19325296E-013    -0.19491868E-013
     0.79013092E+000     0.14037823E-005     0.87942681E-006    -0.20303350E-013    -0.13578997E-013    -0.17069137E-013    -0.15545730E-013
     0.79447230E+000     0.13549300E-005     0.87698721E-006    -0.18484230E-013    -0.18203905E-013    -0.15687216E-013    -0.19598648E-013
     0.79881368E+000     0.13512532E-005     0.88244132E-006    -0.19724957E-013    -0.14647961E-013    -0.17039014E-013    -0.16182061E-013
     0.80315505E+000     0.13340729E-005     0.92370816E-006    -0.15052838E-013    -0.16557744E-013    -0.12954887E-013    -0.17760158E-013
     0.80749643E+000     0.13289688E-005     0.94290815E-006    -0.17660317E-013    -0.16094516E-013    -0.15464765E-013    -0.17184436E-013
     0.81183781E+000     0.13333959E-005     0.95139732E-006    -0.12921286E-013    -0.14625231E-013    -0.11235242E-013    -0.15693079E-013
     0.81617919E+000     0.13437775E-005     0.94395930E-006    -0.13970235E-013    -0.17134972E-013    -0.12260410E-013    -0.17860377E-013
     0.82052057E+000     0.13514310E-005     0.92377211E-006    -0.11632193E-013    -0.13889265E-013    -0.10180533E-013    -0.14736382E-013
     0.82486195E+000     0.13480492E-005     0.90610004E-006    -0.98374315E-014    -0.16978402E-013    -0.85553053E-014    -0.17421965E-013
     0.82920333E+000     0.13091559E-005     0.87119142E-006    -0.10321217E-013    -0.14007580E-013    -0.90797619E-014    -0.14422071E-013
     0.83354471E+000     0.12798986E-005     0.83465093E-006    -0.66129190E-014    -0.14079696E-013    -0.56463109E-014    -0.13993055E-013
     0.83788608E+000     0.12433832E-005     0.81729592E-006    -0.98775101E-014    -0.95871294E-014    -0.92126758E-014    -0.87289694E-014
     0.84222746E+000     0.12043496E-005     0.81414981E-006    -0.21326702E-013    -0.65557939E-014    -0.23600668E-013    -0.51235616E-014
     0.84656884E+000     0.11721309E-005     0.82497091E-006    -0.20218018E-013    -0.24023737E-013    -0.22242883E-013    -0.25169647E-013
     0.85091022E+000     0.11479196E-005     0.84340349E-006    -0.13285646E-013    -0.23707967E-013    -0.14995920E-013    -0.25293692E-013
     0.85525160E+000     0.11401995E-005     0.85957446E-006    -0.94203097E-014    -0.25920805E-013    -0.11276927E-013    -0.27416593E-013
     0.85959298E+000     0.11467001E-005     0.87473734E-006    -0.69356660E-014    -0.24934493E-013    -0.95127817E-014    -0.26708336E-013
     0.86393436E+000     0.11453873E-005     0.88571909E-006    -0.17357515E-014    -0.26940522E-013    -0.54726236E-014    -0.29193520E-013
     0.86827573E+000     0.11428044E-005     0.85283084E-006     0.34730221E-014    -0.27491492E-013    -0.30739190E-014    -0.32035849E-013
     0.87261711E+000     0.11585728E-005     0.82493970E-006     0.12986076E-013    -0.27150661E-013     0.50243121E-014    -0.40548792E-013
     0.87695849E+000     0.11541131E-005     0.79590686E-006     0.19018783E-013    -0.34379671E-013     0.28901055E-013    -0.47206012E-013
     0.88129987E+000     0.11352578E-005     0.76747756E-006     0.77434313E-013    -0.13642339E-013     0.85274914E-013    -0.18600364E-013
     0.88564125E+000     0.11082610E-005     0.74674031E-006     0.16992281E-013     0.57040030E-013     0.22437064E-013     0.55631782E-013
     0.88998263E+000     0.10722533E-005     0.73697861E-006    -0.16090288E-013     0.30908332E-013    -0.11826343E-013     0.28986297E-013
     0.89432401E+000     0.10403524E-005     0.73786102E-006    -0.15203659E-013     0.12295460E-013    -0.12276601E-013     0.11109908E-013
     0.89866539E+000     0.10163391E-005     0.74859192E-006    -0.18656958E-013     0.49889569E-014    -0.15557477E-013     0.38886339E-014
     0.90300676E+000     0.10047488E-005     0.76468393E-006    -0.14495910E-013     0.16627327E-014    -0.12266924E-013     0.52759757E-015
     0.90734814E+000     0.10046127E-005     0.78021811E-006    -0.16148360E-013    -0.36255868E-014    -0.13772211E-013    -0.42853048E-014
     0.91168952E+000     0.10129417E-005     0.78774371E-006    -0.14560637E-013    -0.24160980E-014    -0.12506443E-013    -0.34661545E-014
     0.91603090E+000     0.10254649E-005     0.78453171E-006    -0.13465058E-013    -0.67603764E-014    -0.11600719E-013    -0.73196690E-014
     0.92037228E+000     0.10335966E-005     0.76859898E-006    -0.14528380E-013    -0.52021238E-014    -0.12542505E-013    -0.61032905E-014
     0.92471366E+000     0.10339347E-005     0.74320805E-006    -0.11231930E-013    -0.73702505E-014    -0.97083468E-014    -0.80620800E-014
     0.92905504E+000     0.10239618E-005     0.71309744E-006    -0.13363550E-013    -0.78660041E-014    -0.11566206E-013    -0.85918914E-014
     0.93339641E+000     0.10048074E-005     0.68066416E-006    -0.99413020E-014    -0.74169230E-014    -0.86083337E-014    -0.82754290E-014
     0.93773779E+000     0.98612119E-006     0.64998920E-006    -0.11064913E-013    -0.10242839E-013    -0.96052435E-014    -0.10826507E-013
     0.94207917E+000     0.10087810E-005     0.65581320E-006    -0.96077686E-014    -0.82356587E-014    -0.83619749E-014    -0.91216393E-014
     0.94642055E+000     0.96002721E-006     0.71288160E-006    -0.84459841E-014    -0.11762053E-013    -0.73505414E-014    -0.12281902E-013
     0.95076193E+000     0.91932289E-006     0.72449120E-006    -0.95347869E-014    -0.10176400E-013    -0.83447396E-014    -0.10916495E-013
     0.95510331E+000     0.90573010E-006     0.73505632E-006    -0.63568391E-014    -0.12177120E-013    -0.55007510E-014    -0.12719997E-013
     0.95944469E+000     0.90650930E-006     0.74414418E-006    -0.85789883E-014    -0.12705709E-013    -0.74694581E-014    -0.13238830E-013
     0.96378607E+000     0.91578099E-006     0.74492926E-006    -0.49391007E-014    -0.12062990E-013    -0.41081848E-014    -0.12628259E-013
     0.96812744E+000     0.92822024E-006     0.73704200E-006    -0.56390775E-014    -0.15095778E-013    -0.47121769E-014    -0.15407867E-013
     0.97246882E+000     0.93478750E-006     0.72037462E-006    -0.31767395E-014    -0.12712114E-013    -0.24134941E-014    -0.13270213E-013
     0.97681020E+000     0.93360058E-006     0.69707794E-006    -0.22808149E-016    -0.17053986E-013     0.61422034E-015    -0.17351213E-013
     0.98115158E+000     0.92157750E-006     0.67445397E-006     0.94838710E-015    -0.15702935E-013     0.15901481E-014    -0.16183831E-013
     0.98549296E+000     0.89956440E-006     0.65587726E-006     0.93684650E-014    -0.19330840E-013     0.96604344E-014    -0.19656927E-013
     0.98983434E+000     0.87202336E-006     0.64596334E-006     0.12154479E-013    -0.22515839E-013     0.12402285E-013    -0.22819746E-013
     0.99417572E+000     0.84451683E-006     0.64638958E-006     0.29137369E-013    -0.23143130E-013     0.28860811E-013    -0.23381982E-013
     0.99851709E+000     0.82289764E-006     0.65592055E-006     0.52072661E-013    -0.31393309E-013     0.51245829E-013    -0.31570797E-013
     0.10028585E+001     0.80878093E-006     0.67021783E-006     0.11268324E-012     0.59633948E-014     0.11004277E-012     0.51730792E-014
     0.10071999E+001     0.80720231E-006     0.68213491E-006     0.70404449E-013     0.17838397E-012     0.69481549E-013     0.17386548E-012
     0.10115412E+001     0.81544196E-006     0.68967337E-006    -0.54033100E-013     0.93174961E-013    -0.52272920E-013     0.89842542E-013
     0.10158826E+001     0.82864424E-006     0.69009685E-006    -0.57932161E-013     0.53166812E-013    -0.56667806E-013     0.51378424E-013
     0.10202240E+001     0.84115326E-006     0.68309697E-006    -0.50495019E-013     0.33621816E-013    -0.48850650E-013     0.32194752E-013
     0.10245654E+001     0.84224449E-006     0.66606620E-006    -0.49268925E-013     0.24907678E-013    -0.48223348E-013     0.23538884E-013
     0.10289067E+001     0.83761569E-006     0.64266724E-006    -0.46348428E-013     0.20659688E-013    -0.45072071E-013     0.19771181E-013
     0.10332481E+001     0.82445837E-006     0.62191474E-006    -0.46109392E-013     0.17273561E-013    -0.45044021E-013     0.16015703E-013
     0.10375895E+001     0.80229635E-006     0.60743504E-006    -0.46081352E-013     0.15920132E-013    -0.45170116E-013     0.15182228E-013
     0.10419309E+001     0.77829874E-006     0.60093387E-006    -0.47290958E-013     0.14587952E-013    -0.46153597E-013     0.13514551E-013
     0.10462723E+001     0.75541961E-006     0.60639804E-006    -0.49367228E-013     0.13932072E-013    -0.48721585E-013     0.13119725E-013
     0.10506136E+001     0.73965574E-006     0.61743381E-006    -0.53482571E-013     0.13343320E-013    -0.52356636E-013     0.12567689E-013
     0.10549550E+001     0.73284149E-006     0.63142989E-006    -0.59076435E-013     0.13531876E-013    -0.58471181E-013     0.12533394E-013
     0.10592964E+001     0.73592396E-006     0.64494458E-006    -0.68671571E-013     0.13054647E-013    -0.67716714E-013     0.12573905E-013
     0.10636378E+001     0.74462504E-006     0.65111652E-006    -0.83422139E-013     0.14144838E-013    -0.82559902E-013     0.12976418E-013
     0.10679792E+001     0.75592024E-006     0.64851022E-006    -0.10825712E-012     0.11676628E-013    -0.10768213E-012     0.11288667E-013
     0.10723205E+001     0.76272720E-006     0.63633949E-006    -0.15943385E-012     0.92203170E-015    -0.15790850E-012    -0.13415126E-015
     0.10766619E+001     0.76553073E-006     0.61392915E-006    -0.25976093E-012    -0.90226075E-013    -0.25974581E-012    -0.91429732E-013
     0.10810033E+001     0.76133561E-006     0.59393265E-006    -0.51874606E-013    -0.36785419E-012    -0.51661296E-013    -0.36684877E-012
     0.10853447E+001     0.74768814E-006     0.57812755E-006     0.98552085E-013    -0.16104016E-012     0.99758195E-013    -0.16157387E-012
     0.10896860E+001     0.72517146E-006     0.56942002E-006     0.76022579E-013    -0.81126190E-013     0.76145614E-013    -0.82070793E-013
     0.10940274E+001     0.70429067E-006     0.56644573E-006     0.55602611E-013    -0.52221375E-013     0.56070460E-013    -0.52698161E-013
     0.10983688E+001     0.68709841E-006     0.57506104E-006     0.43335698E-013    -0.37143075E-013     0.43697050E-013    -0.38064311E-013
     0.11027102E+001     0.67655049E-006     0.59109011E-006     0.35432209E-013    -0.29372043E-013     0.35627830E-013    -0.29979288E-013
     0.11070516E+001     0.67462655E-006     0.60597029E-006     0.29806478E-013    -0.24193740E-013     0.30150491E-013    -0.24935639E-013
     0.11113929E+001     0.68192437E-006     0.62220106E-006     0.25957760E-013    -0.21154618E-013     0.26090569E-013    -0.21820505E-013
     0.11157343E+001     0.69138882E-006     0.63539841E-006     0.22753253E-013    -0.19108577E-013     0.23025736E-013    -0.19716043E-013
     0.11200757E+001     0.68409497E-006     0.64855725E-006     0.20157285E-013    -0.17780448E-013     0.20326978E-013    -0.18455194E-013
     0.11244171E+001     0.65711174E-006     0.59846095E-006     0.17823599E-013    -0.16680150E-013     0.18034102E-013    -0.17259024E-013
     0.11287585E+001     0.67908625E-006     0.56658457E-006     0.15818957E-013    -0.15862485E-013     0.16024044E-013    -0.16544268E-013
     0.11330998E+001     0.67829794E-006     0.54767447E-006     0.13921564E-013    -0.14854862E-013     0.14070971E-013    -0.15493047E-013
     0.11374412E+001     0.66545242E-006     0.53627620E-006     0.12591964E-013    -0.13963841E-013     0.12761853E-013    -0.14667563E-013
     0.11417826E+001     0.64687704E-006     0.52866077E-006     0.11231707E-013    -0.13004351E-013     0.11296780E-013    -0.13724667E-013
     0.11461240E+001     0.62730293E-006     0.53330041E-006     0.10613071E-013    -0.11965890E-013     0.10669655E-013    -0.12688347E-013
     0.11504653E+001     0.61126466E-006     0.53900041E-006     0.99485488E-014    -0.11342220E-013     0.99073446E-014    -0.12106475E-013
     0.11548067E+001     0.60716660E-006     0.55024854E-006     0.97335604E-014    -0.10422413E-013     0.96421087E-014    -0.11143163E-013
     0.11591481E+001     0.61048098E-006     0.56326221E-006     0.96756536E-014    -0.10245271E-013     0.95298753E-014    -0.11001261E-013
     0.11634895E+001     0.61921424E-006     0.57188702E-006     0.94193314E-014    -0.97191854E-014     0.91937488E-014    -0.10433546E-013
     0.11678309E+001     0.63003514E-006     0.57151369E-006     0.96354553E-014    -0.97082656E-014     0.93983052E-014    -0.10440874E-013
     0.11721722E+001     0.64090404E-006     0.56331479E-006     0.91637364E-014    -0.95967889E-014     0.88310355E-014    -0.10338680E-013
     0.11765136E+001     0.64553245E-006     0.54862997E-006     0.93261797E-014    -0.93047539E-014     0.89795908E-014    -0.10048299E-013
     0.11808550E+001     0.64421638E-006     0.53203770E-006     0.89295436E-014    -0.93532730E-014     0.84777311E-014    -0.10180932E-013
     0.11851964E+001     0.63341396E-006     0.51764770E-006     0.89700646E-014    -0.85828308E-014     0.84278873E-014    -0.94015771E-014
     0.11895378E+001     0.61643098E-006     0.50758478E-006     0.92072810E-014    -0.84402761E-014     0.85528392E-014    -0.93967913E-014
     0.11938791E+001     0.59708121E-006     0.50531048E-006     0.94777678E-014    -0.73823126E-014     0.85568804E-014    -0.83614587E-014
     0.11982205E+001     0.57756363E-006     0.51167553E-006     0.11005477E-013    -0.65377493E-014     0.99185508E-014    -0.76830312E-014
     0.12025619E+001     0.56613500E-006     0.52026355E-006     0.12509647E-013    -0.35702196E-014     0.10847808E-013    -0.53313978E-014
     0.12069033E+001     0.56132391E-006     0.53319660E-006     0.87557583E-014     0.39497761E-016     0.78717680E-014    -0.21299743E-014
     0.12112446E+001     0.56377501E-006     0.54183851E-006     0.81826820E-014    -0.33179625E-014     0.74309724E-014    -0.49702066E-014
     0.12155860E+001     0.57449090E-006     0.54470887E-006     0.10063349E-013    -0.30191695E-014     0.88805263E-014    -0.46304530E-014
     0.12199274E+001     0.58648657E-006     0.54157943E-006     0.11878323E-013    -0.33902700E-014     0.10366556E-013    -0.50992591E-014
     0.12242688E+001     0.59481507E-006     0.53098864E-006     0.13096824E-013    -0.18330825E-014     0.11129764E-013    -0.37695187E-014
     0.12286102E+001     0.59725034E-006     0.51581844E-006     0.16129472E-013    -0.56845773E-015     0.13701953E-013    -0.29010036E-014
     0.12329515E+001     0.59280304E-006     0.49896727E-006     0.18010137E-013     0.21969213E-014     0.14742206E-013    -0.83032007E-015
     0.12372929E+001     0.58059463E-006     0.48655086E-006     0.23635503E-013     0.82520263E-014     0.19389562E-013     0.41459828E-014
     0.12416343E+001     0.56317700E-006     0.47854910E-006     0.30027168E-013     0.18011619E-013     0.24017588E-013     0.11109416E-013
     0.12459757E+001     0.54602730E-006     0.47876349E-006     0.36677654E-013     0.52195177E-013     0.28816462E-013     0.38555120E-013
     0.12503171E+001     0.53209760E-006     0.48515357E-006    -0.33124380E-013     0.11413659E-012    -0.23480553E-013     0.86211510E-013
     0.12546584E+001     0.52480232E-006     0.49769136E-006    -0.79306836E-013     0.11746947E-013    -0.60238351E-013     0.61730381E-014
     0.12589998E+001     0.52334268E-006     0.50960348E-006    -0.48150746E-013    -0.96966874E-014    -0.36675728E-013    -0.92254648E-014
     0.12633412E+001     0.52904030E-006     0.51679865E-006    -0.31323894E-013    -0.13475932E-013    -0.22941921E-013    -0.12394300E-013
     0.12676826E+001     0.53993584E-006     0.51786481E-006    -0.24093676E-013    -0.13796658E-013    -0.17844490E-013    -0.12687197E-013
     0.12720240E+001     0.55132019E-006     0.51317652E-006    -0.18444666E-013    -0.13151808E-013    -0.13083115E-013    -0.11917474E-013
     0.12763653E+001     0.55689281E-006     0.50244780E-006    -0.15426581E-013    -0.13449819E-013    -0.10858319E-013    -0.12473717E-013
     0.12807067E+001     0.55525873E-006     0.48618572E-006    -0.13173714E-013    -0.12782396E-013    -0.91031132E-014    -0.11664921E-013
     0.12850481E+001     0.54938911E-006     0.47089489E-006    -0.11426881E-013    -0.12945851E-013    -0.76169693E-014    -0.12024046E-013
     0.12893895E+001     0.53548092E-006     0.46072651E-006    -0.10553973E-013    -0.12513837E-013    -0.71365911E-014    -0.11542809E-013
     0.12937308E+001     0.51783806E-006     0.45594040E-006    -0.93963918E-014    -0.12275831E-013    -0.60340758E-014    -0.11352946E-013
     0.12980722E+001     0.50289685E-006     0.45829836E-006    -0.88869418E-014    -0.12004220E-013    -0.58136987E-014    -0.11143829E-013
     0.13024136E+001     0.49137909E-006     0.46761374E-006    -0.80126439E-014    -0.11502838E-013    -0.49795651E-014    -0.10556992E-013
     0.13067550E+001     0.48602237E-006     0.47755083E-006    -0.73524747E-014    -0.11368130E-013    -0.44658174E-014    -0.10522216E-013
     0.13110964E+001     0.48938048E-006     0.48775494E-006    -0.65909558E-014    -0.10951536E-013    -0.38040287E-014    -0.99607429E-014
     0.13154377E+001     0.49745591E-006     0.49274894E-006    -0.56569981E-014    -0.10978798E-013    -0.28847564E-014    -0.10024733E-013
     0.13197791E+001     0.50853960E-006     0.49276299E-006    -0.48559537E-014    -0.10919307E-013    -0.22333952E-014    -0.98372545E-014
     0.13241205E+001     0.51861064E-006     0.48575283E-006    -0.35155233E-014    -0.11070703E-013    -0.88058819E-015    -0.99046055E-014
     0.13284619E+001     0.52150771E-006     0.47290924E-006    -0.17837080E-014    -0.11246617E-013     0.59195663E-015    -0.10017530E-013
     0.13328033E+001     0.52078443E-006     0.45869936E-006     0.23359183E-014    -0.91364302E-014     0.42819235E-014    -0.80511546E-014
     0.13371446E+001     0.50974139E-006     0.44771589E-006    -0.17919043E-014    -0.25182002E-015     0.92750002E-015    -0.50745655E-015
     0.13414860E+001     0.49433091E-006     0.43828919E-006    -0.69463285E-014    -0.44998617E-014    -0.32713238E-014    -0.38593832E-014
     0.13458274E+001     0.47920340E-006     0.43674751E-006    -0.67221909E-014    -0.65630260E-014    -0.27981977E-014    -0.54337516E-014
     0.13501688E+001     0.46341835E-006     0.44239364E-006    -0.63719152E-014    -0.72038356E-014    -0.22400706E-014    -0.56052230E-014
     0.13545101E+001     0.45131963E-006     0.44778064E-006    -0.57630368E-014    -0.73365350E-014    -0.12079937E-014    -0.52338265E-014
     0.13588515E+001     0.45540980E-006     0.45357097E-006    -0.54065737E-014    -0.73469064E-014    -0.31481492E-015    -0.44890820E-014
     0.13631929E+001     0.46431266E-006     0.46540698E-006    -0.47205350E-014    -0.68043677E-014     0.12786347E-014    -0.26640848E-014
     0.13675343E+001     0.47327311E-006     0.47202061E-006    -0.40082476E-014    -0.64706921E-014     0.32851398E-014     0.32720549E-015
     0.13718757E+001     0.48310487E-006     0.46986334E-006    -0.39633778E-014    -0.41142495E-014     0.42941272E-014     0.96969336E-014
     0.13762170E+001     0.49036477E-006     0.46248820E-006    -0.78034193E-014    -0.67115717E-015    -0.16994415E-013     0.24784874E-013
     0.13805584E+001     0.48981924E-006     0.45269245E-006    -0.98684697E-014    -0.80657769E-014    -0.26464421E-013    -0.46544563E-014
     0.13848998E+001     0.48109836E-006     0.43446278E-006    -0.83193801E-014    -0.89166191E-014    -0.17369193E-013    -0.10285063E-013
     0.13892412E+001     0.47253585E-006     0.42172328E-006    -0.68096939E-014    -0.89881652E-014    -0.12687633E-013    -0.10818071E-013
     0.13935826E+001     0.45895192E-006     0.41521220E-006    -0.66276343E-014    -0.91336235E-014    -0.10629337E-013    -0.10761758E-013
     0.13979239E+001     0.44526342E-006     0.41711290E-006    -0.61645673E-014    -0.86838666E-014    -0.91814418E-014    -0.10298060E-013
     0.14022653E+001     0.43367013E-006     0.42284189E-006    -0.58927899E-014    -0.87938525E-014    -0.82437560E-014    -0.10138012E-013
     0.14066067E+001     0.42936062E-006     0.43293794E-006    -0.57714910E-014    -0.84052558E-014    -0.75894144E-014    -0.97459096E-014
     0.14109481E+001     0.43093716E-006     0.44350678E-006    -0.53284023E-014    -0.83993694E-014    -0.69125520E-014    -0.95837555E-014
     0.14152894E+001     0.43709546E-006     0.45197950E-006    -0.52954057E-014    -0.82887995E-014    -0.65202448E-014    -0.94040383E-014
     0.14196308E+001     0.44561054E-006     0.45310534E-006    -0.48830391E-014    -0.81961631E-014    -0.60210167E-014    -0.92742869E-014
     0.14239722E+001     0.45468949E-006     0.44758832E-006    -0.48418522E-014    -0.83509819E-014    -0.57563363E-014    -0.92846214E-014
     0.14283136E+001     0.45942991E-006     0.43585019E-006    -0.46665631E-014    -0.82233820E-014    -0.54874441E-014    -0.91874364E-014
     0.14326550E+001     0.46137666E-006     0.42272292E-006    -0.45906142E-014    -0.84384844E-014    -0.53162026E-014    -0.92456209E-014
     0.14369963E+001     0.45385841E-006     0.41114373E-006    -0.46781545E-014    -0.83092394E-014    -0.52554727E-014    -0.91439207E-014
     0.14413377E+001     0.44276695E-006     0.40086610E-006    -0.45610656E-014    -0.83595040E-014    -0.51326480E-014    -0.91035442E-014
     0.14456791E+001     0.43084403E-006     0.39897515E-006    -0.47405008E-014    -0.82612945E-014    -0.51461897E-014    -0.89791345E-014
     0.14500205E+001     0.41582509E-006     0.40413407E-006    -0.45896583E-014    -0.80849459E-014    -0.50138771E-014    -0.88079174E-014
     0.14543619E+001     0.40502102E-006     0.41127223E-006    -0.46437708E-014    -0.80553567E-014    -0.49548665E-014    -0.86947830E-014
     0.14587032E+001     0.40265638E-006     0.41941929E-006    -0.45024928E-014    -0.77861842E-014    -0.47967992E-014    -0.84896280E-014
     0.14630446E+001     0.40681437E-006     0.42778638E-006    -0.43523359E-014    -0.78350454E-014    -0.46243488E-014    -0.84388240E-014
     0.14673860E+001     0.41598818E-006     0.43381324E-006    -0.42878122E-014    -0.76714678E-014    -0.44873246E-014    -0.83251149E-014
     0.14717274E+001     0.42439432E-006     0.43580552E-006    -0.40392195E-014    -0.77457315E-014    -0.42850083E-014    -0.83375996E-014
     0.14760687E+001     0.43001462E-006     0.42575548E-006    -0.40834371E-014    -0.77741585E-014    -0.42284205E-014    -0.83501896E-014
     0.14804101E+001     0.43468161E-006     0.41439811E-006    -0.39156034E-014    -0.77800328E-014    -0.41106297E-014    -0.83601717E-014
     0.14847515E+001     0.43260936E-006     0.40059197E-006    -0.40133392E-014    -0.79173338E-014    -0.41320692E-014    -0.84194206E-014
     0.14890929E+001     0.42568559E-006     0.39037826E-006    -0.40159425E-014    -0.77999730E-014    -0.41331237E-014    -0.83542793E-014
     0.14934343E+001     0.41232250E-006     0.38346029E-006    -0.40522421E-014    -0.78869090E-014    -0.41558179E-014    -0.83527594E-014
     0.14977756E+001     0.39919818E-006     0.38113539E-006    -0.41635477E-014    -0.76967675E-014    -0.42039483E-014    -0.82124119E-014
     0.15021170E+001     0.39046129E-006     0.38665857E-006    -0.40625711E-014    -0.76441813E-014    -0.41462232E-014    -0.81154163E-014
     0.15064584E+001     0.38353904E-006     0.39680535E-006    -0.41459222E-014    -0.75103451E-014    -0.41447466E-014    -0.79814424E-014
     0.15107998E+001     0.38246428E-006     0.40648379E-006    -0.39508390E-014    -0.73608557E-014    -0.40054407E-014    -0.78505603E-014
     0.15151412E+001     0.38740200E-006     0.41319304E-006    -0.39226220E-014    -0.73783515E-014    -0.39240040E-014    -0.78103359E-014
     0.15194825E+001     0.39652372E-006     0.41678286E-006    -0.37720582E-014    -0.72429676E-014    -0.37897995E-014    -0.77292153E-014
     0.15238239E+001     0.40531456E-006     0.41227486E-006    -0.36604641E-014    -0.73780746E-014    -0.36830265E-014    -0.77847487E-014
     0.15281653E+001     0.41370573E-006     0.40600598E-006    -0.36669119E-014    -0.73299864E-014    -0.36467748E-014    -0.77760151E-014
     0.15325067E+001     0.41329140E-006     0.39484378E-006    -0.35585402E-014    -0.74385598E-014    -0.35857527E-014    -0.78357917E-014
     0.15368481E+001     0.40843811E-006     0.38110469E-006    -0.37004760E-014    -0.74605214E-014    -0.36525836E-014    -0.78485859E-014
     0.15411894E+001     0.40054157E-006     0.37111575E-006    -0.36539307E-014    -0.74153173E-014    -0.36520333E-014    -0.78134918E-014
     0.15455308E+001     0.38950062E-006     0.36798889E-006    -0.37869951E-014    -0.74434563E-014    -0.37296541E-014    -0.77876070E-014
     0.15498722E+001     0.37601025E-006     0.37078854E-006    -0.37918229E-014    -0.72520325E-014    -0.37422112E-014    -0.76487847E-014
     0.15542136E+001     0.36493643E-006     0.37621413E-006    -0.37772935E-014    -0.72444943E-014    -0.37278269E-014    -0.75778104E-014
     0.15585549E+001     0.36250774E-006     0.38408555E-006    -0.37911218E-014    -0.70467348E-014    -0.37044019E-014    -0.74263464E-014
     0.15628963E+001     0.36332412E-006     0.39364094E-006    -0.36231795E-014    -0.70106989E-014    -0.35848434E-014    -0.73556817E-014
     0.15672377E+001     0.37022106E-006     0.39927821E-006    -0.36231097E-014    -0.69525538E-014    -0.35282195E-014    -0.72943797E-014
     0.15715791E+001     0.37989633E-006     0.39840461E-006    -0.34332133E-014    -0.69111029E-014    -0.33927284E-014    -0.72617104E-014
     0.15759205E+001     0.38926648E-006     0.39441601E-006    -0.34280612E-014    -0.70102993E-014    -0.33486493E-014    -0.73070957E-014
     0.15802618E+001     0.39480456E-006     0.38543028E-006    -0.33653441E-014    -0.69664920E-014    -0.32993845E-014    -0.72987942E-014
     0.15846032E+001     0.39392752E-006     0.37527409E-006    -0.33623433E-014    -0.71019102E-014    -0.32968315E-014    -0.73646971E-014
     0.15889446E+001     0.38805259E-006     0.36335628E-006    -0.34559855E-014    -0.70417745E-014    -0.33524906E-014    -0.73333778E-014
     0.15932860E+001     0.37846702E-006     0.35675053E-006    -0.34382582E-014    -0.70658072E-014    -0.33675121E-014    -0.73184567E-014
     0.15976274E+001     0.36518929E-006     0.35419493E-006    -0.35790137E-014    -0.69932929E-014    -0.34478461E-014    -0.72414720E-014
     0.16019687E+001     0.35570800E-006     0.35702434E-006    -0.35249986E-014    -0.68673767E-014    -0.34311058E-014    -0.71257337E-014
     0.16063101E+001     0.34942063E-006     0.36656846E-006    -0.35714944E-014    -0.68171605E-014    -0.34385574E-014    -0.70356274E-014
     0.16106515E+001     0.34625967E-006     0.37679660E-006    -0.34935286E-014    -0.66376902E-014    -0.33737106E-014    -0.68927241E-014
     0.16149929E+001     0.34878570E-006     0.38488064E-006    -0.34021884E-014    -0.66413002E-014    -0.32890046E-014    -0.68417100E-014
     0.16193342E+001     0.35421666E-006     0.38812662E-006    -0.33499975E-014    -0.65397300E-014    -0.32157405E-014    -0.67621637E-014
     0.16236756E+001     0.36461806E-006     0.38501946E-006    -0.32041884E-014    -0.65794883E-014    -0.31070442E-014    -0.67591260E-014
     0.16280170E+001     0.37219929E-006     0.38061729E-006    -0.32205940E-014    -0.65979789E-014    -0.30827061E-014    -0.67569905E-014
     0.16323584E+001     0.37432471E-006     0.37020096E-006    -0.31412758E-014    -0.66103542E-014    -0.30346264E-014    -0.67531147E-014
     0.16366998E+001     0.37067639E-006     0.35846342E-006    -0.32093385E-014    -0.66750551E-014    -0.30663869E-014    -0.67624756E-014
     0.16410411E+001     0.36510969E-006     0.34740275E-006    -0.32350449E-014    -0.66060814E-014    -0.30896066E-014    -0.66948143E-014
     0.16453825E+001     0.35407504E-006     0.34357887E-006    -0.32839671E-014    -0.66075595E-014    -0.31237879E-014    -0.66351202E-014
     0.16497239E+001     0.34178798E-006     0.34294820E-006    -0.33466696E-014    -0.64681251E-014    -0.31557803E-014    -0.64913581E-014
     0.16540653E+001     0.33190274E-006     0.34708838E-006    -0.33169631E-014    -0.63721155E-014    -0.31312417E-014    -0.63491145E-014
     0.16584067E+001     0.32642623E-006     0.35350725E-006    -0.33223318E-014    -0.62287688E-014    -0.31046120E-014    -0.61748274E-014
     0.16627480E+001     0.32832139E-006     0.36263618E-006    -0.32231208E-014    -0.60981761E-014    -0.30154647E-014    -0.59981789E-014
     0.16670894E+001     0.33421122E-006     0.36897325E-006    -0.31543864E-014    -0.59988370E-014    -0.29328249E-014    -0.58291665E-014
     0.16714308E+001     0.34191350E-006     0.37154384E-006    -0.30489173E-014    -0.59046455E-014    -0.28341190E-014    -0.56431329E-014
     0.16757722E+001     0.35031277E-006     0.36798912E-006    -0.29944660E-014    -0.58122335E-014    -0.27674727E-014    -0.54218233E-014
     0.16801135E+001     0.35749278E-006     0.35979605E-006    -0.29252642E-014    -0.57027453E-014    -0.27175639E-014    -0.51086633E-014
     0.16844549E+001     0.35873416E-006     0.35058342E-006    -0.30130262E-014    -0.54887485E-014    -0.27655002E-014    -0.45957730E-014
     0.16887963E+001     0.35437833E-006     0.33931256E-006    -0.30071666E-014    -0.50138564E-014    -0.28768353E-014    -0.36505351E-014
     0.16931377E+001     0.34566877E-006     0.32988170E-006    -0.35219669E-014    -0.43074925E-014    -0.36286316E-014    -0.18624180E-014
     0.16974791E+001     0.33769262E-006     0.32570518E-006    -0.58232430E-014    -0.22957189E-014    -0.81157595E-014     0.15825572E-014
     0.17018204E+001     0.32874426E-006     0.33018246E-006    -0.83469713E-014    -0.69558596E-014    -0.14290620E-013    -0.79197226E-014
     0.17061618E+001     0.31958741E-006     0.33707867E-006    -0.55775064E-014    -0.86025951E-014    -0.79074745E-014    -0.10713471E-013
     0.17105032E+001     0.31670932E-006     0.34628088E-006    -0.45750450E-014    -0.76207648E-014    -0.56919489E-014    -0.95267383E-014
     0.17148446E+001     0.31811694E-006     0.35393352E-006    -0.38540080E-014    -0.74369181E-014    -0.46607589E-014    -0.88743447E-014
     0.17191860E+001     0.32513359E-006     0.35893995E-006    -0.38211271E-014    -0.71259353E-014    -0.42419057E-014    -0.83874633E-014
     0.17235273E+001     0.33298769E-006     0.36128261E-006    -0.33879186E-014    -0.69280466E-014    -0.38137371E-014    -0.80845186E-014
     0.17278687E+001     0.33959214E-006     0.35594849E-006    -0.34037220E-014    -0.70073027E-014    -0.36554785E-014    -0.79798279E-014
     0.17322101E+001     0.34272703E-006     0.34691052E-006    -0.32550640E-014    -0.68103702E-014    -0.34982935E-014    -0.78159277E-014
     0.17365515E+001     0.34310201E-006     0.33437681E-006    -0.32179620E-014    -0.69867405E-014    -0.34372614E-014    -0.78232718E-014
     0.17408928E+001     0.33914263E-006     0.32583690E-006    -0.33277701E-014    -0.68259539E-014    -0.34708176E-014    -0.76980012E-014
     0.17452342E+001     0.33077614E-006     0.32060353E-006    -0.32371902E-014    -0.68694687E-014    -0.34440365E-014    -0.76427566E-014
     0.17495756E+001     0.31825524E-006     0.31983210E-006    -0.34357602E-014    -0.67731790E-014    -0.35343411E-014    -0.75165739E-014
     0.17539170E+001     0.30846320E-006     0.32166994E-006    -0.33191417E-014    -0.66189261E-014    -0.34877004E-014    -0.73563018E-014
     0.17582584E+001     0.30401835E-006     0.32812872E-006    -0.34108743E-014    -0.66049042E-014    -0.35032761E-014    -0.72499546E-014
     0.17625997E+001     0.30480310E-006     0.33791064E-006    -0.33179299E-014    -0.63664335E-014    -0.34239206E-014    -0.70660839E-014
     0.17669411E+001     0.30690912E-006     0.34684636E-006    -0.32261530E-014    -0.64225866E-014    -0.33288323E-014    -0.70196111E-014
     0.17712825E+001     0.31196530E-006     0.35017500E-006    -0.32098308E-014    -0.62709985E-014    -0.32582370E-014    -0.69183696E-014
     0.17756239E+001     0.32043285E-006     0.34658676E-006    -0.30206813E-014    -0.63384399E-014    -0.31279526E-014    -0.69303962E-014
     0.17799653E+001     0.32900752E-006     0.34046829E-006    -0.30944281E-014    -0.63547947E-014    -0.31187657E-014    -0.69422532E-014
     0.17843066E+001     0.33261687E-006     0.33380471E-006    -0.29627918E-014    -0.63547604E-014    -0.30540512E-014    -0.69563960E-014
     0.17886480E+001     0.32829525E-006     0.32444962E-006    -0.30696479E-014    -0.64758134E-014    -0.31062044E-014    -0.70130307E-014
     0.17929894E+001     0.32022862E-006     0.31627435E-006    -0.30806009E-014    -0.63711559E-014    -0.31380703E-014    -0.69663039E-014
     0.17973308E+001     0.30999803E-006     0.30955116E-006    -0.31246537E-014    -0.64609224E-014    -0.31892504E-014    -0.69738529E-014
     0.18016721E+001     0.30120865E-006     0.31018002E-006    -0.32363256E-014    -0.63026503E-014    -0.32590780E-014    -0.68645508E-014
     0.18060135E+001     0.29209057E-006     0.31542037E-006    -0.31611119E-014    -0.62766874E-014    -0.32406783E-014    -0.67918705E-014
     0.18103549E+001     0.28595999E-006     0.32309909E-006    -0.32590945E-014    -0.61737237E-014    -0.32666972E-014    -0.66865969E-014
     0.18146963E+001     0.28586465E-006     0.32754874E-006    -0.31078593E-014    -0.60565642E-014    -0.31760963E-014    -0.65850269E-014
     0.18190377E+001     0.29332477E-006     0.33101493E-006    -0.31134480E-014    -0.60838714E-014    -0.31316286E-014    -0.65566904E-014
     0.18233790E+001     0.30363438E-006     0.33375435E-006    -0.30036991E-014    -0.59668875E-014    -0.30405570E-014    -0.64966866E-014
     0.18277204E+001     0.31242768E-006     0.33102292E-006    -0.29284143E-014    -0.60912746E-014    -0.29719383E-014    -0.65495905E-014
     0.18320618E+001     0.31829649E-006     0.32530112E-006    -0.29521335E-014    -0.60440926E-014    -0.29587852E-014    -0.65514414E-014
     0.18364032E+001     0.31930321E-006     0.31630404E-006    -0.28653983E-014    -0.61428494E-014    -0.29267960E-014    -0.66109818E-014
     0.18407446E+001     0.31579933E-006     0.30854106E-006    -0.30019602E-014    -0.61632951E-014    -0.29986230E-014    -0.66321191E-014
     0.18450859E+001     0.30689683E-006     0.30150279E-006    -0.29610234E-014    -0.61300939E-014    -0.30166071E-014    -0.66155665E-014
     0.18494273E+001     0.29594265E-006     0.29827731E-006    -0.30877811E-014    -0.61692819E-014    -0.30982491E-014    -0.66039869E-014
     0.18537687E+001     0.28771822E-006     0.29856414E-006    -0.30973420E-014    -0.60115541E-014    -0.31264189E-014    -0.65006249E-014
     0.18581101E+001     0.28246770E-006     0.30492019E-006    -0.30963992E-014    -0.60277814E-014    -0.31325398E-014    -0.64508622E-014
     0.18624515E+001     0.28033882E-006     0.31282587E-006    -0.31265868E-014    -0.58644330E-014    -0.31279142E-014    -0.63349699E-014
     0.18667928E+001     0.28376969E-006     0.31995053E-006    -0.29918916E-014    -0.58502373E-014    -0.30451117E-014    -0.62853866E-014
     0.18711342E+001     0.29210993E-006     0.32725246E-006    -0.30182214E-014    -0.58071256E-014    -0.30105721E-014    -0.62445614E-014
     0.18754756E+001     0.29736664E-006     0.33077923E-006    -0.28614441E-014    -0.57750160E-014    -0.29104633E-014    -0.62297435E-014
     0.18798170E+001     0.30040663E-006     0.32497098E-006    -0.28776950E-014    -0.58710579E-014    -0.28848406E-014    -0.62793845E-014
     0.18841583E+001     0.30405979E-006     0.31536768E-006    -0.28299601E-014    -0.58272688E-014    -0.28552506E-014    -0.62881895E-014
     0.18884997E+001     0.30399254E-006     0.30328181E-006    -0.28333456E-014    -0.59607699E-014    -0.28658661E-014    -0.63588002E-014
     0.18928411E+001     0.30109897E-006     0.29474433E-006    -0.29254961E-014    -0.59070718E-014    -0.29252998E-014    -0.63502786E-014
     0.18971825E+001     0.29429924E-006     0.29137465E-006    -0.29039121E-014    -0.59463991E-014    -0.29532724E-014    -0.63556765E-014
     0.19015239E+001     0.28299880E-006     0.29199258E-006    -0.30450428E-014    -0.58971025E-014    -0.30357643E-014    -0.63087133E-014
     0.19058652E+001     0.27299723E-006     0.29549895E-006    -0.29927560E-014    -0.57996025E-014    -0.30371613E-014    -0.62286678E-014
     0.19102066E+001     0.26600927E-006     0.30016644E-006    -0.30551377E-014    -0.57845597E-014    -0.30593479E-014    -0.61700062E-014
     0.19145480E+001     0.26561447E-006     0.30531404E-006    -0.29959491E-014    -0.56288526E-014    -0.30181394E-014    -0.60666397E-014
     0.19188894E+001     0.27186899E-006     0.30987206E-006    -0.29288406E-014    -0.56643123E-014    -0.29584730E-014    -0.60435368E-014
     0.19232308E+001     0.28170659E-006     0.31358080E-006    -0.29090177E-014    -0.55723340E-014    -0.29085913E-014    -0.59962417E-014
     0.19275721E+001     0.28940486E-006     0.31355170E-006    -0.27764195E-014    -0.56289220E-014    -0.28249171E-014    -0.60211115E-014
     0.19319135E+001     0.29678359E-006     0.30852499E-006    -0.28238925E-014    -0.56564452E-014    -0.28171315E-014    -0.60506632E-014
     0.19362549E+001     0.29858207E-006     0.30303176E-006    -0.27388862E-014    -0.56721921E-014    -0.27849313E-014    -0.60824154E-014
     0.19405963E+001     0.29470376E-006     0.29374446E-006    -0.28224492E-014    -0.57686119E-014    -0.28298029E-014    -0.61359723E-014
     0.19449376E+001     0.28759715E-006     0.28533606E-006    -0.28437176E-014    -0.57031846E-014    -0.28678971E-014    -0.61200351E-014
     0.19492790E+001     0.28035388E-006     0.28170344E-006    -0.28883752E-014    -0.57673150E-014    -0.29188936E-014    -0.61274138E-014
     0.19536204E+001     0.27077972E-006     0.28314179E-006    -0.29781106E-014    -0.56507939E-014    -0.29777456E-014    -0.60549835E-014
     0.19579618E+001     0.26278685E-006     0.28767352E-006    -0.29301256E-014    -0.56243959E-014    -0.29758952E-014    -0.59986322E-014
     0.19623032E+001     0.25960336E-006     0.29384320E-006    -0.30007817E-014    -0.55422277E-014    -0.29929320E-014    -0.59204727E-014
     0.19666445E+001     0.26124464E-006     0.30198371E-006    -0.28863272E-014    -0.54517391E-014    -0.29297974E-014    -0.58475257E-014
     0.19709859E+001     0.26441844E-006     0.30707782E-006    -0.28830571E-014    -0.54703476E-014    -0.28902255E-014    -0.58260485E-014
     0.19753273E+001     0.27345353E-006     0.30613247E-006    -0.27951009E-014    -0.53879894E-014    -0.28203034E-014    -0.57927438E-014
     0.19796687E+001     0.28296656E-006     0.30548441E-006    -0.27349562E-014    -0.54875096E-014    -0.27679428E-014    -0.58367734E-014
     0.19840101E+001     0.28422318E-006     0.30188600E-006    -0.27520006E-014    -0.54619728E-014    -0.27569472E-014    -0.58528496E-014
     0.19883514E+001     0.28411987E-006     0.29024390E-006    -0.26916640E-014    -0.55450687E-014    -0.27423681E-014    -0.59055287E-014
     0.19926928E+001     0.28169050E-006     0.28209805E-006    -0.28018900E-014    -0.55668129E-014    -0.27999153E-014    -0.59298130E-014
     0.19970342E+001     0.27356580E-006     0.27609448E-006    -0.27805360E-014    -0.55443492E-014    -0.28272754E-014    -0.59234126E-014
     0.20013756E+001     0.26342468E-006     0.27291739E-006    -0.28855911E-014    -0.55716337E-014    -0.28948453E-014    -0.59116091E-014
     0.20057169E+001     0.25611004E-006     0.27318334E-006    -0.28989038E-014    -0.54463740E-014    -0.29241122E-014    -0.58346455E-014
     0.20100583E+001     0.25136122E-006     0.27834135E-006    -0.29008970E-014    -0.54515377E-014    -0.29325339E-014    -0.57877411E-014
     0.20143997E+001     0.25130626E-006     0.28632389E-006    -0.29220608E-014    -0.53200272E-014    -0.29258944E-014    -0.56991542E-014
     0.20187411E+001     0.25262892E-006     0.29373828E-006    -0.28138131E-014    -0.53055889E-014    -0.28628692E-014    -0.56571750E-014
     0.20230825E+001     0.25890405E-006     0.29638008E-006    -0.28276859E-014    -0.52718717E-014    -0.28268623E-014    -0.56273094E-014
     0.20274238E+001     0.26687391E-006     0.29691717E-006    -0.27010843E-014    -0.52507979E-014    -0.27501579E-014    -0.56222239E-014
     0.20317652E+001     0.27326854E-006     0.29280779E-006    -0.27109928E-014    -0.53315373E-014    -0.27253017E-014    -0.56640152E-014
     0.20361066E+001     0.27742211E-006     0.28583196E-006    -0.26739751E-014    -0.53048296E-014    -0.27053367E-014    -0.56827627E-014
     0.20404480E+001     0.27476651E-006     0.27615100E-006    -0.26811231E-014    -0.54148710E-014    -0.27190857E-014    -0.57399099E-014
     0.20447894E+001     0.27236624E-006     0.26765091E-006    -0.27598131E-014    -0.53759683E-014    -0.27695588E-014    -0.57412974E-014
     0.20491307E+001     0.26587551E-006     0.26311507E-006    -0.27510075E-014    -0.54071840E-014    -0.28030193E-014    -0.57443433E-014
     0.20534721E+001     0.25825245E-006     0.26370248E-006    -0.28683222E-014    -0.53649647E-014    -0.28695103E-014    -0.57059352E-014
     0.20578135E+001     0.25174599E-006     0.26803863E-006    -0.28308376E-014    -0.52831931E-014    -0.28787624E-014    -0.56410572E-014
     0.20621549E+001     0.24641098E-006     0.27679759E-006    -0.28802935E-014    -0.52646380E-014    -0.28933514E-014    -0.55863683E-014
     0.20664962E+001     0.24585360E-006     0.28428003E-006    -0.28304526E-014    -0.51359790E-014    -0.28602578E-014    -0.55047780E-014
     0.20708376E+001     0.24744166E-006     0.29040344E-006    -0.27732282E-014    -0.51610708E-014    -0.28109765E-014    -0.54798051E-014
     0.20751790E+001     0.25401646E-006     0.29093170E-006    -0.27528167E-014    -0.50885843E-014    -0.27654830E-014    -0.54482400E-014
     0.20795204E+001     0.26165201E-006     0.28966401E-006    -0.26437510E-014    -0.51381970E-014    -0.27004101E-014    -0.54702916E-014
     0.20838618E+001     0.26691360E-006     0.28484655E-006    -0.26800047E-014    -0.51654162E-014    -0.26886494E-014    -0.55004341E-014
     0.20882031E+001     0.26857176E-006     0.27634835E-006    -0.26137850E-014    -0.51841616E-014    -0.26692325E-014    -0.55334523E-014
     0.20925445E+001     0.26787595E-006     0.26812702E-006    -0.26855352E-014    -0.52655332E-014    -0.27063219E-014    -0.55771768E-014
     0.20968859E+001     0.26168728E-006     0.26278247E-006    -0.27082838E-014    -0.52153313E-014    -0.27442573E-014    -0.55714483E-014
     0.21012273E+001     0.25237715E-006     0.25974817E-006    -0.27504695E-014    -0.52655964E-014    -0.27916824E-014    -0.55719551E-014
     0.21055687E+001     0.24438837E-006     0.26122118E-006    -0.28269792E-014    -0.51677619E-014    -0.28409642E-014    -0.55149146E-014
     0.21099100E+001     0.23476291E-006     0.26512385E-006    -0.27908698E-014    -0.51413291E-014    -0.28460212E-014    -0.54631327E-014
     0.21142514E+001     0.23339619E-006     0.26797359E-006    -0.28473007E-014    -0.50692772E-014    -0.28544595E-014    -0.53964375E-014
     0.21185928E+001     0.23773712E-006     0.27666769E-006    -0.27518117E-014    -0.49930454E-014    -0.28054403E-014    -0.53367249E-014
     0.21229342E+001     0.24034480E-006     0.28155934E-006    -0.27448839E-014    -0.50068011E-014    -0.27662629E-014    -0.53151571E-014
     0.21272755E+001     0.24654645E-006     0.28179168E-006    -0.26688416E-014    -0.49419086E-014    -0.27076698E-014    -0.52949236E-014
     0.21316169E+001     0.25508908E-006     0.27766372E-006    -0.26175146E-014    -0.50264851E-014    -0.26639593E-014    -0.53296386E-014
     0.21359583E+001     0.25997229E-006     0.27191816E-006    -0.26308494E-014    -0.50103658E-014    -0.26523026E-014    -0.53518349E-014
     0.21402997E+001     0.26154139E-006     0.26418349E-006    -0.25844230E-014    -0.50831582E-014    -0.26472475E-014    -0.53967162E-014
     0.21446411E+001     0.25738316E-006     0.25807936E-006    -0.26783805E-014    -0.51032770E-014    -0.26936035E-014    -0.54196902E-014
     0.21489824E+001     0.25112389E-006     0.25181915E-006    -0.26666381E-014    -0.50856204E-014    -0.27260426E-014    -0.54171604E-014
     0.21533238E+001     0.24313906E-006     0.25179257E-006    -0.27577191E-014    -0.51056499E-014    -0.27825460E-014    -0.54023807E-014
     0.21576652E+001     0.23395301E-006     0.25295622E-006    -0.27718908E-014    -0.49991377E-014    -0.28110649E-014    -0.53411345E-014
     0.21620066E+001     0.22912247E-006     0.25872993E-006    -0.27748485E-014    -0.49987531E-014    -0.28195813E-014    -0.52935503E-014
     0.21663480E+001     0.22714418E-006     0.26404260E-006    -0.27902231E-014    -0.48862503E-014    -0.28101464E-014    -0.52214583E-014
     0.21706893E+001     0.23034969E-006     0.26966172E-006    -0.26984715E-014    -0.48720789E-014    -0.27603557E-014    -0.51823616E-014
     0.21750307E+001     0.23684224E-006     0.27226650E-006    -0.27057838E-014    -0.48439451E-014    -0.27226261E-014    -0.51586870E-014
     0.21793721E+001     0.24480537E-006     0.27193250E-006    -0.25982130E-014    -0.48291934E-014    -0.26615881E-014    -0.51589202E-014
     0.21837135E+001     0.25289031E-006     0.26807335E-006    -0.26048513E-014    -0.48994301E-014    -0.26365897E-014    -0.51934521E-014
     0.21880549E+001     0.25579725E-006     0.26548116E-006    -0.25745603E-014    -0.48818824E-014    -0.26226703E-014    -0.52183898E-014
     0.21923962E+001     0.25092752E-006     0.25684237E-006    -0.25839596E-014    -0.49763552E-014    -0.26376593E-014    -0.52640688E-014
     0.21967376E+001     0.24604844E-006     0.24742240E-006    -0.26531752E-014    -0.49460203E-014    -0.26808360E-014    -0.52717317E-014
     0.22010790E+001     0.24000202E-006     0.24175167E-006    -0.26509767E-014    -0.49718117E-014    -0.27174009E-014    -0.52716421E-014
     0.22054204E+001     0.23387958E-006     0.24072022E-006    -0.27520609E-014    -0.49336989E-014    -0.27707860E-014    -0.52381253E-014
     0.22097617E+001     0.23012617E-006     0.24608619E-006    -0.27233899E-014    -0.48622872E-014    -0.27857932E-014    -0.51825640E-014
     0.22141031E+001     0.22436301E-006     0.25510059E-006    -0.27650610E-014    -0.48424010E-014    -0.27950174E-014    -0.51303391E-014
     0.22184445E+001     0.22339886E-006     0.25999843E-006    -0.27213041E-014    -0.47330134E-014    -0.27672067E-014    -0.50658482E-014
     0.22227859E+001     0.22771302E-006     0.26562914E-006    -0.26702474E-014    -0.47526342E-014    -0.27233524E-014    -0.50390677E-014
     0.22271273E+001     0.23188699E-006     0.26829455E-006    -0.26486858E-014    -0.46925868E-014    -0.26788378E-014    -0.50176554E-014
     0.22314686E+001     0.23866626E-006     0.26388084E-006    -0.25554959E-014    -0.47361337E-014    -0.26271212E-014    -0.50352984E-014
     0.22358100E+001     0.24531450E-006     0.25841552E-006    -0.25850562E-014    -0.47620941E-014    -0.26119134E-014    -0.50640702E-014
     0.22401514E+001     0.24814523E-006     0.25085356E-006    -0.25311451E-014    -0.47817272E-014    -0.26024513E-014    -0.50971813E-014
     0.22444928E+001     0.24692193E-006     0.24478444E-006    -0.25946496E-014    -0.48519009E-014    -0.26328513E-014    -0.51325077E-014
     0.22488342E+001     0.24119413E-006     0.23839111E-006    -0.26178804E-014    -0.48109902E-014    -0.26701446E-014    -0.51337637E-014
     0.22531755E+001     0.23425660E-006     0.23621361E-006    -0.26579938E-014    -0.48520951E-014    -0.27146172E-014    -0.51279187E-014
     0.22575169E+001     0.22734174E-006     0.23799309E-006    -0.27249266E-014    -0.47672379E-014    -0.27560734E-014    -0.50824802E-014
     0.22618583E+001     0.22186446E-006     0.24298562E-006    -0.26962292E-014    -0.47418084E-014    -0.27660073E-014    -0.50334872E-014
     0.22661997E+001     0.21905160E-006     0.25062692E-006    -0.27426558E-014    -0.46774962E-014    -0.27669372E-014    -0.49748903E-014
     0.22705410E+001     0.21926889E-006     0.25629438E-006    -0.26598802E-014    -0.46113831E-014    -0.27290292E-014    -0.49244862E-014
     0.22748824E+001     0.22387304E-006     0.26079390E-006    -0.26511762E-014    -0.46217290E-014    -0.26900000E-014    -0.49020766E-014
     0.22792238E+001     0.22963086E-006     0.26158453E-006    -0.25839816E-014    -0.45686657E-014    -0.26403557E-014    -0.48916166E-014
     0.22835652E+001     0.23460629E-006     0.25697800E-006    -0.25395987E-014    -0.46424233E-014    -0.26031756E-014    -0.49185479E-014
     0.22879066E+001     0.24123765E-006     0.25069691E-006    -0.25505716E-014    -0.46322873E-014    -0.25904652E-014    -0.49452407E-014
     0.22922479E+001     0.24047487E-006     0.24304971E-006    -0.25138040E-014    -0.46968465E-014    -0.25928089E-014    -0.49831520E-014
     0.22965893E+001     0.23867480E-006     0.23576488E-006    -0.25965899E-014    -0.47155696E-014    -0.26295959E-014    -0.50049547E-014
     0.23009307E+001     0.23319036E-006     0.23074737E-006    -0.25904997E-014    -0.47013548E-014    -0.26658586E-014    -0.50051228E-014
     0.23052721E+001     0.22728246E-006     0.23004249E-006    -0.26712783E-014    -0.47163848E-014    -0.27129276E-014    -0.49874240E-014
     0.23096135E+001     0.22138309E-006     0.23508051E-006    -0.26850950E-014    -0.46237256E-014    -0.27409746E-014    -0.49385853E-014
     0.23139548E+001     0.21394122E-006     0.24087477E-006    -0.26884845E-014    -0.46198546E-014    -0.27495543E-014    -0.48900978E-014
     0.23182962E+001     0.21348108E-006     0.24643079E-006    -0.26999011E-014    -0.45217610E-014    -0.27374511E-014    -0.48317067E-014
     0.23226376E+001     0.21504036E-006     0.25265519E-006    -0.26196864E-014    -0.45084476E-014    -0.26978274E-014    -0.47946938E-014
     0.23269790E+001     0.22089242E-006     0.25381331E-006    -0.26227977E-014    -0.44839297E-014    -0.26574591E-014    -0.47753083E-014
     0.23313203E+001     0.22844250E-006     0.25518673E-006    -0.25295536E-014    -0.44733911E-014    -0.26093026E-014    -0.47788384E-014
     0.23356617E+001     0.23279162E-006     0.25118718E-006    -0.25345533E-014    -0.45356604E-014    -0.25836227E-014    -0.48068949E-014
     0.23400031E+001     0.23486869E-006     0.24493402E-006    -0.25092781E-014    -0.45243486E-014    -0.25742230E-014    -0.48363328E-014
     0.23443445E+001     0.23335989E-006     0.23606696E-006    -0.25197346E-014    -0.46069456E-014    -0.25901438E-014    -0.48717075E-014
     0.23486859E+001     0.23047451E-006     0.22907996E-006    -0.25817913E-014    -0.45822398E-014    -0.26267350E-014    -0.48844320E-014
     0.23530272E+001     0.22420644E-006     0.22628400E-006    -0.25836674E-014    -0.46040490E-014    -0.26658997E-014    -0.48810278E-014
     0.23573686E+001     0.21740285E-006     0.22674919E-006    -0.26725458E-014    -0.45691046E-014    -0.27084505E-014    -0.48513469E-014
     0.23617100E+001     0.21053001E-006     0.23020573E-006    -0.26499478E-014    -0.45058842E-014    -0.27285425E-014    -0.48040214E-014
     0.23660514E+001     0.20782603E-006     0.23633401E-006    -0.26853771E-014    -0.44859480E-014    -0.27321012E-014    -0.47532656E-014
     0.23703928E+001     0.20662129E-006     0.24288771E-006    -0.26460018E-014    -0.43904223E-014    -0.27088973E-014    -0.47018646E-014
     0.23747341E+001     0.21070774E-006     0.24552931E-006    -0.26006027E-014    -0.44060800E-014    -0.26705406E-014    -0.46724658E-014
     0.23790755E+001     0.21817415E-006     0.24765700E-006    -0.25796739E-014    -0.43555994E-014    -0.26277924E-014    -0.46601910E-014
     0.23834169E+001     0.22370857E-006     0.24685060E-006    -0.24985824E-014    -0.43954647E-014    -0.25874765E-014    -0.46745217E-014
     0.23877583E+001     0.22926497E-006     0.24097831E-006    -0.25232756E-014    -0.44200593E-014    -0.25681000E-014    -0.47026338E-014
     0.23920996E+001     0.23142927E-006     0.23518228E-006    -0.24783026E-014    -0.44399713E-014    -0.25666281E-014    -0.47353706E-014
     0.23964410E+001     0.22870423E-006     0.22844518E-006    -0.25353384E-014    -0.45017282E-014    -0.25909551E-014    -0.47631579E-014
     0.24007824E+001     0.22431353E-006     0.22314256E-006    -0.25580997E-014    -0.44674719E-014    -0.26276301E-014    -0.47710001E-014
     0.24051238E+001     0.21681372E-006     0.22164759E-006    -0.25957863E-014    -0.45017243E-014    -0.26689493E-014    -0.47595032E-014
     0.24094652E+001     0.20971196E-006     0.22253665E-006    -0.26549675E-014    -0.44268330E-014    -0.27029887E-014    -0.47241146E-014
     0.24138065E+001     0.20502526E-006     0.22622654E-006    -0.26313325E-014    -0.44024963E-014    -0.27176294E-014    -0.46767127E-014
     0.24181479E+001     0.20373602E-006     0.23386311E-006    -0.26704526E-014    -0.43445086E-014    -0.27119955E-014    -0.46252344E-014
     0.24224893E+001     0.20513674E-006     0.24029334E-006    -0.25977300E-014    -0.42862736E-014    -0.26840198E-014    -0.45830937E-014
     0.24268307E+001     0.20779174E-006     0.24459080E-006    -0.25882001E-014    -0.42948608E-014    -0.26444078E-014    -0.45593204E-014
     0.24311721E+001     0.21308325E-006     0.24478383E-006    -0.25283239E-014    -0.42504398E-014    -0.26023140E-014    -0.45574933E-014
     0.24355134E+001     0.21770584E-006     0.23997794E-006    -0.24894660E-014    -0.43160694E-014    -0.25705160E-014    -0.45764618E-014
     0.24398548E+001     0.22300792E-006     0.23259052E-006    -0.24990807E-014    -0.43098307E-014    -0.25566596E-014    -0.46073686E-014
     0.24441962E+001     0.22502900E-006     0.22653196E-006    -0.24693910E-014    -0.43681426E-014    -0.25654633E-014    -0.46391558E-014
     0.24485376E+001     0.22178667E-006     0.22013685E-006    -0.25429640E-014    -0.43854128E-014    -0.25926471E-014    -0.46601108E-014
     0.24528790E+001     0.21705998E-006     0.21574169E-006    -0.25407932E-014    -0.43736077E-014    -0.26323416E-014    -0.46624483E-014
     0.24572203E+001     0.21132764E-006     0.21595778E-006    -0.26129530E-014    -0.43851432E-014    -0.26707649E-014    -0.46416032E-014
     0.24615617E+001     0.20535347E-006     0.22064297E-006    -0.26259230E-014    -0.43032827E-014    -0.26987981E-014    -0.46043018E-014
     0.24659031E+001     0.19933724E-006     0.22743901E-006    -0.26295506E-014    -0.42972786E-014    -0.27075372E-014    -0.45543761E-014
     0.24702445E+001     0.19731730E-006     0.23414112E-006    -0.26382921E-014    -0.42107151E-014    -0.26932372E-014    -0.45085459E-014
     0.24745858E+001     0.19704049E-006     0.23940378E-006    -0.25675527E-014    -0.41983957E-014    -0.26631585E-014    -0.44726336E-014
     0.24789272E+001     0.20068752E-006     0.23909866E-006    -0.25684170E-014    -0.41772313E-014    -0.26205178E-014    -0.44571272E-014
     0.24832686E+001     0.20796755E-006     0.23606484E-006    -0.24863599E-014    -0.41703508E-014    -0.25841511E-014    -0.44641242E-014
     0.24876100E+001     0.21437833E-006     0.23261027E-006    -0.24902483E-014    -0.42260186E-014    -0.25569159E-014    -0.44857152E-014
     0.24919514E+001     0.21648939E-006     0.22685940E-006    -0.24688796E-014    -0.42188570E-014    -0.25516359E-014    -0.45202515E-014
     0.24962927E+001     0.21622841E-006     0.21905947E-006    -0.24802513E-014    -0.42921282E-014    -0.25674627E-014    -0.45458592E-014
     0.25006341E+001     0.21142807E-006     0.21361924E-006    -0.25359661E-014    -0.42716637E-014    -0.25974273E-014    -0.45638412E-014
     0.25049755E+001     0.20530461E-006     0.20923496E-006    -0.25405755E-014    -0.42902106E-014    -0.26394959E-014    -0.45572188E-014
     0.25093169E+001     0.19911648E-006     0.20892589E-006    -0.26195726E-014    -0.42584124E-014    -0.26712047E-014    -0.45316434E-014
     0.25136583E+001     0.19490712E-006     0.21165511E-006    -0.26010034E-014    -0.42021421E-014    -0.26964680E-014    -0.44920105E-014
     0.25179996E+001     0.19202877E-006     0.21735925E-006    -0.26317406E-014    -0.41826181E-014    -0.26946017E-014    -0.44419125E-014
     0.25223410E+001     0.19344662E-006     0.22398807E-006    -0.25961477E-014    -0.40988177E-014    -0.26762849E-014    -0.44034677E-014
     0.25266824E+001     0.19706956E-006     0.22835102E-006    -0.25555026E-014    -0.41118014E-014    -0.26427773E-014    -0.43708089E-014
     0.25310238E+001     0.20276289E-006     0.22967140E-006    -0.25354963E-014    -0.40689436E-014    -0.26008798E-014    -0.43675538E-014
     0.25353651E+001     0.20897372E-006     0.22907591E-006    -0.24643413E-014    -0.41054312E-014    -0.25712233E-014    -0.43779933E-014
     0.25397065E+001     0.21363691E-006     0.22364573E-006    -0.24856347E-014    -0.41286631E-014    -0.25469234E-014    -0.44051156E-014
     0.25440479E+001     0.21443354E-006     0.21921493E-006    -0.24479745E-014    -0.41484108E-014    -0.25537027E-014    -0.44383157E-014
     0.25483893E+001     0.21096389E-006     0.21117873E-006    -0.24996734E-014    -0.42033999E-014    -0.25708086E-014    -0.44586791E-014
     0.25527307E+001     0.20560379E-006     0.20471095E-006    -0.25213933E-014    -0.41746028E-014    -0.26070325E-014    -0.44737049E-014
     0.25570720E+001     0.20173854E-006     0.20170542E-006    -0.25567683E-014    -0.42035514E-014    -0.26458023E-014    -0.44562192E-014
     0.25614134E+001     0.19583332E-006     0.20490172E-006    -0.26092886E-014    -0.41371669E-014    -0.26726098E-014    -0.44315830E-014
     0.25657548E+001     0.19099128E-006     0.20935730E-006    -0.25899699E-014    -0.41144539E-014    -0.26930908E-014    -0.43857003E-014
     0.25700962E+001     0.18830091E-006     0.21527099E-006    -0.26230728E-014    -0.40624148E-014    -0.26801209E-014    -0.43412877E-014
     0.25744376E+001     0.19063725E-006     0.21919954E-006    -0.25588142E-014    -0.40114041E-014    -0.26629785E-014    -0.43074412E-014
     0.25787789E+001     0.19626541E-006     0.22214038E-006    -0.25492191E-014    -0.40183624E-014    -0.26215620E-014    -0.42817392E-014
     0.25831203E+001     0.20308268E-006     0.22286867E-006    -0.24958985E-014    -0.39816210E-014    -0.25866876E-014    -0.42892157E-014
     0.25874617E+001     0.21033099E-006     0.22112881E-006    -0.24620039E-014    -0.40405721E-014    -0.25596367E-014    -0.42990541E-014
     0.25918031E+001     0.21267464E-006     0.21765430E-006    -0.24700930E-014    -0.40379428E-014    -0.25435322E-014    -0.43355590E-014
     0.25961444E+001     0.21236358E-006     0.21135126E-006    -0.24456761E-014    -0.40905577E-014    -0.25593375E-014    -0.43608979E-014
     0.26004858E+001     0.20843997E-006     0.20537245E-006    -0.25112288E-014    -0.41062791E-014    -0.25759967E-014    -0.43819163E-014
     0.26048272E+001     0.20341245E-006     0.20030544E-006    -0.25120210E-014    -0.40966028E-014    -0.26205323E-014    -0.43884598E-014
     0.26091686E+001     0.19776045E-006     0.20092783E-006    -0.25769515E-014    -0.41055189E-014    -0.26490490E-014    -0.43649044E-014
     0.26135100E+001     0.19228578E-006     0.20390253E-006    -0.25894583E-014    -0.40340267E-014    -0.26773565E-014    -0.43409234E-014
     0.26178513E+001     0.18707772E-006     0.21105573E-006    -0.25931798E-014    -0.40270426E-014    -0.26865330E-014    -0.42882370E-014
     0.26221927E+001     0.18466898E-006     0.21513311E-006    -0.25995636E-014    -0.39511947E-014    -0.26689956E-014    -0.42560289E-014
     0.26265341E+001     0.18840499E-006     0.21801211E-006    -0.25375216E-014    -0.39400852E-014    -0.26506485E-014    -0.42202454E-014
     0.26308755E+001     0.19419758E-006     0.22275817E-006    -0.25363327E-014    -0.39226602E-014    -0.26032312E-014    -0.42090789E-014
     0.26352169E+001     0.19828470E-006     0.22047529E-006    -0.24641983E-014    -0.39186636E-014    -0.25799779E-014    -0.42203353E-014
     0.26395582E+001     0.20466235E-006     0.21743687E-006    -0.24668663E-014    -0.39684663E-014    -0.25487978E-014    -0.42345065E-014
     0.26438996E+001     0.20464463E-006     0.21200771E-006    -0.24492052E-014    -0.39651772E-014    -0.25477321E-014    -0.42764540E-014
     0.26482410E+001     0.20350828E-006     0.20378182E-006    -0.24610278E-014    -0.40304873E-014    -0.25635609E-014    -0.42913889E-014
     0.26525824E+001     0.20126250E-006     0.19787211E-006    -0.25105929E-014    -0.40145555E-014    -0.25854939E-014    -0.43181918E-014
     0.26569237E+001     0.19482197E-006     0.19599914E-006    -0.25174902E-014    -0.40308034E-014    -0.26325029E-014    -0.43089969E-014
     0.26612651E+001     0.18903100E-006     0.19550220E-006    -0.25870299E-014    -0.40029184E-014    -0.26509700E-014    -0.42898658E-014
     0.26656065E+001     0.18322542E-006     0.19912679E-006    -0.25723309E-014    -0.39538383E-014    -0.26837558E-014    -0.42601856E-014
     0.26699479E+001     0.18211559E-006     0.20285974E-006    -0.25985464E-014    -0.39350671E-014    -0.26748725E-014    -0.42095030E-014
     0.26742893E+001     0.18452212E-006     0.21042774E-006    -0.25671277E-014    -0.38631232E-014    -0.26626918E-014    -0.41877752E-014
     0.26786306E+001     0.18663960E-006     0.21480624E-006    -0.25308324E-014    -0.38739217E-014    -0.26340939E-014    -0.41496414E-014
     0.26829720E+001     0.19143517E-006     0.21616030E-006    -0.25111631E-014    -0.38387051E-014    -0.25903064E-014    -0.41582478E-014
     0.26873134E+001     0.19673788E-006     0.21348688E-006    -0.24502402E-014    -0.38719401E-014    -0.25741024E-014    -0.41633244E-014
     0.26916548E+001     0.20239773E-006     0.20799697E-006    -0.24672029E-014    -0.38951414E-014    -0.25406953E-014    -0.41916851E-014
     0.26959962E+001     0.20458787E-006     0.20370764E-006    -0.24362188E-014    -0.39157443E-014    -0.25579087E-014    -0.42285050E-014
     0.27003375E+001     0.20154375E-006     0.19851567E-006    -0.24816677E-014    -0.39643776E-014    -0.25642062E-014    -0.42411083E-014
     0.27046789E+001     0.19728883E-006     0.19444424E-006    -0.25025665E-014    -0.39427775E-014    -0.26007454E-014    -0.42702292E-014
     0.27090203E+001     0.18976246E-006     0.19379362E-006    -0.25356555E-014    -0.39671006E-014    -0.26369710E-014    -0.42454743E-014
     0.27133617E+001     0.18172126E-006     0.19586834E-006    -0.25814449E-014    -0.39114317E-014    -0.26542749E-014    -0.42386195E-014
     0.27177030E+001     0.17639241E-006     0.19758369E-006    -0.25669645E-014    -0.38912476E-014    -0.26847290E-014    -0.41942307E-014
     0.27220444E+001     0.17508910E-006     0.20125477E-006    -0.25933333E-014    -0.38460739E-014    -0.26599590E-014    -0.41600614E-014
     0.27263858E+001     0.17706878E-006     0.20499366E-006    -0.25387961E-014    -0.38037542E-014    -0.26584333E-014    -0.41381214E-014
     0.27307272E+001     0.18444243E-006     0.20628202E-006    -0.25276534E-014    -0.38095982E-014    -0.26113945E-014    -0.41084080E-014
     0.27350686E+001     0.19135907E-006     0.20903463E-006    -0.24804301E-014    -0.37828457E-014    -0.25846538E-014    -0.41334443E-014
     0.27394099E+001     0.19550093E-006     0.20771784E-006    -0.24506049E-014    -0.38342736E-014    -0.25611553E-014    -0.41311769E-014
     0.27437513E+001     0.19756713E-006     0.20063184E-006    -0.24555722E-014    -0.38378319E-014    -0.25368718E-014    -0.41819570E-014
     0.27480927E+001     0.19993121E-006     0.19532047E-006    -0.24382029E-014    -0.38860709E-014    -0.25635865E-014    -0.42017944E-014
     0.27524341E+001     0.19627368E-006     0.19024830E-006    -0.24928742E-014    -0.39038662E-014    -0.25605664E-014    -0.42290876E-014
     0.27567755E+001     0.19029040E-006     0.18639303E-006    -0.24980919E-014    -0.39005078E-014    -0.26161742E-014    -0.42482459E-014
     0.27611168E+001     0.18573610E-006     0.18579324E-006    -0.25531977E-014    -0.39080748E-014    -0.26289652E-014    -0.42226480E-014
     0.27654582E+001     0.17964504E-006     0.18901125E-006    -0.25660608E-014    -0.38524424E-014    -0.26604780E-014    -0.42267454E-014
     0.27697996E+001     0.17631788E-006     0.19353358E-006    -0.25705695E-014    -0.38441644E-014    -0.26718526E-014    -0.41684025E-014
     0.27741410E+001     0.17622008E-006     0.19900876E-006    -0.25728033E-014    -0.37844697E-014    -0.26461074E-014    -0.41637871E-014
     0.27784824E+001     0.17884220E-006     0.20412111E-006    -0.25222524E-014    -0.37754400E-014    -0.26468252E-014    -0.41281410E-014
     0.27828237E+001     0.18318924E-006     0.20644585E-006    -0.25138931E-014    -0.37636897E-014    -0.25819536E-014    -0.41271956E-014
     0.27871651E+001     0.18738080E-006     0.20422845E-006    -0.24549230E-014    -0.37674853E-014    -0.25793848E-014    -0.41524921E-014
     0.27915065E+001     0.19284308E-006     0.19922352E-006    -0.24511734E-014    -0.38118827E-014    -0.25315339E-014    -0.41581388E-014
     0.27958479E+001     0.19646966E-006     0.19426673E-006    -0.24356965E-014    -0.38227599E-014    -0.25331328E-014    -0.42298723E-014
     0.28001892E+001     0.19527452E-006     0.18764313E-006    -0.24464848E-014    -0.38802636E-014    -0.25459695E-014    -0.42333185E-014
     0.28045306E+001     0.19255258E-006     0.18381074E-006    -0.24838744E-014    -0.38829466E-014    -0.25458777E-014    -0.42984335E-014
     0.28088720E+001     0.18630205E-006     0.18061723E-006    -0.24952494E-014    -0.39031015E-014    -0.26045740E-014    -0.42967994E-014
     0.28132134E+001     0.18076609E-006     0.18107739E-006    -0.25436923E-014    -0.38870982E-014    -0.25867795E-014    -0.43011765E-014
     0.28175548E+001     0.17858671E-006     0.18501861E-006    -0.25401052E-014    -0.38552212E-014    -0.26434021E-014    -0.43034622E-014
     0.28218961E+001     0.17654411E-006     0.19160106E-006    -0.25566609E-014    -0.38387450E-014    -0.26152052E-014    -0.42550235E-014
     0.28262375E+001     0.17634857E-006     0.19880346E-006    -0.25322955E-014    -0.37981908E-014    -0.26149113E-014    -0.42900479E-014
     0.28305789E+001     0.17889297E-006     0.20354072E-006    -0.25006866E-014    -0.38056546E-014    -0.25916035E-014    -0.42422742E-014
     0.28349203E+001     0.18060775E-006     0.20508840E-006    -0.24709461E-014    -0.37987880E-014    -0.25250080E-014    -0.43051898E-014
     0.28392617E+001     0.18412897E-006     0.19846587E-006    -0.24265660E-014    -0.38348200E-014    -0.25355346E-014    -0.43169584E-014
     0.28436030E+001     0.19137371E-006     0.19217371E-006    -0.24165259E-014    -0.38731672E-014    -0.24458734E-014    -0.43789558E-014
     0.28479444E+001     0.19483278E-006     0.18720461E-006    -0.23988130E-014    -0.39208937E-014    -0.24858572E-014    -0.44713164E-014
     0.28522858E+001     0.19353557E-006     0.18370984E-006    -0.24147271E-014    -0.39734700E-014    -0.24346647E-014    -0.44973488E-014
     0.28566272E+001     0.18674551E-006     0.18016306E-006    -0.24282646E-014    -0.40104817E-014    -0.24584540E-014    -0.46426525E-014
     0.28609685E+001     0.18132070E-006     0.17728056E-006    -0.24513880E-014    -0.40435114E-014    -0.24764047E-014    -0.46387553E-014
     0.28653099E+001     0.17731181E-006     0.17909500E-006    -0.24597052E-014    -0.40647019E-014    -0.24251130E-014    -0.47812077E-014
     0.28696513E+001     0.17383788E-006     0.18460059E-006    -0.24641786E-014    -0.40854457E-014    -0.24893484E-014    -0.48166159E-014
     0.28739927E+001     0.17158172E-006     0.19016788E-006    -0.24262917E-014    -0.41100877E-014    -0.23414612E-014    -0.49179233E-014
     0.28783341E+001     0.17273609E-006     0.19430004E-006    -0.23921330E-014    -0.41737437E-014    -0.23713869E-014    -0.50996220E-014
     0.28826754E+001     0.17832735E-006     0.19651745E-006    -0.23031374E-014    -0.42345591E-014    -0.21682683E-014    -0.51850661E-014
     0.28870168E+001     0.18344806E-006     0.19819610E-006    -0.21980388E-014    -0.44182800E-014    -0.20187394E-014    -0.56186023E-014
     0.28913582E+001     0.18761737E-006     0.19501549E-006    -0.20694555E-014    -0.45803993E-014    -0.17852146E-014    -0.58536307E-014
     0.28956996E+001     0.19044982E-006     0.19060523E-006    -0.17395566E-014    -0.49699909E-014    -0.11032187E-014    -0.66665608E-014
     0.29000410E+001     0.19028616E-006     0.18394527E-006    -0.13211732E-014    -0.54854032E-014    -0.29194522E-015    -0.76286195E-014
     0.29043823E+001     0.18797148E-006     0.17934801E-006     0.56624282E-015    -0.59952019E-014     0.35545034E-014    -0.86689249E-014
     0.29087237E+001     0.18305174E-006     0.17664564E-006     0.41627600E-014    -0.29221705E-014     0.10690705E-013    -0.24482202E-014
     0.29130651E+001     0.17593727E-006     0.17727180E-006    -0.69163230E-015     0.25784671E-015     0.11301276E-014     0.39042547E-014
     0.29174065E+001     0.16983802E-006     0.17843052E-006    -0.20579822E-014    -0.82434118E-015    -0.16699282E-014     0.15771412E-014
     0.29217478E+001     0.16710003E-006     0.18234700E-006    -0.24795053E-014    -0.17736336E-014    -0.25045007E-014    -0.23117602E-015
     0.29260892E+001     0.16789220E-006     0.18578059E-006    -0.26459062E-014    -0.20031851E-014    -0.27930379E-014    -0.83758867E-015
     0.29304306E+001     0.17194491E-006     0.19124603E-006    -0.25636735E-014    -0.23505906E-014    -0.27503477E-014    -0.14875992E-014
     0.29347720E+001     0.17645761E-006     0.19348471E-006    -0.26889883E-014    -0.24906198E-014    -0.29210325E-014    -0.17937893E-014
     0.29391134E+001     0.18150707E-006     0.19239576E-006    -0.25677233E-014    -0.25979268E-014    -0.28132834E-014    -0.20308802E-014
     0.29434547E+001     0.18540163E-006     0.18960962E-006    -0.26469496E-014    -0.27742098E-014    -0.29069955E-014    -0.22867539E-014
     0.29477961E+001     0.18654880E-006     0.18324948E-006    -0.26113636E-014    -0.27718979E-014    -0.28737252E-014    -0.23563546E-014
     0.29521375E+001     0.18669080E-006     0.17634877E-006    -0.26232915E-014    -0.29351225E-014    -0.28871927E-014    -0.25533834E-014
     0.29564789E+001     0.18334974E-006     0.17325344E-006    -0.26865148E-014    -0.29051248E-014    -0.29297213E-014    -0.25764374E-014
     0.29608203E+001     0.17769535E-006     0.16969655E-006    -0.26394124E-014    -0.29842830E-014    -0.28894930E-014    -0.26832777E-014
     0.29651616E+001     0.17408291E-006     0.17063846E-006    -0.27368969E-014    -0.29825214E-014    -0.29513682E-014    -0.27190155E-014
     0.29695030E+001     0.17033023E-006     0.17557919E-006    -0.26668126E-014    -0.29619847E-014    -0.28970858E-014    -0.27451420E-014
     0.29738444E+001     0.16725128E-006     0.18060761E-006    -0.27184742E-014    -0.30106759E-014    -0.29263671E-014    -0.28085115E-014
     0.29781858E+001     0.16854175E-006     0.18505891E-006    -0.26744987E-014    -0.29413277E-014    -0.28943554E-014    -0.28001581E-014
     0.29825271E+001     0.17292911E-006     0.18929638E-006    -0.26490192E-014    -0.30227376E-014    -0.28809674E-014    -0.28761935E-014
     0.29868685E+001     0.17814893E-006     0.19108416E-006    -0.26646118E-014    -0.29783881E-014    -0.28888425E-014    -0.28794030E-014
     0.29912099E+001     0.18321517E-006     0.19118221E-006    -0.25943655E-014    -0.30451178E-014    -0.28587558E-014    -0.29396272E-014
     0.29955513E+001     0.18294493E-006     0.18863627E-006    -0.26613636E-014    -0.30640149E-014    -0.28968797E-014    -0.29680102E-014
     0.29998927E+001     0.18254121E-006     0.17998514E-006    -0.26072873E-014    -0.30711719E-014    -0.28812923E-014    -0.29890749E-014
     0.30042340E+001     0.18086125E-006     0.17242330E-006    -0.26775210E-014    -0.31345270E-014    -0.29216851E-014    -0.30258675E-014
     0.30085754E+001     0.17848970E-006     0.16820956E-006    -0.26783427E-014    -0.30782240E-014    -0.29292602E-014    -0.30104560E-014
     0.30129168E+001     0.17406008E-006     0.16743461E-006    -0.26970583E-014    -0.31360484E-014    -0.29430138E-014    -0.30340839E-014
     0.30172582E+001     0.16978097E-006     0.17054525E-006    -0.27447895E-014    -0.30626627E-014    -0.29602721E-014    -0.30076826E-014
     0.30215996E+001     0.16370903E-006     0.17534577E-006    -0.26955260E-014    -0.30776917E-014    -0.29424923E-014    -0.30141707E-014
     0.30259409E+001     0.16378362E-006     0.17717144E-006    -0.27508293E-014    -0.30492761E-014    -0.29540087E-014    -0.30078681E-014
     0.30302823E+001     0.16768425E-006     0.18394504E-006    -0.26746187E-014    -0.30201370E-014    -0.29258203E-014    -0.30086329E-014
     0.30346237E+001     0.17085380E-006     0.18734905E-006    -0.27026143E-014    -0.30638267E-014    -0.29308870E-014    -0.30320005E-014
     0.30389651E+001     0.17603911E-006     0.18763383E-006    -0.26661116E-014    -0.30176936E-014    -0.29228703E-014    -0.30370658E-014
     0.30433065E+001     0.18000700E-006     0.18614647E-006    -0.26578753E-014    -0.30990443E-014    -0.29313858E-014    -0.30720918E-014
     0.30476478E+001     0.18004574E-006     0.18158094E-006    -0.26984215E-014    -0.30666096E-014    -0.29556977E-014    -0.30786612E-014
     0.30519892E+001     0.17973871E-006     0.17317270E-006    -0.26688923E-014    -0.31175278E-014    -0.29730129E-014    -0.30974346E-014
     0.30563306E+001     0.17864599E-006     0.16796280E-006    -0.27599170E-014    -0.31149718E-014    -0.30137501E-014    -0.30961647E-014
     0.30606720E+001     0.17397718E-006     0.16578590E-006    -0.27334572E-014    -0.30904679E-014    -0.30346591E-014    -0.30862073E-014
     0.30650133E+001     0.16791569E-006     0.16503099E-006    -0.28071970E-014    -0.31155008E-014    -0.30678513E-014    -0.30767511E-014
     0.30693547E+001     0.16457023E-006     0.16624804E-006    -0.28063493E-014    -0.30341740E-014    -0.30853475E-014    -0.30547598E-014
     0.30736961E+001     0.16429771E-006     0.17290022E-006    -0.28142745E-014    -0.30725333E-014    -0.31047517E-014    -0.30486525E-014
     0.30780375E+001     0.16228681E-006     0.18078956E-006    -0.28546350E-014    -0.30028275E-014    -0.31282988E-014    -0.30420853E-014
     0.30823789E+001     0.16263913E-006     0.18384720E-006    -0.28140415E-014    -0.30350349E-014    -0.31638824E-014    -0.30566794E-014
     0.30867202E+001     0.16579429E-006     0.18263060E-006    -0.29079436E-014    -0.30435588E-014    -0.32332836E-014    -0.30857503E-014
     0.30910616E+001     0.17336676E-006     0.18098678E-006    -0.29171837E-014    -0.30700903E-014    -0.33666637E-014    -0.31615223E-014
     0.30954030E+001     0.17750323E-006     0.17755384E-006    -0.31137818E-014    -0.32664285E-014    -0.36193536E-014    -0.33711677E-014
     0.30997444E+001     0.18165404E-006     0.17234269E-006    -0.31379598E-014    -0.37609711E-014    -0.36596373E-014    -0.42729893E-014
     0.31040858E+001     0.17975310E-006     0.17048937E-006    -0.23209385E-014    -0.37558395E-014    -0.23902485E-014    -0.41728171E-014
     0.31084271E+001     0.17367820E-006     0.16553159E-006    -0.23942920E-014    -0.33250169E-014    -0.24279857E-014    -0.35072586E-014
     0.31127685E+001     0.16888504E-006     0.16196799E-006    -0.24660453E-014    -0.32139590E-014    -0.25808594E-014    -0.33097100E-014
     0.31171099E+001     0.16328195E-006     0.16235771E-006    -0.25897227E-014    -0.31378847E-014    -0.26903750E-014    -0.32069317E-014
     0.31214513E+001     0.16092016E-006     0.16407828E-006    -0.25834354E-014    -0.30691549E-014    -0.27411824E-014    -0.31461188E-014
     0.31257926E+001     0.16138147E-006     0.16994897E-006    -0.26409896E-014    -0.30665648E-014    -0.27793672E-014    -0.31104131E-014
     0.31301340E+001     0.16363016E-006     0.17740508E-006    -0.26253757E-014    -0.29908933E-014    -0.27935060E-014    -0.30850557E-014
     0.31344754E+001     0.16388238E-006     0.18361179E-006    -0.26155614E-014    -0.30329895E-014    -0.28049204E-014    -0.30813503E-014
     0.31388168E+001     0.16673567E-006     0.18317995E-006    -0.26385058E-014    -0.29876140E-014    -0.28169923E-014    -0.30821855E-014
     0.31431582E+001     0.16951781E-006     0.18054162E-006    -0.25948201E-014    -0.30294453E-014    -0.28330904E-014    -0.30925855E-014
     0.31474995E+001     0.17238093E-006     0.17468565E-006    -0.26615757E-014    -0.30363032E-014    -0.28581647E-014    -0.30999926E-014
     0.31518409E+001     0.17271122E-006     0.16740044E-006    -0.26310170E-014    -0.30315877E-014    -0.28880212E-014    -0.31037956E-014
     0.31561823E+001     0.17223716E-006     0.16129737E-006    -0.27008768E-014    -0.30729147E-014    -0.29200295E-014    -0.30972693E-014
     0.31605237E+001     0.16982322E-006     0.15660585E-006    -0.27116745E-014    -0.30125614E-014    -0.29490417E-014    -0.30851330E-014
     0.31648651E+001     0.16533487E-006     0.15711111E-006    -0.27335889E-014    -0.30503654E-014    -0.29716435E-014    -0.30628590E-014
     0.31692064E+001     0.16104580E-006     0.15810075E-006    -0.27790141E-014    -0.29765227E-014    -0.29822027E-014    -0.30430563E-014
     0.31735478E+001     0.15904632E-006     0.16298639E-006    -0.27370039E-014    -0.29822379E-014    -0.29888002E-014    -0.30228422E-014
     0.31778892E+001     0.15867755E-006     0.16949479E-006    -0.27883918E-014    -0.29523107E-014    -0.29819498E-014    -0.30106506E-014
     0.31822306E+001     0.15925425E-006     0.17459307E-006    -0.27228141E-014    -0.29231257E-014    -0.29827453E-014    -0.30093914E-014
     0.31865719E+001     0.16292509E-006     0.17665690E-006    -0.27537285E-014    -0.29613862E-014    -0.29791892E-014    -0.30100976E-014
     0.31909133E+001     0.16769907E-006     0.17637654E-006    -0.27271341E-014    -0.29159454E-014    -0.29883551E-014    -0.30255862E-014
     0.31952547E+001     0.17178801E-006     0.17397520E-006    -0.27265366E-014    -0.29875199E-014    -0.30051328E-014    -0.30290368E-014
     0.31995961E+001     0.17391782E-006     0.16893412E-006    -0.27701624E-014    -0.29497905E-014    -0.30240285E-014    -0.30397506E-014
     0.32039375E+001     0.17437757E-006     0.16421457E-006    -0.27452002E-014    -0.29889507E-014    -0.30581184E-014    -0.30326464E-014
     0.32082788E+001     0.17096982E-006     0.16118121E-006    -0.28315163E-014    -0.29774430E-014    -0.30761884E-014    -0.30222393E-014
     0.32126202E+001     0.16307694E-006     0.15843378E-006    -0.28012416E-014    -0.29469207E-014    -0.31054190E-014    -0.30072866E-014
     0.32169616E+001     0.15759255E-006     0.15436345E-006    -0.28641925E-014    -0.29665880E-014    -0.31121599E-014    -0.29796867E-014
     0.32213030E+001     0.15610538E-006     0.15614231E-006    -0.28525310E-014    -0.28867993E-014    -0.31205223E-014    -0.29710809E-014
     0.32256444E+001     0.15501850E-006     0.16190852E-006    -0.28483259E-014    -0.29253611E-014    -0.31214342E-014    -0.29483642E-014
     0.32299857E+001     0.15441431E-006     0.16676419E-006    -0.28724998E-014    -0.28589249E-014    -0.31138563E-014    -0.29545820E-014
     0.32343271E+001     0.15730756E-006     0.17082115E-006    -0.28140633E-014    -0.28886596E-014    -0.31258634E-014    -0.29526365E-014
     0.32386685E+001     0.16088471E-006     0.17252318E-006    -0.28705098E-014    -0.28842833E-014    -0.31232112E-014    -0.29625012E-014
     0.32430099E+001     0.16601831E-006     0.17047266E-006    -0.28158472E-014    -0.28762663E-014    -0.31549879E-014    -0.29759944E-014
     0.32473512E+001     0.17050637E-006     0.16740214E-006    -0.28753334E-014    -0.29296708E-014    -0.31718230E-014    -0.29704816E-014
     0.32516926E+001     0.17130416E-006     0.16250967E-006    -0.28750864E-014    -0.28775520E-014    -0.32070516E-014    -0.29792753E-014
     0.32560340E+001     0.17142730E-006     0.15654811E-006    -0.28982457E-014    -0.29372568E-014    -0.32389280E-014    -0.29496369E-014
     0.32603754E+001     0.16816840E-006     0.15344626E-006    -0.29581938E-014    -0.28704211E-014    -0.32556074E-014    -0.29420310E-014
     0.32647168E+001     0.16358062E-006     0.15140632E-006    -0.29271809E-014    -0.28869186E-014    -0.32838649E-014    -0.29106004E-014
     0.32690581E+001     0.15875346E-006     0.15414794E-006    -0.30032059E-014    -0.28535183E-014    -0.32713672E-014    -0.28907285E-014
     0.32733995E+001     0.15407048E-006     0.15734136E-006    -0.29456791E-014    -0.28119127E-014    -0.32880397E-014    -0.28817591E-014
     0.32777409E+001     0.15265729E-006     0.16221852E-006    -0.29913151E-014    -0.28420351E-014    -0.32744467E-014    -0.28660851E-014
     0.32820823E+001     0.15248244E-006     0.16667101E-006    -0.29629975E-014    -0.27760129E-014    -0.32845460E-014    -0.28916836E-014
     0.32864237E+001     0.15508894E-006     0.16895003E-006    -0.29570187E-014    -0.28472710E-014    -0.32999371E-014    -0.28859223E-014
     0.32907650E+001     0.15979707E-006     0.16824509E-006    -0.29983946E-014    -0.28001463E-014    -0.33145970E-014    -0.29172485E-014
     0.32951064E+001     0.16523066E-006     0.16596498E-006    -0.29609823E-014    -0.28499022E-014    -0.33692103E-014    -0.29136360E-014
     0.32994478E+001     0.16908752E-006     0.16164614E-006    -0.30573869E-014    -0.28469158E-014    -0.33906039E-014    -0.29131844E-014
     0.33037892E+001     0.16987979E-006     0.15796995E-006    -0.30260957E-014    -0.28241636E-014    -0.34554861E-014    -0.29042973E-014
     0.33081305E+001     0.16604660E-006     0.15298944E-006    -0.31121584E-014    -0.28585745E-014    -0.34754214E-014    -0.28613741E-014
     0.33124719E+001     0.16373689E-006     0.14771280E-006    -0.31159154E-014    -0.27704141E-014    -0.35082468E-014    -0.28523691E-014
     0.33168133E+001     0.15868886E-006     0.14785449E-006    -0.31301234E-014    -0.28143579E-014    -0.35222949E-014    -0.27967135E-014
     0.33211547E+001     0.15469320E-006     0.14876042E-006    -0.31752180E-014    -0.27264808E-014    -0.35108963E-014    -0.27971382E-014
     0.33254961E+001     0.15359929E-006     0.15310843E-006    -0.31155424E-014    -0.27489086E-014    -0.35322878E-014    -0.27747527E-014
     0.33298374E+001     0.15248505E-006     0.15995515E-006    -0.31867939E-014    -0.27308844E-014    -0.35077747E-014    -0.27852327E-014
     0.33341788E+001     0.15297937E-006     0.16374907E-006    -0.31174509E-014    -0.27132474E-014    -0.35497642E-014    -0.28118257E-014
     0.33385202E+001     0.15705062E-006     0.16565378E-006    -0.31840939E-014    -0.27776767E-014    -0.35594490E-014    -0.28120315E-014
     0.33428616E+001     0.16198421E-006     0.16563065E-006    -0.31808593E-014    -0.27207758E-014    -0.36176044E-014    -0.28560708E-014
     0.33472030E+001     0.16573720E-006     0.16340341E-006    -0.32123378E-014    -0.28081637E-014    -0.36804626E-014    -0.28271027E-014
     0.33515443E+001     0.16603014E-006     0.15820907E-006    -0.32985897E-014    -0.27400282E-014    -0.37266379E-014    -0.28411661E-014
     0.33558857E+001     0.16864177E-006     0.15111551E-006    -0.32800746E-014    -0.27718340E-014    -0.38120753E-014    -0.27925543E-014
     0.33602271E+001     0.16557497E-006     0.15036584E-006    -0.34028799E-014    -0.27348261E-014    -0.38213525E-014    -0.27561727E-014
     0.33645685E+001     0.15935958E-006     0.14583158E-006    -0.33563089E-014    -0.26782172E-014    -0.38827624E-014    -0.27262594E-014
     0.33689099E+001     0.15597494E-006     0.14559716E-006    -0.34361922E-014    -0.27043157E-014    -0.38678180E-014    -0.26680319E-014
     0.33732512E+001     0.15244991E-006     0.14878507E-006    -0.34145841E-014    -0.26013723E-014    -0.38857085E-014    -0.26888997E-014
     0.33775926E+001     0.15092823E-006     0.15426471E-006    -0.34130579E-014    -0.26781933E-014    -0.38981879E-014    -0.26540174E-014
     0.33819340E+001     0.14933890E-006     0.15981432E-006    -0.34675036E-014    -0.26077515E-014    -0.38993360E-014    -0.27126299E-014
     0.33862754E+001     0.15066859E-006     0.16165189E-006    -0.34151802E-014    -0.26743553E-014    -0.39800358E-014    -0.27204716E-014
     0.33906167E+001     0.15544708E-006     0.16263583E-006    -0.35462369E-014    -0.26816119E-014    -0.40064190E-014    -0.27531229E-014
     0.33949581E+001     0.16009975E-006     0.16098637E-006    -0.35160576E-014    -0.26684931E-014    -0.41418539E-014    -0.27793082E-014
     0.33992995E+001     0.16375193E-006     0.15655416E-006    -0.36572349E-014    -0.27347437E-014    -0.42100983E-014    -0.27329885E-014
     0.34036409E+001     0.16723134E-006     0.15179792E-006    -0.36998839E-014    -0.26256814E-014    -0.43277803E-014    -0.27399334E-014
     0.34079823E+001     0.16627190E-006     0.14818862E-006    -0.37636134E-014    -0.26888825E-014    -0.44184659E-014    -0.26293715E-014
     0.34123236E+001     0.16308957E-006     0.14564237E-006    -0.38739049E-014    -0.25538887E-014    -0.44524206E-014    -0.26080620E-014
     0.34166650E+001     0.15691596E-006     0.14491760E-006    -0.38269871E-014    -0.25635419E-014    -0.45353244E-014    -0.25194749E-014
     0.34210064E+001     0.15133109E-006     0.14426281E-006    -0.39559808E-014    -0.25113265E-014    -0.44963417E-014    -0.24902083E-014
     0.34253478E+001     0.14981657E-006     0.14800128E-006    -0.38663385E-014    -0.24600116E-014    -0.45691794E-014    -0.25044099E-014
     0.34296892E+001     0.14649965E-006     0.15419999E-006    -0.39672264E-014    -0.25436815E-014    -0.45565246E-014    -0.24880267E-014
     0.34340305E+001     0.14513629E-006     0.15729826E-006    -0.39651157E-014    -0.24628365E-014    -0.46437229E-014    -0.26003725E-014
     0.34383719E+001     0.14964214E-006     0.15705953E-006    -0.40223568E-014    -0.26219368E-014    -0.47602029E-014    -0.25910248E-014
     0.34427133E+001     0.15543669E-006     0.15690685E-006    -0.41875552E-014    -0.25545478E-014    -0.48766541E-014    -0.26972029E-014
     0.34470547E+001     0.16117104E-006     0.15603492E-006    -0.42148312E-014    -0.26450658E-014    -0.51297580E-014    -0.26711150E-014
     0.34513960E+001     0.16290634E-006     0.15299252E-006    -0.44993985E-014    -0.26205234E-014    -0.52602504E-014    -0.26521794E-014
     0.34557374E+001     0.16316105E-006     0.14675727E-006    -0.45304574E-014    -0.25367192E-014    -0.55432840E-014    -0.26078207E-014
     0.34600788E+001     0.16348689E-006     0.14188772E-006    -0.47831464E-014    -0.25662768E-014    -0.56669806E-014    -0.24452424E-014
     0.34644202E+001     0.15996738E-006     0.14098759E-006    -0.48629124E-014    -0.23451047E-014    -0.58495054E-014    -0.24211646E-014
     0.34687616E+001     0.15359162E-006     0.14009308E-006    -0.49524691E-014    -0.24168206E-014    -0.59819521E-014    -0.22299311E-014
     0.34731029E+001     0.14948735E-006     0.14202198E-006    -0.51257930E-014    -0.22202419E-014    -0.60360402E-014    -0.22563780E-014
     0.34774443E+001     0.14599456E-006     0.14592084E-006    -0.50751708E-014    -0.22855883E-014    -0.62497422E-014    -0.21910586E-014
     0.34817857E+001     0.14440488E-006     0.14965245E-006    -0.53649237E-014    -0.22804701E-014    -0.63016224E-014    -0.22446162E-014
     0.34861271E+001     0.14723734E-006     0.15065374E-006    -0.53528656E-014    -0.22675499E-014    -0.66565300E-014    -0.23629953E-014
     0.34904685E+001     0.15364807E-006     0.15251091E-006    -0.57226389E-014    -0.24722503E-014    -0.68990911E-014    -0.23542733E-014
     0.34948098E+001     0.16009533E-006     0.15465168E-006    -0.59666327E-014    -0.23336750E-014    -0.73792556E-014    -0.25529135E-014
     0.34991512E+001     0.16333590E-006     0.15409843E-006    -0.63299803E-014    -0.25877428E-014    -0.79320666E-014    -0.24203696E-014
     0.35034926E+001     0.16278016E-006     0.15002589E-006    -0.69248375E-014    -0.23773268E-014    -0.84522397E-014    -0.25176605E-014
     0.35078340E+001     0.16261182E-006     0.14397004E-006    -0.72262138E-014    -0.24556848E-014    -0.92880179E-014    -0.23331178E-014
     0.35121753E+001     0.15939326E-006     0.13826988E-006    -0.80893873E-014    -0.23470519E-014    -0.98302613E-014    -0.22218225E-014
     0.35165167E+001     0.15757838E-006     0.13667205E-006    -0.84530783E-014    -0.21397818E-014    -0.10870498E-013    -0.21945843E-014
     0.35208581E+001     0.15297626E-006     0.13850358E-006    -0.94479931E-014    -0.23457038E-014    -0.11694143E-013    -0.19631868E-014
     0.35251995E+001     0.14728579E-006     0.14053132E-006    -0.10301794E-013    -0.19966617E-014    -0.13025629E-013    -0.23233592E-014
     0.35295409E+001     0.14741833E-006     0.14370140E-006    -0.11511099E-013    -0.26059865E-014    -0.14842874E-013    -0.22708255E-014
     0.35338822E+001     0.14814529E-006     0.15119649E-006    -0.13753223E-013    -0.26049082E-014    -0.17160557E-013    -0.31700450E-014
     0.35382236E+001     0.14897741E-006     0.15402404E-006    -0.16093702E-013    -0.37305908E-014    -0.21601142E-013    -0.41847170E-014
     0.35425650E+001     0.15306353E-006     0.15463597E-006    -0.21817195E-013    -0.58255135E-014    -0.27564990E-013    -0.67434027E-014
     0.35469064E+001     0.15808443E-006     0.15417965E-006    -0.29770057E-013    -0.10992168E-013    -0.40127124E-013    -0.15236308E-013
     0.35512478E+001     0.16060748E-006     0.15178691E-006    -0.40872223E-013    -0.37706947E-013    -0.54875416E-013    -0.46991018E-013
     0.35555891E+001     0.16029582E-006     0.14711025E-006     0.64827012E-014    -0.66549548E-013     0.12097577E-013    -0.87700065E-013
     0.35599305E+001     0.15924942E-006     0.14207942E-006     0.25066150E-013    -0.27318331E-013     0.33204462E-013    -0.37624863E-013
     0.35642719E+001     0.15554731E-006     0.13827468E-006     0.17729464E-013    -0.15105220E-013     0.23626827E-013    -0.18290636E-013
     0.35686133E+001     0.14940086E-006     0.13635050E-006     0.12195595E-013    -0.93858246E-014     0.17411040E-013    -0.12236078E-013
     0.35729546E+001     0.14512372E-006     0.13509012E-006     0.96841485E-014    -0.72115664E-014     0.12766275E-013    -0.86741502E-014
     0.35772960E+001     0.14392560E-006     0.13890172E-006     0.71311954E-014    -0.58141843E-014     0.10588554E-013    -0.67100279E-014
     0.35816374E+001     0.14223695E-006     0.14319787E-006     0.62122420E-014    -0.46768283E-014     0.85816371E-014    -0.57162785E-014
     0.35859788E+001     0.14234867E-006     0.14671112E-006     0.51467531E-014    -0.44402394E-014     0.76181599E-014    -0.47144090E-014
     0.35903202E+001     0.14701905E-006     0.14863453E-006     0.45506121E-014    -0.38054168E-014     0.67832212E-014    -0.46191101E-014
     0.35946615E+001     0.15135137E-006     0.14827501E-006     0.41637840E-014    -0.39600635E-014     0.60208141E-014    -0.42647792E-014
     0.35990029E+001     0.15758409E-006     0.14641175E-006     0.35138726E-014    -0.37941028E-014     0.55663468E-014    -0.44417570E-014
     0.36033443E+001     0.16095671E-006     0.14343175E-006     0.32719341E-014    -0.39154359E-014     0.47222726E-014    -0.44776585E-014
     0.36076857E+001     0.16105992E-006     0.13977085E-006     0.25715268E-014    -0.40081206E-014     0.42311704E-014    -0.45068832E-014
     0.36120271E+001     0.16066512E-006     0.13732488E-006     0.22263703E-014    -0.38887008E-014     0.34113884E-014    -0.45966166E-014
     0.36163684E+001     0.15332467E-006     0.13550152E-006     0.16680999E-014    -0.39657574E-014     0.28448491E-014    -0.43248952E-014
     0.36207098E+001     0.14779951E-006     0.13339523E-006     0.12589349E-014    -0.36354673E-014     0.22991822E-014    -0.42433952E-014
     0.36250512E+001     0.14399441E-006     0.13341810E-006     0.10082874E-014    -0.35541484E-014     0.18295334E-014    -0.38119299E-014
     0.36293926E+001     0.14410474E-006     0.13745599E-006     0.69494053E-015    -0.32226628E-014     0.16789727E-014    -0.35777026E-014
     0.36337339E+001     0.14194739E-006     0.14458007E-006     0.73511897E-015    -0.30399890E-014     0.14441690E-014    -0.32743795E-014
     0.36380753E+001     0.14210852E-006     0.14615966E-006     0.60360134E-015    -0.29184027E-014     0.15558913E-014    -0.30635925E-014
     0.36424167E+001     0.14696738E-006     0.14712629E-006     0.73617429E-015    -0.27801913E-014     0.15137321E-014    -0.30666504E-014
     0.36467581E+001     0.15115971E-006     0.14694558E-006     0.72284014E-015    -0.29065131E-014     0.15973081E-014    -0.30128584E-014
     0.36510995E+001     0.15508192E-006     0.14319009E-006     0.71852039E-015    -0.28916980E-014     0.15764202E-014    -0.32471149E-014
     0.36554408E+001     0.15863365E-006     0.13923870E-006     0.69547360E-015    -0.31102235E-014     0.14261354E-014    -0.33259761E-014
     0.36597822E+001     0.15787774E-006     0.13563560E-006     0.48169500E-015    -0.31666882E-014     0.13046576E-014    -0.35339504E-014
     0.36641236E+001     0.15449669E-006     0.13206818E-006     0.38208786E-015    -0.32588639E-014     0.95396414E-015    -0.36019110E-014
     0.36684650E+001     0.14916433E-006     0.12873636E-006     0.83130802E-016    -0.32819605E-014     0.75311896E-015    -0.35781210E-014
     0.36728064E+001     0.14721363E-006     0.12794292E-006    -0.46993477E-016    -0.31565485E-014     0.42763247E-015    -0.35333093E-014
     0.36771477E+001     0.14298826E-006     0.13303947E-006    -0.22580113E-015    -0.30979786E-014     0.26975297E-015    -0.32910509E-014
     0.36814891E+001     0.14028241E-006     0.13448504E-006    -0.29394727E-015    -0.28518485E-014     0.17492748E-015    -0.31602747E-014
     0.36858305E+001     0.14273260E-006     0.13929530E-006    -0.24180277E-015    -0.27464607E-014     0.15156931E-015    -0.28916656E-014
     0.36901719E+001     0.14535851E-006     0.14234465E-006    -0.19897852E-015    -0.25414879E-014     0.30127024E-015    -0.27649374E-014
     0.36945133E+001     0.14959791E-006     0.14376446E-006     0.40887538E-016    -0.23759848E-014     0.40487250E-015    -0.25937157E-014
     0.36988546E+001     0.15415254E-006     0.14323483E-006     0.91565579E-016    -0.19757895E-014     0.58099027E-015    -0.22882436E-014
     0.37031960E+001     0.15694787E-006     0.13956354E-006    -0.79558466E-015    -0.17560382E-014    -0.20239202E-015    -0.22179804E-014
     0.37075374E+001     0.15968484E-006     0.13454728E-006    -0.88898647E-015    -0.26627473E-014    -0.22097812E-015    -0.28614795E-014
     0.37118788E+001     0.15887357E-006     0.13224623E-006    -0.75926707E-015    -0.28682060E-014    -0.17201109E-015    -0.31905500E-014
     0.37162201E+001     0.15524143E-006     0.12960032E-006    -0.74451028E-015    -0.30227345E-014    -0.27780411E-015    -0.32266678E-014
     0.37205615E+001     0.14998516E-006     0.12925609E-006    -0.86600282E-015    -0.30161249E-014    -0.35439156E-015    -0.32914612E-014
     0.37249029E+001     0.14513401E-006     0.13063089E-006    -0.90669550E-015    -0.29894360E-014    -0.55889115E-015    -0.32208356E-014
     0.37292443E+001     0.14044097E-006     0.13298821E-006    -0.10304703E-014    -0.29176889E-014    -0.59763318E-015    -0.30945634E-014
     0.37335857E+001     0.14005251E-006     0.13642808E-006    -0.10230499E-014    -0.27800826E-014    -0.69238026E-015    -0.30018395E-014
     0.37379270E+001     0.14130269E-006     0.14008682E-006    -0.10261992E-014    -0.27244611E-014    -0.64882632E-015    -0.28224573E-014
     0.37422684E+001     0.14552380E-006     0.14236010E-006    -0.97190377E-015    -0.26075967E-014    -0.58275450E-015    -0.28008696E-014
     0.37466098E+001     0.14850427E-006     0.14315503E-006    -0.87883181E-015    -0.26250851E-014    -0.52492175E-015    -0.27246449E-014
     0.37509512E+001     0.15342021E-006     0.14067713E-006    -0.84972433E-015    -0.26224876E-014    -0.40677318E-015    -0.27955076E-014
     0.37552926E+001     0.15623503E-006     0.13716229E-006    -0.77339688E-015    -0.26923647E-014    -0.42946965E-015    -0.28644857E-014
     0.37596339E+001     0.15582414E-006     0.13260004E-006    -0.82503949E-015    -0.27796792E-014    -0.39914017E-015    -0.29485099E-014
     0.37639753E+001     0.15580295E-006     0.12828041E-006    -0.84886188E-015    -0.28221275E-014    -0.51824201E-015    -0.30671675E-014
     0.37683167E+001     0.15152171E-006     0.12809392E-006    -0.95398900E-015    -0.28966390E-014    -0.61362496E-015    -0.30635903E-014
     0.37726581E+001     0.14570916E-006     0.12772651E-006    -0.10559705E-014    -0.28533382E-014    -0.74243033E-015    -0.31059933E-014
     0.37769994E+001     0.14112470E-006     0.12827897E-006    -0.11291065E-014    -0.28398053E-014    -0.87963740E-015    -0.29991359E-014
     0.37813408E+001     0.13902441E-006     0.13247920E-006    -0.12177492E-014    -0.27394679E-014    -0.91318505E-015    -0.29309372E-014
     0.37856822E+001     0.13926809E-006     0.13580929E-006    -0.11991274E-014    -0.26584592E-014    -0.98109767E-015    -0.28120701E-014
     0.37900236E+001     0.13994616E-006     0.14132848E-006    -0.12084145E-014    -0.25904599E-014    -0.90371605E-015    -0.27076182E-014
     0.37943650E+001     0.14244215E-006     0.14102095E-006    -0.11282035E-014    -0.25232444E-014    -0.87420404E-015    -0.26853306E-014
     0.37987063E+001     0.14770432E-006     0.13901661E-006    -0.10789569E-014    -0.25491459E-014    -0.78012988E-015    -0.26414547E-014
     0.38030477E+001     0.15183363E-006     0.13757968E-006    -0.10294775E-014    -0.25513242E-014    -0.72129374E-015    -0.27332084E-014
     0.38073891E+001     0.15321917E-006     0.13348043E-006    -0.99541298E-015    -0.26413907E-014    -0.72286858E-015    -0.27715426E-014
     0.38117305E+001     0.15209353E-006     0.12872796E-006    -0.10400235E-014    -0.26910422E-014    -0.71766726E-015    -0.28829571E-014
     0.38160719E+001     0.14928018E-006     0.12337610E-006    -0.10673976E-014    -0.27518218E-014    -0.83517964E-015    -0.29407372E-014
     0.38204132E+001     0.14695247E-006     0.12077410E-006    -0.11774356E-014    -0.27824239E-014    -0.89726599E-015    -0.29574002E-014
     0.38247546E+001     0.14385604E-006     0.12254179E-006    -0.12414361E-014    -0.27487268E-014    -0.10369137E-014    -0.29639662E-014
     0.38290960E+001     0.14041326E-006     0.12519105E-006    -0.13235951E-014    -0.27236235E-014    -0.11071532E-014    -0.28620873E-014
     0.38334374E+001     0.13817581E-006     0.13073179E-006    -0.13634078E-014    -0.26223330E-014    -0.11542815E-014    -0.28126317E-014
     0.38377787E+001     0.13775469E-006     0.13395248E-006    -0.13517379E-014    -0.25701900E-014    -0.11731992E-014    -0.26844614E-014
     0.38421201E+001     0.14035863E-006     0.13667859E-006    -0.13378956E-014    -0.24933919E-014    -0.10991191E-014    -0.26358916E-014
     0.38464615E+001     0.14464434E-006     0.13645817E-006    -0.12571522E-014    -0.24681486E-014    -0.10712352E-014    -0.25931660E-014
     0.38508029E+001     0.14891136E-006     0.13623267E-006    -0.12247556E-014    -0.24816294E-014    -0.96687618E-015    -0.25948761E-014
     0.38551443E+001     0.15171127E-006     0.13231927E-006    -0.11647606E-014    -0.25061908E-014    -0.94915402E-015    -0.26706387E-014
     0.38594856E+001     0.15309471E-006     0.12715358E-006    -0.11643688E-014    -0.25873790E-014    -0.92438835E-015    -0.27093243E-014
     0.38638270E+001     0.15358815E-006     0.12363539E-006    -0.11904886E-014    -0.26231227E-014    -0.95747701E-015    -0.28188294E-014
     0.38681684E+001     0.15045003E-006     0.12017947E-006    -0.12362715E-014    -0.26860687E-014    -0.10451673E-014    -0.28366020E-014
     0.38725098E+001     0.14580592E-006     0.12044753E-006    -0.13274536E-014    -0.26837944E-014    -0.11068308E-014    -0.28711023E-014
     0.38768512E+001     0.14342411E-006     0.12120691E-006    -0.13772351E-014    -0.26644784E-014    -0.12297491E-014    -0.28343908E-014
     0.38811925E+001     0.13878574E-006     0.12671527E-006    -0.14515650E-014    -0.26167269E-014    -0.12604827E-014    -0.27609157E-014
     0.38855339E+001     0.13798562E-006     0.12953066E-006    -0.14571692E-014    -0.25344322E-014    -0.13143413E-014    -0.27010018E-014
     0.38898753E+001     0.13820370E-006     0.13429136E-006    -0.14541181E-014    -0.24874784E-014    -0.12864473E-014    -0.25911126E-014
     0.38942167E+001     0.14094494E-006     0.13505380E-006    -0.14149798E-014    -0.24204334E-014    -0.12385800E-014    -0.25710492E-014
     0.38985580E+001     0.14614570E-006     0.13491222E-006    -0.13522489E-014    -0.24229048E-014    -0.11904298E-014    -0.25242239E-014
     0.39028994E+001     0.14953800E-006     0.13284563E-006    -0.13182029E-014    -0.24285720E-014    -0.11058318E-014    -0.25665439E-014
     0.39072408E+001     0.15307478E-006     0.12988341E-006    -0.12686436E-014    -0.24766988E-014    -0.11041142E-014    -0.26142673E-014
     0.39115822E+001     0.15243316E-006     0.12518158E-006    -0.12868941E-014    -0.25370693E-014    -0.10747024E-014    -0.26734439E-014
     0.39159236E+001     0.15128727E-006     0.12106259E-006    -0.13043497E-014    -0.25751660E-014    -0.11397870E-014    -0.27540550E-014
     0.39202649E+001     0.14802772E-006     0.11847372E-006    -0.13687955E-014    -0.26215987E-014    -0.11966838E-014    -0.27601052E-014
     0.39246063E+001     0.14486620E-006     0.12031815E-006    -0.14356435E-014    -0.26028950E-014    -0.12767285E-014    -0.27902198E-014
     0.39289477E+001     0.13976961E-006     0.12224343E-006    -0.14876413E-014    -0.25867045E-014    -0.13632537E-014    -0.27241195E-014
     0.39332891E+001     0.13669182E-006     0.12762334E-006    -0.15396227E-014    -0.25211497E-014    -0.13845479E-014    -0.26767112E-014
     0.39376305E+001     0.13422301E-006     0.12880903E-006    -0.15305444E-014    -0.24606197E-014    -0.14240713E-014    -0.25948283E-014
     0.39419718E+001     0.13881741E-006     0.13109796E-006    -0.15243388E-014    -0.24085625E-014    -0.13686090E-014    -0.25215333E-014
     0.39463132E+001     0.14296412E-006     0.13462595E-006    -0.14673622E-014    -0.23644477E-014    -0.13394033E-014    -0.25018101E-014
     0.39506546E+001     0.14484383E-006     0.13372133E-006    -0.14219965E-014    -0.23757557E-014    -0.12666316E-014    -0.24720782E-014
     0.39549960E+001     0.14961522E-006     0.13038409E-006    -0.13791823E-014    -0.23856856E-014    -0.12162212E-014    -0.25330285E-014
     0.39593374E+001     0.15130861E-006     0.12719982E-006    -0.13517766E-014    -0.24461026E-014    -0.12070379E-014    -0.25631287E-014
     0.39636787E+001     0.15055187E-006     0.12286193E-006    -0.13730511E-014    -0.24892879E-014    -0.11969938E-014    -0.26429021E-014
     0.39680201E+001     0.14737480E-006     0.11960800E-006    -0.13956719E-014    -0.25344245E-014    -0.12708815E-014    -0.26874412E-014
     0.39723615E+001     0.14338660E-006     0.11716778E-006    -0.14667361E-014    -0.25568190E-014    -0.13118496E-014    -0.27026586E-014
     0.39767029E+001     0.13938765E-006     0.11732617E-006    -0.15164674E-014    -0.25371462E-014    -0.14062874E-014    -0.27076707E-014
     0.39810442E+001     0.13676525E-006     0.12060329E-006    -0.15720263E-014    -0.25116369E-014    -0.14545393E-014    -0.26372968E-014
     0.39853856E+001     0.13497770E-006     0.12466085E-006    -0.15986799E-014    -0.24419532E-014    -0.14852638E-014    -0.25988091E-014
     0.39897270E+001     0.13394535E-006     0.12810395E-006    -0.15885699E-014    -0.23955749E-014    -0.14939860E-014    -0.25057729E-014
     0.39940684E+001     0.13840476E-006     0.12930550E-006    -0.15691313E-014    -0.23401599E-014    -0.14377398E-014    -0.24670590E-014
     0.39984098E+001     0.14250647E-006     0.13052966E-006    -0.15094345E-014    -0.23199534E-014    -0.14099018E-014    -0.24357558E-014
     0.40027511E+001     0.14773831E-006     0.12995589E-006    -0.14734192E-014    -0.23288876E-014    -0.13280362E-014    -0.24369796E-014
     0.40070925E+001     0.15045827E-006     0.12870332E-006    -0.14284612E-014    -0.23519547E-014    -0.13077716E-014    -0.24914592E-014
     0.40114339E+001     0.14968310E-006     0.12466169E-006    -0.14223535E-014    -0.24106806E-014    -0.12848863E-014    -0.25236127E-014
     0.40157753E+001     0.14839669E-006     0.12028282E-006    -0.14394235E-014    -0.24455887E-014    -0.13052403E-014    -0.26048766E-014
     0.40201167E+001     0.14424536E-006     0.11687525E-006    -0.14754101E-014    -0.24898701E-014    -0.13668693E-014    -0.26217859E-014
     0.40244580E+001     0.14068759E-006     0.11620043E-006    -0.15401176E-014    -0.24917896E-014    -0.14122677E-014    -0.26479660E-014
     0.40287994E+001     0.13581684E-006     0.11575701E-006    -0.15828068E-014    -0.24754419E-014    -0.15009654E-014    -0.26209893E-014
     0.40331408E+001     0.13429101E-006     0.11989175E-006    -0.16335114E-014    -0.24360534E-014    -0.15239853E-014    -0.25654888E-014
     0.40374822E+001     0.13255102E-006     0.12332363E-006    -0.16391783E-014    -0.23739528E-014    -0.15606937E-014    -0.25176236E-014
     0.40418235E+001     0.13428532E-006     0.12565289E-006    -0.16311171E-014    -0.23313410E-014    -0.15364424E-014    -0.24343169E-014
     0.40461649E+001     0.13822289E-006     0.12792251E-006    -0.15960421E-014    -0.22831224E-014    -0.14952474E-014    -0.24155073E-014
     0.40505063E+001     0.14248882E-006     0.12825711E-006    -0.15445511E-014    -0.22806367E-014    -0.14527637E-014    -0.23803194E-014
     0.40548477E+001     0.14732399E-006     0.12740727E-006    -0.15094122E-014    -0.22885801E-014    -0.13838564E-014    -0.24121011E-014
     0.40591891E+001     0.14725527E-006     0.12469383E-006    -0.14718281E-014    -0.23263213E-014    -0.13762575E-014    -0.24494034E-014
     0.40635304E+001     0.14782426E-006     0.11909460E-006    -0.14798321E-014    -0.23744429E-014    -0.13518406E-014    -0.24970888E-014
     0.40678718E+001     0.14627351E-006     0.11483137E-006    -0.14959944E-014    -0.24093103E-014    -0.13984346E-014    -0.25603186E-014
     0.40722132E+001     0.14399377E-006     0.11260514E-006    -0.15443725E-014    -0.24429027E-014    -0.14411961E-014    -0.25677373E-014
     0.40765546E+001     0.14000283E-006     0.11385021E-006    -0.15971473E-014    -0.24323503E-014    -0.15026064E-014    -0.25901845E-014
     0.40808960E+001     0.13636647E-006     0.11727078E-006    -0.16397215E-014    -0.24146346E-014    -0.15682746E-014    -0.25396404E-014
     0.40852373E+001     0.13170556E-006     0.12162586E-006    -0.16767897E-014    -0.23631753E-014    -0.15850466E-014    -0.25007328E-014
     0.40895787E+001     0.13051848E-006     0.12306764E-006    -0.16716870E-014    -0.23125856E-014    -0.16125367E-014    -0.24353968E-014
     0.40939201E+001     0.13369660E-006     0.12584137E-006    -0.16595823E-014    -0.22687093E-014    -0.15673627E-014    -0.23768522E-014
     0.40982615E+001     0.13707377E-006     0.12719344E-006    -0.16132128E-014    -0.22349002E-014    -0.15397516E-014    -0.23590338E-014
     0.41026028E+001     0.14035945E-006     0.12629094E-006    -0.15719599E-014    -0.22402330E-014    -0.14790439E-014    -0.23364134E-014
     0.41069442E+001     0.14398309E-006     0.12207016E-006    -0.15346865E-014    -0.22531607E-014    -0.14355587E-014    -0.23833993E-014
     0.41112856E+001     0.14788481E-006     0.11878265E-006    -0.15118768E-014    -0.22998617E-014    -0.14244780E-014    -0.24090202E-014
     0.41156270E+001     0.14618066E-006     0.11594646E-006    -0.15250387E-014    -0.23381953E-014    -0.14155018E-014    -0.24724548E-014
     0.41199684E+001     0.14452138E-006     0.11266336E-006    -0.15465714E-014    -0.23748721E-014    -0.14718442E-014    -0.25090224E-014
     0.41243097E+001     0.13782159E-006     0.11174791E-006    -0.16007381E-014    -0.23923589E-014    -0.15049212E-014    -0.25223127E-014
     0.41286511E+001     0.13438314E-006     0.10970872E-006    -0.16438103E-014    -0.23778326E-014    -0.15786740E-014    -0.25253038E-014
     0.41329925E+001     0.13268838E-006     0.11210569E-006    -0.16870654E-014    -0.23529875E-014    -0.16167331E-014    -0.24693434E-014
     0.41373339E+001     0.13237178E-006     0.11554307E-006    -0.17068288E-014    -0.22976569E-014    -0.16399545E-014    -0.24360114E-014
     0.41416753E+001     0.13327519E-006     0.12114099E-006    -0.16983481E-014    -0.22549667E-014    -0.16442841E-014    -0.23606500E-014
     0.41460166E+001     0.13492737E-006     0.12388391E-006    -0.16772195E-014    -0.22109060E-014    -0.15976736E-014    -0.23280150E-014
     0.41503580E+001     0.13855471E-006     0.12392593E-006    -0.16287275E-014    -0.21936589E-014    -0.15709648E-014    -0.23025809E-014
     0.41546994E+001     0.14234740E-006     0.12233242E-006    -0.15937194E-014    -0.22011805E-014    -0.15034634E-014    -0.23043127E-014
     0.41590408E+001     0.14559044E-006     0.11882762E-006    -0.15568681E-014    -0.22239061E-014    -0.14836334E-014    -0.23487127E-014
     0.41633821E+001     0.14701713E-006     0.11442422E-006    -0.15494887E-014    -0.22707174E-014    -0.14636779E-014    -0.23770742E-014
     0.41677235E+001     0.14726887E-006     0.11157808E-006    -0.15631150E-014    -0.23036686E-014    -0.14791250E-014    -0.24429471E-014
     0.41720649E+001     0.14369810E-006     0.11027926E-006    -0.15945899E-014    -0.23379893E-014    -0.15281475E-014    -0.24579049E-014
     0.41764063E+001     0.13904717E-006     0.11005275E-006    -0.16460744E-014    -0.23409924E-014    -0.15660929E-014    -0.24784253E-014
     0.41807477E+001     0.13369522E-006     0.11087038E-006    -0.16842195E-014    -0.23254001E-014    -0.16371159E-014    -0.24557832E-014
     0.41850890E+001     0.13228085E-006     0.11328855E-006    -0.17231122E-014    -0.22901094E-014    -0.16560201E-014    -0.24092188E-014
     0.41894304E+001     0.13152394E-006     0.11693403E-006    -0.17286274E-014    -0.22387765E-014    -0.16840527E-014    -0.23676191E-014
     0.41937718E+001     0.13300558E-006     0.12159992E-006    -0.17185419E-014    -0.21993663E-014    -0.16626397E-014    -0.22989495E-014
     0.41981132E+001     0.13507340E-006     0.12332867E-006    -0.16868582E-014    -0.21612212E-014    -0.16265652E-014    -0.22820080E-014
     0.42024546E+001     0.13974088E-006     0.12357697E-006    -0.16426636E-014    -0.21572192E-014    -0.15882177E-014    -0.22538715E-014
     0.42067959E+001     0.14166451E-006     0.12193731E-006    -0.16091873E-014    -0.21665795E-014    -0.15301507E-014    -0.22798351E-014
     0.42111373E+001     0.14356942E-006     0.11694014E-006    -0.15788175E-014    -0.21992292E-014    -0.15215577E-014    -0.23119352E-014
     0.42154787E+001     0.14529257E-006     0.11369517E-006    -0.15825326E-014    -0.22400545E-014    -0.15012661E-014    -0.23529806E-014
     0.42198201E+001     0.14156584E-006     0.11122118E-006    -0.15983930E-014    -0.22717695E-014    -0.15388500E-014    -0.24054014E-014
     0.42241614E+001     0.13563916E-006     0.10799728E-006    -0.16387231E-014    -0.22978034E-014    -0.15745955E-014    -0.24128952E-014
     0.42285028E+001     0.13258438E-006     0.10486107E-006    -0.16834713E-014    -0.22907287E-014    -0.16257560E-014    -0.24298808E-014
     0.42328442E+001     0.13100492E-006     0.10667679E-006    -0.17205000E-014    -0.22722200E-014    -0.16797735E-014    -0.23876888E-014
     0.42371856E+001     0.12956304E-006     0.11007536E-006    -0.17491229E-014    -0.22285385E-014    -0.16939018E-014    -0.23535980E-014
     0.42415270E+001     0.13081393E-006     0.11393651E-006    -0.17459267E-014    -0.21837540E-014    -0.17142944E-014    -0.22980987E-014
     0.42458683E+001     0.13292978E-006     0.11751394E-006    -0.17315594E-014    -0.21453132E-014    -0.16757773E-014    -0.22484981E-014
     0.42502097E+001     0.13701687E-006     0.11860421E-006    -0.16918300E-014    -0.21183539E-014    -0.16500315E-014    -0.22328905E-014
     0.42545511E+001     0.14110440E-006     0.11980879E-006    -0.16536626E-014    -0.21214200E-014    -0.15974858E-014    -0.22153142E-014
     0.42588925E+001     0.14338814E-006     0.11710586E-006    -0.16204880E-014    -0.21357396E-014    -0.15597972E-014    -0.22547132E-014
     0.42632339E+001     0.14500620E-006     0.11305135E-006    -0.16016064E-014    -0.21748113E-014    -0.15487774E-014    -0.22785994E-014
     0.42675752E+001     0.14501253E-006     0.11034178E-006    -0.16109337E-014    -0.22098890E-014    -0.15412259E-014    -0.23323886E-014
     0.42719166E+001     0.13974509E-006     0.10790926E-006    -0.16320617E-014    -0.22412078E-014    -0.15876562E-014    -0.23636307E-014
     0.42762580E+001     0.13583270E-006     0.10439618E-006    -0.16768025E-014    -0.22555998E-014    -0.16165267E-014    -0.23753141E-014
     0.42805994E+001     0.13294222E-006     0.10466632E-006    -0.17153395E-014    -0.22436613E-014    -0.16778106E-014    -0.23766160E-014
     0.42849408E+001     0.13025316E-006     0.10690296E-006    -0.17516020E-014    -0.22190429E-014    -0.17102755E-014    -0.23292328E-014
     0.42892821E+001     0.12963203E-006     0.11097604E-006    -0.17682088E-014    -0.21737577E-014    -0.17297010E-014    -0.23007041E-014
     0.42936235E+001     0.13011947E-006     0.11564882E-006    -0.17592307E-014    -0.21362601E-014    -0.17298910E-014    -0.22396108E-014
     0.42979649E+001     0.13073918E-006     0.11673398E-006    -0.17347520E-014    -0.20999517E-014    -0.16853540E-014    -0.22116079E-014
     0.43023063E+001     0.13614601E-006     0.11663590E-006    -0.16910333E-014    -0.20828741E-014    -0.16574571E-014    -0.21872375E-014
     0.43066476E+001     0.14018526E-006     0.11589681E-006    -0.16582404E-014    -0.20874449E-014    -0.16002462E-014    -0.21868089E-014
     0.43109890E+001     0.14278350E-006     0.11235843E-006    -0.16286654E-014    -0.21090908E-014    -0.15834837E-014    -0.22241914E-014
     0.43153304E+001     0.14437150E-006     0.10909982E-006    -0.16217041E-014    -0.21492235E-014    -0.15671831E-014    -0.22501421E-014
     0.43196718E+001     0.14180682E-006     0.10571129E-006    -0.16337812E-014    -0.21801053E-014    -0.15807148E-014    -0.23061641E-014
     0.43240132E+001     0.13921652E-006     0.10212534E-006    -0.16625347E-014    -0.22078126E-014    -0.16224556E-014    -0.23195309E-014
     0.43283545E+001     0.13681257E-006     0.10151508E-006    -0.17062585E-014    -0.22105122E-014    -0.16556621E-014    -0.23357809E-014
     0.43326959E+001     0.13242874E-006     0.10431624E-006    -0.17412058E-014    -0.21954113E-014    -0.17154902E-014    -0.23152008E-014
     0.43370373E+001     0.12960015E-006     0.10705269E-006    -0.17725432E-014    -0.21626438E-014    -0.17316824E-014    -0.22743391E-014
     0.43413787E+001     0.12938661E-006     0.11012275E-006    -0.17776522E-014    -0.21176768E-014    -0.17538637E-014    -0.22368576E-014
     0.43457201E+001     0.13030330E-006     0.11454004E-006    -0.17668010E-014    -0.20812714E-014    -0.17338408E-014    -0.21779243E-014
     0.43500614E+001     0.13327215E-006     0.11519870E-006    -0.17371620E-014    -0.20499579E-014    -0.17012100E-014    -0.21621184E-014
     0.43544028E+001     0.13756614E-006     0.11480758E-006    -0.16978455E-014    -0.20453476E-014    -0.16665945E-014    -0.21387704E-014
     0.43587442E+001     0.14088887E-006     0.11390430E-006    -0.16663596E-014    -0.20553767E-014    -0.16165438E-014    -0.21618439E-014
     0.43630856E+001     0.14261622E-006     0.11029064E-006    -0.16414599E-014    -0.20846556E-014    -0.16074669E-014    -0.21905761E-014
     0.43674269E+001     0.14253751E-006     0.10602797E-006    -0.16433101E-014    -0.21210317E-014    -0.15908407E-014    -0.22267736E-014
     0.43717683E+001     0.14087013E-006     0.10096828E-006    -0.16587892E-014    -0.21499972E-014    -0.16228903E-014    -0.22718244E-014
     0.43761097E+001     0.13985681E-006     0.10086442E-006    -0.16940769E-014    -0.21706893E-014    -0.16542879E-014    -0.22783876E-014
     0.43804511E+001     0.13475544E-006     0.10192663E-006    -0.17338207E-014    -0.21649969E-014    -0.16987141E-014    -0.22915116E-014
     0.43847925E+001     0.13089901E-006     0.10401062E-006    -0.17670234E-014    -0.21462563E-014    -0.17446319E-014    -0.22542861E-014
     0.43891338E+001     0.12782248E-006     0.10685355E-006    -0.17898273E-014    -0.21079137E-014    -0.17565768E-014    -0.22232024E-014
     0.43934752E+001     0.12928900E-006     0.11007934E-006    -0.17868227E-014    -0.20671614E-014    -0.17722013E-014    -0.21741163E-014
     0.43978166E+001     0.13010098E-006     0.11383282E-006    -0.17713398E-014    -0.20322812E-014    -0.17378052E-014    -0.21310242E-014
     0.44021580E+001     0.13304096E-006     0.11353829E-006    -0.17361431E-014    -0.20099455E-014    -0.17133585E-014    -0.21167963E-014
     0.44064994E+001     0.13753255E-006     0.11191538E-006    -0.17008022E-014    -0.20120751E-014    -0.16670244E-014    -0.21025509E-014
     0.44108407E+001     0.14237871E-006     0.11047480E-006    -0.16708584E-014    -0.20271449E-014    -0.16338009E-014    -0.21368751E-014
     0.44151821E+001     0.14305229E-006     0.10800872E-006    -0.16548683E-014    -0.20609788E-014    -0.16240226E-014    -0.21586834E-014
     0.44195235E+001     0.14089381E-006     0.10331030E-006    -0.16625297E-014    -0.20929953E-014    -0.16186880E-014    -0.22056941E-014
     0.44238649E+001     0.13939710E-006     0.10038983E-006    -0.16835099E-014    -0.21200642E-014    -0.16586865E-014    -0.22329148E-014
     0.44282062E+001     0.13440509E-006     0.99175264E-007    -0.17222358E-014    -0.21316777E-014    -0.16848011E-014    -0.22422285E-014
     0.44325476E+001     0.13254050E-006     0.98107958E-007    -0.17574496E-014    -0.21207665E-014    -0.17379603E-014    -0.22416922E-014
     0.44368890E+001     0.13014276E-006     0.10167809E-006    -0.17882272E-014    -0.20963036E-014    -0.17653190E-014    -0.21998877E-014
     0.44412304E+001     0.12886583E-006     0.10700387E-006    -0.18011743E-014    -0.20552917E-014    -0.17802266E-014    -0.21716033E-014
     0.44455718E+001     0.12843048E-006     0.10899234E-006    -0.17934606E-014    -0.20183715E-014    -0.17799441E-014    -0.21152968E-014
     0.44499131E+001     0.13170364E-006     0.11142495E-006    -0.17719604E-014    -0.19864787E-014    -0.17438732E-014    -0.20900878E-014
     0.44542545E+001     0.13570174E-006     0.11109579E-006    -0.17349496E-014    -0.19739107E-014    -0.17197987E-014    -0.20722023E-014
     0.44585959E+001     0.14118923E-006     0.11089069E-006    -0.17030678E-014    -0.19804642E-014    -0.16684471E-014    -0.20755547E-014
     0.44629373E+001     0.14169528E-006     0.11038766E-006    -0.16765705E-014    -0.20018521E-014    -0.16516684E-014    -0.21089960E-014
     0.44672787E+001     0.14112638E-006     0.10603722E-006    -0.16698880E-014    -0.20366725E-014    -0.16373607E-014    -0.21326453E-014
     0.44716200E+001     0.13898721E-006     0.10118434E-006    -0.16816187E-014    -0.20655179E-014    -0.16500888E-014    -0.21812514E-014
     0.44759614E+001     0.13753612E-006     0.97214245E-007    -0.17085209E-014    -0.20888821E-014    -0.16868613E-014    -0.21930996E-014
     0.44803028E+001     0.13421150E-006     0.97910315E-007    -0.17471042E-014    -0.20910701E-014    -0.17170502E-014    -0.22062010E-014
     0.44846442E+001     0.13161574E-006     0.10008252E-006    -0.17795489E-014    -0.20764284E-014    -0.17689108E-014    -0.21871225E-014
     0.44889855E+001     0.12685804E-006     0.10478410E-006    -0.18053029E-014    -0.20461558E-014    -0.17828246E-014    -0.21504116E-014
     0.44933269E+001     0.12409549E-006     0.10518305E-006    -0.18094482E-014    -0.20059470E-014    -0.18005572E-014    -0.21162427E-014
     0.44976683E+001     0.12932152E-006     0.10606163E-006    -0.17974691E-014    -0.19720966E-014    -0.17814849E-014    -0.20648643E-014
     0.45020097E+001     0.13307981E-006     0.11114459E-006    -0.17695622E-014    -0.19456310E-014    -0.17511182E-014    -0.20506078E-014
     0.45063511E+001     0.13516903E-006     0.11103778E-006    -0.17338008E-014    -0.19412330E-014    -0.17191326E-014    -0.20315391E-014
     0.45106924E+001     0.13869963E-006     0.10759128E-006    -0.17043015E-014    -0.19520155E-014    -0.16747158E-014    -0.20525938E-014
     0.45150338E+001     0.14202342E-006     0.10544424E-006    -0.16833109E-014    -0.19789649E-014    -0.16663463E-014    -0.20787124E-014
     0.45193752E+001     0.14058925E-006     0.10269867E-006    -0.16845802E-014    -0.20117734E-014    -0.16527264E-014    -0.21115538E-014
     0.45237166E+001     0.13844737E-006     0.97272542E-007    -0.17003993E-014    -0.20385212E-014    -0.16815937E-014    -0.21506624E-014
     0.45280580E+001     0.13742114E-006     0.97618857E-007    -0.17323567E-014    -0.20556252E-014    -0.17104056E-014    -0.21564845E-014
     0.45323993E+001     0.13242413E-006     0.99084861E-007    -0.17682299E-014    -0.20506770E-014    -0.17502122E-014    -0.21665163E-014
     0.45367407E+001     0.12684545E-006     0.10236221E-006    -0.17980232E-014    -0.20316589E-014    -0.17901479E-014    -0.21329985E-014
     0.45410821E+001     0.12257944E-006     0.10239456E-006    -0.18167827E-014    -0.19964773E-014    -0.18001727E-014    -0.21040616E-014
     0.45454235E+001     0.12436908E-006     0.10410417E-006    -0.18140306E-014    -0.19589287E-014    -0.18120846E-014    -0.20599182E-014
     0.45497648E+001     0.12727810E-006     0.10590319E-006    -0.17977431E-014    -0.19275676E-014    -0.17807752E-014    -0.20218959E-014
     0.45541062E+001     0.13262053E-006     0.10800300E-006    -0.17654820E-014    -0.19084428E-014    -0.17572122E-014    -0.20096483E-014
     0.45584476E+001     0.13526368E-006     0.10770888E-006    -0.17327011E-014    -0.19104347E-014    -0.17152958E-014    -0.19983452E-014
     0.45627890E+001     0.13838036E-006     0.10609213E-006    -0.17056057E-014    -0.19261056E-014    -0.16857204E-014    -0.20293602E-014
     0.45671304E+001     0.13848644E-006     0.10135110E-006    -0.16920834E-014    -0.19566244E-014    -0.16769294E-014    -0.20500492E-014
     0.45714717E+001     0.13896302E-006     0.96955824E-007    -0.16989703E-014    -0.19865668E-014    -0.16731703E-014    -0.20916993E-014
     0.45758131E+001     0.13633824E-006     0.95842726E-007    -0.17193905E-014    -0.20104168E-014    -0.17090519E-014    -0.21152786E-014
     0.45801545E+001     0.13255501E-006     0.92710323E-007    -0.17541728E-014    -0.20193497E-014    -0.17336769E-014    -0.21226519E-014
     0.45844959E+001     0.12944613E-006     0.95041042E-007    -0.17872906E-014    -0.20092166E-014    -0.17807393E-014    -0.21208360E-014
     0.45888373E+001     0.12603380E-006     0.96942938E-007    -0.18137160E-014    -0.19854422E-014    -0.18044885E-014    -0.20827019E-014
     0.45931786E+001     0.12548770E-006     0.99405822E-007    -0.18243475E-014    -0.19479973E-014    -0.18169394E-014    -0.20558732E-014
     0.45975200E+001     0.12691202E-006     0.10341932E-006    -0.18166082E-014    -0.19135423E-014    -0.18152206E-014    -0.20061432E-014
     0.46018614E+001     0.12912942E-006     0.10489823E-006    -0.17950079E-014    -0.18855785E-014    -0.17815377E-014    -0.19837950E-014
     0.46062028E+001     0.13401470E-006     0.10586087E-006    -0.17615606E-014    -0.18749059E-014    -0.17585455E-014    -0.19683578E-014
     0.46105442E+001     0.13693291E-006     0.10486058E-006    -0.17312981E-014    -0.18819778E-014    -0.17129551E-014    -0.19727558E-014
     0.46148855E+001     0.13959703E-006     0.10158412E-006    -0.17077161E-014    -0.19028659E-014    -0.16975526E-014    -0.20036000E-014
     0.46192269E+001     0.14006031E-006     0.98361603E-007    -0.17020203E-014    -0.19339278E-014    -0.16854784E-014    -0.20255776E-014
     0.46235683E+001     0.13905411E-006     0.93959955E-007    -0.17138091E-014    -0.19610313E-014    -0.16980559E-014    -0.20685894E-014
     0.46279097E+001     0.13683324E-006     0.92398035E-007    -0.17394581E-014    -0.19810316E-014    -0.17315238E-014    -0.20790845E-014
     0.46322510E+001     0.13391439E-006     0.92605304E-007    -0.17740216E-014    -0.19824930E-014    -0.17592898E-014    -0.20893559E-014
     0.46365924E+001     0.13027573E-006     0.94844457E-007    -0.18041575E-014    -0.19674293E-014    -0.18048549E-014    -0.20708557E-014
     0.46409338E+001     0.12749198E-006     0.99179434E-007    -0.18263252E-014    -0.19384889E-014    -0.18170430E-014    -0.20366949E-014
     0.46452752E+001     0.12545969E-006     0.10183015E-006    -0.18295070E-014    -0.19019674E-014    -0.18313787E-014    -0.20048786E-014
     0.46496166E+001     0.12732291E-006     0.10440712E-006    -0.18168321E-014    -0.18702837E-014    -0.18129081E-014    -0.19589959E-014
     0.46539579E+001     0.12970567E-006     0.10569710E-006    -0.17902815E-014    -0.18473826E-014    -0.17847699E-014    -0.19463969E-014
     0.46582993E+001     0.13461238E-006     0.10518708E-006    -0.17575033E-014    -0.18438280E-014    -0.17548648E-014    -0.19308749E-014
     0.46626407E+001     0.13697068E-006     0.10345882E-006    -0.17296090E-014    -0.18553739E-014    -0.17150234E-014    -0.19507873E-014
     0.46669821E+001     0.13924561E-006     0.99088077E-007    -0.17115532E-014    -0.18805105E-014    -0.17074861E-014    -0.19753324E-014
     0.46713235E+001     0.14122250E-006     0.97315851E-007    -0.17130085E-014    -0.19105048E-014    -0.16965094E-014    -0.20054374E-014
     0.46756648E+001     0.13709691E-006     0.95620731E-007    -0.17290735E-014    -0.19353023E-014    -0.17231784E-014    -0.20399819E-014
     0.46800062E+001     0.13197130E-006     0.92565752E-007    -0.17585784E-014    -0.19494105E-014    -0.17499874E-014    -0.20447280E-014
     0.46843476E+001     0.13011071E-006     0.90622722E-007    -0.17916847E-014    -0.19442764E-014    -0.17862763E-014    -0.20518961E-014
     0.46886890E+001     0.12936314E-006     0.94272945E-007    -0.18190780E-014    -0.19248811E-014    -0.18216355E-014    -0.20206919E-014
     0.46930303E+001     0.12670936E-006     0.10017001E-006    -0.18351258E-014    -0.18924095E-014    -0.18300033E-014    -0.19932080E-014
     0.46973717E+001     0.12526893E-006     0.10289633E-006    -0.18319074E-014    -0.18578645E-014    -0.18391348E-014    -0.19529539E-014
     0.47017131E+001     0.12706871E-006     0.10592637E-006    -0.18146783E-014    -0.18290724E-014    -0.18097388E-014    -0.19192428E-014
     0.47060545E+001     0.12896292E-006     0.10600143E-006    -0.17847194E-014    -0.18127859E-014    -0.17869031E-014    -0.19087252E-014
     0.47103959E+001     0.13448929E-006     0.10483861E-006    -0.17538903E-014    -0.18149187E-014    -0.17484164E-014    -0.18999639E-014
     0.47147372E+001     0.13606945E-006     0.10449067E-006    -0.17292174E-014    -0.18310331E-014    -0.17218998E-014    -0.19285428E-014
     0.47190786E+001     0.13496107E-006     0.10133211E-006    -0.17178858E-014    -0.18591640E-014    -0.17146090E-014    -0.19483825E-014
     0.47234200E+001     0.13238941E-006     0.95478848E-007    -0.17245914E-014    -0.18871479E-014    -0.17126353E-014    -0.19859666E-014
     0.47277614E+001     0.12991277E-006     0.90839830E-007    -0.17450990E-014    -0.19085171E-014    -0.17459409E-014    -0.20068782E-014
     0.47321028E+001     0.12795098E-006     0.87411913E-007    -0.17768420E-014    -0.19158498E-014    -0.17690907E-014    -0.20128161E-014
     0.47364441E+001     0.12645143E-006     0.89548841E-007    -0.18074990E-014    -0.19055008E-014    -0.18114737E-014    -0.20093657E-014
     0.47407855E+001     0.12279274E-006     0.93020193E-007    -0.18311866E-014    -0.18814892E-014    -0.18323332E-014    -0.19738558E-014
     0.47451269E+001     0.12165877E-006     0.94940013E-007    -0.18402891E-014    -0.18472379E-014    -0.18426317E-014    -0.19481978E-014
     0.47494683E+001     0.12352990E-006     0.97992686E-007    -0.18322300E-014    -0.18150650E-014    -0.18393987E-014    -0.19034170E-014
     0.47538096E+001     0.12539332E-006     0.99765600E-007    -0.18103140E-014    -0.17906726E-014    -0.18075508E-014    -0.18836073E-014
     0.47581510E+001     0.13117206E-006     0.98137540E-007    -0.17788133E-014    -0.17813169E-014    -0.17850935E-014    -0.18704775E-014
     0.47624924E+001     0.13611231E-006     0.98862202E-007    -0.17502777E-014    -0.17882246E-014    -0.17438122E-014    -0.18754190E-014
     0.47668338E+001     0.13862898E-006     0.96768562E-007    -0.17299503E-014    -0.18089426E-014    -0.17303708E-014    -0.19041681E-014
     0.47711752E+001     0.13858059E-006     0.94069301E-007    -0.17253850E-014    -0.18377258E-014    -0.17206030E-014    -0.19254194E-014
     0.47755165E+001     0.13697804E-006     0.92199786E-007    -0.17371538E-014    -0.18634626E-014    -0.17330895E-014    -0.19639616E-014
     0.47798579E+001     0.13291640E-006     0.89593047E-007    -0.17618649E-014    -0.18805912E-014    -0.17643929E-014    -0.19729386E-014
     0.47841993E+001     0.12912495E-006     0.89069804E-007    -0.17936914E-014    -0.18812723E-014    -0.17905174E-014    -0.19809980E-014
     0.47885407E+001     0.12588574E-006     0.90805490E-007    -0.18218375E-014    -0.18660888E-014    -0.18312982E-014    -0.19627712E-014
     0.47928821E+001     0.12212222E-006     0.93108308E-007    -0.18407476E-014    -0.18381715E-014    -0.18417142E-014    -0.19306143E-014
     0.47972234E+001     0.12370011E-006     0.95653292E-007    -0.18427967E-014    -0.18041806E-014    -0.18529238E-014    -0.19006033E-014
     0.48015648E+001     0.12499348E-006     0.10057199E-006    -0.18296799E-014    -0.17742402E-014    -0.18349003E-014    -0.18591759E-014
     0.48059062E+001     0.12635084E-006     0.10103972E-006    -0.18041365E-014    -0.17543616E-014    -0.18078413E-014    -0.18480778E-014
     0.48102476E+001     0.13014972E-006     0.99876951E-007    -0.17734349E-014    -0.17516104E-014    -0.17797731E-014    -0.18351093E-014
     0.48145889E+001     0.13348634E-006     0.98290018E-007    -0.17473968E-014    -0.17635958E-014    -0.17440607E-014    -0.18545033E-014
     0.48189303E+001     0.13549369E-006     0.93377316E-007    -0.17321298E-014    -0.17876310E-014    -0.17375604E-014    -0.18778735E-014
     0.48232717E+001     0.13650593E-006     0.91843500E-007    -0.17338796E-014    -0.18157356E-014    -0.17291929E-014    -0.19060477E-014
     0.48276131E+001     0.13256966E-006     0.88732349E-007    -0.17503344E-014    -0.18387053E-014    -0.17544882E-014    -0.19371479E-014
     0.48319545E+001     0.12943820E-006     0.86440364E-007    -0.17783861E-014    -0.18505354E-014    -0.17798080E-014    -0.19408999E-014
     0.48362958E+001     0.12634712E-006     0.86077838E-007    -0.18091306E-014    -0.18455062E-014    -0.18131638E-014    -0.19455678E-014
     0.48406372E+001     0.12405798E-006     0.88387770E-007    -0.18341425E-014    -0.18258254E-014    -0.18449166E-014    -0.19159267E-014
     0.48449786E+001     0.12196450E-006     0.92064166E-007    -0.18474824E-014    -0.17950221E-014    -0.18516928E-014    -0.18897512E-014
     0.48493200E+001     0.12282658E-006     0.94006806E-007    -0.18438972E-014    -0.17624847E-014    -0.18578545E-014    -0.18524045E-014
     0.48536614E+001     0.12540685E-006     0.97760833E-007    -0.18259782E-014    -0.17360004E-014    -0.18297295E-014    -0.18216901E-014
     0.48580027E+001     0.12764476E-006     0.99147458E-007    -0.17978405E-014    -0.17219493E-014    -0.18078212E-014    -0.18125794E-014
     0.48623441E+001     0.13079773E-006     0.96714088E-007    -0.17686100E-014    -0.17246154E-014    -0.17724231E-014    -0.18064327E-014
     0.48666855E+001     0.13430330E-006     0.94516825E-007    -0.17460356E-014    -0.17411721E-014    -0.17482469E-014    -0.18336988E-014
     0.48710269E+001     0.13525721E-006     0.91415611E-007    -0.17365554E-014    -0.17675072E-014    -0.17421465E-014    -0.18525692E-014
     0.48753683E+001     0.13428613E-006     0.87752278E-007    -0.17435178E-014    -0.17940485E-014    -0.17423781E-014    -0.18870365E-014
     0.48797096E+001     0.13207188E-006     0.84048782E-007    -0.17640122E-014    -0.18133284E-014    -0.17736740E-014    -0.19058631E-014
     0.48840510E+001     0.12954939E-006     0.83910180E-007    -0.17936912E-014    -0.18190202E-014    -0.17957447E-014    -0.19102213E-014
     0.48883924E+001     0.12691903E-006     0.85781080E-007    -0.18226081E-014    -0.18086711E-014    -0.18344094E-014    -0.19051162E-014
     0.48927338E+001     0.12307207E-006     0.89214040E-007    -0.18437074E-014    -0.17848392E-014    -0.18532483E-014    -0.18714546E-014
     0.48970751E+001     0.12073245E-006     0.91499215E-007    -0.18508071E-014    -0.17528172E-014    -0.18614131E-014    -0.18471350E-014
     0.49014165E+001     0.12199752E-006     0.93819379E-007    -0.18418493E-014    -0.17220940E-014    -0.18561914E-014    -0.18059583E-014
     0.49057579E+001     0.12526231E-006     0.94503875E-007    -0.18202220E-014    -0.16994956E-014    -0.18259445E-014    -0.17876769E-014
     0.49100993E+001     0.13031940E-006     0.95117637E-007    -0.17912678E-014    -0.16917065E-014    -0.18045078E-014    -0.17765874E-014
     0.49144407E+001     0.13361819E-006     0.95723663E-007    -0.17642315E-014    -0.16998364E-014    -0.17669705E-014    -0.17831143E-014
     0.49187820E+001     0.13340606E-006     0.92839039E-007    -0.17456367E-014    -0.17203857E-014    -0.17548147E-014    -0.18106037E-014
     0.49231234E+001     0.13575086E-006     0.87047085E-007    -0.17422250E-014    -0.17471134E-014    -0.17468777E-014    -0.18310352E-014
     0.49274648E+001     0.13462573E-006     0.85799779E-007    -0.17543373E-014    -0.17715769E-014    -0.17597339E-014    -0.18660823E-014
     0.49318062E+001     0.13076135E-006     0.83734864E-007    -0.17784819E-014    -0.17863690E-014    -0.17893509E-014    -0.18737980E-014
     0.49361476E+001     0.12782409E-006     0.83038698E-007    -0.18083422E-014    -0.17862237E-014    -0.18141877E-014    -0.18794793E-014
     0.49404889E+001     0.12387941E-006     0.85323557E-007    -0.18348460E-014    -0.17709444E-014    -0.18514091E-014    -0.18612227E-014
     0.49448303E+001     0.12142753E-006     0.86960468E-007    -0.18510210E-014    -0.17438254E-014    -0.18603986E-014    -0.18306009E-014
     0.49491717E+001     0.12214143E-006     0.89682961E-007    -0.18521384E-014    -0.17117210E-014    -0.18691637E-014    -0.18022622E-014
     0.49535131E+001     0.12470029E-006     0.93823712E-007    -0.18383387E-014    -0.16834581E-014    -0.18508238E-014    -0.17646245E-014
     0.49578544E+001     0.12615071E-006     0.95791308E-007    -0.18135481E-014    -0.16660578E-014    -0.18243974E-014    -0.17548288E-014
     0.49621958E+001     0.12932596E-006     0.94208483E-007    -0.17845246E-014    -0.16640525E-014    -0.17976970E-014    -0.17443304E-014
     0.49665372E+001     0.13264011E-006     0.92652533E-007    -0.17600671E-014    -0.16767495E-014    -0.17650666E-014    -0.17635015E-014
     0.49708786E+001     0.13332661E-006     0.87674417E-007    -0.17468650E-014    -0.17001709E-014    -0.17593995E-014    -0.17859415E-014
     0.49752200E+001     0.13545807E-006     0.83563725E-007    -0.17488670E-014    -0.17266518E-014    -0.17532574E-014    -0.18122417E-014
     0.49795613E+001     0.13373225E-006     0.82818603E-007    -0.17656115E-014    -0.17479008E-014    -0.17779488E-014    -0.18402427E-014
     0.49839027E+001     0.13008626E-006     0.81032491E-007    -0.17925524E-014    -0.17576213E-014    -0.18024051E-014    -0.18429802E-014
     0.49882441E+001     0.12710903E-006     0.81000408E-007    -0.18215734E-014    -0.17519809E-014    -0.18336392E-014    -0.18454022E-014
     0.49925855E+001     0.12458315E-006     0.83559059E-007    -0.18449309E-014    -0.17320128E-014    -0.18623842E-014    -0.18166509E-014
     0.49969269E+001     0.12287960E-006     0.86530792E-007    -0.18560871E-014    -0.17024963E-014    -0.18679504E-014    -0.17910648E-014
     0.50012682E+001     0.12438535E-006     0.90051210E-007    -0.18520737E-014    -0.16715236E-014    -0.18720678E-014    -0.17562223E-014
     0.50056096E+001     0.12636448E-006     0.93915480E-007    -0.18339059E-014    -0.16469522E-014    -0.18447000E-014    -0.17284377E-014
     0.50099510E+001     0.12851737E-006     0.94395844E-007    -0.18070173E-014    -0.16349216E-014    -0.18231456E-014    -0.17205395E-014
     0.50142924E+001     0.13301686E-006     0.93915665E-007    -0.17791976E-014    -0.16383009E-014    -0.17901368E-014    -0.17166099E-014
     0.50186337E+001     0.13371077E-006     0.93063934E-007    -0.17583638E-014    -0.16552922E-014    -0.17683569E-014    -0.17426403E-014
     0.50229751E+001     0.13314742E-006     0.88255895E-007    -0.17504776E-014    -0.16802705E-014    -0.17636988E-014    -0.17614817E-014
     0.50273165E+001     0.13318060E-006     0.84096350E-007    -0.17578164E-014    -0.17053846E-014    -0.17654814E-014    -0.17932121E-014
     0.50316579E+001     0.13099575E-006     0.81068596E-007    -0.17788832E-014    -0.17226090E-014    -0.17958618E-014    -0.18097945E-014
     0.50359993E+001     0.12774005E-006     0.81110270E-007    -0.18076446E-014    -0.17271662E-014    -0.18182252E-014    -0.18129560E-014
     0.50403406E+001     0.12415360E-006     0.80997482E-007    -0.18355504E-014    -0.17171714E-014    -0.18543579E-014    -0.18073226E-014
     0.50446820E+001     0.12249695E-006     0.83617232E-007    -0.18542162E-014    -0.16943035E-014    -0.18707154E-014    -0.17760230E-014
     0.50490234E+001     0.12173125E-006     0.87207748E-007    -0.18590069E-014    -0.16640921E-014    -0.18761030E-014    -0.17521312E-014
     0.50533648E+001     0.12273575E-006     0.89797945E-007    -0.18492397E-014    -0.16344233E-014    -0.18693053E-014    -0.17134706E-014
     0.50577062E+001     0.12635281E-006     0.92456923E-007    -0.18272899E-014    -0.16138475E-014    -0.18405117E-014    -0.16968806E-014
     0.50620475E+001     0.12765157E-006     0.92982481E-007    -0.17997374E-014    -0.16071426E-014    -0.18191487E-014    -0.16882227E-014
     0.50663889E+001     0.13236790E-006     0.90008381E-007    -0.17738508E-014    -0.16156625E-014    -0.17840835E-014    -0.16954168E-014
     0.50707303E+001     0.13409997E-006     0.88754635E-007    -0.17575426E-014    -0.16362095E-014    -0.17733815E-014    -0.17215903E-014
     0.50750717E+001     0.13489145E-006     0.84624233E-007    -0.17549272E-014    -0.16618767E-014    -0.17676239E-014    -0.17418136E-014
     0.50794130E+001     0.13357776E-006     0.82423931E-007    -0.17672156E-014    -0.16849860E-014    -0.17809299E-014    -0.17740661E-014
     0.50837544E+001     0.13000996E-006     0.80849316E-007    -0.17908544E-014    -0.16978564E-014    -0.18095303E-014    -0.17806969E-014
     0.50880958E+001     0.12596339E-006     0.80840961E-007    -0.18191153E-014    -0.16965718E-014    -0.18333388E-014    -0.17846340E-014
     0.50924372E+001     0.12268874E-006     0.80599167E-007    -0.18444364E-014    -0.16806271E-014    -0.18673816E-014    -0.17658528E-014
     0.50967786E+001     0.12302555E-006     0.84701984E-007    -0.18589374E-014    -0.16539768E-014    -0.18753888E-014    -0.17362404E-014
     0.51011199E+001     0.12119440E-006     0.88723446E-007    -0.18593216E-014    -0.16235855E-014    -0.18818380E-014    -0.17090659E-014
     0.51054613E+001     0.12181315E-006     0.91850926E-007    -0.18450972E-014    -0.15969950E-014    -0.18633167E-014    -0.16743733E-014
     0.51098027E+001     0.12479259E-006     0.90973632E-007    -0.18205793E-014    -0.15817813E-014    -0.18374510E-014    -0.16660168E-014
     0.51141441E+001     0.12879668E-006     0.91860631E-007    -0.17928873E-014    -0.15806379E-014    -0.18114057E-014    -0.16578027E-014
     0.51184855E+001     0.13070442E-006     0.89393806E-007    -0.17696165E-014    -0.15939655E-014    -0.17813572E-014    -0.16764923E-014
     0.51228268E+001     0.13290562E-006     0.86174291E-007    -0.17582317E-014    -0.16168354E-014    -0.17768325E-014    -0.16986092E-014
     0.51271682E+001     0.13296780E-006     0.83424941E-007    -0.17608564E-014    -0.16421043E-014    -0.17725903E-014    -0.17236781E-014
     0.51315096E+001     0.12969293E-006     0.80721356E-007    -0.17779814E-014    -0.16622634E-014    -0.17969652E-014    -0.17491064E-014
     0.51358510E+001     0.12719367E-006     0.79343551E-007    -0.18038828E-014    -0.16702120E-014    -0.18211692E-014    -0.17509822E-014
     0.51401923E+001     0.12228863E-006     0.79042826E-007    -0.18316340E-014    -0.16642020E-014    -0.18507512E-014    -0.17518175E-014
     0.51445337E+001     0.12040297E-006     0.80635763E-007    -0.18534397E-014    -0.16437780E-014    -0.18768980E-014    -0.17237017E-014
     0.51488751E+001     0.11865257E-006     0.83414623E-007    -0.18630203E-014    -0.16154604E-014    -0.18812669E-014    -0.16987001E-014
     0.51532165E+001     0.11911486E-006     0.85147308E-007    -0.18582570E-014    -0.15859836E-014    -0.18830819E-014    -0.16658147E-014
     0.51575579E+001     0.12416350E-006     0.87819380E-007    -0.18393945E-014    -0.15631046E-014    -0.18563275E-014    -0.16401874E-014
     0.51618992E+001     0.12595919E-006     0.91353840E-007    -0.18133227E-014    -0.15526326E-014    -0.18349594E-014    -0.16337090E-014
     0.51662406E+001     0.12768230E-006     0.88267585E-007    -0.17866282E-014    -0.15566655E-014    -0.18038819E-014    -0.16317821E-014
     0.51705820E+001     0.13242202E-006     0.86553143E-007    -0.17671901E-014    -0.15742124E-014    -0.17838597E-014    -0.16575649E-014
     0.51749234E+001     0.13138552E-006     0.83879092E-007    -0.17606185E-014    -0.15981547E-014    -0.17803509E-014    -0.16764895E-014
     0.51792648E+001     0.13047059E-006     0.79568318E-007    -0.17685553E-014    -0.16223284E-014    -0.17833235E-014    -0.17066896E-014
     0.51836061E+001     0.12880372E-006     0.77655024E-007    -0.17895565E-014    -0.16386528E-014    -0.18121899E-014    -0.17218224E-014
     0.51879475E+001     0.12455363E-006     0.77052044E-007    -0.18161791E-014    -0.16418208E-014    -0.18334117E-014    -0.17231812E-014
     0.51922889E+001     0.12101632E-006     0.77156360E-007    -0.18425217E-014    -0.16304750E-014    -0.18670942E-014    -0.17153251E-014
     0.51966303E+001     0.11940731E-006     0.79528455E-007    -0.18602001E-014    -0.16065080E-014    -0.18823034E-014    -0.16840405E-014
     0.52009717E+001     0.11733345E-006     0.82786855E-007    -0.18646156E-014    -0.15775557E-014    -0.18869494E-014    -0.16604638E-014
     0.52053130E+001     0.11949106E-006     0.84634037E-007    -0.18546734E-014    -0.15494432E-014    -0.18793053E-014    -0.16245794E-014
     0.52096544E+001     0.12173654E-006     0.85855582E-007    -0.18327798E-014    -0.15309853E-014    -0.18509793E-014    -0.16098993E-014
     0.52139958E+001     0.12619532E-006     0.85950251E-007    -0.18062027E-014    -0.15257733E-014    -0.18297829E-014    -0.16029899E-014
     0.52183372E+001     0.13067408E-006     0.84442632E-007    -0.17811879E-014    -0.15350584E-014    -0.17968464E-014    -0.16113819E-014
     0.52226785E+001     0.13280162E-006     0.83517970E-007    -0.17662512E-014    -0.15556257E-014    -0.17870513E-014    -0.16371076E-014
     0.52270199E+001     0.13048289E-006     0.80802390E-007    -0.17646649E-014    -0.15801631E-014    -0.17828170E-014    -0.16566213E-014
     0.52313613E+001     0.12909023E-006     0.75727295E-007    -0.17773800E-014    -0.16023761E-014    -0.17968992E-014    -0.16867498E-014
     0.52357027E+001     0.12704627E-006     0.73390405E-007    -0.18010445E-014    -0.16138496E-014    -0.18248439E-014    -0.16921947E-014
     0.52400441E+001     0.12364678E-006     0.72309905E-007    -0.18280079E-014    -0.16118846E-014    -0.18483087E-014    -0.16946249E-014
     0.52443854E+001     0.12380830E-006     0.72655399E-007    -0.18522806E-014    -0.15957137E-014    -0.18798326E-014    -0.16756031E-014
     0.52487268E+001     0.12328289E-006     0.79013442E-007    -0.18648644E-014    -0.15697187E-014    -0.18866719E-014    -0.16463861E-014
     0.52530682E+001     0.12139356E-006     0.82926231E-007    -0.18642107E-014    -0.15403463E-014    -0.18912143E-014    -0.16199412E-014
     0.52574096E+001     0.12262487E-006     0.85084053E-007    -0.18493463E-014    -0.15148699E-014    -0.18723649E-014    -0.15873784E-014
     0.52617510E+001     0.12669680E-006     0.87393609E-007    -0.18251409E-014    -0.15011556E-014    -0.18473442E-014    -0.15798197E-014
     0.52660923E+001     0.12779086E-006     0.87637779E-007    -0.17986275E-014    -0.15008528E-014    -0.18224298E-014    -0.15738889E-014
     0.52704337E+001     0.13048851E-006     0.85322552E-007    -0.17763820E-014    -0.15147028E-014    -0.17945913E-014    -0.15931296E-014
     0.52747751E+001     0.13150050E-006     0.81477457E-007    -0.17665543E-014    -0.15370957E-014    -0.17908894E-014    -0.16154740E-014
     0.52791165E+001     0.13149239E-006     0.78451957E-007    -0.17699750E-014    -0.15615378E-014    -0.17882887E-014    -0.16397774E-014
     0.52834578E+001     0.12878383E-006     0.75504611E-007    -0.17873671E-014    -0.15809004E-014    -0.18121943E-014    -0.16635989E-014
     0.52877992E+001     0.12612804E-006     0.73702770E-007    -0.18124418E-014    -0.15873645E-014    -0.18357113E-014    -0.16645939E-014
     0.52921406E+001     0.12291113E-006     0.74312135E-007    -0.18393154E-014    -0.15807138E-014    -0.18638976E-014    -0.16634638E-014
     0.52964820E+001     0.12051079E-006     0.76597885E-007    -0.18598687E-014    -0.15601568E-014    -0.18880734E-014    -0.16355526E-014
     0.53008234E+001     0.11895448E-006     0.79323971E-007    -0.18678587E-014    -0.15325554E-014    -0.18913463E-014    -0.16106708E-014
     0.53051647E+001     0.12011951E-006     0.81873184E-007    -0.18624321E-014    -0.15039751E-014    -0.18915597E-014    -0.15789939E-014
     0.53095061E+001     0.12296309E-006     0.85574430E-007    -0.18433529E-014    -0.14822875E-014    -0.18653330E-014    -0.15552925E-014
     0.53138475E+001     0.12410255E-006     0.87255170E-007    -0.18181530E-014    -0.14735716E-014    -0.18438694E-014    -0.15503599E-014
     0.53181889E+001     0.12692098E-006     0.84803748E-007    -0.17920202E-014    -0.14782993E-014    -0.18138505E-014    -0.15499831E-014
     0.53225303E+001     0.12993214E-006     0.82010381E-007    -0.17737741E-014    -0.14961303E-014    -0.17954524E-014    -0.15753709E-014
     0.53268716E+001     0.12930328E-006     0.79155812E-007    -0.17684392E-014    -0.15194516E-014    -0.17928044E-014    -0.15943143E-014
     0.53312130E+001     0.12814534E-006     0.74669696E-007    -0.17768197E-014    -0.15429716E-014    -0.17972685E-014    -0.16228231E-014
     0.53355544E+001     0.12701933E-006     0.71899531E-007    -0.17978592E-014    -0.15579982E-014    -0.18257259E-014    -0.16366277E-014
     0.53398958E+001     0.12431107E-006     0.71964244E-007    -0.18235076E-014    -0.15600582E-014    -0.18471376E-014    -0.16371023E-014
     0.53442371E+001     0.12119162E-006     0.73267416E-007    -0.18489945E-014    -0.15481431E-014    -0.18787076E-014    -0.16282377E-014
     0.53485785E+001     0.11794142E-006     0.74832474E-007    -0.18652942E-014    -0.15239348E-014    -0.18925427E-014    -0.15972214E-014
     0.53529199E+001     0.11786972E-006     0.77366059E-007    -0.18689596E-014    -0.14958016E-014    -0.18959996E-014    -0.15736286E-014
     0.53572613E+001     0.12038352E-006     0.80088600E-007    -0.18586612E-014    -0.14689537E-014    -0.18873594E-014    -0.15398179E-014
     0.53616027E+001     0.12325948E-006     0.82281121E-007    -0.18364951E-014    -0.14521737E-014    -0.18593736E-014    -0.15263731E-014
     0.53659440E+001     0.12696860E-006     0.83837130E-007    -0.18103573E-014    -0.14479680E-014    -0.18381046E-014    -0.15208645E-014
     0.53702854E+001     0.12797516E-006     0.82787215E-007    -0.17862210E-014    -0.14573316E-014    -0.18071487E-014    -0.15301879E-014
     0.53746268E+001     0.12942675E-006     0.78441685E-007    -0.17728870E-014    -0.14781795E-014    -0.17985065E-014    -0.15557461E-014
     0.53789682E+001     0.12968993E-006     0.75530470E-007    -0.17720368E-014    -0.15019171E-014    -0.17955727E-014    -0.15754738E-014
     0.53833096E+001     0.12751983E-006     0.71527607E-007    -0.17853940E-014    -0.15234779E-014    -0.18101860E-014    -0.16038605E-014
     0.53876509E+001     0.12667055E-006     0.67521261E-007    -0.18088631E-014    -0.15336346E-014    -0.18376591E-014    -0.16086182E-014
     0.53919923E+001     0.12517120E-006     0.69427542E-007    -0.18349852E-014    -0.15311891E-014    -0.18606575E-014    -0.16093906E-014
     0.53963337E+001     0.12138965E-006     0.72480319E-007    -0.18581887E-014    -0.15145973E-014    -0.18905357E-014    -0.15899845E-014
     0.54006751E+001     0.11929033E-006     0.73033803E-007    -0.18696089E-014    -0.14885344E-014    -0.18964013E-014    -0.15613764E-014
     0.54050164E+001     0.12190235E-006     0.77068783E-007    -0.18685752E-014    -0.14605498E-014    -0.18994791E-014    -0.15352706E-014
     0.54093578E+001     0.12251486E-006     0.80906311E-007    -0.18529659E-014    -0.14362596E-014    -0.18802222E-014    -0.15049041E-014
     0.54136992E+001     0.12542297E-006     0.82760315E-007    -0.18288527E-014    -0.14239833E-014    -0.18550835E-014    -0.14984021E-014
     0.54180406E+001     0.12913136E-006     0.82079989E-007    -0.18029924E-014    -0.14243151E-014    -0.18303940E-014    -0.14939195E-014
     0.54223820E+001     0.13128036E-006     0.81966963E-007    -0.17817132E-014    -0.14386720E-014    -0.18041736E-014    -0.15133965E-014
     0.54267233E+001     0.13102939E-006     0.79179424E-007    -0.17729933E-014    -0.14609552E-014    -0.18011447E-014    -0.15354289E-014
     0.54310647E+001     0.13068372E-006     0.75146272E-007    -0.17768393E-014    -0.14845683E-014    -0.18002390E-014    -0.15592691E-014
     0.54354061E+001     0.12737347E-006     0.73062515E-007    -0.17947356E-014    -0.15028620E-014    -0.18239913E-014    -0.15815765E-014
     0.54397475E+001     0.12344578E-006     0.70724610E-007    -0.18195596E-014    -0.15084224E-014    -0.18475247E-014    -0.15817072E-014
     0.54440889E+001     0.12090047E-006     0.70192862E-007    -0.18454919E-014    -0.15015458E-014    -0.18750699E-014    -0.15792221E-014
     0.54484302E+001     0.11912782E-006     0.71858883E-007    -0.18649379E-014    -0.14806944E-014    -0.18976474E-014    -0.15518074E-014
     0.54527716E+001     0.11802999E-006     0.74739691E-007    -0.18716341E-014    -0.14536221E-014    -0.18999971E-014    -0.15267926E-014
     0.54571130E+001     0.11925009E-006     0.77391145E-007    -0.18656004E-014    -0.14258692E-014    -0.18988977E-014    -0.14964106E-014
     0.54614544E+001     0.12316636E-006     0.79974612E-007    -0.18459840E-014    -0.14052030E-014    -0.18725093E-014    -0.14743031E-014
     0.54657957E+001     0.12536276E-006     0.82686399E-007    -0.18213289E-014    -0.13973703E-014    -0.18508120E-014    -0.14700878E-014
     0.54701371E+001     0.12749647E-006     0.81828644E-007    -0.17962344E-014    -0.14026861E-014    -0.18218593E-014    -0.14712767E-014
     0.54744785E+001     0.13006393E-006     0.79450278E-007    -0.17789578E-014    -0.14209245E-014    -0.18046045E-014    -0.14962590E-014
     0.54788199E+001     0.12828378E-006     0.76197234E-007    -0.17748690E-014    -0.14438626E-014    -0.18030940E-014    -0.15154497E-014
     0.54831613E+001     0.12718340E-006     0.71537814E-007    -0.17834346E-014    -0.14670712E-014    -0.18087980E-014    -0.15430842E-014
     0.54875026E+001     0.12615280E-006     0.67118363E-007    -0.18044585E-014    -0.14810331E-014    -0.18366233E-014    -0.15560469E-014
     0.54918440E+001     0.12510566E-006     0.69033693E-007    -0.18295356E-014    -0.14819533E-014    -0.18578272E-014    -0.15551766E-014
     0.54961854E+001     0.12010882E-006     0.70481591E-007    -0.18545177E-014    -0.14696626E-014    -0.18885400E-014    -0.15449493E-014
     0.55005268E+001     0.11754978E-006     0.71884603E-007    -0.18698991E-014    -0.14456590E-014    -0.19016467E-014    -0.15147267E-014
     0.55048682E+001     0.11865946E-006     0.74133866E-007    -0.18723439E-014    -0.14185267E-014    -0.19038632E-014    -0.14914736E-014
     0.55092095E+001     0.12092187E-006     0.78689785E-007    -0.18614169E-014    -0.13920499E-014    -0.18938631E-014    -0.14589280E-014
     0.55135509E+001     0.12205900E-006     0.81674057E-007    -0.18393397E-014    -0.13764104E-014    -0.18664016E-014    -0.14463126E-014
     0.55178923E+001     0.12418243E-006     0.81583934E-007    -0.18140033E-014    -0.13733712E-014    -0.18450415E-014    -0.14422506E-014
     0.55222337E+001     0.12594259E-006     0.79382828E-007    -0.17900523E-014    -0.13835193E-014    -0.18154177E-014    -0.14525755E-014
     0.55265751E+001     0.12725318E-006     0.75099338E-007    -0.17777117E-014    -0.14041747E-014    -0.18072452E-014    -0.14781681E-014
     0.55309164E+001     0.12848423E-006     0.71473040E-007    -0.17775670E-014    -0.14272925E-014    -0.18053054E-014    -0.14977888E-014
     0.55352578E+001     0.12805760E-006     0.68327143E-007    -0.17912458E-014    -0.14482564E-014    -0.18207682E-014    -0.15248244E-014
     0.55395992E+001     0.12425209E-006     0.67566664E-007    -0.18146798E-014    -0.14574075E-014    -0.18478703E-014    -0.15293432E-014
     0.55439406E+001     0.12171400E-006     0.65967354E-007    -0.18400276E-014    -0.14543326E-014    -0.18704933E-014    -0.15289317E-014
     0.55482819E+001     0.12017676E-006     0.68112423E-007    -0.18626334E-014    -0.14373727E-014    -0.18988592E-014    -0.15091016E-014
     0.55526233E+001     0.11834271E-006     0.71417409E-007    -0.18728140E-014    -0.14116734E-014    -0.19039316E-014    -0.14805438E-014
     0.55569647E+001     0.11904243E-006     0.74895856E-007    -0.18709025E-014    -0.13839994E-014    -0.19057438E-014    -0.14546795E-014
     0.55613061E+001     0.11987690E-006     0.78090279E-007    -0.18553850E-014    -0.13602464E-014    -0.18861864E-014    -0.14256597E-014
     0.55656475E+001     0.12251227E-006     0.78762149E-007    -0.18316508E-014    -0.13492634E-014    -0.18609843E-014    -0.14198453E-014
     0.55699888E+001     0.12449712E-006     0.77830843E-007    -0.18065464E-014    -0.13503658E-014    -0.18365247E-014    -0.14166487E-014
     0.55743302E+001     0.12931778E-006     0.74653819E-007    -0.17858772E-014    -0.13654512E-014    -0.18115284E-014    -0.14362283E-014
     0.55786716E+001     0.13065287E-006     0.73634546E-007    -0.17780825E-014    -0.13874813E-014    -0.18091449E-014    -0.14581653E-014
     0.55830130E+001     0.12931227E-006     0.70522643E-007    -0.17823882E-014    -0.14105541E-014    -0.18096117E-014    -0.14817056E-014
     0.55873544E+001     0.12724638E-006     0.66708677E-007    -0.18005643E-014    -0.14283295E-014    -0.18335629E-014    -0.15027395E-014
     0.55916957E+001     0.12583407E-006     0.66670004E-007    -0.18249299E-014    -0.14328484E-014    -0.18574454E-014    -0.15026714E-014
     0.55960371E+001     0.12261023E-006     0.68975613E-007    -0.18503236E-014    -0.14255055E-014    -0.18841963E-014    -0.14994623E-014
     0.56003785E+001     0.11848691E-006     0.70798843E-007    -0.18689395E-014    -0.14044303E-014    -0.19052758E-014    -0.14720518E-014
     0.56047199E+001     0.11669749E-006     0.73657132E-007    -0.18747946E-014    -0.13777932E-014    -0.19070161E-014    -0.14469415E-014
     0.56090612E+001     0.11776746E-006     0.76786830E-007    -0.18685404E-014    -0.13508064E-014    -0.19045646E-014    -0.14172130E-014
     0.56134026E+001     0.11803908E-006     0.79248032E-007    -0.18487258E-014    -0.13312692E-014    -0.18783410E-014    -0.13961835E-014
     0.56177440E+001     0.11916208E-006     0.76914487E-007    -0.18242107E-014    -0.13247314E-014    -0.18564500E-014    -0.13927430E-014
     0.56220854E+001     0.12602796E-006     0.74908236E-007    -0.17993186E-014    -0.13303985E-014    -0.18283070E-014    -0.13950336E-014
     0.56264268E+001     0.12818758E-006     0.73861837E-007    -0.17829661E-014    -0.13490150E-014    -0.18118923E-014    -0.14201377E-014
     0.56307681E+001     0.12849762E-006     0.70092157E-007    -0.17793139E-014    -0.13715240E-014    -0.18109845E-014    -0.14394750E-014
     0.56351095E+001     0.12902968E-006     0.67207306E-007    -0.17883106E-014    -0.13939242E-014    -0.18175711E-014    -0.14661860E-014
     0.56394509E+001     0.12645183E-006     0.67605029E-007    -0.18098242E-014    -0.14071291E-014    -0.18456071E-014    -0.14782469E-014
     0.56437923E+001     0.12068052E-006     0.66351963E-007    -0.18344630E-014    -0.14074947E-014    -0.18671605E-014    -0.14772093E-014
     0.56481337E+001     0.11859531E-006     0.66253449E-007    -0.18587401E-014    -0.13953052E-014    -0.18965715E-014    -0.14664516E-014
     0.56524750E+001     0.11733350E-006     0.68393301E-007    -0.18728879E-014    -0.13711397E-014    -0.19087942E-014    -0.14364003E-014
     0.56568164E+001     0.11789373E-006     0.72890413E-007    -0.18744487E-014    -0.13443823E-014    -0.19101497E-014    -0.14130443E-014
     0.56611578E+001     0.11632546E-006     0.75947173E-007    -0.18632318E-014    -0.13182484E-014    -0.18991152E-014    -0.13816745E-014
     0.56654992E+001     0.11903052E-006     0.74918605E-007    -0.18411238E-014    -0.13034587E-014    -0.18716346E-014    -0.13694505E-014
     0.56698405E+001     0.12456032E-006     0.76154811E-007    -0.18164474E-014    -0.13010369E-014    -0.18503008E-014    -0.13661763E-014
     0.56741819E+001     0.12520194E-006     0.76372439E-007    -0.17931283E-014    -0.13115281E-014    -0.18216974E-014    -0.13773282E-014
     0.56785233E+001     0.12649577E-006     0.71012795E-007    -0.17817400E-014    -0.13323244E-014    -0.18139678E-014    -0.14026202E-014
     0.56828647E+001     0.12656519E-006     0.68549172E-007    -0.17823780E-014    -0.13550304E-014    -0.18131588E-014    -0.14225065E-014
     0.56872061E+001     0.12547640E-006     0.65142924E-007    -0.17963990E-014    -0.13757025E-014    -0.18288560E-014    -0.14485696E-014
     0.56915474E+001     0.12366049E-006     0.63301258E-007    -0.18197915E-014    -0.13842034E-014    -0.18559575E-014    -0.14524932E-014
     0.56958888E+001     0.11992165E-006     0.63495919E-007    -0.18445729E-014    -0.13806665E-014    -0.18789191E-014    -0.14513062E-014
     0.57002302E+001     0.11888010E-006     0.64807790E-007    -0.18666953E-014    -0.13636529E-014    -0.19061945E-014    -0.14315107E-014
     0.57045716E+001     0.11717058E-006     0.68935824E-007    -0.18759222E-014    -0.13379846E-014    -0.19106804E-014    -0.14032452E-014
     0.57089130E+001     0.11587669E-006     0.72527749E-007    -0.18739199E-014    -0.13113525E-014    -0.19112468E-014    -0.13774072E-014
     0.57132543E+001     0.11622152E-006     0.74573386E-007    -0.18575631E-014    -0.12884827E-014    -0.18914805E-014    -0.13493978E-014
     0.57175957E+001     0.11882794E-006     0.72700892E-007    -0.18337487E-014    -0.12783859E-014    -0.18663460E-014    -0.13438742E-014
     0.57219371E+001     0.12389201E-006     0.71760646E-007    -0.18090227E-014    -0.12798229E-014    -0.18423139E-014    -0.13419234E-014
     0.57262785E+001     0.12735336E-006     0.70209106E-007    -0.17888767E-014    -0.12952077E-014    -0.18181344E-014    -0.13618857E-014
     0.57306198E+001     0.12946672E-006     0.68677380E-007    -0.17818824E-014    -0.13170938E-014    -0.18158081E-014    -0.13841369E-014
     0.57349612E+001     0.12752129E-006     0.66763486E-007    -0.17863557E-014    -0.13397730E-014    -0.18171243E-014    -0.14071724E-014
     0.57393026E+001     0.12510585E-006     0.62574095E-007    -0.18047028E-014    -0.13568346E-014    -0.18411155E-014    -0.14274292E-014
     0.57436440E+001     0.12255582E-006     0.61194859E-007    -0.18288450E-014    -0.13605948E-014    -0.18650131E-014    -0.14270759E-014
     0.57479854E+001     0.12160597E-006     0.62814711E-007    -0.18536310E-014    -0.13529826E-014    -0.18913644E-014    -0.14229123E-014
     0.57523267E+001     0.11826020E-006     0.66567125E-007    -0.18718007E-014    -0.13316031E-014    -0.19116731E-014    -0.13956523E-014
     0.57566681E+001     0.11556486E-006     0.69147755E-007    -0.18767977E-014    -0.13055459E-014    -0.19129057E-014    -0.13704216E-014
     0.57610095E+001     0.11628277E-006     0.71223830E-007    -0.18700846E-014    -0.12789169E-014    -0.19098371E-014    -0.13412237E-014
     0.57653509E+001     0.11833320E-006     0.72458717E-007    -0.18501202E-014    -0.12599800E-014    -0.18836296E-014    -0.13213610E-014
     0.57696923E+001     0.12307513E-006     0.72385139E-007    -0.18259717E-014    -0.12542332E-014    -0.18611752E-014    -0.13184306E-014
     0.57740336E+001     0.12545160E-006     0.73041704E-007    -0.18015735E-014    -0.12601493E-014    -0.18335462E-014    -0.13212605E-014
     0.57783750E+001     0.12646408E-006     0.70555964E-007    -0.17858373E-014    -0.12787913E-014    -0.18178439E-014    -0.13461115E-014
     0.57827164E+001     0.12831263E-006     0.66024751E-007    -0.17832283E-014    -0.13010047E-014    -0.18174563E-014    -0.13657786E-014
     0.57870578E+001     0.12786838E-006     0.64545265E-007    -0.17924975E-014    -0.13230435E-014    -0.18249410E-014    -0.13918663E-014
     0.57913992E+001     0.12415613E-006     0.64411653E-007    -0.18143745E-014    -0.13358144E-014    -0.18528946E-014    -0.14036300E-014
     0.57957405E+001     0.11840614E-006     0.62112826E-007    -0.18384726E-014    -0.13360593E-014    -0.18744830E-014    -0.14023482E-014
     0.58000819E+001     0.11750657E-006     0.61368385E-007    -0.18620852E-014    -0.13236037E-014    -0.19029815E-014    -0.13911778E-014
     0.58044233E+001     0.11617200E-006     0.64913500E-007    -0.18755287E-014    -0.12993834E-014    -0.19144845E-014    -0.13611153E-014
     0.58087647E+001     0.11491127E-006     0.68689280E-007    -0.18766047E-014    -0.12731401E-014    -0.19153568E-014    -0.13373540E-014
     0.58131060E+001     0.11517534E-006     0.68534957E-007    -0.18651466E-014    -0.12477438E-014    -0.19041299E-014    -0.13067797E-014
     0.58174474E+001     0.11974680E-006     0.69952485E-007    -0.18427118E-014    -0.12337020E-014    -0.18769181E-014    -0.12953227E-014
     0.58217888E+001     0.12368021E-006     0.69734042E-007    -0.18186053E-014    -0.12316751E-014    -0.18552444E-014    -0.12928251E-014
     0.58261302E+001     0.12722532E-006     0.69542224E-007    -0.17958784E-014    -0.12426902E-014    -0.18274178E-014    -0.13043732E-014
     0.58304716E+001     0.12917087E-006     0.67008756E-007    -0.17850033E-014    -0.12637527E-014    -0.18200420E-014    -0.13298913E-014
     0.58348129E+001     0.12978860E-006     0.66081361E-007    -0.17857527E-014    -0.12860993E-014    -0.18195048E-014    -0.13499104E-014
     0.58391543E+001     0.12587242E-006     0.64292161E-007    -0.17998141E-014    -0.13062414E-014    -0.18356122E-014    -0.13751237E-014
     0.58434957E+001     0.12200238E-006     0.62131097E-007    -0.18232559E-014    -0.13138641E-014    -0.18626656E-014    -0.13790529E-014
     0.58478371E+001     0.11845293E-006     0.61635596E-007    -0.18475815E-014    -0.13103471E-014    -0.18853280E-014    -0.13773996E-014
     0.58521785E+001     0.11532380E-006     0.61892988E-007    -0.18690801E-014    -0.12929469E-014    -0.19117130E-014    -0.13570967E-014
     0.58565198E+001     0.11432437E-006     0.63251739E-007    -0.18776977E-014    -0.12676254E-014    -0.19163094E-014    -0.13289087E-014
     0.58608612E+001     0.11614148E-006     0.66026161E-007    -0.18750395E-014    -0.12414563E-014    -0.19161898E-014    -0.13033732E-014
     0.58652026E+001     0.11804108E-006     0.68847056E-007    -0.18585661E-014    -0.12187323E-014    -0.18962186E-014    -0.12760232E-014
     0.58695440E+001     0.12117719E-006     0.68958638E-007    -0.18351688E-014    -0.12094454E-014    -0.18714334E-014    -0.12707456E-014
     0.58738853E+001     0.12608908E-006     0.69499950E-007    -0.18107893E-014    -0.12113090E-014    -0.18474686E-014    -0.12697615E-014
     0.58782267E+001     0.12834975E-006     0.68753768E-007    -0.17909833E-014    -0.12268050E-014    -0.18238278E-014    -0.12899761E-014
     0.58825681E+001     0.12857780E-006     0.67013243E-007    -0.17846742E-014    -0.12484824E-014    -0.18216675E-014    -0.13121713E-014
     0.58869095E+001     0.12717173E-006     0.64034306E-007    -0.17893379E-014    -0.12705739E-014    -0.18235682E-014    -0.13352284E-014
     0.58912509E+001     0.12377586E-006     0.61699010E-007    -0.18082482E-014    -0.12871320E-014    -0.18474458E-014    -0.13549410E-014
     0.58955922E+001     0.12141085E-006     0.58675737E-007    -0.18322047E-014    -0.12906258E-014    -0.18712105E-014    -0.13545685E-014
     0.58999336E+001     0.11920958E-006     0.59750206E-007    -0.18564332E-014    -0.12829733E-014    -0.18971107E-014    -0.13497458E-014
     0.59042750E+001     0.11740247E-006     0.62395464E-007    -0.18740714E-014    -0.12613156E-014    -0.19169756E-014    -0.13224694E-014
     0.59086164E+001     0.11614924E-006     0.65258620E-007    -0.18786772E-014    -0.12358602E-014    -0.19181803E-014    -0.12974737E-014
     0.59129578E+001     0.11750442E-006     0.68592401E-007    -0.18717411E-014    -0.12097641E-014    -0.19142515E-014    -0.12688191E-014
     0.59172991E+001     0.11812240E-006     0.71614231E-007    -0.18515949E-014    -0.11915639E-014    -0.18882566E-014    -0.12491812E-014
     0.59216405E+001     0.12148610E-006     0.70466968E-007    -0.18277670E-014    -0.11862232E-014    -0.18660803E-014    -0.12466026E-014
     0.59259819E+001     0.12513061E-006     0.70320180E-007    -0.18040020E-014    -0.11924023E-014    -0.18388668E-014    -0.12504295E-014
     0.59303233E+001     0.12561695E-006     0.69369459E-007    -0.17887878E-014    -0.12117648E-014    -0.18233811E-014    -0.12753140E-014
     0.59346646E+001     0.12419756E-006     0.66565924E-007    -0.17862103E-014    -0.12334739E-014    -0.18229090E-014    -0.12950971E-014
     0.59390060E+001     0.12110585E-006     0.61306043E-007    -0.17956722E-014    -0.12551517E-014    -0.18305631E-014    -0.13206859E-014
     0.59433474E+001     0.11971818E-006     0.55422808E-007    -0.18174981E-014    -0.12674193E-014    -0.18581708E-014    -0.13318697E-014
     0.59476888E+001     0.11949126E-006     0.55944330E-007    -0.18410102E-014    -0.12671385E-014    -0.18800801E-014    -0.13302078E-014
     0.59520302E+001     0.11727156E-006     0.57342887E-007    -0.18644151E-014    -0.12545040E-014    -0.19082405E-014    -0.13186898E-014
     0.59563715E+001     0.11641328E-006     0.59930490E-007    -0.18773967E-014    -0.12303564E-014    -0.19195709E-014    -0.12891308E-014
     0.59607129E+001     0.11638871E-006     0.64360314E-007    -0.18781025E-014    -0.12048706E-014    -0.19201924E-014    -0.12656037E-014
     0.59650543E+001     0.11698629E-006     0.67446887E-007    -0.18663329E-014    -0.11799602E-014    -0.19087445E-014    -0.12358384E-014
     0.59693957E+001     0.11888395E-006     0.68843663E-007    -0.18437198E-014    -0.11664403E-014    -0.18811709E-014    -0.12247662E-014
     0.59737371E+001     0.12100079E-006     0.68229227E-007    -0.18200349E-014    -0.11647142E-014    -0.18596506E-014    -0.12223814E-014
     0.59780784E+001     0.12461783E-006     0.65161034E-007    -0.17975614E-014    -0.11756893E-014    -0.18322008E-014    -0.12342807E-014
     0.59824198E+001     0.12792558E-006     0.63116740E-007    -0.17874988E-014    -0.11966856E-014    -0.18248543E-014    -0.12594398E-014
     0.59867612E+001     0.12708353E-006     0.61500473E-007    -0.17885552E-014    -0.12185274E-014    -0.18249125E-014    -0.12793618E-014
     0.59911026E+001     0.12462857E-006     0.58943250E-007    -0.18029874E-014    -0.12386033E-014    -0.18411397E-014    -0.13044818E-014
     0.59954439E+001     0.12243936E-006     0.57207942E-007    -0.18259921E-014    -0.12457562E-014    -0.18675727E-014    -0.13083088E-014
     0.59997853E+001     0.11946664E-006     0.56918963E-007    -0.18499160E-014    -0.12417910E-014    -0.18902750E-014    -0.13060751E-014
     0.60041267E+001     0.11692645E-006     0.59369892E-007    -0.18711290E-014    -0.12244958E-014    -0.19163104E-014    -0.12858923E-014
     0.60084681E+001     0.11477209E-006     0.61146715E-007    -0.18792176E-014    -0.11992874E-014    -0.19207739E-014    -0.12581530E-014
     0.60128095E+001     0.11679866E-006     0.64663566E-007    -0.18764667E-014    -0.11735813E-014    -0.19203392E-014    -0.12328843E-014
     0.60171508E+001     0.11729626E-006     0.66910704E-007    -0.18599788E-014    -0.11514782E-014    -0.19001653E-014    -0.12061264E-014
     0.60214922E+001     0.12063013E-006     0.68084162E-007    -0.18367560E-014    -0.11428172E-014    -0.18754505E-014    -0.12008908E-014
     0.60258336E+001     0.12286404E-006     0.68420248E-007    -0.18129405E-014    -0.11447337E-014    -0.18515483E-014    -0.12002084E-014
     0.60301750E+001     0.12425524E-006     0.64188113E-007    -0.17938203E-014    -0.11605612E-014    -0.18284009E-014    -0.12201429E-014
     0.60345164E+001     0.12739224E-006     0.61696419E-007    -0.17879663E-014    -0.11822447E-014    -0.18264176E-014    -0.12423655E-014
     0.60388577E+001     0.12576226E-006     0.59539938E-007    -0.17926468E-014    -0.12041714E-014    -0.18284609E-014    -0.12652032E-014
     0.60431991E+001     0.12475083E-006     0.55817578E-007    -0.18114787E-014    -0.12205484E-014    -0.18521515E-014    -0.12845302E-014
     0.60475405E+001     0.12324083E-006     0.56524158E-007    -0.18348317E-014    -0.12235255E-014    -0.18757442E-014    -0.12840587E-014
     0.60518819E+001     0.11900474E-006     0.59591697E-007    -0.18585472E-014    -0.12158475E-014    -0.19015310E-014    -0.12790358E-014
     0.60562232E+001     0.11475611E-006     0.60307419E-007    -0.18757707E-014    -0.11941603E-014    -0.19210102E-014    -0.12523745E-014
     0.60605646E+001     0.11438943E-006     0.61853800E-007    -0.18798220E-014    -0.11688818E-014    -0.19220090E-014    -0.12275680E-014
     0.60649060E+001     0.11668454E-006     0.64109992E-007    -0.18731504E-014    -0.11435022E-014    -0.19176825E-014    -0.11991743E-014
     0.60692474E+001     0.11953023E-006     0.68515300E-007    -0.18527215E-014    -0.11258809E-014    -0.18920497E-014    -0.11798498E-014
     0.60735888E+001     0.12031733E-006     0.68766897E-007    -0.18291531E-014    -0.11209845E-014    -0.18700455E-014    -0.11772228E-014
     0.60779301E+001     0.12184041E-006     0.67022710E-007    -0.18058353E-014    -0.11271227E-014    -0.18433365E-014    -0.11812804E-014
     0.60822715E+001     0.12475619E-006     0.63416067E-007    -0.17910559E-014    -0.11465437E-014    -0.18282384E-014    -0.12059996E-014
     0.60866129E+001     0.12651938E-006     0.60980278E-007    -0.17889809E-014    -0.11678345E-014    -0.18278762E-014    -0.12259407E-014
     0.60909543E+001     0.12499990E-006     0.58975551E-007    -0.17982770E-014    -0.11893837E-014    -0.18354583E-014    -0.12513160E-014
     0.60952957E+001     0.12193818E-006     0.59383827E-007    -0.18199990E-014    -0.12010343E-014    -0.18625934E-014    -0.12623355E-014
     0.60996370E+001     0.11554744E-006     0.57075229E-007    -0.18431112E-014    -0.12004131E-014    -0.18842102E-014    -0.12606709E-014
     0.61039784E+001     0.11363887E-006     0.56256375E-007    -0.18663348E-014    -0.11878893E-014    -0.19118820E-014    -0.12490112E-014
     0.61083198E+001     0.11198656E-006     0.57614693E-007    -0.18787129E-014    -0.11639515E-014    -0.19231298E-014    -0.12198805E-014
     0.61126612E+001     0.11361826E-006     0.59653897E-007    -0.18791325E-014    -0.11389347E-014    -0.19235431E-014    -0.11965090E-014
     0.61170026E+001     0.11566613E-006     0.63257355E-007    -0.18674590E-014    -0.11144296E-014    -0.19120504E-014    -0.11670779E-014
     0.61213439E+001     0.11845735E-006     0.64837815E-007    -0.18450604E-014    -0.11016765E-014    -0.18853048E-014    -0.11561076E-014
     0.61256853E+001     0.12120988E-006     0.65194878E-007    -0.18216824E-014    -0.11003056E-014    -0.18638073E-014    -0.11540388E-014
     0.61300267E+001     0.12384464E-006     0.63444335E-007    -0.17996006E-014    -0.11112272E-014    -0.18369219E-014    -0.11660491E-014
     0.61343681E+001     0.12517490E-006     0.61508925E-007    -0.17898344E-014    -0.11324578E-014    -0.18295066E-014    -0.11909825E-014
     0.61387094E+001     0.12429877E-006     0.56672526E-007    -0.17907690E-014    -0.11534903E-014    -0.18292666E-014    -0.12108430E-014
     0.61430508E+001     0.12425767E-006     0.54902597E-007    -0.18052734E-014    -0.11730193E-014    -0.18453025E-014    -0.12350934E-014
     0.61473922E+001     0.12179744E-006     0.53694507E-007    -0.18284316E-014    -0.11796932E-014    -0.18715871E-014    -0.12387900E-014
     0.61517336E+001     0.11946497E-006     0.54600147E-007    -0.18517762E-014    -0.11760250E-014    -0.18942708E-014    -0.12366690E-014
     0.61560750E+001     0.11637248E-006     0.57142412E-007    -0.18726332E-014    -0.11587523E-014    -0.19199051E-014    -0.12169182E-014
     0.61604163E+001     0.11471446E-006     0.60117632E-007    -0.18800219E-014    -0.11339855E-014    -0.19244023E-014    -0.11895898E-014
     0.61647577E+001     0.11524431E-006     0.62612718E-007    -0.18771553E-014    -0.11087783E-014    -0.19240578E-014    -0.11647582E-014
     0.61690991E+001     0.11674046E-006     0.65359871E-007    -0.18605448E-014    -0.10868737E-014    -0.19041182E-014    -0.11387578E-014
     0.61734405E+001     0.11890155E-006     0.66623696E-007    -0.18377858E-014    -0.10785288E-014    -0.18794487E-014    -0.11337137E-014
     0.61777819E+001     0.12005868E-006     0.65569256E-007    -0.18147975E-014    -0.10806262E-014    -0.18556318E-014    -0.11328231E-014
     0.61821232E+001     0.12384097E-006     0.63159115E-007    -0.17957701E-014    -0.10967030E-014    -0.18331241E-014    -0.11522276E-014
     0.61864646E+001     0.12389114E-006     0.61278569E-007    -0.17904403E-014    -0.11178194E-014    -0.18312424E-014    -0.11743011E-014
     0.61908060E+001     0.12262629E-006     0.57080593E-007    -0.17953329E-014    -0.11393308E-014    -0.18333305E-014    -0.11969470E-014
     0.61951474E+001     0.12109644E-006     0.55163257E-007    -0.18141915E-014    -0.11556849E-014    -0.18566008E-014    -0.12160829E-014
     0.61994887E+001     0.11830720E-006     0.54133622E-007    -0.18370073E-014    -0.11583808E-014    -0.18797918E-014    -0.12157854E-014
     0.62038301E+001     0.11538342E-006     0.56018058E-007    -0.18602686E-014    -0.11508723E-014    -0.19052509E-014    -0.12109710E-014
     0.62081715E+001     0.11064697E-006     0.57374588E-007    -0.18771023E-014    -0.11294832E-014    -0.19244012E-014    -0.11849386E-014
     0.62125129E+001     0.10995186E-006     0.58833890E-007    -0.18803278E-014    -0.11049528E-014    -0.19251965E-014    -0.11607676E-014
     0.62168543E+001     0.11105751E-006     0.59874557E-007    -0.18735602E-014    -0.10796259E-014    -0.19208581E-014    -0.11326933E-014
     0.62211956E+001     0.11500468E-006     0.61018812E-007    -0.18532160E-014    -0.10621570E-014    -0.18956896E-014    -0.11135532E-014
     0.62255370E+001     0.11793906E-006     0.63156580E-007    -0.18307403E-014    -0.10577495E-014    -0.18743346E-014    -0.11110585E-014
     0.62298784E+001     0.11998926E-006     0.59792334E-007    -0.18077126E-014    -0.10641171E-014    -0.18478173E-014    -0.11153998E-014
     0.62342198E+001     0.12422533E-006     0.57549851E-007    -0.17930959E-014    -0.10836572E-014    -0.18326333E-014    -0.11396798E-014
     0.62385612E+001     0.12465501E-006     0.55746554E-007    -0.17911091E-014    -0.11040942E-014    -0.18318359E-014    -0.11588503E-014
     0.62429025E+001     0.12334568E-006     0.54017720E-007    -0.18005340E-014    -0.11251475E-014    -0.18395876E-014    -0.11835818E-014
     0.62472439E+001     0.12048204E-006     0.53178420E-007    -0.18223454E-014    -0.11365474E-014    -0.18662919E-014    -0.11945800E-014
     0.62515853E+001     0.11640887E-006     0.52230192E-007    -0.18447810E-014    -0.11359055E-014    -0.18874239E-014    -0.11932280E-014
     0.62559267E+001     0.11299176E-006     0.53931554E-007    -0.18673871E-014    -0.11235766E-014    -0.19144891E-014    -0.11818009E-014
     0.62602680E+001     0.11048366E-006     0.53773378E-007    -0.18793402E-014    -0.10994298E-014    -0.19255555E-014    -0.11532772E-014
     0.62646094E+001     0.11214748E-006     0.55357013E-007    -0.18799203E-014    -0.10754394E-014    -0.19260320E-014    -0.11304569E-014
     0.62689508E+001     0.11518305E-006     0.58064382E-007    -0.18681622E-014    -0.10514052E-014    -0.19147026E-014    -0.11014909E-014
     0.62732922E+001     0.11841362E-006     0.61861620E-007    -0.18458028E-014    -0.10391467E-014    -0.18884188E-014    -0.10906291E-014
     0.62776336E+001     0.11920454E-006     0.61091988E-007    -0.18232821E-014    -0.10378325E-014    -0.18674571E-014    -0.10883853E-014
     0.62819749E+001     0.12257909E-006     0.58704621E-007    -0.18013995E-014    -0.10489285E-014    -0.18410435E-014    -0.11000456E-014
     0.62863163E+001     0.12454746E-006     0.55394748E-007    -0.17920748E-014    -0.10696427E-014    -0.18338894E-014    -0.11243064E-014
     0.62906577E+001     0.12497821E-006     0.53775879E-007    -0.17934511E-014    -0.10902868E-014    -0.18337221E-014    -0.11439045E-014
     0.62949991E+001     0.12308700E-006     0.51782756E-007    -0.18075954E-014    -0.11097559E-014    -0.18491417E-014    -0.11679169E-014
     0.62993405E+001     0.12047406E-006     0.51374189E-007    -0.18303382E-014    -0.11159713E-014    -0.18749288E-014    -0.11714836E-014
     0.63036818E+001     0.11660319E-006     0.51295205E-007    -0.18530678E-014    -0.11122586E-014    -0.18970298E-014    -0.11698402E-014
     0.63080232E+001     0.11482987E-006     0.52678182E-007    -0.18734948E-014    -0.10951933E-014    -0.19221400E-014    -0.11505379E-014
     0.63123646E+001     0.11337691E-006     0.55610065E-007    -0.18804074E-014    -0.10706771E-014    -0.19262652E-014    -0.11239445E-014
     0.63167060E+001     0.11444373E-006     0.58598174E-007    -0.18779101E-014    -0.10461732E-014    -0.19262069E-014    -0.10993201E-014
     0.63210473E+001     0.11527088E-006     0.61456424E-007    -0.18614539E-014    -0.10250686E-014    -0.19070474E-014    -0.10738843E-014
     0.63253887E+001     0.11721200E-006     0.63247340E-007    -0.18386451E-014    -0.10174971E-014    -0.18830413E-014    -0.10691192E-014
     0.63297301E+001     0.11848199E-006     0.60819959E-007    -0.18159494E-014    -0.10191330E-014    -0.18596611E-014    -0.10680193E-014
     0.63340715E+001     0.12137912E-006     0.58644820E-007    -0.17975815E-014    -0.10348836E-014    -0.18375775E-014    -0.10870100E-014
     0.63384129E+001     0.12120301E-006     0.55316674E-007    -0.17928938E-014    -0.10559005E-014    -0.18356647E-014    -0.11084379E-014
     0.63427542E+001     0.12136007E-006     0.50975507E-007    -0.17973358E-014    -0.10769725E-014    -0.18373642E-014    -0.11306539E-014
     0.63470956E+001     0.12036316E-006     0.49350707E-007    -0.18159851E-014    -0.10926944E-014    -0.18599001E-014    -0.11494473E-014
     0.63514370E+001     0.11785919E-006     0.48955088E-007    -0.18382511E-014    -0.10950296E-014    -0.18821922E-014    -0.11490846E-014
     0.63557784E+001     0.11417605E-006     0.50330224E-007    -0.18611304E-014    -0.10876127E-014    -0.19071497E-014    -0.11444381E-014
     0.63601198E+001     0.11161587E-006     0.51670729E-007    -0.18775285E-014    -0.10665136E-014    -0.19259300E-014    -0.11189151E-014
     0.63644611E+001     0.11099627E-006     0.52350611E-007    -0.18804861E-014    -0.10426021E-014    -0.19271374E-014    -0.10955283E-014
     0.63688025E+001     0.11513094E-006     0.56188739E-007    -0.18737999E-014    -0.10180678E-014    -0.19232219E-014    -0.10683751E-014
     0.63731439E+001     0.11545752E-006     0.59589498E-007    -0.18534750E-014    -0.10009891E-014    -0.18985675E-014    -0.10499160E-014
     0.63774853E+001     0.11767476E-006     0.58603425E-007    -0.18316169E-014    -0.99697863E-015    -0.18774662E-014    -0.10473013E-014
     0.63818266E+001     0.12024748E-006     0.57696296E-007    -0.18088852E-014    -0.10029460E-014    -0.18516464E-014    -0.10506354E-014
     0.63861680E+001     0.12147234E-006     0.54545641E-007    -0.17951145E-014    -0.10220912E-014    -0.18372111E-014    -0.10743465E-014
     0.63905094E+001     0.12318344E-006     0.50096066E-007    -0.17937112E-014    -0.10422817E-014    -0.18365919E-014    -0.10929099E-014
     0.63948508E+001     0.12281404E-006     0.48685140E-007    -0.18026403E-014    -0.10632544E-014    -0.18437882E-014    -0.11174546E-014
     0.63991922E+001     0.12030197E-006     0.46127422E-007    -0.18238901E-014    -0.10741110E-014    -0.18697344E-014    -0.11281094E-014
     0.64035335E+001     0.11869810E-006     0.47177932E-007    -0.18455241E-014    -0.10729232E-014    -0.18899845E-014    -0.11269611E-014
     0.64078749E+001     0.11521894E-006     0.48960742E-007    -0.18679591E-014    -0.10608537E-014    -0.19165234E-014    -0.11162680E-014
     0.64122163E+001     0.11417706E-006     0.50553810E-007    -0.18793791E-014    -0.10371807E-014    -0.19270875E-014    -0.10884987E-014
     0.64165577E+001     0.11407818E-006     0.54355938E-007    -0.18796722E-014    -0.10137709E-014    -0.19278681E-014    -0.10666660E-014
     0.64208991E+001     0.11560245E-006     0.56115949E-007    -0.18684308E-014    -0.99010351E-015    -0.19169568E-014    -0.10385079E-014
     0.64252404E+001     0.11909499E-006     0.57833507E-007    -0.18464104E-014    -0.97875205E-015    -0.18912221E-014    -0.10280454E-014
     0.64295818E+001     0.12200182E-006     0.59359217E-007    -0.18246777E-014    -0.97761527E-015    -0.18710094E-014    -0.10254615E-014
     0.64339232E+001     0.12257361E-006     0.58020469E-007    -0.18030644E-014    -0.98861201E-015    -0.18451204E-014    -0.10364873E-014
     0.64382646E+001     0.12445162E-006     0.54257744E-007    -0.17943378E-014    -0.10090188E-014    -0.18383063E-014    -0.10599567E-014
     0.64426060E+001     0.12482947E-006     0.52707879E-007    -0.17955964E-014    -0.10289256E-014    -0.18378265E-014    -0.10784464E-014
     0.64469473E+001     0.12196040E-006     0.51435642E-007    -0.18095222E-014    -0.10481306E-014    -0.18530560E-014    -0.11020427E-014
     0.64512887E+001     0.11894983E-006     0.49099634E-007    -0.18317374E-014    -0.10537728E-014    -0.18777910E-014    -0.11056931E-014
     0.64556301E+001     0.11569505E-006     0.51812862E-007    -0.18535460E-014    -0.10499479E-014    -0.18987657E-014    -0.11042912E-014
     0.64599715E+001     0.11075031E-006     0.52395628E-007    -0.18739409E-014    -0.10330983E-014    -0.19234189E-014    -0.10856286E-014
     0.64643128E+001     0.10822483E-006     0.54498293E-007    -0.18801556E-014    -0.10092276E-014    -0.19273695E-014    -0.10600858E-014
     0.64686542E+001     0.10827868E-006     0.54533090E-007    -0.18777546E-014    -0.98568072E-015    -0.19275191E-014    -0.10365438E-014
     0.64729956E+001     0.11080204E-006     0.55265213E-007    -0.18613955E-014    -0.96479171E-015    -0.19089058E-014    -0.10117339E-014
     0.64773370E+001     0.11412157E-006     0.54360715E-007    -0.18393470E-014    -0.95798972E-015    -0.18857528E-014    -0.10070246E-014
     0.64816784E+001     0.11847878E-006     0.53733061E-007    -0.18172198E-014    -0.95960385E-015    -0.18634411E-014    -0.10054269E-014
     0.64860197E+001     0.12277720E-006     0.50737821E-007    -0.17990359E-014    -0.97527223E-015    -0.18420362E-014    -0.10238717E-014
     0.64903611E+001     0.12446024E-006     0.50475031E-007    -0.17949460E-014    -0.99527614E-015    -0.18404229E-014    -0.10443958E-014
     0.64947025E+001     0.12340288E-006     0.48974251E-007    -0.17994187E-014    -0.10158234E-014    -0.18414541E-014    -0.10659142E-014
     0.64990439E+001     0.12019981E-006     0.48391186E-007    -0.18178336E-014    -0.10314283E-014    -0.18633406E-014    -0.10841146E-014
     0.65033853E+001     0.11502149E-006     0.46252080E-007    -0.18392483E-014    -0.10330338E-014    -0.18845232E-014    -0.10836947E-014
     0.65077266E+001     0.11216562E-006     0.45211577E-007    -0.18614282E-014    -0.10260740E-014    -0.19083541E-014    -0.10797323E-014
     0.65120680E+001     0.11186071E-006     0.47236368E-007    -0.18773160E-014    -0.10047620E-014    -0.19265573E-014    -0.10549086E-014
     0.65164094E+001     0.11151955E-006     0.50027593E-007    -0.18800417E-014    -0.98181109E-015    -0.19274446E-014    -0.10325864E-014
     0.65207508E+001     0.11236224E-006     0.52450270E-007    -0.18738278E-014    -0.95789597E-015    -0.19243048E-014    -0.10062570E-014
     0.65250921E+001     0.11425938E-006     0.53701590E-007    -0.18536843E-014    -0.94167858E-015    -0.19003950E-014    -0.98865454E-015
     0.65294335E+001     0.11864493E-006     0.52784564E-007    -0.18325478E-014    -0.93815954E-015    -0.18803543E-014    -0.98616662E-015
     0.65337749E+001     0.12264359E-006     0.53359045E-007    -0.18104056E-014    -0.94377800E-015    -0.18551823E-014    -0.98878552E-015
     0.65381163E+001     0.12355951E-006     0.52458281E-007    -0.17971969E-014    -0.96298763E-015    -0.18414757E-014    -0.10113680E-014
     0.65424577E+001     0.12276933E-006     0.49372345E-007    -0.17959959E-014    -0.98211461E-015    -0.18411596E-014    -0.10288000E-014
     0.65467990E+001     0.12097441E-006     0.45354189E-007    -0.18046544E-014    -0.10025901E-014    -0.18477708E-014    -0.10525537E-014
     0.65511404E+001     0.11993186E-006     0.43155101E-007    -0.18258259E-014    -0.10127902E-014    -0.18729385E-014    -0.10627901E-014
     0.65554818E+001     0.11768979E-006     0.45384176E-007    -0.18465833E-014    -0.10115973E-014    -0.18916699E-014    -0.10618523E-014
     0.65598232E+001     0.11343998E-006     0.46376279E-007    -0.18686349E-014    -0.10001141E-014    -0.19173830E-014    -0.10517258E-014
     0.65641646E+001     0.11167069E-006     0.48346671E-007    -0.18789909E-014    -0.97699571E-015    -0.19273162E-014    -0.10249342E-014
     0.65685059E+001     0.11104615E-006     0.50211153E-007    -0.18788838E-014    -0.95453053E-015    -0.19280277E-014    -0.10044342E-014
     0.65728473E+001     0.11327540E-006     0.51047850E-007    -0.18677337E-014    -0.93120909E-015    -0.19179899E-014    -0.97675984E-015
     0.65771887E+001     0.11583182E-006     0.52243463E-007    -0.18459170E-014    -0.92026089E-015    -0.18935744E-014    -0.96715324E-015
     0.65815301E+001     0.12029065E-006     0.51261840E-007    -0.18255098E-014    -0.91906531E-015    -0.18750772E-014    -0.96479546E-015
     0.65858714E+001     0.12380036E-006     0.50979015E-007    -0.18044557E-014    -0.92987023E-015    -0.18496859E-014    -0.97542558E-015
     0.65902128E+001     0.12501161E-006     0.49257118E-007    -0.17966647E-014    -0.95010482E-015    -0.18434682E-014    -0.99803189E-015
     0.65945542E+001     0.12450011E-006     0.47365994E-007    -0.17977646E-014    -0.96894697E-015    -0.18424338E-014    -0.10153029E-014
     0.65988956E+001     0.12175439E-006     0.44956339E-007    -0.18116721E-014    -0.98781880E-015    -0.18566222E-014    -0.10379960E-014
     0.66032370E+001     0.11894239E-006     0.42764150E-007    -0.18334937E-014    -0.99283292E-015    -0.18803059E-014    -0.10406258E-014
     0.66075783E+001     0.11773796E-006     0.44075841E-007    -0.18540106E-014    -0.98953303E-015    -0.19000159E-014    -0.10396357E-014
     0.66119197E+001     0.11393929E-006     0.45974868E-007    -0.18738171E-014    -0.97260397E-015    -0.19239885E-014    -0.10218103E-014
     0.66162611E+001     0.11332989E-006     0.47743488E-007    -0.18792751E-014    -0.94927048E-015    -0.19270372E-014    -0.99736415E-015
     0.66206025E+001     0.11407247E-006     0.50424231E-007    -0.18770868E-014    -0.92677640E-015    -0.19277234E-014    -0.97536642E-015
     0.66249439E+001     0.11648382E-006     0.52855984E-007    -0.18609019E-014    -0.90639085E-015    -0.19099381E-014    -0.95116627E-015
     0.66292852E+001     0.11955867E-006     0.54101301E-007    -0.18393875E-014    -0.90049275E-015    -0.18882241E-014    -0.94751442E-015
     0.66336266E+001     0.12157068E-006     0.54568115E-007    -0.18183946E-014    -0.90176158E-015    -0.18674107E-014    -0.94562258E-015
     0.66379680E+001     0.12211037E-006     0.52077461E-007    -0.18005283E-014    -0.91750296E-015    -0.18463118E-014    -0.96370714E-015
     0.66423094E+001     0.12287231E-006     0.48562830E-007    -0.17972456E-014    -0.93671400E-015    -0.18451042E-014    -0.98244061E-015
     0.66466507E+001     0.12249346E-006     0.45383483E-007    -0.18010993E-014    -0.95614266E-015    -0.18456112E-014    -0.10022998E-014
     0.66509921E+001     0.11978204E-006     0.43466595E-007    -0.18197702E-014    -0.97109004E-015    -0.18670259E-014    -0.10198487E-014
     0.66553335E+001     0.11824800E-006     0.40302241E-007    -0.18404894E-014    -0.97196176E-015    -0.18866385E-014    -0.10185070E-014
     0.66596749E+001     0.11810995E-006     0.43890924E-007    -0.18619897E-014    -0.96575928E-015    -0.19093304E-014    -0.10154616E-014
     0.66640163E+001     0.11483996E-006     0.46778144E-007    -0.18771262E-014    -0.94478115E-015    -0.19266537E-014    -0.99135110E-015
     0.66683576E+001     0.11360077E-006     0.50711449E-007    -0.18788082E-014    -0.92273563E-015    -0.19268917E-014    -0.97071138E-015
     0.66726990E+001     0.11266847E-006     0.51841726E-007    -0.18731570E-014    -0.89949643E-015    -0.19246814E-014    -0.94569562E-015
     0.66770404E+001     0.11687210E-006     0.52458238E-007    -0.18530883E-014    -0.88391723E-015    -0.19014093E-014    -0.92899315E-015
     0.66813818E+001     0.12005709E-006     0.54022279E-007    -0.18331840E-014    -0.88120126E-015    -0.18835436E-014    -0.92720366E-015
     0.66857232E+001     0.12222466E-006     0.53339335E-007    -0.18115445E-014    -0.88640762E-015    -0.18595832E-014    -0.92940072E-015
     0.66900645E+001     0.12351931E-006     0.51155917E-007    -0.17992248E-014    -0.90539894E-015    -0.18467510E-014    -0.95158074E-015
     0.66944059E+001     0.12318751E-006     0.49194060E-007    -0.17987811E-014    -0.92351937E-015    -0.18467732E-014    -0.96715051E-015
     0.66987473E+001     0.12103128E-006     0.46378162E-007    -0.18066927E-014    -0.94355212E-015    -0.18523218E-014    -0.98992813E-015
     0.67030887E+001     0.11749133E-006     0.45252405E-007    -0.18279922E-014    -0.95268454E-015    -0.18766685E-014    -0.99902957E-015
     0.67074301E+001     0.11328402E-006     0.43937799E-007    -0.18475774E-014    -0.95123903E-015    -0.18933336E-014    -0.99760188E-015
     0.67117714E+001     0.11037899E-006     0.43554325E-007    -0.18691348E-014    -0.94040859E-015    -0.19181037E-014    -0.98841355E-015
     0.67161128E+001     0.11079176E-006     0.42948823E-007    -0.18783139E-014    -0.91748251E-015    -0.19266760E-014    -0.96246767E-015
     0.67204542E+001     0.11369629E-006     0.48090293E-007    -0.18778727E-014    -0.89634718E-015    -0.19272716E-014    -0.94406209E-015
     0.67247956E+001     0.11321708E-006     0.51464529E-007    -0.18672310E-014    -0.87336123E-015    -0.19179633E-014    -0.91764617E-015
     0.67291369E+001     0.11722882E-006     0.51759769E-007    -0.18458170E-014    -0.86398883E-015    -0.18941867E-014    -0.90941737E-015
     0.67334783E+001     0.11783719E-006     0.53610089E-007    -0.18263373E-014    -0.86287238E-015    -0.18776152E-014    -0.90668318E-015
     0.67378197E+001     0.12037581E-006     0.49541096E-007    -0.18055186E-014    -0.87337720E-015    -0.18530679E-014    -0.91661165E-015
     0.67421611E+001     0.12204976E-006     0.47623403E-007    -0.17991660E-014    -0.89327759E-015    -0.18488873E-014    -0.93803421E-015
     0.67465025E+001     0.12117153E-006     0.44202426E-007    -0.18002003E-014    -0.91064445E-015    -0.18478177E-014    -0.95320130E-015
     0.67508438E+001     0.12093914E-006     0.42406077E-007    -0.18139035E-014    -0.92923215E-015    -0.18613475E-014    -0.97544910E-015
     0.67551852E+001     0.11687684E-006     0.41558760E-007    -0.18353771E-014    -0.93287208E-015    -0.18838282E-014    -0.97650191E-015
     0.67595266E+001     0.11523883E-006     0.42083028E-007    -0.18546665E-014    -0.92990549E-015    -0.19010543E-014    -0.97597816E-015
     0.67638680E+001     0.11192895E-006     0.43595980E-007    -0.18739516E-014    -0.91330376E-015    -0.19242181E-014    -0.95853158E-015
     0.67682094E+001     0.10996347E-006     0.46158519E-007    -0.18779389E-014    -0.89063414E-015    -0.19255396E-014    -0.93555230E-015
     0.67725507E+001     0.11136070E-006     0.46903958E-007    -0.18759985E-014    -0.86930098E-015    -0.19269871E-014    -0.91578063E-015
     0.67768921E+001     0.11297866E-006     0.49510791E-007    -0.18598682E-014    -0.84908833E-015    -0.19093960E-014    -0.89255732E-015
     0.67812335E+001     0.11607446E-006     0.48590398E-007    -0.18394428E-014    -0.84485842E-015    -0.18891923E-014    -0.89076836E-015
     0.67855749E+001     0.12141792E-006     0.48637355E-007    -0.18195787E-014    -0.84576791E-015    -0.18703639E-014    -0.88780814E-015
     0.67899162E+001     0.12246388E-006     0.48388356E-007    -0.18022165E-014    -0.86169946E-015    -0.18504845E-014    -0.90563359E-015
     0.67942576E+001     0.12228597E-006     0.44443968E-007    -0.18003930E-014    -0.88006179E-015    -0.18512305E-014    -0.92267923E-015
     0.67985990E+001     0.12233545E-006     0.41928988E-007    -0.18035642E-014    -0.89862953E-015    -0.18508613E-014    -0.94089443E-015
     0.68029404E+001     0.12055085E-006     0.39460219E-007    -0.18224003E-014    -0.91304805E-015    -0.18719416E-014    -0.95728461E-015
     0.68072818E+001     0.11780418E-006     0.41128589E-007    -0.18418028E-014    -0.91261988E-015    -0.18894647E-014    -0.95438407E-015
     0.68116231E+001     0.11346181E-006     0.41814674E-007    -0.18622721E-014    -0.90698421E-015    -0.19102936E-014    -0.95225447E-015
     0.68159645E+001     0.11144969E-006     0.41819068E-007    -0.18768187E-014    -0.88565446E-015    -0.19264508E-014    -0.92817502E-015
     0.68203059E+001     0.11308815E-006     0.44427504E-007    -0.18771798E-014    -0.86527536E-015    -0.19251741E-014    -0.91019237E-015
     0.68246473E+001     0.11351895E-006     0.47076167E-007    -0.18721838E-014    -0.84288876E-015    -0.19238505E-014    -0.88690995E-015
     0.68289887E+001     0.11641683E-006     0.48905063E-007    -0.18512566E-014    -0.82814712E-015    -0.19004604E-014    -0.87178131E-015
     0.68333300E+001     0.12057458E-006     0.49226658E-007    -0.18331894E-014    -0.82630439E-015    -0.18851249E-014    -0.87156345E-015
     0.68376714E+001     0.12234576E-006     0.50283794E-007    -0.18122080E-014    -0.83077229E-015    -0.18623453E-014    -0.87255047E-015
     0.68420128E+001     0.12196931E-006     0.47510808E-007    -0.18011457E-014    -0.85040281E-015    -0.18512757E-014    -0.89464773E-015
     0.68463542E+001     0.12261207E-006     0.43694050E-007    -0.18015370E-014    -0.86672539E-015    -0.18526334E-014    -0.90716826E-015
     0.68506955E+001     0.12189630E-006     0.41238173E-007    -0.18090104E-014    -0.88630749E-015    -0.18572788E-014    -0.92884126E-015
     0.68550369E+001     0.11974487E-006     0.39777467E-007    -0.18306973E-014    -0.89444751E-015    -0.18816699E-014    -0.93581210E-015
     0.68593783E+001     0.11744549E-006     0.40522323E-007    -0.18480586E-014    -0.89235240E-015    -0.18953979E-014    -0.93344532E-015
     0.68637197E+001     0.11433484E-006     0.42265959E-007    -0.18690931E-014    -0.88174840E-015    -0.19193271E-014    -0.92547822E-015
     0.68680611E+001     0.11450405E-006     0.45281990E-007    -0.18770781E-014    -0.85813446E-015    -0.19252575E-014    -0.89942764E-015
     0.68724024E+001     0.11151601E-006     0.50114527E-007    -0.18764122E-014    -0.83943181E-015    -0.19255049E-014    -0.88458206E-015
     0.68767438E+001     0.11152607E-006     0.50665575E-007    -0.18659829E-014    -0.81679878E-015    -0.19168707E-014    -0.85901387E-015
     0.68810852E+001     0.11476184E-006     0.49380040E-007    -0.18441058E-014    -0.80891503E-015    -0.18931673E-014    -0.85363814E-015
     0.68854266E+001     0.11854318E-006     0.50956338E-007    -0.18272822E-014    -0.80822156E-015    -0.18802183E-014    -0.85136151E-015
     0.68897680E+001     0.11924600E-006     0.48868269E-007    -0.18063977E-014    -0.81863781E-015    -0.18563803E-014    -0.86084047E-015
     0.68941093E+001     0.12004410E-006     0.46337907E-007    -0.18021234E-014    -0.83874219E-015    -0.18548456E-014    -0.88198878E-015
     0.68984507E+001     0.11884729E-006     0.41676133E-007    -0.18027818E-014    -0.85426469E-015    -0.18536256E-014    -0.89354109E-015
     0.69027921E+001     0.11821535E-006     0.38392920E-007    -0.18165117E-014    -0.87281762E-015    -0.18671856E-014    -0.91532724E-015
     0.69071335E+001     0.11715082E-006     0.37213801E-007    -0.18377095E-014    -0.87421387E-015    -0.18886899E-014    -0.91311313E-015
     0.69114748E+001     0.11453990E-006     0.39884870E-007    -0.18549540E-014    -0.87146312E-015    -0.19025477E-014    -0.91306473E-015
     0.69158162E+001     0.11106004E-006     0.40592681E-007    -0.18745122E-014    -0.85470224E-015    -0.19251793E-014    -0.89550830E-015
     0.69201576E+001     0.11216042E-006     0.43403758E-007    -0.18758887E-014    -0.83252020E-015    -0.19229392E-014    -0.87391229E-015
     0.69244990E+001     0.11172722E-006     0.48207592E-007    -0.18747145E-014    -0.81323664E-015    -0.19249353E-014    -0.85748223E-015
     0.69288404E+001     0.11125065E-006     0.49042853E-007    -0.18576865E-014    -0.79301104E-015    -0.19067056E-014    -0.83460602E-015
     0.69331817E+001     0.11427170E-006     0.47705146E-007    -0.18383014E-014    -0.79097082E-015    -0.18886252E-014    -0.83643217E-015
     0.69375231E+001     0.11695267E-006     0.47170835E-007    -0.18204132E-014    -0.79123638E-015    -0.18728247E-014    -0.83276259E-015
     0.69418645E+001     0.11897073E-006     0.43927276E-007    -0.18029229E-014    -0.80842309E-015    -0.18535266E-014    -0.85166608E-015
     0.69462059E+001     0.12065401E-006     0.40671130E-007    -0.18034687E-014    -0.82538898E-015    -0.18579480E-014    -0.86634378E-015
     0.69505473E+001     0.12102477E-006     0.38523988E-007    -0.18055868E-014    -0.84229265E-015    -0.18559428E-014    -0.88170837E-015
     0.69548886E+001     0.11821762E-006     0.37767678E-007    -0.18259456E-014    -0.85655464E-015    -0.18788105E-014    -0.89709880E-015
     0.69592300E+001     0.11462875E-006     0.36437163E-007    -0.18434755E-014    -0.85362024E-015    -0.18931375E-014    -0.89051611E-015
     0.69635714E+001     0.11287025E-006     0.35909190E-007    -0.18628637E-014    -0.84934391E-015    -0.19117188E-014    -0.88998107E-015
     0.69679128E+001     0.11301580E-006     0.39363486E-007    -0.18767283E-014    -0.82621165E-015    -0.19265848E-014    -0.86393819E-015
     0.69722541E+001     0.11070338E-006     0.42270751E-007    -0.18749494E-014    -0.80802666E-015    -0.19216212E-014    -0.84998523E-015
     0.69765955E+001     0.11326121E-006     0.44088009E-007    -0.18715550E-014    -0.78636172E-015    -0.19221498E-014    -0.82825989E-015
     0.69809369E+001     0.11527051E-006     0.46091618E-007    -0.18490203E-014    -0.77302558E-015    -0.18965543E-014    -0.81519436E-015
     0.69852783E+001     0.11842689E-006     0.45577383E-007    -0.18333779E-014    -0.77383190E-015    -0.18857021E-014    -0.81858769E-015
     0.69896197E+001     0.12178696E-006     0.46152792E-007    -0.18124551E-014    -0.77679821E-015    -0.18638509E-014    -0.81762982E-015
     0.69939610E+001     0.12124041E-006     0.45011547E-007    -0.18026268E-014    -0.79870693E-015    -0.18556544E-014    -0.84250444E-015
     0.69983024E+001     0.12062682E-006     0.40231743E-007    -0.18048904E-014    -0.81153376E-015    -0.18599048E-014    -0.85004719E-015
     0.70026438E+001     0.12066651E-006     0.37313371E-007    -0.18110261E-014    -0.83159428E-015    -0.18625399E-014    -0.87168400E-015
     0.70069852E+001     0.11845542E-006     0.35215920E-007    -0.18351002E-014    -0.83739101E-015    -0.18895690E-014    -0.87471462E-015
     0.70113266E+001     0.11762796E-006     0.37922735E-007    -0.18487185E-014    -0.83384404E-015    -0.18974790E-014    -0.86989602E-015
     0.70156679E+001     0.11276265E-006     0.39081200E-007    -0.18710942E-014    -0.82461073E-015    -0.19222110E-014    -0.86330393E-015
     0.70200093E+001     0.11196427E-006     0.41372449E-007    -0.18758982E-014    -0.79895272E-015    -0.19235338E-014    -0.83497985E-015
     0.70243507E+001     0.11236422E-006     0.44387521E-007    -0.18743236E-014    -0.78424869E-015    -0.19217592E-014    -0.82659671E-015
     0.70286921E+001     0.11162676E-006     0.46973923E-007    -0.18645854E-014    -0.75995981E-015    -0.19138769E-014    -0.79940738E-015
     0.70330335E+001     0.11360085E-006     0.46482348E-007    -0.18407729E-014    -0.75602053E-015    -0.18877302E-014    -0.79987856E-015
     0.70373748E+001     0.11717892E-006     0.45110018E-007    -0.18280625E-014    -0.75540890E-015    -0.18814994E-014    -0.79801931E-015
     0.70417162E+001     0.12033431E-006     0.43755972E-007    -0.18050942E-014    -0.76581802E-015    -0.18557313E-014    -0.80732397E-015
     0.70460576E+001     0.12077073E-006     0.41565142E-007    -0.18052164E-014    -0.78762041E-015    -0.18615773E-014    -0.83059797E-015
     0.70503990E+001     0.12061133E-006     0.38455604E-007    -0.18052819E-014    -0.79863672E-015    -0.18596525E-014    -0.83550904E-015
     0.70547403E+001     0.11868333E-006     0.36727168E-007    -0.18196814E-014    -0.81998366E-015    -0.18741383E-014    -0.86007664E-015
     0.70590817E+001     0.11597425E-006     0.34198154E-007    -0.18420451E-014    -0.81568304E-015    -0.18968810E-014    -0.84923442E-015
     0.70634231E+001     0.11460824E-006     0.34520214E-007    -0.18548277E-014    -0.81493909E-015    -0.19038908E-014    -0.85166548E-015
     0.70677645E+001     0.11378147E-006     0.37621789E-007    -0.18776319E-014    -0.79587286E-015    -0.19297601E-014    -0.83111069E-015
     0.70721059E+001     0.11174081E-006     0.41230259E-007    -0.18727421E-014    -0.77372235E-015    -0.19177234E-014    -0.80953189E-015
     0.70764472E+001     0.11192668E-006     0.44021526E-007    -0.18746738E-014    -0.75890820E-015    -0.19238216E-014    -0.79989600E-015
     0.70807886E+001     0.11244957E-006     0.44823927E-007    -0.18540730E-014    -0.73545746E-015    -0.19006752E-014    -0.77332259E-015
     0.70851300E+001     0.11650887E-006     0.44429543E-007    -0.18353837E-014    -0.74128941E-015    -0.18842709E-014    -0.78687141E-015
     0.70894714E+001     0.11931990E-006     0.44275391E-007    -0.18207319E-014    -0.73654775E-015    -0.18741798E-014    -0.77703483E-015
     0.70938128E+001     0.12158210E-006     0.41739986E-007    -0.17999920E-014    -0.75888462E-015    -0.18509736E-014    -0.80334981E-015
     0.70981541E+001     0.12351492E-006     0.40186897E-007    -0.18095282E-014    -0.77327391E-015    -0.18687437E-014    -0.81403952E-015
     0.71024955E+001     0.12152657E-006     0.39124169E-007    -0.18052531E-014    -0.78819767E-015    -0.18583642E-014    -0.82545707E-015
     0.71068369E+001     0.11788908E-006     0.37867471E-007    -0.18327692E-014    -0.80530323E-015    -0.18915086E-014    -0.84418271E-015
     0.71111783E+001     0.11340834E-006     0.35273881E-007    -0.18458552E-014    -0.79266924E-015    -0.18988242E-014    -0.82314770E-015
     0.71155196E+001     0.11354473E-006     0.35137736E-007    -0.18646464E-014    -0.79666720E-015    -0.19158058E-014    -0.83396041E-015
     0.71198610E+001     0.11155760E-006     0.38809104E-007    -0.18808440E-014    -0.76322008E-015    -0.19322221E-014    -0.79331278E-015
     0.71242024E+001     0.11080880E-006     0.41799723E-007    -0.18685668E-014    -0.75308882E-015    -0.19115520E-014    -0.79065143E-015
     0.71285438E+001     0.11116247E-006     0.43785855E-007    -0.18751750E-014    -0.72931621E-015    -0.19261953E-014    -0.76675487E-015
     0.71328852E+001     0.11273642E-006     0.44103234E-007    -0.18382978E-014    -0.71526077E-015    -0.18801826E-014    -0.75417313E-015
     0.71372265E+001     0.11700900E-006     0.43942888E-007    -0.18350450E-014    -0.72677717E-015    -0.18869697E-014    -0.77363422E-015
     0.71415679E+001     0.12012185E-006     0.43602244E-007    -0.18074556E-014    -0.71742896E-015    -0.18568143E-014    -0.75528162E-015
     0.71459093E+001     0.12053599E-006     0.41546033E-007    -0.18004717E-014    -0.75897537E-015    -0.18536003E-014    -0.80832088E-015
     0.71502507E+001     0.12064800E-006     0.39175337E-007    -0.18135537E-014    -0.75308693E-015    -0.18743537E-014    -0.78844894E-015
     0.71545921E+001     0.11906272E-006     0.36876549E-007    -0.18037089E-014    -0.78759116E-015    -0.18546635E-014    -0.82962737E-015
     0.71589334E+001     0.11525294E-006     0.36756991E-007    -0.18566998E-014    -0.78499757E-015    -0.19232812E-014    -0.81943910E-015
     0.71632748E+001     0.11154456E-006     0.34827518E-007    -0.18389558E-014    -0.77101388E-015    -0.18857841E-014    -0.79892085E-015
     0.71676162E+001     0.10926185E-006     0.34630481E-007    -0.18918546E-014    -0.78425935E-015    -0.19529357E-014    -0.82412574E-015
     0.71719576E+001     0.10976734E-006     0.36067520E-007    -0.18758754E-014    -0.70816561E-015    -0.19232737E-014    -0.72312793E-015
     0.71762989E+001     0.11087082E-006     0.40092431E-007    -0.18640481E-014    -0.75705067E-015    -0.19062496E-014    -0.80662312E-015
     0.71806403E+001     0.11158170E-006     0.43759577E-007    -0.19105535E-014    -0.65059006E-015    -0.19773903E-014    -0.66380503E-015
     0.71849817E+001     0.11248687E-006     0.43359489E-007    -0.17123607E-014    -0.67112087E-015    -0.16984586E-014    -0.69826080E-015
     0.71893231E+001     0.11515952E-006     0.42144403E-007    -0.18233434E-014    -0.85247758E-015    -0.18792363E-014    -0.95647329E-015
     0.71936645E+001     0.11801959E-006     0.39581009E-007    -0.19258565E-014    -0.67687400E-015    -0.20282500E-014    -0.70395385E-015
     0.71980058E+001     0.11952460E-006     0.37153376E-007    -0.17567525E-014    -0.69116856E-015    -0.17936109E-014    -0.71459987E-015
     0.72023472E+001     0.11871863E-006     0.33747897E-007    -0.18296513E-014    -0.77445758E-015    -0.18971344E-014    -0.82347058E-015
     0.72066886E+001     0.11883537E-006     0.31207118E-007    -0.18182300E-014    -0.72423208E-015    -0.18749004E-014    -0.74357773E-015
     0.72110300E+001     0.11670732E-006     0.32269763E-007    -0.18262452E-014    -0.78327150E-015    -0.18773166E-014    -0.82235649E-015
     0.72153714E+001     0.11307936E-006     0.33118881E-007    -0.18714132E-014    -0.74337688E-015    -0.19303220E-014    -0.76692046E-015
     0.72197127E+001     0.11066384E-006     0.33178877E-007    -0.18510964E-014    -0.74578125E-015    -0.18936481E-014    -0.77678733E-015
     0.72240541E+001     0.11182147E-006     0.36745501E-007    -0.18884968E-014    -0.72680413E-015    -0.19410740E-014    -0.76018437E-015
     0.72283955E+001     0.11109050E-006     0.40707674E-007    -0.18577920E-014    -0.69458704E-015    -0.18988865E-014    -0.72640920E-015
     0.72327369E+001     0.11247557E-006     0.40401143E-007    -0.18595308E-014    -0.70142067E-015    -0.19069916E-014    -0.74461558E-015
     0.72370782E+001     0.11594337E-006     0.41239970E-007    -0.18373577E-014    -0.67401536E-015    -0.18852014E-014    -0.71179166E-015
     0.72414196E+001     0.11915298E-006     0.40404407E-007    -0.18146229E-014    -0.69979422E-015    -0.18641996E-014    -0.74638641E-015
     0.72457610E+001     0.12058659E-006     0.39351728E-007    -0.18161007E-014    -0.69822313E-015    -0.18744269E-014    -0.73926749E-015
     0.72501024E+001     0.12082437E-006     0.37061797E-007    -0.17978289E-014    -0.72197236E-015    -0.18538192E-014    -0.76312949E-015
     0.72544438E+001     0.11795283E-006     0.34319716E-007    -0.18224665E-014    -0.73777045E-015    -0.18864521E-014    -0.77547085E-015
     0.72587851E+001     0.11646030E-006     0.30125550E-007    -0.18243894E-014    -0.73901669E-015    -0.18833203E-014    -0.76985832E-015
     0.72631265E+001     0.11422300E-006     0.29976130E-007    -0.18511777E-014    -0.74995932E-015    -0.19106089E-014    -0.78129777E-015
     0.72674679E+001     0.11309973E-006     0.30113436E-007    -0.18649860E-014    -0.72586531E-015    -0.19195399E-014    -0.75049594E-015
     0.72718093E+001     0.11125501E-006     0.31945208E-007    -0.18705794E-014    -0.72054256E-015    -0.19193772E-014    -0.74940203E-015
     0.72761507E+001     0.11466793E-006     0.34530687E-007    -0.18781040E-014    -0.69162521E-015    -0.19258293E-014    -0.71987487E-015
     0.72804920E+001     0.11616428E-006     0.40804321E-007    -0.18570906E-014    -0.67899735E-015    -0.18990212E-014    -0.71299506E-015
     0.72848334E+001     0.11623871E-006     0.43272685E-007    -0.18513178E-014    -0.66993351E-015    -0.18967279E-014    -0.70871182E-015
     0.72891748E+001     0.11690343E-006     0.43168384E-007    -0.18235982E-014    -0.66492273E-015    -0.18688500E-014    -0.70569467E-015
     0.72935162E+001     0.11927821E-006     0.39968358E-007    -0.18144956E-014    -0.68282554E-015    -0.18661270E-014    -0.72845990E-015
     0.72978576E+001     0.12187892E-006     0.38350455E-007    -0.18058961E-014    -0.68898192E-015    -0.18622160E-014    -0.73135879E-015
     0.73021989E+001     0.12094448E-006     0.36450019E-007    -0.18061179E-014    -0.71472667E-015    -0.18660304E-014    -0.75717683E-015
     0.73065403E+001     0.11854927E-006     0.33842752E-007    -0.18243224E-014    -0.72092565E-015    -0.18883674E-014    -0.75691465E-015
     0.73108817E+001     0.11540604E-006     0.32077607E-007    -0.18341033E-014    -0.72860724E-015    -0.18955408E-014    -0.76020681E-015
     0.73152231E+001     0.11280666E-006     0.29808116E-007    -0.18607751E-014    -0.72369341E-015    -0.19215267E-014    -0.75075423E-015
     0.73195644E+001     0.11308391E-006     0.30774531E-007    -0.18675687E-014    -0.70537847E-015    -0.19217724E-014    -0.72862171E-015
     0.73239058E+001     0.11256601E-006     0.35308871E-007    -0.18767637E-014    -0.69192180E-015    -0.19268858E-014    -0.71712893E-015
     0.73282472E+001     0.11153029E-006     0.38232639E-007    -0.18706624E-014    -0.66490646E-015    -0.19157288E-014    -0.69121641E-015
     0.73325886E+001     0.11452574E-006     0.39395291E-007    -0.18547378E-014    -0.65729927E-015    -0.18965361E-014    -0.69040836E-015
     0.73369300E+001     0.11741952E-006     0.42582063E-007    -0.18409403E-014    -0.64678656E-015    -0.18843313E-014    -0.68410202E-015
     0.73412713E+001     0.11875485E-006     0.44208263E-007    -0.18169094E-014    -0.65406864E-015    -0.18618670E-014    -0.69674653E-015
     0.73456127E+001     0.11792707E-006     0.41889874E-007    -0.18112718E-014    -0.66782343E-015    -0.18631226E-014    -0.71324057E-015
     0.73499541E+001     0.11813685E-006     0.37684218E-007    -0.18027639E-014    -0.68221315E-015    -0.18592983E-014    -0.72625190E-015
     0.73542955E+001     0.11789376E-006     0.33512605E-007    -0.18132331E-014    -0.70330990E-015    -0.18762623E-014    -0.74527486E-015
     0.73586369E+001     0.11800645E-006     0.32102580E-007    -0.18280306E-014    -0.70686135E-015    -0.18934537E-014    -0.74247679E-015
     0.73629782E+001     0.11321417E-006     0.31930887E-007    -0.18457598E-014    -0.71301686E-015    -0.19100528E-014    -0.74339881E-015
     0.73673196E+001     0.11039101E-006     0.31879766E-007    -0.18667571E-014    -0.69901985E-015    -0.19287120E-014    -0.72297101E-015
     0.73716610E+001     0.10799373E-006     0.32292783E-007    -0.18722778E-014    -0.68319956E-015    -0.19273201E-014    -0.70482043E-015
     0.73760024E+001     0.10790238E-006     0.33527748E-007    -0.18784000E-014    -0.66288846E-015    -0.19280217E-014    -0.68487604E-015
     0.73803437E+001     0.10916249E-006     0.36085203E-007    -0.18642849E-014    -0.64187761E-015    -0.19076260E-014    -0.66668002E-015
     0.73846851E+001     0.11159397E-006     0.36857561E-007    -0.18501415E-014    -0.63488149E-015    -0.18912659E-014    -0.66654226E-015
     0.73890265E+001     0.11603592E-006     0.37593487E-007    -0.18298283E-014    -0.62877277E-015    -0.18713011E-014    -0.66636649E-015
     0.73933679E+001     0.11913546E-006     0.37629581E-007    -0.18118708E-014    -0.64243725E-015    -0.18566747E-014    -0.68667564E-015
     0.73977093E+001     0.12076772E-006     0.36400816E-007    -0.18064296E-014    -0.65500568E-015    -0.18579101E-014    -0.70171308E-015
     0.74020506E+001     0.12119350E-006     0.34165144E-007    -0.18036841E-014    -0.67494499E-015    -0.18611986E-014    -0.72129999E-015
     0.74063920E+001     0.11939926E-006     0.32655092E-007    -0.18199180E-014    -0.68993487E-015    -0.18839572E-014    -0.73213619E-015
     0.74107334E+001     0.11594007E-006     0.30724423E-007    -0.18343412E-014    -0.69425298E-015    -0.19008952E-014    -0.72913829E-015
     0.74150748E+001     0.11386901E-006     0.29419288E-007    -0.18563147E-014    -0.69371019E-015    -0.19231882E-014    -0.72177227E-015
     0.74194162E+001     0.11087391E-006     0.31677173E-007    -0.18713376E-014    -0.67527575E-015    -0.19341934E-014    -0.69653888E-015
     0.74237575E+001     0.10759804E-006     0.31710319E-007    -0.18770476E-014    -0.65896304E-015    -0.19329268E-014    -0.67779550E-015
     0.74280989E+001     0.10918325E-006     0.32399641E-007    -0.18760431E-014    -0.63454425E-015    -0.19245787E-014    -0.65333023E-015
     0.74324403E+001     0.11203165E-006     0.36029579E-007    -0.18589325E-014    -0.61953268E-015    -0.19005305E-014    -0.64257651E-015
     0.74367817E+001     0.11405103E-006     0.38885046E-007    -0.18432380E-014    -0.61265037E-015    -0.18822685E-014    -0.64257756E-015
     0.74411230E+001     0.11462308E-006     0.38500040E-007    -0.18200906E-014    -0.61417585E-015    -0.18590641E-014    -0.65154641E-015
     0.74454644E+001     0.11723330E-006     0.35993853E-007    -0.18075381E-014    -0.63027887E-015    -0.18517308E-014    -0.67465370E-015
     0.74498058E+001     0.11970576E-006     0.32902643E-007    -0.18022590E-014    -0.64508905E-015    -0.18533532E-014    -0.69272198E-015
     0.74541472E+001     0.12022451E-006     0.30777255E-007    -0.18072935E-014    -0.66688856E-015    -0.18662103E-014    -0.71418938E-015
     0.74584886E+001     0.11914062E-006     0.28514403E-007    -0.18252420E-014    -0.67665653E-015    -0.18912241E-014    -0.71873860E-015
     0.74628299E+001     0.11686163E-006     0.28020947E-007    -0.18425090E-014    -0.68039583E-015    -0.19119770E-014    -0.71497008E-015
     0.74671713E+001     0.11344562E-006     0.28077163E-007    -0.18656382E-014    -0.67191339E-015    -0.19349472E-014    -0.69807342E-015
     0.74715127E+001     0.11175334E-006     0.28609994E-007    -0.18759169E-014    -0.65225525E-015    -0.19401935E-014    -0.67111072E-015
     0.74758541E+001     0.11120977E-006     0.32449647E-007    -0.18807493E-014    -0.63238212E-015    -0.19375939E-014    -0.64775300E-015
     0.74801955E+001     0.11207233E-006     0.34278537E-007    -0.18720848E-014    -0.60810297E-015    -0.19200628E-014    -0.62371785E-015
     0.74845368E+001     0.11319175E-006     0.38759980E-007    -0.18538151E-014    -0.59745892E-015    -0.18943410E-014    -0.61811293E-015
     0.74888782E+001     0.11319482E-006     0.40161561E-007    -0.18344058E-014    -0.59200533E-015    -0.18713347E-014    -0.62017318E-015
     0.74932196E+001     0.11380465E-006     0.36958353E-007    -0.18118630E-014    -0.60106902E-015    -0.18492685E-014    -0.63840262E-015
     0.74975610E+001     0.11828208E-006     0.32837378E-007    -0.18031678E-014    -0.61814651E-015    -0.18458612E-014    -0.66295747E-015
     0.75019023E+001     0.12052543E-006     0.31470360E-007    -0.17996183E-014    -0.63704091E-015    -0.18504243E-014    -0.68571273E-015
     0.75062437E+001     0.11979259E-006     0.29174468E-007    -0.18119000E-014    -0.65715131E-015    -0.18721394E-014    -0.70537896E-015
     0.75105851E+001     0.11837188E-006     0.28051341E-007    -0.18307213E-014    -0.66392341E-015    -0.18988267E-014    -0.70670887E-015
     0.75149265E+001     0.11531318E-006     0.27331338E-007    -0.18519634E-014    -0.66498114E-015    -0.19243384E-014    -0.69955249E-015
     0.75192679E+001     0.11232867E-006     0.28310372E-007    -0.18728892E-014    -0.64961533E-015    -0.19447608E-014    -0.67444773E-015
     0.75236092E+001     0.10968117E-006     0.28819321E-007    -0.18808157E-014    -0.62905557E-015    -0.19471963E-014    -0.64586460E-015
     0.75279506E+001     0.11105325E-006     0.31123500E-007    -0.18821591E-014    -0.60543348E-015    -0.19399519E-014    -0.61755462E-015
     0.75322920E+001     0.11151443E-006     0.34246742E-007    -0.18669639E-014    -0.58388185E-015    -0.19150753E-014    -0.59643753E-015
     0.75366334E+001     0.11395845E-006     0.35871525E-007    -0.18475882E-014    -0.57490555E-015    -0.18873246E-014    -0.59324718E-015
     0.75409748E+001     0.11654091E-006     0.37526560E-007    -0.18244665E-014    -0.57321262E-015    -0.18592556E-014    -0.60004958E-015
     0.75453161E+001     0.11818658E-006     0.36870270E-007    -0.18051884E-014    -0.58820252E-015    -0.18405862E-014    -0.62477282E-015
     0.75496575E+001     0.11874580E-006     0.34519177E-007    -0.17981902E-014    -0.60629496E-015    -0.18393802E-014    -0.65147340E-015
     0.75539989E+001     0.11901046E-006     0.30654169E-007    -0.17993617E-014    -0.62884016E-015    -0.18498379E-014    -0.67893230E-015
     0.75583403E+001     0.11957416E-006     0.27725649E-007    -0.18168787E-014    -0.64578130E-015    -0.18776308E-014    -0.69545754E-015
     0.75626816E+001     0.11732551E-006     0.27712676E-007    -0.18368930E-014    -0.65113437E-015    -0.19065446E-014    -0.69523215E-015
     0.75670230E+001     0.11356012E-006     0.28806420E-007    -0.18616827E-014    -0.64701157E-015    -0.19361695E-014    -0.68179189E-015
     0.75713644E+001     0.10791663E-006     0.27191126E-007    -0.18791496E-014    -0.62737233E-015    -0.19532402E-014    -0.65144772E-015
     0.75757058E+001     0.10989526E-006     0.26830542E-007    -0.18855241E-014    -0.60527843E-015    -0.19539292E-014    -0.61998056E-015
     0.75800472E+001     0.10992258E-006     0.31608237E-007    -0.18814554E-014    -0.57861302E-015    -0.19404394E-014    -0.58796652E-015
     0.75843885E+001     0.11126194E-006     0.32653589E-007    -0.18621891E-014    -0.56060896E-015    -0.19105456E-014    -0.57011175E-015
     0.75887299E+001     0.11298660E-006     0.33993574E-007    -0.18408876E-014    -0.55268247E-015    -0.18796191E-014    -0.56798095E-015
     0.75930713E+001     0.11788361E-006     0.33214510E-007    -0.18155128E-014    -0.55687551E-015    -0.18488133E-014    -0.58137783E-015
     0.75974127E+001     0.12123774E-006     0.34174185E-007    -0.17995983E-014    -0.57524301E-015    -0.18334908E-014    -0.61071283E-015
     0.76017541E+001     0.12023172E-006     0.32226952E-007    -0.17938964E-014    -0.59567031E-015    -0.18333554E-014    -0.64094687E-015
     0.76060954E+001     0.12066268E-006     0.28980437E-007    -0.18010132E-014    -0.62015325E-015    -0.18503626E-014    -0.67090368E-015
     0.76104368E+001     0.11968326E-006     0.26841296E-007    -0.18210665E-014    -0.63377889E-015    -0.18816497E-014    -0.68449990E-015
     0.76147782E+001     0.11842249E-006     0.26713428E-007    -0.18437868E-014    -0.63748267E-015    -0.19145127E-014    -0.68247240E-015
     0.76191196E+001     0.11329897E-006     0.28180130E-007    -0.18698867E-014    -0.62734003E-015    -0.19462385E-014    -0.66252060E-015
     0.76234610E+001     0.11096342E-006     0.27641364E-007    -0.18842194E-014    -0.60532616E-015    -0.19607697E-014    -0.62882678E-015
     0.76278023E+001     0.11125439E-006     0.31164431E-007    -0.18890691E-014    -0.58009556E-015    -0.19600630E-014    -0.59368199E-015
     0.76321437E+001     0.11015045E-006     0.34489492E-007    -0.18793322E-014    -0.55274940E-015    -0.19399184E-014    -0.56032649E-015
     0.76364851E+001     0.11036444E-006     0.35693713E-007    -0.18581947E-014    -0.53787311E-015    -0.19072237E-014    -0.54472102E-015
     0.76408265E+001     0.11229142E-006     0.35359780E-007    -0.18339841E-014    -0.53193478E-015    -0.18726122E-014    -0.54439990E-015
     0.76451678E+001     0.11565698E-006     0.33001109E-007    -0.18082791E-014    -0.54197960E-015    -0.18408868E-014    -0.56394472E-015
     0.76495092E+001     0.11945111E-006     0.31874352E-007    -0.17948820E-014    -0.56204848E-015    -0.18273769E-014    -0.59608816E-015
     0.76538506E+001     0.11973209E-006     0.30392635E-007    -0.17914111E-014    -0.58574574E-015    -0.18294691E-014    -0.63050732E-015
     0.76581920E+001     0.11899946E-006     0.27280929E-007    -0.18040062E-014    -0.60971351E-015    -0.18517680E-014    -0.66061988E-015
     0.76625334E+001     0.11735929E-006     0.25649131E-007    -0.18256798E-014    -0.62100512E-015    -0.18856389E-014    -0.67243010E-015
     0.76668747E+001     0.11438978E-006     0.25613899E-007    -0.18517168E-014    -0.62235088E-015    -0.19223202E-014    -0.66819473E-015
     0.76712161E+001     0.11194838E-006     0.24692653E-007    -0.18765474E-014    -0.60729046E-015    -0.19537717E-014    -0.64297010E-015
     0.76755575E+001     0.11049847E-006     0.27414840E-007    -0.18886806E-014    -0.58346325E-015    -0.19669221E-014    -0.60716602E-015
     0.76798989E+001     0.10867062E-006     0.29821790E-007    -0.18910418E-014    -0.55529330E-015    -0.19637106E-014    -0.56806846E-015
     0.76842403E+001     0.10966314E-006     0.29966539E-007    -0.18763212E-014    -0.52971999E-015    -0.19389812E-014    -0.53579319E-015
     0.76885816E+001     0.11418439E-006     0.32600092E-007    -0.18537300E-014    -0.51649480E-015    -0.19041975E-014    -0.52131519E-015
     0.76929230E+001     0.11590818E-006     0.35042003E-007    -0.18263508E-014    -0.51375744E-015    -0.18660121E-014    -0.52397260E-015
     0.76972644E+001     0.11744774E-006     0.33808427E-007    -0.18027292E-014    -0.52808430E-015    -0.18354875E-014    -0.54815306E-015
     0.77016058E+001     0.11884546E-006     0.31815867E-007    -0.17911559E-014    -0.54951074E-015    -0.18226662E-014    -0.58178900E-015
     0.77059471E+001     0.11797898E-006     0.27880828E-007    -0.17908500E-014    -0.57588745E-015    -0.18276971E-014    -0.61912970E-015
     0.77102885E+001     0.11775922E-006     0.24745556E-007    -0.18075808E-014    -0.59730473E-015    -0.18540251E-014    -0.64754303E-015
     0.77146299E+001     0.11691767E-006     0.22988954E-007    -0.18308925E-014    -0.60729943E-015    -0.18896603E-014    -0.65851172E-015
     0.77189713E+001     0.11359191E-006     0.23477897E-007    -0.18590048E-014    -0.60509278E-015    -0.19291296E-014    -0.65106527E-015
     0.77233127E+001     0.11239392E-006     0.24156855E-007    -0.18813019E-014    -0.58627112E-015    -0.19585638E-014    -0.62267987E-015
     0.77276540E+001     0.11132112E-006     0.27690998E-007    -0.18921491E-014    -0.56128977E-015    -0.19709279E-014    -0.58510941E-015
     0.77319954E+001     0.10851729E-006     0.30245052E-007    -0.18902484E-014    -0.53123867E-015    -0.19639952E-014    -0.54416181E-015
     0.77363368E+001     0.11088500E-006     0.30379292E-007    -0.18722929E-014    -0.50825752E-015    -0.19364464E-014    -0.51363769E-015
     0.77406782E+001     0.11399154E-006     0.31633868E-007    -0.18482655E-014    -0.49627474E-015    -0.19001244E-014    -0.49998845E-015
     0.77450196E+001     0.11690954E-006     0.32570109E-007    -0.18195730E-014    -0.49792810E-015    -0.18604959E-014    -0.50640064E-015
     0.77493609E+001     0.11941143E-006     0.30913654E-007    -0.17986807E-014    -0.51494337E-015    -0.18322706E-014    -0.53288986E-015
     0.77537023E+001     0.12082220E-006     0.28861354E-007    -0.17886198E-014    -0.53802197E-015    -0.18204079E-014    -0.56831025E-015
     0.77580437E+001     0.12074699E-006     0.26946019E-007    -0.17926738E-014    -0.56532756E-015    -0.18292254E-014    -0.60642342E-015
     0.77623851E+001     0.11857512E-006     0.25176420E-007    -0.18114685E-014    -0.58391054E-015    -0.18574534E-014    -0.63252581E-015
     0.77667264E+001     0.11512733E-006     0.24801743E-007    -0.18364123E-014    -0.59185782E-015    -0.18946725E-014    -0.64226945E-015
     0.77710678E+001     0.11078462E-006     0.22499887E-007    -0.18654212E-014    -0.58493844E-015    -0.19342442E-014    -0.63096774E-015
     0.77754092E+001     0.11161167E-006     0.22065430E-007    -0.18850503E-014    -0.56444843E-015    -0.19615471E-014    -0.60077238E-015
     0.77797506E+001     0.11254607E-006     0.26499895E-007    -0.18942151E-014    -0.53789688E-015    -0.19725541E-014    -0.56210646E-015
     0.77840920E+001     0.11198718E-006     0.30658872E-007    -0.18874014E-014    -0.50822007E-015    -0.19615347E-014    -0.52150335E-015
     0.77884333E+001     0.11119220E-006     0.31454158E-007    -0.18677039E-014    -0.48783687E-015    -0.19327412E-014    -0.49336611E-015
     0.77927747E+001     0.11598453E-006     0.34901016E-007    -0.18419825E-014    -0.47779978E-015    -0.18949834E-014    -0.48172139E-015
     0.77971161E+001     0.11551854E-006     0.31775902E-007    -0.18140113E-014    -0.48400696E-015    -0.18560563E-014    -0.49180486E-015
     0.78014575E+001     0.11937061E-006     0.28154372E-007    -0.17959734E-014    -0.50239419E-015    -0.18301870E-014    -0.51916129E-015
     0.78057989E+001     0.12050053E-006     0.26953739E-007    -0.17883338E-014    -0.52733739E-015    -0.18208312E-014    -0.55540752E-015
     0.78101402E+001     0.12085843E-006     0.24242575E-007    -0.17969441E-014    -0.55370668E-015    -0.18335589E-014    -0.59234950E-015
     0.78144816E+001     0.11869885E-006     0.23947812E-007    -0.18168634E-014    -0.56976100E-015    -0.18626534E-014    -0.61604608E-015
     0.78188230E+001     0.11529338E-006     0.22781067E-007    -0.18435258E-014    -0.57510764E-015    -0.19009110E-014    -0.62332520E-015
     0.78231644E+001     0.11345242E-006     0.23599667E-007    -0.18707525E-014    -0.56409323E-015    -0.19384312E-014    -0.60856349E-015
     0.78275057E+001     0.11219382E-006     0.26014411E-007    -0.18876224E-014    -0.54250045E-015    -0.19630804E-014    -0.57763770E-015
     0.78318471E+001     0.10987590E-006     0.28834432E-007    -0.18934548E-014    -0.51404839E-015    -0.19708748E-014    -0.53799143E-015
     0.78361885E+001     0.11142608E-006     0.29872781E-007    -0.18830418E-014    -0.48615951E-015    -0.19569042E-014    -0.49946093E-015
     0.78405299E+001     0.11418099E-006     0.32189525E-007    -0.18624187E-014    -0.46860124E-015    -0.19275185E-014    -0.47421025E-015
     0.78448713E+001     0.11773095E-006     0.32798047E-007    -0.18350352E-014    -0.46200501E-015    -0.18891876E-014    -0.46600136E-015
     0.78492126E+001     0.11884149E-006     0.34475057E-007    -0.18093720E-014    -0.47201082E-015    -0.18529726E-014    -0.47915029E-015
     0.78535540E+001     0.11856746E-006     0.31296108E-007    -0.17937337E-014    -0.49145872E-015    -0.18300254E-014    -0.50718239E-015
     0.78578954E+001     0.11809200E-006     0.28660935E-007    -0.17895701E-014    -0.51764724E-015    -0.18243247E-014    -0.54397711E-015
     0.78622368E+001     0.11678002E-006     0.25795793E-007    -0.18017147E-014    -0.54100602E-015    -0.18399924E-014    -0.57790832E-015
     0.78665782E+001     0.11381363E-006     0.23498867E-007    -0.18229095E-014    -0.55447317E-015    -0.18696060E-014    -0.59886845E-015
     0.78709195E+001     0.11210007E-006     0.22881519E-007    -0.18506985E-014    -0.55615436E-015    -0.19076512E-014    -0.60207770E-015
     0.78752609E+001     0.10784699E-006     0.23589834E-007    -0.18748936E-014    -0.54183295E-015    -0.19421210E-014    -0.58427819E-015
     0.78796023E+001     0.10792148E-006     0.23619833E-007    -0.18892231E-014    -0.51903518E-015    -0.19637324E-014    -0.55286914E-015
     0.78839437E+001     0.10940804E-006     0.26103208E-007    -0.18911540E-014    -0.48996994E-015    -0.19675500E-014    -0.51357430E-015
     0.78882850E+001     0.11020111E-006     0.29849804E-007    -0.18772990E-014    -0.46530337E-015    -0.19506711E-014    -0.47888127E-015
     0.78926264E+001     0.11164641E-006     0.30023949E-007    -0.18556155E-014    -0.45000278E-015    -0.19203809E-014    -0.45684998E-015
     0.78969678E+001     0.11581865E-006     0.28744494E-007    -0.18279436E-014    -0.44793217E-015    -0.18826504E-014    -0.45275957E-015
     0.79013092E+001     0.11828842E-006     0.28056163E-007    -0.18054586E-014    -0.46072779E-015    -0.18501815E-014    -0.46859159E-015
     0.79056506E+001     0.12056618E-006     0.25937752E-007    -0.17923874E-014    -0.48134285E-015    -0.18305461E-014    -0.49729795E-015
     0.79099919E+001     0.12012334E-006     0.24316368E-007    -0.17928484E-014    -0.50749099E-015    -0.18293228E-014    -0.53323545E-015
     0.79143333E+001     0.11819186E-006     0.22586668E-007    -0.18076581E-014    -0.52746240E-015    -0.18471765E-014    -0.56327353E-015
     0.79186747E+001     0.11623561E-006     0.21738941E-007    -0.18304241E-014    -0.53840020E-015    -0.18775804E-014    -0.58040151E-015
     0.79230161E+001     0.11260814E-006     0.22924449E-007    -0.18577115E-014    -0.53546679E-015    -0.19145571E-014    -0.57889173E-015
     0.79273575E+001     0.10981404E-006     0.23429854E-007    -0.18785500E-014    -0.51891797E-015    -0.19451636E-014    -0.55902128E-015
     0.79316988E+001     0.10844304E-006     0.25397453E-007    -0.18899988E-014    -0.49467355E-015    -0.19628877E-014    -0.52697413E-015
     0.79360402E+001     0.11067180E-006     0.27847627E-007    -0.18871899E-014    -0.46640505E-015    -0.19617906E-014    -0.48917168E-015
     0.79403816E+001     0.11062035E-006     0.30730278E-007    -0.18712812E-014    -0.44504860E-015    -0.19428191E-014    -0.45812316E-015
     0.79447230E+001     0.11291973E-006     0.29702503E-007    -0.18480470E-014    -0.43288049E-015    -0.19120106E-014    -0.43984673E-015
     0.79490644E+001     0.11645136E-006     0.28720163E-007    -0.18215339E-014    -0.43548009E-015    -0.18765931E-014    -0.44071679E-015
     0.79534057E+001     0.11904046E-006     0.27905482E-007    -0.18023531E-014    -0.45029957E-015    -0.18480841E-014    -0.45885779E-015
     0.79577471E+001     0.11854803E-006     0.25814797E-007    -0.17924214E-014    -0.47230734E-015    -0.18324732E-014    -0.48858732E-015
     0.79620885E+001     0.11967650E-006     0.22754279E-007    -0.17976694E-014    -0.49686868E-015    -0.18356160E-014    -0.52216034E-015
     0.79664299E+001     0.11665495E-006     0.22949370E-007    -0.18144251E-014    -0.51394830E-015    -0.18554537E-014    -0.54796941E-015
     0.79707712E+001     0.11145257E-006     0.21724029E-007    -0.18381502E-014    -0.52140081E-015    -0.18866455E-014    -0.56067231E-015
     0.79751126E+001     0.11045581E-006     0.19738626E-007    -0.18637705E-014    -0.51383376E-015    -0.19211743E-014    -0.55467553E-015
     0.79794540E+001     0.10874905E-006     0.22127314E-007    -0.18812687E-014    -0.49560549E-015    -0.19476569E-014    -0.53279702E-015
     0.79837954E+001     0.10919110E-006     0.24425512E-007    -0.18889308E-014    -0.47001040E-015    -0.19610592E-014    -0.50009229E-015
     0.79881368E+001     0.11071841E-006     0.26817208E-007    -0.18815951E-014    -0.44367135E-015    -0.19553832E-014    -0.46541384E-015
     0.79924781E+001     0.11274656E-006     0.30748175E-007    -0.18642672E-014    -0.42517846E-015    -0.19344387E-014    -0.43833518E-015
     0.79968195E+001     0.11308264E-006     0.30519780E-007    -0.18400436E-014    -0.41706301E-015    -0.19030844E-014    -0.42502858E-015
     0.80011609E+001     0.11519589E-006     0.26760419E-007    -0.18158957E-014    -0.42380968E-015    -0.18703919E-014    -0.43004878E-015
     0.80055023E+001     0.11907654E-006     0.24298591E-007    -0.18001065E-014    -0.44030885E-015    -0.18461046E-014    -0.44981188E-015
     0.80098437E+001     0.12040477E-006     0.23747020E-007    -0.17942866E-014    -0.46374608E-015    -0.18355562E-014    -0.47965082E-015
     0.80141850E+001     0.11735577E-006     0.22192799E-007    -0.18032677E-014    -0.48567825E-015    -0.18433596E-014    -0.50994959E-015
     0.80185264E+001     0.11420770E-006     0.20350875E-007    -0.18214126E-014    -0.49951404E-015    -0.18652925E-014    -0.53191629E-015
     0.80228678E+001     0.11230365E-006     0.18594483E-007    -0.18464383E-014    -0.50247785E-015    -0.18966849E-014    -0.53993461E-015
     0.80272092E+001     0.10996962E-006     0.20997442E-007    -0.18691137E-014    -0.49153687E-015    -0.19275813E-014    -0.53014773E-015
     0.80315505E+001     0.10842511E-006     0.21431346E-007    -0.18833755E-014    -0.47167868E-015    -0.19496654E-014    -0.50663908E-015
     0.80358919E+001     0.11008973E-006     0.24408648E-007    -0.18863911E-014    -0.44534502E-015    -0.19573202E-014    -0.47386861E-015
     0.80402333E+001     0.11125690E-006     0.27788869E-007    -0.18756642E-014    -0.42177674E-015    -0.19478565E-014    -0.44220821E-015
     0.80445747E+001     0.11297661E-006     0.30446979E-007    -0.18569332E-014    -0.40644802E-015    -0.19251899E-014    -0.41946529E-015
     0.80489161E+001     0.11281649E-006     0.29541118E-007    -0.18322408E-014    -0.40323743E-015    -0.18943238E-014    -0.41136916E-015
     0.80532574E+001     0.11492430E-006     0.26097715E-007    -0.18111665E-014    -0.41337318E-015    -0.18653173E-014    -0.42027837E-015
     0.80575988E+001     0.11590619E-006     0.23432686E-007    -0.17981806E-014    -0.43156228E-015    -0.18451400E-014    -0.44205899E-015
     0.80619402E+001     0.11617749E-006     0.17877801E-007    -0.17970416E-014    -0.45486046E-015    -0.18399810E-014    -0.47125385E-015
     0.80662816E+001     0.11789510E-006     0.16031714E-007    -0.18092139E-014    -0.47345648E-015    -0.18512712E-014    -0.49813198E-015
     0.80706230E+001     0.11620331E-006     0.16766763E-007    -0.18291823E-014    -0.48426211E-015    -0.18746419E-014    -0.51559955E-015
     0.80749643E+001     0.11274229E-006     0.17947892E-007    -0.18535275E-014    -0.48250248E-015    -0.19050071E-014    -0.51810427E-015
     0.80793057E+001     0.11040406E-006     0.18880340E-007    -0.18729542E-014    -0.46809907E-015    -0.19321701E-014    -0.50428226E-015
     0.80836471E+001     0.11023177E-006     0.20876420E-007    -0.18844413E-014    -0.44631560E-015    -0.19502102E-014    -0.47908179E-015
     0.80879885E+001     0.11184931E-006     0.23887514E-007    -0.18830111E-014    -0.42084622E-015    -0.19525619E-014    -0.44756413E-015
     0.80923298E+001     0.11349871E-006     0.27326428E-007    -0.18695625E-014    -0.40079875E-015    -0.19396852E-014    -0.41956881E-015
     0.80966712E+001     0.11529955E-006     0.28363059E-007    -0.18490509E-014    -0.38905952E-015    -0.19155556E-014    -0.40144941E-015
     0.81010126E+001     0.11677619E-006     0.27495924E-007    -0.18252092E-014    -0.39057373E-015    -0.18859088E-014    -0.39861598E-015
     0.81053540E+001     0.11882472E-006     0.25253606E-007    -0.18072006E-014    -0.40334541E-015    -0.18606975E-014    -0.41062331E-015
     0.81096954E+001     0.11967877E-006     0.23560256E-007    -0.17975230E-014    -0.42297534E-015    -0.18455195E-014    -0.43386736E-015
     0.81140367E+001     0.11835621E-006     0.20433397E-007    -0.18013229E-014    -0.44486643E-015    -0.18454511E-014    -0.46167701E-015
     0.81183781E+001     0.11672962E-006     0.18025521E-007    -0.18158864E-014    -0.46043654E-015    -0.18598908E-014    -0.48464315E-015
     0.81227195E+001     0.11478279E-006     0.18809753E-007    -0.18373125E-014    -0.46749779E-015    -0.18848295E-014    -0.49737098E-015
     0.81270609E+001     0.11124668E-006     0.19143665E-007    -0.18604306E-014    -0.46110420E-015    -0.19134673E-014    -0.49483404E-015
     0.81314023E+001     0.11039546E-006     0.21006546E-007    -0.18766721E-014    -0.44471003E-015    -0.19368167E-014    -0.47850463E-015
     0.81357436E+001     0.11007140E-006     0.24028724E-007    -0.18842545E-014    -0.42143556E-015    -0.19495495E-014    -0.45179245E-015
     0.81400850E+001     0.11017185E-006     0.27487754E-007    -0.18784021E-014    -0.39770181E-015    -0.19472727E-014    -0.42214237E-015
     0.81444264E+001     0.11150789E-006     0.28370322E-007    -0.18629779E-014    -0.38101968E-015    -0.19317241E-014    -0.39823284E-015
     0.81487678E+001     0.11287263E-006     0.28154512E-007    -0.18408125E-014    -0.37333360E-015    -0.19064493E-014    -0.38533378E-015
     0.81531091E+001     0.11563660E-006     0.25987644E-007    -0.18188987E-014    -0.37894657E-015    -0.18789129E-014    -0.38743831E-015
     0.81574505E+001     0.11771572E-006     0.24044751E-007    -0.18041406E-014    -0.39348702E-015    -0.18574483E-014    -0.40237968E-015
     0.81617919E+001     0.11759728E-006     0.22120550E-007    -0.17988791E-014    -0.41436300E-015    -0.18470604E-014    -0.42632971E-015
     0.81661333E+001     0.11567660E-006     0.19692013E-007    -0.18069072E-014    -0.43400122E-015    -0.18517222E-014    -0.45141448E-015
     0.81704747E+001     0.11219891E-006     0.17238898E-007    -0.18236085E-014    -0.44691201E-015    -0.18690502E-014    -0.47045191E-015
     0.81748160E+001     0.11135671E-006     0.14657035E-007    -0.18456457E-014    -0.44976908E-015    -0.18945612E-014    -0.47825634E-015
     0.81791574E+001     0.10993833E-006     0.17497024E-007    -0.18661163E-014    -0.43925454E-015    -0.19205538E-014    -0.47109290E-015
     0.81834988E+001     0.10960187E-006     0.18451033E-007    -0.18795435E-014    -0.42099403E-015    -0.19399227E-014    -0.45202781E-015
     0.81878402E+001     0.11084752E-006     0.23755393E-007    -0.18824538E-014    -0.39720755E-015    -0.19475786E-014    -0.42498208E-015
     0.81921816E+001     0.11028123E-006     0.26578348E-007    -0.18728921E-014    -0.37600357E-015    -0.19409985E-014    -0.39810963E-015
     0.81965229E+001     0.11114184E-006     0.27956171E-007    -0.18554298E-014    -0.36233123E-015    -0.19227935E-014    -0.37845651E-015
     0.82008643E+001     0.11216339E-006     0.26547361E-007    -0.18328517E-014    -0.35915102E-015    -0.18971103E-014    -0.37064052E-015
     0.82052057E+001     0.11417355E-006     0.21346009E-007    -0.18138591E-014    -0.36816687E-015    -0.18724925E-014    -0.37672471E-015
     0.82095471E+001     0.11952080E-006     0.19743424E-007    -0.18022314E-014    -0.38494900E-015    -0.18552686E-014    -0.39401067E-015
     0.82138885E+001     0.11784516E-006     0.20126340E-007    -0.18012792E-014    -0.40605525E-015    -0.18503715E-014    -0.41795017E-015
     0.82182298E+001     0.11565677E-006     0.17478926E-007    -0.18123680E-014    -0.42276941E-015    -0.18590145E-014    -0.44050055E-015
     0.82225712E+001     0.11230280E-006     0.15407831E-007    -0.18308366E-014    -0.43214218E-015    -0.18782248E-014    -0.45519031E-015
     0.82269126E+001     0.11035460E-006     0.15083876E-007    -0.18530614E-014    -0.43018114E-015    -0.19035335E-014    -0.45755993E-015
     0.82312540E+001     0.10912486E-006     0.16160450E-007    -0.18708576E-014    -0.41693734E-015    -0.19266272E-014    -0.44654471E-015
     0.82355953E+001     0.10799080E-006     0.18576226E-007    -0.18808538E-014    -0.39692041E-015    -0.19417797E-014    -0.42521863E-015
     0.82399367E+001     0.10985500E-006     0.21148198E-007    -0.18788501E-014    -0.37365195E-015    -0.19444827E-014    -0.39888941E-015
     0.82442781E+001     0.11139123E-006     0.21985239E-007    -0.18662744E-014    -0.35512891E-015    -0.19338570E-014    -0.37535314E-015
     0.82486195E+001     0.11534464E-006     0.24612628E-007    -0.18470464E-014    -0.34457411E-015    -0.19135815E-014    -0.35970237E-015
     0.82529609E+001     0.11700109E-006     0.23945235E-007    -0.18253978E-014    -0.34597536E-015    -0.18889415E-014    -0.35702086E-015
     0.82573022E+001     0.11890410E-006     0.22339310E-007    -0.18092925E-014    -0.35760185E-015    -0.18675475E-014    -0.36677675E-015
     0.82616436E+001     0.11916128E-006     0.20064861E-007    -0.18013979E-014    -0.37601744E-015    -0.18548677E-014    -0.38598052E-015
     0.82659850E+001     0.11880017E-006     0.18479263E-007    -0.18051108E-014    -0.39612064E-015    -0.18547953E-014    -0.40927166E-015
     0.82703264E+001     0.11492889E-006     0.16569634E-007    -0.18187997E-014    -0.41019617E-015    -0.18667239E-014    -0.42835742E-015
     0.82746678E+001     0.11278698E-006     0.14467242E-007    -0.18386224E-014    -0.41597474E-015    -0.18877181E-014    -0.43858986E-015
     0.82790091E+001     0.11205511E-006     0.15738952E-007    -0.18594958E-014    -0.40950898E-015    -0.19116720E-014    -0.43612959E-015
     0.82833505E+001     0.11019067E-006     0.19364824E-007    -0.18742184E-014    -0.39361465E-015    -0.19313232E-014    -0.42162777E-015
     0.82876919E+001     0.10825502E-006     0.21802700E-007    -0.18807299E-014    -0.37209621E-015    -0.19419616E-014    -0.39898968E-015
     0.82920333E+001     0.10992211E-006     0.23776316E-007    -0.18744450E-014    -0.35032184E-015    -0.19396102E-014    -0.37392069E-015
     0.82963746E+001     0.11085412E-006     0.26547972E-007    -0.18598423E-014    -0.33477987E-015    -0.19261201E-014    -0.35359326E-015
     0.83007160E+001     0.11064948E-006     0.25520085E-007    -0.18394535E-014    -0.32824643E-015    -0.19046059E-014    -0.34282069E-015
     0.83050574E+001     0.11450628E-006     0.21928168E-007    -0.18194586E-014    -0.33398992E-015    -0.18814787E-014    -0.34471657E-015
     0.83093988E+001     0.11672102E-006     0.21073453E-007    -0.18062558E-014    -0.34778748E-015    -0.18635898E-014    -0.35765061E-015
     0.83137402E+001     0.11591367E-006     0.18322833E-007    -0.18023687E-014    -0.36711195E-015    -0.18553903E-014    -0.37785171E-015
     0.83180815E+001     0.11337582E-006     0.14420893E-007    -0.18104145E-014    -0.38521828E-015    -0.18599634E-014    -0.39885476E-015
     0.83224229E+001     0.11256845E-006     0.11037771E-007    -0.18262946E-014    -0.39655358E-015    -0.18750497E-014    -0.41449433E-015
     0.83267643E+001     0.11109844E-006     0.10667397E-007    -0.18471027E-014    -0.39841716E-015    -0.18969792E-014    -0.42003312E-015
     0.83311057E+001     0.11215749E-006     0.11999165E-007    -0.18655928E-014    -0.38839066E-015    -0.19189742E-014    -0.41311785E-015
     0.83354471E+001     0.11175003E-006     0.16906262E-007    -0.18771440E-014    -0.37071466E-015    -0.19350463E-014    -0.39605236E-015
     0.83397884E+001     0.11110826E-006     0.21004536E-007    -0.18788422E-014    -0.34818624E-015    -0.19408658E-014    -0.37264505E-015
     0.83441298E+001     0.10998530E-006     0.24210515E-007    -0.18693863E-014    -0.32847706E-015    -0.19344946E-014    -0.35002329E-015
     0.83484712E+001     0.11087460E-006     0.24479163E-007    -0.18526820E-014    -0.31614598E-015    -0.19180940E-014    -0.33356969E-015
     0.83528126E+001     0.11264145E-006     0.21944941E-007    -0.18319443E-014    -0.31401389E-015    -0.18961074E-014    -0.32760728E-015
     0.83571539E+001     0.11635971E-006     0.19639683E-007    -0.18144505E-014    -0.32316509E-015    -0.18753237E-014    -0.33360061E-015
     0.83614953E+001     0.11802596E-006     0.17316136E-007    -0.18041774E-014    -0.33913717E-015    -0.18612954E-014    -0.34906497E-015
     0.83658367E+001     0.11788521E-006     0.14926433E-007    -0.18045234E-014    -0.35844833E-015    -0.18578718E-014    -0.36961002E-015
     0.83701781E+001     0.11779443E-006     0.13100369E-007    -0.18158210E-014    -0.37396870E-015    -0.18661745E-014    -0.38827340E-015
     0.83745195E+001     0.11472408E-006     0.13516627E-007    -0.18334717E-014    -0.38220239E-015    -0.18836247E-014    -0.39982935E-015
     0.83788608E+001     0.11082748E-006     0.13593437E-007    -0.18538379E-014    -0.37937552E-015    -0.19052933E-014    -0.40063045E-015
     0.83832022E+001     0.10898632E-006     0.14526787E-007    -0.18699723E-014    -0.36594736E-015    -0.19247505E-014    -0.38977184E-015
     0.83875436E+001     0.10842333E-006     0.16173468E-007    -0.18785601E-014    -0.34647647E-015    -0.19367851E-014    -0.37036404E-015
     0.83918850E+001     0.11110696E-006     0.18159053E-007    -0.18760558E-014    -0.32453754E-015    -0.19379712E-014    -0.34715118E-015
     0.83962264E+001     0.11328527E-006     0.22604988E-007    -0.18637030E-014    -0.30768745E-015    -0.19279776E-014    -0.32712375E-015
     0.84005677E+001     0.11332375E-006     0.24296862E-007    -0.18451720E-014    -0.29876363E-015    -0.19096374E-014    -0.31492774E-015
     0.84049091E+001     0.11458461E-006     0.21318928E-007    -0.18249710E-014    -0.30095823E-015    -0.18880376E-014    -0.31352651E-015
     0.84092505E+001     0.11848870E-006     0.19203721E-007    -0.18102731E-014    -0.31263733E-015    -0.18701289E-014    -0.32315339E-015
     0.84135919E+001     0.11844116E-006     0.18020323E-007    -0.18036969E-014    -0.33014473E-015    -0.18601445E-014    -0.34038631E-015
     0.84179332E+001     0.11769018E-006     0.15471610E-007    -0.18083796E-014    -0.34880770E-015    -0.18613964E-014    -0.36010356E-015
     0.84222746E+001     0.11434440E-006     0.13664482E-007    -0.18220306E-014    -0.36163914E-015    -0.18733398E-014    -0.37578349E-015
     0.84266160E+001     0.11137298E-006     0.12778114E-007    -0.18410624E-014    -0.36597883E-015    -0.18923428E-014    -0.38338758E-015
     0.84309574E+001     0.10932799E-006     0.11811856E-007    -0.18607724E-014    -0.35897490E-015    -0.19132028E-014    -0.37948962E-015
     0.84352988E+001     0.10911466E-006     0.12807540E-007    -0.18740371E-014    -0.34351488E-015    -0.19296967E-014    -0.36527413E-015
     0.84396401E+001     0.10994321E-006     0.16952236E-007    -0.18788036E-014    -0.32271754E-015    -0.19378199E-014    -0.34473755E-015
     0.84439815E+001     0.11009283E-006     0.19809387E-007    -0.18721694E-014    -0.30233497E-015    -0.19343400E-014    -0.32299025E-015
     0.84483229E+001     0.11166697E-006     0.21651891E-007    -0.18574020E-014    -0.28830079E-015    -0.19209585E-014    -0.30608604E-015
     0.84526643E+001     0.11428025E-006     0.21352875E-007    -0.18377018E-014    -0.28328530E-015    -0.19013284E-014    -0.29793920E-015
     0.84570057E+001     0.11545680E-006     0.18894647E-007    -0.18190082E-014    -0.28935747E-015    -0.18812443E-014    -0.30106487E-015
     0.84613470E+001     0.11887675E-006     0.16931768E-007    -0.18071579E-014    -0.30327220E-015    -0.18664027E-014    -0.31366940E-015
     0.84656884E+001     0.11816636E-006     0.14860855E-007    -0.18043588E-014    -0.32174155E-015    -0.18608105E-014    -0.33193312E-015
     0.84700298E+001     0.11724931E-006     0.12849631E-007    -0.18127854E-014    -0.33843058E-015    -0.18662437E-014    -0.35018636E-015
     0.84743712E+001     0.11396034E-006     0.10873370E-007    -0.18286339E-014    -0.34823409E-015    -0.18807974E-014    -0.36254133E-015
     0.84787125E+001     0.11305020E-006     0.95740242E-008    -0.18485205E-014    -0.34872226E-015    -0.19007389E-014    -0.36556757E-015
     0.84830539E+001     0.11155212E-006     0.12029549E-007    -0.18658407E-014    -0.33816820E-015    -0.19198265E-014    -0.35760076E-015
     0.84873953E+001     0.11092636E-006     0.14272110E-007    -0.18762046E-014    -0.32040159E-015    -0.19328608E-014    -0.34073996E-015
     0.84917367E+001     0.11127522E-006     0.17242382E-007    -0.18767715E-014    -0.29894843E-015    -0.19364721E-014    -0.31940451E-015
     0.84960781E+001     0.11297202E-006     0.21129193E-007    -0.18668150E-014    -0.28045167E-015    -0.19289924E-014    -0.29957125E-015
     0.85004194E+001     0.11338852E-006     0.21219565E-007    -0.18503672E-014    -0.26944651E-015    -0.19132411E-014    -0.28596446E-015
     0.85047608E+001     0.11767172E-006     0.21135258E-007    -0.18305266E-014    -0.26868254E-015    -0.18932382E-014    -0.28256633E-015
     0.85091022E+001     0.11968075E-006     0.20640606E-007    -0.18140546E-014    -0.27824708E-015    -0.18751618E-014    -0.28943630E-015
     0.85134436E+001     0.11968837E-006     0.19192702E-007    -0.18053478E-014    -0.29385475E-015    -0.18638493E-014    -0.30444260E-015
     0.85177850E+001     0.11747003E-006     0.17195549E-007    -0.18068336E-014    -0.31269014E-015    -0.18627403E-014    -0.32280282E-015
     0.85221263E+001     0.11604786E-006     0.14176718E-007    -0.18181542E-014    -0.32696852E-015    -0.18720304E-014    -0.33884216E-015
     0.85264677E+001     0.11335948E-006     0.13582315E-007    -0.18358521E-014    -0.33339415E-015    -0.18888977E-014    -0.34761536E-015
     0.85308091E+001     0.10905193E-006     0.14660218E-007    -0.18557768E-014    -0.32975383E-015    -0.19086682E-014    -0.34620959E-015
     0.85351505E+001     0.10743199E-006     0.13804333E-007    -0.18706051E-014    -0.31626422E-015    -0.19256210E-014    -0.33457732E-015
     0.85394919E+001     0.10740499E-006     0.16421576E-007    -0.18777898E-014    -0.29688655E-015    -0.19347322E-014    -0.31597178E-015
     0.85438332E+001     0.10702941E-006     0.19625710E-007    -0.18743075E-014    -0.27600951E-015    -0.19336529E-014    -0.29469475E-015
     0.85481746E+001     0.10809489E-006     0.19473709E-007    -0.18614205E-014    -0.26041216E-015    -0.19228088E-014    -0.27696921E-015
     0.85525160E+001     0.11228778E-006     0.18755430E-007    -0.18430231E-014    -0.25281130E-015    -0.19054018E-014    -0.26734880E-015
     0.85568574E+001     0.11605367E-006     0.19173380E-007    -0.18236794E-014    -0.25583632E-015    -0.18858998E-014    -0.26821869E-015
     0.85611987E+001     0.11663538E-006     0.20040189E-007    -0.18101126E-014    -0.26799699E-015    -0.18704072E-014    -0.27855149E-015
     0.85655401E+001     0.11412026E-006     0.14422940E-007    -0.18048327E-014    -0.28527273E-015    -0.18632918E-014    -0.29524728E-015
     0.85698815E+001     0.11612916E-006     0.10759318E-007    -0.18102433E-014    -0.30310678E-015    -0.18663328E-014    -0.31308631E-015
     0.85742229E+001     0.11507549E-006     0.10553925E-007    -0.18241455E-014    -0.31476216E-015    -0.18788680E-014    -0.32649635E-015
     0.85785643E+001     0.11184006E-006     0.11342563E-007    -0.18429198E-014    -0.31773436E-015    -0.18970871E-014    -0.33123830E-015
     0.85829056E+001     0.10717056E-006     0.11713121E-007    -0.18615051E-014    -0.30977616E-015    -0.19161710E-014    -0.32557302E-015
     0.85872470E+001     0.10614057E-006     0.11182341E-007    -0.18739662E-014    -0.29373179E-015    -0.19303329E-014    -0.31095198E-015
     0.85915884E+001     0.10768193E-006     0.12521572E-007    -0.18774857E-014    -0.27332026E-015    -0.19355207E-014    -0.29117742E-015
     0.85959298E+001     0.10973860E-006     0.16884468E-007    -0.18701907E-014    -0.25384277E-015    -0.19302087E-014    -0.27127189E-015
     0.86002712E+001     0.11176141E-006     0.17092581E-007    -0.18550178E-014    -0.24104176E-015    -0.19161737E-014    -0.25654580E-015
     0.86046125E+001     0.11489626E-006     0.19426672E-007    -0.18355538E-014    -0.23719308E-015    -0.18974565E-014    -0.25093473E-015
     0.86089539E+001     0.11653549E-006     0.19098620E-007    -0.18177437E-014    -0.24389763E-015    -0.18793198E-014    -0.25570254E-015
     0.86132953E+001     0.11528904E-006     0.17097031E-007    -0.18071549E-014    -0.25814199E-015    -0.18669139E-014    -0.26901783E-015
     0.86176367E+001     0.11496318E-006     0.12078235E-007    -0.18055673E-014    -0.27629896E-015    -0.18635331E-014    -0.28646343E-015
     0.86219780E+001     0.11471260E-006     0.79861670E-008    -0.18147238E-014    -0.29214962E-015    -0.18706767E-014    -0.30268236E-015
     0.86263194E+001     0.11439377E-006     0.80326999E-008    -0.18309488E-014    -0.30082565E-015    -0.18859290E-014    -0.31284287E-015
     0.86306608E+001     0.11166427E-006     0.84289908E-008    -0.18504340E-014    -0.30014897E-015    -0.19049171E-014    -0.31350435E-015
     0.86350022E+001     0.11010484E-006     0.96633486E-008    -0.18671036E-014    -0.28880031E-015    -0.19222462E-014    -0.30400679E-015
     0.86393436E+001     0.10839596E-006     0.13011874E-007    -0.18765379E-014    -0.27090888E-015    -0.19329054E-014    -0.28677260E-015
     0.86436849E+001     0.10788694E-006     0.14903316E-007    -0.18760562E-014    -0.25030555E-015    -0.19341024E-014    -0.26633625E-015
     0.86480263E+001     0.10929524E-006     0.17263417E-007    -0.18650889E-014    -0.23277792E-015    -0.19251473E-014    -0.24815782E-015
     0.86523677E+001     0.11093244E-006     0.17729719E-007    -0.18481925E-014    -0.22287787E-015    -0.19089218E-014    -0.23702565E-015
     0.86567091E+001     0.11346050E-006     0.16430524E-007    -0.18285566E-014    -0.22296199E-015    -0.18897768E-014    -0.23552082E-015
     0.86610505E+001     0.11662699E-006     0.14475686E-007    -0.18132457E-014    -0.23302467E-015    -0.18736736E-014    -0.24394931E-015
     0.86653918E+001     0.11783570E-006     0.13112388E-007    -0.18054550E-014    -0.24920164E-015    -0.18646792E-014    -0.25941860E-015
     0.86697332E+001     0.11665191E-006     0.10166969E-007    -0.18079170E-014    -0.26715640E-015    -0.18656507E-014    -0.27693620E-015
     0.86740746E+001     0.11539004E-006     0.84462961E-008    -0.18200663E-014    -0.28072103E-015    -0.18762875E-014    -0.29108519E-015
     0.86784160E+001     0.11312044E-006     0.75373041E-008    -0.18378901E-014    -0.28605651E-015    -0.18935827E-014    -0.29762577E-015
     0.86827573E+001     0.11038238E-006     0.83861680E-008    -0.18572973E-014    -0.28135294E-015    -0.19125399E-014    -0.29417023E-015
     0.86870987E+001     0.10795033E-006     0.85630264E-008    -0.18715008E-014    -0.26715230E-015    -0.19275934E-014    -0.28131767E-015
     0.86914401E+001     0.10884537E-006     0.11171853E-007    -0.18777206E-014    -0.24767445E-015    -0.19347062E-014    -0.26233392E-015
     0.86957815E+001     0.10877713E-006     0.14306259E-007    -0.18733292E-014    -0.22757949E-015    -0.19316596E-014    -0.24223870E-015
     0.87001229E+001     0.11011057E-006     0.14867118E-007    -0.18597162E-014    -0.21290605E-015    -0.19193380E-014    -0.22641499E-015
     0.87044642E+001     0.11451917E-006     0.14203250E-007    -0.18410134E-014    -0.20628916E-015    -0.19015308E-014    -0.21895166E-015
     0.87088056E+001     0.11850654E-006     0.16152313E-007    -0.18222355E-014    -0.21018635E-015    -0.18829188E-014    -0.22166180E-015
     0.87131470E+001     0.11757903E-006     0.15379201E-007    -0.18094309E-014    -0.22303918E-015    -0.18692351E-014    -0.23324290E-015
     0.87174884E+001     0.11866898E-006     0.11186815E-007    -0.18050195E-014    -0.24029621E-015    -0.18640128E-014    -0.25000655E-015
     0.87218298E+001     0.11716430E-006     0.92727762E-008    -0.18114681E-014    -0.25742761E-015    -0.18691895E-014    -0.26680449E-015
     0.87261711E+001     0.11621590E-006     0.70680684E-008    -0.18260915E-014    -0.26812569E-015    -0.18829268E-014    -0.27849277E-015
     0.87305125E+001     0.11305118E-006     0.88386203E-008    -0.18451307E-014    -0.27017333E-015    -0.19013723E-014    -0.28130662E-015
     0.87348539E+001     0.11002678E-006     0.81389929E-008    -0.18633158E-014    -0.26160033E-015    -0.19192840E-014    -0.27373942E-015
     0.87391953E+001     0.10863576E-006     0.10450670E-007    -0.18746916E-014    -0.24502695E-015    -0.19317249E-014    -0.25792811E-015
     0.87435366E+001     0.10808335E-006     0.11683309E-007    -0.18774011E-014    -0.22459927E-015    -0.19350116E-014    -0.23798207E-015
     0.87478780E+001     0.10958157E-006     0.13972170E-007    -0.18691586E-014    -0.20591530E-015    -0.19279032E-014    -0.21917680E-015
     0.87522194E+001     0.11296522E-006     0.14928919E-007    -0.18532820E-014    -0.19385710E-015    -0.19127661E-014    -0.20623988E-015
     0.87565608E+001     0.11653395E-006     0.16008098E-007    -0.18338445E-014    -0.19096402E-015    -0.18938476E-014    -0.20257688E-015
     0.87609022E+001     0.11749326E-006     0.16907335E-007    -0.18166625E-014    -0.19861507E-015    -0.18766504E-014    -0.20891864E-015
     0.87652435E+001     0.11734850E-006     0.13471544E-007    -0.18066371E-014    -0.21339309E-015    -0.18660753E-014    -0.22306250E-015
     0.87695849E+001     0.11841147E-006     0.96719358E-008    -0.18061960E-014    -0.23135326E-015    -0.18650423E-014    -0.24054114E-015
     0.87739263E+001     0.11727841E-006     0.97836187E-008    -0.18161084E-014    -0.24680945E-015    -0.18740141E-014    -0.25605864E-015
     0.87782677E+001     0.11296009E-006     0.74923526E-008    -0.18325800E-014    -0.25481616E-015    -0.18901726E-014    -0.26473225E-015
     0.87826091E+001     0.11141737E-006     0.56199197E-008    -0.18518509E-014    -0.25287150E-015    -0.19089973E-014    -0.26369140E-015
     0.87869504E+001     0.11145120E-006     0.85049545E-008    -0.18681168E-014    -0.24056053E-015    -0.19251561E-014    -0.25241160E-015
     0.87912918E+001     0.10879374E-006     0.11981817E-007    -0.18768768E-014    -0.22224135E-015    -0.19343293E-014    -0.23437758E-015
     0.87956332E+001     0.10848401E-006     0.12872806E-007    -0.18754210E-014    -0.20168557E-015    -0.19333192E-014    -0.21409006E-015
     0.87999746E+001     0.11168534E-006     0.16348061E-007    -0.18640326E-014    -0.18466508E-015    -0.19228497E-014    -0.19669909E-015
     0.88043159E+001     0.11171286E-006     0.18674034E-007    -0.18467098E-014    -0.17585632E-015    -0.19056786E-014    -0.18726883E-015
     0.88086573E+001     0.11249189E-006     0.15749044E-007    -0.18271779E-014    -0.17704627E-015    -0.18865911E-014    -0.18767991E-015
     0.88129987E+001     0.11585337E-006     0.13035501E-007    -0.18121008E-014    -0.18776693E-015    -0.18712653E-014    -0.19744293E-015
     0.88173401E+001     0.11740658E-006     0.11250996E-007    -0.18052462E-014    -0.20420364E-015    -0.18641776E-014    -0.21352763E-015
     0.88216815E+001     0.11666003E-006     0.88409462E-008    -0.18087187E-014    -0.22207504E-015    -0.18670620E-014    -0.23098420E-015
     0.88260228E+001     0.11526244E-006     0.66656275E-008    -0.18213981E-014    -0.23510472E-015    -0.18792752E-014    -0.24420884E-015
     0.88303642E+001     0.11263277E-006     0.55555896E-008    -0.18398067E-014    -0.23961177E-015    -0.18972695E-014    -0.24921790E-015
     0.88347056E+001     0.11037668E-006     0.67467266E-008    -0.18589175E-014    -0.23419636E-015    -0.19160138E-014    -0.24399863E-015
     0.88390470E+001     0.10800275E-006     0.75139694E-008    -0.18725496E-014    -0.21930175E-015    -0.19302012E-014    -0.22958148E-015
     0.88433884E+001     0.10999033E-006     0.10492439E-007    -0.18779045E-014    -0.19953872E-015    -0.19357571E-014    -0.21001385E-015
     0.88477297E+001     0.10818319E-006     0.15869564E-007    -0.18725329E-014    -0.17969282E-015    -0.19310173E-014    -0.19027018E-015
     0.88520711E+001     0.10788652E-006     0.14951470E-007    -0.18581414E-014    -0.16524947E-015    -0.19173126E-014    -0.17555779E-015
     0.88564125E+001     0.11078418E-006     0.14011843E-007    -0.18393557E-014    -0.15948277E-015    -0.18984946E-014    -0.16976303E-015
     0.88607539E+001     0.11368456E-006     0.12128223E-007    -0.18208351E-014    -0.16427077E-015    -0.18801891E-014    -0.17394460E-015
     0.88650953E+001     0.11726728E-006     0.10513243E-007    -0.18085903E-014    -0.17753556E-015    -0.18674511E-014    -0.18682563E-015
     0.88694366E+001     0.11646029E-006     0.91518102E-008    -0.18053441E-014    -0.19535398E-015    -0.18640619E-014    -0.20430581E-015
     0.88737780E+001     0.11567574E-006     0.42937147E-008    -0.18124071E-014    -0.21236693E-015    -0.18706530E-014    -0.22105572E-015
     0.88781194E+001     0.11610343E-006     0.27139580E-008    -0.18275979E-014    -0.22278319E-015    -0.18857255E-014    -0.23150336E-015
     0.88824608E+001     0.11433357E-006     0.45989690E-008    -0.18466727E-014    -0.22387959E-015    -0.19048133E-014    -0.23287300E-015
     0.88868021E+001     0.11202046E-006     0.66189817E-008    -0.18644681E-014    -0.21448336E-015    -0.19223831E-014    -0.22390830E-015
     0.88911435E+001     0.10850432E-006     0.94315410E-008    -0.18754584E-014    -0.19733243E-015    -0.19335938E-014    -0.20684748E-015
     0.88954849E+001     0.10801338E-006     0.11009950E-007    -0.18770280E-014    -0.17672321E-015    -0.19350913E-014    -0.18630253E-015
     0.88998263E+001     0.10858159E-006     0.13642899E-007    -0.18680918E-014    -0.15794472E-015    -0.19265662E-014    -0.16735859E-015
     0.89041677E+001     0.11045962E-006     0.13569320E-007    -0.18517990E-014    -0.14634919E-015    -0.19103744E-014    -0.15542264E-015
     0.89085090E+001     0.11306015E-006     0.12760583E-007    -0.18325295E-014    -0.14449736E-015    -0.18911726E-014    -0.15324680E-015
     0.89128504E+001     0.11682346E-006     0.11520923E-007    -0.18152666E-014    -0.15295204E-015    -0.18743485E-014    -0.16135644E-015
     0.89171918E+001     0.11773704E-006     0.10764135E-007    -0.18058707E-014    -0.16812612E-015    -0.18645795E-014    -0.17668187E-015
     0.89215332E+001     0.11622174E-006     0.83959878E-008    -0.18062569E-014    -0.18632781E-015    -0.18650330E-014    -0.19467733E-015
     0.89258746E+001     0.11514559E-006     0.41156926E-008    -0.18167709E-014    -0.20126381E-015    -0.18752916E-014    -0.20972096E-015
     0.89302159E+001     0.11370281E-006     0.33379488E-008    -0.18341359E-014    -0.20870006E-015    -0.18925838E-014    -0.21712385E-015
     0.89345573E+001     0.11236181E-006     0.34448668E-008    -0.18536807E-014    -0.20611837E-015    -0.19122821E-014    -0.21440945E-015
     0.89388987E+001     0.10972332E-006     0.49747683E-008    -0.18694928E-014    -0.19362656E-015    -0.19281601E-014    -0.20218788E-015
     0.89432401E+001     0.11022337E-006     0.82145702E-008    -0.18773538E-014    -0.17452673E-015    -0.19360403E-014    -0.18297109E-015
     0.89475814E+001     0.10937802E-006     0.12186668E-007    -0.18753884E-014    -0.15376123E-015    -0.19337953E-014    -0.16220043E-015
     0.89519228E+001     0.10931796E-006     0.14192729E-007    -0.18633034E-014    -0.13733548E-015    -0.19219303E-014    -0.14525096E-015
     0.89562642E+001     0.11099362E-006     0.15031063E-007    -0.18452443E-014    -0.12895526E-015    -0.19038817E-014    -0.13677408E-015
     0.89606056E+001     0.11249088E-006     0.13233886E-007    -0.18257891E-014    -0.13081051E-015    -0.18848376E-014    -0.13869160E-015
     0.89649470E+001     0.11449055E-006     0.98693508E-008    -0.18110595E-014    -0.14216169E-015    -0.18698104E-014    -0.15026797E-015
     0.89692883E+001     0.11707056E-006     0.78818465E-008    -0.18048153E-014    -0.15913101E-015    -0.18634875E-014    -0.16739792E-015
     0.89736297E+001     0.11601829E-006     0.60090175E-008    -0.18089974E-014    -0.17694415E-015    -0.18676843E-014    -0.18527077E-015
     0.89779711E+001     0.11421054E-006     0.43460719E-008    -0.18224666E-014    -0.18995690E-015    -0.18809805E-014    -0.19819713E-015
     0.89823125E+001     0.11019938E-006     0.28415416E-008    -0.18409552E-014    -0.19398741E-015    -0.18997619E-014    -0.20190412E-015
     0.89866539E+001     0.10866811E-006     0.21017240E-008    -0.18599716E-014    -0.18752504E-015    -0.19190289E-014    -0.19526312E-015
     0.89909952E+001     0.10730663E-006     0.27366839E-008    -0.18735000E-014    -0.17215083E-015    -0.19327956E-014    -0.17985490E-015
     0.89953366E+001     0.10803047E-006     0.56357109E-008    -0.18780703E-014    -0.15201845E-015    -0.19371594E-014    -0.15932916E-015
     0.89996780E+001     0.10808911E-006     0.81967902E-008    -0.18719756E-014    -0.13189278E-015    -0.19310270E-014    -0.13925816E-015
     0.90040194E+001     0.11011667E-006     0.84151943E-008    -0.18572419E-014    -0.11773097E-015    -0.19161495E-014    -0.12495908E-015
     0.90083607E+001     0.11512843E-006     0.83585955E-008    -0.18382353E-014    -0.11263734E-015    -0.18965620E-014    -0.12009072E-015
     0.90127021E+001     0.11873301E-006     0.91739726E-008    -0.18196995E-014    -0.11840120E-015    -0.18779778E-014    -0.12573821E-015
     0.90170435E+001     0.12095605E-006     0.88112519E-008    -0.18074524E-014    -0.13217265E-015    -0.18656731E-014    -0.13977955E-015
     0.90213849E+001     0.11918819E-006     0.80961878E-008    -0.18048255E-014    -0.15014216E-015    -0.18631848E-014    -0.15813249E-015
     0.90257263E+001     0.11756113E-006     0.49874139E-008    -0.18126387E-014    -0.16692468E-015    -0.18709692E-014    -0.17495779E-015
     0.90300676E+001     0.11565741E-006     0.30872348E-008    -0.18285314E-014    -0.17701353E-015    -0.18870365E-014    -0.18494194E-015
     0.90344090E+001     0.11254695E-006     0.40052477E-008    -0.18480682E-014    -0.17760540E-015    -0.19072001E-014    -0.18506939E-015
     0.90387504E+001     0.10902060E-006     0.44168474E-008    -0.18658756E-014    -0.16776029E-015    -0.19250169E-014    -0.17503162E-015
     0.90430918E+001     0.10772174E-006     0.49552135E-008    -0.18764681E-014    -0.15024543E-015    -0.19357214E-014    -0.15699238E-015
     0.90474332E+001     0.10797254E-006     0.69748224E-008    -0.18772713E-014    -0.12929261E-015    -0.19362776E-014    -0.13561182E-015
     0.90517745E+001     0.10987191E-006     0.90042022E-008    -0.18678541E-014    -0.11066218E-015    -0.19265769E-014    -0.11664714E-015
     0.90561159E+001     0.11290174E-006     0.11376451E-007    -0.18507313E-014    -0.99535082E-016    -0.19091695E-014    -0.10532646E-015
     0.90604573E+001     0.11461474E-006     0.11598536E-007    -0.18310544E-014    -0.97917308E-016    -0.18891888E-014    -0.10413297E-015
     0.90647987E+001     0.11602248E-006     0.10935537E-007    -0.18142165E-014    -0.10681934E-015    -0.18720665E-014    -0.11326072E-015
     0.90691400E+001     0.11792292E-006     0.75141266E-008    -0.18052169E-014    -0.12258791E-015    -0.18630841E-014    -0.12944903E-015
     0.90734814E+001     0.11641635E-006     0.64798126E-008    -0.18063903E-014    -0.14105971E-015    -0.18644425E-014    -0.14832971E-015
     0.90778228E+001     0.11544125E-006     0.34645331E-008    -0.18174235E-014    -0.15633486E-015    -0.18757779E-014    -0.16344915E-015
     0.90821642E+001     0.11168158E-006     0.20521834E-008    -0.18348335E-014    -0.16332793E-015    -0.18941573E-014    -0.17040210E-015
     0.90865056E+001     0.10868933E-006     0.11523243E-008    -0.18545667E-014    -0.15983815E-015    -0.19141287E-014    -0.16675811E-015
     0.90908469E+001     0.10791506E-006     0.80495899E-009    -0.18705944E-014    -0.14675077E-015    -0.19303098E-014    -0.15313193E-015
     0.90951883E+001     0.10735305E-006     0.33314079E-008    -0.18781762E-014    -0.12732716E-015    -0.19378708E-014    -0.13302109E-015
     0.90995297E+001     0.10898526E-006     0.52251042E-008    -0.18755437E-014    -0.10654913E-015    -0.19347555E-014    -0.11179376E-015
     0.91038711E+001     0.11028549E-006     0.84378093E-008    -0.18629237E-014    -0.90139607E-016    -0.19218435E-014    -0.94999581E-016
     0.91082125E+001     0.11289891E-006     0.82000413E-008    -0.18444355E-014    -0.82237817E-016    -0.19027758E-014    -0.87194846E-016
     0.91125538E+001     0.11633337E-006     0.76788924E-008    -0.18248749E-014    -0.84634037E-016    -0.18828254E-014    -0.90130574E-016
     0.91168952E+001     0.11948256E-006     0.71952929E-008    -0.18102619E-014    -0.96679784E-016    -0.18676179E-014    -0.10255683E-015
     0.91212366E+001     0.11928603E-006     0.71374976E-008    -0.18042159E-014    -0.11422390E-015    -0.18617633E-014    -0.12050885E-015
     0.91255780E+001     0.11707109E-006     0.28070176E-008    -0.18086859E-014    -0.13203931E-015    -0.18668455E-014    -0.13855757E-015
     0.91299194E+001     0.11652339E-006     0.15480355E-008    -0.18226007E-014    -0.14461780E-015    -0.18813712E-014    -0.15153209E-015
     0.91342607E+001     0.11286552E-006     0.63170203E-009    -0.18417343E-014    -0.14818115E-015    -0.19010904E-014    -0.15482701E-015
     0.91386021E+001     0.11076492E-006     0.25859224E-009    -0.18607675E-014    -0.14128362E-015    -0.19206623E-014    -0.14737761E-015
     0.91429435E+001     0.11018881E-006     0.20819671E-008    -0.18741271E-014    -0.12525816E-015    -0.19343199E-014    -0.13085578E-015
     0.91472849E+001     0.10961748E-006     0.55206509E-008    -0.18785246E-014    -0.10469634E-015    -0.19383262E-014    -0.10941969E-015
     0.91516262E+001     0.10964770E-006     0.83452708E-008    -0.18720173E-014    -0.84535420E-016    -0.19313098E-014    -0.88978243E-016
     0.91559676E+001     0.11106705E-006     0.92162868E-008    -0.18569663E-014    -0.70703409E-016    -0.19153508E-014    -0.74410634E-016
     0.91603090E+001     0.11317743E-006     0.85410657E-008    -0.18373806E-014    -0.66328173E-016    -0.18953048E-014    -0.69985002E-016
     0.91646504E+001     0.11711369E-006     0.76848504E-008    -0.18185754E-014    -0.72332741E-016    -0.18764257E-014    -0.76638660E-016
     0.91689918E+001     0.11875062E-006     0.67735653E-008    -0.18065835E-014    -0.86550090E-016    -0.18641824E-014    -0.91579632E-016
     0.91733331E+001     0.11800006E-006     0.46120342E-008    -0.18043256E-014    -0.10467524E-015    -0.18622953E-014    -0.11084642E-015
     0.91776745E+001     0.11658303E-006     0.11835159E-008    -0.18127311E-014    -0.12157143E-015    -0.18708463E-014    -0.12805061E-015
     0.91820159E+001     0.11512744E-006    -0.93414388E-009    -0.18291372E-014    -0.13151289E-015    -0.18879302E-014    -0.13812822E-015
     0.91863573E+001     0.11380732E-006    -0.12564522E-008    -0.18488795E-014    -0.13177805E-015    -0.19085049E-014    -0.13786325E-015
     0.91906987E+001     0.11215376E-006     0.13123527E-008    -0.18666881E-014    -0.12140335E-015    -0.19266617E-014    -0.12678769E-015
     0.91950400E+001     0.11005144E-006     0.33926726E-008    -0.18769917E-014    -0.10340849E-015    -0.19374689E-014    -0.10771921E-015
     0.91993814E+001     0.10912813E-006     0.66037327E-008    -0.18774047E-014    -0.81948976E-016    -0.19377342E-014    -0.85907263E-016
     0.92037228E+001     0.11007428E-006     0.85002382E-008    -0.18678036E-014    -0.63199922E-016    -0.19271438E-014    -0.66858499E-016
     0.92080642E+001     0.11200589E-006     0.81239647E-008    -0.18505708E-014    -0.52383726E-016    -0.19087369E-014    -0.55647930E-016
     0.92124055E+001     0.11625141E-006     0.89916305E-008    -0.18306637E-014    -0.51482767E-016    -0.18880052E-014    -0.54805772E-016
     0.92167469E+001     0.11649985E-006     0.80794810E-008    -0.18138774E-014    -0.60918720E-016    -0.18707713E-014    -0.64716418E-016
     0.92210883E+001     0.11830391E-006     0.50930876E-008    -0.18048149E-014    -0.77323541E-016    -0.18616432E-014    -0.81968723E-016
     0.92254297E+001     0.11770859E-006     0.21469694E-008    -0.18062568E-014    -0.95800851E-016    -0.18634533E-014    -0.10122478E-015
     0.92297711E+001     0.11787475E-006    -0.64509344E-009    -0.18177796E-014    -0.11112899E-015    -0.18754743E-014    -0.11671288E-015
     0.92341124E+001     0.11468265E-006    -0.26644564E-009    -0.18355906E-014    -0.11789425E-015    -0.18944272E-014    -0.12339898E-015
     0.92384538E+001     0.11323490E-006    -0.85441929E-009    -0.18553811E-014    -0.11401447E-015    -0.19151812E-014    -0.11912800E-015
     0.92427952E+001     0.11194525E-006     0.20025094E-008    -0.18715093E-014    -0.10051075E-015    -0.19316518E-014    -0.10480938E-015
     0.92471366E+001     0.10969704E-006     0.63806349E-008    -0.18787368E-014    -0.80786659E-016    -0.19391290E-014    -0.84119474E-016
     0.92514780E+001     0.10812581E-006     0.77805784E-008    -0.18756899E-014    -0.59757268E-016    -0.19353622E-014    -0.62277339E-016
     0.92558193E+001     0.10884120E-006     0.78701190E-008    -0.18627526E-014    -0.43411273E-016    -0.19217109E-014    -0.45129705E-016
     0.92601607E+001     0.11244354E-006     0.82485173E-008    -0.18438809E-014    -0.35640845E-016    -0.19018933E-014    -0.37158704E-016
     0.92645021E+001     0.11483959E-006     0.71263034E-008    -0.18242066E-014    -0.38573606E-016    -0.18817280E-014    -0.40461237E-016
     0.92688435E+001     0.11816768E-006     0.61389185E-008    -0.18093535E-014    -0.50762584E-016    -0.18665288E-014    -0.53658641E-016
     0.92731848E+001     0.11749097E-006     0.44696268E-008    -0.18039329E-014    -0.68341490E-016    -0.18609673E-014    -0.72355932E-016
     0.92775262E+001     0.11603087E-006     0.43264254E-009    -0.18090452E-014    -0.86671212E-016    -0.18665356E-014    -0.91229801E-016
     0.92818676E+001     0.11597606E-006    -0.19905517E-008    -0.18232048E-014    -0.99245506E-016    -0.18814690E-014    -0.10439592E-015
     0.92862090E+001     0.11441057E-006    -0.24115534E-008    -0.18426714E-014    -0.10270579E-015    -0.19019557E-014    -0.10759595E-015
     0.92905504E+001     0.11209585E-006    -0.56837838E-009    -0.18618600E-014    -0.95640728E-016    -0.19217509E-014    -0.99791196E-016
     0.92948917E+001     0.11065357E-006     0.74828671E-009    -0.18749205E-014    -0.79440207E-016    -0.19356475E-014    -0.82580165E-016
     0.92992331E+001     0.11117734E-006     0.41199952E-008    -0.18788220E-014    -0.58375693E-016    -0.19393453E-014    -0.60478867E-016
     0.93035745E+001     0.11092749E-006     0.86022566E-008    -0.18718898E-014    -0.38326405E-016    -0.19320494E-014    -0.39516872E-016
     0.93079159E+001     0.11074586E-006     0.10541257E-007    -0.18562880E-014    -0.24130558E-016    -0.19156282E-014    -0.25016138E-016
     0.93122573E+001     0.11180471E-006     0.85684103E-008    -0.18367541E-014    -0.19735654E-016    -0.18947254E-014    -0.20823347E-016
     0.93165986E+001     0.11504347E-006     0.79936294E-008    -0.18183560E-014    -0.26293708E-016    -0.18754783E-014    -0.27616793E-016
     0.93209400E+001     0.11485127E-006     0.44241365E-008    -0.18062129E-014    -0.41152302E-016    -0.18632378E-014    -0.43414645E-016
     0.93252814E+001     0.11739139E-006     0.52494454E-009    -0.18042991E-014    -0.59597708E-016    -0.18612423E-014    -0.63072590E-016
     0.93296228E+001     0.11572422E-006    -0.93565864E-009    -0.18127325E-014    -0.76609507E-016    -0.18702649E-014    -0.80624614E-016
     0.93339641E+001     0.11507939E-006    -0.39611933E-008    -0.18292739E-014    -0.86405223E-016    -0.18878831E-014    -0.90815381E-016
     0.93383055E+001     0.11381276E-006    -0.24146996E-008    -0.18493480E-014    -0.86073017E-016    -0.19088890E-014    -0.90224600E-016
     0.93426469E+001     0.11018250E-006     0.17902869E-009    -0.18672900E-014    -0.75475749E-016    -0.19275719E-014    -0.78823337E-016
     0.93469883E+001     0.10818925E-006     0.62190254E-010    -0.18776111E-014    -0.57301513E-016    -0.19384067E-014    -0.59287718E-016
     0.93513297E+001     0.10982823E-006     0.29107068E-008    -0.18776349E-014    -0.35921313E-016    -0.19384749E-014    -0.36860841E-016
     0.93556710E+001     0.11160735E-006     0.54674667E-008    -0.18673655E-014    -0.17164325E-016    -0.19274958E-014    -0.17350769E-016
     0.93600124E+001     0.11349161E-006     0.86639650E-008    -0.18499211E-014    -0.60866346E-017    -0.19089255E-014    -0.59144153E-017
     0.93643538E+001     0.11362600E-006     0.79926761E-008    -0.18298526E-014    -0.55714561E-017    -0.18879600E-014    -0.55017686E-017
     0.93686952E+001     0.11712699E-006     0.51653528E-008    -0.18129963E-014    -0.15131465E-016    -0.18702268E-014    -0.15964768E-016
     0.93730366E+001     0.11893257E-006     0.47204774E-008    -0.18042614E-014    -0.31804015E-016    -0.18610182E-014    -0.33532562E-016
     0.93773779E+001     0.11646136E-006     0.22577594E-008    -0.18058193E-014    -0.50699655E-016    -0.18629621E-014    -0.53266807E-016
     0.93817193E+001     0.11492691E-006    -0.10019342E-008    -0.18174207E-014    -0.65504758E-016    -0.18754925E-014    -0.68988839E-016
     0.93860607E+001     0.11293315E-006    -0.24108999E-008    -0.18358649E-014    -0.72267609E-016    -0.18950083E-014    -0.75990750E-016
     0.93904021E+001     0.10994037E-006    -0.28872682E-008    -0.18558220E-014    -0.68278891E-016    -0.19158589E-014    -0.71799627E-016
     0.93947434E+001     0.10921407E-006    -0.17099444E-008    -0.18716418E-014    -0.54583403E-016    -0.19323717E-014    -0.57045517E-016
     0.93990848E+001     0.10801158E-006     0.69928518E-009    -0.18788357E-014    -0.34514870E-016    -0.19398733E-014    -0.35732954E-016
     0.94034262E+001     0.10888507E-006     0.33603154E-008    -0.18754066E-014    -0.13543399E-016    -0.19360936E-014    -0.13472575E-016
     0.94077676E+001     0.11039324E-006     0.53927232E-008    -0.18620462E-014     0.30121755E-017    -0.19222338E-014     0.38127742E-017
     0.94121090E+001     0.11245433E-006     0.59831499E-008    -0.18431245E-014     0.10716512E-016    -0.19019416E-014     0.11750219E-016
     0.94164503E+001     0.11499009E-006     0.47700911E-008    -0.18233682E-014     0.76486593E-017    -0.18814021E-014     0.82982287E-017
     0.94207917E+001     0.11759117E-006     0.32892332E-008    -0.18088877E-014    -0.48604008E-017    -0.18659812E-014    -0.50347343E-017
     0.94251331E+001     0.11872229E-006     0.20867842E-008    -0.18033895E-014    -0.22905167E-016    -0.18603382E-014    -0.24087418E-016
     0.94294745E+001     0.11740920E-006    -0.97896964E-009    -0.18086586E-014    -0.41020743E-016    -0.18659603E-014    -0.43197672E-016
     0.94338159E+001     0.11517863E-006    -0.14330486E-008    -0.18230573E-014    -0.53577708E-016    -0.18814564E-014    -0.56434558E-016
     0.94381572E+001     0.11180009E-006    -0.27662980E-008    -0.18427219E-014    -0.56881853E-016    -0.19022282E-014    -0.59659151E-016
     0.94424986E+001     0.10852371E-006    -0.17628401E-008    -0.18616879E-014    -0.49389940E-016    -0.19226885E-014    -0.51939568E-016
     0.94468400E+001     0.10515557E-006    -0.30779676E-008    -0.18749606E-014    -0.32794670E-016    -0.19364746E-014    -0.34749194E-016
     0.94511814E+001     0.10828822E-006    -0.24540541E-008    -0.18787644E-014    -0.11688843E-016    -0.19401060E-014    -0.12375825E-016
     0.94555228E+001     0.11053477E-006     0.19554516E-008    -0.18716949E-014     0.85138270E-017    -0.19325478E-014     0.89657264E-017
     0.94598641E+001     0.11221727E-006     0.38205116E-008    -0.18561489E-014     0.22550885E-016    -0.19160620E-014     0.23645035E-016
     0.94642055E+001     0.11531195E-006     0.43112625E-008    -0.18363458E-014     0.26402119E-016    -0.18949365E-014     0.27766978E-016
     0.94685469E+001     0.11724006E-006     0.44807185E-008    -0.18176835E-014     0.19828867E-016    -0.18752687E-014     0.20690624E-016
     0.94728883E+001     0.11819857E-006     0.31427007E-008    -0.18058196E-014     0.49701428E-017    -0.18627404E-014     0.50284183E-017
     0.94772296E+001     0.11767407E-006     0.41380785E-009    -0.18041208E-014    -0.13595231E-016    -0.18609582E-014    -0.14960360E-016
     0.94815710E+001     0.11533771E-006    -0.29712083E-008    -0.18130123E-014    -0.30561651E-016    -0.18700350E-014    -0.32811703E-016
     0.94859124E+001     0.11557924E-006    -0.67621809E-008    -0.18296831E-014    -0.40546776E-016    -0.18877322E-014    -0.43138376E-016
     0.94902538E+001     0.11480253E-006    -0.29095478E-008    -0.18496838E-014    -0.39970796E-016    -0.19088578E-014    -0.42519199E-016
     0.94945952E+001     0.10981397E-006    -0.11123290E-008    -0.18675840E-014    -0.29096106E-016    -0.19277126E-014    -0.30990716E-016
     0.94989365E+001     0.10646498E-006     0.13739658E-009    -0.18780013E-014    -0.10720451E-016    -0.19386627E-014    -0.11313456E-016
     0.95032779E+001     0.10646498E-006    -0.13739744E-009    -0.18780013E-014     0.10720451E-016    -0.19386627E-014     0.11313456E-016
     0.95076193E+001     0.10981397E-006     0.11123280E-008    -0.18675840E-014     0.29096106E-016    -0.19277126E-014     0.30990716E-016
     0.95119607E+001     0.11480253E-006     0.29095471E-008    -0.18496838E-014     0.39970796E-016    -0.19088578E-014     0.42519199E-016
     0.95163021E+001     0.11557924E-006     0.67621804E-008    -0.18296831E-014     0.40546776E-016    -0.18877322E-014     0.43138376E-016
     0.95206434E+001     0.11533771E-006     0.29712075E-008    -0.18130123E-014     0.30561651E-016    -0.18700350E-014     0.32811703E-016
     0.95249848E+001     0.11767407E-006    -0.41380887E-009    -0.18041208E-014     0.13595231E-016    -0.18609582E-014     0.14960360E-016
     0.95293262E+001     0.11819857E-006    -0.31427019E-008    -0.18058196E-014    -0.49701428E-017    -0.18627404E-014    -0.50284183E-017
     0.95336676E+001     0.11724006E-006    -0.44807200E-008    -0.18176835E-014    -0.19828867E-016    -0.18752687E-014    -0.20690624E-016
     0.95380089E+001     0.11531195E-006    -0.43112640E-008    -0.18363458E-014    -0.26402119E-016    -0.18949365E-014    -0.27766978E-016
     0.95423503E+001     0.11221727E-006    -0.38205119E-008    -0.18561489E-014    -0.22550885E-016    -0.19160620E-014    -0.23645035E-016
     0.95466917E+001     0.11053477E-006    -0.19554518E-008    -0.18716949E-014    -0.85138270E-017    -0.19325478E-014    -0.89657264E-017
     0.95510331E+001     0.10828822E-006     0.24540532E-008    -0.18787644E-014     0.11688843E-016    -0.19401060E-014     0.12375825E-016
     0.95553745E+001     0.10515557E-006     0.30779669E-008    -0.18749606E-014     0.32794670E-016    -0.19364746E-014     0.34749194E-016
     0.95597158E+001     0.10852371E-006     0.17628393E-008    -0.18616879E-014     0.49389940E-016    -0.19226885E-014     0.51939568E-016
     0.95640572E+001     0.11180009E-006     0.27662975E-008    -0.18427219E-014     0.56881853E-016    -0.19022282E-014     0.59659151E-016
     0.95683986E+001     0.11517863E-006     0.14330476E-008    -0.18230573E-014     0.53577708E-016    -0.18814564E-014     0.56434558E-016
     0.95727400E+001     0.11740920E-006     0.97896877E-009    -0.18086586E-014     0.41020743E-016    -0.18659603E-014     0.43197672E-016
     0.95770814E+001     0.11872229E-006    -0.20867850E-008    -0.18033895E-014     0.22905167E-016    -0.18603382E-014     0.24087418E-016
     0.95814227E+001     0.11759117E-006    -0.32892341E-008    -0.18088877E-014     0.48604008E-017    -0.18659812E-014     0.50347343E-017
     0.95857641E+001     0.11499009E-006    -0.47700919E-008    -0.18233682E-014    -0.76486593E-017    -0.18814021E-014    -0.82982287E-017
     0.95901055E+001     0.11245433E-006    -0.59831499E-008    -0.18431245E-014    -0.10716512E-016    -0.19019416E-014    -0.11750219E-016
     0.95944469E+001     0.11039324E-006    -0.53927235E-008    -0.18620462E-014    -0.30121755E-017    -0.19222338E-014    -0.38127742E-017
     0.95987882E+001     0.10888507E-006    -0.33603155E-008    -0.18754066E-014     0.13543399E-016    -0.19360936E-014     0.13472575E-016
     0.96031296E+001     0.10801158E-006    -0.69928501E-009    -0.18788357E-014     0.34514870E-016    -0.19398733E-014     0.35732954E-016
     0.96074710E+001     0.10921407E-006     0.17099437E-008    -0.18716418E-014     0.54583403E-016    -0.19323717E-014     0.57045517E-016
     0.96118124E+001     0.10994037E-006     0.28872675E-008    -0.18558220E-014     0.68278891E-016    -0.19158589E-014     0.71799627E-016
     0.96161538E+001     0.11293315E-006     0.24108987E-008    -0.18358649E-014     0.72267609E-016    -0.18950083E-014     0.75990750E-016
     0.96204951E+001     0.11492691E-006     0.10019323E-008    -0.18174207E-014     0.65504758E-016    -0.18754925E-014     0.68988839E-016
     0.96248365E+001     0.11646136E-006    -0.22577607E-008    -0.18058193E-014     0.50699655E-016    -0.18629621E-014     0.53266807E-016
     0.96291779E+001     0.11893258E-006    -0.47204778E-008    -0.18042614E-014     0.31804015E-016    -0.18610182E-014     0.33532562E-016
     0.96335193E+001     0.11712699E-006    -0.51653526E-008    -0.18129963E-014     0.15131465E-016    -0.18702268E-014     0.15964768E-016
     0.96378607E+001     0.11362600E-006    -0.79926762E-008    -0.18298526E-014     0.55714562E-017    -0.18879600E-014     0.55017687E-017
     0.96422020E+001     0.11349161E-006    -0.86639662E-008    -0.18499211E-014     0.60866346E-017    -0.19089255E-014     0.59144153E-017
     0.96465434E+001     0.11160735E-006    -0.54674675E-008    -0.18673655E-014     0.17164325E-016    -0.19274958E-014     0.17350769E-016
     0.96508848E+001     0.10982823E-006    -0.29107076E-008    -0.18776349E-014     0.35921313E-016    -0.19384749E-014     0.36860841E-016
     0.96552262E+001     0.10818925E-006    -0.62190869E-010    -0.18776111E-014     0.57301513E-016    -0.19384067E-014     0.59287718E-016
     0.96595675E+001     0.11018250E-006    -0.17902865E-009    -0.18672900E-014     0.75475749E-016    -0.19275719E-014     0.78823337E-016
     0.96639089E+001     0.11381276E-006     0.24146995E-008    -0.18493480E-014     0.86073017E-016    -0.19088890E-014     0.90224600E-016
     0.96682503E+001     0.11507939E-006     0.39611928E-008    -0.18292739E-014     0.86405223E-016    -0.18878831E-014     0.90815381E-016
     0.96725917E+001     0.11572422E-006     0.93565834E-009    -0.18127325E-014     0.76609507E-016    -0.18702649E-014     0.80624614E-016
     0.96769331E+001     0.11739139E-006    -0.52494500E-009    -0.18042991E-014     0.59597708E-016    -0.18612423E-014     0.63072590E-016
     0.96812744E+001     0.11485127E-006    -0.44241373E-008    -0.18062129E-014     0.41152302E-016    -0.18632378E-014     0.43414645E-016
     0.96856158E+001     0.11504347E-006    -0.79936296E-008    -0.18183560E-014     0.26293708E-016    -0.18754783E-014     0.27616793E-016
     0.96899572E+001     0.11180471E-006    -0.85684104E-008    -0.18367541E-014     0.19735654E-016    -0.18947254E-014     0.20823347E-016
     0.96942986E+001     0.11074586E-006    -0.10541257E-007    -0.18562880E-014     0.24130559E-016    -0.19156282E-014     0.25016138E-016
     0.96986400E+001     0.11092749E-006    -0.86022568E-008    -0.18718898E-014     0.38326405E-016    -0.19320494E-014     0.39516872E-016
     0.97029813E+001     0.11117734E-006    -0.41199959E-008    -0.18788220E-014     0.58375693E-016    -0.19393453E-014     0.60478867E-016
     0.97073227E+001     0.11065357E-006    -0.74828684E-009    -0.18749205E-014     0.79440207E-016    -0.19356475E-014     0.82580165E-016
     0.97116641E+001     0.11209585E-006     0.56837779E-009    -0.18618600E-014     0.95640728E-016    -0.19217509E-014     0.99791196E-016
     0.97160055E+001     0.11441057E-006     0.24115532E-008    -0.18426714E-014     0.10270579E-015    -0.19019557E-014     0.10759595E-015
     0.97203468E+001     0.11597606E-006     0.19905520E-008    -0.18232048E-014     0.99245506E-016    -0.18814690E-014     0.10439592E-015
     0.97246882E+001     0.11603087E-006    -0.43264261E-009    -0.18090452E-014     0.86671212E-016    -0.18665356E-014     0.91229801E-016
     0.97290296E+001     0.11749097E-006    -0.44696266E-008    -0.18039329E-014     0.68341490E-016    -0.18609673E-014     0.72355932E-016
     0.97333710E+001     0.11816768E-006    -0.61389178E-008    -0.18093535E-014     0.50762584E-016    -0.18665288E-014     0.53658641E-016
     0.97377124E+001     0.11483959E-006    -0.71263031E-008    -0.18242066E-014     0.38573606E-016    -0.18817280E-014     0.40461237E-016
     0.97420537E+001     0.11244354E-006    -0.82485176E-008    -0.18438809E-014     0.35640845E-016    -0.19018933E-014     0.37158704E-016
     0.97463951E+001     0.10884120E-006    -0.78701197E-008    -0.18627526E-014     0.43411273E-016    -0.19217109E-014     0.45129705E-016
     0.97507365E+001     0.10812581E-006    -0.77805794E-008    -0.18756899E-014     0.59757268E-016    -0.19353622E-014     0.62277339E-016
     0.97550779E+001     0.10969703E-006    -0.63806363E-008    -0.18787368E-014     0.80786659E-016    -0.19391290E-014     0.84119474E-016
     0.97594193E+001     0.11194525E-006    -0.20025103E-008    -0.18715093E-014     0.10051075E-015    -0.19316518E-014     0.10480938E-015
     0.97637606E+001     0.11323490E-006     0.85441771E-009    -0.18553811E-014     0.11401447E-015    -0.19151812E-014     0.11912800E-015
     0.97681020E+001     0.11468265E-006     0.26644380E-009    -0.18355906E-014     0.11789425E-015    -0.18944272E-014     0.12339898E-015
     0.97724434E+001     0.11787475E-006     0.64509265E-009    -0.18177796E-014     0.11112899E-015    -0.18754743E-014     0.11671288E-015
     0.97767848E+001     0.11770859E-006    -0.21469709E-008    -0.18062568E-014     0.95800851E-016    -0.18634533E-014     0.10122478E-015
     0.97811262E+001     0.11830391E-006    -0.50930889E-008    -0.18048149E-014     0.77323541E-016    -0.18616432E-014     0.81968723E-016
     0.97854675E+001     0.11649985E-006    -0.80794812E-008    -0.18138774E-014     0.60918720E-016    -0.18707713E-014     0.64716418E-016
     0.97898089E+001     0.11625141E-006    -0.89916299E-008    -0.18306637E-014     0.51482767E-016    -0.18880052E-014     0.54805772E-016
     0.97941503E+001     0.11200589E-006    -0.81239647E-008    -0.18505708E-014     0.52383726E-016    -0.19087369E-014     0.55647930E-016
     0.97984917E+001     0.11007427E-006    -0.85002381E-008    -0.18678036E-014     0.63199922E-016    -0.19271438E-014     0.66858499E-016
     0.98028330E+001     0.10912813E-006    -0.66037330E-008    -0.18774047E-014     0.81948976E-016    -0.19377342E-014     0.85907263E-016
     0.98071744E+001     0.11005144E-006    -0.33926741E-008    -0.18769917E-014     0.10340849E-015    -0.19374689E-014     0.10771921E-015
     0.98115158E+001     0.11215376E-006    -0.13123546E-008    -0.18666881E-014     0.12140335E-015    -0.19266617E-014     0.12678769E-015
     0.98158572E+001     0.11380732E-006     0.12564508E-008    -0.18488795E-014     0.13177805E-015    -0.19085049E-014     0.13786325E-015
     0.98201986E+001     0.11512744E-006     0.93414271E-009    -0.18291372E-014     0.13151289E-015    -0.18879302E-014     0.13812822E-015
     0.98245399E+001     0.11658303E-006    -0.11835167E-008    -0.18127311E-014     0.12157143E-015    -0.18708463E-014     0.12805061E-015
     0.98288813E+001     0.11800006E-006    -0.46120344E-008    -0.18043256E-014     0.10467524E-015    -0.18622953E-014     0.11084642E-015
     0.98332227E+001     0.11875062E-006    -0.67735655E-008    -0.18065835E-014     0.86550090E-016    -0.18641824E-014     0.91579632E-016
     0.98375641E+001     0.11711369E-006    -0.76848511E-008    -0.18185754E-014     0.72332741E-016    -0.18764257E-014     0.76638660E-016
     0.98419055E+001     0.11317743E-006    -0.85410662E-008    -0.18373806E-014     0.66328173E-016    -0.18953048E-014     0.69985002E-016
     0.98462468E+001     0.11106705E-006    -0.92162876E-008    -0.18569663E-014     0.70703409E-016    -0.19153508E-014     0.74410634E-016
     0.98505882E+001     0.10964770E-006    -0.83452726E-008    -0.18720173E-014     0.84535420E-016    -0.19313098E-014     0.88978243E-016
     0.98549296E+001     0.10961747E-006    -0.55206527E-008    -0.18785246E-014     0.10469634E-015    -0.19383262E-014     0.10941969E-015
     0.98592710E+001     0.11018881E-006    -0.20819694E-008    -0.18741271E-014     0.12525816E-015    -0.19343199E-014     0.13085578E-015
     0.98636123E+001     0.11076492E-006    -0.25859374E-009    -0.18607675E-014     0.14128362E-015    -0.19206623E-014     0.14737761E-015
     0.98679537E+001     0.11286552E-006    -0.63170306E-009    -0.18417343E-014     0.14818115E-015    -0.19010904E-014     0.15482701E-015
     0.98722951E+001     0.11652339E-006    -0.15480368E-008    -0.18226007E-014     0.14461780E-015    -0.18813712E-014     0.15153209E-015
     0.98766365E+001     0.11707109E-006    -0.28070178E-008    -0.18086859E-014     0.13203931E-015    -0.18668455E-014     0.13855757E-015
     0.98809779E+001     0.11928603E-006    -0.71374979E-008    -0.18042159E-014     0.11422390E-015    -0.18617633E-014     0.12050885E-015
     0.98853192E+001     0.11948256E-006    -0.71952940E-008    -0.18102619E-014     0.96679784E-016    -0.18676179E-014     0.10255683E-015
     0.98896606E+001     0.11633337E-006    -0.76788931E-008    -0.18248749E-014     0.84634037E-016    -0.18828254E-014     0.90130574E-016
     0.98940020E+001     0.11289891E-006    -0.82000418E-008    -0.18444355E-014     0.82237817E-016    -0.19027758E-014     0.87194846E-016
     0.98983434E+001     0.11028549E-006    -0.84378105E-008    -0.18629237E-014     0.90139607E-016    -0.19218435E-014     0.94999581E-016
     0.99026848E+001     0.10898526E-006    -0.52251052E-008    -0.18755437E-014     0.10654913E-015    -0.19347555E-014     0.11179376E-015
     0.99070261E+001     0.10735305E-006    -0.33314076E-008    -0.18781762E-014     0.12732716E-015    -0.19378708E-014     0.13302109E-015
     0.99113675E+001     0.10791506E-006    -0.80495854E-009    -0.18705944E-014     0.14675077E-015    -0.19303098E-014     0.15313193E-015
     0.99157089E+001     0.10868933E-006    -0.11523244E-008    -0.18545667E-014     0.15983815E-015    -0.19141287E-014     0.16675811E-015
     0.99200503E+001     0.11168157E-006    -0.20521842E-008    -0.18348335E-014     0.16332793E-015    -0.18941573E-014     0.17040210E-015
     0.99243916E+001     0.11544125E-006    -0.34645343E-008    -0.18174235E-014     0.15633486E-015    -0.18757779E-014     0.16344915E-015
     0.99287330E+001     0.11641635E-006    -0.64798140E-008    -0.18063903E-014     0.14105971E-015    -0.18644425E-014     0.14832971E-015
     0.99330744E+001     0.11792292E-006    -0.75141282E-008    -0.18052169E-014     0.12258791E-015    -0.18630841E-014     0.12944903E-015
     0.99374158E+001     0.11602248E-006    -0.10935539E-007    -0.18142165E-014     0.10681934E-015    -0.18720665E-014     0.11326072E-015
     0.99417572E+001     0.11461474E-006    -0.11598537E-007    -0.18310544E-014     0.97917308E-016    -0.18891888E-014     0.10413297E-015
     0.99460985E+001     0.11290174E-006    -0.11376452E-007    -0.18507313E-014     0.99535082E-016    -0.19091695E-014     0.10532646E-015
     0.99504399E+001     0.10987191E-006    -0.90042031E-008    -0.18678541E-014     0.11066218E-015    -0.19265769E-014     0.11664714E-015
     0.99547813E+001     0.10797254E-006    -0.69748231E-008    -0.18772713E-014     0.12929261E-015    -0.19362776E-014     0.13561182E-015
     0.99591227E+001     0.10772174E-006    -0.49552143E-008    -0.18764681E-014     0.15024543E-015    -0.19357214E-014     0.15699238E-015
     0.99634641E+001     0.10902060E-006    -0.44168480E-008    -0.18658756E-014     0.16776029E-015    -0.19250169E-014     0.17503162E-015
     0.99678054E+001     0.11254695E-006    -0.40052481E-008    -0.18480682E-014     0.17760540E-015    -0.19072001E-014     0.18506939E-015
     0.99721468E+001     0.11565741E-006    -0.30872354E-008    -0.18285314E-014     0.17701353E-015    -0.18870365E-014     0.18494194E-015
     0.99764882E+001     0.11756113E-006    -0.49874141E-008    -0.18126387E-014     0.16692468E-015    -0.18709692E-014     0.17495779E-015
     0.99808296E+001     0.11918819E-006    -0.80961884E-008    -0.18048255E-014     0.15014216E-015    -0.18631848E-014     0.15813249E-015
     0.99851709E+001     0.12095605E-006    -0.88112524E-008    -0.18074524E-014     0.13217265E-015    -0.18656731E-014     0.13977955E-015
     0.99895123E+001     0.11873301E-006    -0.91739728E-008    -0.18196995E-014     0.11840120E-015    -0.18779778E-014     0.12573821E-015
     0.99938537E+001     0.11512842E-006    -0.83585962E-008    -0.18382353E-014     0.11263734E-015    -0.18965620E-014     0.12009072E-015
     0.99981951E+001     0.11011667E-006    -0.84151953E-008    -0.18572419E-014     0.11773097E-015    -0.19161495E-014     0.12495908E-015
     0.10002536E+002     0.10808911E-006    -0.81967911E-008    -0.18719756E-014     0.13189278E-015    -0.19310270E-014     0.13925816E-015
     0.10006878E+002     0.10803047E-006    -0.56357122E-008    -0.18780703E-014     0.15201845E-015    -0.19371594E-014     0.15932916E-015
     0.10011219E+002     0.10730663E-006    -0.27366855E-008    -0.18735000E-014     0.17215083E-015    -0.19327956E-014     0.17985490E-015
     0.10015561E+002     0.10866811E-006    -0.21017251E-008    -0.18599716E-014     0.18752504E-015    -0.19190289E-014     0.19526312E-015
     0.10019902E+002     0.11019938E-006    -0.28415420E-008    -0.18409552E-014     0.19398741E-015    -0.18997619E-014     0.20190412E-015
     0.10024243E+002     0.11421054E-006    -0.43460722E-008    -0.18224666E-014     0.18995690E-015    -0.18809805E-014     0.19819713E-015
     0.10028585E+002     0.11601829E-006    -0.60090193E-008    -0.18089974E-014     0.17694415E-015    -0.18676843E-014     0.18527077E-015
     0.10032926E+002     0.11707056E-006    -0.78818493E-008    -0.18048153E-014     0.15913101E-015    -0.18634875E-014     0.16739792E-015
     0.10037267E+002     0.11449055E-006    -0.98693534E-008    -0.18110595E-014     0.14216169E-015    -0.18698104E-014     0.15026797E-015
     0.10041609E+002     0.11249088E-006    -0.13233888E-007    -0.18257891E-014     0.13081051E-015    -0.18848376E-014     0.13869160E-015
     0.10045950E+002     0.11099362E-006    -0.15031064E-007    -0.18452443E-014     0.12895526E-015    -0.19038817E-014     0.13677408E-015
     0.10050292E+002     0.10931796E-006    -0.14192730E-007    -0.18633034E-014     0.13733548E-015    -0.19219303E-014     0.14525096E-015
     0.10054633E+002     0.10937802E-006    -0.12186668E-007    -0.18753884E-014     0.15376123E-015    -0.19337953E-014     0.16220043E-015
     0.10058974E+002     0.11022337E-006    -0.82145713E-008    -0.18773538E-014     0.17452673E-015    -0.19360403E-014     0.18297109E-015
     0.10063316E+002     0.10972332E-006    -0.49747695E-008    -0.18694928E-014     0.19362656E-015    -0.19281601E-014     0.20218788E-015
     0.10067657E+002     0.11236181E-006    -0.34448687E-008    -0.18536807E-014     0.20611837E-015    -0.19122821E-014     0.21440945E-015
     0.10071999E+002     0.11370281E-006    -0.33379506E-008    -0.18341359E-014     0.20870006E-015    -0.18925838E-014     0.21712385E-015
     0.10076340E+002     0.11514559E-006    -0.41156930E-008    -0.18167709E-014     0.20126381E-015    -0.18752916E-014     0.20972096E-015
     0.10080681E+002     0.11622174E-006    -0.83959882E-008    -0.18062569E-014     0.18632781E-015    -0.18650330E-014     0.19467733E-015
     0.10085023E+002     0.11773704E-006    -0.10764137E-007    -0.18058707E-014     0.16812612E-015    -0.18645795E-014     0.17668187E-015
     0.10089364E+002     0.11682346E-006    -0.11520924E-007    -0.18152666E-014     0.15295204E-015    -0.18743485E-014     0.16135644E-015
     0.10093705E+002     0.11306015E-006    -0.12760584E-007    -0.18325295E-014     0.14449736E-015    -0.18911726E-014     0.15324680E-015
     0.10098047E+002     0.11045962E-006    -0.13569322E-007    -0.18517990E-014     0.14634919E-015    -0.19103744E-014     0.15542264E-015
     0.10102388E+002     0.10858159E-006    -0.13642902E-007    -0.18680918E-014     0.15794472E-015    -0.19265662E-014     0.16735859E-015
     0.10106730E+002     0.10801338E-006    -0.11009951E-007    -0.18770280E-014     0.17672321E-015    -0.19350913E-014     0.18630253E-015
     0.10111071E+002     0.10850432E-006    -0.94315424E-008    -0.18754584E-014     0.19733243E-015    -0.19335938E-014     0.20684748E-015
     0.10115412E+002     0.11202046E-006    -0.66189835E-008    -0.18644681E-014     0.21448336E-015    -0.19223831E-014     0.22390830E-015
     0.10119754E+002     0.11433357E-006    -0.45989704E-008    -0.18466727E-014     0.22387959E-015    -0.19048133E-014     0.23287300E-015
     0.10124095E+002     0.11610343E-006    -0.27139590E-008    -0.18275979E-014     0.22278319E-015    -0.18857255E-014     0.23150336E-015
     0.10128436E+002     0.11567574E-006    -0.42937156E-008    -0.18124071E-014     0.21236693E-015    -0.18706530E-014     0.22105572E-015
     0.10132778E+002     0.11646029E-006    -0.91518111E-008    -0.18053441E-014     0.19535398E-015    -0.18640619E-014     0.20430581E-015
     0.10137119E+002     0.11726728E-006    -0.10513245E-007    -0.18085903E-014     0.17753556E-015    -0.18674511E-014     0.18682563E-015
     0.10141461E+002     0.11368456E-006    -0.12128225E-007    -0.18208351E-014     0.16427077E-015    -0.18801891E-014     0.17394460E-015
     0.10145802E+002     0.11078418E-006    -0.14011845E-007    -0.18393557E-014     0.15948277E-015    -0.18984946E-014     0.16976303E-015
     0.10150143E+002     0.10788652E-006    -0.14951472E-007    -0.18581414E-014     0.16524947E-015    -0.19173126E-014     0.17555779E-015
     0.10154485E+002     0.10818319E-006    -0.15869566E-007    -0.18725329E-014     0.17969282E-015    -0.19310173E-014     0.19027018E-015
     0.10158826E+002     0.10999033E-006    -0.10492440E-007    -0.18779045E-014     0.19953872E-015    -0.19357571E-014     0.21001385E-015
     0.10163167E+002     0.10800275E-006    -0.75139704E-008    -0.18725496E-014     0.21930175E-015    -0.19302012E-014     0.22958148E-015
     0.10167509E+002     0.11037668E-006    -0.67467276E-008    -0.18589175E-014     0.23419636E-015    -0.19160138E-014     0.24399863E-015
     0.10171850E+002     0.11263277E-006    -0.55555901E-008    -0.18398067E-014     0.23961177E-015    -0.18972695E-014     0.24921790E-015
     0.10176192E+002     0.11526244E-006    -0.66656285E-008    -0.18213981E-014     0.23510472E-015    -0.18792752E-014     0.24420884E-015
     0.10180533E+002     0.11666003E-006    -0.88409475E-008    -0.18087187E-014     0.22207504E-015    -0.18670620E-014     0.23098420E-015
     0.10184874E+002     0.11740658E-006    -0.11250997E-007    -0.18052462E-014     0.20420364E-015    -0.18641776E-014     0.21352763E-015
     0.10189216E+002     0.11585337E-006    -0.13035501E-007    -0.18121008E-014     0.18776693E-015    -0.18712653E-014     0.19744293E-015
     0.10193557E+002     0.11249189E-006    -0.15749044E-007    -0.18271779E-014     0.17704627E-015    -0.18865911E-014     0.18767991E-015
     0.10197899E+002     0.11171286E-006    -0.18674035E-007    -0.18467098E-014     0.17585632E-015    -0.19056786E-014     0.18726883E-015
     0.10202240E+002     0.11168534E-006    -0.16348063E-007    -0.18640326E-014     0.18466508E-015    -0.19228497E-014     0.19669909E-015
     0.10206581E+002     0.10848401E-006    -0.12872808E-007    -0.18754210E-014     0.20168557E-015    -0.19333192E-014     0.21409006E-015
     0.10210923E+002     0.10879374E-006    -0.11981819E-007    -0.18768768E-014     0.22224135E-015    -0.19343293E-014     0.23437758E-015
     0.10215264E+002     0.11145120E-006    -0.85049558E-008    -0.18681168E-014     0.24056053E-015    -0.19251561E-014     0.25241160E-015
     0.10219605E+002     0.11141737E-006    -0.56199205E-008    -0.18518509E-014     0.25287150E-015    -0.19089973E-014     0.26369140E-015
     0.10223947E+002     0.11296009E-006    -0.74923528E-008    -0.18325800E-014     0.25481616E-015    -0.18901726E-014     0.26473225E-015
     0.10228288E+002     0.11727841E-006    -0.97836194E-008    -0.18161084E-014     0.24680945E-015    -0.18740141E-014     0.25605864E-015
     0.10232630E+002     0.11841147E-006    -0.96719363E-008    -0.18061960E-014     0.23135326E-015    -0.18650423E-014     0.24054114E-015
     0.10236971E+002     0.11734851E-006    -0.13471544E-007    -0.18066371E-014     0.21339309E-015    -0.18660753E-014     0.22306250E-015
     0.10241312E+002     0.11749326E-006    -0.16907335E-007    -0.18166625E-014     0.19861507E-015    -0.18766504E-014     0.20891864E-015
     0.10245654E+002     0.11653395E-006    -0.16008098E-007    -0.18338445E-014     0.19096402E-015    -0.18938476E-014     0.20257688E-015
     0.10249995E+002     0.11296522E-006    -0.14928919E-007    -0.18532820E-014     0.19385710E-015    -0.19127661E-014     0.20623988E-015
     0.10254336E+002     0.10958157E-006    -0.13972170E-007    -0.18691586E-014     0.20591530E-015    -0.19279032E-014     0.21917680E-015
     0.10258678E+002     0.10808335E-006    -0.11683310E-007    -0.18774011E-014     0.22459927E-015    -0.19350116E-014     0.23798207E-015
     0.10263019E+002     0.10863576E-006    -0.10450670E-007    -0.18746916E-014     0.24502695E-015    -0.19317249E-014     0.25792811E-015
     0.10267361E+002     0.11002677E-006    -0.81389935E-008    -0.18633158E-014     0.26160033E-015    -0.19192840E-014     0.27373942E-015
     0.10271702E+002     0.11305118E-006    -0.88386215E-008    -0.18451307E-014     0.27017333E-015    -0.19013723E-014     0.28130662E-015
     0.10276043E+002     0.11621590E-006    -0.70680685E-008    -0.18260915E-014     0.26812569E-015    -0.18829268E-014     0.27849277E-015
     0.10280385E+002     0.11716430E-006    -0.92727761E-008    -0.18114681E-014     0.25742761E-015    -0.18691895E-014     0.26680449E-015
     0.10284726E+002     0.11866898E-006    -0.11186814E-007    -0.18050195E-014     0.24029621E-015    -0.18640128E-014     0.25000655E-015
     0.10289067E+002     0.11757903E-006    -0.15379201E-007    -0.18094309E-014     0.22303918E-015    -0.18692351E-014     0.23324290E-015
     0.10293409E+002     0.11850654E-006    -0.16152314E-007    -0.18222355E-014     0.21018635E-015    -0.18829188E-014     0.22166180E-015
     0.10297750E+002     0.11451917E-006    -0.14203251E-007    -0.18410134E-014     0.20628916E-015    -0.19015308E-014     0.21895166E-015
     0.10302092E+002     0.11011057E-006    -0.14867118E-007    -0.18597162E-014     0.21290605E-015    -0.19193380E-014     0.22641499E-015
     0.10306433E+002     0.10877713E-006    -0.14306259E-007    -0.18733292E-014     0.22757949E-015    -0.19316596E-014     0.24223870E-015
     0.10310774E+002     0.10884537E-006    -0.11171852E-007    -0.18777206E-014     0.24767445E-015    -0.19347062E-014     0.26233392E-015
     0.10315116E+002     0.10795033E-006    -0.85630262E-008    -0.18715008E-014     0.26715230E-015    -0.19275934E-014     0.28131767E-015
     0.10319457E+002     0.11038238E-006    -0.83861687E-008    -0.18572973E-014     0.28135294E-015    -0.19125399E-014     0.29417023E-015
     0.10323798E+002     0.11312044E-006    -0.75373047E-008    -0.18378901E-014     0.28605651E-015    -0.18935827E-014     0.29762577E-015
     0.10328140E+002     0.11539004E-006    -0.84462969E-008    -0.18200663E-014     0.28072103E-015    -0.18762875E-014     0.29108519E-015
     0.10332481E+002     0.11665191E-006    -0.10166971E-007    -0.18079170E-014     0.26715640E-015    -0.18656507E-014     0.27693620E-015
     0.10336823E+002     0.11783570E-006    -0.13112390E-007    -0.18054550E-014     0.24920164E-015    -0.18646792E-014     0.25941860E-015
     0.10341164E+002     0.11662699E-006    -0.14475688E-007    -0.18132457E-014     0.23302467E-015    -0.18736736E-014     0.24394931E-015
     0.10345505E+002     0.11346050E-006    -0.16430526E-007    -0.18285566E-014     0.22296199E-015    -0.18897768E-014     0.23552082E-015
     0.10349847E+002     0.11093244E-006    -0.17729722E-007    -0.18481925E-014     0.22287787E-015    -0.19089218E-014     0.23702565E-015
     0.10354188E+002     0.10929524E-006    -0.17263418E-007    -0.18650889E-014     0.23277792E-015    -0.19251473E-014     0.24815782E-015
     0.10358530E+002     0.10788694E-006    -0.14903317E-007    -0.18760562E-014     0.25030555E-015    -0.19341024E-014     0.26633625E-015
     0.10362871E+002     0.10839596E-006    -0.13011876E-007    -0.18765379E-014     0.27090888E-015    -0.19329054E-014     0.28677260E-015
     0.10367212E+002     0.11010484E-006    -0.96633507E-008    -0.18671036E-014     0.28880031E-015    -0.19222462E-014     0.30400679E-015
     0.10371554E+002     0.11166427E-006    -0.84289928E-008    -0.18504340E-014     0.30014897E-015    -0.19049171E-014     0.31350435E-015
     0.10375895E+002     0.11439377E-006    -0.80327025E-008    -0.18309488E-014     0.30082565E-015    -0.18859290E-014     0.31284287E-015
     0.10380236E+002     0.11471260E-006    -0.79861689E-008    -0.18147238E-014     0.29214962E-015    -0.18706767E-014     0.30268236E-015
     0.10384578E+002     0.11496319E-006    -0.12078236E-007    -0.18055673E-014     0.27629896E-015    -0.18635331E-014     0.28646343E-015
     0.10388919E+002     0.11528905E-006    -0.17097032E-007    -0.18071549E-014     0.25814199E-015    -0.18669139E-014     0.26901783E-015
     0.10393261E+002     0.11653549E-006    -0.19098621E-007    -0.18177437E-014     0.24389763E-015    -0.18793198E-014     0.25570254E-015
     0.10397602E+002     0.11489626E-006    -0.19426673E-007    -0.18355538E-014     0.23719308E-015    -0.18974565E-014     0.25093473E-015
     0.10401943E+002     0.11176142E-006    -0.17092582E-007    -0.18550178E-014     0.24104176E-015    -0.19161737E-014     0.25654580E-015
     0.10406285E+002     0.10973860E-006    -0.16884468E-007    -0.18701907E-014     0.25384277E-015    -0.19302087E-014     0.27127189E-015
     0.10410626E+002     0.10768193E-006    -0.12521572E-007    -0.18774857E-014     0.27332026E-015    -0.19355207E-014     0.29117742E-015
     0.10414967E+002     0.10614057E-006    -0.11182342E-007    -0.18739662E-014     0.29373179E-015    -0.19303329E-014     0.31095198E-015
     0.10419309E+002     0.10717056E-006    -0.11713123E-007    -0.18615051E-014     0.30977616E-015    -0.19161710E-014     0.32557302E-015
     0.10423650E+002     0.11184006E-006    -0.11342564E-007    -0.18429198E-014     0.31773436E-015    -0.18970871E-014     0.33123830E-015
     0.10427992E+002     0.11507549E-006    -0.10553925E-007    -0.18241455E-014     0.31476216E-015    -0.18788680E-014     0.32649635E-015
     0.10432333E+002     0.11612916E-006    -0.10759319E-007    -0.18102433E-014     0.30310678E-015    -0.18663328E-014     0.31308631E-015
     0.10436674E+002     0.11412026E-006    -0.14422940E-007    -0.18048327E-014     0.28527273E-015    -0.18632918E-014     0.29524728E-015
     0.10441016E+002     0.11663538E-006    -0.20040189E-007    -0.18101126E-014     0.26799699E-015    -0.18704072E-014     0.27855149E-015
     0.10445357E+002     0.11605367E-006    -0.19173380E-007    -0.18236794E-014     0.25583632E-015    -0.18858998E-014     0.26821869E-015
     0.10449698E+002     0.11228778E-006    -0.18755432E-007    -0.18430231E-014     0.25281130E-015    -0.19054018E-014     0.26734880E-015
     0.10454040E+002     0.10809489E-006    -0.19473711E-007    -0.18614205E-014     0.26041216E-015    -0.19228088E-014     0.27696921E-015
     0.10458381E+002     0.10702941E-006    -0.19625711E-007    -0.18743075E-014     0.27600951E-015    -0.19336529E-014     0.29469475E-015
     0.10462723E+002     0.10740498E-006    -0.16421577E-007    -0.18777898E-014     0.29688655E-015    -0.19347322E-014     0.31597178E-015
     0.10467064E+002     0.10743199E-006    -0.13804334E-007    -0.18706051E-014     0.31626422E-015    -0.19256210E-014     0.33457732E-015
     0.10471405E+002     0.10905193E-006    -0.14660218E-007    -0.18557768E-014     0.32975383E-015    -0.19086682E-014     0.34620959E-015
     0.10475747E+002     0.11335948E-006    -0.13582316E-007    -0.18358521E-014     0.33339415E-015    -0.18888977E-014     0.34761536E-015
     0.10480088E+002     0.11604786E-006    -0.14176719E-007    -0.18181542E-014     0.32696852E-015    -0.18720304E-014     0.33884216E-015
     0.10484429E+002     0.11747004E-006    -0.17195550E-007    -0.18068336E-014     0.31269014E-015    -0.18627403E-014     0.32280282E-015
     0.10488771E+002     0.11968837E-006    -0.19192702E-007    -0.18053478E-014     0.29385475E-015    -0.18638493E-014     0.30444260E-015
     0.10493112E+002     0.11968075E-006    -0.20640607E-007    -0.18140546E-014     0.27824708E-015    -0.18751618E-014     0.28943630E-015
     0.10497454E+002     0.11767172E-006    -0.21135259E-007    -0.18305266E-014     0.26868254E-015    -0.18932382E-014     0.28256633E-015
     0.10501795E+002     0.11338852E-006    -0.21219565E-007    -0.18503672E-014     0.26944651E-015    -0.19132411E-014     0.28596446E-015
     0.10506136E+002     0.11297202E-006    -0.21129194E-007    -0.18668150E-014     0.28045167E-015    -0.19289924E-014     0.29957125E-015
     0.10510478E+002     0.11127522E-006    -0.17242383E-007    -0.18767715E-014     0.29894843E-015    -0.19364721E-014     0.31940451E-015
     0.10514819E+002     0.11092636E-006    -0.14272110E-007    -0.18762046E-014     0.32040159E-015    -0.19328608E-014     0.34073996E-015
     0.10519161E+002     0.11155212E-006    -0.12029549E-007    -0.18658407E-014     0.33816820E-015    -0.19198265E-014     0.35760076E-015
     0.10523502E+002     0.11305020E-006    -0.95740239E-008    -0.18485205E-014     0.34872226E-015    -0.19007389E-014     0.36556757E-015
     0.10527843E+002     0.11396034E-006    -0.10873370E-007    -0.18286339E-014     0.34823409E-015    -0.18807974E-014     0.36254133E-015
     0.10532185E+002     0.11724931E-006    -0.12849632E-007    -0.18127854E-014     0.33843058E-015    -0.18662437E-014     0.35018636E-015
     0.10536526E+002     0.11816636E-006    -0.14860857E-007    -0.18043588E-014     0.32174155E-015    -0.18608105E-014     0.33193312E-015
     0.10540867E+002     0.11887675E-006    -0.16931769E-007    -0.18071579E-014     0.30327220E-015    -0.18664027E-014     0.31366940E-015
     0.10545209E+002     0.11545680E-006    -0.18894648E-007    -0.18190082E-014     0.28935747E-015    -0.18812443E-014     0.30106487E-015
     0.10549550E+002     0.11428025E-006    -0.21352875E-007    -0.18377018E-014     0.28328530E-015    -0.19013284E-014     0.29793920E-015
     0.10553892E+002     0.11166697E-006    -0.21651892E-007    -0.18574020E-014     0.28830079E-015    -0.19209585E-014     0.30608604E-015
     0.10558233E+002     0.11009283E-006    -0.19809387E-007    -0.18721694E-014     0.30233497E-015    -0.19343400E-014     0.32299025E-015
     0.10562574E+002     0.10994321E-006    -0.16952236E-007    -0.18788036E-014     0.32271754E-015    -0.19378199E-014     0.34473755E-015
     0.10566916E+002     0.10911466E-006    -0.12807541E-007    -0.18740371E-014     0.34351488E-015    -0.19296967E-014     0.36527413E-015
     0.10571257E+002     0.10932798E-006    -0.11811857E-007    -0.18607724E-014     0.35897490E-015    -0.19132028E-014     0.37948962E-015
     0.10575598E+002     0.11137298E-006    -0.12778115E-007    -0.18410624E-014     0.36597883E-015    -0.18923428E-014     0.38338758E-015
     0.10579940E+002     0.11434440E-006    -0.13664483E-007    -0.18220306E-014     0.36163914E-015    -0.18733398E-014     0.37578349E-015
     0.10584281E+002     0.11769018E-006    -0.15471610E-007    -0.18083796E-014     0.34880770E-015    -0.18613964E-014     0.36010356E-015
     0.10588623E+002     0.11844116E-006    -0.18020323E-007    -0.18036969E-014     0.33014473E-015    -0.18601445E-014     0.34038631E-015
     0.10592964E+002     0.11848870E-006    -0.19203721E-007    -0.18102731E-014     0.31263733E-015    -0.18701289E-014     0.32315339E-015
     0.10597305E+002     0.11458461E-006    -0.21318929E-007    -0.18249710E-014     0.30095823E-015    -0.18880376E-014     0.31352651E-015
     0.10601647E+002     0.11332375E-006    -0.24296863E-007    -0.18451720E-014     0.29876363E-015    -0.19096374E-014     0.31492774E-015
     0.10605988E+002     0.11328527E-006    -0.22604989E-007    -0.18637030E-014     0.30768745E-015    -0.19279776E-014     0.32712375E-015
     0.10610329E+002     0.11110696E-006    -0.18159054E-007    -0.18760558E-014     0.32453754E-015    -0.19379712E-014     0.34715118E-015
     0.10614671E+002     0.10842333E-006    -0.16173469E-007    -0.18785601E-014     0.34647647E-015    -0.19367851E-014     0.37036404E-015
     0.10619012E+002     0.10898632E-006    -0.14526788E-007    -0.18699723E-014     0.36594736E-015    -0.19247505E-014     0.38977184E-015
     0.10623354E+002     0.11082748E-006    -0.13593438E-007    -0.18538379E-014     0.37937552E-015    -0.19052933E-014     0.40063045E-015
     0.10627695E+002     0.11472408E-006    -0.13516627E-007    -0.18334717E-014     0.38220239E-015    -0.18836247E-014     0.39982935E-015
     0.10632036E+002     0.11779443E-006    -0.13100370E-007    -0.18158210E-014     0.37396870E-015    -0.18661745E-014     0.38827340E-015
     0.10636378E+002     0.11788520E-006    -0.14926434E-007    -0.18045234E-014     0.35844833E-015    -0.18578718E-014     0.36961002E-015
     0.10640719E+002     0.11802596E-006    -0.17316137E-007    -0.18041774E-014     0.33913717E-015    -0.18612954E-014     0.34906497E-015
     0.10645061E+002     0.11635971E-006    -0.19639684E-007    -0.18144505E-014     0.32316509E-015    -0.18753237E-014     0.33360061E-015
     0.10649402E+002     0.11264145E-006    -0.21944942E-007    -0.18319443E-014     0.31401389E-015    -0.18961074E-014     0.32760728E-015
     0.10653743E+002     0.11087460E-006    -0.24479164E-007    -0.18526820E-014     0.31614598E-015    -0.19180940E-014     0.33356969E-015
     0.10658085E+002     0.10998530E-006    -0.24210515E-007    -0.18693863E-014     0.32847706E-015    -0.19344946E-014     0.35002329E-015
     0.10662426E+002     0.11110826E-006    -0.21004536E-007    -0.18788422E-014     0.34818624E-015    -0.19408658E-014     0.37264505E-015
     0.10666767E+002     0.11175003E-006    -0.16906263E-007    -0.18771440E-014     0.37071466E-015    -0.19350463E-014     0.39605236E-015
     0.10671109E+002     0.11215749E-006    -0.11999167E-007    -0.18655928E-014     0.38839066E-015    -0.19189742E-014     0.41311785E-015
     0.10675450E+002     0.11109844E-006    -0.10667399E-007    -0.18471027E-014     0.39841716E-015    -0.18969792E-014     0.42003312E-015
     0.10679792E+002     0.11256845E-006    -0.11037772E-007    -0.18262946E-014     0.39655358E-015    -0.18750497E-014     0.41449433E-015
     0.10684133E+002     0.11337582E-006    -0.14420893E-007    -0.18104145E-014     0.38521828E-015    -0.18599634E-014     0.39885476E-015
     0.10688474E+002     0.11591367E-006    -0.18322833E-007    -0.18023687E-014     0.36711195E-015    -0.18553903E-014     0.37785171E-015
     0.10692816E+002     0.11672102E-006    -0.21073453E-007    -0.18062558E-014     0.34778748E-015    -0.18635898E-014     0.35765061E-015
     0.10697157E+002     0.11450628E-006    -0.21928168E-007    -0.18194586E-014     0.33398992E-015    -0.18814787E-014     0.34471657E-015
     0.10701498E+002     0.11064948E-006    -0.25520086E-007    -0.18394535E-014     0.32824643E-015    -0.19046059E-014     0.34282069E-015
     0.10705840E+002     0.11085412E-006    -0.26547973E-007    -0.18598423E-014     0.33477987E-015    -0.19261201E-014     0.35359326E-015
     0.10710181E+002     0.10992211E-006    -0.23776318E-007    -0.18744450E-014     0.35032184E-015    -0.19396102E-014     0.37392069E-015
     0.10714523E+002     0.10825502E-006    -0.21802701E-007    -0.18807299E-014     0.37209621E-015    -0.19419616E-014     0.39898968E-015
     0.10718864E+002     0.11019067E-006    -0.19364825E-007    -0.18742184E-014     0.39361465E-015    -0.19313232E-014     0.42162777E-015
     0.10723205E+002     0.11205511E-006    -0.15738953E-007    -0.18594958E-014     0.40950898E-015    -0.19116720E-014     0.43612959E-015
     0.10727547E+002     0.11278698E-006    -0.14467243E-007    -0.18386224E-014     0.41597474E-015    -0.18877181E-014     0.43858986E-015
     0.10731888E+002     0.11492889E-006    -0.16569635E-007    -0.18187997E-014     0.41019617E-015    -0.18667239E-014     0.42835742E-015
     0.10736229E+002     0.11880017E-006    -0.18479264E-007    -0.18051108E-014     0.39612064E-015    -0.18547953E-014     0.40927166E-015
     0.10740571E+002     0.11916128E-006    -0.20064862E-007    -0.18013979E-014     0.37601744E-015    -0.18548677E-014     0.38598052E-015
     0.10744912E+002     0.11890410E-006    -0.22339311E-007    -0.18092925E-014     0.35760185E-015    -0.18675475E-014     0.36677675E-015
     0.10749254E+002     0.11700109E-006    -0.23945237E-007    -0.18253978E-014     0.34597536E-015    -0.18889415E-014     0.35702086E-015
     0.10753595E+002     0.11534464E-006    -0.24612629E-007    -0.18470464E-014     0.34457411E-015    -0.19135815E-014     0.35970237E-015
     0.10757936E+002     0.11139123E-006    -0.21985240E-007    -0.18662744E-014     0.35512891E-015    -0.19338570E-014     0.37535314E-015
     0.10762278E+002     0.10985500E-006    -0.21148199E-007    -0.18788501E-014     0.37365195E-015    -0.19444827E-014     0.39888941E-015
     0.10766619E+002     0.10799080E-006    -0.18576227E-007    -0.18808538E-014     0.39692041E-015    -0.19417797E-014     0.42521863E-015
     0.10770960E+002     0.10912486E-006    -0.16160451E-007    -0.18708576E-014     0.41693734E-015    -0.19266272E-014     0.44654471E-015
     0.10775302E+002     0.11035461E-006    -0.15083877E-007    -0.18530614E-014     0.43018114E-015    -0.19035335E-014     0.45755993E-015
     0.10779643E+002     0.11230280E-006    -0.15407831E-007    -0.18308366E-014     0.43214218E-015    -0.18782248E-014     0.45519031E-015
     0.10783985E+002     0.11565677E-006    -0.17478927E-007    -0.18123680E-014     0.42276941E-015    -0.18590145E-014     0.44050055E-015
     0.10788326E+002     0.11784516E-006    -0.20126342E-007    -0.18012792E-014     0.40605525E-015    -0.18503715E-014     0.41795017E-015
     0.10792667E+002     0.11952080E-006    -0.19743425E-007    -0.18022314E-014     0.38494900E-015    -0.18552686E-014     0.39401067E-015
     0.10797009E+002     0.11417355E-006    -0.21346011E-007    -0.18138591E-014     0.36816687E-015    -0.18724925E-014     0.37672471E-015
     0.10801350E+002     0.11216339E-006    -0.26547363E-007    -0.18328517E-014     0.35915102E-015    -0.18971103E-014     0.37064052E-015
     0.10805692E+002     0.11114184E-006    -0.27956173E-007    -0.18554298E-014     0.36233123E-015    -0.19227935E-014     0.37845651E-015
     0.10810033E+002     0.11028123E-006    -0.26578349E-007    -0.18728921E-014     0.37600357E-015    -0.19409985E-014     0.39810963E-015
     0.10814374E+002     0.11084752E-006    -0.23755394E-007    -0.18824538E-014     0.39720755E-015    -0.19475786E-014     0.42498208E-015
     0.10818716E+002     0.10960187E-006    -0.18451034E-007    -0.18795435E-014     0.42099403E-015    -0.19399227E-014     0.45202781E-015
     0.10823057E+002     0.10993833E-006    -0.17497025E-007    -0.18661163E-014     0.43925454E-015    -0.19205538E-014     0.47109290E-015
     0.10827398E+002     0.11135671E-006    -0.14657036E-007    -0.18456457E-014     0.44976908E-015    -0.18945612E-014     0.47825634E-015
     0.10831740E+002     0.11219891E-006    -0.17238898E-007    -0.18236085E-014     0.44691201E-015    -0.18690502E-014     0.47045191E-015
     0.10836081E+002     0.11567660E-006    -0.19692013E-007    -0.18069072E-014     0.43400122E-015    -0.18517222E-014     0.45141448E-015
     0.10840423E+002     0.11759728E-006    -0.22120551E-007    -0.17988791E-014     0.41436300E-015    -0.18470604E-014     0.42632971E-015
     0.10844764E+002     0.11771572E-006    -0.24044752E-007    -0.18041406E-014     0.39348702E-015    -0.18574483E-014     0.40237968E-015
     0.10849105E+002     0.11563660E-006    -0.25987645E-007    -0.18188987E-014     0.37894657E-015    -0.18789129E-014     0.38743831E-015
     0.10853447E+002     0.11287263E-006    -0.28154513E-007    -0.18408125E-014     0.37333360E-015    -0.19064493E-014     0.38533378E-015
     0.10857788E+002     0.11150789E-006    -0.28370323E-007    -0.18629779E-014     0.38101968E-015    -0.19317241E-014     0.39823284E-015
     0.10862129E+002     0.11017184E-006    -0.27487754E-007    -0.18784021E-014     0.39770181E-015    -0.19472727E-014     0.42214237E-015
     0.10866471E+002     0.11007140E-006    -0.24028724E-007    -0.18842545E-014     0.42143556E-015    -0.19495495E-014     0.45179245E-015
     0.10870812E+002     0.11039545E-006    -0.21006547E-007    -0.18766721E-014     0.44471003E-015    -0.19368167E-014     0.47850463E-015
     0.10875154E+002     0.11124668E-006    -0.19143666E-007    -0.18604306E-014     0.46110420E-015    -0.19134673E-014     0.49483404E-015
     0.10879495E+002     0.11478279E-006    -0.18809753E-007    -0.18373125E-014     0.46749779E-015    -0.18848295E-014     0.49737098E-015
     0.10883836E+002     0.11672962E-006    -0.18025521E-007    -0.18158864E-014     0.46043654E-015    -0.18598908E-014     0.48464315E-015
     0.10888178E+002     0.11835621E-006    -0.20433397E-007    -0.18013229E-014     0.44486643E-015    -0.18454511E-014     0.46167701E-015
     0.10892519E+002     0.11967877E-006    -0.23560257E-007    -0.17975230E-014     0.42297534E-015    -0.18455195E-014     0.43386736E-015
     0.10896860E+002     0.11882472E-006    -0.25253607E-007    -0.18072006E-014     0.40334541E-015    -0.18606975E-014     0.41062331E-015
     0.10901202E+002     0.11677619E-006    -0.27495925E-007    -0.18252092E-014     0.39057373E-015    -0.18859088E-014     0.39861598E-015
     0.10905543E+002     0.11529955E-006    -0.28363060E-007    -0.18490509E-014     0.38905952E-015    -0.19155556E-014     0.40144941E-015
     0.10909885E+002     0.11349871E-006    -0.27326430E-007    -0.18695625E-014     0.40079875E-015    -0.19396852E-014     0.41956881E-015
     0.10914226E+002     0.11184930E-006    -0.23887514E-007    -0.18830111E-014     0.42084622E-015    -0.19525619E-014     0.44756413E-015
     0.10918567E+002     0.11023177E-006    -0.20876420E-007    -0.18844413E-014     0.44631560E-015    -0.19502102E-014     0.47908179E-015
     0.10922909E+002     0.11040406E-006    -0.18880338E-007    -0.18729542E-014     0.46809907E-015    -0.19321701E-014     0.50428226E-015
     0.10927250E+002     0.11274229E-006    -0.17947891E-007    -0.18535275E-014     0.48250248E-015    -0.19050071E-014     0.51810427E-015
     0.10931591E+002     0.11620331E-006    -0.16766762E-007    -0.18291823E-014     0.48426211E-015    -0.18746419E-014     0.51559955E-015
     0.10935933E+002     0.11789510E-006    -0.16031715E-007    -0.18092139E-014     0.47345648E-015    -0.18512712E-014     0.49813198E-015
     0.10940274E+002     0.11617749E-006    -0.17877802E-007    -0.17970416E-014     0.45486046E-015    -0.18399810E-014     0.47125385E-015
     0.10944616E+002     0.11590619E-006    -0.23432690E-007    -0.17981806E-014     0.43156228E-015    -0.18451400E-014     0.44205899E-015
     0.10948957E+002     0.11492430E-006    -0.26097723E-007    -0.18111665E-014     0.41337318E-015    -0.18653173E-014     0.42027837E-015
     0.10953298E+002     0.11281649E-006    -0.29541113E-007    -0.18322408E-014     0.40323743E-015    -0.18943238E-014     0.41136916E-015
     0.10957640E+002     0.11297658E-006    -0.30447040E-007    -0.18569332E-014     0.40644802E-015    -0.19251899E-014     0.41946529E-015
     0.10961981E+002     0.11125690E-006    -0.27788747E-007    -0.18756642E-014     0.42177674E-015    -0.19478565E-014     0.44220821E-015
     0.10966323E+002     0.11008974E-006    -0.24408693E-007    -0.18863911E-014     0.44534502E-015    -0.19573202E-014     0.47386861E-015
     0.10970664E+002     0.10842512E-006    -0.21431357E-007    -0.18833755E-014     0.47167868E-015    -0.19496654E-014     0.50663908E-015
     0.10975005E+002     0.10996962E-006    -0.20997448E-007    -0.18691137E-014     0.49153687E-015    -0.19275813E-014     0.53014773E-015
     0.10979347E+002     0.11230365E-006    -0.18594487E-007    -0.18464383E-014     0.50247785E-015    -0.18966849E-014     0.53993461E-015
     0.10983688E+002     0.11420769E-006    -0.20350879E-007    -0.18214126E-014     0.49951404E-015    -0.18652925E-014     0.53191629E-015
     0.10988029E+002     0.11735577E-006    -0.22192800E-007    -0.18032677E-014     0.48567825E-015    -0.18433596E-014     0.50994959E-015
     0.10992371E+002     0.12040476E-006    -0.23747020E-007    -0.17942866E-014     0.46374608E-015    -0.18355562E-014     0.47965082E-015
     0.10996712E+002     0.11907654E-006    -0.24298590E-007    -0.18001065E-014     0.44030885E-015    -0.18461046E-014     0.44981188E-015
     0.11001054E+002     0.11519589E-006    -0.26760419E-007    -0.18158957E-014     0.42380968E-015    -0.18703919E-014     0.43004878E-015
     0.11005395E+002     0.11308265E-006    -0.30519780E-007    -0.18400436E-014     0.41706301E-015    -0.19030844E-014     0.42502858E-015
     0.11009736E+002     0.11274656E-006    -0.30748175E-007    -0.18642672E-014     0.42517846E-015    -0.19344387E-014     0.43833518E-015
     0.11014078E+002     0.11071841E-006    -0.26817209E-007    -0.18815951E-014     0.44367135E-015    -0.19553832E-014     0.46541384E-015
     0.11018419E+002     0.10919111E-006    -0.24425514E-007    -0.18889308E-014     0.47001040E-015    -0.19610592E-014     0.50009229E-015
     0.11022760E+002     0.10874905E-006    -0.22127316E-007    -0.18812687E-014     0.49560549E-015    -0.19476569E-014     0.53279702E-015
     0.11027102E+002     0.11045581E-006    -0.19738628E-007    -0.18637705E-014     0.51383376E-015    -0.19211743E-014     0.55467553E-015
     0.11031443E+002     0.11145257E-006    -0.21724030E-007    -0.18381502E-014     0.52140081E-015    -0.18866455E-014     0.56067231E-015
     0.11035785E+002     0.11665495E-006    -0.22949371E-007    -0.18144251E-014     0.51394830E-015    -0.18554537E-014     0.54796941E-015
     0.11040126E+002     0.11967650E-006    -0.22754279E-007    -0.17976694E-014     0.49686868E-015    -0.18356160E-014     0.52216034E-015
     0.11044467E+002     0.11854803E-006    -0.25814798E-007    -0.17924214E-014     0.47230734E-015    -0.18324732E-014     0.48858732E-015
     0.11048809E+002     0.11904046E-006    -0.27905481E-007    -0.18023531E-014     0.45029957E-015    -0.18480841E-014     0.45885779E-015
     0.11053150E+002     0.11645136E-006    -0.28720164E-007    -0.18215339E-014     0.43548009E-015    -0.18765931E-014     0.44071679E-015
     0.11057491E+002     0.11291973E-006    -0.29702504E-007    -0.18480470E-014     0.43288049E-015    -0.19120106E-014     0.43984673E-015
     0.11061833E+002     0.11062035E-006    -0.30730279E-007    -0.18712812E-014     0.44504860E-015    -0.19428191E-014     0.45812316E-015
     0.11066174E+002     0.11067180E-006    -0.27847628E-007    -0.18871899E-014     0.46640505E-015    -0.19617906E-014     0.48917168E-015
     0.11070516E+002     0.10844304E-006    -0.25397454E-007    -0.18899988E-014     0.49467355E-015    -0.19628877E-014     0.52697413E-015
     0.11074857E+002     0.10981404E-006    -0.23429855E-007    -0.18785500E-014     0.51891797E-015    -0.19451636E-014     0.55902128E-015
     0.11079198E+002     0.11260814E-006    -0.22924450E-007    -0.18577115E-014     0.53546679E-015    -0.19145571E-014     0.57889173E-015
     0.11083540E+002     0.11623561E-006    -0.21738942E-007    -0.18304241E-014     0.53840020E-015    -0.18775804E-014     0.58040151E-015
     0.11087881E+002     0.11819186E-006    -0.22586669E-007    -0.18076581E-014     0.52746240E-015    -0.18471765E-014     0.56327353E-015
     0.11092223E+002     0.12012334E-006    -0.24316368E-007    -0.17928484E-014     0.50749099E-015    -0.18293228E-014     0.53323545E-015
     0.11096564E+002     0.12056618E-006    -0.25937753E-007    -0.17923874E-014     0.48134285E-015    -0.18305461E-014     0.49729795E-015
     0.11100905E+002     0.11828842E-006    -0.28056163E-007    -0.18054586E-014     0.46072779E-015    -0.18501815E-014     0.46859159E-015
     0.11105247E+002     0.11581865E-006    -0.28744494E-007    -0.18279436E-014     0.44793217E-015    -0.18826504E-014     0.45275957E-015
     0.11109588E+002     0.11164641E-006    -0.30023949E-007    -0.18556155E-014     0.45000278E-015    -0.19203809E-014     0.45684998E-015
     0.11113929E+002     0.11020111E-006    -0.29849805E-007    -0.18772990E-014     0.46530337E-015    -0.19506711E-014     0.47888127E-015
     0.11118271E+002     0.10940803E-006    -0.26103210E-007    -0.18911540E-014     0.48996994E-015    -0.19675500E-014     0.51357430E-015
     0.11122612E+002     0.10792148E-006    -0.23619835E-007    -0.18892231E-014     0.51903518E-015    -0.19637324E-014     0.55286914E-015
     0.11126954E+002     0.10784699E-006    -0.23589836E-007    -0.18748936E-014     0.54183295E-015    -0.19421210E-014     0.58427819E-015
     0.11131295E+002     0.11210007E-006    -0.22881522E-007    -0.18506985E-014     0.55615436E-015    -0.19076512E-014     0.60207770E-015
     0.11135636E+002     0.11381363E-006    -0.23498869E-007    -0.18229095E-014     0.55447317E-015    -0.18696060E-014     0.59886845E-015
     0.11139978E+002     0.11678002E-006    -0.25795794E-007    -0.18017147E-014     0.54100602E-015    -0.18399924E-014     0.57790832E-015
     0.11144319E+002     0.11809200E-006    -0.28660934E-007    -0.17895701E-014     0.51764724E-015    -0.18243247E-014     0.54397711E-015
     0.11148660E+002     0.11856746E-006    -0.31296108E-007    -0.17937337E-014     0.49145872E-015    -0.18300254E-014     0.50718239E-015
     0.11153002E+002     0.11884149E-006    -0.34475058E-007    -0.18093720E-014     0.47201082E-015    -0.18529726E-014     0.47915029E-015
     0.11157343E+002     0.11773095E-006    -0.32798048E-007    -0.18350352E-014     0.46200501E-015    -0.18891876E-014     0.46600136E-015
     0.11161685E+002     0.11418099E-006    -0.32189525E-007    -0.18624187E-014     0.46860124E-015    -0.19275185E-014     0.47421025E-015
     0.11166026E+002     0.11142608E-006    -0.29872781E-007    -0.18830418E-014     0.48615951E-015    -0.19569042E-014     0.49946093E-015
     0.11170367E+002     0.10987590E-006    -0.28834434E-007    -0.18934548E-014     0.51404839E-015    -0.19708748E-014     0.53799143E-015
     0.11174709E+002     0.11219382E-006    -0.26014413E-007    -0.18876224E-014     0.54250045E-015    -0.19630804E-014     0.57763770E-015
     0.11179050E+002     0.11345242E-006    -0.23599669E-007    -0.18707525E-014     0.56409323E-015    -0.19384312E-014     0.60856349E-015
     0.11183391E+002     0.11529338E-006    -0.22781068E-007    -0.18435258E-014     0.57510764E-015    -0.19009110E-014     0.62332520E-015
     0.11187733E+002     0.11869885E-006    -0.23947813E-007    -0.18168634E-014     0.56976100E-015    -0.18626534E-014     0.61604608E-015
     0.11192074E+002     0.12085843E-006    -0.24242576E-007    -0.17969441E-014     0.55370668E-015    -0.18335589E-014     0.59234950E-015
     0.11196416E+002     0.12050053E-006    -0.26953739E-007    -0.17883338E-014     0.52733739E-015    -0.18208312E-014     0.55540752E-015
     0.11200757E+002     0.11937061E-006    -0.28154373E-007    -0.17959734E-014     0.50239419E-015    -0.18301870E-014     0.51916129E-015
     0.11205098E+002     0.11551854E-006    -0.31775902E-007    -0.18140113E-014     0.48400696E-015    -0.18560563E-014     0.49180486E-015
     0.11209440E+002     0.11598453E-006    -0.34901016E-007    -0.18419825E-014     0.47779978E-015    -0.18949834E-014     0.48172139E-015
     0.11213781E+002     0.11119220E-006    -0.31454158E-007    -0.18677039E-014     0.48783687E-015    -0.19327412E-014     0.49336611E-015
     0.11218122E+002     0.11198718E-006    -0.30658872E-007    -0.18874014E-014     0.50822007E-015    -0.19615347E-014     0.52150335E-015
     0.11222464E+002     0.11254607E-006    -0.26499895E-007    -0.18942151E-014     0.53789688E-015    -0.19725541E-014     0.56210646E-015
     0.11226805E+002     0.11161167E-006    -0.22065431E-007    -0.18850503E-014     0.56444843E-015    -0.19615471E-014     0.60077238E-015
     0.11231147E+002     0.11078462E-006    -0.22499888E-007    -0.18654212E-014     0.58493844E-015    -0.19342442E-014     0.63096774E-015
     0.11235488E+002     0.11512733E-006    -0.24801743E-007    -0.18364123E-014     0.59185782E-015    -0.18946725E-014     0.64226945E-015
     0.11239829E+002     0.11857512E-006    -0.25176420E-007    -0.18114685E-014     0.58391054E-015    -0.18574534E-014     0.63252581E-015
     0.11244171E+002     0.12074699E-006    -0.26946020E-007    -0.17926738E-014     0.56532756E-015    -0.18292254E-014     0.60642342E-015
     0.11248512E+002     0.12082220E-006    -0.28861355E-007    -0.17886198E-014     0.53802197E-015    -0.18204079E-014     0.56831025E-015
     0.11252854E+002     0.11941143E-006    -0.30913655E-007    -0.17986807E-014     0.51494337E-015    -0.18322706E-014     0.53288986E-015
     0.11257195E+002     0.11690954E-006    -0.32570109E-007    -0.18195730E-014     0.49792810E-015    -0.18604959E-014     0.50640064E-015
     0.11261536E+002     0.11399154E-006    -0.31633869E-007    -0.18482655E-014     0.49627474E-015    -0.19001244E-014     0.49998845E-015
     0.11265878E+002     0.11088500E-006    -0.30379292E-007    -0.18722929E-014     0.50825752E-015    -0.19364464E-014     0.51363769E-015
     0.11270219E+002     0.10851729E-006    -0.30245053E-007    -0.18902484E-014     0.53123867E-015    -0.19639952E-014     0.54416181E-015
     0.11274560E+002     0.11132112E-006    -0.27690999E-007    -0.18921491E-014     0.56128977E-015    -0.19709279E-014     0.58510941E-015
     0.11278902E+002     0.11239392E-006    -0.24156857E-007    -0.18813019E-014     0.58627112E-015    -0.19585638E-014     0.62267987E-015
     0.11283243E+002     0.11359191E-006    -0.23477897E-007    -0.18590048E-014     0.60509278E-015    -0.19291296E-014     0.65106527E-015
     0.11287585E+002     0.11691767E-006    -0.22988955E-007    -0.18308925E-014     0.60729943E-015    -0.18896603E-014     0.65851172E-015
     0.11291926E+002     0.11775922E-006    -0.24745558E-007    -0.18075808E-014     0.59730473E-015    -0.18540251E-014     0.64754303E-015
     0.11296267E+002     0.11797898E-006    -0.27880829E-007    -0.17908500E-014     0.57588745E-015    -0.18276971E-014     0.61912970E-015
     0.11300609E+002     0.11884546E-006    -0.31815868E-007    -0.17911559E-014     0.54951074E-015    -0.18226662E-014     0.58178900E-015
     0.11304950E+002     0.11744774E-006    -0.33808427E-007    -0.18027292E-014     0.52808430E-015    -0.18354875E-014     0.54815306E-015
     0.11309291E+002     0.11590818E-006    -0.35042003E-007    -0.18263508E-014     0.51375744E-015    -0.18660121E-014     0.52397260E-015
     0.11313633E+002     0.11418439E-006    -0.32600093E-007    -0.18537300E-014     0.51649480E-015    -0.19041975E-014     0.52131519E-015
     0.11317974E+002     0.10966314E-006    -0.29966539E-007    -0.18763212E-014     0.52971999E-015    -0.19389812E-014     0.53579319E-015
     0.11322316E+002     0.10867062E-006    -0.29821790E-007    -0.18910418E-014     0.55529330E-015    -0.19637106E-014     0.56806846E-015
     0.11326657E+002     0.11049847E-006    -0.27414840E-007    -0.18886806E-014     0.58346325E-015    -0.19669221E-014     0.60716602E-015
     0.11330998E+002     0.11194838E-006    -0.24692653E-007    -0.18765474E-014     0.60729046E-015    -0.19537717E-014     0.64297010E-015
     0.11335340E+002     0.11438978E-006    -0.25613900E-007    -0.18517168E-014     0.62235088E-015    -0.19223202E-014     0.66819473E-015
     0.11339681E+002     0.11735929E-006    -0.25649132E-007    -0.18256798E-014     0.62100512E-015    -0.18856389E-014     0.67243010E-015
     0.11344022E+002     0.11899946E-006    -0.27280930E-007    -0.18040062E-014     0.60971351E-015    -0.18517680E-014     0.66061988E-015
     0.11348364E+002     0.11973209E-006    -0.30392635E-007    -0.17914111E-014     0.58574574E-015    -0.18294691E-014     0.63050732E-015
     0.11352705E+002     0.11945111E-006    -0.31874353E-007    -0.17948820E-014     0.56204848E-015    -0.18273769E-014     0.59608816E-015
     0.11357047E+002     0.11565698E-006    -0.33001109E-007    -0.18082791E-014     0.54197960E-015    -0.18408868E-014     0.56394472E-015
     0.11361388E+002     0.11229142E-006    -0.35359781E-007    -0.18339841E-014     0.53193478E-015    -0.18726122E-014     0.54439990E-015
     0.11365729E+002     0.11036444E-006    -0.35693714E-007    -0.18581947E-014     0.53787311E-015    -0.19072237E-014     0.54472102E-015
     0.11370071E+002     0.11015045E-006    -0.34489494E-007    -0.18793322E-014     0.55274940E-015    -0.19399184E-014     0.56032649E-015
     0.11374412E+002     0.11125439E-006    -0.31164433E-007    -0.18890691E-014     0.58009556E-015    -0.19600630E-014     0.59368199E-015
     0.11378754E+002     0.11096342E-006    -0.27641366E-007    -0.18842194E-014     0.60532616E-015    -0.19607697E-014     0.62882678E-015
     0.11383095E+002     0.11329897E-006    -0.28180132E-007    -0.18698867E-014     0.62734003E-015    -0.19462385E-014     0.66252060E-015
     0.11387436E+002     0.11842249E-006    -0.26713429E-007    -0.18437868E-014     0.63748267E-015    -0.19145127E-014     0.68247240E-015
     0.11391778E+002     0.11968326E-006    -0.26841297E-007    -0.18210665E-014     0.63377889E-015    -0.18816497E-014     0.68449990E-015
     0.11396119E+002     0.12066268E-006    -0.28980437E-007    -0.18010132E-014     0.62015325E-015    -0.18503626E-014     0.67090368E-015
     0.11400460E+002     0.12023172E-006    -0.32226952E-007    -0.17938964E-014     0.59567031E-015    -0.18333554E-014     0.64094687E-015
     0.11404802E+002     0.12123774E-006    -0.34174185E-007    -0.17995983E-014     0.57524301E-015    -0.18334908E-014     0.61071283E-015
     0.11409143E+002     0.11788361E-006    -0.33214510E-007    -0.18155128E-014     0.55687551E-015    -0.18488133E-014     0.58137783E-015
     0.11413485E+002     0.11298660E-006    -0.33993573E-007    -0.18408876E-014     0.55268247E-015    -0.18796191E-014     0.56798095E-015
     0.11417826E+002     0.11126194E-006    -0.32653598E-007    -0.18621891E-014     0.56060896E-015    -0.19105456E-014     0.57011175E-015
     0.11422167E+002     0.10992258E-006    -0.31608232E-007    -0.18814554E-014     0.57861302E-015    -0.19404394E-014     0.58796652E-015
     0.11426509E+002     0.10989526E-006    -0.26830543E-007    -0.18855241E-014     0.60527843E-015    -0.19539292E-014     0.61998056E-015
     0.11430850E+002     0.10791663E-006    -0.27191127E-007    -0.18791496E-014     0.62737233E-015    -0.19532402E-014     0.65144772E-015
     0.11435191E+002     0.11356012E-006    -0.28806422E-007    -0.18616827E-014     0.64701157E-015    -0.19361695E-014     0.68179189E-015
     0.11439533E+002     0.11732551E-006    -0.27712677E-007    -0.18368930E-014     0.65113437E-015    -0.19065446E-014     0.69523215E-015
     0.11443874E+002     0.11957416E-006    -0.27725649E-007    -0.18168787E-014     0.64578130E-015    -0.18776308E-014     0.69545754E-015
     0.11448216E+002     0.11901046E-006    -0.30654169E-007    -0.17993617E-014     0.62884016E-015    -0.18498379E-014     0.67893230E-015
     0.11452557E+002     0.11874580E-006    -0.34519178E-007    -0.17981902E-014     0.60629496E-015    -0.18393802E-014     0.65147340E-015
     0.11456898E+002     0.11818658E-006    -0.36870270E-007    -0.18051884E-014     0.58820252E-015    -0.18405862E-014     0.62477282E-015
     0.11461240E+002     0.11654091E-006    -0.37526560E-007    -0.18244665E-014     0.57321262E-015    -0.18592556E-014     0.60004958E-015
     0.11465581E+002     0.11395845E-006    -0.35871525E-007    -0.18475882E-014     0.57490555E-015    -0.18873246E-014     0.59324718E-015
     0.11469922E+002     0.11151443E-006    -0.34246742E-007    -0.18669639E-014     0.58388185E-015    -0.19150753E-014     0.59643753E-015
     0.11474264E+002     0.11105325E-006    -0.31123501E-007    -0.18821591E-014     0.60543348E-015    -0.19399519E-014     0.61755462E-015
     0.11478605E+002     0.10968117E-006    -0.28819322E-007    -0.18808157E-014     0.62905557E-015    -0.19471963E-014     0.64586460E-015
     0.11482947E+002     0.11232867E-006    -0.28310373E-007    -0.18728892E-014     0.64961533E-015    -0.19447608E-014     0.67444773E-015
     0.11487288E+002     0.11531317E-006    -0.27331340E-007    -0.18519634E-014     0.66498114E-015    -0.19243384E-014     0.69955249E-015
     0.11491629E+002     0.11837188E-006    -0.28051342E-007    -0.18307213E-014     0.66392341E-015    -0.18988267E-014     0.70670887E-015
     0.11495971E+002     0.11979259E-006    -0.29174470E-007    -0.18119000E-014     0.65715131E-015    -0.18721394E-014     0.70537896E-015
     0.11500312E+002     0.12052543E-006    -0.31470362E-007    -0.17996183E-014     0.63704091E-015    -0.18504243E-014     0.68571273E-015
     0.11504653E+002     0.11828208E-006    -0.32837379E-007    -0.18031678E-014     0.61814651E-015    -0.18458612E-014     0.66295747E-015
     0.11508995E+002     0.11380466E-006    -0.36958354E-007    -0.18118630E-014     0.60106902E-015    -0.18492685E-014     0.63840262E-015
     0.11513336E+002     0.11319482E-006    -0.40161562E-007    -0.18344058E-014     0.59200533E-015    -0.18713347E-014     0.62017318E-015
     0.11517678E+002     0.11319175E-006    -0.38759981E-007    -0.18538151E-014     0.59745892E-015    -0.18943410E-014     0.61811293E-015
     0.11522019E+002     0.11207233E-006    -0.34278537E-007    -0.18720848E-014     0.60810297E-015    -0.19200628E-014     0.62371785E-015
     0.11526360E+002     0.11120977E-006    -0.32449647E-007    -0.18807493E-014     0.63238212E-015    -0.19375939E-014     0.64775300E-015
     0.11530702E+002     0.11175334E-006    -0.28609994E-007    -0.18759169E-014     0.65225525E-015    -0.19401935E-014     0.67111072E-015
     0.11535043E+002     0.11344562E-006    -0.28077163E-007    -0.18656382E-014     0.67191339E-015    -0.19349472E-014     0.69807342E-015
     0.11539385E+002     0.11686163E-006    -0.28020946E-007    -0.18425090E-014     0.68039583E-015    -0.19119770E-014     0.71497008E-015
     0.11543726E+002     0.11914061E-006    -0.28514402E-007    -0.18252420E-014     0.67665653E-015    -0.18912241E-014     0.71873860E-015
     0.11548067E+002     0.12022451E-006    -0.30777255E-007    -0.18072935E-014     0.66688856E-015    -0.18662103E-014     0.71418938E-015
     0.11552409E+002     0.11970576E-006    -0.32902643E-007    -0.18022590E-014     0.64508905E-015    -0.18533532E-014     0.69272198E-015
     0.11556750E+002     0.11723330E-006    -0.35993853E-007    -0.18075381E-014     0.63027887E-015    -0.18517308E-014     0.67465370E-015
     0.11561091E+002     0.11462308E-006    -0.38500039E-007    -0.18200906E-014     0.61417585E-015    -0.18590641E-014     0.65154641E-015
     0.11565433E+002     0.11405103E-006    -0.38885046E-007    -0.18432380E-014     0.61265037E-015    -0.18822685E-014     0.64257756E-015
     0.11569774E+002     0.11203165E-006    -0.36029581E-007    -0.18589325E-014     0.61953268E-015    -0.19005305E-014     0.64257651E-015
     0.11574116E+002     0.10918325E-006    -0.32399642E-007    -0.18760431E-014     0.63454425E-015    -0.19245787E-014     0.65333023E-015
     0.11578457E+002     0.10759804E-006    -0.31710320E-007    -0.18770476E-014     0.65896304E-015    -0.19329268E-014     0.67779550E-015
     0.11582798E+002     0.11087390E-006    -0.31677173E-007    -0.18713376E-014     0.67527575E-015    -0.19341934E-014     0.69653888E-015
     0.11587140E+002     0.11386901E-006    -0.29419289E-007    -0.18563147E-014     0.69371019E-015    -0.19231882E-014     0.72177227E-015
     0.11591481E+002     0.11594007E-006    -0.30724423E-007    -0.18343412E-014     0.69425298E-015    -0.19008952E-014     0.72913829E-015
     0.11595822E+002     0.11939926E-006    -0.32655093E-007    -0.18199180E-014     0.68993487E-015    -0.18839572E-014     0.73213619E-015
     0.11600164E+002     0.12119349E-006    -0.34165145E-007    -0.18036841E-014     0.67494499E-015    -0.18611986E-014     0.72129999E-015
     0.11604505E+002     0.12076772E-006    -0.36400817E-007    -0.18064296E-014     0.65500568E-015    -0.18579101E-014     0.70171308E-015
     0.11608847E+002     0.11913546E-006    -0.37629581E-007    -0.18118708E-014     0.64243725E-015    -0.18566747E-014     0.68667564E-015
     0.11613188E+002     0.11603592E-006    -0.37593494E-007    -0.18298283E-014     0.62877277E-015    -0.18713011E-014     0.66636649E-015
     0.11617529E+002     0.11159397E-006    -0.36857554E-007    -0.18501415E-014     0.63488149E-015    -0.18912659E-014     0.66654226E-015
     0.11621871E+002     0.10916249E-006    -0.36085203E-007    -0.18642849E-014     0.64187761E-015    -0.19076260E-014     0.66668002E-015
     0.11626212E+002     0.10790238E-006    -0.33527750E-007    -0.18784000E-014     0.66288846E-015    -0.19280217E-014     0.68487604E-015
     0.11630553E+002     0.10799373E-006    -0.32292784E-007    -0.18722778E-014     0.68319956E-015    -0.19273201E-014     0.70482043E-015
     0.11634895E+002     0.11039101E-006    -0.31879767E-007    -0.18667571E-014     0.69901985E-015    -0.19287120E-014     0.72297101E-015
     0.11639236E+002     0.11321417E-006    -0.31930888E-007    -0.18457598E-014     0.71301686E-015    -0.19100528E-014     0.74339881E-015
     0.11643578E+002     0.11800645E-006    -0.32102581E-007    -0.18280306E-014     0.70686135E-015    -0.18934537E-014     0.74247679E-015
     0.11647919E+002     0.11789376E-006    -0.33512606E-007    -0.18132331E-014     0.70330990E-015    -0.18762623E-014     0.74527486E-015
     0.11652260E+002     0.11813685E-006    -0.37684218E-007    -0.18027639E-014     0.68221315E-015    -0.18592983E-014     0.72625190E-015
     0.11656602E+002     0.11792707E-006    -0.41889874E-007    -0.18112718E-014     0.66782343E-015    -0.18631226E-014     0.71324057E-015
     0.11660943E+002     0.11875485E-006    -0.44208263E-007    -0.18169094E-014     0.65406864E-015    -0.18618670E-014     0.69674653E-015
     0.11665284E+002     0.11741952E-006    -0.42582062E-007    -0.18409403E-014     0.64678656E-015    -0.18843313E-014     0.68410202E-015
     0.11669626E+002     0.11452574E-006    -0.39395292E-007    -0.18547378E-014     0.65729927E-015    -0.18965361E-014     0.69040836E-015
     0.11673967E+002     0.11153028E-006    -0.38232639E-007    -0.18706624E-014     0.66490646E-015    -0.19157288E-014     0.69121641E-015
     0.11678309E+002     0.11256601E-006    -0.35308872E-007    -0.18767637E-014     0.69192180E-015    -0.19268858E-014     0.71712893E-015
     0.11682650E+002     0.11308391E-006    -0.30774532E-007    -0.18675687E-014     0.70537847E-015    -0.19217724E-014     0.72862171E-015
     0.11686991E+002     0.11280666E-006    -0.29808116E-007    -0.18607751E-014     0.72369341E-015    -0.19215267E-014     0.75075423E-015
     0.11691333E+002     0.11540604E-006    -0.32077607E-007    -0.18341033E-014     0.72860724E-015    -0.18955408E-014     0.76020681E-015
     0.11695674E+002     0.11854927E-006    -0.33842753E-007    -0.18243224E-014     0.72092565E-015    -0.18883674E-014     0.75691465E-015
     0.11700016E+002     0.12094448E-006    -0.36450020E-007    -0.18061179E-014     0.71472667E-015    -0.18660304E-014     0.75717683E-015
     0.11704357E+002     0.12187892E-006    -0.38350456E-007    -0.18058961E-014     0.68898192E-015    -0.18622160E-014     0.73135879E-015
     0.11708698E+002     0.11927822E-006    -0.39968358E-007    -0.18144956E-014     0.68282554E-015    -0.18661270E-014     0.72845990E-015
     0.11713040E+002     0.11690343E-006    -0.43168385E-007    -0.18235982E-014     0.66492273E-015    -0.18688500E-014     0.70569467E-015
     0.11717381E+002     0.11623871E-006    -0.43272686E-007    -0.18513178E-014     0.66993351E-015    -0.18967279E-014     0.70871182E-015
     0.11721722E+002     0.11616428E-006    -0.40804323E-007    -0.18570906E-014     0.67899735E-015    -0.18990212E-014     0.71299506E-015
     0.11726064E+002     0.11466793E-006    -0.34530689E-007    -0.18781040E-014     0.69162521E-015    -0.19258293E-014     0.71987487E-015
     0.11730405E+002     0.11125501E-006    -0.31945210E-007    -0.18705794E-014     0.72054256E-015    -0.19193772E-014     0.74940203E-015
     0.11734747E+002     0.11309973E-006    -0.30113437E-007    -0.18649860E-014     0.72586531E-015    -0.19195399E-014     0.75049594E-015
     0.11739088E+002     0.11422300E-006    -0.29976130E-007    -0.18511777E-014     0.74995932E-015    -0.19106089E-014     0.78129777E-015
     0.11743429E+002     0.11646030E-006    -0.30125550E-007    -0.18243894E-014     0.73901669E-015    -0.18833203E-014     0.76985832E-015
     0.11747771E+002     0.11795283E-006    -0.34319718E-007    -0.18224665E-014     0.73777045E-015    -0.18864521E-014     0.77547085E-015
     0.11752112E+002     0.12082437E-006    -0.37061797E-007    -0.17978289E-014     0.72197236E-015    -0.18538192E-014     0.76312949E-015
     0.11756453E+002     0.12058659E-006    -0.39351728E-007    -0.18161007E-014     0.69822313E-015    -0.18744269E-014     0.73926749E-015
     0.11760795E+002     0.11915298E-006    -0.40404407E-007    -0.18146229E-014     0.69979422E-015    -0.18641996E-014     0.74638641E-015
     0.11765136E+002     0.11594337E-006    -0.41239971E-007    -0.18373577E-014     0.67401536E-015    -0.18852014E-014     0.71179166E-015
     0.11769478E+002     0.11247557E-006    -0.40401143E-007    -0.18595308E-014     0.70142067E-015    -0.19069916E-014     0.74461558E-015
     0.11773819E+002     0.11109050E-006    -0.40707674E-007    -0.18577920E-014     0.69458704E-015    -0.18988865E-014     0.72640920E-015
     0.11778160E+002     0.11182147E-006    -0.36745501E-007    -0.18884968E-014     0.72680413E-015    -0.19410740E-014     0.76018437E-015
     0.11782502E+002     0.11066384E-006    -0.33178878E-007    -0.18510964E-014     0.74578125E-015    -0.18936481E-014     0.77678733E-015
     0.11786843E+002     0.11307936E-006    -0.33118882E-007    -0.18714132E-014     0.74337688E-015    -0.19303220E-014     0.76692046E-015
     0.11791184E+002     0.11670732E-006    -0.32269763E-007    -0.18262452E-014     0.78327150E-015    -0.18773166E-014     0.82235649E-015
     0.11795526E+002     0.11883537E-006    -0.31207118E-007    -0.18182300E-014     0.72423208E-015    -0.18749004E-014     0.74357773E-015
     0.11799867E+002     0.11871863E-006    -0.33747897E-007    -0.18296513E-014     0.77445758E-015    -0.18971344E-014     0.82347058E-015
     0.11804209E+002     0.11952460E-006    -0.37153377E-007    -0.17567525E-014     0.69116856E-015    -0.17936109E-014     0.71459987E-015
     0.11808550E+002     0.11801959E-006    -0.39581010E-007    -0.19258565E-014     0.67687400E-015    -0.20282500E-014     0.70395385E-015
     0.11812891E+002     0.11515952E-006    -0.42144405E-007    -0.18233434E-014     0.85247758E-015    -0.18792363E-014     0.95647329E-015
     0.11817233E+002     0.11248687E-006    -0.43359491E-007    -0.17123607E-014     0.67112087E-015    -0.16984586E-014     0.69826080E-015
     0.11821574E+002     0.11158170E-006    -0.43759579E-007    -0.19105535E-014     0.65059006E-015    -0.19773903E-014     0.66380503E-015
     0.11825916E+002     0.11087082E-006    -0.40092432E-007    -0.18640481E-014     0.75705067E-015    -0.19062496E-014     0.80662312E-015
     0.11830257E+002     0.10976734E-006    -0.36067520E-007    -0.18758754E-014     0.70816561E-015    -0.19232737E-014     0.72312793E-015
     0.11834598E+002     0.10926185E-006    -0.34630481E-007    -0.18918546E-014     0.78425935E-015    -0.19529357E-014     0.82412574E-015
     0.11838940E+002     0.11154456E-006    -0.34827518E-007    -0.18389558E-014     0.77101388E-015    -0.18857841E-014     0.79892085E-015
     0.11843281E+002     0.11525294E-006    -0.36756991E-007    -0.18566998E-014     0.78499757E-015    -0.19232812E-014     0.81943910E-015
     0.11847622E+002     0.11906272E-006    -0.36876549E-007    -0.18037089E-014     0.78759116E-015    -0.18546635E-014     0.82962737E-015
     0.11851964E+002     0.12064800E-006    -0.39175339E-007    -0.18135537E-014     0.75308693E-015    -0.18743537E-014     0.78844894E-015
     0.11856305E+002     0.12053599E-006    -0.41546034E-007    -0.18004717E-014     0.75897537E-015    -0.18536003E-014     0.80832088E-015
     0.11860647E+002     0.12012185E-006    -0.43602245E-007    -0.18074556E-014     0.71742896E-015    -0.18568143E-014     0.75528162E-015
     0.11864988E+002     0.11700900E-006    -0.43942889E-007    -0.18350450E-014     0.72677717E-015    -0.18869697E-014     0.77363422E-015
     0.11869329E+002     0.11273642E-006    -0.44103235E-007    -0.18382978E-014     0.71526077E-015    -0.18801826E-014     0.75417313E-015
     0.11873671E+002     0.11116247E-006    -0.43785857E-007    -0.18751750E-014     0.72931621E-015    -0.19261953E-014     0.76675487E-015
     0.11878012E+002     0.11080880E-006    -0.41799724E-007    -0.18685668E-014     0.75308882E-015    -0.19115520E-014     0.79065143E-015
     0.11882353E+002     0.11155760E-006    -0.38809106E-007    -0.18808440E-014     0.76322008E-015    -0.19322221E-014     0.79331278E-015
     0.11886695E+002     0.11354473E-006    -0.35137738E-007    -0.18646464E-014     0.79666720E-015    -0.19158058E-014     0.83396041E-015
     0.11891036E+002     0.11340834E-006    -0.35273882E-007    -0.18458552E-014     0.79266924E-015    -0.18988242E-014     0.82314770E-015
     0.11895378E+002     0.11788908E-006    -0.37867471E-007    -0.18327692E-014     0.80530323E-015    -0.18915086E-014     0.84418271E-015
     0.11899719E+002     0.12152657E-006    -0.39124169E-007    -0.18052531E-014     0.78819767E-015    -0.18583642E-014     0.82545707E-015
     0.11904060E+002     0.12351492E-006    -0.40186897E-007    -0.18095282E-014     0.77327391E-015    -0.18687437E-014     0.81403952E-015
     0.11908402E+002     0.12158210E-006    -0.41739986E-007    -0.17999920E-014     0.75888462E-015    -0.18509736E-014     0.80334981E-015
     0.11912743E+002     0.11931990E-006    -0.44275390E-007    -0.18207319E-014     0.73654775E-015    -0.18741798E-014     0.77703483E-015
     0.11917084E+002     0.11650887E-006    -0.44429543E-007    -0.18353837E-014     0.74128941E-015    -0.18842709E-014     0.78687141E-015
     0.11921426E+002     0.11244957E-006    -0.44823926E-007    -0.18540730E-014     0.73545746E-015    -0.19006752E-014     0.77332259E-015
     0.11925767E+002     0.11192668E-006    -0.44021526E-007    -0.18746738E-014     0.75890820E-015    -0.19238216E-014     0.79989600E-015
     0.11930109E+002     0.11174081E-006    -0.41230260E-007    -0.18727421E-014     0.77372235E-015    -0.19177234E-014     0.80953189E-015
     0.11934450E+002     0.11378147E-006    -0.37621791E-007    -0.18776319E-014     0.79587286E-015    -0.19297601E-014     0.83111069E-015
     0.11938791E+002     0.11460824E-006    -0.34520216E-007    -0.18548277E-014     0.81493909E-015    -0.19038908E-014     0.85166548E-015
     0.11943133E+002     0.11597425E-006    -0.34198156E-007    -0.18420451E-014     0.81568304E-015    -0.18968810E-014     0.84923442E-015
     0.11947474E+002     0.11868333E-006    -0.36727169E-007    -0.18196814E-014     0.81998366E-015    -0.18741383E-014     0.86007664E-015
     0.11951815E+002     0.12061133E-006    -0.38455606E-007    -0.18052819E-014     0.79863672E-015    -0.18596525E-014     0.83550904E-015
     0.11956157E+002     0.12077072E-006    -0.41565143E-007    -0.18052164E-014     0.78762041E-015    -0.18615773E-014     0.83059797E-015
     0.11960498E+002     0.12033431E-006    -0.43755973E-007    -0.18050942E-014     0.76581802E-015    -0.18557313E-014     0.80732397E-015
     0.11964840E+002     0.11717892E-006    -0.45110019E-007    -0.18280625E-014     0.75540890E-015    -0.18814994E-014     0.79801931E-015
     0.11969181E+002     0.11360085E-006    -0.46482349E-007    -0.18407729E-014     0.75602053E-015    -0.18877302E-014     0.79987856E-015
     0.11973522E+002     0.11162676E-006    -0.46973923E-007    -0.18645854E-014     0.75995981E-015    -0.19138769E-014     0.79940738E-015
     0.11977864E+002     0.11236422E-006    -0.44387522E-007    -0.18743236E-014     0.78424869E-015    -0.19217592E-014     0.82659671E-015
     0.11982205E+002     0.11196427E-006    -0.41372450E-007    -0.18758982E-014     0.79895272E-015    -0.19235338E-014     0.83497985E-015
     0.11986547E+002     0.11276265E-006    -0.39081201E-007    -0.18710942E-014     0.82461073E-015    -0.19222110E-014     0.86330393E-015
     0.11990888E+002     0.11762796E-006    -0.37922736E-007    -0.18487185E-014     0.83384404E-015    -0.18974790E-014     0.86989602E-015
     0.11995229E+002     0.11845542E-006    -0.35215920E-007    -0.18351002E-014     0.83739101E-015    -0.18895690E-014     0.87471462E-015
     0.11999571E+002     0.12066651E-006    -0.37313372E-007    -0.18110261E-014     0.83159428E-015    -0.18625399E-014     0.87168400E-015
     0.12003912E+002     0.12062682E-006    -0.40231745E-007    -0.18048904E-014     0.81153376E-015    -0.18599048E-014     0.85004719E-015
     0.12008253E+002     0.12124041E-006    -0.45011548E-007    -0.18026268E-014     0.79870693E-015    -0.18556544E-014     0.84250444E-015
     0.12012595E+002     0.12178696E-006    -0.46152794E-007    -0.18124551E-014     0.77679821E-015    -0.18638509E-014     0.81762982E-015
     0.12016936E+002     0.11842689E-006    -0.45577384E-007    -0.18333779E-014     0.77383190E-015    -0.18857021E-014     0.81858769E-015
     0.12021278E+002     0.11527051E-006    -0.46091620E-007    -0.18490203E-014     0.77302558E-015    -0.18965543E-014     0.81519436E-015
     0.12025619E+002     0.11326121E-006    -0.44088009E-007    -0.18715550E-014     0.78636172E-015    -0.19221498E-014     0.82825989E-015
     0.12029960E+002     0.11070338E-006    -0.42270751E-007    -0.18749494E-014     0.80802666E-015    -0.19216212E-014     0.84998523E-015
     0.12034302E+002     0.11301580E-006    -0.39363487E-007    -0.18767283E-014     0.82621165E-015    -0.19265848E-014     0.86393819E-015
     0.12038643E+002     0.11287025E-006    -0.35909190E-007    -0.18628637E-014     0.84934391E-015    -0.19117188E-014     0.88998107E-015
     0.12042984E+002     0.11462875E-006    -0.36437164E-007    -0.18434755E-014     0.85362024E-015    -0.18931375E-014     0.89051611E-015
     0.12047326E+002     0.11821762E-006    -0.37767680E-007    -0.18259456E-014     0.85655464E-015    -0.18788105E-014     0.89709880E-015
     0.12051667E+002     0.12102477E-006    -0.38523989E-007    -0.18055868E-014     0.84229265E-015    -0.18559428E-014     0.88170837E-015
     0.12056009E+002     0.12065401E-006    -0.40671131E-007    -0.18034687E-014     0.82538898E-015    -0.18579480E-014     0.86634378E-015
     0.12060350E+002     0.11897073E-006    -0.43927277E-007    -0.18029229E-014     0.80842309E-015    -0.18535266E-014     0.85166608E-015
     0.12064691E+002     0.11695267E-006    -0.47170835E-007    -0.18204132E-014     0.79123638E-015    -0.18728247E-014     0.83276259E-015
     0.12069033E+002     0.11427170E-006    -0.47705146E-007    -0.18383014E-014     0.79097082E-015    -0.18886252E-014     0.83643217E-015
     0.12073374E+002     0.11125065E-006    -0.49042853E-007    -0.18576865E-014     0.79301104E-015    -0.19067056E-014     0.83460602E-015
     0.12077715E+002     0.11172722E-006    -0.48207593E-007    -0.18747145E-014     0.81323664E-015    -0.19249353E-014     0.85748223E-015
     0.12082057E+002     0.11216042E-006    -0.43403760E-007    -0.18758887E-014     0.83252020E-015    -0.19229392E-014     0.87391229E-015
     0.12086398E+002     0.11106004E-006    -0.40592683E-007    -0.18745122E-014     0.85470224E-015    -0.19251793E-014     0.89550830E-015
     0.12090740E+002     0.11453990E-006    -0.39884873E-007    -0.18549540E-014     0.87146312E-015    -0.19025477E-014     0.91306473E-015
     0.12095081E+002     0.11715082E-006    -0.37213803E-007    -0.18377095E-014     0.87421387E-015    -0.18886899E-014     0.91311313E-015
     0.12099422E+002     0.11821535E-006    -0.38392921E-007    -0.18165117E-014     0.87281762E-015    -0.18671856E-014     0.91532724E-015
     0.12103764E+002     0.11884729E-006    -0.41676133E-007    -0.18027818E-014     0.85426469E-015    -0.18536256E-014     0.89354109E-015
     0.12108105E+002     0.12004410E-006    -0.46337907E-007    -0.18021234E-014     0.83874219E-015    -0.18548456E-014     0.88198878E-015
     0.12112446E+002     0.11924600E-006    -0.48868270E-007    -0.18063977E-014     0.81863781E-015    -0.18563803E-014     0.86084047E-015
     0.12116788E+002     0.11854318E-006    -0.50956339E-007    -0.18272822E-014     0.80822156E-015    -0.18802183E-014     0.85136151E-015
     0.12121129E+002     0.11476184E-006    -0.49380041E-007    -0.18441058E-014     0.80891504E-015    -0.18931673E-014     0.85363814E-015
     0.12125471E+002     0.11152607E-006    -0.50665576E-007    -0.18659829E-014     0.81679878E-015    -0.19168707E-014     0.85901387E-015
     0.12129812E+002     0.11151601E-006    -0.50114528E-007    -0.18764122E-014     0.83943181E-015    -0.19255049E-014     0.88458206E-015
     0.12134153E+002     0.11450405E-006    -0.45281991E-007    -0.18770781E-014     0.85813446E-015    -0.19252575E-014     0.89942764E-015
     0.12138495E+002     0.11433484E-006    -0.42265960E-007    -0.18690931E-014     0.88174840E-015    -0.19193271E-014     0.92547822E-015
     0.12142836E+002     0.11744549E-006    -0.40522323E-007    -0.18480586E-014     0.89235240E-015    -0.18953979E-014     0.93344532E-015
     0.12147178E+002     0.11974487E-006    -0.39777467E-007    -0.18306973E-014     0.89444751E-015    -0.18816699E-014     0.93581210E-015
     0.12151519E+002     0.12189630E-006    -0.41238174E-007    -0.18090104E-014     0.88630749E-015    -0.18572788E-014     0.92884126E-015
     0.12155860E+002     0.12261207E-006    -0.43694050E-007    -0.18015370E-014     0.86672539E-015    -0.18526334E-014     0.90716826E-015
     0.12160202E+002     0.12196931E-006    -0.47510809E-007    -0.18011457E-014     0.85040281E-015    -0.18512757E-014     0.89464773E-015
     0.12164543E+002     0.12234576E-006    -0.50283794E-007    -0.18122080E-014     0.83077229E-015    -0.18623453E-014     0.87255047E-015
     0.12168884E+002     0.12057458E-006    -0.49226659E-007    -0.18331894E-014     0.82630439E-015    -0.18851249E-014     0.87156345E-015
     0.12173226E+002     0.11641684E-006    -0.48905063E-007    -0.18512566E-014     0.82814712E-015    -0.19004604E-014     0.87178131E-015
     0.12177567E+002     0.11351895E-006    -0.47076167E-007    -0.18721838E-014     0.84288876E-015    -0.19238505E-014     0.88690995E-015
     0.12181909E+002     0.11308814E-006    -0.44427504E-007    -0.18771798E-014     0.86527536E-015    -0.19251741E-014     0.91019237E-015
     0.12186250E+002     0.11144969E-006    -0.41819069E-007    -0.18768187E-014     0.88565446E-015    -0.19264508E-014     0.92817502E-015
     0.12190591E+002     0.11346181E-006    -0.41814675E-007    -0.18622721E-014     0.90698421E-015    -0.19102936E-014     0.95225447E-015
     0.12194933E+002     0.11780418E-006    -0.41128590E-007    -0.18418028E-014     0.91261988E-015    -0.18894647E-014     0.95438407E-015
     0.12199274E+002     0.12055085E-006    -0.39460219E-007    -0.18224003E-014     0.91304805E-015    -0.18719416E-014     0.95728461E-015
     0.12203615E+002     0.12233545E-006    -0.41928988E-007    -0.18035642E-014     0.89862953E-015    -0.18508613E-014     0.94089443E-015
     0.12207957E+002     0.12228596E-006    -0.44443968E-007    -0.18003930E-014     0.88006179E-015    -0.18512305E-014     0.92267923E-015
     0.12212298E+002     0.12246388E-006    -0.48388356E-007    -0.18022165E-014     0.86169946E-015    -0.18504845E-014     0.90563359E-015
     0.12216640E+002     0.12141792E-006    -0.48637356E-007    -0.18195787E-014     0.84576791E-015    -0.18703639E-014     0.88780814E-015
     0.12220981E+002     0.11607446E-006    -0.48590398E-007    -0.18394428E-014     0.84485842E-015    -0.18891923E-014     0.89076836E-015
     0.12225322E+002     0.11297866E-006    -0.49510790E-007    -0.18598682E-014     0.84908833E-015    -0.19093960E-014     0.89255732E-015
     0.12229664E+002     0.11136069E-006    -0.46903958E-007    -0.18759985E-014     0.86930098E-015    -0.19269871E-014     0.91578063E-015
     0.12234005E+002     0.10996347E-006    -0.46158520E-007    -0.18779389E-014     0.89063414E-015    -0.19255396E-014     0.93555230E-015
     0.12238346E+002     0.11192895E-006    -0.43595981E-007    -0.18739516E-014     0.91330376E-015    -0.19242181E-014     0.95853158E-015
     0.12242688E+002     0.11523883E-006    -0.42083028E-007    -0.18546665E-014     0.92990549E-015    -0.19010543E-014     0.97597816E-015
     0.12247029E+002     0.11687684E-006    -0.41558761E-007    -0.18353771E-014     0.93287208E-015    -0.18838282E-014     0.97650191E-015
     0.12251371E+002     0.12093914E-006    -0.42406078E-007    -0.18139035E-014     0.92923215E-015    -0.18613475E-014     0.97544910E-015
     0.12255712E+002     0.12117153E-006    -0.44202427E-007    -0.18002003E-014     0.91064445E-015    -0.18478177E-014     0.95320130E-015
     0.12260053E+002     0.12204976E-006    -0.47623403E-007    -0.17991660E-014     0.89327759E-015    -0.18488873E-014     0.93803421E-015
     0.12264395E+002     0.12037581E-006    -0.49541097E-007    -0.18055186E-014     0.87337720E-015    -0.18530679E-014     0.91661165E-015
     0.12268736E+002     0.11783719E-006    -0.53610090E-007    -0.18263373E-014     0.86287238E-015    -0.18776152E-014     0.90668318E-015
     0.12273078E+002     0.11722882E-006    -0.51759770E-007    -0.18458170E-014     0.86398883E-015    -0.18941867E-014     0.90941737E-015
     0.12277419E+002     0.11321708E-006    -0.51464530E-007    -0.18672310E-014     0.87336123E-015    -0.19179633E-014     0.91764617E-015
     0.12281760E+002     0.11369629E-006    -0.48090295E-007    -0.18778727E-014     0.89634718E-015    -0.19272716E-014     0.94406209E-015
     0.12286102E+002     0.11079176E-006    -0.42948824E-007    -0.18783139E-014     0.91748251E-015    -0.19266760E-014     0.96246767E-015
     0.12290443E+002     0.11037899E-006    -0.43554326E-007    -0.18691348E-014     0.94040859E-015    -0.19181037E-014     0.98841355E-015
     0.12294784E+002     0.11328402E-006    -0.43937799E-007    -0.18475774E-014     0.95123903E-015    -0.18933336E-014     0.99760188E-015
     0.12299126E+002     0.11749133E-006    -0.45252404E-007    -0.18279922E-014     0.95268454E-015    -0.18766685E-014     0.99902957E-015
     0.12303467E+002     0.12103128E-006    -0.46378162E-007    -0.18066927E-014     0.94355212E-015    -0.18523218E-014     0.98992813E-015
     0.12307809E+002     0.12318751E-006    -0.49194062E-007    -0.17987811E-014     0.92351937E-015    -0.18467732E-014     0.96715051E-015
     0.12312150E+002     0.12351931E-006    -0.51155918E-007    -0.17992248E-014     0.90539894E-015    -0.18467510E-014     0.95158074E-015
     0.12316491E+002     0.12222466E-006    -0.53339335E-007    -0.18115445E-014     0.88640762E-015    -0.18595832E-014     0.92940072E-015
     0.12320833E+002     0.12005709E-006    -0.54022279E-007    -0.18331840E-014     0.88120126E-015    -0.18835436E-014     0.92720366E-015
     0.12325174E+002     0.11687210E-006    -0.52458239E-007    -0.18530883E-014     0.88391723E-015    -0.19014093E-014     0.92899315E-015
     0.12329515E+002     0.11266847E-006    -0.51841728E-007    -0.18731570E-014     0.89949643E-015    -0.19246814E-014     0.94569562E-015
     0.12333857E+002     0.11360077E-006    -0.50711450E-007    -0.18788082E-014     0.92273563E-015    -0.19268917E-014     0.97071138E-015
     0.12338198E+002     0.11483996E-006    -0.46778145E-007    -0.18771262E-014     0.94478115E-015    -0.19266537E-014     0.99135110E-015
     0.12342540E+002     0.11810995E-006    -0.43890925E-007    -0.18619897E-014     0.96575928E-015    -0.19093304E-014     0.10154616E-014
     0.12346881E+002     0.11824800E-006    -0.40302243E-007    -0.18404894E-014     0.97196176E-015    -0.18866385E-014     0.10185070E-014
     0.12351222E+002     0.11978204E-006    -0.43466598E-007    -0.18197702E-014     0.97109004E-015    -0.18670259E-014     0.10198487E-014
     0.12355564E+002     0.12249346E-006    -0.45383485E-007    -0.18010993E-014     0.95614266E-015    -0.18456112E-014     0.10022998E-014
     0.12359905E+002     0.12287231E-006    -0.48562833E-007    -0.17972456E-014     0.93671400E-015    -0.18451042E-014     0.98244061E-015
     0.12364246E+002     0.12211038E-006    -0.52077467E-007    -0.18005283E-014     0.91750296E-015    -0.18463118E-014     0.96370714E-015
     0.12368588E+002     0.12157068E-006    -0.54568092E-007    -0.18183946E-014     0.90176158E-015    -0.18674107E-014     0.94562258E-015
     0.12372929E+002     0.11955866E-006    -0.54101301E-007    -0.18393875E-014     0.90049275E-015    -0.18882241E-014     0.94751442E-015
     0.12377271E+002     0.11648381E-006    -0.52855987E-007    -0.18609019E-014     0.90639085E-015    -0.19099381E-014     0.95116627E-015
     0.12381612E+002     0.11407247E-006    -0.50424234E-007    -0.18770868E-014     0.92677640E-015    -0.19277234E-014     0.97536642E-015
     0.12385953E+002     0.11332989E-006    -0.47743491E-007    -0.18792751E-014     0.94927048E-015    -0.19270372E-014     0.99736415E-015
     0.12390295E+002     0.11393929E-006    -0.45974872E-007    -0.18738171E-014     0.97260397E-015    -0.19239885E-014     0.10218103E-014
     0.12394636E+002     0.11773796E-006    -0.44075844E-007    -0.18540106E-014     0.98953303E-015    -0.19000159E-014     0.10396357E-014
     0.12398977E+002     0.11894239E-006    -0.42764152E-007    -0.18334937E-014     0.99283292E-015    -0.18803059E-014     0.10406258E-014
     0.12403319E+002     0.12175439E-006    -0.44956340E-007    -0.18116721E-014     0.98781880E-015    -0.18566222E-014     0.10379960E-014
     0.12407660E+002     0.12450011E-006    -0.47365994E-007    -0.17977646E-014     0.96894697E-015    -0.18424338E-014     0.10153029E-014
     0.12412002E+002     0.12501161E-006    -0.49257119E-007    -0.17966647E-014     0.95010482E-015    -0.18434682E-014     0.99803189E-015
     0.12416343E+002     0.12380036E-006    -0.50979015E-007    -0.18044557E-014     0.92987023E-015    -0.18496859E-014     0.97542558E-015
     0.12420684E+002     0.12029065E-006    -0.51261840E-007    -0.18255098E-014     0.91906531E-015    -0.18750772E-014     0.96479546E-015
     0.12425026E+002     0.11583182E-006    -0.52243463E-007    -0.18459170E-014     0.92026089E-015    -0.18935744E-014     0.96715324E-015
     0.12429367E+002     0.11327540E-006    -0.51047850E-007    -0.18677337E-014     0.93120909E-015    -0.19179899E-014     0.97675984E-015
     0.12433709E+002     0.11104615E-006    -0.50211154E-007    -0.18788838E-014     0.95453053E-015    -0.19280277E-014     0.10044342E-014
     0.12438050E+002     0.11167069E-006    -0.48346671E-007    -0.18789909E-014     0.97699571E-015    -0.19273162E-014     0.10249342E-014
     0.12442391E+002     0.11343998E-006    -0.46376280E-007    -0.18686349E-014     0.10001141E-014    -0.19173830E-014     0.10517258E-014
     0.12446733E+002     0.11768978E-006    -0.45384177E-007    -0.18465833E-014     0.10115973E-014    -0.18916699E-014     0.10618523E-014
     0.12451074E+002     0.11993186E-006    -0.43155101E-007    -0.18258259E-014     0.10127902E-014    -0.18729385E-014     0.10627901E-014
     0.12455415E+002     0.12097441E-006    -0.45354189E-007    -0.18046544E-014     0.10025901E-014    -0.18477708E-014     0.10525537E-014
     0.12459757E+002     0.12276933E-006    -0.49372345E-007    -0.17959959E-014     0.98211461E-015    -0.18411596E-014     0.10288000E-014
     0.12464098E+002     0.12355951E-006    -0.52458281E-007    -0.17971969E-014     0.96298763E-015    -0.18414757E-014     0.10113680E-014
     0.12468440E+002     0.12264359E-006    -0.53359045E-007    -0.18104056E-014     0.94377800E-015    -0.18551823E-014     0.98878552E-015
     0.12472781E+002     0.11864493E-006    -0.52784564E-007    -0.18325478E-014     0.93815954E-015    -0.18803543E-014     0.98616662E-015
     0.12477122E+002     0.11425938E-006    -0.53701592E-007    -0.18536843E-014     0.94167858E-015    -0.19003950E-014     0.98865454E-015
     0.12481464E+002     0.11236223E-006    -0.52450273E-007    -0.18738278E-014     0.95789597E-015    -0.19243048E-014     0.10062570E-014
     0.12485805E+002     0.11151955E-006    -0.50027596E-007    -0.18800417E-014     0.98181109E-015    -0.19274446E-014     0.10325864E-014
     0.12490146E+002     0.11186071E-006    -0.47236370E-007    -0.18773160E-014     0.10047620E-014    -0.19265573E-014     0.10549086E-014
     0.12494488E+002     0.11216562E-006    -0.45211578E-007    -0.18614282E-014     0.10260740E-014    -0.19083541E-014     0.10797323E-014
     0.12498829E+002     0.11502149E-006    -0.46252081E-007    -0.18392483E-014     0.10330338E-014    -0.18845232E-014     0.10836947E-014
     0.12503171E+002     0.12019981E-006    -0.48391186E-007    -0.18178336E-014     0.10314283E-014    -0.18633406E-014     0.10841146E-014
     0.12507512E+002     0.12340287E-006    -0.48974254E-007    -0.17994187E-014     0.10158234E-014    -0.18414541E-014     0.10659142E-014
     0.12511853E+002     0.12446024E-006    -0.50475039E-007    -0.17949460E-014     0.99527614E-015    -0.18404229E-014     0.10443958E-014
     0.12516195E+002     0.12277720E-006    -0.50737822E-007    -0.17990359E-014     0.97527223E-015    -0.18420362E-014     0.10238717E-014
     0.12520536E+002     0.11847878E-006    -0.53733060E-007    -0.18172198E-014     0.95960385E-015    -0.18634411E-014     0.10054269E-014
     0.12524877E+002     0.11412157E-006    -0.54360716E-007    -0.18393470E-014     0.95798972E-015    -0.18857528E-014     0.10070246E-014
     0.12529219E+002     0.11080204E-006    -0.55265215E-007    -0.18613955E-014     0.96479171E-015    -0.19089058E-014     0.10117339E-014
     0.12533560E+002     0.10827868E-006    -0.54533091E-007    -0.18777546E-014     0.98568072E-015    -0.19275191E-014     0.10365438E-014
     0.12537902E+002     0.10822483E-006    -0.54498294E-007    -0.18801556E-014     0.10092276E-014    -0.19273695E-014     0.10600858E-014
     0.12542243E+002     0.11075031E-006    -0.52395629E-007    -0.18739409E-014     0.10330983E-014    -0.19234189E-014     0.10856286E-014
     0.12546584E+002     0.11569505E-006    -0.51812863E-007    -0.18535460E-014     0.10499479E-014    -0.18987657E-014     0.11042912E-014
     0.12550926E+002     0.11894983E-006    -0.49099634E-007    -0.18317374E-014     0.10537728E-014    -0.18777910E-014     0.11056931E-014
     0.12555267E+002     0.12196040E-006    -0.51435641E-007    -0.18095222E-014     0.10481306E-014    -0.18530560E-014     0.11020427E-014
     0.12559609E+002     0.12482946E-006    -0.52707878E-007    -0.17955964E-014     0.10289256E-014    -0.18378265E-014     0.10784464E-014
     0.12563950E+002     0.12445162E-006    -0.54257745E-007    -0.17943378E-014     0.10090188E-014    -0.18383063E-014     0.10599567E-014
     0.12568291E+002     0.12257361E-006    -0.58020470E-007    -0.18030644E-014     0.98861201E-015    -0.18451204E-014     0.10364873E-014
     0.12572633E+002     0.12200182E-006    -0.59359217E-007    -0.18246777E-014     0.97761527E-015    -0.18710094E-014     0.10254615E-014
     0.12576974E+002     0.11909498E-006    -0.57833507E-007    -0.18464104E-014     0.97875205E-015    -0.18912221E-014     0.10280454E-014
     0.12581315E+002     0.11560244E-006    -0.56115951E-007    -0.18684308E-014     0.99010351E-015    -0.19169568E-014     0.10385079E-014
     0.12585657E+002     0.11407818E-006    -0.54355941E-007    -0.18796722E-014     0.10137709E-014    -0.19278681E-014     0.10666660E-014
     0.12589998E+002     0.11417706E-006    -0.50553814E-007    -0.18793791E-014     0.10371807E-014    -0.19270875E-014     0.10884987E-014
     0.12594340E+002     0.11521894E-006    -0.48960744E-007    -0.18679591E-014     0.10608537E-014    -0.19165234E-014     0.11162680E-014
     0.12598681E+002     0.11869810E-006    -0.47177933E-007    -0.18455241E-014     0.10729232E-014    -0.18899845E-014     0.11269611E-014
     0.12603022E+002     0.12030197E-006    -0.46127423E-007    -0.18238901E-014     0.10741110E-014    -0.18697344E-014     0.11281094E-014
     0.12607364E+002     0.12281404E-006    -0.48685142E-007    -0.18026403E-014     0.10632544E-014    -0.18437882E-014     0.11174546E-014
     0.12611705E+002     0.12318344E-006    -0.50096068E-007    -0.17937112E-014     0.10422817E-014    -0.18365919E-014     0.10929099E-014
     0.12616046E+002     0.12147234E-006    -0.54545641E-007    -0.17951145E-014     0.10220912E-014    -0.18372111E-014     0.10743465E-014
     0.12620388E+002     0.12024748E-006    -0.57696297E-007    -0.18088852E-014     0.10029460E-014    -0.18516464E-014     0.10506354E-014
     0.12624729E+002     0.11767476E-006    -0.58603426E-007    -0.18316169E-014     0.99697863E-015    -0.18774662E-014     0.10473013E-014
     0.12629071E+002     0.11545752E-006    -0.59589501E-007    -0.18534750E-014     0.10009891E-014    -0.18985675E-014     0.10499160E-014
     0.12633412E+002     0.11513095E-006    -0.56188738E-007    -0.18737999E-014     0.10180678E-014    -0.19232219E-014     0.10683751E-014
     0.12637753E+002     0.11099626E-006    -0.52350612E-007    -0.18804861E-014     0.10426021E-014    -0.19271374E-014     0.10955283E-014
     0.12642095E+002     0.11161587E-006    -0.51670730E-007    -0.18775285E-014     0.10665136E-014    -0.19259300E-014     0.11189151E-014
     0.12646436E+002     0.11417605E-006    -0.50330226E-007    -0.18611304E-014     0.10876127E-014    -0.19071497E-014     0.11444381E-014
     0.12650777E+002     0.11785919E-006    -0.48955089E-007    -0.18382511E-014     0.10950296E-014    -0.18821922E-014     0.11490846E-014
     0.12655119E+002     0.12036316E-006    -0.49350707E-007    -0.18159851E-014     0.10926944E-014    -0.18599001E-014     0.11494473E-014
     0.12659460E+002     0.12136006E-006    -0.50975508E-007    -0.17973358E-014     0.10769725E-014    -0.18373642E-014     0.11306539E-014
     0.12663802E+002     0.12120301E-006    -0.55316677E-007    -0.17928938E-014     0.10559005E-014    -0.18356647E-014     0.11084379E-014
     0.12668143E+002     0.12137912E-006    -0.58644822E-007    -0.17975815E-014     0.10348836E-014    -0.18375775E-014     0.10870100E-014
     0.12672484E+002     0.11848199E-006    -0.60819961E-007    -0.18159494E-014     0.10191330E-014    -0.18596611E-014     0.10680193E-014
     0.12676826E+002     0.11721200E-006    -0.63247340E-007    -0.18386451E-014     0.10174971E-014    -0.18830413E-014     0.10691192E-014
     0.12681167E+002     0.11527088E-006    -0.61456424E-007    -0.18614539E-014     0.10250686E-014    -0.19070474E-014     0.10738843E-014
     0.12685508E+002     0.11444373E-006    -0.58598173E-007    -0.18779101E-014     0.10461732E-014    -0.19262069E-014     0.10993201E-014
     0.12689850E+002     0.11337691E-006    -0.55610064E-007    -0.18804074E-014     0.10706771E-014    -0.19262652E-014     0.11239445E-014
     0.12694191E+002     0.11482987E-006    -0.52678182E-007    -0.18734948E-014     0.10951933E-014    -0.19221400E-014     0.11505379E-014
     0.12698533E+002     0.11660319E-006    -0.51295205E-007    -0.18530678E-014     0.11122586E-014    -0.18970298E-014     0.11698402E-014
     0.12702874E+002     0.12047406E-006    -0.51374189E-007    -0.18303382E-014     0.11159713E-014    -0.18749288E-014     0.11714836E-014
     0.12707215E+002     0.12308700E-006    -0.51782758E-007    -0.18075954E-014     0.11097559E-014    -0.18491417E-014     0.11679169E-014
     0.12711557E+002     0.12497821E-006    -0.53775880E-007    -0.17934511E-014     0.10902868E-014    -0.18337221E-014     0.11439045E-014
     0.12715898E+002     0.12454746E-006    -0.55394749E-007    -0.17920748E-014     0.10696427E-014    -0.18338894E-014     0.11243064E-014
     0.12720240E+002     0.12257909E-006    -0.58704623E-007    -0.18013995E-014     0.10489285E-014    -0.18410435E-014     0.11000456E-014
     0.12724581E+002     0.11920454E-006    -0.61091989E-007    -0.18232821E-014     0.10378325E-014    -0.18674571E-014     0.10883853E-014
     0.12728922E+002     0.11841362E-006    -0.61861622E-007    -0.18458028E-014     0.10391467E-014    -0.18884188E-014     0.10906291E-014
     0.12733264E+002     0.11518305E-006    -0.58064384E-007    -0.18681622E-014     0.10514052E-014    -0.19147026E-014     0.11014909E-014
     0.12737605E+002     0.11214748E-006    -0.55357014E-007    -0.18799203E-014     0.10754394E-014    -0.19260320E-014     0.11304569E-014
     0.12741946E+002     0.11048366E-006    -0.53773378E-007    -0.18793402E-014     0.10994298E-014    -0.19255555E-014     0.11532772E-014
     0.12746288E+002     0.11299176E-006    -0.53931554E-007    -0.18673871E-014     0.11235766E-014    -0.19144891E-014     0.11818009E-014
     0.12750629E+002     0.11640887E-006    -0.52230193E-007    -0.18447810E-014     0.11359055E-014    -0.18874239E-014     0.11932280E-014
     0.12754971E+002     0.12048204E-006    -0.53178420E-007    -0.18223454E-014     0.11365474E-014    -0.18662919E-014     0.11945800E-014
     0.12759312E+002     0.12334568E-006    -0.54017720E-007    -0.18005340E-014     0.11251475E-014    -0.18395876E-014     0.11835818E-014
     0.12763653E+002     0.12465501E-006    -0.55746553E-007    -0.17911091E-014     0.11040942E-014    -0.18318359E-014     0.11588503E-014
     0.12767995E+002     0.12422532E-006    -0.57549850E-007    -0.17930959E-014     0.10836572E-014    -0.18326333E-014     0.11396798E-014
     0.12772336E+002     0.11998926E-006    -0.59792335E-007    -0.18077126E-014     0.10641171E-014    -0.18478173E-014     0.11153998E-014
     0.12776677E+002     0.11793906E-006    -0.63156582E-007    -0.18307403E-014     0.10577495E-014    -0.18743346E-014     0.11110585E-014
     0.12781019E+002     0.11500468E-006    -0.61018814E-007    -0.18532160E-014     0.10621570E-014    -0.18956896E-014     0.11135532E-014
     0.12785360E+002     0.11105751E-006    -0.59874559E-007    -0.18735602E-014     0.10796259E-014    -0.19208581E-014     0.11326933E-014
     0.12789702E+002     0.10995186E-006    -0.58833892E-007    -0.18803278E-014     0.11049528E-014    -0.19251965E-014     0.11607676E-014
     0.12794043E+002     0.11064697E-006    -0.57374590E-007    -0.18771023E-014     0.11294832E-014    -0.19244012E-014     0.11849386E-014
     0.12798384E+002     0.11538342E-006    -0.56018059E-007    -0.18602686E-014     0.11508723E-014    -0.19052509E-014     0.12109710E-014
     0.12802726E+002     0.11830720E-006    -0.54133622E-007    -0.18370073E-014     0.11583808E-014    -0.18797918E-014     0.12157854E-014
     0.12807067E+002     0.12109644E-006    -0.55163258E-007    -0.18141915E-014     0.11556849E-014    -0.18566008E-014     0.12160829E-014
     0.12811408E+002     0.12262629E-006    -0.57080594E-007    -0.17953329E-014     0.11393308E-014    -0.18333305E-014     0.11969470E-014
     0.12815750E+002     0.12389114E-006    -0.61278568E-007    -0.17904403E-014     0.11178194E-014    -0.18312424E-014     0.11743011E-014
     0.12820091E+002     0.12384097E-006    -0.63159115E-007    -0.17957701E-014     0.10967030E-014    -0.18331241E-014     0.11522276E-014
     0.12824433E+002     0.12005868E-006    -0.65569256E-007    -0.18147975E-014     0.10806262E-014    -0.18556318E-014     0.11328231E-014
     0.12828774E+002     0.11890155E-006    -0.66623696E-007    -0.18377858E-014     0.10785288E-014    -0.18794487E-014     0.11337137E-014
     0.12833115E+002     0.11674046E-006    -0.65359870E-007    -0.18605448E-014     0.10868737E-014    -0.19041182E-014     0.11387578E-014
     0.12837457E+002     0.11524431E-006    -0.62612718E-007    -0.18771553E-014     0.11087783E-014    -0.19240578E-014     0.11647582E-014
     0.12841798E+002     0.11471446E-006    -0.60117632E-007    -0.18800219E-014     0.11339855E-014    -0.19244023E-014     0.11895898E-014
     0.12846139E+002     0.11637247E-006    -0.57142413E-007    -0.18726332E-014     0.11587523E-014    -0.19199051E-014     0.12169182E-014
     0.12850481E+002     0.11946497E-006    -0.54600148E-007    -0.18517762E-014     0.11760250E-014    -0.18942708E-014     0.12366690E-014
     0.12854822E+002     0.12179744E-006    -0.53694507E-007    -0.18284316E-014     0.11796932E-014    -0.18715871E-014     0.12387900E-014
     0.12859164E+002     0.12425767E-006    -0.54902597E-007    -0.18052734E-014     0.11730193E-014    -0.18453025E-014     0.12350934E-014
     0.12863505E+002     0.12429877E-006    -0.56672526E-007    -0.17907690E-014     0.11534903E-014    -0.18292666E-014     0.12108430E-014
     0.12867846E+002     0.12517490E-006    -0.61508926E-007    -0.17898344E-014     0.11324578E-014    -0.18295066E-014     0.11909825E-014
     0.12872188E+002     0.12384464E-006    -0.63444336E-007    -0.17996006E-014     0.11112272E-014    -0.18369219E-014     0.11660491E-014
     0.12876529E+002     0.12120988E-006    -0.65194879E-007    -0.18216824E-014     0.11003056E-014    -0.18638073E-014     0.11540388E-014
     0.12880871E+002     0.11845735E-006    -0.64837816E-007    -0.18450604E-014     0.11016765E-014    -0.18853048E-014     0.11561076E-014
     0.12885212E+002     0.11566613E-006    -0.63257356E-007    -0.18674590E-014     0.11144296E-014    -0.19120504E-014     0.11670779E-014
     0.12889553E+002     0.11361826E-006    -0.59653899E-007    -0.18791325E-014     0.11389347E-014    -0.19235431E-014     0.11965090E-014
     0.12893895E+002     0.11198655E-006    -0.57614696E-007    -0.18787129E-014     0.11639515E-014    -0.19231298E-014     0.12198805E-014
     0.12898236E+002     0.11363887E-006    -0.56256377E-007    -0.18663348E-014     0.11878893E-014    -0.19118820E-014     0.12490112E-014
     0.12902577E+002     0.11554744E-006    -0.57075230E-007    -0.18431112E-014     0.12004131E-014    -0.18842102E-014     0.12606709E-014
     0.12906919E+002     0.12193817E-006    -0.59383828E-007    -0.18199990E-014     0.12010343E-014    -0.18625934E-014     0.12623355E-014
     0.12911260E+002     0.12499990E-006    -0.58975552E-007    -0.17982770E-014     0.11893837E-014    -0.18354583E-014     0.12513160E-014
     0.12915602E+002     0.12651938E-006    -0.60980278E-007    -0.17889809E-014     0.11678345E-014    -0.18278762E-014     0.12259407E-014
     0.12919943E+002     0.12475619E-006    -0.63416068E-007    -0.17910559E-014     0.11465437E-014    -0.18282384E-014     0.12059996E-014
     0.12924284E+002     0.12184041E-006    -0.67022711E-007    -0.18058353E-014     0.11271227E-014    -0.18433365E-014     0.11812804E-014
     0.12928626E+002     0.12031733E-006    -0.68766898E-007    -0.18291531E-014     0.11209845E-014    -0.18700455E-014     0.11772228E-014
     0.12932967E+002     0.11953023E-006    -0.68515301E-007    -0.18527215E-014     0.11258809E-014    -0.18920497E-014     0.11798498E-014
     0.12937308E+002     0.11668454E-006    -0.64109993E-007    -0.18731504E-014     0.11435022E-014    -0.19176825E-014     0.11991743E-014
     0.12941650E+002     0.11438943E-006    -0.61853801E-007    -0.18798220E-014     0.11688818E-014    -0.19220090E-014     0.12275680E-014
     0.12945991E+002     0.11475610E-006    -0.60307421E-007    -0.18757707E-014     0.11941603E-014    -0.19210102E-014     0.12523745E-014
     0.12950333E+002     0.11900474E-006    -0.59591698E-007    -0.18585472E-014     0.12158475E-014    -0.19015310E-014     0.12790358E-014
     0.12954674E+002     0.12324083E-006    -0.56524159E-007    -0.18348317E-014     0.12235255E-014    -0.18757442E-014     0.12840587E-014
     0.12959015E+002     0.12475083E-006    -0.55817579E-007    -0.18114787E-014     0.12205484E-014    -0.18521515E-014     0.12845302E-014
     0.12963357E+002     0.12576226E-006    -0.59539939E-007    -0.17926468E-014     0.12041714E-014    -0.18284609E-014     0.12652032E-014
     0.12967698E+002     0.12739224E-006    -0.61696419E-007    -0.17879663E-014     0.11822447E-014    -0.18264176E-014     0.12423655E-014
     0.12972039E+002     0.12425524E-006    -0.64188113E-007    -0.17938203E-014     0.11605612E-014    -0.18284009E-014     0.12201429E-014
     0.12976381E+002     0.12286404E-006    -0.68420250E-007    -0.18129405E-014     0.11447337E-014    -0.18515483E-014     0.12002084E-014
     0.12980722E+002     0.12063013E-006    -0.68084163E-007    -0.18367560E-014     0.11428172E-014    -0.18754505E-014     0.12008908E-014
     0.12985064E+002     0.11729626E-006    -0.66910705E-007    -0.18599788E-014     0.11514782E-014    -0.19001653E-014     0.12061264E-014
     0.12989405E+002     0.11679866E-006    -0.64663568E-007    -0.18764667E-014     0.11735813E-014    -0.19203392E-014     0.12328843E-014
     0.12993746E+002     0.11477209E-006    -0.61146717E-007    -0.18792176E-014     0.11992874E-014    -0.19207739E-014     0.12581530E-014
     0.12998088E+002     0.11692645E-006    -0.59369893E-007    -0.18711290E-014     0.12244958E-014    -0.19163104E-014     0.12858923E-014
     0.13002429E+002     0.11946664E-006    -0.56918963E-007    -0.18499160E-014     0.12417910E-014    -0.18902750E-014     0.13060751E-014
     0.13006771E+002     0.12243936E-006    -0.57207942E-007    -0.18259921E-014     0.12457562E-014    -0.18675727E-014     0.13083088E-014
     0.13011112E+002     0.12462857E-006    -0.58943249E-007    -0.18029874E-014     0.12386033E-014    -0.18411397E-014     0.13044818E-014
     0.13015453E+002     0.12708353E-006    -0.61500472E-007    -0.17885552E-014     0.12185274E-014    -0.18249125E-014     0.12793618E-014
     0.13019795E+002     0.12792558E-006    -0.63116739E-007    -0.17874988E-014     0.11966856E-014    -0.18248543E-014     0.12594398E-014
     0.13024136E+002     0.12461783E-006    -0.65161033E-007    -0.17975614E-014     0.11756893E-014    -0.18322008E-014     0.12342807E-014
     0.13028477E+002     0.12100079E-006    -0.68229227E-007    -0.18200349E-014     0.11647142E-014    -0.18596506E-014     0.12223814E-014
     0.13032819E+002     0.11888395E-006    -0.68843662E-007    -0.18437198E-014     0.11664403E-014    -0.18811709E-014     0.12247662E-014
     0.13037160E+002     0.11698628E-006    -0.67446887E-007    -0.18663329E-014     0.11799602E-014    -0.19087445E-014     0.12358384E-014
     0.13041502E+002     0.11638870E-006    -0.64360315E-007    -0.18781025E-014     0.12048706E-014    -0.19201924E-014     0.12656037E-014
     0.13045843E+002     0.11641328E-006    -0.59930492E-007    -0.18773967E-014     0.12303564E-014    -0.19195709E-014     0.12891308E-014
     0.13050184E+002     0.11727156E-006    -0.57342888E-007    -0.18644151E-014     0.12545040E-014    -0.19082405E-014     0.13186898E-014
     0.13054526E+002     0.11949125E-006    -0.55944333E-007    -0.18410102E-014     0.12671385E-014    -0.18800801E-014     0.13302078E-014
     0.13058867E+002     0.11971818E-006    -0.55422809E-007    -0.18174981E-014     0.12674193E-014    -0.18581708E-014     0.13318697E-014
     0.13063208E+002     0.12110585E-006    -0.61306042E-007    -0.17956722E-014     0.12551517E-014    -0.18305631E-014     0.13206859E-014
     0.13067550E+002     0.12419756E-006    -0.66565924E-007    -0.17862103E-014     0.12334739E-014    -0.18229090E-014     0.12950971E-014
     0.13071891E+002     0.12561695E-006    -0.69369459E-007    -0.17887878E-014     0.12117648E-014    -0.18233811E-014     0.12753140E-014
     0.13076233E+002     0.12513061E-006    -0.70320180E-007    -0.18040020E-014     0.11924023E-014    -0.18388668E-014     0.12504295E-014
     0.13080574E+002     0.12148610E-006    -0.70466968E-007    -0.18277670E-014     0.11862232E-014    -0.18660803E-014     0.12466026E-014
     0.13084915E+002     0.11812240E-006    -0.71614233E-007    -0.18515949E-014     0.11915639E-014    -0.18882566E-014     0.12491812E-014
     0.13089257E+002     0.11750442E-006    -0.68592403E-007    -0.18717411E-014     0.12097641E-014    -0.19142515E-014     0.12688191E-014
     0.13093598E+002     0.11614924E-006    -0.65258622E-007    -0.18786772E-014     0.12358602E-014    -0.19181803E-014     0.12974737E-014
     0.13097939E+002     0.11740246E-006    -0.62395466E-007    -0.18740714E-014     0.12613156E-014    -0.19169756E-014     0.13224694E-014
     0.13102281E+002     0.11920958E-006    -0.59750207E-007    -0.18564332E-014     0.12829733E-014    -0.18971107E-014     0.13497458E-014
     0.13106622E+002     0.12141085E-006    -0.58675739E-007    -0.18322047E-014     0.12906258E-014    -0.18712105E-014     0.13545685E-014
     0.13110964E+002     0.12377586E-006    -0.61699010E-007    -0.18082482E-014     0.12871320E-014    -0.18474458E-014     0.13549410E-014
     0.13115305E+002     0.12717173E-006    -0.64034306E-007    -0.17893379E-014     0.12705739E-014    -0.18235682E-014     0.13352284E-014
     0.13119646E+002     0.12857780E-006    -0.67013244E-007    -0.17846742E-014     0.12484824E-014    -0.18216675E-014     0.13121713E-014
     0.13123988E+002     0.12834975E-006    -0.68753770E-007    -0.17909833E-014     0.12268050E-014    -0.18238278E-014     0.12899761E-014
     0.13128329E+002     0.12608908E-006    -0.69499951E-007    -0.18107893E-014     0.12113090E-014    -0.18474686E-014     0.12697615E-014
     0.13132670E+002     0.12117719E-006    -0.68958638E-007    -0.18351688E-014     0.12094454E-014    -0.18714334E-014     0.12707456E-014
     0.13137012E+002     0.11804108E-006    -0.68847057E-007    -0.18585661E-014     0.12187323E-014    -0.18962186E-014     0.12760232E-014
     0.13141353E+002     0.11614148E-006    -0.66026163E-007    -0.18750395E-014     0.12414563E-014    -0.19161898E-014     0.13033732E-014
     0.13145695E+002     0.11432437E-006    -0.63251740E-007    -0.18776977E-014     0.12676254E-014    -0.19163094E-014     0.13289087E-014
     0.13150036E+002     0.11532380E-006    -0.61892990E-007    -0.18690801E-014     0.12929469E-014    -0.19117130E-014     0.13570967E-014
     0.13154377E+002     0.11845293E-006    -0.61635598E-007    -0.18475815E-014     0.13103471E-014    -0.18853280E-014     0.13773996E-014
     0.13158719E+002     0.12200237E-006    -0.62131098E-007    -0.18232559E-014     0.13138641E-014    -0.18626656E-014     0.13790529E-014
     0.13163060E+002     0.12587242E-006    -0.64292161E-007    -0.17998141E-014     0.13062414E-014    -0.18356122E-014     0.13751237E-014
     0.13167402E+002     0.12978860E-006    -0.66081360E-007    -0.17857527E-014     0.12860993E-014    -0.18195048E-014     0.13499104E-014
     0.13171743E+002     0.12917087E-006    -0.67008756E-007    -0.17850033E-014     0.12637527E-014    -0.18200420E-014     0.13298913E-014
     0.13176084E+002     0.12722532E-006    -0.69542224E-007    -0.17958784E-014     0.12426902E-014    -0.18274178E-014     0.13043732E-014
     0.13180426E+002     0.12368021E-006    -0.69734043E-007    -0.18186053E-014     0.12316751E-014    -0.18552444E-014     0.12928251E-014
     0.13184767E+002     0.11974680E-006    -0.69952486E-007    -0.18427118E-014     0.12337020E-014    -0.18769181E-014     0.12953227E-014
     0.13189108E+002     0.11517534E-006    -0.68534957E-007    -0.18651466E-014     0.12477438E-014    -0.19041299E-014     0.13067797E-014
     0.13193450E+002     0.11491127E-006    -0.68689280E-007    -0.18766047E-014     0.12731401E-014    -0.19153568E-014     0.13373540E-014
     0.13197791E+002     0.11617199E-006    -0.64913502E-007    -0.18755287E-014     0.12993834E-014    -0.19144845E-014     0.13611153E-014
     0.13202133E+002     0.11750657E-006    -0.61368386E-007    -0.18620852E-014     0.13236037E-014    -0.19029815E-014     0.13911778E-014
     0.13206474E+002     0.11840614E-006    -0.62112827E-007    -0.18384726E-014     0.13360593E-014    -0.18744830E-014     0.14023482E-014
     0.13210815E+002     0.12415613E-006    -0.64411654E-007    -0.18143745E-014     0.13358144E-014    -0.18528946E-014     0.14036300E-014
     0.13215157E+002     0.12786838E-006    -0.64545266E-007    -0.17924975E-014     0.13230435E-014    -0.18249410E-014     0.13918663E-014
     0.13219498E+002     0.12831263E-006    -0.66024751E-007    -0.17832283E-014     0.13010047E-014    -0.18174563E-014     0.13657786E-014
     0.13223839E+002     0.12646408E-006    -0.70555963E-007    -0.17858373E-014     0.12787913E-014    -0.18178439E-014     0.13461115E-014
     0.13228181E+002     0.12545160E-006    -0.73041704E-007    -0.18015735E-014     0.12601493E-014    -0.18335462E-014     0.13212605E-014
     0.13232522E+002     0.12307513E-006    -0.72385140E-007    -0.18259717E-014     0.12542332E-014    -0.18611752E-014     0.13184306E-014
     0.13236864E+002     0.11833320E-006    -0.72458716E-007    -0.18501202E-014     0.12599800E-014    -0.18836296E-014     0.13213610E-014
     0.13241205E+002     0.11628277E-006    -0.71223831E-007    -0.18700846E-014     0.12789169E-014    -0.19098371E-014     0.13412237E-014
     0.13245546E+002     0.11556486E-006    -0.69147756E-007    -0.18767977E-014     0.13055459E-014    -0.19129057E-014     0.13704216E-014
     0.13249888E+002     0.11826019E-006    -0.66567126E-007    -0.18718007E-014     0.13316031E-014    -0.19116731E-014     0.13956523E-014
     0.13254229E+002     0.12160597E-006    -0.62814714E-007    -0.18536310E-014     0.13529826E-014    -0.18913644E-014     0.14229123E-014
     0.13258570E+002     0.12255582E-006    -0.61194861E-007    -0.18288450E-014     0.13605948E-014    -0.18650131E-014     0.14270759E-014
     0.13262912E+002     0.12510585E-006    -0.62574096E-007    -0.18047028E-014     0.13568346E-014    -0.18411155E-014     0.14274292E-014
     0.13267253E+002     0.12752129E-006    -0.66763487E-007    -0.17863557E-014     0.13397730E-014    -0.18171243E-014     0.14071724E-014
     0.13271595E+002     0.12946672E-006    -0.68677380E-007    -0.17818824E-014     0.13170938E-014    -0.18158081E-014     0.13841369E-014
     0.13275936E+002     0.12735336E-006    -0.70209106E-007    -0.17888767E-014     0.12952077E-014    -0.18181344E-014     0.13618857E-014
     0.13280277E+002     0.12389201E-006    -0.71760647E-007    -0.18090227E-014     0.12798229E-014    -0.18423139E-014     0.13419234E-014
     0.13284619E+002     0.11882794E-006    -0.72700893E-007    -0.18337487E-014     0.12783859E-014    -0.18663460E-014     0.13438742E-014
     0.13288960E+002     0.11622152E-006    -0.74573386E-007    -0.18575631E-014     0.12884827E-014    -0.18914805E-014     0.13493978E-014
     0.13293301E+002     0.11587669E-006    -0.72527751E-007    -0.18739199E-014     0.13113525E-014    -0.19112468E-014     0.13774072E-014
     0.13297643E+002     0.11717058E-006    -0.68935825E-007    -0.18759222E-014     0.13379846E-014    -0.19106804E-014     0.14032452E-014
     0.13301984E+002     0.11888009E-006    -0.64807790E-007    -0.18666953E-014     0.13636529E-014    -0.19061945E-014     0.14315107E-014
     0.13306326E+002     0.11992165E-006    -0.63495919E-007    -0.18445729E-014     0.13806665E-014    -0.18789191E-014     0.14513062E-014
     0.13310667E+002     0.12366049E-006    -0.63301258E-007    -0.18197915E-014     0.13842034E-014    -0.18559575E-014     0.14524932E-014
     0.13315008E+002     0.12547640E-006    -0.65142924E-007    -0.17963990E-014     0.13757025E-014    -0.18288560E-014     0.14485696E-014
     0.13319350E+002     0.12656519E-006    -0.68549172E-007    -0.17823780E-014     0.13550304E-014    -0.18131588E-014     0.14225065E-014
     0.13323691E+002     0.12649576E-006    -0.71012796E-007    -0.17817400E-014     0.13323244E-014    -0.18139678E-014     0.14026202E-014
     0.13328033E+002     0.12520194E-006    -0.76372439E-007    -0.17931283E-014     0.13115281E-014    -0.18216974E-014     0.13773282E-014
     0.13332374E+002     0.12456031E-006    -0.76154811E-007    -0.18164474E-014     0.13010369E-014    -0.18503008E-014     0.13661763E-014
     0.13336715E+002     0.11903052E-006    -0.74918606E-007    -0.18411238E-014     0.13034587E-014    -0.18716346E-014     0.13694505E-014
     0.13341057E+002     0.11632546E-006    -0.75947176E-007    -0.18632318E-014     0.13182484E-014    -0.18991152E-014     0.13816745E-014
     0.13345398E+002     0.11789373E-006    -0.72890416E-007    -0.18744487E-014     0.13443823E-014    -0.19101497E-014     0.14130443E-014
     0.13349739E+002     0.11733350E-006    -0.68393303E-007    -0.18728879E-014     0.13711397E-014    -0.19087942E-014     0.14364003E-014
     0.13354081E+002     0.11859531E-006    -0.66253451E-007    -0.18587401E-014     0.13953052E-014    -0.18965715E-014     0.14664516E-014
     0.13358422E+002     0.12068052E-006    -0.66351964E-007    -0.18344630E-014     0.14074947E-014    -0.18671605E-014     0.14772093E-014
     0.13362764E+002     0.12645183E-006    -0.67605030E-007    -0.18098242E-014     0.14071291E-014    -0.18456071E-014     0.14782469E-014
     0.13367105E+002     0.12902968E-006    -0.67207306E-007    -0.17883106E-014     0.13939242E-014    -0.18175711E-014     0.14661860E-014
     0.13371446E+002     0.12849762E-006    -0.70092157E-007    -0.17793139E-014     0.13715240E-014    -0.18109845E-014     0.14394750E-014
     0.13375788E+002     0.12818758E-006    -0.73861837E-007    -0.17829661E-014     0.13490150E-014    -0.18118923E-014     0.14201377E-014
     0.13380129E+002     0.12602796E-006    -0.74908237E-007    -0.17993186E-014     0.13303985E-014    -0.18283070E-014     0.13950336E-014
     0.13384470E+002     0.11916208E-006    -0.76914489E-007    -0.18242107E-014     0.13247314E-014    -0.18564500E-014     0.13927430E-014
     0.13388812E+002     0.11803908E-006    -0.79248033E-007    -0.18487258E-014     0.13312692E-014    -0.18783410E-014     0.13961835E-014
     0.13393153E+002     0.11776746E-006    -0.76786832E-007    -0.18685404E-014     0.13508064E-014    -0.19045646E-014     0.14172130E-014
     0.13397495E+002     0.11669749E-006    -0.73657132E-007    -0.18747946E-014     0.13777932E-014    -0.19070161E-014     0.14469415E-014
     0.13401836E+002     0.11848691E-006    -0.70798844E-007    -0.18689395E-014     0.14044303E-014    -0.19052758E-014     0.14720518E-014
     0.13406177E+002     0.12261023E-006    -0.68975612E-007    -0.18503236E-014     0.14255055E-014    -0.18841963E-014     0.14994623E-014
     0.13410519E+002     0.12583407E-006    -0.66670004E-007    -0.18249299E-014     0.14328484E-014    -0.18574454E-014     0.15026714E-014
     0.13414860E+002     0.12724638E-006    -0.66708678E-007    -0.18005643E-014     0.14283295E-014    -0.18335629E-014     0.15027395E-014
     0.13419201E+002     0.12931226E-006    -0.70522644E-007    -0.17823882E-014     0.14105541E-014    -0.18096117E-014     0.14817056E-014
     0.13423543E+002     0.13065287E-006    -0.73634546E-007    -0.17780825E-014     0.13874813E-014    -0.18091449E-014     0.14581653E-014
     0.13427884E+002     0.12931778E-006    -0.74653820E-007    -0.17858772E-014     0.13654512E-014    -0.18115284E-014     0.14362283E-014
     0.13432226E+002     0.12449712E-006    -0.77830844E-007    -0.18065464E-014     0.13503658E-014    -0.18365247E-014     0.14166487E-014
     0.13436567E+002     0.12251227E-006    -0.78762150E-007    -0.18316508E-014     0.13492634E-014    -0.18609843E-014     0.14198453E-014
     0.13440908E+002     0.11987690E-006    -0.78090281E-007    -0.18553850E-014     0.13602464E-014    -0.18861864E-014     0.14256597E-014
     0.13445250E+002     0.11904243E-006    -0.74895857E-007    -0.18709025E-014     0.13839994E-014    -0.19057438E-014     0.14546795E-014
     0.13449591E+002     0.11834271E-006    -0.71417411E-007    -0.18728140E-014     0.14116734E-014    -0.19039316E-014     0.14805438E-014
     0.13453933E+002     0.12017675E-006    -0.68112425E-007    -0.18626334E-014     0.14373727E-014    -0.18988592E-014     0.15091016E-014
     0.13458274E+002     0.12171400E-006    -0.65967356E-007    -0.18400276E-014     0.14543326E-014    -0.18704933E-014     0.15289317E-014
     0.13462615E+002     0.12425209E-006    -0.67566667E-007    -0.18146798E-014     0.14574075E-014    -0.18478703E-014     0.15293432E-014
     0.13466957E+002     0.12805760E-006    -0.68327145E-007    -0.17912458E-014     0.14482564E-014    -0.18207682E-014     0.15248244E-014
     0.13471298E+002     0.12848423E-006    -0.71473041E-007    -0.17775670E-014     0.14272925E-014    -0.18053054E-014     0.14977888E-014
     0.13475639E+002     0.12725318E-006    -0.75099338E-007    -0.17777117E-014     0.14041747E-014    -0.18072452E-014     0.14781681E-014
     0.13479981E+002     0.12594259E-006    -0.79382830E-007    -0.17900523E-014     0.13835193E-014    -0.18154177E-014     0.14525755E-014
     0.13484322E+002     0.12418243E-006    -0.81583935E-007    -0.18140033E-014     0.13733712E-014    -0.18450415E-014     0.14422506E-014
     0.13488664E+002     0.12205900E-006    -0.81674059E-007    -0.18393397E-014     0.13764104E-014    -0.18664016E-014     0.14463126E-014
     0.13493005E+002     0.12092187E-006    -0.78689786E-007    -0.18614169E-014     0.13920499E-014    -0.18938631E-014     0.14589280E-014
     0.13497346E+002     0.11865946E-006    -0.74133867E-007    -0.18723439E-014     0.14185267E-014    -0.19038632E-014     0.14914736E-014
     0.13501688E+002     0.11754978E-006    -0.71884605E-007    -0.18698991E-014     0.14456590E-014    -0.19016467E-014     0.15147267E-014
     0.13506029E+002     0.12010881E-006    -0.70481591E-007    -0.18545177E-014     0.14696626E-014    -0.18885400E-014     0.15449493E-014
     0.13510370E+002     0.12510566E-006    -0.69033694E-007    -0.18295356E-014     0.14819533E-014    -0.18578272E-014     0.15551766E-014
     0.13514712E+002     0.12615280E-006    -0.67118364E-007    -0.18044585E-014     0.14810331E-014    -0.18366233E-014     0.15560469E-014
     0.13519053E+002     0.12718340E-006    -0.71537815E-007    -0.17834346E-014     0.14670712E-014    -0.18087980E-014     0.15430842E-014
     0.13523395E+002     0.12828378E-006    -0.76197235E-007    -0.17748690E-014     0.14438626E-014    -0.18030940E-014     0.15154497E-014
     0.13527736E+002     0.13006393E-006    -0.79450279E-007    -0.17789578E-014     0.14209245E-014    -0.18046045E-014     0.14962590E-014
     0.13532077E+002     0.12749648E-006    -0.81828644E-007    -0.17962344E-014     0.14026861E-014    -0.18218593E-014     0.14712767E-014
     0.13536419E+002     0.12536276E-006    -0.82686399E-007    -0.18213289E-014     0.13973703E-014    -0.18508120E-014     0.14700878E-014
     0.13540760E+002     0.12316636E-006    -0.79974611E-007    -0.18459840E-014     0.14052030E-014    -0.18725093E-014     0.14743031E-014
     0.13545101E+002     0.11925009E-006    -0.77391145E-007    -0.18656004E-014     0.14258692E-014    -0.18988977E-014     0.14964106E-014
     0.13549443E+002     0.11802999E-006    -0.74739692E-007    -0.18716341E-014     0.14536221E-014    -0.18999971E-014     0.15267926E-014
     0.13553784E+002     0.11912781E-006    -0.71858884E-007    -0.18649379E-014     0.14806944E-014    -0.18976474E-014     0.15518074E-014
     0.13558126E+002     0.12090047E-006    -0.70192863E-007    -0.18454919E-014     0.15015458E-014    -0.18750699E-014     0.15792221E-014
     0.13562467E+002     0.12344578E-006    -0.70724611E-007    -0.18195596E-014     0.15084224E-014    -0.18475247E-014     0.15817072E-014
     0.13566808E+002     0.12737347E-006    -0.73062517E-007    -0.17947356E-014     0.15028620E-014    -0.18239913E-014     0.15815765E-014
     0.13571150E+002     0.13068372E-006    -0.75146272E-007    -0.17768393E-014     0.14845683E-014    -0.18002390E-014     0.15592691E-014
     0.13575491E+002     0.13102939E-006    -0.79179424E-007    -0.17729933E-014     0.14609552E-014    -0.18011447E-014     0.15354289E-014
     0.13579832E+002     0.13128036E-006    -0.81966964E-007    -0.17817132E-014     0.14386720E-014    -0.18041736E-014     0.15133965E-014
     0.13584174E+002     0.12913136E-006    -0.82079990E-007    -0.18029924E-014     0.14243151E-014    -0.18303940E-014     0.14939195E-014
     0.13588515E+002     0.12542297E-006    -0.82760315E-007    -0.18288527E-014     0.14239833E-014    -0.18550835E-014     0.14984021E-014
     0.13592857E+002     0.12251485E-006    -0.80906312E-007    -0.18529659E-014     0.14362596E-014    -0.18802222E-014     0.15049041E-014
     0.13597198E+002     0.12190235E-006    -0.77068785E-007    -0.18685752E-014     0.14605498E-014    -0.18994791E-014     0.15352706E-014
     0.13601539E+002     0.11929033E-006    -0.73033804E-007    -0.18696089E-014     0.14885344E-014    -0.18964013E-014     0.15613764E-014
     0.13605881E+002     0.12138965E-006    -0.72480320E-007    -0.18581887E-014     0.15145973E-014    -0.18905357E-014     0.15899845E-014
     0.13610222E+002     0.12517119E-006    -0.69427543E-007    -0.18349852E-014     0.15311891E-014    -0.18606575E-014     0.16093906E-014
     0.13614564E+002     0.12667055E-006    -0.67521262E-007    -0.18088631E-014     0.15336346E-014    -0.18376591E-014     0.16086182E-014
     0.13618905E+002     0.12751983E-006    -0.71527607E-007    -0.17853940E-014     0.15234779E-014    -0.18101860E-014     0.16038605E-014
     0.13623246E+002     0.12968993E-006    -0.75530469E-007    -0.17720368E-014     0.15019171E-014    -0.17955727E-014     0.15754738E-014
     0.13627588E+002     0.12942675E-006    -0.78441685E-007    -0.17728870E-014     0.14781795E-014    -0.17985065E-014     0.15557461E-014
     0.13631929E+002     0.12797516E-006    -0.82787216E-007    -0.17862210E-014     0.14573316E-014    -0.18071487E-014     0.15301879E-014
     0.13636270E+002     0.12696860E-006    -0.83837132E-007    -0.18103573E-014     0.14479680E-014    -0.18381046E-014     0.15208645E-014
     0.13640612E+002     0.12325948E-006    -0.82281122E-007    -0.18364951E-014     0.14521737E-014    -0.18593736E-014     0.15263731E-014
     0.13644953E+002     0.12038352E-006    -0.80088602E-007    -0.18586612E-014     0.14689537E-014    -0.18873594E-014     0.15398179E-014
     0.13649295E+002     0.11786972E-006    -0.77366061E-007    -0.18689596E-014     0.14958016E-014    -0.18959996E-014     0.15736286E-014
     0.13653636E+002     0.11794142E-006    -0.74832475E-007    -0.18652942E-014     0.15239348E-014    -0.18925427E-014     0.15972214E-014
     0.13657977E+002     0.12119162E-006    -0.73267417E-007    -0.18489945E-014     0.15481431E-014    -0.18787076E-014     0.16282377E-014
     0.13662319E+002     0.12431107E-006    -0.71964245E-007    -0.18235076E-014     0.15600582E-014    -0.18471376E-014     0.16371023E-014
     0.13666660E+002     0.12701933E-006    -0.71899531E-007    -0.17978592E-014     0.15579982E-014    -0.18257259E-014     0.16366277E-014
     0.13671001E+002     0.12814534E-006    -0.74669695E-007    -0.17768197E-014     0.15429716E-014    -0.17972685E-014     0.16228231E-014
     0.13675343E+002     0.12930328E-006    -0.79155811E-007    -0.17684392E-014     0.15194516E-014    -0.17928044E-014     0.15943143E-014
     0.13679684E+002     0.12993214E-006    -0.82010382E-007    -0.17737741E-014     0.14961303E-014    -0.17954524E-014     0.15753709E-014
     0.13684026E+002     0.12692097E-006    -0.84803749E-007    -0.17920202E-014     0.14782993E-014    -0.18138505E-014     0.15499831E-014
     0.13688367E+002     0.12410255E-006    -0.87255170E-007    -0.18181530E-014     0.14735716E-014    -0.18438694E-014     0.15503599E-014
     0.13692708E+002     0.12296309E-006    -0.85574431E-007    -0.18433529E-014     0.14822875E-014    -0.18653330E-014     0.15552925E-014
     0.13697050E+002     0.12011951E-006    -0.81873186E-007    -0.18624321E-014     0.15039751E-014    -0.18915597E-014     0.15789939E-014
     0.13701391E+002     0.11895448E-006    -0.79323972E-007    -0.18678587E-014     0.15325554E-014    -0.18913463E-014     0.16106708E-014
     0.13705732E+002     0.12051079E-006    -0.76597886E-007    -0.18598687E-014     0.15601568E-014    -0.18880734E-014     0.16355526E-014
     0.13710074E+002     0.12291113E-006    -0.74312135E-007    -0.18393154E-014     0.15807138E-014    -0.18638976E-014     0.16634638E-014
     0.13714415E+002     0.12612804E-006    -0.73702771E-007    -0.18124418E-014     0.15873645E-014    -0.18357113E-014     0.16645939E-014
     0.13718757E+002     0.12878383E-006    -0.75504612E-007    -0.17873671E-014     0.15809004E-014    -0.18121943E-014     0.16635989E-014
     0.13723098E+002     0.13149239E-006    -0.78451959E-007    -0.17699750E-014     0.15615378E-014    -0.17882887E-014     0.16397774E-014
     0.13727439E+002     0.13150050E-006    -0.81477458E-007    -0.17665543E-014     0.15370957E-014    -0.17908894E-014     0.16154740E-014
     0.13731781E+002     0.13048850E-006    -0.85322553E-007    -0.17763820E-014     0.15147028E-014    -0.17945913E-014     0.15931296E-014
     0.13736122E+002     0.12779086E-006    -0.87637781E-007    -0.17986275E-014     0.15008528E-014    -0.18224298E-014     0.15738889E-014
     0.13740464E+002     0.12669680E-006    -0.87393611E-007    -0.18251409E-014     0.15011556E-014    -0.18473442E-014     0.15798197E-014
     0.13744805E+002     0.12262487E-006    -0.85084054E-007    -0.18493463E-014     0.15148699E-014    -0.18723649E-014     0.15873784E-014
     0.13749146E+002     0.12139356E-006    -0.82926233E-007    -0.18642107E-014     0.15403463E-014    -0.18912143E-014     0.16199412E-014
     0.13753488E+002     0.12328289E-006    -0.79013444E-007    -0.18648644E-014     0.15697187E-014    -0.18866719E-014     0.16463861E-014
     0.13757829E+002     0.12380830E-006    -0.72655400E-007    -0.18522806E-014     0.15957137E-014    -0.18798326E-014     0.16756031E-014
     0.13762170E+002     0.12364678E-006    -0.72309906E-007    -0.18280079E-014     0.16118846E-014    -0.18483087E-014     0.16946249E-014
     0.13766512E+002     0.12704626E-006    -0.73390406E-007    -0.18010445E-014     0.16138496E-014    -0.18248439E-014     0.16921947E-014
     0.13770853E+002     0.12909022E-006    -0.75727297E-007    -0.17773800E-014     0.16023761E-014    -0.17968992E-014     0.16867498E-014
     0.13775195E+002     0.13048289E-006    -0.80802392E-007    -0.17646649E-014     0.15801631E-014    -0.17828170E-014     0.16566213E-014
     0.13779536E+002     0.13280162E-006    -0.83517971E-007    -0.17662512E-014     0.15556257E-014    -0.17870513E-014     0.16371076E-014
     0.13783877E+002     0.13067409E-006    -0.84442631E-007    -0.17811879E-014     0.15350584E-014    -0.17968464E-014     0.16113819E-014
     0.13788219E+002     0.12619532E-006    -0.85950251E-007    -0.18062027E-014     0.15257733E-014    -0.18297829E-014     0.16029899E-014
     0.13792560E+002     0.12173654E-006    -0.85855582E-007    -0.18327798E-014     0.15309853E-014    -0.18509793E-014     0.16098993E-014
     0.13796901E+002     0.11949106E-006    -0.84634039E-007    -0.18546734E-014     0.15494432E-014    -0.18793053E-014     0.16245794E-014
     0.13801243E+002     0.11733345E-006    -0.82786857E-007    -0.18646156E-014     0.15775557E-014    -0.18869494E-014     0.16604638E-014
     0.13805584E+002     0.11940731E-006    -0.79528455E-007    -0.18602001E-014     0.16065080E-014    -0.18823034E-014     0.16840405E-014
     0.13809926E+002     0.12101632E-006    -0.77156361E-007    -0.18425217E-014     0.16304750E-014    -0.18670942E-014     0.17153251E-014
     0.13814267E+002     0.12455362E-006    -0.77052045E-007    -0.18161791E-014     0.16418208E-014    -0.18334117E-014     0.17231812E-014
     0.13818608E+002     0.12880372E-006    -0.77655025E-007    -0.17895565E-014     0.16386528E-014    -0.18121899E-014     0.17218224E-014
     0.13822950E+002     0.13047059E-006    -0.79568319E-007    -0.17685553E-014     0.16223284E-014    -0.17833235E-014     0.17066896E-014
     0.13827291E+002     0.13138552E-006    -0.83879093E-007    -0.17606185E-014     0.15981547E-014    -0.17803509E-014     0.16764895E-014
     0.13831632E+002     0.13242202E-006    -0.86553143E-007    -0.17671901E-014     0.15742124E-014    -0.17838597E-014     0.16575649E-014
     0.13835974E+002     0.12768230E-006    -0.88267584E-007    -0.17866282E-014     0.15566655E-014    -0.18038819E-014     0.16317821E-014
     0.13840315E+002     0.12595919E-006    -0.91353840E-007    -0.18133227E-014     0.15526326E-014    -0.18349594E-014     0.16337090E-014
     0.13844657E+002     0.12416350E-006    -0.87819382E-007    -0.18393945E-014     0.15631046E-014    -0.18563275E-014     0.16401874E-014
     0.13848998E+002     0.11911486E-006    -0.85147309E-007    -0.18582570E-014     0.15859836E-014    -0.18830819E-014     0.16658147E-014
     0.13853339E+002     0.11865257E-006    -0.83414625E-007    -0.18630203E-014     0.16154604E-014    -0.18812669E-014     0.16987001E-014
     0.13857681E+002     0.12040297E-006    -0.80635764E-007    -0.18534397E-014     0.16437780E-014    -0.18768980E-014     0.17237017E-014
     0.13862022E+002     0.12228863E-006    -0.79042827E-007    -0.18316340E-014     0.16642020E-014    -0.18507512E-014     0.17518175E-014
     0.13866363E+002     0.12719367E-006    -0.79343552E-007    -0.18038828E-014     0.16702120E-014    -0.18211692E-014     0.17509822E-014
     0.13870705E+002     0.12969293E-006    -0.80721357E-007    -0.17779814E-014     0.16622634E-014    -0.17969652E-014     0.17491064E-014
     0.13875046E+002     0.13296780E-006    -0.83424940E-007    -0.17608564E-014     0.16421043E-014    -0.17725903E-014     0.17236781E-014
     0.13879388E+002     0.13290562E-006    -0.86174290E-007    -0.17582317E-014     0.16168354E-014    -0.17768325E-014     0.16986092E-014
     0.13883729E+002     0.13070442E-006    -0.89393806E-007    -0.17696165E-014     0.15939655E-014    -0.17813572E-014     0.16764923E-014
     0.13888070E+002     0.12879668E-006    -0.91860631E-007    -0.17928873E-014     0.15806379E-014    -0.18114057E-014     0.16578027E-014
     0.13892412E+002     0.12479259E-006    -0.90973632E-007    -0.18205793E-014     0.15817813E-014    -0.18374510E-014     0.16660168E-014
     0.13896753E+002     0.12181315E-006    -0.91850926E-007    -0.18450972E-014     0.15969950E-014    -0.18633167E-014     0.16743733E-014
     0.13901095E+002     0.12119440E-006    -0.88723445E-007    -0.18593216E-014     0.16235855E-014    -0.18818380E-014     0.17090659E-014
     0.13905436E+002     0.12302555E-006    -0.84701985E-007    -0.18589374E-014     0.16539768E-014    -0.18753888E-014     0.17362404E-014
     0.13909777E+002     0.12268874E-006    -0.80599168E-007    -0.18444364E-014     0.16806271E-014    -0.18673816E-014     0.17658528E-014
     0.13914119E+002     0.12596339E-006    -0.80840962E-007    -0.18191153E-014     0.16965718E-014    -0.18333388E-014     0.17846340E-014
     0.13918460E+002     0.13000996E-006    -0.80849316E-007    -0.17908544E-014     0.16978564E-014    -0.18095303E-014     0.17806969E-014
     0.13922801E+002     0.13357776E-006    -0.82423931E-007    -0.17672156E-014     0.16849860E-014    -0.17809299E-014     0.17740661E-014
     0.13927143E+002     0.13489144E-006    -0.84624233E-007    -0.17549272E-014     0.16618767E-014    -0.17676239E-014     0.17418136E-014
     0.13931484E+002     0.13409997E-006    -0.88754636E-007    -0.17575426E-014     0.16362095E-014    -0.17733815E-014     0.17215903E-014
     0.13935826E+002     0.13236790E-006    -0.90008382E-007    -0.17738508E-014     0.16156625E-014    -0.17840835E-014     0.16954168E-014
     0.13940167E+002     0.12765157E-006    -0.92982482E-007    -0.17997374E-014     0.16071426E-014    -0.18191487E-014     0.16882227E-014
     0.13944508E+002     0.12635280E-006    -0.92456923E-007    -0.18272899E-014     0.16138475E-014    -0.18405117E-014     0.16968806E-014
     0.13948850E+002     0.12273574E-006    -0.89797946E-007    -0.18492397E-014     0.16344233E-014    -0.18693053E-014     0.17134706E-014
     0.13953191E+002     0.12173125E-006    -0.87207749E-007    -0.18590069E-014     0.16640921E-014    -0.18761030E-014     0.17521312E-014
     0.13957532E+002     0.12249695E-006    -0.83617233E-007    -0.18542162E-014     0.16943035E-014    -0.18707154E-014     0.17760230E-014
     0.13961874E+002     0.12415360E-006    -0.80997483E-007    -0.18355504E-014     0.17171714E-014    -0.18543579E-014     0.18073226E-014
     0.13966215E+002     0.12774004E-006    -0.81110270E-007    -0.18076446E-014     0.17271662E-014    -0.18182252E-014     0.18129560E-014
     0.13970557E+002     0.13099575E-006    -0.81068597E-007    -0.17788832E-014     0.17226090E-014    -0.17958618E-014     0.18097945E-014
     0.13974898E+002     0.13318060E-006    -0.84096352E-007    -0.17578164E-014     0.17053846E-014    -0.17654814E-014     0.17932121E-014
     0.13979239E+002     0.13314742E-006    -0.88255897E-007    -0.17504776E-014     0.16802705E-014    -0.17636988E-014     0.17614817E-014
     0.13983581E+002     0.13371077E-006    -0.93063934E-007    -0.17583638E-014     0.16552922E-014    -0.17683569E-014     0.17426403E-014
     0.13987922E+002     0.13301686E-006    -0.93915667E-007    -0.17791976E-014     0.16383009E-014    -0.17901368E-014     0.17166099E-014
     0.13992263E+002     0.12851737E-006    -0.94395847E-007    -0.18070173E-014     0.16349216E-014    -0.18231456E-014     0.17205395E-014
     0.13996605E+002     0.12636448E-006    -0.93915483E-007    -0.18339059E-014     0.16469522E-014    -0.18447000E-014     0.17284377E-014
     0.14000946E+002     0.12438535E-006    -0.90051213E-007    -0.18520737E-014     0.16715236E-014    -0.18720678E-014     0.17562223E-014
     0.14005288E+002     0.12287960E-006    -0.86530794E-007    -0.18560871E-014     0.17024963E-014    -0.18679504E-014     0.17910648E-014
     0.14009629E+002     0.12458315E-006    -0.83559059E-007    -0.18449309E-014     0.17320128E-014    -0.18623842E-014     0.18166509E-014
     0.14013970E+002     0.12710903E-006    -0.81000410E-007    -0.18215734E-014     0.17519809E-014    -0.18336392E-014     0.18454022E-014
     0.14018312E+002     0.13008626E-006    -0.81032493E-007    -0.17925524E-014     0.17576213E-014    -0.18024051E-014     0.18429802E-014
     0.14022653E+002     0.13373225E-006    -0.82818606E-007    -0.17656115E-014     0.17479008E-014    -0.17779488E-014     0.18402427E-014
     0.14026994E+002     0.13545807E-006    -0.83563726E-007    -0.17488670E-014     0.17266518E-014    -0.17532574E-014     0.18122417E-014
     0.14031336E+002     0.13332661E-006    -0.87674417E-007    -0.17468650E-014     0.17001709E-014    -0.17593995E-014     0.17859415E-014
     0.14035677E+002     0.13264011E-006    -0.92652533E-007    -0.17600671E-014     0.16767495E-014    -0.17650666E-014     0.17635015E-014
     0.14040019E+002     0.12932595E-006    -0.94208484E-007    -0.17845246E-014     0.16640525E-014    -0.17976970E-014     0.17443304E-014
     0.14044360E+002     0.12615071E-006    -0.95791310E-007    -0.18135481E-014     0.16660578E-014    -0.18243974E-014     0.17548288E-014
     0.14048701E+002     0.12470029E-006    -0.93823714E-007    -0.18383387E-014     0.16834581E-014    -0.18508238E-014     0.17646245E-014
     0.14053043E+002     0.12214143E-006    -0.89682963E-007    -0.18521384E-014     0.17117210E-014    -0.18691637E-014     0.18022622E-014
     0.14057384E+002     0.12142753E-006    -0.86960469E-007    -0.18510210E-014     0.17438254E-014    -0.18603986E-014     0.18306009E-014
     0.14061726E+002     0.12387941E-006    -0.85323559E-007    -0.18348460E-014     0.17709444E-014    -0.18514091E-014     0.18612227E-014
     0.14066067E+002     0.12782409E-006    -0.83038700E-007    -0.18083422E-014     0.17862237E-014    -0.18141877E-014     0.18794793E-014
     0.14070408E+002     0.13076135E-006    -0.83734866E-007    -0.17784819E-014     0.17863690E-014    -0.17893509E-014     0.18737980E-014
     0.14074750E+002     0.13462572E-006    -0.85799781E-007    -0.17543373E-014     0.17715769E-014    -0.17597339E-014     0.18660823E-014
     0.14079091E+002     0.13575085E-006    -0.87047087E-007    -0.17422250E-014     0.17471134E-014    -0.17468777E-014     0.18310352E-014
     0.14083432E+002     0.13340606E-006    -0.92839041E-007    -0.17456367E-014     0.17203857E-014    -0.17548147E-014     0.18106037E-014
     0.14087774E+002     0.13361819E-006    -0.95723663E-007    -0.17642315E-014     0.16998364E-014    -0.17669705E-014     0.17831143E-014
     0.14092115E+002     0.13031940E-006    -0.95117638E-007    -0.17912678E-014     0.16917065E-014    -0.18045078E-014     0.17765874E-014
     0.14096457E+002     0.12526231E-006    -0.94503875E-007    -0.18202220E-014     0.16994956E-014    -0.18259445E-014     0.17876769E-014
     0.14100798E+002     0.12199752E-006    -0.93819379E-007    -0.18418493E-014     0.17220940E-014    -0.18561914E-014     0.18059583E-014
     0.14105139E+002     0.12073245E-006    -0.91499215E-007    -0.18508071E-014     0.17528172E-014    -0.18614131E-014     0.18471350E-014
     0.14109481E+002     0.12307207E-006    -0.89214041E-007    -0.18437074E-014     0.17848392E-014    -0.18532483E-014     0.18714546E-014
     0.14113822E+002     0.12691903E-006    -0.85781081E-007    -0.18226081E-014     0.18086711E-014    -0.18344094E-014     0.19051162E-014
     0.14118163E+002     0.12954939E-006    -0.83910181E-007    -0.17936912E-014     0.18190202E-014    -0.17957447E-014     0.19102213E-014
     0.14122505E+002     0.13207188E-006    -0.84048783E-007    -0.17640122E-014     0.18133284E-014    -0.17736740E-014     0.19058631E-014
     0.14126846E+002     0.13428613E-006    -0.87752278E-007    -0.17435178E-014     0.17940485E-014    -0.17423781E-014     0.18870365E-014
     0.14131188E+002     0.13525721E-006    -0.91415612E-007    -0.17365554E-014     0.17675072E-014    -0.17421465E-014     0.18525692E-014
     0.14135529E+002     0.13430330E-006    -0.94516826E-007    -0.17460356E-014     0.17411721E-014    -0.17482469E-014     0.18336988E-014
     0.14139870E+002     0.13079773E-006    -0.96714090E-007    -0.17686100E-014     0.17246154E-014    -0.17724231E-014     0.18064327E-014
     0.14144212E+002     0.12764476E-006    -0.99147458E-007    -0.17978405E-014     0.17219493E-014    -0.18078212E-014     0.18125794E-014
     0.14148553E+002     0.12540684E-006    -0.97760833E-007    -0.18259782E-014     0.17360004E-014    -0.18297295E-014     0.18216901E-014
     0.14152894E+002     0.12282658E-006    -0.94006807E-007    -0.18438972E-014     0.17624847E-014    -0.18578545E-014     0.18524045E-014
     0.14157236E+002     0.12196449E-006    -0.92064167E-007    -0.18474824E-014     0.17950221E-014    -0.18516928E-014     0.18897512E-014
     0.14161577E+002     0.12405797E-006    -0.88387772E-007    -0.18341425E-014     0.18258254E-014    -0.18449166E-014     0.19159267E-014
     0.14165919E+002     0.12634711E-006    -0.86077840E-007    -0.18091306E-014     0.18455062E-014    -0.18131638E-014     0.19455678E-014
     0.14170260E+002     0.12943820E-006    -0.86440366E-007    -0.17783861E-014     0.18505354E-014    -0.17798080E-014     0.19408999E-014
     0.14174601E+002     0.13256965E-006    -0.88732351E-007    -0.17503344E-014     0.18387053E-014    -0.17544882E-014     0.19371479E-014
     0.14178943E+002     0.13650593E-006    -0.91843502E-007    -0.17338796E-014     0.18157356E-014    -0.17291929E-014     0.19060477E-014
     0.14183284E+002     0.13549369E-006    -0.93377319E-007    -0.17321298E-014     0.17876310E-014    -0.17375604E-014     0.18778735E-014
     0.14187626E+002     0.13348633E-006    -0.98290021E-007    -0.17473968E-014     0.17635958E-014    -0.17440607E-014     0.18545033E-014
     0.14191967E+002     0.13014972E-006    -0.99876955E-007    -0.17734349E-014     0.17516104E-014    -0.17797731E-014     0.18351093E-014
     0.14196308E+002     0.12635085E-006    -0.10103972E-006    -0.18041365E-014     0.17543616E-014    -0.18078413E-014     0.18480778E-014
     0.14200650E+002     0.12499348E-006    -0.10057199E-006    -0.18296799E-014     0.17742402E-014    -0.18349003E-014     0.18591759E-014
     0.14204991E+002     0.12370011E-006    -0.95653295E-007    -0.18427967E-014     0.18041806E-014    -0.18529238E-014     0.19006033E-014
     0.14209332E+002     0.12212222E-006    -0.93108310E-007    -0.18407476E-014     0.18381715E-014    -0.18417142E-014     0.19306143E-014
     0.14213674E+002     0.12588574E-006    -0.90805491E-007    -0.18218375E-014     0.18660888E-014    -0.18312982E-014     0.19627712E-014
     0.14218015E+002     0.12912495E-006    -0.89069805E-007    -0.17936914E-014     0.18812723E-014    -0.17905174E-014     0.19809980E-014
     0.14222357E+002     0.13291640E-006    -0.89593047E-007    -0.17618649E-014     0.18805912E-014    -0.17643929E-014     0.19729386E-014
     0.14226698E+002     0.13697804E-006    -0.92199785E-007    -0.17371538E-014     0.18634626E-014    -0.17330895E-014     0.19639616E-014
     0.14231039E+002     0.13858059E-006    -0.94069302E-007    -0.17253850E-014     0.18377258E-014    -0.17206030E-014     0.19254194E-014
     0.14235381E+002     0.13862898E-006    -0.96768563E-007    -0.17299503E-014     0.18089426E-014    -0.17303708E-014     0.19041681E-014
     0.14239722E+002     0.13611231E-006    -0.98862203E-007    -0.17502777E-014     0.17882246E-014    -0.17438122E-014     0.18754190E-014
     0.14244063E+002     0.13117206E-006    -0.98137541E-007    -0.17788133E-014     0.17813169E-014    -0.17850935E-014     0.18704775E-014
     0.14248405E+002     0.12539332E-006    -0.99765600E-007    -0.18103140E-014     0.17906726E-014    -0.18075508E-014     0.18836073E-014
     0.14252746E+002     0.12352990E-006    -0.97992684E-007    -0.18322300E-014     0.18150650E-014    -0.18393987E-014     0.19034170E-014
     0.14257088E+002     0.12165877E-006    -0.94940011E-007    -0.18402891E-014     0.18472379E-014    -0.18426317E-014     0.19481978E-014
     0.14261429E+002     0.12279274E-006    -0.93020192E-007    -0.18311866E-014     0.18814892E-014    -0.18323332E-014     0.19738558E-014
     0.14265770E+002     0.12645143E-006    -0.89548842E-007    -0.18074990E-014     0.19055008E-014    -0.18114737E-014     0.20093657E-014
     0.14270112E+002     0.12795098E-006    -0.87411913E-007    -0.17768420E-014     0.19158498E-014    -0.17690907E-014     0.20128161E-014
     0.14274453E+002     0.12991277E-006    -0.90839831E-007    -0.17450990E-014     0.19085171E-014    -0.17459409E-014     0.20068782E-014
     0.14278794E+002     0.13238941E-006    -0.95478850E-007    -0.17245914E-014     0.18871479E-014    -0.17126353E-014     0.19859666E-014
     0.14283136E+002     0.13496107E-006    -0.10133211E-006    -0.17178858E-014     0.18591640E-014    -0.17146090E-014     0.19483825E-014
     0.14287477E+002     0.13606945E-006    -0.10449067E-006    -0.17292174E-014     0.18310331E-014    -0.17218998E-014     0.19285428E-014
     0.14291819E+002     0.13448929E-006    -0.10483861E-006    -0.17538903E-014     0.18149187E-014    -0.17484164E-014     0.18999639E-014
     0.14296160E+002     0.12896292E-006    -0.10600143E-006    -0.17847194E-014     0.18127859E-014    -0.17869031E-014     0.19087252E-014
     0.14300501E+002     0.12706871E-006    -0.10592637E-006    -0.18146783E-014     0.18290724E-014    -0.18097388E-014     0.19192428E-014
     0.14304843E+002     0.12526893E-006    -0.10289633E-006    -0.18319074E-014     0.18578645E-014    -0.18391348E-014     0.19529539E-014
     0.14309184E+002     0.12670936E-006    -0.10017001E-006    -0.18351258E-014     0.18924095E-014    -0.18300033E-014     0.19932080E-014
     0.14313525E+002     0.12936314E-006    -0.94272944E-007    -0.18190780E-014     0.19248811E-014    -0.18216355E-014     0.20206919E-014
     0.14317867E+002     0.13011071E-006    -0.90622722E-007    -0.17916847E-014     0.19442764E-014    -0.17862763E-014     0.20518961E-014
     0.14322208E+002     0.13197130E-006    -0.92565753E-007    -0.17585784E-014     0.19494105E-014    -0.17499874E-014     0.20447280E-014
     0.14326550E+002     0.13709691E-006    -0.95620731E-007    -0.17290735E-014     0.19353023E-014    -0.17231784E-014     0.20399819E-014
     0.14330891E+002     0.14122250E-006    -0.97315852E-007    -0.17130085E-014     0.19105048E-014    -0.16965094E-014     0.20054374E-014
     0.14335232E+002     0.13924560E-006    -0.99088078E-007    -0.17115532E-014     0.18805105E-014    -0.17074861E-014     0.19753324E-014
     0.14339574E+002     0.13697068E-006    -0.10345882E-006    -0.17296090E-014     0.18553739E-014    -0.17150234E-014     0.19507873E-014
     0.14343915E+002     0.13461238E-006    -0.10518708E-006    -0.17575033E-014     0.18438280E-014    -0.17548648E-014     0.19308749E-014
     0.14348257E+002     0.12970566E-006    -0.10569710E-006    -0.17902815E-014     0.18473826E-014    -0.17847699E-014     0.19463969E-014
     0.14352598E+002     0.12732291E-006    -0.10440713E-006    -0.18168321E-014     0.18702837E-014    -0.18129081E-014     0.19589959E-014
     0.14356939E+002     0.12545969E-006    -0.10183016E-006    -0.18295070E-014     0.19019674E-014    -0.18313787E-014     0.20048786E-014
     0.14361281E+002     0.12749198E-006    -0.99179436E-007    -0.18263252E-014     0.19384889E-014    -0.18170430E-014     0.20366949E-014
     0.14365622E+002     0.13027573E-006    -0.94844459E-007    -0.18041575E-014     0.19674293E-014    -0.18048549E-014     0.20708557E-014
     0.14369963E+002     0.13391439E-006    -0.92605304E-007    -0.17740216E-014     0.19824930E-014    -0.17592898E-014     0.20893559E-014
     0.14374305E+002     0.13683324E-006    -0.92398035E-007    -0.17394581E-014     0.19810316E-014    -0.17315238E-014     0.20790845E-014
     0.14378646E+002     0.13905411E-006    -0.93959955E-007    -0.17138091E-014     0.19610313E-014    -0.16980559E-014     0.20685894E-014
     0.14382988E+002     0.14006031E-006    -0.98361603E-007    -0.17020203E-014     0.19339278E-014    -0.16854784E-014     0.20255776E-014
     0.14387329E+002     0.13959703E-006    -0.10158412E-006    -0.17077161E-014     0.19028659E-014    -0.16975526E-014     0.20036000E-014
     0.14391670E+002     0.13693291E-006    -0.10486058E-006    -0.17312981E-014     0.18819778E-014    -0.17129551E-014     0.19727558E-014
     0.14396012E+002     0.13401470E-006    -0.10586087E-006    -0.17615606E-014     0.18749059E-014    -0.17585455E-014     0.19683578E-014
     0.14400353E+002     0.12912942E-006    -0.10489823E-006    -0.17950079E-014     0.18855785E-014    -0.17815377E-014     0.19837950E-014
     0.14404694E+002     0.12691202E-006    -0.10341932E-006    -0.18166082E-014     0.19135423E-014    -0.18152206E-014     0.20061432E-014
     0.14409036E+002     0.12548769E-006    -0.99405823E-007    -0.18243475E-014     0.19479973E-014    -0.18169394E-014     0.20558732E-014
     0.14413377E+002     0.12603380E-006    -0.96942940E-007    -0.18137160E-014     0.19854422E-014    -0.18044885E-014     0.20827019E-014
     0.14417719E+002     0.12944613E-006    -0.95041044E-007    -0.17872906E-014     0.20092166E-014    -0.17807393E-014     0.21208360E-014
     0.14422060E+002     0.13255501E-006    -0.92710323E-007    -0.17541728E-014     0.20193497E-014    -0.17336769E-014     0.21226519E-014
     0.14426401E+002     0.13633823E-006    -0.95842725E-007    -0.17193905E-014     0.20104168E-014    -0.17090519E-014     0.21152786E-014
     0.14430743E+002     0.13896302E-006    -0.96955824E-007    -0.16989703E-014     0.19865668E-014    -0.16731703E-014     0.20916993E-014
     0.14435084E+002     0.13848643E-006    -0.10135110E-006    -0.16920834E-014     0.19566244E-014    -0.16769294E-014     0.20500492E-014
     0.14439425E+002     0.13838036E-006    -0.10609213E-006    -0.17056057E-014     0.19261056E-014    -0.16857204E-014     0.20293602E-014
     0.14443767E+002     0.13526368E-006    -0.10770888E-006    -0.17327011E-014     0.19104347E-014    -0.17152958E-014     0.19983452E-014
     0.14448108E+002     0.13262053E-006    -0.10800300E-006    -0.17654820E-014     0.19084428E-014    -0.17572122E-014     0.20096483E-014
     0.14452450E+002     0.12727810E-006    -0.10590319E-006    -0.17977431E-014     0.19275676E-014    -0.17807752E-014     0.20218959E-014
     0.14456791E+002     0.12436907E-006    -0.10410418E-006    -0.18140306E-014     0.19589287E-014    -0.18120846E-014     0.20599182E-014
     0.14461132E+002     0.12257944E-006    -0.10239456E-006    -0.18167827E-014     0.19964773E-014    -0.18001727E-014     0.21040616E-014
     0.14465474E+002     0.12684544E-006    -0.10236221E-006    -0.17980232E-014     0.20316589E-014    -0.17901479E-014     0.21329985E-014
     0.14469815E+002     0.13242413E-006    -0.99084864E-007    -0.17682299E-014     0.20506770E-014    -0.17502122E-014     0.21665163E-014
     0.14474156E+002     0.13742114E-006    -0.97618859E-007    -0.17323567E-014     0.20556252E-014    -0.17104056E-014     0.21564845E-014
     0.14478498E+002     0.13844736E-006    -0.97272543E-007    -0.17003993E-014     0.20385212E-014    -0.16815937E-014     0.21506624E-014
     0.14482839E+002     0.14058925E-006    -0.10269868E-006    -0.16845802E-014     0.20117734E-014    -0.16527264E-014     0.21115538E-014
     0.14487181E+002     0.14202342E-006    -0.10544424E-006    -0.16833109E-014     0.19789649E-014    -0.16663463E-014     0.20787124E-014
     0.14491522E+002     0.13869963E-006    -0.10759128E-006    -0.17043015E-014     0.19520155E-014    -0.16747158E-014     0.20525938E-014
     0.14495863E+002     0.13516903E-006    -0.11103778E-006    -0.17338008E-014     0.19412330E-014    -0.17191326E-014     0.20315391E-014
     0.14500205E+002     0.13307981E-006    -0.11114459E-006    -0.17695622E-014     0.19456310E-014    -0.17511182E-014     0.20506078E-014
     0.14504546E+002     0.12932151E-006    -0.10606163E-006    -0.17974691E-014     0.19720966E-014    -0.17814849E-014     0.20648643E-014
     0.14508888E+002     0.12409549E-006    -0.10518306E-006    -0.18094482E-014     0.20059470E-014    -0.18005572E-014     0.21162427E-014
     0.14513229E+002     0.12685803E-006    -0.10478410E-006    -0.18053029E-014     0.20461558E-014    -0.17828246E-014     0.21504116E-014
     0.14517570E+002     0.13161573E-006    -0.10008252E-006    -0.17795489E-014     0.20764284E-014    -0.17689108E-014     0.21871225E-014
     0.14521912E+002     0.13421150E-006    -0.97910317E-007    -0.17471042E-014     0.20910701E-014    -0.17170502E-014     0.22062010E-014
     0.14526253E+002     0.13753612E-006    -0.97214247E-007    -0.17085209E-014     0.20888821E-014    -0.16868613E-014     0.21930996E-014
     0.14530594E+002     0.13898721E-006    -0.10118434E-006    -0.16816187E-014     0.20655179E-014    -0.16500888E-014     0.21812514E-014
     0.14534936E+002     0.14112638E-006    -0.10603722E-006    -0.16698880E-014     0.20366725E-014    -0.16373607E-014     0.21326453E-014
     0.14539277E+002     0.14169528E-006    -0.11038767E-006    -0.16765705E-014     0.20018521E-014    -0.16516684E-014     0.21089960E-014
     0.14543619E+002     0.14118923E-006    -0.11089068E-006    -0.17030678E-014     0.19804642E-014    -0.16684471E-014     0.20755547E-014
     0.14547960E+002     0.13570174E-006    -0.11109579E-006    -0.17349496E-014     0.19739107E-014    -0.17197987E-014     0.20722023E-014
     0.14552301E+002     0.13170364E-006    -0.11142495E-006    -0.17719604E-014     0.19864787E-014    -0.17438732E-014     0.20900878E-014
     0.14556643E+002     0.12843048E-006    -0.10899234E-006    -0.17934606E-014     0.20183715E-014    -0.17799441E-014     0.21152968E-014
     0.14560984E+002     0.12886583E-006    -0.10700387E-006    -0.18011743E-014     0.20552917E-014    -0.17802266E-014     0.21716033E-014
     0.14565325E+002     0.13014276E-006    -0.10167809E-006    -0.17882272E-014     0.20963036E-014    -0.17653190E-014     0.21998877E-014
     0.14569667E+002     0.13254050E-006    -0.98107960E-007    -0.17574496E-014     0.21207665E-014    -0.17379603E-014     0.22416922E-014
     0.14574008E+002     0.13440509E-006    -0.99175266E-007    -0.17222358E-014     0.21316777E-014    -0.16848011E-014     0.22422285E-014
     0.14578350E+002     0.13939710E-006    -0.10038983E-006    -0.16835099E-014     0.21200642E-014    -0.16586865E-014     0.22329148E-014
     0.14582691E+002     0.14089381E-006    -0.10331031E-006    -0.16625297E-014     0.20929953E-014    -0.16186880E-014     0.22056941E-014
     0.14587032E+002     0.14305229E-006    -0.10800872E-006    -0.16548683E-014     0.20609788E-014    -0.16240226E-014     0.21586834E-014
     0.14591374E+002     0.14237871E-006    -0.11047480E-006    -0.16708584E-014     0.20271449E-014    -0.16338009E-014     0.21368751E-014
     0.14595715E+002     0.13753255E-006    -0.11191538E-006    -0.17008022E-014     0.20120751E-014    -0.16670244E-014     0.21025509E-014
     0.14600056E+002     0.13304096E-006    -0.11353829E-006    -0.17361431E-014     0.20099455E-014    -0.17133585E-014     0.21167963E-014
     0.14604398E+002     0.13010098E-006    -0.11383282E-006    -0.17713398E-014     0.20322812E-014    -0.17378052E-014     0.21310242E-014
     0.14608739E+002     0.12928900E-006    -0.11007935E-006    -0.17868227E-014     0.20671614E-014    -0.17722013E-014     0.21741163E-014
     0.14613081E+002     0.12782248E-006    -0.10685356E-006    -0.17898273E-014     0.21079137E-014    -0.17565768E-014     0.22232024E-014
     0.14617422E+002     0.13089901E-006    -0.10401063E-006    -0.17670234E-014     0.21462563E-014    -0.17446319E-014     0.22542861E-014
     0.14621763E+002     0.13475543E-006    -0.10192663E-006    -0.17338207E-014     0.21649969E-014    -0.16987141E-014     0.22915116E-014
     0.14626105E+002     0.13985680E-006    -0.10086442E-006    -0.16940769E-014     0.21706893E-014    -0.16542879E-014     0.22783876E-014
     0.14630446E+002     0.14087013E-006    -0.10096828E-006    -0.16587892E-014     0.21499972E-014    -0.16228903E-014     0.22718244E-014
     0.14634788E+002     0.14253751E-006    -0.10602797E-006    -0.16433101E-014     0.21210317E-014    -0.15908407E-014     0.22267736E-014
     0.14639129E+002     0.14261622E-006    -0.11029064E-006    -0.16414599E-014     0.20846556E-014    -0.16074669E-014     0.21905761E-014
     0.14643470E+002     0.14088887E-006    -0.11390430E-006    -0.16663596E-014     0.20553767E-014    -0.16165438E-014     0.21618439E-014
     0.14647812E+002     0.13756614E-006    -0.11480758E-006    -0.16978455E-014     0.20453476E-014    -0.16665945E-014     0.21387704E-014
     0.14652153E+002     0.13327215E-006    -0.11519870E-006    -0.17371620E-014     0.20499579E-014    -0.17012100E-014     0.21621184E-014
     0.14656494E+002     0.13030330E-006    -0.11454005E-006    -0.17668010E-014     0.20812714E-014    -0.17338408E-014     0.21779243E-014
     0.14660836E+002     0.12938661E-006    -0.11012275E-006    -0.17776522E-014     0.21176768E-014    -0.17538637E-014     0.22368576E-014
     0.14665177E+002     0.12960015E-006    -0.10705269E-006    -0.17725432E-014     0.21626438E-014    -0.17316824E-014     0.22743391E-014
     0.14669519E+002     0.13242874E-006    -0.10431624E-006    -0.17412058E-014     0.21954113E-014    -0.17154902E-014     0.23152008E-014
     0.14673860E+002     0.13681256E-006    -0.10151508E-006    -0.17062585E-014     0.22105122E-014    -0.16556621E-014     0.23357809E-014
     0.14678201E+002     0.13921652E-006    -0.10212534E-006    -0.16625347E-014     0.22078126E-014    -0.16224556E-014     0.23195309E-014
     0.14682543E+002     0.14180682E-006    -0.10571129E-006    -0.16337812E-014     0.21801053E-014    -0.15807148E-014     0.23061641E-014
     0.14686884E+002     0.14437150E-006    -0.10909982E-006    -0.16217041E-014     0.21492235E-014    -0.15671831E-014     0.22501421E-014
     0.14691225E+002     0.14278350E-006    -0.11235844E-006    -0.16286654E-014     0.21090908E-014    -0.15834837E-014     0.22241914E-014
     0.14695567E+002     0.14018526E-006    -0.11589681E-006    -0.16582404E-014     0.20874449E-014    -0.16002462E-014     0.21868089E-014
     0.14699908E+002     0.13614601E-006    -0.11663590E-006    -0.16910333E-014     0.20828741E-014    -0.16574571E-014     0.21872375E-014
     0.14704250E+002     0.13073917E-006    -0.11673398E-006    -0.17347520E-014     0.20999517E-014    -0.16853540E-014     0.22116079E-014
     0.14708591E+002     0.13011947E-006    -0.11564882E-006    -0.17592307E-014     0.21362601E-014    -0.17298910E-014     0.22396108E-014
     0.14712932E+002     0.12963203E-006    -0.11097605E-006    -0.17682088E-014     0.21737577E-014    -0.17297010E-014     0.23007041E-014
     0.14717274E+002     0.13025315E-006    -0.10690296E-006    -0.17516020E-014     0.22190429E-014    -0.17102755E-014     0.23292328E-014
     0.14721615E+002     0.13294222E-006    -0.10466632E-006    -0.17153395E-014     0.22436613E-014    -0.16778106E-014     0.23766160E-014
     0.14725956E+002     0.13583270E-006    -0.10439618E-006    -0.16768025E-014     0.22555998E-014    -0.16165267E-014     0.23753141E-014
     0.14730298E+002     0.13974509E-006    -0.10790926E-006    -0.16320617E-014     0.22412078E-014    -0.15876562E-014     0.23636307E-014
     0.14734639E+002     0.14501253E-006    -0.11034178E-006    -0.16109337E-014     0.22098890E-014    -0.15412259E-014     0.23323886E-014
     0.14738981E+002     0.14500620E-006    -0.11305135E-006    -0.16016064E-014     0.21748113E-014    -0.15487774E-014     0.22785994E-014
     0.14743322E+002     0.14338814E-006    -0.11710586E-006    -0.16204880E-014     0.21357396E-014    -0.15597972E-014     0.22547132E-014
     0.14747663E+002     0.14110440E-006    -0.11980879E-006    -0.16536626E-014     0.21214200E-014    -0.15974858E-014     0.22153142E-014
     0.14752005E+002     0.13701687E-006    -0.11860421E-006    -0.16918300E-014     0.21183539E-014    -0.16500315E-014     0.22328905E-014
     0.14756346E+002     0.13292977E-006    -0.11751394E-006    -0.17315594E-014     0.21453132E-014    -0.16757773E-014     0.22484981E-014
     0.14760687E+002     0.13081393E-006    -0.11393651E-006    -0.17459267E-014     0.21837540E-014    -0.17142944E-014     0.22980987E-014
     0.14765029E+002     0.12956304E-006    -0.11007536E-006    -0.17491229E-014     0.22285385E-014    -0.16939018E-014     0.23535980E-014
     0.14769370E+002     0.13100492E-006    -0.10667679E-006    -0.17205000E-014     0.22722200E-014    -0.16797735E-014     0.23876888E-014
     0.14773712E+002     0.13258437E-006    -0.10486107E-006    -0.16834713E-014     0.22907287E-014    -0.16257560E-014     0.24298808E-014
     0.14778053E+002     0.13563916E-006    -0.10799728E-006    -0.16387231E-014     0.22978034E-014    -0.15745955E-014     0.24128952E-014
     0.14782394E+002     0.14156584E-006    -0.11122118E-006    -0.15983930E-014     0.22717695E-014    -0.15388500E-014     0.24054014E-014
     0.14786736E+002     0.14529257E-006    -0.11369517E-006    -0.15825326E-014     0.22400545E-014    -0.15012661E-014     0.23529806E-014
     0.14791077E+002     0.14356941E-006    -0.11694014E-006    -0.15788175E-014     0.21992292E-014    -0.15215577E-014     0.23119352E-014
     0.14795419E+002     0.14166451E-006    -0.12193731E-006    -0.16091873E-014     0.21665795E-014    -0.15301507E-014     0.22798351E-014
     0.14799760E+002     0.13974087E-006    -0.12357697E-006    -0.16426636E-014     0.21572192E-014    -0.15882177E-014     0.22538715E-014
     0.14804101E+002     0.13507340E-006    -0.12332867E-006    -0.16868582E-014     0.21612212E-014    -0.16265652E-014     0.22820080E-014
     0.14808443E+002     0.13300558E-006    -0.12159992E-006    -0.17185419E-014     0.21993663E-014    -0.16626397E-014     0.22989495E-014
     0.14812784E+002     0.13152394E-006    -0.11693403E-006    -0.17286274E-014     0.22387765E-014    -0.16840527E-014     0.23676191E-014
     0.14817125E+002     0.13228084E-006    -0.11328855E-006    -0.17231122E-014     0.22901094E-014    -0.16560201E-014     0.24092188E-014
     0.14821467E+002     0.13369522E-006    -0.11087038E-006    -0.16842195E-014     0.23254001E-014    -0.16371159E-014     0.24557832E-014
     0.14825808E+002     0.13904717E-006    -0.11005276E-006    -0.16460744E-014     0.23409924E-014    -0.15660929E-014     0.24784253E-014
     0.14830150E+002     0.14369810E-006    -0.11027926E-006    -0.15945899E-014     0.23379893E-014    -0.15281475E-014     0.24579049E-014
     0.14834491E+002     0.14726887E-006    -0.11157808E-006    -0.15631150E-014     0.23036686E-014    -0.14791250E-014     0.24429471E-014
     0.14838832E+002     0.14701713E-006    -0.11442422E-006    -0.15494887E-014     0.22707174E-014    -0.14636779E-014     0.23770742E-014
     0.14843174E+002     0.14559045E-006    -0.11882762E-006    -0.15568681E-014     0.22239061E-014    -0.14836334E-014     0.23487127E-014
     0.14847515E+002     0.14234741E-006    -0.12233242E-006    -0.15937194E-014     0.22011805E-014    -0.15034634E-014     0.23043127E-014
     0.14851856E+002     0.13855470E-006    -0.12392592E-006    -0.16287275E-014     0.21936589E-014    -0.15709648E-014     0.23025809E-014
     0.14856198E+002     0.13492737E-006    -0.12388391E-006    -0.16772195E-014     0.22109060E-014    -0.15976736E-014     0.23280150E-014
     0.14860539E+002     0.13327518E-006    -0.12114099E-006    -0.16983481E-014     0.22549667E-014    -0.16442841E-014     0.23606500E-014
     0.14864881E+002     0.13237178E-006    -0.11554307E-006    -0.17068288E-014     0.22976569E-014    -0.16399545E-014     0.24360114E-014
     0.14869222E+002     0.13268838E-006    -0.11210569E-006    -0.16870654E-014     0.23529875E-014    -0.16167331E-014     0.24693434E-014
     0.14873563E+002     0.13438314E-006    -0.10970873E-006    -0.16438103E-014     0.23778326E-014    -0.15786740E-014     0.25253038E-014
     0.14877905E+002     0.13782159E-006    -0.11174791E-006    -0.16007381E-014     0.23923589E-014    -0.15049212E-014     0.25223127E-014
     0.14882246E+002     0.14452138E-006    -0.11266336E-006    -0.15465714E-014     0.23748721E-014    -0.14718442E-014     0.25090224E-014
     0.14886587E+002     0.14618066E-006    -0.11594646E-006    -0.15250387E-014     0.23381953E-014    -0.14155018E-014     0.24724548E-014
     0.14890929E+002     0.14788481E-006    -0.11878265E-006    -0.15118768E-014     0.22998617E-014    -0.14244780E-014     0.24090202E-014
     0.14895270E+002     0.14398310E-006    -0.12207016E-006    -0.15346865E-014     0.22531607E-014    -0.14355587E-014     0.23833993E-014
     0.14899612E+002     0.14035945E-006    -0.12629093E-006    -0.15719599E-014     0.22402330E-014    -0.14790439E-014     0.23364134E-014
     0.14903953E+002     0.13707376E-006    -0.12719344E-006    -0.16132128E-014     0.22349002E-014    -0.15397516E-014     0.23590338E-014
     0.14908294E+002     0.13369660E-006    -0.12584137E-006    -0.16595823E-014     0.22687093E-014    -0.15673627E-014     0.23768522E-014
     0.14912636E+002     0.13051848E-006    -0.12306764E-006    -0.16716870E-014     0.23125856E-014    -0.16125367E-014     0.24353968E-014
     0.14916977E+002     0.13170556E-006    -0.12162586E-006    -0.16767897E-014     0.23631753E-014    -0.15850466E-014     0.25007328E-014
     0.14921319E+002     0.13636647E-006    -0.11727078E-006    -0.16397215E-014     0.24146346E-014    -0.15682746E-014     0.25396404E-014
     0.14925660E+002     0.14000283E-006    -0.11385021E-006    -0.15971473E-014     0.24323503E-014    -0.15026064E-014     0.25901845E-014
     0.14930001E+002     0.14399377E-006    -0.11260514E-006    -0.15443725E-014     0.24429027E-014    -0.14411961E-014     0.25677373E-014
     0.14934343E+002     0.14627351E-006    -0.11483137E-006    -0.14959944E-014     0.24093103E-014    -0.13984346E-014     0.25603186E-014
     0.14938684E+002     0.14782426E-006    -0.11909460E-006    -0.14798321E-014     0.23744429E-014    -0.13518406E-014     0.24970888E-014
     0.14943025E+002     0.14725528E-006    -0.12469383E-006    -0.14718281E-014     0.23263213E-014    -0.13762575E-014     0.24494034E-014
     0.14947367E+002     0.14732399E-006    -0.12740726E-006    -0.15094122E-014     0.22885801E-014    -0.13838564E-014     0.24121011E-014
     0.14951708E+002     0.14248882E-006    -0.12825711E-006    -0.15445511E-014     0.22806367E-014    -0.14527637E-014     0.23803194E-014
     0.14956050E+002     0.13822289E-006    -0.12792251E-006    -0.15960421E-014     0.22831224E-014    -0.14952474E-014     0.24155073E-014
     0.14960391E+002     0.13428532E-006    -0.12565289E-006    -0.16311171E-014     0.23313410E-014    -0.15364424E-014     0.24343169E-014
     0.14964732E+002     0.13255102E-006    -0.12332363E-006    -0.16391783E-014     0.23739528E-014    -0.15606937E-014     0.25176236E-014
     0.14969074E+002     0.13429100E-006    -0.11989175E-006    -0.16335114E-014     0.24360534E-014    -0.15239853E-014     0.25654888E-014
     0.14973415E+002     0.13581684E-006    -0.11575701E-006    -0.15828068E-014     0.24754419E-014    -0.15009654E-014     0.26209893E-014
     0.14977756E+002     0.14068759E-006    -0.11620043E-006    -0.15401176E-014     0.24917896E-014    -0.14122677E-014     0.26479660E-014
     0.14982098E+002     0.14424536E-006    -0.11687525E-006    -0.14754101E-014     0.24898701E-014    -0.13668693E-014     0.26217859E-014
     0.14986439E+002     0.14839669E-006    -0.12028282E-006    -0.14394235E-014     0.24455887E-014    -0.13052403E-014     0.26048766E-014
     0.14990781E+002     0.14968310E-006    -0.12466169E-006    -0.14223535E-014     0.24106806E-014    -0.12848863E-014     0.25236127E-014
     0.14995122E+002     0.15045827E-006    -0.12870332E-006    -0.14284612E-014     0.23519547E-014    -0.13077716E-014     0.24914592E-014
     0.14999463E+002     0.14773831E-006    -0.12995589E-006    -0.14734192E-014     0.23288876E-014    -0.13280362E-014     0.24369796E-014
     0.15003805E+002     0.14250647E-006    -0.13052967E-006    -0.15094345E-014     0.23199534E-014    -0.14099018E-014     0.24357558E-014
     0.15008146E+002     0.13840476E-006    -0.12930550E-006    -0.15691313E-014     0.23401599E-014    -0.14377398E-014     0.24670590E-014
     0.15012487E+002     0.13394535E-006    -0.12810395E-006    -0.15885699E-014     0.23955749E-014    -0.14939860E-014     0.25057729E-014
     0.15016829E+002     0.13497770E-006    -0.12466085E-006    -0.15986799E-014     0.24419532E-014    -0.14852638E-014     0.25988091E-014
     0.15021170E+002     0.13676525E-006    -0.12060329E-006    -0.15720263E-014     0.25116369E-014    -0.14545393E-014     0.26372968E-014
     0.15025512E+002     0.13938765E-006    -0.11732617E-006    -0.15164674E-014     0.25371462E-014    -0.14062874E-014     0.27076707E-014
     0.15029853E+002     0.14338660E-006    -0.11716778E-006    -0.14667361E-014     0.25568190E-014    -0.13118496E-014     0.27026586E-014
     0.15034194E+002     0.14737479E-006    -0.11960800E-006    -0.13956719E-014     0.25344245E-014    -0.12708815E-014     0.26874412E-014
     0.15038536E+002     0.15055187E-006    -0.12286193E-006    -0.13730511E-014     0.24892879E-014    -0.11969938E-014     0.26429021E-014
     0.15042877E+002     0.15130861E-006    -0.12719982E-006    -0.13517766E-014     0.24461026E-014    -0.12070379E-014     0.25631287E-014
     0.15047218E+002     0.14961521E-006    -0.13038409E-006    -0.13791823E-014     0.23856856E-014    -0.12162212E-014     0.25330285E-014
     0.15051560E+002     0.14484383E-006    -0.13372134E-006    -0.14219965E-014     0.23757557E-014    -0.12666316E-014     0.24720782E-014
     0.15055901E+002     0.14296412E-006    -0.13462595E-006    -0.14673622E-014     0.23644477E-014    -0.13394033E-014     0.25018101E-014
     0.15060243E+002     0.13881741E-006    -0.13109796E-006    -0.15243388E-014     0.24085625E-014    -0.13686090E-014     0.25215333E-014
     0.15064584E+002     0.13422301E-006    -0.12880903E-006    -0.15305444E-014     0.24606197E-014    -0.14240713E-014     0.25948283E-014
     0.15068925E+002     0.13669181E-006    -0.12762334E-006    -0.15396227E-014     0.25211497E-014    -0.13845479E-014     0.26767112E-014
     0.15073267E+002     0.13976960E-006    -0.12224343E-006    -0.14876413E-014     0.25867045E-014    -0.13632537E-014     0.27241195E-014
     0.15077608E+002     0.14486620E-006    -0.12031815E-006    -0.14356435E-014     0.26028950E-014    -0.12767285E-014     0.27902198E-014
     0.15081950E+002     0.14802772E-006    -0.11847372E-006    -0.13687955E-014     0.26215987E-014    -0.11966838E-014     0.27601052E-014
     0.15086291E+002     0.15128726E-006    -0.12106259E-006    -0.13043497E-014     0.25751660E-014    -0.11397870E-014     0.27540550E-014
     0.15090632E+002     0.15243316E-006    -0.12518158E-006    -0.12868941E-014     0.25370693E-014    -0.10747024E-014     0.26734439E-014
     0.15094974E+002     0.15307478E-006    -0.12988341E-006    -0.12686436E-014     0.24766988E-014    -0.11041142E-014     0.26142673E-014
     0.15099315E+002     0.14953800E-006    -0.13284563E-006    -0.13182029E-014     0.24285720E-014    -0.11058318E-014     0.25665439E-014
     0.15103656E+002     0.14614570E-006    -0.13491222E-006    -0.13522489E-014     0.24229048E-014    -0.11904298E-014     0.25242239E-014
     0.15107998E+002     0.14094494E-006    -0.13505380E-006    -0.14149798E-014     0.24204334E-014    -0.12385800E-014     0.25710492E-014
     0.15112339E+002     0.13820369E-006    -0.13429136E-006    -0.14541181E-014     0.24874784E-014    -0.12864473E-014     0.25911126E-014
     0.15116681E+002     0.13798562E-006    -0.12953066E-006    -0.14571692E-014     0.25344322E-014    -0.13143413E-014     0.27010018E-014
     0.15121022E+002     0.13878574E-006    -0.12671527E-006    -0.14515650E-014     0.26167269E-014    -0.12604827E-014     0.27609157E-014
     0.15125363E+002     0.14342411E-006    -0.12120691E-006    -0.13772351E-014     0.26644784E-014    -0.12297491E-014     0.28343908E-014
     0.15129705E+002     0.14580592E-006    -0.12044753E-006    -0.13274536E-014     0.26837944E-014    -0.11068308E-014     0.28711023E-014
     0.15134046E+002     0.15045003E-006    -0.12017947E-006    -0.12362715E-014     0.26860687E-014    -0.10451673E-014     0.28366020E-014
     0.15138387E+002     0.15358815E-006    -0.12363539E-006    -0.11904886E-014     0.26231227E-014    -0.95747701E-015     0.28188294E-014
     0.15142729E+002     0.15309471E-006    -0.12715358E-006    -0.11643688E-014     0.25873790E-014    -0.92438835E-015     0.27093243E-014
     0.15147070E+002     0.15171126E-006    -0.13231927E-006    -0.11647606E-014     0.25061908E-014    -0.94915402E-015     0.26706387E-014
     0.15151412E+002     0.14891135E-006    -0.13623267E-006    -0.12247556E-014     0.24816294E-014    -0.96687618E-015     0.25948761E-014
     0.15155753E+002     0.14464433E-006    -0.13645817E-006    -0.12571522E-014     0.24681486E-014    -0.10712352E-014     0.25931660E-014
     0.15160094E+002     0.14035863E-006    -0.13667859E-006    -0.13378956E-014     0.24933919E-014    -0.10991191E-014     0.26358916E-014
     0.15164436E+002     0.13775469E-006    -0.13395248E-006    -0.13517379E-014     0.25701900E-014    -0.11731992E-014     0.26844614E-014
     0.15168777E+002     0.13817581E-006    -0.13073180E-006    -0.13634078E-014     0.26223330E-014    -0.11542815E-014     0.28126317E-014
     0.15173118E+002     0.14041326E-006    -0.12519106E-006    -0.13235951E-014     0.27236235E-014    -0.11071532E-014     0.28620873E-014
     0.15177460E+002     0.14385604E-006    -0.12254179E-006    -0.12414361E-014     0.27487268E-014    -0.10369137E-014     0.29639662E-014
     0.15181801E+002     0.14695247E-006    -0.12077410E-006    -0.11774356E-014     0.27824239E-014    -0.89726599E-015     0.29574002E-014
     0.15186143E+002     0.14928018E-006    -0.12337610E-006    -0.10673976E-014     0.27518218E-014    -0.83517964E-015     0.29407372E-014
     0.15190484E+002     0.15209353E-006    -0.12872796E-006    -0.10400235E-014     0.26910422E-014    -0.71766726E-015     0.28829571E-014
     0.15194825E+002     0.15321917E-006    -0.13348043E-006    -0.99541298E-015     0.26413907E-014    -0.72286858E-015     0.27715426E-014
     0.15199167E+002     0.15183363E-006    -0.13757968E-006    -0.10294775E-014     0.25513242E-014    -0.72129374E-015     0.27332084E-014
     0.15203508E+002     0.14770432E-006    -0.13901661E-006    -0.10789569E-014     0.25491459E-014    -0.78012988E-015     0.26414547E-014
     0.15207849E+002     0.14244215E-006    -0.14102095E-006    -0.11282035E-014     0.25232444E-014    -0.87420404E-015     0.26853306E-014
     0.15212191E+002     0.13994616E-006    -0.14132848E-006    -0.12084145E-014     0.25904599E-014    -0.90371605E-015     0.27076182E-014
     0.15216532E+002     0.13926809E-006    -0.13580929E-006    -0.11991274E-014     0.26584592E-014    -0.98109767E-015     0.28120701E-014
     0.15220874E+002     0.13902441E-006    -0.13247920E-006    -0.12177492E-014     0.27394679E-014    -0.91318505E-015     0.29309372E-014
     0.15225215E+002     0.14112470E-006    -0.12827897E-006    -0.11291065E-014     0.28398053E-014    -0.87963740E-015     0.29991359E-014
     0.15229556E+002     0.14570916E-006    -0.12772651E-006    -0.10559705E-014     0.28533382E-014    -0.74243033E-015     0.31059933E-014
     0.15233898E+002     0.15152171E-006    -0.12809392E-006    -0.95398900E-015     0.28966390E-014    -0.61362496E-015     0.30635903E-014
     0.15238239E+002     0.15580294E-006    -0.12828042E-006    -0.84886188E-015     0.28221275E-014    -0.51824201E-015     0.30671675E-014
     0.15242581E+002     0.15582414E-006    -0.13260005E-006    -0.82503949E-015     0.27796792E-014    -0.39914017E-015     0.29485099E-014
     0.15246922E+002     0.15623503E-006    -0.13716229E-006    -0.77339688E-015     0.26923647E-014    -0.42946965E-015     0.28644857E-014
     0.15251263E+002     0.15342020E-006    -0.14067713E-006    -0.84972433E-015     0.26224876E-014    -0.40677318E-015     0.27955076E-014
     0.15255605E+002     0.14850427E-006    -0.14315503E-006    -0.87883181E-015     0.26250851E-014    -0.52492175E-015     0.27246449E-014
     0.15259946E+002     0.14552380E-006    -0.14236010E-006    -0.97190377E-015     0.26075967E-014    -0.58275450E-015     0.28008696E-014
     0.15264287E+002     0.14130269E-006    -0.14008682E-006    -0.10261992E-014     0.27244611E-014    -0.64882632E-015     0.28224573E-014
     0.15268629E+002     0.14005251E-006    -0.13642808E-006    -0.10230499E-014     0.27800826E-014    -0.69238026E-015     0.30018395E-014
     0.15272970E+002     0.14044096E-006    -0.13298821E-006    -0.10304703E-014     0.29176889E-014    -0.59763318E-015     0.30945634E-014
     0.15277312E+002     0.14513401E-006    -0.13063089E-006    -0.90669550E-015     0.29894360E-014    -0.55889115E-015     0.32208356E-014
     0.15281653E+002     0.14998515E-006    -0.12925610E-006    -0.86600282E-015     0.30161249E-014    -0.35439156E-015     0.32914612E-014
     0.15285994E+002     0.15524143E-006    -0.12960032E-006    -0.74451028E-015     0.30227345E-014    -0.27780411E-015     0.32266678E-014
     0.15290336E+002     0.15887357E-006    -0.13224623E-006    -0.75926707E-015     0.28682060E-014    -0.17201109E-015     0.31905500E-014
     0.15294677E+002     0.15968484E-006    -0.13454728E-006    -0.88898647E-015     0.26627473E-014    -0.22097812E-015     0.28614795E-014
     0.15299018E+002     0.15694787E-006    -0.13956354E-006    -0.79558466E-015     0.17560382E-014    -0.20239202E-015     0.22179804E-014
     0.15303360E+002     0.15415254E-006    -0.14323483E-006     0.91565579E-016     0.19757895E-014     0.58099027E-015     0.22882436E-014
     0.15307701E+002     0.14959791E-006    -0.14376446E-006     0.40887538E-016     0.23759848E-014     0.40487250E-015     0.25937157E-014
     0.15312043E+002     0.14535851E-006    -0.14234465E-006    -0.19897852E-015     0.25414879E-014     0.30127024E-015     0.27649374E-014
     0.15316384E+002     0.14273260E-006    -0.13929530E-006    -0.24180277E-015     0.27464607E-014     0.15156931E-015     0.28916656E-014
     0.15320725E+002     0.14028241E-006    -0.13448504E-006    -0.29394727E-015     0.28518485E-014     0.17492748E-015     0.31602747E-014
     0.15325067E+002     0.14298826E-006    -0.13303947E-006    -0.22580113E-015     0.30979786E-014     0.26975297E-015     0.32910509E-014
     0.15329408E+002     0.14721363E-006    -0.12794292E-006    -0.46993477E-016     0.31565485E-014     0.42763247E-015     0.35333093E-014
     0.15333749E+002     0.14916433E-006    -0.12873636E-006     0.83130802E-016     0.32819605E-014     0.75311896E-015     0.35781210E-014
     0.15338091E+002     0.15449669E-006    -0.13206818E-006     0.38208786E-015     0.32588639E-014     0.95396414E-015     0.36019110E-014
     0.15342432E+002     0.15787774E-006    -0.13563560E-006     0.48169500E-015     0.31666882E-014     0.13046576E-014     0.35339504E-014
     0.15346774E+002     0.15863366E-006    -0.13923870E-006     0.69547360E-015     0.31102235E-014     0.14261354E-014     0.33259761E-014
     0.15351115E+002     0.15508192E-006    -0.14319009E-006     0.71852039E-015     0.28916980E-014     0.15764202E-014     0.32471149E-014
     0.15355456E+002     0.15115971E-006    -0.14694558E-006     0.72284014E-015     0.29065131E-014     0.15973081E-014     0.30128584E-014
     0.15359798E+002     0.14696738E-006    -0.14712629E-006     0.73617429E-015     0.27801913E-014     0.15137321E-014     0.30666504E-014
     0.15364139E+002     0.14210852E-006    -0.14615966E-006     0.60360134E-015     0.29184027E-014     0.15558913E-014     0.30635925E-014
     0.15368481E+002     0.14194739E-006    -0.14458007E-006     0.73511897E-015     0.30399890E-014     0.14441690E-014     0.32743795E-014
     0.15372822E+002     0.14410474E-006    -0.13745599E-006     0.69494053E-015     0.32226628E-014     0.16789727E-014     0.35777026E-014
     0.15377163E+002     0.14399441E-006    -0.13341809E-006     0.10082874E-014     0.35541484E-014     0.18295334E-014     0.38119299E-014
     0.15381505E+002     0.14779951E-006    -0.13339523E-006     0.12589349E-014     0.36354673E-014     0.22991822E-014     0.42433952E-014
     0.15385846E+002     0.15332466E-006    -0.13550152E-006     0.16680999E-014     0.39657574E-014     0.28448491E-014     0.43248952E-014
     0.15390187E+002     0.16066512E-006    -0.13732489E-006     0.22263703E-014     0.38887008E-014     0.34113884E-014     0.45966166E-014
     0.15394529E+002     0.16105992E-006    -0.13977085E-006     0.25715268E-014     0.40081206E-014     0.42311704E-014     0.45068832E-014
     0.15398870E+002     0.16095671E-006    -0.14343175E-006     0.32719341E-014     0.39154359E-014     0.47222726E-014     0.44776585E-014
     0.15403212E+002     0.15758409E-006    -0.14641175E-006     0.35138726E-014     0.37941028E-014     0.55663468E-014     0.44417570E-014
     0.15407553E+002     0.15135137E-006    -0.14827501E-006     0.41637840E-014     0.39600635E-014     0.60208141E-014     0.42647792E-014
     0.15411894E+002     0.14701905E-006    -0.14863453E-006     0.45506121E-014     0.38054168E-014     0.67832212E-014     0.46191101E-014
     0.15416236E+002     0.14234867E-006    -0.14671112E-006     0.51467531E-014     0.44402394E-014     0.76181599E-014     0.47144090E-014
     0.15420577E+002     0.14223695E-006    -0.14319787E-006     0.62122420E-014     0.46768283E-014     0.85816371E-014     0.57162785E-014
     0.15424918E+002     0.14392560E-006    -0.13890172E-006     0.71311954E-014     0.58141843E-014     0.10588554E-013     0.67100279E-014
     0.15429260E+002     0.14512372E-006    -0.13509012E-006     0.96841485E-014     0.72115664E-014     0.12766275E-013     0.86741502E-014
     0.15433601E+002     0.14940086E-006    -0.13635050E-006     0.12195595E-013     0.93858246E-014     0.17411040E-013     0.12236078E-013
     0.15437943E+002     0.15554731E-006    -0.13827467E-006     0.17729464E-013     0.15105220E-013     0.23626827E-013     0.18290636E-013
     0.15442284E+002     0.15924942E-006    -0.14207942E-006     0.25066150E-013     0.27318331E-013     0.33204462E-013     0.37624863E-013
     0.15446625E+002     0.16029581E-006    -0.14711025E-006     0.64827012E-014     0.66549548E-013     0.12097577E-013     0.87700065E-013
     0.15450967E+002     0.16060748E-006    -0.15178691E-006    -0.40872223E-013     0.37706947E-013    -0.54875416E-013     0.46991018E-013
     0.15455308E+002     0.15808443E-006    -0.15417965E-006    -0.29770057E-013     0.10992168E-013    -0.40127124E-013     0.15236308E-013
     0.15459649E+002     0.15306353E-006    -0.15463597E-006    -0.21817195E-013     0.58255135E-014    -0.27564990E-013     0.67434027E-014
     0.15463991E+002     0.14897741E-006    -0.15402404E-006    -0.16093702E-013     0.37305908E-014    -0.21601142E-013     0.41847170E-014
     0.15468332E+002     0.14814529E-006    -0.15119649E-006    -0.13753223E-013     0.26049082E-014    -0.17160557E-013     0.31700450E-014
     0.15472674E+002     0.14741833E-006    -0.14370140E-006    -0.11511099E-013     0.26059865E-014    -0.14842874E-013     0.22708255E-014
     0.15477015E+002     0.14728579E-006    -0.14053133E-006    -0.10301794E-013     0.19966617E-014    -0.13025629E-013     0.23233592E-014
     0.15481356E+002     0.15297626E-006    -0.13850358E-006    -0.94479931E-014     0.23457038E-014    -0.11694143E-013     0.19631868E-014
     0.15485698E+002     0.15757838E-006    -0.13667204E-006    -0.84530783E-014     0.21397818E-014    -0.10870498E-013     0.21945843E-014
     0.15490039E+002     0.15939326E-006    -0.13826988E-006    -0.80893873E-014     0.23470519E-014    -0.98302613E-014     0.22218225E-014
     0.15494380E+002     0.16261181E-006    -0.14397004E-006    -0.72262138E-014     0.24556848E-014    -0.92880179E-014     0.23331178E-014
     0.15498722E+002     0.16278015E-006    -0.15002589E-006    -0.69248375E-014     0.23773268E-014    -0.84522397E-014     0.25176605E-014
     0.15503063E+002     0.16333590E-006    -0.15409843E-006    -0.63299803E-014     0.25877428E-014    -0.79320666E-014     0.24203696E-014
     0.15507405E+002     0.16009533E-006    -0.15465168E-006    -0.59666327E-014     0.23336750E-014    -0.73792556E-014     0.25529135E-014
     0.15511746E+002     0.15364807E-006    -0.15251091E-006    -0.57226389E-014     0.24722503E-014    -0.68990911E-014     0.23542733E-014
     0.15516087E+002     0.14723734E-006    -0.15065374E-006    -0.53528656E-014     0.22675499E-014    -0.66565300E-014     0.23629953E-014
     0.15520429E+002     0.14440487E-006    -0.14965245E-006    -0.53649237E-014     0.22804701E-014    -0.63016224E-014     0.22446162E-014
     0.15524770E+002     0.14599456E-006    -0.14592084E-006    -0.50751708E-014     0.22855883E-014    -0.62497422E-014     0.21910586E-014
     0.15529112E+002     0.14948735E-006    -0.14202198E-006    -0.51257930E-014     0.22202419E-014    -0.60360402E-014     0.22563780E-014
     0.15533453E+002     0.15359162E-006    -0.14009308E-006    -0.49524691E-014     0.24168206E-014    -0.59819521E-014     0.22299311E-014
     0.15537794E+002     0.15996738E-006    -0.14098759E-006    -0.48629124E-014     0.23451047E-014    -0.58495054E-014     0.24211646E-014
     0.15542136E+002     0.16348688E-006    -0.14188772E-006    -0.47831464E-014     0.25662768E-014    -0.56669806E-014     0.24452424E-014
     0.15546477E+002     0.16316105E-006    -0.14675727E-006    -0.45304574E-014     0.25367192E-014    -0.55432840E-014     0.26078207E-014
     0.15550818E+002     0.16290634E-006    -0.15299252E-006    -0.44993985E-014     0.26205234E-014    -0.52602504E-014     0.26521794E-014
     0.15555160E+002     0.16117104E-006    -0.15603492E-006    -0.42148312E-014     0.26450658E-014    -0.51297580E-014     0.26711150E-014
     0.15559501E+002     0.15543669E-006    -0.15690685E-006    -0.41875552E-014     0.25545478E-014    -0.48766541E-014     0.26972029E-014
     0.15563843E+002     0.14964214E-006    -0.15705953E-006    -0.40223568E-014     0.26219368E-014    -0.47602029E-014     0.25910248E-014
     0.15568184E+002     0.14513629E-006    -0.15729825E-006    -0.39651157E-014     0.24628365E-014    -0.46437229E-014     0.26003725E-014
     0.15572525E+002     0.14649965E-006    -0.15419999E-006    -0.39672264E-014     0.25436815E-014    -0.45565246E-014     0.24880267E-014
     0.15576867E+002     0.14981657E-006    -0.14800128E-006    -0.38663385E-014     0.24600116E-014    -0.45691794E-014     0.25044099E-014
     0.15581208E+002     0.15133109E-006    -0.14426281E-006    -0.39559808E-014     0.25113265E-014    -0.44963417E-014     0.24902083E-014
     0.15585549E+002     0.15691596E-006    -0.14491760E-006    -0.38269871E-014     0.25635419E-014    -0.45353244E-014     0.25194749E-014
     0.15589891E+002     0.16308957E-006    -0.14564237E-006    -0.38739049E-014     0.25538887E-014    -0.44524206E-014     0.26080620E-014
     0.15594232E+002     0.16627190E-006    -0.14818862E-006    -0.37636134E-014     0.26888825E-014    -0.44184659E-014     0.26293715E-014
     0.15598574E+002     0.16723134E-006    -0.15179791E-006    -0.36998839E-014     0.26256814E-014    -0.43277803E-014     0.27399334E-014
     0.15602915E+002     0.16375193E-006    -0.15655416E-006    -0.36572349E-014     0.27347437E-014    -0.42100983E-014     0.27329885E-014
     0.15607256E+002     0.16009975E-006    -0.16098637E-006    -0.35160576E-014     0.26684931E-014    -0.41418539E-014     0.27793082E-014
     0.15611598E+002     0.15544708E-006    -0.16263583E-006    -0.35462369E-014     0.26816119E-014    -0.40064190E-014     0.27531229E-014
     0.15615939E+002     0.15066859E-006    -0.16165189E-006    -0.34151802E-014     0.26743553E-014    -0.39800358E-014     0.27204716E-014
     0.15620280E+002     0.14933890E-006    -0.15981432E-006    -0.34675036E-014     0.26077515E-014    -0.38993360E-014     0.27126299E-014
     0.15624622E+002     0.15092823E-006    -0.15426470E-006    -0.34130579E-014     0.26781933E-014    -0.38981879E-014     0.26540174E-014
     0.15628963E+002     0.15244991E-006    -0.14878506E-006    -0.34145841E-014     0.26013723E-014    -0.38857085E-014     0.26888997E-014
     0.15633305E+002     0.15597494E-006    -0.14559716E-006    -0.34361922E-014     0.27043157E-014    -0.38678180E-014     0.26680319E-014
     0.15637646E+002     0.15935957E-006    -0.14583158E-006    -0.33563089E-014     0.26782172E-014    -0.38827624E-014     0.27262594E-014
     0.15641987E+002     0.16557496E-006    -0.15036584E-006    -0.34028799E-014     0.27348261E-014    -0.38213525E-014     0.27561727E-014
     0.15646329E+002     0.16864177E-006    -0.15111551E-006    -0.32800746E-014     0.27718340E-014    -0.38120753E-014     0.27925543E-014
     0.15650670E+002     0.16603014E-006    -0.15820907E-006    -0.32985897E-014     0.27400282E-014    -0.37266379E-014     0.28411661E-014
     0.15655011E+002     0.16573720E-006    -0.16340341E-006    -0.32123378E-014     0.28081637E-014    -0.36804626E-014     0.28271027E-014
     0.15659353E+002     0.16198421E-006    -0.16563065E-006    -0.31808593E-014     0.27207758E-014    -0.36176044E-014     0.28560708E-014
     0.15663694E+002     0.15705062E-006    -0.16565378E-006    -0.31840939E-014     0.27776767E-014    -0.35594490E-014     0.28120315E-014
     0.15668036E+002     0.15297936E-006    -0.16374907E-006    -0.31174509E-014     0.27132474E-014    -0.35497642E-014     0.28118257E-014
     0.15672377E+002     0.15248504E-006    -0.15995516E-006    -0.31867939E-014     0.27308844E-014    -0.35077747E-014     0.27852327E-014
     0.15676718E+002     0.15359928E-006    -0.15310843E-006    -0.31155424E-014     0.27489086E-014    -0.35322878E-014     0.27747527E-014
     0.15681060E+002     0.15469320E-006    -0.14876042E-006    -0.31752180E-014     0.27264808E-014    -0.35108963E-014     0.27971382E-014
     0.15685401E+002     0.15868886E-006    -0.14785449E-006    -0.31301234E-014     0.28143579E-014    -0.35222949E-014     0.27967135E-014
     0.15689743E+002     0.16373689E-006    -0.14771280E-006    -0.31159154E-014     0.27704141E-014    -0.35082468E-014     0.28523691E-014
     0.15694084E+002     0.16604659E-006    -0.15298944E-006    -0.31121584E-014     0.28585745E-014    -0.34754214E-014     0.28613741E-014
     0.15698425E+002     0.16987979E-006    -0.15796996E-006    -0.30260957E-014     0.28241636E-014    -0.34554861E-014     0.29042973E-014
     0.15702767E+002     0.16908752E-006    -0.16164614E-006    -0.30573869E-014     0.28469158E-014    -0.33906039E-014     0.29131844E-014
     0.15707108E+002     0.16523066E-006    -0.16596498E-006    -0.29609823E-014     0.28499022E-014    -0.33692103E-014     0.29136360E-014
     0.15711449E+002     0.15979707E-006    -0.16824510E-006    -0.29983946E-014     0.28001463E-014    -0.33145970E-014     0.29172485E-014
     0.15715791E+002     0.15508894E-006    -0.16895003E-006    -0.29570187E-014     0.28472710E-014    -0.32999371E-014     0.28859223E-014
     0.15720132E+002     0.15248244E-006    -0.16667101E-006    -0.29629975E-014     0.27760129E-014    -0.32845460E-014     0.28916836E-014
     0.15724474E+002     0.15265729E-006    -0.16221852E-006    -0.29913151E-014     0.28420351E-014    -0.32744467E-014     0.28660851E-014
     0.15728815E+002     0.15407048E-006    -0.15734136E-006    -0.29456791E-014     0.28119127E-014    -0.32880397E-014     0.28817591E-014
     0.15733156E+002     0.15875345E-006    -0.15414794E-006    -0.30032059E-014     0.28535183E-014    -0.32713672E-014     0.28907285E-014
     0.15737498E+002     0.16358062E-006    -0.15140632E-006    -0.29271809E-014     0.28869186E-014    -0.32838649E-014     0.29106004E-014
     0.15741839E+002     0.16816840E-006    -0.15344627E-006    -0.29581938E-014     0.28704211E-014    -0.32556074E-014     0.29420310E-014
     0.15746180E+002     0.17142730E-006    -0.15654811E-006    -0.28982457E-014     0.29372568E-014    -0.32389280E-014     0.29496369E-014
     0.15750522E+002     0.17130416E-006    -0.16250968E-006    -0.28750864E-014     0.28775520E-014    -0.32070516E-014     0.29792753E-014
     0.15754863E+002     0.17050637E-006    -0.16740214E-006    -0.28753334E-014     0.29296708E-014    -0.31718230E-014     0.29704816E-014
     0.15759205E+002     0.16601831E-006    -0.17047266E-006    -0.28158472E-014     0.28762663E-014    -0.31549879E-014     0.29759944E-014
     0.15763546E+002     0.16088471E-006    -0.17252318E-006    -0.28705098E-014     0.28842833E-014    -0.31232112E-014     0.29625012E-014
     0.15767887E+002     0.15730756E-006    -0.17082115E-006    -0.28140633E-014     0.28886596E-014    -0.31258634E-014     0.29526365E-014
     0.15772229E+002     0.15441431E-006    -0.16676419E-006    -0.28724998E-014     0.28589249E-014    -0.31138563E-014     0.29545820E-014
     0.15776570E+002     0.15501850E-006    -0.16190852E-006    -0.28483259E-014     0.29253611E-014    -0.31214342E-014     0.29483642E-014
     0.15780911E+002     0.15610538E-006    -0.15614230E-006    -0.28525310E-014     0.28867993E-014    -0.31205223E-014     0.29710809E-014
     0.15785253E+002     0.15759254E-006    -0.15436345E-006    -0.28641925E-014     0.29665880E-014    -0.31121599E-014     0.29796867E-014
     0.15789594E+002     0.16307693E-006    -0.15843378E-006    -0.28012416E-014     0.29469207E-014    -0.31054190E-014     0.30072866E-014
     0.15793936E+002     0.17096981E-006    -0.16118121E-006    -0.28315163E-014     0.29774430E-014    -0.30761884E-014     0.30222393E-014
     0.15798277E+002     0.17437756E-006    -0.16421457E-006    -0.27452002E-014     0.29889507E-014    -0.30581184E-014     0.30326464E-014
     0.15802618E+002     0.17391782E-006    -0.16893413E-006    -0.27701624E-014     0.29497905E-014    -0.30240285E-014     0.30397506E-014
     0.15806960E+002     0.17178801E-006    -0.17397520E-006    -0.27265366E-014     0.29875199E-014    -0.30051328E-014     0.30290368E-014
     0.15811301E+002     0.16769907E-006    -0.17637654E-006    -0.27271341E-014     0.29159454E-014    -0.29883551E-014     0.30255862E-014
     0.15815643E+002     0.16292509E-006    -0.17665690E-006    -0.27537285E-014     0.29613862E-014    -0.29791892E-014     0.30100976E-014
     0.15819984E+002     0.15925425E-006    -0.17459307E-006    -0.27228141E-014     0.29231257E-014    -0.29827453E-014     0.30093914E-014
     0.15824325E+002     0.15867755E-006    -0.16949479E-006    -0.27883918E-014     0.29523107E-014    -0.29819498E-014     0.30106506E-014
     0.15828667E+002     0.15904632E-006    -0.16298640E-006    -0.27370039E-014     0.29822379E-014    -0.29888002E-014     0.30228422E-014
     0.15833008E+002     0.16104579E-006    -0.15810075E-006    -0.27790141E-014     0.29765227E-014    -0.29822027E-014     0.30430563E-014
     0.15837349E+002     0.16533486E-006    -0.15711111E-006    -0.27335889E-014     0.30503654E-014    -0.29716435E-014     0.30628590E-014
     0.15841691E+002     0.16982322E-006    -0.15660585E-006    -0.27116745E-014     0.30125614E-014    -0.29490417E-014     0.30851330E-014
     0.15846032E+002     0.17223716E-006    -0.16129737E-006    -0.27008768E-014     0.30729147E-014    -0.29200295E-014     0.30972693E-014
     0.15850374E+002     0.17271122E-006    -0.16740044E-006    -0.26310170E-014     0.30315877E-014    -0.28880212E-014     0.31037956E-014
     0.15854715E+002     0.17238093E-006    -0.17468565E-006    -0.26615757E-014     0.30363032E-014    -0.28581647E-014     0.30999926E-014
     0.15859056E+002     0.16951781E-006    -0.18054162E-006    -0.25948201E-014     0.30294453E-014    -0.28330904E-014     0.30925855E-014
     0.15863398E+002     0.16673567E-006    -0.18317995E-006    -0.26385058E-014     0.29876140E-014    -0.28169923E-014     0.30821855E-014
     0.15867739E+002     0.16388238E-006    -0.18361179E-006    -0.26155614E-014     0.30329895E-014    -0.28049204E-014     0.30813503E-014
     0.15872080E+002     0.16363016E-006    -0.17740508E-006    -0.26253757E-014     0.29908933E-014    -0.27935060E-014     0.30850557E-014
     0.15876422E+002     0.16138147E-006    -0.16994897E-006    -0.26409896E-014     0.30665648E-014    -0.27793672E-014     0.31104131E-014
     0.15880763E+002     0.16092015E-006    -0.16407828E-006    -0.25834354E-014     0.30691549E-014    -0.27411824E-014     0.31461188E-014
     0.15885105E+002     0.16328195E-006    -0.16235771E-006    -0.25897227E-014     0.31378847E-014    -0.26903750E-014     0.32069317E-014
     0.15889446E+002     0.16888504E-006    -0.16196799E-006    -0.24660453E-014     0.32139590E-014    -0.25808594E-014     0.33097100E-014
     0.15893787E+002     0.17367820E-006    -0.16553159E-006    -0.23942920E-014     0.33250169E-014    -0.24279857E-014     0.35072586E-014
     0.15898129E+002     0.17975310E-006    -0.17048937E-006    -0.23209385E-014     0.37558395E-014    -0.23902485E-014     0.41728171E-014
     0.15902470E+002     0.18165404E-006    -0.17234269E-006    -0.31379598E-014     0.37609711E-014    -0.36596373E-014     0.42729893E-014
     0.15906811E+002     0.17750323E-006    -0.17755384E-006    -0.31137818E-014     0.32664285E-014    -0.36193536E-014     0.33711677E-014
     0.15911153E+002     0.17336676E-006    -0.18098678E-006    -0.29171837E-014     0.30700903E-014    -0.33666637E-014     0.31615223E-014
     0.15915494E+002     0.16579429E-006    -0.18263060E-006    -0.29079436E-014     0.30435588E-014    -0.32332836E-014     0.30857503E-014
     0.15919836E+002     0.16263913E-006    -0.18384720E-006    -0.28140415E-014     0.30350349E-014    -0.31638824E-014     0.30566794E-014
     0.15924177E+002     0.16228681E-006    -0.18078956E-006    -0.28546350E-014     0.30028275E-014    -0.31282988E-014     0.30420853E-014
     0.15928518E+002     0.16429770E-006    -0.17290023E-006    -0.28142745E-014     0.30725333E-014    -0.31047517E-014     0.30486525E-014
     0.15932860E+002     0.16457022E-006    -0.16624805E-006    -0.28063493E-014     0.30341740E-014    -0.30853475E-014     0.30547598E-014
     0.15937201E+002     0.16791569E-006    -0.16503099E-006    -0.28071970E-014     0.31155008E-014    -0.30678513E-014     0.30767511E-014
     0.15941542E+002     0.17397718E-006    -0.16578591E-006    -0.27334572E-014     0.30904679E-014    -0.30346591E-014     0.30862073E-014
     0.15945884E+002     0.17864599E-006    -0.16796280E-006    -0.27599170E-014     0.31149718E-014    -0.30137501E-014     0.30961647E-014
     0.15950225E+002     0.17973871E-006    -0.17317270E-006    -0.26688923E-014     0.31175278E-014    -0.29730129E-014     0.30974346E-014
     0.15954567E+002     0.18004574E-006    -0.18158094E-006    -0.26984215E-014     0.30666096E-014    -0.29556977E-014     0.30786612E-014
     0.15958908E+002     0.18000699E-006    -0.18614647E-006    -0.26578753E-014     0.30990443E-014    -0.29313858E-014     0.30720918E-014
     0.15963249E+002     0.17603911E-006    -0.18763383E-006    -0.26661116E-014     0.30176936E-014    -0.29228703E-014     0.30370658E-014
     0.15967591E+002     0.17085380E-006    -0.18734905E-006    -0.27026143E-014     0.30638267E-014    -0.29308870E-014     0.30320005E-014
     0.15971932E+002     0.16768425E-006    -0.18394504E-006    -0.26746187E-014     0.30201370E-014    -0.29258203E-014     0.30086329E-014
     0.15976274E+002     0.16378362E-006    -0.17717144E-006    -0.27508293E-014     0.30492761E-014    -0.29540087E-014     0.30078681E-014
     0.15980615E+002     0.16370903E-006    -0.17534577E-006    -0.26955260E-014     0.30776917E-014    -0.29424923E-014     0.30141707E-014
     0.15984956E+002     0.16978097E-006    -0.17054525E-006    -0.27447895E-014     0.30626627E-014    -0.29602721E-014     0.30076826E-014
     0.15989298E+002     0.17406008E-006    -0.16743461E-006    -0.26970583E-014     0.31360484E-014    -0.29430138E-014     0.30340839E-014
     0.15993639E+002     0.17848970E-006    -0.16820956E-006    -0.26783427E-014     0.30782240E-014    -0.29292602E-014     0.30104560E-014
     0.15997980E+002     0.18086125E-006    -0.17242330E-006    -0.26775210E-014     0.31345270E-014    -0.29216851E-014     0.30258675E-014
     0.16002322E+002     0.18254121E-006    -0.17998514E-006    -0.26072873E-014     0.30711719E-014    -0.28812923E-014     0.29890749E-014
     0.16006663E+002     0.18294493E-006    -0.18863627E-006    -0.26613636E-014     0.30640149E-014    -0.28968797E-014     0.29680102E-014
     0.16011005E+002     0.18321517E-006    -0.19118220E-006    -0.25943655E-014     0.30451178E-014    -0.28587558E-014     0.29396272E-014
     0.16015346E+002     0.17814893E-006    -0.19108416E-006    -0.26646118E-014     0.29783881E-014    -0.28888425E-014     0.28794030E-014
     0.16019687E+002     0.17292910E-006    -0.18929637E-006    -0.26490192E-014     0.30227376E-014    -0.28809674E-014     0.28761935E-014
     0.16024029E+002     0.16854174E-006    -0.18505891E-006    -0.26744987E-014     0.29413277E-014    -0.28943554E-014     0.28001581E-014
     0.16028370E+002     0.16725128E-006    -0.18060761E-006    -0.27184742E-014     0.30106759E-014    -0.29263671E-014     0.28085115E-014
     0.16032711E+002     0.17033022E-006    -0.17557919E-006    -0.26668126E-014     0.29619847E-014    -0.28970858E-014     0.27451420E-014
     0.16037053E+002     0.17408290E-006    -0.17063846E-006    -0.27368969E-014     0.29825214E-014    -0.29513682E-014     0.27190155E-014
     0.16041394E+002     0.17769534E-006    -0.16969655E-006    -0.26394124E-014     0.29842830E-014    -0.28894930E-014     0.26832777E-014
     0.16045736E+002     0.18334973E-006    -0.17325344E-006    -0.26865148E-014     0.29051248E-014    -0.29297213E-014     0.25764374E-014
     0.16050077E+002     0.18669079E-006    -0.17634877E-006    -0.26232915E-014     0.29351225E-014    -0.28871927E-014     0.25533834E-014
     0.16054418E+002     0.18654879E-006    -0.18324949E-006    -0.26113636E-014     0.27718979E-014    -0.28737252E-014     0.23563546E-014
     0.16058760E+002     0.18540163E-006    -0.18960964E-006    -0.26469496E-014     0.27742098E-014    -0.29069955E-014     0.22867539E-014
     0.16063101E+002     0.18150709E-006    -0.19239574E-006    -0.25677233E-014     0.25979268E-014    -0.28132834E-014     0.20308802E-014
     0.16067442E+002     0.17645759E-006    -0.19348472E-006    -0.26889883E-014     0.24906198E-014    -0.29210325E-014     0.17937893E-014
     0.16071784E+002     0.17194491E-006    -0.19124603E-006    -0.25636735E-014     0.23505906E-014    -0.27503477E-014     0.14875992E-014
     0.16076125E+002     0.16789219E-006    -0.18578059E-006    -0.26459062E-014     0.20031851E-014    -0.27930379E-014     0.83758867E-015
     0.16080467E+002     0.16710003E-006    -0.18234701E-006    -0.24795053E-014     0.17736336E-014    -0.25045007E-014     0.23117602E-015
     0.16084808E+002     0.16983802E-006    -0.17843052E-006    -0.20579822E-014     0.82434118E-015    -0.16699282E-014    -0.15771412E-014
     0.16089149E+002     0.17593727E-006    -0.17727181E-006    -0.69163230E-015    -0.25784671E-015     0.11301276E-014    -0.39042547E-014
     0.16093491E+002     0.18305174E-006    -0.17664564E-006     0.41627600E-014     0.29221705E-014     0.10690705E-013     0.24482202E-014
     0.16097832E+002     0.18797148E-006    -0.17934802E-006     0.56624282E-015     0.59952019E-014     0.35545034E-014     0.86689249E-014
     0.16102173E+002     0.19028616E-006    -0.18394527E-006    -0.13211732E-014     0.54854032E-014    -0.29194522E-015     0.76286195E-014
     0.16106515E+002     0.19044983E-006    -0.19060523E-006    -0.17395566E-014     0.49699909E-014    -0.11032187E-014     0.66665608E-014
     0.16110856E+002     0.18761737E-006    -0.19501549E-006    -0.20694555E-014     0.45803993E-014    -0.17852146E-014     0.58536307E-014
     0.16115198E+002     0.18344806E-006    -0.19819610E-006    -0.21980388E-014     0.44182800E-014    -0.20187394E-014     0.56186023E-014
     0.16119539E+002     0.17832735E-006    -0.19651744E-006    -0.23031374E-014     0.42345591E-014    -0.21682683E-014     0.51850661E-014
     0.16123880E+002     0.17273608E-006    -0.19430003E-006    -0.23921330E-014     0.41737437E-014    -0.23713869E-014     0.50996220E-014
     0.16128222E+002     0.17158171E-006    -0.19016788E-006    -0.24262917E-014     0.41100877E-014    -0.23414612E-014     0.49179233E-014
     0.16132563E+002     0.17383787E-006    -0.18460059E-006    -0.24641786E-014     0.40854457E-014    -0.24893484E-014     0.48166159E-014
     0.16136905E+002     0.17731181E-006    -0.17909500E-006    -0.24597052E-014     0.40647019E-014    -0.24251130E-014     0.47812077E-014
     0.16141246E+002     0.18132069E-006    -0.17728056E-006    -0.24513880E-014     0.40435114E-014    -0.24764047E-014     0.46387553E-014
     0.16145587E+002     0.18674551E-006    -0.18016306E-006    -0.24282646E-014     0.40104817E-014    -0.24584540E-014     0.46426525E-014
     0.16149929E+002     0.19353556E-006    -0.18370984E-006    -0.24147271E-014     0.39734700E-014    -0.24346647E-014     0.44973488E-014
     0.16154270E+002     0.19483278E-006    -0.18720461E-006    -0.23988130E-014     0.39208937E-014    -0.24858572E-014     0.44713164E-014
     0.16158611E+002     0.19137371E-006    -0.19217370E-006    -0.24165259E-014     0.38731672E-014    -0.24458734E-014     0.43789558E-014
     0.16162953E+002     0.18412897E-006    -0.19846587E-006    -0.24265660E-014     0.38348200E-014    -0.25355346E-014     0.43169584E-014
     0.16167294E+002     0.18060775E-006    -0.20508839E-006    -0.24709461E-014     0.37987880E-014    -0.25250080E-014     0.43051898E-014
     0.16171636E+002     0.17889297E-006    -0.20354072E-006    -0.25006866E-014     0.38056546E-014    -0.25916035E-014     0.42422742E-014
     0.16175977E+002     0.17634857E-006    -0.19880346E-006    -0.25322955E-014     0.37981908E-014    -0.26149113E-014     0.42900479E-014
     0.16180318E+002     0.17654411E-006    -0.19160106E-006    -0.25566609E-014     0.38387450E-014    -0.26152052E-014     0.42550235E-014
     0.16184660E+002     0.17858671E-006    -0.18501861E-006    -0.25401052E-014     0.38552212E-014    -0.26434021E-014     0.43034622E-014
     0.16189001E+002     0.18076609E-006    -0.18107739E-006    -0.25436923E-014     0.38870982E-014    -0.25867795E-014     0.43011765E-014
     0.16193342E+002     0.18630205E-006    -0.18061723E-006    -0.24952494E-014     0.39031015E-014    -0.26045740E-014     0.42967994E-014
     0.16197684E+002     0.19255257E-006    -0.18381074E-006    -0.24838744E-014     0.38829466E-014    -0.25458777E-014     0.42984335E-014
     0.16202025E+002     0.19527452E-006    -0.18764313E-006    -0.24464848E-014     0.38802636E-014    -0.25459695E-014     0.42333185E-014
     0.16206367E+002     0.19646966E-006    -0.19426673E-006    -0.24356965E-014     0.38227599E-014    -0.25331328E-014     0.42298723E-014
     0.16210708E+002     0.19284308E-006    -0.19922352E-006    -0.24511734E-014     0.38118827E-014    -0.25315339E-014     0.41581388E-014
     0.16215049E+002     0.18738080E-006    -0.20422845E-006    -0.24549230E-014     0.37674853E-014    -0.25793848E-014     0.41524921E-014
     0.16219391E+002     0.18318925E-006    -0.20644585E-006    -0.25138931E-014     0.37636897E-014    -0.25819536E-014     0.41271956E-014
     0.16223732E+002     0.17884220E-006    -0.20412111E-006    -0.25222524E-014     0.37754400E-014    -0.26468252E-014     0.41281410E-014
     0.16228073E+002     0.17622008E-006    -0.19900875E-006    -0.25728033E-014     0.37844697E-014    -0.26461074E-014     0.41637871E-014
     0.16232415E+002     0.17631788E-006    -0.19353358E-006    -0.25705695E-014     0.38441644E-014    -0.26718526E-014     0.41684025E-014
     0.16236756E+002     0.17964504E-006    -0.18901124E-006    -0.25660608E-014     0.38524424E-014    -0.26604780E-014     0.42267454E-014
     0.16241098E+002     0.18573609E-006    -0.18579324E-006    -0.25531977E-014     0.39080748E-014    -0.26289652E-014     0.42226480E-014
     0.16245439E+002     0.19029039E-006    -0.18639303E-006    -0.24980919E-014     0.39005078E-014    -0.26161742E-014     0.42482459E-014
     0.16249780E+002     0.19627368E-006    -0.19024830E-006    -0.24928742E-014     0.39038662E-014    -0.25605664E-014     0.42290876E-014
     0.16254122E+002     0.19993121E-006    -0.19532048E-006    -0.24382029E-014     0.38860709E-014    -0.25635865E-014     0.42017944E-014
     0.16258463E+002     0.19756712E-006    -0.20063184E-006    -0.24555722E-014     0.38378319E-014    -0.25368718E-014     0.41819570E-014
     0.16262805E+002     0.19550093E-006    -0.20771784E-006    -0.24506049E-014     0.38342736E-014    -0.25611553E-014     0.41311769E-014
     0.16267146E+002     0.19135907E-006    -0.20903463E-006    -0.24804301E-014     0.37828457E-014    -0.25846538E-014     0.41334443E-014
     0.16271487E+002     0.18444243E-006    -0.20628202E-006    -0.25276534E-014     0.38095982E-014    -0.26113945E-014     0.41084080E-014
     0.16275829E+002     0.17706878E-006    -0.20499366E-006    -0.25387961E-014     0.38037542E-014    -0.26584333E-014     0.41381214E-014
     0.16280170E+002     0.17508910E-006    -0.20125477E-006    -0.25933333E-014     0.38460739E-014    -0.26599590E-014     0.41600614E-014
     0.16284511E+002     0.17639241E-006    -0.19758369E-006    -0.25669645E-014     0.38912476E-014    -0.26847290E-014     0.41942307E-014
     0.16288853E+002     0.18172126E-006    -0.19586834E-006    -0.25814449E-014     0.39114317E-014    -0.26542749E-014     0.42386195E-014
     0.16293194E+002     0.18976245E-006    -0.19379362E-006    -0.25356555E-014     0.39671006E-014    -0.26369710E-014     0.42454743E-014
     0.16297536E+002     0.19728882E-006    -0.19444424E-006    -0.25025665E-014     0.39427775E-014    -0.26007454E-014     0.42702292E-014
     0.16301877E+002     0.20154375E-006    -0.19851566E-006    -0.24816677E-014     0.39643776E-014    -0.25642062E-014     0.42411083E-014
     0.16306218E+002     0.20458786E-006    -0.20370763E-006    -0.24362188E-014     0.39157443E-014    -0.25579087E-014     0.42285050E-014
     0.16310560E+002     0.20239773E-006    -0.20799697E-006    -0.24672029E-014     0.38951414E-014    -0.25406953E-014     0.41916851E-014
     0.16314901E+002     0.19673788E-006    -0.21348689E-006    -0.24502402E-014     0.38719401E-014    -0.25741024E-014     0.41633244E-014
     0.16319242E+002     0.19143517E-006    -0.21616030E-006    -0.25111631E-014     0.38387051E-014    -0.25903064E-014     0.41582478E-014
     0.16323584E+002     0.18663959E-006    -0.21480624E-006    -0.25308324E-014     0.38739217E-014    -0.26340939E-014     0.41496414E-014
     0.16327925E+002     0.18452211E-006    -0.21042774E-006    -0.25671277E-014     0.38631232E-014    -0.26626918E-014     0.41877752E-014
     0.16332267E+002     0.18211559E-006    -0.20285974E-006    -0.25985464E-014     0.39350671E-014    -0.26748725E-014     0.42095030E-014
     0.16336608E+002     0.18322541E-006    -0.19912678E-006    -0.25723309E-014     0.39538383E-014    -0.26837558E-014     0.42601856E-014
     0.16340949E+002     0.18903100E-006    -0.19550220E-006    -0.25870299E-014     0.40029184E-014    -0.26509700E-014     0.42898658E-014
     0.16345291E+002     0.19482196E-006    -0.19599914E-006    -0.25174902E-014     0.40308034E-014    -0.26325029E-014     0.43089969E-014
     0.16349632E+002     0.20126250E-006    -0.19787211E-006    -0.25105929E-014     0.40145555E-014    -0.25854939E-014     0.43181918E-014
     0.16353973E+002     0.20350828E-006    -0.20378182E-006    -0.24610278E-014     0.40304873E-014    -0.25635609E-014     0.42913889E-014
     0.16358315E+002     0.20464462E-006    -0.21200771E-006    -0.24492052E-014     0.39651772E-014    -0.25477321E-014     0.42764540E-014
     0.16362656E+002     0.20466235E-006    -0.21743687E-006    -0.24668663E-014     0.39684663E-014    -0.25487978E-014     0.42345065E-014
     0.16366998E+002     0.19828470E-006    -0.22047529E-006    -0.24641983E-014     0.39186636E-014    -0.25799779E-014     0.42203353E-014
     0.16371339E+002     0.19419758E-006    -0.22275817E-006    -0.25363327E-014     0.39226602E-014    -0.26032312E-014     0.42090789E-014
     0.16375680E+002     0.18840499E-006    -0.21801211E-006    -0.25375216E-014     0.39400852E-014    -0.26506485E-014     0.42202454E-014
     0.16380022E+002     0.18466898E-006    -0.21513311E-006    -0.25995636E-014     0.39511947E-014    -0.26689956E-014     0.42560289E-014
     0.16384363E+002     0.18707772E-006    -0.21105573E-006    -0.25931798E-014     0.40270426E-014    -0.26865330E-014     0.42882370E-014
     0.16388704E+002     0.19228577E-006    -0.20390253E-006    -0.25894583E-014     0.40340267E-014    -0.26773565E-014     0.43409234E-014
     0.16393046E+002     0.19776045E-006    -0.20092783E-006    -0.25769515E-014     0.41055189E-014    -0.26490490E-014     0.43649044E-014
     0.16397387E+002     0.20341244E-006    -0.20030544E-006    -0.25120210E-014     0.40966028E-014    -0.26205323E-014     0.43884598E-014
     0.16401729E+002     0.20843996E-006    -0.20537245E-006    -0.25112288E-014     0.41062791E-014    -0.25759967E-014     0.43819163E-014
     0.16406070E+002     0.21236358E-006    -0.21135127E-006    -0.24456761E-014     0.40905577E-014    -0.25593375E-014     0.43608979E-014
     0.16410411E+002     0.21267463E-006    -0.21765430E-006    -0.24700930E-014     0.40379428E-014    -0.25435322E-014     0.43355590E-014
     0.16414753E+002     0.21033099E-006    -0.22112881E-006    -0.24620039E-014     0.40405721E-014    -0.25596367E-014     0.42990541E-014
     0.16419094E+002     0.20308267E-006    -0.22286867E-006    -0.24958985E-014     0.39816210E-014    -0.25866876E-014     0.42892157E-014
     0.16423436E+002     0.19626541E-006    -0.22214038E-006    -0.25492191E-014     0.40183624E-014    -0.26215620E-014     0.42817392E-014
     0.16427777E+002     0.19063725E-006    -0.21919954E-006    -0.25588142E-014     0.40114041E-014    -0.26629785E-014     0.43074412E-014
     0.16432118E+002     0.18830091E-006    -0.21527099E-006    -0.26230728E-014     0.40624148E-014    -0.26801209E-014     0.43412877E-014
     0.16436460E+002     0.19099128E-006    -0.20935730E-006    -0.25899699E-014     0.41144539E-014    -0.26930908E-014     0.43857003E-014
     0.16440801E+002     0.19583332E-006    -0.20490172E-006    -0.26092886E-014     0.41371669E-014    -0.26726098E-014     0.44315830E-014
     0.16445142E+002     0.20173854E-006    -0.20170542E-006    -0.25567683E-014     0.42035514E-014    -0.26458023E-014     0.44562192E-014
     0.16449484E+002     0.20560378E-006    -0.20471095E-006    -0.25213933E-014     0.41746028E-014    -0.26070325E-014     0.44737049E-014
     0.16453825E+002     0.21096388E-006    -0.21117874E-006    -0.24996734E-014     0.42033999E-014    -0.25708086E-014     0.44586791E-014
     0.16458167E+002     0.21443354E-006    -0.21921493E-006    -0.24479745E-014     0.41484108E-014    -0.25537027E-014     0.44383157E-014
     0.16462508E+002     0.21363691E-006    -0.22364573E-006    -0.24856347E-014     0.41286631E-014    -0.25469234E-014     0.44051156E-014
     0.16466849E+002     0.20897371E-006    -0.22907591E-006    -0.24643413E-014     0.41054312E-014    -0.25712233E-014     0.43779933E-014
     0.16471191E+002     0.20276289E-006    -0.22967140E-006    -0.25354963E-014     0.40689436E-014    -0.26008798E-014     0.43675538E-014
     0.16475532E+002     0.19706956E-006    -0.22835102E-006    -0.25555026E-014     0.41118014E-014    -0.26427773E-014     0.43708089E-014
     0.16479873E+002     0.19344662E-006    -0.22398807E-006    -0.25961477E-014     0.40988177E-014    -0.26762849E-014     0.44034677E-014
     0.16484215E+002     0.19202877E-006    -0.21735925E-006    -0.26317406E-014     0.41826181E-014    -0.26946017E-014     0.44419125E-014
     0.16488556E+002     0.19490711E-006    -0.21165511E-006    -0.26010034E-014     0.42021421E-014    -0.26964680E-014     0.44920105E-014
     0.16492898E+002     0.19911647E-006    -0.20892589E-006    -0.26195726E-014     0.42584124E-014    -0.26712047E-014     0.45316434E-014
     0.16497239E+002     0.20530460E-006    -0.20923496E-006    -0.25405755E-014     0.42902106E-014    -0.26394959E-014     0.45572188E-014
     0.16501580E+002     0.21142806E-006    -0.21361924E-006    -0.25359661E-014     0.42716637E-014    -0.25974273E-014     0.45638412E-014
     0.16505922E+002     0.21622841E-006    -0.21905947E-006    -0.24802513E-014     0.42921282E-014    -0.25674627E-014     0.45458592E-014
     0.16510263E+002     0.21648939E-006    -0.22685940E-006    -0.24688796E-014     0.42188570E-014    -0.25516359E-014     0.45202515E-014
     0.16514604E+002     0.21437832E-006    -0.23261027E-006    -0.24902483E-014     0.42260186E-014    -0.25569159E-014     0.44857152E-014
     0.16518946E+002     0.20796754E-006    -0.23606484E-006    -0.24863599E-014     0.41703508E-014    -0.25841511E-014     0.44641242E-014
     0.16523287E+002     0.20068752E-006    -0.23909866E-006    -0.25684170E-014     0.41772313E-014    -0.26205178E-014     0.44571272E-014
     0.16527629E+002     0.19704049E-006    -0.23940378E-006    -0.25675527E-014     0.41983957E-014    -0.26631585E-014     0.44726336E-014
     0.16531970E+002     0.19731730E-006    -0.23414112E-006    -0.26382921E-014     0.42107151E-014    -0.26932372E-014     0.45085459E-014
     0.16536311E+002     0.19933724E-006    -0.22743901E-006    -0.26295506E-014     0.42972786E-014    -0.27075372E-014     0.45543761E-014
     0.16540653E+002     0.20535347E-006    -0.22064297E-006    -0.26259230E-014     0.43032827E-014    -0.26987981E-014     0.46043018E-014
     0.16544994E+002     0.21132764E-006    -0.21595778E-006    -0.26129530E-014     0.43851432E-014    -0.26707649E-014     0.46416032E-014
     0.16549336E+002     0.21705998E-006    -0.21574169E-006    -0.25407932E-014     0.43736077E-014    -0.26323416E-014     0.46624483E-014
     0.16553677E+002     0.22178667E-006    -0.22013685E-006    -0.25429640E-014     0.43854128E-014    -0.25926471E-014     0.46601108E-014
     0.16558018E+002     0.22502900E-006    -0.22653196E-006    -0.24693910E-014     0.43681426E-014    -0.25654633E-014     0.46391558E-014
     0.16562360E+002     0.22300792E-006    -0.23259052E-006    -0.24990807E-014     0.43098307E-014    -0.25566596E-014     0.46073686E-014
     0.16566701E+002     0.21770584E-006    -0.23997794E-006    -0.24894660E-014     0.43160694E-014    -0.25705160E-014     0.45764618E-014
     0.16571042E+002     0.21308325E-006    -0.24478384E-006    -0.25283239E-014     0.42504398E-014    -0.26023140E-014     0.45574933E-014
     0.16575384E+002     0.20779174E-006    -0.24459080E-006    -0.25882001E-014     0.42948608E-014    -0.26444078E-014     0.45593204E-014
     0.16579725E+002     0.20513674E-006    -0.24029334E-006    -0.25977300E-014     0.42862736E-014    -0.26840198E-014     0.45830937E-014
     0.16584067E+002     0.20373601E-006    -0.23386311E-006    -0.26704526E-014     0.43445086E-014    -0.27119955E-014     0.46252344E-014
     0.16588408E+002     0.20502525E-006    -0.22622654E-006    -0.26313325E-014     0.44024963E-014    -0.27176294E-014     0.46767127E-014
     0.16592749E+002     0.20971196E-006    -0.22253665E-006    -0.26549675E-014     0.44268330E-014    -0.27029887E-014     0.47241146E-014
     0.16597091E+002     0.21681372E-006    -0.22164759E-006    -0.25957863E-014     0.45017243E-014    -0.26689493E-014     0.47595032E-014
     0.16601432E+002     0.22431353E-006    -0.22314256E-006    -0.25580997E-014     0.44674719E-014    -0.26276301E-014     0.47710001E-014
     0.16605773E+002     0.22870423E-006    -0.22844518E-006    -0.25353384E-014     0.45017282E-014    -0.25909551E-014     0.47631579E-014
     0.16610115E+002     0.23142927E-006    -0.23518228E-006    -0.24783026E-014     0.44399713E-014    -0.25666281E-014     0.47353706E-014
     0.16614456E+002     0.22926497E-006    -0.24097831E-006    -0.25232756E-014     0.44200593E-014    -0.25681000E-014     0.47026338E-014
     0.16618798E+002     0.22370857E-006    -0.24685060E-006    -0.24985824E-014     0.43954647E-014    -0.25874765E-014     0.46745217E-014
     0.16623139E+002     0.21817415E-006    -0.24765700E-006    -0.25796739E-014     0.43555994E-014    -0.26277924E-014     0.46601910E-014
     0.16627480E+002     0.21070774E-006    -0.24552931E-006    -0.26006027E-014     0.44060800E-014    -0.26705406E-014     0.46724658E-014
     0.16631822E+002     0.20662129E-006    -0.24288771E-006    -0.26460018E-014     0.43904223E-014    -0.27088973E-014     0.47018646E-014
     0.16636163E+002     0.20782603E-006    -0.23633401E-006    -0.26853771E-014     0.44859480E-014    -0.27321012E-014     0.47532656E-014
     0.16640504E+002     0.21053001E-006    -0.23020573E-006    -0.26499478E-014     0.45058842E-014    -0.27285425E-014     0.48040214E-014
     0.16644846E+002     0.21740286E-006    -0.22674919E-006    -0.26725458E-014     0.45691046E-014    -0.27084505E-014     0.48513469E-014
     0.16649187E+002     0.22420644E-006    -0.22628399E-006    -0.25836674E-014     0.46040490E-014    -0.26658997E-014     0.48810278E-014
     0.16653529E+002     0.23047451E-006    -0.22907996E-006    -0.25817913E-014     0.45822398E-014    -0.26267350E-014     0.48844320E-014
     0.16657870E+002     0.23335988E-006    -0.23606696E-006    -0.25197346E-014     0.46069456E-014    -0.25901438E-014     0.48717075E-014
     0.16662211E+002     0.23486869E-006    -0.24493402E-006    -0.25092781E-014     0.45243486E-014    -0.25742230E-014     0.48363328E-014
     0.16666553E+002     0.23279162E-006    -0.25118718E-006    -0.25345533E-014     0.45356604E-014    -0.25836227E-014     0.48068949E-014
     0.16670894E+002     0.22844251E-006    -0.25518673E-006    -0.25295536E-014     0.44733911E-014    -0.26093026E-014     0.47788384E-014
     0.16675235E+002     0.22089242E-006    -0.25381330E-006    -0.26227977E-014     0.44839297E-014    -0.26574591E-014     0.47753083E-014
     0.16679577E+002     0.21504035E-006    -0.25265518E-006    -0.26196864E-014     0.45084476E-014    -0.26978274E-014     0.47946938E-014
     0.16683918E+002     0.21348107E-006    -0.24643079E-006    -0.26999011E-014     0.45217610E-014    -0.27374511E-014     0.48317067E-014
     0.16688260E+002     0.21394122E-006    -0.24087477E-006    -0.26884845E-014     0.46198546E-014    -0.27495543E-014     0.48900978E-014
     0.16692601E+002     0.22138308E-006    -0.23508051E-006    -0.26850950E-014     0.46237256E-014    -0.27409746E-014     0.49385853E-014
     0.16696942E+002     0.22728246E-006    -0.23004249E-006    -0.26712783E-014     0.47163848E-014    -0.27129276E-014     0.49874240E-014
     0.16701284E+002     0.23319035E-006    -0.23074736E-006    -0.25904997E-014     0.47013548E-014    -0.26658586E-014     0.50051228E-014
     0.16705625E+002     0.23867478E-006    -0.23576489E-006    -0.25965899E-014     0.47155696E-014    -0.26295959E-014     0.50049547E-014
     0.16709967E+002     0.24047489E-006    -0.24304972E-006    -0.25138040E-014     0.46968465E-014    -0.25928089E-014     0.49831520E-014
     0.16714308E+002     0.24123764E-006    -0.25069689E-006    -0.25505716E-014     0.46322873E-014    -0.25904652E-014     0.49452407E-014
     0.16718649E+002     0.23460628E-006    -0.25697800E-006    -0.25395987E-014     0.46424233E-014    -0.26031756E-014     0.49185479E-014
     0.16722991E+002     0.22963085E-006    -0.26158454E-006    -0.25839816E-014     0.45686657E-014    -0.26403557E-014     0.48916166E-014
     0.16727332E+002     0.22387303E-006    -0.26079390E-006    -0.26511762E-014     0.46217290E-014    -0.26900000E-014     0.49020766E-014
     0.16731673E+002     0.21926888E-006    -0.25629439E-006    -0.26598802E-014     0.46113831E-014    -0.27290292E-014     0.49244862E-014
     0.16736015E+002     0.21905160E-006    -0.25062693E-006    -0.27426558E-014     0.46774962E-014    -0.27669372E-014     0.49748903E-014
     0.16740356E+002     0.22186446E-006    -0.24298563E-006    -0.26962292E-014     0.47418084E-014    -0.27660073E-014     0.50334872E-014
     0.16744698E+002     0.22734174E-006    -0.23799310E-006    -0.27249266E-014     0.47672379E-014    -0.27560734E-014     0.50824802E-014
     0.16749039E+002     0.23425660E-006    -0.23621361E-006    -0.26579938E-014     0.48520951E-014    -0.27146172E-014     0.51279187E-014
     0.16753380E+002     0.24119412E-006    -0.23839111E-006    -0.26178804E-014     0.48109902E-014    -0.26701446E-014     0.51337637E-014
     0.16757722E+002     0.24692193E-006    -0.24478444E-006    -0.25946496E-014     0.48519009E-014    -0.26328513E-014     0.51325077E-014
     0.16762063E+002     0.24814522E-006    -0.25085356E-006    -0.25311451E-014     0.47817272E-014    -0.26024513E-014     0.50971813E-014
     0.16766404E+002     0.24531449E-006    -0.25841552E-006    -0.25850562E-014     0.47620941E-014    -0.26119134E-014     0.50640702E-014
     0.16770746E+002     0.23866626E-006    -0.26388085E-006    -0.25554959E-014     0.47361337E-014    -0.26271212E-014     0.50352984E-014
     0.16775087E+002     0.23188699E-006    -0.26829455E-006    -0.26486858E-014     0.46925868E-014    -0.26788378E-014     0.50176554E-014
     0.16779429E+002     0.22771302E-006    -0.26562915E-006    -0.26702474E-014     0.47526342E-014    -0.27233524E-014     0.50390677E-014
     0.16783770E+002     0.22339886E-006    -0.25999843E-006    -0.27213041E-014     0.47330134E-014    -0.27672067E-014     0.50658482E-014
     0.16788111E+002     0.22436301E-006    -0.25510060E-006    -0.27650610E-014     0.48424010E-014    -0.27950174E-014     0.51303391E-014
     0.16792453E+002     0.23012617E-006    -0.24608620E-006    -0.27233899E-014     0.48622872E-014    -0.27857932E-014     0.51825640E-014
     0.16796794E+002     0.23387958E-006    -0.24072022E-006    -0.27520609E-014     0.49336989E-014    -0.27707860E-014     0.52381253E-014
     0.16801135E+002     0.24000202E-006    -0.24175168E-006    -0.26509767E-014     0.49718117E-014    -0.27174009E-014     0.52716421E-014
     0.16805477E+002     0.24604844E-006    -0.24742240E-006    -0.26531752E-014     0.49460203E-014    -0.26808360E-014     0.52717317E-014
     0.16809818E+002     0.25092752E-006    -0.25684237E-006    -0.25839596E-014     0.49763552E-014    -0.26376593E-014     0.52640688E-014
     0.16814160E+002     0.25579725E-006    -0.26548117E-006    -0.25745603E-014     0.48818824E-014    -0.26226703E-014     0.52183898E-014
     0.16818501E+002     0.25289031E-006    -0.26807335E-006    -0.26048513E-014     0.48994301E-014    -0.26365897E-014     0.51934521E-014
     0.16822842E+002     0.24480537E-006    -0.27193250E-006    -0.25982130E-014     0.48291934E-014    -0.26615881E-014     0.51589202E-014
     0.16827184E+002     0.23684224E-006    -0.27226650E-006    -0.27057838E-014     0.48439451E-014    -0.27226261E-014     0.51586870E-014
     0.16831525E+002     0.23034969E-006    -0.26966172E-006    -0.26984715E-014     0.48720789E-014    -0.27603557E-014     0.51823616E-014
     0.16835866E+002     0.22714418E-006    -0.26404260E-006    -0.27902231E-014     0.48862503E-014    -0.28101464E-014     0.52214583E-014
     0.16840208E+002     0.22912247E-006    -0.25872993E-006    -0.27748485E-014     0.49987531E-014    -0.28195813E-014     0.52935503E-014
     0.16844549E+002     0.23395301E-006    -0.25295622E-006    -0.27718908E-014     0.49991377E-014    -0.28110649E-014     0.53411345E-014
     0.16848891E+002     0.24313906E-006    -0.25179257E-006    -0.27577191E-014     0.51056499E-014    -0.27825460E-014     0.54023807E-014
     0.16853232E+002     0.25112389E-006    -0.25181915E-006    -0.26666381E-014     0.50856204E-014    -0.27260426E-014     0.54171604E-014
     0.16857573E+002     0.25738316E-006    -0.25807936E-006    -0.26783805E-014     0.51032770E-014    -0.26936035E-014     0.54196902E-014
     0.16861915E+002     0.26154138E-006    -0.26418349E-006    -0.25844230E-014     0.50831582E-014    -0.26472475E-014     0.53967162E-014
     0.16866256E+002     0.25997229E-006    -0.27191816E-006    -0.26308494E-014     0.50103658E-014    -0.26523026E-014     0.53518349E-014
     0.16870598E+002     0.25508908E-006    -0.27766372E-006    -0.26175146E-014     0.50264851E-014    -0.26639593E-014     0.53296386E-014
     0.16874939E+002     0.24654645E-006    -0.28179168E-006    -0.26688416E-014     0.49419086E-014    -0.27076698E-014     0.52949236E-014
     0.16879280E+002     0.24034480E-006    -0.28155934E-006    -0.27448839E-014     0.50068011E-014    -0.27662629E-014     0.53151571E-014
     0.16883622E+002     0.23773712E-006    -0.27666769E-006    -0.27518117E-014     0.49930454E-014    -0.28054403E-014     0.53367249E-014
     0.16887963E+002     0.23339619E-006    -0.26797359E-006    -0.28473007E-014     0.50692772E-014    -0.28544595E-014     0.53964375E-014
     0.16892304E+002     0.23476291E-006    -0.26512385E-006    -0.27908698E-014     0.51413291E-014    -0.28460212E-014     0.54631327E-014
     0.16896646E+002     0.24438837E-006    -0.26122118E-006    -0.28269792E-014     0.51677619E-014    -0.28409642E-014     0.55149146E-014
     0.16900987E+002     0.25237715E-006    -0.25974817E-006    -0.27504695E-014     0.52655964E-014    -0.27916824E-014     0.55719551E-014
     0.16905329E+002     0.26168728E-006    -0.26278247E-006    -0.27082838E-014     0.52153313E-014    -0.27442573E-014     0.55714483E-014
     0.16909670E+002     0.26787595E-006    -0.26812702E-006    -0.26855352E-014     0.52655332E-014    -0.27063219E-014     0.55771768E-014
     0.16914011E+002     0.26857176E-006    -0.27634835E-006    -0.26137850E-014     0.51841616E-014    -0.26692325E-014     0.55334523E-014
     0.16918353E+002     0.26691360E-006    -0.28484655E-006    -0.26800047E-014     0.51654162E-014    -0.26886494E-014     0.55004341E-014
     0.16922694E+002     0.26165201E-006    -0.28966401E-006    -0.26437510E-014     0.51381970E-014    -0.27004101E-014     0.54702916E-014
     0.16927035E+002     0.25401647E-006    -0.29093170E-006    -0.27528167E-014     0.50885843E-014    -0.27654830E-014     0.54482400E-014
     0.16931377E+002     0.24744166E-006    -0.29040343E-006    -0.27732282E-014     0.51610708E-014    -0.28109765E-014     0.54798051E-014
     0.16935718E+002     0.24585360E-006    -0.28428003E-006    -0.28304526E-014     0.51359790E-014    -0.28602578E-014     0.55047780E-014
     0.16940060E+002     0.24641098E-006    -0.27679759E-006    -0.28802935E-014     0.52646380E-014    -0.28933514E-014     0.55863683E-014
     0.16944401E+002     0.25174599E-006    -0.26803863E-006    -0.28308376E-014     0.52831931E-014    -0.28787624E-014     0.56410572E-014
     0.16948742E+002     0.25825245E-006    -0.26370248E-006    -0.28683222E-014     0.53649647E-014    -0.28695103E-014     0.57059352E-014
     0.16953084E+002     0.26587551E-006    -0.26311507E-006    -0.27510075E-014     0.54071840E-014    -0.28030193E-014     0.57443433E-014
     0.16957425E+002     0.27236624E-006    -0.26765090E-006    -0.27598131E-014     0.53759683E-014    -0.27695588E-014     0.57412974E-014
     0.16961766E+002     0.27476650E-006    -0.27615100E-006    -0.26811231E-014     0.54148710E-014    -0.27190857E-014     0.57399099E-014
     0.16966108E+002     0.27742210E-006    -0.28583196E-006    -0.26739751E-014     0.53048296E-014    -0.27053367E-014     0.56827627E-014
     0.16970449E+002     0.27326854E-006    -0.29280779E-006    -0.27109928E-014     0.53315373E-014    -0.27253017E-014     0.56640152E-014
     0.16974791E+002     0.26687391E-006    -0.29691717E-006    -0.27010843E-014     0.52507979E-014    -0.27501579E-014     0.56222239E-014
     0.16979132E+002     0.25890405E-006    -0.29638008E-006    -0.28276859E-014     0.52718717E-014    -0.28268623E-014     0.56273094E-014
     0.16983473E+002     0.25262892E-006    -0.29373828E-006    -0.28138131E-014     0.53055889E-014    -0.28628692E-014     0.56571750E-014
     0.16987815E+002     0.25130626E-006    -0.28632389E-006    -0.29220608E-014     0.53200272E-014    -0.29258944E-014     0.56991542E-014
     0.16992156E+002     0.25136122E-006    -0.27834135E-006    -0.29008970E-014     0.54515377E-014    -0.29325339E-014     0.57877411E-014
     0.16996498E+002     0.25611004E-006    -0.27318334E-006    -0.28989038E-014     0.54463740E-014    -0.29241122E-014     0.58346455E-014
     0.17000839E+002     0.26342467E-006    -0.27291739E-006    -0.28855911E-014     0.55716337E-014    -0.28948453E-014     0.59116091E-014
     0.17005180E+002     0.27356580E-006    -0.27609448E-006    -0.27805360E-014     0.55443492E-014    -0.28272754E-014     0.59234126E-014
     0.17009522E+002     0.28169049E-006    -0.28209805E-006    -0.28018900E-014     0.55668129E-014    -0.27999153E-014     0.59298130E-014
     0.17013863E+002     0.28411987E-006    -0.29024390E-006    -0.26916640E-014     0.55450687E-014    -0.27423681E-014     0.59055287E-014
     0.17018204E+002     0.28422318E-006    -0.30188600E-006    -0.27520006E-014     0.54619728E-014    -0.27569472E-014     0.58528496E-014
     0.17022546E+002     0.28296656E-006    -0.30548441E-006    -0.27349562E-014     0.54875096E-014    -0.27679428E-014     0.58367734E-014
     0.17026887E+002     0.27345352E-006    -0.30613247E-006    -0.27951009E-014     0.53879894E-014    -0.28203034E-014     0.57927438E-014
     0.17031229E+002     0.26441844E-006    -0.30707782E-006    -0.28830571E-014     0.54703476E-014    -0.28902255E-014     0.58260485E-014
     0.17035570E+002     0.26124464E-006    -0.30198371E-006    -0.28863272E-014     0.54517391E-014    -0.29297974E-014     0.58475257E-014
     0.17039911E+002     0.25960336E-006    -0.29384320E-006    -0.30007817E-014     0.55422277E-014    -0.29929320E-014     0.59204727E-014
     0.17044253E+002     0.26278685E-006    -0.28767352E-006    -0.29301256E-014     0.56243959E-014    -0.29758952E-014     0.59986322E-014
     0.17048594E+002     0.27077972E-006    -0.28314179E-006    -0.29781106E-014     0.56507939E-014    -0.29777456E-014     0.60549835E-014
     0.17052935E+002     0.28035388E-006    -0.28170344E-006    -0.28883752E-014     0.57673150E-014    -0.29188936E-014     0.61274138E-014
     0.17057277E+002     0.28759714E-006    -0.28533606E-006    -0.28437176E-014     0.57031846E-014    -0.28678971E-014     0.61200351E-014
     0.17061618E+002     0.29470376E-006    -0.29374446E-006    -0.28224492E-014     0.57686119E-014    -0.28298029E-014     0.61359723E-014
     0.17065960E+002     0.29858207E-006    -0.30303176E-006    -0.27388862E-014     0.56721921E-014    -0.27849313E-014     0.60824154E-014
     0.17070301E+002     0.29678359E-006    -0.30852499E-006    -0.28238925E-014     0.56564452E-014    -0.28171315E-014     0.60506632E-014
     0.17074642E+002     0.28940486E-006    -0.31355169E-006    -0.27764195E-014     0.56289220E-014    -0.28249171E-014     0.60211115E-014
     0.17078984E+002     0.28170658E-006    -0.31358079E-006    -0.29090177E-014     0.55723340E-014    -0.29085913E-014     0.59962417E-014
     0.17083325E+002     0.27186899E-006    -0.30987207E-006    -0.29288406E-014     0.56643123E-014    -0.29584730E-014     0.60435368E-014
     0.17087666E+002     0.26561447E-006    -0.30531404E-006    -0.29959491E-014     0.56288526E-014    -0.30181394E-014     0.60666397E-014
     0.17092008E+002     0.26600927E-006    -0.30016643E-006    -0.30551377E-014     0.57845597E-014    -0.30593479E-014     0.61700062E-014
     0.17096349E+002     0.27299722E-006    -0.29549895E-006    -0.29927560E-014     0.57996025E-014    -0.30371613E-014     0.62286678E-014
     0.17100691E+002     0.28299879E-006    -0.29199257E-006    -0.30450428E-014     0.58971025E-014    -0.30357643E-014     0.63087133E-014
     0.17105032E+002     0.29429923E-006    -0.29137465E-006    -0.29039121E-014     0.59463991E-014    -0.29532724E-014     0.63556765E-014
     0.17109373E+002     0.30109896E-006    -0.29474434E-006    -0.29254961E-014     0.59070718E-014    -0.29252998E-014     0.63502786E-014
     0.17113715E+002     0.30399254E-006    -0.30328182E-006    -0.28333456E-014     0.59607699E-014    -0.28658661E-014     0.63588002E-014
     0.17118056E+002     0.30405980E-006    -0.31536769E-006    -0.28299601E-014     0.58272688E-014    -0.28552506E-014     0.62881895E-014
     0.17122397E+002     0.30040663E-006    -0.32497098E-006    -0.28776950E-014     0.58710579E-014    -0.28848406E-014     0.62793845E-014
     0.17126739E+002     0.29736664E-006    -0.33077922E-006    -0.28614441E-014     0.57750160E-014    -0.29104633E-014     0.62297435E-014
     0.17131080E+002     0.29210993E-006    -0.32725246E-006    -0.30182214E-014     0.58071256E-014    -0.30105721E-014     0.62445614E-014
     0.17135422E+002     0.28376969E-006    -0.31995053E-006    -0.29918916E-014     0.58502373E-014    -0.30451117E-014     0.62853866E-014
     0.17139763E+002     0.28033882E-006    -0.31282587E-006    -0.31265868E-014     0.58644330E-014    -0.31279142E-014     0.63349699E-014
     0.17144104E+002     0.28246770E-006    -0.30492020E-006    -0.30963992E-014     0.60277814E-014    -0.31325398E-014     0.64508622E-014
     0.17148446E+002     0.28771822E-006    -0.29856414E-006    -0.30973420E-014     0.60115541E-014    -0.31264189E-014     0.65006249E-014
     0.17152787E+002     0.29594265E-006    -0.29827731E-006    -0.30877811E-014     0.61692819E-014    -0.30982491E-014     0.66039869E-014
     0.17157129E+002     0.30689683E-006    -0.30150280E-006    -0.29610234E-014     0.61300939E-014    -0.30166071E-014     0.66155665E-014
     0.17161470E+002     0.31579934E-006    -0.30854107E-006    -0.30019602E-014     0.61632951E-014    -0.29986230E-014     0.66321191E-014
     0.17165811E+002     0.31930323E-006    -0.31630402E-006    -0.28653983E-014     0.61428494E-014    -0.29267960E-014     0.66109818E-014
     0.17170153E+002     0.31829648E-006    -0.32530112E-006    -0.29521335E-014     0.60440926E-014    -0.29587852E-014     0.65514414E-014
     0.17174494E+002     0.31242768E-006    -0.33102293E-006    -0.29284143E-014     0.60912746E-014    -0.29719383E-014     0.65495905E-014
     0.17178835E+002     0.30363439E-006    -0.33375434E-006    -0.30036991E-014     0.59668875E-014    -0.30405570E-014     0.64966866E-014
     0.17183177E+002     0.29332477E-006    -0.33101493E-006    -0.31134480E-014     0.60838714E-014    -0.31316286E-014     0.65566904E-014
     0.17187518E+002     0.28586465E-006    -0.32754874E-006    -0.31078593E-014     0.60565642E-014    -0.31760963E-014     0.65850269E-014
     0.17191860E+002     0.28595999E-006    -0.32309909E-006    -0.32590945E-014     0.61737237E-014    -0.32666972E-014     0.66865969E-014
     0.17196201E+002     0.29209057E-006    -0.31542036E-006    -0.31611119E-014     0.62766874E-014    -0.32406783E-014     0.67918705E-014
     0.17200542E+002     0.30120864E-006    -0.31018001E-006    -0.32363256E-014     0.63026503E-014    -0.32590780E-014     0.68645508E-014
     0.17204884E+002     0.30999803E-006    -0.30955115E-006    -0.31246537E-014     0.64609224E-014    -0.31892504E-014     0.69738529E-014
     0.17209225E+002     0.32022861E-006    -0.31627435E-006    -0.30806009E-014     0.63711559E-014    -0.31380703E-014     0.69663039E-014
     0.17213566E+002     0.32829525E-006    -0.32444962E-006    -0.30696479E-014     0.64758134E-014    -0.31062044E-014     0.70130307E-014
     0.17217908E+002     0.33261687E-006    -0.33380471E-006    -0.29627918E-014     0.63547604E-014    -0.30540512E-014     0.69563960E-014
     0.17222249E+002     0.32900753E-006    -0.34046828E-006    -0.30944281E-014     0.63547947E-014    -0.31187657E-014     0.69422532E-014
     0.17226591E+002     0.32043284E-006    -0.34658675E-006    -0.30206813E-014     0.63384399E-014    -0.31279526E-014     0.69303962E-014
     0.17230932E+002     0.31196530E-006    -0.35017500E-006    -0.32098308E-014     0.62709985E-014    -0.32582370E-014     0.69183696E-014
     0.17235273E+002     0.30690911E-006    -0.34684636E-006    -0.32261530E-014     0.64225866E-014    -0.33288323E-014     0.70196111E-014
     0.17239615E+002     0.30480310E-006    -0.33791064E-006    -0.33179299E-014     0.63664335E-014    -0.34239206E-014     0.70660839E-014
     0.17243956E+002     0.30401834E-006    -0.32812872E-006    -0.34108743E-014     0.66049042E-014    -0.35032761E-014     0.72499546E-014
     0.17248297E+002     0.30846319E-006    -0.32166993E-006    -0.33191417E-014     0.66189261E-014    -0.34877004E-014     0.73563018E-014
     0.17252639E+002     0.31825523E-006    -0.31983210E-006    -0.34357602E-014     0.67731790E-014    -0.35343411E-014     0.75165739E-014
     0.17256980E+002     0.33077613E-006    -0.32060353E-006    -0.32371902E-014     0.68694687E-014    -0.34440365E-014     0.76427566E-014
     0.17261322E+002     0.33914263E-006    -0.32583691E-006    -0.33277701E-014     0.68259539E-014    -0.34708176E-014     0.76980012E-014
     0.17265663E+002     0.34310201E-006    -0.33437682E-006    -0.32179620E-014     0.69867405E-014    -0.34372614E-014     0.78232718E-014
     0.17270004E+002     0.34272703E-006    -0.34691053E-006    -0.32550640E-014     0.68103702E-014    -0.34982935E-014     0.78159277E-014
     0.17274346E+002     0.33959214E-006    -0.35594849E-006    -0.34037220E-014     0.70073027E-014    -0.36554785E-014     0.79798279E-014
     0.17278687E+002     0.33298769E-006    -0.36128260E-006    -0.33879186E-014     0.69280466E-014    -0.38137371E-014     0.80845186E-014
     0.17283028E+002     0.32513358E-006    -0.35893994E-006    -0.38211271E-014     0.71259353E-014    -0.42419057E-014     0.83874633E-014
     0.17287370E+002     0.31811693E-006    -0.35393352E-006    -0.38540080E-014     0.74369181E-014    -0.46607589E-014     0.88743447E-014
     0.17291711E+002     0.31670932E-006    -0.34628088E-006    -0.45750450E-014     0.76207648E-014    -0.56919489E-014     0.95267383E-014
     0.17296053E+002     0.31958740E-006    -0.33707868E-006    -0.55775064E-014     0.86025951E-014    -0.79074745E-014     0.10713471E-013
     0.17300394E+002     0.32874427E-006    -0.33018246E-006    -0.83469713E-014     0.69558596E-014    -0.14290620E-013     0.79197226E-014
     0.17304735E+002     0.33769263E-006    -0.32570518E-006    -0.58232430E-014     0.22957189E-014    -0.81157595E-014    -0.15825572E-014
     0.17309077E+002     0.34566878E-006    -0.32988170E-006    -0.35219669E-014     0.43074925E-014    -0.36286316E-014     0.18624180E-014
     0.17313418E+002     0.35437834E-006    -0.33931255E-006    -0.30071666E-014     0.50138564E-014    -0.28768353E-014     0.36505351E-014
     0.17317760E+002     0.35873416E-006    -0.35058341E-006    -0.30130262E-014     0.54887485E-014    -0.27655002E-014     0.45957730E-014
     0.17322101E+002     0.35749279E-006    -0.35979603E-006    -0.29252642E-014     0.57027453E-014    -0.27175639E-014     0.51086633E-014
     0.17326442E+002     0.35031275E-006    -0.36798909E-006    -0.29944660E-014     0.58122335E-014    -0.27674727E-014     0.54218233E-014
     0.17330784E+002     0.34191346E-006    -0.37154387E-006    -0.30489173E-014     0.59046455E-014    -0.28341190E-014     0.56431329E-014
     0.17335125E+002     0.33421126E-006    -0.36897323E-006    -0.31543864E-014     0.59988370E-014    -0.29328249E-014     0.58291665E-014
     0.17339466E+002     0.32832139E-006    -0.36263618E-006    -0.32231208E-014     0.60981761E-014    -0.30154647E-014     0.59981789E-014
     0.17343808E+002     0.32642622E-006    -0.35350725E-006    -0.33223318E-014     0.62287688E-014    -0.31046120E-014     0.61748274E-014
     0.17348149E+002     0.33190274E-006    -0.34708838E-006    -0.33169631E-014     0.63721155E-014    -0.31312417E-014     0.63491145E-014
     0.17352491E+002     0.34178799E-006    -0.34294819E-006    -0.33466696E-014     0.64681251E-014    -0.31557803E-014     0.64913581E-014
     0.17356832E+002     0.35407504E-006    -0.34357885E-006    -0.32839671E-014     0.66075595E-014    -0.31237879E-014     0.66351202E-014
     0.17361173E+002     0.36510968E-006    -0.34740273E-006    -0.32350449E-014     0.66060814E-014    -0.30896066E-014     0.66948143E-014
     0.17365515E+002     0.37067635E-006    -0.35846340E-006    -0.32093385E-014     0.66750551E-014    -0.30663869E-014     0.67624756E-014
     0.17369856E+002     0.37432469E-006    -0.37020097E-006    -0.31412758E-014     0.66103542E-014    -0.30346264E-014     0.67531147E-014
     0.17374197E+002     0.37219928E-006    -0.38061730E-006    -0.32205940E-014     0.65979789E-014    -0.30827061E-014     0.67569905E-014
     0.17378539E+002     0.36461806E-006    -0.38501946E-006    -0.32041884E-014     0.65794883E-014    -0.31070442E-014     0.67591260E-014
     0.17382880E+002     0.35421666E-006    -0.38812661E-006    -0.33499975E-014     0.65397300E-014    -0.32157405E-014     0.67621637E-014
     0.17387222E+002     0.34878569E-006    -0.38488064E-006    -0.34021884E-014     0.66413002E-014    -0.32890046E-014     0.68417100E-014
     0.17391563E+002     0.34625966E-006    -0.37679660E-006    -0.34935286E-014     0.66376902E-014    -0.33737106E-014     0.68927241E-014
     0.17395904E+002     0.34942062E-006    -0.36656847E-006    -0.35714944E-014     0.68171605E-014    -0.34385574E-014     0.70356274E-014
     0.17400246E+002     0.35570799E-006    -0.35702434E-006    -0.35249986E-014     0.68673767E-014    -0.34311058E-014     0.71257337E-014
     0.17404587E+002     0.36518929E-006    -0.35419493E-006    -0.35790137E-014     0.69932929E-014    -0.34478461E-014     0.72414720E-014
     0.17408928E+002     0.37846702E-006    -0.35675053E-006    -0.34382582E-014     0.70658072E-014    -0.33675121E-014     0.73184567E-014
     0.17413270E+002     0.38805259E-006    -0.36335627E-006    -0.34559855E-014     0.70417745E-014    -0.33524906E-014     0.73333778E-014
     0.17417611E+002     0.39392752E-006    -0.37527409E-006    -0.33623433E-014     0.71019102E-014    -0.32968315E-014     0.73646971E-014
     0.17421953E+002     0.39480456E-006    -0.38543028E-006    -0.33653441E-014     0.69664920E-014    -0.32993845E-014     0.72987942E-014
     0.17426294E+002     0.38926648E-006    -0.39441600E-006    -0.34280612E-014     0.70102993E-014    -0.33486493E-014     0.73070957E-014
     0.17430635E+002     0.37989632E-006    -0.39840460E-006    -0.34332133E-014     0.69111029E-014    -0.33927284E-014     0.72617104E-014
     0.17434977E+002     0.37022106E-006    -0.39927821E-006    -0.36231097E-014     0.69525538E-014    -0.35282195E-014     0.72943797E-014
     0.17439318E+002     0.36332411E-006    -0.39364094E-006    -0.36231795E-014     0.70106989E-014    -0.35848434E-014     0.73556817E-014
     0.17443660E+002     0.36250773E-006    -0.38408555E-006    -0.37911218E-014     0.70467348E-014    -0.37044019E-014     0.74263464E-014
     0.17448001E+002     0.36493643E-006    -0.37621412E-006    -0.37772935E-014     0.72444943E-014    -0.37278269E-014     0.75778104E-014
     0.17452342E+002     0.37601024E-006    -0.37078853E-006    -0.37918229E-014     0.72520325E-014    -0.37422112E-014     0.76487847E-014
     0.17456684E+002     0.38950061E-006    -0.36798889E-006    -0.37869951E-014     0.74434563E-014    -0.37296541E-014     0.77876070E-014
     0.17461025E+002     0.40054156E-006    -0.37111575E-006    -0.36539307E-014     0.74153173E-014    -0.36520333E-014     0.78134918E-014
     0.17465366E+002     0.40843810E-006    -0.38110468E-006    -0.37004760E-014     0.74605214E-014    -0.36525836E-014     0.78485859E-014
     0.17469708E+002     0.41329139E-006    -0.39484377E-006    -0.35585402E-014     0.74385598E-014    -0.35857527E-014     0.78357917E-014
     0.17474049E+002     0.41370572E-006    -0.40600597E-006    -0.36669119E-014     0.73299864E-014    -0.36467748E-014     0.77760151E-014
     0.17478391E+002     0.40531454E-006    -0.41227486E-006    -0.36604641E-014     0.73780746E-014    -0.36830265E-014     0.77847487E-014
     0.17482732E+002     0.39652371E-006    -0.41678286E-006    -0.37720582E-014     0.72429676E-014    -0.37897995E-014     0.77292153E-014
     0.17487073E+002     0.38740199E-006    -0.41319305E-006    -0.39226220E-014     0.73783515E-014    -0.39240040E-014     0.78103359E-014
     0.17491415E+002     0.38246427E-006    -0.40648380E-006    -0.39508390E-014     0.73608557E-014    -0.40054407E-014     0.78505603E-014
     0.17495756E+002     0.38353905E-006    -0.39680536E-006    -0.41459222E-014     0.75103451E-014    -0.41447466E-014     0.79814424E-014
     0.17500097E+002     0.39046129E-006    -0.38665857E-006    -0.40625711E-014     0.76441813E-014    -0.41462232E-014     0.81154163E-014
     0.17504439E+002     0.39919818E-006    -0.38113539E-006    -0.41635477E-014     0.76967675E-014    -0.42039483E-014     0.82124119E-014
     0.17508780E+002     0.41232249E-006    -0.38346029E-006    -0.40522421E-014     0.78869090E-014    -0.41558179E-014     0.83527594E-014
     0.17513122E+002     0.42568559E-006    -0.39037826E-006    -0.40159425E-014     0.77999730E-014    -0.41331237E-014     0.83542793E-014
     0.17517463E+002     0.43260935E-006    -0.40059197E-006    -0.40133392E-014     0.79173338E-014    -0.41320692E-014     0.84194206E-014
     0.17521804E+002     0.43468160E-006    -0.41439812E-006    -0.39156034E-014     0.77800328E-014    -0.41106297E-014     0.83601717E-014
     0.17526146E+002     0.43001462E-006    -0.42575548E-006    -0.40834371E-014     0.77741585E-014    -0.42284205E-014     0.83501896E-014
     0.17530487E+002     0.42439432E-006    -0.43580552E-006    -0.40392195E-014     0.77457315E-014    -0.42850083E-014     0.83375996E-014
     0.17534828E+002     0.41598818E-006    -0.43381323E-006    -0.42878122E-014     0.76714678E-014    -0.44873246E-014     0.83251149E-014
     0.17539170E+002     0.40681436E-006    -0.42778638E-006    -0.43523359E-014     0.78350454E-014    -0.46243488E-014     0.84388240E-014
     0.17543511E+002     0.40265638E-006    -0.41941929E-006    -0.45024928E-014     0.77861842E-014    -0.47967992E-014     0.84896280E-014
     0.17547853E+002     0.40502102E-006    -0.41127223E-006    -0.46437708E-014     0.80553567E-014    -0.49548665E-014     0.86947830E-014
     0.17552194E+002     0.41582509E-006    -0.40413407E-006    -0.45896583E-014     0.80849459E-014    -0.50138771E-014     0.88079174E-014
     0.17556535E+002     0.43084403E-006    -0.39897515E-006    -0.47405008E-014     0.82612945E-014    -0.51461897E-014     0.89791345E-014
     0.17560877E+002     0.44276695E-006    -0.40086610E-006    -0.45610656E-014     0.83595040E-014    -0.51326480E-014     0.91035442E-014
     0.17565218E+002     0.45385840E-006    -0.41114372E-006    -0.46781545E-014     0.83092394E-014    -0.52554727E-014     0.91439207E-014
     0.17569559E+002     0.46137666E-006    -0.42272292E-006    -0.45906142E-014     0.84384844E-014    -0.53162026E-014     0.92456209E-014
     0.17573901E+002     0.45942990E-006    -0.43585019E-006    -0.46665631E-014     0.82233820E-014    -0.54874441E-014     0.91874364E-014
     0.17578242E+002     0.45468949E-006    -0.44758832E-006    -0.48418522E-014     0.83509819E-014    -0.57563363E-014     0.92846214E-014
     0.17582584E+002     0.44561054E-006    -0.45310534E-006    -0.48830391E-014     0.81961631E-014    -0.60210167E-014     0.92742869E-014
     0.17586925E+002     0.43709546E-006    -0.45197950E-006    -0.52954057E-014     0.82887995E-014    -0.65202448E-014     0.94040383E-014
     0.17591266E+002     0.43093717E-006    -0.44350678E-006    -0.53284023E-014     0.83993694E-014    -0.69125520E-014     0.95837555E-014
     0.17595608E+002     0.42936065E-006    -0.43293790E-006    -0.57714910E-014     0.84052558E-014    -0.75894144E-014     0.97459096E-014
     0.17599949E+002     0.43367008E-006    -0.42284187E-006    -0.58927899E-014     0.87938525E-014    -0.82437560E-014     0.10138012E-013
     0.17604291E+002     0.44526340E-006    -0.41711291E-006    -0.61645673E-014     0.86838666E-014    -0.91814418E-014     0.10298060E-013
     0.17608632E+002     0.45895192E-006    -0.41521220E-006    -0.66276343E-014     0.91336235E-014    -0.10629337E-013     0.10761758E-013
     0.17612973E+002     0.47253585E-006    -0.42172328E-006    -0.68096939E-014     0.89881652E-014    -0.12687633E-013     0.10818071E-013
     0.17617315E+002     0.48109836E-006    -0.43446278E-006    -0.83193801E-014     0.89166191E-014    -0.17369193E-013     0.10285063E-013
     0.17621656E+002     0.48981924E-006    -0.45269245E-006    -0.98684697E-014     0.80657769E-014    -0.26464421E-013     0.46544563E-014
     0.17625997E+002     0.49036476E-006    -0.46248820E-006    -0.78034193E-014     0.67115717E-015    -0.16994415E-013    -0.24784874E-013
     0.17630339E+002     0.48310488E-006    -0.46986334E-006    -0.39633778E-014     0.41142495E-014     0.42941272E-014    -0.96969336E-014
     0.17634680E+002     0.47327311E-006    -0.47202060E-006    -0.40082476E-014     0.64706921E-014     0.32851398E-014    -0.32720549E-015
     0.17639022E+002     0.46431265E-006    -0.46540698E-006    -0.47205350E-014     0.68043677E-014     0.12786347E-014     0.26640848E-014
     0.17643363E+002     0.45540980E-006    -0.45357097E-006    -0.54065737E-014     0.73469064E-014    -0.31481492E-015     0.44890820E-014
     0.17647704E+002     0.45131963E-006    -0.44778063E-006    -0.57630368E-014     0.73365350E-014    -0.12079937E-014     0.52338265E-014
     0.17652046E+002     0.46341834E-006    -0.44239364E-006    -0.63719152E-014     0.72038356E-014    -0.22400706E-014     0.56052230E-014
     0.17656387E+002     0.47920340E-006    -0.43674751E-006    -0.67221909E-014     0.65630260E-014    -0.27981977E-014     0.54337516E-014
     0.17660728E+002     0.49433090E-006    -0.43828918E-006    -0.69463285E-014     0.44998617E-014    -0.32713238E-014     0.38593832E-014
     0.17665070E+002     0.50974138E-006    -0.44771589E-006    -0.17919043E-014     0.25182002E-015     0.92750002E-015     0.50745655E-015
     0.17669411E+002     0.52078442E-006    -0.45869936E-006     0.23359183E-014     0.91364302E-014     0.42819235E-014     0.80511546E-014
     0.17673753E+002     0.52150770E-006    -0.47290924E-006    -0.17837080E-014     0.11246617E-013     0.59195663E-015     0.10017530E-013
     0.17678094E+002     0.51861063E-006    -0.48575283E-006    -0.35155233E-014     0.11070703E-013    -0.88058819E-015     0.99046055E-014
     0.17682435E+002     0.50853960E-006    -0.49276300E-006    -0.48559537E-014     0.10919307E-013    -0.22333952E-014     0.98372545E-014
     0.17686777E+002     0.49745592E-006    -0.49274895E-006    -0.56569981E-014     0.10978798E-013    -0.28847564E-014     0.10024733E-013
     0.17691118E+002     0.48938049E-006    -0.48775493E-006    -0.65909558E-014     0.10951536E-013    -0.38040287E-014     0.99607429E-014
     0.17695459E+002     0.48602238E-006    -0.47755081E-006    -0.73524747E-014     0.11368130E-013    -0.44658174E-014     0.10522216E-013
     0.17699801E+002     0.49137909E-006    -0.46761372E-006    -0.80126439E-014     0.11502838E-013    -0.49795651E-014     0.10556992E-013
     0.17704142E+002     0.50289684E-006    -0.45829835E-006    -0.88869418E-014     0.12004220E-013    -0.58136987E-014     0.11143829E-013
     0.17708484E+002     0.51783805E-006    -0.45594039E-006    -0.93963918E-014     0.12275831E-013    -0.60340758E-014     0.11352946E-013
     0.17712825E+002     0.53548091E-006    -0.46072651E-006    -0.10553973E-013     0.12513837E-013    -0.71365911E-014     0.11542809E-013
     0.17717166E+002     0.54938910E-006    -0.47089488E-006    -0.11426881E-013     0.12945851E-013    -0.76169693E-014     0.12024046E-013
     0.17721508E+002     0.55525873E-006    -0.48618571E-006    -0.13173714E-013     0.12782396E-013    -0.91031132E-014     0.11664921E-013
     0.17725849E+002     0.55689280E-006    -0.50244779E-006    -0.15426581E-013     0.13449819E-013    -0.10858319E-013     0.12473717E-013
     0.17730191E+002     0.55132018E-006    -0.51317652E-006    -0.18444666E-013     0.13151808E-013    -0.13083115E-013     0.11917474E-013
     0.17734532E+002     0.53993583E-006    -0.51786479E-006    -0.24093676E-013     0.13796658E-013    -0.17844490E-013     0.12687197E-013
     0.17738873E+002     0.52904028E-006    -0.51679864E-006    -0.31323894E-013     0.13475932E-013    -0.22941921E-013     0.12394300E-013
     0.17743215E+002     0.52334267E-006    -0.50960347E-006    -0.48150746E-013     0.96966874E-014    -0.36675728E-013     0.92254648E-014
     0.17747556E+002     0.52480230E-006    -0.49769136E-006    -0.79306836E-013    -0.11746947E-013    -0.60238351E-013    -0.61730381E-014
     0.17751897E+002     0.53209759E-006    -0.48515357E-006    -0.33124380E-013    -0.11413659E-012    -0.23480553E-013    -0.86211510E-013
     0.17756239E+002     0.54602730E-006    -0.47876350E-006     0.36677654E-013    -0.52195177E-013     0.28816462E-013    -0.38555120E-013
     0.17760580E+002     0.56317701E-006    -0.47854910E-006     0.30027168E-013    -0.18011619E-013     0.24017588E-013    -0.11109416E-013
     0.17764922E+002     0.58059464E-006    -0.48655085E-006     0.23635503E-013    -0.82520263E-014     0.19389562E-013    -0.41459828E-014
     0.17769263E+002     0.59280304E-006    -0.49896726E-006     0.18010137E-013    -0.21969213E-014     0.14742206E-013     0.83032007E-015
     0.17773604E+002     0.59725034E-006    -0.51581841E-006     0.16129472E-013     0.56845773E-015     0.13701953E-013     0.29010036E-014
     0.17777946E+002     0.59481505E-006    -0.53098865E-006     0.13096824E-013     0.18330825E-014     0.11129764E-013     0.37695187E-014
     0.17782287E+002     0.58648659E-006    -0.54157945E-006     0.11878323E-013     0.33902700E-014     0.10366556E-013     0.50992591E-014
     0.17786628E+002     0.57449090E-006    -0.54470884E-006     0.10063349E-013     0.30191695E-014     0.88805263E-014     0.46304530E-014
     0.17790970E+002     0.56377498E-006    -0.54183844E-006     0.81826820E-014     0.33179625E-014     0.74309724E-014     0.49702066E-014
     0.17795311E+002     0.56132388E-006    -0.53319664E-006     0.87557583E-014    -0.39497760E-016     0.78717680E-014     0.21299743E-014
     0.17799653E+002     0.56613499E-006    -0.52026354E-006     0.12509647E-013     0.35702196E-014     0.10847808E-013     0.53313978E-014
     0.17803994E+002     0.57756362E-006    -0.51167553E-006     0.11005477E-013     0.65377493E-014     0.99185508E-014     0.76830312E-014
     0.17808335E+002     0.59708119E-006    -0.50531048E-006     0.94777678E-014     0.73823126E-014     0.85568804E-014     0.83614587E-014
     0.17812677E+002     0.61643097E-006    -0.50758478E-006     0.92072810E-014     0.84402761E-014     0.85528392E-014     0.93967913E-014
     0.17817018E+002     0.63341397E-006    -0.51764770E-006     0.89700646E-014     0.85828308E-014     0.84278873E-014     0.94015771E-014
     0.17821359E+002     0.64421638E-006    -0.53203769E-006     0.89295436E-014     0.93532730E-014     0.84777311E-014     0.10180932E-013
     0.17825701E+002     0.64553245E-006    -0.54862995E-006     0.93261797E-014     0.93047539E-014     0.89795908E-014     0.10048299E-013
     0.17830042E+002     0.64090403E-006    -0.56331477E-006     0.91637364E-014     0.95967889E-014     0.88310355E-014     0.10338680E-013
     0.17834384E+002     0.63003512E-006    -0.57151368E-006     0.96354553E-014     0.97082656E-014     0.93983052E-014     0.10440874E-013
     0.17838725E+002     0.61921422E-006    -0.57188701E-006     0.94193314E-014     0.97191854E-014     0.91937488E-014     0.10433546E-013
     0.17843066E+002     0.61048096E-006    -0.56326221E-006     0.96756536E-014     0.10245271E-013     0.95298753E-014     0.11001261E-013
     0.17847408E+002     0.60716658E-006    -0.55024854E-006     0.97335604E-014     0.10422413E-013     0.96421087E-014     0.11143163E-013
     0.17851749E+002     0.61126464E-006    -0.53900042E-006     0.99485488E-014     0.11342220E-013     0.99073446E-014     0.12106475E-013
     0.17856090E+002     0.62730292E-006    -0.53330042E-006     0.10613071E-013     0.11965890E-013     0.10669655E-013     0.12688347E-013
     0.17860432E+002     0.64687703E-006    -0.52866077E-006     0.11231707E-013     0.13004351E-013     0.11296780E-013     0.13724667E-013
     0.17864773E+002     0.66545242E-006    -0.53627621E-006     0.12591964E-013     0.13963841E-013     0.12761853E-013     0.14667563E-013
     0.17869115E+002     0.67829794E-006    -0.54767446E-006     0.13921564E-013     0.14854862E-013     0.14070971E-013     0.15493047E-013
     0.17873456E+002     0.67908624E-006    -0.56658457E-006     0.15818957E-013     0.15862485E-013     0.16024044E-013     0.16544268E-013
     0.17877797E+002     0.65711174E-006    -0.59846095E-006     0.17823599E-013     0.16680150E-013     0.18034102E-013     0.17259024E-013
     0.17882139E+002     0.68409497E-006    -0.64855725E-006     0.20157285E-013     0.17780448E-013     0.20326978E-013     0.18455194E-013
     0.17886480E+002     0.69138883E-006    -0.63539841E-006     0.22753253E-013     0.19108577E-013     0.23025736E-013     0.19716043E-013
     0.17890822E+002     0.68192437E-006    -0.62220106E-006     0.25957760E-013     0.21154618E-013     0.26090569E-013     0.21820505E-013
     0.17895163E+002     0.67462654E-006    -0.60597029E-006     0.29806478E-013     0.24193740E-013     0.30150491E-013     0.24935639E-013
     0.17899504E+002     0.67655049E-006    -0.59109012E-006     0.35432209E-013     0.29372043E-013     0.35627830E-013     0.29979288E-013
     0.17903846E+002     0.68709843E-006    -0.57506105E-006     0.43335698E-013     0.37143075E-013     0.43697050E-013     0.38064311E-013
     0.17908187E+002     0.70429071E-006    -0.56644570E-006     0.55602611E-013     0.52221375E-013     0.56070460E-013     0.52698161E-013
     0.17912528E+002     0.72517143E-006    -0.56941997E-006     0.76022579E-013     0.81126190E-013     0.76145614E-013     0.82070793E-013
     0.17916870E+002     0.74768812E-006    -0.57812752E-006     0.98552085E-013     0.16104016E-012     0.99758195E-013     0.16157387E-012
     0.17921211E+002     0.76133558E-006    -0.59393264E-006    -0.51874606E-013     0.36785419E-012    -0.51661296E-013     0.36684877E-012
     0.17925553E+002     0.76553073E-006    -0.61392916E-006    -0.25976093E-012     0.90226075E-013    -0.25974581E-012     0.91429732E-013
     0.17929894E+002     0.76272722E-006    -0.63633948E-006    -0.15943385E-012    -0.92203170E-015    -0.15790850E-012     0.13415126E-015
     0.17934235E+002     0.75592025E-006    -0.64851019E-006    -0.10825712E-012    -0.11676628E-013    -0.10768213E-012    -0.11288667E-013
     0.17938577E+002     0.74462503E-006    -0.65111650E-006    -0.83422139E-013    -0.14144838E-013    -0.82559902E-013    -0.12976418E-013
     0.17942918E+002     0.73592397E-006    -0.64494456E-006    -0.68671571E-013    -0.13054647E-013    -0.67716714E-013    -0.12573905E-013
     0.17947259E+002     0.73284149E-006    -0.63142986E-006    -0.59076435E-013    -0.13531876E-013    -0.58471181E-013    -0.12533394E-013
     0.17951601E+002     0.73965573E-006    -0.61743379E-006    -0.53482571E-013    -0.13343320E-013    -0.52356636E-013    -0.12567689E-013
     0.17955942E+002     0.75541961E-006    -0.60639801E-006    -0.49367228E-013    -0.13932072E-013    -0.48721585E-013    -0.13119725E-013
     0.17960284E+002     0.77829873E-006    -0.60093383E-006    -0.47290958E-013    -0.14587952E-013    -0.46153597E-013    -0.13514551E-013
     0.17964625E+002     0.80229633E-006    -0.60743500E-006    -0.46081352E-013    -0.15920132E-013    -0.45170116E-013    -0.15182228E-013
     0.17968966E+002     0.82445838E-006    -0.62191467E-006    -0.46109392E-013    -0.17273561E-013    -0.45044021E-013    -0.16015703E-013
     0.17973308E+002     0.83761565E-006    -0.64266713E-006    -0.46348428E-013    -0.20659688E-013    -0.45072071E-013    -0.19771181E-013
     0.17977649E+002     0.84224435E-006    -0.66606611E-006    -0.49268925E-013    -0.24907678E-013    -0.48223348E-013    -0.23538884E-013
     0.17981990E+002     0.84115316E-006    -0.68309703E-006    -0.50495019E-013    -0.33621816E-013    -0.48850650E-013    -0.32194752E-013
     0.17986332E+002     0.82864416E-006    -0.69009692E-006    -0.57932161E-013    -0.53166812E-013    -0.56667806E-013    -0.51378424E-013
     0.17990673E+002     0.81544190E-006    -0.68967334E-006    -0.54033100E-013    -0.93174961E-013    -0.52272920E-013    -0.89842542E-013
     0.17995015E+002     0.80720224E-006    -0.68213494E-006     0.70404449E-013    -0.17838397E-012     0.69481549E-013    -0.17386548E-012
     0.17999356E+002     0.80878086E-006    -0.67021788E-006     0.11268324E-012    -0.59633948E-014     0.11004277E-012    -0.51730792E-014
     0.18003697E+002     0.82289764E-006    -0.65592063E-006     0.52072661E-013     0.31393309E-013     0.51245829E-013     0.31570797E-013
     0.18008039E+002     0.84451685E-006    -0.64638961E-006     0.29137369E-013     0.23143130E-013     0.28860811E-013     0.23381982E-013
     0.18012380E+002     0.87202337E-006    -0.64596336E-006     0.12154479E-013     0.22515839E-013     0.12402285E-013     0.22819746E-013
     0.18016721E+002     0.89956439E-006    -0.65587726E-006     0.93684650E-014     0.19330840E-013     0.96604344E-014     0.19656927E-013
     0.18021063E+002     0.92157749E-006    -0.67445398E-006     0.94838710E-015     0.15702935E-013     0.15901481E-014     0.16183831E-013
     0.18025404E+002     0.93360056E-006    -0.69707795E-006    -0.22808150E-016     0.17053986E-013     0.61422034E-015     0.17351213E-013
     0.18029746E+002     0.93478749E-006    -0.72037462E-006    -0.31767395E-014     0.12712114E-013    -0.24134941E-014     0.13270213E-013
     0.18034087E+002     0.92822022E-006    -0.73704200E-006    -0.56390775E-014     0.15095778E-013    -0.47121769E-014     0.15407867E-013
     0.18038428E+002     0.91578096E-006    -0.74492928E-006    -0.49391007E-014     0.12062990E-013    -0.41081848E-014     0.12628259E-013
     0.18042770E+002     0.90650929E-006    -0.74414421E-006    -0.85789883E-014     0.12705709E-013    -0.74694581E-014     0.13238830E-013
     0.18047111E+002     0.90573012E-006    -0.73505635E-006    -0.63568391E-014     0.12177120E-013    -0.55007510E-014     0.12719997E-013
     0.18051453E+002     0.91932293E-006    -0.72449118E-006    -0.95347869E-014     0.10176400E-013    -0.83447396E-014     0.10916495E-013
     0.18055794E+002     0.96002718E-006    -0.71288158E-006    -0.84459841E-014     0.11762053E-013    -0.73505414E-014     0.12281902E-013
     0.18060135E+002     0.10087810E-005    -0.65581322E-006    -0.96077686E-014     0.82356587E-014    -0.83619749E-014     0.91216393E-014
     0.18064477E+002     0.98612118E-006    -0.64998920E-006    -0.11064913E-013     0.10242839E-013    -0.96052435E-014     0.10826507E-013
     0.18068818E+002     0.10048074E-005    -0.68066418E-006    -0.99413020E-014     0.74169230E-014    -0.86083337E-014     0.82754290E-014
     0.18073159E+002     0.10239618E-005    -0.71309743E-006    -0.13363550E-013     0.78660041E-014    -0.11566206E-013     0.85918914E-014
     0.18077501E+002     0.10339347E-005    -0.74320805E-006    -0.11231930E-013     0.73702505E-014    -0.97083468E-014     0.80620800E-014
     0.18081842E+002     0.10335966E-005    -0.76859897E-006    -0.14528380E-013     0.52021238E-014    -0.12542505E-013     0.61032905E-014
     0.18086184E+002     0.10254649E-005    -0.78453170E-006    -0.13465058E-013     0.67603764E-014    -0.11600719E-013     0.73196690E-014
     0.18090525E+002     0.10129417E-005    -0.78774370E-006    -0.14560637E-013     0.24160980E-014    -0.12506443E-013     0.34661545E-014
     0.18094866E+002     0.10046127E-005    -0.78021809E-006    -0.16148360E-013     0.36255868E-014    -0.13772211E-013     0.42853048E-014
     0.18099208E+002     0.10047488E-005    -0.76468392E-006    -0.14495910E-013    -0.16627327E-014    -0.12266924E-013    -0.52759757E-015
     0.18103549E+002     0.10163391E-005    -0.74859192E-006    -0.18656958E-013    -0.49889569E-014    -0.15557477E-013    -0.38886339E-014
     0.18107890E+002     0.10403524E-005    -0.73786103E-006    -0.15203659E-013    -0.12295460E-013    -0.12276601E-013    -0.11109908E-013
     0.18112232E+002     0.10722533E-005    -0.73697858E-006    -0.16090288E-013    -0.30908332E-013    -0.11826343E-013    -0.28986297E-013
     0.18116573E+002     0.11082609E-005    -0.74674029E-006     0.16992281E-013    -0.57040030E-013     0.22437064E-013    -0.55631782E-013
     0.18120915E+002     0.11352578E-005    -0.76747755E-006     0.77434313E-013     0.13642339E-013     0.85274914E-013     0.18600364E-013
     0.18125256E+002     0.11541130E-005    -0.79590685E-006     0.19018783E-013     0.34379671E-013     0.28901055E-013     0.47206012E-013
     0.18129597E+002     0.11585727E-005    -0.82493970E-006     0.12986076E-013     0.27150661E-013     0.50243121E-014     0.40548792E-013
     0.18133939E+002     0.11428044E-005    -0.85283083E-006     0.34730221E-014     0.27491492E-013    -0.30739190E-014     0.32035849E-013
     0.18138280E+002     0.11453873E-005    -0.88571908E-006    -0.17357515E-014     0.26940522E-013    -0.54726236E-014     0.29193520E-013
     0.18142621E+002     0.11467001E-005    -0.87473733E-006    -0.69356660E-014     0.24934493E-013    -0.95127817E-014     0.26708336E-013
     0.18146963E+002     0.11401995E-005    -0.85957444E-006    -0.94203097E-014     0.25920805E-013    -0.11276927E-013     0.27416593E-013
     0.18151304E+002     0.11479195E-005    -0.84340349E-006    -0.13285646E-013     0.23707967E-013    -0.14995920E-013     0.25293692E-013
     0.18155646E+002     0.11721309E-005    -0.82497093E-006    -0.20218018E-013     0.24023737E-013    -0.22242883E-013     0.25169647E-013
     0.18159987E+002     0.12043496E-005    -0.81414981E-006    -0.21326702E-013     0.65557939E-014    -0.23600668E-013     0.51235616E-014
     0.18164328E+002     0.12433831E-005    -0.81729590E-006    -0.98775101E-014     0.95871294E-014    -0.92126758E-014     0.87289694E-014
     0.18168670E+002     0.12798986E-005    -0.83465092E-006    -0.66129190E-014     0.14079696E-013    -0.56463109E-014     0.13993055E-013
     0.18173011E+002     0.13091558E-005    -0.87119141E-006    -0.10321217E-013     0.14007580E-013    -0.90797619E-014     0.14422071E-013
     0.18177353E+002     0.13480491E-005    -0.90610003E-006    -0.98374315E-014     0.16978402E-013    -0.85553053E-014     0.17421965E-013
     0.18181694E+002     0.13514310E-005    -0.92377211E-006    -0.11632193E-013     0.13889265E-013    -0.10180533E-013     0.14736382E-013
     0.18186035E+002     0.13437775E-005    -0.94395931E-006    -0.13970235E-013     0.17134972E-013    -0.12260410E-013     0.17860377E-013
     0.18190377E+002     0.13333959E-005    -0.95139733E-006    -0.12921286E-013     0.14625231E-013    -0.11235242E-013     0.15693079E-013
     0.18194718E+002     0.13289688E-005    -0.94290816E-006    -0.17660317E-013     0.16094516E-013    -0.15464765E-013     0.17184436E-013
     0.18199059E+002     0.13340729E-005    -0.92370816E-006    -0.15052838E-013     0.16557744E-013    -0.12954887E-013     0.17760158E-013
     0.18203401E+002     0.13512532E-005    -0.88244133E-006    -0.19724957E-013     0.14647961E-013    -0.17039014E-013     0.16182061E-013
     0.18207742E+002     0.13549300E-005    -0.87698723E-006    -0.18484230E-013     0.18203905E-013    -0.15687216E-013     0.19598648E-013
     0.18212084E+002     0.14037823E-005    -0.87942682E-006    -0.20303350E-013     0.13578997E-013    -0.17069137E-013     0.15545730E-013
     0.18216425E+002     0.14492808E-005    -0.89002391E-006    -0.23101738E-013     0.17673917E-013    -0.19325296E-013     0.19491868E-013
     0.18220766E+002     0.14937539E-005    -0.92004976E-006    -0.21259523E-013     0.13266830E-013    -0.17226258E-013     0.15690706E-013
     0.18225108E+002     0.15298211E-005    -0.95495195E-006    -0.28440467E-013     0.13996894E-013    -0.23424052E-013     0.16685838E-013
     0.18229449E+002     0.15501528E-005    -0.99237945E-006    -0.25457514E-013     0.12917240E-013    -0.20010885E-013     0.16288517E-013
     0.18233790E+002     0.15560873E-005    -0.10216425E-005    -0.34524782E-013     0.70058175E-014    -0.27664952E-013     0.11596909E-013
     0.18238132E+002     0.15522260E-005    -0.10382137E-005    -0.36023533E-013     0.85153495E-014    -0.27816186E-013     0.15066998E-013
     0.18242473E+002     0.15504969E-005    -0.10353000E-005    -0.43164312E-013    -0.90446689E-014    -0.32455387E-013     0.21411320E-014
     0.18246815E+002     0.15543019E-005    -0.99583752E-006    -0.49292462E-013    -0.28031651E-013    -0.39557970E-013    -0.39467691E-014
     0.18251156E+002     0.14885910E-005    -0.94470124E-006     0.18431479E-013    -0.55611776E-013     0.17577104E-014    -0.17911606E-013
     0.18255497E+002     0.15104442E-005    -0.99813820E-006     0.24828923E-013     0.11144864E-013     0.14148813E-014     0.13870786E-013
     0.18259839E+002     0.15779802E-005    -0.10007460E-005     0.44560174E-014     0.28086087E-013    -0.11592036E-013     0.25719405E-013
     0.18264180E+002     0.16433837E-005    -0.10045430E-005    -0.13784892E-013     0.25916873E-013    -0.21981631E-013     0.24046272E-013
     0.18268521E+002     0.17071771E-005    -0.10226067E-005    -0.19291426E-013     0.32890676E-013    -0.26354448E-013     0.28896175E-013
     0.18272863E+002     0.17580582E-005    -0.10556316E-005    -0.27753316E-013     0.23556850E-013    -0.32456234E-013     0.22508379E-013
     0.18277204E+002     0.17933639E-005    -0.10985641E-005    -0.40197742E-013     0.32755036E-013    -0.42496479E-013     0.28841215E-013
     0.18281546E+002     0.18106783E-005    -0.11405065E-005    -0.40998515E-013     0.23571366E-013    -0.44548315E-013     0.21885063E-013
     0.18285887E+002     0.18122978E-005    -0.11749274E-005    -0.68920770E-013     0.25515296E-013    -0.67705029E-013     0.22546063E-013
     0.18290228E+002     0.18074648E-005    -0.11931396E-005    -0.70680534E-013     0.25675751E-013    -0.72960714E-013     0.21445143E-013
     0.18294570E+002     0.18035004E-005    -0.11935625E-005    -0.11985492E-012    -0.12139890E-014    -0.11646358E-012    -0.16589128E-014
     0.18298911E+002     0.18116789E-005    -0.11783683E-005    -0.16754567E-012    -0.84154581E-014    -0.16434301E-012    -0.16644092E-013
     0.18303252E+002     0.18379588E-005    -0.11571700E-005    -0.18757466E-012    -0.24515090E-012    -0.19050230E-012    -0.23815992E-012
     0.18307594E+002     0.18849206E-005    -0.11376554E-005     0.15435737E-012    -0.25217958E-012     0.15513629E-012    -0.24495162E-012
     0.18311935E+002     0.19467709E-005    -0.11297799E-005     0.11567711E-012     0.24412754E-013     0.11884610E-012     0.10777637E-013
     0.18316277E+002     0.20145424E-005    -0.11406170E-005    -0.46059876E-013    -0.52835350E-013    -0.29849052E-013    -0.48266618E-013
     0.18320618E+002     0.20795051E-005    -0.11757568E-005     0.32343939E-013    -0.77720378E-013     0.36470281E-013    -0.66102512E-013
     0.18324959E+002     0.21372562E-005    -0.12328778E-005     0.98292977E-013    -0.90168141E-014     0.91041108E-013    -0.57345155E-014
     0.18329301E+002     0.21882000E-005    -0.12791923E-005     0.18227850E-013     0.33617567E-013     0.19913940E-013     0.33023493E-013
     0.18333642E+002     0.22025565E-005    -0.13207426E-005     0.11579072E-014     0.17365420E-014     0.35436542E-014     0.35010708E-014
     0.18337984E+002     0.22029700E-005    -0.13527371E-005     0.13444411E-013    -0.17051282E-013     0.14016194E-013    -0.11896938E-013
     0.18342325E+002     0.21971042E-005    -0.13618726E-005     0.99729368E-014    -0.56024911E-014     0.11336073E-013    -0.26081350E-014
     0.18346666E+002     0.21801019E-005    -0.13615528E-005     0.18343123E-013    -0.81297137E-014     0.17788576E-013    -0.44034578E-014
     0.18351008E+002     0.22151108E-005    -0.13653172E-005     0.81678881E-014    -0.53150648E-014     0.94983771E-014    -0.19851485E-014
     0.18355349E+002     0.22731238E-005    -0.13418667E-005     0.13249279E-013    -0.58501887E-015     0.13158294E-013     0.18464896E-014
     0.18359690E+002     0.23477266E-005    -0.13277884E-005     0.62750310E-014    -0.40406116E-014     0.73149613E-014    -0.69191624E-015
     0.18364032E+002     0.24487142E-005    -0.13329016E-005     0.54904588E-014     0.32396718E-014     0.63197287E-014     0.50834522E-014
     0.18368373E+002     0.25471644E-005    -0.13293332E-005     0.37133809E-014    -0.10193029E-014     0.44776132E-014     0.19567925E-014
     0.18372715E+002     0.26130192E-005    -0.13782006E-005    -0.20172572E-014     0.38589770E-014    -0.33920742E-015     0.58350523E-014
     0.18377056E+002     0.26743409E-005    -0.14464094E-005    -0.15714361E-014     0.21768386E-014    -0.58364384E-015     0.46602034E-014
     0.18381397E+002     0.27185393E-005    -0.15154381E-005    -0.96578355E-014     0.24505451E-014    -0.72715696E-014     0.49692630E-014
     0.18385739E+002     0.27396247E-005    -0.15720885E-005    -0.12034259E-013     0.30439791E-014    -0.99723719E-014     0.53064110E-014
     0.18390080E+002     0.27490851E-005    -0.16094705E-005    -0.22129754E-013    -0.86175089E-015    -0.18707613E-013     0.23064379E-014
     0.18394421E+002     0.27592016E-005    -0.16213691E-005    -0.33801007E-013    -0.25564236E-014    -0.29363442E-013     0.24804846E-015
     0.18398763E+002     0.27844114E-005    -0.16105372E-005    -0.55490343E-013    -0.16381103E-013    -0.49118671E-013    -0.11707971E-013
     0.18403104E+002     0.28333176E-005    -0.15874390E-005    -0.95314202E-013    -0.63005068E-013    -0.84862450E-013    -0.54515519E-013
     0.18407446E+002     0.29133250E-005    -0.15676715E-005     0.98802935E-014    -0.21434852E-012     0.10454337E-013    -0.19191796E-012
     0.18411787E+002     0.30213776E-005    -0.15613787E-005     0.10840010E-012    -0.69783480E-013     0.10076525E-012    -0.60368559E-013
     0.18416128E+002     0.31438928E-005    -0.15797642E-005     0.76501086E-013    -0.22788946E-013     0.71403791E-013    -0.17838892E-013
     0.18420470E+002     0.32656759E-005    -0.16287575E-005     0.56996227E-013    -0.92854233E-014     0.54141146E-013    -0.50821382E-014
     0.18424811E+002     0.33734730E-005    -0.17027135E-005     0.45953909E-013    -0.62163142E-014     0.44154235E-013    -0.27889572E-014
     0.18429152E+002     0.34554921E-005    -0.17918826E-005     0.36820097E-013    -0.35099803E-014     0.35877327E-013     0.26138702E-015
     0.18433494E+002     0.35115435E-005    -0.18798355E-005     0.33849728E-013    -0.68885488E-014     0.33749616E-013    -0.31841103E-014
     0.18437835E+002     0.35465084E-005    -0.19485425E-005     0.23008504E-013    -0.11206001E-013     0.23588750E-013    -0.68506803E-014
     0.18442177E+002     0.35716136E-005    -0.19890305E-005     0.25025530E-013    -0.18261177E-013     0.26318266E-013    -0.13311851E-013
     0.18446518E+002     0.36043037E-005    -0.19969627E-005     0.16895972E-013    -0.57717831E-013     0.18921530E-013    -0.50008751E-013
     0.18450859E+002     0.36607902E-005    -0.19823274E-005     0.76651260E-013    -0.81949193E-013     0.76882946E-013    -0.72538181E-013
     0.18455201E+002     0.37500419E-005    -0.19574789E-005     0.12403454E-012     0.24031262E-013     0.12162390E-012     0.27265864E-013
     0.18459542E+002     0.38730999E-005    -0.19422830E-005     0.76973612E-013     0.21425287E-013     0.78628599E-013     0.27321996E-013
     0.18463883E+002     0.40111582E-005    -0.19519320E-005     0.58922351E-013     0.31675191E-013     0.64602422E-013     0.37361703E-013
     0.18468225E+002     0.41426495E-005    -0.20043950E-005     0.56905886E-013     0.26059910E-013     0.64226344E-013     0.35314305E-013
     0.18472566E+002     0.42176344E-005    -0.21055791E-005     0.52068178E-013     0.32328650E-013     0.66452216E-013     0.48324481E-013
     0.18476908E+002     0.41431112E-005    -0.22944303E-005     0.54312335E-013     0.38797900E-013     0.70320112E-013     0.73249269E-013
     0.18481249E+002     0.38516623E-005    -0.30947045E-005     0.54455115E-014     0.50501927E-013    -0.31799066E-013     0.99462666E-013
     0.18485590E+002     0.52646526E-005    -0.37511487E-005     0.18944396E-013     0.31981949E-013    -0.13274268E-013     0.40796490E-013
     0.18489932E+002     0.55312144E-005    -0.31652636E-005     0.24492745E-013     0.14252225E-013     0.29534687E-014     0.15066649E-013
     0.18494273E+002     0.55353484E-005    -0.30048708E-005     0.23363353E-013     0.21025115E-013     0.70279370E-014     0.21210056E-013
     0.18498615E+002     0.55900424E-005    -0.29302213E-005     0.31895507E-013     0.15640072E-013     0.18882938E-013     0.15225579E-013
     0.18502956E+002     0.57202217E-005    -0.28787780E-005     0.26619530E-013     0.15397712E-013     0.15017598E-013     0.15042774E-013
     0.18507297E+002     0.59355799E-005    -0.28452000E-005     0.32977113E-013     0.16496223E-013     0.22840897E-013     0.16390451E-013
     0.18511639E+002     0.62197119E-005    -0.28416425E-005     0.30404753E-013     0.12257401E-013     0.20869578E-013     0.12054170E-013
     0.18515980E+002     0.65605977E-005    -0.28965584E-005     0.32799392E-013     0.15779984E-013     0.23866454E-013     0.16102006E-013
     0.18520321E+002     0.69310569E-005    -0.30150652E-005     0.34494609E-013     0.11935552E-013     0.26088166E-013     0.12073780E-013
     0.18524663E+002     0.73030095E-005    -0.31948028E-005     0.35131972E-013     0.14423272E-013     0.26630854E-013     0.15031784E-013
     0.18529004E+002     0.76522037E-005    -0.34159035E-005     0.39852659E-013     0.12928434E-013     0.31979007E-013     0.13541244E-013
     0.18533346E+002     0.79735262E-005    -0.36456940E-005     0.42961163E-013     0.13549448E-013     0.34347228E-013     0.14158395E-013
     0.18537687E+002     0.82681999E-005    -0.38446487E-005     0.50165649E-013     0.12512429E-013     0.41911370E-013     0.13784204E-013
     0.18542028E+002     0.85595270E-005    -0.39857567E-005     0.59217330E-013     0.13286464E-013     0.49882949E-013     0.13704694E-013
     0.18546370E+002     0.88879247E-005    -0.40520483E-005     0.75102541E-013     0.94288546E-014     0.64535131E-013     0.11470396E-013
     0.18550711E+002     0.92863079E-005    -0.40420197E-005     0.95434014E-013     0.14117686E-013     0.83886423E-013     0.14476849E-013
     0.18555052E+002     0.97888399E-005    -0.39807310E-005     0.15496179E-012     0.21730749E-013     0.13614152E-012     0.22545238E-013
     0.18559394E+002     0.10400073E-004    -0.39003776E-005     0.23237617E-012     0.10848586E-012     0.20974951E-012     0.10270988E-012
     0.18563735E+002     0.11095877E-004    -0.38484531E-005    -0.35459827E-014     0.35154954E-012    -0.49034827E-014     0.31937498E-012
     0.18568077E+002     0.11824325E-004    -0.38796518E-005    -0.68814104E-013     0.15889383E-012    -0.67336636E-013     0.14638318E-012
     0.18572418E+002     0.12517797E-004    -0.40424391E-005    -0.68091256E-013     0.83572622E-013    -0.64220003E-013     0.79206104E-013
     0.18576759E+002     0.13096589E-004    -0.43791571E-005    -0.44904710E-013     0.75189558E-013    -0.43792356E-013     0.70250562E-013
     0.18581101E+002     0.13495056E-004    -0.49441981E-005    -0.33540048E-013     0.48623413E-013    -0.33352413E-013     0.47490690E-013
     0.18585442E+002     0.13696570E-004    -0.58156747E-005    -0.34061860E-013     0.52200613E-013    -0.33152066E-013     0.49929718E-013
     0.18589783E+002     0.13753214E-004    -0.71188074E-005    -0.19941959E-013     0.42671789E-013    -0.20912303E-013     0.41765432E-013
     0.18594125E+002     0.13842460E-004    -0.90593955E-005    -0.26960332E-013     0.40785284E-013    -0.26424360E-013     0.39990553E-013
     0.18598466E+002     0.14295773E-004    -0.11947890E-004    -0.15617345E-013     0.43236263E-013    -0.16655811E-013     0.41958500E-013
     0.18602808E+002     0.15691180E-004    -0.16257349E-004    -0.19123493E-013     0.35590471E-013    -0.19391861E-013     0.35444684E-013
     0.18607149E+002     0.19019854E-004    -0.22675122E-004    -0.14945390E-013     0.43339336E-013    -0.15732984E-013     0.41947987E-013
     0.18611490E+002     0.26089794E-004    -0.32234803E-004    -0.11317228E-013     0.34931696E-013    -0.12540656E-013     0.34833656E-013
     0.18615832E+002     0.40727608E-004    -0.46500241E-004    -0.14348516E-013     0.40628136E-013    -0.15025644E-013     0.39673059E-013
     0.18620173E+002     0.72897090E-004    -0.67428232E-004    -0.60353160E-014     0.36710184E-013    -0.78855559E-014     0.36398997E-013
     0.18624515E+002     0.15672845E-003    -0.89433860E-004    -0.12078270E-013     0.36132079E-013    -0.12932937E-013     0.35960976E-013
     0.18628856E+002     0.37866641E-003     0.51259586E-004    -0.45715287E-014     0.38725637E-013    -0.64369113E-014     0.38264363E-013
     0.18633197E+002     0.68852772E-004     0.35405899E-003    -0.86572405E-014     0.33105545E-013    -0.98713383E-014     0.33587023E-013
     0.18637539E+002    -0.65812969E-004     0.19671978E-003    -0.69731145E-014     0.39245822E-013    -0.83706759E-014     0.38862534E-013
     0.18641880E+002    -0.73978930E-004     0.12042171E-003    -0.53795753E-014     0.32623734E-013    -0.69256635E-014     0.33253149E-013
     0.18646221E+002    -0.69065261E-004     0.81125166E-004    -0.93612861E-014     0.37821483E-013    -0.10255419E-013     0.37722643E-013
     0.18650563E+002    -0.62783257E-004     0.57084982E-004    -0.34900989E-014     0.35394894E-013    -0.51847207E-014     0.35680919E-013
     0.18654904E+002    -0.56724228E-004     0.40866056E-004    -0.95331950E-014     0.35846511E-013    -0.10315153E-013     0.36095656E-013
     0.18659246E+002    -0.51097939E-004     0.29418027E-004    -0.36186290E-014     0.39041044E-013    -0.52432645E-014     0.38867711E-013
     0.18663587E+002    -0.45902005E-004     0.21243607E-004    -0.69130416E-014     0.34725808E-013    -0.80569744E-014     0.35231476E-013
     0.18667928E+002    -0.41111332E-004     0.15439136E-004    -0.50720011E-014     0.40890350E-013    -0.64856789E-014     0.40576869E-013
     0.18672270E+002    -0.36705750E-004     0.11388334E-004    -0.32390225E-014     0.35322844E-013    -0.49170284E-014     0.35903160E-013
     0.18676611E+002    -0.32683103E-004     0.86076046E-005    -0.64994603E-014     0.39914964E-013    -0.76973092E-014     0.39932201E-013
     0.18680952E+002    -0.29052634E-004     0.67113853E-005    -0.11097405E-014     0.37440558E-013    -0.30664511E-014     0.37919983E-013
     0.18685294E+002    -0.25827739E-004     0.54004206E-005    -0.67574749E-014     0.37443608E-013    -0.78658007E-014     0.38024749E-013
     0.18689635E+002    -0.23024000E-004     0.44556322E-005    -0.18908472E-014     0.40015827E-013    -0.36669224E-014     0.40315588E-013
     0.18693977E+002    -0.20648132E-004     0.37363800E-005    -0.55754223E-014     0.36012186E-013    -0.67813645E-014     0.36975618E-013
     0.18698318E+002    -0.18692766E-004     0.31542951E-005    -0.46544066E-014     0.41811115E-013    -0.59643706E-014     0.42001495E-013
     0.18702659E+002    -0.17119935E-004     0.26847067E-005    -0.36661234E-014     0.37285975E-013    -0.51082864E-014     0.38204209E-013
     0.18707001E+002    -0.15881798E-004     0.23242619E-005    -0.70001553E-014     0.42185213E-013    -0.79508568E-014     0.42455540E-013
     0.18711342E+002    -0.14912408E-004     0.20714015E-005    -0.22565586E-014     0.40740647E-013    -0.39235788E-014     0.41298767E-013
     0.18715683E+002    -0.14128007E-004     0.19296881E-005    -0.70658159E-014     0.41493505E-013    -0.80413283E-014     0.42036392E-013
     0.18720025E+002    -0.13458943E-004     0.18842512E-005    -0.22905061E-014     0.44181215E-013    -0.40063104E-014     0.44422855E-013
     0.18724366E+002    -0.12846609E-004     0.19057486E-005    -0.50467417E-014     0.40874113E-013    -0.63744661E-014     0.41741883E-013
     0.18728708E+002    -0.12249271E-004     0.19554603E-005    -0.37819892E-014     0.45659083E-013    -0.53129904E-014     0.45918764E-013
     0.18733049E+002    -0.11656385E-004     0.19963627E-005    -0.29454336E-014     0.41485472E-013    -0.46301320E-014     0.42527978E-013
     0.18737390E+002    -0.11073820E-004     0.19946680E-005    -0.57665197E-014     0.45153976E-013    -0.69987867E-014     0.45751299E-013
     0.18741732E+002    -0.10525187E-004     0.19354723E-005    -0.27393252E-014     0.43652907E-013    -0.44924528E-014     0.44610039E-013
     0.18746073E+002    -0.10030871E-004     0.18196258E-005    -0.70070157E-014     0.44563039E-013    -0.80528598E-014     0.45522244E-013
     0.18750414E+002    -0.96170808E-005     0.16671789E-005    -0.45156545E-014     0.46569529E-013    -0.60436365E-014     0.47268857E-013
     0.18754756E+002    -0.92887302E-005     0.15043718E-005    -0.70661244E-014     0.45906779E-013    -0.81900329E-014     0.46946493E-013
     0.18759097E+002    -0.90392825E-005     0.13598676E-005    -0.61730653E-014     0.48984050E-013    -0.74817409E-014     0.49473959E-013
     0.18763439E+002    -0.88474408E-005     0.12588634E-005    -0.69465451E-014     0.49070839E-013    -0.83416515E-014     0.49879513E-013
     0.18767780E+002    -0.86854967E-005     0.12118453E-005    -0.50224790E-014     0.50796396E-013    -0.65034033E-014     0.51222913E-013
     0.18772121E+002    -0.85254315E-005     0.12147718E-005    -0.84469292E-014     0.50056401E-013    -0.10084720E-013     0.50658279E-013
     0.18776463E+002    -0.83443875E-005     0.12478898E-005    -0.85100714E-015     0.56462085E-013    -0.30495294E-014     0.56330378E-013
     0.18780804E+002    -0.81309769E-005     0.12866900E-005    -0.54192326E-015     0.33320658E-013    -0.30057839E-014     0.34205527E-013
     0.18785146E+002    -0.78882756E-005     0.13098732E-005    -0.24267672E-013     0.49453844E-013    -0.22260821E-013     0.49709844E-013
     0.18789487E+002    -0.76324532E-005     0.12958890E-005     0.26347746E-014     0.71116623E-013     0.16768678E-014     0.70588845E-013
     0.18793828E+002    -0.73858210E-005     0.12408202E-005    -0.10955851E-014     0.44747090E-013    -0.22146962E-014     0.47155364E-013
     0.18798170E+002    -0.71687012E-005     0.11481668E-005    -0.12799167E-013     0.63195099E-013    -0.12868350E-013     0.63888285E-013
     0.18802511E+002    -0.69970142E-005     0.10374087E-005     0.11326437E-014     0.54660686E-013    -0.57174017E-015     0.56357207E-013
     0.18806852E+002    -0.68784089E-005     0.92841426E-006    -0.16593326E-013     0.56832046E-013    -0.16494586E-013     0.58449539E-013
     0.18811194E+002    -0.68014655E-005     0.83795603E-006    -0.40103302E-014     0.64476480E-013    -0.54162001E-014     0.65374501E-013
     0.18815535E+002    -0.67471467E-005     0.78757278E-006    -0.14564535E-013     0.55197060E-013    -0.14943791E-013     0.57308278E-013
     0.18819877E+002    -0.67006568E-005     0.77700886E-006    -0.12306512E-013     0.70780030E-013    -0.13081524E-013     0.71324971E-013
     0.18824218E+002    -0.66395186E-005     0.79835263E-006    -0.10357828E-013     0.59303387E-013    -0.11527451E-013     0.61382076E-013
     0.18828559E+002    -0.65481611E-005     0.83403425E-006    -0.19844330E-013     0.71627815E-013    -0.20086244E-013     0.72552935E-013
     0.18832901E+002    -0.64272378E-005     0.86607897E-006    -0.92175330E-014     0.67386282E-013    -0.10869847E-013     0.69068279E-013
     0.18837242E+002    -0.62801373E-005     0.87690348E-006    -0.24612688E-013     0.68604862E-013    -0.24679401E-013     0.70428087E-013
     0.18841583E+002    -0.61273599E-005     0.85479483E-006    -0.15808395E-013     0.75544529E-013    -0.17159633E-013     0.76813025E-013
     0.18845925E+002    -0.59839535E-005     0.80080640E-006    -0.28825741E-013     0.65720142E-013    -0.29027975E-013     0.68362293E-013
     0.18850266E+002    -0.58703981E-005     0.72381082E-006    -0.33667069E-013     0.78713895E-013    -0.33900854E-013     0.79942934E-013
     0.18854608E+002    -0.57959212E-005     0.63508292E-006    -0.43704854E-013     0.62165950E-013    -0.43855831E-013     0.65158241E-013
     0.18858949E+002    -0.57552191E-005     0.55561890E-006    -0.77573829E-013     0.53271303E-013    -0.75868058E-013     0.55701802E-013
     0.18863290E+002    -0.57428240E-005     0.50200690E-006    -0.44509244E-013    -0.51376609E-013    -0.44959910E-013    -0.45082464E-013
     0.18867632E+002    -0.57409475E-005     0.48063450E-006     0.49420141E-013     0.17248093E-013     0.47208942E-013     0.21500333E-013
     0.18871973E+002    -0.57337688E-005     0.48736373E-006     0.43918117E-013     0.69278707E-013     0.40664417E-013     0.71438009E-013
     0.18876314E+002    -0.57016905E-005     0.51585463E-006     0.21626402E-013     0.72191350E-013     0.19752812E-013     0.75467349E-013
     0.18880656E+002    -0.56403076E-005     0.54912655E-006     0.16628881E-013     0.94839302E-013     0.14550160E-013     0.96324862E-013
     0.18884997E+002    -0.55531418E-005     0.57504858E-006     0.15049116E-013     0.85537206E-013     0.12600771E-013     0.88919872E-013
     0.18889339E+002    -0.54516917E-005     0.57550926E-006     0.52452841E-015     0.10265484E-012    -0.59375461E-015     0.10473629E-012
     0.18893680E+002    -0.53531210E-005     0.54535709E-006     0.11731348E-013     0.10082621E-012     0.89364084E-014     0.10387906E-012
     0.18898021E+002    -0.52677164E-005     0.48672422E-006    -0.88165448E-014     0.10539115E-012    -0.94262349E-014     0.10866331E-012
     0.18902363E+002    -0.52098363E-005     0.41324124E-006     0.29868781E-014     0.11911071E-012     0.67517876E-015     0.12151752E-012
     0.18906704E+002    -0.51858388E-005     0.34167587E-006    -0.11697201E-013     0.11083722E-012    -0.12557516E-013     0.11506528E-012
     0.18911046E+002    -0.51893498E-005     0.28151783E-006    -0.12371744E-013     0.13642709E-012    -0.13547036E-013     0.13844854E-012
     0.18915387E+002    -0.52078723E-005     0.24871291E-006    -0.12052937E-013     0.12534760E-012    -0.13799176E-013     0.12967471E-012
     0.18919728E+002    -0.52245428E-005     0.24529779E-006    -0.31459024E-013     0.14961195E-012    -0.31595828E-013     0.15210747E-012
     0.18924070E+002    -0.52318055E-005     0.26810121E-006    -0.19955718E-013     0.15082444E-012    -0.22540464E-013     0.15444943E-012
     0.18928411E+002    -0.52113920E-005     0.29976821E-006    -0.55477490E-013     0.16054429E-012    -0.55381194E-013     0.16449262E-012
     0.18932752E+002    -0.51657619E-005     0.32817171E-006    -0.57592626E-013     0.18324973E-012    -0.59997986E-013     0.18612565E-012
     0.18937094E+002    -0.50975805E-005     0.34200738E-006    -0.12186011E-012     0.16760299E-012    -0.12217788E-012     0.17344456E-012
     0.18941435E+002    -0.50218883E-005     0.32838055E-006    -0.22809901E-012     0.10861093E-012    -0.22806572E-012     0.11256479E-012
     0.18945777E+002    -0.49567901E-005     0.29039894E-006     0.38057598E-014    -0.94745580E-013     0.10082199E-014    -0.85291271E-013
     0.18950118E+002    -0.49089805E-005     0.22691802E-006     0.53249753E-013     0.85881691E-013     0.52503952E-013     0.91902538E-013
     0.18954459E+002    -0.48923505E-005     0.15914505E-006     0.68246025E-013     0.14284571E-012     0.63998624E-013     0.15046850E-012
     0.18958801E+002    -0.49004321E-005     0.96572175E-007     0.16217052E-013     0.18406778E-012     0.16656583E-013     0.19235875E-012
     0.18963142E+002    -0.49318094E-005     0.54095130E-007     0.38870234E-013     0.24402234E-012     0.35204285E-013     0.25023765E-012
     0.18967483E+002    -0.49690971E-005     0.41657030E-007     0.40794896E-014     0.24789526E-012     0.33203899E-014     0.25926084E-012
     0.18971825E+002    -0.49984423E-005     0.47298027E-007     0.33809063E-015     0.34669126E-012    -0.14755679E-014     0.35274295E-012
     0.18976166E+002    -0.50098523E-005     0.81697965E-007     0.92033050E-014     0.35069130E-012     0.42899806E-014     0.36473995E-012
     0.18980508E+002    -0.49946792E-005     0.10883229E-006    -0.58307736E-013     0.47516450E-012    -0.58121636E-013     0.48556941E-012
     0.18984849E+002    -0.49600740E-005     0.13017517E-006    -0.78825794E-014     0.56194938E-012    -0.19225115E-013     0.57840527E-012
     0.18989190E+002    -0.49004896E-005     0.12925328E-006    -0.18082849E-012     0.70606490E-012    -0.18227222E-012     0.73115774E-012
     0.18993532E+002    -0.48509625E-005     0.89386260E-007    -0.25919780E-012     0.11076552E-011    -0.28003899E-012     0.11298262E-011
     0.18997873E+002    -0.47966138E-005     0.44645252E-007    -0.10003225E-011     0.13906309E-011    -0.10416966E-011     0.14587257E-011
