     0.00000000E+000    -0.18772139E-001    -0.19790060E-011    -0.19810922E-011
     0.80000000E-002    -0.18772138E-001    -0.19808270E-011    -0.19835764E-011
     0.16000000E-001    -0.18772138E-001    -0.19839427E-011    -0.19870263E-011
     0.24000000E-001    -0.18772137E-001    -0.19862271E-011    -0.19892498E-011
     0.32000000E-001    -0.18772136E-001    -0.19868342E-011    -0.19892123E-011
     0.40000000E-001    -0.18772135E-001    -0.19875713E-011    -0.19888409E-011
     0.48000000E-001    -0.18772133E-001    -0.19912752E-011    -0.19932118E-011
     0.56000000E-001    -0.18772132E-001    -0.19954934E-011    -0.19975264E-011
     0.64000000E-001    -0.18772131E-001    -0.19984068E-011    -0.20009935E-011
     0.72000000E-001    -0.18772130E-001    -0.19978296E-011    -0.19997616E-011
     0.80000000E-001    -0.18772129E-001    -0.19959890E-011    -0.19968489E-011
     0.88000000E-001    -0.18772128E-001    -0.19965560E-011    -0.19984224E-011
     0.96000000E-001    -0.18772128E-001    -0.19975553E-011    -0.19996536E-011
     0.10400000E+000    -0.18772129E-001    -0.19982356E-011    -0.20015157E-011
     0.11200000E+000    -0.18772129E-001    -0.19957255E-011    -0.19986225E-011
     0.12000000E+000    -0.18772130E-001    -0.19918643E-011    -0.19938339E-011
     0.12800000E+000    -0.18772131E-001    -0.19900133E-011    -0.19921835E-011
     0.13600000E+000    -0.18772133E-001    -0.19901112E-011    -0.19923882E-011
     0.14400000E+000    -0.18772135E-001    -0.19913106E-011    -0.19945748E-011
     0.15200000E+000    -0.18772137E-001    -0.19904546E-011    -0.19935244E-011
     0.16000000E+000    -0.18772139E-001    -0.19880744E-011    -0.19903667E-011
     0.16800000E+000    -0.18772142E-001    -0.19867199E-011    -0.19887824E-011
     0.17600000E+000    -0.18772145E-001    -0.19873615E-011    -0.19894872E-011
     0.18400000E+000    -0.18772147E-001    -0.19894231E-011    -0.19925521E-011
     0.19200000E+000    -0.18772150E-001    -0.19898342E-011    -0.19932598E-011
     0.20000000E+000    -0.18772153E-001    -0.19881042E-011    -0.19912610E-011
     0.20800000E+000    -0.18772156E-001    -0.19860793E-011    -0.19890206E-011
     0.21600000E+000    -0.18772159E-001    -0.19855052E-011    -0.19884464E-011
     0.22400000E+000    -0.18772161E-001    -0.19865601E-011    -0.19901912E-011
     0.23200000E+000    -0.18772164E-001    -0.19868058E-011    -0.19905809E-011
     0.24000000E+000    -0.18772166E-001    -0.19852408E-011    -0.19885306E-011
     0.24800000E+000    -0.18772167E-001    -0.19831465E-011    -0.19857188E-011
     0.25600000E+000    -0.18772168E-001    -0.19826625E-011    -0.19847581E-011
     0.26400000E+000    -0.18772169E-001    -0.19845814E-011    -0.19869208E-011
     0.27200000E+000    -0.18772169E-001    -0.19869260E-011    -0.19893219E-011
     0.28000000E+000    -0.18772168E-001    -0.19880193E-011    -0.19899886E-011
     0.28800000E+000    -0.18772167E-001    -0.19881799E-011    -0.19894181E-011
     0.29600000E+000    -0.18772166E-001    -0.19893207E-011    -0.19901269E-011
     0.30400000E+000    -0.18772163E-001    -0.19925895E-011    -0.19937921E-011
     0.31200000E+000    -0.18772160E-001    -0.19964643E-011    -0.19982102E-011
     0.32000000E+000    -0.18772157E-001    -0.19987891E-011    -0.20006629E-011
     0.32800000E+000    -0.18772152E-001    -0.19989822E-011    -0.20004194E-011
     0.33600000E+000    -0.18772148E-001    -0.19986450E-011    -0.19996503E-011
     0.34400000E+000    -0.18772143E-001    -0.19995016E-011    -0.20007667E-011
     0.35200000E+000    -0.18772137E-001    -0.20010321E-011    -0.20029569E-011
     0.36000000E+000    -0.18772131E-001    -0.20013207E-011    -0.20037116E-011
     0.36800000E+000    -0.18772126E-001    -0.19992728E-011    -0.20015091E-011
     0.37600000E+000    -0.18772120E-001    -0.19960669E-011    -0.19978806E-011
     0.38400000E+000    -0.18772114E-001    -0.19937907E-011    -0.19956312E-011
     0.39200000E+000    -0.18772108E-001    -0.19929262E-011    -0.19953176E-011
     0.40000000E+000    -0.18772103E-001    -0.19920985E-011    -0.19951207E-011
     0.40800000E+000    -0.18772098E-001    -0.19898727E-011    -0.19930383E-011
     0.41600000E+000    -0.18772093E-001    -0.19867207E-011    -0.19896067E-011
     0.42400000E+000    -0.18772089E-001    -0.19845227E-011    -0.19872757E-011
     0.43200000E+000    -0.18772086E-001    -0.19842904E-011    -0.19873274E-011
     0.44000000E+000    -0.18772083E-001    -0.19851178E-011    -0.19886141E-011
     0.44800000E+000    -0.18772082E-001    -0.19853472E-011    -0.19889462E-011
     0.45600000E+000    -0.18772081E-001    -0.19846857E-011    -0.19879378E-011
     0.46400000E+000    -0.18772082E-001    -0.19844831E-011    -0.19873663E-011
     0.47200000E+000    -0.18772083E-001    -0.19859109E-011    -0.19887573E-011
     0.48000000E+000    -0.18772086E-001    -0.19884396E-011    -0.19914788E-011
     0.48800000E+000    -0.18772090E-001    -0.19903561E-011    -0.19933440E-011
     0.49600000E+000    -0.18772094E-001    -0.19908007E-011    -0.19933149E-011
     0.50400000E+000    -0.18772100E-001    -0.19906726E-011    -0.19926442E-011
     0.51200000E+000    -0.18772107E-001    -0.19913464E-011    -0.19931524E-011
     0.52000000E+000    -0.18772114E-001    -0.19928759E-011    -0.19949208E-011
     0.52800000E+000    -0.18772122E-001    -0.19938460E-011    -0.19960754E-011
     0.53600000E+000    -0.18772131E-001    -0.19931347E-011    -0.19951549E-011
     0.54400000E+000    -0.18772140E-001    -0.19913107E-011    -0.19929258E-011
     0.55200000E+000    -0.18772149E-001    -0.19899728E-011    -0.19914785E-011
     0.56000000E+000    -0.18772158E-001    -0.19898805E-011    -0.19917695E-011
     0.56800000E+000    -0.18772167E-001    -0.19901351E-011    -0.19925227E-011
     0.57600000E+000    -0.18772177E-001    -0.19894446E-011    -0.19919540E-011
     0.58400000E+000    -0.18772185E-001    -0.19878242E-011    -0.19900397E-011
     0.59200000E+000    -0.18772194E-001    -0.19866558E-011    -0.19886033E-011
     0.60000000E+000    -0.18772201E-001    -0.19870582E-011    -0.19891562E-011
     0.60800000E+000    -0.18772208E-001    -0.19885611E-011    -0.19910928E-011
     0.61600000E+000    -0.18772214E-001    -0.19897188E-011    -0.19924982E-011
     0.62400000E+000    -0.18772219E-001    -0.19898316E-011    -0.19924330E-011
     0.63200000E+000    -0.18772223E-001    -0.19896739E-011    -0.19919330E-011
     0.64000000E+000    -0.18772225E-001    -0.19903852E-011    -0.19925650E-011
     0.64800000E+000    -0.18772227E-001    -0.19919406E-011    -0.19943678E-011
     0.65600000E+000    -0.18772226E-001    -0.19931170E-011    -0.19957707E-011
     0.66400000E+000    -0.18772225E-001    -0.19929435E-011    -0.19954828E-011
     0.67200000E+000    -0.18772222E-001    -0.19918373E-011    -0.19940188E-011
     0.68000000E+000    -0.18772217E-001    -0.19910499E-011    -0.19930088E-011
     0.68800000E+000    -0.18772211E-001    -0.19911520E-011    -0.19932064E-011
     0.69600000E+000    -0.18772204E-001    -0.19914516E-011    -0.19937091E-011
     0.70400000E+000    -0.18772195E-001    -0.19910072E-011    -0.19932653E-011
     0.71200000E+000    -0.18772186E-001    -0.19899263E-011    -0.19919864E-011
     0.72000000E+000    -0.18772176E-001    -0.19893142E-011    -0.19912943E-011
     0.72800000E+000    -0.18772164E-001    -0.19899451E-011    -0.19921801E-011
     0.73600000E+000    -0.18772153E-001    -0.19913207E-011    -0.19939726E-011
     0.74400000E+000    -0.18772140E-001    -0.19922610E-011    -0.19951205E-011
     0.75200000E+000    -0.18772128E-001    -0.19922826E-011    -0.19950157E-011
     0.76000000E+000    -0.18772115E-001    -0.19920564E-011    -0.19945939E-011
     0.76800000E+000    -0.18772102E-001    -0.19924157E-011    -0.19950019E-011
     0.77600000E+000    -0.18772090E-001    -0.19931834E-011    -0.19960309E-011
     0.78400000E+000    -0.18772078E-001    -0.19932836E-011    -0.19962621E-011
     0.79200000E+000    -0.18772066E-001    -0.19920011E-011    -0.19947555E-011
     0.80000000E+000    -0.18772055E-001    -0.19898389E-011    -0.19921998E-011
     0.80800000E+000    -0.18772045E-001    -0.19879347E-011    -0.19901245E-011
     0.81600000E+000    -0.18772035E-001    -0.19867754E-011    -0.19891617E-011
     0.82400000E+000    -0.18772027E-001    -0.19857737E-011    -0.19884621E-011
     0.83200000E+000    -0.18772021E-001    -0.19841832E-011    -0.19869318E-011
     0.84000000E+000    -0.18772015E-001    -0.19821825E-011    -0.19847189E-011
     0.84800000E+000    -0.18772012E-001    -0.19807851E-011    -0.19831286E-011
     0.85600000E+000    -0.18772010E-001    -0.19807041E-011    -0.19831099E-011
     0.86400000E+000    -0.18772010E-001    -0.19815681E-011    -0.19841805E-011
     0.87200000E+000    -0.18772012E-001    -0.19824234E-011    -0.19850745E-011
     0.88000000E+000    -0.18772016E-001    -0.19828656E-011    -0.19852591E-011
     0.88800000E+000    -0.18772022E-001    -0.19834101E-011    -0.19854538E-011
     0.89600000E+000    -0.18772030E-001    -0.19846917E-011    -0.19865755E-011
     0.90400000E+000    -0.18772040E-001    -0.19865316E-011    -0.19884775E-011
     0.91200000E+000    -0.18772052E-001    -0.19880424E-011    -0.19900546E-011
     0.92000000E+000    -0.18772065E-001    -0.19886246E-011    -0.19905481E-011
     0.92800000E+000    -0.18772080E-001    -0.19886172E-011    -0.19904090E-011
     0.93600000E+000    -0.18772097E-001    -0.19888121E-011    -0.19906645E-011
     0.94400000E+000    -0.18772114E-001    -0.19894762E-011    -0.19916301E-011
     0.95200000E+000    -0.18772133E-001    -0.19900808E-011    -0.19925625E-011
     0.96000000E+000    -0.18772152E-001    -0.19900366E-011    -0.19926453E-011
     0.96800000E+000    -0.18772171E-001    -0.19895166E-011    -0.19920823E-011
     0.97600000E+000    -0.18772191E-001    -0.19893241E-011    -0.19919129E-011
     0.98400000E+000    -0.18772210E-001    -0.19899516E-011    -0.19927575E-011
     0.99200000E+000    -0.18772229E-001    -0.19909843E-011    -0.19940372E-011
     0.10000000E+001    -0.18772248E-001    -0.19915806E-011    -0.19946395E-011
     0.10080000E+001    -0.18772265E-001    -0.19914285E-011    -0.19942020E-011
     0.10160000E+001    -0.18772282E-001    -0.19910494E-011    -0.19935011E-011
     0.10240000E+001    -0.18772296E-001    -0.19910567E-011    -0.19934232E-011
     0.10320000E+001    -0.18772309E-001    -0.19913151E-011    -0.19938177E-011
     0.10400000E+001    -0.18772320E-001    -0.19910513E-011    -0.19936496E-011
     0.10480000E+001    -0.18772329E-001    -0.19897484E-011    -0.19922173E-011
     0.10560000E+001    -0.18772335E-001    -0.19877921E-011    -0.19900293E-011
     0.10640000E+001    -0.18772339E-001    -0.19860717E-011    -0.19882627E-011
     0.10720000E+001    -0.18772339E-001    -0.19850197E-011    -0.19874560E-011
     0.10800000E+001    -0.18772337E-001    -0.19842387E-011    -0.19870014E-011
     0.10880000E+001    -0.18772331E-001    -0.19831425E-011    -0.19860197E-011
     0.10960000E+001    -0.18772323E-001    -0.19818075E-011    -0.19845295E-011
     0.11040000E+001    -0.18772311E-001    -0.19809822E-011    -0.19834878E-011
     0.11120000E+001    -0.18772296E-001    -0.19812458E-011    -0.19836728E-011
     0.11200000E+001    -0.18772278E-001    -0.19823407E-011    -0.19847794E-011
     0.11280000E+001    -0.18772258E-001    -0.19834854E-011    -0.19858193E-011
     0.11360000E+001    -0.18772234E-001    -0.19842732E-011    -0.19863063E-011
     0.11440000E+001    -0.18772209E-001    -0.19850575E-011    -0.19867665E-011
     0.11520000E+001    -0.18772181E-001    -0.19863697E-011    -0.19879658E-011
     0.11600000E+001    -0.18772152E-001    -0.19881139E-011    -0.19898384E-011
     0.11680000E+001    -0.18772121E-001    -0.19895468E-011    -0.19914545E-011
     0.11760000E+001    -0.18772090E-001    -0.19900801E-011    -0.19920701E-011
     0.11840000E+001    -0.18772058E-001    -0.19899185E-011    -0.19919552E-011
     0.11920000E+001    -0.18772026E-001    -0.19897490E-011    -0.19919736E-011
     0.12000000E+001    -0.18771996E-001    -0.19898653E-011    -0.19924405E-011
     0.12080000E+001    -0.18771966E-001    -0.19898129E-011    -0.19926884E-011
     0.12160000E+001    -0.18771938E-001    -0.19889972E-011    -0.19919005E-011
     0.12240000E+001    -0.18771912E-001    -0.19875047E-011    -0.19901949E-011
     0.12320000E+001    -0.18771888E-001    -0.19861094E-011    -0.19886040E-011
     0.12400000E+001    -0.18771868E-001    -0.19854329E-011    -0.19879380E-011
     0.12480000E+001    -0.18771851E-001    -0.19852695E-011    -0.19878980E-011
     0.12560000E+001    -0.18771838E-001    -0.19849018E-011    -0.19875251E-011
     0.12640000E+001    -0.18771830E-001    -0.19840272E-011    -0.19864443E-011
     0.12720000E+001    -0.18771826E-001    -0.19831655E-011    -0.19853888E-011
     0.12800000E+001    -0.18771827E-001    -0.19830452E-011    -0.19853505E-011
     0.12880000E+001    -0.18771832E-001    -0.19837139E-011    -0.19863781E-011
     0.12960000E+001    -0.18771843E-001    -0.19844580E-011    -0.19874813E-011
     0.13040000E+001    -0.18771859E-001    -0.19846378E-011    -0.19877676E-011
     0.13120000E+001    -0.18771880E-001    -0.19844286E-011    -0.19874482E-011
     0.13200000E+001    -0.18771906E-001    -0.19845762E-011    -0.19875149E-011
     0.13280000E+001    -0.18771936E-001    -0.19854705E-011    -0.19884981E-011
     0.13360000E+001    -0.18771971E-001    -0.19866665E-011    -0.19898172E-011
     0.13440000E+001    -0.18772009E-001    -0.19874244E-011    -0.19904939E-011
     0.13520000E+001    -0.18772050E-001    -0.19875988E-011    -0.19903366E-011
     0.13600000E+001    -0.18772094E-001    -0.19877883E-011    -0.19901506E-011
     0.13680000E+001    -0.18772140E-001    -0.19885751E-011    -0.19907376E-011
     0.13760000E+001    -0.18772187E-001    -0.19897960E-011    -0.19919269E-011
     0.13840000E+001    -0.18772235E-001    -0.19907377E-011    -0.19928176E-011
     0.13920000E+001    -0.18772283E-001    -0.19910051E-011    -0.19929084E-011
     0.14000000E+001    -0.18772330E-001    -0.19909886E-011    -0.19927074E-011
     0.14080000E+001    -0.18772375E-001    -0.19913562E-011    -0.19930725E-011
     0.14160000E+001    -0.18772418E-001    -0.19922011E-011    -0.19941062E-011
     0.14240000E+001    -0.18772458E-001    -0.19929047E-011    -0.19949917E-011
     0.14320000E+001    -0.18772493E-001    -0.19928839E-011    -0.19949737E-011
     0.14400000E+001    -0.18772525E-001    -0.19922933E-011    -0.19942659E-011
     0.14480000E+001    -0.18772550E-001    -0.19918114E-011    -0.19937540E-011
     0.14560000E+001    -0.18772571E-001    -0.19917697E-011    -0.19938529E-011
     0.14640000E+001    -0.18772584E-001    -0.19917053E-011    -0.19939384E-011
     0.14720000E+001    -0.18772591E-001    -0.19909014E-011    -0.19930789E-011
     0.14800000E+001    -0.18772591E-001    -0.19892667E-011    -0.19911909E-011
     0.14880000E+001    -0.18772584E-001    -0.19874781E-011    -0.19892016E-011
     0.14960000E+001    -0.18772570E-001    -0.19862058E-011    -0.19880013E-011
     0.15040000E+001    -0.18772549E-001    -0.19853664E-011    -0.19874494E-011
     0.15120000E+001    -0.18772521E-001    -0.19843146E-011    -0.19866418E-011
     0.15200000E+001    -0.18772486E-001    -0.19827387E-011    -0.19851157E-011
     0.15280000E+001    -0.18772444E-001    -0.19811599E-011    -0.19835211E-011
     0.15360000E+001    -0.18772398E-001    -0.19804155E-011    -0.19829348E-011
     0.15440000E+001    -0.18772346E-001    -0.19807443E-011    -0.19836402E-011
     0.15520000E+001    -0.18772289E-001    -0.19815757E-011    -0.19848415E-011
     0.15600000E+001    -0.18772229E-001    -0.19822602E-011    -0.19856407E-011
     0.15680000E+001    -0.18772166E-001    -0.19828460E-011    -0.19860868E-011
     0.15760000E+001    -0.18772102E-001    -0.19839519E-011    -0.19870276E-011
     0.15840000E+001    -0.18772036E-001    -0.19859073E-011    -0.19889714E-011
     0.15920000E+001    -0.18771970E-001    -0.19882250E-011    -0.19913641E-011
     0.16000000E+001    -0.18771906E-001    -0.19900585E-011    -0.19931611E-011
     0.16080000E+001    -0.18771843E-001    -0.19910839E-011    -0.19939785E-011
     0.16160000E+001    -0.18771784E-001    -0.19917379E-011    -0.19944141E-011
     0.16240000E+001    -0.18771729E-001    -0.19925417E-011    -0.19951716E-011
     0.16320000E+001    -0.18771678E-001    -0.19933703E-011    -0.19960995E-011
     0.16400000E+001    -0.18771634E-001    -0.19935793E-011    -0.19963484E-011
     0.16480000E+001    -0.18771596E-001    -0.19928334E-011    -0.19954505E-011
     0.16560000E+001    -0.18771566E-001    -0.19916035E-011    -0.19939745E-011
     0.16640000E+001    -0.18771544E-001    -0.19907033E-011    -0.19929285E-011
     0.16720000E+001    -0.18771530E-001    -0.19904256E-011    -0.19926419E-011
     0.16800000E+001    -0.18771526E-001    -0.19903249E-011    -0.19924952E-011
     0.16880000E+001    -0.18771531E-001    -0.19898979E-011    -0.19918246E-011
     0.16960000E+001    -0.18771546E-001    -0.19893069E-011    -0.19908704E-011
     0.17040000E+001    -0.18771570E-001    -0.19892356E-011    -0.19905716E-011
     0.17120000E+001    -0.18771603E-001    -0.19900391E-011    -0.19914278E-011
     0.17200000E+001    -0.18771645E-001    -0.19912287E-011    -0.19928144E-011
     0.17280000E+001    -0.18771696E-001    -0.19919379E-011    -0.19936088E-011
     0.17360000E+001    -0.18771755E-001    -0.19918264E-011    -0.19933984E-011
     0.17440000E+001    -0.18771820E-001    -0.19913450E-011    -0.19928306E-011
     0.17520000E+001    -0.18771892E-001    -0.19910645E-011    -0.19927018E-011
     0.17600000E+001    -0.18771969E-001    -0.19909023E-011    -0.19929053E-011
     0.17680000E+001    -0.18772050E-001    -0.19902056E-011    -0.19925313E-011
     0.17760000E+001    -0.18772135E-001    -0.19885923E-011    -0.19910020E-011
     0.17840000E+001    -0.18772220E-001    -0.19865225E-011    -0.19888623E-011
     0.17920000E+001    -0.18772306E-001    -0.19849005E-011    -0.19872694E-011
     0.18000000E+001    -0.18772392E-001    -0.19841751E-011    -0.19867866E-011
     0.18080000E+001    -0.18772475E-001    -0.19840131E-011    -0.19869256E-011
     0.18160000E+001    -0.18772554E-001    -0.19838989E-011    -0.19869371E-011
     0.18240000E+001    -0.18772629E-001    -0.19838946E-011    -0.19868448E-011
     0.18320000E+001    -0.18772698E-001    -0.19846095E-011    -0.19874418E-011
     0.18400000E+001    -0.18772760E-001    -0.19864182E-011    -0.19892667E-011
     0.18480000E+001    -0.18772814E-001    -0.19889018E-011    -0.19918450E-011
     0.18560000E+001    -0.18772859E-001    -0.19911999E-011    -0.19941248E-011
     0.18640000E+001    -0.18772894E-001    -0.19928473E-011    -0.19955680E-011
     0.18720000E+001    -0.18772918E-001    -0.19940838E-011    -0.19965601E-011
     0.18800000E+001    -0.18772931E-001    -0.19952878E-011    -0.19976660E-011
     0.18880000E+001    -0.18772932E-001    -0.19962709E-011    -0.19986950E-011
     0.18960000E+001    -0.18772921E-001    -0.19963419E-011    -0.19987769E-011
     0.19040000E+001    -0.18772898E-001    -0.19950780E-011    -0.19973731E-011
     0.19120000E+001    -0.18772864E-001    -0.19928632E-011    -0.19949793E-011
     0.19200000E+001    -0.18772817E-001    -0.19905233E-011    -0.19926340E-011
     0.19280000E+001    -0.18772760E-001    -0.19884891E-011    -0.19908146E-011
     0.19360000E+001    -0.18772692E-001    -0.19865000E-011    -0.19890660E-011
     0.19440000E+001    -0.18772615E-001    -0.19841912E-011    -0.19868090E-011
     0.19520000E+001    -0.18772529E-001    -0.19818244E-011    -0.19843285E-011
     0.19600000E+001    -0.18772436E-001    -0.19802328E-011    -0.19826922E-011
     0.19680000E+001    -0.18772336E-001    -0.19800048E-011    -0.19826454E-011
     0.19760000E+001    -0.18772232E-001    -0.19808803E-011    -0.19838024E-011
     0.19840000E+001    -0.18772124E-001    -0.19820854E-011    -0.19851098E-011
     0.19920000E+001    -0.18772015E-001    -0.19832085E-011    -0.19860435E-011
     0.20000000E+001    -0.18771906E-001    -0.19845669E-011    -0.19871042E-011
     0.20080000E+001    -0.18771798E-001    -0.19866374E-011    -0.19890331E-011
     0.20160000E+001    -0.18771693E-001    -0.19892672E-011    -0.19917210E-011
     0.20240000E+001    -0.18771593E-001    -0.19916476E-011    -0.19941492E-011
     0.20320000E+001    -0.18771500E-001    -0.19930990E-011    -0.19954441E-011
     0.20400000E+001    -0.18771414E-001    -0.19937309E-011    -0.19957779E-011
     0.20480000E+001    -0.18771338E-001    -0.19941907E-011    -0.19960438E-011
     0.20560000E+001    -0.18771272E-001    -0.19948240E-011    -0.19967244E-011
     0.20640000E+001    -0.18771218E-001    -0.19952722E-011    -0.19973340E-011
     0.20720000E+001    -0.18771177E-001    -0.19949798E-011    -0.19970884E-011
     0.20800000E+001    -0.18771149E-001    -0.19939619E-011    -0.19959407E-011
     0.20880000E+001    -0.18771136E-001    -0.19928780E-011    -0.19947063E-011
     0.20960000E+001    -0.18771137E-001    -0.19923159E-011    -0.19941288E-011
     0.21040000E+001    -0.18771153E-001    -0.19921683E-011    -0.19940581E-011
     0.21120000E+001    -0.18771185E-001    -0.19918552E-011    -0.19937404E-011
     0.21200000E+001    -0.18771231E-001    -0.19911049E-011    -0.19928423E-011
     0.21280000E+001    -0.18771292E-001    -0.19903200E-011    -0.19919221E-011
     0.21360000E+001    -0.18771367E-001    -0.19900784E-011    -0.19917583E-011
     0.21440000E+001    -0.18771454E-001    -0.19903846E-011    -0.19923615E-011
     0.21520000E+001    -0.18771553E-001    -0.19906116E-011    -0.19929099E-011
     0.21600000E+001    -0.18771663E-001    -0.19902165E-011    -0.19927042E-011
     0.21680000E+001    -0.18771781E-001    -0.19893648E-011    -0.19919796E-011
     0.21760000E+001    -0.18771907E-001    -0.19886904E-011    -0.19915624E-011
     0.21840000E+001    -0.18772039E-001    -0.19884842E-011    -0.19917843E-011
     0.21920000E+001    -0.18772174E-001    -0.19883131E-011    -0.19920010E-011
     0.22000000E+001    -0.18772311E-001    -0.19875527E-011    -0.19913362E-011
     0.22080000E+001    -0.18772447E-001    -0.19861906E-011    -0.19897669E-011
     0.22160000E+001    -0.18772582E-001    -0.19849150E-011    -0.19882245E-011
     0.22240000E+001    -0.18772711E-001    -0.19843643E-011    -0.19875675E-011
     0.22320000E+001    -0.18772835E-001    -0.19844397E-011    -0.19876534E-011
     0.22400000E+001    -0.18772949E-001    -0.19845090E-011    -0.19876239E-011
     0.22480000E+001    -0.18773054E-001    -0.19842474E-011    -0.19870438E-011
     0.22560000E+001    -0.18773146E-001    -0.19840827E-011    -0.19865021E-011
     0.22640000E+001    -0.18773225E-001    -0.19846991E-011    -0.19869394E-011
     0.22720000E+001    -0.18773288E-001    -0.19862020E-011    -0.19885189E-011
     0.22800000E+001    -0.18773335E-001    -0.19879591E-011    -0.19904072E-011
     0.22880000E+001    -0.18773365E-001    -0.19893074E-011    -0.19917193E-011
     0.22960000E+001    -0.18773377E-001    -0.19902619E-011    -0.19924740E-011
     0.23040000E+001    -0.18773370E-001    -0.19913662E-011    -0.19934082E-011
     0.23120000E+001    -0.18773345E-001    -0.19928903E-011    -0.19949156E-011
     0.23200000E+001    -0.18773302E-001    -0.19943799E-011    -0.19964437E-011
     0.23280000E+001    -0.18773240E-001    -0.19951095E-011    -0.19970804E-011
     0.23360000E+001    -0.18773161E-001    -0.19948912E-011    -0.19966101E-011
     0.23440000E+001    -0.18773066E-001    -0.19942445E-011    -0.19957292E-011
     0.23520000E+001    -0.18772955E-001    -0.19937352E-011    -0.19951782E-011
     0.23600000E+001    -0.18772831E-001    -0.19933018E-011    -0.19948637E-011
     0.23680000E+001    -0.18772695E-001    -0.19924107E-011    -0.19940717E-011
     0.23760000E+001    -0.18772548E-001    -0.19908445E-011    -0.19925015E-011
     0.23840000E+001    -0.18772394E-001    -0.19891359E-011    -0.19908180E-011
     0.23920000E+001    -0.18772233E-001    -0.19880852E-011    -0.19900051E-011
     0.24000000E+001    -0.18772069E-001    -0.19879322E-011    -0.19902880E-011
     0.24080000E+001    -0.18771904E-001    -0.19881873E-011    -0.19909445E-011
     0.24160000E+001    -0.18771741E-001    -0.19883219E-011    -0.19912430E-011
     0.24240000E+001    -0.18771581E-001    -0.19884622E-011    -0.19913568E-011
     0.24320000E+001    -0.18771427E-001    -0.19892206E-011    -0.19921202E-011
     0.24400000E+001    -0.18771282E-001    -0.19908640E-011    -0.19939107E-011
     0.24480000E+001    -0.18771147E-001    -0.19928432E-011    -0.19960318E-011
     0.24560000E+001    -0.18771026E-001    -0.19942823E-011    -0.19973750E-011
     0.24640000E+001    -0.18770920E-001    -0.19948572E-011    -0.19975903E-011
     0.24720000E+001    -0.18770831E-001    -0.19950165E-011    -0.19973654E-011
     0.24800000E+001    -0.18770760E-001    -0.19952974E-011    -0.19974929E-011
     0.24880000E+001    -0.18770709E-001    -0.19955887E-011    -0.19978682E-011
     0.24960000E+001    -0.18770679E-001    -0.19952488E-011    -0.19976337E-011
     0.25040000E+001    -0.18770670E-001    -0.19939297E-011    -0.19962781E-011
     0.25120000E+001    -0.18770683E-001    -0.19920932E-011    -0.19943409E-011
     0.25200000E+001    -0.18770718E-001    -0.19905773E-011    -0.19928597E-011
     0.25280000E+001    -0.18770775E-001    -0.19897372E-011    -0.19922434E-011
     0.25360000E+001    -0.18770853E-001    -0.19891953E-011    -0.19919363E-011
     0.25440000E+001    -0.18770951E-001    -0.19884663E-011    -0.19912411E-011
     0.25520000E+001    -0.18771068E-001    -0.19876657E-011    -0.19902629E-011
     0.25600000E+001    -0.18771202E-001    -0.19874158E-011    -0.19898067E-011
     0.25680000E+001    -0.18771351E-001    -0.19880646E-011    -0.19903646E-011
     0.25760000E+001    -0.18771513E-001    -0.19891937E-011    -0.19914633E-011
     0.25840000E+001    -0.18771687E-001    -0.19900344E-011    -0.19921877E-011
     0.25920000E+001    -0.18771868E-001    -0.19902892E-011    -0.19922299E-011
     0.26000000E+001    -0.18772056E-001    -0.19903551E-011    -0.19921626E-011
     0.26080000E+001    -0.18772246E-001    -0.19906923E-011    -0.19926058E-011
     0.26160000E+001    -0.18772437E-001    -0.19911420E-011    -0.19933390E-011
     0.26240000E+001    -0.18772625E-001    -0.19910614E-011    -0.19934928E-011
     0.26320000E+001    -0.18772808E-001    -0.19901291E-011    -0.19926117E-011
     0.26400000E+001    -0.18772982E-001    -0.19888273E-011    -0.19912824E-011
     0.26480000E+001    -0.18773146E-001    -0.19879869E-011    -0.19905300E-011
     0.26560000E+001    -0.18773296E-001    -0.19879287E-011    -0.19906919E-011
     0.26640000E+001    -0.18773431E-001    -0.19882314E-011    -0.19911355E-011
     0.26720000E+001    -0.18773548E-001    -0.19883946E-011    -0.19911609E-011
     0.26800000E+001    -0.18773645E-001    -0.19885661E-011    -0.19909766E-011
     0.26880000E+001    -0.18773721E-001    -0.19894232E-011    -0.19915333E-011
     0.26960000E+001    -0.18773774E-001    -0.19913344E-011    -0.19933886E-011
     0.27040000E+001    -0.18773803E-001    -0.19938193E-011    -0.19959687E-011
     0.27120000E+001    -0.18773808E-001    -0.19959736E-011    -0.19981250E-011
     0.27200000E+001    -0.18773789E-001    -0.19973592E-011    -0.19993281E-011
     0.27280000E+001    -0.18773745E-001    -0.19983050E-011    -0.20000799E-011
     0.27360000E+001    -0.18773678E-001    -0.19992866E-011    -0.20010857E-011
     0.27440000E+001    -0.18773587E-001    -0.20001793E-011    -0.20022335E-011
     0.27520000E+001    -0.18773474E-001    -0.20003059E-011    -0.20026276E-011
     0.27600000E+001    -0.18773340E-001    -0.19992254E-011    -0.20016335E-011
     0.27680000E+001    -0.18773188E-001    -0.19972951E-011    -0.19996512E-011
     0.27760000E+001    -0.18773020E-001    -0.19953183E-011    -0.19976836E-011
     0.27840000E+001    -0.18772837E-001    -0.19937102E-011    -0.19962414E-011
     0.27920000E+001    -0.18772643E-001    -0.19921916E-011    -0.19949207E-011
     0.28000000E+001    -0.18772440E-001    -0.19903510E-011    -0.19931287E-011
     0.28080000E+001    -0.18772231E-001    -0.19883486E-011    -0.19910178E-011
     0.28160000E+001    -0.18772019E-001    -0.19868692E-011    -0.19894453E-011
     0.28240000E+001    -0.18771807E-001    -0.19863773E-011    -0.19890070E-011
     0.28320000E+001    -0.18771599E-001    -0.19865954E-011    -0.19893505E-011
     0.28400000E+001    -0.18771397E-001    -0.19868560E-011    -0.19896276E-011
     0.28480000E+001    -0.18771204E-001    -0.19868951E-011    -0.19895275E-011
     0.28560000E+001    -0.18771023E-001    -0.19871121E-011    -0.19896073E-011
     0.28640000E+001    -0.18770858E-001    -0.19879795E-011    -0.19905051E-011
     0.28720000E+001    -0.18770709E-001    -0.19893441E-011    -0.19920191E-011
     0.28800000E+001    -0.18770581E-001    -0.19905011E-011    -0.19932181E-011
     0.28880000E+001    -0.18770474E-001    -0.19909709E-011    -0.19934837E-011
     0.28960000E+001    -0.18770391E-001    -0.19910338E-011    -0.19932188E-011
     0.29040000E+001    -0.18770332E-001    -0.19913605E-011    -0.19933421E-011
     0.29120000E+001    -0.18770299E-001    -0.19921795E-011    -0.19941653E-011
     0.29200000E+001    -0.18770293E-001    -0.19929928E-011    -0.19950152E-011
     0.29280000E+001    -0.18770314E-001    -0.19931855E-011    -0.19950648E-011
     0.29360000E+001    -0.18770361E-001    -0.19927844E-011    -0.19943653E-011
     0.29440000E+001    -0.18770434E-001    -0.19924353E-011    -0.19938168E-011
     0.29520000E+001    -0.18770532E-001    -0.19926218E-011    -0.19941022E-011
     0.29600000E+001    -0.18770655E-001    -0.19930720E-011    -0.19948685E-011
     0.29680000E+001    -0.18770799E-001    -0.19930747E-011    -0.19951409E-011
     0.29760000E+001    -0.18770964E-001    -0.19923198E-011    -0.19944657E-011
     0.29840000E+001    -0.18771147E-001    -0.19912490E-011    -0.19934064E-011
     0.29920000E+001    -0.18771346E-001    -0.19905048E-011    -0.19928165E-011
     0.30000000E+001    -0.18771557E-001    -0.19901641E-011    -0.19928013E-011
     0.30080000E+001    -0.18771778E-001    -0.19896939E-011    -0.19926354E-011
     0.30160000E+001    -0.18772005E-001    -0.19886682E-011    -0.19917130E-011
     0.30240000E+001    -0.18772236E-001    -0.19873570E-011    -0.19903487E-011
     0.30320000E+001    -0.18772467E-001    -0.19864592E-011    -0.19894419E-011
     0.30400000E+001    -0.18772695E-001    -0.19863108E-011    -0.19894288E-011
     0.30480000E+001    -0.18772916E-001    -0.19865374E-011    -0.19898142E-011
     0.30560000E+001    -0.18773127E-001    -0.19865695E-011    -0.19898444E-011
     0.30640000E+001    -0.18773325E-001    -0.19863719E-011    -0.19894719E-011
     0.30720000E+001    -0.18773508E-001    -0.19864833E-011    -0.19894063E-011
     0.30800000E+001    -0.18773671E-001    -0.19873189E-011    -0.19901925E-011
     0.30880000E+001    -0.18773814E-001    -0.19886057E-011    -0.19914733E-011
     0.30960000E+001    -0.18773933E-001    -0.19896608E-011    -0.19923700E-011
     0.31040000E+001    -0.18774027E-001    -0.19901805E-011    -0.19925309E-011
     0.31120000E+001    -0.18774094E-001    -0.19905720E-011    -0.19925526E-011
     0.31200000E+001    -0.18774134E-001    -0.19914124E-011    -0.19932359E-011
     0.31280000E+001    -0.18774145E-001    -0.19926926E-011    -0.19945735E-011
     0.31360000E+001    -0.18774127E-001    -0.19937771E-011    -0.19957132E-011
     0.31440000E+001    -0.18774081E-001    -0.19941348E-011    -0.19959559E-011
     0.31520000E+001    -0.18774006E-001    -0.19939535E-011    -0.19955773E-011
     0.31600000E+001    -0.18773904E-001    -0.19938809E-011    -0.19954635E-011
     0.31680000E+001    -0.18773777E-001    -0.19942053E-011    -0.19959958E-011
     0.31760000E+001    -0.18773625E-001    -0.19944737E-011    -0.19965405E-011
     0.31840000E+001    -0.18773451E-001    -0.19940203E-011    -0.19961748E-011
     0.31920000E+001    -0.18773257E-001    -0.19927669E-011    -0.19947783E-011
     0.32000000E+001    -0.18773045E-001    -0.19913260E-011    -0.19931757E-011
     0.32080000E+001    -0.18772820E-001    -0.19902877E-011    -0.19921694E-011
     0.32160000E+001    -0.18772584E-001    -0.19895603E-011    -0.19916410E-011
     0.32240000E+001    -0.18772340E-001    -0.19885622E-011    -0.19907982E-011
     0.32320000E+001    -0.18772091E-001    -0.19870177E-011    -0.19892406E-011
     0.32400000E+001    -0.18771842E-001    -0.19853709E-011    -0.19875256E-011
     0.32480000E+001    -0.18771595E-001    -0.19843109E-011    -0.19865454E-011
     0.32560000E+001    -0.18771355E-001    -0.19839916E-011    -0.19864925E-011
     0.32640000E+001    -0.18771125E-001    -0.19839009E-011    -0.19866808E-011
     0.32720000E+001    -0.18770908E-001    -0.19835282E-011    -0.19864262E-011
     0.32800000E+001    -0.18770708E-001    -0.19830000E-011    -0.19858834E-011
     0.32880000E+001    -0.18770528E-001    -0.19828963E-011    -0.19858051E-011
     0.32960000E+001    -0.18770369E-001    -0.19834835E-011    -0.19865359E-011
     0.33040000E+001    -0.18770235E-001    -0.19843229E-011    -0.19875098E-011
     0.33120000E+001    -0.18770128E-001    -0.19847532E-011    -0.19878905E-011
     0.33200000E+001    -0.18770050E-001    -0.19846614E-011    -0.19875749E-011
     0.33280000E+001    -0.18770001E-001    -0.19845929E-011    -0.19873104E-011
     0.33360000E+001    -0.18769983E-001    -0.19850613E-011    -0.19877690E-011
     0.33440000E+001    -0.18769996E-001    -0.19859096E-011    -0.19887174E-011
     0.33520000E+001    -0.18770040E-001    -0.19865156E-011    -0.19893191E-011
     0.33600000E+001    -0.18770114E-001    -0.19865986E-011    -0.19892132E-011
     0.33680000E+001    -0.18770218E-001    -0.19866273E-011    -0.19890389E-011
     0.33760000E+001    -0.18770350E-001    -0.19873085E-011    -0.19897303E-011
     0.33840000E+001    -0.18770508E-001    -0.19887582E-011    -0.19914108E-011
     0.33920000E+001    -0.18770690E-001    -0.19903566E-011    -0.19932218E-011
     0.34000000E+001    -0.18770894E-001    -0.19914637E-011    -0.19943018E-011
     0.34080000E+001    -0.18771117E-001    -0.19921252E-011    -0.19947355E-011
     0.34160000E+001    -0.18771355E-001    -0.19929119E-011    -0.19953292E-011
     0.34240000E+001    -0.18771606E-001    -0.19940996E-011    -0.19964996E-011
     0.34320000E+001    -0.18771865E-001    -0.19952016E-011    -0.19976397E-011
     0.34400000E+001    -0.18772130E-001    -0.19954404E-011    -0.19977433E-011
     0.34480000E+001    -0.18772395E-001    -0.19945974E-011    -0.19965401E-011
     0.34560000E+001    -0.18772658E-001    -0.19932205E-011    -0.19947798E-011
     0.34640000E+001    -0.18772915E-001    -0.19919584E-011    -0.19933454E-011
     0.34720000E+001    -0.18773162E-001    -0.19908447E-011    -0.19922917E-011
     0.34800000E+001    -0.18773395E-001    -0.19894007E-011    -0.19909625E-011
     0.34880000E+001    -0.18773611E-001    -0.19874036E-011    -0.19889989E-011
     0.34960000E+001    -0.18773807E-001    -0.19853468E-011    -0.19869606E-011
     0.35040000E+001    -0.18773979E-001    -0.19840085E-011    -0.19857829E-011
     0.35120000E+001    -0.18774126E-001    -0.19836477E-011    -0.19857424E-011
     0.35200000E+001    -0.18774244E-001    -0.19838069E-011    -0.19862060E-011
     0.35280000E+001    -0.18774333E-001    -0.19839478E-011    -0.19864607E-011
     0.35360000E+001    -0.18774391E-001    -0.19841187E-011    -0.19865801E-011
     0.35440000E+001    -0.18774416E-001    -0.19848234E-011    -0.19872468E-011
     0.35520000E+001    -0.18774409E-001    -0.19862617E-011    -0.19887622E-011
     0.35600000E+001    -0.18774369E-001    -0.19879037E-011    -0.19904972E-011
     0.35680000E+001    -0.18774297E-001    -0.19889555E-011    -0.19915019E-011
     0.35760000E+001    -0.18774193E-001    -0.19891707E-011    -0.19915485E-011
     0.35840000E+001    -0.18774060E-001    -0.19890208E-011    -0.19913220E-011
     0.35920000E+001    -0.18773899E-001    -0.19890221E-011    -0.19915106E-011
     0.36000000E+001    -0.18773712E-001    -0.19890518E-011    -0.19919099E-011
     0.36080000E+001    -0.18773502E-001    -0.19885086E-011    -0.19916590E-011
     0.36160000E+001    -0.18773272E-001    -0.19871278E-011    -0.19903412E-011
     0.36240000E+001    -0.18773024E-001    -0.19854467E-011    -0.19886064E-011
     0.36320000E+001    -0.18772764E-001    -0.19843254E-011    -0.19875327E-011
     0.36400000E+001    -0.18772493E-001    -0.19840792E-011    -0.19874735E-011
     0.36480000E+001    -0.18772216E-001    -0.19842555E-011    -0.19877683E-011
     0.36560000E+001    -0.18771938E-001    -0.19843056E-011    -0.19876526E-011
     0.36640000E+001    -0.18771661E-001    -0.19843164E-011    -0.19872496E-011
     0.36720000E+001    -0.18771391E-001    -0.19849040E-011    -0.19874349E-011
     0.36800000E+001    -0.18771130E-001    -0.19864015E-011    -0.19887443E-011
     0.36880000E+001    -0.18770882E-001    -0.19883433E-011    -0.19906545E-011
     0.36960000E+001    -0.18770652E-001    -0.19898822E-011    -0.19921087E-011
     0.37040000E+001    -0.18770443E-001    -0.19906439E-011    -0.19926464E-011
     0.37120000E+001    -0.18770257E-001    -0.19909973E-011    -0.19927804E-011
     0.37200000E+001    -0.18770098E-001    -0.19914476E-011    -0.19932062E-011
     0.37280000E+001    -0.18769967E-001    -0.19919258E-011    -0.19938547E-011
     0.37360000E+001    -0.18769867E-001    -0.19918589E-011    -0.19939597E-011
     0.37440000E+001    -0.18769800E-001    -0.19909231E-011    -0.19930413E-011
     0.37520000E+001    -0.18769765E-001    -0.19895361E-011    -0.19915697E-011
     0.37600000E+001    -0.18769765E-001    -0.19884686E-011    -0.19904827E-011
     0.37680000E+001    -0.18769799E-001    -0.19880427E-011    -0.19901513E-011
     0.37760000E+001    -0.18769866E-001    -0.19878908E-011    -0.19900667E-011
     0.37840000E+001    -0.18769966E-001    -0.19875512E-011    -0.19896182E-011
     0.37920000E+001    -0.18770098E-001    -0.19871412E-011    -0.19889730E-011
     0.38000000E+001    -0.18770259E-001    -0.19872582E-011    -0.19889397E-011
     0.38080000E+001    -0.18770447E-001    -0.19882213E-011    -0.19899671E-011
     0.38160000E+001    -0.18770660E-001    -0.19895960E-011    -0.19915178E-011
     0.38240000E+001    -0.18770895E-001    -0.19906064E-011    -0.19926150E-011
     0.38320000E+001    -0.18771149E-001    -0.19909508E-011    -0.19929173E-011
     0.38400000E+001    -0.18771417E-001    -0.19910340E-011    -0.19930114E-011
     0.38480000E+001    -0.18771696E-001    -0.19913430E-011    -0.19935656E-011
     0.38560000E+001    -0.18771982E-001    -0.19917430E-011    -0.19943833E-011
     0.38640000E+001    -0.18772271E-001    -0.19915708E-011    -0.19945353E-011
     0.38720000E+001    -0.18772559E-001    -0.19904264E-011    -0.19934351E-011
     0.38800000E+001    -0.18772842E-001    -0.19886998E-011    -0.19915638E-011
     0.38880000E+001    -0.18773116E-001    -0.19871880E-011    -0.19899628E-011
     0.38960000E+001    -0.18773376E-001    -0.19862564E-011    -0.19891014E-011
     0.39040000E+001    -0.18773620E-001    -0.19855504E-011    -0.19884762E-011
     0.39120000E+001    -0.18773843E-001    -0.19845854E-011    -0.19873994E-011
     0.39200000E+001    -0.18774042E-001    -0.19834724E-011    -0.19859901E-011
     0.39280000E+001    -0.18774215E-001    -0.19828822E-011    -0.19851471E-011
     0.39360000E+001    -0.18774358E-001    -0.19832868E-011    -0.19855360E-011
     0.39440000E+001    -0.18774470E-001    -0.19844057E-011    -0.19868241E-011
     0.39520000E+001    -0.18774549E-001    -0.19855255E-011    -0.19880812E-011
     0.39600000E+001    -0.18774594E-001    -0.19862957E-011    -0.19888389E-011
     0.39680000E+001    -0.18774605E-001    -0.19870330E-011    -0.19895158E-011
     0.39760000E+001    -0.18774579E-001    -0.19881822E-011    -0.19907189E-011
     0.39840000E+001    -0.18774519E-001    -0.19896232E-011    -0.19923239E-011
     0.39920000E+001    -0.18774425E-001    -0.19906958E-011    -0.19934929E-011
     0.40000000E+001    -0.18774298E-001    -0.19909197E-011    -0.19936178E-011
     0.40080000E+001    -0.18774139E-001    -0.19905234E-011    -0.19930170E-011
     0.40160000E+001    -0.18773951E-001    -0.19901310E-011    -0.19925188E-011
     0.40240000E+001    -0.18773737E-001    -0.19899925E-011    -0.19924434E-011
     0.40320000E+001    -0.18773499E-001    -0.19897076E-011    -0.19922439E-011
     0.40400000E+001    -0.18773240E-001    -0.19887853E-011    -0.19912559E-011
     0.40480000E+001    -0.18772965E-001    -0.19873446E-011    -0.19896270E-011
     0.40560000E+001    -0.18772677E-001    -0.19860810E-011    -0.19882590E-011
     0.40640000E+001    -0.18772380E-001    -0.19855229E-011    -0.19878087E-011
     0.40720000E+001    -0.18772079E-001    -0.19854780E-011    -0.19879580E-011
     0.40800000E+001    -0.18771778E-001    -0.19853466E-011    -0.19878586E-011
     0.40880000E+001    -0.18771480E-001    -0.19849200E-011    -0.19872196E-011
     0.40960000E+001    -0.18771192E-001    -0.19846839E-011    -0.19867130E-011
     0.41040000E+001    -0.18770916E-001    -0.19852470E-011    -0.19871873E-011
     0.41120000E+001    -0.18770656E-001    -0.19865819E-011    -0.19886321E-011
     0.41200000E+001    -0.18770418E-001    -0.19880014E-011    -0.19901432E-011
     0.41280000E+001    -0.18770203E-001    -0.19889011E-011    -0.19909336E-011
     0.41360000E+001    -0.18770016E-001    -0.19893741E-011    -0.19911706E-011
     0.41440000E+001    -0.18769859E-001    -0.19899645E-011    -0.19916433E-011
     0.41520000E+001    -0.18769735E-001    -0.19908811E-011    -0.19926887E-011
     0.41600000E+001    -0.18769644E-001    -0.19916434E-011    -0.19936949E-011
     0.41680000E+001    -0.18769590E-001    -0.19916007E-011    -0.19937869E-011
     0.41760000E+001    -0.18769572E-001    -0.19906894E-011    -0.19928510E-011
     0.41840000E+001    -0.18769591E-001    -0.19895146E-011    -0.19916597E-011
     0.41920000E+001    -0.18769648E-001    -0.19886645E-011    -0.19909671E-011
     0.42000000E+001    -0.18769740E-001    -0.19881021E-011    -0.19906937E-011
     0.42080000E+001    -0.18769867E-001    -0.19873657E-011    -0.19901857E-011
     0.42160000E+001    -0.18770027E-001    -0.19863039E-011    -0.19891896E-011
     0.42240000E+001    -0.18770219E-001    -0.19854113E-011    -0.19883026E-011
     0.42320000E+001    -0.18770438E-001    -0.19853305E-011    -0.19883261E-011
     0.42400000E+001    -0.18770683E-001    -0.19861245E-011    -0.19893178E-011
     0.42480000E+001    -0.18770950E-001    -0.19872119E-011    -0.19905203E-011
     0.42560000E+001    -0.18771235E-001    -0.19880440E-011    -0.19912579E-011
     0.42640000E+001    -0.18771534E-001    -0.19886876E-011    -0.19916857E-011
     0.42720000E+001    -0.18771843E-001    -0.19895947E-011    -0.19924595E-011
     0.42800000E+001    -0.18772157E-001    -0.19908531E-011    -0.19937340E-011
     0.42880000E+001    -0.18772472E-001    -0.19918665E-011    -0.19947558E-011
     0.42960000E+001    -0.18772783E-001    -0.19918974E-011    -0.19945993E-011
     0.43040000E+001    -0.18773085E-001    -0.19908386E-011    -0.19931846E-011
     0.43120000E+001    -0.18773375E-001    -0.19892857E-011    -0.19913402E-011
     0.43200000E+001    -0.18773648E-001    -0.19878218E-011    -0.19898241E-011
     0.43280000E+001    -0.18773899E-001    -0.19863864E-011    -0.19884886E-011
     0.43360000E+001    -0.18774126E-001    -0.19845003E-011    -0.19866112E-011
     0.43440000E+001    -0.18774324E-001    -0.19820638E-011    -0.19839876E-011
     0.43520000E+001    -0.18774491E-001    -0.19797353E-011    -0.19814421E-011
     0.43600000E+001    -0.18774624E-001    -0.19783958E-011    -0.19801028E-011
     0.43680000E+001    -0.18774721E-001    -0.19783153E-011    -0.19802794E-011
     0.43760000E+001    -0.18774780E-001    -0.19790025E-011    -0.19812669E-011
     0.43840000E+001    -0.18774801E-001    -0.19798936E-011    -0.19822809E-011
     0.43920000E+001    -0.18774783E-001    -0.19810270E-011    -0.19833730E-011
     0.44000000E+001    -0.18774726E-001    -0.19828868E-011    -0.19852290E-011
     0.44080000E+001    -0.18774632E-001    -0.19856266E-011    -0.19881276E-011
     0.44160000E+001    -0.18774500E-001    -0.19886491E-011    -0.19913634E-011
     0.44240000E+001    -0.18774334E-001    -0.19910805E-011    -0.19938557E-011
     0.44320000E+001    -0.18774135E-001    -0.19925789E-011    -0.19952100E-011
     0.44400000E+001    -0.18773907E-001    -0.19935172E-011    -0.19959611E-011
     0.44480000E+001    -0.18773652E-001    -0.19943490E-011    -0.19967415E-011
     0.44560000E+001    -0.18773374E-001    -0.19949671E-011    -0.19974351E-011
     0.44640000E+001    -0.18773077E-001    -0.19948499E-011    -0.19973622E-011
     0.44720000E+001    -0.18772766E-001    -0.19938012E-011    -0.19962414E-011
     0.44800000E+001    -0.18772445E-001    -0.19923429E-011    -0.19946979E-011
     0.44880000E+001    -0.18772119E-001    -0.19912455E-011    -0.19936569E-011
     0.44960000E+001    -0.18771792E-001    -0.19907526E-011    -0.19933499E-011
     0.45040000E+001    -0.18771470E-001    -0.19904391E-011    -0.19931593E-011
     0.45120000E+001    -0.18771157E-001    -0.19898650E-011    -0.19924915E-011
     0.45200000E+001    -0.18770857E-001    -0.19892025E-011    -0.19915904E-011
     0.45280000E+001    -0.18770576E-001    -0.19890490E-011    -0.19912682E-011
     0.45360000E+001    -0.18770317E-001    -0.19896484E-011    -0.19918697E-011
     0.45440000E+001    -0.18770085E-001    -0.19904908E-011    -0.19927560E-011
     0.45520000E+001    -0.18769882E-001    -0.19908109E-011    -0.19929737E-011
     0.45600000E+001    -0.18769712E-001    -0.19904017E-011    -0.19923248E-011
     0.45680000E+001    -0.18769578E-001    -0.19897660E-011    -0.19915399E-011
     0.45760000E+001    -0.18769481E-001    -0.19894278E-011    -0.19913399E-011
     0.45840000E+001    -0.18769423E-001    -0.19892551E-011    -0.19915275E-011
     0.45920000E+001    -0.18769405E-001    -0.19886264E-011    -0.19912190E-011
     0.46000000E+001    -0.18769427E-001    -0.19872418E-011    -0.19899416E-011
     0.46080000E+001    -0.18769489E-001    -0.19855833E-011    -0.19882656E-011
     0.46160000E+001    -0.18769590E-001    -0.19844518E-011    -0.19872001E-011
     0.46240000E+001    -0.18769729E-001    -0.19841315E-011    -0.19870831E-011
     0.46320000E+001    -0.18769903E-001    -0.19841824E-011    -0.19872973E-011
     0.46400000E+001    -0.18770111E-001    -0.19840887E-011    -0.19871287E-011
     0.46480000E+001    -0.18770349E-001    -0.19839504E-011    -0.19866952E-011
     0.46560000E+001    -0.18770614E-001    -0.19843655E-011    -0.19868102E-011
     0.46640000E+001    -0.18770902E-001    -0.19856572E-011    -0.19879638E-011
     0.46720000E+001    -0.18771208E-001    -0.19874067E-011    -0.19896853E-011
     0.46800000E+001    -0.18771528E-001    -0.19888705E-011    -0.19910645E-011
     0.46880000E+001    -0.18771858E-001    -0.19897730E-011    -0.19917801E-011
     0.46960000E+001    -0.18772193E-001    -0.19905096E-011    -0.19923711E-011
     0.47040000E+001    -0.18772527E-001    -0.19915294E-011    -0.19934380E-011
     0.47120000E+001    -0.18772856E-001    -0.19926809E-011    -0.19947892E-011
     0.47200000E+001    -0.18773175E-001    -0.19933408E-011    -0.19956087E-011
     0.47280000E+001    -0.18773479E-001    -0.19931688E-011    -0.19954405E-011
     0.47360000E+001    -0.18773764E-001    -0.19925488E-011    -0.19947641E-011
     0.47440000E+001    -0.18774025E-001    -0.19921586E-011    -0.19944301E-011
     0.47520000E+001    -0.18774258E-001    -0.19921877E-011    -0.19946429E-011
     0.47600000E+001    -0.18774461E-001    -0.19921640E-011    -0.19947465E-011
     0.47680000E+001    -0.18774629E-001    -0.19916012E-011    -0.19940910E-011
     0.47760000E+001    -0.18774761E-001    -0.19906686E-011    -0.19929157E-011
     0.47840000E+001    -0.18774854E-001    -0.19900515E-011    -0.19921505E-011
     0.47920000E+001    -0.18774908E-001    -0.19901615E-011    -0.19923537E-011
     0.48000000E+001    -0.18774920E-001    -0.19906618E-011    -0.19930755E-011
     0.48080000E+001    -0.18774892E-001    -0.19908900E-011    -0.19934243E-011
     0.48160000E+001    -0.18774823E-001    -0.19906666E-011    -0.19931549E-011
     0.48240000E+001    -0.18774714E-001    -0.19905045E-011    -0.19929551E-011
     0.48320000E+001    -0.18774568E-001    -0.19909652E-011    -0.19935822E-011
     0.48400000E+001    -0.18774385E-001    -0.19919486E-011    -0.19948998E-011
     0.48480000E+001    -0.18774168E-001    -0.19927811E-011    -0.19959840E-011
     0.48560000E+001    -0.18773921E-001    -0.19929917E-011    -0.19961682E-011
     0.48640000E+001    -0.18773648E-001    -0.19928300E-011    -0.19957626E-011
     0.48720000E+001    -0.18773352E-001    -0.19929060E-011    -0.19955980E-011
     0.48800000E+001    -0.18773037E-001    -0.19934078E-011    -0.19959761E-011
     0.48880000E+001    -0.18772709E-001    -0.19938603E-011    -0.19963182E-011
     0.48960000E+001    -0.18772372E-001    -0.19937110E-011    -0.19959195E-011
     0.49040000E+001    -0.18772031E-001    -0.19930154E-011    -0.19948604E-011
     0.49120000E+001    -0.18771691E-001    -0.19923770E-011    -0.19939458E-011
     0.49200000E+001    -0.18771358E-001    -0.19922243E-011    -0.19937567E-011
     0.49280000E+001    -0.18771036E-001    -0.19923193E-011    -0.19939901E-011
     0.49360000E+001    -0.18770729E-001    -0.19920984E-011    -0.19938935E-011
     0.49440000E+001    -0.18770444E-001    -0.19914125E-011    -0.19932387E-011
     0.49520000E+001    -0.18770183E-001    -0.19907422E-011    -0.19926148E-011
     0.49600000E+001    -0.18769951E-001    -0.19906159E-011    -0.19926729E-011
     0.49680000E+001    -0.18769751E-001    -0.19909517E-011    -0.19932698E-011
     0.49760000E+001    -0.18769586E-001    -0.19911404E-011    -0.19935908E-011
     0.49840000E+001    -0.18769459E-001    -0.19907783E-011    -0.19931232E-011
     0.49920000E+001    -0.18769372E-001    -0.19901478E-011    -0.19922833E-011
     0.50000000E+001    -0.18769325E-001    -0.19898510E-011    -0.19919098E-011
     0.50080000E+001    -0.18769320E-001    -0.19900422E-011    -0.19922274E-011
     0.50160000E+001    -0.18769357E-001    -0.19902063E-011    -0.19925541E-011
     0.50240000E+001    -0.18769435E-001    -0.19897701E-011    -0.19921294E-011
     0.50320000E+001    -0.18769553E-001    -0.19888107E-011    -0.19910664E-011
     0.50400000E+001    -0.18769709E-001    -0.19879977E-011    -0.19902654E-011
     0.50480000E+001    -0.18769902E-001    -0.19878341E-011    -0.19903781E-011
     0.50560000E+001    -0.18770128E-001    -0.19881120E-011    -0.19910704E-011
     0.50640000E+001    -0.18770385E-001    -0.19882384E-011    -0.19914720E-011
     0.50720000E+001    -0.18770668E-001    -0.19880254E-011    -0.19912671E-011
     0.50800000E+001    -0.18770973E-001    -0.19879758E-011    -0.19911021E-011
     0.50880000E+001    -0.18771296E-001    -0.19887105E-011    -0.19918195E-011
     0.50960000E+001    -0.18771631E-001    -0.19902283E-011    -0.19934466E-011
     0.51040000E+001    -0.18771975E-001    -0.19918890E-011    -0.19951526E-011
     0.51120000E+001    -0.18772322E-001    -0.19931265E-011    -0.19962028E-011
     0.51200000E+001    -0.18772667E-001    -0.19940231E-011    -0.19967415E-011
     0.51280000E+001    -0.18773004E-001    -0.19950592E-011    -0.19974706E-011
     0.51360000E+001    -0.18773328E-001    -0.19963752E-011    -0.19986557E-011
     0.51440000E+001    -0.18773635E-001    -0.19974720E-011    -0.19997026E-011
     0.51520000E+001    -0.18773920E-001    -0.19977272E-011    -0.19998230E-011
     0.51600000E+001    -0.18774179E-001    -0.19970949E-011    -0.19989597E-011
     0.51680000E+001    -0.18774408E-001    -0.19961342E-011    -0.19978312E-011
     0.51760000E+001    -0.18774603E-001    -0.19953397E-011    -0.19970549E-011
     0.51840000E+001    -0.18774762E-001    -0.19946047E-011    -0.19964470E-011
     0.51920000E+001    -0.18774881E-001    -0.19934734E-011    -0.19953652E-011
     0.52000000E+001    -0.18774960E-001    -0.19918545E-011    -0.19936542E-011
     0.52080000E+001    -0.18774997E-001    -0.19902901E-011    -0.19919934E-011
     0.52160000E+001    -0.18774991E-001    -0.19894214E-011    -0.19911843E-011
     0.52240000E+001    -0.18774943E-001    -0.19892922E-011    -0.19912390E-011
     0.52320000E+001    -0.18774853E-001    -0.19893440E-011    -0.19914007E-011
     0.52400000E+001    -0.18774722E-001    -0.19891168E-011    -0.19910890E-011
     0.52480000E+001    -0.18774553E-001    -0.19887987E-011    -0.19906150E-011
     0.52560000E+001    -0.18774347E-001    -0.19889470E-011    -0.19907743E-011
     0.52640000E+001    -0.18774108E-001    -0.19897218E-011    -0.19918032E-011
     0.52720000E+001    -0.18773839E-001    -0.19905827E-011    -0.19929795E-011
     0.52800000E+001    -0.18773544E-001    -0.19908416E-011    -0.19933832E-011
     0.52880000E+001    -0.18773228E-001    -0.19904205E-011    -0.19929205E-011
     0.52960000E+001    -0.18772895E-001    -0.19899011E-011    -0.19923795E-011
     0.53040000E+001    -0.18772551E-001    -0.19898089E-011    -0.19924538E-011
     0.53120000E+001    -0.18772200E-001    -0.19900002E-011    -0.19929162E-011
     0.53200000E+001    -0.18771847E-001    -0.19898915E-011    -0.19929381E-011
     0.53280000E+001    -0.18771499E-001    -0.19892408E-011    -0.19921556E-011
     0.53360000E+001    -0.18771160E-001    -0.19885164E-011    -0.19911788E-011
     0.53440000E+001    -0.18770835E-001    -0.19883943E-011    -0.19909221E-011
     0.53520000E+001    -0.18770530E-001    -0.19889889E-011    -0.19915686E-011
     0.53600000E+001    -0.18770248E-001    -0.19897441E-011    -0.19924097E-011
     0.53680000E+001    -0.18769995E-001    -0.19901022E-011    -0.19927270E-011
     0.53760000E+001    -0.18769774E-001    -0.19901255E-011    -0.19926180E-011
     0.53840000E+001    -0.18769588E-001    -0.19903181E-011    -0.19927659E-011
     0.53920000E+001    -0.18769440E-001    -0.19908922E-011    -0.19934717E-011
     0.54000000E+001    -0.18769333E-001    -0.19914049E-011    -0.19941731E-011
     0.54080000E+001    -0.18769268E-001    -0.19912311E-011    -0.19940615E-011
     0.54160000E+001    -0.18769246E-001    -0.19902981E-011    -0.19930390E-011
     0.54240000E+001    -0.18769267E-001    -0.19891810E-011    -0.19918356E-011
     0.54320000E+001    -0.18769332E-001    -0.19884430E-011    -0.19911443E-011
     0.54400000E+001    -0.18769439E-001    -0.19880343E-011    -0.19908489E-011
     0.54480000E+001    -0.18769587E-001    -0.19874861E-011    -0.19902998E-011
     0.54560000E+001    -0.18769773E-001    -0.19866465E-011    -0.19892847E-011
     0.54640000E+001    -0.18769994E-001    -0.19860245E-011    -0.19884643E-011
     0.54720000E+001    -0.18770249E-001    -0.19862860E-011    -0.19886908E-011
     0.54800000E+001    -0.18770531E-001    -0.19874976E-011    -0.19900167E-011
     0.54880000E+001    -0.18770838E-001    -0.19890402E-011    -0.19916091E-011
     0.54960000E+001    -0.18771165E-001    -0.19903062E-011    -0.19926934E-011
     0.55040000E+001    -0.18771506E-001    -0.19913362E-011    -0.19933904E-011
     0.55120000E+001    -0.18771858E-001    -0.19926227E-011    -0.19944317E-011
     0.55200000E+001    -0.18772213E-001    -0.19943341E-011    -0.19961071E-011
     0.55280000E+001    -0.18772567E-001    -0.19959247E-011    -0.19977419E-011
     0.55360000E+001    -0.18772915E-001    -0.19966330E-011    -0.19983637E-011
     0.55440000E+001    -0.18773252E-001    -0.19962801E-011    -0.19977687E-011
     0.55520000E+001    -0.18773571E-001    -0.19954103E-011    -0.19967056E-011
     0.55600000E+001    -0.18773870E-001    -0.19946122E-011    -0.19959654E-011
     0.55680000E+001    -0.18774142E-001    -0.19938531E-011    -0.19954855E-011
     0.55760000E+001    -0.18774384E-001    -0.19926293E-011    -0.19945431E-011
     0.55840000E+001    -0.18774592E-001    -0.19907282E-011    -0.19927736E-011
     0.55920000E+001    -0.18774764E-001    -0.19886487E-011    -0.19907490E-011
     0.56000000E+001    -0.18774896E-001    -0.19871506E-011    -0.19894062E-011
     0.56080000E+001    -0.18774987E-001    -0.19864777E-011    -0.19890310E-011
     0.56160000E+001    -0.18775034E-001    -0.19861932E-011    -0.19890335E-011
     0.56240000E+001    -0.18775039E-001    -0.19858108E-011    -0.19887662E-011
     0.56320000E+001    -0.18774999E-001    -0.19854264E-011    -0.19883513E-011
     0.56400000E+001    -0.18774917E-001    -0.19855694E-011    -0.19884902E-011
     0.56480000E+001    -0.18774792E-001    -0.19864675E-011    -0.19895077E-011
     0.56560000E+001    -0.18774628E-001    -0.19876537E-011    -0.19908380E-011
     0.56640000E+001    -0.18774426E-001    -0.19884213E-011    -0.19916114E-011
     0.56720000E+001    -0.18774190E-001    -0.19885817E-011    -0.19916311E-011
     0.56800000E+001    -0.18773923E-001    -0.19885979E-011    -0.19915312E-011
     0.56880000E+001    -0.18773629E-001    -0.19889363E-011    -0.19919194E-011
     0.56960000E+001    -0.18773312E-001    -0.19894420E-011    -0.19925684E-011
     0.57040000E+001    -0.18772978E-001    -0.19895188E-011    -0.19926697E-011
     0.57120000E+001    -0.18772631E-001    -0.19888973E-011    -0.19918562E-011
     0.57200000E+001    -0.18772277E-001    -0.19880400E-011    -0.19907301E-011
     0.57280000E+001    -0.18771921E-001    -0.19876655E-011    -0.19902230E-011
     0.57360000E+001    -0.18771568E-001    -0.19879551E-011    -0.19905430E-011
     0.57440000E+001    -0.18771224E-001    -0.19884000E-011    -0.19909818E-011
     0.57520000E+001    -0.18770893E-001    -0.19884718E-011    -0.19908233E-011
     0.57600000E+001    -0.18770582E-001    -0.19882962E-011    -0.19902502E-011
     0.57680000E+001    -0.18770294E-001    -0.19885048E-011    -0.19901476E-011
     0.57760000E+001    -0.18770034E-001    -0.19894490E-011    -0.19910392E-011
     0.57840000E+001    -0.18769806E-001    -0.19907341E-011    -0.19924439E-011
     0.57920000E+001    -0.18769613E-001    -0.19916428E-011    -0.19934251E-011
     0.58000000E+001    -0.18769458E-001    -0.19919307E-011    -0.19936574E-011
     0.58080000E+001    -0.18769343E-001    -0.19920316E-011    -0.19937215E-011
     0.58160000E+001    -0.18769270E-001    -0.19924407E-011    -0.19942935E-011
     0.58240000E+001    -0.18769240E-001    -0.19930439E-011    -0.19952399E-011
     0.58320000E+001    -0.18769254E-001    -0.19932182E-011    -0.19957232E-011
     0.58400000E+001    -0.18769311E-001    -0.19925709E-011    -0.19951776E-011
     0.58480000E+001    -0.18769411E-001    -0.19914084E-011    -0.19939513E-011
     0.58560000E+001    -0.18769551E-001    -0.19903677E-011    -0.19928502E-011
     0.58640000E+001    -0.18769730E-001    -0.19896783E-011    -0.19921736E-011
     0.58720000E+001    -0.18769946E-001    -0.19889696E-011    -0.19914451E-011
     0.58800000E+001    -0.18770194E-001    -0.19878495E-011    -0.19901555E-011
     0.58880000E+001    -0.18770472E-001    -0.19865220E-011    -0.19885671E-011
     0.58960000E+001    -0.18770774E-001    -0.19856613E-011    -0.19875519E-011
     0.59040000E+001    -0.18771097E-001    -0.19856870E-011    -0.19876439E-011
     0.59120000E+001    -0.18771436E-001    -0.19863262E-011    -0.19884695E-011
     0.59200000E+001    -0.18771785E-001    -0.19870020E-011    -0.19892630E-011
     0.59280000E+001    -0.18772140E-001    -0.19875613E-011    -0.19898278E-011
     0.59360000E+001    -0.18772495E-001    -0.19884367E-011    -0.19907436E-011
     0.59440000E+001    -0.18772844E-001    -0.19900334E-011    -0.19925481E-011
     0.59520000E+001    -0.18773182E-001    -0.19920955E-011    -0.19949021E-011
     0.59600000E+001    -0.18773505E-001    -0.19938487E-011    -0.19967928E-011
     0.59680000E+001    -0.18773807E-001    -0.19947687E-011    -0.19975703E-011
     0.59760000E+001    -0.18774084E-001    -0.19950564E-011    -0.19975780E-011
     0.59840000E+001    -0.18774332E-001    -0.19952523E-011    -0.19976164E-011
     0.59920000E+001    -0.18774547E-001    -0.19954698E-011    -0.19978902E-011
     0.60000000E+001    -0.18774726E-001    -0.19951918E-011    -0.19977204E-011
     0.60080000E+001    -0.18774866E-001    -0.19938891E-011    -0.19963780E-011
     0.60160000E+001    -0.18774965E-001    -0.19917123E-011    -0.19940297E-011
     0.60240000E+001    -0.18775021E-001    -0.19894174E-011    -0.19916511E-011
     0.60320000E+001    -0.18775035E-001    -0.19876087E-011    -0.19900073E-011
     0.60400000E+001    -0.18775005E-001    -0.19862061E-011    -0.19889226E-011
     0.60480000E+001    -0.18774932E-001    -0.19847568E-011    -0.19876943E-011
     0.60560000E+001    -0.18774817E-001    -0.19831794E-011    -0.19861115E-011
     0.60640000E+001    -0.18774661E-001    -0.19820099E-011    -0.19848206E-011
     0.60720000E+001    -0.18774468E-001    -0.19818420E-011    -0.19845993E-011
     0.60800000E+001    -0.18774240E-001    -0.19826429E-011    -0.19854355E-011
     0.60880000E+001    -0.18773980E-001    -0.19837778E-011    -0.19865362E-011
     0.60960000E+001    -0.18773692E-001    -0.19847050E-011    -0.19872367E-011
     0.61040000E+001    -0.18773381E-001    -0.19854928E-011    -0.19876866E-011
     0.61120000E+001    -0.18773051E-001    -0.19865458E-011    -0.19884904E-011
     0.61200000E+001    -0.18772707E-001    -0.19879127E-011    -0.19897848E-011
     0.61280000E+001    -0.18772355E-001    -0.19890628E-011    -0.19909306E-011
     0.61360000E+001    -0.18771999E-001    -0.19894295E-011    -0.19912213E-011
     0.61440000E+001    -0.18771645E-001    -0.19890631E-011    -0.19907358E-011
     0.61520000E+001    -0.18771298E-001    -0.19885860E-011    -0.19902699E-011
     0.61600000E+001    -0.18770964E-001    -0.19884981E-011    -0.19904162E-011
     0.61680000E+001    -0.18770648E-001    -0.19886745E-011    -0.19909180E-011
     0.61760000E+001    -0.18770354E-001    -0.19886625E-011    -0.19910942E-011
     0.61840000E+001    -0.18770087E-001    -0.19883927E-011    -0.19908044E-011
     0.61920000E+001    -0.18769851E-001    -0.19884032E-011    -0.19907433E-011
     0.62000000E+001    -0.18769649E-001    -0.19892691E-011    -0.19916673E-011
     0.62080000E+001    -0.18769484E-001    -0.19909130E-011    -0.19934712E-011
     0.62160000E+001    -0.18769360E-001    -0.19926373E-011    -0.19952474E-011
     0.62240000E+001    -0.18769278E-001    -0.19938495E-011    -0.19962720E-011
     0.62320000E+001    -0.18769238E-001    -0.19946153E-011    -0.19967389E-011
     0.62400000E+001    -0.18769243E-001    -0.19953843E-011    -0.19973646E-011
     0.62480000E+001    -0.18769291E-001    -0.19962452E-011    -0.19983558E-011
     0.62560000E+001    -0.18769381E-001    -0.19966433E-011    -0.19990103E-011
     0.62640000E+001    -0.18769514E-001    -0.19959274E-011    -0.19984508E-011
     0.62720000E+001    -0.18769686E-001    -0.19940777E-011    -0.19966146E-011
     0.62800000E+001    -0.18769895E-001    -0.19917427E-011    -0.19943135E-011
     0.62880000E+001    -0.18770137E-001    -0.19895461E-011    -0.19923117E-011
     0.62960000E+001    -0.18770410E-001    -0.19875055E-011    -0.19905481E-011
     0.63040000E+001    -0.18770709E-001    -0.19852508E-011    -0.19884315E-011
     0.63120000E+001    -0.18771030E-001    -0.19827378E-011    -0.19858071E-011
     0.63200000E+001    -0.18771367E-001    -0.19805513E-011    -0.19833774E-011
     0.63280000E+001    -0.18771717E-001    -0.19793978E-011    -0.19820447E-011
     0.63360000E+001    -0.18772072E-001    -0.19793950E-011    -0.19819728E-011
     0.63440000E+001    -0.18772429E-001    -0.19800154E-011    -0.19825078E-011
     0.63520000E+001    -0.18772782E-001    -0.19807409E-011    -0.19830314E-011
     0.63600000E+001    -0.18773125E-001    -0.19816169E-011    -0.19836742E-011
     0.63680000E+001    -0.18773453E-001    -0.19830320E-011    -0.19850077E-011
     0.63760000E+001    -0.18773762E-001    -0.19850172E-011    -0.19871158E-011
     0.63840000E+001    -0.18774046E-001    -0.19869631E-011    -0.19892344E-011
     0.63920000E+001    -0.18774301E-001    -0.19881444E-011    -0.19904532E-011
     0.64000000E+001    -0.18774524E-001    -0.19884348E-011    -0.19906497E-011
     0.64080000E+001    -0.18774711E-001    -0.19883499E-011    -0.19905209E-011
     0.64160000E+001    -0.18774859E-001    -0.19883659E-011    -0.19906673E-011
     0.64240000E+001    -0.18774966E-001    -0.19883489E-011    -0.19908537E-011
     0.64320000E+001    -0.18775031E-001    -0.19877955E-011    -0.19903597E-011
     0.64400000E+001    -0.18775051E-001    -0.19865806E-011    -0.19889913E-011
     0.64480000E+001    -0.18775028E-001    -0.19852792E-011    -0.19874986E-011
     0.64560000E+001    -0.18774961E-001    -0.19846366E-011    -0.19868518E-011
     0.64640000E+001    -0.18774851E-001    -0.19848056E-011    -0.19872185E-011
     0.64720000E+001    -0.18774700E-001    -0.19852646E-011    -0.19878669E-011
     0.64800000E+001    -0.18774511E-001    -0.19855060E-011    -0.19881022E-011
     0.64880000E+001    -0.18774285E-001    -0.19856557E-011    -0.19881008E-011
     0.64960000E+001    -0.18774027E-001    -0.19862731E-011    -0.19886408E-011
     0.65040000E+001    -0.18773740E-001    -0.19875889E-011    -0.19900729E-011
     0.65120000E+001    -0.18773429E-001    -0.19891235E-011    -0.19917985E-011
     0.65200000E+001    -0.18773098E-001    -0.19901601E-011    -0.19928895E-011
     0.65280000E+001    -0.18772753E-001    -0.19904999E-011    -0.19930935E-011
     0.65360000E+001    -0.18772398E-001    -0.19905881E-011    -0.19930117E-011
     0.65440000E+001    -0.18772040E-001    -0.19908758E-011    -0.19932613E-011
     0.65520000E+001    -0.18771683E-001    -0.19912164E-011    -0.19936744E-011
     0.65600000E+001    -0.18771333E-001    -0.19910412E-011    -0.19935165E-011
     0.65680000E+001    -0.18770996E-001    -0.19900869E-011    -0.19924335E-011
     0.65760000E+001    -0.18770676E-001    -0.19887669E-011    -0.19909415E-011
     0.65840000E+001    -0.18770379E-001    -0.19877236E-011    -0.19898487E-011
     0.65920000E+001    -0.18770108E-001    -0.19871131E-011    -0.19893329E-011
     0.66000000E+001    -0.18769868E-001    -0.19865069E-011    -0.19888205E-011
     0.66080000E+001    -0.18769662E-001    -0.19855239E-011    -0.19878107E-011
     0.66160000E+001    -0.18769494E-001    -0.19844002E-011    -0.19866069E-011
     0.66240000E+001    -0.18769366E-001    -0.19837745E-011    -0.19860218E-011
     0.66320000E+001    -0.18769280E-001    -0.19839423E-011    -0.19864043E-011
     0.66400000E+001    -0.18769237E-001    -0.19844995E-011    -0.19871933E-011
     0.66480000E+001    -0.18769237E-001    -0.19848248E-011    -0.19875720E-011
     0.66560000E+001    -0.18769282E-001    -0.19848178E-011    -0.19874377E-011
     0.66640000E+001    -0.18769370E-001    -0.19849840E-011    -0.19874935E-011
     0.66720000E+001    -0.18769499E-001    -0.19857562E-011    -0.19883330E-011
     0.66800000E+001    -0.18769668E-001    -0.19868833E-011    -0.19896302E-011
     0.66880000E+001    -0.18769875E-001    -0.19876458E-011    -0.19904394E-011
     0.66960000E+001    -0.18770115E-001    -0.19876503E-011    -0.19902597E-011
     0.67040000E+001    -0.18770386E-001    -0.19872431E-011    -0.19895836E-011
     0.67120000E+001    -0.18770684E-001    -0.19870443E-011    -0.19892663E-011
     0.67200000E+001    -0.18771003E-001    -0.19871738E-011    -0.19894799E-011
     0.67280000E+001    -0.18771339E-001    -0.19871149E-011    -0.19895212E-011
     0.67360000E+001    -0.18771688E-001    -0.19863784E-011    -0.19887000E-011
     0.67440000E+001    -0.18772043E-001    -0.19851548E-011    -0.19872272E-011
     0.67520000E+001    -0.18772399E-001    -0.19841606E-011    -0.19860317E-011
     0.67600000E+001    -0.18772751E-001    -0.19838666E-011    -0.19857399E-011
     0.67680000E+001    -0.18773094E-001    -0.19840453E-011    -0.19860561E-011
     0.67760000E+001    -0.18773422E-001    -0.19841662E-011    -0.19862648E-011
     0.67840000E+001    -0.18773731E-001    -0.19841273E-011    -0.19862007E-011
     0.67920000E+001    -0.18774016E-001    -0.19844109E-011    -0.19864769E-011
     0.68000000E+001    -0.18774272E-001    -0.19854732E-011    -0.19877002E-011
     0.68080000E+001    -0.18774496E-001    -0.19871289E-011    -0.19896578E-011
     0.68160000E+001    -0.18774684E-001    -0.19886937E-011    -0.19914849E-011
     0.68240000E+001    -0.18774833E-001    -0.19897095E-011    -0.19926019E-011
     0.68320000E+001    -0.18774942E-001    -0.19903649E-011    -0.19932661E-011
     0.68400000E+001    -0.18775009E-001    -0.19911082E-011    -0.19940730E-011
     0.68480000E+001    -0.18775033E-001    -0.19919573E-011    -0.19950577E-011
     0.68560000E+001    -0.18775013E-001    -0.19923833E-011    -0.19955440E-011
     0.68640000E+001    -0.18774950E-001    -0.19919289E-011    -0.19949534E-011
     0.68720000E+001    -0.18774844E-001    -0.19908033E-011    -0.19935751E-011
     0.68800000E+001    -0.18774698E-001    -0.19897051E-011    -0.19923217E-011
     0.68880000E+001    -0.18774513E-001    -0.19890750E-011    -0.19917375E-011
     0.68960000E+001    -0.18774293E-001    -0.19886810E-011    -0.19914605E-011
     0.69040000E+001    -0.18774040E-001    -0.19880354E-011    -0.19907924E-011
     0.69120000E+001    -0.18773759E-001    -0.19871199E-011    -0.19896764E-011
     0.69200000E+001    -0.18773453E-001    -0.19865142E-011    -0.19888704E-011
     0.69280000E+001    -0.18773128E-001    -0.19867500E-011    -0.19890788E-011
     0.69360000E+001    -0.18772788E-001    -0.19876713E-011    -0.19900917E-011
     0.69440000E+001    -0.18772438E-001    -0.19885820E-011    -0.19909821E-011
     0.69520000E+001    -0.18772084E-001    -0.19890105E-011    -0.19911397E-011
     0.69600000E+001    -0.18771730E-001    -0.19891754E-011    -0.19909065E-011
     0.69680000E+001    -0.18771383E-001    -0.19896028E-011    -0.19910627E-011
     0.69760000E+001    -0.18771047E-001    -0.19903821E-011    -0.19918061E-011
     0.69840000E+001    -0.18770728E-001    -0.19909804E-011    -0.19924719E-011
     0.69920000E+001    -0.18770430E-001    -0.19908450E-011    -0.19923239E-011
     0.70000000E+001    -0.18770158E-001    -0.19900603E-011    -0.19914467E-011
     0.70080000E+001    -0.18769916E-001    -0.19892615E-011    -0.19906566E-011
     0.70160000E+001    -0.18769708E-001    -0.19889178E-011    -0.19905550E-011
     0.70240000E+001    -0.18769536E-001    -0.19888581E-011    -0.19908850E-011
     0.70320000E+001    -0.18769403E-001    -0.19885997E-011    -0.19909552E-011
     0.70400000E+001    -0.18769312E-001    -0.19880489E-011    -0.19905753E-011
     0.70480000E+001    -0.18769262E-001    -0.19876902E-011    -0.19903313E-011
     0.70560000E+001    -0.18769257E-001    -0.19880246E-011    -0.19908595E-011
     0.70640000E+001    -0.18769294E-001    -0.19889472E-011    -0.19920270E-011
     0.70720000E+001    -0.18769374E-001    -0.19898346E-011    -0.19930408E-011
     0.70800000E+001    -0.18769496E-001    -0.19902368E-011    -0.19933540E-011
     0.70880000E+001    -0.18769657E-001    -0.19903295E-011    -0.19932535E-011
     0.70960000E+001    -0.18769856E-001    -0.19905787E-011    -0.19934030E-011
     0.71040000E+001    -0.18770089E-001    -0.19910498E-011    -0.19939196E-011
     0.71120000E+001    -0.18770353E-001    -0.19912336E-011    -0.19941463E-011
     0.71200000E+001    -0.18770644E-001    -0.19906261E-011    -0.19934294E-011
     0.71280000E+001    -0.18770957E-001    -0.19893618E-011    -0.19919586E-011
     0.71360000E+001    -0.18771288E-001    -0.19881194E-011    -0.19906266E-011
     0.71440000E+001    -0.18771632E-001    -0.19873994E-011    -0.19900515E-011
     0.71520000E+001    -0.18771984E-001    -0.19870403E-011    -0.19899372E-011
     0.71600000E+001    -0.18772338E-001    -0.19865502E-011    -0.19895424E-011
     0.71680000E+001    -0.18772689E-001    -0.19858345E-011    -0.19886832E-011
     0.71760000E+001    -0.18773032E-001    -0.19854170E-011    -0.19880413E-011
     0.71840000E+001    -0.18773362E-001    -0.19858692E-011    -0.19883905E-011
     0.71920000E+001    -0.18773673E-001    -0.19871341E-011    -0.19896749E-011
     0.72000000E+001    -0.18773961E-001    -0.19885638E-011    -0.19910523E-011
     0.72080000E+001    -0.18774222E-001    -0.19896276E-011    -0.19918500E-011
     0.72160000E+001    -0.18774451E-001    -0.19904382E-011    -0.19922797E-011
     0.72240000E+001    -0.18774646E-001    -0.19914747E-011    -0.19930637E-011
     0.72320000E+001    -0.18774803E-001    -0.19928662E-011    -0.19944543E-011
     0.72400000E+001    -0.18774920E-001    -0.19941276E-011    -0.19958545E-011
     0.72480000E+001    -0.18774995E-001    -0.19946748E-011    -0.19964914E-011
     0.72560000E+001    -0.18775027E-001    -0.19944896E-011    -0.19963088E-011
     0.72640000E+001    -0.18775015E-001    -0.19941208E-011    -0.19959859E-011
     0.72720000E+001    -0.18774960E-001    -0.19940280E-011    -0.19960796E-011
     0.72800000E+001    -0.18774863E-001    -0.19940756E-011    -0.19963633E-011
     0.72880000E+001    -0.18774724E-001    -0.19937902E-011    -0.19961730E-011
     0.72960000E+001    -0.18774546E-001    -0.19930456E-011    -0.19953160E-011
     0.73040000E+001    -0.18774332E-001    -0.19923089E-011    -0.19943946E-011
     0.73120000E+001    -0.18774084E-001    -0.19921264E-011    -0.19941259E-011
     0.73200000E+001    -0.18773807E-001    -0.19924772E-011    -0.19944930E-011
     0.73280000E+001    -0.18773505E-001    -0.19927908E-011    -0.19947815E-011
     0.73360000E+001    -0.18773182E-001    -0.19926180E-011    -0.19944648E-011
     0.73440000E+001    -0.18772844E-001    -0.19921320E-011    -0.19938430E-011
     0.73520000E+001    -0.18772495E-001    -0.19918458E-011    -0.19936334E-011
     0.73600000E+001    -0.18772140E-001    -0.19918961E-011    -0.19940091E-011
     0.73680000E+001    -0.18771785E-001    -0.19917904E-011    -0.19942809E-011
     0.73760000E+001    -0.18771436E-001    -0.19909515E-011    -0.19936508E-011
     0.73840000E+001    -0.18771097E-001    -0.19894143E-011    -0.19921474E-011
     0.73920000E+001    -0.18770774E-001    -0.19878249E-011    -0.19906101E-011
     0.74000000E+001    -0.18770471E-001    -0.19867348E-011    -0.19897294E-011
     0.74080000E+001    -0.18770194E-001    -0.19860362E-011    -0.19892974E-011
     0.74160000E+001    -0.18769946E-001    -0.19852153E-011    -0.19885675E-011
     0.74240000E+001    -0.18769731E-001    -0.19841018E-011    -0.19872786E-011
     0.74320000E+001    -0.18769552E-001    -0.19831884E-011    -0.19860884E-011
     0.74400000E+001    -0.18769413E-001    -0.19831193E-011    -0.19858797E-011
     0.74480000E+001    -0.18769314E-001    -0.19839625E-011    -0.19867729E-011
     0.74560000E+001    -0.18769258E-001    -0.19851432E-011    -0.19880255E-011
     0.74640000E+001    -0.18769246E-001    -0.19861127E-011    -0.19889221E-011
     0.74720000E+001    -0.18769277E-001    -0.19869375E-011    -0.19895664E-011
     0.74800000E+001    -0.18769352E-001    -0.19881025E-011    -0.19906281E-011
     0.74880000E+001    -0.18769469E-001    -0.19897958E-011    -0.19923931E-011
     0.74960000E+001    -0.18769626E-001    -0.19915665E-011    -0.19943010E-011
     0.75040000E+001    -0.18769821E-001    -0.19927847E-011    -0.19955394E-011
     0.75120000E+001    -0.18770051E-001    -0.19933325E-011    -0.19959506E-011
     0.75200000E+001    -0.18770313E-001    -0.19936771E-011    -0.19961327E-011
     0.75280000E+001    -0.18770603E-001    -0.19942436E-011    -0.19966280E-011
     0.75360000E+001    -0.18770916E-001    -0.19948705E-011    -0.19972212E-011
     0.75440000E+001    -0.18771247E-001    -0.19950224E-011    -0.19972251E-011
     0.75520000E+001    -0.18771592E-001    -0.19944925E-011    -0.19963924E-011
     0.75600000E+001    -0.18771945E-001    -0.19937119E-011    -0.19953031E-011
     0.75680000E+001    -0.18772301E-001    -0.19932696E-011    -0.19947229E-011
     0.75760000E+001    -0.18772655E-001    -0.19932281E-011    -0.19947142E-011
     0.75840000E+001    -0.18773001E-001    -0.19930814E-011    -0.19946042E-011
     0.75920000E+001    -0.18773333E-001    -0.19924168E-011    -0.19938641E-011
     0.76000000E+001    -0.18773648E-001    -0.19914638E-011    -0.19928175E-011
     0.76080000E+001    -0.18773939E-001    -0.19908462E-011    -0.19922875E-011
     0.76160000E+001    -0.18774203E-001    -0.19908302E-011    -0.19925939E-011
     0.76240000E+001    -0.18774436E-001    -0.19909900E-011    -0.19931287E-011
     0.76320000E+001    -0.18774634E-001    -0.19907134E-011    -0.19930491E-011
     0.76400000E+001    -0.18774794E-001    -0.19899377E-011    -0.19922674E-011
     0.76480000E+001    -0.18774914E-001    -0.19892222E-011    -0.19915394E-011
     0.76560000E+001    -0.18774992E-001    -0.19890666E-011    -0.19915441E-011
     0.76640000E+001    -0.18775027E-001    -0.19893033E-011    -0.19920652E-011
     0.76720000E+001    -0.18775019E-001    -0.19893050E-011    -0.19922629E-011
     0.76800000E+001    -0.18774967E-001    -0.19887522E-011    -0.19917011E-011
     0.76880000E+001    -0.18774872E-001    -0.19880238E-011    -0.19908780E-011
     0.76960000E+001    -0.18774736E-001    -0.19877412E-011    -0.19906254E-011
     0.77040000E+001    -0.18774560E-001    -0.19880276E-011    -0.19911179E-011
     0.77120000E+001    -0.18774349E-001    -0.19883864E-011    -0.19916933E-011
     0.77200000E+001    -0.18774103E-001    -0.19883378E-011    -0.19916869E-011
     0.77280000E+001    -0.18773828E-001    -0.19880223E-011    -0.19912419E-011
     0.77360000E+001    -0.18773528E-001    -0.19880322E-011    -0.19911121E-011
     0.77440000E+001    -0.18773206E-001    -0.19886873E-011    -0.19917228E-011
     0.77520000E+001    -0.18772869E-001    -0.19896470E-011    -0.19926554E-011
     0.77600000E+001    -0.18772521E-001    -0.19903309E-011    -0.19931830E-011
     0.77680000E+001    -0.18772167E-001    -0.19906141E-011    -0.19931711E-011
     0.77760000E+001    -0.18771813E-001    -0.19909303E-011    -0.19932134E-011
     0.77840000E+001    -0.18771464E-001    -0.19916598E-011    -0.19938330E-011
     0.77920000E+001    -0.18771125E-001    -0.19925663E-011    -0.19947500E-011
     0.78000000E+001    -0.18770802E-001    -0.19929962E-011    -0.19951412E-011
     0.78080000E+001    -0.18770499E-001    -0.19926079E-011    -0.19945900E-011
     0.78160000E+001    -0.18770222E-001    -0.19917410E-011    -0.19935577E-011
     0.78240000E+001    -0.18769973E-001    -0.19909758E-011    -0.19927946E-011
     0.78320000E+001    -0.18769758E-001    -0.19904311E-011    -0.19924177E-011
     0.78400000E+001    -0.18769578E-001    -0.19896730E-011    -0.19918030E-011
     0.78480000E+001    -0.18769437E-001    -0.19883530E-011    -0.19904449E-011
     0.78560000E+001    -0.18769337E-001    -0.19867857E-011    -0.19887266E-011
     0.78640000E+001    -0.18769279E-001    -0.19857393E-011    -0.19876378E-011
     0.78720000E+001    -0.18769264E-001    -0.19856670E-011    -0.19877464E-011
     0.78800000E+001    -0.18769292E-001    -0.19862943E-011    -0.19886458E-011
     0.78880000E+001    -0.18769363E-001    -0.19870455E-011    -0.19895325E-011
     0.78960000E+001    -0.18769476E-001    -0.19877749E-011    -0.19901982E-011
     0.79040000E+001    -0.18769629E-001    -0.19889031E-011    -0.19912277E-011
     0.79120000E+001    -0.18769820E-001    -0.19907983E-011    -0.19931725E-011
     0.79200000E+001    -0.18770045E-001    -0.19931686E-011    -0.19957190E-011
     0.79280000E+001    -0.18770302E-001    -0.19952235E-011    -0.19978765E-011
     0.79360000E+001    -0.18770586E-001    -0.19964208E-011    -0.19989668E-011
     0.79440000E+001    -0.18770893E-001    -0.19969111E-011    -0.19992289E-011
     0.79520000E+001    -0.18771219E-001    -0.19971691E-011    -0.19993423E-011
     0.79600000E+001    -0.18771559E-001    -0.19972965E-011    -0.19994919E-011
     0.79680000E+001    -0.18771908E-001    -0.19968686E-011    -0.19991359E-011
     0.79760000E+001    -0.18772260E-001    -0.19955096E-011    -0.19977507E-011
     0.79840000E+001    -0.18772610E-001    -0.19934747E-011    -0.19956078E-011
     0.79920000E+001    -0.18772953E-001    -0.19915063E-011    -0.19936081E-011
     0.80000000E+001    -0.18773283E-001    -0.19901270E-011    -0.19923680E-011
     0.80080000E+001    -0.18773597E-001    -0.19892191E-011    -0.19916717E-011
     0.80160000E+001    -0.18773888E-001    -0.19883841E-011    -0.19909466E-011
     0.80240000E+001    -0.18774154E-001    -0.19876069E-011    -0.19901426E-011
     0.80320000E+001    -0.18774388E-001    -0.19873784E-011    -0.19898941E-011
     0.80400000E+001    -0.18774589E-001    -0.19881082E-011    -0.19907435E-011
     0.80480000E+001    -0.18774753E-001    -0.19895463E-011    -0.19923790E-011
     0.80560000E+001    -0.18774878E-001    -0.19909452E-011    -0.19938542E-011
     0.80640000E+001    -0.18774961E-001    -0.19917875E-011    -0.19945551E-011
     0.80720000E+001    -0.18775002E-001    -0.19922165E-011    -0.19947587E-011
     0.80800000E+001    -0.18775000E-001    -0.19926651E-011    -0.19951136E-011
     0.80880000E+001    -0.18774955E-001    -0.19931592E-011    -0.19956907E-011
     0.80960000E+001    -0.18774867E-001    -0.19931721E-011    -0.19957860E-011
     0.81040000E+001    -0.18774738E-001    -0.19922277E-011    -0.19947420E-011
     0.81120000E+001    -0.18774571E-001    -0.19905272E-011    -0.19928006E-011
     0.81200000E+001    -0.18774366E-001    -0.19888282E-011    -0.19909456E-011
     0.81280000E+001    -0.18774128E-001    -0.19877063E-011    -0.19899008E-011
     0.81360000E+001    -0.18773860E-001    -0.19870675E-011    -0.19894679E-011
     0.81440000E+001    -0.18773566E-001    -0.19864729E-011    -0.19889697E-011
     0.81520000E+001    -0.18773251E-001    -0.19858446E-011    -0.19882254E-011
     0.81600000E+001    -0.18772918E-001    -0.19856732E-011    -0.19878581E-011
     0.81680000E+001    -0.18772575E-001    -0.19864663E-011    -0.19885667E-011
     0.81760000E+001    -0.18772224E-001    -0.19881128E-011    -0.19902576E-011
     0.81840000E+001    -0.18771872E-001    -0.19899400E-011    -0.19920969E-011
     0.81920000E+001    -0.18771525E-001    -0.19913953E-011    -0.19934089E-011
     0.82000000E+001    -0.18771186E-001    -0.19925307E-011    -0.19943263E-011
     0.82080000E+001    -0.18770862E-001    -0.19937263E-011    -0.19954264E-011
     0.82160000E+001    -0.18770557E-001    -0.19950274E-011    -0.19968419E-011
     0.82240000E+001    -0.18770276E-001    -0.19959398E-011    -0.19979696E-011
     0.82320000E+001    -0.18770023E-001    -0.19959472E-011    -0.19981408E-011
     0.82400000E+001    -0.18769802E-001    -0.19951136E-011    -0.19974138E-011
     0.82480000E+001    -0.18769616E-001    -0.19940246E-011    -0.19964993E-011
     0.82560000E+001    -0.18769468E-001    -0.19931353E-011    -0.19959103E-011
     0.82640000E+001    -0.18769360E-001    -0.19923232E-011    -0.19953937E-011
     0.82720000E+001    -0.18769293E-001    -0.19911917E-011    -0.19943565E-011
     0.82800000E+001    -0.18769270E-001    -0.19897346E-011    -0.19927545E-011
     0.82880000E+001    -0.18769289E-001    -0.19885195E-011    -0.19913235E-011
     0.82960000E+001    -0.18769352E-001    -0.19881352E-011    -0.19908294E-011
     0.83040000E+001    -0.18769457E-001    -0.19885595E-011    -0.19912313E-011
     0.83120000E+001    -0.18769602E-001    -0.19892225E-011    -0.19917854E-011
     0.83200000E+001    -0.18769786E-001    -0.19896937E-011    -0.19919738E-011
     0.83280000E+001    -0.18770005E-001    -0.19901595E-011    -0.19921271E-011
     0.83360000E+001    -0.18770256E-001    -0.19911091E-011    -0.19929714E-011
     0.83440000E+001    -0.18770536E-001    -0.19926129E-011    -0.19946402E-011
     0.83520000E+001    -0.18770840E-001    -0.19940879E-011    -0.19963608E-011
     0.83600000E+001    -0.18771164E-001    -0.19948534E-011    -0.19972203E-011
     0.83680000E+001    -0.18771503E-001    -0.19948223E-011    -0.19971078E-011
     0.83760000E+001    -0.18771852E-001    -0.19945028E-011    -0.19967168E-011
     0.83840000E+001    -0.18772204E-001    -0.19943174E-011    -0.19966218E-011
     0.83920000E+001    -0.18772556E-001    -0.19940738E-011    -0.19965576E-011
     0.84000000E+001    -0.18772902E-001    -0.19932254E-011    -0.19957676E-011
     0.84080000E+001    -0.18773236E-001    -0.19915934E-011    -0.19939800E-011
     0.84160000E+001    -0.18773554E-001    -0.19896636E-011    -0.19918155E-011
     0.84240000E+001    -0.18773850E-001    -0.19880928E-011    -0.19901377E-011
     0.84320000E+001    -0.18774120E-001    -0.19870296E-011    -0.19891413E-011
     0.84400000E+001    -0.18774360E-001    -0.19860694E-011    -0.19882822E-011
     0.84480000E+001    -0.18774567E-001    -0.19848798E-011    -0.19870989E-011
     0.84560000E+001    -0.18774738E-001    -0.19837103E-011    -0.19858873E-011
     0.84640000E+001    -0.18774869E-001    -0.19831526E-011    -0.19853920E-011
     0.84720000E+001    -0.18774959E-001    -0.19834476E-011    -0.19859045E-011
     0.84800000E+001    -0.18775006E-001    -0.19841992E-011    -0.19868951E-011
     0.84880000E+001    -0.18775010E-001    -0.19848458E-011    -0.19876379E-011
     0.84960000E+001    -0.18774971E-001    -0.19853071E-011    -0.19880490E-011
     0.85040000E+001    -0.18774889E-001    -0.19860039E-011    -0.19886973E-011
     0.85120000E+001    -0.18774765E-001    -0.19872293E-011    -0.19899739E-011
     0.85200000E+001    -0.18774602E-001    -0.19886616E-011    -0.19914663E-011
     0.85280000E+001    -0.18774401E-001    -0.19896421E-011    -0.19923440E-011
     0.85360000E+001    -0.18774166E-001    -0.19898955E-011    -0.19923067E-011
     0.85440000E+001    -0.18773900E-001    -0.19898168E-011    -0.19919352E-011
     0.85520000E+001    -0.18773608E-001    -0.19899668E-011    -0.19919959E-011
     0.85600000E+001    -0.18773293E-001    -0.19903915E-011    -0.19925357E-011
     0.85680000E+001    -0.18772961E-001    -0.19905999E-011    -0.19928720E-011
     0.85760000E+001    -0.18772616E-001    -0.19902278E-011    -0.19924939E-011
     0.85840000E+001    -0.18772264E-001    -0.19895694E-011    -0.19917704E-011
     0.85920000E+001    -0.18771910E-001    -0.19893086E-011    -0.19915843E-011
     0.86000000E+001    -0.18771560E-001    -0.19897592E-011    -0.19923152E-011
     0.86080000E+001    -0.18771218E-001    -0.19905281E-011    -0.19933972E-011
     0.86160000E+001    -0.18770891E-001    -0.19910015E-011    -0.19939810E-011
     0.86240000E+001    -0.18770583E-001    -0.19910592E-011    -0.19938984E-011
     0.86320000E+001    -0.18770298E-001    -0.19911494E-011    -0.19937717E-011
     0.86400000E+001    -0.18770041E-001    -0.19916458E-011    -0.19941562E-011
     0.86480000E+001    -0.18769816E-001    -0.19922915E-011    -0.19947845E-011
     0.86560000E+001    -0.18769626E-001    -0.19924191E-011    -0.19948356E-011
     0.86640000E+001    -0.18769475E-001    -0.19916853E-011    -0.19938916E-011
     0.86720000E+001    -0.18769363E-001    -0.19904283E-011    -0.19924110E-011
     0.86800000E+001    -0.18769294E-001    -0.19892264E-011    -0.19911534E-011
     0.86880000E+001    -0.18769267E-001    -0.19882146E-011    -0.19902825E-011
     0.86960000E+001    -0.18769284E-001    -0.19870065E-011    -0.19892585E-011
     0.87040000E+001    -0.18769344E-001    -0.19853052E-011    -0.19876347E-011
     0.87120000E+001    -0.18769447E-001    -0.19834319E-011    -0.19857529E-011
     0.87200000E+001    -0.18769590E-001    -0.19820976E-011    -0.19844588E-011
     0.87280000E+001    -0.18769771E-001    -0.19816820E-011    -0.19841771E-011
     0.87360000E+001    -0.18769988E-001    -0.19818960E-011    -0.19844906E-011
     0.87440000E+001    -0.18770237E-001    -0.19822309E-011    -0.19847381E-011
     0.87520000E+001    -0.18770516E-001    -0.19826279E-011    -0.19848844E-011
     0.87600000E+001    -0.18770818E-001    -0.19835273E-011    -0.19855665E-011
     0.87680000E+001    -0.18771140E-001    -0.19852292E-011    -0.19872375E-011
     0.87760000E+001    -0.18771478E-001    -0.19873604E-011    -0.19894621E-011
     0.87840000E+001    -0.18771825E-001    -0.19891250E-011    -0.19912543E-011
     0.87920000E+001    -0.18772177E-001    -0.19900642E-011    -0.19920795E-011
     0.88000000E+001    -0.18772528E-001    -0.19904213E-011    -0.19923254E-011
     0.88080000E+001    -0.18772873E-001    -0.19906858E-011    -0.19926786E-011
     0.88160000E+001    -0.18773207E-001    -0.19908907E-011    -0.19931807E-011
     0.88240000E+001    -0.18773525E-001    -0.19905356E-011    -0.19931262E-011
     0.88320000E+001    -0.18773821E-001    -0.19892326E-011    -0.19919351E-011
     0.88400000E+001    -0.18774092E-001    -0.19872848E-011    -0.19899428E-011
     0.88480000E+001    -0.18774333E-001    -0.19854768E-011    -0.19881381E-011
     0.88560000E+001    -0.18774542E-001    -0.19843166E-011    -0.19871541E-011
     0.88640000E+001    -0.18774713E-001    -0.19836287E-011    -0.19867139E-011
     0.88720000E+001    -0.18774846E-001    -0.19829599E-011    -0.19861621E-011
     0.88800000E+001    -0.18774939E-001    -0.19822719E-011    -0.19853977E-011
     0.88880000E+001    -0.18774988E-001    -0.19820583E-011    -0.19850561E-011
     0.88960000E+001    -0.18774995E-001    -0.19827451E-011    -0.19857289E-011
     0.89040000E+001    -0.18774959E-001    -0.19841233E-011    -0.19871981E-011
     0.89120000E+001    -0.18774880E-001    -0.19855171E-011    -0.19886288E-011
     0.89200000E+001    -0.18774760E-001    -0.19864863E-011    -0.19894783E-011
     0.89280000E+001    -0.18774601E-001    -0.19872111E-011    -0.19900068E-011
     0.89360000E+001    -0.18774404E-001    -0.19881066E-011    -0.19907840E-011
     0.89440000E+001    -0.18774174E-001    -0.19891738E-011    -0.19918377E-011
     0.89520000E+001    -0.18773913E-001    -0.19899077E-011    -0.19925273E-011
     0.89600000E+001    -0.18773625E-001    -0.19898871E-011    -0.19923080E-011
     0.89680000E+001    -0.18773315E-001    -0.19893129E-011    -0.19914360E-011
     0.89760000E+001    -0.18772987E-001    -0.19888186E-011    -0.19907199E-011
     0.89840000E+001    -0.18772647E-001    -0.19887706E-011    -0.19906060E-011
     0.89920000E+001    -0.18772299E-001    -0.19889101E-011    -0.19907206E-011
     0.90000000E+001    -0.18771949E-001    -0.19887689E-011    -0.19904325E-011
     0.90080000E+001    -0.18771603E-001    -0.19883374E-011    -0.19897411E-011
     0.90160000E+001    -0.18771264E-001    -0.19881467E-011    -0.19893757E-011
     0.90240000E+001    -0.18770939E-001    -0.19886446E-011    -0.19899494E-011
     0.90320000E+001    -0.18770631E-001    -0.19896218E-011    -0.19911885E-011
     0.90400000E+001    -0.18770347E-001    -0.19903950E-011    -0.19921829E-011
     0.90480000E+001    -0.18770090E-001    -0.19905420E-011    -0.19923805E-011
     0.90560000E+001    -0.18769863E-001    -0.19903097E-011    -0.19921400E-011
     0.90640000E+001    -0.18769671E-001    -0.19902144E-011    -0.19921861E-011
     0.90720000E+001    -0.18769515E-001    -0.19903363E-011    -0.19926443E-011
     0.90800000E+001    -0.18769400E-001    -0.19901766E-011    -0.19928331E-011
     0.90880000E+001    -0.18769325E-001    -0.19892537E-011    -0.19920674E-011
     0.90960000E+001    -0.18769293E-001    -0.19877162E-011    -0.19905031E-011
     0.91040000E+001    -0.18769303E-001    -0.19862243E-011    -0.19889994E-011
     0.91120000E+001    -0.18769356E-001    -0.19852466E-011    -0.19881738E-011
     0.91200000E+001    -0.18769451E-001    -0.19846163E-011    -0.19877881E-011
     0.91280000E+001    -0.18769586E-001    -0.19838641E-011    -0.19871764E-011
     0.91360000E+001    -0.18769760E-001    -0.19828956E-011    -0.19861585E-011
     0.91440000E+001    -0.18769970E-001    -0.19821685E-011    -0.19853044E-011
     0.91520000E+001    -0.18770212E-001    -0.19821596E-011    -0.19852421E-011
     0.91600000E+001    -0.18770483E-001    -0.19827844E-011    -0.19858837E-011
     0.91680000E+001    -0.18770779E-001    -0.19834885E-011    -0.19865294E-011
     0.91760000E+001    -0.18771096E-001    -0.19838966E-011    -0.19867147E-011
     0.91840000E+001    -0.18771428E-001    -0.19842195E-011    -0.19867479E-011
     0.91920000E+001    -0.18771772E-001    -0.19849253E-011    -0.19872742E-011
     0.92000000E+001    -0.18772120E-001    -0.19860926E-011    -0.19884212E-011
     0.92080000E+001    -0.18772469E-001    -0.19872566E-011    -0.19895977E-011
     0.92160000E+001    -0.18772813E-001    -0.19879451E-011    -0.19902036E-011
     0.92240000E+001    -0.18773147E-001    -0.19882436E-011    -0.19903708E-011
     0.92320000E+001    -0.18773465E-001    -0.19886817E-011    -0.19907983E-011
     0.92400000E+001    -0.18773764E-001    -0.19895702E-011    -0.19918663E-011
     0.92480000E+001    -0.18774039E-001    -0.19906004E-011    -0.19931196E-011
     0.92560000E+001    -0.18774284E-001    -0.19912030E-011    -0.19937724E-011
     0.92640000E+001    -0.18774498E-001    -0.19912359E-011    -0.19936406E-011
     0.92720000E+001    -0.18774676E-001    -0.19911560E-011    -0.19933611E-011
     0.92800000E+001    -0.18774816E-001    -0.19914575E-011    -0.19936181E-011
     0.92880000E+001    -0.18774916E-001    -0.19920579E-011    -0.19943078E-011
     0.92960000E+001    -0.18774974E-001    -0.19923803E-011    -0.19946554E-011
     0.93040000E+001    -0.18774989E-001    -0.19920404E-011    -0.19941517E-011
     0.93120000E+001    -0.18774961E-001    -0.19913073E-011    -0.19931770E-011
     0.93200000E+001    -0.18774891E-001    -0.19907788E-011    -0.19925556E-011
     0.93280000E+001    -0.18774780E-001    -0.19906702E-011    -0.19925829E-011
     0.93360000E+001    -0.18774628E-001    -0.19905782E-011    -0.19926996E-011
     0.93440000E+001    -0.18774438E-001    -0.19900039E-011    -0.19921974E-011
     0.93520000E+001    -0.18774214E-001    -0.19889905E-011    -0.19910912E-011
     0.93600000E+001    -0.18773959E-001    -0.19880984E-011    -0.19901028E-011
     0.93680000E+001    -0.18773676E-001    -0.19877542E-011    -0.19897948E-011
     0.93760000E+001    -0.18773369E-001    -0.19877704E-011    -0.19899241E-011
     0.93840000E+001    -0.18773044E-001    -0.19876169E-011    -0.19897924E-011
     0.93920000E+001    -0.18772705E-001    -0.19870994E-011    -0.19891456E-011
     0.94000000E+001    -0.18772357E-001    -0.19866048E-011    -0.19885002E-011
     0.94080000E+001    -0.18772006E-001    -0.19866167E-011    -0.19885046E-011
     0.94160000E+001    -0.18771657E-001    -0.19871064E-011    -0.19891369E-011
     0.94240000E+001    -0.18771316E-001    -0.19875556E-011    -0.19897360E-011
     0.94320000E+001    -0.18770987E-001    -0.19875862E-011    -0.19898283E-011
     0.94400000E+001    -0.18770675E-001    -0.19874165E-011    -0.19897148E-011
     0.94480000E+001    -0.18770385E-001    -0.19875746E-011    -0.19900795E-011
     0.94560000E+001    -0.18770122E-001    -0.19882219E-011    -0.19910999E-011
     0.94640000E+001    -0.18769889E-001    -0.19889202E-011    -0.19921625E-011
     0.94720000E+001    -0.18769691E-001    -0.19891395E-011    -0.19925556E-011
     0.94800000E+001    -0.18769529E-001    -0.19888853E-011    -0.19922968E-011
     0.94880000E+001    -0.18769407E-001    -0.19886689E-011    -0.19920708E-011
     0.94960000E+001    -0.18769326E-001    -0.19888517E-011    -0.19923449E-011
     0.95040000E+001    -0.18769287E-001    -0.19891668E-011    -0.19927427E-011
     0.95120000E+001    -0.18769291E-001    -0.19890163E-011    -0.19924634E-011
     0.95200000E+001    -0.18769338E-001    -0.19881952E-011    -0.19912557E-011
     0.95280000E+001    -0.18769428E-001    -0.19871631E-011    -0.19897695E-011
     0.95360000E+001    -0.18769558E-001    -0.19865330E-011    -0.19888510E-011
     0.95440000E+001    -0.18769728E-001    -0.19863949E-011    -0.19886267E-011
     0.95520000E+001    -0.18769934E-001    -0.19862920E-011    -0.19884723E-011
     0.95600000E+001    -0.18770173E-001    -0.19858686E-011    -0.19878859E-011
     0.95680000E+001    -0.18770442E-001    -0.19853855E-011    -0.19871863E-011
     0.95760000E+001    -0.18770737E-001    -0.19854636E-011    -0.19871799E-011
     0.95840000E+001    -0.18771053E-001    -0.19863653E-011    -0.19882053E-011
     0.95920000E+001    -0.18771386E-001    -0.19876828E-011    -0.19897164E-011
     0.96000000E+001    -0.18771730E-001    -0.19888068E-011    -0.19909011E-011
     0.96080000E+001    -0.18772080E-001    -0.19895936E-011    -0.19915700E-011
     0.96160000E+001    -0.18772431E-001    -0.19904182E-011    -0.19922373E-011
     0.96240000E+001    -0.18772778E-001    -0.19915703E-011    -0.19933308E-011
     0.96320000E+001    -0.18773115E-001    -0.19927590E-011    -0.19945361E-011
     0.96400000E+001    -0.18773437E-001    -0.19933569E-011    -0.19950998E-011
     0.96480000E+001    -0.18773739E-001    -0.19930908E-011    -0.19947163E-011
     0.96560000E+001    -0.18774018E-001    -0.19923322E-011    -0.19938914E-011
     0.96640000E+001    -0.18774267E-001    -0.19916333E-011    -0.19933290E-011
     0.96720000E+001    -0.18774485E-001    -0.19910847E-011    -0.19931020E-011
     0.96800000E+001    -0.18774667E-001    -0.19902923E-011    -0.19926382E-011
     0.96880000E+001    -0.18774811E-001    -0.19889964E-011    -0.19915429E-011
     0.96960000E+001    -0.18774914E-001    -0.19875523E-011    -0.19902248E-011
     0.97040000E+001    -0.18774975E-001    -0.19866532E-011    -0.19895236E-011
     0.97120000E+001    -0.18774993E-001    -0.19866060E-011    -0.19897691E-011
     0.97200000E+001    -0.18774968E-001    -0.19870367E-011    -0.19904173E-011
     0.97280000E+001    -0.18774901E-001    -0.19873816E-011    -0.19907242E-011
     0.97360000E+001    -0.18774791E-001    -0.19875654E-011    -0.19906418E-011
     0.97440000E+001    -0.18774641E-001    -0.19880310E-011    -0.19908369E-011
     0.97520000E+001    -0.18774454E-001    -0.19890886E-011    -0.19918021E-011
     0.97600000E+001    -0.18774232E-001    -0.19903877E-011    -0.19931391E-011
     0.97680000E+001    -0.18773978E-001    -0.19911805E-011    -0.19939042E-011
     0.97760000E+001    -0.18773696E-001    -0.19910808E-011    -0.19936204E-011
     0.97840000E+001    -0.18773391E-001    -0.19904176E-011    -0.19927498E-011
     0.97920000E+001    -0.18773067E-001    -0.19897752E-011    -0.19920786E-011
     0.98000000E+001    -0.18772730E-001    -0.19892924E-011    -0.19917750E-011
     0.98080000E+001    -0.18772383E-001    -0.19885748E-011    -0.19912600E-011
     0.98160000E+001    -0.18772033E-001    -0.19873086E-011    -0.19900282E-011
     0.98240000E+001    -0.18771685E-001    -0.19858021E-011    -0.19883932E-011
     0.98320000E+001    -0.18771344E-001    -0.19847750E-011    -0.19872397E-011
     0.98400000E+001    -0.18771015E-001    -0.19846380E-011    -0.19870876E-011
     0.98480000E+001    -0.18770704E-001    -0.19851273E-011    -0.19875961E-011
     0.98560000E+001    -0.18770414E-001    -0.19857151E-011    -0.19880861E-011
     0.98640000E+001    -0.18770150E-001    -0.19862661E-011    -0.19884004E-011
     0.98720000E+001    -0.18769916E-001    -0.19871272E-011    -0.19890319E-011
     0.98800000E+001    -0.18769716E-001    -0.19885573E-011    -0.19903837E-011
     0.98880000E+001    -0.18769553E-001    -0.19902274E-011    -0.19921061E-011
     0.98960000E+001    -0.18769428E-001    -0.19914400E-011    -0.19933648E-011
     0.99040000E+001    -0.18769345E-001    -0.19918182E-011    -0.19937232E-011
     0.99120000E+001    -0.18769303E-001    -0.19916305E-011    -0.19935541E-011
     0.99200000E+001    -0.18769305E-001    -0.19913653E-011    -0.19934789E-011
     0.99280000E+001    -0.18769349E-001    -0.19910906E-011    -0.19935359E-011
     0.99360000E+001    -0.18769435E-001    -0.19904015E-011    -0.19931273E-011
     0.99440000E+001    -0.18769562E-001    -0.19890232E-011    -0.19918281E-011
     0.99520000E+001    -0.18769727E-001    -0.19873134E-011    -0.19900538E-011
     0.99600000E+001    -0.18769929E-001    -0.19860190E-011    -0.19887361E-011
     0.99680000E+001    -0.18770164E-001    -0.19855524E-011    -0.19883643E-011
     0.99760000E+001    -0.18770429E-001    -0.19856479E-011    -0.19885393E-011
     0.99840000E+001    -0.18770719E-001    -0.19858062E-011    -0.19885800E-011
     0.99920000E+001    -0.18771031E-001    -0.19859725E-011    -0.19884381E-011
     0.10000000E+002    -0.18771359E-001    -0.19866140E-011    -0.19887966E-011
     0.10008000E+002    -0.18771699E-001    -0.19880990E-011    -0.19902232E-011
     0.10016000E+002    -0.18772045E-001    -0.19901382E-011    -0.19923974E-011
     0.10024000E+002    -0.18772393E-001    -0.19919827E-011    -0.19943586E-011
     0.10032000E+002    -0.18772736E-001    -0.19931542E-011    -0.19954881E-011
     0.10040000E+002    -0.18773071E-001    -0.19938421E-011    -0.19960581E-011
     0.10048000E+002    -0.18773391E-001    -0.19945138E-011    -0.19967219E-011
     0.10056000E+002    -0.18773692E-001    -0.19952373E-011    -0.19975973E-011
     0.10064000E+002    -0.18773970E-001    -0.19955535E-011    -0.19980720E-011
     0.10072000E+002    -0.18774221E-001    -0.19950474E-011    -0.19975581E-011
     0.10080000E+002    -0.18774440E-001    -0.19939067E-011    -0.19962542E-011
     0.10088000E+002    -0.18774624E-001    -0.19927772E-011    -0.19949814E-011
     0.10096000E+002    -0.18774771E-001    -0.19920875E-011    -0.19942970E-011
     0.10104000E+002    -0.18774879E-001    -0.19916595E-011    -0.19939640E-011
     0.10112000E+002    -0.18774945E-001    -0.19910609E-011    -0.19934014E-011
     0.10120000E+002    -0.18774969E-001    -0.19902389E-011    -0.19925196E-011
     0.10128000E+002    -0.18774951E-001    -0.19896399E-011    -0.19918869E-011
     0.10136000E+002    -0.18774890E-001    -0.19896661E-011    -0.19920214E-011
     0.10144000E+002    -0.18774788E-001    -0.19901461E-011    -0.19926963E-011
     0.10152000E+002    -0.18774645E-001    -0.19904888E-011    -0.19931437E-011
     0.10160000E+002    -0.18774465E-001    -0.19903410E-011    -0.19929243E-011
     0.10168000E+002    -0.18774250E-001    -0.19899491E-011    -0.19923957E-011
     0.10176000E+002    -0.18774004E-001    -0.19897841E-011    -0.19922029E-011
     0.10184000E+002    -0.18773729E-001    -0.19898969E-011    -0.19924163E-011
     0.10192000E+002    -0.18773430E-001    -0.19898073E-011    -0.19923922E-011
     0.10200000E+002    -0.18773112E-001    -0.19890760E-011    -0.19915478E-011
     0.10208000E+002    -0.18772779E-001    -0.19878623E-011    -0.19901070E-011
     0.10216000E+002    -0.18772436E-001    -0.19867825E-011    -0.19888981E-011
     0.10224000E+002    -0.18772089E-001    -0.19862291E-011    -0.19884275E-011
     0.10232000E+002    -0.18771743E-001    -0.19859754E-011    -0.19883468E-011
     0.10240000E+002    -0.18771403E-001    -0.19855429E-011    -0.19879613E-011
     0.10248000E+002    -0.18771074E-001    -0.19848788E-011    -0.19871604E-011
     0.10256000E+002    -0.18770761E-001    -0.19845133E-011    -0.19866395E-011
     0.10264000E+002    -0.18770469E-001    -0.19849977E-011    -0.19871405E-011
     0.10272000E+002    -0.18770202E-001    -0.19862987E-011    -0.19886228E-011
     0.10280000E+002    -0.18769964E-001    -0.19878763E-011    -0.19903584E-011
     0.10288000E+002    -0.18769759E-001    -0.19893355E-011    -0.19918130E-011
     0.10296000E+002    -0.18769590E-001    -0.19908511E-011    -0.19932305E-011
     0.10304000E+002    -0.18769458E-001    -0.19928530E-011    -0.19952225E-011
     0.10312000E+002    -0.18769367E-001    -0.19953682E-011    -0.19978815E-011
     0.10320000E+002    -0.18769318E-001    -0.19978365E-011    -0.20005186E-011
     0.10328000E+002    -0.18769311E-001    -0.19996306E-011    -0.20023451E-011
     0.10336000E+002    -0.18769347E-001    -0.20006495E-011    -0.20032589E-011
     0.10344000E+002    -0.18769425E-001    -0.20012715E-011    -0.20037864E-011
     0.10352000E+002    -0.18769543E-001    -0.20017453E-011    -0.20042772E-011
     0.10360000E+002    -0.18769701E-001    -0.20017908E-011    -0.20043756E-011
     0.10368000E+002    -0.18769895E-001    -0.20009155E-011    -0.20034389E-011
     0.10376000E+002    -0.18770124E-001    -0.19990576E-011    -0.20013823E-011
     0.10384000E+002    -0.18770383E-001    -0.19967600E-011    -0.19988959E-011
     0.10392000E+002    -0.18770668E-001    -0.19946440E-011    -0.19967433E-011
     0.10400000E+002    -0.18770976E-001    -0.19928196E-011    -0.19949941E-011
     0.10408000E+002    -0.18771302E-001    -0.19909484E-011    -0.19931341E-011
     0.10416000E+002    -0.18771640E-001    -0.19888685E-011    -0.19909132E-011
     0.10424000E+002    -0.18771986E-001    -0.19869971E-011    -0.19888703E-011
     0.10432000E+002    -0.18772335E-001    -0.19859858E-011    -0.19878554E-011
     0.10440000E+002    -0.18772680E-001    -0.19860265E-011    -0.19880965E-011
     0.10448000E+002    -0.18773018E-001    -0.19866455E-011    -0.19889417E-011
     0.10456000E+002    -0.18773342E-001    -0.19872409E-011    -0.19895991E-011
     0.10464000E+002    -0.18773648E-001    -0.19877182E-011    -0.19899897E-011
     0.10472000E+002    -0.18773932E-001    -0.19884634E-011    -0.19906935E-011
     0.10480000E+002    -0.18774188E-001    -0.19897000E-011    -0.19920657E-011
     0.10488000E+002    -0.18774414E-001    -0.19910367E-011    -0.19936190E-011
     0.10496000E+002    -0.18774605E-001    -0.19917785E-011    -0.19944431E-011
     0.10504000E+002    -0.18774759E-001    -0.19916436E-011    -0.19941720E-011
     0.10512000E+002    -0.18774873E-001    -0.19910323E-011    -0.19933498E-011
     0.10520000E+002    -0.18774946E-001    -0.19905343E-011    -0.19927699E-011
     0.10528000E+002    -0.18774977E-001    -0.19902798E-011    -0.19926000E-011
     0.10536000E+002    -0.18774964E-001    -0.19899155E-011    -0.19923412E-011
     0.10544000E+002    -0.18774909E-001    -0.19892017E-011    -0.19916228E-011
     0.10552000E+002    -0.18774812E-001    -0.19884712E-011    -0.19908220E-011
     0.10560000E+002    -0.18774674E-001    -0.19883599E-011    -0.19907266E-011
     0.10568000E+002    -0.18774498E-001    -0.19891271E-011    -0.19916498E-011
     0.10576000E+002    -0.18774286E-001    -0.19903913E-011    -0.19930864E-011
     0.10584000E+002    -0.18774042E-001    -0.19915923E-011    -0.19943192E-011
     0.10592000E+002    -0.18773769E-001    -0.19926044E-011    -0.19952153E-011
     0.10600000E+002    -0.18773472E-001    -0.19937472E-011    -0.19962332E-011
     0.10608000E+002    -0.18773154E-001    -0.19951988E-011    -0.19976524E-011
     0.10616000E+002    -0.18772821E-001    -0.19965686E-011    -0.19990208E-011
     0.10624000E+002    -0.18772478E-001    -0.19971921E-011    -0.19995437E-011
     0.10632000E+002    -0.18772130E-001    -0.19968120E-011    -0.19989607E-011
     0.10640000E+002    -0.18771781E-001    -0.19958210E-011    -0.19978315E-011
     0.10648000E+002    -0.18771439E-001    -0.19947651E-011    -0.19968610E-011
     0.10656000E+002    -0.18771107E-001    -0.19937188E-011    -0.19960826E-011
     0.10664000E+002    -0.18770790E-001    -0.19923014E-011    -0.19949100E-011
     0.10672000E+002    -0.18770494E-001    -0.19903108E-011    -0.19929984E-011
     0.10680000E+002    -0.18770223E-001    -0.19881841E-011    -0.19908565E-011
     0.10688000E+002    -0.18769981E-001    -0.19866876E-011    -0.19894268E-011
     0.10696000E+002    -0.18769772E-001    -0.19861809E-011    -0.19891097E-011
     0.10704000E+002    -0.18769598E-001    -0.19863299E-011    -0.19893995E-011
     0.10712000E+002    -0.18769463E-001    -0.19866026E-011    -0.19895651E-011
     0.10720000E+002    -0.18769368E-001    -0.19869374E-011    -0.19895500E-011
     0.10728000E+002    -0.18769315E-001    -0.19877694E-011    -0.19900040E-011
     0.10736000E+002    -0.18769305E-001    -0.19893883E-011    -0.19914103E-011
     0.10744000E+002    -0.18769337E-001    -0.19914269E-011    -0.19933807E-011
     0.10752000E+002    -0.18769412E-001    -0.19931180E-011    -0.19949772E-011
     0.10760000E+002    -0.18769529E-001    -0.19940259E-011    -0.19956759E-011
     0.10768000E+002    -0.18769684E-001    -0.19943824E-011    -0.19958216E-011
     0.10776000E+002    -0.18769877E-001    -0.19946475E-011    -0.19960539E-011
     0.10784000E+002    -0.18770104E-001    -0.19948586E-011    -0.19964408E-011
     0.10792000E+002    -0.18770362E-001    -0.19945741E-011    -0.19963884E-011
     0.10800000E+002    -0.18770647E-001    -0.19934675E-011    -0.19954156E-011
     0.10808000E+002    -0.18770954E-001    -0.19918244E-011    -0.19938200E-011
     0.10816000E+002    -0.18771279E-001    -0.19903138E-011    -0.19924021E-011
     0.10824000E+002    -0.18771616E-001    -0.19893059E-011    -0.19915906E-011
     0.10832000E+002    -0.18771961E-001    -0.19885653E-011    -0.19910471E-011
     0.10840000E+002    -0.18772309E-001    -0.19876785E-011    -0.19902206E-011
     0.10848000E+002    -0.18772654E-001    -0.19866684E-011    -0.19891418E-011
     0.10856000E+002    -0.18772991E-001    -0.19860211E-011    -0.19884527E-011
     0.10864000E+002    -0.18773315E-001    -0.19860869E-011    -0.19886214E-011
     0.10872000E+002    -0.18773621E-001    -0.19866072E-011    -0.19893271E-011
     0.10880000E+002    -0.18773905E-001    -0.19869668E-011    -0.19897946E-011
     0.10888000E+002    -0.18774162E-001    -0.19868811E-011    -0.19896904E-011
     0.10896000E+002    -0.18774388E-001    -0.19866820E-011    -0.19894821E-011
     0.10904000E+002    -0.18774580E-001    -0.19868523E-011    -0.19898092E-011
     0.10912000E+002    -0.18774735E-001    -0.19873855E-011    -0.19906345E-011
     0.10920000E+002    -0.18774852E-001    -0.19877626E-011    -0.19912269E-011
     0.10928000E+002    -0.18774927E-001    -0.19875829E-011    -0.19910164E-011
     0.10936000E+002    -0.18774960E-001    -0.19870796E-011    -0.19902911E-011
     0.10944000E+002    -0.18774950E-001    -0.19868797E-011    -0.19898815E-011
     0.10952000E+002    -0.18774899E-001    -0.19872927E-011    -0.19902048E-011
     0.10960000E+002    -0.18774805E-001    -0.19879833E-011    -0.19908205E-011
     0.10968000E+002    -0.18774672E-001    -0.19884170E-011    -0.19910217E-011
     0.10976000E+002    -0.18774500E-001    -0.19885275E-011    -0.19907358E-011
     0.10984000E+002    -0.18774293E-001    -0.19887881E-011    -0.19906329E-011
     0.10992000E+002    -0.18774053E-001    -0.19896049E-011    -0.19913138E-011
     0.11000000E+002    -0.18773785E-001    -0.19907796E-011    -0.19925704E-011
     0.11008000E+002    -0.18773491E-001    -0.19916964E-011    -0.19936074E-011
     0.11016000E+002    -0.18773178E-001    -0.19920029E-011    -0.19939421E-011
     0.11024000E+002    -0.18772849E-001    -0.19919563E-011    -0.19938856E-011
     0.11032000E+002    -0.18772510E-001    -0.19920263E-011    -0.19940413E-011
     0.11040000E+002    -0.18772165E-001    -0.19922643E-011    -0.19944725E-011
     0.11048000E+002    -0.18771820E-001    -0.19922214E-011    -0.19945825E-011
     0.11056000E+002    -0.18771480E-001    -0.19915143E-011    -0.19938507E-011
     0.11064000E+002    -0.18771150E-001    -0.19903337E-011    -0.19925077E-011
     0.11072000E+002    -0.18770835E-001    -0.19892609E-011    -0.19913037E-011
     0.11080000E+002    -0.18770540E-001    -0.19886168E-011    -0.19906553E-011
     0.11088000E+002    -0.18770269E-001    -0.19881430E-011    -0.19902247E-011
     0.11096000E+002    -0.18770026E-001    -0.19874031E-011    -0.19894444E-011
     0.11104000E+002    -0.18769815E-001    -0.19864032E-011    -0.19883305E-011
     0.11112000E+002    -0.18769639E-001    -0.19856543E-011    -0.19875569E-011
     0.11120000E+002    -0.18769500E-001    -0.19855908E-011    -0.19876785E-011
     0.11128000E+002    -0.18769402E-001    -0.19860570E-011    -0.19884541E-011
     0.11136000E+002    -0.18769344E-001    -0.19864963E-011    -0.19891129E-011
     0.11144000E+002    -0.18769328E-001    -0.19866220E-011    -0.19892620E-011
     0.11152000E+002    -0.18769355E-001    -0.19867491E-011    -0.19893324E-011
     0.11160000E+002    -0.18769423E-001    -0.19873794E-011    -0.19900141E-011
     0.11168000E+002    -0.18769532E-001    -0.19885435E-011    -0.19913623E-011
     0.11176000E+002    -0.18769681E-001    -0.19897001E-011    -0.19926603E-011
     0.11184000E+002    -0.18769866E-001    -0.19903203E-011    -0.19932117E-011
     0.11192000E+002    -0.18770086E-001    -0.19904509E-011    -0.19931100E-011
     0.11200000E+002    -0.18770336E-001    -0.19905762E-011    -0.19930546E-011
     0.11208000E+002    -0.18770614E-001    -0.19909596E-011    -0.19934512E-011
     0.11216000E+002    -0.18770915E-001    -0.19912731E-011    -0.19938906E-011
     0.11224000E+002    -0.18771234E-001    -0.19909664E-011    -0.19936320E-011
     0.11232000E+002    -0.18771567E-001    -0.19899272E-011    -0.19924978E-011
     0.11240000E+002    -0.18771908E-001    -0.19886287E-011    -0.19910933E-011
     0.11248000E+002    -0.18772253E-001    -0.19875959E-011    -0.19901024E-011
     0.11256000E+002    -0.18772596E-001    -0.19868484E-011    -0.19895343E-011
     0.11264000E+002    -0.18772932E-001    -0.19859906E-011    -0.19888295E-011
     0.11272000E+002    -0.18773257E-001    -0.19848204E-011    -0.19876679E-011
     0.11280000E+002    -0.18773564E-001    -0.19836861E-011    -0.19864579E-011
     0.11288000E+002    -0.18773850E-001    -0.19831439E-011    -0.19858969E-011
     0.11296000E+002    -0.18774111E-001    -0.19833352E-011    -0.19861556E-011
     0.11304000E+002    -0.18774341E-001    -0.19838492E-011    -0.19866972E-011
     0.11312000E+002    -0.18774539E-001    -0.19842394E-011    -0.19869571E-011
     0.11320000E+002    -0.18774701E-001    -0.19845531E-011    -0.19870342E-011
     0.11328000E+002    -0.18774823E-001    -0.19852188E-011    -0.19875278E-011
     0.11336000E+002    -0.18774906E-001    -0.19864365E-011    -0.19887219E-011
     0.11344000E+002    -0.18774947E-001    -0.19878322E-011    -0.19901365E-011
     0.11352000E+002    -0.18774945E-001    -0.19888251E-011    -0.19910274E-011
     0.11360000E+002    -0.18774902E-001    -0.19892733E-011    -0.19912440E-011
     0.11368000E+002    -0.18774816E-001    -0.19896089E-011    -0.19913886E-011
     0.11376000E+002    -0.18774691E-001    -0.19902909E-011    -0.19920674E-011
     0.11384000E+002    -0.18774526E-001    -0.19912393E-011    -0.19931382E-011
     0.11392000E+002    -0.18774326E-001    -0.19919405E-011    -0.19938768E-011
     0.11400000E+002    -0.18774093E-001    -0.19920995E-011    -0.19938745E-011
     0.11408000E+002    -0.18773830E-001    -0.19920359E-011    -0.19935741E-011
     0.11416000E+002    -0.18773542E-001    -0.19923293E-011    -0.19937785E-011
     0.11424000E+002    -0.18773232E-001    -0.19931316E-011    -0.19947111E-011
     0.11432000E+002    -0.18772906E-001    -0.19939699E-011    -0.19957481E-011
     0.11440000E+002    -0.18772568E-001    -0.19942784E-011    -0.19961396E-011
     0.11448000E+002    -0.18772224E-001    -0.19940124E-011    -0.19958450E-011
     0.11456000E+002    -0.18771878E-001    -0.19936107E-011    -0.19954830E-011
     0.11464000E+002    -0.18771536E-001    -0.19933729E-011    -0.19954848E-011
     0.11472000E+002    -0.18771203E-001    -0.19930262E-011    -0.19954999E-011
     0.11480000E+002    -0.18770884E-001    -0.19920224E-011    -0.19947809E-011
     0.11488000E+002    -0.18770584E-001    -0.19902056E-011    -0.19930781E-011
     0.11496000E+002    -0.18770308E-001    -0.19880385E-011    -0.19909543E-011
     0.11504000E+002    -0.18770059E-001    -0.19861220E-011    -0.19891577E-011
     0.11512000E+002    -0.18769841E-001    -0.19845994E-011    -0.19878374E-011
     0.11520000E+002    -0.18769658E-001    -0.19831638E-011    -0.19865511E-011
     0.11528000E+002    -0.18769513E-001    -0.19816343E-011    -0.19850218E-011
     0.11536000E+002    -0.18769407E-001    -0.19803559E-011    -0.19836620E-011
     0.11544000E+002    -0.18769342E-001    -0.19799052E-011    -0.19831895E-011
     0.11552000E+002    -0.18769320E-001    -0.19804519E-011    -0.19837997E-011
     0.11560000E+002    -0.18769340E-001    -0.19815587E-011    -0.19849202E-011
     0.11568000E+002    -0.18769403E-001    -0.19826738E-011    -0.19858658E-011
     0.11576000E+002    -0.18769507E-001    -0.19837132E-011    -0.19865908E-011
     0.11584000E+002    -0.18769650E-001    -0.19850222E-011    -0.19876107E-011
     0.11592000E+002    -0.18769832E-001    -0.19867751E-011    -0.19891982E-011
     0.11600000E+002    -0.18770048E-001    -0.19885752E-011    -0.19908656E-011
     0.11608000E+002    -0.18770296E-001    -0.19897800E-011    -0.19918124E-011
     0.11616000E+002    -0.18770572E-001    -0.19901788E-011    -0.19918224E-011
     0.11624000E+002    -0.18770872E-001    -0.19902013E-011    -0.19915143E-011
     0.11632000E+002    -0.18771191E-001    -0.19903950E-011    -0.19916230E-011
     0.11640000E+002    -0.18771524E-001    -0.19907971E-011    -0.19921641E-011
     0.11648000E+002    -0.18771866E-001    -0.19909591E-011    -0.19924854E-011
     0.11656000E+002    -0.18772213E-001    -0.19905840E-011    -0.19921399E-011
     0.11664000E+002    -0.18772558E-001    -0.19899832E-011    -0.19915062E-011
     0.11672000E+002    -0.18772897E-001    -0.19897806E-011    -0.19913934E-011
     0.11680000E+002    -0.18773224E-001    -0.19902090E-011    -0.19920998E-011
     0.11688000E+002    -0.18773535E-001    -0.19908464E-011    -0.19930573E-011
     0.11696000E+002    -0.18773825E-001    -0.19911089E-011    -0.19934881E-011
     0.11704000E+002    -0.18774090E-001    -0.19908986E-011    -0.19932714E-011
     0.11712000E+002    -0.18774325E-001    -0.19906282E-011    -0.19929819E-011
     0.11720000E+002    -0.18774527E-001    -0.19906175E-011    -0.19930864E-011
     0.11728000E+002    -0.18774693E-001    -0.19906210E-011    -0.19933036E-011
     0.11736000E+002    -0.18774820E-001    -0.19900814E-011    -0.19929176E-011
     0.11744000E+002    -0.18774906E-001    -0.19888007E-011    -0.19916538E-011
     0.11752000E+002    -0.18774951E-001    -0.19872069E-011    -0.19900343E-011
     0.11760000E+002    -0.18774953E-001    -0.19858957E-011    -0.19887899E-011
     0.11768000E+002    -0.18774913E-001    -0.19850114E-011    -0.19880606E-011
     0.11776000E+002    -0.18774830E-001    -0.19842232E-011    -0.19873704E-011
     0.11784000E+002    -0.18774707E-001    -0.19833054E-011    -0.19863861E-011
     0.11792000E+002    -0.18774544E-001    -0.19825748E-011    -0.19854875E-011
     0.11800000E+002    -0.18774346E-001    -0.19826201E-011    -0.19854135E-011
     0.11808000E+002    -0.18774114E-001    -0.19836364E-011    -0.19864028E-011
     0.11816000E+002    -0.18773852E-001    -0.19851807E-011    -0.19878877E-011
     0.11824000E+002    -0.18773564E-001    -0.19866543E-011    -0.19891360E-011
     0.11832000E+002    -0.18773255E-001    -0.19879259E-011    -0.19900592E-011
     0.11840000E+002    -0.18772930E-001    -0.19893358E-011    -0.19911945E-011
     0.11848000E+002    -0.18772592E-001    -0.19910885E-011    -0.19928852E-011
     0.11856000E+002    -0.18772248E-001    -0.19927967E-011    -0.19946737E-011
     0.11864000E+002    -0.18771903E-001    -0.19937657E-011    -0.19956818E-011
     0.11872000E+002    -0.18771561E-001    -0.19936942E-011    -0.19955430E-011
     0.11880000E+002    -0.18771229E-001    -0.19929494E-011    -0.19947622E-011
     0.11888000E+002    -0.18770910E-001    -0.19920872E-011    -0.19940695E-011
     0.11896000E+002    -0.18770610E-001    -0.19912014E-011    -0.19935472E-011
     0.11904000E+002    -0.18770333E-001    -0.19898890E-011    -0.19925833E-011
     0.11912000E+002    -0.18770084E-001    -0.19878641E-011    -0.19907023E-011
     0.11920000E+002    -0.18769865E-001    -0.19854534E-011    -0.19882500E-011
     0.11928000E+002    -0.18769682E-001    -0.19833611E-011    -0.19861026E-011
     0.11936000E+002    -0.18769535E-001    -0.19819800E-011    -0.19847571E-011
     0.11944000E+002    -0.18769427E-001    -0.19810799E-011    -0.19838996E-011
     0.11952000E+002    -0.18769360E-001    -0.19802351E-011    -0.19829563E-011
     0.11960000E+002    -0.18769335E-001    -0.19794471E-011    -0.19819209E-011
     0.11968000E+002    -0.18769352E-001    -0.19791929E-011    -0.19814335E-011
     0.11976000E+002    -0.18769412E-001    -0.19798463E-011    -0.19820249E-011
     0.11984000E+002    -0.18769512E-001    -0.19811903E-011    -0.19834614E-011
     0.11992000E+002    -0.18769652E-001    -0.19826287E-011    -0.19849995E-011
     0.12000000E+002    -0.18769829E-001    -0.19838319E-011    -0.19862236E-011
     0.12008000E+002    -0.18770041E-001    -0.19850242E-011    -0.19874274E-011
     0.12016000E+002    -0.18770285E-001    -0.19865694E-011    -0.19890828E-011
     0.12024000E+002    -0.18770556E-001    -0.19883811E-011    -0.19910759E-011
     0.12032000E+002    -0.18770852E-001    -0.19899063E-011    -0.19926901E-011
     0.12040000E+002    -0.18771166E-001    -0.19907150E-011    -0.19933826E-011
     0.12048000E+002    -0.18771495E-001    -0.19909739E-011    -0.19934007E-011
     0.12056000E+002    -0.18771834E-001    -0.19912173E-011    -0.19934700E-011
     0.12064000E+002    -0.18772178E-001    -0.19916893E-011    -0.19939199E-011
     0.12072000E+002    -0.18772520E-001    -0.19920638E-011    -0.19943152E-011
     0.12080000E+002    -0.18772857E-001    -0.19918882E-011    -0.19940538E-011
     0.12088000E+002    -0.18773182E-001    -0.19912029E-011    -0.19931942E-011
     0.12096000E+002    -0.18773492E-001    -0.19905699E-011    -0.19924865E-011
     0.12104000E+002    -0.18773782E-001    -0.19904593E-011    -0.19925437E-011
     0.12112000E+002    -0.18774046E-001    -0.19907295E-011    -0.19931406E-011
     0.12120000E+002    -0.18774282E-001    -0.19908303E-011    -0.19934932E-011
     0.12128000E+002    -0.18774485E-001    -0.19904776E-011    -0.19931828E-011
     0.12136000E+002    -0.18774653E-001    -0.19899802E-011    -0.19926132E-011
     0.12144000E+002    -0.18774783E-001    -0.19898283E-011    -0.19924630E-011
     0.12152000E+002    -0.18774874E-001    -0.19900480E-011    -0.19928034E-011
     0.12160000E+002    -0.18774923E-001    -0.19901157E-011    -0.19929594E-011
     0.12168000E+002    -0.18774930E-001    -0.19895355E-011    -0.19922758E-011
     0.12176000E+002    -0.18774896E-001    -0.19883810E-011    -0.19908567E-011
     0.12184000E+002    -0.18774819E-001    -0.19871602E-011    -0.19894009E-011
     0.12192000E+002    -0.18774703E-001    -0.19861885E-011    -0.19883601E-011
     0.12200000E+002    -0.18774548E-001    -0.19852488E-011    -0.19874621E-011
     0.12208000E+002    -0.18774357E-001    -0.19839511E-011    -0.19861674E-011
     0.12216000E+002    -0.18774132E-001    -0.19823315E-011    -0.19844686E-011
     0.12224000E+002    -0.18773877E-001    -0.19809442E-011    -0.19830320E-011
     0.12232000E+002    -0.18773597E-001    -0.19803229E-011    -0.19825054E-011
     0.12240000E+002    -0.18773294E-001    -0.19804669E-011    -0.19828437E-011
     0.12248000E+002    -0.18772974E-001    -0.19809693E-011    -0.19834793E-011
     0.12256000E+002    -0.18772642E-001    -0.19816046E-011    -0.19841006E-011
     0.12264000E+002    -0.18772302E-001    -0.19826323E-011    -0.19850512E-011
     0.12272000E+002    -0.18771959E-001    -0.19844266E-011    -0.19868423E-011
     0.12280000E+002    -0.18771620E-001    -0.19868910E-011    -0.19893796E-011
     0.12288000E+002    -0.18771288E-001    -0.19893962E-011    -0.19918897E-011
     0.12296000E+002    -0.18770969E-001    -0.19913439E-011    -0.19936713E-011
     0.12304000E+002    -0.18770667E-001    -0.19926885E-011    -0.19947713E-011
     0.12312000E+002    -0.18770388E-001    -0.19937949E-011    -0.19957649E-011
     0.12320000E+002    -0.18770135E-001    -0.19948189E-011    -0.19969060E-011
     0.12328000E+002    -0.18769911E-001    -0.19953896E-011    -0.19977004E-011
     0.12336000E+002    -0.18769722E-001    -0.19950020E-011    -0.19974484E-011
     0.12344000E+002    -0.18769568E-001    -0.19936532E-011    -0.19961103E-011
     0.12352000E+002    -0.18769454E-001    -0.19919468E-011    -0.19944454E-011
     0.12360000E+002    -0.18769379E-001    -0.19905179E-011    -0.19932330E-011
     0.12368000E+002    -0.18769347E-001    -0.19894582E-011    -0.19924976E-011
     0.12376000E+002    -0.18769356E-001    -0.19884140E-011    -0.19916586E-011
     0.12384000E+002    -0.18769407E-001    -0.19872124E-011    -0.19903995E-011
     0.12392000E+002    -0.18769500E-001    -0.19862342E-011    -0.19891909E-011
     0.12400000E+002    -0.18769632E-001    -0.19860633E-011    -0.19888267E-011
     0.12408000E+002    -0.18769802E-001    -0.19868313E-011    -0.19895285E-011
     0.12416000E+002    -0.18770008E-001    -0.19880494E-011    -0.19907013E-011
     0.12424000E+002    -0.18770245E-001    -0.19891270E-011    -0.19916146E-011
     0.12432000E+002    -0.18770511E-001    -0.19899503E-011    -0.19921738E-011
     0.12440000E+002    -0.18770802E-001    -0.19908366E-011    -0.19928616E-011
     0.12448000E+002    -0.18771113E-001    -0.19919520E-011    -0.19939578E-011
     0.12456000E+002    -0.18771440E-001    -0.19929429E-011    -0.19950372E-011
     0.12464000E+002    -0.18771777E-001    -0.19932518E-011    -0.19953789E-011
     0.12472000E+002    -0.18772120E-001    -0.19927391E-011    -0.19947852E-011
     0.12480000E+002    -0.18772463E-001    -0.19918514E-011    -0.19938065E-011
     0.12488000E+002    -0.18772801E-001    -0.19911270E-011    -0.19930971E-011
     0.12496000E+002    -0.18773130E-001    -0.19906450E-011    -0.19927032E-011
     0.12504000E+002    -0.18773443E-001    -0.19900846E-011    -0.19921609E-011
     0.12512000E+002    -0.18773737E-001    -0.19892975E-011    -0.19912574E-011
     0.12520000E+002    -0.18774007E-001    -0.19886585E-011    -0.19904815E-011
     0.12528000E+002    -0.18774249E-001    -0.19887276E-011    -0.19905620E-011
     0.12536000E+002    -0.18774459E-001    -0.19896151E-011    -0.19916282E-011
     0.12544000E+002    -0.18774634E-001    -0.19908267E-011    -0.19930260E-011
     0.12552000E+002    -0.18774771E-001    -0.19917869E-011    -0.19940294E-011
     0.12560000E+002    -0.18774869E-001    -0.19924163E-011    -0.19945988E-011
     0.12568000E+002    -0.18774925E-001    -0.19930700E-011    -0.19952715E-011
     0.12576000E+002    -0.18774940E-001    -0.19939263E-011    -0.19963244E-011
     0.12584000E+002    -0.18774911E-001    -0.19945985E-011    -0.19972556E-011
     0.12592000E+002    -0.18774841E-001    -0.19944697E-011    -0.19972461E-011
     0.12600000E+002    -0.18774730E-001    -0.19933670E-011    -0.19960668E-011
     0.12608000E+002    -0.18774580E-001    -0.19917659E-011    -0.19943484E-011
     0.12616000E+002    -0.18774393E-001    -0.19902753E-011    -0.19928824E-011
     0.12624000E+002    -0.18774171E-001    -0.19890243E-011    -0.19917962E-011
     0.12632000E+002    -0.18773919E-001    -0.19876828E-011    -0.19905845E-011
     0.12640000E+002    -0.18773640E-001    -0.19860636E-011    -0.19889236E-011
     0.12648000E+002    -0.18773338E-001    -0.19845485E-011    -0.19872554E-011
     0.12656000E+002    -0.18773018E-001    -0.19837959E-011    -0.19864132E-011
     0.12664000E+002    -0.18772685E-001    -0.19840756E-011    -0.19867422E-011
     0.12672000E+002    -0.18772343E-001    -0.19850328E-011    -0.19877822E-011
     0.12680000E+002    -0.18771999E-001    -0.19861537E-011    -0.19888745E-011
     0.12688000E+002    -0.18771657E-001    -0.19873538E-011    -0.19899326E-011
     0.12696000E+002    -0.18771322E-001    -0.19889665E-011    -0.19914286E-011
     0.12704000E+002    -0.18771000E-001    -0.19911641E-011    -0.19936357E-011
     0.12712000E+002    -0.18770695E-001    -0.19935522E-011    -0.19960944E-011
     0.12720000E+002    -0.18770411E-001    -0.19954582E-011    -0.19979876E-011
     0.12728000E+002    -0.18770154E-001    -0.19965796E-011    -0.19989747E-011
     0.12736000E+002    -0.18769927E-001    -0.19972042E-011    -0.19994644E-011
     0.12744000E+002    -0.18769734E-001    -0.19977377E-011    -0.19999894E-011
     0.12752000E+002    -0.18769576E-001    -0.19981340E-011    -0.20004693E-011
     0.12760000E+002    -0.18769457E-001    -0.19979369E-011    -0.20002865E-011
     0.12768000E+002    -0.18769379E-001    -0.19968879E-011    -0.19990920E-011
     0.12776000E+002    -0.18769343E-001    -0.19953426E-011    -0.19973436E-011
     0.12784000E+002    -0.18769349E-001    -0.19939617E-011    -0.19958825E-011
     0.12792000E+002    -0.18769396E-001    -0.19930333E-011    -0.19950368E-011
     0.12800000E+002    -0.18769486E-001    -0.19922437E-011    -0.19943367E-011
     0.12808000E+002    -0.18769615E-001    -0.19911710E-011    -0.19931882E-011
     0.12816000E+002    -0.18769783E-001    -0.19898953E-011    -0.19916898E-011
     0.12824000E+002    -0.18769986E-001    -0.19889744E-011    -0.19905939E-011
     0.12832000E+002    -0.18770222E-001    -0.19888088E-011    -0.19904499E-011
     0.12840000E+002    -0.18770487E-001    -0.19891714E-011    -0.19909689E-011
     0.12848000E+002    -0.18770777E-001    -0.19894747E-011    -0.19913764E-011
     0.12856000E+002    -0.18771088E-001    -0.19894521E-011    -0.19913234E-011
     0.12864000E+002    -0.18771414E-001    -0.19894283E-011    -0.19912557E-011
     0.12872000E+002    -0.18771751E-001    -0.19898576E-011    -0.19918039E-011
     0.12880000E+002    -0.18772094E-001    -0.19907071E-011    -0.19929535E-011
     0.12888000E+002    -0.18772437E-001    -0.19914411E-011    -0.19940042E-011
     0.12896000E+002    -0.18772775E-001    -0.19916190E-011    -0.19943541E-011
     0.12904000E+002    -0.18773104E-001    -0.19913760E-011    -0.19941486E-011
     0.12912000E+002    -0.18773418E-001    -0.19912018E-011    -0.19940133E-011
     0.12920000E+002    -0.18773713E-001    -0.19913096E-011    -0.19942319E-011
     0.12928000E+002    -0.18773983E-001    -0.19913803E-011    -0.19944012E-011
     0.12936000E+002    -0.18774226E-001    -0.19909918E-011    -0.19939777E-011
     0.12944000E+002    -0.18774437E-001    -0.19901952E-011    -0.19930242E-011
     0.12952000E+002    -0.18774613E-001    -0.19895110E-011    -0.19922099E-011
     0.12960000E+002    -0.18774752E-001    -0.19893455E-011    -0.19920544E-011
     0.12968000E+002    -0.18774851E-001    -0.19895464E-011    -0.19923518E-011
     0.12976000E+002    -0.18774910E-001    -0.19896404E-011    -0.19924836E-011
     0.12984000E+002    -0.18774926E-001    -0.19894561E-011    -0.19922289E-011
     0.12992000E+002    -0.18774901E-001    -0.19893504E-011    -0.19920550E-011
     0.13000000E+002    -0.18774833E-001    -0.19897476E-011    -0.19925070E-011
     0.13008000E+002    -0.18774726E-001    -0.19905604E-011    -0.19934528E-011
     0.13016000E+002    -0.18774579E-001    -0.19912152E-011    -0.19941323E-011
     0.13024000E+002    -0.18774395E-001    -0.19912715E-011    -0.19939859E-011
     0.13032000E+002    -0.18774178E-001    -0.19908917E-011    -0.19932738E-011
     0.13040000E+002    -0.18773930E-001    -0.19905896E-011    -0.19927264E-011
     0.13048000E+002    -0.18773655E-001    -0.19905711E-011    -0.19926473E-011
     0.13056000E+002    -0.18773357E-001    -0.19904746E-011    -0.19925602E-011
     0.13064000E+002    -0.18773042E-001    -0.19898339E-011    -0.19918294E-011
     0.13072000E+002    -0.18772713E-001    -0.19887046E-011    -0.19905067E-011
     0.13080000E+002    -0.18772375E-001    -0.19876837E-011    -0.19893704E-011
     0.13088000E+002    -0.18772034E-001    -0.19872950E-011    -0.19890986E-011
     0.13096000E+002    -0.18771695E-001    -0.19874748E-011    -0.19895688E-011
     0.13104000E+002    -0.18771362E-001    -0.19877619E-011    -0.19901045E-011
     0.13112000E+002    -0.18771042E-001    -0.19879415E-011    -0.19903504E-011
     0.13120000E+002    -0.18770738E-001    -0.19883425E-011    -0.19907026E-011
     0.13128000E+002    -0.18770455E-001    -0.19894254E-011    -0.19917804E-011
     0.13136000E+002    -0.18770197E-001    -0.19911732E-011    -0.19936074E-011
     0.13144000E+002    -0.18769969E-001    -0.19930272E-011    -0.19955008E-011
     0.13152000E+002    -0.18769774E-001    -0.19944473E-011    -0.19967940E-011
     0.13160000E+002    -0.18769614E-001    -0.19954115E-011    -0.19975052E-011
     0.13168000E+002    -0.18769492E-001    -0.19962622E-011    -0.19981436E-011
     0.13176000E+002    -0.18769410E-001    -0.19971195E-011    -0.19989339E-011
     0.13184000E+002    -0.18769369E-001    -0.19976106E-011    -0.19994434E-011
     0.13192000E+002    -0.18769369E-001    -0.19972624E-011    -0.19990812E-011
     0.13200000E+002    -0.18769412E-001    -0.19960769E-011    -0.19978497E-011
     0.13208000E+002    -0.18769495E-001    -0.19945714E-011    -0.19963994E-011
     0.13216000E+002    -0.18769618E-001    -0.19932281E-011    -0.19953063E-011
     0.13224000E+002    -0.18769779E-001    -0.19920205E-011    -0.19944605E-011
     0.13232000E+002    -0.18769975E-001    -0.19905883E-011    -0.19933142E-011
     0.13240000E+002    -0.18770204E-001    -0.19888331E-011    -0.19916829E-011
     0.13248000E+002    -0.18770462E-001    -0.19871776E-011    -0.19900916E-011
     0.13256000E+002    -0.18770746E-001    -0.19861493E-011    -0.19892119E-011
     0.13264000E+002    -0.18771050E-001    -0.19857852E-011    -0.19890682E-011
     0.13272000E+002    -0.18771370E-001    -0.19855871E-011    -0.19889879E-011
     0.13280000E+002    -0.18771702E-001    -0.19850989E-011    -0.19883833E-011
     0.13288000E+002    -0.18772041E-001    -0.19844152E-011    -0.19874344E-011
     0.13296000E+002    -0.18772381E-001    -0.19840139E-011    -0.19868447E-011
     0.13304000E+002    -0.18772718E-001    -0.19841289E-011    -0.19869730E-011
     0.13312000E+002    -0.18773046E-001    -0.19844351E-011    -0.19873938E-011
     0.13320000E+002    -0.18773360E-001    -0.19844376E-011    -0.19874202E-011
     0.13328000E+002    -0.18773656E-001    -0.19840951E-011    -0.19869578E-011
     0.13336000E+002    -0.18773929E-001    -0.19839145E-011    -0.19866500E-011
     0.13344000E+002    -0.18774175E-001    -0.19844017E-011    -0.19871436E-011
     0.13352000E+002    -0.18774391E-001    -0.19855235E-011    -0.19883632E-011
     0.13360000E+002    -0.18774573E-001    -0.19868192E-011    -0.19896571E-011
     0.13368000E+002    -0.18774718E-001    -0.19880022E-011    -0.19906154E-011
     0.13376000E+002    -0.18774824E-001    -0.19893012E-011    -0.19915466E-011
     0.13384000E+002    -0.18774890E-001    -0.19911208E-011    -0.19930364E-011
     0.13392000E+002    -0.18774915E-001    -0.19934470E-011    -0.19951502E-011
     0.13400000E+002    -0.18774897E-001    -0.19957314E-011    -0.19972598E-011
     0.13408000E+002    -0.18774838E-001    -0.19974055E-011    -0.19987061E-011
     0.13416000E+002    -0.18774739E-001    -0.19984002E-011    -0.19994752E-011
     0.13424000E+002    -0.18774600E-001    -0.19990492E-011    -0.20000585E-011
     0.13432000E+002    -0.18774423E-001    -0.19995200E-011    -0.20006960E-011
     0.13440000E+002    -0.18774213E-001    -0.19994969E-011    -0.20009621E-011
     0.13448000E+002    -0.18773971E-001    -0.19985276E-011    -0.20002316E-011
     0.13456000E+002    -0.18773701E-001    -0.19966152E-011    -0.19984658E-011
     0.13464000E+002    -0.18773408E-001    -0.19943182E-011    -0.19963381E-011
     0.13472000E+002    -0.18773096E-001    -0.19922219E-011    -0.19945299E-011
     0.13480000E+002    -0.18772769E-001    -0.19904089E-011    -0.19930467E-011
     0.13488000E+002    -0.18772433E-001    -0.19885631E-011    -0.19913868E-011
     0.13496000E+002    -0.18772092E-001    -0.19865654E-011    -0.19893536E-011
     0.13504000E+002    -0.18771752E-001    -0.19848270E-011    -0.19874935E-011
     0.13512000E+002    -0.18771418E-001    -0.19839294E-011    -0.19865909E-011
     0.13520000E+002    -0.18771094E-001    -0.19839912E-011    -0.19868100E-011
     0.13528000E+002    -0.18770787E-001    -0.19845303E-011    -0.19875140E-011
     0.13536000E+002    -0.18770499E-001    -0.19849992E-011    -0.19879939E-011
     0.13544000E+002    -0.18770236E-001    -0.19853568E-011    -0.19882377E-011
     0.13552000E+002    -0.18770002E-001    -0.19859983E-011    -0.19888233E-011
     0.13560000E+002    -0.18769800E-001    -0.19871493E-011    -0.19900912E-011
     0.13568000E+002    -0.18769633E-001    -0.19884781E-011    -0.19916147E-011
     0.13576000E+002    -0.18769503E-001    -0.19894095E-011    -0.19926193E-011
     0.13584000E+002    -0.18769414E-001    -0.19897617E-011    -0.19928446E-011
     0.13592000E+002    -0.18769365E-001    -0.19899276E-011    -0.19927994E-011
     0.13600000E+002    -0.18769359E-001    -0.19903874E-011    -0.19931183E-011
     0.13608000E+002    -0.18769394E-001    -0.19911420E-011    -0.19938103E-011
     0.13616000E+002    -0.18769472E-001    -0.19917536E-011    -0.19943043E-011
     0.13624000E+002    -0.18769589E-001    -0.19919238E-011    -0.19942117E-011
     0.13632000E+002    -0.18769745E-001    -0.19918795E-011    -0.19938384E-011
     0.13640000E+002    -0.18769938E-001    -0.19920897E-011    -0.19938141E-011
     0.13648000E+002    -0.18770164E-001    -0.19926638E-011    -0.19943074E-011
     0.13656000E+002    -0.18770420E-001    -0.19931822E-011    -0.19948031E-011
     0.13664000E+002    -0.18770702E-001    -0.19931761E-011    -0.19947261E-011
     0.13672000E+002    -0.18771005E-001    -0.19926652E-011    -0.19941311E-011
     0.13680000E+002    -0.18771326E-001    -0.19920912E-011    -0.19935979E-011
     0.13688000E+002    -0.18771659E-001    -0.19917350E-011    -0.19934651E-011
     0.13696000E+002    -0.18772000E-001    -0.19913437E-011    -0.19933604E-011
     0.13704000E+002    -0.18772342E-001    -0.19904469E-011    -0.19926366E-011
     0.13712000E+002    -0.18772681E-001    -0.19889788E-011    -0.19911950E-011
     0.13720000E+002    -0.18773012E-001    -0.19874378E-011    -0.19896762E-011
     0.13728000E+002    -0.18773330E-001    -0.19863717E-011    -0.19887650E-011
     0.13736000E+002    -0.18773629E-001    -0.19858045E-011    -0.19884408E-011
     0.13744000E+002    -0.18773906E-001    -0.19853028E-011    -0.19880872E-011
     0.13752000E+002    -0.18774157E-001    -0.19845992E-011    -0.19873364E-011
     0.13760000E+002    -0.18774376E-001    -0.19840021E-011    -0.19866089E-011
     0.13768000E+002    -0.18774562E-001    -0.19840838E-011    -0.19866803E-011
     0.13776000E+002    -0.18774711E-001    -0.19850126E-011    -0.19877808E-011
     0.13784000E+002    -0.18774822E-001    -0.19863400E-011    -0.19893093E-011
     0.13792000E+002    -0.18774891E-001    -0.19875036E-011    -0.19905116E-011
     0.13800000E+002    -0.18774919E-001    -0.19884358E-011    -0.19913025E-011
     0.13808000E+002    -0.18774905E-001    -0.19895479E-011    -0.19922538E-011
     0.13816000E+002    -0.18774849E-001    -0.19911256E-011    -0.19937881E-011
     0.13824000E+002    -0.18774752E-001    -0.19928809E-011    -0.19955712E-011
     0.13832000E+002    -0.18774616E-001    -0.19942138E-011    -0.19968428E-011
     0.13840000E+002    -0.18774442E-001    -0.19948565E-011    -0.19972672E-011
     0.13848000E+002    -0.18774234E-001    -0.19951127E-011    -0.19972605E-011
     0.13856000E+002    -0.18773994E-001    -0.19954121E-011    -0.19974147E-011
     0.13864000E+002    -0.18773726E-001    -0.19957361E-011    -0.19977399E-011
     0.13872000E+002    -0.18773434E-001    -0.19956281E-011    -0.19976599E-011
     0.13880000E+002    -0.18773122E-001    -0.19947661E-011    -0.19967510E-011
     0.13888000E+002    -0.18772796E-001    -0.19933833E-011    -0.19952902E-011
     0.13896000E+002    -0.18772460E-001    -0.19920175E-011    -0.19939386E-011
     0.13904000E+002    -0.18772119E-001    -0.19909027E-011    -0.19929610E-011
     0.13912000E+002    -0.18771779E-001    -0.19897605E-011    -0.19919627E-011
     0.13920000E+002    -0.18771444E-001    -0.19882510E-011    -0.19904810E-011
     0.13928000E+002    -0.18771120E-001    -0.19865121E-011    -0.19886835E-011
     0.13936000E+002    -0.18770811E-001    -0.19851080E-011    -0.19872879E-011
     0.13944000E+002    -0.18770523E-001    -0.19844283E-011    -0.19867749E-011
     0.13952000E+002    -0.18770259E-001    -0.19842700E-011    -0.19868485E-011
     0.13960000E+002    -0.18770024E-001    -0.19841192E-011    -0.19868211E-011
     0.13968000E+002    -0.18769820E-001    -0.19837861E-011    -0.19864561E-011
     0.13976000E+002    -0.18769652E-001    -0.19836150E-011    -0.19862335E-011
     0.13984000E+002    -0.18769521E-001    -0.19840092E-011    -0.19867078E-011
     0.13992000E+002    -0.18769430E-001    -0.19848537E-011    -0.19877352E-011
     0.14000000E+002    -0.18769379E-001    -0.19855592E-011    -0.19885340E-011
     0.14008000E+002    -0.18769371E-001    -0.19856894E-011    -0.19885313E-011
     0.14016000E+002    -0.18769404E-001    -0.19854242E-011    -0.19879856E-011
     0.14024000E+002    -0.18769478E-001    -0.19853047E-011    -0.19876475E-011
     0.14032000E+002    -0.18769593E-001    -0.19855758E-011    -0.19878699E-011
     0.14040000E+002    -0.18769746E-001    -0.19859253E-011    -0.19882420E-011
     0.14048000E+002    -0.18769934E-001    -0.19859287E-011    -0.19881747E-011
     0.14056000E+002    -0.18770156E-001    -0.19856369E-011    -0.19877004E-011
     0.14064000E+002    -0.18770408E-001    -0.19855850E-011    -0.19875070E-011
     0.14072000E+002    -0.18770686E-001    -0.19862011E-011    -0.19881660E-011
     0.14080000E+002    -0.18770986E-001    -0.19873318E-011    -0.19894885E-011
     0.14088000E+002    -0.18771302E-001    -0.19884511E-011    -0.19907825E-011
     0.14096000E+002    -0.18771632E-001    -0.19892756E-011    -0.19916665E-011
     0.14104000E+002    -0.18771968E-001    -0.19900291E-011    -0.19924346E-011
     0.14112000E+002    -0.18772307E-001    -0.19910428E-011    -0.19935456E-011
     0.14120000E+002    -0.18772644E-001    -0.19922026E-011    -0.19948925E-011
     0.14128000E+002    -0.18772972E-001    -0.19929491E-011    -0.19957843E-011
     0.14136000E+002    -0.18773288E-001    -0.19928415E-011    -0.19956748E-011
     0.14144000E+002    -0.18773587E-001    -0.19920055E-011    -0.19947433E-011
     0.14152000E+002    -0.18773864E-001    -0.19909267E-011    -0.19936222E-011
     0.14160000E+002    -0.18774115E-001    -0.19898538E-011    -0.19926144E-011
     0.14168000E+002    -0.18774336E-001    -0.19885620E-011    -0.19913838E-011
     0.14176000E+002    -0.18774523E-001    -0.19867665E-011    -0.19895114E-011
     0.14184000E+002    -0.18774675E-001    -0.19846670E-011    -0.19872177E-011
     0.14192000E+002    -0.18774789E-001    -0.19829296E-011    -0.19853359E-011
     0.14200000E+002    -0.18774863E-001    -0.19820923E-011    -0.19845224E-011
     0.14208000E+002    -0.18774895E-001    -0.19820947E-011    -0.19846353E-011
     0.14216000E+002    -0.18774886E-001    -0.19824851E-011    -0.19850292E-011
     0.14224000E+002    -0.18774836E-001    -0.19830357E-011    -0.19853940E-011
     0.14232000E+002    -0.18774745E-001    -0.19840051E-011    -0.19861123E-011
     0.14240000E+002    -0.18774615E-001    -0.19857257E-011    -0.19876979E-011
     0.14248000E+002    -0.18774448E-001    -0.19880236E-011    -0.19899998E-011
     0.14256000E+002    -0.18774246E-001    -0.19902021E-011    -0.19921636E-011
     0.14264000E+002    -0.18774012E-001    -0.19916292E-011    -0.19934195E-011
     0.14272000E+002    -0.18773750E-001    -0.19922495E-011    -0.19937727E-011
     0.14280000E+002    -0.18773464E-001    -0.19924306E-011    -0.19937974E-011
     0.14288000E+002    -0.18773159E-001    -0.19923614E-011    -0.19938121E-011
     0.14296000E+002    -0.18772838E-001    -0.19917593E-011    -0.19934579E-011
     0.14304000E+002    -0.18772507E-001    -0.19902405E-011    -0.19921817E-011
     0.14312000E+002    -0.18772170E-001    -0.19878913E-011    -0.19900094E-011
     0.14320000E+002    -0.18771833E-001    -0.19853284E-011    -0.19876540E-011
     0.14328000E+002    -0.18771500E-001    -0.19831599E-011    -0.19858194E-011
     0.14336000E+002    -0.18771177E-001    -0.19814904E-011    -0.19845478E-011
     0.14344000E+002    -0.18770869E-001    -0.19800500E-011    -0.19833936E-011
     0.14352000E+002    -0.18770579E-001    -0.19787515E-011    -0.19821693E-011
     0.14360000E+002    -0.18770313E-001    -0.19779639E-011    -0.19813197E-011
     0.14368000E+002    -0.18770074E-001    -0.19781479E-011    -0.19814466E-011
     0.14376000E+002    -0.18769866E-001    -0.19792971E-011    -0.19825720E-011
     0.14384000E+002    -0.18769692E-001    -0.19808863E-011    -0.19840678E-011
     0.14392000E+002    -0.18769555E-001    -0.19823993E-011    -0.19853460E-011
     0.14400000E+002    -0.18769457E-001    -0.19838053E-011    -0.19864688E-011
     0.14408000E+002    -0.18769399E-001    -0.19854121E-011    -0.19879263E-011
     0.14416000E+002    -0.18769382E-001    -0.19872901E-011    -0.19898557E-011
     0.14424000E+002    -0.18769407E-001    -0.19890032E-011    -0.19916882E-011
     0.14432000E+002    -0.18769473E-001    -0.19900007E-011    -0.19926916E-011
     0.14440000E+002    -0.18769579E-001    -0.19902117E-011    -0.19927707E-011
     0.14448000E+002    -0.18769724E-001    -0.19901210E-011    -0.19925606E-011
     0.14456000E+002    -0.18769905E-001    -0.19902190E-011    -0.19926797E-011
     0.14464000E+002    -0.18770121E-001    -0.19904845E-011    -0.19930396E-011
     0.14472000E+002    -0.18770366E-001    -0.19905138E-011    -0.19930410E-011
     0.14480000E+002    -0.18770639E-001    -0.19901222E-011    -0.19924043E-011
     0.14488000E+002    -0.18770934E-001    -0.19896729E-011    -0.19916196E-011
     0.14496000E+002    -0.18771248E-001    -0.19897143E-011    -0.19914515E-011
     0.14504000E+002    -0.18771575E-001    -0.19903563E-011    -0.19920825E-011
     0.14512000E+002    -0.18771910E-001    -0.19911386E-011    -0.19929246E-011
     0.14520000E+002    -0.18772250E-001    -0.19915443E-011    -0.19933072E-011
     0.14528000E+002    -0.18772587E-001    -0.19915419E-011    -0.19932093E-011
     0.14536000E+002    -0.18772918E-001    -0.19915118E-011    -0.19931667E-011
     0.14544000E+002    -0.18773237E-001    -0.19916707E-011    -0.19934984E-011
     0.14552000E+002    -0.18773539E-001    -0.19917231E-011    -0.19938278E-011
     0.14560000E+002    -0.18773821E-001    -0.19911700E-011    -0.19934848E-011
     0.14568000E+002    -0.18774077E-001    -0.19898995E-011    -0.19922881E-011
     0.14576000E+002    -0.18774304E-001    -0.19883336E-011    -0.19907495E-011
     0.14584000E+002    -0.18774498E-001    -0.19869544E-011    -0.19894595E-011
     0.14592000E+002    -0.18774657E-001    -0.19857985E-011    -0.19884289E-011
     0.14600000E+002    -0.18774778E-001    -0.19845365E-011    -0.19872017E-011
     0.14608000E+002    -0.18774858E-001    -0.19830251E-011    -0.19855769E-011
     0.14616000E+002    -0.18774898E-001    -0.19816317E-011    -0.19840253E-011
     0.14624000E+002    -0.18774896E-001    -0.19809088E-011    -0.19832528E-011
     0.14632000E+002    -0.18774853E-001    -0.19810083E-011    -0.19834350E-011
     0.14640000E+002    -0.18774768E-001    -0.19815568E-011    -0.19840738E-011
     0.14648000E+002    -0.18774644E-001    -0.19821460E-011    -0.19846540E-011
     0.14656000E+002    -0.18774482E-001    -0.19828366E-011    -0.19852935E-011
     0.14664000E+002    -0.18774284E-001    -0.19840457E-011    -0.19865691E-011
     0.14672000E+002    -0.18774054E-001    -0.19859487E-011    -0.19887114E-011
     0.14680000E+002    -0.18773794E-001    -0.19881366E-011    -0.19911670E-011
     0.14688000E+002    -0.18773510E-001    -0.19899651E-011    -0.19930884E-011
     0.14696000E+002    -0.18773205E-001    -0.19911909E-011    -0.19941885E-011
     0.14704000E+002    -0.18772884E-001    -0.19921323E-011    -0.19949423E-011
     0.14712000E+002    -0.18772552E-001    -0.19931609E-011    -0.19958897E-011
     0.14720000E+002    -0.18772213E-001    -0.19941543E-011    -0.19968946E-011
     0.14728000E+002    -0.18771873E-001    -0.19945798E-011    -0.19972623E-011
     0.14736000E+002    -0.18771538E-001    -0.19941147E-011    -0.19965732E-011
     0.14744000E+002    -0.18771211E-001    -0.19930517E-011    -0.19952261E-011
     0.14752000E+002    -0.18770898E-001    -0.19919924E-011    -0.19940270E-011
     0.14760000E+002    -0.18770604E-001    -0.19912031E-011    -0.19933202E-011
     0.14768000E+002    -0.18770334E-001    -0.19904083E-011    -0.19927056E-011
     0.14776000E+002    -0.18770091E-001    -0.19892548E-011    -0.19916543E-011
     0.14784000E+002    -0.18769878E-001    -0.19878650E-011    -0.19902538E-011
     0.14792000E+002    -0.18769700E-001    -0.19867908E-011    -0.19891699E-011
     0.14800000E+002    -0.18769559E-001    -0.19864244E-011    -0.19888836E-011
     0.14808000E+002    -0.18769457E-001    -0.19865915E-011    -0.19891564E-011
     0.14816000E+002    -0.18769395E-001    -0.19868127E-011    -0.19893672E-011
     0.14824000E+002    -0.18769375E-001    -0.19869038E-011    -0.19892902E-011
     0.14832000E+002    -0.18769397E-001    -0.19871670E-011    -0.19893439E-011
     0.14840000E+002    -0.18769460E-001    -0.19879411E-011    -0.19900038E-011
     0.14848000E+002    -0.18769564E-001    -0.19890848E-011    -0.19911279E-011
     0.14856000E+002    -0.18769707E-001    -0.19900443E-011    -0.19920452E-011
     0.14864000E+002    -0.18769887E-001    -0.19904387E-011    -0.19923087E-011
     0.14872000E+002    -0.18770100E-001    -0.19904509E-011    -0.19921891E-011
     0.14880000E+002    -0.18770344E-001    -0.19905424E-011    -0.19922900E-011
     0.14888000E+002    -0.18770616E-001    -0.19908544E-011    -0.19927641E-011
     0.14896000E+002    -0.18770910E-001    -0.19910382E-011    -0.19931130E-011
     0.14904000E+002    -0.18771222E-001    -0.19907316E-011    -0.19928289E-011
     0.14912000E+002    -0.18771549E-001    -0.19900925E-011    -0.19921012E-011
     0.14920000E+002    -0.18771884E-001    -0.19897131E-011    -0.19916955E-011
     0.14928000E+002    -0.18772223E-001    -0.19899970E-011    -0.19921212E-011
     0.14936000E+002    -0.18772560E-001    -0.19907400E-011    -0.19930829E-011
     0.14944000E+002    -0.18772891E-001    -0.19914142E-011    -0.19938687E-011
     0.14952000E+002    -0.18773211E-001    -0.19918026E-011    -0.19942028E-011
     0.14960000E+002    -0.18773514E-001    -0.19922074E-011    -0.19945258E-011
     0.14968000E+002    -0.18773796E-001    -0.19929801E-011    -0.19953611E-011
     0.14976000E+002    -0.18774054E-001    -0.19939643E-011    -0.19965563E-011
     0.14984000E+002    -0.18774282E-001    -0.19945418E-011    -0.19973284E-011
     0.14992000E+002    -0.18774478E-001    -0.19942476E-011    -0.19970733E-011
     0.15000000E+002    -0.18774638E-001    -0.19932202E-011    -0.19959756E-011
     0.15008000E+002    -0.18774761E-001    -0.19919601E-011    -0.19946995E-011
     0.15016000E+002    -0.18774844E-001    -0.19907164E-011    -0.19935728E-011
     0.15024000E+002    -0.18774886E-001    -0.19892565E-011    -0.19922665E-011
     0.15032000E+002    -0.18774886E-001    -0.19872918E-011    -0.19903426E-011
     0.15040000E+002    -0.18774845E-001    -0.19850152E-011    -0.19879727E-011
     0.15048000E+002    -0.18774764E-001    -0.19830662E-011    -0.19859175E-011
     0.15056000E+002    -0.18774642E-001    -0.19819515E-011    -0.19847843E-011
     0.15064000E+002    -0.18774483E-001    -0.19816172E-011    -0.19844713E-011
     0.15072000E+002    -0.18774289E-001    -0.19816745E-011    -0.19844581E-011
     0.15080000E+002    -0.18774062E-001    -0.19819811E-011    -0.19845636E-011
     0.15088000E+002    -0.18773807E-001    -0.19828400E-011    -0.19852066E-011
     0.15096000E+002    -0.18773526E-001    -0.19845645E-011    -0.19868334E-011
     0.15104000E+002    -0.18773225E-001    -0.19869569E-011    -0.19892334E-011
     0.15112000E+002    -0.18772908E-001    -0.19893610E-011    -0.19916071E-011
     0.15120000E+002    -0.18772579E-001    -0.19912540E-011    -0.19933398E-011
     0.15128000E+002    -0.18772244E-001    -0.19926747E-011    -0.19945561E-011
     0.15136000E+002    -0.18771907E-001    -0.19939793E-011    -0.19957801E-011
     0.15144000E+002    -0.18771574E-001    -0.19952462E-011    -0.19971352E-011
     0.15152000E+002    -0.18771250E-001    -0.19960709E-011    -0.19980766E-011
     0.15160000E+002    -0.18770939E-001    -0.19960202E-011    -0.19980056E-011
     0.15168000E+002    -0.18770646E-001    -0.19951933E-011    -0.19970307E-011
     0.15176000E+002    -0.18770376E-001    -0.19941923E-011    -0.19959341E-011
     0.15184000E+002    -0.18770132E-001    -0.19935229E-011    -0.19953627E-011
     0.15192000E+002    -0.18769918E-001    -0.19931283E-011    -0.19951977E-011
     0.15200000E+002    -0.18769738E-001    -0.19925985E-011    -0.19948351E-011
     0.15208000E+002    -0.18769595E-001    -0.19917808E-011    -0.19940195E-011
     0.15216000E+002    -0.18769489E-001    -0.19910303E-011    -0.19932035E-011
     0.15224000E+002    -0.18769423E-001    -0.19907989E-011    -0.19930044E-011
     0.15232000E+002    -0.18769399E-001    -0.19910702E-011    -0.19934353E-011
     0.15240000E+002    -0.18769415E-001    -0.19913359E-011    -0.19938471E-011
     0.15248000E+002    -0.18769473E-001    -0.19911482E-011    -0.19936552E-011
     0.15256000E+002    -0.18769570E-001    -0.19905826E-011    -0.19929683E-011
     0.15264000E+002    -0.18769707E-001    -0.19900643E-011    -0.19923725E-011
     0.15272000E+002    -0.18769880E-001    -0.19897992E-011    -0.19921726E-011
     0.15280000E+002    -0.18770087E-001    -0.19895168E-011    -0.19920336E-011
     0.15288000E+002    -0.18770324E-001    -0.19888416E-011    -0.19914527E-011
     0.15296000E+002    -0.18770589E-001    -0.19878194E-011    -0.19904573E-011
     0.15304000E+002    -0.18770878E-001    -0.19869346E-011    -0.19896384E-011
     0.15312000E+002    -0.18771185E-001    -0.19865891E-011    -0.19894753E-011
     0.15320000E+002    -0.18771506E-001    -0.19866772E-011    -0.19897863E-011
     0.15328000E+002    -0.18771837E-001    -0.19867746E-011    -0.19899866E-011
     0.15336000E+002    -0.18772172E-001    -0.19867046E-011    -0.19898400E-011
     0.15344000E+002    -0.18772507E-001    -0.19867701E-011    -0.19897606E-011
     0.15352000E+002    -0.18772836E-001    -0.19873609E-011    -0.19902803E-011
     0.15360000E+002    -0.18773155E-001    -0.19884181E-011    -0.19913380E-011
     0.15368000E+002    -0.18773458E-001    -0.19894255E-011    -0.19922754E-011
     0.15376000E+002    -0.18773742E-001    -0.19899589E-011    -0.19925760E-011
     0.15384000E+002    -0.18774002E-001    -0.19901330E-011    -0.19924538E-011
     0.15392000E+002    -0.18774233E-001    -0.19904025E-011    -0.19925622E-011
     0.15400000E+002    -0.18774433E-001    -0.19909612E-011    -0.19931714E-011
     0.15408000E+002    -0.18774599E-001    -0.19914705E-011    -0.19938054E-011
     0.15416000E+002    -0.18774728E-001    -0.19914566E-011    -0.19937922E-011
     0.15424000E+002    -0.18774818E-001    -0.19908966E-011    -0.19930728E-011
     0.15432000E+002    -0.18774867E-001    -0.19902767E-011    -0.19922873E-011
     0.15440000E+002    -0.18774875E-001    -0.19900518E-011    -0.19920392E-011
     0.15448000E+002    -0.18774843E-001    -0.19901497E-011    -0.19922201E-011
     0.15456000E+002    -0.18774769E-001    -0.19901137E-011    -0.19921968E-011
     0.15464000E+002    -0.18774656E-001    -0.19896998E-011    -0.19916263E-011
     0.15472000E+002    -0.18774505E-001    -0.19891940E-011    -0.19908956E-011
     0.15480000E+002    -0.18774318E-001    -0.19890722E-011    -0.19906683E-011
     0.15488000E+002    -0.18774098E-001    -0.19894244E-011    -0.19911024E-011
     0.15496000E+002    -0.18773848E-001    -0.19898472E-011    -0.19916867E-011
     0.15504000E+002    -0.18773573E-001    -0.19899353E-011    -0.19918853E-011
     0.15512000E+002    -0.18773276E-001    -0.19897612E-011    -0.19917804E-011
     0.15520000E+002    -0.18772962E-001    -0.19897625E-011    -0.19919311E-011
     0.15528000E+002    -0.18772636E-001    -0.19901877E-011    -0.19926462E-011
     0.15536000E+002    -0.18772302E-001    -0.19907857E-011    -0.19935772E-011
     0.15544000E+002    -0.18771965E-001    -0.19911255E-011    -0.19941401E-011
     0.15552000E+002    -0.18771631E-001    -0.19911397E-011    -0.19942313E-011
     0.15560000E+002    -0.18771305E-001    -0.19912110E-011    -0.19943357E-011
     0.15568000E+002    -0.18770991E-001    -0.19916927E-011    -0.19948941E-011
     0.15576000E+002    -0.18770694E-001    -0.19924502E-011    -0.19957141E-011
     0.15584000E+002    -0.18770419E-001    -0.19930023E-011    -0.19961720E-011
     0.15592000E+002    -0.18770170E-001    -0.19930929E-011    -0.19959734E-011
     0.15600000E+002    -0.18769950E-001    -0.19929904E-011    -0.19955283E-011
     0.15608000E+002    -0.18769763E-001    -0.19931421E-011    -0.19954659E-011
     0.15616000E+002    -0.18769613E-001    -0.19936024E-011    -0.19958699E-011
     0.15624000E+002    -0.18769500E-001    -0.19939395E-011    -0.19961699E-011
     0.15632000E+002    -0.18769427E-001    -0.19937499E-011    -0.19958419E-011
     0.15640000E+002    -0.18769395E-001    -0.19931486E-011    -0.19950620E-011
     0.15648000E+002    -0.18769404E-001    -0.19926375E-011    -0.19945087E-011
     0.15656000E+002    -0.18769455E-001    -0.19924997E-011    -0.19945435E-011
     0.15664000E+002    -0.18769547E-001    -0.19924536E-011    -0.19947521E-011
     0.15672000E+002    -0.18769677E-001    -0.19919924E-011    -0.19944159E-011
     0.15680000E+002    -0.18769845E-001    -0.19909960E-011    -0.19933473E-011
     0.15688000E+002    -0.18770048E-001    -0.19898761E-011    -0.19920885E-011
     0.15696000E+002    -0.18770282E-001    -0.19890861E-011    -0.19912524E-011
     0.15704000E+002    -0.18770544E-001    -0.19885953E-011    -0.19908121E-011
     0.15712000E+002    -0.18770831E-001    -0.19879732E-011    -0.19902014E-011
     0.15720000E+002    -0.18771137E-001    -0.19869729E-011    -0.19890889E-011
     0.15728000E+002    -0.18771459E-001    -0.19858946E-011    -0.19878626E-011
     0.15736000E+002    -0.18771791E-001    -0.19852864E-011    -0.19872376E-011
     0.15744000E+002    -0.18772128E-001    -0.19853473E-011    -0.19874682E-011
     0.15752000E+002    -0.18772466E-001    -0.19857606E-011    -0.19881230E-011
     0.15760000E+002    -0.18772799E-001    -0.19861507E-011    -0.19886831E-011
     0.15768000E+002    -0.18773121E-001    -0.19865800E-011    -0.19891971E-011
     0.15776000E+002    -0.18773429E-001    -0.19874693E-011    -0.19901825E-011
     0.15784000E+002    -0.18773717E-001    -0.19890360E-011    -0.19919038E-011
     0.15792000E+002    -0.18773981E-001    -0.19909480E-011    -0.19939336E-011
     0.15800000E+002    -0.18774218E-001    -0.19926340E-011    -0.19955650E-011
     0.15808000E+002    -0.18774423E-001    -0.19938687E-011    -0.19965705E-011
     0.15816000E+002    -0.18774593E-001    -0.19949196E-011    -0.19973703E-011
     0.15824000E+002    -0.18774726E-001    -0.19960800E-011    -0.19984024E-011
     0.15832000E+002    -0.18774819E-001    -0.19971730E-011    -0.19994710E-011
     0.15840000E+002    -0.18774872E-001    -0.19976611E-011    -0.19999004E-011
     0.15848000E+002    -0.18774884E-001    -0.19972445E-011    -0.19993266E-011
     0.15856000E+002    -0.18774854E-001    -0.19962220E-011    -0.19981589E-011
     0.15864000E+002    -0.18774783E-001    -0.19951735E-011    -0.19971421E-011
     0.15872000E+002    -0.18774672E-001    -0.19943382E-011    -0.19965334E-011
     0.15880000E+002    -0.18774523E-001    -0.19934455E-011    -0.19958908E-011
     0.15888000E+002    -0.18774338E-001    -0.19921936E-011    -0.19947330E-011
     0.15896000E+002    -0.18774119E-001    -0.19907743E-011    -0.19932529E-011
     0.15904000E+002    -0.18773871E-001    -0.19897878E-011    -0.19922107E-011
     0.15912000E+002    -0.18773597E-001    -0.19896305E-011    -0.19921201E-011
     0.15920000E+002    -0.18773301E-001    -0.19900866E-011    -0.19926963E-011
     0.15928000E+002    -0.18772988E-001    -0.19906122E-011    -0.19932281E-011
     0.15936000E+002    -0.18772662E-001    -0.19909531E-011    -0.19934016E-011
     0.15944000E+002    -0.18772328E-001    -0.19913525E-011    -0.19935819E-011
     0.15952000E+002    -0.18771992E-001    -0.19921136E-011    -0.19942381E-011
     0.15960000E+002    -0.18771657E-001    -0.19930790E-011    -0.19952388E-011
     0.15968000E+002    -0.18771331E-001    -0.19936897E-011    -0.19959033E-011
     0.15976000E+002    -0.18771016E-001    -0.19935597E-011    -0.19957438E-011
     0.15984000E+002    -0.18770719E-001    -0.19928709E-011    -0.19949862E-011
     0.15992000E+002    -0.18770442E-001    -0.19921164E-011    -0.19942488E-011
     0.16000000E+002    -0.18770192E-001    -0.19915163E-011    -0.19937876E-011
     0.16008000E+002    -0.18769971E-001    -0.19908307E-011    -0.19932518E-011
     0.16016000E+002    -0.18769783E-001    -0.19897860E-011    -0.19922406E-011
     0.16024000E+002    -0.18769630E-001    -0.19885621E-011    -0.19909413E-011
     0.16032000E+002    -0.18769515E-001    -0.19877152E-011    -0.19900330E-011
     0.16040000E+002    -0.18769440E-001    -0.19876039E-011    -0.19899497E-011
     0.16048000E+002    -0.18769406E-001    -0.19880166E-011    -0.19904032E-011
     0.16056000E+002    -0.18769412E-001    -0.19884572E-011    -0.19907668E-011
     0.16064000E+002    -0.18769461E-001    -0.19887339E-011    -0.19908446E-011
     0.16072000E+002    -0.18769549E-001    -0.19891303E-011    -0.19910775E-011
     0.16080000E+002    -0.18769677E-001    -0.19899483E-011    -0.19919222E-011
     0.16088000E+002    -0.18769842E-001    -0.19909937E-011    -0.19931599E-011
     0.16096000E+002    -0.18770042E-001    -0.19916624E-011    -0.19940115E-011
     0.16104000E+002    -0.18770273E-001    -0.19915450E-011    -0.19939483E-011
     0.16112000E+002    -0.18770532E-001    -0.19908375E-011    -0.19932369E-011
     0.16120000E+002    -0.18770815E-001    -0.19900686E-011    -0.19925721E-011
     0.16128000E+002    -0.18771118E-001    -0.19894792E-011    -0.19922402E-011
     0.16136000E+002    -0.18771436E-001    -0.19888102E-011    -0.19918320E-011
     0.16144000E+002    -0.18771765E-001    -0.19877460E-011    -0.19908458E-011
     0.16152000E+002    -0.18772099E-001    -0.19864540E-011    -0.19894330E-011
     0.16160000E+002    -0.18772434E-001    -0.19855518E-011    -0.19883763E-011
     0.16168000E+002    -0.18772763E-001    -0.19855180E-011    -0.19883088E-011
     0.16176000E+002    -0.18773084E-001    -0.19862475E-011    -0.19891006E-011
     0.16184000E+002    -0.18773390E-001    -0.19872667E-011    -0.19901272E-011
     0.16192000E+002    -0.18773677E-001    -0.19883194E-011    -0.19910511E-011
     0.16200000E+002    -0.18773940E-001    -0.19896049E-011    -0.19921563E-011
     0.16208000E+002    -0.18774177E-001    -0.19913901E-011    -0.19938502E-011
     0.16216000E+002    -0.18774382E-001    -0.19934972E-011    -0.19959734E-011
     0.16224000E+002    -0.18774554E-001    -0.19953240E-011    -0.19978003E-011
     0.16232000E+002    -0.18774690E-001    -0.19963822E-011    -0.19987348E-011
     0.16240000E+002    -0.18774787E-001    -0.19967132E-011    -0.19988575E-011
     0.16248000E+002    -0.18774844E-001    -0.19966890E-011    -0.19986739E-011
     0.16256000E+002    -0.18774861E-001    -0.19964631E-011    -0.19983957E-011
     0.16264000E+002    -0.18774836E-001    -0.19957688E-011    -0.19976718E-011
     0.16272000E+002    -0.18774771E-001    -0.19943101E-011    -0.19961020E-011
     0.16280000E+002    -0.18774667E-001    -0.19922512E-011    -0.19938776E-011
     0.16288000E+002    -0.18774524E-001    -0.19901788E-011    -0.19917295E-011
     0.16296000E+002    -0.18774346E-001    -0.19885539E-011    -0.19902056E-011
     0.16304000E+002    -0.18774134E-001    -0.19873108E-011    -0.19891511E-011
     0.16312000E+002    -0.18773893E-001    -0.19860849E-011    -0.19880314E-011
     0.16320000E+002    -0.18773625E-001    -0.19847800E-011    -0.19866980E-011
     0.16328000E+002    -0.18773335E-001    -0.19837737E-011    -0.19856581E-011
     0.16336000E+002    -0.18773027E-001    -0.19834946E-011    -0.19854969E-011
     0.16344000E+002    -0.18772705E-001    -0.19838851E-011    -0.19861463E-011
     0.16352000E+002    -0.18772375E-001    -0.19844160E-011    -0.19869056E-011
     0.16360000E+002    -0.18772042E-001    -0.19846450E-011    -0.19872015E-011
     0.16368000E+002    -0.18771710E-001    -0.19846607E-011    -0.19871881E-011
     0.16376000E+002    -0.18771385E-001    -0.19848833E-011    -0.19874719E-011
     0.16384000E+002    -0.18771071E-001    -0.19854735E-011    -0.19882979E-011
     0.16392000E+002    -0.18770773E-001    -0.19860806E-011    -0.19891952E-011
     0.16400000E+002    -0.18770495E-001    -0.19862336E-011    -0.19895035E-011
     0.16408000E+002    -0.18770242E-001    -0.19859016E-011    -0.19891431E-011
     0.16416000E+002    -0.18770018E-001    -0.19855444E-011    -0.19887025E-011
     0.16424000E+002    -0.18769825E-001    -0.19855898E-011    -0.19887454E-011
     0.16432000E+002    -0.18769667E-001    -0.19859780E-011    -0.19891876E-011
     0.16440000E+002    -0.18769546E-001    -0.19863110E-011    -0.19894874E-011
     0.16448000E+002    -0.18769465E-001    -0.19864038E-011    -0.19893820E-011
     0.16456000E+002    -0.18769424E-001    -0.19865526E-011    -0.19892559E-011
     0.16464000E+002    -0.18769423E-001    -0.19871822E-011    -0.19896844E-011
     0.16472000E+002    -0.18769464E-001    -0.19883140E-011    -0.19907256E-011
     0.16480000E+002    -0.18769544E-001    -0.19895110E-011    -0.19918408E-011
     0.16488000E+002    -0.18769664E-001    -0.19903624E-011    -0.19925298E-011
     0.16496000E+002    -0.18769821E-001    -0.19909161E-011    -0.19928931E-011
     0.16504000E+002    -0.18770014E-001    -0.19915245E-011    -0.19934230E-011
     0.16512000E+002    -0.18770238E-001    -0.19923038E-011    -0.19942849E-011
     0.16520000E+002    -0.18770491E-001    -0.19928896E-011    -0.19950034E-011
     0.16528000E+002    -0.18770768E-001    -0.19928007E-011    -0.19949556E-011
     0.16536000E+002    -0.18771067E-001    -0.19919784E-011    -0.19940811E-011
     0.16544000E+002    -0.18771382E-001    -0.19908392E-011    -0.19929346E-011
     0.16552000E+002    -0.18771708E-001    -0.19897702E-011    -0.19920017E-011
     0.16560000E+002    -0.18772041E-001    -0.19886914E-011    -0.19911206E-011
     0.16568000E+002    -0.18772375E-001    -0.19872217E-011    -0.19897298E-011
     0.16576000E+002    -0.18772706E-001    -0.19852541E-011    -0.19876504E-011
     0.16584000E+002    -0.18773029E-001    -0.19832333E-011    -0.19854545E-011
     0.16592000E+002    -0.18773338E-001    -0.19817800E-011    -0.19839486E-011
     0.16600000E+002    -0.18773629E-001    -0.19811059E-011    -0.19833778E-011
     0.16608000E+002    -0.18773898E-001    -0.19809132E-011    -0.19833008E-011
     0.16616000E+002    -0.18774140E-001    -0.19808833E-011    -0.19832587E-011
     0.16624000E+002    -0.18774352E-001    -0.19811484E-011    -0.19834178E-011
     0.16632000E+002    -0.18774531E-001    -0.19821554E-011    -0.19843900E-011
     0.16640000E+002    -0.18774673E-001    -0.19840849E-011    -0.19864465E-011
     0.16648000E+002    -0.18774777E-001    -0.19865350E-011    -0.19890873E-011
     0.16656000E+002    -0.18774842E-001    -0.19888529E-011    -0.19914816E-011
     0.16664000E+002    -0.18774866E-001    -0.19907229E-011    -0.19932524E-011
     0.16672000E+002    -0.18774848E-001    -0.19923091E-011    -0.19946734E-011
     0.16680000E+002    -0.18774789E-001    -0.19938079E-011    -0.19960745E-011
     0.16688000E+002    -0.18774691E-001    -0.19949984E-011    -0.19972368E-011
     0.16696000E+002    -0.18774554E-001    -0.19953608E-011    -0.19975375E-011
     0.16704000E+002    -0.18774380E-001    -0.19946339E-011    -0.19966697E-011
     0.16712000E+002    -0.18774173E-001    -0.19931292E-011    -0.19950453E-011
     0.16720000E+002    -0.18773935E-001    -0.19914098E-011    -0.19933704E-011
     0.16728000E+002    -0.18773669E-001    -0.19897298E-011    -0.19919156E-011
     0.16736000E+002    -0.18773381E-001    -0.19879128E-011    -0.19903747E-011
     0.16744000E+002    -0.18773074E-001    -0.19857993E-011    -0.19884641E-011
     0.16752000E+002    -0.18772752E-001    -0.19836882E-011    -0.19865003E-011
     0.16760000E+002    -0.18772421E-001    -0.19821876E-011    -0.19852009E-011
     0.16768000E+002    -0.18772086E-001    -0.19816332E-011    -0.19849242E-011
     0.16776000E+002    -0.18771752E-001    -0.19817728E-011    -0.19852817E-011
     0.16784000E+002    -0.18771424E-001    -0.19821017E-011    -0.19856056E-011
     0.16792000E+002    -0.18771106E-001    -0.19824479E-011    -0.19857218E-011
     0.16800000E+002    -0.18770803E-001    -0.19830937E-011    -0.19860875E-011
     0.16808000E+002    -0.18770521E-001    -0.19842908E-011    -0.19871181E-011
     0.16816000E+002    -0.18770263E-001    -0.19857825E-011    -0.19885403E-011
     0.16824000E+002    -0.18770034E-001    -0.19869372E-011    -0.19895726E-011
     0.16832000E+002    -0.18769836E-001    -0.19873636E-011    -0.19897445E-011
     0.16840000E+002    -0.18769674E-001    -0.19872793E-011    -0.19893830E-011
     0.16848000E+002    -0.18769548E-001    -0.19871960E-011    -0.19891818E-011
     0.16856000E+002    -0.18769462E-001    -0.19873138E-011    -0.19893862E-011
     0.16864000E+002    -0.18769417E-001    -0.19873536E-011    -0.19895715E-011
     0.16872000E+002    -0.18769412E-001    -0.19870152E-011    -0.19892614E-011
     0.16880000E+002    -0.18769450E-001    -0.19864807E-011    -0.19886193E-011
     0.16888000E+002    -0.18769527E-001    -0.19863233E-011    -0.19883513E-011
     0.16896000E+002    -0.18769645E-001    -0.19869218E-011    -0.19889402E-011
     0.16904000E+002    -0.18769800E-001    -0.19880793E-011    -0.19901379E-011
     0.16912000E+002    -0.18769991E-001    -0.19892917E-011    -0.19913061E-011
     0.16920000E+002    -0.18770214E-001    -0.19903258E-011    -0.19921696E-011
     0.16928000E+002    -0.18770466E-001    -0.19913911E-011    -0.19930488E-011
     0.16936000E+002    -0.18770743E-001    -0.19927176E-011    -0.19943072E-011
     0.16944000E+002    -0.18771041E-001    -0.19940910E-011    -0.19957392E-011
     0.16952000E+002    -0.18771356E-001    -0.19949456E-011    -0.19966752E-011
     0.16960000E+002    -0.18771682E-001    -0.19949242E-011    -0.19966931E-011
     0.16968000E+002    -0.18772015E-001    -0.19942259E-011    -0.19960605E-011
     0.16976000E+002    -0.18772350E-001    -0.19933181E-011    -0.19953550E-011
     0.16984000E+002    -0.18772681E-001    -0.19923785E-011    -0.19947466E-011
     0.16992000E+002    -0.18773004E-001    -0.19911559E-011    -0.19938358E-011
     0.17000000E+002    -0.18773314E-001    -0.19894181E-011    -0.19922535E-011
     0.17008000E+002    -0.18773606E-001    -0.19874198E-011    -0.19902776E-011
     0.17016000E+002    -0.18773876E-001    -0.19857793E-011    -0.19886665E-011
     0.17024000E+002    -0.18774119E-001    -0.19848902E-011    -0.19878847E-011
     0.17032000E+002    -0.18774332E-001    -0.19845658E-011    -0.19876494E-011
     0.17040000E+002    -0.18774513E-001    -0.19843460E-011    -0.19873507E-011
     0.17048000E+002    -0.18774657E-001    -0.19840937E-011    -0.19868454E-011
     0.17056000E+002    -0.18774763E-001    -0.19841463E-011    -0.19866481E-011
     0.17064000E+002    -0.18774830E-001    -0.19848420E-011    -0.19872787E-011
     0.17072000E+002    -0.18774856E-001    -0.19860067E-011    -0.19885612E-011
     0.17080000E+002    -0.18774841E-001    -0.19870377E-011    -0.19897236E-011
     0.17088000E+002    -0.18774785E-001    -0.19875050E-011    -0.19902011E-011
     0.17096000E+002    -0.18774689E-001    -0.19875526E-011    -0.19901848E-011
     0.17104000E+002    -0.18774555E-001    -0.19876297E-011    -0.19902733E-011
     0.17112000E+002    -0.18774384E-001    -0.19878975E-011    -0.19906772E-011
     0.17120000E+002    -0.18774180E-001    -0.19880331E-011    -0.19909463E-011
     0.17128000E+002    -0.18773945E-001    -0.19876634E-011    -0.19905401E-011
     0.17136000E+002    -0.18773683E-001    -0.19868836E-011    -0.19895358E-011
     0.17144000E+002    -0.18773398E-001    -0.19862148E-011    -0.19885986E-011
     0.17152000E+002    -0.18773094E-001    -0.19860537E-011    -0.19882631E-011
     0.17160000E+002    -0.18772775E-001    -0.19862779E-011    -0.19883992E-011
     0.17168000E+002    -0.18772448E-001    -0.19864760E-011    -0.19884901E-011
     0.17176000E+002    -0.18772116E-001    -0.19865022E-011    -0.19883534E-011
     0.17184000E+002    -0.18771784E-001    -0.19866578E-011    -0.19883879E-011
     0.17192000E+002    -0.18771458E-001    -0.19872861E-011    -0.19890485E-011
     0.17200000E+002    -0.18771142E-001    -0.19882916E-011    -0.19902191E-011
     0.17208000E+002    -0.18770841E-001    -0.19891905E-011    -0.19912739E-011
     0.17216000E+002    -0.18770560E-001    -0.19896447E-011    -0.19917738E-011
     0.17224000E+002    -0.18770302E-001    -0.19898212E-011    -0.19919390E-011
     0.17232000E+002    -0.18770073E-001    -0.19901378E-011    -0.19923109E-011
     0.17240000E+002    -0.18769875E-001    -0.19907127E-011    -0.19930297E-011
     0.17248000E+002    -0.18769710E-001    -0.19911964E-011    -0.19936213E-011
     0.17256000E+002    -0.18769583E-001    -0.19912019E-011    -0.19935742E-011
     0.17264000E+002    -0.18769493E-001    -0.19908016E-011    -0.19930018E-011
     0.17272000E+002    -0.18769444E-001    -0.19904702E-011    -0.19925554E-011
     0.17280000E+002    -0.18769435E-001    -0.19905355E-011    -0.19926793E-011
     0.17288000E+002    -0.18769467E-001    -0.19907973E-011    -0.19930991E-011
     0.17296000E+002    -0.18769539E-001    -0.19907832E-011    -0.19931668E-011
     0.17304000E+002    -0.18769651E-001    -0.19903332E-011    -0.19926589E-011
     0.17312000E+002    -0.18769799E-001    -0.19897994E-011    -0.19920515E-011
     0.17320000E+002    -0.18769983E-001    -0.19896242E-011    -0.19919489E-011
     0.17328000E+002    -0.18770200E-001    -0.19898078E-011    -0.19923570E-011
     0.17336000E+002    -0.18770445E-001    -0.19899118E-011    -0.19926743E-011
     0.17344000E+002    -0.18770716E-001    -0.19895923E-011    -0.19924130E-011
     0.17352000E+002    -0.18771008E-001    -0.19890068E-011    -0.19917648E-011
     0.17360000E+002    -0.18771317E-001    -0.19886054E-011    -0.19913340E-011
     0.17368000E+002    -0.18771639E-001    -0.19885692E-011    -0.19913831E-011
     0.17376000E+002    -0.18771968E-001    -0.19885800E-011    -0.19915071E-011
     0.17384000E+002    -0.18772299E-001    -0.19882035E-011    -0.19911298E-011
     0.17392000E+002    -0.18772628E-001    -0.19874080E-011    -0.19902008E-011
     0.17400000E+002    -0.18772950E-001    -0.19865849E-011    -0.19892353E-011
     0.17408000E+002    -0.18773259E-001    -0.19860618E-011    -0.19886726E-011
     0.17416000E+002    -0.18773552E-001    -0.19857107E-011    -0.19883527E-011
     0.17424000E+002    -0.18773823E-001    -0.19851410E-011    -0.19877607E-011
     0.17432000E+002    -0.18774069E-001    -0.19842342E-011    -0.19867310E-011
     0.17440000E+002    -0.18774286E-001    -0.19833511E-011    -0.19857198E-011
     0.17448000E+002    -0.18774471E-001    -0.19829533E-011    -0.19853043E-011
     0.17456000E+002    -0.18774620E-001    -0.19830969E-011    -0.19855214E-011
     0.17464000E+002    -0.18774733E-001    -0.19834196E-011    -0.19858649E-011
     0.17472000E+002    -0.18774806E-001    -0.19836395E-011    -0.19859573E-011
     0.17480000E+002    -0.18774839E-001    -0.19839386E-011    -0.19860578E-011
     0.17488000E+002    -0.18774831E-001    -0.19847535E-011    -0.19867667E-011
     0.17496000E+002    -0.18774783E-001    -0.19862168E-011    -0.19882738E-011
     0.17504000E+002    -0.18774695E-001    -0.19879307E-011    -0.19900620E-011
     0.17512000E+002    -0.18774569E-001    -0.19893626E-011    -0.19914501E-011
     0.17520000E+002    -0.18774406E-001    -0.19903872E-011    -0.19923241E-011
     0.17528000E+002    -0.18774209E-001    -0.19913251E-011    -0.19931715E-011
     0.17536000E+002    -0.18773981E-001    -0.19924392E-011    -0.19943859E-011
     0.17544000E+002    -0.18773725E-001    -0.19935082E-011    -0.19956834E-011
     0.17552000E+002    -0.18773445E-001    -0.19940121E-011    -0.19963548E-011
     0.17560000E+002    -0.18773145E-001    -0.19937119E-011    -0.19960607E-011
     0.17568000E+002    -0.18772830E-001    -0.19929250E-011    -0.19952122E-011
     0.17576000E+002    -0.18772505E-001    -0.19921714E-011    -0.19944948E-011
     0.17584000E+002    -0.18772174E-001    -0.19916153E-011    -0.19941131E-011
     0.17592000E+002    -0.18771842E-001    -0.19909742E-011    -0.19936590E-011
     0.17600000E+002    -0.18771515E-001    -0.19899861E-011    -0.19927400E-011
     0.17608000E+002    -0.18771196E-001    -0.19888384E-011    -0.19915640E-011
     0.17616000E+002    -0.18770892E-001    -0.19880267E-011    -0.19907617E-011
     0.17624000E+002    -0.18770607E-001    -0.19878097E-011    -0.19906674E-011
     0.17632000E+002    -0.18770344E-001    -0.19879268E-011    -0.19909388E-011
     0.17640000E+002    -0.18770109E-001    -0.19879253E-011    -0.19909827E-011
     0.17648000E+002    -0.18769904E-001    -0.19876854E-011    -0.19906478E-011
     0.17656000E+002    -0.18769733E-001    -0.19875076E-011    -0.19903339E-011
     0.17664000E+002    -0.18769598E-001    -0.19876672E-011    -0.19904097E-011
     0.17672000E+002    -0.18769502E-001    -0.19880041E-011    -0.19906792E-011
     0.17680000E+002    -0.18769445E-001    -0.19880778E-011    -0.19905907E-011
     0.17688000E+002    -0.18769429E-001    -0.19877028E-011    -0.19899379E-011
     0.17696000E+002    -0.18769454E-001    -0.19872031E-011    -0.19891725E-011
     0.17704000E+002    -0.18769520E-001    -0.19870618E-011    -0.19889254E-011
     0.17712000E+002    -0.18769626E-001    -0.19873798E-011    -0.19892984E-011
     0.17720000E+002    -0.18769769E-001    -0.19878063E-011    -0.19897951E-011
     0.17728000E+002    -0.18769948E-001    -0.19880233E-011    -0.19899840E-011
     0.17736000E+002    -0.18770161E-001    -0.19881776E-011    -0.19900677E-011
     0.17744000E+002    -0.18770403E-001    -0.19887211E-011    -0.19906498E-011
     0.17752000E+002    -0.18770671E-001    -0.19898343E-011    -0.19919624E-011
     0.17760000E+002    -0.18770962E-001    -0.19911376E-011    -0.19934902E-011
     0.17768000E+002    -0.18771270E-001    -0.19920554E-011    -0.19944764E-011
     0.17776000E+002    -0.18771592E-001    -0.19924015E-011    -0.19947115E-011
     0.17784000E+002    -0.18771922E-001    -0.19924927E-011    -0.19946719E-011
     0.17792000E+002    -0.18772255E-001    -0.19926653E-011    -0.19948554E-011
     0.17800000E+002    -0.18772586E-001    -0.19927925E-011    -0.19951210E-011
     0.17808000E+002    -0.18772911E-001    -0.19924061E-011    -0.19948441E-011
     0.17816000E+002    -0.18773224E-001    -0.19912725E-011    -0.19936905E-011
     0.17824000E+002    -0.18773521E-001    -0.19897258E-011    -0.19920683E-011
     0.17832000E+002    -0.18773797E-001    -0.19883555E-011    -0.19907215E-011
     0.17840000E+002    -0.18774048E-001    -0.19874219E-011    -0.19899568E-011
     0.17848000E+002    -0.18774269E-001    -0.19867053E-011    -0.19894364E-011
     0.17856000E+002    -0.18774459E-001    -0.19859420E-011    -0.19887565E-011
     0.17864000E+002    -0.18774614E-001    -0.19852850E-011    -0.19880630E-011
     0.17872000E+002    -0.18774731E-001    -0.19852081E-011    -0.19879423E-011
     0.17880000E+002    -0.18774809E-001    -0.19859632E-011    -0.19887221E-011
     0.17888000E+002    -0.18774846E-001    -0.19872609E-011    -0.19900530E-011
     0.17896000E+002    -0.18774843E-001    -0.19885713E-011    -0.19912937E-011
     0.17904000E+002    -0.18774798E-001    -0.19896702E-011    -0.19922115E-011
     0.17912000E+002    -0.18774713E-001    -0.19907703E-011    -0.19931383E-011
     0.17920000E+002    -0.18774590E-001    -0.19920903E-011    -0.19944032E-011
     0.17928000E+002    -0.18774429E-001    -0.19934187E-011    -0.19957664E-011
     0.17936000E+002    -0.18774233E-001    -0.19942454E-011    -0.19965954E-011
     0.17944000E+002    -0.18774006E-001    -0.19943127E-011    -0.19965838E-011
     0.17952000E+002    -0.18773751E-001    -0.19939174E-011    -0.19961271E-011
     0.17960000E+002    -0.18773472E-001    -0.19935823E-011    -0.19958800E-011
     0.17968000E+002    -0.18773172E-001    -0.19934856E-011    -0.19960102E-011
     0.17976000E+002    -0.18772857E-001    -0.19933431E-011    -0.19960644E-011
     0.17984000E+002    -0.18772531E-001    -0.19928751E-011    -0.19956116E-011
     0.17992000E+002    -0.18772200E-001    -0.19922709E-011    -0.19948653E-011
     0.18000000E+002    -0.18771867E-001    -0.19920643E-011    -0.19945166E-011
     0.18008000E+002    -0.18771539E-001    -0.19925469E-011    -0.19949520E-011
     0.18016000E+002    -0.18771220E-001    -0.19934289E-011    -0.19957982E-011
     0.18024000E+002    -0.18770915E-001    -0.19941582E-011    -0.19963526E-011
     0.18032000E+002    -0.18770629E-001    -0.19945136E-011    -0.19963742E-011
     0.18040000E+002    -0.18770365E-001    -0.19947640E-011    -0.19962941E-011
     0.18048000E+002    -0.18770129E-001    -0.19952141E-011    -0.19966029E-011
     0.18056000E+002    -0.18769923E-001    -0.19957114E-011    -0.19971694E-011
     0.18064000E+002    -0.18769750E-001    -0.19957314E-011    -0.19973316E-011
     0.18072000E+002    -0.18769613E-001    -0.19949419E-011    -0.19966372E-011
     0.18080000E+002    -0.18769515E-001    -0.19935666E-011    -0.19953385E-011
     0.18088000E+002    -0.18769456E-001    -0.19921154E-011    -0.19940584E-011
     0.18096000E+002    -0.18769438E-001    -0.19908194E-011    -0.19930528E-011
     0.18104000E+002    -0.18769461E-001    -0.19894661E-011    -0.19919875E-011
     0.18112000E+002    -0.18769524E-001    -0.19878174E-011    -0.19904848E-011
     0.18120000E+002    -0.18769626E-001    -0.19860720E-011    -0.19887382E-011
     0.18128000E+002    -0.18769767E-001    -0.19847860E-011    -0.19874264E-011
     0.18136000E+002    -0.18769943E-001    -0.19843298E-011    -0.19870140E-011
     0.18144000E+002    -0.18770152E-001    -0.19845464E-011    -0.19873024E-011
     0.18152000E+002    -0.18770391E-001    -0.19850193E-011    -0.19877744E-011
     0.18160000E+002    -0.18770657E-001    -0.19856081E-011    -0.19882849E-011
     0.18168000E+002    -0.18770944E-001    -0.19865890E-011    -0.19892331E-011
     0.18176000E+002    -0.18771250E-001    -0.19882216E-011    -0.19909888E-011
     0.18184000E+002    -0.18771568E-001    -0.19902902E-011    -0.19932864E-011
     0.18192000E+002    -0.18771895E-001    -0.19922055E-011    -0.19953669E-011
     0.18200000E+002    -0.18772226E-001    -0.19935612E-011    -0.19967189E-011
     0.18208000E+002    -0.18772555E-001    -0.19944850E-011    -0.19975400E-011
     0.18216000E+002    -0.18772878E-001    -0.19953605E-011    -0.19983618E-011
     0.18224000E+002    -0.18773189E-001    -0.19962652E-011    -0.19992941E-011
     0.18232000E+002    -0.18773485E-001    -0.19968223E-011    -0.19998272E-011
     0.18240000E+002    -0.18773760E-001    -0.19966443E-011    -0.19994344E-011
     0.18248000E+002    -0.18774010E-001    -0.19958310E-011    -0.19982464E-011
     0.18256000E+002    -0.18774233E-001    -0.19949087E-011    -0.19969765E-011
     0.18264000E+002    -0.18774423E-001    -0.19942737E-011    -0.19961677E-011
     0.18272000E+002    -0.18774579E-001    -0.19938131E-011    -0.19956663E-011
     0.18280000E+002    -0.18774699E-001    -0.19931474E-011    -0.19949400E-011
     0.18288000E+002    -0.18774779E-001    -0.19921851E-011    -0.19938279E-011
     0.18296000E+002    -0.18774820E-001    -0.19913098E-011    -0.19928123E-011
     0.18304000E+002    -0.18774821E-001    -0.19909666E-011    -0.19924811E-011
     0.18312000E+002    -0.18774781E-001    -0.19911605E-011    -0.19928468E-011
     0.18320000E+002    -0.18774702E-001    -0.19914757E-011    -0.19933547E-011
     0.18328000E+002    -0.18774584E-001    -0.19915771E-011    -0.19935437E-011
     0.18336000E+002    -0.18774429E-001    -0.19915807E-011    -0.19935501E-011
     0.18344000E+002    -0.18774240E-001    -0.19918389E-011    -0.19938423E-011
     0.18352000E+002    -0.18774020E-001    -0.19924216E-011    -0.19945370E-011
     0.18360000E+002    -0.18773771E-001    -0.19929498E-011    -0.19951684E-011
     0.18368000E+002    -0.18773498E-001    -0.19929891E-011    -0.19951980E-011
     0.18376000E+002    -0.18773205E-001    -0.19925284E-011    -0.19946363E-011
     0.18384000E+002    -0.18772895E-001    -0.19919546E-011    -0.19940081E-011
     0.18392000E+002    -0.18772574E-001    -0.19915579E-011    -0.19936957E-011
     0.18400000E+002    -0.18772247E-001    -0.19911878E-011    -0.19934868E-011
     0.18408000E+002    -0.18771918E-001    -0.19904857E-011    -0.19928901E-011
     0.18416000E+002    -0.18771592E-001    -0.19894070E-011    -0.19918288E-011
     0.18424000E+002    -0.18771275E-001    -0.19883821E-011    -0.19908481E-011
     0.18432000E+002    -0.18770970E-001    -0.19878924E-011    -0.19905448E-011
     0.18440000E+002    -0.18770683E-001    -0.19879690E-011    -0.19909007E-011
     0.18448000E+002    -0.18770417E-001    -0.19882143E-011    -0.19913348E-011
     0.18456000E+002    -0.18770178E-001    -0.19883183E-011    -0.19914141E-011
     0.18464000E+002    -0.18769968E-001    -0.19884392E-011    -0.19913705E-011
     0.18472000E+002    -0.18769791E-001    -0.19889775E-011    -0.19917879E-011
     0.18480000E+002    -0.18769649E-001    -0.19900171E-011    -0.19928311E-011
     0.18488000E+002    -0.18769544E-001    -0.19911215E-011    -0.19939603E-011
     0.18496000E+002    -0.18769479E-001    -0.19917379E-011    -0.19944760E-011
     0.18504000E+002    -0.18769454E-001    -0.19917398E-011    -0.19942529E-011
     0.18512000E+002    -0.18769469E-001    -0.19914655E-011    -0.19937933E-011
     0.18520000E+002    -0.18769524E-001    -0.19912253E-011    -0.19935491E-011
     0.18528000E+002    -0.18769619E-001    -0.19908962E-011    -0.19933584E-011
     0.18536000E+002    -0.18769752E-001    -0.19900955E-011    -0.19926709E-011
     0.18544000E+002    -0.18769921E-001    -0.19887190E-011    -0.19912765E-011
     0.18552000E+002    -0.18770123E-001    -0.19871807E-011    -0.19896507E-011
     0.18560000E+002    -0.18770356E-001    -0.19860524E-011    -0.19884925E-011
     0.18568000E+002    -0.18770615E-001    -0.19855408E-011    -0.19880320E-011
     0.18576000E+002    -0.18770898E-001    -0.19854174E-011    -0.19879358E-011
     0.18584000E+002    -0.18771199E-001    -0.19854558E-011    -0.19878839E-011
     0.18592000E+002    -0.18771514E-001    -0.19858105E-011    -0.19880748E-011
     0.18600000E+002    -0.18771839E-001    -0.19868483E-011    -0.19890068E-011
     0.18608000E+002    -0.18772168E-001    -0.19886403E-011    -0.19908072E-011
     0.18616000E+002    -0.18772497E-001    -0.19907488E-011    -0.19929557E-011
     0.18624000E+002    -0.18772821E-001    -0.19925869E-011    -0.19947541E-011
     0.18632000E+002    -0.18773134E-001    -0.19939310E-011    -0.19959867E-011
     0.18640000E+002    -0.18773433E-001    -0.19949710E-011    -0.19969662E-011
     0.18648000E+002    -0.18773712E-001    -0.19958620E-011    -0.19979249E-011
     0.18656000E+002    -0.18773968E-001    -0.19963591E-011    -0.19985401E-011
     0.18664000E+002    -0.18774196E-001    -0.19960124E-011    -0.19982124E-011
     0.18672000E+002    -0.18774393E-001    -0.19947068E-011    -0.19967868E-011
     0.18680000E+002    -0.18774556E-001    -0.19928843E-011    -0.19948365E-011
     0.18688000E+002    -0.18774683E-001    -0.19911546E-011    -0.19931253E-011
     0.18696000E+002    -0.18774772E-001    -0.19897471E-011    -0.19918778E-011
     0.18704000E+002    -0.18774820E-001    -0.19884440E-011    -0.19907171E-011
     0.18712000E+002    -0.18774828E-001    -0.19870554E-011    -0.19893244E-011
     0.18720000E+002    -0.18774795E-001    -0.19858368E-011    -0.19880090E-011
     0.18728000E+002    -0.18774722E-001    -0.19853104E-011    -0.19874644E-011
     0.18736000E+002    -0.18774611E-001    -0.19856966E-011    -0.19879937E-011
     0.18744000E+002    -0.18774461E-001    -0.19866363E-011    -0.19891359E-011
     0.18752000E+002    -0.18774277E-001    -0.19875446E-011    -0.19901397E-011
     0.18760000E+002    -0.18774060E-001    -0.19881820E-011    -0.19907297E-011
     0.18768000E+002    -0.18773815E-001    -0.19887656E-011    -0.19912553E-011
     0.18776000E+002    -0.18773544E-001    -0.19895183E-011    -0.19920772E-011
     0.18784000E+002    -0.18773251E-001    -0.19902366E-011    -0.19929779E-011
     0.18792000E+002    -0.18772942E-001    -0.19904206E-011    -0.19933193E-011
     0.18800000E+002    -0.18772621E-001    -0.19898205E-011    -0.19927606E-011
     0.18808000E+002    -0.18772292E-001    -0.19887315E-011    -0.19916555E-011
     0.18816000E+002    -0.18771961E-001    -0.19876778E-011    -0.19906462E-011
     0.18824000E+002    -0.18771633E-001    -0.19868778E-011    -0.19899695E-011
     0.18832000E+002    -0.18771312E-001    -0.19861307E-011    -0.19893164E-011
     0.18840000E+002    -0.18771004E-001    -0.19852429E-011    -0.19883916E-011
     0.18848000E+002    -0.18770713E-001    -0.19844383E-011    -0.19874513E-011
     0.18856000E+002    -0.18770443E-001    -0.19842137E-011    -0.19871133E-011
     0.18864000E+002    -0.18770199E-001    -0.19848056E-011    -0.19876649E-011
     0.18872000E+002    -0.18769984E-001    -0.19859159E-011    -0.19887207E-011
     0.18880000E+002    -0.18769802E-001    -0.19870389E-011    -0.19896587E-011
     0.18888000E+002    -0.18769655E-001    -0.19879985E-011    -0.19903153E-011
     0.18896000E+002    -0.18769546E-001    -0.19890361E-011    -0.19910782E-011
     0.18904000E+002    -0.18769476E-001    -0.19903565E-011    -0.19922684E-011
     0.18912000E+002    -0.18769446E-001    -0.19917079E-011    -0.19935895E-011
     0.18920000E+002    -0.18769457E-001    -0.19925365E-011    -0.19943434E-011
     0.18928000E+002    -0.18769509E-001    -0.19925543E-011    -0.19941849E-011
     0.18936000E+002    -0.18769601E-001    -0.19920356E-011    -0.19935042E-011
     0.18944000E+002    -0.18769731E-001    -0.19914777E-011    -0.19929612E-011
     0.18952000E+002    -0.18769897E-001    -0.19910393E-011    -0.19927329E-011
     0.18960000E+002    -0.18770098E-001    -0.19904257E-011    -0.19923701E-011
     0.18968000E+002    -0.18770329E-001    -0.19893570E-011    -0.19914323E-011
     0.18976000E+002    -0.18770587E-001    -0.19880315E-011    -0.19901214E-011
     0.18984000E+002    -0.18770869E-001    -0.19870048E-011    -0.19891322E-011
     0.18992000E+002    -0.18771170E-001    -0.19866282E-011    -0.19889058E-011
     0.19000000E+002    -0.18771486E-001    -0.19867172E-011    -0.19891859E-011
     0.19008000E+002    -0.18771811E-001    -0.19868474E-011    -0.19894008E-011
     0.19016000E+002    -0.18772141E-001    -0.19869063E-011    -0.19893970E-011
     0.19024000E+002    -0.18772471E-001    -0.19872201E-011    -0.19896176E-011
     0.19032000E+002    -0.18772796E-001    -0.19881123E-011    -0.19905245E-011
     0.19040000E+002    -0.18773111E-001    -0.19894464E-011    -0.19919883E-011
     0.19048000E+002    -0.18773411E-001    -0.19907160E-011    -0.19933874E-011
     0.19056000E+002    -0.18773691E-001    -0.19915777E-011    -0.19942928E-011
     0.19064000E+002    -0.18773949E-001    -0.19921634E-011    -0.19948820E-011
     0.19072000E+002    -0.18774178E-001    -0.19928005E-011    -0.19955784E-011
     0.19080000E+002    -0.18774377E-001    -0.19934985E-011    -0.19963931E-011
     0.19088000E+002    -0.18774541E-001    -0.19938482E-011    -0.19967979E-011
     0.19096000E+002    -0.18774670E-001    -0.19934727E-011    -0.19963123E-011
     0.19104000E+002    -0.18774760E-001    -0.19924743E-011    -0.19950833E-011
     0.19112000E+002    -0.18774810E-001    -0.19913211E-011    -0.19937285E-011
     0.19120000E+002    -0.18774820E-001    -0.19903140E-011    -0.19926342E-011
     0.19128000E+002    -0.18774790E-001    -0.19892822E-011    -0.19915634E-011
     0.19136000E+002    -0.18774720E-001    -0.19878875E-011    -0.19900614E-011
     0.19144000E+002    -0.18774611E-001    -0.19861588E-011    -0.19881629E-011
     0.19152000E+002    -0.18774464E-001    -0.19845861E-011    -0.19865061E-011
     0.19160000E+002    -0.18774283E-001    -0.19836454E-011    -0.19856927E-011
     0.19168000E+002    -0.18774069E-001    -0.19833176E-011    -0.19856509E-011
     0.19176000E+002    -0.18773827E-001    -0.19831829E-011    -0.19857685E-011
     0.19184000E+002    -0.18773559E-001    -0.19829751E-011    -0.19856479E-011
     0.19192000E+002    -0.18773269E-001    -0.19829143E-011    -0.19855655E-011
     0.19200000E+002    -0.18772963E-001    -0.19834181E-011    -0.19860877E-011
     0.19208000E+002    -0.18772645E-001    -0.19845463E-011    -0.19873214E-011
     0.19216000E+002    -0.18772319E-001    -0.19858563E-011    -0.19887043E-011
     0.19224000E+002    -0.18771991E-001    -0.19868539E-011    -0.19895979E-011
     0.19232000E+002    -0.18771664E-001    -0.19874919E-011    -0.19899642E-011
     0.19240000E+002    -0.18771346E-001    -0.19881234E-011    -0.19903165E-011
     0.19248000E+002    -0.18771039E-001    -0.19889912E-011    -0.19910362E-011
     0.19256000E+002    -0.18770748E-001    -0.19898837E-011    -0.19918936E-011
     0.19264000E+002    -0.18770479E-001    -0.19903822E-011    -0.19923498E-011
     0.19272000E+002    -0.18770235E-001    -0.19903849E-011    -0.19922519E-011
     0.19280000E+002    -0.18770020E-001    -0.19902544E-011    -0.19920464E-011
     0.19288000E+002    -0.18769836E-001    -0.19904114E-011    -0.19922616E-011
     0.19296000E+002    -0.18769688E-001    -0.19908690E-011    -0.19928991E-011
     0.19304000E+002    -0.18769576E-001    -0.19912740E-011    -0.19934786E-011
     0.19312000E+002    -0.18769503E-001    -0.19913892E-011    -0.19936691E-011
     0.19320000E+002    -0.18769470E-001    -0.19914005E-011    -0.19936987E-011
     0.19328000E+002    -0.18769477E-001    -0.19916672E-011    -0.19940297E-011
     0.19336000E+002    -0.18769524E-001    -0.19922226E-011    -0.19947101E-011
     0.19344000E+002    -0.18769611E-001    -0.19926541E-011    -0.19952182E-011
     0.19352000E+002    -0.18769735E-001    -0.19925327E-011    -0.19950271E-011
     0.19360000E+002    -0.18769896E-001    -0.19918720E-011    -0.19942050E-011
     0.19368000E+002    -0.18770090E-001    -0.19910641E-011    -0.19933090E-011
     0.19376000E+002    -0.18770315E-001    -0.19903757E-011    -0.19927027E-011
     0.19384000E+002    -0.18770567E-001    -0.19896243E-011    -0.19921250E-011
     0.19392000E+002    -0.18770843E-001    -0.19884467E-011    -0.19910558E-011
     0.19400000E+002    -0.18771139E-001    -0.19868295E-011    -0.19894398E-011
     0.19408000E+002    -0.18771449E-001    -0.19852465E-011    -0.19878708E-011
     0.19416000E+002    -0.18771769E-001    -0.19842198E-011    -0.19869978E-011
     0.19424000E+002    -0.18772095E-001    -0.19838142E-011    -0.19868452E-011
     0.19432000E+002    -0.18772422E-001    -0.19836648E-011    -0.19868574E-011
     0.19440000E+002    -0.18772744E-001    -0.19834935E-011    -0.19866149E-011
     0.19448000E+002    -0.18773058E-001    -0.19834735E-011    -0.19863464E-011
     0.19456000E+002    -0.18773357E-001    -0.19840050E-011    -0.19866302E-011
     0.19464000E+002    -0.18773638E-001    -0.19851754E-011    -0.19876556E-011
     0.19472000E+002    -0.18773897E-001    -0.19865656E-011    -0.19889361E-011
     0.19480000E+002    -0.18774130E-001    -0.19876466E-011    -0.19898248E-011
     0.19488000E+002    -0.18774332E-001    -0.19882850E-011    -0.19901953E-011
     0.19496000E+002    -0.18774501E-001    -0.19887646E-011    -0.19904744E-011
     0.19504000E+002    -0.18774635E-001    -0.19893218E-011    -0.19910210E-011
     0.19512000E+002    -0.18774731E-001    -0.19897788E-011    -0.19916215E-011
     0.19520000E+002    -0.18774788E-001    -0.19897357E-011    -0.19917315E-011
     0.19528000E+002    -0.18774805E-001    -0.19890749E-011    -0.19911493E-011
     0.19536000E+002    -0.18774782E-001    -0.19881511E-011    -0.19902810E-011
     0.19544000E+002    -0.18774720E-001    -0.19874321E-011    -0.19896815E-011
     0.19552000E+002    -0.18774618E-001    -0.19870200E-011    -0.19894360E-011
     0.19560000E+002    -0.18774479E-001    -0.19866382E-011    -0.19891488E-011
     0.19568000E+002    -0.18774305E-001    -0.19860810E-011    -0.19885431E-011
     0.19576000E+002    -0.18774099E-001    -0.19855493E-011    -0.19878972E-011
     0.19584000E+002    -0.18773862E-001    -0.19854479E-011    -0.19877616E-011
     0.19592000E+002    -0.18773601E-001    -0.19858793E-011    -0.19882858E-011
     0.19600000E+002    -0.18773316E-001    -0.19864663E-011    -0.19889883E-011
     0.19608000E+002    -0.18773014E-001    -0.19867400E-011    -0.19892814E-011
     0.19616000E+002    -0.18772699E-001    -0.19866297E-011    -0.19891177E-011
     0.19624000E+002    -0.18772375E-001    -0.19864724E-011    -0.19889778E-011
     0.19632000E+002    -0.18772048E-001    -0.19865359E-011    -0.19892175E-011
     0.19640000E+002    -0.18771722E-001    -0.19866472E-011    -0.19895729E-011
     0.19648000E+002    -0.18771402E-001    -0.19863978E-011    -0.19894536E-011
     0.19656000E+002    -0.18771093E-001    -0.19856783E-011    -0.19886784E-011
     0.19664000E+002    -0.18770799E-001    -0.19848890E-011    -0.19877588E-011
     0.19672000E+002    -0.18770526E-001    -0.19845589E-011    -0.19873812E-011
     0.19680000E+002    -0.18770277E-001    -0.19848122E-011    -0.19876863E-011
     0.19688000E+002    -0.18770056E-001    -0.19853191E-011    -0.19882041E-011
     0.19696000E+002    -0.18769866E-001    -0.19857671E-011    -0.19885018E-011
     0.19704000E+002    -0.18769710E-001    -0.19862669E-011    -0.19887358E-011
     0.19712000E+002    -0.18769591E-001    -0.19871963E-011    -0.19894462E-011
     0.19720000E+002    -0.18769511E-001    -0.19886735E-011    -0.19908471E-011
     0.19728000E+002    -0.18769470E-001    -0.19903132E-011    -0.19924847E-011
     0.19736000E+002    -0.18769469E-001    -0.19915714E-011    -0.19936873E-011
     0.19744000E+002    -0.18769509E-001    -0.19922622E-011    -0.19942461E-011
     0.19752000E+002    -0.18769589E-001    -0.19926343E-011    -0.19945154E-011
     0.19760000E+002    -0.18769707E-001    -0.19929327E-011    -0.19948374E-011
     0.19768000E+002    -0.18769863E-001    -0.19930063E-011    -0.19950211E-011
     0.19776000E+002    -0.18770052E-001    -0.19924590E-011    -0.19945421E-011
     0.19784000E+002    -0.18770274E-001    -0.19911553E-011    -0.19932063E-011
     0.19792000E+002    -0.18770523E-001    -0.19894534E-011    -0.19914494E-011
     0.19800000E+002    -0.18770797E-001    -0.19878677E-011    -0.19898944E-011
     0.19808000E+002    -0.18771091E-001    -0.19865610E-011    -0.19886992E-011
     0.19816000E+002    -0.18771401E-001    -0.19852904E-011    -0.19875024E-011
     0.19824000E+002    -0.18771722E-001    -0.19838560E-011    -0.19860277E-011
     0.19832000E+002    -0.18772050E-001    -0.19824857E-011    -0.19845772E-011
     0.19840000E+002    -0.18772379E-001    -0.19816649E-011    -0.19837876E-011
     0.19848000E+002    -0.18772704E-001    -0.19815981E-011    -0.19839129E-011
     0.19856000E+002    -0.18773020E-001    -0.19819654E-011    -0.19845132E-011
     0.19864000E+002    -0.18773324E-001    -0.19822805E-011    -0.19849485E-011
     0.19872000E+002    -0.18773609E-001    -0.19824241E-011    -0.19850868E-011
     0.19880000E+002    -0.18773872E-001    -0.19827162E-011    -0.19853843E-011
     0.19888000E+002    -0.18774109E-001    -0.19834439E-011    -0.19862427E-011
     0.19896000E+002    -0.18774316E-001    -0.19844318E-011    -0.19874316E-011
     0.19904000E+002    -0.18774491E-001    -0.19851938E-011    -0.19882985E-011
     0.19912000E+002    -0.18774629E-001    -0.19854825E-011    -0.19885116E-011
     0.19920000E+002    -0.18774730E-001    -0.19855758E-011    -0.19884440E-011
     0.19928000E+002    -0.18774792E-001    -0.19859480E-011    -0.19887368E-011
     0.19936000E+002    -0.18774813E-001    -0.19867202E-011    -0.19895599E-011
     0.19944000E+002    -0.18774795E-001    -0.19875564E-011    -0.19904644E-011
     0.19952000E+002    -0.18774736E-001    -0.19881088E-011    -0.19909737E-011
     0.19960000E+002    -0.18774637E-001    -0.19884572E-011    -0.19911729E-011
     0.19968000E+002    -0.18774501E-001    -0.19890031E-011    -0.19915844E-011
     0.19976000E+002    -0.18774330E-001    -0.19899500E-011    -0.19924909E-011
     0.19984000E+002    -0.18774125E-001    -0.19910219E-011    -0.19935574E-011
     0.19992000E+002    -0.18773891E-001    -0.19917649E-011    -0.19942169E-011
     0.20000000E+002    -0.18773630E-001    -0.19920576E-011    -0.19943298E-011
     0.20008000E+002    -0.18773346E-001    -0.19922074E-011    -0.19943094E-011
     0.20016000E+002    -0.18773044E-001    -0.19925166E-011    -0.19945616E-011
     0.20024000E+002    -0.18772729E-001    -0.19928699E-011    -0.19949476E-011
     0.20032000E+002    -0.18772404E-001    -0.19928609E-011    -0.19949507E-011
     0.20040000E+002    -0.18772076E-001    -0.19922997E-011    -0.19943317E-011
     0.20048000E+002    -0.18771748E-001    -0.19914738E-011    -0.19934562E-011
     0.20056000E+002    -0.18771427E-001    -0.19908265E-011    -0.19928714E-011
     0.20064000E+002    -0.18771116E-001    -0.19904435E-011    -0.19926419E-011
     0.20072000E+002    -0.18770821E-001    -0.19899880E-011    -0.19922842E-011
     0.20080000E+002    -0.18770546E-001    -0.19891632E-011    -0.19913908E-011
     0.20088000E+002    -0.18770294E-001    -0.19881398E-011    -0.19901876E-011
     0.20096000E+002    -0.18770072E-001    -0.19874130E-011    -0.19893351E-011
     0.20104000E+002    -0.18769880E-001    -0.19872502E-011    -0.19891867E-011
     0.20112000E+002    -0.18769723E-001    -0.19874038E-011    -0.19894087E-011
     0.20120000E+002    -0.18769602E-001    -0.19874359E-011    -0.19894212E-011
     0.20128000E+002    -0.18769520E-001    -0.19872615E-011    -0.19891252E-011
     0.20136000E+002    -0.18769478E-001    -0.19872496E-011    -0.19890373E-011
     0.20144000E+002    -0.18769476E-001    -0.19877533E-011    -0.19896566E-011
     0.20152000E+002    -0.18769514E-001    -0.19886448E-011    -0.19908294E-011
     0.20160000E+002    -0.18769591E-001    -0.19894203E-011    -0.19918819E-011
     0.20168000E+002    -0.18769707E-001    -0.19897436E-011    -0.19923503E-011
     0.20176000E+002    -0.18769860E-001    -0.19897778E-011    -0.19924383E-011
     0.20184000E+002    -0.18770047E-001    -0.19899080E-011    -0.19926667E-011
     0.20192000E+002    -0.18770265E-001    -0.19902125E-011    -0.19931622E-011
     0.20200000E+002    -0.18770512E-001    -0.19903374E-011    -0.19934706E-011
     0.20208000E+002    -0.18770782E-001    -0.19899193E-011    -0.19931026E-011
     0.20216000E+002    -0.18771073E-001    -0.19890396E-011    -0.19921373E-011
     0.20224000E+002    -0.18771380E-001    -0.19881528E-011    -0.19911496E-011
     0.20232000E+002    -0.18771698E-001    -0.19875847E-011    -0.19905584E-011
     0.20240000E+002    -0.18772023E-001    -0.19872270E-011    -0.19902168E-011
     0.20248000E+002    -0.18772349E-001    -0.19867891E-011    -0.19897316E-011
     0.20256000E+002    -0.18772672E-001    -0.19862806E-011    -0.19890897E-011
     0.20264000E+002    -0.18772987E-001    -0.19861101E-011    -0.19887957E-011
     0.20272000E+002    -0.18773289E-001    -0.19866584E-011    -0.19893233E-011
     0.20280000E+002    -0.18773573E-001    -0.19878504E-011    -0.19905598E-011
     0.20288000E+002    -0.18773836E-001    -0.19892454E-011    -0.19919345E-011
     0.20296000E+002    -0.18774073E-001    -0.19905334E-011    -0.19930686E-011
     0.20304000E+002    -0.18774281E-001    -0.19918252E-011    -0.19941524E-011
     0.20312000E+002    -0.18774457E-001    -0.19933764E-011    -0.19955712E-011
     0.20320000E+002    -0.18774598E-001    -0.19950967E-011    -0.19972483E-011
     0.20328000E+002    -0.18774701E-001    -0.19964713E-011    -0.19985439E-011
     0.20336000E+002    -0.18774766E-001    -0.19970164E-011    -0.19988653E-011
     0.20344000E+002    -0.18774792E-001    -0.19967444E-011    -0.19982822E-011
     0.20352000E+002    -0.18774777E-001    -0.19960818E-011    -0.19974066E-011
     0.20360000E+002    -0.18774723E-001    -0.19953468E-011    -0.19966761E-011
     0.20368000E+002    -0.18774630E-001    -0.19944283E-011    -0.19959119E-011
     0.20376000E+002    -0.18774499E-001    -0.19930441E-011    -0.19946713E-011
     0.20384000E+002    -0.18774333E-001    -0.19912546E-011    -0.19929515E-011
     0.20392000E+002    -0.18774134E-001    -0.19895863E-011    -0.19913785E-011
     0.20400000E+002    -0.18773905E-001    -0.19885875E-011    -0.19906217E-011
     0.20408000E+002    -0.18773650E-001    -0.19883392E-011    -0.19907322E-011
     0.20416000E+002    -0.18773372E-001    -0.19884854E-011    -0.19911815E-011
     0.20424000E+002    -0.18773075E-001    -0.19887240E-011    -0.19915257E-011
     0.20432000E+002    -0.18772765E-001    -0.19891534E-011    -0.19918918E-011
     0.20440000E+002    -0.18772445E-001    -0.19900545E-011    -0.19927016E-011
     0.20448000E+002    -0.18772121E-001    -0.19914005E-011    -0.19940080E-011
     0.20456000E+002    -0.18771796E-001    -0.19927160E-011    -0.19952815E-011
     0.20464000E+002    -0.18771477E-001    -0.19934734E-011    -0.19959105E-011
     0.20472000E+002    -0.18771168E-001    -0.19935636E-011    -0.19958139E-011
     0.20480000E+002    -0.18770873E-001    -0.19932813E-011    -0.19954215E-011
     0.20488000E+002    -0.18770598E-001    -0.19928688E-011    -0.19950660E-011
     0.20496000E+002    -0.18770345E-001    -0.19922013E-011    -0.19945648E-011
     0.20504000E+002    -0.18770120E-001    -0.19910014E-011    -0.19935059E-011
     0.20512000E+002    -0.18769925E-001    -0.19893145E-011    -0.19918804E-011
     0.20520000E+002    -0.18769763E-001    -0.19876375E-011    -0.19902612E-011
     0.20528000E+002    -0.18769637E-001    -0.19865122E-011    -0.19892712E-011
     0.20536000E+002    -0.18769549E-001    -0.19860607E-011    -0.19889844E-011
     0.20544000E+002    -0.18769500E-001    -0.19860077E-011    -0.19889796E-011
     0.20552000E+002    -0.18769490E-001    -0.19861444E-011    -0.19889728E-011
     0.20560000E+002    -0.18769521E-001    -0.19866509E-011    -0.19892433E-011
     0.20568000E+002    -0.18769591E-001    -0.19878621E-011    -0.19903020E-011
     0.20576000E+002    -0.18769699E-001    -0.19897636E-011    -0.19921964E-011
     0.20584000E+002    -0.18769844E-001    -0.19918418E-011    -0.19943073E-011
     0.20592000E+002    -0.18770023E-001    -0.19934957E-011    -0.19959016E-011
     0.20600000E+002    -0.18770235E-001    -0.19945422E-011    -0.19968096E-011
     0.20608000E+002    -0.18770475E-001    -0.19952257E-011    -0.19974265E-011
     0.20616000E+002    -0.18770740E-001    -0.19957492E-011    -0.19980608E-011
     0.20624000E+002    -0.18771026E-001    -0.19959185E-011    -0.19984460E-011
     0.20632000E+002    -0.18771329E-001    -0.19953390E-011    -0.19980088E-011
     0.20640000E+002    -0.18771644E-001    -0.19939319E-011    -0.19965757E-011
     0.20648000E+002    -0.18771967E-001    -0.19921296E-011    -0.19946580E-011
     0.20656000E+002    -0.18772292E-001    -0.19905026E-011    -0.19929604E-011
     0.20664000E+002    -0.18772615E-001    -0.19892588E-011    -0.19917129E-011
     0.20672000E+002    -0.18772931E-001    -0.19881968E-011    -0.19906064E-011
     0.20680000E+002    -0.18773236E-001    -0.19871417E-011    -0.19893731E-011
     0.20688000E+002    -0.18773523E-001    -0.19863030E-011    -0.19882734E-011
     0.20696000E+002    -0.18773790E-001    -0.19861003E-011    -0.19878698E-011
     0.20704000E+002    -0.18774033E-001    -0.19866751E-011    -0.19883793E-011
     0.20712000E+002    -0.18774246E-001    -0.19876926E-011    -0.19894082E-011
     0.20720000E+002    -0.18774428E-001    -0.19886855E-011    -0.19903936E-011
     0.20728000E+002    -0.18774576E-001    -0.19895268E-011    -0.19912156E-011
     0.20736000E+002    -0.18774686E-001    -0.19904547E-011    -0.19922166E-011
     0.20744000E+002    -0.18774759E-001    -0.19916362E-011    -0.19936201E-011
     0.20752000E+002    -0.18774791E-001    -0.19928262E-011    -0.19950949E-011
     0.20760000E+002    -0.18774784E-001    -0.19935593E-011    -0.19960235E-011
     0.20768000E+002    -0.18774737E-001    -0.19936574E-011    -0.19961750E-011
     0.20776000E+002    -0.18774651E-001    -0.19934254E-011    -0.19959534E-011
     0.20784000E+002    -0.18774526E-001    -0.19932867E-011    -0.19958977E-011
     0.20792000E+002    -0.18774366E-001    -0.19932976E-011    -0.19960458E-011
     0.20800000E+002    -0.18774172E-001    -0.19931269E-011    -0.19959304E-011
     0.20808000E+002    -0.18773947E-001    -0.19925287E-011    -0.19952231E-011
     0.20816000E+002    -0.18773695E-001    -0.19917230E-011    -0.19942369E-011
     0.20824000E+002    -0.18773419E-001    -0.19912013E-011    -0.19936462E-011
     0.20832000E+002    -0.18773124E-001    -0.19911869E-011    -0.19937488E-011
     0.20840000E+002    -0.18772814E-001    -0.19913908E-011    -0.19941452E-011
     0.20848000E+002    -0.18772493E-001    -0.19913650E-011    -0.19942188E-011
     0.20856000E+002    -0.18772167E-001    -0.19910250E-011    -0.19938477E-011
     0.20864000E+002    -0.18771840E-001    -0.19907105E-011    -0.19934882E-011
     0.20872000E+002    -0.18771518E-001    -0.19907232E-011    -0.19935522E-011
     0.20880000E+002    -0.18771205E-001    -0.19909134E-011    -0.19938505E-011
     0.20888000E+002    -0.18770907E-001    -0.19908202E-011    -0.19937737E-011
     0.20896000E+002    -0.18770627E-001    -0.19902009E-011    -0.19929970E-011
     0.20904000E+002    -0.18770369E-001    -0.19892980E-011    -0.19918452E-011
     0.20912000E+002    -0.18770139E-001    -0.19885316E-011    -0.19908880E-011
     0.20920000E+002    -0.18769939E-001    -0.19880031E-011    -0.19902822E-011
     0.20928000E+002    -0.18769772E-001    -0.19874163E-011    -0.19896551E-011
     0.20936000E+002    -0.18769641E-001    -0.19865088E-011    -0.19886584E-011
     0.20944000E+002    -0.18769548E-001    -0.19854465E-011    -0.19874850E-011
     0.20952000E+002    -0.18769494E-001    -0.19846885E-011    -0.19866965E-011
     0.20960000E+002    -0.18769481E-001    -0.19844930E-011    -0.19865896E-011
     0.20968000E+002    -0.18769507E-001    -0.19846702E-011    -0.19868880E-011
     0.20976000E+002    -0.18769574E-001    -0.19848894E-011    -0.19871447E-011
     0.20984000E+002    -0.18769679E-001    -0.19851491E-011    -0.19873549E-011
     0.20992000E+002    -0.18769821E-001    -0.19858130E-011    -0.19879905E-011
     0.21000000E+002    -0.18769998E-001    -0.19871582E-011    -0.19894077E-011
     0.21008000E+002    -0.18770208E-001    -0.19889867E-011    -0.19913511E-011
     0.21016000E+002    -0.18770446E-001    -0.19907857E-011    -0.19931777E-011
     0.21024000E+002    -0.18770710E-001    -0.19922536E-011    -0.19945484E-011
     0.21032000E+002    -0.18770996E-001    -0.19935459E-011    -0.19957337E-011
     0.21040000E+002    -0.18771299E-001    -0.19949459E-011    -0.19971551E-011
     0.21048000E+002    -0.18771615E-001    -0.19963713E-011    -0.19987285E-011
     0.21056000E+002    -0.18771938E-001    -0.19973354E-011    -0.19998188E-011
     0.21064000E+002    -0.18772264E-001    -0.19974381E-011    -0.19999013E-011
     0.21072000E+002    -0.18772589E-001    -0.19967991E-011    -0.19991412E-011
     0.21080000E+002    -0.18772906E-001    -0.19959132E-011    -0.19981937E-011
     0.21088000E+002    -0.18773212E-001    -0.19951056E-011    -0.19974718E-011
     0.21096000E+002    -0.18773502E-001    -0.19942375E-011    -0.19967513E-011
     0.21104000E+002    -0.18773771E-001    -0.19930118E-011    -0.19955776E-011
     0.21112000E+002    -0.18774015E-001    -0.19914851E-011    -0.19939649E-011
     0.21120000E+002    -0.18774231E-001    -0.19901428E-011    -0.19925126E-011
     0.21128000E+002    -0.18774415E-001    -0.19894375E-011    -0.19918037E-011
     0.21136000E+002    -0.18774564E-001    -0.19893388E-011    -0.19918014E-011
     0.21144000E+002    -0.18774677E-001    -0.19894308E-011    -0.19919614E-011
     0.21152000E+002    -0.18774751E-001    -0.19894263E-011    -0.19919077E-011
     0.21160000E+002    -0.18774786E-001    -0.19894598E-011    -0.19918287E-011
     0.21168000E+002    -0.18774780E-001    -0.19898177E-011    -0.19921331E-011
     0.21176000E+002    -0.18774735E-001    -0.19904599E-011    -0.19928206E-011
     0.21184000E+002    -0.18774651E-001    -0.19909407E-011    -0.19933605E-011
     0.21192000E+002    -0.18774529E-001    -0.19908468E-011    -0.19932464E-011
     0.21200000E+002    -0.18774370E-001    -0.19902168E-011    -0.19925407E-011
     0.21208000E+002    -0.18774179E-001    -0.19894389E-011    -0.19917405E-011
     0.21216000E+002    -0.18773956E-001    -0.19887657E-011    -0.19911506E-011
     0.21224000E+002    -0.18773707E-001    -0.19880471E-011    -0.19905420E-011
     0.21232000E+002    -0.18773434E-001    -0.19870183E-011    -0.19895323E-011
     0.21240000E+002    -0.18773141E-001    -0.19857703E-011    -0.19882077E-011
     0.21248000E+002    -0.18772834E-001    -0.19848002E-011    -0.19871853E-011
     0.21256000E+002    -0.18772516E-001    -0.19845570E-011    -0.19870141E-011
     0.21264000E+002    -0.18772193E-001    -0.19850106E-011    -0.19876157E-011
     0.21272000E+002    -0.18771869E-001    -0.19857649E-011    -0.19884428E-011
     0.21280000E+002    -0.18771549E-001    -0.19865668E-011    -0.19891663E-011
     0.21288000E+002    -0.18771238E-001    -0.19875812E-011    -0.19900396E-011
     0.21296000E+002    -0.18770941E-001    -0.19890983E-011    -0.19914986E-011
     0.21304000E+002    -0.18770661E-001    -0.19910371E-011    -0.19934884E-011
     0.21312000E+002    -0.18770405E-001    -0.19928663E-011    -0.19953461E-011
     0.21320000E+002    -0.18770174E-001    -0.19940685E-011    -0.19964208E-011
     0.21328000E+002    -0.18769973E-001    -0.19945987E-011    -0.19966955E-011
     0.21336000E+002    -0.18769805E-001    -0.19948084E-011    -0.19966867E-011
     0.21344000E+002    -0.18769672E-001    -0.19949452E-011    -0.19967671E-011
     0.21352000E+002    -0.18769577E-001    -0.19948434E-011    -0.19967312E-011
     0.21360000E+002    -0.18769520E-001    -0.19941822E-011    -0.19961244E-011
     0.21368000E+002    -0.18769502E-001    -0.19929755E-011    -0.19949082E-011
     0.21376000E+002    -0.18769524E-001    -0.19916796E-011    -0.19936258E-011
     0.21384000E+002    -0.18769586E-001    -0.19907787E-011    -0.19928694E-011
     0.21392000E+002    -0.18769686E-001    -0.19903359E-011    -0.19926841E-011
     0.21400000E+002    -0.18769823E-001    -0.19900464E-011    -0.19926273E-011
     0.21408000E+002    -0.18769994E-001    -0.19897044E-011    -0.19923885E-011
     0.21416000E+002    -0.18770198E-001    -0.19894922E-011    -0.19921829E-011
     0.21424000E+002    -0.18770431E-001    -0.19897413E-011    -0.19924483E-011
     0.21432000E+002    -0.18770689E-001    -0.19904654E-011    -0.19932327E-011
     0.21440000E+002    -0.18770969E-001    -0.19912585E-011    -0.19940484E-011
     0.21448000E+002    -0.18771267E-001    -0.19917002E-011    -0.19943978E-011
     0.21456000E+002    -0.18771578E-001    -0.19917757E-011    -0.19943152E-011
     0.21464000E+002    -0.18771897E-001    -0.19918064E-011    -0.19942607E-011
     0.21472000E+002    -0.18772220E-001    -0.19919823E-011    -0.19944955E-011
     0.21480000E+002    -0.18772541E-001    -0.19920783E-011    -0.19947074E-011
     0.21488000E+002    -0.18772856E-001    -0.19917183E-011    -0.19943740E-011
     0.21496000E+002    -0.18773161E-001    -0.19908614E-011    -0.19934206E-011
     0.21504000E+002    -0.18773450E-001    -0.19899107E-011    -0.19923614E-011
     0.21512000E+002    -0.18773720E-001    -0.19892974E-011    -0.19917402E-011
     0.21520000E+002    -0.18773965E-001    -0.19890287E-011    -0.19915264E-011
     0.21528000E+002    -0.18774184E-001    -0.19887464E-011    -0.19912054E-011
     0.21536000E+002    -0.18774371E-001    -0.19882151E-011    -0.19904533E-011
     0.21544000E+002    -0.18774525E-001    -0.19876414E-011    -0.19895709E-011
     0.21552000E+002    -0.18774643E-001    -0.19874357E-011    -0.19891546E-011
     0.21560000E+002    -0.18774723E-001    -0.19877014E-011    -0.19893914E-011
     0.21568000E+002    -0.18774765E-001    -0.19880785E-011    -0.19898284E-011
     0.21576000E+002    -0.18774767E-001    -0.19881349E-011    -0.19898989E-011
     0.21584000E+002    -0.18774729E-001    -0.19878349E-011    -0.19895594E-011
     0.21592000E+002    -0.18774652E-001    -0.19875313E-011    -0.19892878E-011
     0.21600000E+002    -0.18774538E-001    -0.19875055E-011    -0.19894654E-011
     0.21608000E+002    -0.18774387E-001    -0.19876234E-011    -0.19899024E-011
     0.21616000E+002    -0.18774203E-001    -0.19875290E-011    -0.19900886E-011
     0.21624000E+002    -0.18773988E-001    -0.19871198E-011    -0.19898362E-011
     0.21632000E+002    -0.18773744E-001    -0.19867162E-011    -0.19895192E-011
     0.21640000E+002    -0.18773477E-001    -0.19867127E-011    -0.19896274E-011
     0.21648000E+002    -0.18773189E-001    -0.19871337E-011    -0.19901820E-011
     0.21656000E+002    -0.18772885E-001    -0.19876415E-011    -0.19907421E-011
     0.21664000E+002    -0.18772570E-001    -0.19879704E-011    -0.19909772E-011
     0.21672000E+002    -0.18772249E-001    -0.19882446E-011    -0.19910778E-011
     0.21680000E+002    -0.18771925E-001    -0.19887873E-011    -0.19914972E-011
     0.21688000E+002    -0.18771605E-001    -0.19896563E-011    -0.19923381E-011
     0.21696000E+002    -0.18771292E-001    -0.19904976E-011    -0.19931642E-011
     0.21704000E+002    -0.18770993E-001    -0.19909108E-011    -0.19934884E-011
     0.21712000E+002    -0.18770710E-001    -0.19908847E-011    -0.19933369E-011
     0.21720000E+002    -0.18770449E-001    -0.19907727E-011    -0.19931932E-011
     0.21728000E+002    -0.18770214E-001    -0.19908291E-011    -0.19933733E-011
     0.21736000E+002    -0.18770007E-001    -0.19908781E-011    -0.19935964E-011
     0.21744000E+002    -0.18769833E-001    -0.19905314E-011    -0.19933024E-011
     0.21752000E+002    -0.18769694E-001    -0.19896891E-011    -0.19923361E-011
     0.21760000E+002    -0.18769591E-001    -0.19887153E-011    -0.19911748E-011
     0.21768000E+002    -0.18769527E-001    -0.19880598E-011    -0.19904098E-011
     0.21776000E+002    -0.18769502E-001    -0.19877738E-011    -0.19900923E-011
     0.21784000E+002    -0.18769517E-001    -0.19875074E-011    -0.19897400E-011
     0.21792000E+002    -0.18769571E-001    -0.19869841E-011    -0.19889875E-011
     0.21800000E+002    -0.18769665E-001    -0.19863760E-011    -0.19880893E-011
     0.21808000E+002    -0.18769795E-001    -0.19861223E-011    -0.19876689E-011
     0.21816000E+002    -0.18769961E-001    -0.19864069E-011    -0.19880027E-011
     0.21824000E+002    -0.18770160E-001    -0.19869333E-011    -0.19887066E-011
     0.21832000E+002    -0.18770389E-001    -0.19872650E-011    -0.19891898E-011
     0.21840000E+002    -0.18770644E-001    -0.19873127E-011    -0.19893124E-011
     0.21848000E+002    -0.18770922E-001    -0.19873862E-011    -0.19894660E-011
     0.21856000E+002    -0.18771219E-001    -0.19877537E-011    -0.19899989E-011
     0.21864000E+002    -0.18771529E-001    -0.19882646E-011    -0.19907130E-011
     0.21872000E+002    -0.18771849E-001    -0.19885009E-011    -0.19910606E-011
     0.21880000E+002    -0.18772173E-001    -0.19882619E-011    -0.19907807E-011
     0.21888000E+002    -0.18772496E-001    -0.19877898E-011    -0.19901943E-011
     0.21896000E+002    -0.18772815E-001    -0.19874563E-011    -0.19897977E-011
     0.21904000E+002    -0.18773123E-001    -0.19873029E-011    -0.19896603E-011
     0.21912000E+002    -0.18773417E-001    -0.19870107E-011    -0.19893862E-011
     0.21920000E+002    -0.18773691E-001    -0.19863286E-011    -0.19886696E-011
     0.21928000E+002    -0.18773941E-001    -0.19854302E-011    -0.19877439E-011
     0.21936000E+002    -0.18774165E-001    -0.19847469E-011    -0.19871543E-011
     0.21944000E+002    -0.18774357E-001    -0.19844767E-011    -0.19871164E-011
     0.21952000E+002    -0.18774517E-001    -0.19843800E-011    -0.19872679E-011
     0.21960000E+002    -0.18774640E-001    -0.19841146E-011    -0.19871313E-011
     0.21968000E+002    -0.18774725E-001    -0.19836995E-011    -0.19867228E-011
     0.21976000E+002    -0.18774771E-001    -0.19835302E-011    -0.19865595E-011
     0.21984000E+002    -0.18774777E-001    -0.19839088E-011    -0.19870297E-011
     0.21992000E+002    -0.18774744E-001    -0.19846627E-011    -0.19878925E-011
     0.22000000E+002    -0.18774670E-001    -0.19853210E-011    -0.19885295E-011
     0.22008000E+002    -0.18774559E-001    -0.19856372E-011    -0.19886442E-011
     0.22016000E+002    -0.18774411E-001    -0.19858321E-011    -0.19885759E-011
     0.22024000E+002    -0.18774229E-001    -0.19862599E-011    -0.19888431E-011
     0.22032000E+002    -0.18774015E-001    -0.19869141E-011    -0.19894700E-011
     0.22040000E+002    -0.18773773E-001    -0.19873877E-011    -0.19899284E-011
     0.22048000E+002    -0.18773507E-001    -0.19873370E-011    -0.19897574E-011
     0.22056000E+002    -0.18773219E-001    -0.19868971E-011    -0.19891207E-011
     0.22064000E+002    -0.18772916E-001    -0.19865414E-011    -0.19886314E-011
     0.22072000E+002    -0.18772600E-001    -0.19865589E-011    -0.19886594E-011
     0.22080000E+002    -0.18772278E-001    -0.19867870E-011    -0.19889688E-011
     0.22088000E+002    -0.18771954E-001    -0.19869021E-011    -0.19891003E-011
     0.22096000E+002    -0.18771632E-001    -0.19868952E-011    -0.19890019E-011
     0.22104000E+002    -0.18771318E-001    -0.19871332E-011    -0.19891284E-011
     0.22112000E+002    -0.18771017E-001    -0.19879199E-011    -0.19898800E-011
     0.22120000E+002    -0.18770732E-001    -0.19891036E-011    -0.19910861E-011
     0.22128000E+002    -0.18770469E-001    -0.19902094E-011    -0.19921712E-011
     0.22136000E+002    -0.18770231E-001    -0.19909324E-011    -0.19927863E-011
     0.22144000E+002    -0.18770022E-001    -0.19913934E-011    -0.19931344E-011
     0.22152000E+002    -0.18769846E-001    -0.19918480E-011    -0.19935887E-011
     0.22160000E+002    -0.18769704E-001    -0.19922339E-011    -0.19940970E-011
     0.22168000E+002    -0.18769599E-001    -0.19921392E-011    -0.19941422E-011
     0.22176000E+002    -0.18769532E-001    -0.19912462E-011    -0.19933192E-011
     0.22184000E+002    -0.18769505E-001    -0.19897216E-011    -0.19918361E-011
     0.22192000E+002    -0.18769518E-001    -0.19880659E-011    -0.19903102E-011
     0.22200000E+002    -0.18769571E-001    -0.19866008E-011    -0.19890955E-011
     0.22208000E+002    -0.18769662E-001    -0.19852201E-011    -0.19879686E-011
     0.22216000E+002    -0.18769791E-001    -0.19836929E-011    -0.19865513E-011
     0.22224000E+002    -0.18769955E-001    -0.19821371E-011    -0.19849480E-011
     0.22232000E+002    -0.18770152E-001    -0.19810580E-011    -0.19838025E-011
     0.22240000E+002    -0.18770378E-001    -0.19808763E-011    -0.19836652E-011
     0.22248000E+002    -0.18770632E-001    -0.19815055E-011    -0.19844230E-011
     0.22256000E+002    -0.18770907E-001    -0.19824767E-011    -0.19854665E-011
     0.22264000E+002    -0.18771201E-001    -0.19834572E-011    -0.19863808E-011
     0.22272000E+002    -0.18771509E-001    -0.19845390E-011    -0.19873386E-011
     0.22280000E+002    -0.18771827E-001    -0.19859599E-011    -0.19887270E-011
     0.22288000E+002    -0.18772149E-001    -0.19876268E-011    -0.19904923E-011
     0.22296000E+002    -0.18772470E-001    -0.19890462E-011    -0.19920258E-011
     0.22304000E+002    -0.18772786E-001    -0.19897619E-011    -0.19927344E-011
     0.22312000E+002    -0.18773093E-001    -0.19897893E-011    -0.19926279E-011
     0.22320000E+002    -0.18773384E-001    -0.19895268E-011    -0.19922234E-011
     0.22328000E+002    -0.18773657E-001    -0.19892724E-011    -0.19919096E-011
     0.22336000E+002    -0.18773907E-001    -0.19889408E-011    -0.19915623E-011
     0.22344000E+002    -0.18774131E-001    -0.19883045E-011    -0.19908508E-011
     0.22352000E+002    -0.18774324E-001    -0.19874380E-011    -0.19898233E-011
     0.22360000E+002    -0.18774484E-001    -0.19867847E-011    -0.19890149E-011
     0.22368000E+002    -0.18774609E-001    -0.19867406E-011    -0.19889144E-011
     0.22376000E+002    -0.18774697E-001    -0.19872593E-011    -0.19894506E-011
     0.22384000E+002    -0.18774746E-001    -0.19879500E-011    -0.19901211E-011
     0.22392000E+002    -0.18774756E-001    -0.19885451E-011    -0.19906002E-011
     0.22400000E+002    -0.18774727E-001    -0.19891622E-011    -0.19910790E-011
     0.22408000E+002    -0.18774658E-001    -0.19900384E-011    -0.19919084E-011
     0.22416000E+002    -0.18774552E-001    -0.19910888E-011    -0.19930115E-011
     0.22424000E+002    -0.18774410E-001    -0.19918552E-011    -0.19938185E-011
     0.22432000E+002    -0.18774234E-001    -0.19919376E-011    -0.19938381E-011
     0.22440000E+002    -0.18774026E-001    -0.19914044E-011    -0.19931942E-011
     0.22448000E+002    -0.18773790E-001    -0.19906807E-011    -0.19924648E-011
     0.22456000E+002    -0.18773529E-001    -0.19900533E-011    -0.19920076E-011
     0.22464000E+002    -0.18773247E-001    -0.19893918E-011    -0.19915907E-011
     0.22472000E+002    -0.18772948E-001    -0.19884160E-011    -0.19907668E-011
     0.22480000E+002    -0.18772637E-001    -0.19871790E-011    -0.19895392E-011
     0.22488000E+002    -0.18772319E-001    -0.19861566E-011    -0.19884984E-011
     0.22496000E+002    -0.18771998E-001    -0.19858149E-011    -0.19882393E-011
     0.22504000E+002    -0.18771679E-001    -0.19861657E-011    -0.19887543E-011
     0.22512000E+002    -0.18771367E-001    -0.19868244E-011    -0.19895110E-011
     0.22520000E+002    -0.18771066E-001    -0.19874940E-011    -0.19901080E-011
     0.22528000E+002    -0.18770782E-001    -0.19882811E-011    -0.19907169E-011
     0.22536000E+002    -0.18770519E-001    -0.19894673E-011    -0.19917798E-011
     0.22544000E+002    -0.18770279E-001    -0.19910376E-011    -0.19933587E-011
     0.22552000E+002    -0.18770068E-001    -0.19925501E-011    -0.19949376E-011
     0.22560000E+002    -0.18769888E-001    -0.19935174E-011    -0.19959134E-011
     0.22568000E+002    -0.18769742E-001    -0.19938478E-011    -0.19961872E-011
     0.22576000E+002    -0.18769632E-001    -0.19938187E-011    -0.19961424E-011
     0.22584000E+002    -0.18769560E-001    -0.19936435E-011    -0.19960704E-011
     0.22592000E+002    -0.18769526E-001    -0.19931774E-011    -0.19957772E-011
     0.22600000E+002    -0.18769532E-001    -0.19921224E-011    -0.19948463E-011
     0.22608000E+002    -0.18769577E-001    -0.19904740E-011    -0.19932286E-011
     0.22616000E+002    -0.18769661E-001    -0.19886383E-011    -0.19914045E-011
     0.22624000E+002    -0.18769782E-001    -0.19870648E-011    -0.19899033E-011
     0.22632000E+002    -0.18769938E-001    -0.19858389E-011    -0.19887776E-011
     0.22640000E+002    -0.18770128E-001    -0.19847228E-011    -0.19876725E-011
     0.22648000E+002    -0.18770347E-001    -0.19835918E-011    -0.19864056E-011
     0.22656000E+002    -0.18770594E-001    -0.19827110E-011    -0.19853291E-011
     0.22664000E+002    -0.18770864E-001    -0.19824959E-011    -0.19849958E-011
     0.22672000E+002    -0.18771153E-001    -0.19830454E-011    -0.19855329E-011
     0.22680000E+002    -0.18771457E-001    -0.19840150E-011    -0.19864873E-011
     0.22688000E+002    -0.18771771E-001    -0.19849984E-011    -0.19873459E-011
     0.22696000E+002    -0.18772092E-001    -0.19859611E-011    -0.19881133E-011
     0.22704000E+002    -0.18772412E-001    -0.19871921E-011    -0.19892305E-011
     0.22712000E+002    -0.18772729E-001    -0.19888411E-011    -0.19909322E-011
     0.22720000E+002    -0.18773037E-001    -0.19906048E-011    -0.19928268E-011
     0.22728000E+002    -0.18773332E-001    -0.19919586E-011    -0.19942168E-011
     0.22736000E+002    -0.18773609E-001    -0.19926697E-011    -0.19948017E-011
     0.22744000E+002    -0.18773863E-001    -0.19929765E-011    -0.19949244E-011
     0.22752000E+002    -0.18774092E-001    -0.19932319E-011    -0.19950813E-011
     0.22760000E+002    -0.18774291E-001    -0.19934508E-011    -0.19953068E-011
     0.22768000E+002    -0.18774458E-001    -0.19933111E-011    -0.19951675E-011
     0.22776000E+002    -0.18774590E-001    -0.19926050E-011    -0.19943681E-011
     0.22784000E+002    -0.18774685E-001    -0.19915789E-011    -0.19932161E-011
     0.22792000E+002    -0.18774741E-001    -0.19907389E-011    -0.19923666E-011
     0.22800000E+002    -0.18774758E-001    -0.19903564E-011    -0.19921623E-011
     0.22808000E+002    -0.18774736E-001    -0.19902579E-011    -0.19923505E-011
     0.22816000E+002    -0.18774675E-001    -0.19901413E-011    -0.19924974E-011
     0.22824000E+002    -0.18774575E-001    -0.19900089E-011    -0.19925675E-011
     0.22832000E+002    -0.18774438E-001    -0.19901717E-011    -0.19929361E-011
     0.22840000E+002    -0.18774267E-001    -0.19908269E-011    -0.19938413E-011
     0.22848000E+002    -0.18774064E-001    -0.19917342E-011    -0.19949702E-011
     0.22856000E+002    -0.18773831E-001    -0.19924047E-011    -0.19957094E-011
     0.22864000E+002    -0.18773573E-001    -0.19925856E-011    -0.19957759E-011
     0.22872000E+002    -0.18773293E-001    -0.19924490E-011    -0.19954489E-011
     0.22880000E+002    -0.18772996E-001    -0.19922702E-011    -0.19951268E-011
     0.22888000E+002    -0.18772686E-001    -0.19920042E-011    -0.19947728E-011
     0.22896000E+002    -0.18772367E-001    -0.19912987E-011    -0.19939400E-011
     0.22904000E+002    -0.18772044E-001    -0.19899453E-011    -0.19923701E-011
     0.22912000E+002    -0.18771723E-001    -0.19882122E-011    -0.19904218E-011
     0.22920000E+002    -0.18771408E-001    -0.19866389E-011    -0.19887783E-011
     0.22928000E+002    -0.18771104E-001    -0.19855279E-011    -0.19877737E-011
     0.22936000E+002    -0.18770816E-001    -0.19847342E-011    -0.19871340E-011
     0.22944000E+002    -0.18770547E-001    -0.19839999E-011    -0.19864461E-011
     0.22952000E+002    -0.18770303E-001    -0.19834080E-011    -0.19857792E-011
     0.22960000E+002    -0.18770087E-001    -0.19833796E-011    -0.19856797E-011
     0.22968000E+002    -0.18769902E-001    -0.19842080E-011    -0.19865433E-011
     0.22976000E+002    -0.18769750E-001    -0.19856815E-011    -0.19881107E-011
     0.22984000E+002    -0.18769635E-001    -0.19872576E-011    -0.19896971E-011
     0.22992000E+002    -0.18769557E-001    -0.19885842E-011    -0.19908882E-011
     0.23000000E+002    -0.18769519E-001    -0.19897435E-011    -0.19918637E-011
     0.23008000E+002    -0.18769521E-001    -0.19909534E-011    -0.19929904E-011
     0.23016000E+002    -0.18769561E-001    -0.19921641E-011    -0.19943880E-011
     0.23024000E+002    -0.18769641E-001    -0.19931613E-011    -0.19957031E-011
     0.23032000E+002    -0.18769759E-001    -0.19937398E-011    -0.19962503E-011
     0.23040000E+002    -0.18769913E-001    -0.19940238E-011    -0.19960877E-011
     0.23048000E+002    -0.18770100E-001    -0.19943792E-011    -0.19960312E-011
     0.23056000E+002    -0.18770318E-001    -0.19948599E-011    -0.19964734E-011
     0.23064000E+002    -0.18770563E-001    -0.19954443E-011    -0.19972883E-011
     0.23072000E+002    -0.18770832E-001    -0.19961182E-011    -0.19980079E-011
     0.23080000E+002    -0.18771121E-001    -0.19969827E-011    -0.19984675E-011
     0.23088000E+002    -0.18771426E-001    -0.19983872E-011    -0.19993217E-011
     0.23096000E+002    -0.18771740E-001    -0.20003463E-011    -0.20009881E-011
     0.23104000E+002    -0.18772061E-001    -0.20025969E-011    -0.20032501E-011
     0.23112000E+002    -0.18772383E-001    -0.20048652E-011    -0.20054944E-011
     0.23120000E+002    -0.18772702E-001    -0.20069096E-011    -0.20071416E-011
     0.23128000E+002    -0.18773011E-001    -0.20088199E-011    -0.20084871E-011
     0.23136000E+002    -0.18773308E-001    -0.20105676E-011    -0.20099825E-011
     0.23144000E+002    -0.18773586E-001    -0.20117956E-011    -0.20114515E-011
     0.23152000E+002    -0.18773843E-001    -0.20122026E-011    -0.20123221E-011
     0.23160000E+002    -0.18774074E-001    -0.20115897E-011    -0.20119254E-011
     0.23168000E+002    -0.18774276E-001    -0.20101921E-011    -0.20104601E-011
     0.23176000E+002    -0.18774445E-001    -0.20084354E-011    -0.20087806E-011
     0.23184000E+002    -0.18774579E-001    -0.20063995E-011    -0.20072477E-011
     0.23192000E+002    -0.18774676E-001    -0.20040859E-011    -0.20056862E-011
     0.23200000E+002    -0.18774735E-001    -0.20014858E-011    -0.20035515E-011
     0.23208000E+002    -0.18774755E-001    -0.19988421E-011    -0.20008117E-011
     0.23216000E+002    -0.18774735E-001    -0.19967151E-011    -0.19983782E-011
     0.23224000E+002    -0.18774676E-001    -0.19953295E-011    -0.19969408E-011
     0.23232000E+002    -0.18774578E-001    -0.19946275E-011    -0.19965341E-011
     0.23240000E+002    -0.18774444E-001    -0.19944100E-011    -0.19965687E-011
     0.23248000E+002    -0.18774275E-001    -0.19944866E-011    -0.19964291E-011
     0.23256000E+002    -0.18774074E-001    -0.19950330E-011    -0.19964422E-011
     0.23264000E+002    -0.18773843E-001    -0.19960970E-011    -0.19971380E-011
     0.23272000E+002    -0.18773587E-001    -0.19974415E-011    -0.19985398E-011
     0.23280000E+002    -0.18773309E-001    -0.19987751E-011    -0.20001338E-011
     0.23288000E+002    -0.18773014E-001    -0.19997685E-011    -0.20010918E-011
     0.23296000E+002    -0.18772706E-001    -0.20004784E-011    -0.20013793E-011
     0.23304000E+002    -0.18772389E-001    -0.20010929E-011    -0.20015733E-011
     0.23312000E+002    -0.18772068E-001    -0.20015489E-011    -0.20019579E-011
     0.23320000E+002    -0.18771749E-001    -0.20017827E-011    -0.20024300E-011
     0.23328000E+002    -0.18771436E-001    -0.20016887E-011    -0.20024478E-011
     0.23336000E+002    -0.18771133E-001    -0.20014186E-011    -0.20019230E-011
     0.23344000E+002    -0.18770846E-001    -0.20013613E-011    -0.20015350E-011
     0.23352000E+002    -0.18770579E-001    -0.20015780E-011    -0.20017326E-011
     0.23360000E+002    -0.18770335E-001    -0.20019736E-011    -0.20024957E-011
     0.23368000E+002    -0.18770118E-001    -0.20023659E-011    -0.20032622E-011
     0.23376000E+002    -0.18769932E-001    -0.20026808E-011    -0.20035693E-011
     0.23384000E+002    -0.18769780E-001    -0.20032014E-011    -0.20038575E-011
     0.23392000E+002    -0.18769663E-001    -0.20039925E-011    -0.20046241E-011
     0.23400000E+002    -0.18769583E-001    -0.20048501E-011    -0.20058810E-011
     0.23408000E+002    -0.18769542E-001    -0.20054944E-011    -0.20070798E-011
     0.23416000E+002    -0.18769540E-001    -0.20056701E-011    -0.20074596E-011
     0.23424000E+002    -0.18769577E-001    -0.20055902E-011    -0.20071879E-011
     0.23432000E+002    -0.18769652E-001    -0.20055329E-011    -0.20069631E-011
     0.23440000E+002    -0.18769765E-001    -0.20054851E-011    -0.20071380E-011
     0.23448000E+002    -0.18769913E-001    -0.20053245E-011    -0.20075075E-011
     0.23456000E+002    -0.18770095E-001    -0.20048037E-011    -0.20072905E-011
     0.23464000E+002    -0.18770307E-001    -0.20040174E-011    -0.20062843E-011
     0.23472000E+002    -0.18770547E-001    -0.20033380E-011    -0.20051464E-011
     0.23480000E+002    -0.18770811E-001    -0.20028884E-011    -0.20044576E-011
     0.23488000E+002    -0.18771095E-001    -0.20026551E-011    -0.20043669E-011
     0.23496000E+002    -0.18771394E-001    -0.20024245E-011    -0.20042816E-011
     0.23504000E+002    -0.18771704E-001    -0.20020945E-011    -0.20036603E-011
     0.23512000E+002    -0.18772021E-001    -0.20019379E-011    -0.20028693E-011
     0.23520000E+002    -0.18772340E-001    -0.20020786E-011    -0.20024632E-011
     0.23528000E+002    -0.18772656E-001    -0.20024937E-011    -0.20027359E-011
     0.23536000E+002    -0.18772963E-001    -0.20030121E-011    -0.20033412E-011
     0.23544000E+002    -0.18773259E-001    -0.20033982E-011    -0.20035736E-011
     0.23552000E+002    -0.18773537E-001    -0.20037878E-011    -0.20034854E-011
     0.23560000E+002    -0.18773795E-001    -0.20042895E-011    -0.20035296E-011
     0.23568000E+002    -0.18774027E-001    -0.20048095E-011    -0.20039856E-011
     0.23576000E+002    -0.18774231E-001    -0.20051809E-011    -0.20046773E-011
     0.23584000E+002    -0.18774403E-001    -0.20051139E-011    -0.20048716E-011
     0.23592000E+002    -0.18774542E-001    -0.20046680E-011    -0.20043902E-011
     0.23600000E+002    -0.18774644E-001    -0.20040789E-011    -0.20037129E-011
     0.23608000E+002    -0.18774709E-001    -0.20033560E-011    -0.20032315E-011
     0.23616000E+002    -0.18774735E-001    -0.20024395E-011    -0.20029870E-011
     0.23624000E+002    -0.18774721E-001    -0.20011177E-011    -0.20023496E-011
     0.23632000E+002    -0.18774670E-001    -0.19994223E-011    -0.20009328E-011
     0.23640000E+002    -0.18774580E-001    -0.19977599E-011    -0.19992496E-011
     0.23648000E+002    -0.18774453E-001    -0.19963642E-011    -0.19979509E-011
     0.23656000E+002    -0.18774292E-001    -0.19953212E-011    -0.19974081E-011
     0.23664000E+002    -0.18774097E-001    -0.19944925E-011    -0.19972309E-011
     0.23672000E+002    -0.18773874E-001    -0.19937304E-011    -0.19967544E-011
     0.23680000E+002    -0.18773624E-001    -0.19933071E-011    -0.19961665E-011
     0.23688000E+002    -0.18773352E-001    -0.19934532E-011    -0.19960715E-011
     0.23696000E+002    -0.18773062E-001    -0.19942030E-011    -0.19969320E-011
     0.23704000E+002    -0.18772757E-001    -0.19953703E-011    -0.19985367E-011
     0.23712000E+002    -0.18772443E-001    -0.19965413E-011    -0.19999464E-011
     0.23720000E+002    -0.18772125E-001    -0.19976511E-011    -0.20007743E-011
     0.23728000E+002    -0.18771806E-001    -0.19988011E-011    -0.20013231E-011
     0.23736000E+002    -0.18771492E-001    -0.19999696E-011    -0.20020304E-011
     0.23744000E+002    -0.18771188E-001    -0.20010675E-011    -0.20030358E-011
     0.23752000E+002    -0.18770898E-001    -0.20017663E-011    -0.20036747E-011
     0.23760000E+002    -0.18770627E-001    -0.20019734E-011    -0.20034587E-011
     0.23768000E+002    -0.18770379E-001    -0.20019289E-011    -0.20026911E-011
     0.23776000E+002    -0.18770157E-001    -0.20017881E-011    -0.20019389E-011
     0.23784000E+002    -0.18769965E-001    -0.20016805E-011    -0.20016964E-011
     0.23792000E+002    -0.18769806E-001    -0.20015036E-011    -0.20016985E-011
     0.23800000E+002    -0.18769682E-001    -0.20011695E-011    -0.20014017E-011
     0.23808000E+002    -0.18769595E-001    -0.20009420E-011    -0.20009490E-011
     0.23816000E+002    -0.18769546E-001    -0.20009897E-011    -0.20007793E-011
     0.23824000E+002    -0.18769537E-001    -0.20013546E-011    -0.20013007E-011
     0.23832000E+002    -0.18769567E-001    -0.20018595E-011    -0.20022976E-011
     0.23840000E+002    -0.18769636E-001    -0.20021700E-011    -0.20029629E-011
     0.23848000E+002    -0.18769742E-001    -0.20023429E-011    -0.20030965E-011
     0.23856000E+002    -0.18769885E-001    -0.20025366E-011    -0.20030600E-011
     0.23864000E+002    -0.18770061E-001    -0.20027962E-011    -0.20033316E-011
     0.23872000E+002    -0.18770269E-001    -0.20030403E-011    -0.20039949E-011
     0.23880000E+002    -0.18770505E-001    -0.20029305E-011    -0.20043135E-011
     0.23888000E+002    -0.18770766E-001    -0.20024479E-011    -0.20038610E-011
     0.23896000E+002    -0.18771048E-001    -0.20018924E-011    -0.20029947E-011
     0.23904000E+002    -0.18771346E-001    -0.20014964E-011    -0.20023704E-011
     0.23912000E+002    -0.18771656E-001    -0.20014050E-011    -0.20024856E-011
     0.23920000E+002    -0.18771973E-001    -0.20013960E-011    -0.20028842E-011
     0.23928000E+002    -0.18772293E-001    -0.20012761E-011    -0.20028570E-011
     0.23936000E+002    -0.18772611E-001    -0.20012151E-011    -0.20024223E-011
     0.23944000E+002    -0.18772922E-001    -0.20013631E-011    -0.20020481E-011
     0.23952000E+002    -0.18773221E-001    -0.20018293E-011    -0.20023314E-011
     0.23960000E+002    -0.18773503E-001    -0.20024168E-011    -0.20031178E-011
     0.23968000E+002    -0.18773765E-001    -0.20027342E-011    -0.20035633E-011
     0.23976000E+002    -0.18774003E-001    -0.20027457E-011    -0.20033290E-011
     0.23984000E+002    -0.18774212E-001    -0.20025180E-011    -0.20026306E-011
     0.23992000E+002    -0.18774390E-001    -0.20021459E-011    -0.20020377E-011
     0.24000000E+002    -0.18774534E-001    -0.20016242E-011    -0.20018007E-011
     0.24008000E+002    -0.18774642E-001    -0.20006935E-011    -0.20013424E-011
     0.24016000E+002    -0.18774712E-001    -0.19993981E-011    -0.20003133E-011
     0.24024000E+002    -0.18774743E-001    -0.19980012E-011    -0.19989447E-011
     0.24032000E+002    -0.18774734E-001    -0.19967429E-011    -0.19978181E-011
     0.24040000E+002    -0.18774687E-001    -0.19958224E-011    -0.19974559E-011
     0.24048000E+002    -0.18774600E-001    -0.19950990E-011    -0.19975014E-011
     0.24056000E+002    -0.18774477E-001    -0.19945338E-011    -0.19974437E-011
     0.24064000E+002    -0.18774318E-001    -0.19943640E-011    -0.19973403E-011
     0.24072000E+002    -0.18774126E-001    -0.19947351E-011    -0.19975722E-011
     0.24080000E+002    -0.18773904E-001    -0.19957094E-011    -0.19986063E-011
     0.24088000E+002    -0.18773655E-001    -0.19969757E-011    -0.20001094E-011
     0.24096000E+002    -0.18773383E-001    -0.19981169E-011    -0.20012311E-011
     0.24104000E+002    -0.18773093E-001    -0.19991107E-011    -0.20017047E-011
     0.24112000E+002    -0.18772788E-001    -0.20000213E-011    -0.20017965E-011
     0.24120000E+002    -0.18772473E-001    -0.20009391E-011    -0.20021194E-011
     0.24128000E+002    -0.18772153E-001    -0.20017333E-011    -0.20027830E-011
     0.24136000E+002    -0.18771833E-001    -0.20020135E-011    -0.20030480E-011
     0.24144000E+002    -0.18771518E-001    -0.20017687E-011    -0.20024985E-011
     0.24152000E+002    -0.18771212E-001    -0.20012492E-011    -0.20013643E-011
     0.24160000E+002    -0.18770921E-001    -0.20007871E-011    -0.20003943E-011
     0.24168000E+002    -0.18770648E-001    -0.20006205E-011    -0.20002160E-011
     0.24176000E+002    -0.18770398E-001    -0.20005488E-011    -0.20004229E-011
     0.24184000E+002    -0.18770174E-001    -0.20004636E-011    -0.20004133E-011
     0.24192000E+002    -0.18769980E-001    -0.20005042E-011    -0.20001003E-011
     0.24200000E+002    -0.18769818E-001    -0.20008329E-011    -0.19999128E-011
     0.24208000E+002    -0.18769692E-001    -0.20016187E-011    -0.20005359E-011
     0.24216000E+002    -0.18769603E-001    -0.20026140E-011    -0.20018047E-011
     0.24224000E+002    -0.18769552E-001    -0.20034479E-011    -0.20029662E-011
     0.24232000E+002    -0.18769540E-001    -0.20040309E-011    -0.20036158E-011
     0.24240000E+002    -0.18769567E-001    -0.20043286E-011    -0.20037948E-011
     0.24248000E+002    -0.18769633E-001    -0.20044239E-011    -0.20040361E-011
     0.24256000E+002    -0.18769737E-001    -0.20041980E-011    -0.20044415E-011
     0.24264000E+002    -0.18769877E-001    -0.20033374E-011    -0.20043808E-011
     0.24272000E+002    -0.18770051E-001    -0.20018723E-011    -0.20034763E-011
     0.24280000E+002    -0.18770257E-001    -0.19999850E-011    -0.20018049E-011
     0.24288000E+002    -0.18770491E-001    -0.19979618E-011    -0.19999827E-011
     0.24296000E+002    -0.18770749E-001    -0.19960009E-011    -0.19985364E-011
     0.24304000E+002    -0.18771029E-001    -0.19939608E-011    -0.19971345E-011
     0.24312000E+002    -0.18771325E-001    -0.19919115E-011    -0.19954305E-011
     0.24320000E+002    -0.18771633E-001    -0.19901317E-011    -0.19935182E-011
     0.24328000E+002    -0.18771949E-001    -0.19889126E-011    -0.19919612E-011
     0.24336000E+002    -0.18772268E-001    -0.19884783E-011    -0.19914530E-011
     0.24344000E+002    -0.18772584E-001    -0.19885765E-011    -0.19917497E-011
     0.24352000E+002    -0.18772894E-001    -0.19889125E-011    -0.19921499E-011
     0.24360000E+002    -0.18773192E-001    -0.19894728E-011    -0.19923302E-011
     0.24368000E+002    -0.18773474E-001    -0.19903146E-011    -0.19924761E-011
     0.24376000E+002    -0.18773736E-001    -0.19915808E-011    -0.19932549E-011
     0.24384000E+002    -0.18773973E-001    -0.19930594E-011    -0.19946979E-011
     0.24392000E+002    -0.18774183E-001    -0.19943092E-011    -0.19960468E-011
     0.24400000E+002    -0.18774361E-001    -0.19952017E-011    -0.19967431E-011
     0.24408000E+002    -0.18774507E-001    -0.19957777E-011    -0.19967273E-011
     0.24416000E+002    -0.18774616E-001    -0.19962845E-011    -0.19966684E-011
     0.24424000E+002    -0.18774688E-001    -0.19968365E-011    -0.19971088E-011
     0.24432000E+002    -0.18774722E-001    -0.19971745E-011    -0.19976639E-011
     0.24440000E+002    -0.18774716E-001    -0.19972138E-011    -0.19978175E-011
     0.24448000E+002    -0.18774673E-001    -0.19970289E-011    -0.19973655E-011
     0.24456000E+002    -0.18774590E-001    -0.19968418E-011    -0.19967572E-011
     0.24464000E+002    -0.18774471E-001    -0.19969078E-011    -0.19967443E-011
     0.24472000E+002    -0.18774317E-001    -0.19970740E-011    -0.19972573E-011
     0.24480000E+002    -0.18774131E-001    -0.19971989E-011    -0.19978127E-011
     0.24488000E+002    -0.18773914E-001    -0.19973230E-011    -0.19980897E-011
     0.24496000E+002    -0.18773671E-001    -0.19975499E-011    -0.19982086E-011
     0.24504000E+002    -0.18773405E-001    -0.19981031E-011    -0.19988200E-011
     0.24512000E+002    -0.18773120E-001    -0.19988565E-011    -0.19999969E-011
     0.24520000E+002    -0.18772819E-001    -0.19995314E-011    -0.20011876E-011
     0.24528000E+002    -0.18772509E-001    -0.20000860E-011    -0.20019538E-011
     0.24536000E+002    -0.18772193E-001    -0.20005442E-011    -0.20022003E-011
     0.24544000E+002    -0.18771877E-001    -0.20010921E-011    -0.20024902E-011
     0.24552000E+002    -0.18771564E-001    -0.20016956E-011    -0.20031523E-011
     0.24560000E+002    -0.18771260E-001    -0.20020080E-011    -0.20037119E-011
     0.24568000E+002    -0.18770970E-001    -0.20019162E-011    -0.20036754E-011
     0.24576000E+002    -0.18770696E-001    -0.20014694E-011    -0.20028676E-011
     0.24584000E+002    -0.18770445E-001    -0.20009301E-011    -0.20018352E-011
     0.24592000E+002    -0.18770219E-001    -0.20005403E-011    -0.20013107E-011
     0.24600000E+002    -0.18770022E-001    -0.20001170E-011    -0.20011447E-011
     0.24608000E+002    -0.18769858E-001    -0.19995371E-011    -0.20008259E-011
     0.24616000E+002    -0.18769727E-001    -0.19988533E-011    -0.20000075E-011
     0.24624000E+002    -0.18769633E-001    -0.19982835E-011    -0.19989643E-011
     0.24632000E+002    -0.18769576E-001    -0.19981867E-011    -0.19985658E-011
     0.24640000E+002    -0.18769558E-001    -0.19984965E-011    -0.19990085E-011
     0.24648000E+002    -0.18769579E-001    -0.19989599E-011    -0.19997980E-011
     0.24656000E+002    -0.18769638E-001    -0.19994431E-011    -0.20003620E-011
     0.24664000E+002    -0.18769735E-001    -0.19998817E-011    -0.20004797E-011
     0.24672000E+002    -0.18769868E-001    -0.20004561E-011    -0.20007396E-011
     0.24680000E+002    -0.18770035E-001    -0.20011172E-011    -0.20015173E-011
     0.24688000E+002    -0.18770233E-001    -0.20015314E-011    -0.20024183E-011
     0.24696000E+002    -0.18770461E-001    -0.20015116E-011    -0.20028501E-011
     0.24704000E+002    -0.18770713E-001    -0.20009487E-011    -0.20023587E-011
     0.24712000E+002    -0.18770987E-001    -0.20000195E-011    -0.20012968E-011
     0.24720000E+002    -0.18771279E-001    -0.19989259E-011    -0.20003023E-011
     0.24728000E+002    -0.18771583E-001    -0.19975675E-011    -0.19993542E-011
     0.24736000E+002    -0.18771896E-001    -0.19959771E-011    -0.19981805E-011
     0.24744000E+002    -0.18772213E-001    -0.19942977E-011    -0.19965388E-011
     0.24752000E+002    -0.18772528E-001    -0.19928496E-011    -0.19947723E-011
     0.24760000E+002    -0.18772838E-001    -0.19920552E-011    -0.19937458E-011
     0.24768000E+002    -0.18773137E-001    -0.19919119E-011    -0.19936808E-011
     0.24776000E+002    -0.18773422E-001    -0.19923076E-011    -0.19942629E-011
     0.24784000E+002    -0.18773687E-001    -0.19931977E-011    -0.19950498E-011
     0.24792000E+002    -0.18773928E-001    -0.19945856E-011    -0.19959179E-011
     0.24800000E+002    -0.18774143E-001    -0.19966440E-011    -0.19974398E-011
     0.24808000E+002    -0.18774328E-001    -0.19991729E-011    -0.19997857E-011
     0.24816000E+002    -0.18774480E-001    -0.20016816E-011    -0.20023846E-011
     0.24824000E+002    -0.18774597E-001    -0.20038018E-011    -0.20044725E-011
     0.24832000E+002    -0.18774676E-001    -0.20052905E-011    -0.20055172E-011
     0.24840000E+002    -0.18774717E-001    -0.20062904E-011    -0.20059409E-011
     0.24848000E+002    -0.18774719E-001    -0.20069178E-011    -0.20063625E-011
     0.24856000E+002    -0.18774683E-001    -0.20069734E-011    -0.20066902E-011
     0.24864000E+002    -0.18774608E-001    -0.20063573E-011    -0.20064902E-011
     0.24872000E+002    -0.18774495E-001    -0.20050718E-011    -0.20053107E-011
     0.24880000E+002    -0.18774347E-001    -0.20034587E-011    -0.20035054E-011
     0.24888000E+002    -0.18774166E-001    -0.20020333E-011    -0.20020605E-011
     0.24896000E+002    -0.18773954E-001    -0.20009192E-011    -0.20013702E-011
     0.24904000E+002    -0.18773714E-001    -0.20001143E-011    -0.20012442E-011
     0.24912000E+002    -0.18773451E-001    -0.19995575E-011    -0.20011367E-011
     0.24920000E+002    -0.18773167E-001    -0.19992677E-011    -0.20008372E-011
     0.24928000E+002    -0.18772868E-001    -0.19994968E-011    -0.20009395E-011
     0.24936000E+002    -0.18772558E-001    -0.20001713E-011    -0.20017534E-011
     0.24944000E+002    -0.18772242E-001    -0.20009960E-011    -0.20029844E-011
     0.24952000E+002    -0.18771923E-001    -0.20016804E-011    -0.20039692E-011
     0.24960000E+002    -0.18771608E-001    -0.20019593E-011    -0.20040980E-011
     0.24968000E+002    -0.18771301E-001    -0.20019131E-011    -0.20036441E-011
     0.24976000E+002    -0.18771007E-001    -0.20015462E-011    -0.20030405E-011
     0.24984000E+002    -0.18770730E-001    -0.20006450E-011    -0.20022143E-011
     0.24992000E+002    -0.18770474E-001    -0.19991250E-011    -0.20008357E-011
     0.25000000E+002    -0.18770243E-001    -0.19969772E-011    -0.19985112E-011
     0.25008000E+002    -0.18770041E-001    -0.19945464E-011    -0.19956336E-011
     0.25016000E+002    -0.18769870E-001    -0.19922693E-011    -0.19930752E-011
     0.25024000E+002    -0.18769734E-001    -0.19902220E-011    -0.19911513E-011
     0.25032000E+002    -0.18769634E-001    -0.19884496E-011    -0.19897312E-011
     0.25040000E+002    -0.18769573E-001    -0.19869816E-011    -0.19883876E-011
     0.25048000E+002    -0.18769549E-001    -0.19860364E-011    -0.19871697E-011
     0.25056000E+002    -0.18769566E-001    -0.19860240E-011    -0.19868570E-011
     0.25064000E+002    -0.18769620E-001    -0.19869268E-011    -0.19877953E-011
     0.25072000E+002    -0.18769713E-001    -0.19884721E-011    -0.19896823E-011
     0.25080000E+002    -0.18769843E-001    -0.19903143E-011    -0.19917498E-011
     0.25088000E+002    -0.18770007E-001    -0.19921933E-011    -0.19933946E-011
     0.25096000E+002    -0.18770204E-001    -0.19942427E-011    -0.19950045E-011
     0.25104000E+002    -0.18770429E-001    -0.19964381E-011    -0.19970485E-011
     0.25112000E+002    -0.18770681E-001    -0.19984842E-011    -0.19994229E-011
     0.25120000E+002    -0.18770955E-001    -0.20000722E-011    -0.20015309E-011
     0.25128000E+002    -0.18771246E-001    -0.20009163E-011    -0.20025952E-011
     0.25136000E+002    -0.18771551E-001    -0.20011822E-011    -0.20027505E-011
     0.25144000E+002    -0.18771865E-001    -0.20011647E-011    -0.20026952E-011
     0.25152000E+002    -0.18772183E-001    -0.20008899E-011    -0.20027409E-011
     0.25160000E+002    -0.18772500E-001    -0.20003529E-011    -0.20027517E-011
     0.25168000E+002    -0.18772812E-001    -0.19994613E-011    -0.20021407E-011
     0.25176000E+002    -0.18773114E-001    -0.19983801E-011    -0.20008368E-011
     0.25184000E+002    -0.18773400E-001    -0.19975155E-011    -0.19995531E-011
     0.25192000E+002    -0.18773667E-001    -0.19969709E-011    -0.19987806E-011
     0.25200000E+002    -0.18773911E-001    -0.19967303E-011    -0.19985909E-011
     0.25208000E+002    -0.18774129E-001    -0.19966674E-011    -0.19985250E-011
     0.25216000E+002    -0.18774316E-001    -0.19967273E-011    -0.19982151E-011
     0.25224000E+002    -0.18774469E-001    -0.19971678E-011    -0.19981174E-011
     0.25232000E+002    -0.18774588E-001    -0.19980059E-011    -0.19986495E-011
     0.25240000E+002    -0.18774670E-001    -0.19990381E-011    -0.19997759E-011
     0.25248000E+002    -0.18774713E-001    -0.20000116E-011    -0.20009770E-011
     0.25256000E+002    -0.18774718E-001    -0.20006818E-011    -0.20015695E-011
     0.25264000E+002    -0.18774683E-001    -0.20012148E-011    -0.20017348E-011
     0.25272000E+002    -0.18774611E-001    -0.20017591E-011    -0.20020077E-011
     0.25280000E+002    -0.18774501E-001    -0.20021790E-011    -0.20025207E-011
     0.25288000E+002    -0.18774355E-001    -0.20023015E-011    -0.20029592E-011
     0.25296000E+002    -0.18774176E-001    -0.20019039E-011    -0.20026196E-011
     0.25304000E+002    -0.18773966E-001    -0.20011500E-011    -0.20014988E-011
     0.25312000E+002    -0.18773729E-001    -0.20004320E-011    -0.20003493E-011
     0.25320000E+002    -0.18773467E-001    -0.19998422E-011    -0.19996783E-011
     0.25328000E+002    -0.18773186E-001    -0.19993452E-011    -0.19995155E-011
     0.25336000E+002    -0.18772889E-001    -0.19987444E-011    -0.19992404E-011
     0.25344000E+002    -0.18772581E-001    -0.19980189E-011    -0.19984549E-011
     0.25352000E+002    -0.18772266E-001    -0.19975197E-011    -0.19976913E-011
     0.25360000E+002    -0.18771949E-001    -0.19973894E-011    -0.19975327E-011
     0.25368000E+002    -0.18771636E-001    -0.19975865E-011    -0.19981779E-011
     0.25376000E+002    -0.18771329E-001    -0.19979002E-011    -0.19991428E-011
     0.25384000E+002    -0.18771036E-001    -0.19980847E-011    -0.19996739E-011
     0.25392000E+002    -0.18770759E-001    -0.19982981E-011    -0.19998627E-011
     0.25400000E+002    -0.18770503E-001    -0.19986627E-011    -0.20001740E-011
     0.25408000E+002    -0.18770272E-001    -0.19991061E-011    -0.20008648E-011
     0.25416000E+002    -0.18770070E-001    -0.19994804E-011    -0.20017204E-011
     0.25424000E+002    -0.18769898E-001    -0.19995138E-011    -0.20020062E-011
     0.25432000E+002    -0.18769761E-001    -0.19992920E-011    -0.20015980E-011
     0.25440000E+002    -0.18769659E-001    -0.19990506E-011    -0.20009969E-011
     0.25448000E+002    -0.18769595E-001    -0.19988075E-011    -0.20006053E-011
     0.25456000E+002    -0.18769569E-001    -0.19985475E-011    -0.20005251E-011
     0.25464000E+002    -0.18769582E-001    -0.19981183E-011    -0.20002493E-011
     0.25472000E+002    -0.18769633E-001    -0.19976061E-011    -0.19995437E-011
     0.25480000E+002    -0.18769722E-001    -0.19973940E-011    -0.19989435E-011
     0.25488000E+002    -0.18769847E-001    -0.19976162E-011    -0.19989499E-011
     0.25496000E+002    -0.18770006E-001    -0.19982578E-011    -0.19997466E-011
     0.25504000E+002    -0.18770198E-001    -0.19991077E-011    -0.20008343E-011
     0.25512000E+002    -0.18770418E-001    -0.19999867E-011    -0.20015782E-011
     0.25520000E+002    -0.18770665E-001    -0.20011091E-011    -0.20021929E-011
     0.25528000E+002    -0.18770933E-001    -0.20025623E-011    -0.20031450E-011
     0.25536000E+002    -0.18771220E-001    -0.20042179E-011    -0.20046647E-011
     0.25544000E+002    -0.18771520E-001    -0.20057735E-011    -0.20063694E-011
     0.25552000E+002    -0.18771830E-001    -0.20068113E-011    -0.20073685E-011
     0.25560000E+002    -0.18772144E-001    -0.20073597E-011    -0.20075127E-011
     0.25568000E+002    -0.18772458E-001    -0.20076124E-011    -0.20073001E-011
     0.25576000E+002    -0.18772767E-001    -0.20076213E-011    -0.20072246E-011
     0.25584000E+002    -0.18773066E-001    -0.20073647E-011    -0.20073803E-011
     0.25592000E+002    -0.18773352E-001    -0.20066038E-011    -0.20070872E-011
     0.25600000E+002    -0.18773619E-001    -0.20053834E-011    -0.20059707E-011
     0.25608000E+002    -0.18773864E-001    -0.20040627E-011    -0.20044624E-011
     0.25616000E+002    -0.18774083E-001    -0.20028693E-011    -0.20031740E-011
     0.25624000E+002    -0.18774273E-001    -0.20019655E-011    -0.20025556E-011
     0.25632000E+002    -0.18774431E-001    -0.20012366E-011    -0.20022549E-011
     0.25640000E+002    -0.18774554E-001    -0.20005670E-011    -0.20016988E-011
     0.25648000E+002    -0.18774641E-001    -0.20001549E-011    -0.20010194E-011
     0.25656000E+002    -0.18774690E-001    -0.20000690E-011    -0.20006077E-011
     0.25664000E+002    -0.18774701E-001    -0.20002809E-011    -0.20008294E-011
     0.25672000E+002    -0.18774673E-001    -0.20005791E-011    -0.20014544E-011
     0.25680000E+002    -0.18774607E-001    -0.20006297E-011    -0.20017246E-011
     0.25688000E+002    -0.18774504E-001    -0.20004735E-011    -0.20014808E-011
     0.25696000E+002    -0.18774365E-001    -0.20001933E-011    -0.20010090E-011
     0.25704000E+002    -0.18774193E-001    -0.19997750E-011    -0.20006709E-011
     0.25712000E+002    -0.18773990E-001    -0.19991575E-011    -0.20005095E-011
     0.25720000E+002    -0.18773759E-001    -0.19981197E-011    -0.19999123E-011
     0.25728000E+002    -0.18773503E-001    -0.19968028E-011    -0.19986869E-011
     0.25736000E+002    -0.18773227E-001    -0.19955852E-011    -0.19973135E-011
     0.25744000E+002    -0.18772935E-001    -0.19946931E-011    -0.19963963E-011
     0.25752000E+002    -0.18772630E-001    -0.19942526E-011    -0.19963169E-011
     0.25760000E+002    -0.18772318E-001    -0.19940717E-011    -0.19965981E-011
     0.25768000E+002    -0.18772003E-001    -0.19940577E-011    -0.19966944E-011
     0.25776000E+002    -0.18771690E-001    -0.19944453E-011    -0.19967930E-011
     0.25784000E+002    -0.18771384E-001    -0.19953410E-011    -0.19973496E-011
     0.25792000E+002    -0.18771089E-001    -0.19967354E-011    -0.19987693E-011
     0.25800000E+002    -0.18770810E-001    -0.19982990E-011    -0.20006553E-011
     0.25808000E+002    -0.18770551E-001    -0.19995838E-011    -0.20020775E-011
     0.25816000E+002    -0.18770316E-001    -0.20005655E-011    -0.20027751E-011
     0.25824000E+002    -0.18770108E-001    -0.20013219E-011    -0.20030419E-011
     0.25832000E+002    -0.18769931E-001    -0.20019510E-011    -0.20034433E-011
     0.25840000E+002    -0.18769787E-001    -0.20024289E-011    -0.20041242E-011
     0.25848000E+002    -0.18769678E-001    -0.20024849E-011    -0.20044188E-011
     0.25856000E+002    -0.18769607E-001    -0.20021769E-011    -0.20039902E-011
     0.25864000E+002    -0.18769574E-001    -0.20017655E-011    -0.20031114E-011
     0.25872000E+002    -0.18769579E-001    -0.20014894E-011    -0.20024024E-011
     0.25880000E+002    -0.18769623E-001    -0.20015421E-011    -0.20023915E-011
     0.25888000E+002    -0.18769705E-001    -0.20017558E-011    -0.20027093E-011
     0.25896000E+002    -0.18769823E-001    -0.20020437E-011    -0.20028614E-011
     0.25904000E+002    -0.18769976E-001    -0.20025413E-011    -0.20028827E-011
     0.25912000E+002    -0.18770163E-001    -0.20032869E-011    -0.20030952E-011
     0.25920000E+002    -0.18770379E-001    -0.20043062E-011    -0.20039361E-011
     0.25928000E+002    -0.18770621E-001    -0.20053294E-011    -0.20051106E-011
     0.25936000E+002    -0.18770887E-001    -0.20060411E-011    -0.20059033E-011
     0.25944000E+002    -0.18771171E-001    -0.20064872E-011    -0.20061499E-011
     0.25952000E+002    -0.18771471E-001    -0.20067274E-011    -0.20060769E-011
     0.25960000E+002    -0.18771780E-001    -0.20068459E-011    -0.20061785E-011
     0.25968000E+002    -0.18772095E-001    -0.20067533E-011    -0.20064821E-011
     0.25976000E+002    -0.18772411E-001    -0.20061759E-011    -0.20063329E-011
     0.25984000E+002    -0.18772722E-001    -0.20052243E-011    -0.20055091E-011
     0.25992000E+002    -0.18773025E-001    -0.20041658E-011    -0.20043330E-011
     0.26000000E+002    -0.18773315E-001    -0.20032574E-011    -0.20034708E-011
     0.26008000E+002    -0.18773586E-001    -0.20026252E-011    -0.20033481E-011
     0.26016000E+002    -0.18773836E-001    -0.20020025E-011    -0.20034218E-011
     0.26024000E+002    -0.18774060E-001    -0.20012969E-011    -0.20031396E-011
     0.26032000E+002    -0.18774255E-001    -0.20006692E-011    -0.20025231E-011
     0.26040000E+002    -0.18774418E-001    -0.20002742E-011    -0.20020298E-011
     0.26048000E+002    -0.18774547E-001    -0.20002496E-011    -0.20022376E-011
     0.26056000E+002    -0.18774640E-001    -0.20003260E-011    -0.20028249E-011
     0.26064000E+002    -0.18774694E-001    -0.20001914E-011    -0.20030266E-011
     0.26072000E+002    -0.18774710E-001    -0.19998737E-011    -0.20025862E-011
     0.26080000E+002    -0.18774687E-001    -0.19994793E-011    -0.20017627E-011
     0.26088000E+002    -0.18774626E-001    -0.19992366E-011    -0.20012805E-011
     0.26096000E+002    -0.18774526E-001    -0.19991306E-011    -0.20013346E-011
     0.26104000E+002    -0.18774391E-001    -0.19989220E-011    -0.20013626E-011
     0.26112000E+002    -0.18774222E-001    -0.19986693E-011    -0.20010537E-011
     0.26120000E+002    -0.18774021E-001    -0.19985166E-011    -0.20005030E-011
     0.26128000E+002    -0.18773792E-001    -0.19986806E-011    -0.20002925E-011
     0.26136000E+002    -0.18773537E-001    -0.19992520E-011    -0.20008336E-011
     0.26144000E+002    -0.18773261E-001    -0.19999517E-011    -0.20016494E-011
     0.26152000E+002    -0.18772968E-001    -0.20006831E-011    -0.20022557E-011
     0.26160000E+002    -0.18772663E-001    -0.20015007E-011    -0.20025535E-011
     0.26168000E+002    -0.18772350E-001    -0.20024747E-011    -0.20028824E-011
     0.26176000E+002    -0.18772033E-001    -0.20036691E-011    -0.20037361E-011
     0.26184000E+002    -0.18771719E-001    -0.20047674E-011    -0.20047854E-011
     0.26192000E+002    -0.18771410E-001    -0.20055197E-011    -0.20054327E-011
     0.26200000E+002    -0.18771113E-001    -0.20059825E-011    -0.20055181E-011
     0.26208000E+002    -0.18770831E-001    -0.20062679E-011    -0.20053208E-011
     0.26216000E+002    -0.18770570E-001    -0.20065731E-011    -0.20055006E-011
     0.26224000E+002    -0.18770332E-001    -0.20067565E-011    -0.20060456E-011
     0.26232000E+002    -0.18770122E-001    -0.20065147E-011    -0.20062893E-011
     0.26240000E+002    -0.18769942E-001    -0.20058812E-011    -0.20058879E-011
     0.26248000E+002    -0.18769796E-001    -0.20050110E-011    -0.20049653E-011
     0.26256000E+002    -0.18769685E-001    -0.20042013E-011    -0.20042289E-011
     0.26264000E+002    -0.18769611E-001    -0.20035450E-011    -0.20040844E-011
     0.26272000E+002    -0.18769576E-001    -0.20027619E-011    -0.20040102E-011
     0.26280000E+002    -0.18769579E-001    -0.20017897E-011    -0.20034954E-011
     0.26288000E+002    -0.18769621E-001    -0.20007374E-011    -0.20024355E-011
     0.26296000E+002    -0.18769701E-001    -0.19998608E-011    -0.20013744E-011
     0.26304000E+002    -0.18769817E-001    -0.19994069E-011    -0.20010302E-011
     0.26312000E+002    -0.18769968E-001    -0.19991792E-011    -0.20012060E-011
     0.26320000E+002    -0.18770152E-001    -0.19990008E-011    -0.20013404E-011
     0.26328000E+002    -0.18770366E-001    -0.19988717E-011    -0.20011065E-011
     0.26336000E+002    -0.18770607E-001    -0.19988662E-011    -0.20006740E-011
     0.26344000E+002    -0.18770870E-001    -0.19991845E-011    -0.20007244E-011
     0.26352000E+002    -0.18771153E-001    -0.19996691E-011    -0.20013067E-011
     0.26360000E+002    -0.18771450E-001    -0.20000298E-011    -0.20018688E-011
     0.26368000E+002    -0.18771757E-001    -0.20002041E-011    -0.20019875E-011
     0.26376000E+002    -0.18772071E-001    -0.20001807E-011    -0.20015673E-011
     0.26384000E+002    -0.18772385E-001    -0.20001253E-011    -0.20011486E-011
     0.26392000E+002    -0.18772695E-001    -0.20000064E-011    -0.20010172E-011
     0.26400000E+002    -0.18772997E-001    -0.19995454E-011    -0.20007420E-011
     0.26408000E+002    -0.18773286E-001    -0.19987323E-011    -0.19999615E-011
     0.26416000E+002    -0.18773557E-001    -0.19976810E-011    -0.19986067E-011
     0.26424000E+002    -0.18773807E-001    -0.19966690E-011    -0.19972368E-011
     0.26432000E+002    -0.18774032E-001    -0.19959079E-011    -0.19964884E-011
     0.26440000E+002    -0.18774228E-001    -0.19952101E-011    -0.19961544E-011
     0.26448000E+002    -0.18774392E-001    -0.19945174E-011    -0.19958252E-011
     0.26456000E+002    -0.18774523E-001    -0.19939476E-011    -0.19953142E-011
     0.26464000E+002    -0.18774617E-001    -0.19937271E-011    -0.19949628E-011
     0.26472000E+002    -0.18774674E-001    -0.19941257E-011    -0.19954907E-011
     0.26480000E+002    -0.18774693E-001    -0.19949317E-011    -0.19968045E-011
     0.26488000E+002    -0.18774673E-001    -0.19958024E-011    -0.19982209E-011
     0.26496000E+002    -0.18774615E-001    -0.19965839E-011    -0.19991537E-011
     0.26504000E+002    -0.18774520E-001    -0.19972331E-011    -0.19994709E-011
     0.26512000E+002    -0.18774389E-001    -0.19979400E-011    -0.19997988E-011
     0.26520000E+002    -0.18774224E-001    -0.19986173E-011    -0.20004170E-011
     0.26528000E+002    -0.18774027E-001    -0.19989183E-011    -0.20008558E-011
     0.26536000E+002    -0.18773803E-001    -0.19987078E-011    -0.20005962E-011
     0.26544000E+002    -0.18773553E-001    -0.19979882E-011    -0.19994048E-011
     0.26552000E+002    -0.18773282E-001    -0.19970822E-011    -0.19979036E-011
     0.26560000E+002    -0.18772994E-001    -0.19962964E-011    -0.19968804E-011
     0.26568000E+002    -0.18772693E-001    -0.19955878E-011    -0.19963471E-011
     0.26576000E+002    -0.18772384E-001    -0.19950022E-011    -0.19960171E-011
     0.26584000E+002    -0.18772071E-001    -0.19946302E-011    -0.19955930E-011
     0.26592000E+002    -0.18771760E-001    -0.19946993E-011    -0.19953364E-011
     0.26600000E+002    -0.18771454E-001    -0.19955022E-011    -0.19959613E-011
     0.26608000E+002    -0.18771159E-001    -0.19969023E-011    -0.19975108E-011
     0.26616000E+002    -0.18770878E-001    -0.19986850E-011    -0.19995559E-011
     0.26624000E+002    -0.18770617E-001    -0.20006914E-011    -0.20015684E-011
     0.26632000E+002    -0.18770378E-001    -0.20027940E-011    -0.20033299E-011
     0.26640000E+002    -0.18770167E-001    -0.20050399E-011    -0.20052782E-011
     0.26648000E+002    -0.18769984E-001    -0.20071633E-011    -0.20074651E-011
     0.26656000E+002    -0.18769834E-001    -0.20087488E-011    -0.20093745E-011
     0.26664000E+002    -0.18769719E-001    -0.20095953E-011    -0.20104528E-011
     0.26672000E+002    -0.18769640E-001    -0.20096246E-011    -0.20103925E-011
     0.26680000E+002    -0.18769599E-001    -0.20090794E-011    -0.20097091E-011
     0.26688000E+002    -0.18769595E-001    -0.20081053E-011    -0.20089410E-011
     0.26696000E+002    -0.18769630E-001    -0.20065674E-011    -0.20079389E-011
     0.26704000E+002    -0.18769703E-001    -0.20045071E-011    -0.20063799E-011
     0.26712000E+002    -0.18769812E-001    -0.20020811E-011    -0.20040356E-011
     0.26720000E+002    -0.18769956E-001    -0.19997190E-011    -0.20014325E-011
     0.26728000E+002    -0.18770133E-001    -0.19978889E-011    -0.19995013E-011
     0.26736000E+002    -0.18770341E-001    -0.19965929E-011    -0.19984271E-011
     0.26744000E+002    -0.18770575E-001    -0.19957412E-011    -0.19978743E-011
     0.26752000E+002    -0.18770833E-001    -0.19952354E-011    -0.19973029E-011
     0.26760000E+002    -0.18771110E-001    -0.19950916E-011    -0.19966233E-011
     0.26768000E+002    -0.18771403E-001    -0.19955282E-011    -0.19964918E-011
     0.26776000E+002    -0.18771708E-001    -0.19963906E-011    -0.19971411E-011
     0.26784000E+002    -0.18772019E-001    -0.19973284E-011    -0.19981837E-011
     0.26792000E+002    -0.18772331E-001    -0.19980430E-011    -0.19989399E-011
     0.26800000E+002    -0.18772641E-001    -0.19983216E-011    -0.19989024E-011
     0.26808000E+002    -0.18772944E-001    -0.19983393E-011    -0.19984979E-011
     0.26816000E+002    -0.18773234E-001    -0.19981940E-011    -0.19982514E-011
     0.26824000E+002    -0.18773508E-001    -0.19977813E-011    -0.19981505E-011
     0.26832000E+002    -0.18773761E-001    -0.19971123E-011    -0.19979081E-011
     0.26840000E+002    -0.18773990E-001    -0.19962166E-011    -0.19971380E-011
     0.26848000E+002    -0.18774191E-001    -0.19954220E-011    -0.19961937E-011
     0.26856000E+002    -0.18774361E-001    -0.19950876E-011    -0.19958190E-011
     0.26864000E+002    -0.18774497E-001    -0.19952092E-011    -0.19962002E-011
     0.26872000E+002    -0.18774598E-001    -0.19957667E-011    -0.19971478E-011
     0.26880000E+002    -0.18774662E-001    -0.19966803E-011    -0.19981901E-011
     0.26888000E+002    -0.18774688E-001    -0.19979989E-011    -0.19992820E-011
     0.26896000E+002    -0.18774676E-001    -0.19999085E-011    -0.20009856E-011
     0.26904000E+002    -0.18774625E-001    -0.20021960E-011    -0.20033934E-011
     0.26912000E+002    -0.18774537E-001    -0.20045192E-011    -0.20060965E-011
     0.26920000E+002    -0.18774412E-001    -0.20065583E-011    -0.20083826E-011
     0.26928000E+002    -0.18774254E-001    -0.20081155E-011    -0.20097813E-011
     0.26936000E+002    -0.18774063E-001    -0.20093593E-011    -0.20107249E-011
     0.26944000E+002    -0.18773843E-001    -0.20102708E-011    -0.20115849E-011
     0.26952000E+002    -0.18773597E-001    -0.20106246E-011    -0.20121948E-011
     0.26960000E+002    -0.18773329E-001    -0.20102639E-011    -0.20120604E-011
     0.26968000E+002    -0.18773043E-001    -0.20090995E-011    -0.20106789E-011
     0.26976000E+002    -0.18772743E-001    -0.20074724E-011    -0.20084939E-011
     0.26984000E+002    -0.18772434E-001    -0.20057625E-011    -0.20063537E-011
     0.26992000E+002    -0.18772121E-001    -0.20040299E-011    -0.20045844E-011
     0.27000000E+002    -0.18771807E-001    -0.20022912E-011    -0.20030393E-011
     0.27008000E+002    -0.18771499E-001    -0.20004635E-011    -0.20011714E-011
     0.27016000E+002    -0.18771200E-001    -0.19987117E-011    -0.19990014E-011
     0.27024000E+002    -0.18770916E-001    -0.19973895E-011    -0.19972511E-011
     0.27032000E+002    -0.18770650E-001    -0.19965120E-011    -0.19962975E-011
     0.27040000E+002    -0.18770406E-001    -0.19959748E-011    -0.19960467E-011
     0.27048000E+002    -0.18770189E-001    -0.19955539E-011    -0.19958769E-011
     0.27056000E+002    -0.18770001E-001    -0.19951118E-011    -0.19953289E-011
     0.27064000E+002    -0.18769846E-001    -0.19948414E-011    -0.19948069E-011
     0.27072000E+002    -0.18769725E-001    -0.19947319E-011    -0.19946914E-011
     0.27080000E+002    -0.18769641E-001    -0.19946354E-011    -0.19949879E-011
     0.27088000E+002    -0.18769594E-001    -0.19943942E-011    -0.19952795E-011
     0.27096000E+002    -0.18769585E-001    -0.19938581E-011    -0.19950142E-011
     0.27104000E+002    -0.18769616E-001    -0.19932581E-011    -0.19944618E-011
     0.27112000E+002    -0.18769684E-001    -0.19927707E-011    -0.19941460E-011
     0.27120000E+002    -0.18769789E-001    -0.19923222E-011    -0.19941946E-011
     0.27128000E+002    -0.18769930E-001    -0.19918424E-011    -0.19943652E-011
     0.27136000E+002    -0.18770104E-001    -0.19912061E-011    -0.19940836E-011
     0.27144000E+002    -0.18770310E-001    -0.19906266E-011    -0.19934438E-011
     0.27152000E+002    -0.18770542E-001    -0.19904492E-011    -0.19931245E-011
     0.27160000E+002    -0.18770799E-001    -0.19906797E-011    -0.19934463E-011
     0.27168000E+002    -0.18771076E-001    -0.19912284E-011    -0.19943010E-011
     0.27176000E+002    -0.18771369E-001    -0.19918814E-011    -0.19950614E-011
     0.27184000E+002    -0.18771674E-001    -0.19926253E-011    -0.19954380E-011
     0.27192000E+002    -0.18771986E-001    -0.19937684E-011    -0.19960017E-011
     0.27200000E+002    -0.18772301E-001    -0.19953374E-011    -0.19971987E-011
     0.27208000E+002    -0.18772612E-001    -0.19971559E-011    -0.19990145E-011
     0.27216000E+002    -0.18772917E-001    -0.19988869E-011    -0.20008007E-011
     0.27224000E+002    -0.18773210E-001    -0.20002116E-011    -0.20018032E-011
     0.27232000E+002    -0.18773486E-001    -0.20012576E-011    -0.20022127E-011
     0.27240000E+002    -0.18773742E-001    -0.20021148E-011    -0.20025372E-011
     0.27248000E+002    -0.18773974E-001    -0.20026953E-011    -0.20030086E-011
     0.27256000E+002    -0.18774177E-001    -0.20028460E-011    -0.20033582E-011
     0.27264000E+002    -0.18774350E-001    -0.20023214E-011    -0.20028677E-011
     0.27272000E+002    -0.18774489E-001    -0.20012897E-011    -0.20015397E-011
     0.27280000E+002    -0.18774593E-001    -0.20000943E-011    -0.20000121E-011
     0.27288000E+002    -0.18774659E-001    -0.19988902E-011    -0.19988010E-011
     0.27296000E+002    -0.18774688E-001    -0.19977968E-011    -0.19980854E-011
     0.27304000E+002    -0.18774678E-001    -0.19967428E-011    -0.19973973E-011
     0.27312000E+002    -0.18774629E-001    -0.19958408E-011    -0.19965310E-011
     0.27320000E+002    -0.18774543E-001    -0.19954280E-011    -0.19959792E-011
     0.27328000E+002    -0.18774420E-001    -0.19955649E-011    -0.19961467E-011
     0.27336000E+002    -0.18774264E-001    -0.19961881E-011    -0.19971467E-011
     0.27344000E+002    -0.18774075E-001    -0.19970415E-011    -0.19984499E-011
     0.27352000E+002    -0.18773856E-001    -0.19978924E-011    -0.19994251E-011
     0.27360000E+002    -0.18773613E-001    -0.19988510E-011    -0.20002149E-011
     0.27368000E+002    -0.18773346E-001    -0.19998609E-011    -0.20010877E-011
     0.27376000E+002    -0.18773062E-001    -0.20007068E-011    -0.20020847E-011
     0.27384000E+002    -0.18772764E-001    -0.20010986E-011    -0.20027676E-011
     0.27392000E+002    -0.18772456E-001    -0.20007357E-011    -0.20023915E-011
     0.27400000E+002    -0.18772144E-001    -0.19998044E-011    -0.20010454E-011
     0.27408000E+002    -0.18771832E-001    -0.19986001E-011    -0.19993536E-011
     0.27416000E+002    -0.18771525E-001    -0.19972408E-011    -0.19978213E-011
     0.27424000E+002    -0.18771228E-001    -0.19957808E-011    -0.19965551E-011
     0.27432000E+002    -0.18770944E-001    -0.19941097E-011    -0.19950279E-011
     0.27440000E+002    -0.18770678E-001    -0.19924506E-011    -0.19931733E-011
     0.27448000E+002    -0.18770434E-001    -0.19912797E-011    -0.19916646E-011
     0.27456000E+002    -0.18770217E-001    -0.19908267E-011    -0.19911370E-011
     0.27464000E+002    -0.18770028E-001    -0.19911546E-011    -0.19918623E-011
     0.27472000E+002    -0.18769871E-001    -0.19919932E-011    -0.19932403E-011
     0.27480000E+002    -0.18769749E-001    -0.19931017E-011    -0.19945580E-011
     0.27488000E+002    -0.18769662E-001    -0.19945753E-011    -0.19958847E-011
     0.27496000E+002    -0.18769613E-001    -0.19963711E-011    -0.19975172E-011
     0.27504000E+002    -0.18769602E-001    -0.19983477E-011    -0.19996712E-011
     0.27512000E+002    -0.18769629E-001    -0.20001748E-011    -0.20019340E-011
     0.27520000E+002    -0.18769693E-001    -0.20014445E-011    -0.20034540E-011
     0.27528000E+002    -0.18769795E-001    -0.20021862E-011    -0.20040942E-011
     0.27536000E+002    -0.18769932E-001    -0.20025094E-011    -0.20041982E-011
     0.27544000E+002    -0.18770101E-001    -0.20024800E-011    -0.20042086E-011
     0.27552000E+002    -0.18770302E-001    -0.20021349E-011    -0.20042470E-011
     0.27560000E+002    -0.18770530E-001    -0.20013411E-011    -0.20037866E-011
     0.27568000E+002    -0.18770782E-001    -0.20002933E-011    -0.20027109E-011
     0.27576000E+002    -0.18771055E-001    -0.19993421E-011    -0.20014629E-011
     0.27584000E+002    -0.18771344E-001    -0.19986534E-011    -0.20005340E-011
     0.27592000E+002    -0.18771645E-001    -0.19983154E-011    -0.20002149E-011
     0.27600000E+002    -0.18771952E-001    -0.19981351E-011    -0.20000393E-011
     0.27608000E+002    -0.18772263E-001    -0.19980497E-011    -0.19995855E-011
     0.27616000E+002    -0.18772572E-001    -0.19982726E-011    -0.19991105E-011
     0.27624000E+002    -0.18772874E-001    -0.19988320E-011    -0.19990013E-011
     0.27632000E+002    -0.18773165E-001    -0.19996598E-011    -0.19995477E-011
     0.27640000E+002    -0.18773441E-001    -0.20004410E-011    -0.20003282E-011
     0.27648000E+002    -0.18773696E-001    -0.20008477E-011    -0.20005922E-011
     0.27656000E+002    -0.18773929E-001    -0.20009933E-011    -0.20003307E-011
     0.27664000E+002    -0.18774134E-001    -0.20010107E-011    -0.19999468E-011
     0.27672000E+002    -0.18774309E-001    -0.20009805E-011    -0.19999327E-011
     0.27680000E+002    -0.18774452E-001    -0.20008328E-011    -0.20002720E-011
     0.27688000E+002    -0.18774560E-001    -0.20003000E-011    -0.20002450E-011
     0.27696000E+002    -0.18774631E-001    -0.19994955E-011    -0.19996180E-011
     0.27704000E+002    -0.18774665E-001    -0.19987019E-011    -0.19987592E-011
     0.27712000E+002    -0.18774661E-001    -0.19981265E-011    -0.19982666E-011
     0.27720000E+002    -0.18774619E-001    -0.19978856E-011    -0.19985153E-011
     0.27728000E+002    -0.18774540E-001    -0.19977393E-011    -0.19989720E-011
     0.27736000E+002    -0.18774425E-001    -0.19975865E-011    -0.19991049E-011
     0.27744000E+002    -0.18774275E-001    -0.19975648E-011    -0.19989824E-011
     0.27752000E+002    -0.18774093E-001    -0.19977191E-011    -0.19989642E-011
     0.27760000E+002    -0.18773882E-001    -0.19980928E-011    -0.19994972E-011
     0.27768000E+002    -0.18773644E-001    -0.19984405E-011    -0.20002812E-011
     0.27776000E+002    -0.18773383E-001    -0.19985016E-011    -0.20006577E-011
     0.27784000E+002    -0.18773104E-001    -0.19983641E-011    -0.20005299E-011
     0.27792000E+002    -0.18772810E-001    -0.19980969E-011    -0.20001392E-011
     0.27800000E+002    -0.18772506E-001    -0.19978036E-011    -0.19999714E-011
     0.27808000E+002    -0.18772197E-001    -0.19974325E-011    -0.20000496E-011
     0.27816000E+002    -0.18771886E-001    -0.19967762E-011    -0.19997830E-011
     0.27824000E+002    -0.18771579E-001    -0.19959857E-011    -0.19990192E-011
     0.27832000E+002    -0.18771281E-001    -0.19952745E-011    -0.19980225E-011
     0.27840000E+002    -0.18770996E-001    -0.19947997E-011    -0.19973026E-011
     0.27848000E+002    -0.18770727E-001    -0.19946008E-011    -0.19971309E-011
     0.27856000E+002    -0.18770480E-001    -0.19943956E-011    -0.19969584E-011
     0.27864000E+002    -0.18770259E-001    -0.19941430E-011    -0.19964026E-011
     0.27872000E+002    -0.18770065E-001    -0.19940211E-011    -0.19956404E-011
     0.27880000E+002    -0.18769902E-001    -0.19941507E-011    -0.19951556E-011
     0.27888000E+002    -0.18769773E-001    -0.19946189E-011    -0.19954398E-011
     0.27896000E+002    -0.18769680E-001    -0.19951449E-011    -0.19961033E-011
     0.27904000E+002    -0.18769624E-001    -0.19954902E-011    -0.19964778E-011
     0.27912000E+002    -0.18769605E-001    -0.19957671E-011    -0.19964717E-011
     0.27920000E+002    -0.18769625E-001    -0.19961130E-011    -0.19964182E-011
     0.27928000E+002    -0.18769683E-001    -0.19967278E-011    -0.19969548E-011
     0.27936000E+002    -0.18769777E-001    -0.19975211E-011    -0.19980696E-011
     0.27944000E+002    -0.18769908E-001    -0.19981974E-011    -0.19990587E-011
     0.27952000E+002    -0.18770071E-001    -0.19987785E-011    -0.19995951E-011
     0.27960000E+002    -0.18770266E-001    -0.19993626E-011    -0.19998070E-011
     0.27968000E+002    -0.18770490E-001    -0.20001310E-011    -0.20003016E-011
     0.27976000E+002    -0.18770738E-001    -0.20011398E-011    -0.20014518E-011
     0.27984000E+002    -0.18771008E-001    -0.20020972E-011    -0.20027443E-011
     0.27992000E+002    -0.18771294E-001    -0.20029127E-011    -0.20037106E-011
     0.28000000E+002    -0.18771594E-001    -0.20036268E-011    -0.20042631E-011
     0.28008000E+002    -0.18771902E-001    -0.20043119E-011    -0.20047473E-011
     0.28016000E+002    -0.18772214E-001    -0.20050688E-011    -0.20056470E-011
     0.28024000E+002    -0.18772524E-001    -0.20056541E-011    -0.20066408E-011
     0.28032000E+002    -0.18772829E-001    -0.20059088E-011    -0.20071910E-011
     0.28040000E+002    -0.18773124E-001    -0.20059165E-011    -0.20071530E-011
     0.28048000E+002    -0.18773403E-001    -0.20057578E-011    -0.20067468E-011
     0.28056000E+002    -0.18773664E-001    -0.20055985E-011    -0.20065462E-011
     0.28064000E+002    -0.18773902E-001    -0.20053101E-011    -0.20065103E-011
     0.28072000E+002    -0.18774112E-001    -0.20046746E-011    -0.20060971E-011
     0.28080000E+002    -0.18774293E-001    -0.20037995E-011    -0.20051375E-011
     0.28088000E+002    -0.18774442E-001    -0.20028309E-011    -0.20038246E-011
     0.28096000E+002    -0.18774555E-001    -0.20019953E-011    -0.20027934E-011
     0.28104000E+002    -0.18774632E-001    -0.20012997E-011    -0.20023000E-011
     0.28112000E+002    -0.18774672E-001    -0.20004481E-011    -0.20017863E-011
     0.28120000E+002    -0.18774673E-001    -0.19994316E-011    -0.20008711E-011
     0.28128000E+002    -0.18774635E-001    -0.19984003E-011    -0.19995996E-011
     0.28136000E+002    -0.18774560E-001    -0.19976113E-011    -0.19985622E-011
     0.28144000E+002    -0.18774449E-001    -0.19972626E-011    -0.19983609E-011
     0.28152000E+002    -0.18774302E-001    -0.19971138E-011    -0.19986508E-011
     0.28160000E+002    -0.18774122E-001    -0.19970127E-011    -0.19988636E-011
     0.28168000E+002    -0.18773913E-001    -0.19970193E-011    -0.19987827E-011
     0.28176000E+002    -0.18773677E-001    -0.19972768E-011    -0.19987100E-011
     0.28184000E+002    -0.18773417E-001    -0.19980211E-011    -0.19993533E-011
     0.28192000E+002    -0.18773138E-001    -0.19990714E-011    -0.20006549E-011
     0.28200000E+002    -0.18772844E-001    -0.20001011E-011    -0.20019609E-011
     0.28208000E+002    -0.18772539E-001    -0.20010006E-011    -0.20028057E-011
     0.28216000E+002    -0.18772229E-001    -0.20017235E-011    -0.20031141E-011
     0.28224000E+002    -0.18771917E-001    -0.20024330E-011    -0.20034690E-011
     0.28232000E+002    -0.18771608E-001    -0.20030953E-011    -0.20041466E-011
     0.28240000E+002    -0.18771308E-001    -0.20034346E-011    -0.20046974E-011
     0.28248000E+002    -0.18771020E-001    -0.20034230E-011    -0.20047397E-011
     0.28256000E+002    -0.18770749E-001    -0.20031224E-011    -0.20041552E-011
     0.28264000E+002    -0.18770499E-001    -0.20027778E-011    -0.20034514E-011
     0.28272000E+002    -0.18770275E-001    -0.20025974E-011    -0.20032056E-011
     0.28280000E+002    -0.18770078E-001    -0.20024320E-011    -0.20032086E-011
     0.28288000E+002    -0.18769912E-001    -0.20022734E-011    -0.20031235E-011
     0.28296000E+002    -0.18769781E-001    -0.20022227E-011    -0.20028045E-011
     0.28304000E+002    -0.18769685E-001    -0.20024364E-011    -0.20025610E-011
     0.28312000E+002    -0.18769626E-001    -0.20030970E-011    -0.20030111E-011
     0.28320000E+002    -0.18769605E-001    -0.20039508E-011    -0.20040007E-011
     0.28328000E+002    -0.18769622E-001    -0.20047068E-011    -0.20049576E-011
     0.28336000E+002    -0.18769677E-001    -0.20052877E-011    -0.20054965E-011
     0.28344000E+002    -0.18769769E-001    -0.20056957E-011    -0.20056319E-011
     0.28352000E+002    -0.18769898E-001    -0.20061132E-011    -0.20059705E-011
     0.28360000E+002    -0.18770060E-001    -0.20064136E-011    -0.20066297E-011
     0.28368000E+002    -0.18770253E-001    -0.20062697E-011    -0.20070443E-011
     0.28376000E+002    -0.18770475E-001    -0.20056263E-011    -0.20067509E-011
     0.28384000E+002    -0.18770721E-001    -0.20045711E-011    -0.20056447E-011
     0.28392000E+002    -0.18770990E-001    -0.20034654E-011    -0.20044079E-011
     0.28400000E+002    -0.18771275E-001    -0.20025568E-011    -0.20036997E-011
     0.28408000E+002    -0.18771573E-001    -0.20017032E-011    -0.20033314E-011
     0.28416000E+002    -0.18771880E-001    -0.20008741E-011    -0.20029047E-011
     0.28424000E+002    -0.18772190E-001    -0.20001100E-011    -0.20021311E-011
     0.28432000E+002    -0.18772500E-001    -0.19996165E-011    -0.20013496E-011
     0.28440000E+002    -0.18772804E-001    -0.19996380E-011    -0.20012693E-011
     0.28448000E+002    -0.18773097E-001    -0.19999623E-011    -0.20018255E-011
     0.28456000E+002    -0.18773376E-001    -0.20003201E-011    -0.20024899E-011
     0.28464000E+002    -0.18773637E-001    -0.20005266E-011    -0.20026935E-011
     0.28472000E+002    -0.18773874E-001    -0.20004903E-011    -0.20022708E-011
     0.28480000E+002    -0.18774086E-001    -0.20003517E-011    -0.20017585E-011
     0.28488000E+002    -0.18774268E-001    -0.19999746E-011    -0.20013142E-011
     0.28496000E+002    -0.18774417E-001    -0.19991274E-011    -0.20005988E-011
     0.28504000E+002    -0.18774532E-001    -0.19978008E-011    -0.19992801E-011
     0.28512000E+002    -0.18774612E-001    -0.19960845E-011    -0.19972619E-011
     0.28520000E+002    -0.18774653E-001    -0.19943573E-011    -0.19952107E-011
     0.28528000E+002    -0.18774657E-001    -0.19928517E-011    -0.19937189E-011
     0.28536000E+002    -0.18774623E-001    -0.19915106E-011    -0.19926982E-011
     0.28544000E+002    -0.18774552E-001    -0.19904269E-011    -0.19919204E-011
     0.28552000E+002    -0.18774444E-001    -0.19897186E-011    -0.19911916E-011
     0.28560000E+002    -0.18774302E-001    -0.19896706E-011    -0.19909250E-011
     0.28568000E+002    -0.18774127E-001    -0.19904976E-011    -0.19917356E-011
     0.28576000E+002    -0.18773922E-001    -0.19919340E-011    -0.19934445E-011
     0.28584000E+002    -0.18773690E-001    -0.19936998E-011    -0.19955012E-011
     0.28592000E+002    -0.18773435E-001    -0.19955739E-011    -0.19973114E-011
     0.28600000E+002    -0.18773160E-001    -0.19974938E-011    -0.19988006E-011
     0.28608000E+002    -0.18772870E-001    -0.19995908E-011    -0.20005476E-011
     0.28616000E+002    -0.18772569E-001    -0.20016297E-011    -0.20026105E-011
     0.28624000E+002    -0.18772262E-001    -0.20032695E-011    -0.20045151E-011
     0.28632000E+002    -0.18771953E-001    -0.20043146E-011    -0.20056704E-011
     0.28640000E+002    -0.18771647E-001    -0.20047168E-011    -0.20058043E-011
     0.28648000E+002    -0.18771349E-001    -0.20048045E-011    -0.20055623E-011
     0.28656000E+002    -0.18771063E-001    -0.20047506E-011    -0.20055233E-011
     0.28664000E+002    -0.18770793E-001    -0.20044857E-011    -0.20056383E-011
     0.28672000E+002    -0.18770543E-001    -0.20040318E-011    -0.20055868E-011
     0.28680000E+002    -0.18770317E-001    -0.20034081E-011    -0.20049979E-011
     0.28688000E+002    -0.18770119E-001    -0.20029120E-011    -0.20042582E-011
     0.28696000E+002    -0.18769951E-001    -0.20028201E-011    -0.20040524E-011
     0.28704000E+002    -0.18769817E-001    -0.20030351E-011    -0.20044480E-011
     0.28712000E+002    -0.18769717E-001    -0.20034601E-011    -0.20051480E-011
     0.28720000E+002    -0.18769653E-001    -0.20039368E-011    -0.20055959E-011
     0.28728000E+002    -0.18769627E-001    -0.20044453E-011    -0.20056949E-011
     0.28736000E+002    -0.18769638E-001    -0.20051055E-011    -0.20059385E-011
     0.28744000E+002    -0.18769687E-001    -0.20056910E-011    -0.20063852E-011
     0.28752000E+002    -0.18769772E-001    -0.20059521E-011    -0.20067333E-011
     0.28760000E+002    -0.18769894E-001    -0.20057186E-011    -0.20064835E-011
     0.28768000E+002    -0.18770049E-001    -0.20049468E-011    -0.20053996E-011
     0.28776000E+002    -0.18770235E-001    -0.20039133E-011    -0.20040478E-011
     0.28784000E+002    -0.18770450E-001    -0.20026704E-011    -0.20028203E-011
     0.28792000E+002    -0.18770690E-001    -0.20011190E-011    -0.20016233E-011
     0.28800000E+002    -0.18770953E-001    -0.19992800E-011    -0.20001458E-011
     0.28808000E+002    -0.18771233E-001    -0.19972332E-011    -0.19981098E-011
     0.28816000E+002    -0.18771527E-001    -0.19954024E-011    -0.19960694E-011
     0.28824000E+002    -0.18771830E-001    -0.19941132E-011    -0.19947442E-011
     0.28832000E+002    -0.18772138E-001    -0.19933218E-011    -0.19942329E-011
     0.28840000E+002    -0.18772446E-001    -0.19929695E-011    -0.19942489E-011
     0.28848000E+002    -0.18772749E-001    -0.19929340E-011    -0.19942540E-011
     0.28856000E+002    -0.18773044E-001    -0.19933517E-011    -0.19943564E-011
     0.28864000E+002    -0.18773325E-001    -0.19944804E-011    -0.19952422E-011
     0.28872000E+002    -0.18773587E-001    -0.19961855E-011    -0.19971004E-011
     0.28880000E+002    -0.18773829E-001    -0.19982245E-011    -0.19996239E-011
     0.28888000E+002    -0.18774044E-001    -0.20002647E-011    -0.20020486E-011
     0.28896000E+002    -0.18774231E-001    -0.20021107E-011    -0.20038931E-011
     0.28904000E+002    -0.18774387E-001    -0.20039088E-011    -0.20055478E-011
     0.28912000E+002    -0.18774508E-001    -0.20055901E-011    -0.20072999E-011
     0.28920000E+002    -0.18774594E-001    -0.20069683E-011    -0.20090373E-011
     0.28928000E+002    -0.18774643E-001    -0.20078503E-011    -0.20102436E-011
     0.28936000E+002    -0.18774654E-001    -0.20080621E-011    -0.20103461E-011
     0.28944000E+002    -0.18774628E-001    -0.20078322E-011    -0.20096620E-011
     0.28952000E+002    -0.18774563E-001    -0.20073567E-011    -0.20087753E-011
     0.28960000E+002    -0.18774463E-001    -0.20066526E-011    -0.20079383E-011
     0.28968000E+002    -0.18774326E-001    -0.20057772E-011    -0.20070844E-011
     0.28976000E+002    -0.18774158E-001    -0.20047047E-011    -0.20058113E-011
     0.28984000E+002    -0.18773958E-001    -0.20036894E-011    -0.20043211E-011
     0.28992000E+002    -0.18773731E-001    -0.20030472E-011    -0.20032657E-011
     0.29000000E+002    -0.18773479E-001    -0.20027666E-011    -0.20029049E-011
     0.29008000E+002    -0.18773208E-001    -0.20027975E-011    -0.20031436E-011
     0.29016000E+002    -0.18772920E-001    -0.20029710E-011    -0.20034256E-011
     0.29024000E+002    -0.18772620E-001    -0.20032726E-011    -0.20035147E-011
     0.29032000E+002    -0.18772313E-001    -0.20039118E-011    -0.20038774E-011
     0.29040000E+002    -0.18772003E-001    -0.20047768E-011    -0.20047326E-011
     0.29048000E+002    -0.18771695E-001    -0.20056289E-011    -0.20059079E-011
     0.29056000E+002    -0.18771394E-001    -0.20061661E-011    -0.20067691E-011
     0.29064000E+002    -0.18771104E-001    -0.20061755E-011    -0.20067409E-011
     0.29072000E+002    -0.18770830E-001    -0.20058738E-011    -0.20061790E-011
     0.29080000E+002    -0.18770576E-001    -0.20053716E-011    -0.20055912E-011
     0.29088000E+002    -0.18770345E-001    -0.20045963E-011    -0.20051258E-011
     0.29096000E+002    -0.18770141E-001    -0.20034442E-011    -0.20044763E-011
     0.29104000E+002    -0.18769967E-001    -0.20017708E-011    -0.20030327E-011
     0.29112000E+002    -0.18769826E-001    -0.19998659E-011    -0.20010027E-011
     0.29120000E+002    -0.18769720E-001    -0.19981325E-011    -0.19991352E-011
     0.29128000E+002    -0.18769651E-001    -0.19967255E-011    -0.19979160E-011
     0.29136000E+002    -0.18769619E-001    -0.19957182E-011    -0.19974007E-011
     0.29144000E+002    -0.18769625E-001    -0.19949654E-011    -0.19969999E-011
     0.29152000E+002    -0.18769669E-001    -0.19945177E-011    -0.19964720E-011
     0.29160000E+002    -0.18769750E-001    -0.19946414E-011    -0.19962848E-011
     0.29168000E+002    -0.18769868E-001    -0.19953254E-011    -0.19967870E-011
     0.29176000E+002    -0.18770020E-001    -0.19964453E-011    -0.19980204E-011
     0.29184000E+002    -0.18770204E-001    -0.19976669E-011    -0.19993759E-011
     0.29192000E+002    -0.18770417E-001    -0.19986878E-011    -0.20001959E-011
     0.29200000E+002    -0.18770657E-001    -0.19995650E-011    -0.20006272E-011
     0.29208000E+002    -0.18770918E-001    -0.20002331E-011    -0.20009586E-011
     0.29216000E+002    -0.18771199E-001    -0.20005611E-011    -0.20013296E-011
     0.29224000E+002    -0.18771493E-001    -0.20003934E-011    -0.20014587E-011
     0.29232000E+002    -0.18771797E-001    -0.19995690E-011    -0.20007868E-011
     0.29240000E+002    -0.18772106E-001    -0.19983733E-011    -0.19995249E-011
     0.29248000E+002    -0.18772416E-001    -0.19971334E-011    -0.19982657E-011
     0.29256000E+002    -0.18772722E-001    -0.19959961E-011    -0.19974191E-011
     0.29264000E+002    -0.18773018E-001    -0.19950575E-011    -0.19970270E-011
     0.29272000E+002    -0.18773301E-001    -0.19942378E-011    -0.19965727E-011
     0.29280000E+002    -0.18773567E-001    -0.19937421E-011    -0.19960248E-011
     0.29288000E+002    -0.18773811E-001    -0.19939166E-011    -0.19959504E-011
     0.29296000E+002    -0.18774029E-001    -0.19947948E-011    -0.19967404E-011
     0.29304000E+002    -0.18774219E-001    -0.19962545E-011    -0.19984140E-011
     0.29312000E+002    -0.18774377E-001    -0.19978972E-011    -0.20002459E-011
     0.29320000E+002    -0.18774502E-001    -0.19994400E-011    -0.20015943E-011
     0.29328000E+002    -0.18774591E-001    -0.20009629E-011    -0.20026458E-011
     0.29336000E+002    -0.18774642E-001    -0.20024029E-011    -0.20037184E-011
     0.29344000E+002    -0.18774656E-001    -0.20036202E-011    -0.20049652E-011
     0.29352000E+002    -0.18774632E-001    -0.20043210E-011    -0.20059117E-011
     0.29360000E+002    -0.18774570E-001    -0.20042102E-011    -0.20057900E-011
     0.29368000E+002    -0.18774471E-001    -0.20034828E-011    -0.20046741E-011
     0.29376000E+002    -0.18774337E-001    -0.20024055E-011    -0.20031087E-011
     0.29384000E+002    -0.18774170E-001    -0.20011826E-011    -0.20016714E-011
     0.29392000E+002    -0.18773972E-001    -0.19999401E-011    -0.20005346E-011
     0.29400000E+002    -0.18773746E-001    -0.19985952E-011    -0.19992160E-011
     0.29408000E+002    -0.18773497E-001    -0.19973691E-011    -0.19976819E-011
     0.29416000E+002    -0.18773226E-001    -0.19965873E-011    -0.19964186E-011
     0.29424000E+002    -0.18772940E-001    -0.19963651E-011    -0.19959059E-011
     0.29432000E+002    -0.18772641E-001    -0.19967193E-011    -0.19963656E-011
     0.29440000E+002    -0.18772335E-001    -0.19973593E-011    -0.19972303E-011
     0.29448000E+002    -0.18772027E-001    -0.19981174E-011    -0.19979878E-011
     0.29456000E+002    -0.18771720E-001    -0.19990696E-011    -0.19987466E-011
     0.29464000E+002    -0.18771420E-001    -0.20001084E-011    -0.19996964E-011
     0.29472000E+002    -0.18771130E-001    -0.20010925E-011    -0.20009705E-011
     0.29480000E+002    -0.18770856E-001    -0.20017081E-011    -0.20020999E-011
     0.29488000E+002    -0.18770602E-001    -0.20017119E-011    -0.20024422E-011
     0.29496000E+002    -0.18770371E-001    -0.20013154E-011    -0.20021275E-011
     0.29504000E+002    -0.18770167E-001    -0.20007075E-011    -0.20015915E-011
     0.29512000E+002    -0.18769992E-001    -0.20000125E-011    -0.20012848E-011
     0.29520000E+002    -0.18769850E-001    -0.19992139E-011    -0.20011645E-011
     0.29528000E+002    -0.18769742E-001    -0.19981440E-011    -0.20006237E-011
     0.29536000E+002    -0.18769671E-001    -0.19970306E-011    -0.19996404E-011
     0.29544000E+002    -0.18769636E-001    -0.19961927E-011    -0.19986922E-011
     0.29552000E+002    -0.18769639E-001    -0.19957885E-011    -0.19983127E-011
     0.29560000E+002    -0.18769680E-001    -0.19958268E-011    -0.19986875E-011
     0.29568000E+002    -0.18769758E-001    -0.19959716E-011    -0.19991415E-011
     0.29576000E+002    -0.18769872E-001    -0.19960994E-011    -0.19991764E-011
     0.29584000E+002    -0.18770020E-001    -0.19963516E-011    -0.19989616E-011
     0.29592000E+002    -0.18770199E-001    -0.19967749E-011    -0.19989038E-011
     0.29600000E+002    -0.18770408E-001    -0.19973973E-011    -0.19993914E-011
     0.29608000E+002    -0.18770643E-001    -0.19979445E-011    -0.20000144E-011
     0.29616000E+002    -0.18770900E-001    -0.19981665E-011    -0.20000998E-011
     0.29624000E+002    -0.18771176E-001    -0.19981822E-011    -0.19996230E-011
     0.29632000E+002    -0.18771466E-001    -0.19980911E-011    -0.19989104E-011
     0.29640000E+002    -0.18771767E-001    -0.19980313E-011    -0.19985072E-011
     0.29648000E+002    -0.18772072E-001    -0.19979632E-011    -0.19984460E-011
     0.29656000E+002    -0.18772379E-001    -0.19976879E-011    -0.19981654E-011
     0.29664000E+002    -0.18772682E-001    -0.19973440E-011    -0.19975551E-011
     0.29672000E+002    -0.18772977E-001    -0.19970943E-011    -0.19968696E-011
     0.29680000E+002    -0.18773259E-001    -0.19970592E-011    -0.19965842E-011
     0.29688000E+002    -0.18773524E-001    -0.19972776E-011    -0.19969404E-011
     0.29696000E+002    -0.18773768E-001    -0.19975175E-011    -0.19974260E-011
     0.29704000E+002    -0.18773988E-001    -0.19978025E-011    -0.19977404E-011
     0.29712000E+002    -0.18774179E-001    -0.19983027E-011    -0.19980426E-011
     0.29720000E+002    -0.18774340E-001    -0.19990716E-011    -0.19986805E-011
     0.29728000E+002    -0.18774468E-001    -0.20001245E-011    -0.19999726E-011
     0.29736000E+002    -0.18774561E-001    -0.20011610E-011    -0.20014561E-011
     0.29744000E+002    -0.18774617E-001    -0.20019930E-011    -0.20025638E-011
     0.29752000E+002    -0.18774636E-001    -0.20027494E-011    -0.20033136E-011
     0.29760000E+002    -0.18774617E-001    -0.20034885E-011    -0.20039967E-011
     0.29768000E+002    -0.18774561E-001    -0.20042632E-011    -0.20050489E-011
     0.29776000E+002    -0.18774469E-001    -0.20048371E-011    -0.20062215E-011
     0.29784000E+002    -0.18774341E-001    -0.20048678E-011    -0.20067441E-011
     0.29792000E+002    -0.18774181E-001    -0.20044056E-011    -0.20063800E-011
     0.29800000E+002    -0.18773990E-001    -0.20035699E-011    -0.20053379E-011
     0.29808000E+002    -0.18773770E-001    -0.20025343E-011    -0.20041975E-011
     0.29816000E+002    -0.18773527E-001    -0.20013258E-011    -0.20032043E-011
     0.29824000E+002    -0.18773262E-001    -0.19996841E-011    -0.20018001E-011
     0.29832000E+002    -0.18772981E-001    -0.19976508E-011    -0.19996729E-011
     0.29840000E+002    -0.18772687E-001    -0.19954461E-011    -0.19970091E-011
     0.29848000E+002    -0.18772384E-001    -0.19933381E-011    -0.19944395E-011
     0.29856000E+002    -0.18772078E-001    -0.19915934E-011    -0.19926384E-011
     0.29864000E+002    -0.18771773E-001    -0.19900973E-011    -0.19913956E-011
     0.29872000E+002    -0.18771473E-001    -0.19888021E-011    -0.19902897E-011
     0.29880000E+002    -0.18771183E-001    -0.19878482E-011    -0.19892598E-011
     0.29888000E+002    -0.18770908E-001    -0.19873277E-011    -0.19885546E-011
     0.29896000E+002    -0.18770651E-001    -0.19873900E-011    -0.19887095E-011
     0.29904000E+002    -0.18770416E-001    -0.19878592E-011    -0.19895873E-011
     0.29912000E+002    -0.18770208E-001    -0.19884578E-011    -0.19905638E-011
     0.29920000E+002    -0.18770028E-001    -0.19891784E-011    -0.19913568E-011
     0.29928000E+002    -0.18769880E-001    -0.19899988E-011    -0.19919800E-011
     0.29936000E+002    -0.18769766E-001    -0.19909964E-011    -0.19928782E-011
     0.29944000E+002    -0.18769688E-001    -0.19920915E-011    -0.19941721E-011
     0.29952000E+002    -0.18769646E-001    -0.19929982E-011    -0.19953227E-011
     0.29960000E+002    -0.18769642E-001    -0.19937491E-011    -0.19960599E-011
     0.29968000E+002    -0.18769676E-001    -0.19944715E-011    -0.19964623E-011
     0.29976000E+002    -0.18769746E-001    -0.19953453E-011    -0.19970251E-011
     0.29984000E+002    -0.18769853E-001    -0.19964786E-011    -0.19981753E-011
     0.29992000E+002    -0.18769994E-001    -0.19976030E-011    -0.19994790E-011
     0.30000000E+002    -0.18770168E-001    -0.19986093E-011    -0.20004525E-011
     0.30008000E+002    -0.18770371E-001    -0.19995746E-011    -0.20009973E-011
     0.30016000E+002    -0.18770602E-001    -0.20005962E-011    -0.20014351E-011
     0.30024000E+002    -0.18770855E-001    -0.20018116E-011    -0.20023444E-011
     0.30032000E+002    -0.18771128E-001    -0.20029562E-011    -0.20035009E-011
     0.30040000E+002    -0.18771417E-001    -0.20037159E-011    -0.20042419E-011
     0.30048000E+002    -0.18771716E-001    -0.20040539E-011    -0.20042433E-011
     0.30056000E+002    -0.18772022E-001    -0.20040070E-011    -0.20036119E-011
     0.30064000E+002    -0.18772329E-001    -0.20038028E-011    -0.20030330E-011
     0.30072000E+002    -0.18772634E-001    -0.20034379E-011    -0.20027615E-011
     0.30080000E+002    -0.18772931E-001    -0.20026855E-011    -0.20023340E-011
     0.30088000E+002    -0.18773217E-001    -0.20015816E-011    -0.20014273E-011
     0.30096000E+002    -0.18773486E-001    -0.20002430E-011    -0.20000241E-011
     0.30104000E+002    -0.18773735E-001    -0.19989656E-011    -0.19987280E-011
     0.30112000E+002    -0.18773960E-001    -0.19979808E-011    -0.19981271E-011
     0.30120000E+002    -0.18774158E-001    -0.19971525E-011    -0.19979784E-011
     0.30128000E+002    -0.18774325E-001    -0.19964726E-011    -0.19979102E-011
     0.30136000E+002    -0.18774459E-001    -0.19959989E-011    -0.19977090E-011
     0.30144000E+002    -0.18774558E-001    -0.19958371E-011    -0.19976026E-011
     0.30152000E+002    -0.18774620E-001    -0.19961348E-011    -0.19981139E-011
     0.30160000E+002    -0.18774644E-001    -0.19966429E-011    -0.19990344E-011
     0.30168000E+002    -0.18774631E-001    -0.19971210E-011    -0.19998387E-011
     0.30176000E+002    -0.18774580E-001    -0.19975179E-011    -0.20002045E-011
     0.30184000E+002    -0.18774492E-001    -0.19978267E-011    -0.20001678E-011
     0.30192000E+002    -0.18774368E-001    -0.19982125E-011    -0.20003048E-011
     0.30200000E+002    -0.18774211E-001    -0.19985553E-011    -0.20007052E-011
     0.30208000E+002    -0.18774022E-001    -0.19986049E-011    -0.20009068E-011
     0.30216000E+002    -0.18773805E-001    -0.19983961E-011    -0.20006302E-011
     0.30224000E+002    -0.18773562E-001    -0.19980516E-011    -0.19998992E-011
     0.30232000E+002    -0.18773298E-001    -0.19978981E-011    -0.19993714E-011
     0.30240000E+002    -0.18773016E-001    -0.19980834E-011    -0.19995135E-011
     0.30248000E+002    -0.18772721E-001    -0.19983768E-011    -0.19999528E-011
     0.30256000E+002    -0.18772418E-001    -0.19986975E-011    -0.20002375E-011
     0.30264000E+002    -0.18772110E-001    -0.19990402E-011    -0.20001144E-011
     0.30272000E+002    -0.18771803E-001    -0.19995605E-011    -0.19999594E-011
     0.30280000E+002    -0.18771501E-001    -0.20004242E-011    -0.20004086E-011
     0.30288000E+002    -0.18771209E-001    -0.20013470E-011    -0.20012758E-011
     0.30296000E+002    -0.18770931E-001    -0.20020488E-011    -0.20020099E-011
     0.30304000E+002    -0.18770671E-001    -0.20023832E-011    -0.20021439E-011
     0.30312000E+002    -0.18770434E-001    -0.20023523E-011    -0.20017056E-011
     0.30320000E+002    -0.18770222E-001    -0.20022076E-011    -0.20013867E-011
     0.30328000E+002    -0.18770039E-001    -0.20019070E-011    -0.20013874E-011
     0.30336000E+002    -0.18769888E-001    -0.20013038E-011    -0.20013663E-011
     0.30344000E+002    -0.18769772E-001    -0.20004308E-011    -0.20009661E-011
     0.30352000E+002    -0.18769690E-001    -0.19993823E-011    -0.20000662E-011
     0.30360000E+002    -0.18769646E-001    -0.19985229E-011    -0.19992958E-011
     0.30368000E+002    -0.18769639E-001    -0.19980453E-011    -0.19991605E-011
     0.30376000E+002    -0.18769670E-001    -0.19978562E-011    -0.19995011E-011
     0.30384000E+002    -0.18769739E-001    -0.19979883E-011    -0.20000382E-011
     0.30392000E+002    -0.18769843E-001    -0.19984473E-011    -0.20005053E-011
     0.30400000E+002    -0.18769983E-001    -0.19993817E-011    -0.20012108E-011
     0.30408000E+002    -0.18770154E-001    -0.20008660E-011    -0.20026185E-011
     0.30416000E+002    -0.18770356E-001    -0.20025564E-011    -0.20044568E-011
     0.30424000E+002    -0.18770585E-001    -0.20041770E-011    -0.20062145E-011
     0.30432000E+002    -0.18770837E-001    -0.20055310E-011    -0.20073925E-011
     0.30440000E+002    -0.18771109E-001    -0.20065716E-011    -0.20079789E-011
     0.30448000E+002    -0.18771396E-001    -0.20074128E-011    -0.20084959E-011
     0.30456000E+002    -0.18771694E-001    -0.20078132E-011    -0.20089003E-011
     0.30464000E+002    -0.18771999E-001    -0.20075163E-011    -0.20087538E-011
     0.30472000E+002    -0.18772306E-001    -0.20064795E-011    -0.20076604E-011
     0.30480000E+002    -0.18772611E-001    -0.20048290E-011    -0.20056109E-011
     0.30488000E+002    -0.18772908E-001    -0.20030148E-011    -0.20034082E-011
     0.30496000E+002    -0.18773193E-001    -0.20012366E-011    -0.20015945E-011
     0.30504000E+002    -0.18773462E-001    -0.19994276E-011    -0.20000396E-011
     0.30512000E+002    -0.18773711E-001    -0.19976253E-011    -0.19984271E-011
     0.30520000E+002    -0.18773936E-001    -0.19958861E-011    -0.19965038E-011
     0.30528000E+002    -0.18774134E-001    -0.19945421E-011    -0.19947946E-011
     0.30536000E+002    -0.18774301E-001    -0.19938342E-011    -0.19939769E-011
     0.30544000E+002    -0.18774436E-001    -0.19935826E-011    -0.19939938E-011
     0.30552000E+002    -0.18774536E-001    -0.19936074E-011    -0.19944248E-011
     0.30560000E+002    -0.18774601E-001    -0.19936974E-011    -0.19946694E-011
     0.30568000E+002    -0.18774627E-001    -0.19938492E-011    -0.19946951E-011
     0.30576000E+002    -0.18774617E-001    -0.19942310E-011    -0.19950563E-011
     0.30584000E+002    -0.18774569E-001    -0.19946773E-011    -0.19958241E-011
     0.30592000E+002    -0.18774484E-001    -0.19950110E-011    -0.19967006E-011
     0.30600000E+002    -0.18774365E-001    -0.19951058E-011    -0.19971793E-011
     0.30608000E+002    -0.18774211E-001    -0.19949436E-011    -0.19970291E-011
     0.30616000E+002    -0.18774027E-001    -0.19948026E-011    -0.19967963E-011
     0.30624000E+002    -0.18773814E-001    -0.19947200E-011    -0.19968205E-011
     0.30632000E+002    -0.18773576E-001    -0.19946014E-011    -0.19970075E-011
     0.30640000E+002    -0.18773316E-001    -0.19944522E-011    -0.19970779E-011
     0.30648000E+002    -0.18773039E-001    -0.19942801E-011    -0.19967599E-011
     0.30656000E+002    -0.18772749E-001    -0.19943700E-011    -0.19965130E-011
     0.30664000E+002    -0.18772449E-001    -0.19948583E-011    -0.19968355E-011
     0.30672000E+002    -0.18772144E-001    -0.19955638E-011    -0.19976373E-011
     0.30680000E+002    -0.18771840E-001    -0.19963766E-011    -0.19985787E-011
     0.30688000E+002    -0.18771541E-001    -0.19971689E-011    -0.19991723E-011
     0.30696000E+002    -0.18771250E-001    -0.19980635E-011    -0.19995647E-011
     0.30704000E+002    -0.18770973E-001    -0.19992422E-011    -0.20003308E-011
     0.30712000E+002    -0.18770714E-001    -0.20004976E-011    -0.20014872E-011
     0.30720000E+002    -0.18770476E-001    -0.20016093E-011    -0.20026900E-011
     0.30728000E+002    -0.18770263E-001    -0.20023669E-011    -0.20033469E-011
     0.30736000E+002    -0.18770078E-001    -0.20027588E-011    -0.20032960E-011
     0.30744000E+002    -0.18769924E-001    -0.20030735E-011    -0.20031766E-011
     0.30752000E+002    -0.18769804E-001    -0.20033089E-011    -0.20033461E-011
     0.30760000E+002    -0.18769718E-001    -0.20033343E-011    -0.20036942E-011
     0.30768000E+002    -0.18769669E-001    -0.20030305E-011    -0.20037454E-011
     0.30776000E+002    -0.18769658E-001    -0.20023309E-011    -0.20030672E-011
     0.30784000E+002    -0.18769683E-001    -0.20015540E-011    -0.20021147E-011
     0.30792000E+002    -0.18769746E-001    -0.20009049E-011    -0.20014622E-011
     0.30800000E+002    -0.18769844E-001    -0.20003579E-011    -0.20012367E-011
     0.30808000E+002    -0.18769977E-001    -0.19998968E-011    -0.20012071E-011
     0.30816000E+002    -0.18770142E-001    -0.19994156E-011    -0.20008492E-011
     0.30824000E+002    -0.18770338E-001    -0.19990998E-011    -0.20003081E-011
     0.30832000E+002    -0.18770561E-001    -0.19991803E-011    -0.20001610E-011
     0.30840000E+002    -0.18770807E-001    -0.19995775E-011    -0.20005935E-011
     0.30848000E+002    -0.18771073E-001    -0.20002014E-011    -0.20014722E-011
     0.30856000E+002    -0.18771356E-001    -0.20008416E-011    -0.20022231E-011
     0.30864000E+002    -0.18771650E-001    -0.20014379E-011    -0.20026014E-011
     0.30872000E+002    -0.18771952E-001    -0.20021289E-011    -0.20030019E-011
     0.30880000E+002    -0.18772256E-001    -0.20027522E-011    -0.20035528E-011
     0.30888000E+002    -0.18772559E-001    -0.20031044E-011    -0.20040937E-011
     0.30896000E+002    -0.18772855E-001    -0.20029753E-011    -0.20041124E-011
     0.30904000E+002    -0.18773140E-001    -0.20022624E-011    -0.20032169E-011
     0.30912000E+002    -0.18773411E-001    -0.20012528E-011    -0.20018707E-011
     0.30920000E+002    -0.18773662E-001    -0.20000853E-011    -0.20005644E-011
     0.30928000E+002    -0.18773891E-001    -0.19987607E-011    -0.19994501E-011
     0.30936000E+002    -0.18774093E-001    -0.19973071E-011    -0.19983389E-011
     0.30944000E+002    -0.18774266E-001    -0.19957347E-011    -0.19968478E-011
     0.30952000E+002    -0.18774406E-001    -0.19944324E-011    -0.19953769E-011
     0.30960000E+002    -0.18774513E-001    -0.19937717E-011    -0.19946507E-011
     0.30968000E+002    -0.18774584E-001    -0.19937997E-011    -0.19949672E-011
     0.30976000E+002    -0.18774618E-001    -0.19944666E-011    -0.19961725E-011
     0.30984000E+002    -0.18774615E-001    -0.19955162E-011    -0.19975612E-011
     0.30992000E+002    -0.18774574E-001    -0.19969050E-011    -0.19988794E-011
     0.31000000E+002    -0.18774497E-001    -0.19987670E-011    -0.20005309E-011
     0.31008000E+002    -0.18774384E-001    -0.20009437E-011    -0.20027033E-011
     0.31016000E+002    -0.18774237E-001    -0.20032028E-011    -0.20052548E-011
     0.31024000E+002    -0.18774058E-001    -0.20051592E-011    -0.20074583E-011
     0.31032000E+002    -0.18773851E-001    -0.20065407E-011    -0.20086867E-011
     0.31040000E+002    -0.18773617E-001    -0.20074784E-011    -0.20091913E-011
     0.31048000E+002    -0.18773361E-001    -0.20080058E-011    -0.20093600E-011
     0.31056000E+002    -0.18773087E-001    -0.20081333E-011    -0.20094390E-011
     0.31064000E+002    -0.18772798E-001    -0.20078449E-011    -0.20092494E-011
     0.31072000E+002    -0.18772499E-001    -0.20070913E-011    -0.20083501E-011
     0.31080000E+002    -0.18772195E-001    -0.20062066E-011    -0.20070415E-011
     0.31088000E+002    -0.18771890E-001    -0.20054908E-011    -0.20059167E-011
     0.31096000E+002    -0.18771588E-001    -0.20050523E-011    -0.20053619E-011
     0.31104000E+002    -0.18771295E-001    -0.20049443E-011    -0.20054008E-011
     0.31112000E+002    -0.18771015E-001    -0.20050151E-011    -0.20054989E-011
     0.31120000E+002    -0.18770751E-001    -0.20053431E-011    -0.20055571E-011
     0.31128000E+002    -0.18770508E-001    -0.20060686E-011    -0.20059336E-011
     0.31136000E+002    -0.18770290E-001    -0.20070247E-011    -0.20067546E-011
     0.31144000E+002    -0.18770100E-001    -0.20079776E-011    -0.20078656E-011
     0.31152000E+002    -0.18769940E-001    -0.20085189E-011    -0.20085350E-011
     0.31160000E+002    -0.18769813E-001    -0.20084403E-011    -0.20082719E-011
     0.31168000E+002    -0.18769722E-001    -0.20079008E-011    -0.20074007E-011
     0.31176000E+002    -0.18769667E-001    -0.20069105E-011    -0.20062907E-011
     0.31184000E+002    -0.18769649E-001    -0.20054529E-011    -0.20051480E-011
     0.31192000E+002    -0.18769669E-001    -0.20034199E-011    -0.20036457E-011
     0.31200000E+002    -0.18769727E-001    -0.20007684E-011    -0.20013207E-011
     0.31208000E+002    -0.18769820E-001    -0.19979362E-011    -0.19985766E-011
     0.31216000E+002    -0.18769949E-001    -0.19953425E-011    -0.19961245E-011
     0.31224000E+002    -0.18770112E-001    -0.19932583E-011    -0.19945214E-011
     0.31232000E+002    -0.18770304E-001    -0.19917916E-011    -0.19937907E-011
     0.31240000E+002    -0.18770525E-001    -0.19907980E-011    -0.19933153E-011
     0.31248000E+002    -0.18770770E-001    -0.19904218E-011    -0.19930017E-011
     0.31256000E+002    -0.18771036E-001    -0.19908736E-011    -0.19932611E-011
     0.31264000E+002    -0.18771319E-001    -0.19921414E-011    -0.19944511E-011
     0.31272000E+002    -0.18771614E-001    -0.19941023E-011    -0.19966204E-011
     0.31280000E+002    -0.18771917E-001    -0.19963174E-011    -0.19990321E-011
     0.31288000E+002    -0.18772223E-001    -0.19985003E-011    -0.20010907E-011
     0.31296000E+002    -0.18772528E-001    -0.20006349E-011    -0.20028676E-011
     0.31304000E+002    -0.18772827E-001    -0.20025815E-011    -0.20045479E-011
     0.31312000E+002    -0.18773115E-001    -0.20042351E-011    -0.20062935E-011
     0.31320000E+002    -0.18773389E-001    -0.20053354E-011    -0.20076687E-011
     0.31328000E+002    -0.18773643E-001    -0.20056857E-011    -0.20080828E-011
     0.31336000E+002    -0.18773875E-001    -0.20054968E-011    -0.20076708E-011
     0.31344000E+002    -0.18774080E-001    -0.20049271E-011    -0.20068101E-011
     0.31352000E+002    -0.18774256E-001    -0.20041123E-011    -0.20059201E-011
     0.31360000E+002    -0.18774400E-001    -0.20030926E-011    -0.20050034E-011
     0.31368000E+002    -0.18774509E-001    -0.20017904E-011    -0.20036066E-011
     0.31376000E+002    -0.18774583E-001    -0.20004982E-011    -0.20018729E-011
     0.31384000E+002    -0.18774620E-001    -0.19995208E-011    -0.20003161E-011
     0.31392000E+002    -0.18774619E-001    -0.19989783E-011    -0.19994087E-011
     0.31400000E+002    -0.18774581E-001    -0.19988652E-011    -0.19992752E-011
     0.31408000E+002    -0.18774506E-001    -0.19988911E-011    -0.19992989E-011
     0.31416000E+002    -0.18774395E-001    -0.19990219E-011    -0.19991629E-011
     0.31424000E+002    -0.18774250E-001    -0.19994368E-011    -0.19991535E-011
     0.31432000E+002    -0.18774073E-001    -0.20001474E-011    -0.19996299E-011
     0.31440000E+002    -0.18773867E-001    -0.20011015E-011    -0.20008020E-011
     0.31448000E+002    -0.18773635E-001    -0.20019517E-011    -0.20020897E-011
     0.31456000E+002    -0.18773380E-001    -0.20024484E-011    -0.20028152E-011
     0.31464000E+002    -0.18773107E-001    -0.20027437E-011    -0.20030432E-011
     0.31472000E+002    -0.18772819E-001    -0.20029518E-011    -0.20031427E-011
     0.31480000E+002    -0.18772521E-001    -0.20031882E-011    -0.20035865E-011
     0.31488000E+002    -0.18772217E-001    -0.20033469E-011    -0.20042386E-011
     0.31496000E+002    -0.18771913E-001    -0.20031825E-011    -0.20044322E-011
     0.31504000E+002    -0.18771611E-001    -0.20028290E-011    -0.20040688E-011
     0.31512000E+002    -0.18771319E-001    -0.20024631E-011    -0.20034626E-011
     0.31520000E+002    -0.18771038E-001    -0.20022348E-011    -0.20031460E-011
     0.31528000E+002    -0.18770774E-001    -0.20021892E-011    -0.20033558E-011
     0.31536000E+002    -0.18770532E-001    -0.20020834E-011    -0.20035612E-011
     0.31544000E+002    -0.18770313E-001    -0.20019331E-011    -0.20034775E-011
     0.31552000E+002    -0.18770122E-001    -0.20018880E-011    -0.20032649E-011
     0.31560000E+002    -0.18769961E-001    -0.20020039E-011    -0.20032668E-011
     0.31568000E+002    -0.18769834E-001    -0.20023235E-011    -0.20037947E-011
     0.31576000E+002    -0.18769741E-001    -0.20025838E-011    -0.20044007E-011
     0.31584000E+002    -0.18769684E-001    -0.20026423E-011    -0.20045829E-011
     0.31592000E+002    -0.18769665E-001    -0.20026264E-011    -0.20043787E-011
     0.31600000E+002    -0.18769682E-001    -0.20025599E-011    -0.20040260E-011
     0.31608000E+002    -0.18769736E-001    -0.20024800E-011    -0.20039001E-011
     0.31616000E+002    -0.18769827E-001    -0.20021836E-011    -0.20037726E-011
     0.31624000E+002    -0.18769952E-001    -0.20014393E-011    -0.20030656E-011
     0.31632000E+002    -0.18770111E-001    -0.20004181E-011    -0.20017951E-011
     0.31640000E+002    -0.18770300E-001    -0.19993045E-011    -0.20003156E-011
     0.31648000E+002    -0.18770516E-001    -0.19982940E-011    -0.19992075E-011
     0.31656000E+002    -0.18770757E-001    -0.19974195E-011    -0.19986322E-011
     0.31664000E+002    -0.18771019E-001    -0.19964748E-011    -0.19980323E-011
     0.31672000E+002    -0.18771297E-001    -0.19955889E-011    -0.19972080E-011
     0.31680000E+002    -0.18771588E-001    -0.19950124E-011    -0.19964099E-011
     0.31688000E+002    -0.18771887E-001    -0.19949556E-011    -0.19961773E-011
     0.31696000E+002    -0.18772189E-001    -0.19955373E-011    -0.19969187E-011
     0.31704000E+002    -0.18772491E-001    -0.19964724E-011    -0.19981396E-011
     0.31712000E+002    -0.18772788E-001    -0.19975913E-011    -0.19992821E-011
     0.31720000E+002    -0.18773074E-001    -0.19989312E-011    -0.20002581E-011
     0.31728000E+002    -0.18773347E-001    -0.20004835E-011    -0.20013090E-011
     0.31736000E+002    -0.18773601E-001    -0.20022846E-011    -0.20028974E-011
     0.31744000E+002    -0.18773833E-001    -0.20040457E-011    -0.20047606E-011
     0.31752000E+002    -0.18774040E-001    -0.20054334E-011    -0.20062203E-011
     0.31760000E+002    -0.18774217E-001    -0.20064256E-011    -0.20070140E-011
     0.31768000E+002    -0.18774364E-001    -0.20070114E-011    -0.20072050E-011
     0.31776000E+002    -0.18774477E-001    -0.20073097E-011    -0.20072872E-011
     0.31784000E+002    -0.18774555E-001    -0.20072992E-011    -0.20074096E-011
     0.31792000E+002    -0.18774597E-001    -0.20067914E-011    -0.20071131E-011
     0.31800000E+002    -0.18774601E-001    -0.20059232E-011    -0.20062447E-011
     0.31808000E+002    -0.18774569E-001    -0.20048834E-011    -0.20049546E-011
     0.31816000E+002    -0.18774499E-001    -0.20038925E-011    -0.20037656E-011
     0.31824000E+002    -0.18774395E-001    -0.20030961E-011    -0.20031095E-011
     0.31832000E+002    -0.18774256E-001    -0.20023019E-011    -0.20026314E-011
     0.31840000E+002    -0.18774085E-001    -0.20015055E-011    -0.20020137E-011
     0.31848000E+002    -0.18773886E-001    -0.20008308E-011    -0.20012633E-011
     0.31856000E+002    -0.18773659E-001    -0.20003484E-011    -0.20006709E-011
     0.31864000E+002    -0.18773411E-001    -0.20001246E-011    -0.20006627E-011
     0.31872000E+002    -0.18773142E-001    -0.19998500E-011    -0.20008833E-011
     0.31880000E+002    -0.18772859E-001    -0.19992568E-011    -0.20007114E-011
     0.31888000E+002    -0.18772565E-001    -0.19983859E-011    -0.19999583E-011
     0.31896000E+002    -0.18772265E-001    -0.19973253E-011    -0.19988177E-011
     0.31904000E+002    -0.18771963E-001    -0.19963099E-011    -0.19979296E-011
     0.31912000E+002    -0.18771663E-001    -0.19953209E-011    -0.19974124E-011
     0.31920000E+002    -0.18771371E-001    -0.19941713E-011    -0.19967639E-011
     0.31928000E+002    -0.18771090E-001    -0.19929803E-011    -0.19957615E-011
     0.31936000E+002    -0.18770825E-001    -0.19919309E-011    -0.19945246E-011
     0.31944000E+002    -0.18770580E-001    -0.19913358E-011    -0.19937159E-011
     0.31952000E+002    -0.18770357E-001    -0.19913632E-011    -0.19938272E-011
     0.31960000E+002    -0.18770162E-001    -0.19917797E-011    -0.19944720E-011
     0.31968000E+002    -0.18769997E-001    -0.19924769E-011    -0.19951935E-011
     0.31976000E+002    -0.18769863E-001    -0.19933931E-011    -0.19957399E-011
     0.31984000E+002    -0.18769764E-001    -0.19945236E-011    -0.19963259E-011
     0.31992000E+002    -0.18769700E-001    -0.19959157E-011    -0.19974224E-011
     0.32000000E+002    -0.18769673E-001    -0.19972508E-011    -0.19987523E-011
     0.32008000E+002    -0.18769683E-001    -0.19982642E-011    -0.19997672E-011
     0.32016000E+002    -0.18769730E-001    -0.19988767E-011    -0.20001258E-011
     0.32024000E+002    -0.18769814E-001    -0.19990599E-011    -0.19998436E-011
     0.32032000E+002    -0.18769932E-001    -0.19989918E-011    -0.19994775E-011
     0.32040000E+002    -0.18770084E-001    -0.19986210E-011    -0.19991358E-011
     0.32048000E+002    -0.18770267E-001    -0.19978356E-011    -0.19984830E-011
     0.32056000E+002    -0.18770479E-001    -0.19967931E-011    -0.19973942E-011
     0.32064000E+002    -0.18770715E-001    -0.19956642E-011    -0.19959740E-011
     0.32072000E+002    -0.18770973E-001    -0.19947696E-011    -0.19948663E-011
     0.32080000E+002    -0.18771249E-001    -0.19942423E-011    -0.19944784E-011
     0.32088000E+002    -0.18771538E-001    -0.19939076E-011    -0.19944844E-011
     0.32096000E+002    -0.18771836E-001    -0.19937882E-011    -0.19945931E-011
     0.32104000E+002    -0.18772139E-001    -0.19939395E-011    -0.19946813E-011
     0.32112000E+002    -0.18772442E-001    -0.19945065E-011    -0.19951169E-011
     0.32120000E+002    -0.18772741E-001    -0.19955776E-011    -0.19963566E-011
     0.32128000E+002    -0.18773030E-001    -0.19968113E-011    -0.19980237E-011
     0.32136000E+002    -0.18773306E-001    -0.19979494E-011    -0.19995326E-011
     0.32144000E+002    -0.18773565E-001    -0.19988971E-011    -0.20005012E-011
     0.32152000E+002    -0.18773801E-001    -0.19996924E-011    -0.20010542E-011
     0.32160000E+002    -0.18774013E-001    -0.20005587E-011    -0.20018554E-011
     0.32168000E+002    -0.18774197E-001    -0.20013706E-011    -0.20029562E-011
     0.32176000E+002    -0.18774349E-001    -0.20019117E-011    -0.20039031E-011
     0.32184000E+002    -0.18774468E-001    -0.20021587E-011    -0.20043170E-011
     0.32192000E+002    -0.18774552E-001    -0.20021593E-011    -0.20041238E-011
     0.32200000E+002    -0.18774600E-001    -0.20022234E-011    -0.20039703E-011
     0.32208000E+002    -0.18774610E-001    -0.20024460E-011    -0.20042573E-011
     0.32216000E+002    -0.18774583E-001    -0.20026272E-011    -0.20046727E-011
     0.32224000E+002    -0.18774519E-001    -0.20026912E-011    -0.20048020E-011
     0.32232000E+002    -0.18774419E-001    -0.20025515E-011    -0.20043022E-011
     0.32240000E+002    -0.18774284E-001    -0.20023328E-011    -0.20034948E-011
     0.32248000E+002    -0.18774117E-001    -0.20021525E-011    -0.20029000E-011
     0.32256000E+002    -0.18773920E-001    -0.20017888E-011    -0.20023743E-011
     0.32264000E+002    -0.18773695E-001    -0.20011361E-011    -0.20016071E-011
     0.32272000E+002    -0.18773448E-001    -0.20001530E-011    -0.20002999E-011
     0.32280000E+002    -0.18773180E-001    -0.19989445E-011    -0.19986252E-011
     0.32288000E+002    -0.18772897E-001    -0.19977783E-011    -0.19972405E-011
     0.32296000E+002    -0.18772602E-001    -0.19965882E-011    -0.19962347E-011
     0.32304000E+002    -0.18772300E-001    -0.19953103E-011    -0.19953536E-011
     0.32312000E+002    -0.18771996E-001    -0.19940196E-011    -0.19943475E-011
     0.32320000E+002    -0.18771695E-001    -0.19928460E-011    -0.19932307E-011
     0.32328000E+002    -0.18771399E-001    -0.19921334E-011    -0.19926514E-011
     0.32336000E+002    -0.18771116E-001    -0.19919174E-011    -0.19928767E-011
     0.32344000E+002    -0.18770847E-001    -0.19920043E-011    -0.19935722E-011
     0.32352000E+002    -0.18770598E-001    -0.19923393E-011    -0.19943412E-011
     0.32360000E+002    -0.18770373E-001    -0.19928850E-011    -0.19949109E-011
     0.32368000E+002    -0.18770174E-001    -0.19938532E-011    -0.19957296E-011
     0.32376000E+002    -0.18770005E-001    -0.19953243E-011    -0.19972603E-011
     0.32384000E+002    -0.18769868E-001    -0.19969955E-011    -0.19992273E-011
     0.32392000E+002    -0.18769766E-001    -0.19986450E-011    -0.20011269E-011
     0.32400000E+002    -0.18769699E-001    -0.20000849E-011    -0.20024345E-011
     0.32408000E+002    -0.18769670E-001    -0.20013741E-011    -0.20032769E-011
     0.32416000E+002    -0.18769677E-001    -0.20027114E-011    -0.20042811E-011
     0.32424000E+002    -0.18769722E-001    -0.20039289E-011    -0.20054818E-011
     0.32432000E+002    -0.18769804E-001    -0.20048506E-011    -0.20065391E-011
     0.32440000E+002    -0.18769920E-001    -0.20053579E-011    -0.20069612E-011
     0.32448000E+002    -0.18770070E-001    -0.20054694E-011    -0.20066204E-011
     0.32456000E+002    -0.18770252E-001    -0.20054993E-011    -0.20061585E-011
     0.32464000E+002    -0.18770462E-001    -0.20054903E-011    -0.20059258E-011
     0.32472000E+002    -0.18770697E-001    -0.20053423E-011    -0.20057987E-011
     0.32480000E+002    -0.18770954E-001    -0.20050256E-011    -0.20054491E-011
     0.32488000E+002    -0.18771228E-001    -0.20045036E-011    -0.20045785E-011
     0.32496000E+002    -0.18771517E-001    -0.20040269E-011    -0.20036366E-011
     0.32504000E+002    -0.18771814E-001    -0.20037024E-011    -0.20030928E-011
     0.32512000E+002    -0.18772117E-001    -0.20033629E-011    -0.20028736E-011
     0.32520000E+002    -0.18772419E-001    -0.20029379E-011    -0.20027104E-011
     0.32528000E+002    -0.18772717E-001    -0.20023326E-011    -0.20021968E-011
     0.32536000E+002    -0.18773007E-001    -0.20016962E-011    -0.20015252E-011
     0.32544000E+002    -0.18773283E-001    -0.20012132E-011    -0.20012145E-011
     0.32552000E+002    -0.18773541E-001    -0.20007059E-011    -0.20012139E-011
     0.32560000E+002    -0.18773779E-001    -0.20000401E-011    -0.20012037E-011
     0.32568000E+002    -0.18773991E-001    -0.19991086E-011    -0.20006929E-011
     0.32576000E+002    -0.18774176E-001    -0.19979901E-011    -0.19996289E-011
     0.32584000E+002    -0.18774329E-001    -0.19969964E-011    -0.19986344E-011
     0.32592000E+002    -0.18774450E-001    -0.19960982E-011    -0.19979375E-011
     0.32600000E+002    -0.18774535E-001    -0.19951634E-011    -0.19973531E-011
     0.32608000E+002    -0.18774585E-001    -0.19941095E-011    -0.19964701E-011
     0.32616000E+002    -0.18774597E-001    -0.19929404E-011    -0.19950508E-011
     0.32624000E+002    -0.18774572E-001    -0.19920194E-011    -0.19937155E-011
     0.32632000E+002    -0.18774511E-001    -0.19915189E-011    -0.19930302E-011
     0.32640000E+002    -0.18774413E-001    -0.19913487E-011    -0.19930117E-011
     0.32648000E+002    -0.18774282E-001    -0.19914230E-011    -0.19933203E-011
     0.32656000E+002    -0.18774118E-001    -0.19915873E-011    -0.19934098E-011
     0.32664000E+002    -0.18773925E-001    -0.19919949E-011    -0.19934569E-011
     0.32672000E+002    -0.18773704E-001    -0.19928073E-011    -0.19939856E-011
     0.32680000E+002    -0.18773461E-001    -0.19938574E-011    -0.19950478E-011
     0.32688000E+002    -0.18773197E-001    -0.19949725E-011    -0.19963658E-011
     0.32696000E+002    -0.18772918E-001    -0.19958789E-011    -0.19972844E-011
     0.32704000E+002    -0.18772628E-001    -0.19965046E-011    -0.19975897E-011
     0.32712000E+002    -0.18772329E-001    -0.19970031E-011    -0.19977385E-011
     0.32720000E+002    -0.18772029E-001    -0.19972689E-011    -0.19979335E-011
     0.32728000E+002    -0.18771730E-001    -0.19972118E-011    -0.19981310E-011
     0.32736000E+002    -0.18771437E-001    -0.19967490E-011    -0.19979541E-011
     0.32744000E+002    -0.18771155E-001    -0.19958967E-011    -0.19971459E-011
     0.32752000E+002    -0.18770888E-001    -0.19950069E-011    -0.19962180E-011
     0.32760000E+002    -0.18770640E-001    -0.19942326E-011    -0.19956066E-011
     0.32768000E+002    -0.18770414E-001    -0.19936013E-011    -0.19954196E-011
     0.32776000E+002    -0.18770214E-001    -0.19931731E-011    -0.19954736E-011
     0.32784000E+002    -0.18770043E-001    -0.19929650E-011    -0.19954184E-011
     0.32792000E+002    -0.18769904E-001    -0.19932928E-011    -0.19956034E-011
     0.32800000E+002    -0.18769798E-001    -0.19943446E-011    -0.19965279E-011
     0.32808000E+002    -0.18769727E-001    -0.19959661E-011    -0.19982185E-011
     0.32816000E+002    -0.18769693E-001    -0.19979612E-011    -0.20003540E-011
     0.32824000E+002    -0.18769695E-001    -0.20000015E-011    -0.20022279E-011
     0.32832000E+002    -0.18769734E-001    -0.20020127E-011    -0.20036777E-011
     0.32840000E+002    -0.18769809E-001    -0.20040533E-011    -0.20050958E-011
     0.32848000E+002    -0.18769920E-001    -0.20058637E-011    -0.20065431E-011
     0.32856000E+002    -0.18770063E-001    -0.20071589E-011    -0.20077730E-011
     0.32864000E+002    -0.18770238E-001    -0.20075917E-011    -0.20080996E-011
     0.32872000E+002    -0.18770442E-001    -0.20070348E-011    -0.20071282E-011
     0.32880000E+002    -0.18770671E-001    -0.20057902E-011    -0.20053705E-011
     0.32888000E+002    -0.18770922E-001    -0.20040303E-011    -0.20033607E-011
     0.32896000E+002    -0.18771192E-001    -0.20018852E-011    -0.20013964E-011
     0.32904000E+002    -0.18771476E-001    -0.19994391E-011    -0.19993175E-011
     0.32912000E+002    -0.18771770E-001    -0.19967508E-011    -0.19967656E-011
     0.32920000E+002    -0.18772069E-001    -0.19942514E-011    -0.19941583E-011
     0.32928000E+002    -0.18772369E-001    -0.19922864E-011    -0.19921375E-011
     0.32936000E+002    -0.18772666E-001    -0.19909807E-011    -0.19910773E-011
     0.32944000E+002    -0.18772955E-001    -0.19903635E-011    -0.19909391E-011
     0.32952000E+002    -0.18773232E-001    -0.19902227E-011    -0.19911235E-011
     0.32960000E+002    -0.18773492E-001    -0.19905583E-011    -0.19914864E-011
     0.32968000E+002    -0.18773732E-001    -0.19914160E-011    -0.19923121E-011
     0.32976000E+002    -0.18773948E-001    -0.19925882E-011    -0.19936826E-011
     0.32984000E+002    -0.18774136E-001    -0.19938818E-011    -0.19954749E-011
     0.32992000E+002    -0.18774295E-001    -0.19949697E-011    -0.19970450E-011
     0.33000000E+002    -0.18774421E-001    -0.19957247E-011    -0.19979979E-011
     0.33008000E+002    -0.18774513E-001    -0.19963224E-011    -0.19986403E-011
     0.33016000E+002    -0.18774569E-001    -0.19967594E-011    -0.19992311E-011
     0.33024000E+002    -0.18774588E-001    -0.19970461E-011    -0.19999044E-011
     0.33032000E+002    -0.18774571E-001    -0.19971319E-011    -0.20003579E-011
     0.33040000E+002    -0.18774517E-001    -0.19970205E-011    -0.20002335E-011
     0.33048000E+002    -0.18774427E-001    -0.19970915E-011    -0.19999563E-011
     0.33056000E+002    -0.18774302E-001    -0.19975732E-011    -0.20000652E-011
     0.33064000E+002    -0.18774145E-001    -0.19985061E-011    -0.20008589E-011
     0.33072000E+002    -0.18773958E-001    -0.19997971E-011    -0.20021522E-011
     0.33080000E+002    -0.18773743E-001    -0.20011715E-011    -0.20032766E-011
     0.33088000E+002    -0.18773504E-001    -0.20026778E-011    -0.20041777E-011
     0.33096000E+002    -0.18773244E-001    -0.20043944E-011    -0.20052129E-011
     0.33104000E+002    -0.18772967E-001    -0.20061735E-011    -0.20065775E-011
     0.33112000E+002    -0.18772678E-001    -0.20078034E-011    -0.20081388E-011
     0.33120000E+002    -0.18772381E-001    -0.20088531E-011    -0.20091036E-011
     0.33128000E+002    -0.18772080E-001    -0.20091613E-011    -0.20090248E-011
     0.33136000E+002    -0.18771780E-001    -0.20088864E-011    -0.20082055E-011
     0.33144000E+002    -0.18771485E-001    -0.20080856E-011    -0.20070530E-011
     0.33152000E+002    -0.18771199E-001    -0.20068623E-011    -0.20059141E-011
     0.33160000E+002    -0.18770928E-001    -0.20051520E-011    -0.20045151E-011
     0.33168000E+002    -0.18770676E-001    -0.20029545E-011    -0.20024751E-011
     0.33176000E+002    -0.18770445E-001    -0.20006424E-011    -0.20001346E-011
     0.33184000E+002    -0.18770239E-001    -0.19984877E-011    -0.19980099E-011
     0.33192000E+002    -0.18770063E-001    -0.19967103E-011    -0.19965941E-011
     0.33200000E+002    -0.18769917E-001    -0.19953709E-011    -0.19958750E-011
     0.33208000E+002    -0.18769805E-001    -0.19943460E-011    -0.19953306E-011
     0.33216000E+002    -0.18769729E-001    -0.19938078E-011    -0.19949683E-011
     0.33224000E+002    -0.18769688E-001    -0.19938783E-011    -0.19950729E-011
     0.33232000E+002    -0.18769685E-001    -0.19945198E-011    -0.19958922E-011
     0.33240000E+002    -0.18769719E-001    -0.19956210E-011    -0.19973928E-011
     0.33248000E+002    -0.18769789E-001    -0.19968310E-011    -0.19989037E-011
     0.33256000E+002    -0.18769895E-001    -0.19980703E-011    -0.20001146E-011
     0.33264000E+002    -0.18770035E-001    -0.19994312E-011    -0.20012441E-011
     0.33272000E+002    -0.18770207E-001    -0.20008405E-011    -0.20025220E-011
     0.33280000E+002    -0.18770408E-001    -0.20022118E-011    -0.20040565E-011
     0.33288000E+002    -0.18770635E-001    -0.20032244E-011    -0.20052805E-011
     0.33296000E+002    -0.18770885E-001    -0.20037058E-011    -0.20056742E-011
     0.33304000E+002    -0.18771154E-001    -0.20038530E-011    -0.20054492E-011
     0.33312000E+002    -0.18771439E-001    -0.20037704E-011    -0.20049998E-011
     0.33320000E+002    -0.18771733E-001    -0.20035496E-011    -0.20047314E-011
     0.33328000E+002    -0.18772034E-001    -0.20030748E-011    -0.20044416E-011
     0.33336000E+002    -0.18772336E-001    -0.20021525E-011    -0.20035367E-011
     0.33344000E+002    -0.18772635E-001    -0.20009990E-011    -0.20020929E-011
     0.33352000E+002    -0.18772927E-001    -0.19998525E-011    -0.20005599E-011
     0.33360000E+002    -0.18773206E-001    -0.19989069E-011    -0.19995072E-011
     0.33368000E+002    -0.18773470E-001    -0.19982184E-011    -0.19991039E-011
     0.33376000E+002    -0.18773713E-001    -0.19975514E-011    -0.19987626E-011
     0.33384000E+002    -0.18773932E-001    -0.19969403E-011    -0.19982235E-011
     0.33392000E+002    -0.18774125E-001    -0.19965355E-011    -0.19976895E-011
     0.33400000E+002    -0.18774286E-001    -0.19963946E-011    -0.19975326E-011
     0.33408000E+002    -0.18774416E-001    -0.19965507E-011    -0.19980378E-011
     0.33416000E+002    -0.18774511E-001    -0.19967186E-011    -0.19987033E-011
     0.33424000E+002    -0.18774570E-001    -0.19967402E-011    -0.19990107E-011
     0.33432000E+002    -0.18774592E-001    -0.19967153E-011    -0.19989781E-011
     0.33440000E+002    -0.18774578E-001    -0.19966589E-011    -0.19988230E-011
     0.33448000E+002    -0.18774526E-001    -0.19966468E-011    -0.19989184E-011
     0.33456000E+002    -0.18774438E-001    -0.19965454E-011    -0.19990618E-011
     0.33464000E+002    -0.18774316E-001    -0.19962195E-011    -0.19987669E-011
     0.33472000E+002    -0.18774160E-001    -0.19959029E-011    -0.19981249E-011
     0.33480000E+002    -0.18773974E-001    -0.19957833E-011    -0.19974795E-011
     0.33488000E+002    -0.18773761E-001    -0.19960390E-011    -0.19973543E-011
     0.33496000E+002    -0.18773522E-001    -0.19966787E-011    -0.19978632E-011
     0.33504000E+002    -0.18773264E-001    -0.19974939E-011    -0.19985035E-011
     0.33512000E+002    -0.18772988E-001    -0.19985987E-011    -0.19991832E-011
     0.33520000E+002    -0.18772700E-001    -0.20001461E-011    -0.20001523E-011
     0.33528000E+002    -0.18772403E-001    -0.20021783E-011    -0.20017933E-011
     0.33536000E+002    -0.18772102E-001    -0.20046030E-011    -0.20042427E-011
     0.33544000E+002    -0.18771803E-001    -0.20069531E-011    -0.20067797E-011
     0.33552000E+002    -0.18771508E-001    -0.20089586E-011    -0.20087815E-011
     0.33560000E+002    -0.18771223E-001    -0.20105932E-011    -0.20101610E-011
     0.33568000E+002    -0.18770952E-001    -0.20118028E-011    -0.20111288E-011
     0.33576000E+002    -0.18770698E-001    -0.20125868E-011    -0.20120401E-011
     0.33584000E+002    -0.18770467E-001    -0.20126503E-011    -0.20125267E-011
     0.33592000E+002    -0.18770261E-001    -0.20117563E-011    -0.20119789E-011
     0.33600000E+002    -0.18770083E-001    -0.20100671E-011    -0.20103719E-011
     0.33608000E+002    -0.18769936E-001    -0.20078089E-011    -0.20080766E-011
     0.33616000E+002    -0.18769823E-001    -0.20053493E-011    -0.20058523E-011
     0.33624000E+002    -0.18769745E-001    -0.20028659E-011    -0.20039931E-011
     0.33632000E+002    -0.18769702E-001    -0.20003318E-011    -0.20021422E-011
     0.33640000E+002    -0.18769697E-001    -0.19979984E-011    -0.20002356E-011
     0.33648000E+002    -0.18769728E-001    -0.19961082E-011    -0.19984691E-011
     0.33656000E+002    -0.18769796E-001    -0.19948988E-011    -0.19973622E-011
     0.33664000E+002    -0.18769899E-001    -0.19944811E-011    -0.19972634E-011
     0.33672000E+002    -0.18770035E-001    -0.19945915E-011    -0.19977110E-011
     0.33680000E+002    -0.18770204E-001    -0.19951235E-011    -0.19982942E-011
     0.33688000E+002    -0.18770402E-001    -0.19960433E-011    -0.19988882E-011
     0.33696000E+002    -0.18770625E-001    -0.19972584E-011    -0.19996349E-011
     0.33704000E+002    -0.18770872E-001    -0.19987074E-011    -0.20008274E-011
     0.33712000E+002    -0.18771137E-001    -0.20000245E-011    -0.20020678E-011
     0.33720000E+002    -0.18771417E-001    -0.20009652E-011    -0.20028305E-011
     0.33728000E+002    -0.18771708E-001    -0.20015859E-011    -0.20030281E-011
     0.33736000E+002    -0.18772006E-001    -0.20019416E-011    -0.20028560E-011
     0.33744000E+002    -0.18772305E-001    -0.20022004E-011    -0.20028475E-011
     0.33752000E+002    -0.18772601E-001    -0.20022890E-011    -0.20030001E-011
     0.33760000E+002    -0.18772890E-001    -0.20020500E-011    -0.20028428E-011
     0.33768000E+002    -0.18773168E-001    -0.20016728E-011    -0.20023006E-011
     0.33776000E+002    -0.18773430E-001    -0.20013711E-011    -0.20016000E-011
     0.33784000E+002    -0.18773673E-001    -0.20014209E-011    -0.20013684E-011
     0.33792000E+002    -0.18773893E-001    -0.20018977E-011    -0.20019238E-011
     0.33800000E+002    -0.18774086E-001    -0.20025189E-011    -0.20027600E-011
     0.33808000E+002    -0.18774250E-001    -0.20032142E-011    -0.20034733E-011
     0.33816000E+002    -0.18774382E-001    -0.20039956E-011    -0.20039578E-011
     0.33824000E+002    -0.18774480E-001    -0.20049239E-011    -0.20045472E-011
     0.33832000E+002    -0.18774543E-001    -0.20060547E-011    -0.20056919E-011
     0.33840000E+002    -0.18774570E-001    -0.20070516E-011    -0.20070199E-011
     0.33848000E+002    -0.18774560E-001    -0.20076713E-011    -0.20079642E-011
     0.33856000E+002    -0.18774514E-001    -0.20078820E-011    -0.20082502E-011
     0.33864000E+002    -0.18774433E-001    -0.20077218E-011    -0.20080043E-011
     0.33872000E+002    -0.18774316E-001    -0.20074200E-011    -0.20078423E-011
     0.33880000E+002    -0.18774167E-001    -0.20069375E-011    -0.20078382E-011
     0.33888000E+002    -0.18773988E-001    -0.20061660E-011    -0.20076105E-011
     0.33896000E+002    -0.18773780E-001    -0.20052348E-011    -0.20069759E-011
     0.33904000E+002    -0.18773548E-001    -0.20042561E-011    -0.20059623E-011
     0.33912000E+002    -0.18773295E-001    -0.20034887E-011    -0.20051262E-011
     0.33920000E+002    -0.18773024E-001    -0.20030027E-011    -0.20047761E-011
     0.33928000E+002    -0.18772740E-001    -0.20025972E-011    -0.20045608E-011
     0.33936000E+002    -0.18772447E-001    -0.20022726E-011    -0.20042199E-011
     0.33944000E+002    -0.18772149E-001    -0.20020210E-011    -0.20036300E-011
     0.33952000E+002    -0.18771852E-001    -0.20019101E-011    -0.20031131E-011
     0.33960000E+002    -0.18771558E-001    -0.20019696E-011    -0.20030531E-011
     0.33968000E+002    -0.18771273E-001    -0.20018847E-011    -0.20030979E-011
     0.33976000E+002    -0.18771002E-001    -0.20015117E-011    -0.20028323E-011
     0.33984000E+002    -0.18770747E-001    -0.20008628E-011    -0.20020566E-011
     0.33992000E+002    -0.18770513E-001    -0.20000321E-011    -0.20009759E-011
     0.34000000E+002    -0.18770304E-001    -0.19992422E-011    -0.20001794E-011
     0.34008000E+002    -0.18770122E-001    -0.19983696E-011    -0.19996019E-011
     0.34016000E+002    -0.18769970E-001    -0.19972754E-011    -0.19988159E-011
     0.34024000E+002    -0.18769851E-001    -0.19960428E-011    -0.19975958E-011
     0.34032000E+002    -0.18769767E-001    -0.19947992E-011    -0.19960404E-011
     0.34040000E+002    -0.18769717E-001    -0.19938714E-011    -0.19948613E-011
     0.34048000E+002    -0.18769705E-001    -0.19933185E-011    -0.19943911E-011
     0.34056000E+002    -0.18769729E-001    -0.19929373E-011    -0.19942772E-011
     0.34064000E+002    -0.18769789E-001    -0.19926934E-011    -0.19941682E-011
     0.34072000E+002    -0.18769885E-001    -0.19925560E-011    -0.19938505E-011
     0.34080000E+002    -0.18770015E-001    -0.19926940E-011    -0.19937474E-011
     0.34088000E+002    -0.18770177E-001    -0.19932196E-011    -0.19943423E-011
     0.34096000E+002    -0.18770368E-001    -0.19938917E-011    -0.19953770E-011
     0.34104000E+002    -0.18770587E-001    -0.19945860E-011    -0.19964315E-011
     0.34112000E+002    -0.18770829E-001    -0.19952209E-011    -0.19971185E-011
     0.34120000E+002    -0.18771090E-001    -0.19958546E-011    -0.19975510E-011
     0.34128000E+002    -0.18771368E-001    -0.19966912E-011    -0.19983038E-011
     0.34136000E+002    -0.18771657E-001    -0.19976053E-011    -0.19993788E-011
     0.34144000E+002    -0.18771954E-001    -0.19984919E-011    -0.20004826E-011
     0.34152000E+002    -0.18772253E-001    -0.19993514E-011    -0.20013240E-011
     0.34160000E+002    -0.18772551E-001    -0.20002040E-011    -0.20018536E-011
     0.34168000E+002    -0.18772843E-001    -0.20012661E-011    -0.20026130E-011
     0.34176000E+002    -0.18773124E-001    -0.20024631E-011    -0.20037565E-011
     0.34184000E+002    -0.18773390E-001    -0.20035619E-011    -0.20049375E-011
     0.34192000E+002    -0.18773637E-001    -0.20044930E-011    -0.20058125E-011
     0.34200000E+002    -0.18773862E-001    -0.20051845E-011    -0.20061447E-011
     0.34208000E+002    -0.18774061E-001    -0.20057930E-011    -0.20063442E-011
     0.34216000E+002    -0.18774231E-001    -0.20063438E-011    -0.20067640E-011
     0.34224000E+002    -0.18774369E-001    -0.20065625E-011    -0.20071052E-011
     0.34232000E+002    -0.18774474E-001    -0.20063464E-011    -0.20070024E-011
     0.34240000E+002    -0.18774543E-001    -0.20056567E-011    -0.20061550E-011
     0.34248000E+002    -0.18774576E-001    -0.20046911E-011    -0.20048864E-011
     0.34256000E+002    -0.18774572E-001    -0.20037311E-011    -0.20038699E-011
     0.34264000E+002    -0.18774531E-001    -0.20026717E-011    -0.20031046E-011
     0.34272000E+002    -0.18774454E-001    -0.20014259E-011    -0.20022747E-011
     0.34280000E+002    -0.18774342E-001    -0.19999673E-011    -0.20009989E-011
     0.34288000E+002    -0.18774196E-001    -0.19984024E-011    -0.19993095E-011
     0.34296000E+002    -0.18774020E-001    -0.19970886E-011    -0.19979256E-011
     0.34304000E+002    -0.18773815E-001    -0.19960619E-011    -0.19971409E-011
     0.34312000E+002    -0.18773584E-001    -0.19952099E-011    -0.19967432E-011
     0.34320000E+002    -0.18773332E-001    -0.19944828E-011    -0.19963428E-011
     0.34328000E+002    -0.18773062E-001    -0.19938385E-011    -0.19956507E-011
     0.34336000E+002    -0.18772778E-001    -0.19935432E-011    -0.19951567E-011
     0.34344000E+002    -0.18772485E-001    -0.19937177E-011    -0.19953187E-011
     0.34352000E+002    -0.18772185E-001    -0.19942217E-011    -0.19960337E-011
     0.34360000E+002    -0.18771886E-001    -0.19949867E-011    -0.19969911E-011
     0.34368000E+002    -0.18771590E-001    -0.19958739E-011    -0.19977377E-011
     0.34376000E+002    -0.18771302E-001    -0.19969662E-011    -0.19984293E-011
     0.34384000E+002    -0.18771027E-001    -0.19983672E-011    -0.19995256E-011
     0.34392000E+002    -0.18770769E-001    -0.19998480E-011    -0.20009507E-011
     0.34400000E+002    -0.18770532E-001    -0.20012471E-011    -0.20024174E-011
     0.34408000E+002    -0.18770318E-001    -0.20023974E-011    -0.20034602E-011
     0.34416000E+002    -0.18770133E-001    -0.20032817E-011    -0.20040059E-011
     0.34424000E+002    -0.18769977E-001    -0.20040800E-011    -0.20045535E-011
     0.34432000E+002    -0.18769854E-001    -0.20046549E-011    -0.20051750E-011
     0.34440000E+002    -0.18769766E-001    -0.20048522E-011    -0.20056292E-011
     0.34448000E+002    -0.18769714E-001    -0.20046169E-011    -0.20055458E-011
     0.34456000E+002    -0.18769699E-001    -0.20039922E-011    -0.20047652E-011
     0.34464000E+002    -0.18769720E-001    -0.20033432E-011    -0.20039005E-011
     0.34472000E+002    -0.18769778E-001    -0.20028020E-011    -0.20033905E-011
     0.34480000E+002    -0.18769872E-001    -0.20022770E-011    -0.20031608E-011
     0.34488000E+002    -0.18770000E-001    -0.20017436E-011    -0.20029185E-011
     0.34496000E+002    -0.18770161E-001    -0.20011619E-011    -0.20023090E-011
     0.34504000E+002    -0.18770351E-001    -0.20008073E-011    -0.20017268E-011
     0.34512000E+002    -0.18770569E-001    -0.20008955E-011    -0.20017621E-011
     0.34520000E+002    -0.18770810E-001    -0.20012695E-011    -0.20024076E-011
     0.34528000E+002    -0.18771070E-001    -0.20017599E-011    -0.20033116E-011
     0.34536000E+002    -0.18771348E-001    -0.20021159E-011    -0.20038224E-011
     0.34544000E+002    -0.18771636E-001    -0.20023303E-011    -0.20038293E-011
     0.34552000E+002    -0.18771932E-001    -0.20026055E-011    -0.20038572E-011
     0.34560000E+002    -0.18772232E-001    -0.20028464E-011    -0.20040795E-011
     0.34568000E+002    -0.18772529E-001    -0.20029440E-011    -0.20043723E-011
     0.34576000E+002    -0.18772821E-001    -0.20027651E-011    -0.20042794E-011
     0.34584000E+002    -0.18773101E-001    -0.20022905E-011    -0.20035433E-011
     0.34592000E+002    -0.18773368E-001    -0.20018481E-011    -0.20027098E-011
     0.34600000E+002    -0.18773615E-001    -0.20015605E-011    -0.20022202E-011
     0.34608000E+002    -0.18773841E-001    -0.20014271E-011    -0.20021752E-011
     0.34616000E+002    -0.18774040E-001    -0.20014389E-011    -0.20023453E-011
     0.34624000E+002    -0.18774211E-001    -0.20015048E-011    -0.20023101E-011
     0.34632000E+002    -0.18774350E-001    -0.20018102E-011    -0.20023133E-011
     0.34640000E+002    -0.18774456E-001    -0.20024073E-011    -0.20026972E-011
     0.34648000E+002    -0.18774527E-001    -0.20030729E-011    -0.20033887E-011
     0.34656000E+002    -0.18774562E-001    -0.20036168E-011    -0.20040754E-011
     0.34664000E+002    -0.18774560E-001    -0.20037653E-011    -0.20041535E-011
     0.34672000E+002    -0.18774522E-001    -0.20035271E-011    -0.20035932E-011
     0.34680000E+002    -0.18774448E-001    -0.20030347E-011    -0.20028416E-011
     0.34688000E+002    -0.18774339E-001    -0.20021455E-011    -0.20020006E-011
     0.34696000E+002    -0.18774197E-001    -0.20007793E-011    -0.20009683E-011
     0.34704000E+002    -0.18774024E-001    -0.19988522E-011    -0.19993327E-011
     0.34712000E+002    -0.18773823E-001    -0.19965064E-011    -0.19970330E-011
     0.34720000E+002    -0.18773596E-001    -0.19942100E-011    -0.19947700E-011
     0.34728000E+002    -0.18773347E-001    -0.19921696E-011    -0.19930427E-011
     0.34736000E+002    -0.18773081E-001    -0.19904781E-011    -0.19920034E-011
     0.34744000E+002    -0.18772800E-001    -0.19891492E-011    -0.19913607E-011
     0.34752000E+002    -0.18772510E-001    -0.19881706E-011    -0.19907222E-011
     0.34760000E+002    -0.18772214E-001    -0.19878602E-011    -0.19904690E-011
     0.34768000E+002    -0.18771917E-001    -0.19883601E-011    -0.19910591E-011
     0.34776000E+002    -0.18771624E-001    -0.19895500E-011    -0.19925702E-011
     0.34784000E+002    -0.18771338E-001    -0.19912228E-011    -0.19946560E-011
     0.34792000E+002    -0.18771064E-001    -0.19930025E-011    -0.19965346E-011
     0.34800000E+002    -0.18770807E-001    -0.19948183E-011    -0.19980366E-011
     0.34808000E+002    -0.18770570E-001    -0.19966849E-011    -0.19994605E-011
     0.34816000E+002    -0.18770356E-001    -0.19984053E-011    -0.20009089E-011
     0.34824000E+002    -0.18770169E-001    -0.19998319E-011    -0.20022928E-011
     0.34832000E+002    -0.18770012E-001    -0.20007102E-011    -0.20030469E-011
     0.34840000E+002    -0.18769887E-001    -0.20010201E-011    -0.20029309E-011
     0.34848000E+002    -0.18769796E-001    -0.20010331E-011    -0.20023959E-011
     0.34856000E+002    -0.18769740E-001    -0.20008290E-011    -0.20018083E-011
     0.34864000E+002    -0.18769720E-001    -0.20005056E-011    -0.20014035E-011
     0.34872000E+002    -0.18769737E-001    -0.20000730E-011    -0.20009621E-011
     0.34880000E+002    -0.18769790E-001    -0.19995596E-011    -0.20001901E-011
     0.34888000E+002    -0.18769878E-001    -0.19992938E-011    -0.19994714E-011
     0.34896000E+002    -0.18770000E-001    -0.19993841E-011    -0.19991774E-011
     0.34904000E+002    -0.18770154E-001    -0.19997681E-011    -0.19994414E-011
     0.34912000E+002    -0.18770338E-001    -0.20002980E-011    -0.20000053E-011
     0.34920000E+002    -0.18770549E-001    -0.20007022E-011    -0.20002604E-011
     0.34928000E+002    -0.18770784E-001    -0.20010477E-011    -0.20002509E-011
     0.34936000E+002    -0.18771039E-001    -0.20013929E-011    -0.20003284E-011
     0.34944000E+002    -0.18771311E-001    -0.20015884E-011    -0.20006294E-011
     0.34952000E+002    -0.18771595E-001    -0.20014883E-011    -0.20010177E-011
     0.34960000E+002    -0.18771888E-001    -0.20008109E-011    -0.20008399E-011
     0.34968000E+002    -0.18772184E-001    -0.19995973E-011    -0.19999016E-011
     0.34976000E+002    -0.18772480E-001    -0.19981552E-011    -0.19986697E-011
     0.34984000E+002    -0.18772770E-001    -0.19966162E-011    -0.19975483E-011
     0.34992000E+002    -0.18773051E-001    -0.19951120E-011    -0.19967727E-011
     0.35000000E+002    -0.18773318E-001    -0.19935844E-011    -0.19959631E-011
     0.35008000E+002    -0.18773567E-001    -0.19920497E-011    -0.19947457E-011
