#       omega [a.u.]         Energy [eV] Real polarizability Imag polarizability
     0.00000000E+000     0.00000000E+000     0.11752040E+005     0.85031699E-002
     0.43413787E-002     0.11813492E+000     0.10431316E+005     0.57780412E+004
     0.86827573E-002     0.23626984E+000     0.63755163E+004     0.10189260E+005
     0.13024136E-001     0.35440476E+000     0.65240175E+003     0.12057116E+005
     0.17365515E-001     0.47253969E+000    -0.52024752E+004     0.10951717E+005
     0.21706893E-001     0.59067461E+000    -0.97411148E+004     0.71529343E+004
     0.26048272E-001     0.70880953E+000    -0.11858148E+005     0.16661826E+004
     0.30389651E-001     0.82694445E+000    -0.11050001E+005    -0.40815829E+004
     0.34731029E-001     0.94507937E+000    -0.75714216E+004    -0.86910085E+004
     0.39072408E-001     0.10632143E+001    -0.23597972E+004    -0.10991455E+005
     0.43413787E-001     0.11813492E+001     0.32511352E+004    -0.10468250E+005
     0.47755165E-001     0.12994841E+001     0.78360588E+004    -0.73241945E+004
     0.52096544E-001     0.14176191E+001     0.10256795E+005    -0.24166343E+004
     0.56437923E-001     0.15357540E+001     0.99760778E+004     0.29651145E+004
     0.60779301E-001     0.16538889E+001     0.71390924E+004     0.74254286E+004
     0.65120680E-001     0.17720238E+001     0.25565219E+004     0.98768210E+004
     0.69462059E-001     0.18901587E+001    -0.25448345E+004     0.97500354E+004
     0.73803437E-001     0.20082937E+001    -0.68404844E+004     0.71565068E+004
     0.78144816E-001     0.21264286E+001    -0.92428930E+004     0.28531712E+004
     0.82486195E-001     0.22445635E+001    -0.91869459E+004    -0.19814101E+004
     0.86827573E-001     0.23626984E+001    -0.67868898E+004    -0.60809949E+004
     0.91168952E-001     0.24808334E+001    -0.27373931E+004    -0.83967655E+004
     0.95510331E-001     0.25989683E+001     0.18416335E+004    -0.83845716E+004
     0.99851709E-001     0.27171032E+001     0.57206368E+004    -0.61349490E+004
     0.10419309E+000     0.28352381E+001     0.79150663E+004    -0.23220584E+004
     0.10853447E+000     0.29533730E+001     0.79014595E+004     0.19928529E+004
     0.11287585E+000     0.30715080E+001     0.57610203E+004     0.56397227E+004
     0.11721722E+000     0.31896429E+001     0.21493250E+004     0.76763803E+004
     0.12155860E+000     0.33077778E+001    -0.19193274E+004     0.76172773E+004
     0.12589998E+000     0.34259127E+001    -0.53450625E+004     0.55467183E+004
     0.13024136E+000     0.35440476E+001    -0.72186642E+004     0.20881757E+004
     0.13458274E+000     0.36621826E+001    -0.70815606E+004    -0.17761831E+004
     0.13892412E+000     0.37803175E+001    -0.50454080E+004    -0.49797158E+004
     0.14326550E+000     0.38984524E+001    -0.17246149E+004    -0.66796620E+004
     0.14760687E+000     0.40165873E+001     0.19379008E+004    -0.64649502E+004
     0.15194825E+000     0.41347223E+001     0.49303364E+004    -0.44501829E+004
     0.15628963E+000     0.42528572E+001     0.64555539E+004    -0.12508360E+004
     0.16063101E+000     0.43709921E+001     0.61448252E+004     0.22251337E+004
     0.16497239E+000     0.44891270E+001     0.41312407E+004     0.50128289E+004
     0.16931377E+000     0.46072619E+001     0.10225192E+004     0.63602919E+004
     0.17365515E+000     0.47253969E+001    -0.22912288E+004     0.59298702E+004
     0.17799653E+000     0.48435318E+001    -0.48817927E+004     0.38916877E+004
     0.18233790E+000     0.49616667E+001    -0.60438530E+004     0.85459975E+003
     0.18667928E+000     0.50798016E+001    -0.54919979E+004    -0.23075285E+004
     0.19102066E+000     0.51979365E+001    -0.34234532E+004    -0.47105422E+004
     0.19536204E+000     0.53160715E+001    -0.44516017E+003    -0.56965311E+004
     0.19970342E+000     0.54342064E+001     0.25779295E+004    -0.50169752E+004
     0.20404480E+000     0.55523413E+001     0.47969101E+004    -0.29026038E+004
     0.20838618E+000     0.56704762E+001     0.56002355E+004     0.25624623E+002
     0.21272755E+000     0.57886112E+001     0.47830473E+004     0.29205856E+004
     0.21706893E+000     0.59067461E+001     0.26049410E+004     0.49602158E+004
     0.22141031E+000     0.60248810E+001    -0.29174688E+003     0.55738563E+004
     0.22575169E+000     0.61430159E+001    -0.30705639E+004     0.46045939E+004
     0.23009307E+000     0.62611508E+001    -0.49334990E+004     0.23488575E+004
     0.23443445E+000     0.63792858E+001    -0.53549542E+004    -0.53174690E+003
     0.23877583E+000     0.64974207E+001    -0.42235228E+004    -0.32044162E+004
     0.24311721E+000     0.66155556E+001    -0.18708538E+004    -0.48936922E+004
     0.24745858E+000     0.67336905E+001     0.10111872E+004    -0.51035070E+004
     0.25179996E+000     0.68518254E+001     0.35601738E+004    -0.37805687E+004
     0.25614134E+000     0.69699604E+001     0.50271183E+004    -0.13601356E+004
     0.26048272E+000     0.70880953E+001     0.50796026E+004     0.13979740E+004
     0.26482410E+000     0.72062302E+001     0.39007198E+004     0.38197868E+004
     0.26916548E+000     0.73243651E+001     0.18453327E+004     0.57515205E+004
     0.27350686E+000     0.74425001E+001    -0.16708955E+004     0.76739756E+004
     0.27784824E+000     0.75606350E+001    -0.13067214E+005     0.46170061E+004
     0.28218961E+000     0.76787699E+001    -0.18018071E+004    -0.65896207E+004
     0.28653099E+000     0.77969048E+001     0.63735610E+003    -0.25652983E+004
     0.29087237E+000     0.79150397E+001     0.63009046E+003    -0.11952736E+004
     0.29521375E+000     0.80331747E+001     0.46687984E+003    -0.64261744E+003
     0.29955513E+000     0.81513096E+001     0.33114525E+003    -0.38386827E+003
     0.30389651E+000     0.82694445E+001     0.23389890E+003    -0.24854105E+003
     0.30823789E+000     0.83875794E+001     0.16664588E+003    -0.17075143E+003
     0.31257926E+000     0.85057144E+001     0.12090658E+003    -0.12237619E+003
     0.31692064E+000     0.86238493E+001     0.90231471E+002    -0.90337251E+002
     0.32126202E+000     0.87419842E+001     0.69859533E+002    -0.68198868E+002
     0.32560340E+000     0.88601191E+001     0.56472476E+002    -0.52425823E+002
     0.32994478E+000     0.89782540E+001     0.47836412E+002    -0.40902782E+002
     0.33428616E+000     0.90963890E+001     0.42503780E+002    -0.32268303E+002
     0.33862754E+000     0.92145239E+001     0.39582009E+002    -0.25606544E+002
     0.34296892E+000     0.93326588E+001     0.38574252E+002    -0.20269573E+002
     0.34731029E+000     0.94507937E+001     0.39321730E+002    -0.15725108E+002
     0.35165167E+000     0.95689286E+001     0.42009109E+002    -0.11434214E+002
     0.35599305E+000     0.96870636E+001     0.47381069E+002    -0.65583486E+001
     0.36033443E+000     0.98051985E+001     0.57333028E+002     0.96768193E+000
     0.36467581E+000     0.99233334E+001     0.76197126E+002     0.19011060E+002
     0.36901719E+000     0.10041468E+002     0.95464917E+002     0.90500650E+002
     0.37335857E+000     0.10159603E+002    -0.57930798E+002     0.12589209E+003
     0.37769994E+000     0.10277738E+002    -0.59363827E+002     0.31446344E+002
     0.38204132E+000     0.10395873E+002    -0.37863338E+002     0.10058428E+002
     0.38638270E+000     0.10514008E+002    -0.26367312E+002     0.41086215E+001
     0.39072408E+000     0.10632143E+002    -0.20098128E+002     0.23238779E+001
     0.39506546E+000     0.10750278E+002    -0.16711706E+002     0.22112441E+001
     0.39940684E+000     0.10868413E+002    -0.15217788E+002     0.30821273E+001
     0.40374822E+000     0.10986548E+002    -0.15228354E+002     0.47995541E+001
     0.40808960E+000     0.11104683E+002    -0.16682142E+002     0.74708415E+001
     0.41243097E+000     0.11222818E+002    -0.19751200E+002     0.11394768E+002
     0.41677235E+000     0.11340952E+002    -0.24861293E+002     0.17076611E+002
     0.42111373E+000     0.11459087E+002    -0.32741940E+002     0.25283876E+002
     0.42545511E+000     0.11577222E+002    -0.44639988E+002     0.37164832E+002
     0.42979649E+000     0.11695357E+002    -0.62687876E+002     0.54313524E+002
     0.43413787E+000     0.11813492E+002    -0.90825791E+002     0.78864801E+002
     0.43847925E+000     0.11931627E+002    -0.13694882E+003     0.11339512E+003
     0.44282062E+000     0.12049762E+002    -0.21773758E+003     0.16036117E+003
     0.44716200E+000     0.12167897E+002    -0.37088361E+003     0.21945433E+003
     0.45150338E+000     0.12286032E+002    -0.69087317E+003     0.27213659E+003
     0.45584476E+000     0.12404167E+002    -0.14595257E+004     0.17897467E+003
     0.46018614E+000     0.12522302E+002    -0.35891280E+004    -0.14866211E+004
     0.46452752E+000     0.12640437E+002     0.40910271E+004    -0.69071772E+004
     0.46886890E+000     0.12758572E+002     0.43607424E+004    -0.10485062E+003
     0.47321028E+000     0.12876706E+002     0.29175010E+004     0.15817646E+004
     0.47755165E+000     0.12994841E+002     0.16460789E+004     0.24697598E+004
     0.48189303E+000     0.13112976E+002     0.22003229E+003     0.28177793E+004
     0.48623441E+000     0.13231111E+002    -0.12248782E+004     0.24653948E+004
     0.49057579E+000     0.13349246E+002    -0.23047133E+004     0.14124596E+004
     0.49491717E+000     0.13467381E+002    -0.26719907E+004    -0.56680736E+002
     0.49925855E+000     0.13585516E+002    -0.22071598E+004    -0.14906890E+004
     0.50359993E+000     0.13703651E+002    -0.10638101E+004    -0.24647884E+004
     0.50794130E+000     0.13821786E+002     0.43289240E+003    -0.27031422E+004
     0.51228268E+000     0.13939921E+002     0.18910402E+004    -0.21045537E+004
     0.51662406E+000     0.14058056E+002     0.28780762E+004    -0.55191021E+003
     0.52096544E+000     0.14176191E+002     0.20898687E+004     0.92741769E+003
     0.52530682E+000     0.14294326E+002     0.15656141E+004     0.15969173E+004
     0.52964820E+000     0.14412460E+002     0.60574516E+003     0.21883670E+004
     0.53398958E+000     0.14530595E+002    -0.59250825E+003     0.21814257E+004
     0.53833096E+000     0.14648730E+002    -0.16248430E+004     0.15325292E+004
     0.54267233E+000     0.14766865E+002    -0.21677266E+004     0.43385060E+003
     0.54701371E+000     0.14885000E+002    -0.20538524E+004    -0.78479149E+003
     0.55135509E+000     0.15003135E+002    -0.13242728E+004    -0.17611606E+004
     0.55569647E+000     0.15121270E+002    -0.19868407E+003    -0.22113913E+004
     0.56003785E+000     0.15239405E+002     0.99061835E+003    -0.20110707E+004
     0.56437923E+000     0.15357540E+002     0.18957408E+004    -0.12259321E+004
     0.56872061E+000     0.15475675E+002     0.22582715E+004    -0.91408489E+002
     0.57306198E+000     0.15593810E+002     0.19808872E+004     0.10580964E+004
     0.57740336E+000     0.15711945E+002     0.11531728E+004     0.18924823E+004
     0.58174474E+000     0.15830079E+002     0.18292646E+002     0.21747759E+004
     0.58608612E+000     0.15948214E+002    -0.10915152E+004     0.18293736E+004
     0.59042750E+000     0.16066349E+002    -0.18566027E+004     0.96265882E+003
     0.59476888E+000     0.16184484E+002    -0.20588449E+004    -0.16769374E+003
     0.59911026E+000     0.16302619E+002    -0.16498451E+004    -0.12310100E+004
     0.60345164E+000     0.16420754E+002    -0.75507908E+003    -0.19264274E+004
     0.60779301E+000     0.16538889E+002     0.36501065E+003    -0.20566045E+004
     0.61213439E+000     0.16657024E+002     0.13846359E+004    -0.15908726E+004
     0.61647577E+000     0.16775159E+002     0.20123000E+004    -0.66978500E+003
     0.62081715E+000     0.16893294E+002     0.20732056E+004     0.43777112E+003
     0.62515853E+000     0.17011429E+002     0.15537569E+004     0.14102539E+004
     0.62949991E+000     0.17129564E+002     0.61594134E+003     0.19724280E+004
     0.63384129E+000     0.17247699E+002    -0.47290127E+003     0.19807597E+004
     0.63818266E+000     0.17365833E+002    -0.14264346E+004     0.14046430E+004
     0.64252404E+000     0.17483968E+002    -0.19143190E+004     0.42873656E+003
     0.64686542E+000     0.17602103E+002    -0.18334829E+004    -0.64702245E+003
     0.65120680E+000     0.17720238E+002    -0.12074631E+004    -0.15192595E+004
     0.65554818E+000     0.17838373E+002    -0.24165308E+003    -0.19255515E+004
     0.65988956E+000     0.17956508E+002     0.79190301E+003    -0.18097676E+004
     0.66423094E+000     0.18074643E+002     0.16249456E+004    -0.11648011E+004
     0.66857232E+000     0.18192778E+002     0.20012088E+004    -0.18454990E+003
     0.67291369E+000     0.18310913E+002     0.18177901E+004     0.84980643E+003
     0.67725507E+000     0.18429048E+002     0.11139196E+004     0.16318920E+004
     0.68159645E+000     0.18547183E+002     0.13017821E+003     0.19303307E+004
     0.68593783E+000     0.18665318E+002    -0.86442810E+003     0.16873954E+004
     0.69027921E+000     0.18783453E+002    -0.15921652E+004     0.96880437E+003
     0.69462059E+000     0.18901587E+002    -0.18428014E+004    -0.19497188E+002
     0.69896197E+000     0.19019722E+002    -0.15476861E+004    -0.99069544E+003
     0.70330335E+000     0.19137857E+002    -0.79839453E+003    -0.16666448E+004
     0.70764472E+000     0.19255992E+002     0.18846932E+003    -0.18591961E+004
     0.71198610E+000     0.19374127E+002     0.11285859E+004    -0.15170477E+004
     0.71632748E+000     0.19492262E+002     0.17547626E+004    -0.74140872E+003
     0.72066886E+000     0.19610397E+002     0.18912203E+004     0.24108471E+003
     0.72501024E+000     0.19728532E+002     0.15020853E+004     0.11511360E+004
     0.72935162E+000     0.19846667E+002     0.70198884E+003     0.17262225E+004
     0.73369300E+000     0.19964802E+002    -0.27682009E+003     0.18049811E+004
     0.73803437E+000     0.20082937E+002    -0.11504005E+004     0.13641833E+004
     0.74237575E+000     0.20201072E+002    -0.16621076E+004     0.54031805E+003
     0.74671713E+000     0.20319207E+002    -0.16588106E+004    -0.41262420E+003
     0.75105851E+000     0.20437341E+002    -0.12124499E+004    -0.11631328E+004
     0.75539989E+000     0.20555476E+002    -0.46085461E+003    -0.17145365E+004
     0.75974127E+000     0.20673611E+002     0.52704342E+003    -0.17310237E+004
     0.76408265E+000     0.20791746E+002     0.13563193E+004    -0.12267691E+004
     0.76842403E+000     0.20909881E+002     0.18008873E+004    -0.37388511E+003
     0.77276540E+000     0.21028016E+002     0.17399093E+004     0.58214436E+003
     0.77710678E+000     0.21146151E+002     0.11960594E+004     0.13629929E+004
     0.78144816E+000     0.21264286E+002     0.33117906E+003     0.17482274E+004
     0.78578954E+000     0.21382421E+002    -0.59729653E+003     0.16339716E+004
     0.79013092E+000     0.21500556E+002    -0.13368064E+004     0.10644340E+004
     0.79447230E+000     0.21618691E+002    -0.16671150E+004     0.19887100E+003
     0.79881368E+000     0.21736826E+002    -0.15427039E+004    -0.69680575E+003
     0.80315505E+000     0.21854960E+002    -0.94123933E+003    -0.14347985E+004
     0.80749643E+000     0.21973095E+002    -0.52577697E+002    -0.17364537E+004
     0.81183781E+000     0.22091230E+002     0.86126524E+003    -0.15353615E+004
     0.81617919E+000     0.22209365E+002     0.15366103E+004    -0.89650842E+003
     0.82052057E+000     0.22327500E+002     0.17874018E+004    -0.38605231E+001
     0.82486195E+000     0.22445635E+002     0.15433065E+004     0.90171169E+003
     0.82920333E+000     0.22563770E+002     0.84819327E+003     0.15237605E+004
     0.83354471E+000     0.22681905E+002    -0.36646175E+002     0.17071803E+004
     0.83788608E+000     0.22800040E+002    -0.89533890E+003     0.14161981E+004
     0.84222746E+000     0.22918175E+002    -0.14811955E+004     0.72545715E+003
     0.84656884E+000     0.23036310E+002    -0.16298441E+004    -0.16688241E+003
     0.85091022E+000     0.23154445E+002    -0.12947907E+004    -0.10069899E+004
     0.85525160E+000     0.23272580E+002    -0.58174151E+003    -0.15508355E+004
     0.85959298E+000     0.23390714E+002     0.31061115E+003    -0.16563145E+004
     0.86393436E+000     0.23508849E+002     0.11370000E+004    -0.12692090E+004
     0.86827573E+000     0.23626984E+002     0.16049851E+004    -0.52990558E+003
     0.87261711E+000     0.23745119E+002     0.16648726E+004     0.33276003E+003
     0.87695849E+000     0.23863254E+002     0.12662175E+004     0.11122267E+004
     0.88129987E+000     0.23981389E+002     0.52313928E+003     0.15741948E+004
     0.88564125E+000     0.24099524E+002    -0.34924385E+003     0.15910315E+004
     0.88998263E+000     0.24217659E+002    -0.11044374E+004     0.11532798E+004
     0.89432401E+000     0.24335794E+002    -0.15254891E+004     0.39580281E+003
     0.89866539E+000     0.24453929E+002    -0.14989636E+004    -0.46778046E+003
     0.90300676E+000     0.24572064E+002    -0.10357333E+004    -0.11948168E+004
     0.90734814E+000     0.24690199E+002    -0.26501665E+003    -0.15815077E+004
     0.91168952E+000     0.24808334E+002     0.59337571E+003    -0.15163787E+004
     0.91603090E+000     0.24926468E+002     0.12953435E+004    -0.10206909E+004
     0.92037228E+000     0.25044603E+002     0.16390523E+004    -0.23545558E+003
     0.92471366E+000     0.25162738E+002     0.15302919E+004     0.61032037E+003
     0.92905504E+000     0.25280873E+002     0.10063143E+004     0.12756507E+004
     0.93339641E+000     0.25399008E+002     0.22588750E+003     0.15742256E+004
     0.93773779E+000     0.25517143E+002    -0.58221882E+003     0.14444808E+004
     0.94207917E+000     0.25635278E+002    -0.12654488E+004     0.97341478E+003
     0.94642055E+000     0.25753413E+002    -0.15940557E+004     0.87993341E+002
     0.95076193E+000     0.25871548E+002    -0.13708739E+004    -0.77007857E+003
     0.95510331E+000     0.25989683E+002    -0.76468337E+003    -0.13786770E+004
     0.95944469E+000     0.26107818E+002     0.59677203E+002    -0.15936303E+004
     0.96378607E+000     0.26225953E+002     0.87304387E+003    -0.13585137E+004
     0.96812744E+000     0.26344088E+002     0.14518506E+004    -0.74330005E+003
     0.97246882E+000     0.26462222E+002     0.16316122E+004     0.82484632E+002
     0.97681020E+000     0.26580357E+002     0.13628416E+004     0.88026958E+003
     0.98115158E+000     0.26698492E+002     0.72253798E+003     0.14270409E+004
     0.98549296E+000     0.26816627E+002    -0.10609902E+003     0.15647649E+004
     0.98983434E+000     0.26934762E+002    -0.88520352E+003     0.12572957E+004
     0.99417572E+000     0.27052897E+002    -0.13938320E+004     0.59502205E+003
     0.99851709E+000     0.27171032E+002    -0.14902210E+004    -0.23186949E+003
     0.10028585E+001     0.27289167E+002    -0.11465776E+004    -0.98855475E+003
     0.10071999E+001     0.27407302E+002    -0.46946128E+003    -0.14580217E+004
     0.10115412E+001     0.27525437E+002     0.35036803E+003    -0.15166121E+004
     0.10158826E+001     0.27643572E+002     0.10859720E+004    -0.11482024E+004
     0.10202240E+001     0.27761707E+002     0.15312754E+004    -0.45275899E+003
     0.10245654E+001     0.27879841E+002     0.15463057E+004     0.37458773E+003
     0.10289067E+001     0.27997976E+002     0.11388446E+004     0.10848041E+004
     0.10332481E+001     0.28116111E+002     0.42716629E+003     0.14866643E+004
     0.10375895E+001     0.28234246E+002    -0.38965853E+003     0.14643974E+004
     0.10419309E+001     0.28352381E+002    -0.10757057E+004     0.10289762E+004
     0.10462723E+001     0.28470516E+002    -0.14430415E+004     0.30189190E+003
     0.10506136E+001     0.28588651E+002    -0.13842063E+004    -0.50685406E+003
     0.10549550E+001     0.28706786E+002    -0.91932302E+003    -0.11697037E+004
     0.10592964E+001     0.28824921E+002    -0.18058147E+003    -0.15019660E+004
     0.10636378E+001     0.28943056E+002     0.62295148E+003    -0.14052073E+004
     0.10679792E+001     0.29061191E+002     0.12616738E+004    -0.91011143E+003
     0.10723205E+001     0.29179326E+002     0.15515522E+004    -0.15668467E+003
     0.10766619E+001     0.29297461E+002     0.14150797E+004     0.62856627E+003
     0.10810033E+001     0.29415595E+002     0.89994791E+003     0.12389774E+004
     0.10853447E+001     0.29533730E+002     0.14212715E+003     0.14996668E+004
     0.10896860E+001     0.29651865E+002    -0.64370286E+003     0.13292190E+004
     0.10940274E+001     0.29770000E+002    -0.12247922E+004     0.78527354E+003
     0.10983688E+001     0.29888135E+002    -0.14493110E+004     0.18277726E+002
     0.11027102E+001     0.30006270E+002    -0.12476459E+004    -0.75911421E+003
     0.11070516E+001     0.30124405E+002    -0.67411276E+003    -0.13190490E+004
     0.11113929E+001     0.30242540E+002     0.11100454E+003    -0.15111945E+004
     0.11157343E+001     0.30360675E+002     0.89344370E+003    -0.12651044E+004
     0.11200757E+001     0.30478810E+002     0.14374524E+004    -0.61184949E+003
     0.11244171E+001     0.30596945E+002     0.14701264E+004     0.17060442E+003
     0.11287585E+001     0.30715080E+002     0.12127202E+004     0.84777804E+003
     0.11330998E+001     0.30833215E+002     0.62261763E+003     0.13266057E+004
     0.11374412E+001     0.30951349E+002    -0.14151452E+003     0.14363886E+004
     0.11417826E+001     0.31069484E+002    -0.84991106E+003     0.11343869E+004
     0.11461240E+001     0.31187619E+002    -0.13082637E+004     0.50809019E+003
     0.11504653E+001     0.31305754E+002    -0.13716019E+004    -0.25749865E+003
     0.11548067E+001     0.31423889E+002    -0.10436867E+004    -0.94747568E+003
     0.11591481E+001     0.31542024E+002    -0.40608631E+003    -0.13768036E+004
     0.11634895E+001     0.31660159E+002     0.36429359E+003    -0.14171775E+004
     0.11678309E+001     0.31778294E+002     0.10438084E+004    -0.10539159E+004
     0.11721722E+001     0.31896429E+002     0.14412818E+004    -0.39574156E+003
     0.11765136E+001     0.32014564E+002     0.14429958E+004     0.37355873E+003
     0.11808550E+001     0.32132699E+002     0.10527067E+004     0.10354105E+004
     0.11851964E+001     0.32250834E+002     0.37459943E+003     0.14029181E+004
     0.11895378E+001     0.32368969E+002    -0.39436758E+003     0.13679544E+004
     0.11938791E+001     0.32487103E+002    -0.10355562E+004     0.94315368E+003
     0.11982205E+001     0.32605238E+002    -0.13657603E+004     0.24598181E+003
     0.12025619E+001     0.32723373E+002    -0.12908069E+004    -0.51244928E+003
     0.12069033E+001     0.32841508E+002    -0.83701034E+003    -0.11277580E+004
     0.12112446E+001     0.32959643E+002    -0.13476477E+003    -0.14181680E+004
     0.12155860E+001     0.33077778E+002     0.61219607E+003    -0.13127090E+004
     0.12199274E+001     0.33195913E+002     0.12024604E+004    -0.83992420E+003
     0.12242688E+001     0.33314048E+002     0.14654153E+004    -0.13030346E+003
     0.12286102E+001     0.33432183E+002     0.13274001E+004     0.61327271E+003
     0.12329515E+001     0.33550318E+002     0.82924264E+003     0.11793370E+004
     0.12372929E+001     0.33668453E+002     0.10904570E+003     0.14110932E+004
     0.12416343E+001     0.33786588E+002    -0.62493309E+003     0.12376763E+004
     0.12459757E+001     0.33904722E+002    -0.11663842E+004     0.71485920E+003
     0.12503171E+001     0.34022857E+002    -0.13620070E+004    -0.10138629E+002
     0.12546584E+001     0.34140992E+002    -0.11602622E+004    -0.73537864E+003
     0.12589998E+001     0.34259127E+002    -0.61195586E+003    -0.12513793E+004
     0.12633412E+001     0.34377262E+002     0.11968400E+003    -0.14109961E+004
     0.12676826E+001     0.34495397E+002     0.82782361E+003    -0.11761137E+004
     0.12720240E+001     0.34613532E+002     0.13186226E+004    -0.61208574E+003
     0.12763653E+001     0.34731667E+002     0.14478790E+004     0.12734238E+003
     0.12807067E+001     0.34849802E+002     0.11763148E+004     0.82335788E+003
     0.12850481E+001     0.34967937E+002     0.59278205E+003     0.12829634E+004
     0.12893895E+001     0.35086072E+002    -0.14778932E+003     0.13772588E+004
     0.12937308E+001     0.35204207E+002    -0.82860171E+003     0.10761675E+004
     0.12980722E+001     0.35322342E+002    -0.12585589E+004     0.47329503E+003
     0.13024136E+001     0.35440476E+002    -0.13189507E+004    -0.26697644E+003
     0.13067550E+001     0.35558611E+002    -0.98962069E+003    -0.92847118E+003
     0.13110964E+001     0.35676746E+002    -0.37152420E+003    -0.13304235E+004
     0.13154377E+001     0.35794881E+002     0.36452425E+003    -0.13570680E+004
     0.13197791E+001     0.35913016E+002     0.10125518E+004    -0.10048064E+004
     0.13241205E+001     0.36031151E+002     0.13883293E+004    -0.37034784E+003
     0.13284619E+001     0.36149286E+002     0.13805629E+004     0.36873935E+003
     0.13328033E+001     0.36267421E+002     0.10008554E+004     0.99875305E+003
     0.13371446E+001     0.36385556E+002     0.34329632E+003     0.13442946E+004
     0.13414860E+001     0.36503691E+002    -0.39096000E+003     0.12985069E+004
     0.13458274E+001     0.36621826E+002    -0.99822766E+003     0.88766633E+003
     0.13501688E+001     0.36739961E+002    -0.13066555E+004     0.21881677E+003
     0.13545101E+001     0.36858096E+002    -0.12198679E+004    -0.50307444E+003
     0.13588515E+001     0.36976230E+002    -0.79951733E+003    -0.10739936E+004
     0.13631929E+001     0.37094365E+002    -0.13575038E+003    -0.13677363E+004
     0.13675343E+001     0.37212500E+002     0.59279241E+003    -0.12711261E+004
     0.13718757E+001     0.37330635E+002     0.11638873E+004    -0.81207956E+003
     0.13762170E+001     0.37448770E+002     0.14192452E+004    -0.12344668E+003
     0.13805584E+001     0.37566905E+002     0.12793982E+004     0.60373031E+003
     0.13848998E+001     0.37685040E+002     0.78325495E+003     0.11360240E+004
     0.13892412E+001     0.37803175E+002     0.96929610E+002     0.13495141E+004
     0.13935826E+001     0.37921310E+002    -0.60425854E+003     0.11812115E+004
     0.13979239E+001     0.38039445E+002    -0.11239227E+004     0.67798967E+003
     0.14022653E+001     0.38157580E+002    -0.13074987E+004    -0.19587399E+002
     0.14066067E+001     0.38275715E+002    -0.11124641E+004    -0.71235127E+003
     0.14109481E+001     0.38393850E+002    -0.58868479E+003    -0.12086555E+004
     0.14152894E+001     0.38511984E+002     0.11905460E+003    -0.13665097E+004
     0.14196308E+001     0.38630119E+002     0.80412444E+003    -0.11352747E+004
     0.14239722E+001     0.38748254E+002     0.12722138E+004    -0.58801213E+003
     0.14283136E+001     0.38866389E+002     0.13906692E+004     0.12040176E+003
     0.14326550E+001     0.38984524E+002     0.11369370E+004     0.78917877E+003
     0.14369963E+001     0.39102659E+002     0.56889961E+003     0.12342599E+004
     0.14413377E+001     0.39220794E+002    -0.14016242E+003     0.13225926E+004
     0.14456791E+001     0.39338929E+002    -0.79878333E+003     0.10408004E+004
     0.14500205E+001     0.39457064E+002    -0.12191931E+004     0.45100878E+003
     0.14543619E+001     0.39575199E+002    -0.12710873E+004    -0.26477250E+003
     0.14587032E+001     0.39693334E+002    -0.95483939E+003    -0.90003668E+003
     0.14630446E+001     0.39811469E+002    -0.35968838E+003    -0.12874318E+004
     0.14673860E+001     0.39929603E+002     0.35257886E+003    -0.13191521E+004
     0.14717274E+001     0.40047738E+002     0.98612956E+003    -0.97470724E+003
     0.14760687E+001     0.40165873E+002     0.13373050E+004    -0.35583316E+003
     0.14804101E+001     0.40284008E+002     0.13320061E+004     0.35262267E+003
     0.14847515E+001     0.40402143E+002     0.96287783E+003     0.95640853E+003
     0.14890929E+001     0.40520278E+002     0.33753717E+003     0.12903993E+004
     0.14934343E+001     0.40638413E+002    -0.37164605E+003     0.12504515E+004
     0.14977756E+001     0.40756548E+002    -0.95502365E+003     0.85646227E+003
     0.15021170E+001     0.40874683E+002    -0.12617213E+004     0.22314350E+003
     0.15064584E+001     0.40992818E+002    -0.11966121E+004    -0.48432304E+003
     0.15107998E+001     0.41110953E+002    -0.77692781E+003    -0.10544064E+004
     0.15151412E+001     0.41229088E+002    -0.12715744E+003    -0.13272913E+004
     0.15194825E+001     0.41347223E+002     0.57243051E+003    -0.12320648E+004
     0.15238239E+001     0.41465357E+002     0.11190798E+004    -0.78966891E+003
     0.15281653E+001     0.41583492E+002     0.13713552E+004    -0.13020313E+003
     0.15325067E+001     0.41701627E+002     0.12387650E+004     0.56760247E+003
     0.15368481E+001     0.41819762E+002     0.77094152E+003     0.10909551E+004
     0.15411894E+001     0.41937897E+002     0.10592679E+003     0.13055368E+004
     0.15455308E+001     0.42056032E+002    -0.57989814E+003     0.11515767E+004
     0.15498722E+001     0.42174167E+002    -0.10898305E+004     0.66095189E+003
     0.15542136E+001     0.42292302E+002    -0.12688270E+004    -0.18751132E+002
     0.15585549E+001     0.42410437E+002    -0.10824457E+004    -0.68801193E+003
     0.15628963E+001     0.42528572E+002    -0.57430793E+003    -0.11717103E+004
     0.15672377E+001     0.42646707E+002     0.10594482E+003    -0.13261904E+004
     0.15715791E+001     0.42764842E+002     0.76565247E+003    -0.11108269E+004
     0.15759205E+001     0.42882977E+002     0.12284958E+004    -0.58856878E+003
     0.15802618E+001     0.43001111E+002     0.13568089E+004     0.98348581E+002
     0.15846032E+001     0.43119246E+002     0.11120784E+004     0.75731711E+003
     0.15889446E+001     0.43237381E+002     0.56619590E+003     0.11908375E+004
     0.15932860E+001     0.43355516E+002    -0.12560348E+003     0.12877747E+004
     0.15976274E+001     0.43473651E+002    -0.76740014E+003     0.10111450E+004
     0.16019687E+001     0.43591786E+002    -0.11773464E+004     0.45224598E+003
     0.16063101E+001     0.43709921E+002    -0.12474645E+004    -0.24389362E+003
     0.16106515E+001     0.43828056E+002    -0.94337410E+003    -0.87719053E+003
     0.16149929E+001     0.43946191E+002    -0.35869238E+003    -0.12613255E+004
     0.16193342E+001     0.44064326E+002     0.33837748E+003    -0.12867527E+004
     0.16236756E+001     0.44182461E+002     0.94359860E+003    -0.96067749E+003
     0.16280170E+001     0.44300596E+002     0.13057066E+004    -0.36512556E+003
     0.16323584E+001     0.44418731E+002     0.13034315E+004     0.33049651E+003
     0.16366998E+001     0.44536865E+002     0.94379759E+003     0.92406313E+003
     0.16410411E+001     0.44655000E+002     0.34076179E+003     0.12490055E+004
     0.16453825E+001     0.44773135E+002    -0.35269278E+003     0.12211250E+004
     0.16497239E+001     0.44891270E+002    -0.92783286E+003     0.83900934E+003
     0.16540653E+001     0.45009405E+002    -0.12248717E+004     0.21882437E+003
     0.16584067E+001     0.45127540E+002    -0.11617685E+004    -0.46183731E+003
     0.16627480E+001     0.45245675E+002    -0.76619079E+003    -0.10186262E+004
     0.16670894E+001     0.45363810E+002    -0.13945375E+003    -0.12933113E+004
     0.16714308E+001     0.45481945E+002     0.54239173E+003    -0.12067511E+004
     0.16757722E+001     0.45600080E+002     0.10806193E+004    -0.78390277E+003
     0.16801135E+001     0.45718215E+002     0.13281821E+004    -0.14839708E+003
     0.16844549E+001     0.45836350E+002     0.12145878E+004     0.53041109E+003
     0.16887963E+001     0.45954484E+002     0.76752028E+003     0.10492053E+004
     0.16931377E+001     0.46072619E+002     0.12107100E+003     0.12637319E+004
     0.16974791E+001     0.46190754E+002    -0.54087154E+003     0.11268954E+004
     0.17018204E+001     0.46308889E+002    -0.10510734E+004     0.66682649E+003
     0.17061618E+001     0.46427024E+002    -0.12443069E+004     0.39776004E+001
     0.17105032E+001     0.46545159E+002    -0.10730141E+004    -0.66149114E+003
     0.17148446E+001     0.46663294E+002    -0.58275437E+003    -0.11416384E+004
     0.17191860E+001     0.46781429E+002     0.80860712E+002    -0.13054807E+004
     0.17235273E+001     0.46899564E+002     0.74127856E+003    -0.11049292E+004
     0.17278687E+001     0.47017699E+002     0.11973363E+004    -0.59232129E+003
     0.17322101E+001     0.47135834E+002     0.13252540E+004     0.80753153E+002
     0.17365515E+001     0.47253969E+002     0.10942660E+004     0.71632723E+003
     0.17408928E+001     0.47372104E+002     0.57220761E+003     0.11531583E+004
     0.17452342E+001     0.47490238E+002    -0.10289392E+003     0.12600530E+004
     0.17495756E+001     0.47608373E+002    -0.73873779E+003     0.99789742E+003
     0.17539170E+001     0.47726508E+002    -0.11431035E+004     0.45306913E+003
     0.17582584E+001     0.47844643E+002    -0.12179841E+004    -0.21849985E+003
     0.17625997E+001     0.47962778E+002    -0.94176161E+003    -0.84033962E+003
     0.17669411E+001     0.48080913E+002    -0.37445375E+003    -0.12322784E+004
     0.17712825E+001     0.48199048E+002     0.30995327E+003    -0.12703102E+004
     0.17756239E+001     0.48317183E+002     0.90763058E+003    -0.95769500E+003
     0.17799653E+001     0.48435318E+002     0.12689831E+004    -0.38783480E+003
     0.17843066E+001     0.48553453E+002     0.12905003E+004     0.29637582E+003
     0.17886480E+001     0.48671588E+002     0.94628477E+003     0.89179136E+003
     0.17929894E+001     0.48789723E+002     0.34845504E+003     0.12225073E+004
     0.17973308E+001     0.48907858E+002    -0.32550653E+003     0.11970242E+004
     0.18016721E+001     0.49025992E+002    -0.89624411E+003     0.83863341E+003
     0.18060135E+001     0.49144127E+002    -0.12013143E+004     0.23203469E+003
     0.18103549E+001     0.49262262E+002    -0.11480811E+004    -0.44451874E+003
     0.18146963E+001     0.49380397E+002    -0.75929376E+003    -0.98493461E+003
     0.18190377E+001     0.49498532E+002    -0.16016523E+003    -0.12582137E+004
     0.18233790E+001     0.49616667E+002     0.50276890E+003    -0.11958324E+004
     0.18277204E+001     0.49734802E+002     0.10416714E+004    -0.79755708E+003
     0.18320618E+001     0.49852937E+002     0.13033063E+004    -0.17538524E+003
     0.18364032E+001     0.49971072E+002     0.12049804E+004     0.49294623E+003
     0.18407446E+001     0.50089207E+002     0.77763643E+003     0.10193351E+004
     0.18450859E+001     0.50207342E+002     0.13904631E+003     0.12446828E+004
     0.18494273E+001     0.50325477E+002    -0.52144189E+003     0.11098301E+004
     0.18537687E+001     0.50443612E+002    -0.10151060E+004     0.66407230E+003
     0.18581101E+001     0.50561746E+002    -0.12186915E+004     0.26725111E+002
     0.18624515E+001     0.50679881E+002    -0.10641020E+004    -0.62671376E+003
     0.18667928E+001     0.50798016E+002    -0.59950315E+003    -0.11086607E+004
     0.18711342E+001     0.50916151E+002     0.50259434E+002    -0.12949707E+004
     0.18754756E+001     0.51034286E+002     0.71409635E+003    -0.11069184E+004
     0.18798170E+001     0.51152421E+002     0.11689235E+004    -0.59975370E+003
     0.18841583E+001     0.51270556E+002     0.13024822E+004     0.55543725E+002
     0.18884997E+001     0.51388691E+002     0.10847008E+004     0.68137657E+003
     0.18928411E+001     0.51506826E+002     0.58375255E+003     0.11165449E+004
     0.18971825E+001     0.51624961E+002    -0.76430838E+002     0.12389925E+004
     0.19015239E+001     0.51743096E+002    -0.70980267E+003     0.99441996E+003
     0.19058652E+001     0.51861231E+002    -0.11209885E+004     0.45984837E+003
     0.19102066E+001     0.51979365E+002    -0.11935547E+004    -0.20376329E+003
     0.19145480E+001     0.52097500E+002    -0.92394997E+003    -0.80374365E+003
     0.19188894E+001     0.52215635E+002    -0.39496797E+003    -0.11863934E+004
     0.19232308E+001     0.52333770E+002     0.26035433E+003    -0.12549311E+004
     0.19275721E+001     0.52451905E+002     0.86600679E+003    -0.97008905E+003
     0.19319135E+001     0.52570040E+002     0.12392829E+004    -0.41754715E+003
     0.19362549E+001     0.52688175E+002     0.12764397E+004     0.25966900E+003
     0.19405963E+001     0.52806310E+002     0.95216517E+003     0.85097830E+003
     0.19449376E+001     0.52924445E+002     0.37554910E+003     0.11883249E+004
     0.19492790E+001     0.53042580E+002    -0.28881338E+003     0.11909124E+004
     0.19536204E+001     0.53160715E+002    -0.86476903E+003     0.84745992E+003
     0.19579618E+001     0.53278850E+002    -0.11792124E+004     0.25720191E+003
     0.19623032E+001     0.53396985E+002    -0.11478630E+004    -0.40543544E+003
     0.19666445E+001     0.53515119E+002    -0.78439683E+003    -0.96371882E+003
     0.19709859E+001     0.53633254E+002    -0.18038022E+003    -0.12509961E+004
     0.19753273E+001     0.53751389E+002     0.47154478E+003    -0.11934440E+004
     0.19796687E+001     0.53869524E+002     0.10186590E+004    -0.81521832E+003
     0.19840101E+001     0.53987659E+002     0.12883659E+004    -0.18861514E+003
     0.19883514E+001     0.54105794E+002     0.11905590E+004     0.46566539E+003
     0.19926928E+001     0.54223929E+002     0.78118701E+003     0.98556500E+003
     0.19970342E+001     0.54342064E+002     0.15770333E+003     0.12187134E+004
     0.20013756E+001     0.54460199E+002    -0.49239393E+003     0.10964876E+004
     0.20057169E+001     0.54578334E+002    -0.98388772E+003     0.66807903E+003
     0.20100583E+001     0.54696469E+002    -0.11928170E+004     0.47969671E+002
     0.20143997E+001     0.54814604E+002    -0.10597250E+004    -0.59503044E+003
     0.20187411E+001     0.54932739E+002    -0.60627669E+003    -0.10802170E+004
     0.20230825E+001     0.55050873E+002     0.23345291E+002    -0.12608237E+004
     0.20274238E+001     0.55169008E+002     0.66140181E+003    -0.10983219E+004
     0.20317652E+001     0.55287143E+002     0.11251298E+004    -0.62910916E+003
     0.20361066E+001     0.55405278E+002     0.12847977E+004     0.10602097E+002
     0.20404480E+001     0.55523413E+002     0.10843231E+004     0.64042525E+003
     0.20447894E+001     0.55641548E+002     0.60490854E+003     0.10791910E+004
     0.20491307E+001     0.55759683E+002    -0.36785118E+002     0.12139672E+004
     0.20534721E+001     0.55877818E+002    -0.66182790E+003     0.10022357E+004
     0.20578135E+001     0.55995953E+002    -0.10906960E+004     0.49839133E+003
     0.20621549E+001     0.56114088E+002    -0.11999925E+004    -0.16388173E+003
     0.20664962E+001     0.56232223E+002    -0.95114305E+003    -0.78140882E+003
     0.20708376E+001     0.56350358E+002    -0.41529713E+003    -0.11813897E+004
     0.20751790E+001     0.56468493E+002     0.23686743E+003    -0.12481114E+004
     0.20795204E+001     0.56586627E+002     0.83709070E+003    -0.97717899E+003
     0.20838618E+001     0.56704762E+002     0.12143637E+004    -0.43377695E+003
     0.20882031E+001     0.56822897E+002     0.12559183E+004     0.22381639E+003
     0.20925445E+001     0.56941032E+002     0.96152312E+003     0.81023327E+003
     0.20968859E+001     0.57059167E+002     0.40104436E+003     0.11658996E+004
     0.21012273E+001     0.57177302E+002    -0.26174629E+003     0.11778726E+004
     0.21055687E+001     0.57295437E+002    -0.83586362E+003     0.85305831E+003
     0.21099100E+001     0.57413572E+002    -0.11534595E+004     0.27072581E+003
     0.21142514E+001     0.57531707E+002    -0.11327063E+004    -0.36949404E+003
     0.21185928E+001     0.57649842E+002    -0.79993004E+003    -0.92852234E+003
     0.21229342E+001     0.57767977E+002    -0.21112360E+003    -0.12283496E+004
     0.21272755E+001     0.57886112E+002     0.43938199E+003    -0.11843625E+004
     0.21316169E+001     0.58004246E+002     0.97321786E+003    -0.82332489E+003
     0.21359583E+001     0.58122381E+002     0.12529180E+004    -0.23368410E+003
     0.21402997E+001     0.58240516E+002     0.11915580E+004     0.41592170E+003
     0.21446411E+001     0.58358651E+002     0.79973987E+003     0.94760138E+003
     0.21489824E+001     0.58476786E+002     0.19708455E+003     0.11962261E+004
     0.21533238E+001     0.58594921E+002    -0.45510156E+003     0.11056791E+004
     0.21576652E+001     0.58713056E+002    -0.95912534E+003     0.68638663E+003
     0.21620066E+001     0.58831191E+002    -0.11831377E+004     0.73308766E+002
     0.21663480E+001     0.58949326E+002    -0.10561749E+004    -0.56353799E+003
     0.21706893E+001     0.59067461E+002    -0.62748238E+003    -0.10479309E+004
     0.21750307E+001     0.59185596E+002    -0.13525985E+002    -0.12452795E+004
     0.21793721E+001     0.59303731E+002     0.61742253E+003    -0.11043932E+004
     0.21837135E+001     0.59421866E+002     0.10908645E+004    -0.66384396E+003
     0.21880549E+001     0.59540000E+002     0.12797617E+004    -0.25069629E+002
     0.21923962E+001     0.59658135E+002     0.10895494E+004     0.61108328E+003
     0.21967376E+001     0.59776270E+002     0.61583512E+003     0.10489838E+004
     0.22010790E+001     0.59894405E+002    -0.90870162E+001     0.11898591E+004
     0.22054204E+001     0.60012540E+002    -0.62005601E+003     0.99769847E+003
     0.22097617E+001     0.60130675E+002    -0.10597936E+004     0.52242110E+003
     0.22141031E+001     0.60248810E+002    -0.11865345E+004    -0.13126309E+003
     0.22184445E+001     0.60366945E+002    -0.95392893E+003    -0.73939823E+003
     0.22227859E+001     0.60485080E+002    -0.44937347E+003    -0.11496079E+004
     0.22271273E+001     0.60603215E+002     0.20092081E+003    -0.12373175E+004
     0.22314686E+001     0.60721350E+002     0.78857683E+003    -0.98296826E+003
     0.22358100E+001     0.60839485E+002     0.11737273E+004    -0.47038776E+003
     0.22401514E+001     0.60957620E+002     0.12430767E+004     0.16999941E+003
     0.22444928E+001     0.61075754E+002     0.97569345E+003     0.76318327E+003
     0.22488342E+001     0.61193889E+002     0.43871857E+003     0.11282522E+004
     0.22531755E+001     0.61312024E+002    -0.20926421E+003     0.11712956E+004
     0.22575169E+001     0.61430159E+002    -0.78931419E+003     0.87639397E+003
     0.22618583E+001     0.61548294E+002    -0.11362251E+004     0.32360536E+003
     0.22661997E+001     0.61666429E+002    -0.11501889E+004    -0.33312131E+003
     0.22705410E+001     0.61784564E+002    -0.82035041E+003    -0.89723853E+003
     0.22748824E+001     0.61902699E+002    -0.25228577E+003    -0.12153249E+004
     0.22792238E+001     0.62020834E+002     0.39844463E+003    -0.11947462E+004
     0.22835652E+001     0.62138969E+002     0.93937452E+003    -0.84189839E+003
     0.22879066E+001     0.62257104E+002     0.12333959E+004    -0.27494975E+003
     0.22922479E+001     0.62375239E+002     0.11870186E+004     0.37293074E+003
     0.22965893E+001     0.62493374E+002     0.82495367E+003     0.90311110E+003
     0.23009307E+001     0.62611508E+002     0.24006138E+003     0.11740772E+004
     0.23052721E+001     0.62729643E+002    -0.40278258E+003     0.11128885E+004
     0.23096135E+001     0.62847778E+002    -0.93399382E+003     0.72776345E+003
     0.23139548E+001     0.62965913E+002    -0.11781952E+004     0.11241590E+003
     0.23182962E+001     0.63084048E+002    -0.10779959E+004    -0.52725564E+003
     0.23226376E+001     0.63202183E+002    -0.65971489E+003    -0.10303339E+004
     0.23269790E+001     0.63320318E+002    -0.53296255E+002    -0.12419361E+004
     0.23313203E+001     0.63438453E+002     0.58625639E+003    -0.11240026E+004
     0.23356617E+001     0.63556588E+002     0.10694303E+004    -0.68493109E+003
     0.23400031E+001     0.63674723E+002     0.12592037E+004    -0.61766766E+002
     0.23443445E+001     0.63792858E+002     0.10996052E+004     0.56330654E+003
     0.23486859E+001     0.63910993E+002     0.65239031E+003     0.10211246E+004
     0.23530272E+001     0.64029127E+002     0.27649379E+002     0.11897199E+004
     0.23573686E+001     0.64147262E+002    -0.59520937E+003     0.10139111E+004
     0.23617100E+001     0.64265397E+002    -0.10382114E+004     0.53884296E+003
     0.23660514E+001     0.64383532E+002    -0.11785888E+004    -0.92574930E+002
     0.23703928E+001     0.64501667E+002    -0.96796446E+003    -0.70937878E+003
     0.23747341E+001     0.64619802E+002    -0.48069387E+003    -0.11211413E+004
     0.23790755E+001     0.64737937E+002     0.14877577E+003    -0.12377325E+004
     0.23834169E+001     0.64856072E+002     0.75605378E+003    -0.10086993E+004
     0.23877583E+001     0.64974207E+002     0.11542864E+004    -0.50744494E+003
     0.23920996E+001     0.65092342E+002     0.12459734E+004     0.13332223E+003
     0.23964410E+001     0.65210477E+002     0.98966044E+003     0.73014795E+003
     0.24007824E+001     0.65328612E+002     0.46914325E+003     0.11109560E+004
     0.24051238E+001     0.65446747E+002    -0.17892335E+003     0.11703037E+004
     0.24094652E+001     0.65564881E+002    -0.76064166E+003     0.88856207E+003
     0.24138065E+001     0.65683016E+002    -0.11157126E+004     0.35211965E+003
     0.24181479E+001     0.65801151E+002    -0.11532092E+004    -0.29636526E+003
     0.24224893E+001     0.65919286E+002    -0.84722073E+003    -0.87096475E+003
     0.24268307E+001     0.66037421E+002    -0.28373106E+003    -0.12034661E+004
     0.24311721E+001     0.66155556E+002     0.36304807E+003    -0.11987700E+004
     0.24355134E+001     0.66273691E+002     0.90839065E+003    -0.86266140E+003
     0.24398548E+001     0.66391826E+002     0.12093795E+004    -0.30820797E+003
     0.24441962E+001     0.66509961E+002     0.11938721E+004     0.33093007E+003
     0.24485376E+001     0.66628096E+002     0.84535667E+003     0.87211731E+003
     0.24528790E+001     0.66746231E+002     0.27338974E+003     0.11598185E+004
     0.24572203E+001     0.66864366E+002    -0.37076489E+003     0.11187072E+004
     0.24615617E+001     0.66982501E+002    -0.90976076E+003     0.74793328E+003
     0.24659031E+001     0.67100635E+002    -0.11751598E+004     0.14237452E+003
     0.24702445E+001     0.67218770E+002    -0.10880286E+004    -0.50753284E+003
     0.24745858E+001     0.67336905E+002    -0.67256848E+003    -0.10152918E+004
     0.24789272E+001     0.67455040E+002    -0.70060800E+002    -0.12262112E+004
     0.24832686E+001     0.67573175E+002     0.54674489E+003    -0.11129312E+004
     0.24876100E+001     0.67691310E+002     0.10315257E+004    -0.70412063E+003
     0.24919514E+001     0.67809445E+002     0.12363700E+004    -0.97500929E+002
     0.24962927E+001     0.67927580E+002     0.11022291E+004     0.52168017E+003
     0.25006341E+001     0.68045715E+002     0.66605406E+003     0.98951738E+003
     0.25049755E+001     0.68163850E+002     0.58807860E+002     0.11638606E+004
     0.25093169E+001     0.68281985E+002    -0.55273717E+003     0.10076838E+004
     0.25136583E+001     0.68400120E+002    -0.99926646E+003     0.56462263E+003
     0.25179996E+001     0.68518254E+002    -0.11578097E+004    -0.50915536E+002
     0.25223410E+001     0.68636389E+002    -0.98248056E+003    -0.66185238E+003
     0.25266824E+001     0.68754524E+002    -0.51508037E+003    -0.10941878E+004
     0.25310238E+001     0.68872659E+002     0.10620023E+003    -0.12258493E+004
     0.25353651E+001     0.68990794E+002     0.71232822E+003    -0.10240394E+004
     0.25397065E+001     0.69108929E+002     0.11231620E+004    -0.54027750E+003
     0.25440479E+001     0.69227064E+002     0.12341116E+004     0.95736867E+002
     0.25483893E+001     0.69345199E+002     0.99301074E+003     0.68599524E+003
     0.25527307E+001     0.69463334E+002     0.49124572E+003     0.10674568E+004
     0.25570720E+001     0.69581469E+002    -0.12523310E+003     0.11505217E+004
     0.25614134E+001     0.69699604E+002    -0.71410725E+003     0.90365687E+003
     0.25657548E+001     0.69817739E+002    -0.10869914E+004     0.38595841E+003
     0.25700962E+001     0.69935874E+002    -0.11386409E+004    -0.25143664E+003
     0.25744376E+001     0.70054008E+002    -0.86170655E+003    -0.81543841E+003
     0.25787789E+001     0.70172143E+002    -0.33877817E+003    -0.11642752E+004
     0.25831203E+001     0.70290278E+002     0.29262866E+003    -0.12002888E+004
     0.25874617E+001     0.70408413E+002     0.85868581E+003    -0.91185763E+003
     0.25918031E+001     0.70526548E+002     0.11983117E+004    -0.35919891E+003
     0.25961444E+001     0.70644683E+002     0.12005208E+004     0.28419278E+003
     0.26004858E+001     0.70762818E+002     0.87056442E+003     0.83584836E+003
     0.26048272E+001     0.70880953E+002     0.31274074E+003     0.11371266E+004
     0.26091686E+001     0.70999088E+002    -0.32785068E+003     0.11195409E+004
     0.26135100E+001     0.71117223E+002    -0.86797496E+003     0.77196236E+003
     0.26178513E+001     0.71235358E+002    -0.11561519E+004     0.18473411E+003
     0.26221927E+001     0.71353493E+002    -0.10880929E+004    -0.45375516E+003
     0.26265341E+001     0.71471628E+002    -0.71801478E+003    -0.96156592E+003
     0.26308755E+001     0.71589762E+002    -0.13298442E+003    -0.12255963E+004
     0.26352169E+001     0.71707897E+002     0.49851725E+003    -0.11342272E+004
     0.26395582E+001     0.71826032E+002     0.10010308E+004    -0.74802833E+003
     0.26438996E+001     0.71944167E+002     0.12267154E+004    -0.14381239E+003
     0.26482410E+001     0.72062302E+002     0.11118036E+004     0.47521615E+003
     0.26525824E+001     0.72180437E+002     0.70725876E+003     0.95308116E+003
     0.26569237E+001     0.72298572E+002     0.10377193E+003     0.11593042E+004
     0.26612651E+001     0.72416707E+002    -0.51153182E+003     0.10268407E+004
     0.26656065E+001     0.72534842E+002    -0.97695549E+003     0.59394348E+003
     0.26699479E+001     0.72652977E+002    -0.11536681E+004    -0.42186314E+001
     0.26742893E+001     0.72771112E+002    -0.10094809E+004    -0.62302980E+003
     0.26786306E+001     0.72889247E+002    -0.55319892E+003    -0.10739419E+004
     0.26829720E+001     0.73007382E+002     0.64429546E+002    -0.12260378E+004
     0.26873134E+001     0.73125516E+002     0.66754468E+003    -0.10406572E+004
     0.26916548E+001     0.73243651E+002     0.10922598E+004    -0.58256253E+003
     0.26959962E+001     0.73361786E+002     0.12327711E+004     0.39296188E+002
     0.27003375E+001     0.73479921E+002     0.10229099E+004     0.64715977E+003
     0.27046789E+001     0.73598056E+002     0.53630039E+003     0.10590343E+004
     0.27090203E+001     0.73716191E+002    -0.10074014E+003     0.11597733E+004
     0.27133617E+001     0.73834326E+002    -0.69619107E+003     0.91349775E+003
     0.27177030E+001     0.73952461E+002    -0.10661140E+004     0.40471008E+003
     0.27220444E+001     0.74070596E+002    -0.11300897E+004    -0.21455737E+003
     0.27263858E+001     0.74188731E+002    -0.87268939E+003    -0.77910075E+003
     0.27307272E+001     0.74306866E+002    -0.37819861E+003    -0.11355980E+004
     0.27350686E+001     0.74425001E+002     0.24923838E+003    -0.12021471E+004
     0.27394099E+001     0.74543135E+002     0.82371781E+003    -0.92370406E+003
     0.27437513E+001     0.74661270E+002     0.11585307E+004    -0.39361009E+003
     0.27480927E+001     0.74779405E+002     0.11943473E+004     0.23063175E+003
     0.27524341E+001     0.74897540E+002     0.89220564E+003     0.78959058E+003
     0.27567755E+001     0.75015675E+002     0.34748031E+003     0.11096512E+004
     0.27611168E+001     0.75133810E+002    -0.27820603E+003     0.11143570E+004
     0.27654582E+001     0.75251945E+002    -0.82502954E+003     0.78929580E+003
     0.27697996E+001     0.75370080E+002    -0.11241630E+004     0.23317904E+003
     0.27741410E+001     0.75488215E+002    -0.10977524E+004    -0.39729182E+003
     0.27784824E+001     0.75606350E+002    -0.75120402E+003    -0.92768685E+003
     0.27828237E+001     0.75724485E+002    -0.18088913E+003    -0.12023132E+004
     0.27871651E+001     0.75842620E+002     0.44409555E+003    -0.11393093E+004
     0.27915065E+001     0.75960755E+002     0.94624870E+003    -0.77812961E+003
     0.27958479E+001     0.76078889E+002     0.12044889E+004    -0.20984381E+003
     0.28001892E+001     0.76197024E+002     0.11270582E+004     0.41250203E+003
     0.28045306E+001     0.76315159E+002     0.74804013E+003     0.91449950E+003
     0.28088720E+001     0.76433294E+002     0.16123034E+003     0.11420390E+004
     0.28132134E+001     0.76551429E+002    -0.45788972E+003     0.10428685E+004
     0.28175548E+001     0.76669564E+002    -0.94445807E+003     0.64977715E+003
     0.28218961E+001     0.76787699E+002    -0.11622037E+004     0.48612023E+002
     0.28262375E+001     0.76905834E+002    -0.10342798E+004    -0.58498051E+003
     0.28305789E+001     0.77023969E+002    -0.59645208E+003    -0.10567420E+004
     0.28349203E+001     0.77142104E+002     0.27949879E+002    -0.12252068E+004
     0.28392617E+001     0.77260239E+002     0.61938237E+003    -0.10462717E+004
     0.28436030E+001     0.77378374E+002     0.10499743E+004    -0.62089340E+003
     0.28479444E+001     0.77496509E+002     0.12168223E+004    -0.22457297E+002
     0.28522858E+001     0.77614643E+002     0.10486878E+004     0.59086053E+003
     0.28566272E+001     0.77732778E+002     0.57426445E+003     0.10219022E+004
     0.28609685E+001     0.77850913E+002    -0.37072590E+002     0.11466238E+004
     0.28653099E+001     0.77969048E+002    -0.63166011E+003     0.95116905E+003
     0.28696513E+001     0.78087183E+002    -0.10495833E+004     0.47116006E+003
     0.28739927E+001     0.78205318E+002    -0.11529019E+004    -0.15894516E+003
     0.28783341E+001     0.78323453E+002    -0.91839717E+003    -0.74568354E+003
     0.28826754E+001     0.78441588E+002    -0.42755633E+003    -0.11311494E+004
     0.28870168E+001     0.78559723E+002     0.20410913E+003    -0.12154191E+004
     0.28913582E+001     0.78677858E+002     0.78216813E+003    -0.95795595E+003
     0.28956996E+001     0.78795993E+002     0.11508682E+004    -0.44290245E+003
     0.29000410E+001     0.78914128E+002     0.11988193E+004     0.18474955E+003
     0.29043823E+001     0.79032263E+002     0.92418789E+003     0.75349054E+003
     0.29087237E+001     0.79150397E+002     0.39378052E+003     0.11008990E+004
     0.29130651E+001     0.79268532E+002    -0.24604318E+003     0.11229388E+004
     0.29174065E+001     0.79386667E+002    -0.79385188E+003     0.81181843E+003
     0.29217478E+001     0.79504802E+002    -0.11089258E+004     0.27140120E+003
     0.29260892E+001     0.79622937E+002    -0.11042190E+004    -0.34707125E+003
     0.29304306E+001     0.79741072E+002    -0.79039761E+003    -0.89021808E+003
     0.29347720E+001     0.79859207E+002    -0.23585662E+003    -0.11907466E+004
     0.29391134E+001     0.79977342E+002     0.39228924E+003    -0.11634674E+004
     0.29434547E+001     0.80095477E+002     0.92200422E+003    -0.81827501E+003
     0.29477961E+001     0.80213612E+002     0.11909567E+004    -0.25182957E+003
     0.29521375E+001     0.80331747E+002     0.11402074E+004     0.36484507E+003
     0.29564789E+001     0.80449882E+002     0.77939683E+003     0.88273225E+003
     0.29608203E+001     0.80568016E+002     0.20608019E+003     0.11299588E+004
     0.29651616E+001     0.80686151E+002    -0.41291685E+003     0.10637763E+004
     0.29695030E+001     0.80804286E+002    -0.92130051E+003     0.68273355E+003
     0.29738444E+001     0.80922421E+002    -0.11520620E+004     0.88802933E+002
     0.29781858E+001     0.81040556E+002    -0.10495576E+004    -0.53180442E+003
     0.29825271E+001     0.81158691E+002    -0.64691205E+003    -0.10188683E+004
     0.29868685E+001     0.81276826E+002    -0.47052795E+002    -0.12305505E+004
     0.29912099E+001     0.81394961E+002     0.58346537E+003    -0.11053795E+004
     0.29955513E+001     0.81513096E+002     0.10566634E+004    -0.65287335E+003
     0.29998927E+001     0.81631231E+002     0.12124793E+004    -0.46320505E+002
     0.30042340E+001     0.81749366E+002     0.10490795E+004     0.54965042E+003
     0.30085754E+001     0.81867501E+002     0.61469193E+003     0.98849702E+003
     0.30129168E+001     0.81985636E+002     0.97198406E+001     0.11477912E+004
     0.30172582E+001     0.82103770E+002    -0.59938354E+003     0.97588351E+003
     0.30215996E+001     0.82221905E+002    -0.10292374E+004     0.49758747E+003
     0.30259409E+001     0.82340040E+002    -0.11464990E+004    -0.10605551E+003
     0.30302823E+001     0.82458175E+002    -0.95626159E+003    -0.70728804E+003
     0.30346237E+001     0.82576310E+002    -0.46858196E+003    -0.11191317E+004
     0.30389651E+001     0.82694445E+002     0.15608785E+003    -0.12228534E+004
     0.30433065E+001     0.82812580E+002     0.75135508E+003    -0.98944756E+003
     0.30476478E+001     0.82930715E+002     0.11333382E+004    -0.47414119E+003
     0.30519892E+001     0.83048850E+002     0.11923013E+004     0.14199626E+003
     0.30563306E+001     0.83166985E+002     0.94466914E+003     0.70915970E+003
     0.30606720E+001     0.83285120E+002     0.43269606E+003     0.10754670E+004
     0.30650133E+001     0.83403255E+002    -0.19301865E+003     0.11207264E+004
     0.30693547E+001     0.83521390E+002    -0.74768160E+003     0.84918742E+003
     0.30736961E+001     0.83639524E+002    -0.11066429E+004     0.33122192E+003
     0.30780375E+001     0.83757659E+002    -0.11338445E+004    -0.32013070E+003
     0.30823789E+001     0.83875794E+002    -0.81313390E+003    -0.87153575E+003
     0.30867202E+001     0.83993929E+002    -0.26872655E+003    -0.11688796E+004
     0.30910616E+001     0.84112064E+002     0.34292637E+003    -0.11710796E+004
     0.30954030E+001     0.84230199E+002     0.87901915E+003    -0.85178409E+003
     0.30997444E+001     0.84348334E+002     0.11817832E+004    -0.31245349E+003
     0.31040858E+001     0.84466469E+002     0.11641902E+004     0.33351203E+003
     0.31084271E+001     0.84584604E+002     0.80196433E+003     0.85785673E+003
     0.31127685E+001     0.84702739E+002     0.24019586E+003     0.11213853E+004
     0.31171099E+001     0.84820874E+002    -0.38181296E+003     0.10635204E+004
     0.31214513E+001     0.84939009E+002    -0.88096557E+003     0.70651449E+003
     0.31257926E+001     0.85057144E+002    -0.11445116E+004     0.14055153E+003
     0.31301340E+001     0.85175278E+002    -0.10807918E+004    -0.49559838E+003
     0.31344754E+001     0.85293413E+002    -0.67231606E+003    -0.10109111E+004
     0.31388168E+001     0.85411548E+002    -0.72173295E+002    -0.12213631E+004
     0.31431582E+001     0.85529683E+002     0.54718491E+003    -0.10958208E+004
     0.31474995E+001     0.85647818E+002     0.10065730E+004    -0.68111985E+003
     0.31518409E+001     0.85765953E+002     0.11888992E+004    -0.94753384E+002
     0.31561823E+001     0.85884088E+002     0.10595506E+004     0.50000246E+003
     0.31605237E+001     0.86002223E+002     0.64840250E+003     0.94789048E+003
     0.31648651E+001     0.86120358E+002     0.53734454E+002     0.11340569E+004
     0.31692064E+001     0.86238493E+002    -0.54572777E+003     0.98358547E+003
     0.31735478E+001     0.86356628E+002    -0.99454702E+003     0.55000817E+003
     0.31778892E+001     0.86474763E+002    -0.11585496E+004    -0.61668299E+002
     0.31822306E+001     0.86592897E+002    -0.97332278E+003    -0.67128061E+003
     0.31865719E+001     0.86711032E+002    -0.50723838E+003    -0.10918393E+004
     0.31909133E+001     0.86829167E+002     0.10669935E+003    -0.12161088E+004
     0.31952547E+001     0.86947302E+002     0.69967268E+003    -0.10091253E+004
     0.31995961E+001     0.87065437E+002     0.10990488E+004    -0.52790994E+003
     0.32039375E+001     0.87183572E+002     0.12027153E+004     0.89595502E+002
     0.32082788E+001     0.87301707E+002     0.96922299E+003     0.68105101E+003
     0.32126202E+001     0.87419842E+002     0.45288447E+003     0.10545616E+004
     0.32169616E+001     0.87537977E+002    -0.15124332E+003     0.11046263E+004
     0.32213030E+001     0.87656112E+002    -0.70616905E+003     0.86586542E+003
     0.32256444E+001     0.87774247E+002    -0.10754238E+004     0.36523660E+003
     0.32299857E+001     0.87892382E+002    -0.11234512E+004    -0.25939850E+003
     0.32343271E+001     0.88010517E+002    -0.84906039E+003    -0.81881504E+003
     0.32386685E+001     0.88128651E+002    -0.32252613E+003    -0.11555802E+004
     0.32430099E+001     0.88246786E+002     0.29248123E+003    -0.11758843E+004
     0.32473512E+001     0.88364921E+002     0.83839378E+003    -0.88390358E+003
     0.32516926E+001     0.88483056E+002     0.11545720E+004    -0.34624048E+003
     0.32560340E+001     0.88601191E+002     0.11560545E+004     0.26735175E+003
     0.32603754E+001     0.88719326E+002     0.84084750E+003     0.80637822E+003
     0.32647168E+001     0.88837461E+002     0.29536058E+003     0.11032304E+004
     0.32690581E+001     0.88955596E+002    -0.33541814E+003     0.10845179E+004
     0.32733995E+001     0.89073731E+002    -0.85927863E+003     0.73559523E+003
     0.32777409E+001     0.89191866E+002    -0.11326297E+004     0.17178600E+003
     0.32820823E+001     0.89310001E+002    -0.10708238E+004    -0.45421988E+003
     0.32864237E+001     0.89428136E+002    -0.70007512E+003    -0.95278859E+003
     0.32907650E+001     0.89546271E+002    -0.13512930E+003    -0.11900498E+004
     0.32951064E+001     0.89664405E+002     0.47244258E+003    -0.11142651E+004
     0.32994478E+001     0.89782540E+002     0.95849948E+003    -0.73910988E+003
     0.33037892E+001     0.89900675E+002     0.11911465E+004    -0.15945273E+003
     0.33081305E+001     0.90018810E+002     0.10786709E+004     0.45599721E+003
     0.33124719E+001     0.90136945E+002     0.68731236E+003     0.91600147E+003
     0.33168133E+001     0.90255080E+002     0.10138073E+003     0.11231539E+004
     0.33211547E+001     0.90373215E+002    -0.49936334E+003     0.99939800E+003
     0.33254961E+001     0.90491350E+002    -0.96253808E+003     0.59259713E+003
     0.33298374E+001     0.90609485E+002    -0.11530978E+004    -0.12985145E+002
     0.33341788E+001     0.90727620E+002    -0.99257042E+003    -0.62085141E+003
     0.33385202E+001     0.90845755E+002    -0.55302124E+003    -0.10582205E+004
     0.33428616E+001     0.90963890E+002     0.49167922E+002    -0.12122878E+004
     0.33472030E+001     0.91082025E+002     0.64817071E+003    -0.10339904E+004
     0.33515443E+001     0.91200159E+002     0.10621247E+004    -0.56688087E+003
     0.33558857E+001     0.91318294E+002     0.11899793E+004     0.19899751E+002
     0.33602271E+001     0.91436429E+002     0.99654071E+003     0.62616329E+003
     0.33645685E+001     0.91554564E+002     0.51375548E+003     0.10154738E+004
     0.33689099E+001     0.91672699E+002    -0.88973683E+002     0.11219155E+004
     0.33732512E+001     0.91790834E+002    -0.67089223E+003     0.90297599E+003
     0.33775926E+001     0.91908969E+002    -0.10633707E+004     0.41377181E+003
     0.33819340E+001     0.92027104E+002    -0.11370772E+004    -0.21805968E+003
     0.33862754E+001     0.92145239E+002    -0.87393444E+003    -0.77953551E+003
     0.33906167E+001     0.92263374E+002    -0.37250369E+003    -0.11340458E+004
     0.33949581E+001     0.92381509E+002     0.24008527E+003    -0.11819022E+004
     0.33992995E+001     0.92499644E+002     0.78789538E+003    -0.91149582E+003
     0.34036409E+001     0.92617778E+002     0.11311636E+004    -0.40811234E+003
     0.34079823E+001     0.92735913E+002     0.11676059E+004     0.21519942E+003
     0.34123236E+001     0.92854048E+002     0.87663509E+003     0.77022612E+003
     0.34166650E+001     0.92972183E+002     0.33244536E+003     0.10917725E+004
     0.34210064E+001     0.93090318E+002    -0.28520403E+003     0.10814274E+004
     0.34253478E+001     0.93208453E+002    -0.81941590E+003     0.77494568E+003
     0.34296892E+001     0.93326588E+002    -0.11202723E+004     0.21336365E+003
     0.34340305E+001     0.93444723E+002    -0.10735983E+004    -0.40901749E+003
     0.34383719E+001     0.93562858E+002    -0.73776094E+003    -0.90270378E+003
     0.34427133E+001     0.93680993E+002    -0.19757468E+003    -0.11717761E+004
     0.34470547E+001     0.93799128E+002     0.41398165E+003    -0.11352203E+004
     0.34513960E+001     0.93917263E+002     0.92280320E+003    -0.77517793E+003
     0.34557374E+001     0.94035398E+002     0.11651027E+004    -0.21510254E+003
     0.34600788E+001     0.94153532E+002     0.11041029E+004     0.38723146E+003
     0.34644202E+001     0.94271667E+002     0.73288750E+003     0.89118563E+003
     0.34687616E+001     0.94389802E+002     0.14997808E+003     0.11161715E+004
     0.34731029E+001     0.94507937E+002    -0.46047257E+003     0.10191238E+004
     0.34774443E+001     0.94626072E+002    -0.93537426E+003     0.61744945E+003
     0.34817857E+001     0.94744207E+002    -0.11300390E+004     0.31348357E+002
     0.34861271E+001     0.94862342E+002    -0.10041264E+004    -0.55313959E+003
     0.34904685E+001     0.94980477E+002    -0.61131763E+003    -0.10086930E+004
     0.34948098E+001     0.95098612E+002    -0.25278027E+002    -0.12138434E+004
     0.34991512E+001     0.95216747E+002     0.59323258E+003    -0.10731357E+004
     0.35034926E+001     0.95334882E+002     0.10380681E+004    -0.62203449E+003
     0.35078340E+001     0.95453017E+002     0.11883400E+004    -0.26398807E+002
     0.35121753E+001     0.95571152E+002     0.10116463E+004     0.55963528E+003
     0.35165167E+001     0.95689286E+002     0.57640766E+003     0.98835653E+003
     0.35208581E+001     0.95807421E+002    -0.35079006E+002     0.11326511E+004
     0.35251995E+001     0.95925556E+002    -0.62703059E+003     0.92698434E+003
     0.35295409E+001     0.96043691E+002    -0.10309376E+004     0.47001533E+003
     0.35338822E+001     0.96161826E+002    -0.11560193E+004    -0.15445305E+003
     0.35382236E+001     0.96279961E+002    -0.92136076E+003    -0.74036247E+003
     0.35425650E+001     0.96398096E+002    -0.43202136E+003    -0.11211080E+004
     0.35469064E+001     0.96516231E+002     0.18505991E+003    -0.12066040E+004
     0.35512478E+001     0.96634366E+002     0.76333765E+003    -0.95547873E+003
     0.35555891E+001     0.96752501E+002     0.11221670E+004    -0.44010237E+003
     0.35599305E+001     0.96870636E+002     0.11704370E+004     0.17665285E+003
     0.35642719E+001     0.96988771E+002     0.89447778E+003     0.73166775E+003
     0.35686133E+001     0.97106906E+002     0.36910558E+003     0.10620322E+004
     0.35729546E+001     0.97225040E+002    -0.23321933E+003     0.10784007E+004
     0.35772960E+001     0.97343175E+002    -0.77461685E+003     0.80102371E+003
     0.35816374E+001     0.97461310E+002    -0.10924467E+004     0.27128750E+003
     0.35859788E+001     0.97579445E+002    -0.10882876E+004    -0.34373457E+003
     0.35903202E+001     0.97697580E+002    -0.78518706E+003    -0.86532966E+003
     0.35946615E+001     0.97815715E+002    -0.25292732E+003    -0.11582066E+004
     0.35990029E+001     0.97933850E+002     0.35161201E+003    -0.11524056E+004
     0.36033443E+001     0.98051985E+002     0.87807603E+003    -0.83092877E+003
     0.36076857E+001     0.98170120E+002     0.11646453E+004    -0.27679845E+003
     0.36120271E+001     0.98288255E+002     0.11358122E+004     0.34732445E+003
     0.36163684E+001     0.98406390E+002     0.75892350E+003     0.86550341E+003
     0.36207098E+001     0.98524525E+002     0.19170308E+003     0.11047335E+004
     0.36250512E+001     0.98642659E+002    -0.40933733E+003     0.10282241E+004
     0.36293926E+001     0.98760794E+002    -0.90165033E+003     0.67106196E+003
     0.36337339E+001     0.98878929E+002    -0.11419973E+004     0.79385329E+002
     0.36380753E+001     0.98997064E+002    -0.10263726E+004    -0.52534658E+003
     0.36424167E+001     0.99115199E+002    -0.63896245E+003    -0.98899684E+003
     0.36467581E+001     0.99233334E+002    -0.60517105E+002    -0.11933659E+004
     0.36510995E+001     0.99351469E+002     0.53302427E+003    -0.10725179E+004
     0.36554408E+001     0.99469604E+002     0.99145051E+003    -0.67411399E+003
     0.36597822E+001     0.99587739E+002     0.11806065E+004    -0.82934392E+002
     0.36641236E+001     0.99705874E+002     0.10341038E+004     0.51880946E+003
     0.36684650E+001     0.99824009E+002     0.59966799E+003     0.94920620E+003
     0.36728064E+001     0.99942144E+002     0.24888265E+002     0.11123006E+004
     0.36771477E+001     0.10006028E+003    -0.58212175E+003     0.95130050E+003
     0.36814891E+001     0.10017841E+003    -0.99087205E+003     0.50222019E+003
     0.36858305E+001     0.10029655E+003    -0.11378463E+004    -0.88260466E+002
     0.36901719E+001     0.10041468E+003    -0.95072398E+003    -0.67406056E+003
     0.36945133E+001     0.10053282E+003    -0.49149027E+003    -0.10835160E+004
     0.36988546E+001     0.10065095E+003     0.11452680E+003    -0.12024997E+004
     0.37031960E+001     0.10076909E+003     0.69209013E+003    -0.98874495E+003
     0.37075374E+001     0.10088722E+003     0.10820408E+004    -0.52153969E+003
     0.37118788E+001     0.10100536E+003     0.11862841E+004     0.98074962E+002
     0.37162201E+001     0.10112349E+003     0.94771785E+003     0.67877480E+003
     0.37205615E+001     0.10124163E+003     0.44068477E+003     0.10541101E+004
     0.37249029E+001     0.10135976E+003    -0.18324357E+003     0.11129485E+004
     0.37292443E+001     0.10147790E+003    -0.74257635E+003     0.83632531E+003
     0.37335857E+001     0.10159603E+003    -0.10835395E+004     0.32681829E+003
     0.37379270E+001     0.10171417E+003    -0.11161144E+004    -0.28911554E+003
     0.37422684E+001     0.10183230E+003    -0.83579364E+003    -0.83415821E+003
     0.37466098E+001     0.10195044E+003    -0.30339518E+003    -0.11586089E+004
     0.37509512E+001     0.10206857E+003     0.30697785E+003    -0.11702588E+004
     0.37552926E+001     0.10218671E+003     0.84425803E+003    -0.86626735E+003
     0.37596339E+001     0.10230484E+003     0.11465505E+004    -0.32484404E+003
     0.37639753E+001     0.10242298E+003     0.11414237E+004     0.28573607E+003
     0.37683167E+001     0.10254111E+003     0.81016397E+003     0.82735898E+003
     0.37726581E+001     0.10265925E+003     0.24633244E+003     0.11048843E+004
     0.37769994E+001     0.10277738E+003    -0.36802576E+003     0.10528395E+004
     0.37813408E+001     0.10289552E+003    -0.87881041E+003     0.70106669E+003
     0.37856822E+001     0.10301365E+003    -0.11311161E+004     0.14124561E+003
     0.37900236E+001     0.10313179E+003    -0.10600620E+004    -0.48727382E+003
     0.37943650E+001     0.10324992E+003    -0.67642046E+003    -0.96317964E+003
     0.37987063E+001     0.10336806E+003    -0.11892641E+003    -0.11863000E+004
     0.38030477E+001     0.10348619E+003     0.49024651E+003    -0.11013920E+004
     0.38073891E+001     0.10360433E+003     0.96432126E+003    -0.70890251E+003
     0.38117305E+001     0.10372246E+003     0.11675896E+004    -0.12962834E+003
     0.38160719E+001     0.10384060E+003     0.10457633E+004     0.46117297E+003
     0.38204132E+001     0.10395873E+003     0.65344769E+003     0.91415575E+003
     0.38247546E+001     0.10407687E+003     0.72982510E+002     0.11150904E+004
     0.38290960E+001     0.10419500E+003    -0.52881077E+003     0.97995915E+003
     0.38334374E+001     0.10431314E+003    -0.98434381E+003     0.54900915E+003
     0.38377787E+001     0.10443127E+003    -0.11386100E+004    -0.48453602E+002
     0.38421201E+001     0.10454941E+003    -0.97237958E+003    -0.63825804E+003
     0.38464615E+001     0.10466754E+003    -0.53327457E+003    -0.10546146E+004
     0.38508029E+001     0.10478568E+003     0.64949685E+002    -0.11988752E+004
     0.38551443E+001     0.10490381E+003     0.64485445E+003    -0.10105117E+004
     0.38594856E+001     0.10502195E+003     0.10470489E+004    -0.55757049E+003
     0.38638270E+001     0.10514008E+003     0.11757848E+004     0.38778595E+002
     0.38681684E+001     0.10525822E+003     0.97019558E+003     0.61753123E+003
     0.38725098E+001     0.10537635E+003     0.49170400E+003     0.10181280E+004
     0.38768512E+001     0.10549448E+003    -0.11095501E+003     0.11182345E+004
     0.38811925E+001     0.10561262E+003    -0.70332103E+003     0.87897310E+003
     0.38855339E+001     0.10573075E+003    -0.10680905E+004     0.38325286E+003
     0.38898753E+001     0.10584889E+003    -0.11310695E+004    -0.24147358E+003
     0.38942167E+001     0.10596702E+003    -0.86526232E+003    -0.79157906E+003
     0.38985580E+001     0.10608516E+003    -0.36582585E+003    -0.11387509E+004
     0.39028994E+001     0.10620329E+003     0.24825389E+003    -0.11781535E+004
     0.39072408E+001     0.10632143E+003     0.79990507E+003    -0.90733605E+003
     0.39115822E+001     0.10643956E+003     0.11266988E+004    -0.38177541E+003
     0.39159236E+001     0.10655770E+003     0.11468369E+004     0.23036742E+003
     0.39202649E+001     0.10667583E+003     0.84922502E+003     0.76909598E+003
     0.39246063E+001     0.10679397E+003     0.31382641E+003     0.10949842E+004
     0.39289477E+001     0.10691210E+003    -0.31502029E+003     0.10792125E+004
     0.39332891E+001     0.10703024E+003    -0.85454591E+003     0.74448605E+003
     0.39376305E+001     0.10714837E+003    -0.11131320E+004     0.18574463E+003
     0.39419718E+001     0.10726651E+003    -0.10833229E+004    -0.41304821E+003
     0.39463132E+001     0.10738464E+003    -0.74150671E+003    -0.93526967E+003
     0.39506546E+001     0.10750278E+003    -0.17045873E+003    -0.11871203E+004
     0.39549960E+001     0.10762091E+003     0.43286815E+003    -0.11283104E+004
     0.39593374E+001     0.10773905E+003     0.93334529E+003    -0.76194570E+003
     0.39636787E+001     0.10785718E+003     0.11701224E+004    -0.19077285E+003
     0.39680201E+001     0.10797532E+003     0.10792869E+004     0.42270756E+003
     0.39723615E+001     0.10809345E+003     0.69090359E+003     0.89657511E+003
     0.39767029E+001     0.10821159E+003     0.11615234E+003     0.11086980E+004
     0.39810442E+001     0.10832972E+003    -0.49202220E+003     0.10025322E+004
     0.39853856E+001     0.10844786E+003    -0.95791848E+003     0.59250391E+003
     0.39897270E+001     0.10856599E+003    -0.11372675E+004    -0.12610079E+001
     0.39940684E+001     0.10868413E+003    -0.10054516E+004    -0.58511331E+003
     0.39984098E+001     0.10880226E+003    -0.58618738E+003    -0.10333336E+004
     0.40027511E+001     0.10892040E+003     0.17974799E+001    -0.12107330E+004
     0.40070925E+001     0.10903853E+003     0.61149640E+003    -0.10550743E+004
     0.40114339E+001     0.10915667E+003     0.10415011E+004    -0.59784982E+003
     0.40157753E+001     0.10927480E+003     0.11787323E+004     0.37736237E+001
     0.40201167E+001     0.10939294E+003     0.98313818E+003     0.59017109E+003
     0.40244580E+001     0.10951107E+003     0.52407009E+003     0.99896000E+003
     0.40287994E+001     0.10962921E+003    -0.77164945E+002     0.11015819E+004
     0.40331408E+001     0.10974734E+003    -0.65738558E+003     0.90062147E+003
     0.40374822E+001     0.10986548E+003    -0.10414670E+004     0.41853011E+003
     0.40418235E+001     0.10998361E+003    -0.11269115E+004    -0.17994909E+003
     0.40461649E+001     0.11010175E+003    -0.90181593E+003    -0.74501863E+003
     0.40505063E+001     0.11021988E+003    -0.41599307E+003    -0.11168724E+004
     0.40548477E+001     0.11033802E+003     0.19454814E+003    -0.11962751E+004
     0.40591891E+001     0.11045615E+003     0.76352574E+003    -0.92808171E+003
     0.40635304E+001     0.11057429E+003     0.11036549E+004    -0.42706400E+003
     0.40678718E+001     0.11069242E+003     0.11463054E+004     0.18002778E+003
     0.40722132E+001     0.11081056E+003     0.87938808E+003     0.72802270E+003
     0.40765546E+001     0.11092869E+003     0.35764525E+003     0.10698386E+004
     0.40808960E+001     0.11104683E+003    -0.27023807E+003     0.10924193E+004
     0.40852373E+001     0.11116496E+003    -0.81742521E+003     0.76964022E+003
     0.40895787E+001     0.11128310E+003    -0.11004103E+004     0.23142954E+003
     0.40939201E+001     0.11140123E+003    -0.10900061E+004    -0.37266884E+003
     0.40982615E+001     0.11151937E+003    -0.76621050E+003    -0.88987697E+003
     0.41026028E+001     0.11163750E+003    -0.22249610E+003    -0.11657339E+004
     0.41069442E+001     0.11175564E+003     0.37305491E+003    -0.11274402E+004
     0.41112856E+001     0.11187377E+003     0.88190085E+003    -0.80552087E+003
     0.41156270E+001     0.11199191E+003     0.11504333E+004    -0.24362500E+003
     0.41199684E+001     0.11211004E+003     0.10971081E+004     0.36419998E+003
     0.41243097E+001     0.11222818E+003     0.71615595E+003     0.86151854E+003
     0.41286511E+001     0.11234631E+003     0.16660595E+003     0.10835950E+004
     0.41329925E+001     0.11246445E+003    -0.42980705E+003     0.10112015E+004
     0.41373339E+001     0.11258258E+003    -0.90847127E+003     0.64196620E+003
     0.41416753E+001     0.11270072E+003    -0.11393944E+004     0.65521032E+002
     0.41460166E+001     0.11281885E+003    -0.10276913E+004    -0.54182064E+003
     0.41503580E+001     0.11293699E+003    -0.62785287E+003    -0.99916682E+003
     0.41546994E+001     0.11305512E+003    -0.51510953E+002    -0.11914385E+004
     0.41590408E+001     0.11317325E+003     0.54019357E+003    -0.10660526E+004
     0.41633821E+001     0.11329139E+003     0.98707817E+003    -0.65709660E+003
     0.41677235E+001     0.11340952E+003     0.11747523E+004    -0.73779436E+002
     0.41720649E+001     0.11352766E+003     0.10238945E+004     0.53444330E+003
     0.41764063E+001     0.11364579E+003     0.57910294E+003     0.97232443E+003
     0.41807477E+001     0.11376393E+003    -0.25800920E+002     0.11091469E+004
     0.41850890E+001     0.11388206E+003    -0.60717902E+003     0.93336891E+003
     0.41894304E+001     0.11400020E+003    -0.10198947E+004     0.47753867E+003
     0.41937718E+001     0.11411833E+003    -0.11467660E+004    -0.13083346E+003
     0.41981132E+001     0.11423647E+003    -0.93299335E+003    -0.71008705E+003
     0.42024546E+001     0.11435460E+003    -0.46443777E+003    -0.11030531E+004
     0.42067959E+001     0.11447274E+003     0.15047742E+003    -0.11908052E+004
     0.42111373E+001     0.11459087E+003     0.70702862E+003    -0.95730582E+003
     0.42154787E+001     0.11470901E+003     0.10852788E+004    -0.48021459E+003
     0.42198201E+001     0.11482714E+003     0.11503500E+004     0.14216972E+003
     0.42241614E+001     0.11494528E+003     0.87776427E+003     0.69124185E+003
     0.42285028E+001     0.11506341E+003     0.39360251E+003     0.10166969E+004
     0.42328442E+001     0.11518155E+003    -0.19788648E+003     0.10724500E+004
     0.42371856E+001     0.11529968E+003    -0.74137516E+003     0.81043103E+003
     0.42415270E+001     0.11541782E+003    -0.10780711E+004     0.30997120E+003
     0.42458683E+001     0.11553595E+003    -0.11082043E+004    -0.30075509E+003
     0.42502097E+001     0.11565409E+003    -0.82439530E+003    -0.83566526E+003
     0.42545511E+001     0.11577222E+003    -0.29751929E+003    -0.11626234E+004
     0.42588925E+001     0.11589036E+003     0.31807467E+003    -0.11584122E+004
     0.42632339E+001     0.11600849E+003     0.84228366E+003    -0.84643341E+003
     0.42675752E+001     0.11612663E+003     0.11439971E+004    -0.30676969E+003
     0.42719166E+001     0.11624476E+003     0.11030044E+004     0.32042319E+003
     0.42762580E+001     0.11636290E+003     0.76256612E+003     0.81407294E+003
     0.42805994E+001     0.11648103E+003     0.22278694E+003     0.10798722E+004
     0.42849408E+001     0.11659917E+003    -0.38145425E+003     0.10307030E+004
     0.42892821E+001     0.11671730E+003    -0.88138760E+003     0.68117663E+003
     0.42936235E+001     0.11683544E+003    -0.11314577E+004     0.11556079E+003
     0.42979649E+001     0.11695357E+003    -0.10378134E+004    -0.48618154E+003
     0.43023063E+001     0.11707171E+003    -0.67746467E+003    -0.95786794E+003
     0.43066476E+001     0.11718984E+003    -0.11361968E+003    -0.11859188E+004
     0.43109890E+001     0.11730798E+003     0.48344989E+003    -0.10885253E+004
     0.43153304E+001     0.11742611E+003     0.95596678E+003    -0.70407050E+003
     0.43196718E+001     0.11754425E+003     0.11551978E+004    -0.12027155E+003
     0.43240132E+001     0.11766238E+003     0.10332226E+004     0.46909552E+003
     0.43283545E+001     0.11778052E+003     0.63414995E+003     0.92387366E+003
     0.43326959E+001     0.11789865E+003     0.38932350E+002     0.11091103E+004
     0.43370373E+001     0.11801679E+003    -0.55581069E+003     0.95797928E+003
     0.43413787E+001     0.11813492E+003    -0.98712680E+003     0.52998122E+003
     0.43457201E+001     0.11825306E+003    -0.11428679E+004    -0.69636428E+002
     0.43500614E+001     0.11837119E+003    -0.96676861E+003    -0.64751900E+003
     0.43544028E+001     0.11848933E+003    -0.52623630E+003    -0.10611947E+004
     0.43587442E+001     0.11860746E+003     0.73881916E+002    -0.11964011E+004
     0.43630856E+001     0.11872560E+003     0.65190047E+003    -0.10000913E+004
     0.43674269E+001     0.11884373E+003     0.10473747E+004    -0.53762422E+003
     0.43717683E+001     0.11896187E+003     0.11483538E+004     0.52499163E+002
     0.43761097E+001     0.11908000E+003     0.95352926E+003     0.63324066E+003
     0.43804511E+001     0.11919814E+003     0.46202287E+003     0.10230336E+004
     0.43847925E+001     0.11931627E+003    -0.15211977E+003     0.11012218E+004
     0.43891338E+001     0.11943441E+003    -0.71400105E+003     0.84815561E+003
     0.43934752E+001     0.11955254E+003    -0.10719138E+004     0.36048647E+003
     0.43978166E+001     0.11967068E+003    -0.11228018E+004    -0.25896225E+003
     0.44021580E+001     0.11978881E+003    -0.85217012E+003    -0.79698024E+003
     0.44064994E+001     0.11990695E+003    -0.35510762E+003    -0.11293227E+004
     0.44108407E+001     0.12002508E+003     0.25075994E+003    -0.11777768E+004
     0.44151821E+001     0.12014322E+003     0.80314555E+003    -0.88987874E+003
     0.44195235E+001     0.12026135E+003     0.11125304E+004    -0.36004310E+003
     0.44238649E+001     0.12037949E+003     0.11239278E+004     0.24669779E+003
     0.44282062E+001     0.12049762E+003     0.80759243E+003     0.77569069E+003
     0.44325476E+001     0.12061575E+003     0.29128640E+003     0.10673286E+004
     0.44368890E+001     0.12073389E+003    -0.32475119E+003     0.10603287E+004
     0.44412304E+001     0.12085202E+003    -0.85637008E+003     0.73048676E+003
     0.44455718E+001     0.12097016E+003    -0.11187669E+004     0.17813895E+003
     0.44499131E+001     0.12108829E+003    -0.10791220E+004    -0.42872576E+003
     0.44542545E+001     0.12120643E+003    -0.73472734E+003    -0.92513060E+003
     0.44585959E+001     0.12132456E+003    -0.18545671E+003    -0.11960626E+004
     0.44629373E+001     0.12144270E+003     0.44934968E+003    -0.11255591E+004
     0.44672787E+001     0.12156083E+003     0.93373367E+003    -0.74097912E+003
     0.44716200E+001     0.12167897E+003     0.11491000E+004    -0.17164913E+003
     0.44759614E+001     0.12179710E+003     0.10598394E+004     0.41760867E+003
     0.44803028E+001     0.12191524E+003     0.67413615E+003     0.90004558E+003
     0.44846442E+001     0.12203337E+003     0.95527158E+002     0.11160156E+004
     0.44889855E+001     0.12215151E+003    -0.52742109E+003     0.98294774E+003
     0.44933269E+001     0.12226964E+003    -0.95343941E+003     0.55609142E+003
     0.44976683E+001     0.12238778E+003    -0.11356926E+004     0.74944087E+001
     0.45020097E+001     0.12250591E+003    -0.10106954E+004    -0.60575189E+003
     0.45063511E+001     0.12262405E+003    -0.57181942E+003    -0.10433039E+004
     0.45106924E+001     0.12274218E+003     0.99137364E+001    -0.11947681E+004
     0.45150338E+001     0.12286032E+003     0.60371560E+003    -0.10427850E+004
     0.45193752E+001     0.12297845E+003     0.10322833E+004    -0.58578369E+003
     0.45237166E+001     0.12309659E+003     0.11543965E+004     0.34818045E+001
     0.45280580E+001     0.12321472E+003     0.98373993E+003     0.59746194E+003
     0.45323993E+001     0.12333286E+003     0.50444211E+003     0.10113612E+004
     0.45367407E+001     0.12345099E+003    -0.12409594E+003     0.11077778E+004
     0.45410821E+001     0.12356913E+003    -0.67549439E+003     0.85947701E+003
     0.45454235E+001     0.12368726E+003    -0.10373208E+004     0.39764010E+003
     0.45497648E+001     0.12380540E+003    -0.11188983E+004    -0.19046517E+003
     0.45541062E+001     0.12392353E+003    -0.90066758E+003    -0.75198405E+003
     0.45584476E+001     0.12404167E+003    -0.40537410E+003    -0.11157389E+004
     0.45627890E+001     0.12415980E+003     0.20353830E+003    -0.11806434E+004
     0.45671304E+001     0.12427794E+003     0.74751007E+003    -0.91307903E+003
     0.45714717E+001     0.12439607E+003     0.10872331E+004    -0.42139445E+003
     0.45758131E+001     0.12451421E+003     0.11309237E+004     0.19575388E+003
     0.45801545E+001     0.12463234E+003     0.84793318E+003     0.72385195E+003
     0.45844959E+001     0.12475048E+003     0.33111787E+003     0.10570127E+004
     0.45888373E+001     0.12486861E+003    -0.27831360E+003     0.10616890E+004
     0.45931786E+001     0.12498675E+003    -0.79964872E+003     0.76391542E+003
     0.45975200E+001     0.12510488E+003    -0.11066679E+004     0.23719154E+003
     0.46018614E+001     0.12522302E+003    -0.10908007E+004    -0.36746717E+003
     0.46062028E+001     0.12534115E+003    -0.78141704E+003    -0.88751006E+003
     0.46105442E+001     0.12545929E+003    -0.23666169E+003    -0.11714433E+004
     0.46148855E+001     0.12557742E+003     0.36957923E+003    -0.11387664E+004
     0.46192269E+001     0.12569556E+003     0.88017285E+003    -0.79753678E+003
     0.46235683E+001     0.12581369E+003     0.11383278E+004    -0.25048106E+003
     0.46279097E+001     0.12593183E+003     0.10890633E+004     0.36176152E+003
     0.46322510E+001     0.12604996E+003     0.73077938E+003     0.86516474E+003
     0.46365924E+001     0.12616810E+003     0.15598345E+003     0.11108203E+004
     0.46409338E+001     0.12628623E+003    -0.46902163E+003     0.10228253E+004
     0.46452752E+001     0.12640437E+003    -0.94067606E+003     0.61976041E+003
     0.46496166E+001     0.12652250E+003    -0.11478551E+004     0.45868462E+002
     0.46539579E+001     0.12664064E+003    -0.10282122E+004    -0.55452566E+003
     0.46582993E+001     0.12675877E+003    -0.63309909E+003    -0.10119364E+004
     0.46626407E+001     0.12687691E+003    -0.45413293E+002    -0.11994127E+004
     0.46669821E+001     0.12699504E+003     0.54302972E+003    -0.10655333E+004
     0.46713235E+001     0.12711318E+003     0.10066223E+004    -0.65515839E+003
     0.46756648E+001     0.12723131E+003     0.11707589E+004    -0.39480415E+002
     0.46800062E+001     0.12734945E+003     0.98859489E+003     0.54850494E+003
     0.46843476E+001     0.12746758E+003     0.56254161E+003     0.96024960E+003
     0.46886890E+001     0.12758572E+003    -0.32666947E+002     0.11238501E+004
     0.46930303E+001     0.12770385E+003    -0.64655821E+003     0.93328887E+003
     0.46973717E+001     0.12782199E+003    -0.10464710E+004     0.45311709E+003
     0.47017131E+001     0.12794012E+003    -0.11537737E+004    -0.15816320E+003
     0.47060545E+001     0.12805825E+003    -0.92404952E+003    -0.72746657E+003
     0.47103959E+001     0.12817639E+003    -0.45941194E+003    -0.11109610E+004
     0.47147372E+001     0.12829452E+003     0.16678501E+003    -0.11988567E+004
     0.47190786E+001     0.12841266E+003     0.73526575E+003    -0.93767251E+003
     0.47234200E+001     0.12853079E+003     0.10678271E+004    -0.43571225E+003
     0.47277614E+001     0.12864893E+003     0.11105894E+004     0.15151744E+003
     0.47321028E+001     0.12876706E+003     0.86465473E+003     0.67428885E+003
     0.47364441E+001     0.12888520E+003     0.38037159E+003     0.10291799E+004
     0.47407855E+001     0.12900333E+003    -0.23366066E+003     0.10663462E+004
     0.47451269E+001     0.12912147E+003    -0.76000014E+003     0.78742653E+003
     0.47494683E+001     0.12923960E+003    -0.10820901E+004     0.28502198E+003
     0.47538096E+001     0.12935774E+003    -0.10932149E+004    -0.31613416E+003
     0.47581510E+001     0.12947587E+003    -0.82000137E+003    -0.82653146E+003
     0.47624924E+001     0.12959401E+003    -0.30523814E+003    -0.11568782E+004
     0.47668338E+001     0.12971214E+003     0.31035307E+003    -0.11625690E+004
     0.47711752E+001     0.12983028E+003     0.84357760E+003    -0.84352809E+003
     0.47755165E+001     0.12994841E+003     0.11398201E+004    -0.29308643E+003
     0.47798579E+001     0.13006655E+003     0.10967026E+004     0.32318867E+003
     0.47841993E+001     0.13018468E+003     0.75157526E+003     0.82996950E+003
     0.47885407E+001     0.13030282E+003     0.19545484E+003     0.10913799E+004
     0.47928821E+001     0.13042095E+003    -0.41419637E+003     0.10166029E+004
     0.47972234E+001     0.13053909E+003    -0.89756164E+003     0.66753052E+003
     0.48015648E+001     0.13065722E+003    -0.11445517E+004     0.94679077E+002
     0.48059062E+001     0.13077536E+003    -0.10425433E+004    -0.50627040E+003
     0.48102476E+001     0.13089349E+003    -0.66515364E+003    -0.96993394E+003
     0.48145889E+001     0.13101163E+003    -0.99008741E+002    -0.11850985E+004
     0.48189303E+001     0.13112976E+003     0.48491800E+003    -0.10772292E+004
     0.48232717E+001     0.13124790E+003     0.96104846E+003    -0.68809560E+003
     0.48276131E+001     0.13136603E+003     0.11426017E+004    -0.98706040E+002
     0.48319545E+001     0.13148417E+003     0.10081084E+004     0.48744978E+003
     0.48362958E+001     0.13160230E+003     0.59723707E+003     0.92452505E+003
     0.48406372E+001     0.13172044E+003     0.16413307E+002     0.10972924E+004
     0.48449786E+001     0.13183857E+003    -0.57602547E+003     0.93911494E+003
     0.48493200E+001     0.13195671E+003    -0.99169450E+003     0.51167133E+003
     0.48536614E+001     0.13207484E+003    -0.11451913E+004    -0.80481872E+002
     0.48580027E+001     0.13219298E+003    -0.95978444E+003    -0.66514927E+003
     0.48623441E+001     0.13231111E+003    -0.51248060E+003    -0.10585679E+004
     0.48666855E+001     0.13242925E+003     0.75145989E+002    -0.11858080E+004
     0.48710269E+001     0.13254738E+003     0.64970613E+003    -0.98736933E+003
     0.48753683E+001     0.13266552E+003     0.10379228E+004    -0.52297229E+003
     0.48797096E+001     0.13278365E+003     0.11330430E+004     0.66703517E+002
     0.48840510E+001     0.13290179E+003     0.92145039E+003     0.63640578E+003
     0.48883924E+001     0.13301992E+003     0.44249251E+003     0.10203995E+004
     0.48927338E+001     0.13313806E+003    -0.17739959E+003     0.10900517E+004
     0.48970751E+001     0.13325619E+003    -0.72641847E+003     0.82786725E+003
     0.49014165E+001     0.13337433E+003    -0.10677154E+004     0.33721945E+003
     0.49057579E+001     0.13349246E+003    -0.11142506E+004    -0.25204810E+003
     0.49100993E+001     0.13361060E+003    -0.86467485E+003    -0.79624477E+003
     0.49144407E+001     0.13372873E+003    -0.35164224E+003    -0.11455822E+004
     0.49187820E+001     0.13384687E+003     0.26583886E+003    -0.11555816E+004
     0.49231234E+001     0.13396500E+003     0.78154455E+003    -0.88049960E+003
     0.49274648E+001     0.13408314E+003     0.11106963E+004    -0.35581716E+003
     0.49318062E+001     0.13420127E+003     0.11053290E+004     0.25851284E+003
     0.49361476E+001     0.13431941E+003     0.79751042E+003     0.77938176E+003
     0.49404889E+001     0.13443754E+003     0.25346758E+003     0.10715858E+004
     0.49448303E+001     0.13455568E+003    -0.34797223E+003     0.10372852E+004
     0.49491717E+001     0.13467381E+003    -0.85124957E+003     0.71361643E+003
     0.49535131E+001     0.13479195E+003    -0.11321735E+004     0.16924863E+003
     0.49578544E+001     0.13491008E+003    -0.10738263E+004    -0.44597221E+003
     0.49621958E+001     0.13502822E+003    -0.72008449E+003    -0.92891708E+003
     0.49665372E+001     0.13514635E+003    -0.16789587E+003    -0.11774155E+004
     0.49708786E+001     0.13526449E+003     0.42218715E+003    -0.10952010E+004
     0.49752200E+001     0.13538262E+003     0.90039149E+003    -0.74949291E+003
     0.49795613E+001     0.13550076E+003     0.11447292E+004    -0.17870188E+003
     0.49839027E+001     0.13561889E+003     0.10467541E+004     0.42460326E+003
     0.49882441E+001     0.13573702E+003     0.66171110E+003     0.89325432E+003
     0.49925855E+001     0.13585516E+003     0.84661334E+002     0.11038920E+004
     0.49969269E+001     0.13597329E+003    -0.51628682E+003     0.98256433E+003
     0.50012682E+001     0.13609143E+003    -0.97554927E+003     0.57986479E+003
     0.50056096E+001     0.13620956E+003    -0.11642308E+004    -0.16102419E+002
     0.50099510E+001     0.13632770E+003    -0.10085968E+004    -0.61256931E+003
     0.50142924E+001     0.13644583E+003    -0.58455084E+003    -0.10546245E+004
     0.50186337E+001     0.13656397E+003     0.29886031E+002    -0.12068086E+004
     0.50229751E+001     0.13668210E+003     0.60865519E+003    -0.10161471E+004
     0.50273165E+001     0.13680024E+003     0.10167511E+004    -0.57629683E+003
     0.50316579E+001     0.13691837E+003     0.11437296E+004     0.14762559E+002
     0.50359993E+001     0.13703651E+003     0.95129347E+003     0.59916195E+003
     0.50403406E+001     0.13715464E+003     0.48808889E+003     0.98815845E+003
     0.50446820E+001     0.13727278E+003    -0.10985798E+003     0.10979409E+004
     0.50490234E+001     0.13739091E+003    -0.68352198E+003     0.88065834E+003
     0.50533648E+001     0.13750905E+003    -0.10590013E+004     0.40243890E+003
     0.50577062E+001     0.13762718E+003    -0.11493617E+004    -0.20262745E+003
     0.50620475E+001     0.13774532E+003    -0.89339371E+003    -0.76778068E+003
     0.50663889E+001     0.13786345E+003    -0.41601980E+003    -0.11199975E+004
     0.50707303E+001     0.13798159E+003     0.20253767E+003    -0.11838881E+004
     0.50750717E+001     0.13809972E+003     0.75081545E+003    -0.92342381E+003
     0.50794130E+001     0.13821786E+003     0.10994960E+004    -0.41127894E+003
     0.50837544E+001     0.13833599E+003     0.11266074E+004     0.20868290E+003
     0.50880958E+001     0.13845413E+003     0.83148775E+003     0.75164261E+003
     0.50924372E+001     0.13857226E+003     0.31192784E+003     0.10548653E+004
     0.50967786E+001     0.13869040E+003    -0.30070054E+003     0.10788647E+004
     0.51011199E+001     0.13880853E+003    -0.83798000E+003     0.75355565E+003
     0.51054613E+001     0.13892667E+003    -0.11267826E+004     0.20580658E+003
     0.51098027E+001     0.13904480E+003    -0.10934981E+004    -0.38777802E+003
     0.51141441E+001     0.13916294E+003    -0.76869841E+003    -0.90747871E+003
     0.51184855E+001     0.13928107E+003    -0.21896225E+003    -0.11709105E+004
     0.51228268E+001     0.13939921E+003     0.38424694E+003    -0.11287292E+004
     0.51271682E+001     0.13951734E+003     0.88893016E+003    -0.77961423E+003
     0.51315096E+001     0.13963548E+003     0.11315424E+004    -0.21288133E+003
     0.51358510E+001     0.13975361E+003     0.10610490E+004     0.39051166E+003
     0.51401923E+001     0.13987175E+003     0.67760145E+003     0.86509401E+003
     0.51445337E+001     0.13998988E+003     0.12073639E+003     0.10876069E+004
     0.51488751E+001     0.14010802E+003    -0.47638417E+003     0.98700688E+003
     0.51532165E+001     0.14022615E+003    -0.92866261E+003     0.60268345E+003
     0.51575579E+001     0.14034429E+003    -0.11495769E+004     0.49542091E+002
     0.51618992E+001     0.14046242E+003    -0.10301631E+004    -0.57139384E+003
     0.51662406E+001     0.14058056E+003    -0.61401948E+003    -0.10028738E+004
     0.51705820E+001     0.14069869E+003    -0.45233384E+002    -0.11983793E+004
     0.51749234E+001     0.14081683E+003     0.55558623E+003    -0.10437176E+004
     0.51792648E+001     0.14093496E+003     0.97990646E+003    -0.62061764E+003
     0.51836061E+001     0.14105310E+003     0.11416835E+004    -0.36614667E+002
     0.51879475E+001     0.14117123E+003     0.96756230E+003     0.55014234E+003
     0.51922889E+001     0.14128937E+003     0.52572804E+003     0.95639619E+003
     0.51966303E+001     0.14140750E+003    -0.59968817E+002     0.10900029E+004
     0.52009717E+001     0.14152564E+003    -0.63478997E+003     0.89019372E+003
     0.52053130E+001     0.14164377E+003    -0.10222655E+004     0.44664344E+003
     0.52096544E+001     0.14176191E+003    -0.11269587E+004    -0.14008215E+003
     0.52139958E+001     0.14188004E+003    -0.93075176E+003    -0.70017050E+003
     0.52183372E+001     0.14199818E+003    -0.47604932E+003    -0.10879616E+004
     0.52226785E+001     0.14211631E+003     0.13490315E+003    -0.11905804E+004
     0.52270199E+001     0.14223445E+003     0.70374930E+003    -0.93834884E+003
     0.52313613E+001     0.14235258E+003     0.10479877E+004    -0.46002107E+003
     0.52357027E+001     0.14247072E+003     0.11150005E+004     0.13138084E+003
     0.52400441E+001     0.14258885E+003     0.86626061E+003     0.67265068E+003
     0.52443854E+001     0.14270699E+003     0.39917426E+003     0.10248374E+004
     0.52487268E+001     0.14282512E+003    -0.22902972E+003     0.10989483E+004
     0.52530682E+001     0.14294326E+003    -0.78699947E+003     0.80769650E+003
     0.52574096E+001     0.14306139E+003    -0.11089618E+004     0.28729495E+003
     0.52617510E+001     0.14317952E+003    -0.11356032E+004    -0.32820330E+003
     0.52660923E+001     0.14329766E+003    -0.81566705E+003    -0.86757715E+003
     0.52704337E+001     0.14341579E+003    -0.28381429E+003    -0.11647901E+004
     0.52747751E+001     0.14353393E+003     0.32232333E+003    -0.11458210E+004
     0.52791165E+001     0.14365206E+003     0.84160155E+003    -0.82549447E+003
     0.52834578E+001     0.14377020E+003     0.11155045E+004    -0.27982934E+003
     0.52877992E+001     0.14388833E+003     0.10789324E+004     0.32241365E+003
     0.52921406E+001     0.14400647E+003     0.73699912E+003     0.82710802E+003
     0.52964820E+001     0.14412460E+003     0.18411881E+003     0.10865561E+004
     0.53008234E+001     0.14424274E+003    -0.42148541E+003     0.10205204E+004
     0.53051647E+001     0.14436087E+003    -0.90673536E+003     0.66303138E+003
     0.53095061E+001     0.14447901E+003    -0.11542319E+004     0.97236548E+002
     0.53138475E+001     0.14459714E+003    -0.10525459E+004    -0.51935138E+003
     0.53181889E+001     0.14471528E+003    -0.66582555E+003    -0.97623407E+003
     0.53225303E+001     0.14483341E+003    -0.10336706E+003    -0.11856559E+004
     0.53268716E+001     0.14495155E+003     0.49723552E+003    -0.10646458E+004
     0.53312130E+001     0.14506968E+003     0.93745697E+003    -0.66640571E+003
     0.53355544E+001     0.14518782E+003     0.11277034E+004    -0.10506049E+003
     0.53398958E+001     0.14530595E+003     0.10020986E+004     0.48950277E+003
     0.53442371E+001     0.14542409E+003     0.58424295E+003     0.93228779E+003
     0.53485785E+001     0.14554222E+003     0.61987345E+000     0.10858081E+004
     0.53529199E+001     0.14566036E+003    -0.57553006E+003     0.93351508E+003
     0.53572613E+001     0.14577849E+003    -0.10009925E+004     0.51417222E+003
     0.53616027E+001     0.14589663E+003    -0.11516931E+004    -0.74560652E+002
     0.53659440E+001     0.14601476E+003    -0.98035851E+003    -0.66670968E+003
     0.53702854E+001     0.14613290E+003    -0.51192907E+003    -0.10724682E+004
     0.53746268E+001     0.14625103E+003     0.74260352E+002    -0.11783591E+004
     0.53789682E+001     0.14636917E+003     0.64502741E+003    -0.97799320E+003
     0.53833096E+001     0.14648730E+003     0.10200691E+004    -0.51344440E+003
     0.53876509E+001     0.14660544E+003     0.11204197E+004     0.55886652E+002
     0.53919923E+001     0.14672357E+003     0.92117259E+003     0.63579407E+003
     0.53963337E+001     0.14684171E+003     0.42794474E+003     0.10200777E+004
     0.54006751E+001     0.14695984E+003    -0.16522661E+003     0.10825001E+004
     0.54050164E+001     0.14707798E+003    -0.73080432E+003     0.86155811E+003
     0.54093578E+001     0.14719611E+003    -0.10959877E+004     0.35090152E+003
     0.54136992E+001     0.14731425E+003    -0.11481811E+004    -0.26567698E+003
     0.54180406E+001     0.14743238E+003    -0.88024216E+003    -0.81665734E+003
     0.54223820E+001     0.14755052E+003    -0.35133770E+003    -0.11633310E+004
     0.54267233E+001     0.14766865E+003     0.27389623E+003    -0.11711749E+004
     0.54310647E+001     0.14778679E+003     0.80395169E+003    -0.87058450E+003
     0.54354061E+001     0.14790492E+003     0.11071677E+004    -0.32874787E+003
     0.54397475E+001     0.14802306E+003     0.10852594E+004     0.27530917E+003
     0.54440889E+001     0.14814119E+003     0.77341770E+003     0.78335314E+003
     0.54484302E+001     0.14825933E+003     0.24420252E+003     0.10685832E+004
     0.54527716E+001     0.14837746E+003    -0.36171743E+003     0.10402603E+004
     0.54571130E+001     0.14849560E+003    -0.86673094E+003     0.71154926E+003
     0.54614544E+001     0.14861373E+003    -0.11461487E+004     0.17268858E+003
     0.54657957E+001     0.14873187E+003    -0.10945659E+004    -0.45665943E+003
     0.54701371E+001     0.14885000E+003    -0.72487547E+003    -0.95272126E+003
     0.54744785E+001     0.14896814E+003    -0.16220965E+003    -0.11940716E+004
     0.54788199E+001     0.14908627E+003     0.44899698E+003    -0.10916428E+004
     0.54831613E+001     0.14920441E+003     0.90778801E+003    -0.71415231E+003
     0.54875026E+001     0.14932254E+003     0.11185919E+004    -0.17179755E+003
     0.54918440E+001     0.14944068E+003     0.10426808E+004     0.44143133E+003
     0.54961854E+001     0.14955881E+003     0.62916025E+003     0.90736801E+003
     0.55005268E+001     0.14967695E+003     0.55172833E+002     0.10916921E+004
     0.55048682E+001     0.14979508E+003    -0.52920663E+003     0.97639198E+003
     0.55092095E+001     0.14991322E+003    -0.99548152E+003     0.56738256E+003
     0.55135509E+001     0.15003135E+003    -0.11664598E+004    -0.37779172E+002
     0.55178923E+001     0.15014949E+003    -0.99998825E+003    -0.62907360E+003
     0.55222337E+001     0.15026762E+003    -0.55793092E+003    -0.10447138E+004
     0.55265751E+001     0.15038576E+003     0.20964464E+002    -0.11759874E+004
     0.55309164E+001     0.15050389E+003     0.59189459E+003    -0.10103766E+004
     0.55352578E+001     0.15062202E+003     0.10033253E+004    -0.57551002E+003
     0.55395992E+001     0.15074016E+003     0.11273855E+004     0.27901585E+002
     0.55439406E+001     0.15085829E+003     0.93521511E+003     0.58758823E+003
     0.55482819E+001     0.15097643E+003     0.48286264E+003     0.99132841E+003
     0.55526233E+001     0.15109456E+003    -0.12305589E+003     0.10970896E+004
     0.55569647E+001     0.15121270E+003    -0.69610162E+003     0.88240415E+003
     0.55613061E+001     0.15133083E+003    -0.10747743E+004     0.39168809E+003
     0.55656475E+001     0.15144897E+003    -0.11458972E+004    -0.21102007E+003
     0.55699888E+001     0.15156710E+003    -0.89349405E+003    -0.76343294E+003
     0.55743302E+001     0.15168524E+003    -0.42272597E+003    -0.11186559E+004
     0.55786716E+001     0.15180337E+003     0.19853196E+003    -0.11852597E+004
     0.55830130E+001     0.15192151E+003     0.75136988E+003    -0.91107973E+003
     0.55873544E+001     0.15203964E+003     0.10786766E+004    -0.40600530E+003
     0.55916957E+001     0.15215778E+003     0.11241453E+004     0.20686288E+003
     0.55960371E+001     0.15227591E+003     0.83064984E+003     0.76580941E+003
     0.56003785E+001     0.15239405E+003     0.28750605E+003     0.10711870E+004
     0.56047199E+001     0.15251218E+003    -0.32768023E+003     0.10599745E+004
     0.56090612E+001     0.15263032E+003    -0.85125865E+003     0.74451999E+003
     0.56134026E+001     0.15274845E+003    -0.11282501E+004     0.19082908E+003
     0.56177440E+001     0.15286659E+003    -0.10720998E+004    -0.39374638E+003
     0.56220854E+001     0.15298472E+003    -0.77723688E+003    -0.88953790E+003
     0.56264268E+001     0.15310286E+003    -0.22999640E+003    -0.11702847E+004
     0.56307681E+001     0.15322099E+003     0.37158450E+003    -0.11206293E+004
     0.56351095E+001     0.15333913E+003     0.87320939E+003    -0.78487106E+003
     0.56394509E+001     0.15345726E+003     0.11383201E+004    -0.21161011E+003
     0.56437923E+001     0.15357540E+003     0.10391165E+004     0.39771151E+003
     0.56481337E+001     0.15369353E+003     0.67403751E+003     0.86688330E+003
     0.56524750E+001     0.15381167E+003     0.11512698E+003     0.10923528E+004
     0.56568164E+001     0.15392980E+003    -0.49653116E+003     0.10057255E+004
     0.56611578E+001     0.15404794E+003    -0.95893923E+003     0.58784259E+003
     0.56654992E+001     0.15416607E+003    -0.11388469E+004     0.32990927E+002
     0.56698405E+001     0.15428421E+003    -0.10408995E+004    -0.56276304E+003
     0.56741819E+001     0.15440234E+003    -0.60999107E+003    -0.10209142E+004
     0.56785233E+001     0.15452048E+003    -0.43746542E+002    -0.11761646E+004
     0.56828647E+001     0.15463861E+003     0.54499538E+003    -0.10335540E+004
     0.56872061E+001     0.15475675E+003     0.96954876E+003    -0.61527484E+003
     0.56915474E+001     0.15487488E+003     0.11283121E+004    -0.37941055E+002
     0.56958888E+001     0.15499302E+003     0.95867681E+003     0.54614356E+003
     0.57002302E+001     0.15511115E+003     0.53116562E+003     0.96497473E+003
     0.57045716E+001     0.15522929E+003    -0.74213710E+002     0.11040465E+004
     0.57089130E+001     0.15534742E+003    -0.65784164E+003     0.89812849E+003
     0.57132543E+001     0.15546556E+003    -0.10407519E+004     0.42754139E+003
     0.57175957E+001     0.15558369E+003    -0.11265719E+004    -0.14315483E+003
     0.57219371E+001     0.15570183E+003    -0.93673828E+003    -0.69733286E+003
     0.57262785E+001     0.15581996E+003    -0.47788613E+003    -0.10863124E+004
     0.57306198E+001     0.15593810E+003     0.12786122E+003    -0.11897911E+004
     0.57349612E+001     0.15605623E+003     0.70155208E+003    -0.94372600E+003
     0.57393026E+001     0.15617437E+003     0.10474742E+004    -0.45832310E+003
     0.57436440E+001     0.15629250E+003     0.11115772E+004     0.13908795E+003
     0.57479854E+001     0.15641064E+003     0.87376400E+003     0.70049055E+003
     0.57523267E+001     0.15652877E+003     0.35108473E+003     0.10540051E+004
     0.57566681E+001     0.15664691E+003    -0.26495415E+003     0.10707367E+004
     0.57610095E+001     0.15676504E+003    -0.79420552E+003     0.78608577E+003
     0.57653509E+001     0.15688318E+003    -0.11042923E+004     0.27350392E+003
     0.57696923E+001     0.15700131E+003    -0.11266345E+004    -0.32035491E+003
     0.57740336E+001     0.15711945E+003    -0.82129868E+003    -0.86315651E+003
     0.57783750E+001     0.15723758E+003    -0.28417171E+003    -0.11547312E+004
     0.57827164E+001     0.15735572E+003     0.30781329E+003    -0.11449320E+004
     0.57870578E+001     0.15747385E+003     0.83843141E+003    -0.82664470E+003
     0.57913992E+001     0.15759199E+003     0.11201471E+004    -0.26181354E+003
     0.57957405E+001     0.15771012E+003     0.10469282E+004     0.33828952E+003
     0.58000819E+001     0.15782826E+003     0.72167319E+003     0.81872347E+003
     0.58044233E+001     0.15794639E+003     0.17097273E+003     0.10827367E+004
     0.58087647E+001     0.15806453E+003    -0.43999193E+003     0.10117587E+004
     0.58131060E+001     0.15818266E+003    -0.89618105E+003     0.64655752E+003
     0.58174474E+001     0.15830079E+003    -0.11388470E+004     0.10903445E+003
     0.58217888E+001     0.15841893E+003    -0.10667425E+004    -0.48517318E+003
     0.58261302E+001     0.15853706E+003    -0.69519027E+003    -0.97481175E+003
     0.58304716E+001     0.15865520E+003    -0.12431485E+003    -0.11958114E+004
     0.58348129E+001     0.15877333E+003     0.49793579E+003    -0.10960931E+004
     0.58391543E+001     0.15889147E+003     0.96110938E+003    -0.66531635E+003
     0.58434957E+001     0.15900960E+003     0.11301550E+004    -0.78217669E+002
     0.58478371E+001     0.15912774E+003     0.98190698E+003     0.50776973E+003
     0.58521785E+001     0.15924587E+003     0.56029641E+003     0.92805114E+003
     0.58565198E+001     0.15936401E+003    -0.78231014E+001     0.10827108E+004
     0.58608612E+001     0.15948214E+003    -0.58502432E+003     0.94058748E+003
     0.58652026E+001     0.15960028E+003    -0.10128623E+004     0.50901079E+003
     0.58695440E+001     0.15971841E+003    -0.11549739E+004    -0.70878105E+002
     0.58738853E+001     0.15983655E+003    -0.99650145E+003    -0.66044626E+003
     0.58782267E+001     0.15995468E+003    -0.53687233E+003    -0.10839445E+004
     0.58825681E+001     0.16007282E+003     0.79959893E+002    -0.12024624E+004
     0.58869095E+001     0.16019095E+003     0.65873913E+003    -0.98383388E+003
     0.58912509E+001     0.16030909E+003     0.10374569E+004    -0.49761537E+003
     0.58955922E+001     0.16042722E+003     0.11190112E+004     0.87596481E+002
     0.58999336E+001     0.16054536E+003     0.89720627E+003     0.65438655E+003
     0.59042750E+001     0.16066349E+003     0.41002532E+003     0.10291005E+004
     0.59086164E+001     0.16078163E+003    -0.20084680E+003     0.10922898E+004
     0.59129578E+001     0.16089976E+003    -0.76174978E+003     0.84109996E+003
     0.59172991E+001     0.16101790E+003    -0.11075662E+004     0.31923246E+003
     0.59216405E+001     0.16113603E+003    -0.11395539E+004    -0.27594233E+003
     0.59259819E+001     0.16125417E+003    -0.86771378E+003    -0.82729177E+003
     0.59303233E+001     0.16137230E+003    -0.33032603E+003    -0.11527679E+004
     0.59346646E+001     0.16149044E+003     0.28688831E+003    -0.11426559E+004
     0.59390060E+001     0.16160857E+003     0.78238136E+003    -0.82284171E+003
     0.59433474E+001     0.16172671E+003     0.10520855E+004    -0.33473476E+003
     0.59476888E+001     0.16184484E+003     0.10746275E+004     0.25601813E+003
     0.59520302E+001     0.16196298E+003     0.77091180E+003     0.77554805E+003
     0.59563715E+001     0.16208111E+003     0.24392895E+003     0.10698842E+004
     0.59607129E+001     0.16219925E+003    -0.37519508E+003     0.10501653E+004
     0.59650543E+001     0.16231738E+003    -0.88637602E+003     0.70540747E+003
     0.59693957E+001     0.16243552E+003    -0.11428798E+004     0.15253876E+003
     0.59737371E+001     0.16255365E+003    -0.10773170E+004    -0.44719354E+003
     0.59780784E+001     0.16267179E+003    -0.73491285E+003    -0.92499996E+003
     0.59824198E+001     0.16278992E+003    -0.18772356E+003    -0.11841899E+004
     0.59867612E+001     0.16290806E+003     0.43237352E+003    -0.11056840E+004
     0.59911026E+001     0.16302619E+003     0.90957993E+003    -0.71968058E+003
     0.59954439E+001     0.16314433E+003     0.11269435E+004    -0.15472725E+003
     0.59997853E+001     0.16326246E+003     0.10225976E+004     0.44285613E+003
     0.60041267E+001     0.16338060E+003     0.62318927E+003     0.91227434E+003
     0.60084681E+001     0.16349873E+003     0.46047367E+002     0.10951699E+004
     0.60128095E+001     0.16361687E+003    -0.55126729E+003     0.98163318E+003
     0.60171508E+001     0.16373500E+003    -0.99503909E+003     0.55492327E+003
     0.60214922E+001     0.16385314E+003    -0.11688754E+004    -0.28420206E+002
     0.60258336E+001     0.16397127E+003    -0.10086114E+004    -0.62700591E+003
     0.60301750E+001     0.16408941E+003    -0.57507247E+003    -0.10322456E+004
     0.60345164E+001     0.16420754E+003     0.41964324E+001    -0.11964621E+004
     0.60388577E+001     0.16432568E+003     0.59717333E+003    -0.10139279E+004
     0.60431991E+001     0.16444381E+003     0.10021105E+004    -0.57693382E+003
     0.60475405E+001     0.16456195E+003     0.11473381E+004     0.28154752E+002
     0.60518819E+001     0.16468008E+003     0.93254351E+003     0.63301959E+003
     0.60562232E+001     0.16479822E+003     0.44507859E+003     0.10041428E+004
     0.60605646E+001     0.16491635E+003    -0.14532117E+003     0.10926735E+004
     0.60649060E+001     0.16503449E+003    -0.70688930E+003     0.88037990E+003
     0.60692474E+001     0.16515262E+003    -0.11025608E+004     0.38826378E+003
     0.60735888E+001     0.16527076E+003    -0.11533986E+004    -0.23112579E+003
     0.60779301E+001     0.16538889E+003    -0.88855635E+003    -0.77782628E+003
     0.60822715E+001     0.16550703E+003    -0.40410675E+003    -0.11182449E+004
     0.60866129E+001     0.16562516E+003     0.20159585E+003    -0.11766681E+004
     0.60909543E+001     0.16574329E+003     0.75627702E+003    -0.89972781E+003
     0.60952957E+001     0.16586143E+003     0.10946569E+004    -0.36500898E+003
     0.60996370E+001     0.16597956E+003     0.10701850E+004     0.24083720E+003
     0.61039784E+001     0.16609770E+003     0.78279978E+003     0.74376658E+003
     0.61083198E+001     0.16621583E+003     0.27361972E+003     0.10374693E+004
     0.61126612E+001     0.16633397E+003    -0.31073884E+003     0.10487241E+004
     0.61170026E+001     0.16645210E+003    -0.83911017E+003     0.74813153E+003
     0.61213439E+001     0.16657024E+003    -0.11312792E+004     0.21778200E+003
     0.61256853E+001     0.16668837E+003    -0.11073813E+004    -0.39183487E+003
     0.61300267E+001     0.16680651E+003    -0.77732465E+003    -0.89859712E+003
     0.61343681E+001     0.16692464E+003    -0.22767060E+003    -0.11694781E+004
     0.61387094E+001     0.16704278E+003     0.36323949E+003    -0.11095769E+004
     0.61430508E+001     0.16716091E+003     0.86667161E+003    -0.77334274E+003
     0.61473922E+001     0.16727905E+003     0.11177729E+004    -0.21702732E+003
     0.61517336E+001     0.16739718E+003     0.10523356E+004     0.39527410E+003
     0.61560750E+001     0.16751532E+003     0.66833397E+003     0.88626293E+003
     0.61604163E+001     0.16763345E+003     0.91145746E+002     0.11056203E+004
     0.61647577E+001     0.16775159E+003    -0.50933729E+003     0.10019015E+004
     0.61690991E+001     0.16786972E+003    -0.97778197E+003     0.59971488E+003
     0.61734405E+001     0.16798786E+003    -0.11689454E+004     0.14290134E+002
     0.61777819E+001     0.16810599E+003    -0.10218809E+004    -0.57768425E+003
     0.61821232E+001     0.16822413E+003    -0.62065972E+003    -0.10193529E+004
     0.61864646E+001     0.16834226E+003    -0.25636959E+002    -0.11868163E+004
     0.61908060E+001     0.16846040E+003     0.54934382E+003    -0.10241685E+004
     0.61951474E+001     0.16857853E+003     0.97571256E+003    -0.59699277E+003
     0.61994887E+001     0.16869667E+003     0.11188123E+004    -0.10984416E+002
     0.62038301E+001     0.16881480E+003     0.94043023E+003     0.57738162E+003
     0.62081715E+001     0.16893294E+003     0.47261721E+003     0.96312144E+003
     0.62125129E+001     0.16905107E+003    -0.10119455E+003     0.10691061E+004
     0.62168543E+001     0.16916921E+003    -0.64489814E+003     0.87503195E+003
     0.62211956E+001     0.16928734E+003    -0.10314872E+004     0.44182809E+003
     0.62255370E+001     0.16940548E+003    -0.11428391E+004    -0.15727269E+003
     0.62298784E+001     0.16952361E+003    -0.92413231E+003    -0.69529478E+003
     0.62342198E+001     0.16964175E+003    -0.47815808E+003    -0.10804619E+004
     0.62385612E+001     0.16975988E+003     0.12666651E+003    -0.11721449E+004
     0.62429025E+001     0.16987802E+003     0.69224995E+003    -0.93465673E+003
     0.62472439E+001     0.16999615E+003     0.10513529E+004    -0.43564105E+003
     0.62515853E+001     0.17011429E+003     0.10905025E+004     0.16578384E+003
     0.62559267E+001     0.17023242E+003     0.81975913E+003     0.70753621E+003
     0.62602680E+001     0.17035056E+003     0.32788241E+003     0.10113716E+004
     0.62646094E+001     0.17046869E+003    -0.24645776E+003     0.10541838E+004
     0.62689508E+001     0.17058683E+003    -0.78215877E+003     0.79752549E+003
     0.62732922E+001     0.17070496E+003    -0.11234426E+004     0.27853822E+003
     0.62776336E+001     0.17082310E+003    -0.11135755E+004    -0.32835395E+003
     0.62819749E+001     0.17094123E+003    -0.82328446E+003    -0.84325248E+003
     0.62863163E+001     0.17105937E+003    -0.30850831E+003    -0.11415233E+004
     0.62906577E+001     0.17117750E+003     0.30525688E+003    -0.11406358E+004
     0.62949991E+001     0.17129564E+003     0.82438046E+003    -0.81522221E+003
     0.62993405E+001     0.17141377E+003     0.11057066E+004    -0.26748035E+003
     0.63036818E+001     0.17153191E+003     0.10536365E+004     0.33936919E+003
     0.63080232E+001     0.17165004E+003     0.71249230E+003     0.83580325E+003
     0.63123646E+001     0.17176818E+003     0.15588457E+003     0.10871398E+004
     0.63167060E+001     0.17188631E+003    -0.44837132E+003     0.10248877E+004
     0.63210473E+001     0.17200445E+003    -0.93574174E+003     0.64596852E+003
     0.63253887E+001     0.17212258E+003    -0.11576009E+004     0.71388337E+002
     0.63297301E+001     0.17224072E+003    -0.10419615E+004    -0.51033954E+003
     0.63340715E+001     0.17235885E+003    -0.66523700E+003    -0.96838289E+003
     0.63384129E+001     0.17247699E+003    -0.10004521E+003    -0.11573114E+004
     0.63427542E+001     0.17259512E+003     0.46909089E+003    -0.10479721E+004
     0.63470956E+001     0.17271326E+003     0.92332051E+003    -0.66037817E+003
     0.63514370E+001     0.17283139E+003     0.11106705E+004    -0.87580704E+002
     0.63557784E+001     0.17294953E+003     0.96637865E+003     0.50361194E+003
     0.63601198E+001     0.17306766E+003     0.54734664E+003     0.92478053E+003
     0.63644611E+001     0.17318579E+003    -0.11080115E+002     0.10726203E+004
     0.63688025E+001     0.17330393E+003    -0.59625487E+003     0.94838139E+003
     0.63731439E+001     0.17342206E+003    -0.10237049E+004     0.49388329E+003
     0.63774853E+001     0.17354020E+003    -0.11473668E+004    -0.84716776E+002
     0.63818266E+001     0.17365833E+003    -0.96597061E+003    -0.65608107E+003
     0.63861680E+001     0.17377647E+003    -0.51973288E+003    -0.10440793E+004
     0.63905094E+001     0.17389460E+003     0.46502874E+002    -0.11642783E+004
     0.63948508E+001     0.17401274E+003     0.62363656E+003    -0.97579990E+003
     0.63991922E+001     0.17413087E+003     0.10043660E+004    -0.51752808E+003
     0.64035335E+001     0.17424901E+003     0.11175062E+004     0.82819287E+002
     0.64078749E+001     0.17436714E+003     0.88451492E+003     0.65181576E+003
     0.64122163E+001     0.17448528E+003     0.40982967E+003     0.10168868E+004
     0.64165577E+001     0.17460341E+003    -0.20125769E+003     0.10915713E+004
     0.64208991E+001     0.17472155E+003    -0.75065881E+003     0.84355687E+003
     0.64252404E+001     0.17483968E+003    -0.11098499E+004     0.35044664E+003
     0.64295818E+001     0.17495782E+003    -0.11610892E+004    -0.27493126E+003
     0.64339232E+001     0.17507595E+003    -0.86532138E+003    -0.82143672E+003
     0.64382646E+001     0.17519409E+003    -0.35857954E+003    -0.11398812E+004
     0.64426060E+001     0.17531222E+003     0.26180995E+003    -0.11640283E+004
     0.64469473E+001     0.17543036E+003     0.80190545E+003    -0.84638088E+003
     0.64512887E+001     0.17554849E+003     0.10890647E+004    -0.31600304E+003
     0.64556301E+001     0.17566663E+003     0.10725115E+004     0.31396078E+003
     0.64599715E+001     0.17578476E+003     0.71860689E+003     0.80689567E+003
     0.64643128E+001     0.17590290E+003     0.17600890E+003     0.10544593E+004
     0.64686542E+001     0.17602103E+003    -0.38919729E+003     0.99675602E+003
     0.64729956E+001     0.17613917E+003    -0.86045504E+003     0.67447549E+003
     0.64773370E+001     0.17625730E+003    -0.11048261E+004     0.16171299E+003
     0.64816784E+001     0.17637544E+003    -0.10703581E+004    -0.41948619E+003
     0.64860197E+001     0.17649357E+003    -0.75079504E+003    -0.90309127E+003
     0.64903611E+001     0.17661171E+003    -0.19223262E+003    -0.11721149E+004
     0.64947025E+001     0.17672984E+003     0.42209015E+003    -0.10961493E+004
     0.64990439E+001     0.17684798E+003     0.90549590E+003    -0.70376092E+003
     0.65033853E+001     0.17696611E+003     0.10893021E+004    -0.13520995E+003
     0.65077266E+001     0.17708425E+003     0.98028010E+003     0.43182586E+003
     0.65120680E+001     0.17720238E+003     0.60916407E+003     0.88688169E+003
     0.65164094E+001     0.17732052E+003     0.45631054E+002     0.10824923E+004
     0.65207508E+001     0.17743865E+003    -0.53729269E+003     0.95939919E+003
     0.65250921E+001     0.17755679E+003    -0.97190033E+003     0.55656165E+003
     0.65294335E+001     0.17767492E+003    -0.11524205E+004     0.37308193E+001
     0.65337749E+001     0.17779306E+003    -0.10268443E+004    -0.59631339E+003
     0.65381163E+001     0.17791119E+003    -0.58819730E+003    -0.10370284E+004
     0.65424577E+001     0.17802933E+003     0.29669597E+001    -0.11757404E+004
     0.65467990E+001     0.17814746E+003     0.56709224E+003    -0.99861963E+003
     0.65511404E+001     0.17826560E+003     0.97791359E+003    -0.57297332E+003
     0.65554818E+001     0.17838373E+003     0.11215604E+004     0.33958617E+002
     0.65598232E+001     0.17850187E+003     0.90749014E+003     0.60487757E+003
     0.65641646E+001     0.17862000E+003     0.44644923E+003     0.98701874E+003
     0.65685059E+001     0.17873814E+003    -0.13950732E+003     0.10763223E+004
     0.65728473E+001     0.17885627E+003    -0.68322677E+003     0.87087283E+003
     0.65771887E+001     0.17897441E+003    -0.10567797E+004     0.40703555E+003
     0.65815301E+001     0.17909254E+003    -0.11528487E+004    -0.17314231E+003
     0.65858714E+001     0.17921068E+003    -0.93267517E+003    -0.74568239E+003
     0.65902128E+001     0.17932881E+003    -0.43804667E+003    -0.11159741E+004
     0.65945542E+001     0.17944695E+003     0.17973895E+003    -0.11753198E+004
     0.65988956E+001     0.17956508E+003     0.72830716E+003    -0.90150318E+003
     0.66032370E+001     0.17968322E+003     0.10558179E+004    -0.40009044E+003
     0.66075783E+001     0.17980135E+003     0.11035500E+004     0.21046912E+003
     0.66119197E+001     0.17991949E+003     0.80261573E+003     0.74979786E+003
     0.66162611E+001     0.18003762E+003     0.28974101E+003     0.10608949E+004
     0.66206025E+001     0.18015576E+003    -0.31743746E+003     0.10696440E+004
     0.66249439E+001     0.18027389E+003    -0.84925730E+003     0.76760917E+003
     0.66292852E+001     0.18039203E+003    -0.11518119E+004     0.23155085E+003
     0.66336266E+001     0.18051016E+003    -0.11266364E+004    -0.39369534E+003
     0.66379680E+001     0.18062830E+003    -0.78048886E+003    -0.89746537E+003
     0.66423094E+001     0.18074643E+003    -0.24097148E+003    -0.11593832E+004
     0.66466507E+001     0.18086456E+003     0.35852773E+003    -0.11150065E+004
     0.66509921E+001     0.18098270E+003     0.85257599E+003    -0.76115050E+003
     0.66553335E+001     0.18110083E+003     0.10960986E+004    -0.23457607E+003
     0.66596749E+001     0.18121897E+003     0.10608146E+004     0.39214214E+003
     0.66640163E+001     0.18133710E+003     0.67215251E+003     0.88767078E+003
     0.66683576E+001     0.18145524E+003     0.86464116E+002     0.11141355E+004
     0.66726990E+001     0.18157337E+003    -0.50625638E+003     0.99283918E+003
     0.66770404E+001     0.18169151E+003    -0.96888680E+003     0.62238044E+003
     0.66813818E+001     0.18180964E+003    -0.11832456E+004     0.38412912E+002
     0.66857232E+001     0.18192778E+003    -0.10563170E+004    -0.56860584E+003
     0.66900645E+001     0.18204591E+003    -0.63726581E+003    -0.10204604E+004
     0.66944059E+001     0.18216405E+003    -0.39805842E+002    -0.11934535E+004
     0.66987473E+001     0.18228218E+003     0.54959055E+003    -0.10297490E+004
     0.67030887E+001     0.18240032E+003     0.97214434E+003    -0.58435384E+003
     0.67074301E+001     0.18251845E+003     0.10950272E+004    -0.13881401E+001
     0.67117714E+001     0.18263659E+003     0.91634794E+003     0.55200738E+003
     0.67161128E+001     0.18275472E+003     0.51096218E+003     0.94196169E+003
     0.67204542E+001     0.18287286E+003    -0.78904567E+002     0.11109080E+004
     0.67247956E+001     0.18299099E+003    -0.66576056E+003     0.90359571E+003
     0.67291369E+001     0.18310913E+003    -0.10614641E+004     0.46017247E+003
     0.67334783E+001     0.18322726E+003    -0.11578031E+004    -0.16280681E+003
     0.67378197E+001     0.18334540E+003    -0.94277788E+003    -0.70306286E+003
     0.67421611E+001     0.18346353E+003    -0.47287964E+003    -0.10855677E+004
     0.67465025E+001     0.18358167E+003     0.12171398E+003    -0.11597962E+004
     0.67508438E+001     0.18369980E+003     0.68254563E+003    -0.93685432E+003
     0.67551852E+001     0.18381794E+003     0.10340804E+004    -0.43618266E+003
     0.67595266E+001     0.18393607E+003     0.10983850E+004     0.16256737E+003
     0.67638680E+001     0.18405421E+003     0.82769470E+003     0.70543039E+003
     0.67682094E+001     0.18417234E+003     0.32061805E+003     0.10314203E+004
     0.67725507E+001     0.18429048E+003    -0.25748730E+003     0.10640623E+004
     0.67768921E+001     0.18440861E+003    -0.79368038E+003     0.78735064E+003
     0.67812335E+001     0.18452675E+003    -0.11024299E+004     0.29370502E+003
     0.67855749E+001     0.18464488E+003    -0.11458796E+004    -0.30702888E+003
     0.67899162E+001     0.18476302E+003    -0.83689396E+003    -0.85259224E+003
     0.67942576E+001     0.18488115E+003    -0.31065524E+003    -0.11393162E+004
     0.67985990E+001     0.18499929E+003     0.29389457E+003    -0.11367644E+004
     0.68029404E+001     0.18511742E+003     0.80755038E+003    -0.82164365E+003
     0.68072818E+001     0.18523556E+003     0.11020141E+004    -0.26605006E+003
     0.68116231E+001     0.18535369E+003     0.10439538E+004     0.34353661E+003
     0.68159645E+001     0.18547183E+003     0.70496710E+003     0.82117807E+003
     0.68203059E+001     0.18558996E+003     0.17215749E+003     0.10915645E+004
     0.68246473E+001     0.18570810E+003    -0.43535812E+003     0.10298444E+004
     0.68289887E+001     0.18582623E+003    -0.92950578E+003     0.67579961E+003
     0.68333300E+001     0.18594437E+003    -0.11796311E+004     0.11972258E+003
     0.68376714E+001     0.18606250E+003    -0.10905520E+004    -0.51179271E+003
     0.68420128E+001     0.18618064E+003    -0.68600680E+003    -0.97544706E+003
     0.68463542E+001     0.18629877E+003    -0.12366999E+003    -0.11798106E+004
     0.68506955E+001     0.18641691E+003     0.47522045E+003    -0.10726228E+004
     0.68550369E+001     0.18653504E+003     0.93547943E+003    -0.67015089E+003
     0.68593783E+001     0.18665318E+003     0.11304702E+004    -0.82090728E+002
     0.68637197E+001     0.18677131E+003     0.98312329E+003     0.52056553E+003
     0.68680611E+001     0.18688945E+003     0.56216085E+003     0.97341103E+003
     0.68724024E+001     0.18700758E+003    -0.66538102E+002     0.11144844E+004
     0.68767438E+001     0.18712572E+003    -0.63302632E+003     0.92273146E+003
     0.68810852E+001     0.18724385E+003    -0.10270232E+004     0.49863677E+003
     0.68854266E+001     0.18736199E+003    -0.11752304E+004    -0.10042563E+003
     0.68897680E+001     0.18748012E+003    -0.96873471E+003    -0.67104629E+003
     0.68941093E+001     0.18759826E+003    -0.50978172E+003    -0.10609547E+004
     0.68984507E+001     0.18771639E+003     0.67464857E+002    -0.11504612E+004
     0.69027921E+001     0.18783453E+003     0.61675131E+003    -0.95603757E+003
     0.69071335E+001     0.18795266E+003     0.10051263E+004    -0.50642620E+003
     0.69114748E+001     0.18807080E+003     0.11055311E+004     0.10911953E+003
     0.69158162E+001     0.18818893E+003     0.86163771E+003     0.65680222E+003
     0.69201576E+001     0.18830706E+003     0.39148466E+003     0.10304435E+004
     0.69244990E+001     0.18842520E+003    -0.23545329E+003     0.10905502E+004
     0.69288404E+001     0.18854333E+003    -0.76669109E+003     0.80972209E+003
     0.69331817E+001     0.18866147E+003    -0.10870949E+004     0.33010076E+003
     0.69375231E+001     0.18877960E+003    -0.11267157E+004    -0.26464881E+003
     0.69418645E+001     0.18889774E+003    -0.86087574E+003    -0.78390444E+003
     0.69462059E+001     0.18901587E+003    -0.37129535E+003    -0.11087850E+004
     0.69505473E+001     0.18913401E+003     0.22896196E+003    -0.11440807E+004
     0.69548886E+001     0.18925214E+003     0.76575883E+003    -0.84512513E+003
     0.69592300E+001     0.18937028E+003     0.10567761E+004    -0.32515204E+003
     0.69635714E+001     0.18948841E+003     0.10580953E+004     0.25820559E+003
     0.69679128E+001     0.18960655E+003     0.76371546E+003     0.79280341E+003
     0.69722541E+001     0.18972468E+003     0.21611325E+003     0.10687350E+004
     0.69765955E+001     0.18984282E+003    -0.37786279E+003     0.10529697E+004
     0.69809369E+001     0.18996095E+003    -0.88919485E+003     0.71828751E+003
     0.69852783E+001     0.19007909E+003    -0.11547884E+004     0.18027348E+003
     0.69896197E+001     0.19019722E+003    -0.11154185E+004    -0.44242878E+003
     0.69939610E+001     0.19031536E+003    -0.73297220E+003    -0.93990783E+003
     0.69983024E+001     0.19043349E+003    -0.18478012E+003    -0.11576499E+004
     0.70026438E+001     0.19055163E+003     0.40737311E+003    -0.10912135E+004
     0.70069852E+001     0.19066976E+003     0.88151090E+003    -0.72286456E+003
     0.70113266E+001     0.19078790E+003     0.11313633E+004    -0.14370400E+003
     0.70156679E+001     0.19090603E+003     0.99994992E+003     0.46223367E+003
     0.70200093E+001     0.19102417E+003     0.60389176E+003     0.92199767E+003
     0.70243507E+001     0.19114230E+003     0.22317775E+002     0.11156891E+004
     0.70286921E+001     0.19126044E+003    -0.57502811E+003     0.95992637E+003
     0.70330335E+001     0.19137857E+003    -0.99369958E+003     0.54727102E+003
     0.70373748E+001     0.19149671E+003    -0.11607454E+004    -0.15414407E+002
     0.70417162E+001     0.19161484E+003    -0.10204022E+004    -0.60082001E+003
     0.70460576E+001     0.19173298E+003    -0.58539873E+003    -0.10263555E+004
     0.70503990E+001     0.19185111E+003    -0.41800060E+001    -0.11714838E+004
     0.70547403E+001     0.19196925E+003     0.57691039E+003    -0.99487880E+003
     0.70590817E+001     0.19208738E+003     0.97104932E+003    -0.55734024E+003
     0.70634231E+001     0.19220552E+003     0.11084245E+004     0.24802706E+002
     0.70677645E+001     0.19232365E+003     0.92466568E+003     0.61478376E+003
     0.70721059E+001     0.19244179E+003     0.44233668E+003     0.10114110E+004
     0.70764472E+001     0.19255992E+003    -0.16283838E+003     0.11031125E+004
     0.70807886E+001     0.19267806E+003    -0.71352292E+003     0.86673891E+003
     0.70851300E+001     0.19279619E+003    -0.10828285E+004     0.40689489E+003
     0.70894714E+001     0.19291433E+003    -0.11641659E+004    -0.19882396E+003
     0.70938128E+001     0.19303246E+003    -0.92622364E+003    -0.75229049E+003
     0.70981541E+001     0.19315060E+003    -0.43296528E+003    -0.11256570E+004
     0.71024955E+001     0.19326873E+003     0.19747919E+003    -0.11692426E+004
     0.71068369E+001     0.19338687E+003     0.74485102E+003    -0.87671813E+003
     0.71111783E+001     0.19350500E+003     0.10412563E+004    -0.36622176E+003
     0.71155196E+001     0.19362314E+003     0.10833725E+004     0.21731218E+003
     0.71198610E+001     0.19374127E+003     0.78836983E+003     0.76481365E+003
     0.71242024E+001     0.19385941E+003     0.25868984E+003     0.10708608E+004
     0.71285438E+001     0.19397754E+003    -0.34452011E+003     0.10569894E+004
     0.71328852E+001     0.19409568E+003    -0.84679564E+003     0.74333607E+003
     0.71372265E+001     0.19421381E+003    -0.11413261E+004     0.22716292E+003
     0.71415679E+001     0.19433195E+003    -0.11259014E+004    -0.38574709E+003
     0.71459093E+001     0.19445008E+003    -0.78263331E+003    -0.89343060E+003
     0.71502507E+001     0.19456822E+003    -0.23455257E+003    -0.11585660E+004
     0.71545921E+001     0.19468635E+003     0.37014379E+003    -0.11013207E+004
     0.71589334E+001     0.19480449E+003     0.86229809E+003    -0.72718027E+003
     0.71632748E+001     0.19492262E+003     0.10743812E+004    -0.18340753E+003
     0.71676162E+001     0.19504076E+003     0.99591835E+003     0.38951614E+003
     0.71719576E+001     0.19515889E+003     0.65243135E+003     0.85852988E+003
     0.71762989E+001     0.19527703E+003     0.90928475E+002     0.10968491E+004
     0.71806403E+001     0.19539516E+003    -0.51846927E+003     0.99188409E+003
     0.71849817E+001     0.19551330E+003    -0.95562897E+003     0.59564467E+003
     0.71893231E+001     0.19563143E+003    -0.11449955E+004     0.42229213E+002
     0.71936645E+001     0.19574957E+003    -0.10354110E+004    -0.53051280E+003
     0.71980058E+001     0.19586770E+003    -0.64315282E+003    -0.97756581E+003
     0.72023472E+001     0.19598583E+003    -0.79264432E+002    -0.11514751E+004
     0.72066886E+001     0.19610397E+003     0.49859318E+003    -0.10355424E+004
     0.72110300E+001     0.19622210E+003     0.95296042E+003    -0.61285850E+003
     0.72153714E+001     0.19634024E+003     0.11026650E+004    -0.20687958E+002
     0.72197127E+001     0.19645837E+003     0.93585891E+003     0.54234226E+003
     0.72240541E+001     0.19657651E+003     0.51075710E+003     0.97684348E+003
     0.72283955E+001     0.19669464E+003    -0.99151639E+002     0.11038980E+004
     0.72327369E+001     0.19681278E+003    -0.65140498E+003     0.91093564E+003
     0.72370782E+001     0.19693091E+003    -0.10553041E+004     0.46560997E+003
     0.72414196E+001     0.19704905E+003    -0.11728588E+004    -0.12630778E+003
     0.72457610E+001     0.19716718E+003    -0.95885533E+003    -0.70411414E+003
     0.72501024E+001     0.19728532E+003    -0.48084428E+003    -0.10837018E+004
     0.72544438E+001     0.19740345E+003     0.12139705E+003    -0.11463210E+004
     0.72587851E+001     0.19752159E+003     0.64968633E+003    -0.92346928E+003
     0.72631265E+001     0.19763972E+003     0.10139172E+004    -0.44864894E+003
     0.72674679E+001     0.19775786E+003     0.10906708E+004     0.13657747E+003
     0.72718093E+001     0.19787599E+003     0.84445085E+003     0.68506676E+003
     0.72761507E+001     0.19799413E+003     0.37394368E+003     0.10613755E+004
     0.72804920E+001     0.19811226E+003    -0.27977526E+003     0.11229730E+004
     0.72848334E+001     0.19823040E+003    -0.83684896E+003     0.81218667E+003
     0.72891748E+001     0.19834853E+003    -0.11396692E+004     0.27344722E+003
     0.72935162E+001     0.19846667E+003    -0.11399957E+004    -0.31760248E+003
     0.72978576E+001     0.19858480E+003    -0.84552743E+003    -0.85476800E+003
     0.73021989E+001     0.19870294E+003    -0.29933435E+003    -0.11506744E+004
     0.73065403E+001     0.19882107E+003     0.30788647E+003    -0.11191770E+004
     0.73108817E+001     0.19893921E+003     0.80852631E+003    -0.78666948E+003
     0.73152231E+001     0.19905734E+003     0.10658405E+004    -0.26859315E+003
     0.73195644E+001     0.19917548E+003     0.10556286E+004     0.32436867E+003
     0.73239058E+001     0.19929361E+003     0.71363573E+003     0.85274102E+003
     0.73282472E+001     0.19941175E+003     0.14732665E+003     0.11017538E+004
     0.73325886E+001     0.19952988E+003    -0.45077603E+003     0.10494113E+004
     0.73369300E+001     0.19964802E+003    -0.96509683E+003     0.67581689E+003
     0.73412713E+001     0.19976615E+003    -0.11931304E+004     0.77468398E+002
     0.73456127E+001     0.19988429E+003    -0.10595833E+004    -0.52194463E+003
     0.73499541E+001     0.20000242E+003    -0.66874593E+003    -0.96088485E+003
     0.73542955E+001     0.20012056E+003    -0.11811965E+003    -0.11514013E+004
     0.73586369E+001     0.20023869E+003     0.47531073E+003    -0.10528974E+004
     0.73629782E+001     0.20035683E+003     0.91740453E+003    -0.62743357E+003
     0.73673196E+001     0.20047496E+003     0.10842352E+004    -0.60786860E+002
     0.73716610E+001     0.20059310E+003     0.93968089E+003     0.50244279E+003
     0.73760024E+001     0.20071123E+003     0.54148845E+003     0.92104936E+003
     0.73803437E+001     0.20082937E+003    -0.26216541E+002     0.10871278E+004
     0.73846851E+001     0.20094750E+003    -0.59197627E+003     0.94117173E+003
     0.73890265E+001     0.20106564E+003    -0.10251962E+004     0.53039209E+003
     0.73933679E+001     0.20118377E+003    -0.11809752E+004    -0.62399342E+002
     0.73977093E+001     0.20130191E+003    -0.10007951E+004    -0.65168481E+003
     0.74020506E+001     0.20142004E+003    -0.54431241E+003    -0.10610656E+004
     0.74063920E+001     0.20153818E+003     0.65407679E+002    -0.11708251E+004
     0.74107334E+001     0.20165631E+003     0.62807398E+003    -0.94725516E+003
     0.74150748E+001     0.20177445E+003     0.10018625E+004    -0.48879645E+003
     0.74194162E+001     0.20189258E+003     0.10867424E+004     0.11910299E+003
     0.74237575E+001     0.20201072E+003     0.84357631E+003     0.64807829E+003
     0.74280989E+001     0.20212885E+003     0.39693497E+003     0.10047523E+004
     0.74324403E+001     0.20224699E+003    -0.20434596E+003     0.10977190E+004
     0.74367817E+001     0.20236512E+003    -0.77031071E+003     0.84520636E+003
     0.74411230E+001     0.20248326E+003    -0.10970159E+004     0.33775497E+003
     0.74454644E+001     0.20260139E+003    -0.11381919E+004    -0.24588814E+003
     0.74498058E+001     0.20271953E+003    -0.88590808E+003    -0.77811212E+003
     0.74541472E+001     0.20283766E+003    -0.38216784E+003    -0.11153427E+004
     0.74584886E+001     0.20295580E+003     0.22191115E+003    -0.11427924E+004
     0.74628299E+001     0.20307393E+003     0.76159925E+003    -0.85133042E+003
     0.74671713E+001     0.20319207E+003     0.10627867E+004    -0.32420606E+003
     0.74715127E+001     0.20331020E+003     0.10630719E+004     0.27090780E+003
     0.74758541E+001     0.20342833E+003     0.75147261E+003     0.80601456E+003
     0.74801955E+001     0.20354647E+003     0.22139889E+003     0.10929122E+004
     0.74845368E+001     0.20366460E+003    -0.41263595E+003     0.10612870E+004
     0.74888782E+001     0.20378274E+003    -0.90930998E+003     0.69318050E+003
     0.74932196E+001     0.20390087E+003    -0.11281107E+004     0.15973776E+003
     0.74975610E+001     0.20401901E+003    -0.10967788E+004    -0.40501004E+003
     0.75019023E+001     0.20413714E+003    -0.75979943E+003    -0.91156812E+003
     0.75062437E+001     0.20425528E+003    -0.20311195E+003    -0.11571628E+004
     0.75105851E+001     0.20437341E+003     0.40587845E+003    -0.10861015E+004
     0.75149265E+001     0.20449155E+003     0.88165210E+003    -0.70647030E+003
     0.75192679E+001     0.20460968E+003     0.10961814E+004    -0.13638413E+003
     0.75236092E+001     0.20472782E+003     0.98594527E+003     0.44487566E+003
     0.75279506E+001     0.20484595E+003     0.61495655E+003     0.91245251E+003
     0.75322920E+001     0.20496409E+003     0.34190381E+002     0.11127137E+004
     0.75366334E+001     0.20508222E+003    -0.56057917E+003     0.99310906E+003
     0.75409748E+001     0.20520036E+003    -0.10186432E+004     0.57346234E+003
     0.75453161E+001     0.20531849E+003    -0.11821960E+004    -0.18611313E+002
     0.75496575E+001     0.20543663E+003    -0.10168969E+004    -0.60108453E+003
     0.75539989E+001     0.20555476E+003    -0.59376526E+003    -0.10130386E+004
     0.75583403E+001     0.20567290E+003    -0.19712203E+002    -0.11729255E+004
     0.75626816E+001     0.20579103E+003     0.57751420E+003    -0.99726968E+003
     0.75670230E+001     0.20590917E+003     0.98744801E+003    -0.52899077E+003
     0.75713644E+001     0.20602730E+003     0.10633325E+004     0.47027650E+002
     0.75757058E+001     0.20614544E+003     0.90847252E+003     0.58801239E+003
     0.75800472E+001     0.20626357E+003     0.44447059E+003     0.10000914E+004
     0.75843885E+001     0.20638171E+003    -0.13820933E+003     0.11011226E+004
     0.75887299E+001     0.20649984E+003    -0.70073052E+003     0.88585319E+003
     0.75930713E+001     0.20661798E+003    -0.10883495E+004     0.43668475E+003
     0.75974127E+001     0.20673611E+003    -0.11917019E+004    -0.18758967E+003
     0.76017541E+001     0.20685425E+003    -0.92655334E+003    -0.75058817E+003
     0.76060954E+001     0.20697238E+003    -0.43939969E+003    -0.11048936E+004
     0.76104368E+001     0.20709052E+003     0.16869791E+003    -0.11633977E+004
     0.76147782E+001     0.20720865E+003     0.73435748E+003    -0.90283460E+003
     0.76191196E+001     0.20732679E+003     0.10596580E+004    -0.36109319E+003
     0.76234610E+001     0.20744492E+003     0.10727734E+004     0.22813594E+003
     0.76278023E+001     0.20756306E+003     0.79096180E+003     0.77642248E+003
     0.76321437E+001     0.20768119E+003     0.24898812E+003     0.10791747E+004
     0.76364851E+001     0.20779933E+003    -0.35040201E+003     0.10566622E+004
     0.76408265E+001     0.20791746E+003    -0.84911228E+003     0.74582889E+003
     0.76451678E+001     0.20803560E+003    -0.11294377E+004     0.24101645E+003
     0.76495092E+001     0.20815373E+003    -0.11307193E+004    -0.36242365E+003
     0.76538506E+001     0.20827187E+003    -0.79593583E+003    -0.88016692E+003
     0.76581920E+001     0.20839000E+003    -0.25692876E+003    -0.11446003E+004
     0.76625334E+001     0.20850814E+003     0.34846372E+003    -0.11006906E+004
     0.76668747E+001     0.20862627E+003     0.84606821E+003    -0.74427501E+003
     0.76712161E+001     0.20874441E+003     0.10830275E+004    -0.20499891E+003
     0.76755575E+001     0.20886254E+003     0.10181633E+004     0.40268417E+003
     0.76798989E+001     0.20898068E+003     0.64032350E+003     0.87465576E+003
     0.76842403E+001     0.20909881E+003     0.10421215E+003     0.10888414E+004
     0.76885816E+001     0.20921695E+003    -0.50071709E+003     0.10272550E+004
     0.76929230E+001     0.20933508E+003    -0.98496575E+003     0.62325515E+003
     0.76972644E+001     0.20945322E+003    -0.11757674E+004     0.46906402E+002
     0.77016058E+001     0.20957135E+003    -0.10514461E+004    -0.54607868E+003
     0.77059471E+001     0.20968949E+003    -0.64353963E+003    -0.97436871E+003
     0.77102885E+001     0.20980762E+003    -0.82292431E+002    -0.11564037E+004
     0.77146299E+001     0.20992576E+003     0.50316528E+003    -0.10321659E+004
     0.77189713E+001     0.21004389E+003     0.94132853E+003    -0.60327088E+003
     0.77233127E+001     0.21016203E+003     0.11080171E+004    -0.27064303E+002
     0.77276540E+001     0.21028016E+003     0.94577687E+003     0.57374619E+003
     0.77319954E+001     0.21039830E+003     0.48226106E+003     0.97366626E+003
     0.77363368E+001     0.21051643E+003    -0.81242312E+002     0.11061544E+004
     0.77406782E+001     0.21063457E+003    -0.65783357E+003     0.93285355E+003
     0.77450196E+001     0.21075270E+003    -0.10704183E+004     0.47546360E+003
     0.77493609E+001     0.21087083E+003    -0.11846016E+004    -0.12029150E+003
     0.77537023E+001     0.21098897E+003    -0.97619425E+003    -0.69683920E+003
     0.77580437E+001     0.21110710E+003    -0.49608042E+003    -0.10869338E+004
     0.77623851E+001     0.21122524E+003     0.11583793E+003    -0.11651738E+004
     0.77667264E+001     0.21134337E+003     0.67920728E+003    -0.91288353E+003
     0.77710678E+001     0.21146151E+003     0.10039231E+004    -0.43078742E+003
     0.77754092E+001     0.21157964E+003     0.10908218E+004     0.13936174E+003
     0.77797506E+001     0.21169778E+003     0.85443085E+003     0.72074643E+003
     0.77840920E+001     0.21181591E+003     0.32802990E+003     0.10737567E+004
     0.77884333E+001     0.21193405E+003    -0.27603211E+003     0.10830229E+004
     0.77927747E+001     0.21205218E+003    -0.84363225E+003     0.81318203E+003
     0.77971161E+001     0.21217032E+003    -0.11223148E+004     0.29048862E+003
     0.78014575E+001     0.21228845E+003    -0.11508212E+004    -0.29083102E+003
     0.78057989E+001     0.21240659E+003    -0.85513292E+003    -0.83516295E+003
     0.78101402E+001     0.21252472E+003    -0.33177479E+003    -0.11464408E+004
     0.78144816E+001     0.21264286E+003     0.29809364E+003    -0.11341267E+004
     0.78188230E+001     0.21276099E+003     0.80910474E+003    -0.80069415E+003
     0.78231644E+001     0.21287913E+003     0.10924117E+004    -0.25874634E+003
     0.78275057E+001     0.21299726E+003     0.10565659E+004     0.35927238E+003
     0.78318471E+001     0.21311540E+003     0.68939098E+003     0.85839716E+003
     0.78361885E+001     0.21323353E+003     0.14912378E+003     0.11083086E+004
     0.78405299E+001     0.21335167E+003    -0.46555814E+003     0.10518186E+004
     0.78448713E+001     0.21346980E+003    -0.96492429E+003     0.68825637E+003
     0.78492126E+001     0.21358794E+003    -0.11972367E+004     0.85538530E+002
     0.78535540E+001     0.21370607E+003    -0.10753966E+004    -0.50891291E+003
     0.78578954E+001     0.21382421E+003    -0.67665233E+003    -0.96576302E+003
     0.78622368E+001     0.21394234E+003    -0.10923998E+003    -0.11556136E+004
     0.78665782E+001     0.21406048E+003     0.46984462E+003    -0.10256815E+004
     0.78709195E+001     0.21417861E+003     0.91314493E+003    -0.63266110E+003
     0.78752609E+001     0.21429675E+003     0.10705550E+004    -0.58201589E+002
     0.78796023E+001     0.21441488E+003     0.95016013E+003     0.49879185E+003
     0.78839437E+001     0.21453302E+003     0.55342129E+003     0.94230545E+003
     0.78882850E+001     0.21465115E+003    -0.40916654E+002     0.11087164E+004
     0.78926264E+001     0.21476929E+003    -0.60891014E+003     0.94440437E+003
     0.78969678E+001     0.21488742E+003    -0.10289896E+004     0.53563792E+003
     0.79013092E+001     0.21500556E+003    -0.11807137E+004    -0.55838501E+002
     0.79056506E+001     0.21512369E+003    -0.10136596E+004    -0.64099481E+003
     0.79099919E+001     0.21524183E+003    -0.55208751E+003    -0.10565781E+004
     0.79143333E+001     0.21535996E+003     0.52883716E+002    -0.11694820E+004
     0.79186747E+001     0.21547810E+003     0.62949609E+003    -0.96321903E+003
     0.79230161E+001     0.21559623E+003     0.10126987E+004    -0.47476856E+003
     0.79273575E+001     0.21571437E+003     0.10866192E+004     0.11846583E+003
     0.79316988E+001     0.21583250E+003     0.85264628E+003     0.67004452E+003
     0.79360402E+001     0.21595064E+003     0.38180210E+003     0.10437007E+004
     0.79403816E+001     0.21606877E+003    -0.23460144E+003     0.10933632E+004
     0.79447230E+001     0.21618691E+003    -0.76294656E+003     0.84365438E+003
     0.79490644E+001     0.21630504E+003    -0.11117470E+004     0.36030533E+003
     0.79534057E+001     0.21642318E+003    -0.11647416E+004    -0.25148617E+003
     0.79577471E+001     0.21654131E+003    -0.87779004E+003    -0.79254156E+003
     0.79620885E+001     0.21665945E+003    -0.37957911E+003    -0.11253951E+004
     0.79664299E+001     0.21677758E+003     0.25149131E+003    -0.11317294E+004
     0.79707712E+001     0.21689572E+003     0.75854174E+003    -0.80688650E+003
     0.79751126E+001     0.21701385E+003     0.10474625E+004    -0.31753644E+003
     0.79794540E+001     0.21713199E+003     0.10443441E+004     0.28582385E+003
     0.79837954E+001     0.21725012E+003     0.74162727E+003     0.80133878E+003
     0.79881368E+001     0.21736826E+003     0.21169204E+003     0.10915466E+004
     0.79924781E+001     0.21748639E+003    -0.41749176E+003     0.10617080E+004
     0.79968195E+001     0.21760453E+003    -0.90264689E+003     0.70224382E+003
     0.80011609E+001     0.21772266E+003    -0.11403788E+004     0.18276517E+003
     0.80055023E+001     0.21784080E+003    -0.11143756E+004    -0.40896423E+003
     0.80098437E+001     0.21795893E+003    -0.76133920E+003    -0.92616200E+003
     0.80141850E+001     0.21807707E+003    -0.18392575E+003    -0.11524218E+004
     0.80185264E+001     0.21819520E+003     0.40867163E+003    -0.10574912E+004
     0.80228678E+001     0.21831334E+003     0.86750349E+003    -0.69676007E+003
     0.80272092E+001     0.21843147E+003     0.10873671E+004    -0.12503510E+003
     0.80315505E+001     0.21854960E+003     0.98251028E+003     0.45012518E+003
     0.80358919E+001     0.21866774E+003     0.60486909E+003     0.92212897E+003
     0.80402333E+001     0.21878587E+003     0.18354019E+002     0.11215449E+004
     0.80445747E+001     0.21890401E+003    -0.58825405E+003     0.98198968E+003
     0.80489161E+001     0.21902214E+003    -0.10010725E+004     0.54770571E+003
     0.80532574E+001     0.21914028E+003    -0.11533349E+004    -0.48007160E+001
     0.80575988E+001     0.21925841E+003    -0.10056606E+004    -0.57305061E+003
     0.80619402E+001     0.21937655E+003    -0.61327884E+003    -0.97372842E+003
     0.80662816E+001     0.21949468E+003    -0.48916507E+002    -0.11639962E+004
     0.80706230E+001     0.21961282E+003     0.55502665E+003    -0.10069986E+004
     0.80749643E+001     0.21973095E+003     0.97327088E+003    -0.55067051E+003
     0.80793057E+001     0.21984909E+003     0.10967060E+004     0.37541897E+002
     0.80836471E+001     0.21996722E+003     0.91373136E+003     0.61129608E+003
     0.80879885E+001     0.22008536E+003     0.45739727E+003     0.10233583E+004
     0.80923298E+001     0.22020349E+003    -0.16326243E+003     0.11326471E+004
     0.80966712E+001     0.22032163E+003    -0.73713271E+003     0.90097626E+003
     0.81010126E+001     0.22043976E+003    -0.11020157E+004     0.41157965E+003
     0.81053540E+001     0.22055790E+003    -0.11764436E+004    -0.18783760E+003
     0.81096954E+001     0.22067603E+003    -0.92962857E+003    -0.75311469E+003
     0.81140367E+001     0.22079417E+003    -0.43238710E+003    -0.10960690E+004
     0.81183781E+001     0.22091230E+003     0.16641340E+003    -0.11469036E+004
     0.81227195E+001     0.22103044E+003     0.72738010E+003    -0.87969391E+003
     0.81270609E+001     0.22114857E+003     0.10466476E+004    -0.36354438E+003
     0.81314023E+001     0.22126671E+003     0.10764053E+004     0.24175616E+003
     0.81357436E+001     0.22138484E+003     0.78218851E+003     0.78225006E+003
     0.81400850E+001     0.22150298E+003     0.24135502E+003     0.10886620E+004
     0.81444264E+001     0.22162111E+003    -0.35985091E+003     0.10712850E+004
     0.81487678E+001     0.22173925E+003    -0.86377097E+003     0.74820546E+003
     0.81531091E+001     0.22185738E+003    -0.11413391E+004     0.23091486E+003
     0.81574505E+001     0.22197552E+003    -0.11212954E+004    -0.36958716E+003
     0.81617919E+001     0.22209365E+003    -0.78459432E+003    -0.87608225E+003
     0.81661333E+001     0.22221179E+003    -0.24053250E+003    -0.11281049E+004
     0.81704747E+001     0.22232992E+003     0.34191919E+003    -0.10623786E+004
     0.81748160E+001     0.22244806E+003     0.81305782E+003    -0.74747541E+003
     0.81791574E+001     0.22256619E+003     0.10773589E+004    -0.19474948E+003
     0.81834988E+001     0.22268433E+003     0.10201560E+004     0.39300209E+003
     0.81878402E+001     0.22280246E+003     0.64905052E+003     0.90693083E+003
     0.81921816E+001     0.22292060E+003     0.64903349E+002     0.11142787E+004
     0.81965229E+001     0.22303873E+003    -0.53012929E+003     0.99545995E+003
     0.82008643E+001     0.22315687E+003    -0.96248619E+003     0.60056974E+003
     0.82052057E+001     0.22327500E+003    -0.11408015E+004     0.77506406E+002
     0.82095471E+001     0.22339314E+003    -0.10746861E+004    -0.51735336E+003
     0.82138885E+001     0.22351127E+003    -0.64426849E+003    -0.98532689E+003
     0.82182298E+001     0.22362941E+003    -0.69817528E+002    -0.11498984E+004
     0.82225712E+001     0.22374754E+003     0.49901512E+003    -0.99886104E+003
     0.82269126E+001     0.22386568E+003     0.92358141E+003    -0.59249217E+003
     0.82312540E+001     0.22398381E+003     0.10867028E+004    -0.23491045E+002
     0.82355953E+001     0.22410195E+003     0.92658043E+003     0.55454902E+003
     0.82399367E+001     0.22422008E+003     0.50335580E+003     0.98104544E+003
     0.82442781E+001     0.22433822E+003    -0.76299777E+002     0.11166535E+004
     0.82486195E+001     0.22445635E+003    -0.67676848E+003     0.94559435E+003
     0.82529609E+001     0.22457449E+003    -0.10751233E+004     0.48058815E+003
     0.82573022E+001     0.22469262E+003    -0.11871039E+004    -0.12040700E+003
     0.82616436E+001     0.22481076E+003    -0.97023266E+003    -0.69235881E+003
     0.82659850E+001     0.22492889E+003    -0.49002674E+003    -0.10801351E+004
     0.82703264E+001     0.22504703E+003     0.11503167E+003    -0.11399073E+004
     0.82746678E+001     0.22516516E+003     0.65432430E+003    -0.91159494E+003
     0.82790091E+001     0.22528330E+003     0.10292087E+004    -0.43353146E+003
     0.82833505E+001     0.22540143E+003     0.10878115E+004     0.19047213E+003
     0.82876919E+001     0.22551957E+003     0.80822960E+003     0.73165374E+003
     0.82920333E+001     0.22563770E+003     0.31031465E+003     0.10662364E+004
     0.82963746E+001     0.22575584E+003    -0.30722578E+003     0.10829727E+004
     0.83007160E+001     0.22587397E+003    -0.80898312E+003     0.77686488E+003
     0.83050574E+001     0.22599210E+003    -0.11115193E+004     0.30164663E+003
     0.83093988E+001     0.22611024E+003    -0.11318594E+004    -0.30355311E+003
     0.83137402E+001     0.22622837E+003    -0.82618774E+003    -0.81370833E+003
     0.83180815E+001     0.22634651E+003    -0.31828523E+003    -0.10837213E+004
     0.83224229E+001     0.22646464E+003     0.24742171E+003    -0.10902532E+004
     0.83267643E+001     0.22658278E+003     0.75908895E+003    -0.80068056E+003
     0.83311057E+001     0.22670091E+003     0.10766998E+004    -0.29058235E+003
     0.83354471E+001     0.22681905E+003     0.10617160E+004     0.34898093E+003
     0.83397884E+001     0.22693718E+003     0.70224099E+003     0.87031174E+003
     0.83441298E+001     0.22705532E+003     0.12393114E+003     0.11070000E+004
     0.83484712E+001     0.22717345E+003    -0.46490757E+003     0.10224887E+004
     0.83528126E+001     0.22729159E+003    -0.91651266E+003     0.67013691E+003
     0.83571539E+001     0.22740972E+003    -0.11593935E+004     0.13858280E+003
     0.83614953E+001     0.22752786E+003    -0.10886654E+004    -0.45654108E+003
     0.83658367E+001     0.22764599E+003    -0.71723814E+003    -0.93210149E+003
     0.83701781E+001     0.22776413E+003    -0.15610763E+003    -0.11628411E+004
     0.83745195E+001     0.22788226E+003     0.45661093E+003    -0.10486231E+004
     0.83788608E+001     0.22800040E+003     0.90133888E+003    -0.64039368E+003
     0.83832022E+001     0.22811853E+003     0.10862707E+004    -0.75778011E+002
     0.83875436E+001     0.22823667E+003     0.96132314E+003     0.50480660E+003
     0.83918850E+001     0.22835480E+003     0.56928770E+003     0.95899085E+003
     0.83962264E+001     0.22847294E+003    -0.42130332E+002     0.11436952E+004
     0.84005677E+001     0.22859107E+003    -0.63763827E+003     0.95509491E+003
     0.84049091E+001     0.22870921E+003    -0.10288162E+004     0.52493710E+003
     0.84092505E+001     0.22882734E+003    -0.11886144E+004    -0.50565128E+002
     0.84135919E+001     0.22894548E+003    -0.99954407E+003    -0.64127996E+003
     0.84179332E+001     0.22906361E+003    -0.54660054E+003    -0.10421760E+004
     0.84222746E+001     0.22918175E+003     0.48853063E+002    -0.11407833E+004
     0.84266160E+001     0.22929988E+003     0.60522779E+003    -0.93249394E+003
     0.84309574E+001     0.22941802E+003     0.97524626E+003    -0.48817360E+003
     0.84352988E+001     0.22953615E+003     0.10860145E+004     0.90041676E+002
     0.84396401E+001     0.22965429E+003     0.87418659E+003     0.67351737E+003
     0.84439815E+001     0.22977242E+003     0.38232675E+003     0.10418937E+004
     0.84483229E+001     0.22989056E+003    -0.22356027E+003     0.11063234E+004
     0.84526643E+001     0.23000869E+003    -0.76956488E+003     0.85960756E+003
     0.84570057E+001     0.23012683E+003    -0.11002232E+004     0.37134361E+003
     0.84613470E+001     0.23024496E+003    -0.11702039E+004    -0.22670684E+003
     0.84656884E+001     0.23036310E+003    -0.89467350E+003    -0.77304326E+003
     0.84700298E+001     0.23048123E+003    -0.38674666E+003    -0.11054492E+004
     0.84743712E+001     0.23059937E+003     0.21137024E+003    -0.11169708E+004
     0.84787125E+001     0.23071750E+003     0.73786090E+003    -0.85156771E+003
     0.84830539E+001     0.23083564E+003     0.10658703E+004    -0.32538111E+003
     0.84873953E+001     0.23095377E+003     0.10731425E+004     0.28759742E+003
     0.84917367E+001     0.23107191E+003     0.75895134E+003     0.82191950E+003
     0.84960781E+001     0.23119004E+003     0.20088215E+003     0.11242006E+004
     0.85004194E+001     0.23130818E+003    -0.40479775E+003     0.10725410E+004
     0.85047608E+001     0.23142631E+003    -0.92426548E+003     0.74677575E+003
     0.85091022E+001     0.23154445E+003    -0.11938471E+004     0.17909396E+003
     0.85134436E+001     0.23166258E+003    -0.11204622E+004    -0.44352999E+003
     0.85177850E+001     0.23178072E+003    -0.73293102E+003    -0.92525748E+003
     0.85221263E+001     0.23189885E+003    -0.18075567E+003    -0.11483616E+004
     0.85264677E+001     0.23201699E+003     0.42025235E+003    -0.10547465E+004
     0.85308091E+001     0.23213512E+003     0.87801972E+003    -0.65325257E+003
     0.85351505E+001     0.23225326E+003     0.10711588E+004    -0.11601876E+003
     0.85394919E+001     0.23237139E+003     0.97158695E+003     0.47370087E+003
     0.85438332E+001     0.23248953E+003     0.56580067E+003     0.92302263E+003
     0.85481746E+001     0.23260766E+003     0.16851913E+002     0.10927850E+004
     0.85525160E+001     0.23272580E+003    -0.55251287E+003     0.98906024E+003
     0.85568574E+001     0.23284393E+003    -0.10127232E+004     0.58730781E+003
     0.85611987E+001     0.23296207E+003    -0.11777746E+004    -0.21776697E+002
     0.85655401E+001     0.23308020E+003    -0.99845975E+003    -0.56065139E+003
     0.85698815E+001     0.23319834E+003    -0.61174850E+003    -0.98693078E+003
     0.85742229E+001     0.23331647E+003    -0.20955468E+002    -0.11504599E+004
     0.85785643E+001     0.23343460E+003     0.56496737E+003    -0.96644461E+003
     0.85829056E+001     0.23355274E+003     0.94413228E+003    -0.51137250E+003
     0.85872470E+001     0.23367087E+003     0.10623392E+004     0.39654659E+002
     0.85915884E+001     0.23378901E+003     0.89992653E+003     0.59697222E+003
     0.85959298E+001     0.23390714E+003     0.44152594E+003     0.10142374E+004
     0.86002712E+001     0.23402528E+003    -0.14169913E+003     0.11175863E+004
     0.86046125E+001     0.23414341E+003    -0.72966035E+003     0.90330854E+003
     0.86089539E+001     0.23426155E+003    -0.11019498E+004     0.41325254E+003
     0.86132953E+001     0.23437968E+003    -0.11461461E+004    -0.18919335E+003
     0.86176367E+001     0.23449782E+003    -0.91123836E+003    -0.70523659E+003
     0.86219780E+001     0.23461595E+003    -0.45666424E+003    -0.10514628E+004
     0.86263194E+001     0.23473409E+003     0.14646898E+003    -0.11339181E+004
     0.86306608E+001     0.23485222E+003     0.69453533E+003    -0.87432490E+003
     0.86350022E+001     0.23497036E+003     0.10355301E+004    -0.37763812E+003
     0.86393436E+001     0.23508849E+003     0.10626458E+004     0.23745746E+003
     0.86436849E+001     0.23520663E+003     0.77590619E+003     0.76033040E+003
     0.86480263E+001     0.23532476E+003     0.26080972E+003     0.10725274E+004
     0.86523677E+001     0.23544290E+003    -0.33214370E+003     0.10703947E+004
     0.86567091E+001     0.23556103E+003    -0.83926612E+003     0.77716589E+003
     0.86610505E+001     0.23567917E+003    -0.11418577E+004     0.26704167E+003
     0.86653918E+001     0.23579730E+003    -0.11320120E+004    -0.34421188E+003
     0.86697332E+001     0.23591544E+003    -0.80671876E+003    -0.84556259E+003
     0.86740746E+001     0.23603357E+003    -0.27244318E+003    -0.11222670E+004
     0.86784160E+001     0.23615171E+003     0.32679405E+003    -0.10835391E+004
     0.86827573E+001     0.23626984E+003     0.82284637E+003    -0.73781361E+003
     0.86870987E+001     0.23638798E+003     0.10617521E+004    -0.20423075E+003
     0.86914401E+001     0.23650611E+003     0.10183634E+004     0.39579549E+003
     0.86957815E+001     0.23662425E+003     0.64904576E+003     0.88270179E+003
     0.87001229E+001     0.23674238E+003     0.10303871E+003     0.11048909E+004
     0.87044642E+001     0.23686052E+003    -0.48446489E+003     0.10458545E+004
     0.87088056E+001     0.23697865E+003    -0.99452806E+003     0.66205315E+003
     0.87131470E+001     0.23709679E+003    -0.11828471E+004     0.65278896E+002
     0.87174884E+001     0.23721492E+003    -0.10741996E+004    -0.51413630E+003
     0.87218298E+001     0.23733306E+003    -0.66485750E+003    -0.96805690E+003
     0.87261711E+001     0.23745119E+003    -0.95815547E+002    -0.11595485E+004
     0.87305125E+001     0.23756933E+003     0.51571134E+003    -0.10091486E+004
     0.87348539E+001     0.23768746E+003     0.93138350E+003    -0.59035872E+003
     0.87391953E+001     0.23780560E+003     0.10909133E+004    -0.57442584E+001
     0.87435366E+001     0.23792373E+003     0.92983448E+003     0.56258438E+003
     0.87478780E+001     0.23804187E+003     0.50011453E+003     0.98470173E+003
     0.87522194E+001     0.23816000E+003    -0.82225019E+002     0.11363244E+004
     0.87565608E+001     0.23827814E+003    -0.67856717E+003     0.96072488E+003
     0.87609022E+001     0.23839627E+003    -0.10877993E+004     0.47519067E+003
     0.87652435E+001     0.23851441E+003    -0.11757670E+004    -0.11455293E+003
     0.87695849E+001     0.23863254E+003    -0.97946775E+003    -0.67286279E+003
     0.87739263E+001     0.23875068E+003    -0.49024921E+003    -0.10702893E+004
     0.87782677E+001     0.23886881E+003     0.10301210E+003    -0.11278411E+004
     0.87826091E+001     0.23898695E+003     0.64200415E+003    -0.91299686E+003
     0.87869504E+001     0.23910508E+003     0.10324381E+004    -0.42991334E+003
     0.87912918E+001     0.23922322E+003     0.10781799E+004     0.19236057E+003
     0.87956332E+001     0.23934135E+003     0.82004366E+003     0.72296313E+003
     0.87999746E+001     0.23945949E+003     0.31587926E+003     0.10845915E+004
     0.88043159E+001     0.23957762E+003    -0.30726466E+003     0.10911946E+004
     0.88086573E+001     0.23969576E+003    -0.80409244E+003     0.80385771E+003
     0.88129987E+001     0.23981389E+003    -0.11233165E+004     0.31658549E+003
     0.88173401E+001     0.23993203E+003    -0.11451342E+004    -0.28799246E+003
     0.88216815E+001     0.24005016E+003    -0.84576313E+003    -0.81045385E+003
     0.88260228E+001     0.24016830E+003    -0.32724305E+003    -0.11087991E+004
     0.88303642E+001     0.24028643E+003     0.27078692E+003    -0.10963504E+004
     0.88347056E+001     0.24040457E+003     0.78789555E+003    -0.77830240E+003
     0.88390470E+001     0.24052270E+003     0.10549861E+004    -0.25062979E+003
     0.88433884E+001     0.24064084E+003     0.10469920E+004     0.35864075E+003
     0.88477297E+001     0.24075897E+003     0.66513435E+003     0.87018333E+003
     0.88520711E+001     0.24087711E+003     0.13384673E+003     0.10828579E+004
     0.88564125E+001     0.24099524E+003    -0.43843529E+003     0.10292222E+004
     0.88607539E+001     0.24111337E+003    -0.91187590E+003     0.69326313E+003
     0.88650953E+001     0.24123151E+003    -0.11698792E+004     0.15213108E+003
     0.88694366E+001     0.24134964E+003    -0.10794539E+004    -0.45294453E+003
     0.88737780E+001     0.24146778E+003    -0.72693262E+003    -0.90406359E+003
     0.88781194E+001     0.24158591E+003    -0.17778518E+003    -0.11503101E+004
     0.88824608E+001     0.24170405E+003     0.44779226E+003    -0.10558934E+004
     0.88868021E+001     0.24182218E+003     0.91985995E+003    -0.64740607E+003
     0.88911435E+001     0.24194032E+003     0.10905599E+004    -0.52378978E+002
     0.88954849E+001     0.24205845E+003     0.95288622E+003     0.52611857E+003
     0.88998263E+001     0.24217659E+003     0.53113712E+003     0.96008354E+003
     0.89041677E+001     0.24229472E+003    -0.32943624E+002     0.11154042E+004
     0.89085090E+001     0.24241286E+003    -0.60342041E+003     0.96829710E+003
     0.89128504E+001     0.24253099E+003    -0.10387208E+004     0.55403019E+003
     0.89171918E+001     0.24264913E+003    -0.11847535E+004    -0.47994962E+002
     0.89215332E+001     0.24276726E+003    -0.99079803E+003    -0.61985557E+003
     0.89258746E+001     0.24288540E+003    -0.56473058E+003    -0.10083228E+004
     0.89302159E+001     0.24300353E+003     0.23593615E+002    -0.11408074E+004
     0.89345573E+001     0.24312167E+003     0.59862061E+003    -0.95571337E+003
     0.89388987E+001     0.24323980E+003     0.98788510E+003    -0.48817052E+003
     0.89432401E+001     0.24335794E+003     0.11025212E+004     0.11922398E+003
     0.89475814E+001     0.24347607E+003     0.85733030E+003     0.69597794E+003
     0.89519228E+001     0.24359421E+003     0.36173775E+003     0.10453267E+004
     0.89562642E+001     0.24371234E+003    -0.23424417E+003     0.10993116E+004
     0.89606056E+001     0.24383048E+003    -0.75806952E+003     0.84701174E+003
     0.89649470E+001     0.24394861E+003    -0.10894854E+004     0.37838703E+003
     0.89692883E+001     0.24406675E+003    -0.11576952E+004    -0.21612021E+003
     0.89736297E+001     0.24418488E+003    -0.88685450E+003    -0.75717322E+003
     0.89779711E+001     0.24430302E+003    -0.38285688E+003    -0.10815490E+004
     0.89823125E+001     0.24442115E+003     0.20370147E+003    -0.10877459E+004
     0.89866539E+001     0.24453929E+003     0.71645859E+003    -0.82302433E+003
     0.89909952E+001     0.24465742E+003     0.10261062E+004    -0.32953906E+003
     0.89953366E+001     0.24477556E+003     0.10514761E+004     0.27237623E+003
     0.89996780E+001     0.24489369E+003     0.74684149E+003     0.79184316E+003
     0.90040194E+001     0.24501183E+003     0.23982869E+003     0.10827749E+004
     0.90083607E+001     0.24512996E+003    -0.36006625E+003     0.11018989E+004
     0.90127021E+001     0.24524810E+003    -0.90488749E+003     0.78207138E+003
     0.90170435E+001     0.24536623E+003    -0.11985022E+004     0.21748800E+003
     0.90213849E+001     0.24548437E+003    -0.11258552E+004    -0.41504844E+003
     0.90257263E+001     0.24560250E+003    -0.76632854E+003    -0.89985484E+003
     0.90300676E+001     0.24572064E+003    -0.21212918E+003    -0.11427180E+004
     0.90344090E+001     0.24583877E+003     0.40165665E+003    -0.10576649E+004
     0.90387504E+001     0.24595691E+003     0.86237640E+003    -0.67670815E+003
     0.90430918E+001     0.24607504E+003     0.10753627E+004    -0.13213740E+003
     0.90474332E+001     0.24619318E+003     0.98641574E+003     0.45703518E+003
     0.90517745E+001     0.24631131E+003     0.60895848E+003     0.92533588E+003
     0.90561159E+001     0.24642945E+003     0.29394998E+002     0.11399001E+004
     0.90604573E+001     0.24654758E+003    -0.56742407E+003     0.10090878E+004
     0.90647987E+001     0.24666572E+003    -0.10117749E+004     0.58986797E+003
     0.90691400E+001     0.24678385E+003    -0.11873092E+004     0.24434285E+002
     0.90734814E+001     0.24690199E+003    -0.10233420E+004    -0.57105224E+003
     0.90778228E+001     0.24702012E+003    -0.60658943E+003    -0.98978366E+003
     0.90821642E+001     0.24713826E+003    -0.26764239E+002    -0.11224961E+004
     0.90865056E+001     0.24725639E+003     0.52959683E+003    -0.95574588E+003
     0.90908469E+001     0.24737453E+003     0.93588187E+003    -0.54876088E+003
     0.90951883E+001     0.24749266E+003     0.10792697E+004     0.33297511E+002
     0.90995297E+001     0.24761080E+003     0.91436179E+003     0.60604326E+003
     0.91038711E+001     0.24772893E+003     0.45287775E+003     0.10156782E+004
     0.91082125E+001     0.24784707E+003    -0.12981208E+003     0.11307237E+004
     0.91125538E+001     0.24796520E+003    -0.70507151E+003     0.93657369E+003
     0.91168952E+001     0.24808334E+003    -0.11116051E+004     0.46169006E+003
     0.91212366E+001     0.24820147E+003    -0.11893662E+004    -0.17193624E+003
     0.91255780E+001     0.24831961E+003    -0.94082943E+003    -0.70839750E+003
     0.91299194E+001     0.24843774E+003    -0.45476941E+003    -0.10801790E+004
     0.91342607E+001     0.24855587E+003     0.14876326E+003    -0.11253847E+004
     0.91386021E+001     0.24867401E+003     0.68811655E+003    -0.87615973E+003
     0.91429435E+001     0.24879214E+003     0.10409769E+004    -0.38102946E+003
     0.91472849E+001     0.24891028E+003     0.10778613E+004     0.23892477E+003
     0.91516262E+001     0.24902841E+003     0.78532058E+003     0.77903560E+003
     0.91559676E+001     0.24914655E+003     0.27192736E+003     0.10876811E+004
     0.91603090E+001     0.24926468E+003    -0.32120746E+003     0.10957254E+004
     0.91646504E+001     0.24938282E+003    -0.85763292E+003     0.81160346E+003
     0.91689918E+001     0.24950095E+003    -0.11655158E+004     0.27138780E+003
     0.91733331E+001     0.24961909E+003    -0.11382237E+004    -0.34079575E+003
     0.91776745E+001     0.24973722E+003    -0.81763440E+003    -0.84119283E+003
     0.91820159E+001     0.24985536E+003    -0.28870154E+003    -0.11219130E+004
     0.91863573E+001     0.24997349E+003     0.31958922E+003    -0.10997639E+004
     0.91906987E+001     0.25009163E+003     0.84282939E+003    -0.75069255E+003
     0.91950400E+001     0.25020976E+003     0.10918597E+004    -0.18845872E+003
     0.91993814E+001     0.25032790E+003     0.10149535E+004     0.42470375E+003
     0.92037228E+001     0.25044603E+003     0.64580577E+003     0.90410791E+003
     0.92080642E+001     0.25056417E+003     0.98576660E+002     0.11258969E+004
     0.92124055E+001     0.25068230E+003    -0.51575963E+003     0.10540878E+004
     0.92167469E+001     0.25080044E+003    -0.97919862E+003     0.65012707E+003
     0.92210883E+001     0.25091857E+003    -0.11885385E+004     0.88989569E+002
     0.92254297E+001     0.25103671E+003    -0.10731156E+004    -0.50268638E+003
     0.92297711E+001     0.25115484E+003    -0.68829678E+003    -0.96652828E+003
     0.92341124E+001     0.25127298E+003    -0.90032460E+002    -0.11509427E+004
     0.92384538E+001     0.25139111E+003     0.50026966E+003    -0.10243157E+004
     0.92427952E+001     0.25150925E+003     0.95889417E+003    -0.59244805E+003
     0.92471366E+001     0.25162738E+003     0.11059082E+004     0.26969979E+002
     0.92514780E+001     0.25174552E+003     0.91546297E+003     0.59419948E+003
     0.92558193E+001     0.25186365E+003     0.48492072E+003     0.98586707E+003
     0.92601607E+001     0.25198179E+003    -0.92435152E+002     0.11313810E+004
     0.92645021E+001     0.25209992E+003    -0.66163442E+003     0.95096304E+003
     0.92688435E+001     0.25221806E+003    -0.10802516E+004     0.50250144E+003
     0.92731848E+001     0.25233619E+003    -0.11792619E+004    -0.10442670E+003
     0.92775262E+001     0.25245433E+003    -0.96977561E+003    -0.65160875E+003
     0.92818676E+001     0.25257246E+003    -0.52109890E+003    -0.10453097E+004
     0.92862090E+001     0.25269060E+003     0.82013307E+002    -0.11494191E+004
     0.92905504E+001     0.25280873E+003     0.66031322E+003    -0.91553664E+003
     0.92948917E+001     0.25292687E+003     0.10278583E+004    -0.43038104E+003
     0.92992331E+001     0.25304500E+003     0.11039660E+004     0.19102062E+003
     0.93035745E+001     0.25316314E+003     0.82038589E+003     0.76316754E+003
     0.93079159E+001     0.25328127E+003     0.29496197E+003     0.10808399E+004
     0.93122573E+001     0.25339941E+003    -0.28243766E+003     0.10934360E+004
     0.93165986E+001     0.25351754E+003    -0.81952966E+003     0.82302957E+003
     0.93209400E+001     0.25363568E+003    -0.11122865E+004     0.32079759E+003
     0.93252814E+001     0.25375381E+003    -0.11531638E+004    -0.26124189E+003
     0.93296228E+001     0.25387195E+003    -0.85460858E+003    -0.79269233E+003
     0.93339641E+001     0.25399008E+003    -0.35567702E+003    -0.11039308E+004
     0.93383055E+001     0.25410822E+003     0.27156357E+003    -0.11140289E+004
     0.93426469E+001     0.25422635E+003     0.79580424E+003    -0.77360613E+003
     0.93469883E+001     0.25434449E+003     0.10599188E+004    -0.25343667E+003
     0.93513297E+001     0.25446262E+003     0.10474237E+004     0.35739246E+003
     0.93556710E+001     0.25458076E+003     0.70945451E+003     0.87389567E+003
     0.93600124E+001     0.25469889E+003     0.13391782E+003     0.11387468E+004
     0.93643538E+001     0.25481703E+003    -0.46219738E+003     0.10502579E+004
     0.93686952E+001     0.25493516E+003    -0.94394250E+003     0.70984131E+003
     0.93730366E+001     0.25505330E+003    -0.11916031E+004     0.13351728E+003
     0.93773779E+001     0.25517143E+003    -0.10781925E+004    -0.46315059E+003
     0.93817193E+001     0.25528957E+003    -0.70583452E+003    -0.91782314E+003
     0.93860607E+001     0.25540770E+003    -0.14819393E+003    -0.11282989E+004
     0.93904021E+001     0.25552584E+003     0.43360266E+003    -0.10196050E+004
     0.93947434E+001     0.25564397E+003     0.89528619E+003    -0.63983086E+003
     0.93990848E+001     0.25576211E+003     0.10861925E+004    -0.66097000E+002
     0.94034262E+001     0.25588024E+003     0.96253236E+003     0.52732543E+003
     0.94077676E+001     0.25599837E+003     0.54753278E+003     0.96962176E+003
     0.94121090E+001     0.25611651E+003    -0.31644817E+002     0.11341575E+004
     0.94164503E+001     0.25623464E+003    -0.60984422E+003     0.98624204E+003
     0.94207917E+001     0.25635278E+003    -0.10441750E+004     0.56081652E+003
     0.94251331E+001     0.25647091E+003    -0.11956690E+004    -0.41074837E+002
     0.94294745E+001     0.25658905E+003    -0.10109881E+004    -0.61433012E+003
     0.94338159E+001     0.25670718E+003    -0.54750656E+003    -0.10233241E+004
     0.94381572E+001     0.25682532E+003     0.38329862E+002    -0.11261571E+004
     0.94424986E+001     0.25694345E+003     0.59943257E+003    -0.91469543E+003
     0.94468400E+001     0.25706159E+003     0.94692949E+003    -0.47636529E+003
     0.94511814E+001     0.25717972E+003     0.10880732E+004     0.85171065E+002
     0.94555228E+001     0.25729786E+003     0.88267489E+003     0.67951381E+003
     0.94598641E+001     0.25741599E+003     0.39936799E+003     0.10585361E+004
     0.94642055E+001     0.25753413E+003    -0.20835067E+003     0.11438820E+004
     0.94685469E+001     0.25765226E+003    -0.77825943E+003     0.88986255E+003
     0.94728883E+001     0.25777040E+003    -0.11285592E+004     0.38180608E+003
     0.94772296E+001     0.25788853E+003    -0.11647421E+004    -0.22195552E+003
     0.94815710E+001     0.25800667E+003    -0.89168251E+003    -0.74593204E+003
     0.94859124E+001     0.25812480E+003    -0.42104204E+003    -0.10879612E+004
     0.94902538E+001     0.25824294E+003     0.23153826E+003    -0.11337479E+004
     0.94945952E+001     0.25836107E+003     0.75772778E+003    -0.80644045E+003
     0.94989365E+001     0.25847921E+003     0.10346132E+004    -0.28356607E+003
     0.95032779E+001     0.25859734E+003     0.10346132E+004     0.28356606E+003
     0.95076193E+001     0.25871548E+003     0.75772779E+003     0.80644045E+003
     0.95119607E+001     0.25883361E+003     0.23153827E+003     0.11337479E+004
     0.95163021E+001     0.25895175E+003    -0.42104203E+003     0.10879612E+004
     0.95206434E+001     0.25906988E+003    -0.89168250E+003     0.74593205E+003
     0.95249848E+001     0.25918802E+003    -0.11647421E+004     0.22195553E+003
     0.95293262E+001     0.25930615E+003    -0.11285592E+004    -0.38180606E+003
     0.95336676E+001     0.25942429E+003    -0.77825944E+003    -0.88986254E+003
     0.95380089E+001     0.25954242E+003    -0.20835069E+003    -0.11438820E+004
     0.95423503E+001     0.25966056E+003     0.39936799E+003    -0.10585361E+004
     0.95466917E+001     0.25977869E+003     0.88267489E+003    -0.67951381E+003
     0.95510331E+001     0.25989683E+003     0.10880732E+004    -0.85171075E+002
     0.95553745E+001     0.26001496E+003     0.94692949E+003     0.47636528E+003
     0.95597158E+001     0.26013310E+003     0.59943258E+003     0.91469543E+003
     0.95640572E+001     0.26025123E+003     0.38329867E+002     0.11261571E+004
     0.95683986E+001     0.26036937E+003    -0.54750655E+003     0.10233241E+004
     0.95727400E+001     0.26048750E+003    -0.10109881E+004     0.61433013E+003
     0.95770814E+001     0.26060564E+003    -0.11956690E+004     0.41074845E+002
     0.95814227E+001     0.26072377E+003    -0.10441750E+004    -0.56081652E+003
     0.95857641E+001     0.26084191E+003    -0.60984423E+003    -0.98624204E+003
     0.95901055E+001     0.26096004E+003    -0.31644817E+002    -0.11341575E+004
     0.95944469E+001     0.26107818E+003     0.54753278E+003    -0.96962176E+003
     0.95987882E+001     0.26119631E+003     0.96253236E+003    -0.52732544E+003
     0.96031296E+001     0.26131445E+003     0.10861925E+004     0.66097001E+002
     0.96074710E+001     0.26143258E+003     0.89528619E+003     0.63983085E+003
     0.96118124E+001     0.26155072E+003     0.43360266E+003     0.10196050E+004
     0.96161538E+001     0.26166885E+003    -0.14819392E+003     0.11282989E+004
     0.96204951E+001     0.26178699E+003    -0.70583450E+003     0.91782315E+003
     0.96248365E+001     0.26190512E+003    -0.10781925E+004     0.46315061E+003
     0.96291779E+001     0.26202326E+003    -0.11916031E+004    -0.13351728E+003
     0.96335193E+001     0.26214139E+003    -0.94394251E+003    -0.70984132E+003
     0.96378607E+001     0.26225953E+003    -0.46219738E+003    -0.10502579E+004
     0.96422020E+001     0.26237766E+003     0.13391781E+003    -0.11387468E+004
     0.96465434E+001     0.26249580E+003     0.70945451E+003    -0.87389568E+003
     0.96508848E+001     0.26261393E+003     0.10474237E+004    -0.35739247E+003
     0.96552262E+001     0.26273207E+003     0.10599188E+004     0.25343667E+003
     0.96595675E+001     0.26285020E+003     0.79580424E+003     0.77360614E+003
     0.96639089E+001     0.26296834E+003     0.27156358E+003     0.11140289E+004
     0.96682503E+001     0.26308647E+003    -0.35567701E+003     0.11039308E+004
     0.96725917E+001     0.26320461E+003    -0.85460858E+003     0.79269233E+003
     0.96769331E+001     0.26332274E+003    -0.11531638E+004     0.26124190E+003
     0.96812744E+001     0.26344088E+003    -0.11122865E+004    -0.32079758E+003
     0.96856158E+001     0.26355901E+003    -0.81952967E+003    -0.82302958E+003
     0.96899572E+001     0.26367714E+003    -0.28243766E+003    -0.10934360E+004
     0.96942986E+001     0.26379528E+003     0.29496197E+003    -0.10808399E+004
     0.96986400E+001     0.26391341E+003     0.82038589E+003    -0.76316753E+003
     0.97029813E+001     0.26403155E+003     0.11039660E+004    -0.19102063E+003
     0.97073227E+001     0.26414968E+003     0.10278583E+004     0.43038103E+003
     0.97116641E+001     0.26426782E+003     0.66031322E+003     0.91553664E+003
     0.97160055E+001     0.26438595E+003     0.82013308E+002     0.11494191E+004
     0.97203468E+001     0.26450409E+003    -0.52109890E+003     0.10453097E+004
     0.97246882E+001     0.26462222E+003    -0.96977561E+003     0.65160874E+003
     0.97290296E+001     0.26474036E+003    -0.11792619E+004     0.10442670E+003
     0.97333710E+001     0.26485849E+003    -0.10802516E+004    -0.50250145E+003
     0.97377124E+001     0.26497663E+003    -0.66163441E+003    -0.95096304E+003
     0.97420537E+001     0.26509476E+003    -0.92435156E+002    -0.11313810E+004
     0.97463951E+001     0.26521290E+003     0.48492071E+003    -0.98586706E+003
     0.97507365E+001     0.26533103E+003     0.91546295E+003    -0.59419948E+003
     0.97550779E+001     0.26544917E+003     0.11059082E+004    -0.26969992E+002
     0.97594193E+001     0.26556730E+003     0.95889416E+003     0.59244803E+003
     0.97637606E+001     0.26568544E+003     0.50026967E+003     0.10243157E+004
     0.97681020E+001     0.26580357E+003    -0.90032441E+002     0.11509427E+004
     0.97724434E+001     0.26592171E+003    -0.68829678E+003     0.96652829E+003
     0.97767848E+001     0.26603984E+003    -0.10731156E+004     0.50268640E+003
     0.97811262E+001     0.26615798E+003    -0.11885385E+004    -0.88989557E+002
     0.97854675E+001     0.26627611E+003    -0.97919863E+003    -0.65012708E+003
     0.97898089E+001     0.26639425E+003    -0.51575962E+003    -0.10540878E+004
     0.97941503E+001     0.26651238E+003     0.98576659E+002    -0.11258969E+004
     0.97984917E+001     0.26663052E+003     0.64580576E+003    -0.90410791E+003
     0.98028330E+001     0.26674865E+003     0.10149535E+004    -0.42470375E+003
     0.98071744E+001     0.26686679E+003     0.10918597E+004     0.18845870E+003
     0.98115158E+001     0.26698492E+003     0.84282940E+003     0.75069253E+003
     0.98158572E+001     0.26710306E+003     0.31958923E+003     0.10997639E+004
     0.98201986E+001     0.26722119E+003    -0.28870153E+003     0.11219130E+004
     0.98245399E+001     0.26733933E+003    -0.81763439E+003     0.84119284E+003
     0.98288813E+001     0.26745746E+003    -0.11382236E+004     0.34079575E+003
     0.98332227E+001     0.26757560E+003    -0.11655158E+004    -0.27138780E+003
     0.98375641E+001     0.26769373E+003    -0.85763292E+003    -0.81160346E+003
     0.98419055E+001     0.26781187E+003    -0.32120746E+003    -0.10957254E+004
     0.98462468E+001     0.26793000E+003     0.27192735E+003    -0.10876811E+004
     0.98505882E+001     0.26804814E+003     0.78532056E+003    -0.77903561E+003
     0.98549296E+001     0.26816627E+003     0.10778613E+004    -0.23892479E+003
     0.98592710E+001     0.26828441E+003     0.10409769E+004     0.38102944E+003
     0.98636123E+001     0.26840254E+003     0.68811656E+003     0.87615973E+003
     0.98679537E+001     0.26852068E+003     0.14876326E+003     0.11253847E+004
     0.98722951E+001     0.26863881E+003    -0.45476940E+003     0.10801790E+004
     0.98766365E+001     0.26875695E+003    -0.94082943E+003     0.70839751E+003
     0.98809779E+001     0.26887508E+003    -0.11893662E+004     0.17193624E+003
     0.98853192E+001     0.26899322E+003    -0.11116051E+004    -0.46169005E+003
     0.98896606E+001     0.26911135E+003    -0.70507152E+003    -0.93657369E+003
     0.98940020E+001     0.26922949E+003    -0.12981208E+003    -0.11307237E+004
     0.98983434E+001     0.26934762E+003     0.45287774E+003    -0.10156782E+004
     0.99026848E+001     0.26946576E+003     0.91436179E+003    -0.60604327E+003
     0.99070261E+001     0.26958389E+003     0.10792697E+004    -0.33297508E+002
     0.99113675E+001     0.26970203E+003     0.93588186E+003     0.54876088E+003
     0.99157089E+001     0.26982016E+003     0.52959682E+003     0.95574586E+003
     0.99200503E+001     0.26993830E+003    -0.26764231E+002     0.11224961E+004
     0.99243916E+001     0.27005643E+003    -0.60658941E+003     0.98978366E+003
     0.99287330E+001     0.27017457E+003    -0.10233420E+004     0.57105225E+003
     0.99330744E+001     0.27029270E+003    -0.11873092E+004    -0.24434271E+002
     0.99374158E+001     0.27041084E+003    -0.10117749E+004    -0.58986795E+003
     0.99417572E+001     0.27052897E+003    -0.56742409E+003    -0.10090878E+004
     0.99460985E+001     0.27064711E+003     0.29394989E+002    -0.11399001E+004
     0.99504399E+001     0.27076524E+003     0.60895848E+003    -0.92533588E+003
     0.99547813E+001     0.27088338E+003     0.98641574E+003    -0.45703519E+003
     0.99591227E+001     0.27100151E+003     0.10753627E+004     0.13213739E+003
     0.99634641E+001     0.27111964E+003     0.86237641E+003     0.67670815E+003
     0.99678054E+001     0.27123778E+003     0.40165666E+003     0.10576649E+004
     0.99721468E+001     0.27135591E+003    -0.21212917E+003     0.11427180E+004
     0.99764882E+001     0.27147405E+003    -0.76632854E+003     0.89985484E+003
     0.99808296E+001     0.27159218E+003    -0.11258552E+004     0.41504844E+003
     0.99851709E+001     0.27171032E+003    -0.11985022E+004    -0.21748799E+003
     0.99895123E+001     0.27182845E+003    -0.90488748E+003    -0.78207138E+003
     0.99938537E+001     0.27194659E+003    -0.36006626E+003    -0.11018989E+004
     0.99981951E+001     0.27206472E+003     0.23982868E+003    -0.10827749E+004
     0.10002536E+002     0.27218286E+003     0.74684148E+003    -0.79184316E+003
     0.10006878E+002     0.27230099E+003     0.10514761E+004    -0.27237624E+003
     0.10011219E+002     0.27241913E+003     0.10261062E+004     0.32953904E+003
     0.10015561E+002     0.27253726E+003     0.71645860E+003     0.82302432E+003
     0.10019902E+002     0.27265540E+003     0.20370148E+003     0.10877459E+004
     0.10024243E+002     0.27277353E+003    -0.38285687E+003     0.10815490E+004
     0.10028585E+002     0.27289167E+003    -0.88685447E+003     0.75717322E+003
     0.10032926E+002     0.27300980E+003    -0.11576952E+004     0.21612023E+003
     0.10037267E+002     0.27312794E+003    -0.10894854E+004    -0.37838700E+003
     0.10041609E+002     0.27324607E+003    -0.75806954E+003    -0.84701174E+003
     0.10045950E+002     0.27336421E+003    -0.23424417E+003    -0.10993117E+004
     0.10050292E+002     0.27348234E+003     0.36173774E+003    -0.10453267E+004
     0.10054633E+002     0.27360048E+003     0.85733030E+003    -0.69597794E+003
     0.10058974E+002     0.27371861E+003     0.11025211E+004    -0.11922399E+003
     0.10063316E+002     0.27383675E+003     0.98788510E+003     0.48817050E+003
     0.10067657E+002     0.27395488E+003     0.59862062E+003     0.95571336E+003
     0.10071999E+002     0.27407302E+003     0.23593632E+002     0.11408074E+004
     0.10076340E+002     0.27419115E+003    -0.56473058E+003     0.10083228E+004
     0.10080681E+002     0.27430929E+003    -0.99079802E+003     0.61985557E+003
     0.10085023E+002     0.27442742E+003    -0.11847534E+004     0.47994973E+002
     0.10089364E+002     0.27454556E+003    -0.10387208E+004    -0.55403018E+003
     0.10093705E+002     0.27466369E+003    -0.60342042E+003    -0.96829709E+003
     0.10098047E+002     0.27478183E+003    -0.32943643E+002    -0.11154042E+004
     0.10102388E+002     0.27489996E+003     0.53113710E+003    -0.96008356E+003
     0.10106730E+002     0.27501810E+003     0.95288621E+003    -0.52611858E+003
     0.10111071E+002     0.27513623E+003     0.10905599E+004     0.52378964E+002
     0.10115412E+002     0.27525437E+003     0.91985996E+003     0.64740605E+003
     0.10119754E+002     0.27537250E+003     0.44779227E+003     0.10558934E+004
     0.10124095E+002     0.27549064E+003    -0.17778517E+003     0.11503101E+004
     0.10128436E+002     0.27560877E+003    -0.72693262E+003     0.90406360E+003
     0.10132778E+002     0.27572691E+003    -0.10794539E+004     0.45294454E+003
     0.10137119E+002     0.27584504E+003    -0.11698792E+004    -0.15213106E+003
     0.10141461E+002     0.27596318E+003    -0.91187591E+003    -0.69326312E+003
     0.10145802E+002     0.27608131E+003    -0.43843531E+003    -0.10292222E+004
     0.10150143E+002     0.27619945E+003     0.13384672E+003    -0.10828579E+004
     0.10154485E+002     0.27631758E+003     0.66513435E+003    -0.87018334E+003
     0.10158826E+002     0.27643572E+003     0.10469920E+004    -0.35864076E+003
     0.10163167E+002     0.27655385E+003     0.10549861E+004     0.25062978E+003
     0.10167509E+002     0.27667199E+003     0.78789556E+003     0.77830240E+003
     0.10171850E+002     0.27679012E+003     0.27078693E+003     0.10963504E+004
     0.10176192E+002     0.27690826E+003    -0.32724304E+003     0.11087991E+004
     0.10180533E+002     0.27702639E+003    -0.84576313E+003     0.81045387E+003
     0.10184874E+002     0.27714453E+003    -0.11451342E+004     0.28799247E+003
     0.10189216E+002     0.27726266E+003    -0.11233165E+004    -0.31658549E+003
     0.10193557E+002     0.27738080E+003    -0.80409244E+003    -0.80385771E+003
     0.10197899E+002     0.27749893E+003    -0.30726467E+003    -0.10911946E+004
     0.10202240E+002     0.27761707E+003     0.31587924E+003    -0.10845915E+004
     0.10206581E+002     0.27773520E+003     0.82004365E+003    -0.72296314E+003
     0.10210923E+002     0.27785334E+003     0.10781799E+004    -0.19236059E+003
     0.10215264E+002     0.27797147E+003     0.10324381E+004     0.42991333E+003
     0.10219605E+002     0.27808961E+003     0.64200416E+003     0.91299687E+003
     0.10223947E+002     0.27820774E+003     0.10301210E+003     0.11278411E+004
     0.10228288E+002     0.27832588E+003    -0.49024921E+003     0.10702894E+004
     0.10232630E+002     0.27844401E+003    -0.97946775E+003     0.67286280E+003
     0.10236971E+002     0.27856215E+003    -0.11757670E+004     0.11455294E+003
     0.10241312E+002     0.27868028E+003    -0.10877993E+004    -0.47519067E+003
     0.10245654E+002     0.27879841E+003    -0.67856717E+003    -0.96072488E+003
     0.10249995E+002     0.27891655E+003    -0.82225021E+002    -0.11363244E+004
     0.10254336E+002     0.27903468E+003     0.50011452E+003    -0.98470173E+003
     0.10258678E+002     0.27915282E+003     0.92983448E+003    -0.56258439E+003
     0.10263019E+002     0.27927095E+003     0.10909133E+004     0.57442554E+001
     0.10267361E+002     0.27938909E+003     0.93138350E+003     0.59035871E+003
     0.10271702E+002     0.27950722E+003     0.51571135E+003     0.10091486E+004
     0.10276043E+002     0.27962536E+003    -0.95815547E+002     0.11595485E+004
     0.10280385E+002     0.27974349E+003    -0.66485750E+003     0.96805690E+003
     0.10284726E+002     0.27986163E+003    -0.10741996E+004     0.51413629E+003
     0.10289067E+002     0.27997976E+003    -0.11828470E+004    -0.65278890E+002
     0.10293409E+002     0.28009790E+003    -0.99452807E+003    -0.66205314E+003
     0.10297750E+002     0.28021603E+003    -0.48446489E+003    -0.10458545E+004
     0.10302092E+002     0.28033417E+003     0.10303871E+003    -0.11048909E+004
     0.10306433E+002     0.28045230E+003     0.64904576E+003    -0.88270179E+003
     0.10310774E+002     0.28057044E+003     0.10183634E+004    -0.39579548E+003
     0.10315116E+002     0.28068857E+003     0.10617521E+004     0.20423074E+003
     0.10319457E+002     0.28080671E+003     0.82284636E+003     0.73781359E+003
     0.10323798E+002     0.28092484E+003     0.32679405E+003     0.10835391E+004
     0.10328140E+002     0.28104298E+003    -0.27244317E+003     0.11222669E+004
     0.10332481E+002     0.28116111E+003    -0.80671873E+003     0.84556259E+003
     0.10336823E+002     0.28127925E+003    -0.11320120E+004     0.34421191E+003
     0.10341164E+002     0.28139738E+003    -0.11418577E+004    -0.26704165E+003
     0.10345505E+002     0.28151552E+003    -0.83926613E+003    -0.77716587E+003
     0.10349847E+002     0.28163365E+003    -0.33214372E+003    -0.10703947E+004
     0.10354188E+002     0.28175179E+003     0.26080971E+003    -0.10725274E+004
     0.10358530E+002     0.28186992E+003     0.77590617E+003    -0.76033040E+003
     0.10362871E+002     0.28198806E+003     0.10626458E+004    -0.23745748E+003
     0.10367212E+002     0.28210619E+003     0.10355301E+004     0.37763810E+003
     0.10371554E+002     0.28222433E+003     0.69453535E+003     0.87432489E+003
     0.10375895E+002     0.28234246E+003     0.14646900E+003     0.11339181E+004
     0.10380236E+002     0.28246060E+003    -0.45666424E+003     0.10514628E+004
     0.10384578E+002     0.28257873E+003    -0.91123837E+003     0.70523660E+003
     0.10388919E+002     0.28269687E+003    -0.11461461E+004     0.18919335E+003
     0.10393261E+002     0.28281500E+003    -0.11019498E+004    -0.41325254E+003
     0.10397602E+002     0.28293314E+003    -0.72966036E+003    -0.90330854E+003
     0.10401943E+002     0.28305127E+003    -0.14169914E+003    -0.11175863E+004
     0.10406285E+002     0.28316941E+003     0.44152594E+003    -0.10142374E+004
     0.10410626E+002     0.28328754E+003     0.89992652E+003    -0.59697223E+003
     0.10414967E+002     0.28340568E+003     0.10623392E+004    -0.39654671E+002
     0.10419309E+002     0.28352381E+003     0.94413229E+003     0.51137249E+003
     0.10423650E+002     0.28364195E+003     0.56496738E+003     0.96644461E+003
     0.10427992E+002     0.28376008E+003    -0.20955468E+002     0.11504600E+004
     0.10432333E+002     0.28387822E+003    -0.61174849E+003     0.98693078E+003
     0.10436674E+002     0.28399635E+003    -0.99845975E+003     0.56065139E+003
     0.10441016E+002     0.28411449E+003    -0.11777746E+004     0.21776700E+002
     0.10445357E+002     0.28423262E+003    -0.10127232E+004    -0.58730781E+003
     0.10449698E+002     0.28435076E+003    -0.55251288E+003    -0.98906023E+003
     0.10454040E+002     0.28446889E+003     0.16851896E+002    -0.10927850E+004
     0.10458381E+002     0.28458703E+003     0.56580066E+003    -0.92302263E+003
     0.10462723E+002     0.28470516E+003     0.97158694E+003    -0.47370088E+003
     0.10467064E+002     0.28482330E+003     0.10711588E+004     0.11601875E+003
     0.10471405E+002     0.28494143E+003     0.87801972E+003     0.65325256E+003
     0.10475747E+002     0.28505957E+003     0.42025236E+003     0.10547465E+004
     0.10480088E+002     0.28517770E+003    -0.18075566E+003     0.11483616E+004
     0.10484429E+002     0.28529584E+003    -0.73293102E+003     0.92525749E+003
     0.10488771E+002     0.28541397E+003    -0.11204622E+004     0.44352999E+003
     0.10493112E+002     0.28553211E+003    -0.11938471E+004    -0.17909395E+003
     0.10497454E+002     0.28565024E+003    -0.92426548E+003    -0.74677575E+003
     0.10501795E+002     0.28576838E+003    -0.40479775E+003    -0.10725410E+004
     0.10506136E+002     0.28588651E+003     0.20088214E+003    -0.11242006E+004
     0.10510478E+002     0.28600465E+003     0.75895133E+003    -0.82191950E+003
     0.10514819E+002     0.28612278E+003     0.10731425E+004    -0.28759742E+003
     0.10519161E+002     0.28624091E+003     0.10658703E+004     0.32538111E+003
     0.10523502E+002     0.28635905E+003     0.73786089E+003     0.85156770E+003
     0.10527843E+002     0.28647718E+003     0.21137025E+003     0.11169708E+004
     0.10532185E+002     0.28659532E+003    -0.38674664E+003     0.11054492E+004
     0.10536526E+002     0.28671345E+003    -0.89467349E+003     0.77304327E+003
     0.10540867E+002     0.28683159E+003    -0.11702039E+004     0.22670685E+003
     0.10545209E+002     0.28694972E+003    -0.11002232E+004    -0.37134360E+003
     0.10549550E+002     0.28706786E+003    -0.76956489E+003    -0.85960756E+003
     0.10553892E+002     0.28718599E+003    -0.22356027E+003    -0.11063234E+004
     0.10558233E+002     0.28730413E+003     0.38232675E+003    -0.10418937E+004
     0.10562574E+002     0.28742226E+003     0.87418657E+003    -0.67351737E+003
     0.10566916E+002     0.28754040E+003     0.10860145E+004    -0.90041690E+002
     0.10571257E+002     0.28765853E+003     0.97524626E+003     0.48817359E+003
     0.10575598E+002     0.28777667E+003     0.60522781E+003     0.93249393E+003
     0.10579940E+002     0.28789480E+003     0.48853071E+002     0.11407833E+004
     0.10584281E+002     0.28801294E+003    -0.54660054E+003     0.10421760E+004
     0.10588623E+002     0.28813107E+003    -0.99954407E+003     0.64127996E+003
     0.10592964E+002     0.28824921E+003    -0.11886144E+004     0.50565128E+002
     0.10597305E+002     0.28836734E+003    -0.10288162E+004    -0.52493709E+003
     0.10601647E+002     0.28848548E+003    -0.63763827E+003    -0.95509490E+003
     0.10605988E+002     0.28860361E+003    -0.42130344E+002    -0.11436952E+004
     0.10610329E+002     0.28872175E+003     0.56928769E+003    -0.95899086E+003
     0.10614671E+002     0.28883988E+003     0.96132313E+003    -0.50480661E+003
     0.10619012E+002     0.28895802E+003     0.10862707E+004     0.75778003E+002
     0.10623354E+002     0.28907615E+003     0.90133887E+003     0.64039367E+003
     0.10627695E+002     0.28919429E+003     0.45661094E+003     0.10486231E+004
     0.10632036E+002     0.28931242E+003    -0.15610763E+003     0.11628411E+004
     0.10636378E+002     0.28943056E+003    -0.71723813E+003     0.93210150E+003
     0.10640719E+002     0.28954869E+003    -0.10886654E+004     0.45654110E+003
     0.10645061E+002     0.28966683E+003    -0.11593935E+004    -0.13858279E+003
     0.10649402E+002     0.28978496E+003    -0.91651268E+003    -0.67013691E+003
     0.10653743E+002     0.28990310E+003    -0.46490758E+003    -0.10224887E+004
     0.10658085E+002     0.29002123E+003     0.12393114E+003    -0.11070000E+004
     0.10662426E+002     0.29013937E+003     0.70224098E+003    -0.87031173E+003
     0.10666767E+002     0.29025750E+003     0.10617159E+004    -0.34898094E+003
     0.10671109E+002     0.29037564E+003     0.10766998E+004     0.29058233E+003
     0.10675450E+002     0.29049377E+003     0.75908896E+003     0.80068055E+003
     0.10679792E+002     0.29061191E+003     0.24742172E+003     0.10902532E+004
     0.10684133E+002     0.29073004E+003    -0.31828522E+003     0.10837213E+004
     0.10688474E+002     0.29084818E+003    -0.82618774E+003     0.81370833E+003
     0.10692816E+002     0.29096631E+003    -0.11318594E+004     0.30355311E+003
     0.10697157E+002     0.29108445E+003    -0.11115193E+004    -0.30164662E+003
     0.10701498E+002     0.29120258E+003    -0.80898312E+003    -0.77686486E+003
     0.10705840E+002     0.29132072E+003    -0.30722579E+003    -0.10829727E+004
     0.10710181E+002     0.29143885E+003     0.31031463E+003    -0.10662364E+004
     0.10714523E+002     0.29155699E+003     0.80822958E+003    -0.73165375E+003
     0.10718864E+002     0.29167512E+003     0.10878115E+004    -0.19047214E+003
     0.10723205E+002     0.29179326E+003     0.10292087E+004     0.43353144E+003
     0.10727547E+002     0.29191139E+003     0.65432431E+003     0.91159492E+003
     0.10731888E+002     0.29202953E+003     0.11503168E+003     0.11399073E+004
     0.10736229E+002     0.29214766E+003    -0.49002673E+003     0.10801351E+004
     0.10740571E+002     0.29226580E+003    -0.97023266E+003     0.69235882E+003
     0.10744912E+002     0.29238393E+003    -0.11871039E+004     0.12040701E+003
     0.10749254E+002     0.29250207E+003    -0.10751233E+004    -0.48058814E+003
     0.10753595E+002     0.29262020E+003    -0.67676849E+003    -0.94559434E+003
     0.10757936E+002     0.29273834E+003    -0.76299795E+002    -0.11166535E+004
     0.10762278E+002     0.29285647E+003     0.50335580E+003    -0.98104545E+003
     0.10766619E+002     0.29297461E+003     0.92658043E+003    -0.55454902E+003
     0.10770960E+002     0.29309274E+003     0.10867028E+004     0.23491035E+002
     0.10775302E+002     0.29321088E+003     0.92358142E+003     0.59249217E+003
     0.10779643E+002     0.29332901E+003     0.49901511E+003     0.99886104E+003
     0.10783985E+002     0.29344715E+003    -0.69817519E+002     0.11498984E+004
     0.10788326E+002     0.29356528E+003    -0.64426848E+003     0.98532690E+003
     0.10792667E+002     0.29368341E+003    -0.10746861E+004     0.51735337E+003
     0.10797009E+002     0.29380155E+003    -0.11408015E+004    -0.77506390E+002
     0.10801350E+002     0.29391968E+003    -0.96248621E+003    -0.60056972E+003
     0.10805692E+002     0.29403782E+003    -0.53012930E+003    -0.99545994E+003
     0.10810033E+002     0.29415595E+003     0.64903336E+002    -0.11142787E+004
     0.10814374E+002     0.29427409E+003     0.64905051E+003    -0.90693083E+003
     0.10818716E+002     0.29439222E+003     0.10201560E+004    -0.39300211E+003
     0.10823057E+002     0.29451036E+003     0.10773589E+004     0.19474947E+003
     0.10827398E+002     0.29462849E+003     0.81305784E+003     0.74747541E+003
     0.10831740E+002     0.29474663E+003     0.34191919E+003     0.10623786E+004
     0.10836081E+002     0.29486476E+003    -0.24053250E+003     0.11281049E+004
     0.10840423E+002     0.29498290E+003    -0.78459432E+003     0.87608226E+003
     0.10844764E+002     0.29510103E+003    -0.11212954E+004     0.36958717E+003
     0.10849105E+002     0.29521917E+003    -0.11413391E+004    -0.23091486E+003
     0.10853447E+002     0.29533730E+003    -0.86377098E+003    -0.74820545E+003
     0.10857788E+002     0.29545544E+003    -0.35985092E+003    -0.10712850E+004
     0.10862129E+002     0.29557357E+003     0.24135501E+003    -0.10886620E+004
     0.10866471E+002     0.29569171E+003     0.78218850E+003    -0.78225006E+003
     0.10870812E+002     0.29580984E+003     0.10764053E+004    -0.24175617E+003
     0.10875154E+002     0.29592798E+003     0.10466476E+004     0.36354438E+003
     0.10879495E+002     0.29604611E+003     0.72738011E+003     0.87969391E+003
     0.10883836E+002     0.29616425E+003     0.16641339E+003     0.11469036E+004
     0.10888178E+002     0.29628238E+003    -0.43238711E+003     0.10960690E+004
     0.10892519E+002     0.29640052E+003    -0.92962858E+003     0.75311470E+003
     0.10896860E+002     0.29651865E+003    -0.11764436E+004     0.18783761E+003
     0.10901202E+002     0.29663679E+003    -0.11020157E+004    -0.41157964E+003
     0.10905543E+002     0.29675492E+003    -0.73713271E+003    -0.90097624E+003
     0.10909885E+002     0.29687306E+003    -0.16326245E+003    -0.11326471E+004
     0.10914226E+002     0.29699119E+003     0.45739726E+003    -0.10233583E+004
     0.10918567E+002     0.29710933E+003     0.91373134E+003    -0.61129607E+003
     0.10922909E+002     0.29722746E+003     0.10967060E+004    -0.37541889E+002
     0.10927250E+002     0.29734560E+003     0.97327086E+003     0.55067051E+003
     0.10931591E+002     0.29746373E+003     0.55502664E+003     0.10069986E+004
     0.10935933E+002     0.29758187E+003    -0.48916507E+002     0.11639962E+004
     0.10940274E+002     0.29770000E+003    -0.61327886E+003     0.97372846E+003
     0.10944616E+002     0.29781814E+003    -0.10056607E+004     0.57305066E+003
     0.10948957E+002     0.29793627E+003    -0.11533349E+004     0.48007799E+001
     0.10953298E+002     0.29805441E+003    -0.10010725E+004    -0.54770573E+003
     0.10957640E+002     0.29817254E+003    -0.58825455E+003    -0.98198921E+003
     0.10961981E+002     0.29829068E+003     0.18355164E+002    -0.11215446E+004
     0.10966323E+002     0.29840881E+003     0.60486884E+003    -0.92212934E+003
     0.10970664E+002     0.29852695E+003     0.98251038E+003    -0.45012532E+003
     0.10975005E+002     0.29864508E+003     0.10873672E+004     0.12503506E+003
     0.10979347E+002     0.29876322E+003     0.86750351E+003     0.69676002E+003
     0.10983688E+002     0.29888135E+003     0.40867166E+003     0.10574911E+004
     0.10988029E+002     0.29899949E+003    -0.18392573E+003     0.11524218E+004
     0.10992371E+002     0.29911762E+003    -0.76133918E+003     0.92616198E+003
     0.10996712E+002     0.29923576E+003    -0.11143756E+004     0.40896421E+003
     0.11001054E+002     0.29935389E+003    -0.11403788E+004    -0.18276517E+003
     0.11005395E+002     0.29947203E+003    -0.90264689E+003    -0.70224383E+003
     0.11009736E+002     0.29959016E+003    -0.41749176E+003    -0.10617080E+004
     0.11014078E+002     0.29970830E+003     0.21169203E+003    -0.10915466E+004
     0.11018419E+002     0.29982643E+003     0.74162728E+003    -0.80133881E+003
     0.11022760E+002     0.29994457E+003     0.10443441E+004    -0.28582387E+003
     0.11027102E+002     0.30006270E+003     0.10474625E+004     0.31753643E+003
     0.11031443E+002     0.30018084E+003     0.75854174E+003     0.80688649E+003
     0.11035785E+002     0.30029897E+003     0.25149131E+003     0.11317294E+004
     0.11040126E+002     0.30041711E+003    -0.37957910E+003     0.11253951E+004
     0.11044467E+002     0.30053524E+003    -0.87779003E+003     0.79254156E+003
     0.11048809E+002     0.30065338E+003    -0.11647416E+004     0.25148617E+003
     0.11053150E+002     0.30077151E+003    -0.11117470E+004    -0.36030532E+003
     0.11057491E+002     0.30088965E+003    -0.76294657E+003    -0.84365437E+003
     0.11061833E+002     0.30100778E+003    -0.23460145E+003    -0.10933632E+004
     0.11066174E+002     0.30112592E+003     0.38180211E+003    -0.10437007E+004
     0.11070516E+002     0.30124405E+003     0.85264629E+003    -0.67004453E+003
     0.11074857E+002     0.30136218E+003     0.10866192E+004    -0.11846584E+003
     0.11079198E+002     0.30148032E+003     0.10126987E+004     0.47476855E+003
     0.11083540E+002     0.30159845E+003     0.62949609E+003     0.96321902E+003
     0.11087881E+002     0.30171659E+003     0.52883725E+002     0.11694820E+004
     0.11092223E+002     0.30183472E+003    -0.55208750E+003     0.10565781E+004
     0.11096564E+002     0.30195286E+003    -0.10136596E+004     0.64099481E+003
     0.11100905E+002     0.30207099E+003    -0.11807137E+004     0.55838503E+002
     0.11105247E+002     0.30218913E+003    -0.10289896E+004    -0.53563792E+003
     0.11109588E+002     0.30230726E+003    -0.60891014E+003    -0.94440437E+003
     0.11113929E+002     0.30242540E+003    -0.40916659E+002    -0.11087164E+004
     0.11118271E+002     0.30254353E+003     0.55342127E+003    -0.94230545E+003
     0.11122612E+002     0.30266167E+003     0.95016012E+003    -0.49879186E+003
     0.11126954E+002     0.30277980E+003     0.10705550E+004     0.58201561E+002
     0.11131295E+002     0.30289794E+003     0.91314495E+003     0.63266108E+003
     0.11135636E+002     0.30301607E+003     0.46984464E+003     0.10256815E+004
     0.11139978E+002     0.30313421E+003    -0.10923997E+003     0.11556136E+004
     0.11144319E+002     0.30325234E+003    -0.67665233E+003     0.96576301E+003
     0.11148660E+002     0.30337048E+003    -0.10753966E+004     0.50891291E+003
     0.11153002E+002     0.30348861E+003    -0.11972367E+004    -0.85538525E+002
     0.11157343E+002     0.30360675E+003    -0.96492430E+003    -0.68825637E+003
     0.11161685E+002     0.30372488E+003    -0.46555814E+003    -0.10518187E+004
     0.11166026E+002     0.30384302E+003     0.14912377E+003    -0.11083086E+004
     0.11170367E+002     0.30396115E+003     0.68939097E+003    -0.85839717E+003
     0.11174709E+002     0.30407929E+003     0.10565659E+004    -0.35927240E+003
     0.11179050E+002     0.30419742E+003     0.10924118E+004     0.25874633E+003
     0.11183391E+002     0.30431556E+003     0.80910475E+003     0.80069414E+003
     0.11187733E+002     0.30443369E+003     0.29809364E+003     0.11341267E+004
     0.11192074E+002     0.30455183E+003    -0.33177478E+003     0.11464408E+004
     0.11196416E+002     0.30466996E+003    -0.85513291E+003     0.83516295E+003
     0.11200757E+002     0.30478810E+003    -0.11508212E+004     0.29083102E+003
     0.11205098E+002     0.30490623E+003    -0.11223148E+004    -0.29048862E+003
     0.11209440E+002     0.30502437E+003    -0.84363226E+003    -0.81318203E+003
     0.11213781E+002     0.30514250E+003    -0.27603211E+003    -0.10830229E+004
     0.11218122E+002     0.30526064E+003     0.32802991E+003    -0.10737567E+004
     0.11222464E+002     0.30537877E+003     0.85443085E+003    -0.72074643E+003
     0.11226805E+002     0.30549691E+003     0.10908218E+004    -0.13936175E+003
     0.11231147E+002     0.30561504E+003     0.10039231E+004     0.43078741E+003
     0.11235488E+002     0.30573318E+003     0.67920728E+003     0.91288352E+003
     0.11239829E+002     0.30585131E+003     0.11583794E+003     0.11651738E+004
     0.11244171E+002     0.30596945E+003    -0.49608041E+003     0.10869338E+004
     0.11248512E+002     0.30608758E+003    -0.97619424E+003     0.69683920E+003
     0.11252854E+002     0.30620572E+003    -0.11846016E+004     0.12029151E+003
     0.11257195E+002     0.30632385E+003    -0.10704183E+004    -0.47546360E+003
     0.11261536E+002     0.30644199E+003    -0.65783358E+003    -0.93285355E+003
     0.11265878E+002     0.30656012E+003    -0.81242319E+002    -0.11061544E+004
     0.11270219E+002     0.30667826E+003     0.48226105E+003    -0.97366627E+003
     0.11274560E+002     0.30679639E+003     0.94577687E+003    -0.57374620E+003
     0.11278902E+002     0.30691453E+003     0.11080171E+004     0.27064294E+002
     0.11283243E+002     0.30703266E+003     0.94132853E+003     0.60327088E+003
     0.11287585E+002     0.30715080E+003     0.50316528E+003     0.10321659E+004
     0.11291926E+002     0.30726893E+003    -0.82292415E+002     0.11564037E+004
     0.11296267E+002     0.30738707E+003    -0.64353962E+003     0.97436871E+003
     0.11300609E+002     0.30750520E+003    -0.10514461E+004     0.54607869E+003
     0.11304950E+002     0.30762334E+003    -0.11757674E+004    -0.46906402E+002
     0.11309291E+002     0.30774147E+003    -0.98496575E+003    -0.62325515E+003
     0.11313633E+002     0.30785961E+003    -0.50071710E+003    -0.10272550E+004
     0.11317974E+002     0.30797774E+003     0.10421215E+003    -0.10888414E+004
     0.11322316E+002     0.30809588E+003     0.64032350E+003    -0.87465576E+003
     0.11326657E+002     0.30821401E+003     0.10181633E+004    -0.40268418E+003
     0.11330998E+002     0.30833215E+003     0.10830275E+004     0.20499890E+003
     0.11335340E+002     0.30845028E+003     0.84606820E+003     0.74427499E+003
     0.11339681E+002     0.30856842E+003     0.34846372E+003     0.11006906E+004
     0.11344022E+002     0.30868655E+003    -0.25692875E+003     0.11446003E+004
     0.11348364E+002     0.30880468E+003    -0.79593581E+003     0.88016692E+003
     0.11352705E+002     0.30892282E+003    -0.11307193E+004     0.36242366E+003
     0.11357047E+002     0.30904095E+003    -0.11294377E+004    -0.24101645E+003
     0.11361388E+002     0.30915909E+003    -0.84911228E+003    -0.74582888E+003
     0.11365729E+002     0.30927722E+003    -0.35040202E+003    -0.10566622E+004
     0.11370071E+002     0.30939536E+003     0.24898811E+003    -0.10791747E+004
     0.11374412E+002     0.30951349E+003     0.79096179E+003    -0.77642249E+003
     0.11378754E+002     0.30963163E+003     0.10727734E+004    -0.22813595E+003
     0.11383095E+002     0.30974976E+003     0.10596580E+004     0.36109318E+003
     0.11387436E+002     0.30986790E+003     0.73435748E+003     0.90283459E+003
     0.11391778E+002     0.30998603E+003     0.16869792E+003     0.11633977E+004
     0.11396119E+002     0.31010417E+003    -0.43939969E+003     0.11048936E+004
     0.11400460E+002     0.31022230E+003    -0.92655334E+003     0.75058816E+003
     0.11404802E+002     0.31034044E+003    -0.11917019E+004     0.18758967E+003
     0.11409143E+002     0.31045857E+003    -0.10883495E+004    -0.43668476E+003
     0.11413485E+002     0.31057671E+003    -0.70073051E+003    -0.88585318E+003
     0.11417826E+002     0.31069484E+003    -0.13820940E+003    -0.11011227E+004
     0.11422167E+002     0.31081298E+003     0.44447062E+003    -0.10000914E+004
     0.11426509E+002     0.31093111E+003     0.90847250E+003    -0.58801239E+003
     0.11430850E+002     0.31104925E+003     0.10633325E+004    -0.47027664E+002
     0.11435191E+002     0.31116738E+003     0.98744802E+003     0.52899076E+003
     0.11439533E+002     0.31128552E+003     0.57751420E+003     0.99726967E+003
     0.11443874E+002     0.31140365E+003    -0.19712195E+002     0.11729255E+004
     0.11448216E+002     0.31152179E+003    -0.59376525E+003     0.10130386E+004
     0.11452557E+002     0.31163992E+003    -0.10168969E+004     0.60108453E+003
     0.11456898E+002     0.31175806E+003    -0.11821960E+004     0.18611317E+002
     0.11461240E+002     0.31187619E+003    -0.10186433E+004    -0.57346234E+003
     0.11465581E+002     0.31199433E+003    -0.56057918E+003    -0.99310906E+003
     0.11469922E+002     0.31211246E+003     0.34190371E+002    -0.11127137E+004
     0.11474264E+002     0.31223060E+003     0.61495654E+003    -0.91245251E+003
     0.11478605E+002     0.31234873E+003     0.98594527E+003    -0.44487566E+003
     0.11482947E+002     0.31246687E+003     0.10961814E+004     0.13638412E+003
     0.11487288E+002     0.31258500E+003     0.88165211E+003     0.70647028E+003
     0.11491629E+002     0.31270314E+003     0.40587847E+003     0.10861015E+004
     0.11495971E+002     0.31282127E+003    -0.20311193E+003     0.11571628E+004
     0.11500312E+002     0.31293941E+003    -0.75979942E+003     0.91156814E+003
     0.11504653E+002     0.31305754E+003    -0.10967788E+004     0.40501004E+003
     0.11508995E+002     0.31317568E+003    -0.11281107E+004    -0.15973776E+003
     0.11513336E+002     0.31329381E+003    -0.90930999E+003    -0.69318050E+003
     0.11517678E+002     0.31341195E+003    -0.41263596E+003    -0.10612870E+004
     0.11522019E+002     0.31353008E+003     0.22139889E+003    -0.10929122E+004
     0.11526360E+002     0.31364822E+003     0.75147261E+003    -0.80601456E+003
     0.11530702E+002     0.31376635E+003     0.10630719E+004    -0.27090781E+003
     0.11535043E+002     0.31388449E+003     0.10627867E+004     0.32420607E+003
     0.11539385E+002     0.31400262E+003     0.76159924E+003     0.85133043E+003
     0.11543726E+002     0.31412076E+003     0.22191114E+003     0.11427924E+004
     0.11548067E+002     0.31423889E+003    -0.38216783E+003     0.11153427E+004
     0.11552409E+002     0.31435703E+003    -0.88590807E+003     0.77811212E+003
     0.11556750E+002     0.31447516E+003    -0.11381919E+004     0.24588815E+003
     0.11561091E+002     0.31459330E+003    -0.10970159E+004    -0.33775498E+003
     0.11565433E+002     0.31471143E+003    -0.77031071E+003    -0.84520635E+003
     0.11569774E+002     0.31482957E+003    -0.20434597E+003    -0.10977190E+004
     0.11574116E+002     0.31494770E+003     0.39693496E+003    -0.10047523E+004
     0.11578457E+002     0.31506584E+003     0.84357630E+003    -0.64807830E+003
     0.11582798E+002     0.31518397E+003     0.10867424E+004    -0.11910299E+003
     0.11587140E+002     0.31530211E+003     0.10018625E+004     0.48879643E+003
     0.11591481E+002     0.31542024E+003     0.62807399E+003     0.94725515E+003
     0.11595822E+002     0.31553838E+003     0.65407684E+002     0.11708251E+004
     0.11600164E+002     0.31565651E+003    -0.54431240E+003     0.10610656E+004
     0.11604505E+002     0.31577465E+003    -0.10007951E+004     0.65168482E+003
     0.11608847E+002     0.31589278E+003    -0.11809752E+004     0.62399347E+002
     0.11613188E+002     0.31601092E+003    -0.10251963E+004    -0.53039206E+003
     0.11617529E+002     0.31612905E+003    -0.59197621E+003    -0.94117175E+003
     0.11621871E+002     0.31624718E+003    -0.26216550E+002    -0.10871277E+004
     0.11626212E+002     0.31636532E+003     0.54148844E+003    -0.92104937E+003
     0.11630553E+002     0.31648345E+003     0.93968089E+003    -0.50244280E+003
     0.11634895E+002     0.31660159E+003     0.10842352E+004     0.60786855E+002
     0.11639236E+002     0.31671972E+003     0.91740453E+003     0.62743356E+003
     0.11643578E+002     0.31683786E+003     0.47531073E+003     0.10528974E+004
     0.11647919E+002     0.31695599E+003    -0.11811963E+003     0.11514013E+004
     0.11652260E+002     0.31707413E+003    -0.66874593E+003     0.96088484E+003
     0.11656602E+002     0.31719226E+003    -0.10595833E+004     0.52194463E+003
     0.11660943E+002     0.31731040E+003    -0.11931304E+004    -0.77468395E+002
     0.11665284E+002     0.31742853E+003    -0.96509683E+003    -0.67581689E+003
     0.11669626E+002     0.31754667E+003    -0.45077603E+003    -0.10494113E+004
     0.11673967E+002     0.31766480E+003     0.14732664E+003    -0.11017538E+004
     0.11678309E+002     0.31778294E+003     0.71363572E+003    -0.85274103E+003
     0.11682650E+002     0.31790107E+003     0.10556285E+004    -0.32436868E+003
     0.11686991E+002     0.31801921E+003     0.10658405E+004     0.26859314E+003
     0.11691333E+002     0.31813734E+003     0.80852631E+003     0.78666947E+003
     0.11695674E+002     0.31825548E+003     0.30788648E+003     0.11191770E+004
     0.11700016E+002     0.31837361E+003    -0.29933433E+003     0.11506744E+004
     0.11704357E+002     0.31849175E+003    -0.84552741E+003     0.85476801E+003
     0.11708698E+002     0.31860988E+003    -0.11399957E+004     0.31760249E+003
     0.11713040E+002     0.31872802E+003    -0.11396692E+004    -0.27344721E+003
     0.11717381E+002     0.31884615E+003    -0.83684896E+003    -0.81218667E+003
     0.11721722E+002     0.31896429E+003    -0.27977528E+003    -0.11229730E+004
     0.11726064E+002     0.31908242E+003     0.37394366E+003    -0.10613755E+004
     0.11730405E+002     0.31920056E+003     0.84445085E+003    -0.68506678E+003
     0.11734747E+002     0.31931869E+003     0.10906708E+004    -0.13657747E+003
     0.11739088E+002     0.31943683E+003     0.10139172E+004     0.44864894E+003
     0.11743429E+002     0.31955496E+003     0.64968633E+003     0.92346926E+003
     0.11747771E+002     0.31967310E+003     0.12139707E+003     0.11463210E+004
     0.11752112E+002     0.31979123E+003    -0.48084428E+003     0.10837018E+004
     0.11756453E+002     0.31990937E+003    -0.95885533E+003     0.70411413E+003
     0.11760795E+002     0.32002750E+003    -0.11728588E+004     0.12630779E+003
     0.11765136E+002     0.32014564E+003    -0.10553041E+004    -0.46560996E+003
     0.11769478E+002     0.32026377E+003    -0.65140499E+003    -0.91093564E+003
     0.11773819E+002     0.32038191E+003    -0.99151639E+002    -0.11038980E+004
     0.11778160E+002     0.32050004E+003     0.51075709E+003    -0.97684347E+003
     0.11782502E+002     0.32061818E+003     0.93585890E+003    -0.54234226E+003
     0.11786843E+002     0.32073631E+003     0.11026650E+004     0.20687951E+002
     0.11791184E+002     0.32085445E+003     0.95296042E+003     0.61285849E+003
     0.11795526E+002     0.32097258E+003     0.49859318E+003     0.10355424E+004
     0.11799867E+002     0.32109072E+003    -0.79264420E+002     0.11514751E+004
     0.11804209E+002     0.32120885E+003    -0.64315281E+003     0.97756581E+003
     0.11808550E+002     0.32132699E+003    -0.10354110E+004     0.53051281E+003
     0.11812891E+002     0.32144512E+003    -0.11449955E+004    -0.42229196E+002
     0.11817233E+002     0.32156326E+003    -0.95562898E+003    -0.59564466E+003
     0.11821574E+002     0.32168139E+003    -0.51846928E+003    -0.99188409E+003
     0.11825916E+002     0.32179953E+003     0.90928470E+002    -0.10968491E+004
     0.11830257E+002     0.32191766E+003     0.65243135E+003    -0.85852988E+003
     0.11834598E+002     0.32203580E+003     0.99591834E+003    -0.38951615E+003
     0.11838940E+002     0.32215393E+003     0.10743812E+004     0.18340752E+003
     0.11843281E+002     0.32227207E+003     0.86229808E+003     0.72718026E+003
     0.11847622E+002     0.32239020E+003     0.37014379E+003     0.11013207E+004
     0.11851964E+002     0.32250834E+003    -0.23455255E+003     0.11585660E+004
     0.11856305E+002     0.32262647E+003    -0.78263330E+003     0.89343061E+003
     0.11860647E+002     0.32274461E+003    -0.11259014E+004     0.38574711E+003
     0.11864988E+002     0.32286274E+003    -0.11413261E+004    -0.22716291E+003
     0.11869329E+002     0.32298088E+003    -0.84679564E+003    -0.74333606E+003
     0.11873671E+002     0.32309901E+003    -0.34452013E+003    -0.10569894E+004
     0.11878012E+002     0.32321715E+003     0.25868982E+003    -0.10708608E+004
     0.11882353E+002     0.32333528E+003     0.78836982E+003    -0.76481367E+003
     0.11886695E+002     0.32345342E+003     0.10833725E+004    -0.21731220E+003
     0.11891036E+002     0.32357155E+003     0.10412563E+004     0.36622175E+003
     0.11895378E+002     0.32368969E+003     0.74485102E+003     0.87671812E+003
     0.11899719E+002     0.32380782E+003     0.19747919E+003     0.11692426E+004
     0.11904060E+002     0.32392595E+003    -0.43296528E+003     0.11256570E+004
     0.11908402E+002     0.32404409E+003    -0.92622364E+003     0.75229048E+003
     0.11912743E+002     0.32416222E+003    -0.11641659E+004     0.19882395E+003
     0.11917084E+002     0.32428036E+003    -0.10828285E+004    -0.40689489E+003
     0.11921426E+002     0.32439849E+003    -0.71352291E+003    -0.86673890E+003
     0.11925767E+002     0.32451663E+003    -0.16283838E+003    -0.11031124E+004
     0.11930109E+002     0.32463476E+003     0.44233665E+003    -0.10114110E+004
     0.11934450E+002     0.32475290E+003     0.92466566E+003    -0.61478378E+003
     0.11938791E+002     0.32487103E+003     0.11084245E+004    -0.24802723E+002
     0.11943133E+002     0.32498917E+003     0.97104931E+003     0.55734022E+003
     0.11947474E+002     0.32510730E+003     0.57691040E+003     0.99487878E+003
     0.11951815E+002     0.32522544E+003    -0.41799936E+001     0.11714838E+004
     0.11956157E+002     0.32534357E+003    -0.58539872E+003     0.10263555E+004
     0.11960498E+002     0.32546171E+003    -0.10204022E+004     0.60082002E+003
     0.11964840E+002     0.32557984E+003    -0.11607454E+004     0.15414418E+002
     0.11969181E+002     0.32569798E+003    -0.99369959E+003    -0.54727101E+003
     0.11973522E+002     0.32581611E+003    -0.57502812E+003    -0.95992637E+003
     0.11977864E+002     0.32593425E+003     0.22317765E+002    -0.11156891E+004
     0.11982205E+002     0.32605238E+003     0.60389175E+003    -0.92199767E+003
     0.11986547E+002     0.32617052E+003     0.99994992E+003    -0.46223367E+003
     0.11990888E+002     0.32628865E+003     0.11313633E+004     0.14370400E+003
     0.11995229E+002     0.32640679E+003     0.88151089E+003     0.72286454E+003
     0.11999571E+002     0.32652492E+003     0.40737311E+003     0.10912134E+004
     0.12003912E+002     0.32664306E+003    -0.18478010E+003     0.11576499E+004
     0.12008253E+002     0.32676119E+003    -0.73297219E+003     0.93990784E+003
     0.12012595E+002     0.32687933E+003    -0.11154184E+004     0.44242880E+003
     0.12016936E+002     0.32699746E+003    -0.11547884E+004    -0.18027347E+003
     0.12021278E+002     0.32711560E+003    -0.88919487E+003    -0.71828751E+003
     0.12025619E+002     0.32723373E+003    -0.37786279E+003    -0.10529697E+004
     0.12029960E+002     0.32735187E+003     0.21611324E+003    -0.10687350E+004
     0.12034302E+002     0.32747000E+003     0.76371545E+003    -0.79280342E+003
     0.12038643E+002     0.32758814E+003     0.10580953E+004    -0.25820559E+003
     0.12042984E+002     0.32770627E+003     0.10567761E+004     0.32515203E+003
     0.12047326E+002     0.32782441E+003     0.76575884E+003     0.84512511E+003
     0.12051667E+002     0.32794254E+003     0.22896197E+003     0.11440807E+004
     0.12056009E+002     0.32806068E+003    -0.37129535E+003     0.11087850E+004
     0.12060350E+002     0.32817881E+003    -0.86087574E+003     0.78390446E+003
     0.12064691E+002     0.32829695E+003    -0.11267157E+004     0.26464881E+003
     0.12069033E+002     0.32841508E+003    -0.10870949E+004    -0.33010076E+003
     0.12073374E+002     0.32853322E+003    -0.76669109E+003    -0.80972208E+003
     0.12077715E+002     0.32865135E+003    -0.23545331E+003    -0.10905502E+004
     0.12082057E+002     0.32876949E+003     0.39148464E+003    -0.10304435E+004
     0.12086398E+002     0.32888762E+003     0.86163769E+003    -0.65680224E+003
     0.12090740E+002     0.32900576E+003     0.11055311E+004    -0.10911956E+003
     0.12095081E+002     0.32912389E+003     0.10051263E+004     0.50642618E+003
     0.12099422E+002     0.32924203E+003     0.61675132E+003     0.95603757E+003
     0.12103764E+002     0.32936016E+003     0.67464861E+002     0.11504612E+004
     0.12108105E+002     0.32947830E+003    -0.50978171E+003     0.10609547E+004
     0.12112446E+002     0.32959643E+003    -0.96873471E+003     0.67104630E+003
     0.12116788E+002     0.32971457E+003    -0.11752304E+004     0.10042563E+003
     0.12121129E+002     0.32983270E+003    -0.10270232E+004    -0.49863676E+003
     0.12125471E+002     0.32995084E+003    -0.63302635E+003    -0.92273146E+003
     0.12129812E+002     0.33006897E+003    -0.66538109E+002    -0.11144844E+004
     0.12134153E+002     0.33018711E+003     0.56216085E+003    -0.97341104E+003
     0.12138495E+002     0.33030524E+003     0.98312329E+003    -0.52056554E+003
     0.12142836E+002     0.33042338E+003     0.11304702E+004     0.82090725E+002
     0.12147178E+002     0.33054151E+003     0.93547943E+003     0.67015088E+003
     0.12151519E+002     0.33065965E+003     0.47522046E+003     0.10726228E+004
     0.12155860E+002     0.33077778E+003    -0.12366998E+003     0.11798106E+004
     0.12160202E+002     0.33089592E+003    -0.68600680E+003     0.97544707E+003
     0.12164543E+002     0.33101405E+003    -0.10905520E+004     0.51179271E+003
     0.12168884E+002     0.33113219E+003    -0.11796311E+004    -0.11972258E+003
     0.12173226E+002     0.33125032E+003    -0.92950579E+003    -0.67579962E+003
     0.12177567E+002     0.33136845E+003    -0.43535813E+003    -0.10298444E+004
     0.12181909E+002     0.33148659E+003     0.17215749E+003    -0.10915645E+004
     0.12186250E+002     0.33160472E+003     0.70496709E+003    -0.82117806E+003
     0.12190591E+002     0.33172286E+003     0.10439538E+004    -0.34353661E+003
     0.12194933E+002     0.33184099E+003     0.11020141E+004     0.26605005E+003
     0.12199274E+002     0.33195913E+003     0.80755039E+003     0.82164365E+003
     0.12203615E+002     0.33207726E+003     0.29389456E+003     0.11367644E+004
     0.12207957E+002     0.33219540E+003    -0.31065523E+003     0.11393162E+004
     0.12212298E+002     0.33231353E+003    -0.83689395E+003     0.85259224E+003
     0.12216640E+002     0.33243167E+003    -0.11458796E+004     0.30702888E+003
     0.12220981E+002     0.33254980E+003    -0.11024299E+004    -0.29370502E+003
     0.12225322E+002     0.33266794E+003    -0.79368037E+003    -0.78735064E+003
     0.12229664E+002     0.33278607E+003    -0.25748731E+003    -0.10640623E+004
     0.12234005E+002     0.33290421E+003     0.32061804E+003    -0.10314203E+004
     0.12238346E+002     0.33302234E+003     0.82769469E+003    -0.70543039E+003
     0.12242688E+002     0.33314048E+003     0.10983849E+004    -0.16256739E+003
     0.12247029E+002     0.33325861E+003     0.10340804E+004     0.43618264E+003
     0.12251371E+002     0.33337675E+003     0.68254563E+003     0.93685430E+003
     0.12255712E+002     0.33349488E+003     0.12171400E+003     0.11597962E+004
     0.12260053E+002     0.33361302E+003    -0.47287963E+003     0.10855677E+004
     0.12264395E+002     0.33373115E+003    -0.94277787E+003     0.70306287E+003
     0.12268736E+002     0.33384929E+003    -0.11578031E+004     0.16280681E+003
     0.12273078E+002     0.33396742E+003    -0.10614641E+004    -0.46017245E+003
     0.12277419E+002     0.33408556E+003    -0.66576056E+003    -0.90359570E+003
     0.12281760E+002     0.33420369E+003    -0.78904582E+002    -0.11109080E+004
     0.12286102E+002     0.33432183E+003     0.51096217E+003    -0.94196169E+003
     0.12290443E+002     0.33443996E+003     0.91634794E+003    -0.55200739E+003
     0.12294784E+002     0.33455810E+003     0.10950272E+004     0.13881371E+001
     0.12299126E+002     0.33467623E+003     0.97214433E+003     0.58435384E+003
     0.12303467E+002     0.33479437E+003     0.54959054E+003     0.10297489E+004
     0.12307809E+002     0.33491250E+003    -0.39805818E+002     0.11934535E+004
     0.12312150E+002     0.33503064E+003    -0.63726579E+003     0.10204604E+004
     0.12316491E+002     0.33514877E+003    -0.10563170E+004     0.56860585E+003
     0.12320833E+002     0.33526691E+003    -0.11832456E+004    -0.38412913E+002
     0.12325174E+002     0.33538504E+003    -0.96888680E+003    -0.62238043E+003
     0.12329515E+002     0.33550318E+003    -0.50625640E+003    -0.99283916E+003
     0.12333857E+002     0.33562131E+003     0.86464100E+002    -0.11141355E+004
     0.12338198E+002     0.33573945E+003     0.67215250E+003    -0.88767078E+003
     0.12342540E+002     0.33585758E+003     0.10608146E+004    -0.39214216E+003
     0.12346881E+002     0.33597572E+003     0.10960986E+004     0.23457604E+003
     0.12351222E+002     0.33609385E+003     0.85257601E+003     0.76115048E+003
     0.12355564E+002     0.33621199E+003     0.35852775E+003     0.11150065E+004
     0.12359905E+002     0.33633012E+003    -0.24097145E+003     0.11593832E+004
     0.12364246E+002     0.33644826E+003    -0.78048894E+003     0.89746546E+003
     0.12368588E+002     0.33656639E+003    -0.11266364E+004     0.39369514E+003
     0.12372929E+002     0.33668453E+003    -0.11518118E+004    -0.23155080E+003
     0.12377271E+002     0.33680266E+003    -0.84925732E+003    -0.76760912E+003
     0.12381612E+002     0.33692080E+003    -0.31743749E+003    -0.10696439E+004
     0.12385953E+002     0.33703893E+003     0.28974098E+003    -0.10608950E+004
     0.12390295E+002     0.33715707E+003     0.80261570E+003    -0.74979788E+003
     0.12394636E+002     0.33727520E+003     0.11035501E+004    -0.21046915E+003
     0.12398977E+002     0.33739334E+003     0.10558179E+004     0.40009044E+003
     0.12403319E+002     0.33751147E+003     0.72830717E+003     0.90150317E+003
     0.12407660E+002     0.33762961E+003     0.17973895E+003     0.11753198E+004
     0.12412002E+002     0.33774774E+003    -0.43804667E+003     0.11159741E+004
     0.12416343E+002     0.33786588E+003    -0.93267517E+003     0.74568240E+003
     0.12420684E+002     0.33798401E+003    -0.11528487E+004     0.17314231E+003
     0.12425026E+002     0.33810215E+003    -0.10567797E+004    -0.40703555E+003
     0.12429367E+002     0.33822028E+003    -0.68322677E+003    -0.87087283E+003
     0.12433709E+002     0.33833842E+003    -0.13950732E+003    -0.10763223E+004
     0.12438050E+002     0.33845655E+003     0.44644921E+003    -0.98701873E+003
     0.12442391E+002     0.33857469E+003     0.90749012E+003    -0.60487757E+003
     0.12446733E+002     0.33869282E+003     0.11215604E+004    -0.33958629E+002
     0.12451074E+002     0.33881096E+003     0.97791358E+003     0.57297331E+003
     0.12455415E+002     0.33892909E+003     0.56709224E+003     0.99861962E+003
     0.12459757E+002     0.33904722E+003     0.29669634E+001     0.11757404E+004
     0.12464098E+002     0.33916536E+003    -0.58819729E+003     0.10370284E+004
     0.12468440E+002     0.33928349E+003    -0.10268443E+004     0.59631339E+003
     0.12472781E+002     0.33940163E+003    -0.11524205E+004    -0.37308068E+001
     0.12477122E+002     0.33951976E+003    -0.97190033E+003    -0.55656162E+003
     0.12481464E+002     0.33963790E+003    -0.53729272E+003    -0.95939917E+003
     0.12485805E+002     0.33975603E+003     0.45631022E+002    -0.10824923E+004
     0.12490146E+002     0.33987417E+003     0.60916406E+003    -0.88688170E+003
     0.12494488E+002     0.33999230E+003     0.98028010E+003    -0.43182587E+003
     0.12498829E+002     0.34011044E+003     0.10893021E+004     0.13520994E+003
     0.12503171E+002     0.34022857E+003     0.90549589E+003     0.70376090E+003
     0.12507512E+002     0.34034671E+003     0.42209018E+003     0.10961493E+004
     0.12511853E+002     0.34046484E+003    -0.19223257E+003     0.11721149E+004
     0.12516195E+002     0.34058298E+003    -0.75079507E+003     0.90309130E+003
     0.12520536E+002     0.34070111E+003    -0.10703581E+004     0.41948618E+003
     0.12524877E+002     0.34081925E+003    -0.11048261E+004    -0.16171298E+003
     0.12529219E+002     0.34093738E+003    -0.86045505E+003    -0.67447549E+003
     0.12533560E+002     0.34105552E+003    -0.38919730E+003    -0.99675603E+003
     0.12537902E+002     0.34117365E+003     0.17600889E+003    -0.10544593E+004
     0.12542243E+002     0.34129179E+003     0.71860688E+003    -0.80689568E+003
     0.12546584E+002     0.34140992E+003     0.10725115E+004    -0.31396079E+003
     0.12550926E+002     0.34152806E+003     0.10890647E+004     0.31600305E+003
     0.12555267E+002     0.34164619E+003     0.80190544E+003     0.84638087E+003
     0.12559609E+002     0.34176433E+003     0.26180994E+003     0.11640282E+004
     0.12563950E+002     0.34188246E+003    -0.35857953E+003     0.11398812E+004
     0.12568291E+002     0.34200060E+003    -0.86532137E+003     0.82143672E+003
     0.12572633E+002     0.34211873E+003    -0.11610892E+004     0.27493126E+003
     0.12576974E+002     0.34223687E+003    -0.11098499E+004    -0.35044663E+003
     0.12581315E+002     0.34235500E+003    -0.75065882E+003    -0.84355685E+003
     0.12585657E+002     0.34247314E+003    -0.20125771E+003    -0.10915712E+004
     0.12589998E+002     0.34259127E+003     0.40982965E+003    -0.10168868E+004
     0.12594340E+002     0.34270941E+003     0.88451492E+003    -0.65181578E+003
     0.12598681E+002     0.34282754E+003     0.11175062E+004    -0.82819304E+002
     0.12603022E+002     0.34294568E+003     0.10043660E+004     0.51752808E+003
     0.12607364E+002     0.34306381E+003     0.62363658E+003     0.97579989E+003
     0.12611705E+002     0.34318195E+003     0.46502886E+002     0.11642783E+004
     0.12616046E+002     0.34330008E+003    -0.51973288E+003     0.10440793E+004
     0.12620388E+002     0.34341822E+003    -0.96597061E+003     0.65608107E+003
     0.12624729E+002     0.34353635E+003    -0.11473668E+004     0.84716782E+002
     0.12629071E+002     0.34365449E+003    -0.10237050E+004    -0.49388326E+003
     0.12633412E+002     0.34377262E+003    -0.59625487E+003    -0.94838141E+003
     0.12637753E+002     0.34389076E+003    -0.11080118E+002    -0.10726203E+004
     0.12642095E+002     0.34400889E+003     0.54734663E+003    -0.92478053E+003
     0.12646436E+002     0.34412703E+003     0.96637863E+003    -0.50361195E+003
     0.12650777E+002     0.34424516E+003     0.11106705E+004     0.87580690E+002
     0.12655119E+002     0.34436330E+003     0.92332051E+003     0.66037817E+003
     0.12659460E+002     0.34448143E+003     0.46909091E+003     0.10479721E+004
     0.12663802E+002     0.34459957E+003    -0.10004519E+003     0.11573114E+004
     0.12668143E+002     0.34471770E+003    -0.66523699E+003     0.96838291E+003
     0.12672484E+002     0.34483584E+003    -0.10419615E+004     0.51033955E+003
     0.12676826E+002     0.34495397E+003    -0.11576009E+004    -0.71388341E+002
     0.12681167E+002     0.34507211E+003    -0.93574175E+003    -0.64596853E+003
     0.12685508E+002     0.34519024E+003    -0.44837130E+003    -0.10248877E+004
     0.12689850E+002     0.34530838E+003     0.15588457E+003    -0.10871398E+004
     0.12694191E+002     0.34542651E+003     0.71249229E+003    -0.83580324E+003
     0.12698533E+002     0.34554465E+003     0.10536365E+004    -0.33936918E+003
     0.12702874E+002     0.34566278E+003     0.11057066E+004     0.26748033E+003
     0.12707215E+002     0.34578092E+003     0.82438047E+003     0.81522220E+003
     0.12711557E+002     0.34589905E+003     0.30525690E+003     0.11406358E+004
     0.12715898E+002     0.34601719E+003    -0.30850829E+003     0.11415233E+004
     0.12720240E+002     0.34613532E+003    -0.82328445E+003     0.84325249E+003
     0.12724581E+002     0.34625346E+003    -0.11135755E+004     0.32835395E+003
     0.12728922E+002     0.34637159E+003    -0.11234426E+004    -0.27853821E+003
     0.12733264E+002     0.34648972E+003    -0.78215878E+003    -0.79752549E+003
     0.12737605E+002     0.34660786E+003    -0.24645777E+003    -0.10541838E+004
     0.12741946E+002     0.34672599E+003     0.32788241E+003    -0.10113716E+004
     0.12746288E+002     0.34684413E+003     0.81975912E+003    -0.70753621E+003
     0.12750629E+002     0.34696226E+003     0.10905025E+004    -0.16578384E+003
     0.12754971E+002     0.34708040E+003     0.10513529E+004     0.43564105E+003
     0.12759312E+002     0.34719853E+003     0.69224994E+003     0.93465672E+003
     0.12763653E+002     0.34731667E+003     0.12666651E+003     0.11721448E+004
     0.12767995E+002     0.34743480E+003    -0.47815808E+003     0.10804619E+004
     0.12772336E+002     0.34755294E+003    -0.92413229E+003     0.69529478E+003
     0.12776677E+002     0.34767107E+003    -0.11428391E+004     0.15727271E+003
     0.12781019E+002     0.34778921E+003    -0.10314872E+004    -0.44182807E+003
     0.12785360E+002     0.34790734E+003    -0.64489816E+003    -0.87503193E+003
     0.12789702E+002     0.34802548E+003    -0.10119458E+003    -0.10691061E+004
     0.12794043E+002     0.34814361E+003     0.47261720E+003    -0.96312146E+003
     0.12798384E+002     0.34826175E+003     0.94043023E+003    -0.57738162E+003
     0.12802726E+002     0.34837988E+003     0.11188123E+004     0.10984412E+002
     0.12807067E+002     0.34849802E+003     0.97571256E+003     0.59699276E+003
     0.12811408E+002     0.34861615E+003     0.54934382E+003     0.10241685E+004
     0.12815750E+002     0.34873429E+003    -0.25636963E+002     0.11868163E+004
     0.12820091E+002     0.34885242E+003    -0.62065971E+003     0.10193529E+004
     0.12824433E+002     0.34897056E+003    -0.10218809E+004     0.57768426E+003
     0.12828774E+002     0.34908869E+003    -0.11689454E+004    -0.14290139E+002
     0.12833115E+002     0.34920683E+003    -0.97778196E+003    -0.59971488E+003
     0.12837457E+002     0.34932496E+003    -0.50933729E+003    -0.10019014E+004
     0.12841798E+002     0.34944310E+003     0.91145737E+002    -0.11056203E+004
     0.12846139E+002     0.34956123E+003     0.66833396E+003    -0.88626293E+003
     0.12850481E+002     0.34967937E+003     0.10523356E+004    -0.39527411E+003
     0.12854822E+002     0.34979750E+003     0.11177728E+004     0.21702731E+003
     0.12859164E+002     0.34991564E+003     0.86667161E+003     0.77334273E+003
     0.12863505E+002     0.35003377E+003     0.36323949E+003     0.11095769E+004
     0.12867846E+002     0.35015191E+003    -0.22767058E+003     0.11694781E+004
     0.12872188E+002     0.35027004E+003    -0.77732464E+003     0.89859712E+003
     0.12876529E+002     0.35038818E+003    -0.11073813E+004     0.39183488E+003
     0.12880871E+002     0.35050631E+003    -0.11312792E+004    -0.21778199E+003
     0.12885212E+002     0.35062445E+003    -0.83911018E+003    -0.74813151E+003
     0.12889553E+002     0.35074258E+003    -0.31073886E+003    -0.10487241E+004
     0.12893895E+002     0.35086072E+003     0.27361969E+003    -0.10374693E+004
     0.12898236E+002     0.35097885E+003     0.78279977E+003    -0.74376659E+003
     0.12902577E+002     0.35109699E+003     0.10701850E+004    -0.24083720E+003
     0.12906919E+002     0.35121512E+003     0.10946569E+004     0.36500897E+003
     0.12911260E+002     0.35133326E+003     0.75627703E+003     0.89972781E+003
     0.12915602E+002     0.35145139E+003     0.20159586E+003     0.11766681E+004
     0.12919943E+002     0.35156953E+003    -0.40410674E+003     0.11182449E+004
     0.12924284E+002     0.35168766E+003    -0.88855634E+003     0.77782628E+003
     0.12928626E+002     0.35180580E+003    -0.11533986E+004     0.23112579E+003
     0.12932967E+002     0.35192393E+003    -0.11025608E+004    -0.38826377E+003
     0.12937308E+002     0.35204207E+003    -0.70688931E+003    -0.88037989E+003
     0.12941650E+002     0.35216020E+003    -0.14532119E+003    -0.10926735E+004
     0.12945991E+002     0.35227834E+003     0.44507857E+003    -0.10041428E+004
     0.12950333E+002     0.35239647E+003     0.93254350E+003    -0.63301960E+003
     0.12954674E+002     0.35251461E+003     0.11473380E+004    -0.28154764E+002
     0.12959015E+002     0.35263274E+003     0.10021105E+004     0.57693381E+003
     0.12963357E+002     0.35275088E+003     0.59717334E+003     0.10139279E+004
     0.12967698E+002     0.35286901E+003     0.41964369E+001     0.11964621E+004
     0.12972039E+002     0.35298715E+003    -0.57507246E+003     0.10322456E+004
     0.12976381E+002     0.35310528E+003    -0.10086114E+004     0.62700592E+003
     0.12980722E+002     0.35322342E+003    -0.11688754E+004     0.28420212E+002
     0.12985064E+002     0.35334155E+003    -0.99503910E+003    -0.55492327E+003
     0.12989405E+002     0.35345969E+003    -0.55126730E+003    -0.98163317E+003
     0.12993746E+002     0.35357782E+003     0.46047353E+002    -0.10951699E+004
     0.12998088E+002     0.35369596E+003     0.62318928E+003    -0.91227434E+003
     0.13002429E+002     0.35381409E+003     0.10225976E+004    -0.44285613E+003
     0.13006771E+002     0.35393222E+003     0.11269435E+004     0.15472725E+003
     0.13011112E+002     0.35405036E+003     0.90957992E+003     0.71968058E+003
     0.13015453E+002     0.35416849E+003     0.43237352E+003     0.11056840E+004
     0.13019795E+002     0.35428663E+003    -0.18772356E+003     0.11841898E+004
     0.13024136E+002     0.35440476E+003    -0.73491285E+003     0.92499995E+003
     0.13028477E+002     0.35452290E+003    -0.10773169E+004     0.44719354E+003
     0.13032819E+002     0.35464103E+003    -0.11428798E+004    -0.15253875E+003
     0.13037160E+002     0.35475917E+003    -0.88637602E+003    -0.70540745E+003
     0.13041502E+002     0.35487730E+003    -0.37519510E+003    -0.10501652E+004
     0.13045843E+002     0.35499544E+003     0.24392892E+003    -0.10698842E+004
     0.13050184E+002     0.35511357E+003     0.77091178E+003    -0.77554806E+003
     0.13054526E+002     0.35523171E+003     0.10746274E+004    -0.25601815E+003
     0.13058867E+002     0.35534984E+003     0.10520855E+004     0.33473476E+003
     0.13063208E+002     0.35546798E+003     0.78238135E+003     0.82284171E+003
     0.13067550E+002     0.35558611E+003     0.28688831E+003     0.11426559E+004
     0.13071891E+002     0.35570425E+003    -0.33032602E+003     0.11527679E+004
     0.13076233E+002     0.35582238E+003    -0.86771377E+003     0.82729177E+003
     0.13080574E+002     0.35594052E+003    -0.11395539E+004     0.27594234E+003
     0.13084915E+002     0.35605865E+003    -0.11075662E+004    -0.31923245E+003
     0.13089257E+002     0.35617679E+003    -0.76174979E+003    -0.84109995E+003
     0.13093598E+002     0.35629492E+003    -0.20084681E+003    -0.10922898E+004
     0.13097939E+002     0.35641306E+003     0.41002530E+003    -0.10291005E+004
     0.13102281E+002     0.35653119E+003     0.89720626E+003    -0.65438656E+003
     0.13106622E+002     0.35664933E+003     0.11190112E+004    -0.87596495E+002
     0.13110964E+002     0.35676746E+003     0.10374569E+004     0.49761536E+003
     0.13115305E+002     0.35688560E+003     0.65873914E+003     0.98383387E+003
     0.13119646E+002     0.35700373E+003     0.79959906E+002     0.12024624E+004
     0.13123988E+002     0.35712187E+003    -0.53687231E+003     0.10839445E+004
     0.13128329E+002     0.35724000E+003    -0.99650145E+003     0.66044627E+003
     0.13132670E+002     0.35735814E+003    -0.11549739E+004     0.70878112E+002
     0.13137012E+002     0.35747627E+003    -0.10128623E+004    -0.50901078E+003
     0.13141353E+002     0.35759441E+003    -0.58502433E+003    -0.94058747E+003
     0.13145695E+002     0.35771254E+003    -0.78231160E+001    -0.10827108E+004
     0.13150036E+002     0.35783068E+003     0.56029640E+003    -0.92805115E+003
     0.13154377E+002     0.35794881E+003     0.98190698E+003    -0.50776974E+003
     0.13158719E+002     0.35806695E+003     0.11301550E+004     0.78217660E+002
     0.13163060E+002     0.35818508E+003     0.96110938E+003     0.66531635E+003
     0.13167402E+002     0.35830322E+003     0.49793579E+003     0.10960931E+004
     0.13171743E+002     0.35842135E+003    -0.12431484E+003     0.11958113E+004
     0.13176084E+002     0.35853949E+003    -0.69519026E+003     0.97481176E+003
     0.13180426E+002     0.35865762E+003    -0.10667425E+004     0.48517319E+003
     0.13184767E+002     0.35877576E+003    -0.11388471E+004    -0.10903445E+003
     0.13189108E+002     0.35889389E+003    -0.89618105E+003    -0.64655752E+003
     0.13193450E+002     0.35901203E+003    -0.43999194E+003    -0.10117587E+004
     0.13197791E+002     0.35913016E+003     0.17097271E+003    -0.10827367E+004
     0.13202133E+002     0.35924830E+003     0.72167318E+003    -0.81872347E+003
     0.13206474E+002     0.35936643E+003     0.10469282E+004    -0.33828953E+003
     0.13210815E+002     0.35948457E+003     0.11201471E+004     0.26181353E+003
     0.13215157E+002     0.35960270E+003     0.83843141E+003     0.82664469E+003
     0.13219498E+002     0.35972084E+003     0.30781330E+003     0.11449320E+004
     0.13223839E+002     0.35983897E+003    -0.28417171E+003     0.11547312E+004
     0.13228181E+002     0.35995711E+003    -0.82129867E+003     0.86315650E+003
     0.13232522E+002     0.36007524E+003    -0.11266345E+004     0.32035492E+003
     0.13236864E+002     0.36019338E+003    -0.11042923E+004    -0.27350392E+003
     0.13241205E+002     0.36031151E+003    -0.79420552E+003    -0.78608576E+003
     0.13245546E+002     0.36042965E+003    -0.26495416E+003    -0.10707367E+004
     0.13249888E+002     0.36054778E+003     0.35108472E+003    -0.10540051E+004
     0.13254229E+002     0.36066592E+003     0.87376397E+003    -0.70049057E+003
     0.13258570E+002     0.36078405E+003     0.11115772E+004    -0.13908797E+003
     0.13262912E+002     0.36090219E+003     0.10474743E+004     0.45832310E+003
     0.13267253E+002     0.36102032E+003     0.70155208E+003     0.94372600E+003
     0.13271595E+002     0.36113846E+003     0.12786123E+003     0.11897911E+004
     0.13275936E+002     0.36125659E+003    -0.47788612E+003     0.10863124E+004
     0.13280277E+002     0.36137473E+003    -0.93673827E+003     0.69733287E+003
     0.13284619E+002     0.36149286E+003    -0.11265719E+004     0.14315484E+003
     0.13288960E+002     0.36161099E+003    -0.10407519E+004    -0.42754138E+003
     0.13293301E+002     0.36172913E+003    -0.65784165E+003    -0.89812848E+003
     0.13297643E+002     0.36184726E+003    -0.74213717E+002    -0.11040465E+004
     0.13301984E+002     0.36196540E+003     0.53116562E+003    -0.96497472E+003
     0.13306326E+002     0.36208353E+003     0.95867681E+003    -0.54614356E+003
     0.13310667E+002     0.36220167E+003     0.11283121E+004     0.37941051E+002
     0.13315008E+002     0.36231980E+003     0.96954875E+003     0.61527483E+003
     0.13319350E+002     0.36243794E+003     0.54499538E+003     0.10335540E+004
     0.13323691E+002     0.36255607E+003    -0.43746526E+002     0.11761646E+004
     0.13328033E+002     0.36267421E+003    -0.60999106E+003     0.10209142E+004
     0.13332374E+002     0.36279234E+003    -0.10408995E+004     0.56276305E+003
     0.13336715E+002     0.36291048E+003    -0.11388469E+004    -0.32990908E+002
     0.13341057E+002     0.36302861E+003    -0.95893924E+003    -0.58784256E+003
     0.13345398E+002     0.36314675E+003    -0.49653118E+003    -0.10057255E+004
     0.13349739E+002     0.36326488E+003     0.11512697E+003    -0.10923528E+004
     0.13354081E+002     0.36338302E+003     0.67403750E+003    -0.86688331E+003
     0.13358422E+002     0.36350115E+003     0.10391165E+004    -0.39771153E+003
     0.13362764E+002     0.36361929E+003     0.11383201E+004     0.21161010E+003
     0.13367105E+002     0.36373742E+003     0.87320939E+003     0.78487106E+003
     0.13371446E+002     0.36385556E+003     0.37158450E+003     0.11206293E+004
     0.13375788E+002     0.36397369E+003    -0.22999639E+003     0.11702847E+004
     0.13380129E+002     0.36409183E+003    -0.77723686E+003     0.88953790E+003
     0.13384470E+002     0.36420996E+003    -0.10720998E+004     0.39374639E+003
     0.13388812E+002     0.36432810E+003    -0.11282501E+004    -0.19082907E+003
     0.13393153E+002     0.36444623E+003    -0.85125866E+003    -0.74451998E+003
     0.13397495E+002     0.36456437E+003    -0.32768024E+003    -0.10599745E+004
     0.13401836E+002     0.36468250E+003     0.28750605E+003    -0.10711870E+004
     0.13406177E+002     0.36480064E+003     0.83064983E+003    -0.76580940E+003
     0.13410519E+002     0.36491877E+003     0.11241453E+004    -0.20686289E+003
     0.13414860E+002     0.36503691E+003     0.10786765E+004     0.40600527E+003
     0.13419201E+002     0.36515504E+003     0.75136988E+003     0.91107972E+003
     0.13423543E+002     0.36527318E+003     0.19853197E+003     0.11852597E+004
     0.13427884E+002     0.36539131E+003    -0.42272595E+003     0.11186559E+004
     0.13432226E+002     0.36550945E+003    -0.89349404E+003     0.76343294E+003
     0.13436567E+002     0.36562758E+003    -0.11458972E+004     0.21102009E+003
     0.13440908E+002     0.36574572E+003    -0.10747743E+004    -0.39168807E+003
     0.13445250E+002     0.36586385E+003    -0.69610163E+003    -0.88240414E+003
     0.13449591E+002     0.36598199E+003    -0.12305591E+003    -0.10970896E+004
     0.13453933E+002     0.36610012E+003     0.48286262E+003    -0.99132841E+003
     0.13458274E+002     0.36621826E+003     0.93521509E+003    -0.58758824E+003
     0.13462615E+002     0.36633639E+003     0.11273855E+004    -0.27901606E+002
     0.13466957E+002     0.36645453E+003     0.10033253E+004     0.57551001E+003
     0.13471298E+002     0.36657266E+003     0.59189460E+003     0.10103766E+004
     0.13475639E+002     0.36669080E+003     0.20964469E+002     0.11759874E+004
     0.13479981E+002     0.36680893E+003    -0.55793091E+003     0.10447138E+004
     0.13484322E+002     0.36692707E+003    -0.99998825E+003     0.62907361E+003
     0.13488664E+002     0.36704520E+003    -0.11664598E+004     0.37779186E+002
     0.13493005E+002     0.36716334E+003    -0.99548153E+003    -0.56738256E+003
     0.13497346E+002     0.36728147E+003    -0.52920664E+003    -0.97639198E+003
     0.13501688E+002     0.36739961E+003     0.55172825E+002    -0.10916921E+004
     0.13506029E+002     0.36751774E+003     0.62916024E+003    -0.90736801E+003
     0.13510370E+002     0.36763588E+003     0.10426808E+004    -0.44143134E+003
     0.13514712E+002     0.36775401E+003     0.11185919E+004     0.17179753E+003
     0.13519053E+002     0.36787215E+003     0.90778802E+003     0.71415231E+003
     0.13523395E+002     0.36799028E+003     0.44899699E+003     0.10916428E+004
     0.13527736E+002     0.36810842E+003    -0.16220965E+003     0.11940716E+004
     0.13532077E+002     0.36822655E+003    -0.72487548E+003     0.95272127E+003
     0.13536419E+002     0.36834469E+003    -0.10945659E+004     0.45665943E+003
     0.13540760E+002     0.36846282E+003    -0.11461487E+004    -0.17268858E+003
     0.13545101E+002     0.36858096E+003    -0.86673094E+003    -0.71154924E+003
     0.13549443E+002     0.36869909E+003    -0.36171744E+003    -0.10402603E+004
     0.13553784E+002     0.36881723E+003     0.24420251E+003    -0.10685832E+004
     0.13558126E+002     0.36893536E+003     0.77341769E+003    -0.78335315E+003
     0.13562467E+002     0.36905349E+003     0.10852594E+004    -0.27530919E+003
     0.13566808E+002     0.36917163E+003     0.11071677E+004     0.32874786E+003
     0.13571150E+002     0.36928976E+003     0.80395169E+003     0.87058449E+003
     0.13575491E+002     0.36940790E+003     0.27389624E+003     0.11711749E+004
     0.13579832E+002     0.36952603E+003    -0.35133769E+003     0.11633310E+004
     0.13584174E+002     0.36964417E+003    -0.88024216E+003     0.81665735E+003
     0.13588515E+002     0.36976230E+003    -0.11481811E+004     0.26567698E+003
     0.13592857E+002     0.36988044E+003    -0.10959877E+004    -0.35090151E+003
     0.13597198E+002     0.36999857E+003    -0.73080432E+003    -0.86155810E+003
     0.13601539E+002     0.37011671E+003    -0.16522662E+003    -0.10825001E+004
     0.13605881E+002     0.37023484E+003     0.42794473E+003    -0.10200777E+004
     0.13610222E+002     0.37035298E+003     0.92117258E+003    -0.63579408E+003
     0.13614564E+002     0.37047111E+003     0.11204197E+004    -0.55886659E+002
     0.13618905E+002     0.37058925E+003     0.10200691E+004     0.51344440E+003
     0.13623246E+002     0.37070738E+003     0.64502741E+003     0.97799319E+003
     0.13627588E+002     0.37082552E+003     0.74260355E+002     0.11783590E+004
     0.13631929E+002     0.37094365E+003    -0.51192906E+003     0.10724682E+004
     0.13636270E+002     0.37106179E+003    -0.98035850E+003     0.66670969E+003
     0.13640612E+002     0.37117992E+003    -0.11516931E+004     0.74560659E+002
     0.13644953E+002     0.37129806E+003    -0.10009925E+004    -0.51417220E+003
     0.13649295E+002     0.37141619E+003    -0.57553008E+003    -0.93351507E+003
     0.13653636E+002     0.37153433E+003     0.61986897E+000    -0.10858081E+004
     0.13657977E+002     0.37165246E+003     0.58424294E+003    -0.93228779E+003
     0.13662319E+002     0.37177060E+003     0.10020986E+004    -0.48950278E+003
     0.13666660E+002     0.37188873E+003     0.11277034E+004     0.10506049E+003
     0.13671001E+002     0.37200687E+003     0.93745697E+003     0.66640570E+003
     0.13675343E+002     0.37212500E+003     0.49723552E+003     0.10646458E+004
     0.13679684E+002     0.37224314E+003    -0.10336705E+003     0.11856559E+004
     0.13684026E+002     0.37236127E+003    -0.66582553E+003     0.97623407E+003
     0.13688367E+002     0.37247941E+003    -0.10525459E+004     0.51935138E+003
     0.13692708E+002     0.37259754E+003    -0.11542319E+004    -0.97236530E+002
     0.13697050E+002     0.37271568E+003    -0.90673536E+003    -0.66303136E+003
     0.13701391E+002     0.37283381E+003    -0.42148543E+003    -0.10205204E+004
     0.13705732E+002     0.37295195E+003     0.18411879E+003    -0.10865561E+004
     0.13710074E+002     0.37307008E+003     0.73699911E+003    -0.82710802E+003
     0.13714415E+002     0.37318822E+003     0.10789324E+004    -0.32241366E+003
     0.13718757E+002     0.37330635E+003     0.11155045E+004     0.27982932E+003
     0.13723098E+002     0.37342449E+003     0.84160157E+003     0.82549445E+003
     0.13727439E+002     0.37354262E+003     0.32232335E+003     0.11458210E+004
     0.13731781E+002     0.37366076E+003    -0.28381427E+003     0.11647901E+004
     0.13736122E+002     0.37377889E+003    -0.81566705E+003     0.86757717E+003
     0.13740464E+002     0.37389703E+003    -0.11356032E+004     0.32820331E+003
     0.13744805E+002     0.37401516E+003    -0.11089618E+004    -0.28729494E+003
     0.13749146E+002     0.37413330E+003    -0.78699948E+003    -0.80769649E+003
     0.13753488E+002     0.37425143E+003    -0.22902973E+003    -0.10989483E+004
     0.13757829E+002     0.37436957E+003     0.39917425E+003    -0.10248374E+004
     0.13762170E+002     0.37448770E+003     0.86626060E+003    -0.67265069E+003
     0.13766512E+002     0.37460584E+003     0.11150005E+004    -0.13138086E+003
     0.13770853E+002     0.37472397E+003     0.10479877E+004     0.46002106E+003
     0.13775195E+002     0.37484211E+003     0.70374931E+003     0.93834884E+003
     0.13779536E+002     0.37496024E+003     0.13490315E+003     0.11905804E+004
     0.13783877E+002     0.37507838E+003    -0.47604932E+003     0.10879616E+004
     0.13788219E+002     0.37519651E+003    -0.93075175E+003     0.70017049E+003
     0.13792560E+002     0.37531465E+003    -0.11269587E+004     0.14008216E+003
     0.13796901E+002     0.37543278E+003    -0.10222655E+004    -0.44664342E+003
     0.13801243E+002     0.37555092E+003    -0.63478998E+003    -0.89019371E+003
     0.13805584E+002     0.37566905E+003    -0.59968821E+002    -0.10900029E+004
     0.13809926E+002     0.37578719E+003     0.52572803E+003    -0.95639620E+003
     0.13814267E+002     0.37590532E+003     0.96756230E+003    -0.55014235E+003
     0.13818608E+002     0.37602346E+003     0.11416835E+004     0.36614656E+002
     0.13822950E+002     0.37614159E+003     0.97990646E+003     0.62061763E+003
     0.13827291E+002     0.37625973E+003     0.55558623E+003     0.10437176E+004
     0.13831632E+002     0.37637786E+003    -0.45233385E+002     0.11983793E+004
     0.13835974E+002     0.37649599E+003    -0.61401948E+003     0.10028738E+004
     0.13840315E+002     0.37661413E+003    -0.10301631E+004     0.57139385E+003
     0.13844657E+002     0.37673226E+003    -0.11495769E+004    -0.49542076E+002
     0.13848998E+002     0.37685040E+003    -0.92866261E+003    -0.60268344E+003
     0.13853339E+002     0.37696853E+003    -0.47638418E+003    -0.98700687E+003
     0.13857681E+002     0.37708667E+003     0.12073638E+003    -0.10876069E+004
     0.13862022E+002     0.37720480E+003     0.67760144E+003    -0.86509402E+003
     0.13866363E+002     0.37732294E+003     0.10610490E+004    -0.39051167E+003
     0.13870705E+002     0.37744107E+003     0.11315424E+004     0.21288132E+003
     0.13875046E+002     0.37755921E+003     0.88893016E+003     0.77961423E+003
     0.13879388E+002     0.37767734E+003     0.38424693E+003     0.11287292E+004
     0.13883729E+002     0.37779548E+003    -0.21896224E+003     0.11709105E+004
     0.13888070E+002     0.37791361E+003    -0.76869840E+003     0.90747871E+003
     0.13892412E+002     0.37803175E+003    -0.10934981E+004     0.38777803E+003
     0.13896753E+002     0.37814988E+003    -0.11267826E+004    -0.20580658E+003
     0.13901095E+002     0.37826802E+003    -0.83798000E+003    -0.75355564E+003
     0.13905436E+002     0.37838615E+003    -0.30070055E+003    -0.10788647E+004
     0.13909777E+002     0.37850429E+003     0.31192783E+003    -0.10548653E+004
     0.13914119E+002     0.37862242E+003     0.83148773E+003    -0.75164261E+003
     0.13918460E+002     0.37874056E+003     0.11266074E+004    -0.20868291E+003
     0.13922801E+002     0.37885869E+003     0.10994960E+004     0.41127893E+003
     0.13927143E+002     0.37897683E+003     0.75081545E+003     0.92342379E+003
     0.13931484E+002     0.37909496E+003     0.20253768E+003     0.11838881E+004
     0.13935826E+002     0.37921310E+003    -0.41601979E+003     0.11199975E+004
     0.13940167E+002     0.37933123E+003    -0.89339370E+003     0.76778068E+003
     0.13944508E+002     0.37944937E+003    -0.11493617E+004     0.20262746E+003
     0.13948850E+002     0.37956750E+003    -0.10590013E+004    -0.40243889E+003
     0.13953191E+002     0.37968564E+003    -0.68352199E+003    -0.88065832E+003
     0.13957532E+002     0.37980377E+003    -0.10985799E+003    -0.10979409E+004
     0.13961874E+002     0.37992191E+003     0.48808887E+003    -0.98815845E+003
     0.13966215E+002     0.38004004E+003     0.95129345E+003    -0.59916196E+003
     0.13970557E+002     0.38015818E+003     0.11437296E+004    -0.14762574E+002
     0.13974898E+002     0.38027631E+003     0.10167511E+004     0.57629681E+003
     0.13979239E+002     0.38039445E+003     0.60865520E+003     0.10161471E+004
     0.13983581E+002     0.38051258E+003     0.29886039E+002     0.12068086E+004
     0.13987922E+002     0.38063072E+003    -0.58455081E+003     0.10546245E+004
     0.13992263E+002     0.38074885E+003    -0.10085968E+004     0.61256933E+003
     0.13996605E+002     0.38086699E+003    -0.11642308E+004     0.16102441E+002
     0.14000946E+002     0.38098512E+003    -0.97554929E+003    -0.57986478E+003
     0.14005288E+002     0.38110326E+003    -0.51628684E+003    -0.98256433E+003
     0.14009629E+002     0.38122139E+003     0.84661326E+002    -0.11038920E+004
     0.14013970E+002     0.38133953E+003     0.66171108E+003    -0.89325432E+003
     0.14018312E+002     0.38145766E+003     0.10467541E+004    -0.42460327E+003
     0.14022653E+002     0.38157580E+003     0.11447292E+004     0.17870186E+003
     0.14026994E+002     0.38169393E+003     0.90039150E+003     0.74949291E+003
     0.14031336E+002     0.38181207E+003     0.42218715E+003     0.10952010E+004
     0.14035677E+002     0.38193020E+003    -0.16789586E+003     0.11774155E+004
     0.14040019E+002     0.38204834E+003    -0.72008448E+003     0.92891708E+003
     0.14044360E+002     0.38216647E+003    -0.10738263E+004     0.44597222E+003
     0.14048701E+002     0.38228461E+003    -0.11321735E+004    -0.16924862E+003
     0.14053043E+002     0.38240274E+003    -0.85124958E+003    -0.71361642E+003
     0.14057384E+002     0.38252088E+003    -0.34797224E+003    -0.10372852E+004
     0.14061726E+002     0.38263901E+003     0.25346756E+003    -0.10715858E+004
     0.14066067E+002     0.38275715E+003     0.79751041E+003    -0.77938177E+003
     0.14070408E+002     0.38287528E+003     0.11053290E+004    -0.25851285E+003
     0.14074750E+002     0.38299342E+003     0.11106963E+004     0.35581714E+003
     0.14079091E+002     0.38311155E+003     0.78154457E+003     0.88049960E+003
     0.14083432E+002     0.38322969E+003     0.26583888E+003     0.11555816E+004
     0.14087774E+002     0.38334782E+003    -0.35164224E+003     0.11455822E+004
     0.14092115E+002     0.38346596E+003    -0.86467486E+003     0.79624477E+003
     0.14096457E+002     0.38358409E+003    -0.11142506E+004     0.25204810E+003
     0.14100798E+002     0.38370223E+003    -0.10677154E+004    -0.33721944E+003
     0.14105139E+002     0.38382036E+003    -0.72641847E+003    -0.82786724E+003
     0.14109481E+002     0.38393850E+003    -0.17739960E+003    -0.10900517E+004
     0.14113822E+002     0.38405663E+003     0.44249250E+003    -0.10203995E+004
     0.14118163E+002     0.38417476E+003     0.92145038E+003    -0.63640579E+003
     0.14122505E+002     0.38429290E+003     0.11330430E+004    -0.66703520E+002
     0.14126846E+002     0.38441103E+003     0.10379228E+004     0.52297228E+003
     0.14131188E+002     0.38452917E+003     0.64970614E+003     0.98736931E+003
     0.14135529E+002     0.38464730E+003     0.75145999E+002     0.11858080E+004
     0.14139870E+002     0.38476544E+003    -0.51248060E+003     0.10585679E+004
     0.14144212E+002     0.38488357E+003    -0.95978443E+003     0.66514927E+003
     0.14148553E+002     0.38500171E+003    -0.11451913E+004     0.80481877E+002
     0.14152894E+002     0.38511984E+003    -0.99169449E+003    -0.51167132E+003
     0.14157236E+002     0.38523798E+003    -0.57602548E+003    -0.93911492E+003
     0.14161577E+002     0.38535611E+003     0.16413284E+002    -0.10972924E+004
     0.14165919E+002     0.38547425E+003     0.59723705E+003    -0.92452505E+003
     0.14170260E+002     0.38559238E+003     0.10081084E+004    -0.48744979E+003
     0.14174601E+002     0.38571052E+003     0.11426017E+004     0.98706017E+002
     0.14178943E+002     0.38582865E+003     0.96104847E+003     0.68809557E+003
     0.14183284E+002     0.38594679E+003     0.48491803E+003     0.10772292E+004
     0.14187626E+002     0.38606492E+003    -0.99008715E+002     0.11850985E+004
     0.14191967E+002     0.38618306E+003    -0.66515363E+003     0.96993397E+003
     0.14196308E+002     0.38630119E+003    -0.10425434E+004     0.50627042E+003
     0.14200650E+002     0.38641933E+003    -0.11445517E+004    -0.94679066E+002
     0.14204991E+002     0.38653746E+003    -0.89756165E+003    -0.66753052E+003
     0.14209332E+002     0.38665560E+003    -0.41419638E+003    -0.10166029E+004
     0.14213674E+002     0.38677373E+003     0.19545484E+003    -0.10913799E+004
     0.14218015E+002     0.38689187E+003     0.75157526E+003    -0.82996950E+003
     0.14222357E+002     0.38701000E+003     0.10967026E+004    -0.32318867E+003
     0.14226698E+002     0.38712814E+003     0.11398201E+004     0.29308642E+003
     0.14231039E+002     0.38724627E+003     0.84357761E+003     0.84352808E+003
     0.14235381E+002     0.38736441E+003     0.31035308E+003     0.11625691E+004
     0.14239722E+002     0.38748254E+003    -0.30523814E+003     0.11568782E+004
     0.14244063E+002     0.38760068E+003    -0.82000137E+003     0.82653147E+003
     0.14248405E+002     0.38771881E+003    -0.10932149E+004     0.31613416E+003
     0.14252746E+002     0.38783695E+003    -0.10820901E+004    -0.28502198E+003
     0.14257088E+002     0.38795508E+003    -0.76000013E+003    -0.78742652E+003
     0.14261429E+002     0.38807322E+003    -0.23366067E+003    -0.10663461E+004
     0.14265770E+002     0.38819135E+003     0.38037157E+003    -0.10291798E+004
     0.14270112E+002     0.38830949E+003     0.86465471E+003    -0.67428886E+003
     0.14274453E+002     0.38842762E+003     0.11105894E+004    -0.15151746E+003
     0.14278794E+002     0.38854576E+003     0.10678271E+004     0.43571223E+003
     0.14283136E+002     0.38866389E+003     0.73526576E+003     0.93767249E+003
     0.14287477E+002     0.38878203E+003     0.16678503E+003     0.11988567E+004
     0.14291819E+002     0.38890016E+003    -0.45941194E+003     0.11109610E+004
     0.14296160E+002     0.38901830E+003    -0.92404952E+003     0.72746658E+003
     0.14300501E+002     0.38913643E+003    -0.11537737E+004     0.15816322E+003
     0.14304843E+002     0.38925457E+003    -0.10464710E+004    -0.45311709E+003
     0.14309184E+002     0.38937270E+003    -0.64655821E+003    -0.93328887E+003
     0.14313525E+002     0.38949084E+003    -0.32666945E+002    -0.11238501E+004
     0.14317867E+002     0.38960897E+003     0.56254160E+003    -0.96024959E+003
     0.14322208E+002     0.38972711E+003     0.98859488E+003    -0.54850494E+003
     0.14326550E+002     0.38984524E+003     0.11707589E+004     0.39480408E+002
     0.14330891E+002     0.38996338E+003     0.10066223E+004     0.65515838E+003
     0.14335232E+002     0.39008151E+003     0.54302972E+003     0.10655333E+004
     0.14339574E+002     0.39019965E+003    -0.45413276E+002     0.11994127E+004
     0.14343915E+002     0.39031778E+003    -0.63309908E+003     0.10119364E+004
     0.14348257E+002     0.39043592E+003    -0.10282122E+004     0.55452567E+003
     0.14352598E+002     0.39055405E+003    -0.11478551E+004    -0.45868446E+002
     0.14356939E+002     0.39067219E+003    -0.94067608E+003    -0.61976040E+003
     0.14361281E+002     0.39079032E+003    -0.46902164E+003    -0.10228253E+004
     0.14365622E+002     0.39090846E+003     0.15598344E+003    -0.11108203E+004
     0.14369963E+002     0.39102659E+003     0.73077938E+003    -0.86516474E+003
     0.14374305E+002     0.39114473E+003     0.10890633E+004    -0.36176152E+003
     0.14378646E+002     0.39126286E+003     0.11383278E+004     0.25048105E+003
     0.14382988E+002     0.39138100E+003     0.88017284E+003     0.79753677E+003
     0.14387329E+002     0.39149913E+003     0.36957922E+003     0.11387664E+004
     0.14391670E+002     0.39161726E+003    -0.23666168E+003     0.11714433E+004
     0.14396012E+002     0.39173540E+003    -0.78141703E+003     0.88751007E+003
     0.14400353E+002     0.39185353E+003    -0.10908007E+004     0.36746718E+003
     0.14404694E+002     0.39197167E+003    -0.11066679E+004    -0.23719153E+003
     0.14409036E+002     0.39208980E+003    -0.79964872E+003    -0.76391541E+003
     0.14413377E+002     0.39220794E+003    -0.27831362E+003    -0.10616890E+004
     0.14417719E+002     0.39232607E+003     0.33111787E+003    -0.10570127E+004
     0.14422060E+002     0.39244421E+003     0.84793318E+003    -0.72385194E+003
     0.14426401E+002     0.39256234E+003     0.11309237E+004    -0.19575388E+003
     0.14430743E+002     0.39268048E+003     0.10872331E+004     0.42139444E+003
     0.14435084E+002     0.39279861E+003     0.74751007E+003     0.91307901E+003
     0.14439425E+002     0.39291675E+003     0.20353831E+003     0.11806434E+004
     0.14443767E+002     0.39303488E+003    -0.40537409E+003     0.11157389E+004
     0.14448108E+002     0.39315302E+003    -0.90066757E+003     0.75198405E+003
     0.14452450E+002     0.39327115E+003    -0.11188983E+004     0.19046519E+003
     0.14456791E+002     0.39338929E+003    -0.10373208E+004    -0.39764008E+003
     0.14461132E+002     0.39350742E+003    -0.67549442E+003    -0.85947700E+003
     0.14465474E+002     0.39362556E+003    -0.12409595E+003    -0.11077778E+004
     0.14469815E+002     0.39374369E+003     0.50444208E+003    -0.10113612E+004
     0.14474156E+002     0.39386183E+003     0.98373992E+003    -0.59746196E+003
     0.14478498E+002     0.39397996E+003     0.11543965E+004    -0.34818156E+001
     0.14482839E+002     0.39409810E+003     0.10322834E+004     0.58578368E+003
     0.14487181E+002     0.39421623E+003     0.60371561E+003     0.10427850E+004
     0.14491522E+002     0.39433437E+003     0.99137420E+001     0.11947681E+004
     0.14495863E+002     0.39445250E+003    -0.57181943E+003     0.10433039E+004
     0.14500205E+002     0.39457064E+003    -0.10106954E+004     0.60575189E+003
     0.14504546E+002     0.39468877E+003    -0.11356926E+004    -0.74944036E+001
     0.14508888E+002     0.39480691E+003    -0.95343941E+003    -0.55609141E+003
     0.14513229E+002     0.39492504E+003    -0.52742109E+003    -0.98294772E+003
     0.14517570E+002     0.39504318E+003     0.95527135E+002    -0.11160156E+004
     0.14521912E+002     0.39516131E+003     0.67413614E+003    -0.90004559E+003
     0.14526253E+002     0.39527945E+003     0.10598394E+004    -0.41760869E+003
     0.14530594E+002     0.39539758E+003     0.11491000E+004     0.17164910E+003
     0.14534936E+002     0.39551572E+003     0.93373370E+003     0.74097911E+003
     0.14539277E+002     0.39563385E+003     0.44934969E+003     0.11255591E+004
     0.14543619E+002     0.39575199E+003    -0.18545674E+003     0.11960626E+004
     0.14547960E+002     0.39587012E+003    -0.73472734E+003     0.92513059E+003
     0.14552301E+002     0.39598826E+003    -0.10791220E+004     0.42872576E+003
     0.14556643E+002     0.39610639E+003    -0.11187669E+004    -0.17813894E+003
     0.14560984E+002     0.39622453E+003    -0.85637008E+003    -0.73048675E+003
     0.14565325E+002     0.39634266E+003    -0.32475120E+003    -0.10603287E+004
     0.14569667E+002     0.39646080E+003     0.29128639E+003    -0.10673286E+004
     0.14574008E+002     0.39657893E+003     0.80759242E+003    -0.77569070E+003
     0.14578350E+002     0.39669707E+003     0.11239278E+004    -0.24669781E+003
     0.14582691E+002     0.39681520E+003     0.11125304E+004     0.36004309E+003
     0.14587032E+002     0.39693334E+003     0.80314556E+003     0.88987874E+003
     0.14591374E+002     0.39705147E+003     0.25075994E+003     0.11777768E+004
     0.14595715E+002     0.39716961E+003    -0.35510761E+003     0.11293227E+004
     0.14600056E+002     0.39728774E+003    -0.85217012E+003     0.79698025E+003
     0.14604398E+002     0.39740588E+003    -0.11228018E+004     0.25896226E+003
     0.14608739E+002     0.39752401E+003    -0.10719138E+004    -0.36048645E+003
     0.14613081E+002     0.39764215E+003    -0.71400106E+003    -0.84815562E+003
     0.14617422E+002     0.39776028E+003    -0.15211977E+003    -0.11012218E+004
     0.14621763E+002     0.39787842E+003     0.46202286E+003    -0.10230336E+004
     0.14626105E+002     0.39799655E+003     0.95352926E+003    -0.63324066E+003
     0.14630446E+002     0.39811469E+003     0.11483538E+004    -0.52499175E+002
     0.14634788E+002     0.39823282E+003     0.10473747E+004     0.53762421E+003
     0.14639129E+002     0.39835096E+003     0.65190048E+003     0.10000913E+004
     0.14643470E+002     0.39846909E+003     0.73881918E+002     0.11964011E+004
     0.14647812E+002     0.39858723E+003    -0.52623629E+003     0.10611947E+004
     0.14652153E+002     0.39870536E+003    -0.96676861E+003     0.64751901E+003
     0.14656494E+002     0.39882350E+003    -0.11428679E+004     0.69636438E+002
     0.14660836E+002     0.39894163E+003    -0.98712680E+003    -0.52998122E+003
     0.14665177E+002     0.39905976E+003    -0.55581070E+003    -0.95797928E+003
     0.14669519E+002     0.39917790E+003     0.38932345E+002    -0.11091103E+004
     0.14673860E+002     0.39929603E+003     0.63414995E+003    -0.92387366E+003
     0.14678201E+002     0.39941417E+003     0.10332225E+004    -0.46909552E+003
     0.14682543E+002     0.39953230E+003     0.11551978E+004     0.12027154E+003
     0.14686884E+002     0.39965044E+003     0.95596678E+003     0.70407050E+003
     0.14691225E+002     0.39976857E+003     0.48344990E+003     0.10885253E+004
     0.14695567E+002     0.39988671E+003    -0.11361968E+003     0.11859188E+004
     0.14699908E+002     0.40000484E+003    -0.67746465E+003     0.95786794E+003
     0.14704250E+002     0.40012298E+003    -0.10378134E+004     0.48618155E+003
     0.14708591E+002     0.40024111E+003    -0.11314577E+004    -0.11556077E+003
     0.14712932E+002     0.40035925E+003    -0.88138762E+003    -0.68117662E+003
     0.14717274E+002     0.40047738E+003    -0.38145426E+003    -0.10307030E+004
     0.14721615E+002     0.40059552E+003     0.22278692E+003    -0.10798722E+004
     0.14725956E+002     0.40071365E+003     0.76256611E+003    -0.81407295E+003
     0.14730298E+002     0.40083179E+003     0.11030044E+004    -0.32042320E+003
     0.14734639E+002     0.40094992E+003     0.11439971E+004     0.30676969E+003
     0.14738981E+002     0.40106806E+003     0.84228366E+003     0.84643340E+003
     0.14743322E+002     0.40118619E+003     0.31807468E+003     0.11584122E+004
     0.14747663E+002     0.40130433E+003    -0.29751928E+003     0.11626234E+004
     0.14752005E+002     0.40142246E+003    -0.82439528E+003     0.83566526E+003
     0.14756346E+002     0.40154060E+003    -0.11082043E+004     0.30075511E+003
     0.14760687E+002     0.40165873E+003    -0.10780711E+004    -0.30997118E+003
     0.14765029E+002     0.40177687E+003    -0.74137517E+003    -0.81043102E+003
     0.14769370E+002     0.40189500E+003    -0.19788650E+003    -0.10724500E+004
     0.14773712E+002     0.40201314E+003     0.39360249E+003    -0.10166969E+004
     0.14778053E+002     0.40213127E+003     0.87776426E+003    -0.69124186E+003
     0.14782394E+002     0.40224941E+003     0.11503500E+004    -0.14216973E+003
     0.14786736E+002     0.40236754E+003     0.10852788E+004     0.48021459E+003
     0.14791077E+002     0.40248568E+003     0.70702863E+003     0.95730581E+003
     0.14795419E+002     0.40260381E+003     0.15047744E+003     0.11908052E+004
     0.14799760E+002     0.40272195E+003    -0.46443776E+003     0.11030531E+004
     0.14804101E+002     0.40284008E+003    -0.93299334E+003     0.71008707E+003
     0.14808443E+002     0.40295822E+003    -0.11467660E+004     0.13083349E+003
     0.14812784E+002     0.40307635E+003    -0.10198948E+004    -0.47753865E+003
     0.14817125E+002     0.40319449E+003    -0.60717905E+003    -0.93336891E+003
     0.14821467E+002     0.40331262E+003    -0.25800940E+002    -0.11091469E+004
     0.14825808E+002     0.40343076E+003     0.57910293E+003    -0.97232445E+003
     0.14830150E+002     0.40354889E+003     0.10238945E+004    -0.53444332E+003
     0.14834491E+002     0.40366703E+003     0.11747523E+004     0.73779426E+002
     0.14838832E+002     0.40378516E+003     0.98707820E+003     0.65709663E+003
     0.14843174E+002     0.40390330E+003     0.54019356E+003     0.10660526E+004
     0.14847515E+002     0.40402143E+003    -0.51511009E+002     0.11914386E+004
     0.14851856E+002     0.40413957E+003    -0.62785287E+003     0.99916676E+003
     0.14856198E+002     0.40425770E+003    -0.10276913E+004     0.54182061E+003
     0.14860539E+002     0.40437584E+003    -0.11393943E+004    -0.65521000E+002
     0.14864881E+002     0.40449397E+003    -0.90847129E+003    -0.64196617E+003
     0.14869222E+002     0.40461211E+003    -0.42980708E+003    -0.10112015E+004
     0.14873563E+002     0.40473024E+003     0.16660595E+003    -0.10835950E+004
     0.14877905E+002     0.40484838E+003     0.71615594E+003    -0.86151855E+003
     0.14882246E+002     0.40496651E+003     0.10971081E+004    -0.36419998E+003
     0.14886587E+002     0.40508465E+003     0.11504333E+004     0.24362500E+003
     0.14890929E+002     0.40520278E+003     0.88190086E+003     0.80552087E+003
     0.14895270E+002     0.40532092E+003     0.37305491E+003     0.11274402E+004
     0.14899612E+002     0.40543905E+003    -0.22249611E+003     0.11657339E+004
     0.14903953E+002     0.40555719E+003    -0.76621049E+003     0.88987696E+003
     0.14908294E+002     0.40567532E+003    -0.10900061E+004     0.37266884E+003
     0.14912636E+002     0.40579346E+003    -0.11004103E+004    -0.23142954E+003
     0.14916977E+002     0.40591159E+003    -0.81742521E+003    -0.76964021E+003
     0.14921319E+002     0.40602973E+003    -0.27023808E+003    -0.10924193E+004
     0.14925660E+002     0.40614786E+003     0.35764524E+003    -0.10698386E+004
     0.14930001E+002     0.40626600E+003     0.87938806E+003    -0.72802271E+003
     0.14934343E+002     0.40638413E+003     0.11463054E+004    -0.18002779E+003
     0.14938684E+002     0.40650227E+003     0.11036549E+004     0.42706399E+003
     0.14943025E+002     0.40662040E+003     0.76352574E+003     0.92808172E+003
     0.14947367E+002     0.40673853E+003     0.19454814E+003     0.11962751E+004
     0.14951708E+002     0.40685667E+003    -0.41599307E+003     0.11168724E+004
     0.14956050E+002     0.40697480E+003    -0.90181594E+003     0.74501862E+003
     0.14960391E+002     0.40709294E+003    -0.11269115E+004     0.17994909E+003
     0.14964732E+002     0.40721107E+003    -0.10414670E+004    -0.41853011E+003
     0.14969074E+002     0.40732921E+003    -0.65738557E+003    -0.90062147E+003
     0.14973415E+002     0.40744734E+003    -0.77164941E+002    -0.11015819E+004
     0.14977756E+002     0.40756548E+003     0.52407009E+003    -0.99895999E+003
     0.14982098E+002     0.40768361E+003     0.98313816E+003    -0.59017109E+003
     0.14986439E+002     0.40780175E+003     0.11787323E+004    -0.37736431E+001
     0.14990781E+002     0.40791988E+003     0.10415011E+004     0.59784981E+003
     0.14995122E+002     0.40803802E+003     0.61149641E+003     0.10550743E+004
     0.14999463E+002     0.40815615E+003     0.17974864E+001     0.12107330E+004
     0.15003805E+002     0.40827429E+003    -0.58618736E+003     0.10333336E+004
     0.15008146E+002     0.40839242E+003    -0.10054516E+004     0.58511332E+003
     0.15012487E+002     0.40851056E+003    -0.11372675E+004     0.12610125E+001
     0.15016829E+002     0.40862869E+003    -0.95791849E+003    -0.59250390E+003
     0.15021170E+002     0.40874683E+003    -0.49202221E+003    -0.10025322E+004
     0.15025512E+002     0.40886496E+003     0.11615234E+003    -0.11086980E+004
     0.15029853E+002     0.40898310E+003     0.69090359E+003    -0.89657510E+003
     0.15034194E+002     0.40910123E+003     0.10792869E+004    -0.42270756E+003
     0.15038536E+002     0.40921937E+003     0.11701224E+004     0.19077284E+003
     0.15042877E+002     0.40933750E+003     0.93334530E+003     0.76194573E+003
     0.15047218E+002     0.40945564E+003     0.43286816E+003     0.11283103E+004
     0.15051560E+002     0.40957377E+003    -0.17045872E+003     0.11871203E+004
     0.15055901E+002     0.40969191E+003    -0.74150672E+003     0.93526967E+003
     0.15060243E+002     0.40981004E+003    -0.10833229E+004     0.41304821E+003
     0.15064584E+002     0.40992818E+003    -0.11131320E+004    -0.18574463E+003
     0.15068925E+002     0.41004631E+003    -0.85454590E+003    -0.74448603E+003
     0.15073267E+002     0.41016445E+003    -0.31502030E+003    -0.10792125E+004
     0.15077608E+002     0.41028258E+003     0.31382640E+003    -0.10949842E+004
     0.15081950E+002     0.41040072E+003     0.84922500E+003    -0.76909597E+003
     0.15086291E+002     0.41051885E+003     0.11468369E+004    -0.23036742E+003
     0.15090632E+002     0.41063699E+003     0.11266988E+004     0.38177539E+003
     0.15094974E+002     0.41075512E+003     0.79990507E+003     0.90733604E+003
     0.15099315E+002     0.41087326E+003     0.24825389E+003     0.11781535E+004
     0.15103656E+002     0.41099139E+003    -0.36582586E+003     0.11387509E+004
     0.15107998E+002     0.41110953E+003    -0.86526230E+003     0.79157905E+003
     0.15112339E+002     0.41122766E+003    -0.11310694E+004     0.24147360E+003
     0.15116681E+002     0.41134580E+003    -0.10680905E+004    -0.38325284E+003
     0.15121022E+002     0.41146393E+003    -0.70332104E+003    -0.87897309E+003
     0.15125363E+002     0.41158207E+003    -0.11095503E+003    -0.11182345E+004
     0.15129705E+002     0.41170020E+003     0.49170399E+003    -0.10181280E+004
     0.15134046E+002     0.41181834E+003     0.97019557E+003    -0.61753123E+003
     0.15138387E+002     0.41193647E+003     0.11757848E+004    -0.38778601E+002
     0.15142729E+002     0.41205461E+003     0.10470489E+004     0.55757048E+003
     0.15147070E+002     0.41217274E+003     0.64485445E+003     0.10105117E+004
     0.15151412E+002     0.41229088E+003     0.64949707E+002     0.11988751E+004
     0.15155753E+002     0.41240901E+003    -0.53327456E+003     0.10546146E+004
     0.15160094E+002     0.41252715E+003    -0.97237957E+003     0.63825805E+003
     0.15164436E+002     0.41264528E+003    -0.11386100E+004     0.48453624E+002
     0.15168777E+002     0.41276342E+003    -0.98434382E+003    -0.54900913E+003
     0.15173118E+002     0.41288155E+003    -0.52881078E+003    -0.97995914E+003
     0.15177460E+002     0.41299969E+003     0.72982487E+002    -0.11150904E+004
     0.15181801E+002     0.41311782E+003     0.65344768E+003    -0.91415576E+003
     0.15186143E+002     0.41323596E+003     0.10457633E+004    -0.46117299E+003
     0.15190484E+002     0.41335409E+003     0.11675896E+004     0.12962834E+003
     0.15194825E+002     0.41347223E+003     0.96432126E+003     0.70890250E+003
     0.15199167E+002     0.41359036E+003     0.49024651E+003     0.11013920E+004
     0.15203508E+002     0.41370850E+003    -0.11892640E+003     0.11863000E+004
     0.15207849E+002     0.41382663E+003    -0.67642045E+003     0.96317965E+003
     0.15212191E+002     0.41394477E+003    -0.10600620E+004     0.48727384E+003
     0.15216532E+002     0.41406290E+003    -0.11311162E+004    -0.14124561E+003
     0.15220874E+002     0.41418103E+003    -0.87881041E+003    -0.70106669E+003
     0.15225215E+002     0.41429917E+003    -0.36802576E+003    -0.10528395E+004
     0.15229556E+002     0.41441730E+003     0.24633243E+003    -0.11048843E+004
     0.15233898E+002     0.41453544E+003     0.81016395E+003    -0.82735898E+003
     0.15238239E+002     0.41465357E+003     0.11414237E+004    -0.28573608E+003
     0.15242581E+002     0.41477171E+003     0.11465505E+004     0.32484403E+003
     0.15246922E+002     0.41488984E+003     0.84425804E+003     0.86626734E+003
     0.15251263E+002     0.41500798E+003     0.30697786E+003     0.11702588E+004
     0.15255605E+002     0.41512611E+003    -0.30339517E+003     0.11586089E+004
     0.15259946E+002     0.41524425E+003    -0.83579365E+003     0.83415822E+003
     0.15264287E+002     0.41536238E+003    -0.11161144E+004     0.28911554E+003
     0.15268629E+002     0.41548052E+003    -0.10835395E+004    -0.32681828E+003
     0.15272970E+002     0.41559865E+003    -0.74257636E+003    -0.83632530E+003
     0.15277312E+002     0.41571679E+003    -0.18324357E+003    -0.11129485E+004
     0.15281653E+002     0.41583492E+003     0.44068474E+003    -0.10541101E+004
     0.15285994E+002     0.41595306E+003     0.94771785E+003    -0.67877482E+003
     0.15290336E+002     0.41607119E+003     0.11862841E+004    -0.98074976E+002
     0.15294677E+002     0.41618933E+003     0.10820408E+004     0.52153969E+003
     0.15299018E+002     0.41630746E+003     0.69209013E+003     0.98874495E+003
     0.15303360E+002     0.41642560E+003     0.11452680E+003     0.12024997E+004
     0.15307701E+002     0.41654373E+003    -0.49149026E+003     0.10835160E+004
     0.15312043E+002     0.41666187E+003    -0.95072398E+003     0.67406057E+003
     0.15316384E+002     0.41678000E+003    -0.11378463E+004     0.88260470E+002
     0.15320725E+002     0.41689814E+003    -0.99087205E+003    -0.50222018E+003
     0.15325067E+002     0.41701627E+003    -0.58212177E+003    -0.95130049E+003
     0.15329408E+002     0.41713441E+003     0.24888252E+002    -0.11123006E+004
     0.15333749E+002     0.41725254E+003     0.59966798E+003    -0.94920621E+003
     0.15338091E+002     0.41737068E+003     0.10341038E+004    -0.51880947E+003
     0.15342432E+002     0.41748881E+003     0.11806065E+004     0.82934382E+002
     0.15346774E+002     0.41760695E+003     0.99145052E+003     0.67411399E+003
     0.15351115E+002     0.41772508E+003     0.53302427E+003     0.10725179E+004
     0.15355456E+002     0.41784322E+003    -0.60517103E+002     0.11933659E+004
     0.15359798E+002     0.41796135E+003    -0.63896245E+003     0.98899684E+003
     0.15364139E+002     0.41807949E+003    -0.10263726E+004     0.52534658E+003
     0.15368481E+002     0.41819762E+003    -0.11419973E+004    -0.79385325E+002
     0.15372822E+002     0.41831576E+003    -0.90165033E+003    -0.67106196E+003
     0.15377163E+002     0.41843389E+003    -0.40933734E+003    -0.10282241E+004
     0.15381505E+002     0.41855203E+003     0.19170307E+003    -0.11047335E+004
     0.15385846E+002     0.41867016E+003     0.75892349E+003    -0.86550341E+003
     0.15390187E+002     0.41878830E+003     0.11358122E+004    -0.34732445E+003
     0.15394529E+002     0.41890643E+003     0.11646453E+004     0.27679845E+003
     0.15398870E+002     0.41902457E+003     0.87807604E+003     0.83092877E+003
     0.15403212E+002     0.41914270E+003     0.35161201E+003     0.11524056E+004
     0.15407553E+002     0.41926084E+003    -0.25292733E+003     0.11582066E+004
     0.15411894E+002     0.41937897E+003    -0.78518707E+003     0.86532966E+003
     0.15416236E+002     0.41949711E+003    -0.10882876E+004     0.34373456E+003
     0.15420577E+002     0.41961524E+003    -0.10924467E+004    -0.27128751E+003
     0.15424918E+002     0.41973338E+003    -0.77461684E+003    -0.80102371E+003
     0.15429260E+002     0.41985151E+003    -0.23321932E+003    -0.10784006E+004
     0.15433601E+002     0.41996965E+003     0.36910558E+003    -0.10620322E+004
     0.15437943E+002     0.42008778E+003     0.89447776E+003    -0.73166773E+003
     0.15442284E+002     0.42020592E+003     0.11704369E+004    -0.17665286E+003
     0.15446625E+002     0.42032405E+003     0.11221670E+004     0.44010236E+003
     0.15450967E+002     0.42044219E+003     0.76333765E+003     0.95547871E+003
     0.15455308E+002     0.42056032E+003     0.18505992E+003     0.12066039E+004
     0.15459649E+002     0.42067846E+003    -0.43202135E+003     0.11211080E+004
     0.15463991E+002     0.42079659E+003    -0.92136076E+003     0.74036248E+003
     0.15468332E+002     0.42091473E+003    -0.11560193E+004     0.15445306E+003
     0.15472674E+002     0.42103286E+003    -0.10309376E+004    -0.47001532E+003
     0.15477015E+002     0.42115100E+003    -0.62703060E+003    -0.92698435E+003
     0.15481356E+002     0.42126913E+003    -0.35079000E+002    -0.11326511E+004
     0.15485698E+002     0.42138727E+003     0.57640765E+003    -0.98835652E+003
     0.15490039E+002     0.42150540E+003     0.10116463E+004    -0.55963527E+003
     0.15494380E+002     0.42162354E+003     0.11883399E+004     0.26398802E+002
     0.15498722E+002     0.42174167E+003     0.10380681E+004     0.62203447E+003
     0.15503063E+002     0.42185980E+003     0.59323258E+003     0.10731357E+004
     0.15507405E+002     0.42197794E+003    -0.25278015E+002     0.12138434E+004
     0.15511746E+002     0.42209607E+003    -0.61131762E+003     0.10086930E+004
     0.15516087E+002     0.42221421E+003    -0.10041264E+004     0.55313959E+003
     0.15520429E+002     0.42233234E+003    -0.11300390E+004    -0.31348349E+002
     0.15524770E+002     0.42245048E+003    -0.93537426E+003    -0.61744944E+003
     0.15529112E+002     0.42256861E+003    -0.46047257E+003    -0.10191238E+004
     0.15533453E+002     0.42268675E+003     0.14997807E+003    -0.11161715E+004
     0.15537794E+002     0.42280488E+003     0.73288749E+003    -0.89118564E+003
     0.15542136E+002     0.42292302E+003     0.11041029E+004    -0.38723147E+003
     0.15546477E+002     0.42304115E+003     0.11651027E+004     0.21510254E+003
     0.15550818E+002     0.42315929E+003     0.92280320E+003     0.77517793E+003
     0.15555160E+002     0.42327742E+003     0.41398165E+003     0.11352203E+004
     0.15559501E+002     0.42339556E+003    -0.19757468E+003     0.11717761E+004
     0.15563843E+002     0.42351369E+003    -0.73776094E+003     0.90270377E+003
     0.15568184E+002     0.42363183E+003    -0.10735983E+004     0.40901748E+003
     0.15572525E+002     0.42374996E+003    -0.11202723E+004    -0.21336363E+003
     0.15576867E+002     0.42386810E+003    -0.81941590E+003    -0.77494567E+003
     0.15581208E+002     0.42398623E+003    -0.28520405E+003    -0.10814274E+004
     0.15585549E+002     0.42410437E+003     0.33244536E+003    -0.10917725E+004
     0.15589891E+002     0.42422250E+003     0.87663509E+003    -0.77022611E+003
     0.15594232E+002     0.42434064E+003     0.11676058E+004    -0.21519942E+003
     0.15598574E+002     0.42445877E+003     0.11311636E+004     0.40811233E+003
     0.15602915E+002     0.42457691E+003     0.78789537E+003     0.91149581E+003
     0.15607256E+002     0.42469504E+003     0.24008528E+003     0.11819022E+004
     0.15611598E+002     0.42481318E+003    -0.37250368E+003     0.11340458E+004
     0.15615939E+002     0.42493131E+003    -0.87393444E+003     0.77953551E+003
     0.15620280E+002     0.42504945E+003    -0.11370772E+004     0.21805968E+003
     0.15624622E+002     0.42516758E+003    -0.10633707E+004    -0.41377181E+003
     0.15628963E+002     0.42528572E+003    -0.67089222E+003    -0.90297598E+003
     0.15633305E+002     0.42540385E+003    -0.88973692E+002    -0.11219154E+004
     0.15637646E+002     0.42552199E+003     0.51375546E+003    -0.10154738E+004
     0.15641987E+002     0.42564012E+003     0.99654068E+003    -0.62616330E+003
     0.15646329E+002     0.42575826E+003     0.11899793E+004    -0.19899766E+002
     0.15650670E+002     0.42587639E+003     0.10621247E+004     0.56688085E+003
     0.15655011E+002     0.42599453E+003     0.64817072E+003     0.10339904E+004
     0.15659353E+002     0.42611266E+003     0.49167937E+002     0.12122878E+004
     0.15663694E+002     0.42623080E+003    -0.55302122E+003     0.10582205E+004
     0.15668036E+002     0.42634893E+003    -0.99257040E+003     0.62085142E+003
     0.15672377E+002     0.42646707E+003    -0.11530978E+004     0.12985166E+002
     0.15676718E+002     0.42658520E+003    -0.96253810E+003    -0.59259712E+003
     0.15681060E+002     0.42670334E+003    -0.49936334E+003    -0.99939799E+003
     0.15685401E+002     0.42682147E+003     0.10138072E+003    -0.11231539E+004
     0.15689743E+002     0.42693961E+003     0.68731235E+003    -0.91600147E+003
     0.15694084E+002     0.42705774E+003     0.10786708E+004    -0.45599723E+003
     0.15698425E+002     0.42717588E+003     0.11911465E+004     0.15945271E+003
     0.15702767E+002     0.42729401E+003     0.95849948E+003     0.73910986E+003
     0.15707108E+002     0.42741215E+003     0.47244259E+003     0.11142651E+004
     0.15711449E+002     0.42753028E+003    -0.13512930E+003     0.11900498E+004
     0.15715791E+002     0.42764842E+003    -0.70007512E+003     0.95278859E+003
     0.15720132E+002     0.42776655E+003    -0.10708238E+004     0.45421988E+003
     0.15724474E+002     0.42788469E+003    -0.11326297E+004    -0.17178599E+003
     0.15728815E+002     0.42800282E+003    -0.85927863E+003    -0.73559522E+003
     0.15733156E+002     0.42812096E+003    -0.33541815E+003    -0.10845179E+004
     0.15737498E+002     0.42823909E+003     0.29536057E+003    -0.11032304E+004
     0.15741839E+002     0.42835723E+003     0.84084750E+003    -0.80637822E+003
     0.15746180E+002     0.42847536E+003     0.11560545E+004    -0.26735176E+003
     0.15750522E+002     0.42859350E+003     0.11545720E+004     0.34624048E+003
     0.15754863E+002     0.42871163E+003     0.83839377E+003     0.88390358E+003
     0.15759205E+002     0.42882977E+003     0.29248122E+003     0.11758843E+004
     0.15763546E+002     0.42894790E+003    -0.32252613E+003     0.11555802E+004
     0.15767887E+002     0.42906604E+003    -0.84906038E+003     0.81881504E+003
     0.15772229E+002     0.42918417E+003    -0.11234512E+004     0.25939851E+003
     0.15776570E+002     0.42930230E+003    -0.10754238E+004    -0.36523661E+003
     0.15780911E+002     0.42942044E+003    -0.70616903E+003    -0.86586540E+003
     0.15785253E+002     0.42953857E+003    -0.15124333E+003    -0.11046262E+004
     0.15789594E+002     0.42965671E+003     0.45288443E+003    -0.10545616E+004
     0.15793936E+002     0.42977484E+003     0.96922298E+003    -0.68105102E+003
     0.15798277E+002     0.42989298E+003     0.12027153E+004    -0.89595529E+002
     0.15802618E+002     0.43001111E+003     0.10990488E+004     0.52790994E+003
     0.15806960E+002     0.43012925E+003     0.69967268E+003     0.10091253E+004
     0.15811301E+002     0.43024738E+003     0.10669935E+003     0.12161088E+004
     0.15815643E+002     0.43036552E+003    -0.50723837E+003     0.10918393E+004
     0.15819984E+002     0.43048365E+003    -0.97332275E+003     0.67128062E+003
     0.15824325E+002     0.43060179E+003    -0.11585496E+004     0.61668317E+002
     0.15828667E+002     0.43071992E+003    -0.99454702E+003    -0.55000815E+003
     0.15833008E+002     0.43083806E+003    -0.54572778E+003    -0.98358544E+003
     0.15837349E+002     0.43095619E+003     0.53734429E+002    -0.11340569E+004
     0.15841691E+002     0.43107433E+003     0.64840249E+003    -0.94789048E+003
     0.15846032E+002     0.43119246E+003     0.10595506E+004    -0.50000248E+003
     0.15850374E+002     0.43131060E+003     0.11888992E+004     0.94753374E+002
     0.15854715E+002     0.43142873E+003     0.10065731E+004     0.68111984E+003
     0.15859056E+002     0.43154687E+003     0.54718492E+003     0.10958208E+004
     0.15863398E+002     0.43166500E+003    -0.72173287E+002     0.12213631E+004
     0.15867739E+002     0.43178314E+003    -0.67231605E+003     0.10109111E+004
     0.15872080E+002     0.43190127E+003    -0.10807918E+004     0.49559839E+003
     0.15876422E+002     0.43201941E+003    -0.11445116E+004    -0.14055152E+003
     0.15880763E+002     0.43213754E+003    -0.88096558E+003    -0.70651447E+003
     0.15885105E+002     0.43225568E+003    -0.38181298E+003    -0.10635204E+004
     0.15889446E+002     0.43237381E+003     0.24019586E+003    -0.11213853E+004
     0.15893787E+002     0.43249195E+003     0.80196432E+003    -0.85785673E+003
     0.15898129E+002     0.43261008E+003     0.11641902E+004    -0.33351204E+003
     0.15902470E+002     0.43272822E+003     0.11817832E+004     0.31245349E+003
     0.15906811E+002     0.43284635E+003     0.87901915E+003     0.85178407E+003
     0.15911153E+002     0.43296449E+003     0.34292638E+003     0.11710796E+004
     0.15915494E+002     0.43308262E+003    -0.26872654E+003     0.11688796E+004
     0.15919836E+002     0.43320076E+003    -0.81313391E+003     0.87153576E+003
     0.15924177E+002     0.43331889E+003    -0.11338445E+004     0.32013069E+003
     0.15928518E+002     0.43343703E+003    -0.11066429E+004    -0.33122189E+003
     0.15932860E+002     0.43355516E+003    -0.74768163E+003    -0.84918741E+003
     0.15937201E+002     0.43367330E+003    -0.19301866E+003    -0.11207264E+004
     0.15941542E+002     0.43379143E+003     0.43269606E+003    -0.10754670E+004
     0.15945884E+002     0.43390957E+003     0.94466914E+003    -0.70915968E+003
     0.15950225E+002     0.43402770E+003     0.11923013E+004    -0.14199626E+003
     0.15954567E+002     0.43414584E+003     0.11333382E+004     0.47414119E+003
     0.15958908E+002     0.43426397E+003     0.75135509E+003     0.98944755E+003
     0.15963249E+002     0.43438211E+003     0.15608786E+003     0.12228534E+004
     0.15967591E+002     0.43450024E+003    -0.46858195E+003     0.11191317E+004
     0.15971932E+002     0.43461838E+003    -0.95626158E+003     0.70728805E+003
     0.15976274E+002     0.43473651E+003    -0.11464990E+004     0.10605552E+003
     0.15980615E+002     0.43485465E+003    -0.10292375E+004    -0.49758747E+003
     0.15984956E+002     0.43497278E+003    -0.59938354E+003    -0.97588351E+003
     0.15989298E+002     0.43509092E+003     0.97198372E+001    -0.11477912E+004
     0.15993639E+002     0.43520905E+003     0.61469192E+003    -0.98849701E+003
     0.15997980E+002     0.43532719E+003     0.10490795E+004    -0.54965042E+003
     0.16002322E+002     0.43544532E+003     0.12124793E+004     0.46320503E+002
     0.16006663E+002     0.43556346E+003     0.10566634E+004     0.65287335E+003
     0.16011005E+002     0.43568159E+003     0.58346536E+003     0.11053795E+004
     0.16015346E+002     0.43579973E+003    -0.47052804E+002     0.12305505E+004
     0.16019687E+002     0.43591786E+003    -0.64691204E+003     0.10188682E+004
     0.16024029E+002     0.43603600E+003    -0.10495576E+004     0.53180444E+003
     0.16028370E+002     0.43615413E+003    -0.11520620E+004    -0.88802920E+002
     0.16032711E+002     0.43627227E+003    -0.92130050E+003    -0.68273353E+003
     0.16037053E+002     0.43639040E+003    -0.41291685E+003    -0.10637762E+004
     0.16041394E+002     0.43650854E+003     0.20608016E+003    -0.11299588E+004
     0.16045736E+002     0.43662667E+003     0.77939679E+003    -0.88273224E+003
     0.16050077E+002     0.43674480E+003     0.11402073E+004    -0.36484510E+003
     0.16054418E+002     0.43686294E+003     0.11909567E+004     0.25182950E+003
     0.16058760E+002     0.43698107E+003     0.92200433E+003     0.81827498E+003
     0.16063101E+002     0.43709921E+003     0.39228913E+003     0.11634674E+004
     0.16067442E+002     0.43721734E+003    -0.23585655E+003     0.11907465E+004
     0.16071784E+002     0.43733548E+003    -0.79039760E+003     0.89021809E+003
     0.16076125E+002     0.43745361E+003    -0.11042190E+004     0.34707128E+003
     0.16080467E+002     0.43757175E+003    -0.11089258E+004    -0.27140116E+003
     0.16084808E+002     0.43768988E+003    -0.79385191E+003    -0.81181843E+003
     0.16089149E+002     0.43780802E+003    -0.24604319E+003    -0.11229388E+004
     0.16093491E+002     0.43792615E+003     0.39378050E+003    -0.11008990E+004
     0.16097832E+002     0.43804429E+003     0.92418790E+003    -0.75349056E+003
     0.16102173E+002     0.43816242E+003     0.11988193E+004    -0.18474955E+003
     0.16106515E+002     0.43828056E+003     0.11508682E+004     0.44290247E+003
     0.16110856E+002     0.43839869E+003     0.78216812E+003     0.95795596E+003
     0.16115198E+002     0.43851683E+003     0.20410911E+003     0.12154191E+004
     0.16119539E+002     0.43863496E+003    -0.42755635E+003     0.11311494E+004
     0.16123880E+002     0.43875310E+003    -0.91839714E+003     0.74568352E+003
     0.16128222E+002     0.43887123E+003    -0.11529019E+004     0.15894517E+003
     0.16132563E+002     0.43898937E+003    -0.10495833E+004    -0.47115999E+003
     0.16136905E+002     0.43910750E+003    -0.63166014E+003    -0.95116907E+003
     0.16141246E+002     0.43922564E+003    -0.37072611E+002    -0.11466238E+004
     0.16145587E+002     0.43934377E+003     0.57426444E+003    -0.10219022E+004
     0.16149929E+002     0.43946191E+003     0.10486878E+004    -0.59086054E+003
     0.16154270E+002     0.43958004E+003     0.12168223E+004     0.22457291E+002
     0.16158611E+002     0.43969818E+003     0.10499743E+004     0.62089340E+003
     0.16162953E+002     0.43981631E+003     0.61938237E+003     0.10462717E+004
     0.16167294E+002     0.43993445E+003     0.27949880E+002     0.12252068E+004
     0.16171636E+002     0.44005258E+003    -0.59645207E+003     0.10567420E+004
     0.16175977E+002     0.44017072E+003    -0.10342798E+004     0.58498052E+003
     0.16180318E+002     0.44028885E+003    -0.11622037E+004    -0.48612010E+002
     0.16184660E+002     0.44040699E+003    -0.94445808E+003    -0.64977714E+003
     0.16189001E+002     0.44052512E+003    -0.45788973E+003    -0.10428685E+004
     0.16193342E+002     0.44064326E+003     0.16123033E+003    -0.11420389E+004
     0.16197684E+002     0.44076139E+003     0.74804012E+003    -0.91449951E+003
     0.16202025E+002     0.44087953E+003     0.11270582E+004    -0.41250205E+003
     0.16206367E+002     0.44099766E+003     0.12044889E+004     0.20984381E+003
     0.16210708E+002     0.44111580E+003     0.94624870E+003     0.77812961E+003
     0.16215049E+002     0.44123393E+003     0.44409556E+003     0.11393093E+004
     0.16219391E+002     0.44135207E+003    -0.18088913E+003     0.12023132E+004
     0.16223732E+002     0.44147020E+003    -0.75120402E+003     0.92768685E+003
     0.16228073E+002     0.44158834E+003    -0.10977524E+004     0.39729182E+003
     0.16232415E+002     0.44170647E+003    -0.11241630E+004    -0.23317904E+003
     0.16236756E+002     0.44182461E+003    -0.82502953E+003    -0.78929579E+003
     0.16241098E+002     0.44194274E+003    -0.27820602E+003    -0.11143570E+004
     0.16245439E+002     0.44206088E+003     0.34748030E+003    -0.11096511E+004
     0.16249780E+002     0.44217901E+003     0.89220561E+003    -0.78959058E+003
     0.16254122E+002     0.44229715E+003     0.11943473E+004    -0.23063177E+003
     0.16258463E+002     0.44241528E+003     0.11585307E+004     0.39361007E+003
     0.16262805E+002     0.44253342E+003     0.82371783E+003     0.92370405E+003
     0.16267146E+002     0.44265155E+003     0.24923838E+003     0.12021471E+004
     0.16271487E+002     0.44276969E+003    -0.37819861E+003     0.11355980E+004
     0.16275829E+002     0.44288782E+003    -0.87268938E+003     0.77910075E+003
     0.16280170E+002     0.44300596E+003    -0.11300897E+004     0.21455737E+003
     0.16284511E+002     0.44312409E+003    -0.10661140E+004    -0.40471008E+003
     0.16288853E+002     0.44324223E+003    -0.69619107E+003    -0.91349774E+003
     0.16293194E+002     0.44336036E+003    -0.10074015E+003    -0.11597733E+004
     0.16297536E+002     0.44347850E+003     0.53630038E+003    -0.10590343E+004
     0.16301877E+002     0.44359663E+003     0.10229099E+004    -0.64715977E+003
     0.16306218E+002     0.44371477E+003     0.12327711E+004    -0.39296194E+002
     0.16310560E+002     0.44383290E+003     0.10922598E+004     0.58256252E+003
     0.16314901E+002     0.44395104E+003     0.66754469E+003     0.10406572E+004
     0.16319242E+002     0.44406917E+003     0.64429549E+002     0.12260378E+004
     0.16323584E+002     0.44418731E+003    -0.55319892E+003     0.10739419E+004
     0.16327925E+002     0.44430544E+003    -0.10094809E+004     0.62302981E+003
     0.16332267E+002     0.44442357E+003    -0.11536681E+004     0.42186371E+001
     0.16336608E+002     0.44454171E+003    -0.97695549E+003    -0.59394347E+003
     0.16340949E+002     0.44465984E+003    -0.51153183E+003    -0.10268407E+004
     0.16345291E+002     0.44477798E+003     0.10377192E+003    -0.11593042E+004
     0.16349632E+002     0.44489611E+003     0.70725875E+003    -0.95308115E+003
     0.16353973E+002     0.44501425E+003     0.11118036E+004    -0.47521615E+003
     0.16358315E+002     0.44513238E+003     0.12267154E+004     0.14381238E+003
     0.16362656E+002     0.44525052E+003     0.10010307E+004     0.74802833E+003
     0.16366998E+002     0.44536865E+003     0.49851725E+003     0.11342271E+004
     0.16371339E+002     0.44548679E+003    -0.13298441E+003     0.12255963E+004
     0.16375680E+002     0.44560492E+003    -0.71801477E+003     0.96156592E+003
     0.16380022E+002     0.44572306E+003    -0.10880929E+004     0.45375516E+003
     0.16384363E+002     0.44584119E+003    -0.11561519E+004    -0.18473410E+003
     0.16388704E+002     0.44595933E+003    -0.86797496E+003    -0.77196234E+003
     0.16393046E+002     0.44607746E+003    -0.32785070E+003    -0.11195409E+004
     0.16397387E+002     0.44619560E+003     0.31274072E+003    -0.11371266E+004
     0.16401729E+002     0.44631373E+003     0.87056440E+003    -0.83584836E+003
     0.16406070E+002     0.44643187E+003     0.12005208E+004    -0.28419280E+003
     0.16410411E+002     0.44655000E+003     0.11983117E+004     0.35919890E+003
     0.16414753E+002     0.44666814E+003     0.85868582E+003     0.91185763E+003
     0.16419094E+002     0.44678627E+003     0.29262867E+003     0.12002888E+004
     0.16423436E+002     0.44690441E+003    -0.33877817E+003     0.11642752E+004
     0.16427777E+002     0.44702254E+003    -0.86170654E+003     0.81543840E+003
     0.16432118E+002     0.44714068E+003    -0.11386409E+004     0.25143665E+003
     0.16436460E+002     0.44725881E+003    -0.10869914E+004    -0.38595841E+003
     0.16440801E+002     0.44737695E+003    -0.71410724E+003    -0.90365685E+003
     0.16445142E+002     0.44749508E+003    -0.12523311E+003    -0.11505217E+004
     0.16449484E+002     0.44761322E+003     0.49124570E+003    -0.10674568E+004
     0.16453825E+002     0.44773135E+003     0.99301073E+003    -0.68599526E+003
     0.16458167E+002     0.44784949E+003     0.12341116E+004    -0.95736875E+002
     0.16462508E+002     0.44796762E+003     0.11231620E+004     0.54027750E+003
     0.16466849E+002     0.44808576E+003     0.71232823E+003     0.10240394E+004
     0.16471191E+002     0.44820389E+003     0.10620024E+003     0.12258493E+004
     0.16475532E+002     0.44832203E+003    -0.51508036E+003     0.10941878E+004
     0.16479873E+002     0.44844016E+003    -0.98248055E+003     0.66185239E+003
     0.16484215E+002     0.44855830E+003    -0.11578097E+004     0.50915544E+002
     0.16488556E+002     0.44867643E+003    -0.99926646E+003    -0.56462262E+003
     0.16492898E+002     0.44879457E+003    -0.55273717E+003    -0.10076838E+004
     0.16497239E+002     0.44891270E+003     0.58807844E+002    -0.11638606E+004
     0.16501580E+002     0.44903084E+003     0.66605405E+003    -0.98951739E+003
     0.16505922E+002     0.44914897E+003     0.11022291E+004    -0.52168017E+003
     0.16510263E+002     0.44926711E+003     0.12363700E+004     0.97500928E+002
     0.16514604E+002     0.44938524E+003     0.10315257E+004     0.70412062E+003
     0.16518946E+002     0.44950338E+003     0.54674490E+003     0.11129312E+004
     0.16523287E+002     0.44962151E+003    -0.70060799E+002     0.12262112E+004
     0.16527629E+002     0.44973965E+003    -0.67256847E+003     0.10152918E+004
     0.16531970E+002     0.44985778E+003    -0.10880286E+004     0.50753285E+003
     0.16536311E+002     0.44997592E+003    -0.11751597E+004    -0.14237451E+003
     0.16540653E+002     0.45009405E+003    -0.90976076E+003    -0.74793327E+003
     0.16544994E+002     0.45021219E+003    -0.37076489E+003    -0.11187072E+004
     0.16549336E+002     0.45033032E+003     0.27338972E+003    -0.11598185E+004
     0.16553677E+002     0.45044846E+003     0.84535665E+003    -0.87211732E+003
     0.16558018E+002     0.45056659E+003     0.11938721E+004    -0.33093008E+003
     0.16562360E+002     0.45068473E+003     0.12093795E+004     0.30820796E+003
     0.16566701E+002     0.45080286E+003     0.90839065E+003     0.86266139E+003
     0.16571042E+002     0.45092100E+003     0.36304808E+003     0.11987700E+004
     0.16575384E+002     0.45103913E+003    -0.28373105E+003     0.12034661E+004
     0.16579725E+002     0.45115727E+003    -0.84722071E+003     0.87096475E+003
     0.16584067E+002     0.45127540E+003    -0.11532092E+004     0.29636528E+003
     0.16588408E+002     0.45139354E+003    -0.11157126E+004    -0.35211963E+003
     0.16592749E+002     0.45151167E+003    -0.76064168E+003    -0.88856206E+003
     0.16597091E+002     0.45162981E+003    -0.17892336E+003    -0.11703037E+004
     0.16601432E+002     0.45174794E+003     0.46914325E+003    -0.11109560E+004
     0.16605773E+002     0.45186607E+003     0.98966043E+003    -0.73014795E+003
     0.16610115E+002     0.45198421E+003     0.12459734E+004    -0.13332223E+003
     0.16614456E+002     0.45210234E+003     0.11542864E+004     0.50744493E+003
     0.16618798E+002     0.45222048E+003     0.75605379E+003     0.10086993E+004
     0.16623139E+002     0.45233861E+003     0.14877577E+003     0.12377325E+004
     0.16627480E+002     0.45245675E+003    -0.48069386E+003     0.11211413E+004
     0.16631822E+002     0.45257488E+003    -0.96796445E+003     0.70937878E+003
     0.16636163E+002     0.45269302E+003    -0.11785888E+004     0.92574942E+002
     0.16640504E+002     0.45281115E+003    -0.10382114E+004    -0.53884295E+003
     0.16644846E+002     0.45292929E+003    -0.59520937E+003    -0.10139111E+004
     0.16649187E+002     0.45304742E+003     0.27649389E+002    -0.11897198E+004
     0.16653529E+002     0.45316556E+003     0.65239030E+003    -0.10211246E+004
     0.16657870E+002     0.45328369E+003     0.10996051E+004    -0.56330654E+003
     0.16662211E+002     0.45340183E+003     0.12592037E+004     0.61766769E+002
     0.16666553E+002     0.45351996E+003     0.10694303E+004     0.68493108E+003
     0.16670894E+002     0.45363810E+003     0.58625638E+003     0.11240026E+004
     0.16675235E+002     0.45375623E+003    -0.53296280E+002     0.12419361E+004
     0.16679577E+002     0.45387437E+003    -0.65971486E+003     0.10303338E+004
     0.16683918E+002     0.45399250E+003    -0.10779958E+004     0.52725566E+003
     0.16688260E+002     0.45411064E+003    -0.11781952E+004    -0.11241591E+003
     0.16692601E+002     0.45422877E+003    -0.93399379E+003    -0.72776341E+003
     0.16696942E+002     0.45434691E+003    -0.40278259E+003    -0.11128885E+004
     0.16701284E+002     0.45446504E+003     0.24006136E+003    -0.11740771E+004
     0.16705625E+002     0.45458318E+003     0.82495360E+003    -0.90311112E+003
     0.16709967E+002     0.45470131E+003     0.11870187E+004    -0.37293075E+003
     0.16714308E+002     0.45481945E+003     0.12333958E+004     0.27494975E+003
     0.16718649E+002     0.45493758E+003     0.93937451E+003     0.84189834E+003
     0.16722991E+002     0.45505572E+003     0.39844467E+003     0.11947462E+004
     0.16727332E+002     0.45517385E+003    -0.25228574E+003     0.12153249E+004
     0.16731673E+002     0.45529199E+003    -0.82035038E+003     0.89723855E+003
     0.16736015E+002     0.45541012E+003    -0.11501889E+004     0.33312134E+003
     0.16740356E+002     0.45552826E+003    -0.11362252E+004    -0.32360535E+003
     0.16744698E+002     0.45564639E+003    -0.78931420E+003    -0.87639396E+003
     0.16749039E+002     0.45576453E+003    -0.20926423E+003    -0.11712956E+004
     0.16753380E+002     0.45588266E+003     0.43871856E+003    -0.11282522E+004
     0.16757722E+002     0.45600080E+003     0.97569344E+003    -0.76318327E+003
     0.16762063E+002     0.45611893E+003     0.12430767E+004    -0.16999942E+003
     0.16766404E+002     0.45623707E+003     0.11737273E+004     0.47038775E+003
     0.16770746E+002     0.45635520E+003     0.78857685E+003     0.98296824E+003
     0.16775087E+002     0.45647334E+003     0.20092083E+003     0.12373175E+004
     0.16779429E+002     0.45659147E+003    -0.44937346E+003     0.11496079E+004
     0.16783770E+002     0.45670961E+003    -0.95392893E+003     0.73939824E+003
     0.16788111E+002     0.45682774E+003    -0.11865345E+004     0.13126310E+003
     0.16792453E+002     0.45694588E+003    -0.10597936E+004    -0.52242109E+003
     0.16796794E+002     0.45706401E+003    -0.62005602E+003    -0.99769847E+003
     0.16801135E+002     0.45718215E+003    -0.90870274E+001    -0.11898591E+004
     0.16805477E+002     0.45730028E+003     0.61583512E+003    -0.10489838E+004
     0.16809818E+002     0.45741842E+003     0.10895494E+004    -0.61108329E+003
     0.16814160E+002     0.45753655E+003     0.12797617E+004     0.25069621E+002
     0.16818501E+002     0.45765469E+003     0.10908645E+004     0.66384396E+003
     0.16822842E+002     0.45777282E+003     0.61742253E+003     0.11043932E+004
     0.16827184E+002     0.45789096E+003    -0.13525979E+002     0.12452795E+004
     0.16831525E+002     0.45800909E+003    -0.62748237E+003     0.10479309E+004
     0.16835866E+002     0.45812723E+003    -0.10561748E+004     0.56353799E+003
     0.16840208E+002     0.45824536E+003    -0.11831377E+004    -0.73308749E+002
     0.16844549E+002     0.45836350E+003    -0.95912535E+003    -0.68638662E+003
     0.16848891E+002     0.45848163E+003    -0.45510157E+003    -0.11056791E+004
     0.16853232E+002     0.45859977E+003     0.19708455E+003    -0.11962261E+004
     0.16857573E+002     0.45871790E+003     0.79973985E+003    -0.94760138E+003
     0.16861915E+002     0.45883604E+003     0.11915580E+004    -0.41592171E+003
     0.16866256E+002     0.45895417E+003     0.12529180E+004     0.23368408E+003
     0.16870598E+002     0.45907231E+003     0.97321787E+003     0.82332489E+003
     0.16874939E+002     0.45919044E+003     0.43938200E+003     0.11843625E+004
     0.16879280E+002     0.45930857E+003    -0.21112361E+003     0.12283496E+004
     0.16883622E+002     0.45942671E+003    -0.79993005E+003     0.92852234E+003
     0.16887963E+002     0.45954484E+003    -0.11327063E+004     0.36949403E+003
     0.16892304E+002     0.45966298E+003    -0.11534595E+004    -0.27072582E+003
     0.16896646E+002     0.45978111E+003    -0.83586361E+003    -0.85305830E+003
     0.16900987E+002     0.45989925E+003    -0.26174628E+003    -0.11778726E+004
     0.16905329E+002     0.46001738E+003     0.40104436E+003    -0.11658996E+004
     0.16909670E+002     0.46013552E+003     0.96152311E+003    -0.81023327E+003
     0.16914011E+002     0.46025365E+003     0.12559183E+004    -0.22381640E+003
     0.16918353E+002     0.46037179E+003     0.12143637E+004     0.43377695E+003
     0.16922694E+002     0.46048992E+003     0.83709071E+003     0.97717899E+003
     0.16927035E+002     0.46060806E+003     0.23686742E+003     0.12481114E+004
     0.16931377E+002     0.46072619E+003    -0.41529712E+003     0.11813897E+004
     0.16935718E+002     0.46084433E+003    -0.95114304E+003     0.78140882E+003
     0.16940060E+002     0.46096246E+003    -0.11999925E+004     0.16388174E+003
     0.16944401E+002     0.46108060E+003    -0.10906960E+004    -0.49839132E+003
     0.16948742E+002     0.46119873E+003    -0.66182791E+003    -0.10022357E+004
     0.16953084E+002     0.46131687E+003    -0.36785117E+002    -0.12139672E+004
     0.16957425E+002     0.46143500E+003     0.60490853E+003    -0.10791910E+004
     0.16961766E+002     0.46155314E+003     0.10843231E+004    -0.64042526E+003
     0.16966108E+002     0.46167127E+003     0.12847977E+004    -0.10602103E+002
     0.16970449E+002     0.46178941E+003     0.11251298E+004     0.62910916E+003
     0.16974791E+002     0.46190754E+003     0.66140181E+003     0.10983219E+004
     0.16979132E+002     0.46202568E+003     0.23345297E+002     0.12608237E+004
     0.16983473E+002     0.46214381E+003    -0.60627669E+003     0.10802170E+004
     0.16987815E+002     0.46226195E+003    -0.10597250E+004     0.59503044E+003
     0.16992156E+002     0.46238008E+003    -0.11928170E+004    -0.47969672E+002
     0.16996498E+002     0.46249822E+003    -0.98388771E+003    -0.66807902E+003
     0.17000839E+002     0.46261635E+003    -0.49239394E+003    -0.10964876E+004
     0.17005180E+002     0.46273449E+003     0.15770332E+003    -0.12187134E+004
     0.17009522E+002     0.46285262E+003     0.78118700E+003    -0.98556500E+003
     0.17013863E+002     0.46297076E+003     0.11905590E+004    -0.46566540E+003
     0.17018204E+002     0.46308889E+003     0.12883659E+004     0.18861513E+003
     0.17022546E+002     0.46320703E+003     0.10186590E+004     0.81521831E+003
     0.17026887E+002     0.46332516E+003     0.47154479E+003     0.11934440E+004
     0.17031229E+002     0.46344330E+003    -0.18038021E+003     0.12509961E+004
     0.17035570E+002     0.46356143E+003    -0.78439683E+003     0.96371883E+003
     0.17039911E+002     0.46367957E+003    -0.11478630E+004     0.40543544E+003
     0.17044253E+002     0.46379770E+003    -0.11792124E+004    -0.25720191E+003
     0.17048594E+002     0.46391584E+003    -0.86476903E+003    -0.84745991E+003
     0.17052935E+002     0.46403397E+003    -0.28881339E+003    -0.11909124E+004
     0.17057277E+002     0.46415211E+003     0.37554909E+003    -0.11883249E+004
     0.17061618E+002     0.46427024E+003     0.95216518E+003    -0.85097831E+003
     0.17065960E+002     0.46438838E+003     0.12764397E+004    -0.25966899E+003
     0.17070301E+002     0.46450651E+003     0.12392829E+004     0.41754716E+003
     0.17074642E+002     0.46462465E+003     0.86600677E+003     0.97008904E+003
     0.17078984E+002     0.46474278E+003     0.26035434E+003     0.12549311E+004
     0.17083325E+002     0.46486092E+003    -0.39496796E+003     0.11863934E+004
     0.17087666E+002     0.46497905E+003    -0.92394996E+003     0.80374365E+003
     0.17092008E+002     0.46509719E+003    -0.11935547E+004     0.20376329E+003
     0.17096349E+002     0.46521532E+003    -0.11209885E+004    -0.45984836E+003
     0.17100691E+002     0.46533346E+003    -0.70980267E+003    -0.99441994E+003
     0.17105032E+002     0.46545159E+003    -0.76430856E+002    -0.12389925E+004
     0.17109373E+002     0.46556973E+003     0.58375254E+003    -0.11165449E+004
     0.17113715E+002     0.46568786E+003     0.10847008E+004    -0.68137658E+003
     0.17118056E+002     0.46580600E+003     0.13024822E+004    -0.55543726E+002
     0.17122397E+002     0.46592413E+003     0.11689235E+004     0.59975370E+003
     0.17126739E+002     0.46604227E+003     0.71409635E+003     0.11069184E+004
     0.17131080E+002     0.46616040E+003     0.50259441E+002     0.12949707E+004
     0.17135422E+002     0.46627854E+003    -0.59950314E+003     0.11086607E+004
     0.17139763E+002     0.46639667E+003    -0.10641020E+004     0.62671377E+003
     0.17144104E+002     0.46651481E+003    -0.12186916E+004    -0.26725106E+002
     0.17148446E+002     0.46663294E+003    -0.10151060E+004    -0.66407229E+003
     0.17152787E+002     0.46675108E+003    -0.52144189E+003    -0.11098301E+004
     0.17157129E+002     0.46686921E+003     0.13904630E+003    -0.12446828E+004
     0.17161470E+002     0.46698734E+003     0.77763643E+003    -0.10193351E+004
     0.17165811E+002     0.46710548E+003     0.12049804E+004    -0.49294616E+003
     0.17170153E+002     0.46722361E+003     0.13033062E+004     0.17538520E+003
     0.17174494E+002     0.46734175E+003     0.10416714E+004     0.79755708E+003
     0.17178835E+002     0.46745988E+003     0.50276889E+003     0.11958324E+004
     0.17183177E+002     0.46757802E+003    -0.16016524E+003     0.12582137E+004
     0.17187518E+002     0.46769615E+003    -0.75929376E+003     0.98493459E+003
     0.17191860E+002     0.46781429E+003    -0.11480811E+004     0.44451872E+003
     0.17196201E+002     0.46793242E+003    -0.12013143E+004    -0.23203470E+003
     0.17200542E+002     0.46805056E+003    -0.89624410E+003    -0.83863340E+003
     0.17204884E+002     0.46816869E+003    -0.32550652E+003    -0.11970242E+004
     0.17209225E+002     0.46828683E+003     0.34845503E+003    -0.12225073E+004
     0.17213566E+002     0.46840496E+003     0.94628476E+003    -0.89179136E+003
     0.17217908E+002     0.46852310E+003     0.12905003E+004    -0.29637582E+003
     0.17222249E+002     0.46864123E+003     0.12689831E+004     0.38783482E+003
     0.17226591E+002     0.46875937E+003     0.90763056E+003     0.95769499E+003
     0.17230932E+002     0.46887750E+003     0.30995326E+003     0.12703101E+004
     0.17235273E+002     0.46899564E+003    -0.37445373E+003     0.12322784E+004
     0.17239615E+002     0.46911377E+003    -0.94176159E+003     0.84033962E+003
     0.17243956E+002     0.46923191E+003    -0.12179841E+004     0.21849984E+003
     0.17248297E+002     0.46935004E+003    -0.11431035E+004    -0.45306911E+003
     0.17252639E+002     0.46946818E+003    -0.73873779E+003    -0.99789739E+003
     0.17256980E+002     0.46958631E+003    -0.10289395E+003    -0.12600530E+004
     0.17261322E+002     0.46970445E+003     0.57220759E+003    -0.11531583E+004
     0.17265663E+002     0.46982258E+003     0.10942660E+004    -0.71632724E+003
     0.17270004E+002     0.46994072E+003     0.13252541E+004    -0.80753164E+002
     0.17274346E+002     0.47005885E+003     0.11973363E+004     0.59232131E+003
     0.17278687E+002     0.47017699E+003     0.74127853E+003     0.11049291E+004
     0.17283028E+002     0.47029512E+003     0.80860716E+002     0.13054807E+004
     0.17287370E+002     0.47041326E+003    -0.58275434E+003     0.11416384E+004
     0.17291711E+002     0.47053139E+003    -0.10730141E+004     0.66149116E+003
     0.17296053E+002     0.47064953E+003    -0.12443069E+004    -0.39775854E+001
     0.17300394E+002     0.47076766E+003    -0.10510734E+004    -0.66682650E+003
     0.17304735E+002     0.47088580E+003    -0.54087154E+003    -0.11268954E+004
     0.17309077E+002     0.47100393E+003     0.12107102E+003    -0.12637320E+004
     0.17313418E+002     0.47112207E+003     0.76752029E+003    -0.10492053E+004
     0.17317760E+002     0.47124020E+003     0.12145878E+004    -0.53041107E+003
     0.17322101E+002     0.47135834E+003     0.13281821E+004     0.14839713E+003
     0.17326442E+002     0.47147647E+003     0.10806192E+004     0.78390273E+003
     0.17330784E+002     0.47159461E+003     0.54239184E+003     0.12067510E+004
     0.17335125E+002     0.47171274E+003    -0.13945384E+003     0.12933113E+004
     0.17339466E+002     0.47183088E+003    -0.76619078E+003     0.10186262E+004
     0.17343808E+002     0.47194901E+003    -0.11617685E+004     0.46183731E+003
     0.17348149E+002     0.47206715E+003    -0.12248717E+004    -0.21882436E+003
     0.17352491E+002     0.47218528E+003    -0.92783284E+003    -0.83900936E+003
     0.17356832E+002     0.47230342E+003    -0.35269275E+003    -0.12211250E+004
     0.17361173E+002     0.47242155E+003     0.34076181E+003    -0.12490054E+004
     0.17365515E+002     0.47253969E+003     0.94379751E+003    -0.92406308E+003
     0.17369856E+002     0.47265782E+003     0.13034314E+004    -0.33049656E+003
     0.17374197E+002     0.47277596E+003     0.13057066E+004     0.36512553E+003
     0.17378539E+002     0.47289409E+003     0.94359861E+003     0.96067750E+003
     0.17382880E+002     0.47301223E+003     0.33837747E+003     0.12867527E+004
     0.17387222E+002     0.47313036E+003    -0.35869237E+003     0.12613255E+004
     0.17391563E+002     0.47324850E+003    -0.94337408E+003     0.87719053E+003
     0.17395904E+002     0.47336663E+003    -0.12474645E+004     0.24389363E+003
     0.17400246E+002     0.47348477E+003    -0.11773464E+004    -0.45224596E+003
     0.17404587E+002     0.47360290E+003    -0.76740014E+003    -0.10111450E+004
     0.17408928E+002     0.47372104E+003    -0.12560350E+003    -0.12877746E+004
     0.17413270E+002     0.47383917E+003     0.56619589E+003    -0.11908375E+004
     0.17417611E+002     0.47395731E+003     0.11120784E+004    -0.75731711E+003
     0.17421953E+002     0.47407544E+003     0.13568089E+004    -0.98348576E+002
     0.17426294E+002     0.47419358E+003     0.12284958E+004     0.58856877E+003
     0.17430635E+002     0.47431171E+003     0.76565246E+003     0.11108268E+004
     0.17434977E+002     0.47442984E+003     0.10594484E+003     0.13261904E+004
     0.17439318E+002     0.47454798E+003    -0.57430792E+003     0.11717103E+004
     0.17443660E+002     0.47466611E+003    -0.10824457E+004     0.68801194E+003
     0.17448001E+002     0.47478425E+003    -0.12688270E+004     0.18751126E+002
     0.17452342E+002     0.47490238E+003    -0.10898305E+004    -0.66095188E+003
     0.17456684E+002     0.47502052E+003    -0.57989814E+003    -0.11515767E+004
     0.17461025E+002     0.47513865E+003     0.10592679E+003    -0.13055368E+004
     0.17465366E+002     0.47525679E+003     0.77094150E+003    -0.10909551E+004
     0.17469708E+002     0.47537492E+003     0.12387650E+004    -0.56760247E+003
     0.17474049E+002     0.47549306E+003     0.13713552E+004     0.13020312E+003
     0.17478391E+002     0.47561119E+003     0.11190798E+004     0.78966888E+003
     0.17482732E+002     0.47572933E+003     0.57243053E+003     0.12320647E+004
     0.17487073E+002     0.47584746E+003    -0.12715741E+003     0.13272913E+004
     0.17491415E+002     0.47596560E+003    -0.77692780E+003     0.10544064E+004
     0.17495756E+002     0.47608373E+003    -0.11966121E+004     0.48432305E+003
     0.17500097E+002     0.47620187E+003    -0.12617213E+004    -0.22314349E+003
     0.17504439E+002     0.47632000E+003    -0.95502365E+003    -0.85646225E+003
     0.17508780E+002     0.47643814E+003    -0.37164606E+003    -0.12504515E+004
     0.17513122E+002     0.47655627E+003     0.33753718E+003    -0.12903993E+004
     0.17517463E+002     0.47667441E+003     0.96287780E+003    -0.95640853E+003
     0.17521804E+002     0.47679254E+003     0.13320061E+004    -0.35262268E+003
     0.17526146E+002     0.47691068E+003     0.13373050E+004     0.35583315E+003
     0.17530487E+002     0.47702881E+003     0.98612957E+003     0.97470724E+003
     0.17534828E+002     0.47714695E+003     0.35257886E+003     0.13191521E+004
     0.17539170E+002     0.47726508E+003    -0.35968837E+003     0.12874318E+004
     0.17543511E+002     0.47738322E+003    -0.95483938E+003     0.90003667E+003
     0.17547853E+002     0.47750135E+003    -0.12710873E+004     0.26477250E+003
     0.17552194E+002     0.47761949E+003    -0.12191931E+004    -0.45100877E+003
     0.17556535E+002     0.47773762E+003    -0.79878334E+003    -0.10408004E+004
     0.17560877E+002     0.47785576E+003    -0.14016243E+003    -0.13225926E+004
     0.17565218E+002     0.47797389E+003     0.56889961E+003    -0.12342598E+004
     0.17569559E+002     0.47809203E+003     0.11369370E+004    -0.78917877E+003
     0.17573901E+002     0.47821016E+003     0.13906692E+004    -0.12040177E+003
     0.17578242E+002     0.47832830E+003     0.12722138E+004     0.58801212E+003
     0.17582584E+002     0.47844643E+003     0.80412444E+003     0.11352747E+004
     0.17586925E+002     0.47856457E+003     0.11905459E+003     0.13665097E+004
     0.17591266E+002     0.47868270E+003    -0.58868481E+003     0.12086555E+004
     0.17595608E+002     0.47880084E+003    -0.11124641E+004     0.71235117E+003
     0.17599949E+002     0.47891897E+003    -0.13074986E+004     0.19587443E+002
     0.17604291E+002     0.47903711E+003    -0.11239228E+004    -0.67798962E+003
     0.17608632E+002     0.47915524E+003    -0.60425855E+003    -0.11812115E+004
     0.17612973E+002     0.47927338E+003     0.96929609E+002    -0.13495141E+004
     0.17617315E+002     0.47939151E+003     0.78325494E+003    -0.11360240E+004
     0.17621656E+002     0.47950965E+003     0.12793982E+004    -0.60373031E+003
     0.17625997E+002     0.47962778E+003     0.14192452E+004     0.12344668E+003
     0.17630339E+002     0.47974592E+003     0.11638873E+004     0.81207957E+003
     0.17634680E+002     0.47986405E+003     0.59279239E+003     0.12711261E+004
     0.17639022E+002     0.47998219E+003    -0.13575037E+003     0.13677363E+004
     0.17643363E+002     0.48010032E+003    -0.79951733E+003     0.10739936E+004
     0.17647704E+002     0.48021846E+003    -0.12198679E+004     0.50307442E+003
     0.17652046E+002     0.48033659E+003    -0.13066555E+004    -0.21881676E+003
     0.17656387E+002     0.48045473E+003    -0.99822765E+003    -0.88766631E+003
     0.17660728E+002     0.48057286E+003    -0.39095999E+003    -0.12985069E+004
     0.17665070E+002     0.48069100E+003     0.34329630E+003    -0.13442946E+004
     0.17669411E+002     0.48080913E+003     0.10008554E+004    -0.99875305E+003
     0.17673753E+002     0.48092727E+003     0.13805629E+004    -0.36873935E+003
     0.17678094E+002     0.48104540E+003     0.13883293E+004     0.37034782E+003
     0.17682435E+002     0.48116354E+003     0.10125518E+004     0.10048064E+004
     0.17686777E+002     0.48128167E+003     0.36452425E+003     0.13570680E+004
     0.17691118E+002     0.48139981E+003    -0.37152422E+003     0.13304235E+004
     0.17695459E+002     0.48151794E+003    -0.98962070E+003     0.92847115E+003
     0.17699801E+002     0.48163608E+003    -0.13189507E+004     0.26697642E+003
     0.17704142E+002     0.48175421E+003    -0.12585588E+004    -0.47329503E+003
     0.17708484E+002     0.48187235E+003    -0.82860170E+003    -0.10761675E+004
     0.17712825E+002     0.48199048E+003    -0.14778932E+003    -0.13772588E+004
     0.17717166E+002     0.48210861E+003     0.59278204E+003    -0.12829634E+004
     0.17721508E+002     0.48222675E+003     0.11763148E+004    -0.82335787E+003
     0.17725849E+002     0.48234488E+003     0.14478789E+004    -0.12734237E+003
     0.17730191E+002     0.48246302E+003     0.13186225E+004     0.61208574E+003
     0.17734532E+002     0.48258115E+003     0.82782358E+003     0.11761137E+004
     0.17738873E+002     0.48269929E+003     0.11968400E+003     0.14109961E+004
     0.17743215E+002     0.48281742E+003    -0.61195584E+003     0.12513793E+004
     0.17747556E+002     0.48293556E+003    -0.11602622E+004     0.73537864E+003
     0.17751897E+002     0.48305369E+003    -0.13620070E+004     0.10138649E+002
     0.17756239E+002     0.48317183E+003    -0.11663842E+004    -0.71485918E+003
     0.17760580E+002     0.48328996E+003    -0.62493308E+003    -0.12376763E+004
     0.17764922E+002     0.48340810E+003     0.10904573E+003    -0.14110931E+004
     0.17769263E+002     0.48352623E+003     0.82924264E+003    -0.11793370E+004
     0.17773604E+002     0.48364437E+003     0.13274001E+004    -0.61327266E+003
     0.17777946E+002     0.48376250E+003     0.14654153E+004     0.13030341E+003
     0.17782287E+002     0.48388064E+003     0.12024604E+004     0.83992423E+003
     0.17786628E+002     0.48399877E+003     0.61219601E+003     0.13127090E+004
     0.17790970E+002     0.48411691E+003    -0.13476481E+003     0.14181679E+004
     0.17795311E+002     0.48423504E+003    -0.83701027E+003     0.11277581E+004
     0.17799653E+002     0.48435318E+003    -0.12908069E+004     0.51244928E+003
     0.17803994E+002     0.48447131E+003    -0.13657603E+004    -0.24598179E+003
     0.17808335E+002     0.48458945E+003    -0.10355562E+004    -0.94315363E+003
     0.17812677E+002     0.48470758E+003    -0.39436759E+003    -0.13679544E+004
     0.17817018E+002     0.48482572E+003     0.37459944E+003    -0.14029181E+004
     0.17821359E+002     0.48494385E+003     0.10527067E+004    -0.10354105E+004
     0.17825701E+002     0.48506199E+003     0.14429957E+004    -0.37355870E+003
     0.17830042E+002     0.48518012E+003     0.14412817E+004     0.39574155E+003
     0.17834384E+002     0.48529826E+003     0.10438084E+004     0.10539158E+004
     0.17838725E+002     0.48541639E+003     0.36429359E+003     0.14171774E+004
     0.17843066E+002     0.48553453E+003    -0.40608628E+003     0.13768036E+004
     0.17847408E+002     0.48565266E+003    -0.10436867E+004     0.94747569E+003
     0.17851749E+002     0.48577080E+003    -0.13716018E+004     0.25749868E+003
     0.17856090E+002     0.48588893E+003    -0.13082637E+004    -0.50809017E+003
     0.17860432E+002     0.48600707E+003    -0.84991108E+003    -0.11343869E+004
     0.17864773E+002     0.48612520E+003    -0.14151452E+003    -0.14363886E+004
     0.17869115E+002     0.48624334E+003     0.62261763E+003    -0.13266057E+004
     0.17873456E+002     0.48636147E+003     0.12127202E+004    -0.84777804E+003
     0.17877797E+002     0.48647961E+003     0.14701264E+004    -0.17060442E+003
     0.17882139E+002     0.48659774E+003     0.14374524E+004     0.61184948E+003
     0.17886480E+002     0.48671588E+003     0.89344371E+003     0.12651044E+004
     0.17890822E+002     0.48683401E+003     0.11100453E+003     0.15111945E+004
     0.17895163E+002     0.48695215E+003    -0.67411275E+003     0.13190490E+004
     0.17899504E+002     0.48707028E+003    -0.12476459E+004     0.75911423E+003
     0.17903846E+002     0.48718842E+003    -0.14493110E+004    -0.18277743E+002
     0.17908187E+002     0.48730655E+003    -0.12247922E+004    -0.78527361E+003
     0.17912528E+002     0.48742469E+003    -0.64370279E+003    -0.13292190E+004
     0.17916870E+002     0.48754282E+003     0.14212715E+003    -0.14996667E+004
     0.17921211E+002     0.48766096E+003     0.89994787E+003    -0.12389774E+004
     0.17925553E+002     0.48777909E+003     0.14150797E+004    -0.62856629E+003
     0.17929894E+002     0.48789723E+003     0.15515522E+004     0.15668470E+003
     0.17934235E+002     0.48801536E+003     0.12616737E+004     0.91011145E+003
     0.17938577E+002     0.48813350E+003     0.62295147E+003     0.14052073E+004
     0.17942918E+002     0.48825163E+003    -0.18058149E+003     0.15019660E+004
     0.17947259E+002     0.48836977E+003    -0.91932303E+003     0.11697037E+004
     0.17951601E+002     0.48848790E+003    -0.13842063E+004     0.50685403E+003
     0.17955942E+002     0.48860604E+003    -0.14430415E+004    -0.30189192E+003
     0.17960284E+002     0.48872417E+003    -0.10757056E+004    -0.10289762E+004
     0.17964625E+002     0.48884231E+003    -0.38965848E+003    -0.14643974E+004
     0.17968966E+002     0.48896044E+003     0.42716636E+003    -0.14866642E+004
     0.17973308E+002     0.48907858E+003     0.11388446E+004    -0.10848039E+004
     0.17977649E+002     0.48919671E+003     0.15463055E+004    -0.37458770E+003
     0.17981990E+002     0.48931485E+003     0.15312754E+004     0.45275882E+003
     0.17986332E+002     0.48943298E+003     0.10859721E+004     0.11482023E+004
     0.17990673E+002     0.48955111E+003     0.35036803E+003     0.15166120E+004
     0.17995015E+002     0.48966925E+003    -0.46946117E+003     0.14580217E+004
     0.17999356E+002     0.48978738E+003    -0.11465775E+004     0.98855482E+003
     0.18003697E+002     0.48990552E+003    -0.14902210E+004     0.23186959E+003
     0.18008039E+002     0.49002365E+003    -0.13938320E+004    -0.59502204E+003
     0.18012380E+002     0.49014179E+003    -0.88520355E+003    -0.12572957E+004
     0.18016721E+002     0.49025992E+003    -0.10609903E+003    -0.15647649E+004
     0.18021063E+002     0.49037806E+003     0.72253797E+003    -0.14270409E+004
     0.18025404E+002     0.49049619E+003     0.13628416E+004    -0.88026959E+003
     0.18029746E+002     0.49061433E+003     0.16316122E+004    -0.82484646E+002
     0.18034087E+002     0.49073246E+003     0.14518505E+004     0.74330002E+003
     0.18038428E+002     0.49085060E+003     0.87304390E+003     0.13585137E+004
     0.18042770E+002     0.49096873E+003     0.59677247E+002     0.15936303E+004
     0.18047111E+002     0.49108687E+003    -0.76468338E+003     0.13786771E+004
     0.18051453E+002     0.49120500E+003    -0.13708739E+004     0.77007854E+003
     0.18055794E+002     0.49132314E+003    -0.15940556E+004    -0.87993340E+002
     0.18060135E+002     0.49144127E+003    -0.12654488E+004    -0.97341476E+003
     0.18064477E+002     0.49155941E+003    -0.58221882E+003    -0.14444808E+004
     0.18068818E+002     0.49167754E+003     0.22588748E+003    -0.15742256E+004
     0.18073159E+002     0.49179568E+003     0.10063143E+004    -0.12756507E+004
     0.18077501E+002     0.49191381E+003     0.15302919E+004    -0.61032037E+003
     0.18081842E+002     0.49203195E+003     0.16390523E+004     0.23545559E+003
     0.18086184E+002     0.49215008E+003     0.12953435E+004     0.10206909E+004
     0.18090525E+002     0.49226822E+003     0.59337569E+003     0.15163787E+004
     0.18094866E+002     0.49238635E+003    -0.26501665E+003     0.15815077E+004
     0.18099208E+002     0.49250449E+003    -0.10357333E+004     0.11948168E+004
     0.18103549E+002     0.49262262E+003    -0.14989636E+004     0.46778047E+003
     0.18107890E+002     0.49274076E+003    -0.15254891E+004    -0.39580282E+003
     0.18112232E+002     0.49285889E+003    -0.11044374E+004    -0.11532798E+004
     0.18116573E+002     0.49297703E+003    -0.34924383E+003    -0.15910315E+004
     0.18120915E+002     0.49309516E+003     0.52313926E+003    -0.15741948E+004
     0.18125256E+002     0.49321330E+003     0.12662175E+004    -0.11122267E+004
     0.18129597E+002     0.49333143E+003     0.16648725E+004    -0.33276003E+003
     0.18133939E+002     0.49344957E+003     0.16049851E+004     0.52990558E+003
     0.18138280E+002     0.49356770E+003     0.11369999E+004     0.12692090E+004
     0.18142621E+002     0.49368584E+003     0.31061115E+003     0.16563144E+004
     0.18146963E+002     0.49380397E+003    -0.58174150E+003     0.15508354E+004
     0.18151304E+002     0.49392211E+003    -0.12947906E+004     0.10069899E+004
     0.18155646E+002     0.49404024E+003    -0.16298441E+004     0.16688243E+003
     0.18159987E+002     0.49415838E+003    -0.14811955E+004    -0.72545715E+003
     0.18164328E+002     0.49427651E+003    -0.89533889E+003    -0.14161981E+004
     0.18168670E+002     0.49439465E+003    -0.36646179E+002    -0.17071803E+004
     0.18173011E+002     0.49451278E+003     0.84819325E+003    -0.15237604E+004
     0.18177353E+002     0.49463092E+003     0.15433065E+004    -0.90171169E+003
     0.18181694E+002     0.49474905E+003     0.17874018E+004     0.38604991E+001
     0.18186035E+002     0.49486719E+003     0.15366103E+004     0.89650839E+003
     0.18190377E+002     0.49498532E+003     0.86126525E+003     0.15353614E+004
     0.18194718E+002     0.49510346E+003    -0.52577680E+002     0.17364537E+004
     0.18199059E+002     0.49522159E+003    -0.94123931E+003     0.14347985E+004
     0.18203401E+002     0.49533973E+003    -0.15427038E+004     0.69680577E+003
     0.18207742E+002     0.49545786E+003    -0.16671150E+004    -0.19887099E+003
     0.18212084E+002     0.49557600E+003    -0.13368064E+004    -0.10644340E+004
     0.18216425E+002     0.49569413E+003    -0.59729649E+003    -0.16339716E+004
     0.18220766E+002     0.49581227E+003     0.33117902E+003    -0.17482274E+004
     0.18225108E+002     0.49593040E+003     0.11960594E+004    -0.13629929E+004
     0.18229449E+002     0.49604854E+003     0.17399093E+004    -0.58214441E+003
     0.18233790E+002     0.49616667E+003     0.18008873E+004     0.37388505E+003
     0.18238132E+002     0.49628481E+003     0.13563193E+004     0.12267691E+004
     0.18242473E+002     0.49640294E+003     0.52704346E+003     0.17310237E+004
     0.18246815E+002     0.49652108E+003    -0.46085446E+003     0.17145366E+004
     0.18251156E+002     0.49663921E+003    -0.12124502E+004     0.11631329E+004
     0.18255497E+002     0.49675735E+003    -0.16588104E+004     0.41262407E+003
     0.18259839E+002     0.49687548E+003    -0.16621077E+004    -0.54031804E+003
     0.18264180E+002     0.49699361E+003    -0.11504004E+004    -0.13641834E+004
     0.18268521E+002     0.49711175E+003    -0.27682000E+003    -0.18049810E+004
     0.18272863E+002     0.49722988E+003     0.70198884E+003    -0.17262225E+004
     0.18277204E+002     0.49734802E+003     0.15020852E+004    -0.11511360E+004
     0.18281546E+002     0.49746615E+003     0.18912203E+004    -0.24108469E+003
     0.18285887E+002     0.49758429E+003     0.17547626E+004     0.74140877E+003
     0.18290228E+002     0.49770242E+003     0.11285859E+004     0.15170477E+004
     0.18294570E+002     0.49782056E+003     0.18846928E+003     0.18591961E+004
     0.18298911E+002     0.49793869E+003    -0.79839454E+003     0.16666448E+004
     0.18303252E+002     0.49805683E+003    -0.15476861E+004     0.99069539E+003
     0.18307594E+002     0.49817496E+003    -0.18428014E+004     0.19497130E+002
     0.18311935E+002     0.49829310E+003    -0.15921651E+004    -0.96880439E+003
     0.18316277E+002     0.49841123E+003    -0.86442803E+003    -0.16873953E+004
     0.18320618E+002     0.49852937E+003     0.13017823E+003    -0.19303306E+004
     0.18324959E+002     0.49864750E+003     0.11139196E+004    -0.16318919E+004
     0.18329301E+002     0.49876564E+003     0.18177900E+004    -0.84980640E+003
     0.18333642E+002     0.49888377E+003     0.20012088E+004     0.18454987E+003
     0.18337984E+002     0.49900191E+003     0.16249455E+004     0.11648011E+004
     0.18342325E+002     0.49912004E+003     0.79190301E+003     0.18097675E+004
     0.18346666E+002     0.49923818E+003    -0.24165307E+003     0.19255515E+004
     0.18351008E+002     0.49935631E+003    -0.12074630E+004     0.15192595E+004
     0.18355349E+002     0.49947445E+003    -0.18334828E+004     0.64702245E+003
     0.18359690E+002     0.49959258E+003    -0.19143190E+004    -0.42873655E+003
     0.18364032E+002     0.49971072E+003    -0.14264346E+004    -0.14046430E+004
     0.18368373E+002     0.49982885E+003    -0.47290123E+003    -0.19807597E+004
     0.18372715E+002     0.49994699E+003     0.61594144E+003    -0.19724279E+004
     0.18377056E+002     0.50006512E+003     0.15537569E+004    -0.14102537E+004
     0.18381397E+002     0.50018326E+003     0.20732055E+004    -0.43777091E+003
     0.18385739E+002     0.50030139E+003     0.20122995E+004     0.66978495E+003
     0.18390080E+002     0.50041953E+003     0.13846362E+004     0.15908719E+004
     0.18394421E+002     0.50053766E+003     0.36501076E+003     0.20566046E+004
     0.18398763E+002     0.50065580E+003    -0.75507896E+003     0.19264274E+004
     0.18403104E+002     0.50077393E+003    -0.16498451E+004     0.12310101E+004
     0.18407446E+002     0.50089207E+003    -0.20588449E+004     0.16769381E+003
     0.18411787E+002     0.50101020E+003    -0.18566028E+004    -0.96265871E+003
     0.18416128E+002     0.50112834E+003    -0.10915153E+004    -0.18293736E+004
     0.18420470E+002     0.50124647E+003     0.18292586E+002    -0.21747760E+004
     0.18424811E+002     0.50136461E+003     0.11531728E+004    -0.18924824E+004
     0.18429152E+002     0.50148274E+003     0.19808872E+004    -0.10580965E+004
     0.18433494E+002     0.50160088E+003     0.22582715E+004     0.91408460E+002
     0.18437835E+002     0.50171901E+003     0.18957408E+004     0.12259321E+004
     0.18442177E+002     0.50183715E+003     0.99061839E+003     0.20110707E+004
     0.18446518E+002     0.50195528E+003    -0.19868408E+003     0.22113913E+004
     0.18450859E+002     0.50207342E+003    -0.13242728E+004     0.17611606E+004
     0.18455201E+002     0.50219155E+003    -0.20538524E+004     0.78479151E+003
     0.18459542E+002     0.50230969E+003    -0.21677267E+004    -0.43385058E+003
     0.18463883E+002     0.50242782E+003    -0.16248430E+004    -0.15325292E+004
     0.18468225E+002     0.50254596E+003    -0.59250823E+003    -0.21814257E+004
     0.18472566E+002     0.50266409E+003     0.60574515E+003    -0.21883670E+004
     0.18476908E+002     0.50278223E+003     0.15656141E+004    -0.15969173E+004
     0.18481249E+002     0.50290036E+003     0.20898687E+004    -0.92741769E+003
     0.18485590E+002     0.50301850E+003     0.28780762E+004     0.55191021E+003
     0.18489932E+002     0.50313663E+003     0.18910402E+004     0.21045537E+004
     0.18494273E+002     0.50325477E+003     0.43289238E+003     0.27031421E+004
     0.18498615E+002     0.50337290E+003    -0.10638101E+004     0.24647884E+004
     0.18502956E+002     0.50349104E+003    -0.22071597E+004     0.14906890E+004
     0.18507297E+002     0.50360917E+003    -0.26719907E+004     0.56680770E+002
     0.18511639E+002     0.50372731E+003    -0.23047133E+004    -0.14124596E+004
     0.18515980E+002     0.50384544E+003    -0.12248782E+004    -0.24653948E+004
     0.18520321E+002     0.50396358E+003     0.22003227E+003    -0.28177793E+004
     0.18524663E+002     0.50408171E+003     0.16460789E+004    -0.24697598E+004
     0.18529004E+002     0.50419985E+003     0.29175010E+004    -0.15817647E+004
     0.18533346E+002     0.50431798E+003     0.43607424E+004     0.10485059E+003
     0.18537687E+002     0.50443612E+003     0.40910273E+004     0.69071772E+004
     0.18542028E+002     0.50455425E+003    -0.35891281E+004     0.14866213E+004
     0.18546370E+002     0.50467238E+003    -0.14595258E+004    -0.17897483E+003
     0.18550711E+002     0.50479052E+003    -0.69087312E+003    -0.27213661E+003
     0.18555052E+002     0.50490865E+003    -0.37088360E+003    -0.21945432E+003
     0.18559394E+002     0.50502679E+003    -0.21773758E+003    -0.16036116E+003
     0.18563735E+002     0.50514492E+003    -0.13694882E+003    -0.11339511E+003
     0.18568077E+002     0.50526306E+003    -0.90825792E+002    -0.78864801E+002
     0.18572418E+002     0.50538119E+003    -0.62687876E+002    -0.54313524E+002
     0.18576759E+002     0.50549933E+003    -0.44639988E+002    -0.37164832E+002
     0.18581101E+002     0.50561746E+003    -0.32741940E+002    -0.25283876E+002
     0.18585442E+002     0.50573560E+003    -0.24861293E+002    -0.17076611E+002
     0.18589783E+002     0.50585373E+003    -0.19751200E+002    -0.11394768E+002
     0.18594125E+002     0.50597187E+003    -0.16682142E+002    -0.74708414E+001
     0.18598466E+002     0.50609000E+003    -0.15228354E+002    -0.47995541E+001
     0.18602808E+002     0.50620814E+003    -0.15217788E+002    -0.30821273E+001
     0.18607149E+002     0.50632627E+003    -0.16711706E+002    -0.22112441E+001
     0.18611490E+002     0.50644441E+003    -0.20098128E+002    -0.23238779E+001
     0.18615832E+002     0.50656254E+003    -0.26367312E+002    -0.41086214E+001
     0.18620173E+002     0.50668068E+003    -0.37863338E+002    -0.10058427E+002
     0.18624515E+002     0.50679881E+003    -0.59363827E+002    -0.31446344E+002
     0.18628856E+002     0.50691695E+003    -0.57930798E+002    -0.12589209E+003
     0.18633197E+002     0.50703508E+003     0.95464917E+002    -0.90500650E+002
     0.18637539E+002     0.50715322E+003     0.76197126E+002    -0.19011060E+002
     0.18641880E+002     0.50727135E+003     0.57333028E+002    -0.96768193E+000
     0.18646221E+002     0.50738949E+003     0.47381069E+002     0.65583486E+001
     0.18650563E+002     0.50750762E+003     0.42009109E+002     0.11434214E+002
     0.18654904E+002     0.50762576E+003     0.39321730E+002     0.15725108E+002
     0.18659246E+002     0.50774389E+003     0.38574252E+002     0.20269573E+002
     0.18663587E+002     0.50786203E+003     0.39582009E+002     0.25606544E+002
     0.18667928E+002     0.50798016E+003     0.42503780E+002     0.32268303E+002
     0.18672270E+002     0.50809830E+003     0.47836412E+002     0.40902782E+002
     0.18676611E+002     0.50821643E+003     0.56472476E+002     0.52425823E+002
     0.18680952E+002     0.50833457E+003     0.69859534E+002     0.68198868E+002
     0.18685294E+002     0.50845270E+003     0.90231471E+002     0.90337251E+002
     0.18689635E+002     0.50857084E+003     0.12090658E+003     0.12237619E+003
     0.18693977E+002     0.50868897E+003     0.16664588E+003     0.17075143E+003
     0.18698318E+002     0.50880711E+003     0.23389890E+003     0.24854105E+003
     0.18702659E+002     0.50892524E+003     0.33114525E+003     0.38386828E+003
     0.18707001E+002     0.50904338E+003     0.46687984E+003     0.64261744E+003
     0.18711342E+002     0.50916151E+003     0.63009046E+003     0.11952736E+004
     0.18715683E+002     0.50927965E+003     0.63735610E+003     0.25652983E+004
     0.18720025E+002     0.50939778E+003    -0.18018071E+004     0.65896207E+004
     0.18724366E+002     0.50951592E+003    -0.13067214E+005    -0.46170061E+004
     0.18728708E+002     0.50963405E+003    -0.16708955E+004    -0.76739756E+004
     0.18733049E+002     0.50975219E+003     0.18453326E+004    -0.57515205E+004
     0.18737390E+002     0.50987032E+003     0.39007198E+004    -0.38197868E+004
     0.18741732E+002     0.50998846E+003     0.50796026E+004    -0.13979740E+004
     0.18746073E+002     0.51010659E+003     0.50271184E+004     0.13601356E+004
     0.18750414E+002     0.51022473E+003     0.35601738E+004     0.37805688E+004
     0.18754756E+002     0.51034286E+003     0.10111872E+004     0.51035070E+004
     0.18759097E+002     0.51046100E+003    -0.18708538E+004     0.48936922E+004
     0.18763439E+002     0.51057913E+003    -0.42235228E+004     0.32044161E+004
     0.18767780E+002     0.51069727E+003    -0.53549542E+004     0.53174687E+003
     0.18772121E+002     0.51081540E+003    -0.49334990E+004    -0.23488575E+004
     0.18776463E+002     0.51093354E+003    -0.30705640E+004    -0.46045938E+004
     0.18780804E+002     0.51105167E+003    -0.29174696E+003    -0.55738564E+004
     0.18785146E+002     0.51116981E+003     0.26049409E+004    -0.49602158E+004
     0.18789487E+002     0.51128794E+003     0.47830473E+004    -0.29205857E+004
     0.18793828E+002     0.51140608E+003     0.56002354E+004    -0.25624783E+002
     0.18798170E+002     0.51152421E+003     0.47969106E+004     0.29026032E+004
     0.18802511E+002     0.51164235E+003     0.25779305E+004     0.50169758E+004
     0.18806852E+002     0.51176048E+003    -0.44516118E+003     0.56965321E+004
     0.18811194E+002     0.51187862E+003    -0.34234538E+004     0.47105420E+004
     0.18815535E+002     0.51199675E+003    -0.54919982E+004     0.23075281E+004
     0.18819877E+002     0.51211488E+003    -0.60438529E+004    -0.85460007E+003
     0.18824218E+002     0.51223302E+003    -0.48817926E+004    -0.38916880E+004
     0.18828559E+002     0.51235115E+003    -0.22912284E+004    -0.59298703E+004
     0.18832901E+002     0.51246929E+003     0.10225195E+004    -0.63602917E+004
     0.18837242E+002     0.51258742E+003     0.41312407E+004    -0.50128286E+004
     0.18841583E+002     0.51270556E+003     0.61448252E+004    -0.22251337E+004
     0.18845925E+002     0.51282369E+003     0.64555539E+004     0.12508360E+004
     0.18850266E+002     0.51294183E+003     0.49303362E+004     0.44501830E+004
     0.18854608E+002     0.51305996E+003     0.19379006E+004     0.64649502E+004
     0.18858949E+002     0.51317810E+003    -0.17246150E+004     0.66796619E+004
     0.18863290E+002     0.51329623E+003    -0.50454080E+004     0.49797157E+004
     0.18867632E+002     0.51341437E+003    -0.70815606E+004     0.17761831E+004
     0.18871973E+002     0.51353250E+003    -0.72186643E+004    -0.20881758E+004
     0.18876314E+002     0.51365064E+003    -0.53450625E+004    -0.55467184E+004
     0.18880656E+002     0.51376877E+003    -0.19193272E+004    -0.76172773E+004
     0.18884997E+002     0.51388691E+003     0.21493250E+004    -0.76763802E+004
     0.18889339E+002     0.51400504E+003     0.57610202E+004    -0.56397227E+004
     0.18893680E+002     0.51412318E+003     0.79014595E+004    -0.19928530E+004
     0.18898021E+002     0.51424131E+003     0.79150664E+004     0.23220585E+004
     0.18902363E+002     0.51435945E+003     0.57206368E+004     0.61349490E+004
     0.18906704E+002     0.51447758E+003     0.18416335E+004     0.83845717E+004
     0.18911046E+002     0.51459572E+003    -0.27373932E+004     0.83967654E+004
     0.18915387E+002     0.51471385E+003    -0.67868898E+004     0.60809949E+004
     0.18919728E+002     0.51483199E+003    -0.91869461E+004     0.19814100E+004
     0.18924070E+002     0.51495012E+003    -0.92428932E+004    -0.28531714E+004
     0.18928411E+002     0.51506826E+003    -0.68404844E+004    -0.71565071E+004
     0.18932752E+002     0.51518639E+003    -0.25448343E+004    -0.97500356E+004
     0.18937094E+002     0.51530453E+003     0.25565220E+004    -0.98768209E+004
     0.18941435E+002     0.51542266E+003     0.71390924E+004    -0.74254286E+004
     0.18945777E+002     0.51554080E+003     0.99760778E+004    -0.29651145E+004
     0.18950118E+002     0.51565893E+003     0.10256795E+005     0.24166343E+004
     0.18954459E+002     0.51577707E+003     0.78360588E+004     0.73241945E+004
     0.18958801E+002     0.51589520E+003     0.32511352E+004     0.10468250E+005
     0.18963142E+002     0.51601334E+003    -0.23597972E+004     0.10991455E+005
     0.18967483E+002     0.51613147E+003    -0.75714220E+004     0.86910087E+004
     0.18971825E+002     0.51624961E+003    -0.11050001E+005     0.40815828E+004
     0.18976166E+002     0.51636774E+003    -0.11858148E+005    -0.16661827E+004
     0.18980508E+002     0.51648588E+003    -0.97411153E+004    -0.71529345E+004
     0.18984849E+002     0.51660401E+003    -0.52024758E+004    -0.10951717E+005
     0.18989190E+002     0.51672215E+003     0.65240113E+003    -0.12057116E+005
     0.18993532E+002     0.51684028E+003     0.63755158E+004    -0.10189262E+005
     0.18997873E+002     0.51695842E+003     0.10431320E+005    -0.57780451E+004
