Energy-E_F (eV)    DOS (1/eV)    PDOS (1/eV)  of atom type C  O  
     -8.63284      0.00000      0.00000      0.00000
     -8.62284      0.00000      0.00000      0.00000
     -8.61284      0.00000      0.00000      0.00000
     -8.60284      0.00000      0.00000      0.00000
     -8.59284      0.00000      0.00000      0.00000
     -8.58284      0.00000      0.00000      0.00000
     -8.57284      0.00000      0.00000      0.00000
     -8.56284      0.00000      0.00000      0.00000
     -8.55284      0.00000      0.00000      0.00000
     -8.54284      0.00000      0.00000      0.00000
     -8.53284      0.00000      0.00000      0.00000
     -8.52284      0.00000      0.00000      0.00000
     -8.51284      0.00000      0.00000      0.00000
     -8.50284      0.00000      0.00000      0.00000
     -8.49284      0.00000      0.00000      0.00000
     -8.48284      0.00000      0.00000      0.00000
     -8.47284      0.00000      0.00000      0.00000
     -8.46284      0.00000      0.00000      0.00000
     -8.45284      0.00000      0.00000      0.00000
     -8.44284      0.00000      0.00000      0.00000
     -8.43284      0.00000      0.00000      0.00000
     -8.42284      0.00000      0.00000      0.00000
     -8.41284      0.00000      0.00000      0.00000
     -8.40284      0.00000      0.00000      0.00000
     -8.39284      0.00000      0.00000      0.00000
     -8.38284      0.00000      0.00000      0.00000
     -8.37284      0.00000      0.00000      0.00000
     -8.36284      0.00000      0.00000      0.00000
     -8.35284      0.00000      0.00000      0.00000
     -8.34284      0.00000      0.00000      0.00000
     -8.33284      0.00000      0.00000      0.00000
     -8.32284      0.00000      0.00000      0.00000
     -8.31284      0.00000      0.00000      0.00000
     -8.30284      0.00000      0.00000      0.00000
     -8.29284      0.00000      0.00000      0.00000
     -8.28284      0.00000      0.00000      0.00000
     -8.27284      0.00000      0.00000      0.00000
     -8.26284      0.00000      0.00000      0.00000
     -8.25284      0.00000      0.00000      0.00000
     -8.24284      0.00000      0.00000      0.00000
     -8.23284      0.00000      0.00000      0.00000
     -8.22284      0.00000      0.00000      0.00000
     -8.21284      0.00000      0.00000      0.00000
     -8.20284      0.00000      0.00000      0.00000
     -8.19284      0.00000      0.00000      0.00000
     -8.18284      0.00000      0.00000      0.00000
     -8.17284      0.00000      0.00000      0.00000
     -8.16284      0.00000      0.00000      0.00000
     -8.15284      0.00000      0.00000      0.00000
     -8.14284      0.00000      0.00000      0.00000
     -8.13284      0.00000      0.00000      0.00000
     -8.12284      0.00000      0.00000      0.00000
     -8.11284      0.00000      0.00000      0.00000
     -8.10284      0.00000      0.00000      0.00000
     -8.09284      0.00000      0.00000      0.00000
     -8.08284      0.00000      0.00000      0.00000
     -8.07284      0.00000      0.00000      0.00000
     -8.06284      0.00000      0.00000      0.00000
     -8.05284      0.00000      0.00000      0.00000
     -8.04284      0.00000      0.00000      0.00000
     -8.03284      0.00000      0.00000      0.00000
     -8.02284      0.00000      0.00000      0.00000
     -8.01284      0.00000      0.00000      0.00000
     -8.00284      0.00000      0.00000      0.00000
     -7.99284      0.00000      0.00000      0.00000
     -7.98284      0.00000      0.00000      0.00000
     -7.97284      0.00000      0.00000      0.00000
     -7.96284      0.00000      0.00000      0.00000
     -7.95284      0.00000      0.00000      0.00000
     -7.94284      0.00000      0.00000      0.00000
     -7.93284      0.00000      0.00000      0.00000
     -7.92284      0.00000      0.00000      0.00000
     -7.91284      0.00000      0.00000      0.00000
     -7.90284      0.00000      0.00000      0.00000
     -7.89284      0.00000      0.00000      0.00000
     -7.88284      0.00000      0.00000      0.00000
     -7.87284      0.00000      0.00000      0.00000
     -7.86284      0.00000      0.00000      0.00000
     -7.85284      0.00000      0.00000      0.00000
     -7.84284      0.00000      0.00000      0.00000
     -7.83284      0.00000      0.00000      0.00000
     -7.82284      0.00000      0.00000      0.00000
     -7.81284      0.00000      0.00000      0.00000
     -7.80284      0.00000      0.00000      0.00000
     -7.79284      0.00000      0.00000      0.00000
     -7.78284      0.00000      0.00000      0.00000
     -7.77284      0.00000      0.00000      0.00000
     -7.76284      0.00000      0.00000      0.00000
     -7.75284      0.00000      0.00000      0.00000
     -7.74284      0.00000      0.00000      0.00000
     -7.73284      0.00000      0.00000      0.00000
     -7.72284      0.00000      0.00000      0.00000
     -7.71284      0.00000      0.00000      0.00000
     -7.70284      0.00000      0.00000      0.00000
     -7.69284      0.00000      0.00000      0.00000
     -7.68284      0.00000      0.00000      0.00000
     -7.67284      0.00000      0.00000      0.00000
     -7.66284      0.00000      0.00000      0.00000
     -7.65284      0.00000      0.00000      0.00000
     -7.64284      0.00000      0.00000      0.00000
     -7.63284      0.00000      0.00000      0.00000
     -7.62284      0.00000      0.00000      0.00000
     -7.61284      0.00000      0.00000      0.00000
     -7.60284      0.00000      0.00000      0.00000
     -7.59284      0.00000      0.00000      0.00000
     -7.58284      0.00000      0.00000      0.00000
     -7.57284      0.00000      0.00000      0.00000
     -7.56284      0.00000      0.00000      0.00000
     -7.55284      0.00000      0.00000      0.00000
     -7.54284      0.00000      0.00000      0.00000
     -7.53284      0.00000      0.00000      0.00000
     -7.52284      0.00000      0.00000      0.00000
     -7.51284      0.00000      0.00000      0.00000
     -7.50284      0.00000      0.00000      0.00000
     -7.49284      0.00000      0.00000      0.00000
     -7.48284      0.00000      0.00000      0.00000
     -7.47284      0.00000      0.00000      0.00000
     -7.46284      0.00000      0.00000      0.00000
     -7.45284      0.00000      0.00000      0.00000
     -7.44284      0.00000      0.00000      0.00000
     -7.43284      0.00000      0.00000      0.00000
     -7.42284      0.00000      0.00000      0.00000
     -7.41284      0.00000      0.00000      0.00000
     -7.40284      0.00000      0.00000      0.00000
     -7.39284      0.00000      0.00000      0.00000
     -7.38284      0.00000      0.00000      0.00000
     -7.37284      0.00000      0.00000      0.00000
     -7.36284      0.00000      0.00000      0.00000
     -7.35284      0.00000      0.00000      0.00000
     -7.34284      0.00000      0.00000      0.00000
     -7.33284      0.00000      0.00000      0.00000
     -7.32284      0.00000      0.00000      0.00000
     -7.31284      0.00000      0.00000      0.00000
     -7.30284      0.00000      0.00000      0.00000
     -7.29284      0.00000      0.00000      0.00000
     -7.28284      0.00000      0.00000      0.00000
     -7.27284      0.00000      0.00000      0.00000
     -7.26284      0.00000      0.00000      0.00000
     -7.25284      0.00000      0.00000      0.00000
     -7.24284      0.00000      0.00000      0.00000
     -7.23284      0.00000      0.00000      0.00000
     -7.22284      0.00000      0.00000      0.00000
     -7.21284      0.00000      0.00000      0.00000
     -7.20284      0.00000      0.00000      0.00000
     -7.19284      0.00000      0.00000      0.00000
     -7.18284      0.00000      0.00000      0.00000
     -7.17284      0.00000      0.00000      0.00000
     -7.16284      0.00000      0.00000      0.00000
     -7.15284      0.00000      0.00000      0.00000
     -7.14284      0.00000      0.00000      0.00000
     -7.13284      0.00000      0.00000      0.00000
     -7.12284      0.00000      0.00000      0.00000
     -7.11284      0.00000      0.00000      0.00000
     -7.10284      0.00000      0.00000      0.00000
     -7.09284      0.00000      0.00000      0.00000
     -7.08284      0.00000      0.00000      0.00000
     -7.07284      0.00000      0.00000      0.00000
     -7.06284      0.00000      0.00000      0.00000
     -7.05284      0.00000      0.00000      0.00000
     -7.04284      0.00000      0.00000      0.00000
     -7.03284      0.00000      0.00000      0.00000
     -7.02284      0.00000      0.00000      0.00000
     -7.01284      0.00000      0.00000      0.00000
     -7.00284      0.00000      0.00000      0.00000
     -6.99284      0.00000      0.00000      0.00000
     -6.98284      0.00000      0.00000      0.00000
     -6.97284      0.00000      0.00000      0.00000
     -6.96284      0.00000      0.00000      0.00000
     -6.95284      0.00000      0.00000      0.00000
     -6.94284      0.00000      0.00000      0.00000
     -6.93284      0.00000      0.00000      0.00000
     -6.92284      0.00000      0.00000      0.00000
     -6.91284      0.00000      0.00000      0.00000
     -6.90284      0.00000      0.00000      0.00000
     -6.89284      0.00000      0.00000      0.00000
     -6.88284      0.00000      0.00000      0.00000
     -6.87284      0.00000      0.00000      0.00000
     -6.86284      0.00000      0.00000      0.00000
     -6.85284      0.00000      0.00000      0.00000
     -6.84284      0.00000      0.00000      0.00000
     -6.83284      0.00000      0.00000      0.00000
     -6.82284      0.00000      0.00000      0.00000
     -6.81284      0.00000      0.00000      0.00000
     -6.80284      0.00000      0.00000      0.00000
     -6.79284      0.00000      0.00000      0.00000
     -6.78284      0.00000      0.00000      0.00000
     -6.77284      0.00000      0.00000      0.00000
     -6.76284      0.00000      0.00000      0.00000
     -6.75284      0.00000      0.00000      0.00000
     -6.74284      0.00000      0.00000      0.00000
     -6.73284      0.00000      0.00000      0.00000
     -6.72284      0.00000      0.00000      0.00000
     -6.71284      0.00000      0.00000      0.00000
     -6.70284      0.00000      0.00000      0.00000
     -6.69284      0.00000      0.00000      0.00000
     -6.68284      0.00000      0.00000      0.00000
     -6.67284      0.00000      0.00000      0.00000
     -6.66284      0.00000      0.00000      0.00000
     -6.65284      0.00000      0.00000      0.00000
     -6.64284      0.00000      0.00000      0.00000
     -6.63284      0.00000      0.00000      0.00000
     -6.62284      0.00000      0.00000      0.00000
     -6.61284      0.00000      0.00000      0.00000
     -6.60284      0.00000      0.00000      0.00000
     -6.59284      0.00000      0.00000      0.00000
     -6.58284      0.00000      0.00000      0.00000
     -6.57284      0.00000      0.00000      0.00000
     -6.56284      0.00000      0.00000      0.00000
     -6.55284      0.00000      0.00000      0.00000
     -6.54284      0.00000      0.00000      0.00000
     -6.53284      0.00000      0.00000      0.00000
     -6.52284      0.00000      0.00000      0.00000
     -6.51284      0.00000      0.00000      0.00000
     -6.50284      0.00000      0.00000      0.00000
     -6.49284      0.00000      0.00000      0.00000
     -6.48284      0.00000      0.00000      0.00000
     -6.47284      0.00000      0.00000      0.00000
     -6.46284      0.00000      0.00000      0.00000
     -6.45284      0.00000      0.00000      0.00000
     -6.44284      0.00000      0.00000      0.00000
     -6.43284      0.00000      0.00000      0.00000
     -6.42284      0.00000      0.00000      0.00000
     -6.41284      0.00000      0.00000      0.00000
     -6.40284      0.00000      0.00000      0.00000
     -6.39284      0.00000      0.00000      0.00000
     -6.38284      0.00000      0.00000      0.00000
     -6.37284      0.00000      0.00000      0.00000
     -6.36284      0.00000      0.00000      0.00000
     -6.35284      0.00000      0.00000      0.00000
     -6.34284      0.00000      0.00000      0.00000
     -6.33284      0.00000      0.00000      0.00000
     -6.32284      0.00000      0.00000      0.00000
     -6.31284      0.00000      0.00000      0.00000
     -6.30284      0.00000      0.00000      0.00000
     -6.29284      0.00000      0.00000      0.00000
     -6.28284      0.00000      0.00000      0.00000
     -6.27284      0.00000      0.00000      0.00000
     -6.26284      0.00000      0.00000      0.00000
     -6.25284      0.00000      0.00000      0.00000
     -6.24284      0.00000      0.00000      0.00000
     -6.23284      0.00000      0.00000      0.00000
     -6.22284      0.00000      0.00000      0.00000
     -6.21284      0.00000      0.00000      0.00000
     -6.20284      0.00000      0.00000      0.00000
     -6.19284      0.00000      0.00000      0.00000
     -6.18284      0.00000      0.00000      0.00000
     -6.17284      0.00000      0.00000      0.00000
     -6.16284      0.00000      0.00000      0.00000
     -6.15284      0.00000      0.00000      0.00000
     -6.14284      0.00000      0.00000      0.00000
     -6.13284      0.00000      0.00000      0.00000
     -6.12284      0.00000      0.00000      0.00000
     -6.11284      0.00000      0.00000      0.00000
     -6.10284      0.00000      0.00000      0.00000
     -6.09284      0.00000      0.00000      0.00000
     -6.08284      0.00000      0.00000      0.00000
     -6.07284      0.00000      0.00000      0.00000
     -6.06284      0.00000      0.00000      0.00000
     -6.05284      0.00000      0.00000      0.00000
     -6.04284      0.00000      0.00000      0.00000
     -6.03284      0.00000      0.00000      0.00000
     -6.02284      0.00000      0.00000      0.00000
     -6.01284      0.00000      0.00000      0.00000
     -6.00284      0.00000      0.00000      0.00000
     -5.99284      0.00000      0.00000      0.00000
     -5.98284      0.00000      0.00000      0.00000
     -5.97284      0.00000      0.00000      0.00000
     -5.96284      0.00000      0.00000      0.00000
     -5.95284      0.00000      0.00000      0.00000
     -5.94284      0.00000      0.00000      0.00000
     -5.93284      0.00000      0.00000      0.00000
     -5.92284      0.00000      0.00000      0.00000
     -5.91284      0.00000      0.00000      0.00000
     -5.90284      0.00000      0.00000      0.00000
     -5.89284      0.00000      0.00000      0.00000
     -5.88284      0.00000      0.00000      0.00000
     -5.87284      0.00000      0.00000      0.00000
     -5.86284      0.00000      0.00000      0.00000
     -5.85284      0.00000      0.00000      0.00000
     -5.84284      0.00000      0.00000      0.00000
     -5.83284      0.00000      0.00000      0.00000
     -5.82284      0.00000      0.00000      0.00000
     -5.81284      0.00000      0.00000      0.00000
     -5.80284      0.00000      0.00000      0.00000
     -5.79284      0.00000      0.00000      0.00000
     -5.78284      0.00000      0.00000      0.00000
     -5.77284      0.00000      0.00000      0.00000
     -5.76284      0.00000      0.00000      0.00000
     -5.75284      0.00000      0.00000      0.00000
     -5.74284      0.00000      0.00000      0.00000
     -5.73284      0.00000      0.00000      0.00000
     -5.72284      0.00000      0.00000      0.00000
     -5.71284      0.00000      0.00000      0.00000
     -5.70284      0.00000      0.00000      0.00000
     -5.69284      0.00000      0.00000      0.00000
     -5.68284      0.00000      0.00000      0.00000
     -5.67284      0.00000      0.00000      0.00000
     -5.66284      0.00000      0.00000      0.00000
     -5.65284      0.00000      0.00000      0.00000
     -5.64284      0.00000      0.00000      0.00000
     -5.63284      0.00000      0.00000      0.00000
     -5.62284      0.00000      0.00000      0.00000
     -5.61284      0.00000      0.00000      0.00000
     -5.60284      0.00000      0.00000      0.00000
     -5.59284      0.00000      0.00000      0.00000
     -5.58284      0.00000      0.00000      0.00000
     -5.57284      0.00000      0.00000      0.00000
     -5.56284      0.00000      0.00000      0.00000
     -5.55284      0.00000      0.00000      0.00000
     -5.54284      0.00000      0.00000      0.00000
     -5.53284      0.00000      0.00000      0.00000
     -5.52284      0.00000      0.00000      0.00000
     -5.51284      0.00000      0.00000      0.00000
     -5.50284      0.00000      0.00000      0.00000
     -5.49284      0.00000      0.00000      0.00000
     -5.48284      0.00000      0.00000      0.00000
     -5.47284      0.00000      0.00000      0.00000
     -5.46284      0.00000      0.00000      0.00000
     -5.45284      0.00000      0.00000      0.00000
     -5.44284      0.00000      0.00000      0.00000
     -5.43284      0.00000      0.00000      0.00000
     -5.42284      0.00000      0.00000      0.00000
     -5.41284      0.00000      0.00000      0.00000
     -5.40284      0.00000      0.00000      0.00000
     -5.39284      0.00000      0.00000      0.00000
     -5.38284      0.00000      0.00000      0.00000
     -5.37284      0.00000      0.00000      0.00000
     -5.36284      0.00000      0.00000      0.00000
     -5.35284      0.00000      0.00000      0.00000
     -5.34284      0.00000      0.00000      0.00000
     -5.33284      0.00000      0.00000      0.00000
     -5.32284      0.00000      0.00000      0.00000
     -5.31284      0.00000      0.00000      0.00000
     -5.30284      0.00000      0.00000      0.00000
     -5.29284      0.00000      0.00000      0.00000
     -5.28284      0.00000      0.00000      0.00000
     -5.27284      0.00000      0.00000      0.00000
     -5.26284      0.00000      0.00000      0.00000
     -5.25284      0.00000      0.00000      0.00000
     -5.24284      0.00000      0.00000      0.00000
     -5.23284      0.00000      0.00000      0.00000
     -5.22284      0.00000      0.00000      0.00000
     -5.21284      0.00000      0.00000      0.00000
     -5.20284      0.00000      0.00000      0.00000
     -5.19284      0.00000      0.00000      0.00000
     -5.18284      0.00000      0.00000      0.00000
     -5.17284      0.00000      0.00000      0.00000
     -5.16284      0.00000      0.00000      0.00000
     -5.15284      0.00000      0.00000      0.00000
     -5.14284      0.00000      0.00000      0.00000
     -5.13284      0.00000      0.00000      0.00000
     -5.12284      0.00000      0.00000      0.00000
     -5.11284      0.00000      0.00000      0.00000
     -5.10284      0.00000      0.00000      0.00000
     -5.09284      0.00000      0.00000      0.00000
     -5.08284      0.00000      0.00000      0.00000
     -5.07284      0.00000      0.00000      0.00000
     -5.06284      0.00000      0.00000      0.00000
     -5.05284      0.00188      0.00060      0.00128
     -5.04284      0.11524      0.03666      0.07857
     -5.03284      2.60099      0.82748      1.77351
     -5.02284     21.59721      6.87093     14.72628
     -5.01284     65.97240     20.98844     44.98396
     -5.00284     74.13656     23.58579     50.55077
     -4.99284     30.64842      9.75048     20.89794
     -4.98284      4.66111      1.48288      3.17823
     -4.97284      0.26078      0.08296      0.17782
     -4.96284      0.00537      0.00171      0.00366
     -4.95284      0.00000      0.00000      0.00000
     -4.94284      0.00000      0.00000      0.00000
     -4.93284      0.00000      0.00000      0.00000
     -4.92284      0.00000      0.00000      0.00000
     -4.91284      0.00000      0.00000      0.00000
     -4.90284      0.00000      0.00000      0.00000
     -4.89284      0.00000      0.00000      0.00000
     -4.88284      0.00000      0.00000      0.00000
     -4.87284      0.00000      0.00000      0.00000
     -4.86284      0.00000      0.00000      0.00000
     -4.85284      0.00000      0.00000      0.00000
     -4.84284      0.00000      0.00000      0.00000
     -4.83284      0.00000      0.00000      0.00000
     -4.82284      0.00000      0.00000      0.00000
     -4.81284      0.00000      0.00000      0.00000
     -4.80284      0.00000      0.00000      0.00000
     -4.79284      0.00000      0.00000      0.00000
     -4.78284      0.00000      0.00000      0.00000
     -4.77284      0.00000      0.00000      0.00000
     -4.76284      0.00000      0.00000      0.00000
     -4.75284      0.00000      0.00000      0.00000
     -4.74284      0.00000      0.00000      0.00000
     -4.73284      0.00000      0.00000      0.00000
     -4.72284      0.00000      0.00000      0.00000
     -4.71284      0.00000      0.00000      0.00000
     -4.70284      0.00000      0.00000      0.00000
     -4.69284      0.00000      0.00000      0.00000
     -4.68284      0.00000      0.00000      0.00000
     -4.67284      0.00000      0.00000      0.00000
     -4.66284      0.00000      0.00000      0.00000
     -4.65284      0.00000      0.00000      0.00000
     -4.64284      0.00000      0.00000      0.00000
     -4.63284      0.00000      0.00000      0.00000
     -4.62284      0.00000      0.00000      0.00000
     -4.61284      0.00000      0.00000      0.00000
     -4.60284      0.00000      0.00000      0.00000
     -4.59284      0.00000      0.00000      0.00000
     -4.58284      0.00000      0.00000      0.00000
     -4.57284      0.00000      0.00000      0.00000
     -4.56284      0.00000      0.00000      0.00000
     -4.55284      0.00000      0.00000      0.00000
     -4.54284      0.00000      0.00000      0.00000
     -4.53284      0.00000      0.00000      0.00000
     -4.52284      0.00000      0.00000      0.00000
     -4.51284      0.00000      0.00000      0.00000
     -4.50284      0.00000      0.00000      0.00000
     -4.49284      0.00000      0.00000      0.00000
     -4.48284      0.00000      0.00000      0.00000
     -4.47284      0.00000      0.00000      0.00000
     -4.46284      0.00000      0.00000      0.00000
     -4.45284      0.00000      0.00000      0.00000
     -4.44284      0.00000      0.00000      0.00000
     -4.43284      0.00000      0.00000      0.00000
     -4.42284      0.00000      0.00000      0.00000
     -4.41284      0.00000      0.00000      0.00000
     -4.40284      0.00000      0.00000      0.00000
     -4.39284      0.00000      0.00000      0.00000
     -4.38284      0.00000      0.00000      0.00000
     -4.37284      0.00000      0.00000      0.00000
     -4.36284      0.00000      0.00000      0.00000
     -4.35284      0.00000      0.00000      0.00000
     -4.34284      0.00000      0.00000      0.00000
     -4.33284      0.00000      0.00000      0.00000
     -4.32284      0.00000      0.00000      0.00000
     -4.31284      0.00000      0.00000      0.00000
     -4.30284      0.00000      0.00000      0.00000
     -4.29284      0.00000      0.00000      0.00000
     -4.28284      0.00000      0.00000      0.00000
     -4.27284      0.00000      0.00000      0.00000
     -4.26284      0.00000      0.00000      0.00000
     -4.25284      0.00000      0.00000      0.00000
     -4.24284      0.00000      0.00000      0.00000
     -4.23284      0.00000      0.00000      0.00000
     -4.22284      0.00000      0.00000      0.00000
     -4.21284      0.00000      0.00000      0.00000
     -4.20284      0.00000      0.00000      0.00000
     -4.19284      0.00000      0.00000      0.00000
     -4.18284      0.00000      0.00000      0.00000
     -4.17284      0.00000      0.00000      0.00000
     -4.16284      0.00000      0.00000      0.00000
     -4.15284      0.00000      0.00000      0.00000
     -4.14284      0.00000      0.00000      0.00000
     -4.13284      0.00000      0.00000      0.00000
     -4.12284      0.00000      0.00000      0.00000
     -4.11284      0.00000      0.00000      0.00000
     -4.10284      0.00000      0.00000      0.00000
     -4.09284      0.00000      0.00000      0.00000
     -4.08284      0.00000      0.00000      0.00000
     -4.07284      0.00000      0.00000      0.00000
     -4.06284      0.00000      0.00000      0.00000
     -4.05284      0.00000      0.00000      0.00000
     -4.04284      0.00000      0.00000      0.00000
     -4.03284      0.00000      0.00000      0.00000
     -4.02284      0.00000      0.00000      0.00000
     -4.01284      0.00000      0.00000      0.00000
     -4.00284      0.00000      0.00000      0.00000
     -3.99284      0.00000      0.00000      0.00000
     -3.98284      0.00000      0.00000      0.00000
     -3.97284      0.00000      0.00000      0.00000
     -3.96284      0.00000      0.00000      0.00000
     -3.95284      0.00000      0.00000      0.00000
     -3.94284      0.00000      0.00000      0.00000
     -3.93284      0.00000      0.00000      0.00000
     -3.92284      0.00000      0.00000      0.00000
     -3.91284      0.00000      0.00000      0.00000
     -3.90284      0.00000      0.00000      0.00000
     -3.89284      0.00000      0.00000      0.00000
     -3.88284      0.00000      0.00000      0.00000
     -3.87284      0.00000      0.00000      0.00000
     -3.86284      0.00000      0.00000      0.00000
     -3.85284      0.00000      0.00000      0.00000
     -3.84284      0.00000      0.00000      0.00000
     -3.83284      0.00000      0.00000      0.00000
     -3.82284      0.00000      0.00000      0.00000
     -3.81284      0.00000      0.00000      0.00000
     -3.80284      0.00000      0.00000      0.00000
     -3.79284      0.00000      0.00000      0.00000
     -3.78284      0.00000      0.00000      0.00000
     -3.77284      0.00000      0.00000      0.00000
     -3.76284      0.00000      0.00000      0.00000
     -3.75284      0.00000      0.00000      0.00000
     -3.74284      0.00000      0.00000      0.00000
     -3.73284      0.00000      0.00000      0.00000
     -3.72284      0.00000      0.00000      0.00000
     -3.71284      0.00000      0.00000      0.00000
     -3.70284      0.00000      0.00000      0.00000
     -3.69284      0.00000      0.00000      0.00000
     -3.68284      0.00000      0.00000      0.00000
     -3.67284      0.00000      0.00000      0.00000
     -3.66284      0.00000      0.00000      0.00000
     -3.65284      0.00000      0.00000      0.00000
     -3.64284      0.00000      0.00000      0.00000
     -3.63284      0.00000      0.00000      0.00000
     -3.62284      0.00000      0.00000      0.00000
     -3.61284      0.00000      0.00000      0.00000
     -3.60284      0.00000      0.00000      0.00000
     -3.59284      0.00000      0.00000      0.00000
     -3.58284      0.00000      0.00000      0.00000
     -3.57284      0.00000      0.00000      0.00000
     -3.56284      0.00000      0.00000      0.00000
     -3.55284      0.00000      0.00000      0.00000
     -3.54284      0.00000      0.00000      0.00000
     -3.53284      0.00000      0.00000      0.00000
     -3.52284      0.00000      0.00000      0.00000
     -3.51284      0.00000      0.00000      0.00000
     -3.50284      0.00000      0.00000      0.00000
     -3.49284      0.00000      0.00000      0.00000
     -3.48284      0.00000      0.00000      0.00000
     -3.47284      0.00000      0.00000      0.00000
     -3.46284      0.00000      0.00000      0.00000
     -3.45284      0.00000      0.00000      0.00000
     -3.44284      0.00000      0.00000      0.00000
     -3.43284      0.00000      0.00000      0.00000
     -3.42284      0.00000      0.00000      0.00000
     -3.41284      0.00000      0.00000      0.00000
     -3.40284      0.00000      0.00000      0.00000
     -3.39284      0.00000      0.00000      0.00000
     -3.38284      0.00000      0.00000      0.00000
     -3.37284      0.00000      0.00000      0.00000
     -3.36284      0.00000      0.00000      0.00000
     -3.35284      0.00000      0.00000      0.00000
     -3.34284      0.00000      0.00000      0.00000
     -3.33284      0.00000      0.00000      0.00000
     -3.32284      0.00000      0.00000      0.00000
     -3.31284      0.00000      0.00000      0.00000
     -3.30284      0.00000      0.00000      0.00000
     -3.29284      0.00000      0.00000      0.00000
     -3.28284      0.00000      0.00000      0.00000
     -3.27284      0.00000      0.00000      0.00000
     -3.26284      0.00000      0.00000      0.00000
     -3.25284      0.00000      0.00000      0.00000
     -3.24284      0.00000      0.00000      0.00000
     -3.23284      0.00000      0.00000      0.00000
     -3.22284      0.00000      0.00000      0.00000
     -3.21284      0.00000      0.00000      0.00000
     -3.20284      0.00000      0.00000      0.00000
     -3.19284      0.00000      0.00000      0.00000
     -3.18284      0.00000      0.00000      0.00000
     -3.17284      0.00000      0.00000      0.00000
     -3.16284      0.00000      0.00000      0.00000
     -3.15284      0.00000      0.00000      0.00000
     -3.14284      0.00000      0.00000      0.00000
     -3.13284      0.00000      0.00000      0.00000
     -3.12284      0.00000      0.00000      0.00000
     -3.11284      0.00000      0.00000      0.00000
     -3.10284      0.00000      0.00000      0.00000
     -3.09284      0.00000      0.00000      0.00000
     -3.08284      0.00000      0.00000      0.00000
     -3.07284      0.00000      0.00000      0.00000
     -3.06284      0.00000      0.00000      0.00000
     -3.05284      0.00000      0.00000      0.00000
     -3.04284      0.00000      0.00000      0.00000
     -3.03284      0.00000      0.00000      0.00000
     -3.02284      0.00000      0.00000      0.00000
     -3.01284      0.00000      0.00000      0.00000
     -3.00284      0.00000      0.00000      0.00000
     -2.99284      0.00000      0.00000      0.00000
     -2.98284      0.00000      0.00000      0.00000
     -2.97284      0.00000      0.00000      0.00000
     -2.96284      0.00000      0.00000      0.00000
     -2.95284      0.00000      0.00000      0.00000
     -2.94284      0.00000      0.00000      0.00000
     -2.93284      0.00000      0.00000      0.00000
     -2.92284      0.00000      0.00000      0.00000
     -2.91284      0.00000      0.00000      0.00000
     -2.90284      0.00000      0.00000      0.00000
     -2.89284      0.00000      0.00000      0.00000
     -2.88284      0.00000      0.00000      0.00000
     -2.87284      0.00000      0.00000      0.00000
     -2.86284      0.00000      0.00000      0.00000
     -2.85284      0.00000      0.00000      0.00000
     -2.84284      0.00000      0.00000      0.00000
     -2.83284      0.00000      0.00000      0.00000
     -2.82284      0.00000      0.00000      0.00000
     -2.81284      0.00000      0.00000      0.00000
     -2.80284      0.00000      0.00000      0.00000
     -2.79284      0.00000      0.00000      0.00000
     -2.78284      0.00000      0.00000      0.00000
     -2.77284      0.00000      0.00000      0.00000
     -2.76284      0.00000      0.00000      0.00000
     -2.75284      0.00000      0.00000      0.00000
     -2.74284      0.00000      0.00000      0.00000
     -2.73284      0.00000      0.00000      0.00000
     -2.72284      0.00000      0.00000      0.00000
     -2.71284      0.00000      0.00000      0.00000
     -2.70284      0.00000      0.00000      0.00000
     -2.69284      0.00000      0.00000      0.00000
     -2.68284      0.00000      0.00000      0.00000
     -2.67284      0.00000      0.00000      0.00000
     -2.66284      0.00000      0.00000      0.00000
     -2.65284      0.00000      0.00000      0.00000
     -2.64284      0.00000      0.00000      0.00000
     -2.63284      0.00000      0.00000      0.00000
     -2.62284      0.00000      0.00000      0.00000
     -2.61284      0.00000      0.00000      0.00000
     -2.60284      0.00000      0.00000      0.00000
     -2.59284      0.00000      0.00000      0.00000
     -2.58284      0.00000      0.00000      0.00000
     -2.57284      0.00000      0.00000      0.00000
     -2.56284      0.00000      0.00000      0.00000
     -2.55284      0.00000      0.00000      0.00000
     -2.54284      0.00000      0.00000      0.00000
     -2.53284      0.00000      0.00000      0.00000
     -2.52284      0.00000      0.00000      0.00000
     -2.51284      0.00000      0.00000      0.00000
     -2.50284      0.00000      0.00000      0.00000
     -2.49284      0.00000      0.00000      0.00000
     -2.48284      0.00000      0.00000      0.00000
     -2.47284      0.00000      0.00000      0.00000
     -2.46284      0.00000      0.00000      0.00000
     -2.45284      0.00000      0.00000      0.00000
     -2.44284      0.00000      0.00000      0.00000
     -2.43284      0.00000      0.00000      0.00000
     -2.42284      0.00000      0.00000      0.00000
     -2.41284      0.00000      0.00000      0.00000
     -2.40284      0.00000      0.00000      0.00000
     -2.39284      0.00000      0.00000      0.00000
     -2.38284      0.00000      0.00000      0.00000
     -2.37284      0.00000      0.00000      0.00000
     -2.36284      0.00000      0.00000      0.00000
     -2.35284      0.00000      0.00000      0.00000
     -2.34284      0.00000      0.00000      0.00000
     -2.33284      0.00000      0.00000      0.00000
     -2.32284      0.00000      0.00000      0.00000
     -2.31284      0.00000      0.00000      0.00000
     -2.30284      0.00000      0.00000      0.00000
     -2.29284      0.00000      0.00000      0.00000
     -2.28284      0.00000      0.00000      0.00000
     -2.27284      0.00000      0.00000      0.00000
     -2.26284      0.00000      0.00000      0.00000
     -2.25284      0.00000      0.00000      0.00000
     -2.24284      0.00000      0.00000      0.00000
     -2.23284      0.00000      0.00000      0.00000
     -2.22284      0.00000      0.00000      0.00000
     -2.21284      0.00000      0.00000      0.00000
     -2.20284      0.00000      0.00000      0.00000
     -2.19284      0.00000      0.00000      0.00000
     -2.18284      0.00000      0.00000      0.00000
     -2.17284      0.00000      0.00000      0.00000
     -2.16284      0.00000      0.00000      0.00000
     -2.15284      0.00000      0.00000      0.00000
     -2.14284      0.00000      0.00000      0.00000
     -2.13284      0.00000      0.00000      0.00000
     -2.12284      0.00000      0.00000      0.00000
     -2.11284      0.00000      0.00000      0.00000
     -2.10284      0.00000      0.00000      0.00000
     -2.09284      0.00000      0.00000      0.00000
     -2.08284      0.00000      0.00000      0.00000
     -2.07284      0.00000      0.00000      0.00000
     -2.06284      0.00000      0.00000      0.00000
     -2.05284      0.00000      0.00000      0.00000
     -2.04284      0.00000      0.00000      0.00000
     -2.03284      0.00000      0.00000      0.00000
     -2.02284      0.00000      0.00000      0.00000
     -2.01284      0.00000      0.00000      0.00000
     -2.00284      0.00000      0.00000      0.00000
     -1.99284      0.00000      0.00000      0.00000
     -1.98284      0.00000      0.00000      0.00000
     -1.97284      0.00000      0.00000      0.00000
     -1.96284      0.00000      0.00000      0.00000
     -1.95284      0.00000      0.00000      0.00000
     -1.94284      0.00000      0.00000      0.00000
     -1.93284      0.00000      0.00000      0.00000
     -1.92284      0.00000      0.00000      0.00000
     -1.91284      0.00000      0.00000      0.00000
     -1.90284      0.00000      0.00000      0.00000
     -1.89284      0.00000      0.00000      0.00000
     -1.88284      0.00000      0.00000      0.00000
     -1.87284      0.00000      0.00000      0.00000
     -1.86284      0.00000      0.00000      0.00000
     -1.85284      0.00000      0.00000      0.00000
     -1.84284      0.00000      0.00000      0.00000
     -1.83284      0.00000      0.00000      0.00000
     -1.82284      0.00000      0.00000      0.00000
     -1.81284      0.00000      0.00000      0.00000
     -1.80284      0.00000      0.00000      0.00000
     -1.79284      0.00000      0.00000      0.00000
     -1.78284      0.00000      0.00000      0.00000
     -1.77284      0.00000      0.00000      0.00000
     -1.76284      0.00000      0.00000      0.00000
     -1.75284      0.00000      0.00000      0.00000
     -1.74284      0.00000      0.00000      0.00000
     -1.73284      0.00000      0.00000      0.00000
     -1.72284      0.00000      0.00000      0.00000
     -1.71284      0.00000      0.00000      0.00000
     -1.70284      0.00000      0.00000      0.00000
     -1.69284      0.00000      0.00000      0.00000
     -1.68284      0.00106      0.00026      0.00079
     -1.67284      0.08474      0.02115      0.06360
     -1.66284      2.49763      0.62325      1.87438
     -1.65284     27.08034      6.75752     20.32281
     -1.64284    108.01518     26.95370     81.06148
     -1.63284    158.49700     39.55074    118.94627
     -1.62284     85.55844     21.34992     64.20851
     -1.61284     16.99066      4.23978     12.75087
     -1.60284      1.24126      0.30974      0.93152
     -1.59284      0.03336      0.00832      0.02504
     -1.58284      0.00000      0.00000      0.00000
     -1.57284      0.00000      0.00000      0.00000
     -1.56284      0.00000      0.00000      0.00000
     -1.55284      0.00000      0.00000      0.00000
     -1.54284      0.00000      0.00000      0.00000
     -1.53284      0.00000      0.00000      0.00000
     -1.52284      0.00000      0.00000      0.00000
     -1.51284      0.00000      0.00000      0.00000
     -1.50284      0.00000      0.00000      0.00000
     -1.49284      0.00000      0.00000      0.00000
     -1.48284      0.00000      0.00000      0.00000
     -1.47284      0.00000      0.00000      0.00000
     -1.46284      0.00000      0.00000      0.00000
     -1.45284      0.00000      0.00000      0.00000
     -1.44284      0.00000      0.00000      0.00000
     -1.43284      0.00000      0.00000      0.00000
     -1.42284      0.00000      0.00000      0.00000
     -1.41284      0.00000      0.00000      0.00000
     -1.40284      0.00000      0.00000      0.00000
     -1.39284      0.00000      0.00000      0.00000
     -1.38284      0.00000      0.00000      0.00000
     -1.37284      0.00000      0.00000      0.00000
     -1.36284      0.00000      0.00000      0.00000
     -1.35284      0.00000      0.00000      0.00000
     -1.34284      0.00000      0.00000      0.00000
     -1.33284      0.00000      0.00000      0.00000
     -1.32284      0.00000      0.00000      0.00000
     -1.31284      0.00000      0.00000      0.00000
     -1.30284      0.00000      0.00000      0.00000
     -1.29284      0.00000      0.00000      0.00000
     -1.28284      0.00000      0.00000      0.00000
     -1.27284      0.00000      0.00000      0.00000
     -1.26284      0.00000      0.00000      0.00000
     -1.25284      0.00000      0.00000      0.00000
     -1.24284      0.00000      0.00000      0.00000
     -1.23284      0.00000      0.00000      0.00000
     -1.22284      0.00000      0.00000      0.00000
     -1.21284      0.00000      0.00000      0.00000
     -1.20284      0.00000      0.00000      0.00000
     -1.19284      0.00000      0.00000      0.00000
     -1.18284      0.00000      0.00000      0.00000
     -1.17284      0.00000      0.00000      0.00000
     -1.16284      0.00000      0.00000      0.00000
     -1.15284      0.00000      0.00000      0.00000
     -1.14284      0.00000      0.00000      0.00000
     -1.13284      0.00000      0.00000      0.00000
     -1.12284      0.00000      0.00000      0.00000
     -1.11284      0.00000      0.00000      0.00000
     -1.10284      0.00000      0.00000      0.00000
     -1.09284      0.00000      0.00000      0.00000
     -1.08284      0.00000      0.00000      0.00000
     -1.07284      0.00000      0.00000      0.00000
     -1.06284      0.00000      0.00000      0.00000
     -1.05284      0.00000      0.00000      0.00000
     -1.04284      0.00000      0.00000      0.00000
     -1.03284      0.00000      0.00000      0.00000
     -1.02284      0.00000      0.00000      0.00000
     -1.01284      0.00000      0.00000      0.00000
     -1.00284      0.00000      0.00000      0.00000
     -0.99284      0.00000      0.00000      0.00000
     -0.98284      0.00000      0.00000      0.00000
     -0.97284      0.00000      0.00000      0.00000
     -0.96284      0.00000      0.00000      0.00000
     -0.95284      0.00000      0.00000      0.00000
     -0.94284      0.00000      0.00000      0.00000
     -0.93284      0.00000      0.00000      0.00000
     -0.92284      0.00000      0.00000      0.00000
     -0.91284      0.00000      0.00000      0.00000
     -0.90284      0.00000      0.00000      0.00000
     -0.89284      0.00000      0.00000      0.00000
     -0.88284      0.00000      0.00000      0.00000
     -0.87284      0.00000      0.00000      0.00000
     -0.86284      0.00000      0.00000      0.00000
     -0.85284      0.00000      0.00000      0.00000
     -0.84284      0.00000      0.00000      0.00000
     -0.83284      0.00000      0.00000      0.00000
     -0.82284      0.00000      0.00000      0.00000
     -0.81284      0.00000      0.00000      0.00000
     -0.80284      0.00000      0.00000      0.00000
     -0.79284      0.00000      0.00000      0.00000
     -0.78284      0.00000      0.00000      0.00000
     -0.77284      0.00000      0.00000      0.00000
     -0.76284      0.00000      0.00000      0.00000
     -0.75284      0.00000      0.00000      0.00000
     -0.74284      0.00000      0.00000      0.00000
     -0.73284      0.00000      0.00000      0.00000
     -0.72284      0.00000      0.00000      0.00000
     -0.71284      0.00000      0.00000      0.00000
     -0.70284      0.00000      0.00000      0.00000
     -0.69284      0.00000      0.00000      0.00000
     -0.68284      0.00000      0.00000      0.00000
     -0.67284      0.00000      0.00000      0.00000
     -0.66284      0.00000      0.00000      0.00000
     -0.65284      0.00000      0.00000      0.00000
     -0.64284      0.00000      0.00000      0.00000
     -0.63284      0.00000      0.00000      0.00000
     -0.62284      0.00000      0.00000      0.00000
     -0.61284      0.00000      0.00000      0.00000
     -0.60284      0.00000      0.00000      0.00000
     -0.59284      0.00000      0.00000      0.00000
     -0.58284      0.00000      0.00000      0.00000
     -0.57284      0.00000      0.00000      0.00000
     -0.56284      0.00000      0.00000      0.00000
     -0.55284      0.00000      0.00000      0.00000
     -0.54284      0.00000      0.00000      0.00000
     -0.53284      0.00000      0.00000      0.00000
     -0.52284      0.00000      0.00000      0.00000
     -0.51284      0.00000      0.00000      0.00000
     -0.50284      0.00000      0.00000      0.00000
     -0.49284      0.00000      0.00000      0.00000
     -0.48284      0.00000      0.00000      0.00000
     -0.47284      0.00000      0.00000      0.00000
     -0.46284      0.00000      0.00000      0.00000
     -0.45284      0.00000      0.00000      0.00000
     -0.44284      0.00000      0.00000      0.00000
     -0.43284      0.00000      0.00000      0.00000
     -0.42284      0.00000      0.00000      0.00000
     -0.41284      0.00000      0.00000      0.00000
     -0.40284      0.00000      0.00000      0.00000
     -0.39284      0.00000      0.00000      0.00000
     -0.38284      0.00000      0.00000      0.00000
     -0.37284      0.00000      0.00000      0.00000
     -0.36284      0.00000      0.00000      0.00000
     -0.35284      0.00000      0.00000      0.00000
     -0.34284      0.00000      0.00000      0.00000
     -0.33284      0.00000      0.00000      0.00000
     -0.32284      0.00000      0.00000      0.00000
     -0.31284      0.00000      0.00000      0.00000
     -0.30284      0.00000      0.00000      0.00000
     -0.29284      0.00000      0.00000      0.00000
     -0.28284      0.00000      0.00000      0.00000
     -0.27284      0.00000      0.00000      0.00000
     -0.26284      0.00000      0.00000      0.00000
     -0.25284      0.00000      0.00000      0.00000
     -0.24284      0.00000      0.00000      0.00000
     -0.23284      0.00000      0.00000      0.00000
     -0.22284      0.00000      0.00000      0.00000
     -0.21284      0.00000      0.00000      0.00000
     -0.20284      0.00000      0.00000      0.00000
     -0.19284      0.00000      0.00000      0.00000
     -0.18284      0.00000      0.00000      0.00000
     -0.17284      0.00000      0.00000      0.00000
     -0.16284      0.00000      0.00000      0.00000
     -0.15284      0.00000      0.00000      0.00000
     -0.14284      0.00000      0.00000      0.00000
     -0.13284      0.00000      0.00000      0.00000
     -0.12284      0.00000      0.00000      0.00000
     -0.11284      0.00000      0.00000      0.00000
     -0.10284      0.00000      0.00000      0.00000
     -0.09284      0.00000      0.00000      0.00000
     -0.08284      0.00000      0.00000      0.00000
     -0.07284      0.00000      0.00000      0.00000
     -0.06284      0.00000      0.00000      0.00000
     -0.05284      0.00000      0.00000      0.00000
     -0.04284      0.00826      0.00674      0.00152
     -0.03284      0.36340      0.29648      0.06692
     -0.02284      5.87993      4.79708      1.08285
     -0.01284     34.99932     28.55382      6.44550
     -0.00284     76.63947     62.52550     14.11397
      0.00716     61.73777     50.36810     11.36967
      0.01716     18.29595     14.92655      3.36939
      0.02716      1.99464      1.62731      0.36733
      0.03716      0.08000      0.06527      0.01473
      0.04716      0.00118      0.00096      0.00022
      0.05716      0.00000      0.00000      0.00000
      0.06716      0.00000      0.00000      0.00000
      0.07716      0.00000      0.00000      0.00000
      0.08716      0.00000      0.00000      0.00000
      0.09716      0.00000      0.00000      0.00000
      0.10716      0.00000      0.00000      0.00000
      0.11716      0.00000      0.00000      0.00000
      0.12716      0.00000      0.00000      0.00000
      0.13716      0.00000      0.00000      0.00000
      0.14716      0.00000      0.00000      0.00000
      0.15716      0.00000      0.00000      0.00000
      0.16716      0.00000      0.00000      0.00000
      0.17716      0.00000      0.00000      0.00000
      0.18716      0.00000      0.00000      0.00000
      0.19716      0.00000      0.00000      0.00000
      0.20716      0.00000      0.00000      0.00000
      0.21716      0.00000      0.00000      0.00000
      0.22716      0.00000      0.00000      0.00000
      0.23716      0.00000      0.00000      0.00000
      0.24716      0.00000      0.00000      0.00000
      0.25716      0.00000      0.00000      0.00000
      0.26716      0.00000      0.00000      0.00000
      0.27716      0.00000      0.00000      0.00000
      0.28716      0.00000      0.00000      0.00000
      0.29716      0.00000      0.00000      0.00000
      0.30716      0.00000      0.00000      0.00000
      0.31716      0.00000      0.00000      0.00000
      0.32716      0.00000      0.00000      0.00000
      0.33716      0.00000      0.00000      0.00000
      0.34716      0.00000      0.00000      0.00000
      0.35716      0.00000      0.00000      0.00000
      0.36716      0.00000      0.00000      0.00000
      0.37716      0.00000      0.00000      0.00000
      0.38716      0.00000      0.00000      0.00000
      0.39716      0.00000      0.00000      0.00000
      0.40716      0.00000      0.00000      0.00000
      0.41716      0.00000      0.00000      0.00000
      0.42716      0.00000      0.00000      0.00000
      0.43716      0.00000      0.00000      0.00000
      0.44716      0.00000      0.00000      0.00000
      0.45716      0.00000      0.00000      0.00000
      0.46716      0.00000      0.00000      0.00000
      0.47716      0.00000      0.00000      0.00000
      0.48716      0.00000      0.00000      0.00000
      0.49716      0.00000      0.00000      0.00000
      0.50716      0.00000      0.00000      0.00000
      0.51716      0.00000      0.00000      0.00000
      0.52716      0.00000      0.00000      0.00000
      0.53716      0.00000      0.00000      0.00000
      0.54716      0.00000      0.00000      0.00000
      0.55716      0.00000      0.00000      0.00000
      0.56716      0.00000      0.00000      0.00000
      0.57716      0.00000      0.00000      0.00000
      0.58716      0.00000      0.00000      0.00000
      0.59716      0.00000      0.00000      0.00000
      0.60716      0.00000      0.00000      0.00000
      0.61716      0.00000      0.00000      0.00000
      0.62716      0.00000      0.00000      0.00000
      0.63716      0.00000      0.00000      0.00000
      0.64716      0.00000      0.00000      0.00000
      0.65716      0.00000      0.00000      0.00000
      0.66716      0.00000      0.00000      0.00000
      0.67716      0.00000      0.00000      0.00000
      0.68716      0.00000      0.00000      0.00000
      0.69716      0.00000      0.00000      0.00000
      0.70716      0.00000      0.00000      0.00000
      0.71716      0.00000      0.00000      0.00000
      0.72716      0.00000      0.00000      0.00000
      0.73716      0.00000      0.00000      0.00000
      0.74716      0.00000      0.00000      0.00000
      0.75716      0.00000      0.00000      0.00000
      0.76716      0.00000      0.00000      0.00000
      0.77716      0.00000      0.00000      0.00000
      0.78716      0.00000      0.00000      0.00000
      0.79716      0.00000      0.00000      0.00000
      0.80716      0.00000      0.00000      0.00000
      0.81716      0.00000      0.00000      0.00000
      0.82716      0.00000      0.00000      0.00000
      0.83716      0.00000      0.00000      0.00000
      0.84716      0.00000      0.00000      0.00000
      0.85716      0.00000      0.00000      0.00000
      0.86716      0.00000      0.00000      0.00000
      0.87716      0.00000      0.00000      0.00000
      0.88716      0.00000      0.00000      0.00000
      0.89716      0.00000      0.00000      0.00000
      0.90716      0.00000      0.00000      0.00000
      0.91716      0.00000      0.00000      0.00000
      0.92716      0.00000      0.00000      0.00000
      0.93716      0.00000      0.00000      0.00000
      0.94716      0.00000      0.00000      0.00000
      0.95716      0.00000      0.00000      0.00000
      0.96716      0.00000      0.00000      0.00000
      0.97716      0.00000      0.00000      0.00000
      0.98716      0.00000      0.00000      0.00000
      0.99716      0.00000      0.00000      0.00000
      1.00716      0.00000      0.00000      0.00000
      1.01716      0.00000      0.00000      0.00000
      1.02716      0.00000      0.00000      0.00000
      1.03716      0.00000      0.00000      0.00000
      1.04716      0.00000      0.00000      0.00000
      1.05716      0.00000      0.00000      0.00000
      1.06716      0.00000      0.00000      0.00000
      1.07716      0.00000      0.00000      0.00000
      1.08716      0.00000      0.00000      0.00000
      1.09716      0.00000      0.00000      0.00000
      1.10716      0.00000      0.00000      0.00000
      1.11716      0.00000      0.00000      0.00000
      1.12716      0.00000      0.00000      0.00000
      1.13716      0.00000      0.00000      0.00000
      1.14716      0.00000      0.00000      0.00000
      1.15716      0.00000      0.00000      0.00000
      1.16716      0.00000      0.00000      0.00000
      1.17716      0.00000      0.00000      0.00000
      1.18716      0.00000      0.00000      0.00000
      1.19716      0.00000      0.00000      0.00000
      1.20716      0.00000      0.00000      0.00000
      1.21716      0.00000      0.00000      0.00000
      1.22716      0.00000      0.00000      0.00000
      1.23716      0.00000      0.00000      0.00000
      1.24716      0.00000      0.00000      0.00000
      1.25716      0.00000      0.00000      0.00000
      1.26716      0.00000      0.00000      0.00000
      1.27716      0.00000      0.00000      0.00000
      1.28716      0.00000      0.00000      0.00000
      1.29716      0.00000      0.00000      0.00000
      1.30716      0.00000      0.00000      0.00000
      1.31716      0.00000      0.00000      0.00000
      1.32716      0.00000      0.00000      0.00000
      1.33716      0.00000      0.00000      0.00000
      1.34716      0.00000      0.00000      0.00000
      1.35716      0.00000      0.00000      0.00000
      1.36716      0.00000      0.00000      0.00000
      1.37716      0.00000      0.00000      0.00000
      1.38716      0.00000      0.00000      0.00000
      1.39716      0.00000      0.00000      0.00000
      1.40716      0.00000      0.00000      0.00000
      1.41716      0.00000      0.00000      0.00000
      1.42716      0.00000      0.00000      0.00000
      1.43716      0.00000      0.00000      0.00000
      1.44716      0.00000      0.00000      0.00000
      1.45716      0.00000      0.00000      0.00000
      1.46716      0.00000      0.00000      0.00000
      1.47716      0.00000      0.00000      0.00000
      1.48716      0.00000      0.00000      0.00000
      1.49716      0.00000      0.00000      0.00000
      1.50716      0.00000      0.00000      0.00000
      1.51716      0.00000      0.00000      0.00000
      1.52716      0.00000      0.00000      0.00000
      1.53716      0.00000      0.00000      0.00000
      1.54716      0.00000      0.00000      0.00000
      1.55716      0.00000      0.00000      0.00000
      1.56716      0.00000      0.00000      0.00000
      1.57716      0.00000      0.00000      0.00000
      1.58716      0.00000      0.00000      0.00000
      1.59716      0.00000      0.00000      0.00000
      1.60716      0.00000      0.00000      0.00000
      1.61716      0.00000      0.00000      0.00000
      1.62716      0.00000      0.00000      0.00000
      1.63716      0.00000      0.00000      0.00000
      1.64716      0.00000      0.00000      0.00000
      1.65716      0.00000      0.00000      0.00000
      1.66716      0.00000      0.00000      0.00000
      1.67716      0.00000      0.00000      0.00000
      1.68716      0.00000      0.00000      0.00000
      1.69716      0.00000      0.00000      0.00000
      1.70716      0.00000      0.00000      0.00000
      1.71716      0.00000      0.00000      0.00000
      1.72716      0.00000      0.00000      0.00000
      1.73716      0.00000      0.00000      0.00000
      1.74716      0.00000      0.00000      0.00000
      1.75716      0.00000      0.00000      0.00000
      1.76716      0.00000      0.00000      0.00000
      1.77716      0.00000      0.00000      0.00000
      1.78716      0.00000      0.00000      0.00000
      1.79716      0.00000      0.00000      0.00000
      1.80716      0.00000      0.00000      0.00000
      1.81716      0.00000      0.00000      0.00000
      1.82716      0.00000      0.00000      0.00000
      1.83716      0.00000      0.00000      0.00000
      1.84716      0.00000      0.00000      0.00000
      1.85716      0.00000      0.00000      0.00000
      1.86716      0.00000      0.00000      0.00000
      1.87716      0.00000      0.00000      0.00000
      1.88716      0.00000      0.00000      0.00000
      1.89716      0.00000      0.00000      0.00000
      1.90716      0.00000      0.00000      0.00000
      1.91716      0.00000      0.00000      0.00000
      1.92716      0.00000      0.00000      0.00000
      1.93716      0.00000      0.00000      0.00000
      1.94716      0.00000      0.00000      0.00000
      1.95716      0.00000      0.00000      0.00000
      1.96716      0.00000      0.00000      0.00000
      1.97716      0.00000      0.00000      0.00000
      1.98716      0.00000      0.00000      0.00000
      1.99716      0.00000      0.00000      0.00000
      2.00716      0.00000      0.00000      0.00000
      2.01716      0.00000      0.00000      0.00000
      2.02716      0.00000      0.00000      0.00000
      2.03716      0.00000      0.00000      0.00000
      2.04716      0.00000      0.00000      0.00000
      2.05716      0.00000      0.00000      0.00000
      2.06716      0.00000      0.00000      0.00000
      2.07716      0.00000      0.00000      0.00000
      2.08716      0.00000      0.00000      0.00000
      2.09716      0.00000      0.00000      0.00000
      2.10716      0.00000      0.00000      0.00000
      2.11716      0.00000      0.00000      0.00000
      2.12716      0.00000      0.00000      0.00000
      2.13716      0.00000      0.00000      0.00000
      2.14716      0.00000      0.00000      0.00000
      2.15716      0.00000      0.00000      0.00000
      2.16716      0.00000      0.00000      0.00000
      2.17716      0.00000      0.00000      0.00000
      2.18716      0.00000      0.00000      0.00000
      2.19716      0.00000      0.00000      0.00000
      2.20716      0.00000      0.00000      0.00000
      2.21716      0.00000      0.00000      0.00000
      2.22716      0.00000      0.00000      0.00000
      2.23716      0.00000      0.00000      0.00000
      2.24716      0.00000      0.00000      0.00000
      2.25716      0.00000      0.00000      0.00000
      2.26716      0.00000      0.00000      0.00000
      2.27716      0.00000      0.00000      0.00000
      2.28716      0.00000      0.00000      0.00000
      2.29716      0.00000      0.00000      0.00000
      2.30716      0.00000      0.00000      0.00000
      2.31716      0.00000      0.00000      0.00000
      2.32716      0.00000      0.00000      0.00000
      2.33716      0.00000      0.00000      0.00000
      2.34716      0.00000      0.00000      0.00000
      2.35716      0.00000      0.00000      0.00000
      2.36716      0.00000      0.00000      0.00000
      2.37716      0.00000      0.00000      0.00000
      2.38716      0.00000      0.00000      0.00000
      2.39716      0.00000      0.00000      0.00000
      2.40716      0.00000      0.00000      0.00000
      2.41716      0.00000      0.00000      0.00000
      2.42716      0.00000      0.00000      0.00000
      2.43716      0.00000      0.00000      0.00000
      2.44716      0.00000      0.00000      0.00000
      2.45716      0.00000      0.00000      0.00000
      2.46716      0.00000      0.00000      0.00000
      2.47716      0.00000      0.00000      0.00000
      2.48716      0.00000      0.00000      0.00000
      2.49716      0.00000      0.00000      0.00000
      2.50716      0.00000      0.00000      0.00000
      2.51716      0.00000      0.00000      0.00000
      2.52716      0.00000      0.00000      0.00000
      2.53716      0.00000      0.00000      0.00000
      2.54716      0.00000      0.00000      0.00000
      2.55716      0.00000      0.00000      0.00000
      2.56716      0.00000      0.00000      0.00000
      2.57716      0.00000      0.00000      0.00000
      2.58716      0.00000      0.00000      0.00000
      2.59716      0.00000      0.00000      0.00000
      2.60716      0.00000      0.00000      0.00000
      2.61716      0.00000      0.00000      0.00000
      2.62716      0.00000      0.00000      0.00000
      2.63716      0.00000      0.00000      0.00000
      2.64716      0.00000      0.00000      0.00000
      2.65716      0.00000      0.00000      0.00000
      2.66716      0.00000      0.00000      0.00000
      2.67716      0.00000      0.00000      0.00000
      2.68716      0.00000      0.00000      0.00000
      2.69716      0.00000      0.00000      0.00000
      2.70716      0.00000      0.00000      0.00000
      2.71716      0.00000      0.00000      0.00000
      2.72716      0.00000      0.00000      0.00000
      2.73716      0.00000      0.00000      0.00000
      2.74716      0.00000      0.00000      0.00000
      2.75716      0.00000      0.00000      0.00000
      2.76716      0.00000      0.00000      0.00000
      2.77716      0.00000      0.00000      0.00000
      2.78716      0.00000      0.00000      0.00000
      2.79716      0.00000      0.00000      0.00000
      2.80716      0.00000      0.00000      0.00000
      2.81716      0.00000      0.00000      0.00000
      2.82716      0.00000      0.00000      0.00000
      2.83716      0.00000      0.00000      0.00000
      2.84716      0.00000      0.00000      0.00000
      2.85716      0.00000      0.00000      0.00000
      2.86716      0.00000      0.00000      0.00000
      2.87716      0.00000      0.00000      0.00000
      2.88716      0.00000      0.00000      0.00000
      2.89716      0.00000      0.00000      0.00000
      2.90716      0.00000      0.00000      0.00000
      2.91716      0.00000      0.00000      0.00000
      2.92716      0.00000      0.00000      0.00000
      2.93716      0.00000      0.00000      0.00000
      2.94716      0.00000      0.00000      0.00000
      2.95716      0.00000      0.00000      0.00000
      2.96716      0.00000      0.00000      0.00000
      2.97716      0.00000      0.00000      0.00000
      2.98716      0.00000      0.00000      0.00000
      2.99716      0.00000      0.00000      0.00000
      3.00716      0.00000      0.00000      0.00000
      3.01716      0.00000      0.00000      0.00000
      3.02716      0.00000      0.00000      0.00000
      3.03716      0.00000      0.00000      0.00000
      3.04716      0.00000      0.00000      0.00000
      3.05716      0.00000      0.00000      0.00000
      3.06716      0.00000      0.00000      0.00000
      3.07716      0.00000      0.00000      0.00000
      3.08716      0.00000      0.00000      0.00000
      3.09716      0.00000      0.00000      0.00000
      3.10716      0.00000      0.00000      0.00000
      3.11716      0.00000      0.00000      0.00000
      3.12716      0.00000      0.00000      0.00000
      3.13716      0.00000      0.00000      0.00000
      3.14716      0.00000      0.00000      0.00000
      3.15716      0.00000      0.00000      0.00000
      3.16716      0.00000      0.00000      0.00000
      3.17716      0.00000      0.00000      0.00000
      3.18716      0.00000      0.00000      0.00000
      3.19716      0.00000      0.00000      0.00000
      3.20716      0.00000      0.00000      0.00000
      3.21716      0.00000      0.00000      0.00000
      3.22716      0.00000      0.00000      0.00000
      3.23716      0.00000      0.00000      0.00000
      3.24716      0.00000      0.00000      0.00000
      3.25716      0.00000      0.00000      0.00000
      3.26716      0.00000      0.00000      0.00000
      3.27716      0.00000      0.00000      0.00000
      3.28716      0.00000      0.00000      0.00000
      3.29716      0.00000      0.00000      0.00000
      3.30716      0.00000      0.00000      0.00000
      3.31716      0.00000      0.00000      0.00000
      3.32716      0.00000      0.00000      0.00000
      3.33716      0.00000      0.00000      0.00000
      3.34716      0.00000      0.00000      0.00000
      3.35716      0.00000      0.00000      0.00000
      3.36716      0.00000      0.00000      0.00000
      3.37716      0.00000      0.00000      0.00000
      3.38716      0.00000      0.00000      0.00000
      3.39716      0.00000      0.00000      0.00000
      3.40716      0.00000      0.00000      0.00000
      3.41716      0.00000      0.00000      0.00000
      3.42716      0.00000      0.00000      0.00000
      3.43716      0.00000      0.00000      0.00000
      3.44716      0.00000      0.00000      0.00000
      3.45716      0.00000      0.00000      0.00000
      3.46716      0.00000      0.00000      0.00000
      3.47716      0.00000      0.00000      0.00000
      3.48716      0.00000      0.00000      0.00000
      3.49716      0.00000      0.00000      0.00000
      3.50716      0.00000      0.00000      0.00000
      3.51716      0.00000      0.00000      0.00000
      3.52716      0.00000      0.00000      0.00000
      3.53716      0.00000      0.00000      0.00000
      3.54716      0.00000      0.00000      0.00000
      3.55716      0.00000      0.00000      0.00000
      3.56716      0.00000      0.00000      0.00000
      3.57716      0.00000      0.00000      0.00000
      3.58716      0.00000      0.00000      0.00000
      3.59716      0.00000      0.00000      0.00000
      3.60716      0.00000      0.00000      0.00000
      3.61716      0.00000      0.00000      0.00000
      3.62716      0.00000      0.00000      0.00000
      3.63716      0.00000      0.00000      0.00000
      3.64716      0.00000      0.00000      0.00000
      3.65716      0.00000      0.00000      0.00000
      3.66716      0.00000      0.00000      0.00000
      3.67716      0.00000      0.00000      0.00000
      3.68716      0.00000      0.00000      0.00000
      3.69716      0.00000      0.00000      0.00000
      3.70716      0.00000      0.00000      0.00000
      3.71716      0.00000      0.00000      0.00000
      3.72716      0.00000      0.00000      0.00000
      3.73716      0.00000      0.00000      0.00000
      3.74716      0.00000      0.00000      0.00000
      3.75716      0.00000      0.00000      0.00000
      3.76716      0.00000      0.00000      0.00000
      3.77716      0.00000      0.00000      0.00000
      3.78716      0.00000      0.00000      0.00000
      3.79716      0.00000      0.00000      0.00000
      3.80716      0.00000      0.00000      0.00000
      3.81716      0.00000      0.00000      0.00000
      3.82716      0.00000      0.00000      0.00000
      3.83716      0.00000      0.00000      0.00000
      3.84716      0.00000      0.00000      0.00000
      3.85716      0.00000      0.00000      0.00000
      3.86716      0.00000      0.00000      0.00000
      3.87716      0.00000      0.00000      0.00000
      3.88716      0.00000      0.00000      0.00000
      3.89716      0.00000      0.00000      0.00000
      3.90716      0.00000      0.00000      0.00000
      3.91716      0.00000      0.00000      0.00000
      3.92716      0.00000      0.00000      0.00000
      3.93716      0.00000      0.00000      0.00000
      3.94716      0.00000      0.00000      0.00000
      3.95716      0.00000      0.00000      0.00000
      3.96716      0.00000      0.00000      0.00000
      3.97716      0.00000      0.00000      0.00000
      3.98716      0.00000      0.00000      0.00000
      3.99716      0.00000      0.00000      0.00000
      4.00716      0.00000      0.00000      0.00000
      4.01716      0.00000      0.00000      0.00000
      4.02716      0.00000      0.00000      0.00000
      4.03716      0.00000      0.00000      0.00000
      4.04716      0.00000      0.00000      0.00000
      4.05716      0.00000      0.00000      0.00000
      4.06716      0.00000      0.00000      0.00000
      4.07716      0.00000      0.00000      0.00000
      4.08716      0.00000      0.00000      0.00000
      4.09716      0.00000      0.00000      0.00000
      4.10716      0.00000      0.00000      0.00000
      4.11716      0.00000      0.00000      0.00000
      4.12716      0.00000      0.00000      0.00000
      4.13716      0.00000      0.00000      0.00000
      4.14716      0.00000      0.00000      0.00000
      4.15716      0.00000      0.00000      0.00000
      4.16716      0.00000      0.00000      0.00000
      4.17716      0.00000      0.00000      0.00000
      4.18716      0.00000      0.00000      0.00000
      4.19716      0.00000      0.00000      0.00000
      4.20716      0.00000      0.00000      0.00000
      4.21716      0.00000      0.00000      0.00000
      4.22716      0.00000      0.00000      0.00000
      4.23716      0.00000      0.00000      0.00000
      4.24716      0.00000      0.00000      0.00000
      4.25716      0.00000      0.00000      0.00000
      4.26716      0.00000      0.00000      0.00000
      4.27716      0.00000      0.00000      0.00000
      4.28716      0.00000      0.00000      0.00000
      4.29716      0.00000      0.00000      0.00000
      4.30716      0.00000      0.00000      0.00000
      4.31716      0.00000      0.00000      0.00000
      4.32716      0.00000      0.00000      0.00000
      4.33716      0.00000      0.00000      0.00000
      4.34716      0.00000      0.00000      0.00000
      4.35716      0.00000      0.00000      0.00000
      4.36716      0.00000      0.00000      0.00000
      4.37716      0.00000      0.00000      0.00000
      4.38716      0.00000      0.00000      0.00000
      4.39716      0.00000      0.00000      0.00000
      4.40716      0.00000      0.00000      0.00000
      4.41716      0.00000      0.00000      0.00000
      4.42716      0.00000      0.00000      0.00000
      4.43716      0.00000      0.00000      0.00000
      4.44716      0.00000      0.00000      0.00000
      4.45716      0.00000      0.00000      0.00000
      4.46716      0.00000      0.00000      0.00000
      4.47716      0.00000      0.00000      0.00000
      4.48716      0.00000      0.00000      0.00000
      4.49716      0.00000      0.00000      0.00000
      4.50716      0.00000      0.00000      0.00000
      4.51716      0.00000      0.00000      0.00000
      4.52716      0.00000      0.00000      0.00000
      4.53716      0.00000      0.00000      0.00000
      4.54716      0.00000      0.00000      0.00000
      4.55716      0.00000      0.00000      0.00000
      4.56716      0.00000      0.00000      0.00000
      4.57716      0.00000      0.00000      0.00000
      4.58716      0.00000      0.00000      0.00000
      4.59716      0.00000      0.00000      0.00000
      4.60716      0.00000      0.00000      0.00000
      4.61716      0.00000      0.00000      0.00000
      4.62716      0.00000      0.00000      0.00000
      4.63716      0.00000      0.00000      0.00000
      4.64716      0.00000      0.00000      0.00000
      4.65716      0.00000      0.00000      0.00000
      4.66716      0.00000      0.00000      0.00000
      4.67716      0.00000      0.00000      0.00000
      4.68716      0.00000      0.00000      0.00000
      4.69716      0.00000      0.00000      0.00000
      4.70716      0.00000      0.00000      0.00000
      4.71716      0.00000      0.00000      0.00000
      4.72716      0.00000      0.00000      0.00000
      4.73716      0.00000      0.00000      0.00000
      4.74716      0.00000      0.00000      0.00000
      4.75716      0.00000      0.00000      0.00000
      4.76716      0.00000      0.00000      0.00000
      4.77716      0.00000      0.00000      0.00000
      4.78716      0.00000      0.00000      0.00000
      4.79716      0.00000      0.00000      0.00000
      4.80716      0.00000      0.00000      0.00000
      4.81716      0.00000      0.00000      0.00000
      4.82716      0.00000      0.00000      0.00000
      4.83716      0.00000      0.00000      0.00000
      4.84716      0.00000      0.00000      0.00000
      4.85716      0.00000      0.00000      0.00000
      4.86716      0.00000      0.00000      0.00000
      4.87716      0.00000      0.00000      0.00000
      4.88716      0.00000      0.00000      0.00000
      4.89716      0.00000      0.00000      0.00000
      4.90716      0.00000      0.00000      0.00000
      4.91716      0.00000      0.00000      0.00000
      4.92716      0.00000      0.00000      0.00000
      4.93716      0.00000      0.00000      0.00000
      4.94716      0.00000      0.00000      0.00000
      4.95716      0.00000      0.00000      0.00000
      4.96716      0.00000      0.00000      0.00000
      4.97716      0.00000      0.00000      0.00000
      4.98716      0.00000      0.00000      0.00000
      4.99716      0.00000      0.00000      0.00000
      5.00716      0.00000      0.00000      0.00000
      5.01716      0.00000      0.00000      0.00000
      5.02716      0.00000      0.00000      0.00000
      5.03716      0.00000      0.00000      0.00000
      5.04716      0.00000      0.00000      0.00000
      5.05716      0.00000      0.00000      0.00000
      5.06716      0.00000      0.00000      0.00000
      5.07716      0.00000      0.00000      0.00000
      5.08716      0.00000      0.00000      0.00000
      5.09716      0.00000      0.00000      0.00000
      5.10716      0.00000      0.00000      0.00000
      5.11716      0.00000      0.00000      0.00000
      5.12716      0.00000      0.00000      0.00000
      5.13716      0.00000      0.00000      0.00000
      5.14716      0.00000      0.00000      0.00000
      5.15716      0.00000      0.00000      0.00000
      5.16716      0.00000      0.00000      0.00000
      5.17716      0.00000      0.00000      0.00000
      5.18716      0.00000      0.00000      0.00000
      5.19716      0.00000      0.00000      0.00000
      5.20716      0.00000      0.00000      0.00000
      5.21716      0.00000      0.00000      0.00000
      5.22716      0.00000      0.00000      0.00000
      5.23716      0.00000      0.00000      0.00000
      5.24716      0.00000      0.00000      0.00000
      5.25716      0.00000      0.00000      0.00000
      5.26716      0.00000      0.00000      0.00000
      5.27716      0.00000      0.00000      0.00000
      5.28716      0.00000      0.00000      0.00000
      5.29716      0.00000      0.00000      0.00000
      5.30716      0.00000      0.00000      0.00000
      5.31716      0.00000      0.00000      0.00000
      5.32716      0.00000      0.00000      0.00000
      5.33716      0.00000      0.00000      0.00000
      5.34716      0.00000      0.00000      0.00000
      5.35716      0.00000      0.00000      0.00000
      5.36716      0.00000      0.00000      0.00000
      5.37716      0.00000      0.00000      0.00000
      5.38716      0.00000      0.00000      0.00000
      5.39716      0.00000      0.00000      0.00000
      5.40716      0.00000      0.00000      0.00000
      5.41716      0.00000      0.00000      0.00000
      5.42716      0.00000      0.00000      0.00000
      5.43716      0.00000      0.00000      0.00000
      5.44716      0.00000      0.00000      0.00000
      5.45716      0.00000      0.00000      0.00000
      5.46716      0.00000      0.00000      0.00000
      5.47716      0.00000      0.00000      0.00000
      5.48716      0.00000      0.00000      0.00000
      5.49716      0.00000      0.00000      0.00000
      5.50716      0.00000      0.00000      0.00000
      5.51716      0.00000      0.00000      0.00000
      5.52716      0.00000      0.00000      0.00000
      5.53716      0.00000      0.00000      0.00000
      5.54716      0.00000      0.00000      0.00000
      5.55716      0.00000      0.00000      0.00000
      5.56716      0.00000      0.00000      0.00000
      5.57716      0.00000      0.00000      0.00000
      5.58716      0.00000      0.00000      0.00000
      5.59716      0.00000      0.00000      0.00000
      5.60716      0.00000      0.00000      0.00000
      5.61716      0.00000      0.00000      0.00000
      5.62716      0.00000      0.00000      0.00000
      5.63716      0.00000      0.00000      0.00000
      5.64716      0.00000      0.00000      0.00000
      5.65716      0.00000      0.00000      0.00000
      5.66716      0.00000      0.00000      0.00000
      5.67716      0.00000      0.00000      0.00000
      5.68716      0.00000      0.00000      0.00000
      5.69716      0.00000      0.00000      0.00000
      5.70716      0.00000      0.00000      0.00000
      5.71716      0.00000      0.00000      0.00000
      5.72716      0.00000      0.00000      0.00000
      5.73716      0.00000      0.00000      0.00000
      5.74716      0.00000      0.00000      0.00000
      5.75716      0.00000      0.00000      0.00000
      5.76716      0.00000      0.00000      0.00000
      5.77716      0.00000      0.00000      0.00000
      5.78716      0.00000      0.00000      0.00000
      5.79716      0.00000      0.00000      0.00000
      5.80716      0.00000      0.00000      0.00000
      5.81716      0.01972      0.01409      0.00563
      5.82716      0.83200      0.59453      0.23747
      5.83716     12.91562      9.22926      3.68635
      5.84716     73.75855     52.70652     21.05203
      5.85716    154.95842    110.73048     44.22795
      5.86716    119.76324     85.58063     34.18260
      5.87716     34.05159     24.33265      9.71894
      5.88716      3.56170      2.54512      1.01657
      5.89716      0.13705      0.09793      0.03912
      5.90716      0.00194      0.00139      0.00055
      5.91716      0.00000      0.00000      0.00000
      5.92716      0.00000      0.00000      0.00000
      5.93716      0.00000      0.00000      0.00000
      5.94716      0.00000      0.00000      0.00000
      5.95716      0.00000      0.00000      0.00000
      5.96716      0.00000      0.00000      0.00000
      5.97716      0.00000      0.00000      0.00000
      5.98716      0.00000      0.00000      0.00000
      5.99716      0.00000      0.00000      0.00000
      6.00716      0.00000      0.00000      0.00000
      6.01716      0.00000      0.00000      0.00000
      6.02716      0.00000      0.00000      0.00000
      6.03716      0.00000      0.00000      0.00000
      6.04716      0.00000      0.00000      0.00000
      6.05716      0.00000      0.00000      0.00000
      6.06716      0.00000      0.00000      0.00000
      6.07716      0.00000      0.00000      0.00000
      6.08716      0.00000      0.00000      0.00000
      6.09716      0.00000      0.00000      0.00000
      6.10716      0.00000      0.00000      0.00000
      6.11716      0.00000      0.00000      0.00000
      6.12716      0.00000      0.00000      0.00000
      6.13716      0.00000      0.00000      0.00000
      6.14716      0.00000      0.00000      0.00000
      6.15716      0.00000      0.00000      0.00000
      6.16716      0.00000      0.00000      0.00000
      6.17716      0.00000      0.00000      0.00000
      6.18716      0.00000      0.00000      0.00000
      6.19716      0.00000      0.00000      0.00000
      6.20716      0.00000      0.00000      0.00000
      6.21716      0.00000      0.00000      0.00000
      6.22716      0.00000      0.00000      0.00000
      6.23716      0.00000      0.00000      0.00000
      6.24716      0.00000      0.00000      0.00000
      6.25716      0.00000      0.00000      0.00000
      6.26716      0.00000      0.00000      0.00000
      6.27716      0.00000      0.00000      0.00000
      6.28716      0.00000      0.00000      0.00000
      6.29716      0.00000      0.00000      0.00000
      6.30716      0.00000      0.00000      0.00000
      6.31716      0.00000      0.00000      0.00000
      6.32716      0.00000      0.00000      0.00000
      6.33716      0.00000      0.00000      0.00000
      6.34716      0.00000      0.00000      0.00000
      6.35716      0.00000      0.00000      0.00000
      6.36716      0.00000      0.00000      0.00000
      6.37716      0.00000      0.00000      0.00000
      6.38716      0.00000      0.00000      0.00000
      6.39716      0.00000      0.00000      0.00000
      6.40716      0.00000      0.00000      0.00000
      6.41716      0.00000      0.00000      0.00000
      6.42716      0.00000      0.00000      0.00000
      6.43716      0.00000      0.00000      0.00000
      6.44716      0.00000      0.00000      0.00000
      6.45716      0.00000      0.00000      0.00000
      6.46716      0.00000      0.00000      0.00000
      6.47716      0.00000      0.00000      0.00000
      6.48716      0.00000      0.00000      0.00000
      6.49716      0.00000      0.00000      0.00000
      6.50716      0.00000      0.00000      0.00000
      6.51716      0.00000      0.00000      0.00000
      6.52716      0.00000      0.00000      0.00000
      6.53716      0.00000      0.00000      0.00000
      6.54716      0.00000      0.00000      0.00000
      6.55716      0.00000      0.00000      0.00000
      6.56716      0.00000      0.00000      0.00000
      6.57716      0.00000      0.00000      0.00000
      6.58716      0.00000      0.00000      0.00000
      6.59716      0.00000      0.00000      0.00000
      6.60716      0.00000      0.00000      0.00000
      6.61716      0.00000      0.00000      0.00000
      6.62716      0.00000      0.00000      0.00000
      6.63716      0.00000      0.00000      0.00000
      6.64716      0.00000      0.00000      0.00000
      6.65716      0.00000      0.00000      0.00000
      6.66716      0.00000      0.00000      0.00000
      6.67716      0.00000      0.00000      0.00000
      6.68716      0.00000      0.00000      0.00000
      6.69716      0.00000      0.00000      0.00000
      6.70716      0.00000      0.00000      0.00000
      6.71716      0.00000      0.00000      0.00000
      6.72716      0.00000      0.00000      0.00000
      6.73716      0.00000      0.00000      0.00000
      6.74716      0.00000      0.00000      0.00000
      6.75716      0.00000      0.00000      0.00000
      6.76716      0.00000      0.00000      0.00000
      6.77716      0.00000      0.00000      0.00000
      6.78716      0.00000      0.00000      0.00000
      6.79716      0.00000      0.00000      0.00000
      6.80716      0.00000      0.00000      0.00000
      6.81716      0.00000      0.00000      0.00000
      6.82716      0.00000      0.00000      0.00000
      6.83716      0.00000      0.00000      0.00000
      6.84716      0.00000      0.00000      0.00000
      6.85716      0.00000      0.00000      0.00000
      6.86716      0.00000      0.00000      0.00000
      6.87716      0.00000      0.00000      0.00000
      6.88716      0.00000      0.00000      0.00000
      6.89716      0.00000      0.00000      0.00000
      6.90716      0.00000      0.00000      0.00000
      6.91716      0.00000      0.00000      0.00000
      6.92716      0.00000      0.00000      0.00000
      6.93716      0.00000      0.00000      0.00000
      6.94716      0.00000      0.00000      0.00000
      6.95716      0.00000      0.00000      0.00000
      6.96716      0.00000      0.00000      0.00000
      6.97716      0.00000      0.00000      0.00000
      6.98716      0.00000      0.00000      0.00000
      6.99716      0.00000      0.00000      0.00000
      7.00716      0.00000      0.00000      0.00000
      7.01716      0.00000      0.00000      0.00000
      7.02716      0.00000      0.00000      0.00000
      7.03716      0.00000      0.00000      0.00000
      7.04716      0.00000      0.00000      0.00000
      7.05716      0.00000      0.00000      0.00000
      7.06716      0.00000      0.00000      0.00000
      7.07716      0.00000      0.00000      0.00000
      7.08716      0.00000      0.00000      0.00000
      7.09716      0.00000      0.00000      0.00000
      7.10716      0.00000      0.00000      0.00000
      7.11716      0.00000      0.00000      0.00000
      7.12716      0.00000      0.00000      0.00000
      7.13716      0.00000      0.00000      0.00000
      7.14716      0.00000      0.00000      0.00000
      7.15716      0.00000      0.00000      0.00000
      7.16716      0.00000      0.00000      0.00000
      7.17716      0.00000      0.00000      0.00000
      7.18716      0.00000      0.00000      0.00000
      7.19716      0.00000      0.00000      0.00000
      7.20716      0.00000      0.00000      0.00000
      7.21716      0.00000      0.00000      0.00000
      7.22716      0.00000      0.00000      0.00000
      7.23716      0.00000      0.00000      0.00000
      7.24716      0.00000      0.00000      0.00000
      7.25716      0.00000      0.00000      0.00000
      7.26716      0.00000      0.00000      0.00000
      7.27716      0.00000      0.00000      0.00000
      7.28716      0.00000      0.00000      0.00000
      7.29716      0.00000      0.00000      0.00000
      7.30716      0.00000      0.00000      0.00000
      7.31716      0.00000      0.00000      0.00000
      7.32716      0.00000      0.00000      0.00000
      7.33716      0.00000      0.00000      0.00000
      7.34716      0.00000      0.00000      0.00000
      7.35716      0.00000      0.00000      0.00000
      7.36716      0.00000      0.00000      0.00000
      7.37716      0.00000      0.00000      0.00000
      7.38716      0.00000      0.00000      0.00000
      7.39716      0.00000      0.00000      0.00000
      7.40716      0.00000      0.00000      0.00000
      7.41716      0.00000      0.00000      0.00000
      7.42716      0.00000      0.00000      0.00000
      7.43716      0.00000      0.00000      0.00000
      7.44716      0.00000      0.00000      0.00000
      7.45716      0.00000      0.00000      0.00000
      7.46716      0.00000      0.00000      0.00000
      7.47716      0.00000      0.00000      0.00000
      7.48716      0.00000      0.00000      0.00000
      7.49716      0.00000      0.00000      0.00000
      7.50716      0.00000      0.00000      0.00000
      7.51716      0.00000      0.00000      0.00000
      7.52716      0.00000      0.00000      0.00000
      7.53716      0.00000      0.00000      0.00000
      7.54716      0.00000      0.00000      0.00000
      7.55716      0.00000      0.00000      0.00000
      7.56716      0.00000      0.00000      0.00000
      7.57716      0.00000      0.00000      0.00000
      7.58716      0.00000      0.00000      0.00000
      7.59716      0.00000      0.00000      0.00000
      7.60716      0.00000      0.00000      0.00000
      7.61716      0.00000      0.00000      0.00000
      7.62716      0.00000      0.00000      0.00000
      7.63716      0.00000      0.00000      0.00000
      7.64716      0.00000      0.00000      0.00000
      7.65716      0.00000      0.00000      0.00000
      7.66716      0.00000      0.00000      0.00000
      7.67716      0.00000      0.00000      0.00000
      7.68716      0.00000      0.00000      0.00000
      7.69716      0.00000      0.00000      0.00000
      7.70716      0.00000      0.00000      0.00000
      7.71716      0.00000      0.00000      0.00000
      7.72716      0.00000      0.00000      0.00000
      7.73716      0.00000      0.00000      0.00000
      7.74716      0.00000      0.00000      0.00000
      7.75716      0.00000      0.00000      0.00000
      7.76716      0.00000      0.00000      0.00000
      7.77716      0.00000      0.00000      0.00000
      7.78716      0.00000      0.00000      0.00000
      7.79716      0.00000      0.00000      0.00000
      7.80716      0.00000      0.00000      0.00000
      7.81716      0.00000      0.00000      0.00000
      7.82716      0.00000      0.00000      0.00000
      7.83716      0.00000      0.00000      0.00000
      7.84716      0.00000      0.00000      0.00000
      7.85716      0.00000      0.00000      0.00000
      7.86716      0.00000      0.00000      0.00000
      7.87716      0.00000      0.00000      0.00000
      7.88716      0.00000      0.00000      0.00000
      7.89716      0.00000      0.00000      0.00000
      7.90716      0.00000      0.00000      0.00000
      7.91716      0.00000      0.00000      0.00000
      7.92716      0.00000      0.00000      0.00000
      7.93716      0.00000      0.00000      0.00000
      7.94716      0.00000      0.00000      0.00000
      7.95716      0.00000      0.00000      0.00000
      7.96716      0.00000      0.00000      0.00000
      7.97716      0.00000      0.00000      0.00000
      7.98716      0.00000      0.00000      0.00000
      7.99716      0.00000      0.00000      0.00000
      8.00716      0.00000      0.00000      0.00000
      8.01716      0.00000      0.00000      0.00000
      8.02716      0.00000      0.00000      0.00000
      8.03716      0.00000      0.00000      0.00000
      8.04716      0.00000      0.00000      0.00000
      8.05716      0.00000      0.00000      0.00000
      8.06716      0.00000      0.00000      0.00000
      8.07716      0.00000      0.00000      0.00000
      8.08716      0.00000      0.00000      0.00000
      8.09716      0.00000      0.00000      0.00000
      8.10716      0.00000      0.00000      0.00000
      8.11716      0.00000      0.00000      0.00000
      8.12716      0.00000      0.00000      0.00000
      8.13716      0.00000      0.00000      0.00000
      8.14716      0.00000      0.00000      0.00000
      8.15716      0.00000      0.00000      0.00000
      8.16716      0.00000      0.00000      0.00000
      8.17716      0.00000      0.00000      0.00000
      8.18716      0.00000      0.00000      0.00000
      8.19716      0.00000      0.00000      0.00000
      8.20716      0.00000      0.00000      0.00000
      8.21716      0.00000      0.00000      0.00000
      8.22716      0.00000      0.00000      0.00000
      8.23716      0.00000      0.00000      0.00000
      8.24716      0.00000      0.00000      0.00000
      8.25716      0.00000      0.00000      0.00000
      8.26716      0.00000      0.00000      0.00000
      8.27716      0.00000      0.00000      0.00000
      8.28716      0.00000      0.00000      0.00000
      8.29716      0.00000      0.00000      0.00000
      8.30716      0.00000      0.00000      0.00000
      8.31716      0.00000      0.00000      0.00000
      8.32716      0.00000      0.00000      0.00000
      8.33716      0.00000      0.00000      0.00000
      8.34716      0.00000      0.00000      0.00000
      8.35716      0.00000      0.00000      0.00000
      8.36716      0.00000      0.00000      0.00000
      8.37716      0.00000      0.00000      0.00000
      8.38716      0.00000      0.00000      0.00000
      8.39716      0.00000      0.00000      0.00000
      8.40716      0.00000      0.00000      0.00000
      8.41716      0.00000      0.00000      0.00000
      8.42716      0.00000      0.00000      0.00000
      8.43716      0.00000      0.00000      0.00000
      8.44716      0.00000      0.00000      0.00000
      8.45716      0.00000      0.00000      0.00000
      8.46716      0.00000      0.00000      0.00000
      8.47716      0.00000      0.00000      0.00000
      8.48716      0.00000      0.00000      0.00000
      8.49716      0.00000      0.00000      0.00000
      8.50716      0.00000      0.00000      0.00000
      8.51716      0.00000      0.00000      0.00000
      8.52716      0.00000      0.00000      0.00000
      8.53716      0.00000      0.00000      0.00000
      8.54716      0.00000      0.00000      0.00000
      8.55716      0.00000      0.00000      0.00000
      8.56716      0.00000      0.00000      0.00000
      8.57716      0.00000      0.00000      0.00000
      8.58716      0.00000      0.00000      0.00000
      8.59716      0.00000      0.00000      0.00000
      8.60716      0.00000      0.00000      0.00000
      8.61716      0.00000      0.00000      0.00000
      8.62716      0.00000      0.00000      0.00000
      8.63716      0.00000      0.00000      0.00000
      8.64716      0.00000      0.00000      0.00000
      8.65716      0.00000      0.00000      0.00000
      8.66716      0.00000      0.00000      0.00000
      8.67716      0.00000      0.00000      0.00000
      8.68716      0.00000      0.00000      0.00000
      8.69716      0.00000      0.00000      0.00000
      8.70716      0.00000      0.00000      0.00000
      8.71716      0.00000      0.00000      0.00000
      8.72716      0.00000      0.00000      0.00000
      8.73716      0.00000      0.00000      0.00000
      8.74716      0.00000      0.00000      0.00000
      8.75716      0.00000      0.00000      0.00000
      8.76716      0.00000      0.00000      0.00000
      8.77716      0.00000      0.00000      0.00000
      8.78716      0.00000      0.00000      0.00000
      8.79716      0.00000      0.00000      0.00000
      8.80716      0.00000      0.00000      0.00000
      8.81716      0.00000      0.00000      0.00000
      8.82716      0.00000      0.00000      0.00000
      8.83716      0.00000      0.00000      0.00000
      8.84716      0.00000      0.00000      0.00000
      8.85716      0.00000      0.00000      0.00000
      8.86716      0.00000      0.00000      0.00000
      8.87716      0.00000      0.00000      0.00000
      8.88716      0.00000      0.00000      0.00000
      8.89716      0.00000      0.00000      0.00000
      8.90716      0.00000      0.00000      0.00000
      8.91716      0.00000      0.00000      0.00000
      8.92716      0.00000      0.00000      0.00000
      8.93716      0.00000      0.00000      0.00000
      8.94716      0.00000      0.00000      0.00000
      8.95716      0.00000      0.00000      0.00000
      8.96716      0.00000      0.00000      0.00000
      8.97716      0.00000      0.00000      0.00000
      8.98716      0.00000      0.00000      0.00000
      8.99716      0.00000      0.00000      0.00000
      9.00716      0.00000      0.00000      0.00000
      9.01716      0.00000      0.00000      0.00000
      9.02716      0.00000      0.00000      0.00000
      9.03716      0.00000      0.00000      0.00000
      9.04716      0.00000      0.00000      0.00000
      9.05716      0.00000      0.00000      0.00000
      9.06716      0.00000      0.00000      0.00000
      9.07716      0.00000      0.00000      0.00000
      9.08716      0.00000      0.00000      0.00000
      9.09716      0.00000      0.00000      0.00000
      9.10716      0.00000      0.00000      0.00000
      9.11716      0.00000      0.00000      0.00000
      9.12716      0.00000      0.00000      0.00000
      9.13716      0.00000      0.00000      0.00000
      9.14716      0.00000      0.00000      0.00000
      9.15716      0.00000      0.00000      0.00000
      9.16716      0.00000      0.00000      0.00000
      9.17716      0.00000      0.00000      0.00000
      9.18716      0.00000      0.00000      0.00000
      9.19716      0.00000      0.00000      0.00000
      9.20716      0.00000      0.00000      0.00000
      9.21716      0.00000      0.00000      0.00000
      9.22716      0.00000      0.00000      0.00000
      9.23716      0.00000      0.00000      0.00000
      9.24716      0.00000      0.00000      0.00000
      9.25716      0.00000      0.00000      0.00000
      9.26716      0.00000      0.00000      0.00000
      9.27716      0.00000      0.00000      0.00000
      9.28716      0.00000      0.00000      0.00000
      9.29716      0.00000      0.00000      0.00000
      9.30716      0.00000      0.00000      0.00000
      9.31716      0.00000      0.00000      0.00000
      9.32716      0.00000      0.00000      0.00000
      9.33716      0.00000      0.00000      0.00000
      9.34716      0.00000      0.00000      0.00000
      9.35716      0.00000      0.00000      0.00000
      9.36716      0.00000      0.00000      0.00000
      9.37716      0.00000      0.00000      0.00000
      9.38716      0.00000      0.00000      0.00000
      9.39716      0.00000      0.00000      0.00000
      9.40716      0.00000      0.00000      0.00000
      9.41716      0.00000      0.00000      0.00000
      9.42716      0.00000      0.00000      0.00000
      9.43716      0.00000      0.00000      0.00000
      9.44716      0.00000      0.00000      0.00000
      9.45716      0.00000      0.00000      0.00000
      9.46716      0.00000      0.00000      0.00000
      9.47716      0.00000      0.00000      0.00000
      9.48716      0.00000      0.00000      0.00000
      9.49716      0.00000      0.00000      0.00000
      9.50716      0.00000      0.00000      0.00000
      9.51716      0.00000      0.00000      0.00000
      9.52716      0.00000      0.00000      0.00000
      9.53716      0.00000      0.00000      0.00000
      9.54716      0.00000      0.00000      0.00000
      9.55716      0.00000      0.00000      0.00000
      9.56716      0.00000      0.00000      0.00000
      9.57716      0.00000      0.00000      0.00000
      9.58716      0.00000      0.00000      0.00000
      9.59716      0.00000      0.00000      0.00000
      9.60716      0.00000      0.00000      0.00000
      9.61716      0.00000      0.00000      0.00000
      9.62716      0.00000      0.00000      0.00000
      9.63716      0.00000      0.00000      0.00000
      9.64716      0.00000      0.00000      0.00000
      9.65716      0.00000      0.00000      0.00000
      9.66716      0.00000      0.00000      0.00000
      9.67716      0.00000      0.00000      0.00000
      9.68716      0.00000      0.00000      0.00000
      9.69716      0.00000      0.00000      0.00000
      9.70716      0.00000      0.00000      0.00000
      9.71716      0.00000      0.00000      0.00000
      9.72716      0.00000      0.00000      0.00000
      9.73716      0.00000      0.00000      0.00000
      9.74716      0.00000      0.00000      0.00000
      9.75716      0.00000      0.00000      0.00000
      9.76716      0.00000      0.00000      0.00000
      9.77716      0.00000      0.00000      0.00000
      9.78716      0.00000      0.00000      0.00000
      9.79716      0.00000      0.00000      0.00000
      9.80716      0.00000      0.00000      0.00000
      9.81716      0.00000      0.00000      0.00000
      9.82716      0.00000      0.00000      0.00000
      9.83716      0.00000      0.00000      0.00000
      9.84716      0.00000      0.00000      0.00000
      9.85716      0.00000      0.00000      0.00000
      9.86716      0.00000      0.00000      0.00000
      9.87716      0.00000      0.00000      0.00000
      9.88716      0.00000      0.00000      0.00000
      9.89716      0.00000      0.00000      0.00000
      9.90716      0.00000      0.00000      0.00000
      9.91716      0.00000      0.00000      0.00000
      9.92716      0.00000      0.00000      0.00000
      9.93716      0.00000      0.00000      0.00000
      9.94716      0.00000      0.00000      0.00000
      9.95716      0.00000      0.00000      0.00000
      9.96716      0.00000      0.00000      0.00000
      9.97716      0.00000      0.00000      0.00000
      9.98716      0.00000      0.00000      0.00000
      9.99716      0.00000      0.00000      0.00000
     10.00716      0.00000      0.00000      0.00000
     10.01716      0.00000      0.00000      0.00000
     10.02716      0.00000      0.00000      0.00000
     10.03716      0.00000      0.00000      0.00000
     10.04716      0.00000      0.00000      0.00000
     10.05716      0.00000      0.00000      0.00000
     10.06716      0.00000      0.00000      0.00000
     10.07716      0.00000      0.00000      0.00000
     10.08716      0.00000      0.00000      0.00000
     10.09716      0.00000      0.00000      0.00000
     10.10716      0.00000      0.00000      0.00000
     10.11716      0.00000      0.00000      0.00000
     10.12716      0.00000      0.00000      0.00000
     10.13716      0.00000      0.00000      0.00000
     10.14716      0.00000      0.00000      0.00000
     10.15716      0.00000      0.00000      0.00000
     10.16716      0.00000      0.00000      0.00000
     10.17716      0.00000      0.00000      0.00000
     10.18716      0.00000      0.00000      0.00000
     10.19716      0.00000      0.00000      0.00000
     10.20716      0.00000      0.00000      0.00000
     10.21716      0.00000      0.00000      0.00000
     10.22716      0.00000      0.00000      0.00000
     10.23716      0.00000      0.00000      0.00000
     10.24716      0.00000      0.00000      0.00000
     10.25716      0.00000      0.00000      0.00000
     10.26716      0.00000      0.00000      0.00000
     10.27716      0.00000      0.00000      0.00000
     10.28716      0.00000      0.00000      0.00000
     10.29716      0.00000      0.00000      0.00000
     10.30716      0.00000      0.00000      0.00000
     10.31716      0.00000      0.00000      0.00000
     10.32716      0.00000      0.00000      0.00000
     10.33716      0.00000      0.00000      0.00000
     10.34716      0.00000      0.00000      0.00000
     10.35716      0.00000      0.00000      0.00000
     10.36716      0.00000      0.00000      0.00000
     10.37716      0.00000      0.00000      0.00000
     10.38716      0.00000      0.00000      0.00000
     10.39716      0.00000      0.00000      0.00000
     10.40716      0.00000      0.00000      0.00000
     10.41716      0.00000      0.00000      0.00000
     10.42716      0.00000      0.00000      0.00000
     10.43716      0.00000      0.00000      0.00000
     10.44716      0.00000      0.00000      0.00000
     10.45716      0.00000      0.00000      0.00000
     10.46716      0.00000      0.00000      0.00000
     10.47716      0.00000      0.00000      0.00000
     10.48716      0.00000      0.00000      0.00000
     10.49716      0.00000      0.00000      0.00000
     10.50716      0.00000      0.00000      0.00000
     10.51716      0.00000      0.00000      0.00000
     10.52716      0.00000      0.00000      0.00000
     10.53716      0.00000      0.00000      0.00000
     10.54716      0.00000      0.00000      0.00000
     10.55716      0.00000      0.00000      0.00000
     10.56716      0.00000      0.00000      0.00000
     10.57716      0.00000      0.00000      0.00000
     10.58716      0.00000      0.00000      0.00000
     10.59716      0.00000      0.00000      0.00000
     10.60716      0.00000      0.00000      0.00000
     10.61716      0.00000      0.00000      0.00000
     10.62716      0.00000      0.00000      0.00000
     10.63716      0.00000      0.00000      0.00000
     10.64716      0.00000      0.00000      0.00000
     10.65716      0.00000      0.00000      0.00000
     10.66716      0.00000      0.00000      0.00000
     10.67716      0.00000      0.00000      0.00000
     10.68716      0.00000      0.00000      0.00000
     10.69716      0.00000      0.00000      0.00000
     10.70716      0.00000      0.00000      0.00000
     10.71716      0.00000      0.00000      0.00000
     10.72716      0.00000      0.00000      0.00000
     10.73716      0.00000      0.00000      0.00000
     10.74716      0.00000      0.00000      0.00000
     10.75716      0.00000      0.00000      0.00000
     10.76716      0.00000      0.00000      0.00000
     10.77716      0.00000      0.00000      0.00000
     10.78716      0.00000      0.00000      0.00000
     10.79716      0.00000      0.00000      0.00000
     10.80716      0.00000      0.00000      0.00000
     10.81716      0.00000      0.00000      0.00000
     10.82716      0.00000      0.00000      0.00000
     10.83716      0.00000      0.00000      0.00000
     10.84716      0.00000      0.00000      0.00000
     10.85716      0.00000      0.00000      0.00000
     10.86716      0.00000      0.00000      0.00000
     10.87716      0.00000      0.00000      0.00000
     10.88716      0.00000      0.00000      0.00000
     10.89716      0.00000      0.00000      0.00000
     10.90716      0.00000      0.00000      0.00000
     10.91716      0.00000      0.00000      0.00000
     10.92716      0.00000      0.00000      0.00000
     10.93716      0.00000      0.00000      0.00000
     10.94716      0.00000      0.00000      0.00000
     10.95716      0.00000      0.00000      0.00000
     10.96716      0.00000      0.00000      0.00000
     10.97716      0.00000      0.00000      0.00000
     10.98716      0.00000      0.00000      0.00000
     10.99716      0.00000      0.00000      0.00000
     11.00716      0.00000      0.00000      0.00000
     11.01716      0.00000      0.00000      0.00000
     11.02716      0.00000      0.00000      0.00000
     11.03716      0.00000      0.00000      0.00000
     11.04716      0.00000      0.00000      0.00000
     11.05716      0.00000      0.00000      0.00000
     11.06716      0.00000      0.00000      0.00000
     11.07716      0.00000      0.00000      0.00000
     11.08716      0.00000      0.00000      0.00000
     11.09716      0.00000      0.00000      0.00000
     11.10716      0.00000      0.00000      0.00000
     11.11716      0.00000      0.00000      0.00000
     11.12716      0.00000      0.00000      0.00000
     11.13716      0.00000      0.00000      0.00000
     11.14716      0.00000      0.00000      0.00000
     11.15716      0.00000      0.00000      0.00000
     11.16716      0.00000      0.00000      0.00000
     11.17716      0.00000      0.00000      0.00000
     11.18716      0.00000      0.00000      0.00000
     11.19716      0.00000      0.00000      0.00000
     11.20716      0.00000      0.00000      0.00000
     11.21716      0.00000      0.00000      0.00000
     11.22716      0.00000      0.00000      0.00000
     11.23716      0.00000      0.00000      0.00000
     11.24716      0.00000      0.00000      0.00000
     11.25716      0.00000      0.00000      0.00000
     11.26716      0.00000      0.00000      0.00000
     11.27716      0.00000      0.00000      0.00000
     11.28716      0.00000      0.00000      0.00000
     11.29716      0.00000      0.00000      0.00000
     11.30716      0.00000      0.00000      0.00000
     11.31716      0.00000      0.00000      0.00000
     11.32716      0.00000      0.00000      0.00000
     11.33716      0.00000      0.00000      0.00000
     11.34716      0.00000      0.00000      0.00000
     11.35716      0.00000      0.00000      0.00000
     11.36716      0.00000      0.00000      0.00000
     11.37716      0.00000      0.00000      0.00000
     11.38716      0.00000      0.00000      0.00000
     11.39716      0.00000      0.00000      0.00000
     11.40716      0.00000      0.00000      0.00000
     11.41716      0.00000      0.00000      0.00000
     11.42716      0.00000      0.00000      0.00000
     11.43716      0.00000      0.00000      0.00000
     11.44716      0.00000      0.00000      0.00000
     11.45716      0.00000      0.00000      0.00000
     11.46716      0.00000      0.00000      0.00000
     11.47716      0.00000      0.00000      0.00000
     11.48716      0.00000      0.00000      0.00000
     11.49716      0.00000      0.00000      0.00000
     11.50716      0.00000      0.00000      0.00000
     11.51716      0.00000      0.00000      0.00000
     11.52716      0.00000      0.00000      0.00000
     11.53716      0.00000      0.00000      0.00000
     11.54716      0.00000      0.00000      0.00000
     11.55716      0.00000      0.00000      0.00000
     11.56716      0.00000      0.00000      0.00000
     11.57716      0.00000      0.00000      0.00000
     11.58716      0.00000      0.00000      0.00000
     11.59716      0.00000      0.00000      0.00000
     11.60716      0.00000      0.00000      0.00000
     11.61716      0.00000      0.00000      0.00000
     11.62716      0.00000      0.00000      0.00000
     11.63716      0.00000      0.00000      0.00000
     11.64716      0.00000      0.00000      0.00000
     11.65716      0.00000      0.00000      0.00000
     11.66716      0.00000      0.00000      0.00000
     11.67716      0.00000      0.00000      0.00000
     11.68716      0.00000      0.00000      0.00000
     11.69716      0.00000      0.00000      0.00000
     11.70716      0.00000      0.00000      0.00000
     11.71716      0.00000      0.00000      0.00000
     11.72716      0.00000      0.00000      0.00000
     11.73716      0.00000      0.00000      0.00000
     11.74716      0.00000      0.00000      0.00000
     11.75716      0.00000      0.00000      0.00000
     11.76716      0.00000      0.00000      0.00000
     11.77716      0.00000      0.00000      0.00000
     11.78716      0.00000      0.00000      0.00000
     11.79716      0.00000      0.00000      0.00000
     11.80716      0.00000      0.00000      0.00000
     11.81716      0.00000      0.00000      0.00000
     11.82716      0.00000      0.00000      0.00000
     11.83716      0.00000      0.00000      0.00000
     11.84716      0.00000      0.00000      0.00000
     11.85716      0.00000      0.00000      0.00000
     11.86716      0.00000      0.00000      0.00000
     11.87716      0.00000      0.00000      0.00000
     11.88716      0.00000      0.00000      0.00000
     11.89716      0.00000      0.00000      0.00000
     11.90716      0.00000      0.00000      0.00000
     11.91716      0.00000      0.00000      0.00000
     11.92716      0.00000      0.00000      0.00000
     11.93716      0.00000      0.00000      0.00000
     11.94716      0.00000      0.00000      0.00000
     11.95716      0.00000      0.00000      0.00000
     11.96716      0.00000      0.00000      0.00000
     11.97716      0.00000      0.00000      0.00000
     11.98716      0.00000      0.00000      0.00000
     11.99716      0.00000      0.00000      0.00000
     12.00716      0.00000      0.00000      0.00000
     12.01716      0.00000      0.00000      0.00000
     12.02716      0.00000      0.00000      0.00000
     12.03716      0.00000      0.00000      0.00000
     12.04716      0.00000      0.00000      0.00000
     12.05716      0.00000      0.00000      0.00000
     12.06716      0.00000      0.00000      0.00000
     12.07716      0.00000      0.00000      0.00000
     12.08716      0.00000      0.00000      0.00000
     12.09716      0.00000      0.00000      0.00000
     12.10716      0.00000      0.00000      0.00000
     12.11716      0.00000      0.00000      0.00000
     12.12716      0.00000      0.00000      0.00000
     12.13716      0.00000      0.00000      0.00000
     12.14716      0.00000      0.00000      0.00000
     12.15716      0.00000      0.00000      0.00000
     12.16716      0.00000      0.00000      0.00000
     12.17716      0.00000      0.00000      0.00000
     12.18716      0.00000      0.00000      0.00000
     12.19716      0.00000      0.00000      0.00000
     12.20716      0.00000      0.00000      0.00000
     12.21716      0.00000      0.00000      0.00000
     12.22716      0.00000      0.00000      0.00000
     12.23716      0.00000      0.00000      0.00000
     12.24716      0.00000      0.00000      0.00000
     12.25716      0.00000      0.00000      0.00000
     12.26716      0.00000      0.00000      0.00000
     12.27716      0.00000      0.00000      0.00000
     12.28716      0.00000      0.00000      0.00000
     12.29716      0.00000      0.00000      0.00000
     12.30716      0.00000      0.00000      0.00000
     12.31716      0.00000      0.00000      0.00000
     12.32716      0.00000      0.00000      0.00000
     12.33716      0.00000      0.00000      0.00000
     12.34716      0.00000      0.00000      0.00000
     12.35716      0.00000      0.00000      0.00000
     12.36716      0.00000      0.00000      0.00000
     12.37716      0.00000      0.00000      0.00000
     12.38716      0.00000      0.00000      0.00000
     12.39716      0.00000      0.00000      0.00000
     12.40716      0.00000      0.00000      0.00000
     12.41716      0.00000      0.00000      0.00000
     12.42716      0.00000      0.00000      0.00000
     12.43716      0.00000      0.00000      0.00000
     12.44716      0.00000      0.00000      0.00000
     12.45716      0.00000      0.00000      0.00000
     12.46716      0.00000      0.00000      0.00000
     12.47716      0.00000      0.00000      0.00000
     12.48716      0.00000      0.00000      0.00000
     12.49716      0.00000      0.00000      0.00000
     12.50716      0.00000      0.00000      0.00000
     12.51716      0.00000      0.00000      0.00000
     12.52716      0.00000      0.00000      0.00000
     12.53716      0.00000      0.00000      0.00000
     12.54716      0.00000      0.00000      0.00000
     12.55716      0.00000      0.00000      0.00000
     12.56716      0.00000      0.00000      0.00000
     12.57716      0.00000      0.00000      0.00000
     12.58716      0.00000      0.00000      0.00000
     12.59716      0.00000      0.00000      0.00000
     12.60716      0.00000      0.00000      0.00000
     12.61716      0.00000      0.00000      0.00000
     12.62716      0.00000      0.00000      0.00000
     12.63716      0.00000      0.00000      0.00000
     12.64716      0.00000      0.00000      0.00000
     12.65716      0.00000      0.00000      0.00000
     12.66716      0.00000      0.00000      0.00000
     12.67716      0.00000      0.00000      0.00000
     12.68716      0.00000      0.00000      0.00000
     12.69716      0.00000      0.00000      0.00000
     12.70716      0.00000      0.00000      0.00000
     12.71716      0.00000      0.00000      0.00000
     12.72716      0.00000      0.00000      0.00000
     12.73716      0.00000      0.00000      0.00000
     12.74716      0.00000      0.00000      0.00000
     12.75716      0.00000      0.00000      0.00000
     12.76716      0.00000      0.00000      0.00000
     12.77716      0.00000      0.00000      0.00000
     12.78716      0.00000      0.00000      0.00000
     12.79716      0.00000      0.00000      0.00000
     12.80716      0.00000      0.00000      0.00000
     12.81716      0.00000      0.00000      0.00000
     12.82716      0.00000      0.00000      0.00000
     12.83716      0.00000      0.00000      0.00000
     12.84716      0.00000      0.00000      0.00000
     12.85716      0.00000      0.00000      0.00000
     12.86716      0.00000      0.00000      0.00000
     12.87716      0.00000      0.00000      0.00000
     12.88716      0.00000      0.00000      0.00000
     12.89716      0.00000      0.00000      0.00000
     12.90716      0.00000      0.00000      0.00000
     12.91716      0.00000      0.00000      0.00000
     12.92716      0.00000      0.00000      0.00000
     12.93716      0.00000      0.00000      0.00000
     12.94716      0.00000      0.00000      0.00000
     12.95716      0.00000      0.00000      0.00000
     12.96716      0.00000      0.00000      0.00000
     12.97716      0.00000      0.00000      0.00000
     12.98716      0.00000      0.00000      0.00000
     12.99716      0.00000      0.00000      0.00000
     13.00716      0.00000      0.00000      0.00000
     13.01716      0.00000      0.00000      0.00000
     13.02716      0.00000      0.00000      0.00000
     13.03716      0.00000      0.00000      0.00000
     13.04716      0.00000      0.00000      0.00000
     13.05716      0.00000      0.00000      0.00000
     13.06716      0.00000      0.00000      0.00000
     13.07716      0.00000      0.00000      0.00000
     13.08716      0.00000      0.00000      0.00000
     13.09716      0.00000      0.00000      0.00000
     13.10716      0.00000      0.00000      0.00000
     13.11716      0.00000      0.00000      0.00000
     13.12716      0.00000      0.00000      0.00000
     13.13716      0.00000      0.00000      0.00000
     13.14716      0.00000      0.00000      0.00000
     13.15716      0.00000      0.00000      0.00000
     13.16716      0.00000      0.00000      0.00000
     13.17716      0.00000      0.00000      0.00000
     13.18716      0.00000      0.00000      0.00000
     13.19716      0.00201      0.00185      0.00016
     13.20716      0.12151      0.11199      0.00952
     13.21716      2.70265      2.49095      0.21170
     13.22716     22.11399     20.38179      1.73220
     13.23716     66.56570     61.35157      5.21413
     13.24716     73.71221     67.93829      5.77392
     13.25716     30.02852     27.67636      2.35215
     13.26716      4.50022      4.14772      0.35250
     13.27716      0.24811      0.22867      0.01943
     13.28716      0.00503      0.00464      0.00039
     13.29716      0.00000      0.00000      0.00000
     13.30716      0.00000      0.00000      0.00000
     13.31716      0.00000      0.00000      0.00000
     13.32716      0.00000      0.00000      0.00000
     13.33716      0.00000      0.00000      0.00000
     13.34716      0.00000      0.00000      0.00000
     13.35716      0.00000      0.00000      0.00000
     13.36716      0.00000      0.00000      0.00000
     13.37716      0.00000      0.00000      0.00000
     13.38716      0.00000      0.00000      0.00000
     13.39716      0.00000      0.00000      0.00000
     13.40716      0.00000      0.00000      0.00000
     13.41716      0.00000      0.00000      0.00000
     13.42716      0.00000      0.00000      0.00000
     13.43716      0.00000      0.00000      0.00000
     13.44716      0.00000      0.00000      0.00000
     13.45716      0.00000      0.00000      0.00000
     13.46716      0.00000      0.00000      0.00000
     13.47716      0.00000      0.00000      0.00000
     13.48716      0.00000      0.00000      0.00000
     13.49716      0.00000      0.00000      0.00000
     13.50716      0.00000      0.00000      0.00000
     13.51716      0.00000      0.00000      0.00000
     13.52716      0.00000      0.00000      0.00000
     13.53716      0.00000      0.00000      0.00000
     13.54716      0.00000      0.00000      0.00000
     13.55716      0.00000      0.00000      0.00000
     13.56716      0.00000      0.00000      0.00000
     13.57716      0.00000      0.00000      0.00000
     13.58716      0.00000      0.00000      0.00000
     13.59716      0.00000      0.00000      0.00000
     13.60716      0.00000      0.00000      0.00000
     13.61716      0.00000      0.00000      0.00000
     13.62716      0.00000      0.00000      0.00000
     13.63716      0.00000      0.00000      0.00000
     13.64716      0.00000      0.00000      0.00000
     13.65716      0.00000      0.00000      0.00000
     13.66716      0.00000      0.00000      0.00000
     13.67716      0.00000      0.00000      0.00000
     13.68716      0.00000      0.00000      0.00000
     13.69716      0.00000      0.00000      0.00000
     13.70716      0.00000      0.00000      0.00000
     13.71716      0.00000      0.00000      0.00000
     13.72716      0.00000      0.00000      0.00000
     13.73716      0.00000      0.00000      0.00000
     13.74716      0.00000      0.00000      0.00000
     13.75716      0.00000      0.00000      0.00000
     13.76716      0.00000      0.00000      0.00000
     13.77716      0.00000      0.00000      0.00000
     13.78716      0.00000      0.00000      0.00000
     13.79716      0.00000      0.00000      0.00000
     13.80716      0.00000      0.00000      0.00000
     13.81716      0.00000      0.00000      0.00000
     13.82716      0.00000      0.00000      0.00000
     13.83716      0.00000      0.00000      0.00000
     13.84716      0.00000      0.00000      0.00000
     13.85716      0.00000      0.00000      0.00000
     13.86716      0.00000      0.00000      0.00000
     13.87716      0.00000      0.00000      0.00000
     13.88716      0.00000      0.00000      0.00000
     13.89716      0.00000      0.00000      0.00000
     13.90716      0.00000      0.00000      0.00000
     13.91716      0.00000      0.00000      0.00000
     13.92716      0.00000      0.00000      0.00000
     13.93716      0.00000      0.00000      0.00000
     13.94716      0.00000      0.00000      0.00000
     13.95716      0.00000      0.00000      0.00000
     13.96716      0.00000      0.00000      0.00000
     13.97716      0.00000      0.00000      0.00000
     13.98716      0.00000      0.00000      0.00000
     13.99716      0.00000      0.00000      0.00000
     14.00716      0.00000      0.00000      0.00000
     14.01716      0.00000      0.00000      0.00000
     14.02716      0.00000      0.00000      0.00000
     14.03716      0.00000      0.00000      0.00000
     14.04716      0.00000      0.00000      0.00000
     14.05716      0.00000      0.00000      0.00000
     14.06716      0.00000      0.00000      0.00000
     14.07716      0.00000      0.00000      0.00000
     14.08716      0.00000      0.00000      0.00000
     14.09716      0.00000      0.00000      0.00000
     14.10716      0.00000      0.00000      0.00000
     14.11716      0.00000      0.00000      0.00000
     14.12716      0.00000      0.00000      0.00000
     14.13716      0.00000      0.00000      0.00000
     14.14716      0.00000      0.00000      0.00000
     14.15716      0.00000      0.00000      0.00000
     14.16716      0.00000      0.00000      0.00000
     14.17716      0.00000      0.00000      0.00000
     14.18716      0.00000      0.00000      0.00000
     14.19716      0.00000      0.00000      0.00000
     14.20716      0.00000      0.00000      0.00000
     14.21716      0.00000      0.00000      0.00000
     14.22716      0.00000      0.00000      0.00000
     14.23716      0.00000      0.00000      0.00000
     14.24716      0.00000      0.00000      0.00000
     14.25716      0.00000      0.00000      0.00000
     14.26716      0.00000      0.00000      0.00000
     14.27716      0.00000      0.00000      0.00000
     14.28716      0.00000      0.00000      0.00000
     14.29716      0.00000      0.00000      0.00000
     14.30716      0.00000      0.00000      0.00000
     14.31716      0.00000      0.00000      0.00000
     14.32716      0.00000      0.00000      0.00000
     14.33716      0.00000      0.00000      0.00000
     14.34716      0.00000      0.00000      0.00000
     14.35716      0.00000      0.00000      0.00000
     14.36716      0.00000      0.00000      0.00000
     14.37716      0.00000      0.00000      0.00000
     14.38716      0.00000      0.00000      0.00000
     14.39716      0.00000      0.00000      0.00000
     14.40716      0.00000      0.00000      0.00000
     14.41716      0.00000      0.00000      0.00000
     14.42716      0.00000      0.00000      0.00000
     14.43716      0.00000      0.00000      0.00000
     14.44716      0.00000      0.00000      0.00000
     14.45716      0.00000      0.00000      0.00000
     14.46716      0.00000      0.00000      0.00000
     14.47716      0.00000      0.00000      0.00000
     14.48716      0.00000      0.00000      0.00000
     14.49716      0.00000      0.00000      0.00000
     14.50716      0.00000      0.00000      0.00000
     14.51716      0.00000      0.00000      0.00000
     14.52716      0.00000      0.00000      0.00000
     14.53716      0.00000      0.00000      0.00000
     14.54716      0.00000      0.00000      0.00000
     14.55716      0.00000      0.00000      0.00000
     14.56716      0.00000      0.00000      0.00000
     14.57716      0.00000      0.00000      0.00000
     14.58716      0.00000      0.00000      0.00000
     14.59716      0.00000      0.00000      0.00000
     14.60716      0.00000      0.00000      0.00000
     14.61716      0.00000      0.00000      0.00000
     14.62716      0.00000      0.00000      0.00000
     14.63716      0.00000      0.00000      0.00000
     14.64716      0.00000      0.00000      0.00000
     14.65716      0.00000      0.00000      0.00000
     14.66716      0.00000      0.00000      0.00000
     14.67716      0.00000      0.00000      0.00000
     14.68716      0.00000      0.00000      0.00000
     14.69716      0.00000      0.00000      0.00000
     14.70716      0.00000      0.00000      0.00000
     14.71716      0.00000      0.00000      0.00000
     14.72716      0.00000      0.00000      0.00000
     14.73716      0.00000      0.00000      0.00000
     14.74716      0.00000      0.00000      0.00000
     14.75716      0.00000      0.00000      0.00000
     14.76716      0.00000      0.00000      0.00000
     14.77716      0.00000      0.00000      0.00000
     14.78716      0.00000      0.00000      0.00000
     14.79716      0.00000      0.00000      0.00000
     14.80716      0.00000      0.00000      0.00000
     14.81716      0.00000      0.00000      0.00000
     14.82716      0.00000      0.00000      0.00000
     14.83716      0.00000      0.00000      0.00000
     14.84716      0.00000      0.00000      0.00000
     14.85716      0.00000      0.00000      0.00000
     14.86716      0.00000      0.00000      0.00000
     14.87716      0.00000      0.00000      0.00000
     14.88716      0.00000      0.00000      0.00000
     14.89716      0.00000      0.00000      0.00000
     14.90716      0.00000      0.00000      0.00000
     14.91716      0.00000      0.00000      0.00000
     14.92716      0.00000      0.00000      0.00000
     14.93716      0.00000      0.00000      0.00000
     14.94716      0.00000      0.00000      0.00000
     14.95716      0.00000      0.00000      0.00000
     14.96716      0.00000      0.00000      0.00000
     14.97716      0.00000      0.00000      0.00000
     14.98716      0.00000      0.00000      0.00000
     14.99716      0.00000      0.00000      0.00000
     15.00716      0.00000      0.00000      0.00000
     15.01716      0.00000      0.00000      0.00000
     15.02716      0.00000      0.00000      0.00000
     15.03716      0.00000      0.00000      0.00000
     15.04716      0.00000      0.00000      0.00000
     15.05716      0.00289      0.00290      0.00000
     15.06716      0.18737      0.18801      0.00000
     15.07716      4.47637      4.49153      0.00000
     15.08716     39.34149     39.47476      0.00000
     15.09716    127.19825    127.62913      0.00000
     15.10716    151.29237    151.80487      0.00000
     15.11716     66.20007     66.42432      0.00000
     15.12716     10.65627     10.69237      0.00000
     15.13716      0.63104      0.63318      0.00000
     15.14716      0.01375      0.01379      0.00000
     15.15716      0.00000      0.00000      0.00000
     15.16716      0.00000      0.00000      0.00000
     15.17716      0.00000      0.00000      0.00000
     15.18716      0.00000      0.00000      0.00000
     15.19716      0.00000      0.00000      0.00000
     15.20716      0.00000      0.00000      0.00000
     15.21716      0.00000      0.00000      0.00000
     15.22716      0.00000      0.00000      0.00000
     15.23716      0.00000      0.00000      0.00000
     15.24716      0.00000      0.00000      0.00000
     15.25716      0.00000      0.00000      0.00000
     15.26716      0.00000      0.00000      0.00000
     15.27716      0.00000      0.00000      0.00000
     15.28716      0.00000      0.00000      0.00000
     15.29716      0.00000      0.00000      0.00000
     15.30716      0.00000      0.00000      0.00000
     15.31716      0.00000      0.00000      0.00000
     15.32716      0.00000      0.00000      0.00000
     15.33716      0.00000      0.00000      0.00000
     15.34716      0.00000      0.00000      0.00000
     15.35716      0.00000      0.00000      0.00000
     15.36716      0.00000      0.00000      0.00000
     15.37716      0.00000      0.00000      0.00000
     15.38716      0.00000      0.00000      0.00000
     15.39716      0.00000      0.00000      0.00000
     15.40716      0.00000      0.00000      0.00000
     15.41716      0.00000      0.00000      0.00000
     15.42716      0.00000      0.00000      0.00000
     15.43716      0.00000      0.00000      0.00000
     15.44716      0.00000      0.00000      0.00000
     15.45716      0.00000      0.00000      0.00000
     15.46716      0.00000      0.00000      0.00000
     15.47716      0.00000      0.00000      0.00000
     15.48716      0.00000      0.00000      0.00000
     15.49716      0.00000      0.00000      0.00000
     15.50716      0.00000      0.00000      0.00000
     15.51716      0.00000      0.00000      0.00000
     15.52716      0.00000      0.00000      0.00000
     15.53716      0.00000      0.00000      0.00000
     15.54716      0.00000      0.00000      0.00000
     15.55716      0.00000      0.00000      0.00000
     15.56716      0.00000      0.00000      0.00000
     15.57716      0.00000      0.00000      0.00000
     15.58716      0.00000      0.00000      0.00000
     15.59716      0.00000      0.00000      0.00000
     15.60716      0.00000      0.00000      0.00000
     15.61716      0.00000      0.00000      0.00000
     15.62716      0.00000      0.00000      0.00000
     15.63716      0.00000      0.00000      0.00000
     15.64716      0.00000      0.00000      0.00000
     15.65716      0.00000      0.00000      0.00000
     15.66716      0.00000      0.00000      0.00000
     15.67716      0.00000      0.00000      0.00000
     15.68716      0.00000      0.00000      0.00000
     15.69716      0.00000      0.00000      0.00000
     15.70716      0.00000      0.00000      0.00000
     15.71716      0.00000      0.00000      0.00000
     15.72716      0.00000      0.00000      0.00000
     15.73716      0.00000      0.00000      0.00000
     15.74716      0.00000      0.00000      0.00000
     15.75716      0.00000      0.00000      0.00000
     15.76716      0.00000      0.00000      0.00000
     15.77716      0.00000      0.00000      0.00000
     15.78716      0.00000      0.00000      0.00000
     15.79716      0.00000      0.00000      0.00000
     15.80716      0.00000      0.00000      0.00000
     15.81716      0.00000      0.00000      0.00000
     15.82716      0.00000      0.00000      0.00000
     15.83716      0.00000      0.00000      0.00000
     15.84716      0.00000      0.00000      0.00000
     15.85716      0.00000      0.00000      0.00000
     15.86716      0.00000      0.00000      0.00000
     15.87716      0.00000      0.00000      0.00000
     15.88716      0.00000      0.00000      0.00000
     15.89716      0.00000      0.00000      0.00000
     15.90716      0.00000      0.00000      0.00000
     15.91716      0.00000      0.00000      0.00000
     15.92716      0.00000      0.00000      0.00000
     15.93716      0.00000      0.00000      0.00000
     15.94716      0.00000      0.00000      0.00000
     15.95716      0.00000      0.00000      0.00000
     15.96716      0.00000      0.00000      0.00000
     15.97716      0.00000      0.00000      0.00000
     15.98716      0.00000      0.00000      0.00000
     15.99716      0.00000      0.00000      0.00000
     16.00716      0.00000      0.00000      0.00000
     16.01716      0.00000      0.00000      0.00000
     16.02716      0.00000      0.00000      0.00000
     16.03716      0.00000      0.00000      0.00000
     16.04716      0.00000      0.00000      0.00000
     16.05716      0.00000      0.00000      0.00000
     16.06716      0.00000      0.00000      0.00000
     16.07716      0.03449      0.03037      0.00413
     16.08716      1.27307      1.12072      0.15235
     16.09716     17.28501     15.21647      2.06854
     16.10716     86.33584     76.00380     10.33203
     16.11716    158.64199    139.65689     18.98510
     16.12716    107.23852     94.40501     12.83351
     16.13716     26.66792     23.47650      3.19142
     16.14716      2.43968      2.14772      0.29196
     16.15716      0.08211      0.07228      0.00983
     16.16716      0.00102      0.00089      0.00012
     16.17716      0.00000      0.00000      0.00000
     16.18716      0.00000      0.00000      0.00000
     16.19716      0.00000      0.00000      0.00000
     16.20716      0.00000      0.00000      0.00000
     16.21716      0.00000      0.00000      0.00000
     16.22716      0.00000      0.00000      0.00000
     16.23716      0.00000      0.00000      0.00000
     16.24716      0.00000      0.00000      0.00000
     16.25716      0.00000      0.00000      0.00000
     16.26716      0.00000      0.00000      0.00000
     16.27716      0.00000      0.00000      0.00000
     16.28716      0.00000      0.00000      0.00000
     16.29716      0.00000      0.00000      0.00000
     16.30716      0.00000      0.00000      0.00000
     16.31716      0.00000      0.00000      0.00000
     16.32716      0.00000      0.00000      0.00000
     16.33716      0.00000      0.00000      0.00000
     16.34716      0.00000      0.00000      0.00000
     16.35716      0.00000      0.00000      0.00000
     16.36716      0.00000      0.00000      0.00000
     16.37716      0.00000      0.00000      0.00000
