#       omega [a.u.]         Energy [eV] Real polarizability Imag polarizability
     0.00000000E+000     0.00000000E+000     0.95774367E+004    -0.14532994E-006
     0.35338306E-002     0.96160420E-001     0.11580787E+005     0.31336692E+004
     0.70676611E-002     0.19232084E+000     0.94909176E+004     0.82469269E+004
     0.10601492E-001     0.28848126E+000     0.52026784E+004     0.11449008E+005
     0.14135322E-001     0.38464168E+000     0.65304723E+002     0.12448020E+005
     0.17669153E-001     0.48080210E+000    -0.49587272E+004     0.11239155E+005
     0.21202983E-001     0.57696252E+000    -0.90093649E+004     0.81161459E+004
     0.24736814E-001     0.67312294E+000    -0.11423189E+005     0.36638895E+004
     0.28270644E-001     0.76928336E+000    -0.11829879E+005    -0.13319663E+004
     0.31804475E-001     0.86544378E+000    -0.10205881E+005    -0.60155304E+004
     0.35338306E-001     0.96160420E+000    -0.68707868E+004    -0.96040102E+004
     0.38872136E-001     0.10577646E+001    -0.24262571E+004    -0.11517343E+005
     0.42405967E-001     0.11539250E+001     0.23513830E+004    -0.11471714E+005
     0.45939797E-001     0.12500855E+001     0.66459164E+004    -0.95219759E+004
     0.49473628E-001     0.13462459E+001     0.97437730E+004    -0.60447810E+004
     0.53007458E-001     0.14424063E+001     0.11146614E+005    -0.16650882E+004
     0.56541289E-001     0.15385667E+001     0.10656219E+005     0.28475005E+004
     0.60075119E-001     0.16347271E+001     0.84066834E+004     0.67205879E+004
     0.63608950E-001     0.17308876E+001     0.48261377E+004     0.93105481E+004
     0.67142781E-001     0.18270480E+001     0.56199160E+003     0.10207824E+005
     0.70676611E-001     0.19232084E+001    -0.36360275E+004     0.93043035E+004
     0.74210442E-001     0.20193688E+001    -0.70479895E+004     0.68057084E+004
     0.77744272E-001     0.21155292E+001    -0.91083949E+004     0.31884248E+004
     0.81278103E-001     0.22116897E+001    -0.94998146E+004    -0.88913016E+003
     0.84811933E-001     0.23078501E+001    -0.82038485E+004    -0.47046623E+004
     0.88345764E-001     0.24040105E+001    -0.54973339E+004    -0.76008897E+004
     0.91879594E-001     0.25001709E+001    -0.18962100E+004    -0.90986491E+004
     0.95413425E-001     0.25963313E+001     0.19401527E+004    -0.89766548E+004
     0.98947256E-001     0.26924918E+001     0.53285050E+004    -0.73047361E+004
     0.10248109E+000     0.27886522E+001     0.76833614E+004    -0.44243195E+004
     0.10601492E+000     0.28848126E+001     0.86177677E+004    -0.88126577E+003
     0.10954875E+000     0.29809730E+001     0.80073324E+004     0.26759037E+004
     0.11308258E+000     0.30771334E+001     0.60053207E+004     0.56135302E+004
     0.11661641E+000     0.31732939E+001     0.30095739E+004     0.74252943E+004
     0.12015024E+000     0.32694543E+001    -0.41514557E+003     0.78202419E+004
     0.12368407E+000     0.33656147E+001    -0.36426473E+004     0.67688000E+004
     0.12721790E+000     0.34617751E+001    -0.60985023E+004     0.45019547E+004
     0.13075173E+000     0.35579355E+001    -0.73623337E+004     0.14635308E+004
     0.13428556E+000     0.36540960E+001    -0.72398622E+004    -0.17749900E+004
     0.13781939E+000     0.37502564E+001    -0.57925344E+004    -0.46206938E+004
     0.14135322E+000     0.38464168E+001    -0.33202877E+004    -0.65669641E+004
     0.14488705E+000     0.39425772E+001    -0.30146504E+003    -0.72826615E+004
     0.14842088E+000     0.40387376E+001     0.26931990E+004    -0.66689901E+004
     0.15195471E+000     0.41348981E+001     0.51208939E+004    -0.48794072E+004
     0.15548854E+000     0.42310585E+001     0.65502376E+004    -0.22660936E+004
     0.15902238E+000     0.43272189E+001     0.67418925E+004     0.66854754E+003
     0.16255621E+000     0.44233793E+001     0.56910558E+004     0.33757157E+004
     0.16609004E+000     0.45195397E+001     0.36217264E+004     0.53612844E+004
     0.16962387E+000     0.46157001E+001     0.94071178E+003     0.62752990E+004
     0.17315770E+000     0.47118606E+001    -0.18410129E+004     0.59734608E+004
     0.17669153E+000     0.48080210E+001    -0.42046794E+004     0.45396580E+004
     0.18022536E+000     0.49041814E+001    -0.57197822E+004     0.22660419E+004
     0.18375919E+000     0.50003418E+001    -0.61221818E+004    -0.40500365E+003
     0.18729302E+000     0.50965022E+001    -0.53600704E+004    -0.29656852E+004
     0.19082685E+000     0.51926627E+001    -0.35999318E+004    -0.49383287E+004
     0.19436068E+000     0.52888231E+001    -0.11917438E+004    -0.59639750E+004
     0.19789451E+000     0.53849835E+001     0.13992788E+004    -0.58670970E+004
     0.20142834E+000     0.54811439E+001     0.36812219E+004    -0.46858170E+004
     0.20496217E+000     0.55773043E+001     0.52281907E+004    -0.26616194E+004
     0.20849600E+000     0.56734648E+001     0.57591348E+004    -0.19106833E+003
     0.21202983E+000     0.57696252E+001     0.51887217E+004     0.22506142E+004
     0.21556366E+000     0.58657856E+001     0.36410031E+004     0.41999384E+004
     0.21909749E+000     0.59619460E+001     0.14236509E+004     0.52923635E+004
     0.22263133E+000     0.60581064E+001    -0.10321154E+004     0.53301283E+004
     0.22616516E+000     0.61542669E+001    -0.32542820E+004     0.43174009E+004
     0.22969899E+000     0.62504273E+001    -0.48186450E+004     0.24589493E+004
     0.23323282E+000     0.63465877E+001    -0.54307733E+004     0.11930154E+003
     0.23676665E+000     0.64427481E+001    -0.49791320E+004    -0.22483763E+004
     0.24030048E+000     0.65389085E+001    -0.35553407E+004    -0.41857015E+004
     0.24383431E+000     0.66350690E+001    -0.14389984E+004    -0.53161986E+004
     0.24736814E+000     0.67312294E+001     0.95213230E+003    -0.54185864E+004
     0.25090197E+000     0.68273898E+001     0.31398310E+004    -0.44781326E+004
     0.25443580E+000     0.69235502E+001     0.46893334E+004    -0.27030854E+004
     0.25796963E+000     0.70197106E+001     0.53266225E+004    -0.48019487E+003
     0.26150346E+000     0.71158711E+001     0.50195543E+004     0.17530470E+004
     0.26503729E+000     0.72120315E+001     0.39458570E+004     0.36887618E+004
     0.26857112E+000     0.73081919E+001     0.22998830E+004     0.52854101E+004
     0.27210495E+000     0.74043523E+001    -0.10026100E+003     0.67958644E+004
     0.27563878E+000     0.75005127E+001    -0.53313401E+004     0.81948570E+004
     0.27917261E+000     0.75966732E+001    -0.13188627E+005    -0.41278119E+004
     0.28270644E+000     0.76928336E+001    -0.86920300E+003    -0.58559588E+004
     0.28624028E+000     0.77889940E+001     0.69001870E+003    -0.27273305E+004
     0.28977411E+000     0.78851544E+001     0.71027762E+003    -0.14521853E+004
     0.29330794E+000     0.79813148E+001     0.56356638E+003    -0.86098531E+003
     0.29684177E+000     0.80774753E+001     0.42279476E+003    -0.55230976E+003
     0.30037560E+000     0.81736357E+001     0.31183547E+003    -0.37571778E+003
     0.30390943E+000     0.82697961E+001     0.22929222E+003    -0.26658770E+003
     0.30744326E+000     0.83659565E+001     0.16973328E+003    -0.19480165E+003
     0.31097709E+000     0.84621169E+001     0.12775283E+003    -0.14532510E+003
     0.31451092E+000     0.85582774E+001     0.98657171E+002    -0.11025513E+003
     0.31804475E+000     0.86544378E+001     0.78697509E+002    -0.85023211E+002
     0.32157858E+000     0.87505982E+001     0.65048397E+002    -0.66709262E+002
     0.32511241E+000     0.88467586E+001     0.55700216E+002    -0.53306737E+002
     0.32864624E+000     0.89429190E+001     0.49290181E+002    -0.43390124E+002
     0.33218007E+000     0.90390795E+001     0.44930234E+002    -0.35937468E+002
     0.33571390E+000     0.91352399E+001     0.42063279E+002    -0.30214980E+002
     0.33924773E+000     0.92314003E+001     0.40362084E+002    -0.25692415E+002
     0.34278156E+000     0.93275607E+001     0.39667261E+002    -0.21977267E+002
     0.34631539E+000     0.94237211E+001     0.39960514E+002    -0.18760084E+002
     0.34984923E+000     0.95198816E+001     0.41375184E+002    -0.15759824E+002
     0.35338306E+000     0.96160420E+001     0.44262448E+002    -0.12645614E+002
     0.35691689E+000     0.97122024E+001     0.49373241E+002    -0.88656336E+001
     0.36045072E+000     0.98083628E+001     0.58339007E+002    -0.31169247E+001
     0.36398455E+000     0.99045232E+001     0.74978111E+002     0.89181235E+001
     0.36751838E+000     0.10000684E+002     0.10633738E+003     0.48766293E+002
     0.37105221E+000     0.10096844E+002     0.44558479E+002     0.19917846E+003
     0.37458604E+000     0.10193004E+002    -0.94846571E+002     0.71648056E+002
     0.37811987E+000     0.10289165E+002    -0.60163347E+002     0.17901520E+002
     0.38165370E+000     0.10385325E+002    -0.40336118E+002     0.56134792E+001
     0.38518753E+000     0.10481486E+002    -0.29399625E+002     0.19928467E+001
     0.38872136E+000     0.10577646E+002    -0.22905295E+002     0.11223575E+001
     0.39225519E+000     0.10673807E+002    -0.18822745E+002     0.13857246E+001
     0.39578902E+000     0.10769967E+002    -0.16232653E+002     0.22531100E+001
     0.39932285E+000     0.10866127E+002    -0.14703934E+002     0.35308740E+001
     0.40285668E+000     0.10962288E+002    -0.14055316E+002     0.51632210E+001
     0.40639051E+000     0.11058448E+002    -0.14263334E+002     0.71724708E+001
     0.40992434E+000     0.11154609E+002    -0.15432623E+002     0.96470919E+001
     0.41345818E+000     0.11250769E+002    -0.17799123E+002     0.12754323E+002
     0.41699201E+000     0.11346930E+002    -0.21755916E+002     0.16773249E+002
     0.42052584E+000     0.11443090E+002    -0.27899381E+002     0.22150744E+002
     0.42405967E+000     0.11539250E+002    -0.37106984E+002     0.29580446E+002
     0.42759350E+000     0.11635411E+002    -0.50603917E+002     0.40024738E+002
     0.43112733E+000     0.11731571E+002    -0.70097530E+002     0.55012360E+002
     0.43466116E+000     0.11827732E+002    -0.98323728E+002     0.76408633E+002
     0.43819499E+000     0.11923892E+002    -0.13968979E+003     0.10640934E+003
     0.44172882E+000     0.12020052E+002    -0.20225201E+003     0.14722452E+003
     0.44526265E+000     0.12116213E+002    -0.30185524E+003     0.20020256E+003
     0.44879648E+000     0.12212373E+002    -0.47162896E+003     0.26282909E+003
     0.45233031E+000     0.12308534E+002    -0.78682665E+003     0.31601142E+003
     0.45586414E+000     0.12404694E+002    -0.14411142E+004     0.25782473E+003
     0.45939797E+000     0.12500855E+002    -0.29848782E+004    -0.60542406E+003
     0.46293180E+000     0.12597015E+002    -0.21883458E+004    -0.72486227E+004
     0.46646563E+000     0.12693175E+002     0.48449286E+004    -0.23868075E+004
     0.46999946E+000     0.12789336E+002     0.35831449E+004     0.45262543E+003
     0.47353329E+000     0.12885496E+002     0.25450519E+004     0.15981780E+004
     0.47706713E+000     0.12981657E+002     0.15562139E+004     0.23091910E+004
     0.48060096E+000     0.13077817E+002     0.45976480E+003     0.26809907E+004
     0.48413479E+000     0.13173978E+002    -0.70425889E+003     0.26261973E+004
     0.48766862E+000     0.13270138E+002    -0.17605812E+004     0.20927108E+004
     0.49120245E+000     0.13366298E+002    -0.24925455E+004     0.11487258E+004
     0.49473628E+000     0.13462459E+002    -0.27392094E+004    -0.22735125E+002
     0.49827011E+000     0.13558619E+002    -0.24487062E+004    -0.11800525E+004
     0.50180394E+000     0.13654780E+002    -0.16865145E+004    -0.20924834E+004
     0.50533777E+000     0.13750940E+002    -0.60442612E+003    -0.25869323E+004
     0.50887160E+000     0.13847100E+002     0.59944625E+003    -0.25721569E+004
     0.51240543E+000     0.13943261E+002     0.17345243E+004    -0.20297768E+004
     0.51593926E+000     0.14039421E+002     0.26473804E+004    -0.86295067E+003
     0.51947309E+000     0.14135582E+002     0.20776285E+004     0.87570155E+003
     0.52300692E+000     0.14231742E+002     0.15706600E+004     0.10883656E+004
     0.52654075E+000     0.14327903E+002     0.11156151E+004     0.16933048E+004
     0.53007458E+000     0.14424063E+002     0.31124175E+003     0.20838747E+004
     0.53360841E+000     0.14520223E+002    -0.62187382E+003     0.20706630E+004
     0.53714224E+000     0.14616384E+002    -0.14657445E+004     0.16410958E+004
     0.54067608E+000     0.14712544E+002    -0.20397274E+004     0.88254708E+003
     0.54420991E+000     0.14808705E+002    -0.22268206E+004    -0.50093790E+002
     0.54774374E+000     0.14904865E+002    -0.19916869E+004    -0.96940397E+003
     0.55127757E+000     0.15001025E+002    -0.13842681E+004    -0.16936482E+004
     0.55481140E+000     0.15097186E+002    -0.52760000E+003    -0.20824224E+004
     0.55834523E+000     0.15193346E+002     0.40796595E+003    -0.20633147E+004
     0.56187906E+000     0.15289507E+002     0.12389770E+004    -0.16447613E+004
     0.56541289E+000     0.15385667E+002     0.18048000E+004    -0.91295686E+003
     0.56894672E+000     0.15481828E+002     0.19978691E+004    -0.14392578E+002
     0.57248055E+000     0.15577988E+002     0.17879015E+004     0.87316952E+003
     0.57601438E+000     0.15674148E+002     0.12190901E+004     0.15807730E+004
     0.57954821E+000     0.15770309E+002     0.40571570E+003     0.19719207E+004
     0.58308204E+000     0.15866469E+002    -0.49141059E+003     0.19748262E+004
     0.58661587E+000     0.15962630E+002    -0.12977030E+004     0.15937590E+004
     0.59014970E+000     0.16058790E+002    -0.18584586E+004     0.90706198E+003
     0.59368353E+000     0.16154951E+002    -0.20683752E+004     0.51026647E+002
     0.59721736E+000     0.16251111E+002    -0.18911664E+004    -0.80712923E+003
     0.60075119E+000     0.16347271E+002    -0.13656725E+004    -0.15019757E+004
     0.60428503E+000     0.16443432E+002    -0.59718755E+003    -0.19015732E+004
     0.60781886E+000     0.16539592E+002     0.26334417E+003    -0.19324951E+004
     0.61135269E+000     0.16635753E+002     0.10492811E+004    -0.15932105E+004
     0.61488652E+000     0.16731913E+002     0.16103746E+004    -0.95341851E+003
     0.61842035E+000     0.16828073E+002     0.18415319E+004    -0.13977808E+003
     0.62195418E+000     0.16924234E+002     0.17025635E+004     0.68920488E+003
     0.62548801E+000     0.17020394E+002     0.12253480E+004     0.13742276E+004
     0.62902184E+000     0.17116555E+002     0.50750145E+003     0.17869515E+004
     0.63255567E+000     0.17212715E+002    -0.30964377E+003     0.18630934E+004
     0.63608950E+000     0.17308876E+002    -0.11139158E+004     0.15739301E+004
     0.63962333E+000     0.17405036E+002    -0.16744637E+004     0.95552458E+003
     0.64315716E+000     0.17501196E+002    -0.19184755E+004     0.17491387E+003
     0.64669099E+000     0.17597357E+002    -0.18071261E+004    -0.63012243E+003
     0.65022482E+000     0.17693517E+002    -0.13612711E+004    -0.13042177E+004
     0.65375865E+000     0.17789678E+002    -0.68034768E+003    -0.17002341E+004
     0.65729248E+000     0.17885838E+002     0.77688819E+002    -0.18101704E+004
     0.66082631E+000     0.17981998E+002     0.83921486E+003    -0.15709035E+004
     0.66436014E+000     0.18078159E+002     0.14159588E+004    -0.10263093E+004
     0.66789398E+000     0.18174319E+002     0.17036132E+004    -0.29278842E+003
     0.67142781E+000     0.18270480E+002     0.16608401E+004     0.49395730E+003
     0.67496164E+000     0.18366640E+002     0.12551487E+004     0.12237677E+004
     0.67849547E+000     0.18462801E+002     0.58100251E+003     0.16296521E+004
     0.68202930E+000     0.18558961E+002    -0.17228764E+003     0.17368593E+004
     0.68556313E+000     0.18655121E+002    -0.90088255E+003     0.15193992E+004
     0.68909696E+000     0.18751282E+002    -0.14663871E+004     0.10145606E+004
     0.69263079E+000     0.18847442E+002    -0.17616198E+004     0.31981587E+003
     0.69616462E+000     0.18943603E+002    -0.17326365E+004    -0.43092141E+003
     0.69969845E+000     0.19039763E+002    -0.13882874E+004    -0.10944280E+004
     0.70323228E+000     0.19135924E+002    -0.79740178E+003    -0.15460856E+004
     0.70676611E+000     0.19232084E+002    -0.74316083E+002    -0.17035300E+004
     0.71029994E+000     0.19328244E+002     0.64432041E+003    -0.15413776E+004
     0.71383377E+000     0.19424405E+002     0.12265965E+004    -0.10939597E+004
     0.71736760E+000     0.19520565E+002     0.15703006E+004    -0.44536248E+003
     0.72090143E+000     0.19616726E+002     0.16196993E+004     0.29128893E+003
     0.72443526E+000     0.19712886E+002     0.13685302E+004     0.10008405E+004
     0.72796909E+000     0.19809046E+002     0.84329141E+003     0.15924540E+004
     0.73150293E+000     0.19905207E+002     0.54653591E+002     0.20125802E+004
     0.73503676E+000     0.20001367E+002    -0.11285813E+004     0.21946978E+004
     0.73857059E+000     0.20097528E+002    -0.33355832E+004     0.15244956E+004
     0.74210442E+000     0.20193688E+002    -0.44576430E+004    -0.57540851E+004
     0.74563825E+000     0.20289849E+002     0.74163277E+004    -0.12225986E+004
     0.74917208E+000     0.20386009E+002     0.55721688E+003     0.99131405E+004
     0.75270591E+000     0.20482169E+002    -0.79540365E+004    -0.22331097E+004
     0.75623974E+000     0.20578330E+002    -0.15395378E+004    -0.44217749E+004
     0.75977357E+000     0.20674490E+002     0.91765361E+003    -0.32218850E+004
     0.76330740E+000     0.20770651E+002     0.19431738E+004    -0.18997235E+004
     0.76684123E+000     0.20866811E+002     0.22651303E+004    -0.66826055E+003
     0.77037506E+000     0.20962972E+002     0.21079067E+004     0.39948020E+003
     0.77390889E+000     0.21059132E+002     0.15971680E+004     0.12241591E+004
     0.77744272E+000     0.21155292E+002     0.85302311E+003     0.17347759E+004
     0.78097655E+000     0.21251453E+002     0.78508176E+001     0.18891721E+004
     0.78451038E+000     0.21347613E+002    -0.79989378E+003     0.16865870E+004
     0.78804421E+000     0.21443774E+002    -0.14393810E+004     0.11693616E+004
     0.79157804E+000     0.21539934E+002    -0.17930299E+004     0.40970260E+003
     0.79511188E+000     0.21636094E+002    -0.16659241E+004    -0.49171817E+003
     0.79864571E+000     0.21732255E+002    -0.11496297E+004    -0.72591274E+003
     0.80217954E+000     0.21828415E+002    -0.96935723E+003    -0.11904833E+004
     0.80571337E+000     0.21924576E+002    -0.37848564E+003    -0.15240827E+004
     0.80924720E+000     0.22020736E+002     0.31342626E+003    -0.15254249E+004
     0.81278103E+000     0.22116897E+002     0.93313804E+003    -0.12157467E+004
     0.81631486E+000     0.22213057E+002     0.13551545E+004    -0.66575164E+003
     0.81984869E+000     0.22309217E+002     0.14945817E+004     0.17984764E+002
     0.82338252E+000     0.22405378E+002     0.12887420E+004     0.69229083E+003
     0.82691635E+000     0.22501538E+002     0.88587769E+003     0.11274962E+004
     0.83045018E+000     0.22597699E+002     0.33042522E+003     0.14495077E+004
     0.83398401E+000     0.22693859E+002    -0.33259506E+003     0.14848301E+004
     0.83751784E+000     0.22790019E+002    -0.94489973E+003     0.12267769E+004
     0.84105167E+000     0.22886180E+002    -0.13853679E+004     0.73133256E+003
     0.84458550E+000     0.22982340E+002    -0.15705051E+004     0.96668352E+002
     0.84811933E+000     0.23078501E+002    -0.14667117E+004    -0.55445054E+003
     0.85165316E+000     0.23174661E+002    -0.10955670E+004    -0.10974818E+004
     0.85518699E+000     0.23270822E+002    -0.52905123E+003    -0.14293521E+004
     0.85872083E+000     0.23366982E+002     0.12487717E+003    -0.14870685E+004
     0.86225466E+000     0.23463142E+002     0.74239214E+003    -0.12550051E+004
     0.86578849E+000     0.23559303E+002     0.11733618E+004    -0.77482918E+003
     0.86932232E+000     0.23655463E+002     0.13829973E+004    -0.19412027E+003
     0.87285615E+000     0.23751624E+002     0.13278662E+004     0.44074956E+003
     0.87638998E+000     0.23847784E+002     0.10037031E+004     0.99108991E+003
     0.87992381E+000     0.23943945E+002     0.47626730E+003     0.13493841E+004
     0.88345764E+000     0.24040105E+002    -0.15229538E+003     0.14489894E+004
     0.88699147E+000     0.24136265E+002    -0.76509637E+003     0.12735461E+004
     0.89052530E+000     0.24232426E+002    -0.12506561E+004     0.83809396E+003
     0.89405913E+000     0.24328586E+002    -0.14767409E+004     0.25248917E+003
     0.89759296E+000     0.24424747E+002    -0.14475990E+004    -0.36787609E+003
     0.90112679E+000     0.24520907E+002    -0.11586221E+004    -0.91841053E+003
     0.90466062E+000     0.24617067E+002    -0.66366873E+003    -0.12930942E+004
     0.90819445E+000     0.24713228E+002    -0.57855140E+002    -0.14209620E+004
     0.91172828E+000     0.24809388E+002     0.54280488E+003    -0.12790261E+004
     0.91526211E+000     0.24905549E+002     0.10239823E+004    -0.89612628E+003
     0.91879594E+000     0.25001709E+002     0.12951562E+004    -0.34717721E+003
     0.92232978E+000     0.25097870E+002     0.13066641E+004     0.26213385E+003
     0.92586361E+000     0.25194030E+002     0.10590549E+004     0.81485837E+003
     0.92939744E+000     0.25290190E+002     0.60364631E+003     0.12060933E+004
     0.93293127E+000     0.25386351E+002     0.33669714E+002     0.13642424E+004
     0.93646510E+000     0.25482511E+002    -0.53007884E+003     0.12728880E+004
     0.93999893E+000     0.25578672E+002    -0.10035183E+004     0.10324595E+004
     0.94353276E+000     0.25674832E+002    -0.14719643E+004     0.47194406E+003
     0.94706659E+000     0.25770992E+002    -0.14890131E+004    -0.20511252E+003
     0.95060042E+000     0.25867153E+002    -0.12452778E+004    -0.78356272E+003
     0.95413425E+000     0.25963313E+002    -0.79283375E+003    -0.12011749E+004
     0.95766808E+000     0.26059474E+002    -0.21197477E+003    -0.13882857E+004
     0.96120191E+000     0.26155634E+002     0.38995198E+003    -0.13126032E+004
     0.96473574E+000     0.26251795E+002     0.90054997E+003    -0.99023674E+003
     0.96826957E+000     0.26347955E+002     0.12245087E+004    -0.48353041E+003
     0.97180340E+000     0.26444115E+002     0.13019607E+004     0.11065902E+003
     0.97533723E+000     0.26540276E+002     0.11198508E+004     0.67938796E+003
     0.97887106E+000     0.26636436E+002     0.71426214E+003     0.11151206E+004
     0.98240489E+000     0.26732597E+002     0.16320549E+003     0.13359544E+004
     0.98593873E+000     0.26828757E+002    -0.42722227E+003     0.13007455E+004
     0.98947256E+000     0.26924918E+002    -0.94503798E+003     0.10186721E+004
     0.99300639E+000     0.27021078E+002    -0.12925199E+004     0.54408527E+003
     0.99654022E+000     0.27117238E+002    -0.14044283E+004    -0.31847117E+002
     0.10000740E+001     0.27213399E+002    -0.12606984E+004    -0.59916293E+003
     0.10036079E+001     0.27309559E+002    -0.88994656E+003    -0.10501136E+004
     0.10071417E+001     0.27405720E+002    -0.36372612E+003    -0.12998067E+004
     0.10106755E+001     0.27501880E+002     0.21763589E+003    -0.13015196E+004
     0.10142094E+001     0.27598040E+002     0.74341332E+003    -0.10559698E+004
     0.10177432E+001     0.27694201E+002     0.11143589E+004    -0.60939460E+003
     0.10212770E+001     0.27790361E+002     0.12528973E+004    -0.48842631E+002
     0.10248109E+001     0.27886522E+002     0.11464927E+004     0.51122379E+003
     0.10283447E+001     0.27982682E+002     0.81149478E+003     0.97522681E+003
     0.10318785E+001     0.28078843E+002     0.31134907E+003     0.12510751E+004
     0.10354124E+001     0.28175003E+002    -0.25734796E+003     0.12874763E+004
     0.10389462E+001     0.28271163E+002    -0.78614947E+003     0.10786905E+004
     0.10424800E+001     0.28367324E+002    -0.11750375E+004     0.66604720E+003
     0.10460138E+001     0.28463484E+002    -0.13539227E+004     0.12680516E+003
     0.10495477E+001     0.28559645E+002    -0.12806356E+004    -0.43794662E+003
     0.10530815E+001     0.28655805E+002    -0.97623337E+003    -0.91401472E+003
     0.10566153E+001     0.28751966E+002    -0.49968529E+003    -0.12150069E+004
     0.10601492E+001     0.28848126E+002     0.58410227E+002    -0.12845805E+004
     0.10636830E+001     0.28944286E+002     0.59183433E+003    -0.11104492E+004
     0.10672168E+001     0.29040447E+002     0.99937903E+003    -0.72675325E+003
     0.10707507E+001     0.29136607E+002     0.12041745E+004    -0.20738753E+003
     0.10742845E+001     0.29232768E+002     0.11682533E+004     0.34823263E+003
     0.10778183E+001     0.29328928E+002     0.89963044E+003     0.83422320E+003
     0.10813522E+001     0.29425088E+002     0.45056555E+003     0.11584547E+004
     0.10848860E+001     0.29521249E+002    -0.92654999E+002     0.12600679E+004
     0.10884198E+001     0.29617409E+002    -0.62646562E+003     0.11209045E+004
     0.10919536E+001     0.29713570E+002    -0.10501064E+004     0.76859606E+003
     0.10954875E+001     0.29809730E+002    -0.12852199E+004     0.27053644E+003
     0.10990213E+001     0.29905891E+002    -0.12911822E+004    -0.28063809E+003
     0.11025551E+001     0.30002051E+002    -0.10729021E+004    -0.78917418E+003
     0.11060890E+001     0.30098211E+002    -0.67458388E+003    -0.11891519E+004
     0.11096228E+001     0.30194372E+002    -0.11262720E+003    -0.15096752E+004
     0.11131566E+001     0.30290532E+002     0.12923429E+004    -0.16134704E+004
     0.11166905E+001     0.30386693E+002     0.79227078E+003     0.10734433E+004
     0.11202243E+001     0.30482853E+002    -0.58183209E+003    -0.29153337E+004
     0.11237581E+001     0.30579013E+002     0.20075870E+004     0.11269364E+004
     0.11272919E+001     0.30675174E+002     0.79030710E+003     0.96533138E+003
     0.11308258E+001     0.30771334E+002     0.45827037E+003     0.11113422E+004
     0.11343596E+001     0.30867495E+002     0.64016928E+001     0.12323353E+004
     0.11378934E+001     0.30963655E+002    -0.49389525E+003     0.11593184E+004
     0.11414273E+001     0.31059816E+002    -0.92912372E+003     0.87624573E+003
     0.11449611E+001     0.31155976E+002    -0.12067625E+004     0.43139858E+003
     0.11484949E+001     0.31252136E+002    -0.12699704E+004    -0.90891494E+002
     0.11520288E+001     0.31348297E+002    -0.11055194E+004    -0.59072627E+003
     0.11555626E+001     0.31444457E+002    -0.74475702E+003    -0.97277517E+003
     0.11590964E+001     0.31540618E+002    -0.25681960E+003    -0.11646350E+004
     0.11626303E+001     0.31636778E+002     0.26491583E+003    -0.11305757E+004
     0.11661641E+001     0.31732939E+002     0.72074185E+003    -0.87876018E+003
     0.11696979E+001     0.31829099E+002     0.10283396E+004    -0.45900339E+003
     0.11732317E+001     0.31925259E+002     0.11251413E+004     0.54718149E+002
     0.11767656E+001     0.32021420E+002     0.99362779E+003     0.55770300E+003
     0.11802994E+001     0.32117580E+002     0.66164315E+003     0.95578825E+003
     0.11838332E+001     0.32213741E+002     0.19355234E+003     0.11748538E+004
     0.11873671E+001     0.32309901E+002    -0.32378770E+003     0.11788448E+004
     0.11909009E+001     0.32406061E+002    -0.79963139E+003     0.95180321E+003
     0.11944347E+001     0.32502222E+002    -0.11236521E+004     0.54817703E+003
     0.11979686E+001     0.32598382E+002    -0.12468169E+004     0.47773380E+002
     0.12015024E+001     0.32694543E+002    -0.11462974E+004    -0.45671119E+003
     0.12050362E+001     0.32790703E+002    -0.84137865E+003    -0.86996327E+003
     0.12085701E+001     0.32886864E+002    -0.39042108E+003    -0.11138554E+004
     0.12121039E+001     0.32983024E+002     0.12054208E+003    -0.11426393E+004
     0.12156377E+001     0.33079184E+002     0.59431114E+003    -0.95157140E+003
     0.12191715E+001     0.33175345E+002     0.94105135E+003    -0.57769178E+003
     0.12227054E+001     0.33271505E+002     0.10953515E+004    -0.92650978E+002
     0.12262392E+001     0.33367666E+002     0.10285886E+004     0.41103211E+003
     0.12297730E+001     0.33463826E+002     0.75415077E+003     0.83762667E+003
     0.12333069E+001     0.33559987E+002     0.32492375E+003     0.11062633E+004
     0.12368407E+001     0.33656147E+002    -0.17701338E+003     0.11664135E+004
     0.12403745E+001     0.33752307E+002    -0.65590765E+003     0.10074056E+004
     0.12439084E+001     0.33848468E+002    -0.10209812E+004     0.66020250E+003
     0.12474422E+001     0.33944628E+002    -0.12031969E+004     0.19134162E+003
     0.12509760E+001     0.34040789E+002    -0.11685158E+004    -0.30969017E+003
     0.12545098E+001     0.34136949E+002    -0.92423134E+003    -0.74759720E+003
     0.12580437E+001     0.34233109E+002    -0.51744021E+003    -0.10394174E+004
     0.12615775E+001     0.34329270E+002    -0.25789640E+002    -0.11302837E+004
     0.12651113E+001     0.34425430E+002     0.45695580E+003    -0.10031083E+004
     0.12686452E+001     0.34521591E+002     0.83884058E+003    -0.68324860E+003
     0.12721790E+001     0.34617751E+002     0.10480668E+004    -0.23213841E+003
     0.12757128E+001     0.34713912E+002     0.10453670E+004     0.26438650E+003
     0.12792467E+001     0.34810072E+002     0.83194482E+003     0.71173468E+003
     0.12827805E+001     0.34906232E+002     0.44918593E+003     0.10251518E+004
     0.12863143E+001     0.35002393E+002    -0.29486827E+002     0.11461523E+004
     0.12898482E+001     0.35098553E+002    -0.51550770E+003     0.10519485E+004
     0.12933820E+001     0.35194714E+002    -0.91248074E+003     0.75883417E+003
     0.12969158E+001     0.35290874E+002    -0.11465848E+004     0.32621066E+003
     0.13004496E+001     0.35387034E+002    -0.11743560E+004    -0.16407403E+003
     0.13039835E+001     0.35483195E+002    -0.99107406E+003    -0.61880587E+003
     0.13075173E+001     0.35579355E+002    -0.63224101E+003    -0.95160580E+003
     0.13110511E+001     0.35675516E+002    -0.16725189E+003    -0.10996096E+004
     0.13145850E+001     0.35771676E+002     0.31656586E+003    -0.10375370E+004
     0.13181188E+001     0.35867837E+002     0.72771686E+003    -0.77396022E+003
     0.13216526E+001     0.35963997E+002     0.98658556E+003    -0.36129526E+003
     0.13251865E+001     0.36060157E+002     0.10450196E+004     0.12139907E+003
     0.13287203E+001     0.36156318E+002     0.89264272E+003     0.58223476E+003
     0.13322541E+001     0.36252478E+002     0.55909431E+003     0.93370806E+003
     0.13357880E+001     0.36348639E+002     0.10836788E+003     0.11093145E+004
     0.13393218E+001     0.36444799E+002    -0.37338891E+003     0.10761374E+004
     0.13428556E+001     0.36540960E+002    -0.79421156E+003     0.84104598E+003
     0.13463894E+001     0.36637120E+002    -0.10735787E+004     0.44944777E+003
     0.13499233E+001     0.36733280E+002    -0.11570800E+004    -0.22447730E+002
     0.13534571E+001     0.36829441E+002    -0.10296918E+004    -0.47411936E+003
     0.13569909E+001     0.36925601E+002    -0.74896794E+003    -0.84082304E+003
     0.13605248E+001     0.37021762E+002    -0.31233208E+003    -0.10575604E+004
     0.13640586E+001     0.37117922E+002     0.17114764E+003    -0.10600106E+004
     0.13675924E+001     0.37214082E+002     0.60736330E+003    -0.85652449E+003
     0.13711263E+001     0.37310243E+002     0.91550581E+003    -0.48747196E+003
     0.13746601E+001     0.37406403E+002     0.10394952E+004    -0.19734468E+002
     0.13781939E+001     0.37502564E+002     0.93664132E+003     0.45934396E+003
     0.13817277E+001     0.37598724E+002     0.65373016E+003     0.83233796E+003
     0.13852616E+001     0.37694885E+002     0.24042244E+003     0.10579749E+004
     0.13887954E+001     0.37791045E+002    -0.23059880E+003     0.10868876E+004
     0.13923292E+001     0.37887205E+002    -0.66902895E+003     0.91312617E+003
     0.13958631E+001     0.37983366E+002    -0.99215935E+003     0.56914579E+003
     0.13993969E+001     0.38079526E+002    -0.11376467E+004     0.12071921E+003
     0.14029307E+001     0.38175687E+002    -0.10784792E+004    -0.34641485E+003
     0.14064646E+001     0.38271847E+002    -0.82637983E+003    -0.74345394E+003
     0.14099984E+001     0.38368007E+002    -0.42975147E+003    -0.99516611E+003
     0.14135322E+001     0.38464168E+002     0.35763886E+002    -0.10540844E+004
     0.14170661E+001     0.38560328E+002     0.48156931E+003    -0.90944417E+003
     0.14205999E+001     0.38656489E+002     0.82299879E+003    -0.58929228E+003
     0.14241337E+001     0.38752649E+002     0.99557660E+003    -0.15482622E+003
     0.14276675E+001     0.38848810E+002     0.96691737E+003     0.31119206E+003
     0.14312014E+001     0.38944970E+002     0.74297114E+003     0.72018346E+003
     0.14347352E+001     0.39041130E+002     0.36676380E+003     0.99463321E+003
     0.14382690E+001     0.39137291E+002    -0.89878988E+002     0.10827675E+004
     0.14418029E+001     0.39233451E+002    -0.54003692E+003     0.96831437E+003
     0.14453367E+001     0.39329612E+002    -0.89823306E+003     0.67350291E+003
     0.14488705E+001     0.39425772E+002    -0.10966526E+004     0.25474392E+003
     0.14524044E+001     0.39521933E+002    -0.10979629E+004    -0.20816392E+003
     0.14559382E+001     0.39618093E+002    -0.90230637E+003    -0.62723508E+003
     0.14594720E+001     0.39714253E+002    -0.54714392E+003    -0.92300055E+003
     0.14630059E+001     0.39810414E+002    -0.99955246E+002    -0.10394891E+004
     0.14665397E+001     0.39906574E+002     0.35489741E+003    -0.95429912E+003
     0.14700735E+001     0.40002735E+002     0.73020369E+003    -0.67904370E+003
     0.14736073E+001     0.40098895E+002     0.94198374E+003    -0.27850381E+003
     0.14771412E+001     0.40195055E+002     0.97483580E+003     0.17365097E+003
     0.14806750E+001     0.40291216E+002     0.81111782E+003     0.59928922E+003
     0.14842088E+001     0.40387376E+002     0.48236695E+003     0.91693344E+003
     0.14877427E+001     0.40483537E+002     0.39486120E+002     0.10607737E+004
     0.14912765E+001     0.40579697E+002    -0.39888131E+003     0.99325188E+003
     0.14948103E+001     0.40675858E+002    -0.79426400E+003     0.76985352E+003
     0.14983442E+001     0.40772018E+002    -0.10397003E+004     0.38135368E+003
     0.15018780E+001     0.40868178E+002    -0.10990420E+004    -0.69214609E+002
     0.15054118E+001     0.40964339E+002    -0.96162576E+003    -0.50164423E+003
     0.15089456E+001     0.41060499E+002    -0.65383875E+003    -0.83433774E+003
     0.15124795E+001     0.41156660E+002    -0.23416776E+003    -0.10043602E+004
     0.15160133E+001     0.41252820E+002     0.21751124E+003    -0.97971646E+003
     0.15195471E+001     0.41348981E+002     0.61537763E+003    -0.76548340E+003
     0.15230810E+001     0.41445141E+002     0.88401658E+003    -0.40274011E+003
     0.15266148E+001     0.41541301E+002     0.97272068E+003     0.39324889E+002
     0.15301486E+001     0.41637462E+002     0.86506124E+003     0.47661869E+003
     0.15336825E+001     0.41733622E+002     0.58192735E+003     0.82614549E+003
     0.15372163E+001     0.41829783E+002     0.17747090E+003     0.10217619E+004
     0.15407501E+001     0.41925943E+002    -0.27125796E+003     0.10266645E+004
     0.15442840E+001     0.42022103E+002    -0.67889117E+003     0.84038045E+003
     0.15478178E+001     0.42118264E+002    -0.96819046E+003     0.49877264E+003
     0.15513516E+001     0.42214424E+002    -0.10845231E+004     0.66959247E+002
     0.15548854E+001     0.42310585E+002    -0.10060997E+004    -0.37283250E+003
     0.15584193E+001     0.42406745E+002    -0.74828721E+003    -0.73707238E+003
     0.15619531E+001     0.42502906E+002    -0.36035088E+003    -0.95684304E+003
     0.15654869E+001     0.42599066E+002     0.83779142E+002    -0.99059340E+003
     0.15690208E+001     0.42695226E+002     0.49963657E+003    -0.83238124E+003
     0.15725546E+001     0.42791387E+002     0.80837629E+003    -0.51263986E+003
     0.15760884E+001     0.42887547E+002     0.95162891E+003    -0.92398180E+002
     0.15796223E+001     0.42983708E+002     0.90257800E+003     0.34835502E+003
     0.15831561E+001     0.43079868E+002     0.67097562E+003     0.72592977E+003
     0.15866899E+001     0.43176028E+002     0.30121230E+003     0.96880281E+003
     0.15902238E+001     0.43272189E+002    -0.13615108E+003     0.10311961E+004
     0.15937576E+001     0.43368349E+002    -0.55778540E+003     0.90182108E+003
     0.15972914E+001     0.43464510E+002    -0.88388291E+003     0.60673197E+003
     0.16008252E+001     0.43560670E+002    -0.10555700E+004     0.19964312E+003
     0.16043591E+001     0.43656831E+002    -0.10351308E+004    -0.24137876E+003
     0.16078929E+001     0.43752991E+002    -0.82931980E+003    -0.63063050E+003
     0.16114267E+001     0.43849151E+002    -0.47855437E+003    -0.89486618E+003
     0.16149606E+001     0.43945312E+002    -0.48960191E+002    -0.98507591E+003
     0.16184944E+001     0.44041472E+002     0.37785498E+003    -0.88404795E+003
     0.16220282E+001     0.44137633E+002     0.72083259E+003    -0.61132100E+003
     0.16255621E+001     0.44233793E+002     0.91504874E+003    -0.21901205E+003
     0.16290959E+001     0.44329954E+002     0.92395900E+003     0.21819436E+003
     0.16326297E+001     0.44426114E+002     0.74625195E+003     0.61724248E+003
     0.16361635E+001     0.44522274E+002     0.41606477E+003     0.90249036E+003
     0.16396974E+001     0.44618435E+002    -0.36703670E+001     0.10200820E+004
     0.16432312E+001     0.44714595E+002    -0.43306581E+003     0.94797909E+003
     0.16467650E+001     0.44810756E+002    -0.79062497E+003     0.70032067E+003
     0.16502989E+001     0.44906916E+002    -0.10086198E+004     0.32443907E+003
     0.16538327E+001     0.45003076E+002    -0.10459402E+004    -0.10806371E+003
     0.16573665E+001     0.45099237E+002    -0.89583572E+003    -0.51498686E+003
     0.16609004E+001     0.45195397E+002    -0.58713435E+003    -0.81908168E+003
     0.16644342E+001     0.45291558E+002    -0.17880612E+003    -0.96288776E+003
     0.16679680E+001     0.45387718E+002     0.25156517E+003    -0.91940430E+003
     0.16715019E+001     0.45483879E+002     0.62225463E+003    -0.69720263E+003
     0.16750357E+001     0.45580039E+002     0.86303234E+003    -0.33877547E+003
     0.16785695E+001     0.45676199E+002     0.92845872E+003     0.87615367E+002
     0.16821033E+001     0.45772360E+002     0.80645623E+003     0.50094203E+003
     0.16856372E+001     0.45868520E+002     0.52053234E+003     0.82280742E+003
     0.16891710E+001     0.45964681E+002     0.12526642E+003     0.99231434E+003
     0.16927048E+001     0.46060841E+002    -0.30412263E+003     0.97760129E+003
     0.16962387E+001     0.46157001E+002    -0.68608621E+003     0.78181409E+003
     0.16997725E+001     0.46253162E+002    -0.94821714E+003     0.44245284E+003
     0.17033063E+001     0.46349322E+002    -0.10409845E+004     0.24194739E+002
     0.17068402E+001     0.46445483E+002    -0.94708533E+003    -0.39343235E+003
     0.17103740E+001     0.46541643E+002    -0.68466812E+003    -0.73116589E+003
     0.17139078E+001     0.46637804E+002    -0.30382439E+003    -0.92504765E+003
     0.17174417E+001     0.46733964E+002     0.12297428E+003    -0.93853108E+003
     0.17209755E+001     0.46830124E+002     0.51466785E+003    -0.76936577E+003
     0.17245093E+001     0.46926285E+002     0.79700610E+003    -0.44996221E+003
     0.17280431E+001     0.47022445E+002     0.91661443E+003    -0.41163379E+002
     0.17315770E+001     0.47118606E+002     0.85108100E+003     0.37929614E+003
     0.17351108E+001     0.47214766E+002     0.61318974E+003     0.73163603E+003
     0.17386446E+001     0.47310927E+002     0.24838559E+003     0.94913491E+003
     0.17421785E+001     0.47407087E+002    -0.17387961E+003     0.99076487E+003
     0.17457123E+001     0.47503247E+002    -0.57334537E+003     0.84892754E+003
     0.17492461E+001     0.47599408E+002    -0.87416501E+003     0.55103186E+003
     0.17527800E+001     0.47695568E+002    -0.10197751E+004     0.15374359E+003
     0.17563138E+001     0.47791729E+002    -0.98248573E+003    -0.26744895E+003
     0.17598476E+001     0.47887889E+002    -0.76972662E+003    -0.63247355E+003
     0.17633814E+001     0.47984049E+002    -0.42217723E+003    -0.87215321E+003
     0.17669153E+001     0.48080210E+002    -0.60053902E+001    -0.94120956E+003
     0.17704491E+001     0.48176370E+002     0.39971768E+003    -0.82682055E+003
     0.17739829E+001     0.48272531E+002     0.71804282E+003    -0.55098141E+003
     0.17775168E+001     0.48368691E+002     0.88872768E+003    -0.16628275E+003
     0.17810506E+001     0.48464852E+002     0.87964529E+003     0.25412333E+003
     0.17845844E+001     0.48561012E+002     0.69282353E+003     0.63043044E+003
     0.17881183E+001     0.48657172E+002     0.36400938E+003     0.89133209E+003
     0.17916521E+001     0.48753333E+002    -0.44173221E+002     0.98753529E+003
     0.17951859E+001     0.48849493E+002    -0.45414542E+003     0.90106952E+003
     0.17987198E+001     0.48945654E+002    -0.78811465E+003     0.64865391E+003
     0.18022536E+001     0.49041814E+002    -0.98283676E+003     0.27845791E+003
     0.18057874E+001     0.49137975E+002    -0.10015845E+004    -0.13908103E+003
     0.18093212E+001     0.49234135E+002    -0.84107446E+003    -0.52465871E+003
     0.18128551E+001     0.49330295E+002    -0.53203431E+003    -0.80516163E+003
     0.18163889E+001     0.49426456E+002    -0.13331969E+003    -0.92752640E+003
     0.18199227E+001     0.49522616E+002     0.27929602E+003    -0.86877358E+003
     0.18234566E+001     0.49618777E+002     0.62752251E+003    -0.64031871E+003
     0.18269904E+001     0.49714937E+002     0.84540765E+003    -0.28575196E+003
     0.18305242E+001     0.49811097E+002     0.89182850E+003     0.12748112E+003
     0.18340581E+001     0.49907258E+002     0.75825323E+003     0.52091041E+003
     0.18375919E+001     0.50003418E+002     0.47031088E+003     0.81994156E+003
     0.18411257E+001     0.50099579E+002     0.82897996E+002     0.96800393E+003
     0.18446596E+001     0.50195739E+002    -0.33037033E+003     0.93735754E+003
     0.18481934E+001     0.50291900E+002    -0.69109812E+003     0.73394362E+003
     0.18517272E+001     0.50388060E+002    -0.93083830E+003     0.39669145E+003
     0.18552610E+001     0.50484220E+002    -0.10043252E+004    -0.10187841E+002
     0.18587949E+001     0.50580381E+002    -0.89786210E+003    -0.40948319E+003
     0.18623287E+001     0.50676541E+002    -0.63173987E+003    -0.72524934E+003
     0.18658625E+001     0.50772702E+002    -0.25712426E+003    -0.89790775E+003
     0.18693964E+001     0.50868862E+002     0.15533177E+003    -0.89480800E+003
     0.18729302E+001     0.50965022E+002     0.52700979E+003    -0.71674362E+003
     0.18764640E+001     0.51061183E+002     0.78754394E+003    -0.39781741E+003
     0.18799979E+001     0.51157343E+002     0.88770878E+003     0.13377279E+001
     0.18835317E+001     0.51253504E+002     0.80872993E+003     0.40490138E+003
     0.18870655E+001     0.51349664E+002     0.56585353E+003     0.73633223E+003
     0.18905993E+001     0.51445825E+002     0.20538953E+003     0.93288170E+003
     0.18941332E+001     0.51541985E+002    -0.20411595E+003     0.95747335E+003
     0.18976670E+001     0.51638145E+002    -0.58491274E+003     0.80569709E+003
     0.19012008E+001     0.51734306E+002    -0.86480358E+003     0.50659957E+003
     0.19047347E+001     0.51830466E+002    -0.99083067E+003     0.11712827E+003
     0.19082685E+001     0.51926627E+002    -0.93928937E+003    -0.28870761E+003
     0.19118023E+001     0.52022787E+002    -0.72019309E+003    -0.63388942E+003
     0.19153362E+001     0.52118948E+002    -0.37531112E+003    -0.85305380E+003
     0.19188700E+001     0.52215108E+002     0.29837547E+002    -0.90471448E+003
     0.19224038E+001     0.52311268E+002     0.41825251E+003    -0.77934349E+003
     0.19259377E+001     0.52407429E+002     0.71637698E+003    -0.50089503E+003
     0.19294715E+001     0.52503589E+002     0.86776570E+003    -0.12235808E+003
     0.19330053E+001     0.52599750E+002     0.84389934E+003     0.28436916E+003
     0.19365391E+001     0.52695910E+002     0.64952715E+003     0.64213724E+003
     0.19400730E+001     0.52792070E+002     0.32171020E+003     0.88318043E+003
     0.19436068E+001     0.52888231E+002    -0.77229975E+002     0.96192621E+003
     0.19471406E+001     0.52984391E+002    -0.47157153E+003     0.86365791E+003
     0.19506745E+001     0.53080552E+002    -0.78656209E+003     0.60716548E+003
     0.19542083E+001     0.53176712E+002    -0.96255649E+003     0.24123401E+003
     0.19577421E+001     0.53272873E+002    -0.96631202E+003    -0.16471438E+003
     0.19612760E+001     0.53369033E+002    -0.79720541E+003    -0.53379024E+003
     0.19648098E+001     0.53465193E+002    -0.48722477E+003    -0.79623192E+003
     0.19683436E+001     0.53561354E+002    -0.94474541E+002    -0.90250402E+003
     0.19718775E+001     0.53657514E+002     0.30705624E+003    -0.83109802E+003
     0.19754113E+001     0.53753675E+002     0.64313577E+003    -0.59561139E+003
     0.19789451E+001     0.53849835E+002     0.84684392E+003    -0.22333421E+003
     0.19824789E+001     0.53945995E+002     0.84723344E+003     0.17268159E+003
     0.19860128E+001     0.54042156E+002     0.70802124E+003     0.53661151E+003
     0.19895466E+001     0.54138316E+002     0.42321065E+003     0.81330480E+003
     0.19930804E+001     0.54234477E+002     0.45821034E+002     0.94292738E+003
     0.19966143E+001     0.54330637E+002    -0.35148240E+003     0.89946004E+003
     0.20001481E+001     0.54426798E+002    -0.69271021E+003     0.69093956E+003
     0.20036819E+001     0.54522958E+002    -0.91283743E+003     0.35702279E+003
     0.20072158E+001     0.54619118E+002    -0.97002340E+003    -0.38779444E+002
     0.20107496E+001     0.54715279E+002    -0.85347320E+003    -0.42125282E+003
     0.20142834E+001     0.54811439E+002    -0.58541020E+003    -0.71778727E+003
     0.20178172E+001     0.54907600E+002    -0.21681631E+003    -0.87216107E+003
     0.20213511E+001     0.55003760E+002     0.18229766E+003    -0.85519462E+003
     0.20248849E+001     0.55099921E+002     0.53619815E+003    -0.67025244E+003
     0.20284187E+001     0.55196081E+002     0.77780829E+003    -0.35256646E+003
     0.20319526E+001     0.55292241E+002     0.86142298E+003     0.37485652E+002
     0.20354864E+001     0.55388402E+002     0.77135870E+003     0.42585943E+003
     0.20390202E+001     0.55484562E+002     0.52489470E+003     0.73891556E+003
     0.20425541E+001     0.55580723E+002     0.16894627E+003     0.91738021E+003
     0.20460879E+001     0.55676883E+002    -0.22885076E+003     0.92756424E+003
     0.20496217E+001     0.55773043E+002    -0.59300081E+003     0.76773800E+003
     0.20531556E+001     0.55869204E+002    -0.85447537E+003     0.46841380E+003
     0.20566894E+001     0.55965364E+002    -0.96379528E+003     0.86522769E+002
     0.20602232E+001     0.56061525E+002    -0.90038924E+003    -0.30540881E+003
     0.20637570E+001     0.56157685E+002    -0.67646884E+003    -0.63303453E+003
     0.20672909E+001     0.56253846E+002    -0.33466308E+003    -0.83428694E+003
     0.20708247E+001     0.56350006E+002     0.60088409E+002    -0.87113153E+003
     0.20743585E+001     0.56446166E+002     0.43288223E+003    -0.73675324E+003
     0.20778924E+001     0.56542327E+002     0.71306332E+003    -0.45681194E+003
     0.20814262E+001     0.56638487E+002     0.84761803E+003    -0.84539683E+002
     0.20849600E+001     0.56734648E+002     0.81120583E+003     0.30938440E+003
     0.20884939E+001     0.56830808E+002     0.61093298E+003     0.65025594E+003
     0.20920277E+001     0.56926969E+002     0.28496712E+003     0.87351487E+003
     0.20955615E+001     0.57023129E+002    -0.10473436E+003     0.93697439E+003
     0.20990954E+001     0.57119289E+002    -0.48420093E+003     0.82879481E+003
     0.21026292E+001     0.57215450E+002    -0.78148261E+003     0.56969089E+003
     0.21061630E+001     0.57311610E+002    -0.94029416E+003     0.20897507E+003
     0.21096968E+001     0.57407771E+002    -0.93067080E+003    -0.18483258E+003
     0.21132307E+001     0.57503931E+002    -0.75461310E+003    -0.53701538E+003
     0.21167645E+001     0.57600091E+002    -0.44567636E+003    -0.78083023E+003
     0.21202983E+001     0.57696252E+002    -0.62572998E+002    -0.87015466E+003
     0.21238322E+001     0.57792412E+002     0.32198828E+003    -0.78821047E+003
     0.21273660E+001     0.57888573E+002     0.63510332E+003    -0.55070743E+003
     0.21308998E+001     0.57984733E+002     0.81749479E+003    -0.20283338E+003
     0.21344337E+001     0.58080894E+002     0.83473373E+003     0.18935135E+003
     0.21379675E+001     0.58177054E+002     0.68374027E+003     0.55145509E+003
     0.21415013E+001     0.58273214E+002     0.39333374E+003     0.81487130E+003
     0.21450351E+001     0.58369375E+002     0.18733389E+002     0.92977839E+003
     0.21485690E+001     0.58465535E+002    -0.36893976E+003     0.87456445E+003
     0.21521028E+001     0.58561696E+002    -0.69616311E+003     0.65989357E+003
     0.21556366E+001     0.58657856E+002    -0.90095394E+003     0.32664900E+003
     0.21591705E+001     0.58754016E+002    -0.94460748E+003    -0.61850454E+002
     0.21627043E+001     0.58850177E+002    -0.81900920E+003    -0.43187849E+003
     0.21662381E+001     0.58946337E+002    -0.54814039E+003    -0.71328948E+003
     0.21697720E+001     0.59042498E+002    -0.18349709E+003    -0.85281271E+003
     0.21733058E+001     0.59138658E+002     0.20570165E+003    -0.82413289E+003
     0.21768396E+001     0.59234819E+002     0.54565479E+003    -0.63285020E+003
     0.21803735E+001     0.59330979E+002     0.77197512E+003    -0.31538484E+003
     0.21839073E+001     0.59427139E+002     0.84188514E+003     0.67960369E+002
     0.21874411E+001     0.59523300E+002     0.74230345E+003     0.44445654E+003
     0.21909749E+001     0.59619460E+002     0.49229345E+003     0.74274910E+003
     0.21945088E+001     0.59715621E+002     0.13941579E+003     0.90638288E+003
     0.21980426E+001     0.59811781E+002    -0.24931755E+003     0.90448875E+003
     0.22015764E+001     0.59907942E+002    -0.60016667E+003     0.73760842E+003
     0.22051103E+001     0.60004102E+002    -0.84664918E+003     0.43755935E+003
     0.22086441E+001     0.60100262E+002    -0.94213557E+003     0.61370764E+002
     0.22121779E+001     0.60196423E+002    -0.86866776E+003    -0.31955305E+003
     0.22157118E+001     0.60292583E+002    -0.64033354E+003    -0.63298292E+003
     0.22192456E+001     0.60388744E+002    -0.30056402E+003    -0.81955717E+003
     0.22227794E+001     0.60484904E+002     0.86129944E+002    -0.84402204E+003
     0.22263133E+001     0.60581064E+002     0.44640812E+003    -0.70188830E+003
     0.22298471E+001     0.60677225E+002     0.71200737E+003    -0.42025126E+003
     0.22333809E+001     0.60773385E+002     0.83269023E+003    -0.52635189E+002
     0.22369147E+001     0.60869546E+002     0.78573124E+003     0.33123693E+003
     0.22404486E+001     0.60965706E+002     0.58018310E+003     0.65853368E+003
     0.22439824E+001     0.61061867E+002     0.25523152E+003     0.86735532E+003
     0.22475162E+001     0.61158027E+002    -0.12745851E+003     0.91818149E+003
     0.22510501E+001     0.61254187E+002    -0.49524871E+003     0.80158119E+003
     0.22545839E+001     0.61350348E+002    -0.77843339E+003     0.53982301E+003
     0.22581177E+001     0.61446508E+002    -0.92340466E+003     0.18267803E+003
     0.22616516E+001     0.61542669E+002    -0.90280594E+003    -0.20205036E+003
     0.22651854E+001     0.61638829E+002    -0.72069096E+003    -0.54139623E+003
     0.22687192E+001     0.61734989E+002    -0.41172478E+003    -0.77106631E+003
     0.22722530E+001     0.61831150E+002    -0.34583454E+002    -0.84761825E+003
     0.22757869E+001     0.61927310E+002     0.33919108E+003    -0.75667426E+003
     0.22793207E+001     0.62023471E+002     0.63876326E+003    -0.51561854E+003
     0.22828545E+001     0.62119631E+002     0.80742980E+003    -0.17027161E+003
     0.22863884E+001     0.62215792E+002     0.81335361E+003     0.21382179E+003
     0.22899222E+001     0.62311952E+002     0.65557435E+003     0.56383487E+003
     0.22934560E+001     0.62408112E+002     0.36416112E+003     0.81346898E+003
     0.22969899E+001     0.62504273E+002    -0.55161416E+001     0.91551381E+003
     0.23005237E+001     0.62600433E+002    -0.38330535E+003     0.85077708E+003
     0.23040575E+001     0.62696594E+002    -0.69758217E+003     0.63169582E+003
     0.23075914E+001     0.62792754E+002    -0.88882681E+003     0.29994975E+003
     0.23111252E+001     0.62888915E+002    -0.92089394E+003    -0.81466288E+002
     0.23146590E+001     0.62985075E+002    -0.78784081E+003    -0.44020118E+003
     0.23181928E+001     0.63081235E+002    -0.51502648E+003    -0.70826939E+003
     0.23217267E+001     0.63177396E+002    -0.15427581E+003    -0.83493202E+003
     0.23252605E+001     0.63273556E+002     0.22596694E+003    -0.79629725E+003
     0.23287943E+001     0.63369717E+002     0.55362535E+003    -0.59982400E+003
     0.23323282E+001     0.63465877E+002     0.76665469E+003    -0.28287953E+003
     0.23358620E+001     0.63562037E+002     0.82479194E+003     0.94369962E+002
     0.23393958E+001     0.63658198E+002     0.71716666E+003     0.46038350E+003
     0.23429297E+001     0.63754358E+002     0.46433268E+003     0.74581373E+003
     0.23464635E+001     0.63850519E+002     0.11434914E+003     0.89664707E+003
     0.23499973E+001     0.63946679E+002    -0.26636740E+003     0.88443092E+003
     0.23535312E+001     0.64042840E+002    -0.60560674E+003     0.71160224E+003
     0.23570650E+001     0.64139000E+002    -0.83909279E+003     0.41112147E+003
     0.23605988E+001     0.64235160E+002    -0.92267816E+003     0.40039288E+002
     0.23641326E+001     0.64331321E+002    -0.84063517E+003    -0.33124395E+003
     0.23676665E+001     0.64427481E+002    -0.60864454E+003    -0.63234867E+003
     0.23712003E+001     0.64523642E+002    -0.27079235E+003    -0.80625650E+003
     0.23747341E+001     0.64619802E+002     0.10881047E+003    -0.82010489E+003
     0.23782680E+001     0.64715963E+002     0.45819560E+003    -0.67139422E+003
     0.23818018E+001     0.64812123E+002     0.71118480E+003    -0.38843469E+003
     0.23853356E+001     0.64908283E+002     0.81992366E+003    -0.24953508E+002
     0.23888695E+001     0.65004444E+002     0.76393690E+003     0.35010699E+003
     0.23924033E+001     0.65100604E+002     0.55398450E+003     0.66566924E+003
     0.23959371E+001     0.65196765E+002     0.22999559E+003     0.86199181E+003
     0.23994709E+001     0.65292925E+002    -0.14652324E+003     0.90198111E+003
     0.24030048E+001     0.65389085E+002    -0.50416258E+003     0.77820164E+003
     0.24065386E+001     0.65485246E+002    -0.77515066E+003     0.51425982E+003
     0.24100724E+001     0.65581406E+002    -0.90819411E+003     0.16030435E+003
     0.24136063E+001     0.65677567E+002    -0.87818337E+003    -0.21650012E+003
     0.24171401E+001     0.65773727E+002    -0.69093021E+003    -0.54471416E+003
     0.24206739E+001     0.65869888E+002    -0.38204031E+003    -0.76216593E+003
     0.24242078E+001     0.65966048E+002    -0.10144549E+002    -0.82772876E+003
     0.24277416E+001     0.66062208E+002     0.35425885E+003    -0.72909572E+003
     0.24312754E+001     0.66158369E+002     0.64211685E+003    -0.48505342E+003
     0.24348093E+001     0.66254529E+002     0.79893117E+003    -0.14197764E+003
     0.24383431E+001     0.66350690E+002     0.79513375E+003     0.23504514E+003
     0.24418769E+001     0.66446850E+002     0.63157197E+003     0.57456705E+003
     0.24454107E+001     0.66543010E+002     0.33937785E+003     0.81228643E+003
     0.24489446E+001     0.66639171E+002    -0.25964076E+002     0.90324794E+003
     0.24524784E+001     0.66735331E+002    -0.39515278E+003     0.83034306E+003
     0.24560122E+001     0.66831492E+002    -0.69821393E+003     0.60752906E+003
     0.24595461E+001     0.66927652E+002    -0.87775982E+003     0.27715914E+003
     0.24630799E+001     0.67023813E+002    -0.89985394E+003    -0.98065981E+002
     0.24666137E+001     0.67119973E+002    -0.76042268E+003    -0.44699565E+003
     0.24701476E+001     0.67216133E+002    -0.48600341E+003    -0.70351821E+003
     0.24736814E+001     0.67312294E+002    -0.12869145E+003    -0.81908433E+003
     0.24772152E+001     0.67408454E+002     0.24375086E+003    -0.77189266E+003
     0.24807491E+001     0.67504615E+002     0.56074792E+003    -0.57099996E+003
     0.24842829E+001     0.67600775E+002     0.76228465E+003    -0.25458021E+003
     0.24878167E+001     0.67696936E+002     0.81027121E+003     0.11733102E+003
     0.24913505E+001     0.67793096E+002     0.69574297E+003     0.47422989E+003
     0.24948844E+001     0.67889256E+002     0.44053603E+003     0.74851156E+003
     0.24984182E+001     0.67985417E+002     0.93126891E+002     0.88827717E+003
     0.25019520E+001     0.68081577E+002    -0.28057487E+003     0.86715760E+003
     0.25054859E+001     0.68177738E+002    -0.60972773E+003     0.68928725E+003
     0.25090197E+001     0.68273898E+002    -0.83198502E+003     0.38849966E+003
     0.25125535E+001     0.68370058E+002    -0.90530225E+003     0.21893139E+002
     0.25160874E+001     0.68466219E+002    -0.81588767E+003    -0.34100589E+003
     0.25196212E+001     0.68562379E+002    -0.58079427E+003    -0.63142565E+003
     0.25231550E+001     0.68658540E+002    -0.24466533E+003    -0.79437925E+003
     0.25266888E+001     0.68754700E+002     0.12874532E+003    -0.79907295E+003
     0.25302227E+001     0.68850861E+002     0.46866733E+003    -0.64472244E+003
     0.25337565E+001     0.68947021E+002     0.71072810E+003    -0.36067905E+003
     0.25372903E+001     0.69043181E+002     0.80914491E+003    -0.84597123E+000
     0.25408242E+001     0.69139342E+002     0.74538554E+003     0.36655305E+003
     0.25443580E+001     0.69235502E+002     0.53165953E+003     0.67191088E+003
     0.25478918E+001     0.69331663E+002     0.20858184E+003     0.85742642E+003
     0.25514257E+001     0.69427823E+002    -0.16254308E+003     0.88804708E+003
     0.25549595E+001     0.69523983E+002    -0.51135153E+003     0.75809410E+003
     0.25584933E+001     0.69620144E+002    -0.77175936E+003     0.49231651E+003
     0.25620272E+001     0.69716304E+002    -0.89447909E+003     0.14118001E+003
     0.25655610E+001     0.69812465E+002    -0.85634618E+003    -0.22871320E+003
     0.25690948E+001     0.69908625E+002    -0.66468900E+003    -0.54725486E+003
     0.25726286E+001     0.70004786E+002    -0.35591835E+003    -0.75411620E+003
     0.25761625E+001     0.70100946E+002     0.11391923E+002    -0.81017094E+003
     0.25796963E+001     0.70197106E+002     0.36761832E+003    -0.70489313E+003
     0.25832301E+001     0.70293267E+002     0.64528659E+003    -0.45833090E+003
     0.25867640E+001     0.70389427E+002     0.79185375E+003    -0.11728647E+003
     0.25902978E+001     0.70485588E+002     0.77965258E+003     0.25356989E+003
     0.25938316E+001     0.70581748E+002     0.61111554E+003     0.58396507E+003
     0.25973655E+001     0.70677909E+002     0.31829296E+003     0.81134057E+003
     0.26008993E+001     0.70774069E+002    -0.43240025E+002     0.89269954E+003
     0.26044331E+001     0.70870229E+002    -0.40492894E+003     0.81273890E+003
     0.26079670E+001     0.70966390E+002    -0.69823705E+003     0.58672947E+003
     0.26115008E+001     0.71062550E+002    -0.86762998E+003     0.25760153E+003
     0.26150346E+001     0.71158711E+002    -0.88108797E+003    -0.11220761E+003
     0.26185684E+001     0.71254871E+002    -0.73615568E+003    -0.45259606E+003
     0.26221023E+001     0.71351031E+002    -0.46038749E+003    -0.69908342E+003
     0.26256361E+001     0.71447192E+002    -0.10610628E+003    -0.80502314E+003
     0.26291699E+001     0.71543352E+002     0.25952591E+003    -0.75042729E+003
     0.26327038E+001     0.71639513E+002     0.56724170E+003    -0.54573527E+003
     0.26362376E+001     0.71735673E+002     0.75879266E+003    -0.22981554E+003
     0.26397714E+001     0.71831834E+002     0.79797689E+003     0.13741732E+003
     0.26433053E+001     0.71927994E+002     0.67748248E+003     0.48636744E+003
     0.26468391E+001     0.72024154E+002     0.42025334E+003     0.75094882E+003
     0.26503729E+001     0.72120315E+002     0.75122393E+002     0.88110266E+003
     0.26539067E+001     0.72216475E+002    -0.29245685E+003     0.85227029E+003
     0.26574406E+001     0.72312636E+002    -0.61282132E+003     0.67002848E+003
     0.26609744E+001     0.72408796E+002    -0.82529806E+003     0.36901320E+003
     0.26645082E+001     0.72504957E+002    -0.88969272E+003     0.63388295E+001
     0.26680421E+001     0.72601117E+002    -0.79389041E+003    -0.34923651E+003
     0.26715759E+001     0.72697277E+002    -0.55613240E+003    -0.63034423E+003
     0.26751097E+001     0.72793438E+002    -0.22154068E+003    -0.78376672E+003
     0.26786436E+001     0.72889598E+002     0.14644758E+003    -0.78050973E+003
     0.26821774E+001     0.72985759E+002     0.47810929E+003    -0.62127912E+003
     0.26857112E+001     0.73081919E+002     0.71064776E+003    -0.33632812E+003
     0.26892451E+001     0.73178079E+002     0.80008428E+003     0.20292979E+002
     0.26927789E+001     0.73274240E+002     0.72957727E+003     0.38099110E+003
     0.26963127E+001     0.73370400E+002     0.51259520E+003     0.67744373E+003
     0.26998465E+001     0.73466561E+002     0.19034592E+003     0.85354199E+003
     0.27033804E+001     0.73562721E+002    -0.17604716E+003     0.87601193E+003
     0.27069142E+001     0.73658882E+002    -0.51713664E+003     0.74070321E+003
     0.27104480E+001     0.73755042E+002    -0.76831205E+003     0.47335689E+003
     0.27139819E+001     0.73851202E+002    -0.88203600E+003     0.12471032E+003
     0.27175157E+001     0.73947363E+002    -0.83683848E+003    -0.23912958E+003
     0.27210495E+001     0.74043523E+002    -0.64136824E+003    -0.54921913E+003
     0.27245834E+001     0.74139684E+002    -0.33273320E+003    -0.74683898E+003
     0.27281172E+001     0.74235844E+002     0.30541246E+002    -0.79461011E+003
     0.27316510E+001     0.74332004E+002     0.37961724E+003    -0.68356528E+003
     0.27351849E+001     0.74428165E+002     0.64838978E+003    -0.43482506E+003
     0.27387187E+001     0.74524325E+002     0.78600408E+003    -0.95580762E+002
     0.27422525E+001     0.74620486E+002     0.76648207E+003     0.26986032E+003
     0.27457863E+001     0.74716646E+002     0.59362791E+003     0.59226761E+003
     0.27493202E+001     0.74812807E+002     0.30028645E+003     0.81060514E+003
     0.27528540E+001     0.74908967E+002    -0.57889677E+002     0.88358414E+003
     0.27563878E+001     0.75005127E+002    -0.41300387E+003     0.79747971E+003
     0.27599217E+001     0.75101288E+002    -0.69777857E+003     0.56870553E+003
     0.27634555E+001     0.75197448E+002    -0.85830007E+003     0.24069239E+003
     0.27669893E+001     0.75293609E+002    -0.86422353E+003    -0.12435706E+003
     0.27705232E+001     0.75389769E+002    -0.71450624E+003    -0.45726161E+003
     0.27740570E+001     0.75485930E+002    -0.43758771E+003    -0.69496981E+003
     0.27775908E+001     0.75582090E+002    -0.85985294E+002    -0.79249950E+003
     0.27811246E+001     0.75678250E+002     0.27366808E+003    -0.73144751E+003
     0.27846585E+001     0.75774411E+002     0.57325335E+003    -0.52345969E+003
     0.27881923E+001     0.75870571E+002     0.75606924E+003    -0.20800741E+003
     0.27917261E+001     0.75966732E+002     0.78756566E+003     0.15510549E+003
     0.27952600E+001     0.76062892E+002     0.66187481E+003     0.49708272E+003
     0.27987938E+001     0.76159052E+002     0.40290489E+003     0.75317278E+003
     0.28023276E+001     0.76255213E+002     0.59783467E+002     0.87493219E+003
     0.28058615E+001     0.76351373E+002    -0.30243292E+003     0.83932684E+003
     0.28093953E+001     0.76447534E+002    -0.61506201E+003     0.65327637E+003
     0.28129291E+001     0.76543694E+002    -0.81896209E+003     0.35209607E+003
     0.28164630E+001     0.76639855E+002    -0.87554831E+003    -0.71019943E+001
     0.28199968E+001     0.76736015E+002    -0.77417006E+003    -0.35623719E+003
     0.28235306E+001     0.76832175E+002    -0.53410553E+003    -0.62917332E+003
     0.28270644E+001     0.76928336E+002    -0.20089146E+003    -0.77424460E+003
     0.28305983E+001     0.77024496E+002     0.16231724E+003    -0.76403337E+003
     0.28341321E+001     0.77120657E+002     0.48671966E+003    -0.60054942E+003
     0.28376659E+001     0.77216817E+002     0.71090342E+003    -0.31483275E+003
     0.28411998E+001     0.77312977E+002     0.79247254E+003     0.38941824E+002
     0.28447336E+001     0.77409138E+002     0.71606716E+003     0.39373906E+003
     0.28482674E+001     0.77505298E+002     0.49625686E+003     0.68236698E+003
     0.28518013E+001     0.77601459E+002     0.17476517E+003     0.85020346E+003
     0.28553351E+001     0.77697619E+002    -0.18744846E+003     0.86553476E+003
     0.28588689E+001     0.77793780E+002    -0.52174484E+003     0.72554968E+003
     0.28624028E+001     0.77889940E+002    -0.76480998E+003     0.45685602E+003
     0.28659366E+001     0.77986100E+002    -0.87064346E+003     0.11042480E+003
     0.28694704E+001     0.78082261E+002    -0.81926231E+003    -0.24807565E+003
     0.28730042E+001     0.78178421E+002    -0.62047183E+003    -0.55072947E+003
     0.28765381E+001     0.78274582E+002    -0.31198931E+003    -0.74023275E+003
     0.28800719E+001     0.78370742E+002     0.47711128E+002    -0.78074339E+003
     0.28836057E+001     0.78466903E+002     0.39048631E+003    -0.66465783E+003
     0.28871396E+001     0.78563063E+002     0.65143511E+003    -0.41403568E+003
     0.28906734E+001     0.78659223E+002     0.78118876E+003    -0.76405791E+002
     0.28942072E+001     0.78755384E+002     0.75525277E+003     0.28424918E+003
     0.28977411E+001     0.78851544E+002     0.57863269E+003     0.59961967E+003
     0.29012749E+001     0.78947705E+002     0.28487036E+003     0.81000889E+003
     0.29048087E+001     0.79043865E+002    -0.70323910E+002     0.87563451E+003
     0.29083425E+001     0.79140025E+002    -0.41963460E+003     0.78415288E+003
     0.29118764E+001     0.79236186E+002    -0.69689877E+003     0.55298187E+003
     0.29154102E+001     0.79332346E+002    -0.84962792E+003     0.22596783E+003
     0.29189440E+001     0.79428507E+002    -0.84892532E+003    -0.13486687E+003
     0.29224779E+001     0.79524667E+002    -0.69502768E+003    -0.46115485E+003
     0.29260117E+001     0.79620828E+002    -0.41713742E+003    -0.69113957E+003
     0.29295455E+001     0.79716988E+002    -0.67923109E+002    -0.78128076E+003
     0.29330794E+001     0.79813148E+002     0.28644384E+003    -0.71456968E+003
     0.29366132E+001     0.79909309E+002     0.57885900E+003    -0.50371217E+003
     0.29401470E+001     0.80005469E+002     0.75398517E+003    -0.18870595E+003
     0.29436809E+001     0.80101630E+002     0.77872632E+003     0.17074723E+003
     0.29472147E+001     0.80197790E+002     0.64848412E+003     0.50655836E+003
     0.29507485E+001     0.80293951E+002     0.38801421E+003     0.75515019E+003
     0.29542823E+001     0.80390111E+002     0.46723132E+002     0.86949561E+003
     0.29578162E+001     0.80486271E+002    -0.31070109E+003     0.82801542E+003
     0.29613500E+001     0.80582432E+002    -0.61654745E+003     0.63865212E+003
     0.29648838E+001     0.80678592E+002    -0.81290673E+003     0.33735095E+003
     0.29684177E+001     0.80774753E+002    -0.86263355E+003    -0.18761646E+002
     0.29719515E+001     0.80870913E+002    -0.75637058E+003    -0.36220721E+003
     0.29754853E+001     0.80967073E+002    -0.51430672E+003    -0.62793962E+003
     0.29790192E+001     0.81063234E+002    -0.18233908E+003    -0.76566216E+003
     0.29825530E+001     0.81159394E+002     0.17663166E+003    -0.74934549E+003
     0.29860868E+001     0.81255555E+002     0.49462188E+003    -0.58214510E+003
     0.29896207E+001     0.81351715E+002     0.71144204E+003    -0.29578906E+003
     0.29931545E+001     0.81447876E+002     0.78609129E+003     0.55444257E+002
     0.29966883E+001     0.81544036E+002     0.70451291E+003     0.40501654E+003
     0.30002221E+001     0.81640196E+002     0.48224293E+003     0.68673625E+003
     0.30037560E+001     0.81736357E+002     0.16145359E+003     0.84729346E+003
     0.30072898E+001     0.81832517E+002    -0.19704579E+003     0.85634904E+003
     0.30108236E+001     0.81928678E+002    -0.52533370E+003     0.71226937E+003
     0.30143575E+001     0.82024838E+002    -0.76124242E+003     0.44242136E+003
     0.30178913E+001     0.82120998E+002    -0.86012798E+003     0.97976422E+002
     0.30214251E+001     0.82217159E+002    -0.80331639E+003    -0.25579175E+003
     0.30249590E+001     0.82313319E+002    -0.60162730E+003    -0.55187478E+003
     0.30284928E+001     0.82409480E+002    -0.29331116E+003    -0.73421991E+003
     0.30320266E+001     0.82505640E+002     0.63207350E+002    -0.76833961E+003
     0.30355604E+001     0.82601801E+002     0.40040287E+003    -0.64783229E+003
     0.30390943E+001     0.82697961E+002     0.65444077E+003    -0.39558117E+003
     0.30426281E+001     0.82794121E+002     0.77726379E+003    -0.59407356E+002
     0.30461619E+001     0.82890282E+002     0.74568526E+003     0.29699785E+003
     0.30496958E+001     0.82986442E+002     0.56576815E+003     0.60614143E+003
     0.30532296E+001     0.83082603E+002     0.27166347E+003     0.80951135E+003
     0.30567634E+001     0.83178763E+002    -0.80870016E+002     0.86865281E+003
     0.30602973E+001     0.83274924E+002    -0.42503453E+003     0.77244081E+003
     0.30638311E+001     0.83371084E+002    -0.69564764E+003     0.53917443E+003
     0.30673649E+001     0.83467244E+002    -0.84148494E+003     0.21309804E+003
     0.30708988E+001     0.83563405E+002    -0.83497410E+003    -0.14398934E+003
     0.30744326E+001     0.83659565E+002    -0.67740319E+003    -0.46444437E+003
     0.30779664E+001     0.83755726E+002    -0.39866730E+003    -0.68758990E+003
     0.30815002E+001     0.83851886E+002    -0.51591771E+002    -0.77120456E+003
     0.30850341E+001     0.83948046E+002     0.29808069E+003    -0.69950782E+003
     0.30885679E+001     0.84044207E+002     0.58414494E+003    -0.48613665E+003
     0.30921017E+001     0.84140367E+002     0.75247051E+003    -0.17155024E+003
     0.30956356E+001     0.84236528E+002     0.77124653E+003     0.18464379E+003
     0.30991694E+001     0.84332688E+002     0.63699536E+003     0.51498506E+003
     0.31027032E+001     0.84428849E+002     0.37521907E+003     0.75693860E+003
     0.31062371E+001     0.84525009E+002     0.35556638E+002     0.86473422E+003
     0.31097709E+001     0.84621169E+002    -0.31762524E+003     0.81802635E+003
     0.31133047E+001     0.84717330E+002    -0.61742821E+003     0.62573597E+003
     0.31168386E+001     0.84813490E+002    -0.80709155E+003     0.32434738E+003
     0.31203724E+001     0.84909651E+002    -0.85073193E+003    -0.29011805E+002
     0.31239062E+001     0.85005811E+002    -0.74013763E+003    -0.36739286E+003
     0.31274400E+001     0.85101971E+002    -0.49630631E+003    -0.62671740E+003
     0.31309739E+001     0.85198132E+002    -0.16545476E+003    -0.75790240E+003
     0.31345077E+001     0.85294292E+002     0.18973833E+003    -0.73615016E+003
     0.31380415E+001     0.85390453E+002     0.50201096E+003    -0.56563584E+003
     0.31415754E+001     0.85486613E+002     0.71225623E+003    -0.27870402E+003
     0.31451092E+001     0.85582774E+002     0.78071167E+003     0.70266791E+002
     0.31486430E+001     0.85678934E+002     0.69448091E+003     0.41516884E+003
     0.31521769E+001     0.85775094E+002     0.46996910E+003     0.69068704E+003
     0.31557107E+001     0.85871255E+002     0.14976521E+003     0.84466770E+003
     0.31592445E+001     0.85967415E+002    -0.20542692E+003     0.84798642E+003
     0.31627783E+001     0.86063576E+002    -0.52827653E+003     0.70005445E+003
     0.31663122E+001     0.86159736E+002    -0.75754489E+003     0.42892922E+003
     0.31698460E+001     0.86255897E+002    -0.84956472E+003     0.86058386E+002
     0.31733798E+001     0.86352057E+002    -0.78622937E+003    -0.26263478E+003
     0.31769137E+001     0.86448217E+002    -0.58463169E+003    -0.54945024E+003
     0.31804475E+001     0.86544378E+002    -0.27793810E+003    -0.72797305E+003
     0.31839813E+001     0.86640538E+002     0.76197814E+002    -0.75739933E+003
     0.31875152E+001     0.86736699E+002     0.40889512E+003    -0.63333506E+003
     0.31910490E+001     0.86832859E+002     0.65718590E+003    -0.37975290E+003
     0.31945828E+001     0.86929019E+002     0.77417110E+003    -0.44840930E+002
     0.31981167E+001     0.87025180E+002     0.73781735E+003     0.30791690E+003
     0.32016505E+001     0.87121340E+002     0.55511905E+003     0.61171371E+003
     0.32051843E+001     0.87217501E+002     0.26076618E+003     0.80905500E+003
     0.32087181E+001     0.87313661E+002    -0.89433863E+002     0.86263222E+003
     0.32122520E+001     0.87409822E+002    -0.42912752E+003     0.76237477E+003
     0.32157858E+001     0.87505982E+002    -0.69398358E+003     0.52734536E+003
     0.32193196E+001     0.87602142E+002    -0.83387066E+003     0.20211440E+003
     0.32228535E+001     0.87698303E+002    -0.82234136E+003    -0.15168826E+003
     0.32263873E+001     0.87794463E+002    -0.66162974E+003    -0.46704935E+003
     0.32299211E+001     0.87890624E+002    -0.38221573E+003    -0.68426324E+003
     0.32334550E+001     0.87986784E+002    -0.37042131E+002    -0.76223338E+003
     0.32369888E+001     0.88082945E+002     0.30851991E+003    -0.68624490E+003
     0.32405226E+001     0.88179105E+002     0.58905249E+003    -0.47073974E+003
     0.32440565E+001     0.88275265E+002     0.75147712E+003    -0.15657007E+003
     0.32475903E+001     0.88371426E+002     0.76509948E+003     0.19674749E+003
     0.32511241E+001     0.88467586E+002     0.62741135E+003     0.52230789E+003
     0.32546579E+001     0.88563747E+002     0.36455482E+003     0.75848802E+003
     0.32581918E+001     0.88659907E+002     0.26360719E+002     0.86061285E+003
     0.32617256E+001     0.88756067E+002    -0.32309592E+003     0.80940644E+003
     0.32652594E+001     0.88852228E+002    -0.61763297E+003     0.61463137E+003
     0.32687933E+001     0.88948388E+002    -0.80149183E+003     0.31322892E+003
     0.32723271E+001     0.89044549E+002    -0.83989096E+003    -0.37685417E+002
     0.32758609E+001     0.89140709E+002    -0.72560254E+003    -0.37164397E+003
     0.32793948E+001     0.89236870E+002    -0.48031026E+003    -0.62541427E+003
     0.32829286E+001     0.89333030E+002    -0.15049324E+003    -0.75096981E+003
     0.32864624E+001     0.89429190E+002     0.20138342E+003    -0.72457537E+003
     0.32899962E+001     0.89525351E+002     0.50869392E+003    -0.55126672E+003
     0.32935301E+001     0.89621511E+002     0.71322032E+003    -0.26393968E+003
     0.32970639E+001     0.89717672E+002     0.77646103E+003     0.82922506E+002
     0.33005977E+001     0.89813832E+002     0.68639514E+003     0.42377398E+003
     0.33041316E+001     0.89909992E+002     0.46013754E+003     0.69401472E+003
     0.33076654E+001     0.90006153E+002     0.14060348E+003     0.84251164E+003
     0.33111992E+001     0.90102313E+002    -0.21165868E+003     0.84120464E+003
     0.33147331E+001     0.90198474E+002    -0.52992951E+003     0.69040577E+003
     0.33182669E+001     0.90294634E+002    -0.75395096E+003     0.41872944E+003
     0.33218007E+001     0.90390795E+002    -0.84133154E+003     0.77664276E+002
     0.33253346E+001     0.90486955E+002    -0.77556549E+003    -0.26818308E+003
     0.33288684E+001     0.90583115E+002    -0.56914778E+003    -0.55332513E+003
     0.33324022E+001     0.90679276E+002    -0.26119743E+003    -0.72379154E+003
     0.33359360E+001     0.90775436E+002     0.89958358E+002    -0.74734290E+003
     0.33394699E+001     0.90871597E+002     0.41783415E+003    -0.61956625E+003
     0.33430037E+001     0.90967757E+002     0.66037652E+003    -0.36469999E+003
     0.33465375E+001     0.91063918E+002     0.77171008E+003    -0.31034576E+002
     0.33500714E+001     0.91160078E+002     0.73081701E+003     0.31823902E+003
     0.33536052E+001     0.91256238E+002     0.54550657E+003     0.61699716E+003
     0.33571390E+001     0.91352399E+002     0.25092683E+003     0.80870460E+003
     0.33606729E+001     0.91448559E+002    -0.97100415E+002     0.85711291E+003
     0.33642067E+001     0.91544720E+002    -0.43265477E+003     0.75311612E+003
     0.33677405E+001     0.91640880E+002    -0.69220089E+003     0.51646461E+003
     0.33712744E+001     0.91737040E+002    -0.82661589E+003     0.19201559E+003
     0.33748082E+001     0.91833201E+002    -0.81048405E+003    -0.15876824E+003
     0.33783420E+001     0.91929361E+002    -0.64689967E+003    -0.46946036E+003
     0.33818758E+001     0.92025522E+002    -0.36687120E+003    -0.68124799E+003
     0.33854097E+001     0.92121682E+002    -0.23440713E+002    -0.75406346E+003
     0.33889435E+001     0.92217843E+002     0.31836533E+003    -0.67416259E+003
     0.33924773E+001     0.92314003E+002     0.59385106E+003    -0.45671793E+003
     0.33960112E+001     0.92410163E+002     0.75089871E+003    -0.14293544E+003
     0.33995450E+001     0.92506324E+002     0.75983095E+003     0.20775521E+003
     0.34030788E+001     0.92602484E+002     0.61902064E+003     0.52895802E+003
     0.34066127E+001     0.92698645E+002     0.35518968E+003     0.75988231E+003
     0.34101465E+001     0.92794805E+002     0.18339996E+002     0.85684955E+003
     0.34136803E+001     0.92890966E+002    -0.32772077E+003     0.80155599E+003
     0.34172141E+001     0.92987126E+002    -0.61746305E+003     0.60452870E+003
     0.34207480E+001     0.93083286E+002    -0.79604172E+003     0.30312293E+003
     0.34242818E+001     0.93179447E+002    -0.82967490E+003    -0.45559106E+002
     0.34278156E+001     0.93275607E+002    -0.71203187E+003    -0.37548510E+003
     0.34313495E+001     0.93371768E+002    -0.46542179E+003    -0.62419597E+003
     0.34348833E+001     0.93467928E+002    -0.13656096E+003    -0.74462859E+003
     0.34384171E+001     0.93564088E+002     0.21227968E+003    -0.71402010E+003
     0.34419510E+001     0.93660249E+002     0.51506796E+003    -0.53820838E+003
     0.34454848E+001     0.93756409E+002     0.71451198E+003    -0.25051733E+003
     0.34490186E+001     0.93852570E+002     0.77290300E+003     0.94560713E+002
     0.34525525E+001     0.93948730E+002     0.67924712E+003     0.43168829E+003
     0.34560863E+001     0.94044891E+002     0.45133727E+003     0.69705480E+003
     0.34596201E+001     0.94141051E+002     0.13237539E+003     0.84045552E+003
     0.34631539E+001     0.94237211E+002    -0.21721435E+003     0.83479107E+003
     0.34666878E+001     0.94333372E+002    -0.53122977E+003     0.68118958E+003
     0.34702216E+001     0.94429532E+002    -0.75022466E+003     0.40878369E+003
     0.34737554E+001     0.94525693E+002    -0.83275979E+003     0.69186694E+002
     0.34772893E+001     0.94621853E+002    -0.76324134E+003    -0.27328527E+003
     0.34808231E+001     0.94718013E+002    -0.55486449E+003    -0.55379213E+003
     0.34843569E+001     0.94814174E+002    -0.24710597E+003    -0.71924358E+003
     0.34878908E+001     0.94910334E+002     0.10175646E+003    -0.73834310E+003
     0.34914246E+001     0.95006495E+002     0.42567667E+003    -0.60749901E+003
     0.34949584E+001     0.95102655E+002     0.66328445E+003    -0.35148917E+003
     0.34984923E+001     0.95198816E+002     0.76965586E+003    -0.19126995E+002
     0.35020261E+001     0.95294976E+002     0.72499622E+003     0.32706189E+003
     0.35055599E+001     0.95391136E+002     0.53750132E+003     0.62144379E+003
     0.35090937E+001     0.95487297E+002     0.24278922E+003     0.80825494E+003
     0.35126276E+001     0.95583457E+002    -0.10328495E+003     0.85217689E+003
     0.35161614E+001     0.95679618E+002    -0.43517512E+003     0.74495203E+003
     0.35196952E+001     0.95775778E+002    -0.69004508E+003     0.50693556E+003
     0.35232291E+001     0.95871939E+002    -0.81965987E+003     0.18323348E+003
     0.35267629E+001     0.95968099E+002    -0.79951085E+003    -0.16484325E+003
     0.35302967E+001     0.96064259E+002    -0.63344708E+003    -0.47139008E+003
     0.35338306E+001     0.96160420E+002    -0.35293676E+003    -0.67838505E+003
     0.35373644E+001     0.96256580E+002    -0.11103788E+002    -0.74666916E+003
     0.35408982E+001     0.96352741E+002     0.32734075E+003    -0.66335360E+003
     0.35444320E+001     0.96448901E+002     0.59833943E+003    -0.44424133E+003
     0.35479659E+001     0.96545061E+002     0.75059784E+003    -0.13088126E+003
     0.35514997E+001     0.96641222E+002     0.75543699E+003     0.21740110E+003
     0.35550335E+001     0.96737382E+002     0.61193217E+003     0.53470974E+003
     0.35585674E+001     0.96833543E+002     0.34731311E+003     0.76097236E+003
     0.35621012E+001     0.96929703E+002     0.11725784E+002     0.85339444E+003
     0.35656350E+001     0.97025864E+002    -0.33127022E+003     0.79453113E+003
     0.35691689E+001     0.97122024E+002    -0.61673400E+003     0.59557910E+003
     0.35727027E+001     0.97218184E+002    -0.79063571E+003     0.29424850E+003
     0.35762365E+001     0.97314345E+002    -0.82008041E+003    -0.52383748E+002
     0.35797704E+001     0.97410505E+002    -0.69952718E+003    -0.37868451E+003
     0.35833042E+001     0.97506666E+002    -0.45182924E+003    -0.62289004E+003
     0.35868380E+001     0.97602826E+002    -0.12389879E+003    -0.73879583E+003
     0.35903718E+001     0.97698986E+002     0.22218020E+003    -0.70449733E+003
     0.35939057E+001     0.97795147E+002     0.52090902E+003    -0.52652823E+003
     0.35974395E+001     0.97891307E+002     0.71577260E+003    -0.23861412E+003
     0.36009733E+001     0.97987468E+002     0.76993410E+003     0.10471991E+003
     0.36045072E+001     0.98083628E+002     0.67320081E+003     0.43847676E+003
     0.36080410E+001     0.98179789E+002     0.44394475E+003     0.69949357E+003
     0.36115748E+001     0.98275949E+002     0.12561562E+003     0.83839690E+003
     0.36151087E+001     0.98372109E+002    -0.22149220E+003     0.82894362E+003
     0.36186425E+001     0.98468270E+002    -0.53165815E+003     0.67298003E+003
     0.36221763E+001     0.98564430E+002    -0.74617697E+003     0.40008279E+003
     0.36257102E+001     0.98660591E+002    -0.82446855E+003     0.61950630E+002
     0.36292440E+001     0.98756751E+002    -0.75175253E+003    -0.27738955E+003
     0.36327778E+001     0.98852912E+002    -0.54183681E+003    -0.55370711E+003
     0.36363116E+001     0.98949072E+002    -0.23449352E+003    -0.71472654E+003
     0.36398455E+001     0.99045232E+002     0.11208031E+003    -0.73002075E+003
     0.36433793E+001     0.99141393E+002     0.43228914E+003    -0.59676425E+003
     0.36469131E+001     0.99237553E+002     0.66556496E+003    -0.34025961E+003
     0.36504470E+001     0.99333714E+002     0.76784390E+003    -0.91400378E+001
     0.36539808E+001     0.99429874E+002     0.71993747E+003     0.33384803E+003
     0.36575146E+001     0.99526034E+002     0.53126286E+003     0.62376495E+003
     0.36610485E+001     0.99622195E+002     0.23844615E+003     0.80616888E+003
     0.36645823E+001     0.99718355E+002    -0.10380697E+003     0.85154013E+003
     0.36681161E+001     0.99814516E+002    -0.43937965E+003     0.74074329E+003
     0.36716499E+001     0.99910676E+002    -0.68988649E+003     0.49879637E+003
     0.36751838E+001     0.10000684E+003    -0.81444794E+003     0.17484309E+003
     0.36787176E+001     0.10010300E+003    -0.79005668E+003    -0.17112472E+003
     0.36822514E+001     0.10019916E+003    -0.62126340E+003    -0.47398929E+003
     0.36857853E+001     0.10029532E+003    -0.33994805E+003    -0.67656190E+003
     0.36893191E+001     0.10039148E+003     0.69665992E+000    -0.74057147E+003
     0.36928529E+001     0.10048764E+003     0.33624429E+003    -0.65394921E+003
     0.36963868E+001     0.10058380E+003     0.60323627E+003    -0.43312299E+003
     0.36999206E+001     0.10067996E+003     0.75119463E+003    -0.11990887E+003
     0.37034544E+001     0.10077612E+003     0.75217552E+003     0.22640558E+003
     0.37069883E+001     0.10087228E+003     0.60605335E+003     0.54028475E+003
     0.37105221E+001     0.10096844E+003     0.34053872E+003     0.76234847E+003
     0.37140559E+001     0.10106460E+003     0.59277368E+001     0.85060787E+003
     0.37175897E+001     0.10116076E+003    -0.33442188E+003     0.78840724E+003
     0.37211236E+001     0.10125692E+003    -0.61608481E+003     0.58756949E+003
     0.37246574E+001     0.10135308E+003    -0.78576074E+003     0.28615060E+003
     0.37281912E+001     0.10144924E+003    -0.81135824E+003    -0.58769538E+002
     0.37317251E+001     0.10154540E+003    -0.68806239E+003    -0.38189505E+003
     0.37352589E+001     0.10164156E+003    -0.43923805E+003    -0.62207376E+003
     0.37387927E+001     0.10173772E+003    -0.11200010E+003    -0.73386954E+003
     0.37423266E+001     0.10183388E+003     0.23171034E+003    -0.69615650E+003
     0.37458604E+001     0.10193004E+003     0.52685282E+003    -0.51611029E+003
     0.37493942E+001     0.10202621E+003     0.71759749E+003    -0.22784161E+003
     0.37529281E+001     0.10212237E+003     0.76788873E+003     0.11406679E+003
     0.37564619E+001     0.10221853E+003     0.66826329E+003     0.44489659E+003
     0.37599957E+001     0.10231469E+003     0.43763321E+003     0.70204533E+003
     0.37635295E+001     0.10241085E+003     0.11969822E+003     0.83687317E+003
     0.37670634E+001     0.10250701E+003    -0.22533155E+003     0.82390479E+003
     0.37705972E+001     0.10260317E+003    -0.53213639E+003     0.66564350E+003
     0.37741310E+001     0.10269933E+003    -0.74264990E+003     0.39208914E+003
     0.37776649E+001     0.10279549E+003    -0.81704672E+003     0.55052507E+002
     0.37811987E+001     0.10289165E+003    -0.74127425E+003    -0.28165704E+003
     0.37847325E+001     0.10298781E+003    -0.52970392E+003    -0.55431153E+003
     0.37882664E+001     0.10308397E+003    -0.22240310E+003    -0.71132470E+003
     0.37918002E+001     0.10318013E+003     0.12245581E+003    -0.72301205E+003
     0.37953340E+001     0.10327629E+003     0.43961107E+003    -0.58720163E+003
     0.37988678E+001     0.10337245E+003     0.66906448E+003    -0.32963588E+003
     0.38024017E+001     0.10346861E+003     0.76743462E+003     0.90860981E+000
     0.38059355E+001     0.10356477E+003     0.71616191E+003     0.34185972E+003
     0.38094693E+001     0.10366093E+003     0.52501301E+003     0.62869734E+003
     0.38130032E+001     0.10375709E+003     0.23022236E+003     0.80716433E+003
     0.38165370E+001     0.10385325E+003    -0.11237428E+003     0.84353198E+003
     0.38200708E+001     0.10394941E+003    -0.43791513E+003     0.73097603E+003
     0.38236047E+001     0.10404557E+003    -0.68479087E+003     0.49085805E+003
     0.38271385E+001     0.10414173E+003    -0.80630474E+003     0.16867232E+003
     0.38306723E+001     0.10423790E+003    -0.77950537E+003    -0.17457571E+003
     0.38342062E+001     0.10433406E+003    -0.60952141E+003    -0.47392232E+003
     0.38377400E+001     0.10443022E+003    -0.32857960E+003    -0.67274705E+003
     0.38412738E+001     0.10452638E+003     0.10109346E+002    -0.73348951E+003
     0.38448076E+001     0.10462254E+003     0.34243723E+003    -0.64475613E+003
     0.38483415E+001     0.10471870E+003     0.60554924E+003    -0.42347036E+003
     0.38518753E+001     0.10481486E+003     0.74976624E+003    -0.11166506E+003
     0.38554091E+001     0.10491102E+003     0.74804032E+003     0.23148451E+003
     0.38589430E+001     0.10500718E+003     0.60121603E+003     0.54089526E+003
     0.38624768E+001     0.10510334E+003     0.33839031E+003     0.75818377E+003
     0.38660106E+001     0.10519950E+003     0.12774423E+002     0.84639812E+003
     0.38695445E+001     0.10529566E+003    -0.33605026E+003     0.79691782E+003
     0.38730783E+001     0.10539182E+003    -0.62094001E+003     0.58412093E+003
     0.38766121E+001     0.10548798E+003    -0.78516202E+003     0.27869013E+003
     0.38801460E+001     0.10558414E+003    -0.80560782E+003    -0.66055704E+002
     0.38836798E+001     0.10568030E+003    -0.67849477E+003    -0.38669794E+003
     0.38872136E+001     0.10577646E+003    -0.42764146E+003    -0.62312332E+003
     0.38907474E+001     0.10587262E+003    -0.10032891E+003    -0.73081412E+003
     0.38942813E+001     0.10596878E+003     0.24164724E+003    -0.68948956E+003
     0.38978151E+001     0.10606494E+003     0.53368756E+003    -0.50701544E+003
     0.39013489E+001     0.10616110E+003     0.72062632E+003    -0.21793874E+003
     0.39048828E+001     0.10625726E+003     0.76718812E+003     0.12303154E+003
     0.39084166E+001     0.10635342E+003     0.66467489E+003     0.45149921E+003
     0.39119504E+001     0.10644958E+003     0.43236260E+003     0.70525185E+003
     0.39154843E+001     0.10654575E+003     0.11440822E+003     0.83629419E+003
     0.39190181E+001     0.10664191E+003    -0.22902084E+003     0.81992364E+003
     0.39225519E+001     0.10673807E+003    -0.53293988E+003     0.65928517E+003
     0.39260857E+001     0.10683423E+003    -0.73984660E+003     0.38481858E+003
     0.39296196E+001     0.10693039E+003    -0.81061056E+003     0.48493000E+002
     0.39331534E+001     0.10702655E+003    -0.73186809E+003    -0.28603598E+003
     0.39366872E+001     0.10712271E+003    -0.51854601E+003    -0.55546615E+003
     0.39402211E+001     0.10721887E+003    -0.21103225E+003    -0.70882986E+003
     0.39437549E+001     0.10731503E+003     0.13247321E+003    -0.71713445E+003
     0.39472887E+001     0.10741119E+003     0.44697497E+003    -0.57884282E+003
     0.39508226E+001     0.10750735E+003     0.67298253E+003    -0.32015746E+003
     0.39543564E+001     0.10760351E+003     0.76776573E+003     0.99441608E+001
     0.39578902E+001     0.10769967E+003     0.71343638E+003     0.34898315E+003
     0.39614241E+001     0.10779583E+003     0.52032709E+003     0.63280516E+003
     0.39649579E+001     0.10789199E+003     0.22502923E+003     0.80772036E+003
     0.39684917E+001     0.10798815E+003    -0.11653782E+003     0.84066093E+003
     0.39720255E+001     0.10808431E+003    -0.43971284E+003     0.72543307E+003
     0.39755594E+001     0.10818047E+003    -0.68333064E+003     0.48388282E+003
     0.39790932E+001     0.10827663E+003    -0.80129589E+003     0.16175539E+003
     0.39826270E+001     0.10837279E+003    -0.77130222E+003    -0.17996731E+003
     0.39861609E+001     0.10846895E+003    -0.59904734E+003    -0.47660992E+003
     0.39896947E+001     0.10856511E+003    -0.31714842E+003    -0.67204342E+003
     0.39932285E+001     0.10866127E+003     0.21036785E+002    -0.72930422E+003
     0.39967624E+001     0.10875743E+003     0.35151169E+003    -0.63758478E+003
     0.40002962E+001     0.10885360E+003     0.61175386E+003    -0.41427248E+003
     0.40038300E+001     0.10894976E+003     0.75254610E+003    -0.10165259E+003
     0.40073639E+001     0.10904592E+003     0.74728685E+003     0.24109898E+003
     0.40108977E+001     0.10914208E+003     0.59701925E+003     0.54911832E+003
     0.40144315E+001     0.10923824E+003     0.33022684E+003     0.76412905E+003
     0.40179653E+001     0.10933440E+003    -0.25624488E+001     0.84546894E+003
     0.40214992E+001     0.10943056E+003    -0.33834334E+003     0.77778063E+003
     0.40250330E+001     0.10952672E+003    -0.61355863E+003     0.57391218E+003
     0.40285668E+001     0.10962288E+003    -0.77612680E+003     0.27248016E+003
     0.40321007E+001     0.10971904E+003    -0.79529718E+003    -0.69440750E+002
     0.40356345E+001     0.10981520E+003    -0.66749350E+003    -0.38712680E+003
     0.40391683E+001     0.10991136E+003    -0.41687302E+003    -0.62055296E+003
     0.40427022E+001     0.11000752E+003    -0.90856271E+002    -0.72543495E+003
     0.40462360E+001     0.11010368E+003     0.24880890E+003    -0.68199421E+003
     0.40497698E+001     0.11019984E+003     0.53786825E+003    -0.49848816E+003
     0.40533036E+001     0.11029600E+003     0.72165003E+003    -0.20966909E+003
     0.40568375E+001     0.11039216E+003     0.76541440E+003     0.12978985E+003
     0.40603713E+001     0.11048832E+003     0.66092461E+003     0.45564470E+003
     0.40639051E+001     0.11058448E+003     0.42800010E+003     0.70623988E+003
     0.40674390E+001     0.11068064E+003     0.11075993E+003     0.83417478E+003
     0.40709728E+001     0.11077680E+003    -0.23073107E+003     0.81527051E+003
     0.40745066E+001     0.11087296E+003    -0.53183219E+003     0.65314012E+003
     0.40780405E+001     0.11096912E+003    -0.73555959E+003     0.37849903E+003
     0.40815743E+001     0.11106528E+003    -0.80336823E+003     0.43346794E+002
     0.40851081E+001     0.11116145E+003    -0.72244157E+003    -0.28887764E+003
     0.40886420E+001     0.11125761E+003    -0.50811136E+003    -0.55530294E+003
     0.40921758E+001     0.11135377E+003    -0.20095035E+003    -0.70552251E+003
     0.40957096E+001     0.11144993E+003     0.14091072E+003    -0.71113038E+003
     0.40992434E+001     0.11154609E+003     0.45278708E+003    -0.57109181E+003
     0.41027773E+001     0.11164225E+003     0.67568172E+003    -0.31193323E+003
     0.41063111E+001     0.11173841E+003     0.76744819E+003     0.17283167E+002
     0.41098449E+001     0.11183457E+003     0.71076250E+003     0.35424840E+003
     0.41133788E+001     0.11193073E+003     0.51639604E+003     0.63520010E+003
     0.41169126E+001     0.11202689E+003     0.22117153E+003     0.80698870E+003
     0.41204464E+001     0.11212305E+003    -0.11901055E+003     0.83713281E+003
     0.41239803E+001     0.11221921E+003    -0.43975400E+003     0.71996114E+003
     0.41275141E+001     0.11231537E+003    -0.68035428E+003     0.47768020E+003
     0.41310479E+001     0.11241153E+003    -0.79528486E+003     0.15616643E+003
     0.41345818E+001     0.11250769E+003    -0.76280915E+003    -0.18372006E+003
     0.41381156E+001     0.11260385E+003    -0.58908854E+003    -0.47765497E+003
     0.41416494E+001     0.11270001E+003    -0.30701093E+003    -0.67002251E+003
     0.41451832E+001     0.11279617E+003     0.30038208E+002    -0.72443788E+003
     0.41487171E+001     0.11289233E+003     0.35828205E+003    -0.63062815E+003
     0.41522509E+001     0.11298849E+003     0.61562294E+003    -0.40637100E+003
     0.41557847E+001     0.11308465E+003     0.75339268E+003    -0.94124884E+002
     0.41593186E+001     0.11318081E+003     0.74555906E+003     0.24701035E+003
     0.41628524E+001     0.11327697E+003     0.59364738E+003     0.55247999E+003
     0.41663862E+001     0.11337313E+003     0.32644627E+003     0.76449127E+003
     0.41699201E+001     0.11346930E+003    -0.54455166E+001     0.84294786E+003
     0.41734539E+001     0.11356546E+003    -0.33919811E+003     0.77303364E+003
     0.41769877E+001     0.11366162E+003    -0.61164207E+003     0.56801116E+003
     0.41805215E+001     0.11375778E+003    -0.77122168E+003     0.26670637E+003
     0.41840554E+001     0.11385394E+003    -0.78774841E+003    -0.73843252E+002
     0.41875892E+001     0.11395010E+003    -0.65810905E+003    -0.38918546E+003
     0.41911230E+001     0.11404626E+003    -0.40684942E+003    -0.61965061E+003
     0.41946569E+001     0.11414242E+003    -0.81524159E+002    -0.72164175E+003
     0.41981907E+001     0.11423858E+003     0.25630635E+003    -0.67588110E+003
     0.42017245E+001     0.11433474E+003     0.54272750E+003    -0.49105292E+003
     0.42052584E+001     0.11443090E+003     0.72356507E+003    -0.20215486E+003
     0.42087922E+001     0.11452706E+003     0.76463444E+003     0.13612966E+003
     0.42123260E+001     0.11462322E+003     0.65820514E+003     0.45978279E+003
     0.42158599E+001     0.11471938E+003     0.42445841E+003     0.70756771E+003
     0.42193937E+001     0.11481554E+003     0.10766297E+003     0.83261545E+003
     0.42229275E+001     0.11491170E+003    -0.23220649E+003     0.81129074E+003
     0.42264613E+001     0.11500786E+003    -0.53082097E+003     0.64765948E+003
     0.42299952E+001     0.11510402E+003    -0.73167063E+003     0.37271318E+003
     0.42335290E+001     0.11520018E+003    -0.79675524E+003     0.38496764E+002
     0.42370628E+001     0.11529634E+003    -0.71375677E+003    -0.29175388E+003
     0.42405967E+001     0.11539250E+003    -0.49831389E+003    -0.55545550E+003
     0.42441305E+001     0.11548866E+003    -0.19143816E+003    -0.70274858E+003
     0.42476643E+001     0.11558482E+003     0.14896749E+003    -0.70587413E+003
     0.42511982E+001     0.11568098E+003     0.45848504E+003    -0.56420292E+003
     0.42547320E+001     0.11577715E+003     0.67855407E+003    -0.30456630E+003
     0.42582658E+001     0.11587331E+003     0.76755993E+003     0.23882508E+002
     0.42617997E+001     0.11596947E+003     0.70870074E+003     0.35897705E+003
     0.42653335E+001     0.11606563E+003     0.51316299E+003     0.63730364E+003
     0.42688673E+001     0.11616179E+003     0.21800533E+003     0.80620155E+003
     0.42724011E+001     0.11625795E+003    -0.12083696E+003     0.83373397E+003
     0.42759350E+001     0.11635411E+003    -0.43906247E+003     0.71484248E+003
     0.42794688E+001     0.11645027E+003    -0.67715315E+003     0.47276321E+003
     0.42830026E+001     0.11654643E+003    -0.78992881E+003     0.15130087E+003
     0.42865365E+001     0.11664259E+003    -0.75513163E+003    -0.18721846E+003
     0.42900703E+001     0.11673875E+003    -0.57996780E+003    -0.47882776E+003
     0.42936041E+001     0.11683491E+003    -0.29761581E+003    -0.66846969E+003
     0.42971380E+001     0.11693107E+003     0.38504528E+002    -0.72031124E+003
     0.43006718E+001     0.11702723E+003     0.36480790E+003    -0.62457702E+003
     0.43042056E+001     0.11712339E+003     0.61957553E+003    -0.39941053E+003
     0.43077394E+001     0.11721955E+003     0.75463358E+003    -0.87438457E+002
     0.43112733E+001     0.11731571E+003     0.74446612E+003     0.25229675E+003
     0.43148071E+001     0.11741187E+003     0.59103949E+003     0.55551078E+003
     0.43183409E+001     0.11750803E+003     0.32342551E+003     0.76484165E+003
     0.43218748E+001     0.11760419E+003    -0.77040887E+001     0.84070172E+003
     0.43254086E+001     0.11770035E+003    -0.33966909E+003     0.76876489E+003
     0.43289424E+001     0.11779651E+003    -0.60964277E+003     0.56267270E+003
     0.43324763E+001     0.11789267E+003    -0.76653951E+003     0.26144808E+003
     0.43360101E+001     0.11798884E+003    -0.78067867E+003    -0.77892908E+002
     0.43395439E+001     0.11808500E+003    -0.64939657E+003    -0.39113247E+003
     0.43430778E+001     0.11818116E+003    -0.39754560E+003    -0.61900311E+003
     0.43466116E+001     0.11827732E+003    -0.72787010E+002    -0.71840095E+003
     0.43501454E+001     0.11837348E+003     0.26343149E+003    -0.67053863E+003
     0.43536792E+001     0.11846964E+003     0.54750476E+003    -0.48449566E+003
     0.43572131E+001     0.11856580E+003     0.72570551E+003    -0.19549550E+003
     0.43607469E+001     0.11866196E+003     0.76434836E+003     0.14176373E+003
     0.43642807E+001     0.11875812E+003     0.65616003E+003     0.46346240E+003
     0.43678146E+001     0.11885428E+003     0.42165074E+003     0.70873624E+003
     0.43713484E+001     0.11895044E+003     0.10522861E+003     0.83119218E+003
     0.43748822E+001     0.11904660E+003    -0.23320709E+003     0.80768382E+003
     0.43784161E+001     0.11914276E+003    -0.52960229E+003     0.64268694E+003
     0.43819499E+001     0.11923892E+003    -0.72786859E+003     0.36744778E+003
     0.43854837E+001     0.11933508E+003    -0.79049437E+003     0.34066221E+002
     0.43890176E+001     0.11943124E+003    -0.70563907E+003    -0.29436559E+003
     0.43925514E+001     0.11952740E+003    -0.48936943E+003    -0.55570295E+003
     0.43960852E+001     0.11962356E+003    -0.18261423E+003    -0.70050690E+003
     0.43996190E+001     0.11971972E+003     0.15658394E+003    -0.70139622E+003
     0.44031529E+001     0.11981588E+003     0.46405377E+003    -0.55822444E+003
     0.44066867E+001     0.11991204E+003     0.68163813E+003    -0.29810319E+003
     0.44102205E+001     0.12000820E+003     0.76819794E+003     0.29732876E+002
     0.44137544E+001     0.12010436E+003     0.70739024E+003     0.36324576E+003
     0.44172882E+001     0.12020052E+003     0.51075905E+003     0.63933204E+003
     0.44208220E+001     0.12029669E+003     0.21554648E+003     0.80576585E+003
     0.44243559E+001     0.12039285E+003    -0.12236060E+003     0.83107729E+003
     0.44278897E+001     0.12048901E+003    -0.43900602E+003     0.71050282E+003
     0.44314235E+001     0.12058517E+003    -0.67446718E+003     0.46688256E+003
     0.44349573E+001     0.12068133E+003    -0.78419214E+003     0.14633410E+003
     0.44384912E+001     0.12077749E+003    -0.74742669E+003    -0.19047727E+003
     0.44420250E+001     0.12087365E+003    -0.57113707E+003    -0.47981936E+003
     0.44455588E+001     0.12096981E+003    -0.28868731E+003    -0.66695199E+003
     0.44490927E+001     0.12106597E+003     0.46477810E+002    -0.71648281E+003
     0.44526265E+001     0.12116213E+003     0.37094825E+003    -0.61906046E+003
     0.44561603E+001     0.12125829E+003     0.62334790E+003    -0.39313963E+003
     0.44596942E+001     0.12135445E+003     0.75594697E+003    -0.81484646E+002
     0.44632280E+001     0.12145061E+003     0.74369040E+003     0.25692573E+003
     0.44667618E+001     0.12154677E+003     0.58893470E+003     0.55806009E+003
     0.44702957E+001     0.12164293E+003     0.32099761E+003     0.76495022E+003
     0.44738295E+001     0.12173909E+003    -0.93933937E+001     0.83846864E+003
     0.44773633E+001     0.12183525E+003    -0.33970251E+003     0.76472878E+003
     0.44808971E+001     0.12193141E+003    -0.60741954E+003     0.55770819E+003
     0.44844310E+001     0.12202757E+003    -0.76188703E+003     0.25659940E+003
     0.44879648E+001     0.12212373E+003    -0.77388292E+003    -0.81609459E+002
     0.44914986E+001     0.12221989E+003    -0.64114606E+003    -0.39291996E+003
     0.44950325E+001     0.12231605E+003    -0.38879953E+003    -0.61843328E+003
     0.44985663E+001     0.12241221E+003    -0.64592943E+002    -0.71549301E+003
     0.45021001E+001     0.12250837E+003     0.27013555E+003    -0.66575342E+003
     0.45056340E+001     0.12260454E+003     0.55206677E+003    -0.47864651E+003
     0.45091678E+001     0.12270070E+003     0.72788094E+003    -0.18959306E+003
     0.45127016E+001     0.12279686E+003     0.76434436E+003     0.14670324E+003
     0.45162355E+001     0.12289302E+003     0.65459393E+003     0.46660890E+003
     0.45197693E+001     0.12298918E+003     0.41943157E+003     0.70960150E+003
     0.45233031E+001     0.12308534E+003     0.10338406E+003     0.82972025E+003
     0.45268369E+001     0.12318150E+003    -0.23372524E+003     0.80425934E+003
     0.45303708E+001     0.12327766E+003    -0.52809738E+003     0.63806037E+003
     0.45339046E+001     0.12337382E+003    -0.72402932E+003     0.36259188E+003
     0.45374384E+001     0.12346998E+003    -0.78445155E+003     0.29991300E+002
     0.45409723E+001     0.12356614E+003    -0.69793879E+003    -0.29680263E+003
     0.45445061E+001     0.12366230E+003    -0.48086757E+003    -0.55595948E+003
     0.45480399E+001     0.12375846E+003    -0.17431363E+003    -0.69845533E+003
     0.45515738E+001     0.12385462E+003     0.16372364E+003    -0.69734607E+003
     0.45551076E+001     0.12395078E+003     0.46929709E+003    -0.55286167E+003
     0.45586414E+001     0.12404694E+003     0.68461151E+003    -0.29235853E+003
     0.45621752E+001     0.12414310E+003     0.76895739E+003     0.34860549E+002
     0.45657091E+001     0.12423926E+003     0.70641049E+003     0.36687764E+003
     0.45692429E+001     0.12433542E+003     0.50884085E+003     0.64087649E+003
     0.45727767E+001     0.12443158E+003     0.21366274E+003     0.80502727E+003
     0.45763106E+001     0.12452774E+003    -0.12324787E+003     0.82829097E+003
     0.45798444E+001     0.12462390E+003    -0.43812783E+003     0.70628880E+003
     0.45833782E+001     0.12472006E+003    -0.67139170E+003     0.46212647E+003
     0.45869121E+001     0.12481622E+003    -0.77890452E+003     0.14201855E+003
     0.45904459E+001     0.12491239E+003    -0.74032960E+003    -0.19345868E+003
     0.45939797E+001     0.12500855E+003    -0.56297265E+003    -0.48083012E+003
     0.45975136E+001     0.12510471E+003    -0.28039531E+003    -0.66573170E+003
     0.46010474E+001     0.12520087E+003     0.53938541E+002    -0.71319428E+003
     0.46045812E+001     0.12529703E+003     0.37678080E+003    -0.61425682E+003
     0.46081150E+001     0.12539319E+003     0.62706710E+003    -0.38765780E+003
     0.46116489E+001     0.12548935E+003     0.75746846E+003    -0.76284698E+002
     0.46151827E+001     0.12558551E+003     0.74334421E+003     0.26093805E+003
     0.46187165E+001     0.12568167E+003     0.58740447E+003     0.56020866E+003
     0.46222504E+001     0.12577783E+003     0.31918542E+003     0.76491468E+003
     0.46257842E+001     0.12587399E+003    -0.10537072E+002     0.83634041E+003
     0.46293180E+001     0.12597015E+003    -0.33935778E+003     0.76099331E+003
     0.46328519E+001     0.12606631E+003    -0.60505160E+003     0.55315112E+003
     0.46363857E+001     0.12616247E+003    -0.75734562E+003     0.25215676E+003
     0.46399195E+001     0.12625863E+003    -0.76742868E+003    -0.85028696E+002
     0.46434534E+001     0.12635479E+003    -0.63339921E+003    -0.39460506E+003
     0.46469872E+001     0.12645095E+003    -0.38062159E+003    -0.61800402E+003
     0.46505210E+001     0.12654711E+003    -0.56928276E+002    -0.71297351E+003
     0.46540548E+001     0.12664327E+003     0.27645796E+003    -0.66156795E+003
     0.46575887E+001     0.12673943E+003     0.55646774E+003    -0.47352099E+003
     0.46611225E+001     0.12683559E+003     0.73014592E+003    -0.18443323E+003
     0.46646563E+001     0.12693175E+003     0.76466397E+003     0.15098865E+003
     0.46681902E+001     0.12702791E+003     0.65352538E+003     0.46928013E+003
     0.46717240E+001     0.12712407E+003     0.41779137E+003     0.71022657E+003
     0.46752578E+001     0.12722024E+003     0.10209257E+003     0.82825484E+003
     0.46787917E+001     0.12731640E+003    -0.23381812E+003     0.80105330E+003
     0.46823255E+001     0.12741256E+003    -0.52637231E+003     0.63378952E+003
     0.46858593E+001     0.12750872E+003    -0.72021315E+003     0.35812887E+003
     0.46893931E+001     0.12760488E+003    -0.77866722E+003     0.26239897E+002
     0.46929270E+001     0.12770104E+003    -0.69068005E+003    -0.29907829E+003
     0.46964608E+001     0.12779720E+003    -0.47290398E+003    -0.55627842E+003
     0.46999946E+001     0.12789336E+003    -0.16654382E+003    -0.69670913E+003
     0.47035285E+001     0.12798952E+003     0.17044217E+003    -0.69381734E+003
     0.47070623E+001     0.12808568E+003     0.47430960E+003    -0.54816882E+003
     0.47105961E+001     0.12818184E+003     0.68758862E+003    -0.28733731E+003
     0.47141300E+001     0.12827800E+003     0.76995560E+003     0.39315824E+002
     0.47176638E+001     0.12837416E+003     0.70585956E+003     0.36998329E+003
     0.47211976E+001     0.12847032E+003     0.50746080E+003     0.64210673E+003
     0.47247315E+001     0.12856648E+003     0.21232652E+003     0.80421222E+003
     0.47282653E+001     0.12866264E+003    -0.12367998E+003     0.82564691E+003
     0.47317991E+001     0.12875880E+003    -0.43697041E+003     0.70237537E+003
     0.47353329E+001     0.12885496E+003    -0.66826279E+003     0.45773943E+003
     0.47388668E+001     0.12895112E+003    -0.77379614E+003     0.13803833E+003
     0.47424006E+001     0.12904728E+003    -0.73360746E+003    -0.19623352E+003
     0.47459344E+001     0.12914344E+003    -0.55530523E+003    -0.48183329E+003
     0.47494683E+001     0.12923960E+003    -0.27262618E+003    -0.66473481E+003
     0.47530021E+001     0.12933576E+003     0.60950712E+002    -0.71034834E+003
     0.47565359E+001     0.12943193E+003     0.38232447E+003    -0.61006189E+003
     0.47600698E+001     0.12952809E+003     0.63071116E+003    -0.38286693E+003
     0.47636036E+001     0.12962425E+003     0.75914320E+003    -0.71761777E+002
     0.47671374E+001     0.12972041E+003     0.74335292E+003     0.26438631E+003
     0.47706713E+001     0.12981657E+003     0.58636076E+003     0.56198007E+003
     0.47742051E+001     0.12991273E+003     0.31790012E+003     0.76472459E+003
     0.47777389E+001     0.13000889E+003    -0.11211238E+002     0.83427647E+003
     0.47812727E+001     0.13010505E+003    -0.33868807E+003     0.75749549E+003
     0.47848066E+001     0.13020121E+003    -0.60256257E+003     0.54892714E+003
     0.47883404E+001     0.13029737E+003    -0.75290767E+003     0.24804715E+003
     0.47918742E+001     0.13039353E+003    -0.76128085E+003    -0.88209991E+002
     0.47954081E+001     0.13048969E+003    -0.62610223E+003    -0.39622440E+003
     0.47989419E+001     0.13058585E+003    -0.37294990E+003    -0.61772765E+003
     0.48024757E+001     0.13068201E+003    -0.49717371E+002    -0.71082543E+003
     0.48060096E+001     0.13077817E+003     0.28245004E+003    -0.65792118E+003
     0.48095434E+001     0.13087433E+003     0.56072459E+003    -0.46904180E+003
     0.48130772E+001     0.13097049E+003     0.73248232E+003    -0.17993727E+003
     0.48166110E+001     0.13106665E+003     0.76525730E+003     0.15468622E+003
     0.48201449E+001     0.13116281E+003     0.65288094E+003     0.47151802E+003
     0.48236787E+001     0.13125897E+003     0.41664568E+003     0.71062150E+003
     0.48272125E+001     0.13135513E+003     0.10127314E+003     0.82677261E+003
     0.48307464E+001     0.13145129E+003    -0.23354939E+003     0.79801351E+003
     0.48342802E+001     0.13154745E+003    -0.52446269E+003     0.62980362E+003
     0.48378140E+001     0.13164361E+003    -0.71642243E+003     0.35398320E+003
     0.48413479E+001     0.13173978E+003    -0.77311154E+003     0.22746434E+002
     0.48448817E+001     0.13183594E+003    -0.68380831E+003    -0.30123535E+003
     0.48484155E+001     0.13193210E+003    -0.46541148E+003    -0.55667137E+003
     0.48519494E+001     0.13202826E+003    -0.15923968E+003    -0.69524618E+003
     0.48554832E+001     0.13212442E+003     0.17678827E+003    -0.69075838E+003
     0.48590170E+001     0.13222058E+003     0.47911262E+003    -0.54407463E+003
     0.48625508E+001     0.13231674E+003     0.69055772E+003    -0.28296227E+003
     0.48660847E+001     0.13241290E+003     0.77114772E+003     0.43167194E+002
     0.48696185E+001     0.13250906E+003     0.70566701E+003     0.37260851E+003
     0.48731523E+001     0.13260522E+003     0.50653548E+003     0.64303759E+003
     0.48766862E+001     0.13270138E+003     0.21145559E+003     0.80330199E+003
     0.48802200E+001     0.13279754E+003    -0.12372342E+003     0.82309664E+003
     0.48837538E+001     0.13289370E+003    -0.43557336E+003     0.69869419E+003
     0.48872877E+001     0.13298986E+003    -0.66508732E+003     0.45364687E+003
     0.48908215E+001     0.13308602E+003    -0.76884194E+003     0.13432739E+003
     0.48943553E+001     0.13318218E+003    -0.72721023E+003    -0.19884652E+003
     0.48978892E+001     0.13327834E+003    -0.54807164E+003    -0.48284364E+003
     0.49014230E+001     0.13337450E+003    -0.26531803E+003    -0.66394374E+003
     0.49049568E+001     0.13347066E+003     0.67561230E+002    -0.70789916E+003
     0.49084906E+001     0.13356682E+003     0.38760067E+003    -0.60641122E+003
     0.49120245E+001     0.13366298E+003     0.63427163E+003    -0.37869689E+003
     0.49155583E+001     0.13375914E+003     0.76093239E+003    -0.67850022E+002
     0.49190921E+001     0.13385530E+003     0.74365024E+003     0.26731391E+003
     0.49226260E+001     0.13395146E+003     0.58572613E+003     0.56338640E+003
     0.49261598E+001     0.13404763E+003     0.31706682E+003     0.76436187E+003
     0.49296936E+001     0.13414379E+003    -0.11476058E+002     0.83223166E+003
     0.49332275E+001     0.13423995E+003    -0.33772844E+003     0.75417216E+003
     0.49367613E+001     0.13433611E+003    -0.59995707E+003     0.54496774E+003
     0.49402951E+001     0.13443227E+003    -0.74854800E+003     0.24421042E+003
     0.49438289E+001     0.13452843E+003    -0.75539071E+003    -0.91192931E+002
     0.49473628E+001     0.13462459E+003    -0.61919347E+003    -0.39778812E+003
     0.49508966E+001     0.13472075E+003    -0.36572433E+003    -0.61757844E+003
     0.49544304E+001     0.13481691E+003    -0.42933208E+002    -0.70899542E+003
     0.49579643E+001     0.13491307E+003     0.28812166E+003    -0.65476069E+003
     0.49614981E+001     0.13500923E+003     0.56482609E+003    -0.46515160E+003
     0.49650319E+001     0.13510539E+003     0.73485507E+003    -0.17605373E+003
     0.49685658E+001     0.13520155E+003     0.76607009E+003     0.15783091E+003
     0.49720996E+001     0.13529771E+003     0.65259647E+003     0.47333418E+003
     0.49756334E+001     0.13539387E+003     0.41593163E+003     0.71077272E+003
     0.49791673E+001     0.13549003E+003     0.10087499E+003     0.82523807E+003
     0.49827011E+001     0.13558619E+003    -0.23294959E+003     0.79509027E+003
     0.49862349E+001     0.13568235E+003    -0.52237506E+003     0.62604903E+003
     0.49897687E+001     0.13577851E+003    -0.71264066E+003     0.35010793E+003
     0.49933026E+001     0.13587467E+003    -0.76775055E+003     0.19479925E+002
     0.49968364E+001     0.13597083E+003    -0.67728097E+003    -0.30328332E+003
     0.50003702E+001     0.13606699E+003    -0.45834896E+003    -0.55712507E+003
     0.50039041E+001     0.13616315E+003    -0.15237118E+003    -0.69403382E+003
     0.50074379E+001     0.13625931E+003     0.18277390E+003    -0.68812413E+003
     0.50109717E+001     0.13635548E+003     0.48369687E+003    -0.54053089E+003
     0.50145056E+001     0.13645164E+003     0.69348956E+003    -0.27919137E+003
     0.50180394E+001     0.13654780E+003     0.77248957E+003     0.46442777E+002
     0.50215732E+001     0.13664396E+003     0.70578135E+003     0.37476286E+003
     0.50251071E+001     0.13674012E+003     0.50601482E+003     0.64365905E+003
     0.50286409E+001     0.13683628E+003     0.21100950E+003     0.80226999E+003
     0.50321747E+001     0.13693244E+003    -0.12340325E+003     0.82060313E+003
     0.50357085E+001     0.13702860E+003    -0.43394380E+003     0.69520539E+003
     0.50392424E+001     0.13712476E+003    -0.66185541E+003     0.44981392E+003
     0.50427762E+001     0.13722092E+003    -0.76401910E+003     0.13086241E+003
     0.50463100E+001     0.13731708E+003    -0.72110852E+003    -0.20130542E+003
     0.50498439E+001     0.13741324E+003    -0.54124318E+003    -0.48385254E+003
     0.50533777E+001     0.13750940E+003    -0.25844944E+003    -0.66333575E+003
     0.50569115E+001     0.13760556E+003     0.73779289E+002    -0.70581452E+003
     0.50604454E+001     0.13770172E+003     0.39260406E+003    -0.60326916E+003
     0.50639792E+001     0.13779788E+003     0.63772852E+003    -0.37511499E+003
     0.50675130E+001     0.13789404E+003     0.76280494E+003    -0.64526496E+002
     0.50710468E+001     0.13799020E+003     0.74420009E+003     0.26973267E+003
     0.50745807E+001     0.13808636E+003     0.58546335E+003     0.56442761E+003
     0.50781145E+001     0.13818252E+003     0.31665227E+003     0.76381477E+003
     0.50816483E+001     0.13827868E+003    -0.11356412E+002     0.83018594E+003
     0.50851822E+001     0.13837484E+003    -0.33649323E+003     0.75099946E+003
     0.50887160E+001     0.13847100E+003    -0.59723888E+003     0.54124989E+003
     0.50922498E+001     0.13856716E+003    -0.74426158E+003     0.24062843E+003
     0.50957837E+001     0.13866333E+003    -0.74974763E+003    -0.93988103E+002
     0.50993175E+001     0.13875949E+003    -0.61266050E+003    -0.39929838E+003
     0.51028513E+001     0.13885565E+003    -0.35893395E+003    -0.61755177E+003
     0.51063852E+001     0.13895181E+003    -0.36563246E+002    -0.70747227E+003
     0.51099190E+001     0.13904797E+003     0.29347638E+003    -0.65206474E+003
     0.51134528E+001     0.13914413E+003     0.56876562E+003    -0.46182708E+003
     0.51169866E+001     0.13924029E+003     0.73724888E+003    -0.17276142E+003
     0.51205205E+001     0.13933645E+003     0.76708023E+003     0.16043907E+003
     0.51240543E+001     0.13943261E+003     0.65264547E+003     0.47473825E+003
     0.51275881E+001     0.13952877E+003     0.41562124E+003     0.71068230E+003
     0.51311220E+001     0.13962493E+003     0.10087148E+003     0.82364580E+003
     0.51346558E+001     0.13972109E+003    -0.23204152E+003     0.79227180E+003
     0.51381896E+001     0.13981725E+003    -0.52012611E+003     0.62250933E+003
     0.51417235E+001     0.13991341E+003    -0.70887727E+003     0.34648499E+003
     0.51452573E+001     0.14000957E+003    -0.76258622E+003     0.16423036E+002
     0.51487911E+001     0.14010573E+003    -0.67109320E+003    -0.30523586E+003
     0.51523250E+001     0.14020189E+003    -0.45170664E+003    -0.55764717E+003
     0.51558588E+001     0.14029805E+003    -0.14592604E+003    -0.69307202E+003
     0.51593926E+001     0.14039421E+003     0.18841071E+003    -0.68590625E+003
     0.51629264E+001     0.14049037E+003     0.48807009E+003    -0.53752147E+003
     0.51664603E+001     0.14058653E+003     0.69638489E+003    -0.27600270E+003
     0.51699941E+001     0.14068269E+003     0.77397286E+003     0.49167097E+002
     0.51735279E+001     0.14077885E+003     0.70618468E+003     0.37646957E+003
     0.51770618E+001     0.14087501E+003     0.50587245E+003     0.64398937E+003
     0.51805956E+001     0.14097118E+003     0.21095562E+003     0.80112627E+003
     0.51841294E+001     0.14106734E+003    -0.12275459E+003     0.81816564E+003
     0.51876633E+001     0.14116350E+003    -0.43211444E+003     0.69189715E+003
     0.51911971E+001     0.14125966E+003    -0.65859286E+003     0.44621941E+003
     0.51947309E+001     0.14135582E+003    -0.75934295E+003     0.12761628E+003
     0.51982647E+001     0.14145198E+003    -0.71530524E+003    -0.20363844E+003
     0.52017986E+001     0.14154814E+003    -0.53481065E+003    -0.48488383E+003
     0.52053324E+001     0.14164430E+003    -0.25200179E+003    -0.66292533E+003
     0.52088662E+001     0.14174046E+003     0.79628236E+002    -0.70409610E+003
     0.52124001E+001     0.14183662E+003     0.39735668E+003    -0.60062344E+003
     0.52159339E+001     0.14193278E+003     0.64109675E+003    -0.37209652E+003
     0.52194677E+001     0.14202894E+003     0.76476354E+003    -0.61757988E+002
     0.52230016E+001     0.14212510E+003     0.74499004E+003     0.27167821E+003
     0.52265354E+001     0.14222126E+003     0.58554494E+003     0.56513489E+003
     0.52300692E+001     0.14231742E+003     0.31661702E+003     0.76310372E+003
     0.52336031E+001     0.14241358E+003    -0.10898074E+002     0.82814453E+003
     0.52371369E+001     0.14250974E+003    -0.33502741E+003     0.74796569E+003
     0.52406707E+001     0.14260590E+003    -0.59444469E+003     0.53774660E+003
     0.52442045E+001     0.14270206E+003    -0.74007071E+003     0.23726368E+003
     0.52477384E+001     0.14279822E+003    -0.74435597E+003    -0.96636331E+002
     0.52512722E+001     0.14289438E+003    -0.60648972E+003    -0.40079112E+003
     0.52548060E+001     0.14299054E+003    -0.35255077E+003    -0.61767126E+003
     0.52583399E+001     0.14308670E+003    -0.30571624E+002    -0.70626193E+003
     0.52618737E+001     0.14318287E+003     0.29854944E+003    -0.64981955E+003
     0.52654075E+001     0.14327903E+003     0.57256921E+003    -0.45903664E+003
     0.52689414E+001     0.14337519E+003     0.73967346E+003    -0.17001649E+003
     0.52724752E+001     0.14347135E+003     0.76827718E+003     0.16255863E+003
     0.52760090E+001     0.14356751E+003     0.65299705E+003     0.47577297E+003
     0.52795429E+001     0.14366367E+003     0.41566725E+003     0.71037914E+003
     0.52830767E+001     0.14375983E+003     0.10120664E+003     0.82200498E+003
     0.52866105E+001     0.14385599E+003    -0.23088037E+003     0.78954542E+003
     0.52901443E+001     0.14395215E+003    -0.51776089E+003     0.61915242E+003
     0.52936782E+001     0.14404831E+003    -0.70515937E+003     0.34306865E+003
     0.52972120E+001     0.14414447E+003    -0.75762337E+003     0.13525922E+002
     0.53007458E+001     0.14424063E+003    -0.66522781E+003    -0.30713686E+003
     0.53042797E+001     0.14433679E+003    -0.44544989E+003    -0.55826644E+003
     0.53078135E+001     0.14443295E+003    -0.13986061E+003    -0.69236820E+003
     0.53113473E+001     0.14452911E+003     0.19374120E+003    -0.68408883E+003
     0.53148812E+001     0.14462527E+003     0.49226342E+003    -0.53500991E+003
     0.53184150E+001     0.14472143E+003     0.69925555E+003    -0.27334623E+003
     0.53219488E+001     0.14481759E+003     0.77558606E+003     0.51393912E+002
     0.53254826E+001     0.14491375E+003     0.70684271E+003     0.37777557E+003
     0.53290165E+001     0.14500991E+003     0.50605636E+003     0.64405905E+003
     0.53325503E+001     0.14510607E+003     0.21123349E+003     0.79987854E+003
     0.53360841E+001     0.14520223E+003    -0.12183539E+003     0.81576792E+003
     0.53396180E+001     0.14529839E+003    -0.43013055E+003     0.68873260E+003
     0.53431518E+001     0.14539455E+003    -0.65532431E+003     0.44281337E+003
     0.53466856E+001     0.14549072E+003    -0.75481365E+003     0.12453637E+003
     0.53502195E+001     0.14558688E+003    -0.70977734E+003    -0.20588972E+003
     0.53537533E+001     0.14568304E+003    -0.52873381E+003    -0.48596385E+003
     0.53572871E+001     0.14577920E+003    -0.24592718E+003    -0.66271518E+003
     0.53608210E+001     0.14587536E+003     0.85152476E+002    -0.70272192E+003
     0.53643548E+001     0.14597152E+003     0.40188899E+003    -0.59843143E+003
     0.53678886E+001     0.14606768E+003     0.64438511E+003    -0.36958639E+003
     0.53714224E+001     0.14616384E+003     0.76679214E+003    -0.59487817E+002
     0.53749563E+001     0.14626000E+003     0.74598105E+003     0.27319783E+003
     0.53784901E+001     0.14635616E+003     0.58591539E+003     0.56553698E+003
     0.53820239E+001     0.14645232E+003     0.31689896E+003     0.76223366E+003
     0.53855578E+001     0.14654848E+003    -0.10158647E+002     0.82608815E+003
     0.53890916E+001     0.14664464E+003    -0.33337383E+003     0.74503187E+003
     0.53926254E+001     0.14674080E+003    -0.59159551E+003     0.53440782E+003
     0.53961593E+001     0.14683696E+003    -0.73597198E+003     0.23406582E+003
     0.53996931E+001     0.14693312E+003    -0.73919035E+003    -0.99177430E+002
     0.54032269E+001     0.14702928E+003    -0.60064076E+003    -0.40228712E+003
     0.54067608E+001     0.14712544E+003    -0.34652939E+003    -0.61793401E+003
     0.54102946E+001     0.14722160E+003    -0.24918922E+002    -0.70533809E+003
     0.54138284E+001     0.14731776E+003     0.30336467E+003    -0.64798058E+003
     0.54173622E+001     0.14741392E+003     0.57623867E+003    -0.45672634E+003
     0.54208961E+001     0.14751008E+003     0.74210689E+003    -0.16776628E+003
     0.54244299E+001     0.14760624E+003     0.76961832E+003     0.16423068E+003
     0.54279637E+001     0.14770240E+003     0.65359527E+003     0.47645997E+003
     0.54314976E+001     0.14779857E+003     0.41601047E+003     0.70986179E+003
     0.54350314E+001     0.14789473E+003     0.10182836E+003     0.82029204E+003
     0.54385652E+001     0.14799089E+003    -0.22950213E+003     0.78687096E+003
     0.54420991E+001     0.14808705E+003    -0.51529378E+003     0.61593040E+003
     0.54456329E+001     0.14818321E+003    -0.70147870E+003     0.33981368E+003
     0.54491667E+001     0.14827937E+003    -0.75283469E+003     0.10755513E+002
     0.54527005E+001     0.14837553E+003    -0.65964579E+003    -0.30900015E+003
     0.54562344E+001     0.14847169E+003    -0.43953778E+003    -0.55897451E+003
     0.54597682E+001     0.14856785E+003    -0.13414177E+003    -0.69189338E+003
     0.54633020E+001     0.14866401E+003     0.19878246E+003    -0.68262798E+003
     0.54668359E+001     0.14876017E+003     0.49627332E+003    -0.53294605E+003
     0.54703697E+001     0.14885633E+003     0.70207702E+003    -0.27117511E+003
     0.54739035E+001     0.14895249E+003     0.77728739E+003     0.53158150E+002
     0.54774374E+001     0.14904865E+003     0.70770352E+003     0.37869761E+003
     0.54809712E+001     0.14914481E+003     0.50651365E+003     0.64386447E+003
     0.54845050E+001     0.14924097E+003     0.21179808E+003     0.79850480E+003
     0.54880389E+001     0.14933713E+003    -0.12067583E+003     0.81337512E+003
     0.54915727E+001     0.14943329E+003    -0.42800360E+003     0.68567198E+003
     0.54951065E+001     0.14952945E+003    -0.65204265E+003     0.43955986E+003
     0.54986403E+001     0.14962561E+003    -0.75040948E+003     0.12159818E+003
     0.55021742E+001     0.14972177E+003    -0.70449513E+003    -0.20806749E+003
     0.55057080E+001     0.14981793E+003    -0.52298293E+003    -0.48708294E+003
     0.55092418E+001     0.14991409E+003    -0.24020368E+003    -0.66267990E+003
     0.55127757E+001     0.15001025E+003     0.90360286E+002    -0.70165612E+003
     0.55163095E+001     0.15010642E+003     0.40619277E+003    -0.59665395E+003
     0.55198433E+001     0.15020258E+003     0.64756945E+003    -0.36754960E+003
     0.55233772E+001     0.15029874E+003     0.76885427E+003    -0.57691425E+002
     0.55269110E+001     0.15039490E+003     0.74713038E+003     0.27430154E+003
     0.55304448E+001     0.15049106E+003     0.58653259E+003     0.56562855E+003
     0.55339787E+001     0.15058722E+003     0.31746310E+003     0.76118600E+003
     0.55375125E+001     0.15068338E+003    -0.91612638E+001     0.82398964E+003
     0.55410463E+001     0.15077954E+003    -0.33154168E+003     0.74216839E+003
     0.55445801E+001     0.15087570E+003    -0.58868730E+003     0.53120759E+003
     0.55481140E+001     0.15097186E+003    -0.73195141E+003     0.23101769E+003
     0.55516478E+001     0.15106802E+003    -0.73423182E+003    -0.10161681E+003
     0.55551816E+001     0.15116418E+003    -0.59509528E+003    -0.40377944E+003
     0.55587155E+001     0.15126034E+003    -0.34085716E+003    -0.61832271E+003
     0.55622493E+001     0.15135650E+003    -0.19601695E+002    -0.70467685E+003
     0.55657831E+001     0.15145266E+003     0.30791478E+003    -0.64652205E+003
     0.55693170E+001     0.15154882E+003     0.57975675E+003    -0.45487325E+003
     0.55728508E+001     0.15164498E+003     0.74452454E+003    -0.16599440E+003
     0.55763846E+001     0.15174114E+003     0.77107540E+003     0.16546293E+003
     0.55799184E+001     0.15183730E+003     0.65441232E+003     0.47679808E+003
     0.55834523E+001     0.15193346E+003     0.41662705E+003     0.70912164E+003
     0.55869861E+001     0.15202962E+003     0.10271920E+003     0.81849371E+003
     0.55905199E+001     0.15212578E+003    -0.22791698E+003     0.78423372E+003
     0.55940538E+001     0.15222194E+003    -0.51272809E+003     0.61283021E+003
     0.55975876E+001     0.15231810E+003    -0.69783350E+003     0.33671119E+003
     0.56011214E+001     0.15241427E+003    -0.74821582E+003     0.81084309E+001
     0.56046553E+001     0.15251043E+003    -0.65434274E+003    -0.31082355E+003
     0.56081891E+001     0.15260659E+003    -0.43396790E+003    -0.55976448E+003
     0.56117229E+001     0.15270275E+003    -0.12877066E+003    -0.69163747E+003
     0.56152568E+001     0.15279891E+003     0.20352933E+003    -0.68151222E+003
     0.56187906E+001     0.15289507E+003     0.50009071E+003    -0.53131864E+003
     0.56223244E+001     0.15299123E+003     0.70483697E+003    -0.26947967E+003
     0.56258582E+001     0.15308739E+003     0.77906240E+003     0.54466981E+002
     0.56293921E+001     0.15318355E+003     0.70875165E+003     0.37924026E+003
     0.56329259E+001     0.15327971E+003     0.50722858E+003     0.64340765E+003
     0.56364597E+001     0.15337587E+003     0.21263405E+003     0.79700471E+003
     0.56399936E+001     0.15347203E+003    -0.11929028E+003     0.81098473E+003
     0.56435274E+001     0.15356819E+003    -0.42574648E+003     0.68271089E+003
     0.56470612E+001     0.15366435E+003    -0.64875875E+003     0.43645301E+003
     0.56505951E+001     0.15376051E+003    -0.74613876E+003     0.11879480E+003
     0.56541289E+001     0.15385667E+003    -0.69946396E+003    -0.21017879E+003
     0.56576627E+001     0.15395283E+003    -0.51756027E+003    -0.48824736E+003
     0.56611966E+001     0.15404899E+003    -0.23483047E+003    -0.66282373E+003
     0.56647304E+001     0.15414515E+003     0.95254798E+002    -0.70089967E+003
     0.56682642E+001     0.15424131E+003     0.41027215E+003    -0.59528759E+003
     0.56717980E+001     0.15433747E+003     0.65065302E+003    -0.36597799E+003
     0.56753319E+001     0.15443363E+003     0.77095038E+003    -0.56356306E+002
     0.56788657E+001     0.15452979E+003     0.74843368E+003     0.27500497E+003
     0.56823995E+001     0.15462595E+003     0.58738619E+003     0.56542601E+003
     0.56859334E+001     0.15472212E+003     0.31829292E+003     0.75997530E+003
     0.56894672E+001     0.15481828E+003    -0.79275364E+001     0.82185896E+003
     0.56930010E+001     0.15491444E+003    -0.32955535E+003     0.73937850E+003
     0.56965349E+001     0.15501060E+003    -0.58574407E+003     0.52814158E+003
     0.57000687E+001     0.15510676E+003    -0.72802918E+003     0.22810790E+003
     0.57036025E+001     0.15520292E+003    -0.72949376E+003    -0.10397083E+003
     0.57071363E+001     0.15529908E+003    -0.58985791E+003    -0.40528611E+003
     0.57106702E+001     0.15539524E+003    -0.33552969E+003    -0.61885293E+003
     0.57142040E+001     0.15549140E+003    -0.14608204E+002    -0.70428740E+003
     0.57177378E+001     0.15558756E+003     0.31221557E+003    -0.64544383E+003
     0.57212717E+001     0.15568372E+003     0.58313885E+003    -0.45346659E+003
     0.57248055E+001     0.15577988E+003     0.74693655E+003    -0.16468028E+003
     0.57283393E+001     0.15587604E+003     0.77264923E+003     0.16628269E+003
     0.57318732E+001     0.15597220E+003     0.65543726E+003     0.47681664E+003
     0.57354070E+001     0.15606836E+003     0.41749424E+003     0.70818458E+003
     0.57389408E+001     0.15616452E+003     0.10384710E+003     0.81662733E+003
     0.57424747E+001     0.15626068E+003    -0.22616177E+003     0.78163897E+003
     0.57460085E+001     0.15635684E+003    -0.51009974E+003     0.60984383E+003
     0.57495423E+001     0.15645300E+003    -0.69425277E+003     0.33374126E+003
     0.57530761E+001     0.15654916E+003    -0.74378402E+003     0.55568670E+001
     0.57566100E+001     0.15664532E+003    -0.64932154E+003    -0.31263679E+003
     0.57601438E+001     0.15674148E+003    -0.42872907E+003    -0.56066145E+003
     0.57636776E+001     0.15683764E+003    -0.12372515E+003    -0.69161496E+003
     0.57672115E+001     0.15693381E+003     0.20800914E+003    -0.68074141E+003
     0.57707453E+001     0.15702997E+003     0.50374116E+003    -0.53011182E+003
     0.57742791E+001     0.15712613E+003     0.70755237E+003    -0.26823042E+003
     0.57778130E+001     0.15722229E+003     0.78091401E+003     0.55358591E+002
     0.57813468E+001     0.15731845E+003     0.70997326E+003     0.37944321E+003
     0.57848806E+001     0.15741461E+003     0.50817154E+003     0.64272215E+003
     0.57884145E+001     0.15751077E+003     0.21370014E+003     0.79539926E+003
     0.57919483E+001     0.15760693E+003    -0.11772497E+003     0.80860108E+003
     0.57954821E+001     0.15770309E+003    -0.42340251E+003     0.67983634E+003
     0.57990159E+001     0.15779925E+003    -0.64550554E+003     0.43346530E+003
     0.58025498E+001     0.15789541E+003    -0.74201841E+003     0.11609028E+003
     0.58060836E+001     0.15799157E+003    -0.69468243E+003    -0.21226013E+003
     0.58096174E+001     0.15808773E+003    -0.51244751E+003    -0.48948581E+003
     0.58131513E+001     0.15818389E+003    -0.22977747E+003    -0.66316072E+003
     0.58166851E+001     0.15828005E+003     0.99870244E+002    -0.70044799E+003
     0.58202189E+001     0.15837621E+003     0.41415674E+003    -0.59430911E+003
     0.58237528E+001     0.15847237E+003     0.65365290E+003    -0.36483340E+003
     0.58272866E+001     0.15856853E+003     0.77307950E+003    -0.55436448E+002
     0.58308204E+001     0.15866469E+003     0.74987018E+003     0.27535316E+003
     0.58343542E+001     0.15876085E+003     0.58843793E+003     0.56496479E+003
     0.58378881E+001     0.15885701E+003     0.31933856E+003     0.75862046E+003
     0.58414219E+001     0.15895317E+003    -0.65103984E+001     0.81969492E+003
     0.58449557E+001     0.15904933E+003    -0.32746162E+003     0.73664149E+003
     0.58484896E+001     0.15914549E+003    -0.58279837E+003     0.52517415E+003
     0.58520234E+001     0.15924166E+003    -0.72421833E+003     0.22529362E+003
     0.58555572E+001     0.15933782E+003    -0.72496841E+003    -0.10628001E+003
     0.58590911E+001     0.15943398E+003    -0.58490321E+003    -0.40683634E+003
     0.58626249E+001     0.15953014E+003    -0.33051067E+003    -0.61953581E+003
     0.58661587E+001     0.15962630E+003    -0.99003293E+001    -0.70415979E+003
     0.58696926E+001     0.15972246E+003     0.31629735E+003    -0.64471616E+003
     0.58732264E+001     0.15981862E+003     0.58639940E+003    -0.45246235E+003
     0.58767602E+001     0.15991478E+003     0.74933680E+003    -0.16377423E+003
     0.58802940E+001     0.16001094E+003     0.77431276E+003     0.16673568E+003
     0.58838279E+001     0.16010710E+003     0.65662605E+003     0.47654858E+003
     0.58873617E+001     0.16020326E+003     0.41855832E+003     0.70706452E+003
     0.58908955E+001     0.16029942E+003     0.10515811E+003     0.81468541E+003
     0.58944294E+001     0.16039558E+003    -0.22428117E+003     0.77906000E+003
     0.58979632E+001     0.16049174E+003    -0.50743661E+003     0.60693135E+003
     0.59014970E+001     0.16058790E+003    -0.69074345E+003     0.33085959E+003
     0.59050309E+001     0.16068406E+003    -0.73952551E+003     0.30619249E+001
     0.59085647E+001     0.16078022E+003    -0.64455230E+003    -0.31446482E+003
     0.59120985E+001     0.16087638E+003    -0.42378315E+003    -0.56167069E+003
     0.59156324E+001     0.16097254E+003    -0.11896851E+003    -0.69180993E+003
     0.59191662E+001     0.16106870E+003     0.21224803E+003    -0.68028133E+003
     0.59227000E+001     0.16116486E+003     0.50723331E+003    -0.52927969E+003
     0.59262338E+001     0.16126102E+003     0.71021097E+003    -0.26737879E+003
     0.59297677E+001     0.16135718E+003     0.78281023E+003     0.55874613E+002
     0.59333015E+001     0.16145334E+003     0.71132193E+003     0.37933330E+003
     0.59368353E+001     0.16154951E+003     0.50928962E+003     0.64181528E+003
     0.59403692E+001     0.16164567E+003     0.21494628E+003     0.79367544E+003
     0.59439030E+001     0.16174183E+003    -0.11601853E+003     0.80619430E+003
     0.59474368E+001     0.16183799E+003    -0.42099262E+003     0.67700848E+003
     0.59509707E+001     0.16193415E+003    -0.64228381E+003     0.43055583E+003
     0.59545045E+001     0.16203031E+003    -0.73803094E+003     0.11345160E+003
     0.59580383E+001     0.16212647E+003    -0.69012026E+003    -0.21432945E+003
     0.59615721E+001     0.16222263E+003    -0.50760968E+003    -0.49079731E+003
     0.59651060E+001     0.16231879E+003    -0.22501382E+003    -0.66367109E+003
     0.59686398E+001     0.16241495E+003     0.10422557E+003    -0.70026645E+003
     0.59721736E+001     0.16251111E+003     0.41784845E+003    -0.59367597E+003
     0.59757075E+001     0.16260727E+003     0.65655246E+003    -0.36407385E+003
     0.59792413E+001     0.16270343E+003     0.77520885E+003    -0.54898463E+002
     0.59827751E+001     0.16279959E+003     0.75139667E+003     0.27536479E+003
     0.59863090E+001     0.16289575E+003     0.58964187E+003     0.56424594E+003
     0.59898428E+001     0.16299191E+003     0.32055951E+003     0.75710582E+003
     0.59933766E+001     0.16308807E+003    -0.49383049E+001     0.81746949E+003
     0.59969105E+001     0.16318423E+003    -0.32527280E+003     0.73392373E+003
     0.60004443E+001     0.16328039E+003    -0.57984581E+003     0.52227384E+003
     0.60039781E+001     0.16337655E+003    -0.72050073E+003     0.22255277E+003
     0.60075119E+001     0.16347271E+003    -0.72062968E+003    -0.10855229E+003
     0.60110458E+001     0.16356887E+003    -0.58020424E+003    -0.40842205E+003
     0.60145796E+001     0.16366503E+003    -0.32577951E+003    -0.62034885E+003
     0.60181134E+001     0.16376119E+003    -0.54694168E+001    -0.70426164E+003
     0.60216473E+001     0.16385736E+003     0.32015405E+003    -0.64430324E+003
     0.60251811E+001     0.16395352E+003     0.58951794E+003    -0.45182817E+003
     0.60287149E+001     0.16404968E+003     0.75169373E+003    -0.16325312E+003
     0.60322488E+001     0.16414584E+003     0.77602868E+003     0.16683203E+003
     0.60357826E+001     0.16424200E+003     0.65794201E+003     0.47599005E+003
     0.60393164E+001     0.16433816E+003     0.41978946E+003     0.70574568E+003
     0.60428503E+001     0.16443432E+003     0.10663347E+003     0.81264482E+003
     0.60463841E+001     0.16453048E+003    -0.22228101E+003     0.77647197E+003
     0.60499179E+001     0.16462664E+003    -0.50473239E+003     0.60407217E+003
     0.60534517E+001     0.16472280E+003    -0.68729058E+003     0.32805460E+003
     0.60569856E+001     0.16481896E+003    -0.73542174E+003     0.62360166E+000
     0.60605194E+001     0.16491512E+003    -0.64001836E+003    -0.31629598E+003
     0.60640532E+001     0.16501128E+003    -0.41912020E+003    -0.56277130E+003
     0.60675871E+001     0.16510744E+003    -0.11450058E+003    -0.69219634E+003
     0.60711209E+001     0.16520360E+003     0.21623548E+003    -0.68010577E+003
     0.60746547E+001     0.16529976E+003     0.51054728E+003    -0.52880049E+003
     0.60781886E+001     0.16539592E+003     0.71278688E+003    -0.26691093E+003
     0.60817224E+001     0.16549208E+003     0.78472338E+003     0.56019588E+002
     0.60852562E+001     0.16558824E+003     0.71277235E+003     0.37890622E+003
     0.60887900E+001     0.16568440E+003     0.51056346E+003     0.64067615E+003
     0.60923239E+001     0.16578056E+003     0.21636111E+003     0.79181930E+003
     0.60958577E+001     0.16587672E+003    -0.11417411E+003     0.80375136E+003
     0.60993915E+001     0.16597288E+003    -0.41851350E+003     0.67421855E+003
     0.61029254E+001     0.16606904E+003    -0.63908655E+003     0.42772226E+003
     0.61064592E+001     0.16616521E+003    -0.73416890E+003     0.11088348E+003
     0.61099930E+001     0.16626137E+003    -0.68577263E+003    -0.21637594E+003
     0.61135269E+001     0.16635753E+003    -0.50304675E+003    -0.49216697E+003
     0.61170607E+001     0.16645369E+003    -0.22054523E+003    -0.66433850E+003
     0.61205945E+001     0.16654985E+003     0.10830967E+003    -0.70033997E+003
     0.61241284E+001     0.16664601E+003     0.42133225E+003    -0.59337638E+003
     0.61276622E+001     0.16674217E+003     0.65933490E+003    -0.36369179E+003
     0.61311960E+001     0.16683833E+003     0.77732192E+003    -0.54738985E+002
     0.61347298E+001     0.16693449E+003     0.75299854E+003     0.27504005E+003
     0.61382637E+001     0.16703065E+003     0.59098620E+003     0.56326799E+003
     0.61417975E+001     0.16712681E+003     0.32194672E+003     0.75542972E+003
     0.61453313E+001     0.16722297E+003    -0.32181018E+001     0.81518208E+003
     0.61488652E+001     0.16731913E+003    -0.32299471E+003     0.73122631E+003
     0.61523990E+001     0.16741529E+003    -0.57689231E+003     0.51944338E+003
     0.61559328E+001     0.16751145E+003    -0.71688315E+003     0.21988885E+003
     0.61594667E+001     0.16760761E+003    -0.71648521E+003    -0.11078410E+003
     0.61630005E+001     0.16770377E+003    -0.57576930E+003    -0.41004038E+003
     0.61665343E+001     0.16779993E+003    -0.32134411E+003    -0.62129029E+003
     0.61700682E+001     0.16789609E+003    -0.13221835E+001    -0.70459190E+003
     0.61736020E+001     0.16799225E+003     0.32378068E+003    -0.64420391E+003
     0.61771358E+001     0.16808841E+003     0.59249119E+003    -0.45156153E+003
     0.61806696E+001     0.16818457E+003     0.75400497E+003    -0.16311213E+003
     0.61842035E+001     0.16828073E+003     0.77779430E+003     0.16657945E+003
     0.61877373E+001     0.16837690E+003     0.65938054E+003     0.47515154E+003
     0.61912711E+001     0.16847306E+003     0.42117960E+003     0.70424032E+003
     0.61948050E+001     0.16856922E+003     0.10826089E+003     0.81051770E+003
     0.61983388E+001     0.16866538E+003    -0.22017766E+003     0.77388483E+003
     0.62018726E+001     0.16876154E+003    -0.50200636E+003     0.60127210E+003
     0.62054065E+001     0.16885770E+003    -0.68391420E+003     0.32532660E+003
     0.62089403E+001     0.16895386E+003    -0.73149078E+003    -0.17633630E+001
     0.62124741E+001     0.16905002E+003    -0.63573326E+003    -0.31813990E+003
     0.62160079E+001     0.16914618E+003    -0.41474733E+003    -0.56397487E+003
     0.62195418E+001     0.16924234E+003    -0.11032152E+003    -0.69278465E+003
     0.62230756E+001     0.16933850E+003     0.21997734E+003    -0.68022070E+003
     0.62266094E+001     0.16943466E+003     0.51369248E+003    -0.52867327E+003
     0.62301433E+001     0.16953082E+003     0.71528954E+003    -0.26681765E+003
     0.62336771E+001     0.16962698E+003     0.78665907E+003     0.55810338E+002
     0.62372109E+001     0.16972314E+003     0.71432308E+003     0.37818414E+003
     0.62407448E+001     0.16981930E+003     0.51198254E+003     0.63932868E+003
     0.62442786E+001     0.16991546E+003     0.21792477E+003     0.78985217E+003
     0.62478124E+001     0.17001162E+003    -0.11221908E+003     0.80128680E+003
     0.62513463E+001     0.17010778E+003    -0.41599617E+003     0.67147141E+003
     0.62548801E+001     0.17020394E+003    -0.63594379E+003     0.42495884E+003
     0.62584139E+001     0.17030010E+003    -0.73045659E+003     0.10837077E+003
     0.62619477E+001     0.17039626E+003    -0.68165428E+003    -0.21842072E+003
     0.62654816E+001     0.17049242E+003    -0.49876195E+003    -0.49361708E+003
     0.62690154E+001     0.17058858E+003    -0.21636387E+003    -0.66518112E+003
     0.62725492E+001     0.17068475E+003     0.11213865E+003    -0.70067791E+003
     0.62760831E+001     0.17078091E+003     0.42462779E+003    -0.59340784E+003
     0.62796169E+001     0.17087707E+003     0.66201759E+003    -0.36367237E+003
     0.62831507E+001     0.17097323E+003     0.77942843E+003    -0.54932957E+002
     0.62866846E+001     0.17106939E+003     0.75467397E+003     0.27440976E+003
     0.62902184E+001     0.17116555E+003     0.59245589E+003     0.56206171E+003
     0.62937522E+001     0.17126171E+003     0.32347328E+003     0.75361691E+003
     0.62972861E+001     0.17135787E+003    -0.13848315E+001     0.81284649E+003
     0.63008199E+001     0.17145403E+003    -0.32066473E+003     0.72854937E+003
     0.63043537E+001     0.17155019E+003    -0.57397109E+003     0.51666934E+003
     0.63078875E+001     0.17164635E+003    -0.71338889E+003     0.21727817E+003
     0.63114214E+001     0.17174251E+003    -0.71254467E+003    -0.11300413E+003
     0.63149552E+001     0.17183867E+003    -0.57159323E+003    -0.41171829E+003
     0.63184890E+001     0.17193483E+003    -0.31718687E+003    -0.62237877E+003
     0.63220229E+001     0.17203099E+003     0.25666190E+001    -0.70515600E+003
     0.63255567E+001     0.17212715E+003     0.32720333E+003    -0.64440817E+003
     0.63290905E+001     0.17222331E+003     0.59533907E+003    -0.45163825E+003
     0.63326244E+001     0.17231947E+003     0.75627849E+003    -0.16331695E+003
     0.63361582E+001     0.17241563E+003     0.77960221E+003     0.16601599E+003
     0.63396920E+001     0.17251179E+003     0.66091869E+003     0.47406751E+003
     0.63432259E+001     0.17260795E+003     0.42269335E+003     0.70257257E+003
     0.63467597E+001     0.17270411E+003     0.10999850E+003     0.80831328E+003
     0.63502935E+001     0.17280027E+003    -0.21801214E+003     0.77129146E+003
     0.63538273E+001     0.17289643E+003    -0.49929136E+003     0.59850953E+003
     0.63573612E+001     0.17299260E+003    -0.68063321E+003     0.32264484E+003
     0.63608950E+001     0.17308876E+003    -0.72773493E+003    -0.41318449E+001
     0.63644288E+001     0.17318492E+003    -0.63168326E+003    -0.32002387E+003
     0.63679627E+001     0.17328108E+003    -0.41063896E+003    -0.56529640E+003
     0.63714965E+001     0.17337724E+003    -0.10640063E+003    -0.69357343E+003
     0.63750303E+001     0.17347340E+003     0.22350153E+003    -0.68060786E+003
     0.63785642E+001     0.17356956E+003     0.51668684E+003    -0.52886599E+003
     0.63820980E+001     0.17366572E+003     0.71772302E+003    -0.26705875E+003
     0.63856318E+001     0.17376188E+003     0.78860272E+003     0.55289502E+002
     0.63891656E+001     0.17385804E+003     0.71594184E+003     0.37720100E+003
     0.63926995E+001     0.17395420E+003     0.51350525E+003     0.63779197E+003
     0.63962333E+001     0.17405036E+003     0.21959235E+003     0.78777633E+003
     0.63997671E+001     0.17414652E+003    -0.11019368E+003     0.79878594E+003
     0.64033010E+001     0.17424268E+003    -0.41346914E+003     0.66873919E+003
     0.64068348E+001     0.17433884E+003    -0.63286748E+003     0.42223108E+003
     0.64103686E+001     0.17443500E+003    -0.72688807E+003     0.10588051E+003
     0.64139025E+001     0.17453116E+003    -0.67774394E+003    -0.22048734E+003
     0.64174363E+001     0.17462732E+003    -0.49472449E+003    -0.49515591E+003
     0.64209701E+001     0.17472348E+003    -0.21243720E+003    -0.66618931E+003
     0.64245040E+001     0.17481964E+003     0.11573862E+003    -0.70125372E+003
     0.64280378E+001     0.17491580E+003     0.42774788E+003    -0.59373166E+003
     0.64315716E+001     0.17501196E+003     0.66459616E+003    -0.36397191E+003
     0.64351054E+001     0.17510812E+003     0.78150645E+003    -0.55439881E+002
     0.64386393E+001     0.17520428E+003     0.75638674E+003     0.27350378E+003
     0.64421731E+001     0.17530045E+003     0.59400684E+003     0.56064115E+003
     0.64457069E+001     0.17539661E+003     0.32509499E+003     0.75166387E+003
     0.64492408E+001     0.17549277E+003     0.52510828E+000     0.81044351E+003
     0.64527746E+001     0.17558893E+003    -0.31830538E+003     0.72586323E+003
     0.64563084E+001     0.17568509E+003    -0.57108764E+003     0.51391893E+003
     0.64598423E+001     0.17578125E+003    -0.71000684E+003     0.21469271E+003
     0.64633761E+001     0.17587741E+003    -0.70878440E+003    -0.11522857E+003
     0.64669099E+001     0.17597357E+003    -0.56764653E+003    -0.41345601E+003
     0.64704438E+001     0.17606973E+003    -0.31328013E+003    -0.62359769E+003
     0.64739776E+001     0.17616589E+003     0.62154562E+001    -0.70592329E+003
     0.64775114E+001     0.17626205E+003     0.33042619E+003    -0.64487701E+003
     0.64810452E+001     0.17635821E+003     0.59804936E+003    -0.45201814E+003
     0.64845791E+001     0.17645437E+003     0.75848700E+003    -0.16383365E+003
     0.64881129E+001     0.17655053E+003     0.78141453E+003     0.16516337E+003
     0.64916467E+001     0.17664669E+003     0.66251461E+003     0.47274414E+003
     0.64951806E+001     0.17674285E+003     0.42429232E+003     0.70073320E+003
     0.64987144E+001     0.17683901E+003     0.11181771E+003     0.80601020E+003
     0.65022482E+001     0.17693517E+003    -0.21579894E+003     0.76866415E+003
     0.65057821E+001     0.17703133E+003    -0.49658672E+003     0.59575755E+003
     0.65093159E+001     0.17712749E+003    -0.67743391E+003     0.31998956E+003
     0.65128497E+001     0.17722365E+003    -0.72413206E+003    -0.64893321E+001
     0.65163835E+001     0.17731981E+003    -0.62784441E+003    -0.32194086E+003
     0.65199174E+001     0.17741597E+003    -0.40677585E+003    -0.56671535E+003
     0.65234512E+001     0.17751213E+003    -0.10272863E+003    -0.69453232E+003
     0.65269850E+001     0.17760830E+003     0.22680424E+003    -0.68123227E+003
     0.65305189E+001     0.17770446E+003     0.51951273E+003    -0.52934475E+003
     0.65340527E+001     0.17780062E+003     0.72005413E+003    -0.26760852E+003
     0.65375865E+001     0.17789678E+003     0.79051878E+003     0.54464855E+002
     0.65411204E+001     0.17799294E+003     0.71759857E+003     0.37595531E+003
     0.65446542E+001     0.17808910E+003     0.51510268E+003     0.63605602E+003
     0.65481880E+001     0.17818526E+003     0.22134455E+003     0.78557294E+003
     0.65517219E+001     0.17828142E+003    -0.10810502E+003     0.79622768E+003
     0.65552557E+001     0.17837758E+003    -0.41092801E+003     0.66600441E+003
     0.65587895E+001     0.17847374E+003    -0.62984498E+003     0.41952980E+003
     0.65623233E+001     0.17856990E+003    -0.72344734E+003     0.10341442E+003
     0.65658572E+001     0.17866606E+003    -0.67402755E+003    -0.22256328E+003
     0.65693910E+001     0.17876222E+003    -0.49092650E+003    -0.49676256E+003
     0.65729248E+001     0.17885838E+003    -0.20876681E+003    -0.66733683E+003
     0.65764587E+001     0.17895454E+003     0.11909713E+003    -0.70204165E+003
     0.65799925E+001     0.17905070E+003     0.43067149E+003    -0.59432731E+003
     0.65835263E+001     0.17914686E+003     0.66704423E+003    -0.36457794E+003
     0.65870602E+001     0.17924302E+003     0.78352855E+003    -0.56256729E+002
     0.65905940E+001     0.17933918E+003     0.75811273E+003     0.27231651E+003
     0.65941278E+001     0.17943534E+003     0.59562160E+003     0.55899476E+003
     0.65976617E+001     0.17953150E+003     0.32680283E+003     0.74955690E+003
     0.66011955E+001     0.17962766E+003     0.25108873E+001     0.80796137E+003
     0.66047293E+001     0.17972382E+003    -0.31591129E+003     0.72316147E+003
     0.66082631E+001     0.17981998E+003    -0.56823377E+003     0.51119316E+003
     0.66117970E+001     0.17991615E+003    -0.70673000E+003     0.21214114E+003
     0.66153308E+001     0.18001231E+003    -0.70520166E+003    -0.11744335E+003
     0.66188646E+001     0.18010847E+003    -0.56393244E+003    -0.41523627E+003
     0.66223985E+001     0.18020463E+003    -0.30963387E+003    -0.62492998E+003
     0.66259323E+001     0.18030079E+003     0.96088244E+001    -0.70688005E+003
     0.66294661E+001     0.18039695E+003     0.33343063E+003    -0.64560200E+003
     0.66330000E+001     0.18049311E+003     0.60060320E+003    -0.45269876E+003
     0.66365338E+001     0.18058927E+003     0.76061429E+003    -0.16466500E+003
     0.66400676E+001     0.18068543E+003     0.78321975E+003     0.16401564E+003
     0.66436014E+001     0.18078159E+003     0.66416229E+003     0.47117511E+003
     0.66471353E+001     0.18087775E+003     0.42597532E+003     0.69871813E+003
     0.66506691E+001     0.18097391E+003     0.11372010E+003     0.80360855E+003
     0.66542029E+001     0.18107007E+003    -0.21353579E+003     0.76600801E+003
     0.66577368E+001     0.18116623E+003    -0.49389230E+003     0.59302565E+003
     0.66612706E+001     0.18126239E+003    -0.67432000E+003     0.31737297E+003
     0.66648044E+001     0.18135855E+003    -0.72069054E+003    -0.88232644E+001
     0.66683383E+001     0.18145471E+003    -0.62422913E+003    -0.32388036E+003
     0.66718721E+001     0.18155087E+003    -0.40317293E+003    -0.56822492E+003
     0.66754059E+001     0.18164703E+003    -0.99320924E+002    -0.69565901E+003
     0.66789398E+001     0.18174319E+003     0.22987193E+003    -0.68209613E+003
     0.66824736E+001     0.18183935E+003     0.52216087E+003    -0.53011540E+003
     0.66860074E+001     0.18193551E+003     0.72228294E+003    -0.26847260E+003
     0.66895412E+001     0.18203167E+003     0.79240772E+003     0.53339165E+002
     0.66930751E+001     0.18212784E+003     0.71929065E+003     0.37445018E+003
     0.66966089E+001     0.18222400E+003     0.51677682E+003     0.63412590E+003
     0.67001427E+001     0.18232016E+003     0.22318137E+003     0.78325273E+003
     0.67036766E+001     0.18241632E+003    -0.10595747E+003     0.79362554E+003
     0.67072104E+001     0.18251248E+003    -0.40838225E+003     0.66328069E+003
     0.67107442E+001     0.18260864E+003    -0.62689021E+003     0.41686617E+003
     0.67142781E+001     0.18270480E+003    -0.72015094E+003     0.10097925E+003
     0.67178119E+001     0.18280096E+003    -0.67052179E+003    -0.22464674E+003
     0.67213457E+001     0.18289712E+003    -0.48738324E+003    -0.49843940E+003
     0.67248796E+001     0.18299328E+003    -0.20536370E+003    -0.66863137E+003
     0.67284134E+001     0.18308944E+003     0.12221028E+003    -0.70304986E+003
     0.67319472E+001     0.18318560E+003     0.43339958E+003    -0.59519998E+003
     0.67354810E+001     0.18328176E+003     0.66936646E+003    -0.36549187E+003
     0.67390149E+001     0.18337792E+003     0.78550118E+003    -0.57379600E+002
     0.67425487E+001     0.18347408E+003     0.75985773E+003     0.27085745E+003
     0.67460825E+001     0.18357024E+003     0.59730309E+003     0.55713667E+003
     0.67496164E+001     0.18366640E+003     0.32859570E+003     0.74731301E+003
     0.67531502E+001     0.18376256E+003     0.45676447E+001     0.80541869E+003
     0.67566840E+001     0.18385872E+003    -0.31348981E+003     0.72046606E+003
     0.67602179E+001     0.18395488E+003    -0.56543267E+003     0.50852897E+003
     0.67637517E+001     0.18405104E+003    -0.70360604E+003     0.20962166E+003
     0.67672855E+001     0.18414720E+003    -0.70182485E+003    -0.11966595E+003
     0.67708193E+001     0.18424336E+003    -0.56046590E+003    -0.41708122E+003
     0.67743532E+001     0.18433952E+003    -0.30625028E+003    -0.62639764E+003
     0.67778870E+001     0.18443569E+003     0.12755810E+002    -0.70804324E+003
     0.67814208E+001     0.18453185E+003     0.33623381E+003    -0.64659103E+003
     0.67849547E+001     0.18462801E+003     0.60302135E+003    -0.45367617E+003
     0.67884885E+001     0.18472417E+003     0.76267909E+003    -0.16579461E+003
     0.67920223E+001     0.18482033E+003     0.78502917E+003     0.16259968E+003
     0.67955562E+001     0.18491649E+003     0.66586143E+003     0.46939342E+003
     0.67990900E+001     0.18501265E+003     0.42772861E+003     0.69656065E+003
     0.68026238E+001     0.18510881E+003     0.11568031E+003     0.80113613E+003
     0.68061577E+001     0.18520497E+003    -0.21125747E+003     0.76333980E+003
     0.68096915E+001     0.18530113E+003    -0.49124526E+003     0.59031667E+003
     0.68132253E+001     0.18539729E+003    -0.67132494E+003     0.31478437E+003
     0.68167591E+001     0.18549345E+003    -0.71743428E+003    -0.11155055E+002
     0.68202930E+001     0.18558961E+003    -0.62084787E+003    -0.32586914E+003
     0.68238268E+001     0.18568577E+003    -0.39982597E+003    -0.56985078E+003
     0.68273606E+001     0.18578193E+003    -0.96160364E+002    -0.69697152E+003
     0.68308945E+001     0.18587809E+003     0.23272999E+003    -0.68320455E+003
     0.68344283E+001     0.18597425E+003     0.52465812E+003    -0.53116744E+003
     0.68379621E+001     0.18607041E+003     0.72442947E+003    -0.26962616E+003
     0.68414960E+001     0.18616657E+003     0.79427958E+003     0.51945972E+002
     0.68450298E+001     0.18626273E+003     0.72101505E+003     0.37272512E+003
     0.68485636E+001     0.18635889E+003     0.51850750E+003     0.63203979E+003
     0.68520975E+001     0.18645505E+003     0.22506936E+003     0.78084447E+003
     0.68556313E+001     0.18655121E+003    -0.10379256E+003     0.79099423E+003
     0.68591651E+001     0.18664737E+003    -0.40587453E+003     0.66056643E+003
     0.68626989E+001     0.18674354E+003    -0.62403980E+003     0.41422323E+003
     0.68662328E+001     0.18683970E+003    -0.71702329E+003     0.98546598E+002
     0.68697666E+001     0.18693586E+003    -0.66723482E+003    -0.22677157E+003
     0.68733004E+001     0.18703202E+003    -0.48408459E+003    -0.50021842E+003
     0.68768343E+001     0.18712818E+003    -0.20220256E+003    -0.67009287E+003
     0.68803681E+001     0.18722434E+003     0.12511130E+003    -0.70428254E+003
     0.68839019E+001     0.18732050E+003     0.43596756E+003    -0.59633580E+003
     0.68874358E+001     0.18741666E+003     0.67159145E+003    -0.36668067E+003
     0.68909696E+001     0.18751282E+003     0.78743768E+003    -0.58760763E+002
     0.68945034E+001     0.18760898E+003     0.76161386E+003     0.26918131E+003
     0.68980372E+001     0.18770514E+003     0.59901971E+003     0.55511876E+003
     0.69015711E+001     0.18780130E+003     0.33041940E+003     0.74497069E+003
     0.69051049E+001     0.18789746E+003     0.66227706E+001     0.80282898E+003
     0.69086387E+001     0.18799362E+003    -0.31112413E+003     0.71774825E+003
     0.69121726E+001     0.18808978E+003    -0.56272166E+003     0.50581467E+003
     0.69157064E+001     0.18818594E+003    -0.70058199E+003     0.20710298E+003
     0.69192402E+001     0.18828210E+003    -0.69862796E+003    -0.12190306E+003
     0.69227741E+001     0.18837826E+003    -0.55722366E+003    -0.41899289E+003
     0.69263079E+001     0.18847442E+003    -0.30310455E+003    -0.62799404E+003
     0.69298417E+001     0.18857058E+003     0.15679459E+002    -0.70939449E+003
     0.69333756E+001     0.18866674E+003     0.33885152E+003    -0.64781428E+003
     0.69369094E+001     0.18876290E+003     0.60530726E+003    -0.45491301E+003
     0.69404432E+001     0.18885906E+003     0.76467026E+003    -0.16718372E+003
     0.69439770E+001     0.18895522E+003     0.78681816E+003     0.16094949E+003
     0.69475109E+001     0.18905139E+003     0.66757665E+003     0.46742582E+003
     0.69510447E+001     0.18914755E+003     0.42950268E+003     0.69426854E+003
     0.69545785E+001     0.18924371E+003     0.11765625E+003     0.79857908E+003
     0.69581124E+001     0.18933987E+003    -0.20899216E+003     0.76063357E+003
     0.69616462E+001     0.18943603E+003    -0.48865826E+003     0.58759908E+003
     0.69651800E+001     0.18953219E+003    -0.66844481E+003     0.31219356E+003
     0.69687139E+001     0.18962835E+003    -0.71434523E+003    -0.13506568E+002
     0.69722477E+001     0.18972451E+003    -0.61767352E+003    -0.32791555E+003
     0.69757815E+001     0.18982067E+003    -0.39670574E+003    -0.57158519E+003
     0.69793154E+001     0.18991683E+003    -0.93222887E+002    -0.69844693E+003
     0.69828492E+001     0.19001299E+003     0.23539126E+003    -0.68452332E+003
     0.69863830E+001     0.19010915E+003     0.52700242E+003    -0.53246159E+003
     0.69899168E+001     0.19020531E+003     0.72647614E+003    -0.27103195E+003
     0.69934507E+001     0.19030147E+003     0.79610389E+003     0.50313902E+002
     0.69969845E+001     0.19039763E+003     0.72273356E+003     0.37079543E+003
     0.70005183E+001     0.19049379E+003     0.52025556E+003     0.62979768E+003
     0.70040522E+001     0.19058995E+003     0.22697524E+003     0.77833410E+003
     0.70075860E+001     0.19068611E+003    -0.10163202E+003     0.78830988E+003
     0.70111198E+001     0.19078227E+003    -0.40341213E+003     0.65783414E+003
     0.70146537E+001     0.19087843E+003    -0.62128646E+003     0.41157665E+003
     0.70181875E+001     0.19097459E+003    -0.71404565E+003     0.96101499E+002
     0.70217213E+001     0.19107075E+003    -0.66414202E+003    -0.22893911E+003
     0.70252551E+001     0.19116691E+003    -0.48100733E+003    -0.50208626E+003
     0.70287890E+001     0.19126307E+003    -0.19926795E+003    -0.67169644E+003
     0.70323228E+001     0.19135924E+003     0.12780377E+003    -0.70570798E+003
     0.70358566E+001     0.19145540E+003     0.43836500E+003    -0.59770263E+003
     0.70393905E+001     0.19155156E+003     0.67369683E+003    -0.36811902E+003
     0.70429243E+001     0.19164772E+003     0.78930886E+003    -0.60386537E+002
     0.70464581E+001     0.19174388E+003     0.76335210E+003     0.26728831E+003
     0.70499920E+001     0.19184004E+003     0.60074992E+003     0.55292962E+003
     0.70535258E+001     0.19193620E+003     0.33226627E+003     0.74251232E+003
     0.70570596E+001     0.19203236E+003     0.86870408E+001     0.80017837E+003
     0.70605935E+001     0.19212852E+003    -0.30878440E+003     0.71501729E+003
     0.70641273E+001     0.19222468E+003    -0.56010165E+003     0.50312852E+003
     0.70676611E+001     0.19232084E+003    -0.69773020E+003     0.20457611E+003
     0.70711949E+001     0.19241700E+003    -0.69563630E+003    -0.12418823E+003
     0.70747288E+001     0.19251316E+003    -0.55420945E+003    -0.42100117E+003
     0.70782626E+001     0.19260932E+003    -0.30018791E+003    -0.62974323E+003
     0.70817964E+001     0.19270548E+003     0.18398342E+002    -0.71095115E+003
     0.70853303E+001     0.19280164E+003     0.34131082E+003    -0.64928011E+003
     0.70888641E+001     0.19289780E+003     0.60749430E+003    -0.45640489E+003
     0.70923979E+001     0.19299396E+003     0.76662246E+003    -0.16881143E+003
     0.70959318E+001     0.19309012E+003     0.78861442E+003     0.15910335E+003
     0.70994656E+001     0.19318628E+003     0.66932257E+003     0.46531826E+003
     0.71029994E+001     0.19328244E+003     0.43131624E+003     0.69191609E+003
     0.71065333E+001     0.19337860E+003     0.11961351E+003     0.79603537E+003
     0.71100671E+001     0.19347476E+003    -0.20683214E+003     0.75797430E+003
     0.71136009E+001     0.19357093E+003    -0.48627915E+003     0.58491474E+003
     0.71171347E+001     0.19366709E+003    -0.66587090E+003     0.30956144E+003
     0.71206686E+001     0.19376325E+003    -0.71162431E+003    -0.16046232E+002
     0.71242024E+001     0.19385941E+003    -0.61483554E+003    -0.33038039E+003
     0.71277362E+001     0.19395557E+003    -0.39363972E+003    -0.57405141E+003
     0.71312701E+001     0.19405173E+003    -0.89227820E+002    -0.70050788E+003
     0.71348039E+001     0.19414789E+003     0.23812349E+003    -0.68472996E+003
     0.71383377E+001     0.19424405E+003     0.52871521E+003    -0.53343863E+003
     0.71418716E+001     0.19434021E+003     0.72795081E+003    -0.27255195E+003
     0.71454054E+001     0.19443637E+003     0.79751912E+003     0.48363898E+002
     0.71489392E+001     0.19453253E+003     0.72421776E+003     0.36847129E+003
     0.71524730E+001     0.19462869E+003     0.52192398E+003     0.62717075E+003
     0.71560069E+001     0.19472485E+003     0.22891666E+003     0.77550699E+003
     0.71595407E+001     0.19482101E+003    -0.99371294E+002     0.78541020E+003
     0.71630745E+001     0.19491717E+003    -0.40083834E+003     0.65499698E+003
     0.71666084E+001     0.19501333E+003    -0.61845870E+003     0.40892289E+003
     0.71701422E+001     0.19510949E+003    -0.71106644E+003     0.93717137E+002
     0.71736760E+001     0.19520565E+003    -0.66113949E+003    -0.23101808E+003
     0.71772099E+001     0.19530181E+003    -0.47811216E+003    -0.50388015E+003
     0.71807437E+001     0.19539797E+003    -0.19658986E+003    -0.67327795E+003
     0.71842775E+001     0.19549413E+003     0.13019610E+003    -0.70718832E+003
     0.71878114E+001     0.19559029E+003     0.44045598E+003    -0.59921121E+003
     0.71913452E+001     0.19568645E+003     0.67552687E+003    -0.36977917E+003
     0.71948790E+001     0.19578261E+003     0.79096636E+003    -0.62292585E+002
     0.71984128E+001     0.19587878E+003     0.76495672E+003     0.26508855E+003
     0.72019467E+001     0.19597494E+003     0.60242991E+003     0.55044358E+003
     0.72054805E+001     0.19607110E+003     0.33413429E+003     0.73980099E+003
     0.72090143E+001     0.19616726E+003     0.10819008E+002     0.79734466E+003
     0.72125482E+001     0.19626342E+003    -0.30636362E+003     0.71218641E+003
     0.72160820E+001     0.19635958E+003    -0.55742279E+003     0.50042422E+003
     0.72196158E+001     0.19645574E+003    -0.69487375E+003     0.20209723E+003
     0.72231497E+001     0.19655190E+003    -0.69271721E+003    -0.12638664E+003
     0.72266835E+001     0.19664806E+003    -0.55135519E+003    -0.42291829E+003
     0.72302173E+001     0.19674422E+003    -0.29751429E+003    -0.63143270E+003
     0.72337512E+001     0.19684038E+003     0.20809169E+002    -0.71251114E+003
     0.72372850E+001     0.19693654E+003     0.34342638E+003    -0.65083487E+003
     0.72408188E+001     0.19703270E+003     0.60933824E+003    -0.45808127E+003
     0.72443526E+001     0.19712886E+003     0.76827073E+003    -0.17071482E+003
     0.72478865E+001     0.19722502E+003     0.79018163E+003     0.15690930E+003
     0.72514203E+001     0.19732118E+003     0.67094109E+003     0.46282450E+003
     0.72549541E+001     0.19741734E+003     0.43311184E+003     0.68917136E+003
     0.72584880E+001     0.19751350E+003     0.12168165E+003     0.79313887E+003
     0.72620218E+001     0.19760966E+003    -0.20444480E+003     0.75505985E+003
     0.72655556E+001     0.19770582E+003    -0.48358537E+003     0.58212934E+003
     0.72690895E+001     0.19780198E+003    -0.66294504E+003     0.30704330E+003
     0.72726233E+001     0.19789814E+003    -0.70859938E+003    -0.18185159E+002
     0.72761571E+001     0.19799430E+003    -0.61190941E+003    -0.33206230E+003
     0.72796909E+001     0.19809046E+003    -0.39115432E+003    -0.57524272E+003
     0.72832248E+001     0.19818663E+003    -0.88074361E+002    -0.70175185E+003
     0.72867586E+001     0.19828279E+003     0.24002340E+003    -0.68767967E+003
     0.72902924E+001     0.19837895E+003     0.53110235E+003    -0.53570160E+003
     0.72938263E+001     0.19847511E+003     0.73012806E+003    -0.27457194E+003
     0.72973601E+001     0.19857127E+003     0.79947533E+003     0.46314387E+002
     0.73008939E+001     0.19866743E+003     0.72604295E+003     0.36626287E+003
     0.73044278E+001     0.19876359E+003     0.52373104E+003     0.62475720E+003
     0.73079616E+001     0.19885975E+003     0.23081242E+003     0.77290248E+003
     0.73114954E+001     0.19895591E+003    -0.97302786E+002     0.78267050E+003
     0.73150293E+001     0.19905207E+003    -0.39853612E+003     0.65219890E+003
     0.73185631E+001     0.19914823E+003    -0.61582803E+003     0.40617866E+003
     0.73220969E+001     0.19924439E+003    -0.70828930E+003     0.91493003E+002
     0.73256307E+001     0.19934055E+003    -0.65857361E+003    -0.23314131E+003
     0.73291646E+001     0.19943671E+003    -0.47561304E+003    -0.50590271E+003
     0.73326984E+001     0.19953287E+003    -0.19420806E+003    -0.67519274E+003
     0.73362322E+001     0.19962903E+003     0.13241047E+003    -0.70904567E+003
     0.73397661E+001     0.19972519E+003     0.44248485E+003    -0.60108706E+003
     0.73432999E+001     0.19982135E+003     0.67739035E+003    -0.37175254E+003
     0.73468337E+001     0.19991751E+003     0.79271920E+003    -0.64426586E+002
     0.73503676E+001     0.20001367E+003     0.76667685E+003     0.26276080E+003
     0.73539014E+001     0.20010983E+003     0.60420280E+003     0.54792629E+003
     0.73574352E+001     0.20020599E+003     0.33603564E+003     0.73713532E+003
     0.73609691E+001     0.20030215E+003     0.12899492E+002     0.79460078E+003
     0.73645029E+001     0.20039831E+003    -0.30408851E+003     0.70944977E+003
     0.73680367E+001     0.20049448E+003    -0.55497589E+003     0.49777882E+003
     0.73715705E+001     0.20059064E+003    -0.69231199E+003     0.19960920E+003
     0.73751044E+001     0.20068680E+003    -0.69012051E+003    -0.12868202E+003
     0.73786382E+001     0.20078296E+003    -0.54881098E+003    -0.42502349E+003
     0.73821720E+001     0.20087912E+003    -0.29510053E+003    -0.63338760E+003
     0.73857059E+001     0.20097528E+003     0.23039224E+002    -0.71438520E+003
     0.73892397E+001     0.20107144E+003     0.34545428E+003    -0.65271375E+003
     0.73927735E+001     0.20116760E+003     0.61118391E+003    -0.46005052E+003
     0.73963074E+001     0.20126376E+003     0.76998889E+003    -0.17284447E+003
     0.73998412E+001     0.20135992E+003     0.79185958E+003     0.15457938E+003
     0.74033750E+001     0.20145608E+003     0.67265917E+003     0.46030865E+003
     0.74069088E+001     0.20155224E+003     0.43494416E+003     0.68649775E+003
     0.74104427E+001     0.20164840E+003     0.12368517E+003     0.79037304E+003
     0.74139765E+001     0.20174456E+003    -0.20224829E+003     0.75228568E+003
     0.74175103E+001     0.20184072E+003    -0.48121262E+003     0.57943165E+003
     0.74210442E+001     0.20193688E+003    -0.66044763E+003     0.30449123E+003
     0.74245780E+001     0.20203304E+003    -0.70605357E+003    -0.20551522E+002
     0.74281118E+001     0.20212920E+003    -0.60940108E+003    -0.33423961E+003
     0.74316457E+001     0.20222536E+003    -0.38876238E+003    -0.57726497E+003
     0.74351795E+001     0.20232152E+003    -0.85855127E+002    -0.70368367E+003
     0.74387133E+001     0.20241768E+003     0.24204706E+003    -0.68960358E+003
     0.74422472E+001     0.20251384E+003     0.53294560E+003    -0.53770178E+003
     0.74457810E+001     0.20261000E+003     0.73184109E+003    -0.27671757E+003
     0.74493148E+001     0.20270616E+003     0.80113356E+003     0.43982912E+002
     0.74528486E+001     0.20280233E+003     0.72773219E+003     0.36374246E+003
     0.74563825E+001     0.20289849E+003     0.52553012E+003     0.62208348E+003
     0.74599163E+001     0.20299465E+003     0.23277649E+003     0.77014439E+003
     0.74634501E+001     0.20309081E+003    -0.95157250E+002     0.77991910E+003
     0.74669840E+001     0.20318697E+003    -0.39624861E+003     0.64955237E+003
     0.74705178E+001     0.20328313E+003    -0.61355274E+003     0.40368987E+003
     0.74740516E+001     0.20337929E+003    -0.70597070E+003     0.88817007E+002
     0.74775855E+001     0.20347545E+003    -0.65602074E+003    -0.23553222E+003
     0.74811193E+001     0.20357161E+003    -0.47314357E+003    -0.50803345E+003
     0.74846531E+001     0.20366777E+003    -0.19191632E+003    -0.67716854E+003
     0.74881870E+001     0.20376393E+003     0.13448669E+003    -0.71096740E+003
     0.74917208E+001     0.20386009E+003     0.44434982E+003    -0.60305309E+003
     0.74952546E+001     0.20395625E+003     0.67908671E+003    -0.37384700E+003
     0.74987884E+001     0.20405241E+003     0.79431901E+003    -0.66706657E+002
     0.75023223E+001     0.20414857E+003     0.76826887E+003     0.26027266E+003
     0.75058561E+001     0.20424473E+003     0.60588095E+003     0.54525353E+003
     0.75093899E+001     0.20434089E+003     0.33786168E+003     0.73433471E+003
     0.75129238E+001     0.20443705E+003     0.14913463E+002     0.79174779E+003
     0.75164576E+001     0.20453321E+003    -0.30188390E+003     0.70663140E+003
     0.75199914E+001     0.20462937E+003    -0.55261587E+003     0.49507446E+003
     0.75235253E+001     0.20472553E+003    -0.68986228E+003     0.19707514E+003
     0.75270591E+001     0.20482169E+003    -0.68766436E+003    -0.13102331E+003
     0.75305929E+001     0.20491785E+003    -0.54643296E+003    -0.42718743E+003
     0.75341267E+001     0.20501401E+003    -0.29287016E+003    -0.63542431E+003
     0.75376606E+001     0.20511018E+003     0.25080842E+002    -0.71636957E+003
     0.75411944E+001     0.20520634E+003     0.34730231E+003    -0.65473079E+003
     0.75447282E+001     0.20530250E+003     0.61287063E+003    -0.46217863E+003
     0.75482621E+001     0.20539866E+003     0.77157695E+003    -0.17513907E+003
     0.75517959E+001     0.20549482E+003     0.79342129E+003     0.15209532E+003
     0.75553297E+001     0.20559098E+003     0.67428512E+003     0.45763255E+003
     0.75588636E+001     0.20568714E+003     0.43670931E+003     0.68368533E+003
     0.75623974E+001     0.20578330E+003     0.12563102E+003     0.78749831E+003
     0.75659312E+001     0.20587946E+003    -0.20011456E+003     0.74943280E+003
     0.75694651E+001     0.20597562E+003    -0.47892020E+003     0.57667978E+003
     0.75729989E+001     0.20607178E+003    -0.65805668E+003     0.30189938E+003
     0.75765327E+001     0.20616794E+003    -0.70364360E+003    -0.22955874E+002
     0.75800665E+001     0.20626410E+003    -0.60705558E+003    -0.33646570E+003
     0.75836004E+001     0.20636026E+003    -0.38655268E+003    -0.57935686E+003
     0.75871342E+001     0.20645642E+003    -0.83826735E+002    -0.70571168E+003
     0.75906680E+001     0.20655258E+003     0.24388326E+003    -0.69165064E+003
     0.75942019E+001     0.20664874E+003     0.53461533E+003    -0.53984736E+003
     0.75977357E+001     0.20674490E+003     0.73340160E+003    -0.27902232E+003
     0.76012695E+001     0.20684106E+003     0.80266250E+003     0.41488793E+002
     0.76048034E+001     0.20693722E+003     0.72931256E+003     0.36106504E+003
     0.76083372E+001     0.20703338E+003     0.52723420E+003     0.61926382E+003
     0.76118710E+001     0.20712954E+003     0.23465185E+003     0.76725055E+003
     0.76154049E+001     0.20722570E+003    -0.93096834E+002     0.77703282E+003
     0.76189387E+001     0.20732187E+003    -0.39402575E+003     0.64675332E+003
     0.76224725E+001     0.20741803E+003    -0.61122206E+003     0.40104027E+003
     0.76260063E+001     0.20751419E+003    -0.70360808E+003     0.86349533E+002
     0.76295402E+001     0.20761035E+003    -0.65370875E+003    -0.23782063E+003
     0.76330740E+001     0.20770651E+003    -0.47095531E+003    -0.51018096E+003
     0.76366078E+001     0.20780267E+003    -0.18990141E+003    -0.67924094E+003
     0.76401417E+001     0.20789883E+003     0.13631175E+003    -0.71304539E+003
     0.76436755E+001     0.20799499E+003     0.44600479E+003    -0.60521650E+003
     0.76472093E+001     0.20809115E+003     0.68062381E+003    -0.37615935E+003
     0.76507432E+001     0.20818731E+003     0.79581278E+003    -0.69202511E+002
     0.76542770E+001     0.20828347E+003     0.76980081E+003     0.25759577E+003
     0.76578108E+001     0.20837963E+003     0.60751844E+003     0.54242680E+003
     0.76613446E+001     0.20847579E+003     0.33966455E+003     0.73141936E+003
     0.76648785E+001     0.20857195E+003     0.16900617E+002     0.78882649E+003
     0.76684123E+001     0.20866811E+003    -0.29972978E+003     0.70378472E+003
     0.76719461E+001     0.20876427E+003    -0.55034454E+003     0.49236767E+003
     0.76754800E+001     0.20886043E+003    -0.68754648E+003     0.19454586E+003
     0.76790138E+001     0.20895659E+003    -0.68538586E+003    -0.13337224E+003
     0.76825476E+001     0.20905275E+003    -0.54426688E+003    -0.42938852E+003
     0.76860815E+001     0.20914891E+003    -0.29087055E+003    -0.63753925E+003
     0.76896153E+001     0.20924507E+003     0.26891608E+002    -0.71847842E+003
     0.76931491E+001     0.20934123E+003     0.34894462E+003    -0.65691420E+003
     0.76966830E+001     0.20943739E+003     0.61438475E+003    -0.46449494E+003
     0.77002168E+001     0.20953355E+003     0.77303161E+003    -0.17763354E+003
     0.77037506E+001     0.20962972E+003     0.79489831E+003     0.14941549E+003
     0.77072844E+001     0.20972588E+003     0.67586070E+003     0.45479612E+003
     0.77108183E+001     0.20982204E+003     0.43843984E+003     0.68075071E+003
     0.77143521E+001     0.20991820E+003     0.12754245E+003     0.78454241E+003
     0.77178859E+001     0.21001436E+003    -0.19803161E+003     0.74653613E+003
     0.77214198E+001     0.21011052E+003    -0.47670858E+003     0.57391121E+003
     0.77249536E+001     0.21020668E+003    -0.65578448E+003     0.29930287E+003
     0.77284874E+001     0.21030284E+003    -0.70139115E+003    -0.25369449E+002
     0.77320213E+001     0.21039900E+003    -0.60490026E+003    -0.33872060E+003
     0.77355551E+001     0.21049516E+003    -0.38455441E+003    -0.58150786E+003
     0.77390889E+001     0.21059132E+003    -0.82016706E+002    -0.70783377E+003
     0.77426228E+001     0.21068748E+003     0.24550815E+003    -0.69382500E+003
     0.77461566E+001     0.21078364E+003     0.53609155E+003    -0.54214659E+003
     0.77496904E+001     0.21087980E+003     0.73479237E+003    -0.28149779E+003
     0.77532242E+001     0.21097596E+003     0.80404607E+003     0.38815453E+002
     0.77567581E+001     0.21107212E+003     0.73076918E+003     0.35820346E+003
     0.77602919E+001     0.21116828E+003     0.52883561E+003     0.61624953E+003
     0.77638257E+001     0.21126444E+003     0.23646225E+003     0.76413250E+003
     0.77673596E+001     0.21136060E+003    -0.90970048E+002     0.77387046E+003
     0.77708934E+001     0.21145676E+003    -0.39135678E+003     0.64402033E+003
     0.77744272E+001     0.21155292E+003    -0.60905928E+003     0.39875411E+003
     0.77779611E+001     0.21164908E+003    -0.70157607E+003     0.84012924E+002
     0.77814949E+001     0.21174524E+003    -0.65174793E+003    -0.24011693E+003
     0.77850287E+001     0.21184140E+003    -0.46910149E+003    -0.51243491E+003
     0.77885625E+001     0.21193757E+003    -0.18818051E+003    -0.68149331E+003
     0.77920964E+001     0.21203373E+003     0.13790061E+003    -0.71535218E+003
     0.77956302E+001     0.21212989E+003     0.44749087E+003    -0.60763053E+003
     0.77991640E+001     0.21222605E+003     0.68205905E+003    -0.37871618E+003
     0.78026979E+001     0.21232221E+003     0.79726115E+003    -0.71911830E+002
     0.78062317E+001     0.21241837E+003     0.77132545E+003     0.25475337E+003
     0.78097655E+001     0.21251453E+003     0.60916863E+003     0.53949665E+003
     0.78132994E+001     0.21261069E+003     0.34146550E+003     0.72846423E+003
     0.78168332E+001     0.21270685E+003     0.18848124E+002     0.78591436E+003
     0.78203670E+001     0.21280301E+003    -0.29766884E+003     0.70097552E+003
     0.78239009E+001     0.21289917E+003    -0.54822598E+003     0.48970153E+003
     0.78274347E+001     0.21299533E+003    -0.68543820E+003     0.19203513E+003
     0.78309685E+001     0.21309149E+003    -0.68335461E+003    -0.13574560E+003
     0.78345023E+001     0.21318765E+003    -0.54236517E+003    -0.43166946E+003
     0.78380362E+001     0.21328381E+003    -0.28912637E+003    -0.63979075E+003
     0.78415700E+001     0.21337997E+003     0.28479967E+002    -0.72076827E+003
     0.78451038E+001     0.21347613E+003     0.35040154E+003    -0.65930412E+003
     0.78486377E+001     0.21357229E+003     0.61577144E+003    -0.46703588E+003
     0.78521715E+001     0.21366845E+003     0.77441779E+003    -0.18033550E+003
     0.78557053E+001     0.21376461E+003     0.79635092E+003     0.14656919E+003
     0.78592392E+001     0.21386077E+003     0.67743375E+003     0.45184908E+003
     0.78627730E+001     0.21395693E+003     0.44016346E+003     0.67776562E+003
     0.78663068E+001     0.21405309E+003     0.12941692E+003     0.78158877E+003
     0.78698407E+001     0.21414925E+003    -0.19603594E+003     0.74367687E+003
     0.78733745E+001     0.21424542E+003    -0.47464562E+003     0.57119023E+003
     0.78769083E+001     0.21434158E+003    -0.65372173E+003     0.29673636E+003
     0.78804421E+001     0.21443774E+003    -0.69939640E+003    -0.27795777E+002
     0.78839760E+001     0.21453390E+003    -0.60302859E+003    -0.34104924E+003
     0.78875098E+001     0.21463006E+003    -0.38283668E+003    -0.58380118E+003
     0.78910436E+001     0.21472622E+003    -0.80453488E+002    -0.71016122E+003
     0.78945775E+001     0.21482238E+003     0.24694690E+003    -0.69624942E+003
     0.78981113E+001     0.21491854E+003     0.53746099E+003    -0.54471121E+003
     0.79016451E+001     0.21501470E+003     0.73616165E+003    -0.28421655E+003
     0.79051790E+001     0.21511086E+003     0.80548437E+003     0.35961965E+002
     0.79087128E+001     0.21520702E+003     0.73233032E+003     0.35526674E+003
     0.79122466E+001     0.21530318E+003     0.53054269E+003     0.61330666E+003
     0.79157804E+001     0.21539934E+003     0.23828847E+003     0.76127683E+003
     0.79193143E+001     0.21549550E+003    -0.89159322E+002     0.77118704E+003
     0.79228481E+001     0.21559166E+003    -0.38987380E+003     0.64115422E+003
     0.79263819E+001     0.21568782E+003    -0.60698455E+003     0.39575804E+003
     0.79299158E+001     0.21578398E+003    -0.69943147E+003     0.81392349E+002
     0.79334496E+001     0.21588014E+003    -0.64972870E+003    -0.24250810E+003
     0.79369834E+001     0.21597630E+003    -0.46727066E+003    -0.51470680E+003
     0.79405173E+001     0.21607246E+003    -0.18655507E+003    -0.68374507E+003
     0.79440511E+001     0.21616862E+003     0.13934098E+003    -0.71767245E+003
     0.79475849E+001     0.21626478E+003     0.44879797E+003    -0.61008808E+003
     0.79511188E+001     0.21636094E+003     0.68330622E+003    -0.38135044E+003
     0.79546526E+001     0.21645710E+003     0.79852965E+003    -0.74727221E+002
     0.79581864E+001     0.21655327E+003     0.77268931E+003     0.25178695E+003
     0.79617202E+001     0.21664943E+003     0.61068125E+003     0.53643729E+003
     0.79652541E+001     0.21674559E+003     0.34315008E+003     0.72538656E+003
     0.79687879E+001     0.21684175E+003     0.20693701E+002     0.78289518E+003
     0.79723217E+001     0.21693791E+003    -0.29570484E+003     0.69807912E+003
     0.79758556E+001     0.21703407E+003    -0.54620926E+003     0.48696751E+003
     0.79793894E+001     0.21713023E+003    -0.68344476E+003     0.18947109E+003
     0.79829232E+001     0.21722639E+003    -0.68145611E+003    -0.13816525E+003
     0.79864571E+001     0.21732255E+003    -0.54061529E+003    -0.43399844E+003
     0.79899909E+001     0.21741871E+003    -0.28755054E+003    -0.64210048E+003
     0.79935247E+001     0.21751487E+003     0.29889420E+002    -0.72313399E+003
     0.79970586E+001     0.21761103E+003     0.35168368E+003    -0.66179042E+003
     0.80005924E+001     0.21770719E+003     0.61698918E+003    -0.46968443E+003
     0.80041262E+001     0.21780335E+003     0.77564579E+003    -0.18315690E+003
     0.80076600E+001     0.21789951E+003     0.79766110E+003     0.14359726E+003
     0.80111939E+001     0.21799567E+003     0.67888154E+003     0.44877762E+003
     0.80147277E+001     0.21809183E+003     0.44177712E+003     0.67466438E+003
     0.80182615E+001     0.21818799E+003     0.13119213E+003     0.77853292E+003
     0.80217954E+001     0.21828415E+003    -0.19413529E+003     0.74073249E+003
     0.80253292E+001     0.21838031E+003    -0.47268042E+003     0.56840157E+003
     0.80288630E+001     0.21847647E+003    -0.65176605E+003     0.29411753E+003
     0.80323969E+001     0.21857263E+003    -0.69752328E+003    -0.30264107E+002
     0.80359307E+001     0.21866879E+003    -0.60129560E+003    -0.34341562E+003
     0.80394645E+001     0.21876495E+003    -0.38127525E+003    -0.58613408E+003
     0.80429983E+001     0.21886112E+003    -0.79062678E+002    -0.71253616E+003
     0.80465322E+001     0.21895728E+003     0.24820032E+003    -0.69873425E+003
     0.80500660E+001     0.21905344E+003     0.53863612E+003    -0.54735307E+003
     0.80535998E+001     0.21914960E+003     0.73733214E+003    -0.28703276E+003
     0.80571337E+001     0.21924576E+003     0.80672431E+003     0.32987271E+002
     0.80606675E+001     0.21934192E+003     0.73369990E+003     0.35217970E+003
     0.80642013E+001     0.21943808E+003     0.53207660E+003     0.61017482E+003
     0.80677352E+001     0.21953424E+003     0.23998916E+003     0.75817614E+003
     0.80712690E+001     0.21963040E+003    -0.87322199E+002     0.76818727E+003
     0.80748028E+001     0.21972656E+003    -0.38795762E+003     0.63830552E+003
     0.80783367E+001     0.21982272E+003    -0.60506270E+003     0.39308113E+003
     0.80818705E+001     0.21991888E+003    -0.69757922E+003     0.78874587E+002
     0.80854043E+001     0.22001504E+003    -0.64800876E+003    -0.24491045E+003
     0.80889381E+001     0.22011120E+003    -0.46572105E+003    -0.51706020E+003
     0.80924720E+001     0.22020736E+003    -0.18518165E+003    -0.68612595E+003
     0.80960058E+001     0.22030352E+003     0.14056563E+003    -0.72015252E+003
     0.80995396E+001     0.22039968E+003     0.44992946E+003    -0.61272043E+003
     0.81030735E+001     0.22049584E+003     0.68441760E+003    -0.38415932E+003
     0.81066073E+001     0.22059200E+003     0.79969749E+003    -0.77703233E+002
     0.81101411E+001     0.22068816E+003     0.77397884E+003     0.24868519E+003
     0.81136750E+001     0.22078432E+003     0.61213373E+003     0.53327516E+003
     0.81172088E+001     0.22088048E+003     0.34477485E+003     0.72224093E+003
     0.81207426E+001     0.22097664E+003     0.22466268E+002     0.77983964E+003
     0.81242765E+001     0.22107281E+003    -0.29383824E+003     0.69516975E+003
     0.81278103E+001     0.22116897E+003    -0.54432129E+003     0.48423204E+003
     0.81313441E+001     0.22126513E+003    -0.68161308E+003     0.18690343E+003
     0.81348779E+001     0.22136129E+003    -0.67974837E+003    -0.14060393E+003
     0.81384118E+001     0.22145745E+003    -0.53907599E+003    -0.43637214E+003
     0.81419456E+001     0.22155361E+003    -0.28619303E+003    -0.64448570E+003
     0.81454794E+001     0.22164977E+003     0.31085932E+002    -0.72560806E+003
     0.81490133E+001     0.22174593E+003     0.35277258E+003    -0.66441176E+003
     0.81525471E+001     0.22184209E+003     0.61804247E+003    -0.47248376E+003
     0.81560809E+001     0.22193825E+003     0.77674205E+003    -0.18613133E+003
     0.81596148E+001     0.22203441E+003     0.79887030E+003     0.14048408E+003
     0.81631486E+001     0.22213057E+003     0.68025138E+003     0.44558856E+003
     0.81666824E+001     0.22222673E+003     0.44332383E+003     0.67147690E+003
     0.81702162E+001     0.22232289E+003     0.13289715E+003     0.77542401E+003
     0.81737501E+001     0.22241905E+003    -0.19232177E+003     0.73776388E+003
     0.81772839E+001     0.22251521E+003    -0.47082997E+003     0.56560776E+003
     0.81808177E+001     0.22261137E+003    -0.64995824E+003     0.29149902E+003
     0.81843516E+001     0.22270753E+003    -0.69583030E+003    -0.32741003E+002
     0.81878854E+001     0.22280369E+003    -0.59976831E+003    -0.34581234E+003
     0.81914192E+001     0.22289985E+003    -0.37993333E+003    -0.58852801E+003
     0.81949531E+001     0.22299601E+003    -0.77890763E+002    -0.71500580E+003
     0.81984869E+001     0.22309217E+003     0.24924986E+003    -0.70134404E+003
     0.82020207E+001     0.22318833E+003     0.53963401E+003    -0.55014085E+003
     0.82055546E+001     0.22328449E+003     0.73835860E+003    -0.29000243E+003
     0.82090884E+001     0.22338066E+003     0.80785356E+003     0.29866612E+002
     0.82126222E+001     0.22347682E+003     0.73498585E+003     0.34896779E+003
     0.82161560E+001     0.22357298E+003     0.53354241E+003     0.60694885E+003
     0.82196899E+001     0.22366914E+003     0.24162266E+003     0.75501586E+003
     0.82232237E+001     0.22376530E+003    -0.85566159E+002     0.76515962E+003
     0.82267575E+001     0.22386146E+003    -0.38614863E+003     0.63545169E+003
     0.82302914E+001     0.22395762E+003    -0.60328136E+003     0.39040856E+003
     0.82338252E+001     0.22405378E+003    -0.69590165E+003     0.76355415E+002
     0.82373590E+001     0.22414994E+003    -0.64649182E+003    -0.24733403E+003
     0.82408929E+001     0.22424610E+003    -0.46439141E+003    -0.51946486E+003
     0.82444267E+001     0.22434226E+003    -0.18403056E+003    -0.68859247E+003
     0.82479605E+001     0.22443842E+003     0.14158070E+003    -0.72275019E+003
     0.82514944E+001     0.22453458E+003     0.45087667E+003    -0.61549373E+003
     0.82550282E+001     0.22463074E+003     0.68537772E+003    -0.38711922E+003
     0.82585620E+001     0.22472690E+003     0.80074818E+003    -0.80825043E+002
     0.82620958E+001     0.22482306E+003     0.77517983E+003     0.24545703E+003
     0.82656297E+001     0.22491922E+003     0.61351519E+003     0.53001656E+003
     0.82691635E+001     0.22501538E+003     0.34633158E+003     0.71903341E+003
     0.82726973E+001     0.22511154E+003     0.24158586E+002     0.77675476E+003
     0.82762312E+001     0.22520770E+003    -0.29207685E+003     0.69225519E+003
     0.82797650E+001     0.22530386E+003    -0.54257143E+003     0.48150241E+003
     0.82832988E+001     0.22540002E+003    -0.67995386E+003     0.18433743E+003
     0.82868327E+001     0.22549618E+003    -0.67824228E+003    -0.14305943E+003
     0.82903665E+001     0.22559234E+003    -0.53775682E+003    -0.43879212E+003
     0.82939003E+001     0.22568851E+003    -0.28505869E+003    -0.64695288E+003
     0.82974341E+001     0.22578467E+003     0.32072666E+002    -0.72819403E+003
     0.83009680E+001     0.22588083E+003     0.35367467E+003    -0.66716794E+003
     0.83045018E+001     0.22597699E+003     0.61894018E+003    -0.47542891E+003
     0.83080356E+001     0.22607315E+003     0.77771578E+003    -0.18924792E+003
     0.83115695E+001     0.22616931E+003     0.79998516E+003     0.13724637E+003
     0.83151033E+001     0.22626547E+003     0.68154469E+003     0.44230307E+003
     0.83186371E+001     0.22636163E+003     0.44479797E+003     0.66822585E+003
     0.83221710E+001     0.22645779E+003     0.13451908E+003     0.77228281E+003
     0.83257048E+001     0.22655395E+003    -0.19061418E+003     0.73478657E+003
     0.83292386E+001     0.22665011E+003    -0.46911602E+003     0.56281662E+003
     0.83327725E+001     0.22674627E+003    -0.64831914E+003     0.28888029E+003
     0.83363063E+001     0.22684243E+003    -0.69433360E+003    -0.35234514E+002
     0.83398401E+001     0.22693859E+003    -0.59845493E+003    -0.34825217E+003
     0.83433739E+001     0.22703475E+003    -0.37880965E+003    -0.59099635E+003
     0.83469078E+001     0.22713091E+003    -0.76927426E+002    -0.71757967E+003
     0.83504416E+001     0.22722707E+003     0.25011230E+003    -0.70408056E+003
     0.83539754E+001     0.22732323E+003     0.54047375E+003    -0.55306628E+003
     0.83575093E+001     0.22741939E+003     0.73925760E+003    -0.29310707E+003
     0.83610431E+001     0.22751555E+003     0.80888177E+003     0.26626549E+002
     0.83645769E+001     0.22761171E+003     0.73618785E+003     0.34566182E+003
     0.83681108E+001     0.22770787E+003     0.53492877E+003     0.60365887E+003
     0.83716446E+001     0.22780403E+003     0.24316798E+003     0.75182046E+003
     0.83751784E+001     0.22790019E+003    -0.83918458E+002     0.76211904E+003
     0.83787123E+001     0.22799636E+003    -0.38447540E+003     0.63259621E+003
     0.83822461E+001     0.22809252E+003    -0.60166508E+003     0.38773279E+003
     0.83857799E+001     0.22818868E+003    -0.69441462E+003     0.73819229E+002
     0.83893137E+001     0.22828484E+003    -0.64518228E+003    -0.24979783E+003
     0.83928476E+001     0.22838100E+003    -0.46327430E+003    -0.52193758E+003
     0.83963814E+001     0.22847716E+003    -0.18308473E+003    -0.69115408E+003
     0.83999152E+001     0.22857332E+003     0.14240859E+003    -0.72546404E+003
     0.84034491E+001     0.22866948E+003     0.45166191E+003    -0.61839430E+003
     0.84069829E+001     0.22876564E+003     0.68620310E+003    -0.39020562E+003
     0.84105167E+001     0.22886180E+003     0.80168828E+003    -0.84061084E+002
     0.84140506E+001     0.22895796E+003     0.77628664E+003     0.24213591E+003
     0.84175844E+001     0.22905412E+003     0.61480825E+003     0.52669093E+003
     0.84211182E+001     0.22915028E+003     0.34779413E+003     0.71578457E+003
     0.84246520E+001     0.22924644E+003     0.25740826E+002     0.77364906E+003
     0.84281859E+001     0.22934260E+003    -0.29044829E+003     0.68933145E+003
     0.84317197E+001     0.22943876E+003    -0.54097952E+003     0.47876451E+003
     0.84352535E+001     0.22953492E+003    -0.67847538E+003     0.18175342E+003
     0.84387874E+001     0.22963108E+003    -0.67693303E+003    -0.14555119E+003
     0.84423212E+001     0.22972724E+003    -0.53664101E+003    -0.44127120E+003
     0.84458550E+001     0.22982340E+003    -0.28412431E+003    -0.64950166E+003
     0.84493889E+001     0.22991956E+003     0.32871611E+002    -0.73088190E+003
     0.84529227E+001     0.23001572E+003     0.35440941E+003    -0.67003815E+003
     0.84564565E+001     0.23011188E+003     0.61969368E+003    -0.47849019E+003
     0.84599904E+001     0.23020804E+003     0.77856682E+003    -0.19247281E+003
     0.84635242E+001     0.23030421E+003     0.80099337E+003     0.13391633E+003
     0.84670580E+001     0.23040037E+003     0.68273914E+003     0.43894623E+003
     0.84705918E+001     0.23049653E+003     0.44617157E+003     0.66492555E+003
     0.84741257E+001     0.23059269E+003     0.13602986E+003     0.76911151E+003
     0.84776595E+001     0.23068885E+003    -0.18903513E+003     0.73179194E+003
     0.84811933E+001     0.23078501E+003    -0.46755138E+003     0.56001246E+003
     0.84847272E+001     0.23088117E+003    -0.64684968E+003     0.28624385E+003
     0.84882610E+001     0.23097733E+003    -0.69302279E+003    -0.37758247E+002
     0.84917948E+001     0.23107349E+003    -0.59733674E+003    -0.35074010E+003
     0.84953287E+001     0.23116965E+003    -0.37788213E+003    -0.59353262E+003
     0.84988625E+001     0.23126581E+003    -0.76152881E+002    -0.72023966E+003
     0.85023963E+001     0.23136197E+003     0.25080016E+003    -0.70691646E+003
     0.85059302E+001     0.23145813E+003     0.54115720E+003    -0.55609706E+003
     0.85094640E+001     0.23155429E+003     0.74001922E+003    -0.29631490E+003
     0.85129978E+001     0.23165045E+003     0.80978882E+003     0.23293056E+002
     0.85165316E+001     0.23174661E+003     0.73727932E+003     0.34227790E+003
     0.85200655E+001     0.23184277E+003     0.53620792E+003     0.60030927E+003
     0.85235993E+001     0.23193893E+003     0.24460162E+003     0.74858339E+003
     0.85271331E+001     0.23203509E+003    -0.82393714E+002     0.75905117E+003
     0.85306670E+001     0.23213125E+003    -0.38294118E+003     0.62972189E+003
     0.85342008E+001     0.23222741E+003    -0.60020571E+003     0.38503924E+003
     0.85377346E+001     0.23232357E+003    -0.69310101E+003     0.71258932E+002
     0.85412685E+001     0.23241973E+003    -0.64405849E+003    -0.25229815E+003
     0.85448023E+001     0.23251590E+003    -0.46234893E+003    -0.52446317E+003
     0.85483361E+001     0.23261206E+003    -0.18232922E+003    -0.69378580E+003
     0.85518699E+001     0.23270822E+003     0.14305459E+003    -0.72826295E+003
     0.85554038E+001     0.23280438E+003     0.45227911E+003    -0.62139004E+003
     0.85589376E+001     0.23290054E+003     0.68687733E+003    -0.39339057E+003
     0.85624714E+001     0.23299670E+003     0.80249402E+003    -0.87391770E+002
     0.85660053E+001     0.23309286E+003     0.77727287E+003     0.23873067E+003
     0.85695391E+001     0.23318902E+003     0.61598899E+003     0.52329659E+003
     0.85730729E+001     0.23328518E+003     0.34914560E+003     0.71248449E+003
     0.85766068E+001     0.23338134E+003     0.27205940E+002     0.77050868E+003
     0.85801406E+001     0.23347750E+003    -0.28894922E+003     0.68638573E+003
     0.85836744E+001     0.23357366E+003    -0.53953364E+003     0.47601107E+003
     0.85872083E+001     0.23366982E+003    -0.67716060E+003     0.17915296E+003
     0.85907421E+001     0.23376598E+003    -0.67580323E+003    -0.14806755E+003
     0.85942759E+001     0.23386214E+003    -0.53571563E+003    -0.44378890E+003
     0.85978097E+001     0.23395830E+003    -0.28338448E+003    -0.65210642E+003
     0.86013436E+001     0.23405446E+003     0.33479609E+002    -0.73364336E+003
     0.86048774E+001     0.23415062E+003     0.35496398E+003    -0.67299647E+003
     0.86084112E+001     0.23424678E+003     0.62028300E+003    -0.48164834E+003
     0.86119451E+001     0.23434294E+003     0.77927211E+003    -0.19579576E+003
     0.86154789E+001     0.23443910E+003     0.80187325E+003     0.13049492E+003
     0.86190127E+001     0.23453526E+003     0.68381846E+003     0.43551158E+003
     0.86225466E+001     0.23463142E+003     0.44743641E+003     0.66156549E+003
     0.86260804E+001     0.23472758E+003     0.13743012E+003     0.76589965E+003
     0.86296142E+001     0.23482375E+003    -0.18757625E+003     0.72877366E+003
     0.86331481E+001     0.23491991E+003    -0.46612293E+003     0.55719606E+003
     0.86366819E+001     0.23501607E+003    -0.64553587E+003     0.28359880E+003
     0.86402157E+001     0.23511223E+003    -0.69188688E+003    -0.40295557E+002
     0.86437495E+001     0.23520839E+003    -0.59640892E+003    -0.35325438E+003
     0.86472834E+001     0.23530455E+003    -0.37715352E+003    -0.59611349E+003
     0.86508172E+001     0.23540071E+003    -0.75577156E+002    -0.72296455E+003
     0.86543510E+001     0.23549687E+003     0.25129804E+003    -0.70983574E+003
     0.86578849E+001     0.23559303E+003     0.54166678E+003    -0.55922433E+003
     0.86614187E+001     0.23568919E+003     0.74062745E+003    -0.29962419E+003
     0.86649525E+001     0.23578535E+003     0.81056341E+003     0.19862429E+002
     0.86684864E+001     0.23588151E+003     0.73825566E+003     0.33880985E+003
     0.86720202E+001     0.23597767E+003     0.53738223E+003     0.59689499E+003
     0.86755540E+001     0.23607383E+003     0.24593149E+003     0.74530383E+003
     0.86790878E+001     0.23616999E+003    -0.80981282E+002     0.75596160E+003
     0.86826217E+001     0.23626615E+003    -0.38153597E+003     0.62684117E+003
     0.86861555E+001     0.23636231E+003    -0.59889708E+003     0.38234609E+003
     0.86896893E+001     0.23645847E+003    -0.69196088E+003     0.68695857E+002
     0.86932232E+001     0.23655463E+003    -0.64312737E+003    -0.25481395E+003
     0.86967570E+001     0.23665079E+003    -0.46162818E+003    -0.52702400E+003
     0.87002908E+001     0.23674695E+003    -0.18178062E+003    -0.69647589E+003
     0.87038247E+001     0.23684311E+003     0.14350167E+003    -0.73114227E+003
     0.87073585E+001     0.23693927E+003     0.45271433E+003    -0.62448269E+003
     0.87108923E+001     0.23703543E+003     0.68739214E+003    -0.39668007E+003
     0.87144262E+001     0.23713160E+003     0.80316426E+003    -0.90824114E+002
     0.87179600E+001     0.23722776E+003     0.77814411E+003     0.23523683E+003
     0.87214938E+001     0.23732392E+003     0.61706774E+003     0.51983438E+003
     0.87250276E+001     0.23742008E+003     0.35039799E+003     0.70914108E+003
     0.87285615E+001     0.23751624E+003     0.28563963E+002     0.76734849E+003
     0.87320953E+001     0.23761240E+003    -0.28757463E+003     0.68343804E+003
     0.87356291E+001     0.23770856E+003    -0.53823562E+003     0.47326431E+003
     0.87391630E+001     0.23780472E+003    -0.67601860E+003     0.17655690E+003
     0.87426968E+001     0.23790088E+003    -0.67486768E+003    -0.15059242E+003
     0.87462306E+001     0.23799704E+003    -0.53499821E+003    -0.44633607E+003
     0.87497645E+001     0.23809320E+003    -0.28285580E+003    -0.65476553E+003
     0.87532983E+001     0.23818936E+003     0.33884454E+002    -0.73648304E+003
     0.87568321E+001     0.23828552E+003     0.35533309E+003    -0.67605108E+003
     0.87603660E+001     0.23838168E+003     0.62071082E+003    -0.48491134E+003
     0.87638998E+001     0.23847784E+003     0.77984136E+003    -0.19922090E+003
     0.87674336E+001     0.23857400E+003     0.80263906E+003     0.12698492E+003
     0.87709674E+001     0.23867016E+003     0.68479765E+003     0.43201018E+003
     0.87745013E+001     0.23876632E+003     0.44860433E+003     0.65816449E+003
     0.87780351E+001     0.23886248E+003     0.13872521E+003     0.76267165E+003
     0.87815689E+001     0.23895864E+003    -0.18624074E+003     0.72575803E+003
     0.87851028E+001     0.23905480E+003    -0.46484227E+003     0.55439137E+003
     0.87886366E+001     0.23915096E+003    -0.64439573E+003     0.28096309E+003
     0.87921704E+001     0.23924712E+003    -0.69094687E+003    -0.42836884E+002
     0.87957043E+001     0.23934328E+003    -0.59569110E+003    -0.35579427E+003
     0.87992381E+001     0.23943945E+003    -0.37663816E+003    -0.59874551E+003
     0.88027719E+001     0.23953561E+003    -0.75206456E+002    -0.72576492E+003
     0.88063057E+001     0.23963177E+003     0.25160897E+003    -0.71284877E+003
     0.88098396E+001     0.23972793E+003     0.54201365E+003    -0.56245384E+003
     0.88133734E+001     0.23982409E+003     0.74109852E+003    -0.30303279E+003
     0.88169072E+001     0.23992025E+003     0.81122253E+003     0.16346288E+002
     0.88204411E+001     0.24001641E+003     0.73913010E+003     0.33527813E+003
     0.88239749E+001     0.24011257E+003     0.53845742E+003     0.59344254E+003
     0.88275087E+001     0.24020873E+003     0.24715375E+003     0.74201028E+003
     0.88310426E+001     0.24030489E+003    -0.79694540E+002     0.75287606E+003
     0.88345764E+001     0.24040105E+003    -0.38028039E+003     0.62397283E+003
     0.88381102E+001     0.24049721E+003    -0.59776315E+003     0.37966244E+003
     0.88416441E+001     0.24059337E+003    -0.69101654E+003     0.66128892E+002
     0.88451779E+001     0.24068953E+003    -0.64240512E+003    -0.25735476E+003
     0.88487117E+001     0.24078569E+003    -0.46111876E+003    -0.52963445E+003
     0.88522455E+001     0.24088185E+003    -0.18143478E+003    -0.69923866E+003
     0.88557794E+001     0.24097801E+003     0.14376378E+003    -0.73411113E+003
     0.88593132E+001     0.24107417E+003     0.45298783E+003    -0.62767225E+003
     0.88628470E+001     0.24117033E+003     0.68776936E+003    -0.40006297E+003
     0.88663809E+001     0.24126649E+003     0.80371702E+003    -0.94336216E+002
     0.88699147E+001     0.24136265E+003     0.77891008E+003     0.23168418E+003
     0.88734485E+001     0.24145881E+003     0.61804316E+003     0.51633744E+003
     0.88769824E+001     0.24155497E+003     0.35153840E+003     0.70578531E+003
     0.88805162E+001     0.24165113E+003     0.29792783E+002     0.76419227E+003
     0.88840500E+001     0.24174730E+003    -0.28635162E+003     0.68050153E+003
     0.88875839E+001     0.24184346E+003    -0.53711224E+003     0.47052561E+003
     0.88911177E+001     0.24193962E+003    -0.67507038E+003     0.17395615E+003
     0.88946515E+001     0.24203578E+003    -0.67413742E+003    -0.15314149E+003
     0.88981853E+001     0.24213194E+003    -0.53448789E+003    -0.44892976E+003
     0.89017192E+001     0.24222810E+003    -0.28252618E+003    -0.65749183E+003
     0.89052530E+001     0.24232426E+003     0.34106371E+002    -0.73940478E+003
     0.89087868E+001     0.24242042E+003     0.35554011E+003    -0.67919407E+003
     0.89123207E+001     0.24251658E+003     0.62099791E+003    -0.48825934E+003
     0.89158545E+001     0.24261274E+003     0.78028749E+003    -0.20271875E+003
     0.89193883E+001     0.24270890E+003     0.80329216E+003     0.12342068E+003
     0.89229222E+001     0.24280506E+003     0.68566561E+003     0.42847552E+003
     0.89264560E+001     0.24290122E+003     0.44965339E+003     0.65474957E+003
     0.89299898E+001     0.24299738E+003     0.13988643E+003     0.75944369E+003
     0.89335236E+001     0.24309354E+003    -0.18505833E+003     0.72274848E+003
     0.89370575E+001     0.24318970E+003    -0.46373440E+003     0.55158996E+003
     0.89405913E+001     0.24328586E+003    -0.64344460E+003     0.27831976E+003
     0.89441251E+001     0.24338202E+003    -0.69020557E+003    -0.45402398E+002
     0.89476590E+001     0.24347818E+003    -0.59517349E+003    -0.35837721E+003
     0.89511928E+001     0.24357434E+003    -0.37631624E+003    -0.60143792E+003
     0.89547266E+001     0.24367050E+003    -0.75015699E+002    -0.72863822E+003
     0.89582605E+001     0.24376666E+003     0.25175731E+003    -0.71594007E+003
     0.89617943E+001     0.24386282E+003     0.54221571E+003    -0.56575900E+003
     0.89653281E+001     0.24395898E+003     0.74143954E+003    -0.30650712E+003
     0.89688620E+001     0.24405515E+003     0.81176062E+003     0.12779465E+002
     0.89723958E+001     0.24415131E+003     0.73988523E+003     0.33171297E+003
     0.89759296E+001     0.24424747E+003     0.53940759E+003     0.58997271E+003
     0.89794634E+001     0.24434363E+003     0.24823925E+003     0.73871124E+003
     0.89829973E+001     0.24443979E+003    -0.78559898E+002     0.74979071E+003
     0.89865311E+001     0.24453595E+003    -0.37919285E+003     0.62110330E+003
     0.89900649E+001     0.24463211E+003    -0.59681072E+003     0.37696974E+003
     0.89935988E+001     0.24472827E+003    -0.69026233E+003     0.63540293E+002
     0.89971326E+001     0.24482443E+003    -0.64187528E+003    -0.25993194E+003
     0.90006664E+001     0.24492059E+003    -0.46079756E+003    -0.53229522E+003
     0.90042003E+001     0.24501675E+003    -0.18126757E+003    -0.70206235E+003
     0.90077341E+001     0.24511291E+003     0.14386020E+003    -0.73714633E+003
     0.90112679E+001     0.24520907E+003     0.45310949E+003    -0.63092752E+003
     0.90148018E+001     0.24530523E+003     0.68800680E+003    -0.40350526E+003
     0.90183356E+001     0.24540139E+003     0.80413820E+003    -0.97897086E+002
     0.90218694E+001     0.24549755E+003     0.77954739E+003     0.22809561E+003
     0.90254032E+001     0.24559371E+003     0.61888730E+003     0.51281721E+003
     0.90289371E+001     0.24568987E+003     0.35254013E+003     0.70241645E+003
     0.90324709E+001     0.24578603E+003     0.30872178E+002     0.76102902E+003
     0.90360047E+001     0.24588219E+003    -0.28528999E+003     0.67755903E+003
     0.90395386E+001     0.24597835E+003    -0.53616127E+003     0.46777696E+003
     0.90430724E+001     0.24607451E+003    -0.67430270E+003     0.17133749E+003
     0.90466062E+001     0.24617067E+003    -0.67359168E+003    -0.15571886E+003
     0.90501401E+001     0.24626684E+003    -0.53416136E+003    -0.45156265E+003
     0.90536739E+001     0.24636300E+003    -0.28237520E+003    -0.66026676E+003
     0.90572077E+001     0.24645916E+003     0.34158159E+002    -0.74238155E+003
     0.90607415E+001     0.24655532E+003     0.35558729E+003    -0.68239431E+003
     0.90642754E+001     0.24665148E+003     0.62113535E+003    -0.49166246E+003
     0.90678092E+001     0.24674764E+003     0.78059241E+003    -0.20626575E+003
     0.90713430E+001     0.24684380E+003     0.80380940E+003     0.11981616E+003
     0.90748769E+001     0.24693996E+003     0.68639902E+003     0.42491072E+003
     0.90784107E+001     0.24703612E+003     0.45056511E+003     0.65131427E+003
     0.90819445E+001     0.24713228E+003     0.14090401E+003     0.75620309E+003
     0.90854784E+001     0.24722844E+003    -0.18402833E+003     0.71973083E+003
     0.90890122E+001     0.24732460E+003    -0.46278863E+003     0.54878111E+003
     0.90925460E+001     0.24742076E+003    -0.64266461E+003     0.27566575E+003
     0.90960799E+001     0.24751692E+003    -0.68964222E+003    -0.47985157E+002
     0.90996137E+001     0.24761308E+003    -0.59483735E+003    -0.36098605E+003
     0.91031475E+001     0.24770924E+003    -0.37617546E+003    -0.60416557E+003
     0.91066813E+001     0.24780540E+003    -0.75001963E+002    -0.73155510E+003
     0.91102152E+001     0.24790156E+003     0.25173589E+003    -0.71908096E+003
     0.91137490E+001     0.24799772E+003     0.54225720E+003    -0.56911626E+003
     0.91172828E+001     0.24809388E+003     0.74162950E+003    -0.31003211E+003
     0.91208167E+001     0.24819004E+003     0.81215592E+003     0.91672620E+001
     0.91243505E+001     0.24828620E+003     0.74050312E+003     0.32811068E+003
     0.91278843E+001     0.24838236E+003     0.54022232E+003     0.58647576E+003
     0.91314182E+001     0.24847852E+003     0.24918686E+003     0.73539504E+003
     0.91349520E+001     0.24857469E+003    -0.77569469E+002     0.74669636E+003
     0.91384858E+001     0.24867085E+003    -0.37825866E+003     0.61822973E+003
     0.91420197E+001     0.24876701E+003    -0.59602210E+003     0.37427378E+003
     0.91455535E+001     0.24886317E+003    -0.68968181E+003     0.60944785E+002
     0.91490873E+001     0.24895933E+003    -0.64152667E+003    -0.26252355E+003
     0.91526211E+001     0.24905549E+003    -0.46066129E+003    -0.53498052E+003
     0.91561550E+001     0.24915165E+003    -0.18128436E+003    -0.70492146E+003
     0.91596888E+001     0.24924781E+003     0.14377823E+003    -0.74022658E+003
     0.91632226E+001     0.24934397E+003     0.45306211E+003    -0.63423435E+003
     0.91667565E+001     0.24944013E+003     0.68808672E+003    -0.40700107E+003
     0.91702903E+001     0.24953629E+003     0.80441341E+003    -0.10150833E+003
     0.91738241E+001     0.24963245E+003     0.78004815E+003     0.22446454E+003
     0.91773580E+001     0.24972861E+003     0.61960028E+003     0.50926586E+003
     0.91808918E+001     0.24982477E+003     0.35341082E+003     0.69902930E+003
     0.91844256E+001     0.24992093E+003     0.31815211E+002     0.75785936E+003
     0.91879594E+001     0.25001709E+003    -0.28437466E+003     0.67461877E+003
     0.91914933E+001     0.25011325E+003    -0.53536935E+003     0.46503425E+003
     0.91950271E+001     0.25020941E+003    -0.67370733E+003     0.16872269E+003
     0.91985609E+001     0.25030557E+003    -0.67322941E+003    -0.15830004E+003
     0.92020948E+001     0.25040173E+003    -0.53402509E+003    -0.45421117E+003
     0.92056286E+001     0.25049789E+003    -0.28241548E+003    -0.66307103E+003
     0.92091624E+001     0.25059405E+003     0.34023816E+002    -0.74540057E+003
     0.92126963E+001     0.25069021E+003     0.35545877E+003    -0.68564638E+003
     0.92162301E+001     0.25078637E+003     0.62111091E+003    -0.49512153E+003
     0.92197639E+001     0.25088254E+003     0.78074989E+003    -0.20986635E+003
     0.92232978E+001     0.25097870E+003     0.80419146E+003     0.11616649E+003
     0.92268316E+001     0.25107486E+003     0.68700483E+003     0.42131397E+003
     0.92303654E+001     0.25117102E+003     0.45135040E+003     0.64786240E+003
     0.92338992E+001     0.25126718E+003     0.14178949E+003     0.75296050E+003
     0.92374331E+001     0.25136334E+003    -0.18314190E+003     0.71672202E+003
     0.92409669E+001     0.25145950E+003    -0.46200158E+003     0.54598596E+003
     0.92445007E+001     0.25155566E+003    -0.64205919E+003     0.27302324E+003
     0.92480346E+001     0.25165182E+003    -0.68926691E+003    -0.50565345E+002
     0.92515684E+001     0.25174798E+003    -0.59469749E+003    -0.36360641E+003
     0.92551022E+001     0.25184414E+003    -0.37623218E+003    -0.60692114E+003
     0.92586361E+001     0.25194030E+003    -0.75179513E+002    -0.73451539E+003
     0.92621699E+001     0.25203646E+003     0.25153573E+003    -0.72227654E+003
     0.92657037E+001     0.25213262E+003     0.54213638E+003    -0.57253293E+003
     0.92692376E+001     0.25222878E+003     0.74167428E+003    -0.31361351E+003
     0.92727714E+001     0.25232494E+003     0.81242033E+003     0.55088881E+001
     0.92763052E+001     0.25242110E+003     0.74099864E+003     0.32447787E+003
     0.92798390E+001     0.25251726E+003     0.54091564E+003     0.58296619E+003
     0.92833729E+001     0.25261342E+003     0.25000613E+003     0.73208295E+003
     0.92869067E+001     0.25270958E+003    -0.76720879E+002     0.74361827E+003
     0.92904405E+001     0.25280574E+003    -0.37748384E+003     0.61537754E+003
     0.92939744E+001     0.25290190E+003    -0.59541088E+003     0.37159614E+003
     0.92975082E+001     0.25299806E+003    -0.68929358E+003     0.58356915E+002
     0.93010420E+001     0.25309422E+003    -0.64137903E+003    -0.26512366E+003
     0.93045759E+001     0.25319039E+003    -0.46072667E+003    -0.53769274E+003
     0.93081097E+001     0.25328655E+003    -0.18149515E+003    -0.70782435E+003
     0.93116435E+001     0.25338271E+003     0.14351659E+003    -0.74336240E+003
     0.93151773E+001     0.25347887E+003     0.45285326E+003    -0.63760108E+003
     0.93187112E+001     0.25357503E+003     0.68802359E+003    -0.41055266E+003
     0.93222450E+001     0.25367119E+003     0.80456043E+003    -0.10516346E+003
     0.93257788E+001     0.25376735E+003     0.78042896E+003     0.22080690E+003
     0.93293127E+001     0.25386351E+003     0.62019315E+003     0.50570717E+003
     0.93328465E+001     0.25395967E+003     0.35415291E+003     0.69565208E+003
     0.93363803E+001     0.25405583E+003     0.32614444E+002     0.75471153E+003
     0.93399142E+001     0.25415199E+003    -0.28362200E+003     0.67170438E+003
     0.93434480E+001     0.25424815E+003    -0.53475879E+003     0.46231279E+003
     0.93469818E+001     0.25434431E+003    -0.67330805E+003     0.16611679E+003
     0.93505157E+001     0.25444047E+003    -0.67307102E+003    -0.16088988E+003
     0.93540495E+001     0.25453663E+003    -0.53409192E+003    -0.45688754E+003
     0.93575833E+001     0.25463279E+003    -0.28264966E+003    -0.66592006E+003
     0.93611171E+001     0.25472895E+003     0.33711317E+002    -0.74847552E+003
     0.93646510E+001     0.25482511E+003     0.35517119E+003    -0.68895748E+003
     0.93681848E+001     0.25492127E+003     0.62094598E+003    -0.49863406E+003
     0.93717186E+001     0.25501743E+003     0.78078123E+003    -0.21350727E+003
     0.93752525E+001     0.25511359E+003     0.80445453E+003     0.11249460E+003
     0.93787863E+001     0.25520975E+003     0.68749022E+003     0.41771433E+003
     0.93823201E+001     0.25530591E+003     0.45200566E+003     0.64442435E+003
     0.93858540E+001     0.25540207E+003     0.14252912E+003     0.74974251E+003
     0.93893878E+001     0.25549824E+003    -0.18242011E+003     0.71374057E+003
     0.93929216E+001     0.25559440E+003    -0.46139710E+003     0.54321242E+003
     0.93964555E+001     0.25569056E+003    -0.64164978E+003     0.27038938E+003
     0.93999893E+001     0.25578672E+003    -0.68909384E+003    -0.53154352E+002
     0.94035231E+001     0.25588288E+003    -0.59475770E+003    -0.36625388E+003
     0.94070569E+001     0.25597904E+003    -0.37647892E+003    -0.60971919E+003
     0.94105908E+001     0.25607520E+003    -0.75531315E+002    -0.73752741E+003
     0.94141246E+001     0.25617136E+003     0.25117952E+003    -0.72552520E+003
     0.94176584E+001     0.25626752E+003     0.54187644E+003    -0.57599591E+003
     0.94211923E+001     0.25636368E+003     0.74159217E+003    -0.31722776E+003
     0.94247261E+001     0.25645984E+003     0.81256297E+003     0.18350908E+001
     0.94282599E+001     0.25655600E+003     0.74136944E+003     0.32084743E+003
     0.94317938E+001     0.25665216E+003     0.54147388E+003     0.57947362E+003
     0.94353276E+001     0.25674832E+003     0.25067483E+003     0.72879639E+003
     0.94388614E+001     0.25684448E+003    -0.76040390E+002     0.74056662E+003
     0.94423952E+001     0.25694064E+003    -0.37689302E+003     0.61254492E+003
     0.94459291E+001     0.25703680E+003    -0.59499475E+003     0.36892510E+003
     0.94494629E+001     0.25713296E+003    -0.68910462E+003     0.55759312E+002
     0.94529967E+001     0.25722912E+003    -0.64142719E+003    -0.26774990E+003
     0.94565306E+001     0.25732528E+003    -0.46097753E+003    -0.54044411E+003
     0.94600644E+001     0.25742144E+003    -0.18187661E+003    -0.71077349E+003
     0.94635982E+001     0.25751760E+003     0.14310070E+003    -0.74654439E+003
     0.94671321E+001     0.25761376E+003     0.45250480E+003    -0.64100671E+003
     0.94706659E+001     0.25770992E+003     0.68783077E+003    -0.41413033E+003
     0.94741997E+001     0.25780609E+003     0.80458109E+003    -0.10882900E+003
     0.94777336E+001     0.25790225E+003     0.78067968E+003     0.21715417E+003
     0.94812674E+001     0.25799841E+003     0.62064614E+003     0.50216543E+003
     0.94848012E+001     0.25809457E+003     0.35474127E+003     0.69229831E+003
     0.94883350E+001     0.25819073E+003     0.33244944E+002     0.75158690E+003
     0.94918689E+001     0.25828689E+003    -0.28305114E+003     0.66880653E+003
     0.94954027E+001     0.25838305E+003    -0.53433866E+003     0.45959635E+003
     0.94989365E+001     0.25847921E+003    -0.67310177E+003     0.16350199E+003
     0.95024704E+001     0.25857537E+003    -0.67310177E+003    -0.16350199E+003
     0.95060042E+001     0.25867153E+003    -0.53433866E+003    -0.45959635E+003
     0.95095380E+001     0.25876769E+003    -0.28305114E+003    -0.66880653E+003
     0.95130719E+001     0.25886385E+003     0.33244944E+002    -0.75158690E+003
     0.95166057E+001     0.25896001E+003     0.35474126E+003    -0.69229831E+003
     0.95201395E+001     0.25905617E+003     0.62064614E+003    -0.50216543E+003
     0.95236734E+001     0.25915233E+003     0.78067968E+003    -0.21715417E+003
     0.95272072E+001     0.25924849E+003     0.80458109E+003     0.10882900E+003
     0.95307410E+001     0.25934465E+003     0.68783077E+003     0.41413033E+003
     0.95342748E+001     0.25944081E+003     0.45250480E+003     0.64100672E+003
     0.95378087E+001     0.25953697E+003     0.14310070E+003     0.74654439E+003
     0.95413425E+001     0.25963313E+003    -0.18187661E+003     0.71077349E+003
     0.95448763E+001     0.25972929E+003    -0.46097753E+003     0.54044411E+003
     0.95484102E+001     0.25982545E+003    -0.64142719E+003     0.26774990E+003
     0.95519440E+001     0.25992161E+003    -0.68910462E+003    -0.55759312E+002
     0.95554778E+001     0.26001778E+003    -0.59499475E+003    -0.36892510E+003
     0.95590117E+001     0.26011394E+003    -0.37689302E+003    -0.61254492E+003
     0.95625455E+001     0.26021010E+003    -0.76040390E+002    -0.74056663E+003
     0.95660793E+001     0.26030626E+003     0.25067483E+003    -0.72879639E+003
     0.95696131E+001     0.26040242E+003     0.54147388E+003    -0.57947362E+003
     0.95731470E+001     0.26049858E+003     0.74136943E+003    -0.32084743E+003
     0.95766808E+001     0.26059474E+003     0.81256297E+003    -0.18350915E+001
     0.95802146E+001     0.26069090E+003     0.74159217E+003     0.31722776E+003
     0.95837485E+001     0.26078706E+003     0.54187644E+003     0.57599591E+003
     0.95872823E+001     0.26088322E+003     0.25117952E+003     0.72552520E+003
     0.95908161E+001     0.26097938E+003    -0.75531316E+002     0.73752741E+003
     0.95943500E+001     0.26107554E+003    -0.37647892E+003     0.60971919E+003
     0.95978838E+001     0.26117170E+003    -0.59475770E+003     0.36625387E+003
     0.96014176E+001     0.26126786E+003    -0.68909384E+003     0.53154352E+002
     0.96049515E+001     0.26136402E+003    -0.64164978E+003    -0.27038938E+003
     0.96084853E+001     0.26146018E+003    -0.46139710E+003    -0.54321242E+003
     0.96120191E+001     0.26155634E+003    -0.18242011E+003    -0.71374057E+003
     0.96155529E+001     0.26165250E+003     0.14252912E+003    -0.74974251E+003
     0.96190868E+001     0.26174866E+003     0.45200566E+003    -0.64442435E+003
     0.96226206E+001     0.26184482E+003     0.68749022E+003    -0.41771433E+003
     0.96261544E+001     0.26194098E+003     0.80445453E+003    -0.11249460E+003
     0.96296883E+001     0.26203714E+003     0.78078123E+003     0.21350727E+003
     0.96332221E+001     0.26213330E+003     0.62094598E+003     0.49863405E+003
     0.96367559E+001     0.26222946E+003     0.35517119E+003     0.68895748E+003
     0.96402898E+001     0.26232563E+003     0.33711319E+002     0.74847552E+003
     0.96438236E+001     0.26242179E+003    -0.28264966E+003     0.66592007E+003
     0.96473574E+001     0.26251795E+003    -0.53409192E+003     0.45688754E+003
     0.96508913E+001     0.26261411E+003    -0.67307102E+003     0.16088988E+003
     0.96544251E+001     0.26271027E+003    -0.67330805E+003    -0.16611679E+003
     0.96579589E+001     0.26280643E+003    -0.53475880E+003    -0.46231279E+003
     0.96614927E+001     0.26290259E+003    -0.28362200E+003    -0.67170439E+003
     0.96650266E+001     0.26299875E+003     0.32614444E+002    -0.75471153E+003
     0.96685604E+001     0.26309491E+003     0.35415291E+003    -0.69565208E+003
     0.96720942E+001     0.26319107E+003     0.62019315E+003    -0.50570717E+003
     0.96756281E+001     0.26328723E+003     0.78042896E+003    -0.22080690E+003
     0.96791619E+001     0.26338339E+003     0.80456043E+003     0.10516346E+003
     0.96826957E+001     0.26347955E+003     0.68802359E+003     0.41055266E+003
     0.96862296E+001     0.26357571E+003     0.45285326E+003     0.63760108E+003
     0.96897634E+001     0.26367187E+003     0.14351659E+003     0.74336241E+003
     0.96932972E+001     0.26376803E+003    -0.18149516E+003     0.70782435E+003
     0.96968310E+001     0.26386419E+003    -0.46072667E+003     0.53769274E+003
     0.97003649E+001     0.26396035E+003    -0.64137903E+003     0.26512366E+003
     0.97038987E+001     0.26405651E+003    -0.68929359E+003    -0.58356915E+002
     0.97074325E+001     0.26415267E+003    -0.59541089E+003    -0.37159614E+003
     0.97109664E+001     0.26424883E+003    -0.37748384E+003    -0.61537754E+003
     0.97145002E+001     0.26434499E+003    -0.76720878E+002    -0.74361827E+003
     0.97180340E+001     0.26444115E+003     0.25000613E+003    -0.73208295E+003
     0.97215679E+001     0.26453731E+003     0.54091564E+003    -0.58296619E+003
     0.97251017E+001     0.26463348E+003     0.74099864E+003    -0.32447787E+003
     0.97286355E+001     0.26472964E+003     0.81242033E+003    -0.55088871E+001
     0.97321694E+001     0.26482580E+003     0.74167428E+003     0.31361351E+003
     0.97357032E+001     0.26492196E+003     0.54213638E+003     0.57253293E+003
     0.97392370E+001     0.26501812E+003     0.25153573E+003     0.72227654E+003
     0.97427708E+001     0.26511428E+003    -0.75179514E+002     0.73451539E+003
     0.97463047E+001     0.26521044E+003    -0.37623218E+003     0.60692114E+003
     0.97498385E+001     0.26530660E+003    -0.59469749E+003     0.36360641E+003
     0.97533723E+001     0.26540276E+003    -0.68926690E+003     0.50565344E+002
     0.97569062E+001     0.26549892E+003    -0.64205919E+003    -0.27302324E+003
     0.97604400E+001     0.26559508E+003    -0.46200158E+003    -0.54598596E+003
     0.97639738E+001     0.26569124E+003    -0.18314191E+003    -0.71672202E+003
     0.97675077E+001     0.26578740E+003     0.14178949E+003    -0.75296050E+003
     0.97710415E+001     0.26588356E+003     0.45135040E+003    -0.64786240E+003
     0.97745753E+001     0.26597972E+003     0.68700483E+003    -0.42131397E+003
     0.97781092E+001     0.26607588E+003     0.80419146E+003    -0.11616649E+003
     0.97816430E+001     0.26617204E+003     0.78074989E+003     0.20986635E+003
     0.97851768E+001     0.26626820E+003     0.62111091E+003     0.49512153E+003
     0.97887106E+001     0.26636436E+003     0.35545877E+003     0.68564638E+003
     0.97922445E+001     0.26646052E+003     0.34023817E+002     0.74540057E+003
     0.97957783E+001     0.26655668E+003    -0.28241548E+003     0.66307102E+003
     0.97993121E+001     0.26665284E+003    -0.53402509E+003     0.45421116E+003
     0.98028460E+001     0.26674900E+003    -0.67322941E+003     0.15830004E+003
     0.98063798E+001     0.26684516E+003    -0.67370733E+003    -0.16872269E+003
     0.98099136E+001     0.26694133E+003    -0.53536935E+003    -0.46503425E+003
     0.98134475E+001     0.26703749E+003    -0.28437466E+003    -0.67461877E+003
     0.98169813E+001     0.26713365E+003     0.31815211E+002    -0.75785936E+003
     0.98205151E+001     0.26722981E+003     0.35341082E+003    -0.69902929E+003
     0.98240489E+001     0.26732597E+003     0.61960028E+003    -0.50926586E+003
     0.98275828E+001     0.26742213E+003     0.78004815E+003    -0.22446454E+003
     0.98311166E+001     0.26751829E+003     0.80441341E+003     0.10150833E+003
     0.98346504E+001     0.26761445E+003     0.68808672E+003     0.40700107E+003
     0.98381843E+001     0.26771061E+003     0.45306211E+003     0.63423434E+003
     0.98417181E+001     0.26780677E+003     0.14377823E+003     0.74022658E+003
     0.98452519E+001     0.26790293E+003    -0.18128436E+003     0.70492145E+003
     0.98487858E+001     0.26799909E+003    -0.46066129E+003     0.53498052E+003
     0.98523196E+001     0.26809525E+003    -0.64152667E+003     0.26252355E+003
     0.98558534E+001     0.26819141E+003    -0.68968181E+003    -0.60944785E+002
     0.98593873E+001     0.26828757E+003    -0.59602210E+003    -0.37427378E+003
     0.98629211E+001     0.26838373E+003    -0.37825866E+003    -0.61822973E+003
     0.98664549E+001     0.26847989E+003    -0.77569469E+002    -0.74669636E+003
     0.98699887E+001     0.26857605E+003     0.24918686E+003    -0.73539504E+003
     0.98735226E+001     0.26867221E+003     0.54022232E+003    -0.58647576E+003
     0.98770564E+001     0.26876837E+003     0.74050312E+003    -0.32811068E+003
     0.98805902E+001     0.26886453E+003     0.81215592E+003    -0.91672619E+001
     0.98841241E+001     0.26896069E+003     0.74162950E+003     0.31003211E+003
     0.98876579E+001     0.26905685E+003     0.54225720E+003     0.56911626E+003
     0.98911917E+001     0.26915301E+003     0.25173589E+003     0.71908096E+003
     0.98947256E+001     0.26924918E+003    -0.75001963E+002     0.73155510E+003
     0.98982594E+001     0.26934534E+003    -0.37617546E+003     0.60416557E+003
     0.99017932E+001     0.26944150E+003    -0.59483735E+003     0.36098605E+003
     0.99053271E+001     0.26953766E+003    -0.68964222E+003     0.47985158E+002
     0.99088609E+001     0.26963382E+003    -0.64266461E+003    -0.27566575E+003
     0.99123947E+001     0.26972998E+003    -0.46278863E+003    -0.54878111E+003
     0.99159285E+001     0.26982614E+003    -0.18402833E+003    -0.71973083E+003
     0.99194624E+001     0.26992230E+003     0.14090401E+003    -0.75620309E+003
     0.99229962E+001     0.27001846E+003     0.45056511E+003    -0.65131427E+003
     0.99265300E+001     0.27011462E+003     0.68639902E+003    -0.42491072E+003
     0.99300639E+001     0.27021078E+003     0.80380940E+003    -0.11981616E+003
     0.99335977E+001     0.27030694E+003     0.78059241E+003     0.20626575E+003
     0.99371315E+001     0.27040310E+003     0.62113535E+003     0.49166246E+003
     0.99406654E+001     0.27049926E+003     0.35558729E+003     0.68239431E+003
     0.99441992E+001     0.27059542E+003     0.34158161E+002     0.74238155E+003
     0.99477330E+001     0.27069158E+003    -0.28237520E+003     0.66026676E+003
     0.99512668E+001     0.27078774E+003    -0.53416136E+003     0.45156266E+003
     0.99548007E+001     0.27088390E+003    -0.67359168E+003     0.15571886E+003
     0.99583345E+001     0.27098006E+003    -0.67430269E+003    -0.17133749E+003
     0.99618683E+001     0.27107622E+003    -0.53616127E+003    -0.46777696E+003
     0.99654022E+001     0.27117238E+003    -0.28528999E+003    -0.67755903E+003
     0.99689360E+001     0.27126854E+003     0.30872178E+002    -0.76102902E+003
     0.99724698E+001     0.27136470E+003     0.35254013E+003    -0.70241645E+003
     0.99760037E+001     0.27146087E+003     0.61888730E+003    -0.51281721E+003
     0.99795375E+001     0.27155703E+003     0.77954739E+003    -0.22809560E+003
     0.99830713E+001     0.27165319E+003     0.80413820E+003     0.97897083E+002
     0.99866052E+001     0.27174935E+003     0.68800680E+003     0.40350526E+003
     0.99901390E+001     0.27184551E+003     0.45310949E+003     0.63092752E+003
     0.99936728E+001     0.27194167E+003     0.14386020E+003     0.73714633E+003
     0.99972066E+001     0.27203783E+003    -0.18126757E+003     0.70206235E+003
     0.10000740E+002     0.27213399E+003    -0.46079756E+003     0.53229522E+003
     0.10004274E+002     0.27223015E+003    -0.64187528E+003     0.25993194E+003
     0.10007808E+002     0.27232631E+003    -0.69026233E+003    -0.63540293E+002
     0.10011342E+002     0.27242247E+003    -0.59681072E+003    -0.37696974E+003
     0.10014876E+002     0.27251863E+003    -0.37919285E+003    -0.62110330E+003
     0.10018410E+002     0.27261479E+003    -0.78559897E+002    -0.74979071E+003
     0.10021943E+002     0.27271095E+003     0.24823925E+003    -0.73871124E+003
     0.10025477E+002     0.27280711E+003     0.53940759E+003    -0.58997272E+003
     0.10029011E+002     0.27290327E+003     0.73988523E+003    -0.33171297E+003
     0.10032545E+002     0.27299943E+003     0.81176062E+003    -0.12779465E+002
     0.10036079E+002     0.27309559E+003     0.74143954E+003     0.30650712E+003
     0.10039613E+002     0.27319175E+003     0.54221571E+003     0.56575900E+003
     0.10043146E+002     0.27328791E+003     0.25175731E+003     0.71594007E+003
     0.10046680E+002     0.27338407E+003    -0.75015699E+002     0.72863822E+003
     0.10050214E+002     0.27348023E+003    -0.37631624E+003     0.60143792E+003
     0.10053748E+002     0.27357639E+003    -0.59517349E+003     0.35837721E+003
     0.10057282E+002     0.27367255E+003    -0.69020557E+003     0.45402398E+002
     0.10060816E+002     0.27376872E+003    -0.64344461E+003    -0.27831976E+003
     0.10064349E+002     0.27386488E+003    -0.46373440E+003    -0.55158996E+003
     0.10067883E+002     0.27396104E+003    -0.18505833E+003    -0.72274847E+003
     0.10071417E+002     0.27405720E+003     0.13988643E+003    -0.75944369E+003
     0.10074951E+002     0.27415336E+003     0.44965339E+003    -0.65474957E+003
     0.10078485E+002     0.27424952E+003     0.68566561E+003    -0.42847552E+003
     0.10082019E+002     0.27434568E+003     0.80329216E+003    -0.12342068E+003
     0.10085552E+002     0.27444184E+003     0.78028749E+003     0.20271875E+003
     0.10089086E+002     0.27453800E+003     0.62099791E+003     0.48825934E+003
     0.10092620E+002     0.27463416E+003     0.35554011E+003     0.67919407E+003
     0.10096154E+002     0.27473032E+003     0.34106370E+002     0.73940478E+003
     0.10099688E+002     0.27482648E+003    -0.28252618E+003     0.65749183E+003
     0.10103222E+002     0.27492264E+003    -0.53448789E+003     0.44892976E+003
     0.10106755E+002     0.27501880E+003    -0.67413742E+003     0.15314149E+003
     0.10110289E+002     0.27511496E+003    -0.67507038E+003    -0.17395615E+003
     0.10113823E+002     0.27521112E+003    -0.53711224E+003    -0.47052561E+003
     0.10117357E+002     0.27530728E+003    -0.28635162E+003    -0.68050153E+003
     0.10120891E+002     0.27540344E+003     0.29792781E+002    -0.76419227E+003
     0.10124425E+002     0.27549960E+003     0.35153840E+003    -0.70578531E+003
     0.10127958E+002     0.27559576E+003     0.61804315E+003    -0.51633744E+003
     0.10131492E+002     0.27569192E+003     0.77891008E+003    -0.23168418E+003
     0.10135026E+002     0.27578808E+003     0.80371702E+003     0.94336214E+002
     0.10138560E+002     0.27588424E+003     0.68776936E+003     0.40006298E+003
     0.10142094E+002     0.27598040E+003     0.45298783E+003     0.62767225E+003
     0.10145628E+002     0.27607657E+003     0.14376377E+003     0.73411113E+003
     0.10149161E+002     0.27617273E+003    -0.18143478E+003     0.69923866E+003
     0.10152695E+002     0.27626889E+003    -0.46111876E+003     0.52963445E+003
     0.10156229E+002     0.27636505E+003    -0.64240512E+003     0.25735476E+003
     0.10159763E+002     0.27646121E+003    -0.69101654E+003    -0.66128891E+002
     0.10163297E+002     0.27655737E+003    -0.59776315E+003    -0.37966244E+003
     0.10166831E+002     0.27665353E+003    -0.38028039E+003    -0.62397283E+003
     0.10170364E+002     0.27674969E+003    -0.79694540E+002    -0.75287606E+003
     0.10173898E+002     0.27684585E+003     0.24715375E+003    -0.74201028E+003
     0.10177432E+002     0.27694201E+003     0.53845742E+003    -0.59344254E+003
     0.10180966E+002     0.27703817E+003     0.73913011E+003    -0.33527813E+003
     0.10184500E+002     0.27713433E+003     0.81122253E+003    -0.16346288E+002
     0.10188033E+002     0.27723049E+003     0.74109852E+003     0.30303278E+003
     0.10191567E+002     0.27732665E+003     0.54201365E+003     0.56245384E+003
     0.10195101E+002     0.27742281E+003     0.25160897E+003     0.71284877E+003
     0.10198635E+002     0.27751897E+003    -0.75206456E+002     0.72576492E+003
     0.10202169E+002     0.27761513E+003    -0.37663816E+003     0.59874551E+003
     0.10205703E+002     0.27771129E+003    -0.59569110E+003     0.35579427E+003
     0.10209236E+002     0.27780745E+003    -0.69094687E+003     0.42836885E+002
     0.10212770E+002     0.27790361E+003    -0.64439573E+003    -0.28096309E+003
     0.10216304E+002     0.27799977E+003    -0.46484227E+003    -0.55439136E+003
     0.10219838E+002     0.27809593E+003    -0.18624074E+003    -0.72575803E+003
     0.10223372E+002     0.27819209E+003     0.13872521E+003    -0.76267165E+003
     0.10226906E+002     0.27828825E+003     0.44860433E+003    -0.65816449E+003
     0.10230439E+002     0.27838442E+003     0.68479765E+003    -0.43201018E+003
     0.10233973E+002     0.27848058E+003     0.80263906E+003    -0.12698492E+003
     0.10237507E+002     0.27857674E+003     0.77984136E+003     0.19922090E+003
     0.10241041E+002     0.27867290E+003     0.62071083E+003     0.48491134E+003
     0.10244575E+002     0.27876906E+003     0.35533309E+003     0.67605108E+003
     0.10248109E+002     0.27886522E+003     0.33884453E+002     0.73648304E+003
     0.10251642E+002     0.27896138E+003    -0.28285580E+003     0.65476553E+003
     0.10255176E+002     0.27905754E+003    -0.53499820E+003     0.44633607E+003
     0.10258710E+002     0.27915370E+003    -0.67486768E+003     0.15059242E+003
     0.10262244E+002     0.27924986E+003    -0.67601860E+003    -0.17655690E+003
     0.10265778E+002     0.27934602E+003    -0.53823562E+003    -0.47326431E+003
     0.10269312E+002     0.27944218E+003    -0.28757463E+003    -0.68343804E+003
     0.10272845E+002     0.27953834E+003     0.28563963E+002    -0.76734849E+003
     0.10276379E+002     0.27963450E+003     0.35039799E+003    -0.70914108E+003
     0.10279913E+002     0.27973066E+003     0.61706774E+003    -0.51983438E+003
     0.10283447E+002     0.27982682E+003     0.77814410E+003    -0.23523683E+003
     0.10286981E+002     0.27992298E+003     0.80316426E+003     0.90824116E+002
     0.10290515E+002     0.28001914E+003     0.68739214E+003     0.39668007E+003
     0.10294048E+002     0.28011530E+003     0.45271433E+003     0.62448269E+003
     0.10297582E+002     0.28021146E+003     0.14350167E+003     0.73114227E+003
     0.10301116E+002     0.28030762E+003    -0.18178062E+003     0.69647589E+003
     0.10304650E+002     0.28040378E+003    -0.46162818E+003     0.52702400E+003
     0.10308184E+002     0.28049994E+003    -0.64312737E+003     0.25481396E+003
     0.10311718E+002     0.28059610E+003    -0.69196088E+003    -0.68695857E+002
     0.10315251E+002     0.28069227E+003    -0.59889708E+003    -0.38234609E+003
     0.10318785E+002     0.28078843E+003    -0.38153597E+003    -0.62684117E+003
     0.10322319E+002     0.28088459E+003    -0.80981281E+002    -0.75596160E+003
     0.10325853E+002     0.28098075E+003     0.24593149E+003    -0.74530383E+003
     0.10329387E+002     0.28107691E+003     0.53738223E+003    -0.59689499E+003
     0.10332921E+002     0.28117307E+003     0.73825566E+003    -0.33880985E+003
     0.10336454E+002     0.28126923E+003     0.81056341E+003    -0.19862427E+002
     0.10339988E+002     0.28136539E+003     0.74062746E+003     0.29962419E+003
     0.10343522E+002     0.28146155E+003     0.54166678E+003     0.55922433E+003
     0.10347056E+002     0.28155771E+003     0.25129804E+003     0.70983574E+003
     0.10350590E+002     0.28165387E+003    -0.75577156E+002     0.72296455E+003
     0.10354124E+002     0.28175003E+003    -0.37715352E+003     0.59611349E+003
     0.10357657E+002     0.28184619E+003    -0.59640893E+003     0.35325438E+003
     0.10361191E+002     0.28194235E+003    -0.69188688E+003     0.40295557E+002
     0.10364725E+002     0.28203851E+003    -0.64553587E+003    -0.28359880E+003
     0.10368259E+002     0.28213467E+003    -0.46612293E+003    -0.55719606E+003
     0.10371793E+002     0.28223083E+003    -0.18757625E+003    -0.72877366E+003
     0.10375327E+002     0.28232699E+003     0.13743012E+003    -0.76589965E+003
     0.10378860E+002     0.28242315E+003     0.44743641E+003    -0.66156549E+003
     0.10382394E+002     0.28251931E+003     0.68381846E+003    -0.43551158E+003
     0.10385928E+002     0.28261547E+003     0.80187326E+003    -0.13049492E+003
     0.10389462E+002     0.28271163E+003     0.77927211E+003     0.19579576E+003
     0.10392996E+002     0.28280779E+003     0.62028299E+003     0.48164834E+003
     0.10396529E+002     0.28290395E+003     0.35496398E+003     0.67299647E+003
     0.10400063E+002     0.28300012E+003     0.33479609E+002     0.73364336E+003
     0.10403597E+002     0.28309628E+003    -0.28338448E+003     0.65210642E+003
     0.10407131E+002     0.28319244E+003    -0.53571563E+003     0.44378890E+003
     0.10410665E+002     0.28328860E+003    -0.67580323E+003     0.14806755E+003
     0.10414199E+002     0.28338476E+003    -0.67716060E+003    -0.17915296E+003
     0.10417732E+002     0.28348092E+003    -0.53953364E+003    -0.47601107E+003
     0.10421266E+002     0.28357708E+003    -0.28894922E+003    -0.68638573E+003
     0.10424800E+002     0.28367324E+003     0.27205940E+002    -0.77050868E+003
     0.10428334E+002     0.28376940E+003     0.34914560E+003    -0.71248449E+003
     0.10431868E+002     0.28386556E+003     0.61598899E+003    -0.52329659E+003
     0.10435402E+002     0.28396172E+003     0.77727288E+003    -0.23873067E+003
     0.10438935E+002     0.28405788E+003     0.80249402E+003     0.87391770E+002
     0.10442469E+002     0.28415404E+003     0.68687733E+003     0.39339057E+003
     0.10446003E+002     0.28425020E+003     0.45227911E+003     0.62139004E+003
     0.10449537E+002     0.28434636E+003     0.14305459E+003     0.72826295E+003
     0.10453071E+002     0.28444252E+003    -0.18232922E+003     0.69378580E+003
     0.10456605E+002     0.28453868E+003    -0.46234893E+003     0.52446317E+003
     0.10460138E+002     0.28463484E+003    -0.64405849E+003     0.25229815E+003
     0.10463672E+002     0.28473100E+003    -0.69310101E+003    -0.71258931E+002
     0.10467206E+002     0.28482716E+003    -0.60020571E+003    -0.38503924E+003
     0.10470740E+002     0.28492332E+003    -0.38294118E+003    -0.62972189E+003
     0.10474274E+002     0.28501948E+003    -0.82393715E+002    -0.75905117E+003
     0.10477808E+002     0.28511564E+003     0.24460162E+003    -0.74858339E+003
     0.10481341E+002     0.28521181E+003     0.53620792E+003    -0.60030927E+003
     0.10484875E+002     0.28530797E+003     0.73727932E+003    -0.34227790E+003
     0.10488409E+002     0.28540413E+003     0.80978882E+003    -0.23293056E+002
     0.10491943E+002     0.28550029E+003     0.74001922E+003     0.29631489E+003
     0.10495477E+002     0.28559645E+003     0.54115720E+003     0.55609706E+003
     0.10499011E+002     0.28569261E+003     0.25080016E+003     0.70691646E+003
     0.10502544E+002     0.28578877E+003    -0.76152882E+002     0.72023966E+003
     0.10506078E+002     0.28588493E+003    -0.37788213E+003     0.59353262E+003
     0.10509612E+002     0.28598109E+003    -0.59733674E+003     0.35074010E+003
     0.10513146E+002     0.28607725E+003    -0.69302279E+003     0.37758246E+002
     0.10516680E+002     0.28617341E+003    -0.64684968E+003    -0.28624385E+003
     0.10520214E+002     0.28626957E+003    -0.46755138E+003    -0.56001247E+003
     0.10523747E+002     0.28636573E+003    -0.18903513E+003    -0.73179194E+003
     0.10527281E+002     0.28646189E+003     0.13602986E+003    -0.76911151E+003
     0.10530815E+002     0.28655805E+003     0.44617157E+003    -0.66492555E+003
     0.10534349E+002     0.28665421E+003     0.68273914E+003    -0.43894623E+003
     0.10537883E+002     0.28675037E+003     0.80099337E+003    -0.13391633E+003
     0.10541417E+002     0.28684653E+003     0.77856682E+003     0.19247281E+003
     0.10544950E+002     0.28694269E+003     0.61969367E+003     0.47849019E+003
     0.10548484E+002     0.28703885E+003     0.35440942E+003     0.67003815E+003
     0.10552018E+002     0.28713501E+003     0.32871611E+002     0.73088190E+003
     0.10555552E+002     0.28723117E+003    -0.28412431E+003     0.64950166E+003
     0.10559086E+002     0.28732733E+003    -0.53664101E+003     0.44127120E+003
     0.10562620E+002     0.28742349E+003    -0.67693303E+003     0.14555119E+003
     0.10566153E+002     0.28751966E+003    -0.67847538E+003    -0.18175342E+003
     0.10569687E+002     0.28761582E+003    -0.54097952E+003    -0.47876451E+003
     0.10573221E+002     0.28771198E+003    -0.29044829E+003    -0.68933145E+003
     0.10576755E+002     0.28780814E+003     0.25740827E+002    -0.77364905E+003
     0.10580289E+002     0.28790430E+003     0.34779413E+003    -0.71578457E+003
     0.10583823E+002     0.28800046E+003     0.61480825E+003    -0.52669093E+003
     0.10587356E+002     0.28809662E+003     0.77628664E+003    -0.24213591E+003
     0.10590890E+002     0.28819278E+003     0.80168828E+003     0.84061084E+002
     0.10594424E+002     0.28828894E+003     0.68620310E+003     0.39020562E+003
     0.10597958E+002     0.28838510E+003     0.45166191E+003     0.61839431E+003
     0.10601492E+002     0.28848126E+003     0.14240859E+003     0.72546404E+003
     0.10605026E+002     0.28857742E+003    -0.18308473E+003     0.69115408E+003
     0.10608559E+002     0.28867358E+003    -0.46327430E+003     0.52193757E+003
     0.10612093E+002     0.28876974E+003    -0.64518228E+003     0.24979782E+003
     0.10615627E+002     0.28886590E+003    -0.69441462E+003    -0.73819228E+002
     0.10619161E+002     0.28896206E+003    -0.60166508E+003    -0.38773279E+003
     0.10622695E+002     0.28905822E+003    -0.38447540E+003    -0.63259620E+003
     0.10626228E+002     0.28915438E+003    -0.83918457E+002    -0.76211904E+003
     0.10629762E+002     0.28925054E+003     0.24316798E+003    -0.75182046E+003
     0.10633296E+002     0.28934670E+003     0.53492877E+003    -0.60365888E+003
     0.10636830E+002     0.28944286E+003     0.73618785E+003    -0.34566182E+003
     0.10640364E+002     0.28953902E+003     0.80888177E+003    -0.26626549E+002
     0.10643898E+002     0.28963518E+003     0.73925760E+003     0.29310707E+003
     0.10647431E+002     0.28973134E+003     0.54047375E+003     0.55306628E+003
     0.10650965E+002     0.28982751E+003     0.25011230E+003     0.70408056E+003
     0.10654499E+002     0.28992367E+003    -0.76927426E+002     0.71757967E+003
     0.10658033E+002     0.29001983E+003    -0.37880965E+003     0.59099635E+003
     0.10661567E+002     0.29011599E+003    -0.59845493E+003     0.34825217E+003
     0.10665101E+002     0.29021215E+003    -0.69433360E+003     0.35234514E+002
     0.10668634E+002     0.29030831E+003    -0.64831914E+003    -0.28888029E+003
     0.10672168E+002     0.29040447E+003    -0.46911602E+003    -0.56281662E+003
     0.10675702E+002     0.29050063E+003    -0.19061418E+003    -0.73478657E+003
     0.10679236E+002     0.29059679E+003     0.13451908E+003    -0.77228281E+003
     0.10682770E+002     0.29069295E+003     0.44479797E+003    -0.66822585E+003
     0.10686304E+002     0.29078911E+003     0.68154469E+003    -0.44230306E+003
     0.10689837E+002     0.29088527E+003     0.79998516E+003    -0.13724637E+003
     0.10693371E+002     0.29098143E+003     0.77771578E+003     0.18924792E+003
     0.10696905E+002     0.29107759E+003     0.61894018E+003     0.47542891E+003
     0.10700439E+002     0.29117375E+003     0.35367467E+003     0.66716794E+003
     0.10703973E+002     0.29126991E+003     0.32072664E+002     0.72819403E+003
     0.10707507E+002     0.29136607E+003    -0.28505869E+003     0.64695288E+003
     0.10711040E+002     0.29146223E+003    -0.53775682E+003     0.43879212E+003
     0.10714574E+002     0.29155839E+003    -0.67824228E+003     0.14305943E+003
     0.10718108E+002     0.29165455E+003    -0.67995386E+003    -0.18433743E+003
     0.10721642E+002     0.29175071E+003    -0.54257143E+003    -0.48150241E+003
     0.10725176E+002     0.29184687E+003    -0.29207685E+003    -0.69225519E+003
     0.10728710E+002     0.29194303E+003     0.24158587E+002    -0.77675476E+003
     0.10732243E+002     0.29203919E+003     0.34633158E+003    -0.71903341E+003
     0.10735777E+002     0.29213536E+003     0.61351519E+003    -0.53001656E+003
     0.10739311E+002     0.29223152E+003     0.77517983E+003    -0.24545703E+003
     0.10742845E+002     0.29232768E+003     0.80074818E+003     0.80825043E+002
     0.10746379E+002     0.29242384E+003     0.68537772E+003     0.38711922E+003
     0.10749913E+002     0.29252000E+003     0.45087667E+003     0.61549373E+003
     0.10753446E+002     0.29261616E+003     0.14158070E+003     0.72275019E+003
     0.10756980E+002     0.29271232E+003    -0.18403056E+003     0.68859247E+003
     0.10760514E+002     0.29280848E+003    -0.46439141E+003     0.51946486E+003
     0.10764048E+002     0.29290464E+003    -0.64649183E+003     0.24733403E+003
     0.10767582E+002     0.29300080E+003    -0.69590165E+003    -0.76355417E+002
     0.10771116E+002     0.29309696E+003    -0.60328136E+003    -0.39040856E+003
     0.10774649E+002     0.29319312E+003    -0.38614863E+003    -0.63545169E+003
     0.10778183E+002     0.29328928E+003    -0.85566159E+002    -0.76515962E+003
     0.10781717E+002     0.29338544E+003     0.24162267E+003    -0.75501586E+003
     0.10785251E+002     0.29348160E+003     0.53354241E+003    -0.60694885E+003
     0.10788785E+002     0.29357776E+003     0.73498585E+003    -0.34896779E+003
     0.10792319E+002     0.29367392E+003     0.80785356E+003    -0.29866611E+002
     0.10795852E+002     0.29377008E+003     0.73835860E+003     0.29000243E+003
     0.10799386E+002     0.29386624E+003     0.53963401E+003     0.55014085E+003
     0.10802920E+002     0.29396240E+003     0.24924986E+003     0.70134404E+003
     0.10806454E+002     0.29405856E+003    -0.77890762E+002     0.71500580E+003
     0.10809988E+002     0.29415472E+003    -0.37993333E+003     0.58852801E+003
     0.10813522E+002     0.29425088E+003    -0.59976831E+003     0.34581234E+003
     0.10817055E+002     0.29434704E+003    -0.69583030E+003     0.32741003E+002
     0.10820589E+002     0.29444321E+003    -0.64995823E+003    -0.29149901E+003
     0.10824123E+002     0.29453937E+003    -0.47082997E+003    -0.56560776E+003
     0.10827657E+002     0.29463553E+003    -0.19232177E+003    -0.73776388E+003
     0.10831191E+002     0.29473169E+003     0.13289715E+003    -0.77542401E+003
     0.10834724E+002     0.29482785E+003     0.44332383E+003    -0.67147689E+003
     0.10838258E+002     0.29492401E+003     0.68025138E+003    -0.44558856E+003
     0.10841792E+002     0.29502017E+003     0.79887030E+003    -0.14048407E+003
     0.10845326E+002     0.29511633E+003     0.77674205E+003     0.18613134E+003
     0.10848860E+002     0.29521249E+003     0.61804247E+003     0.47248376E+003
     0.10852394E+002     0.29530865E+003     0.35277258E+003     0.66441176E+003
     0.10855927E+002     0.29540481E+003     0.31085932E+002     0.72560806E+003
     0.10859461E+002     0.29550097E+003    -0.28619303E+003     0.64448570E+003
     0.10862995E+002     0.29559713E+003    -0.53907599E+003     0.43637214E+003
     0.10866529E+002     0.29569329E+003    -0.67974837E+003     0.14060393E+003
     0.10870063E+002     0.29578945E+003    -0.68161308E+003    -0.18690343E+003
     0.10873597E+002     0.29588561E+003    -0.54432129E+003    -0.48423204E+003
     0.10877130E+002     0.29598177E+003    -0.29383824E+003    -0.69516975E+003
     0.10880664E+002     0.29607793E+003     0.22466268E+002    -0.77983964E+003
     0.10884198E+002     0.29617409E+003     0.34477485E+003    -0.72224093E+003
     0.10887732E+002     0.29627025E+003     0.61213373E+003    -0.53327516E+003
     0.10891266E+002     0.29636641E+003     0.77397884E+003    -0.24868518E+003
     0.10894800E+002     0.29646257E+003     0.79969749E+003     0.77703233E+002
     0.10898333E+002     0.29655873E+003     0.68441760E+003     0.38415932E+003
     0.10901867E+002     0.29665490E+003     0.44992946E+003     0.61272043E+003
     0.10905401E+002     0.29675106E+003     0.14056563E+003     0.72015252E+003
     0.10908935E+002     0.29684722E+003    -0.18518165E+003     0.68612595E+003
     0.10912469E+002     0.29694338E+003    -0.46572105E+003     0.51706020E+003
     0.10916003E+002     0.29703954E+003    -0.64800876E+003     0.24491045E+003
     0.10919536E+002     0.29713570E+003    -0.69757921E+003    -0.78874587E+002
     0.10923070E+002     0.29723186E+003    -0.60506270E+003    -0.39308113E+003
     0.10926604E+002     0.29732802E+003    -0.38795762E+003    -0.63830552E+003
     0.10930138E+002     0.29742418E+003    -0.87322198E+002    -0.76818727E+003
     0.10933672E+002     0.29752034E+003     0.23998916E+003    -0.75817614E+003
     0.10937206E+002     0.29761650E+003     0.53207661E+003    -0.61017482E+003
     0.10940739E+002     0.29771266E+003     0.73369990E+003    -0.35217970E+003
     0.10944273E+002     0.29780882E+003     0.80672431E+003    -0.32987271E+002
     0.10947807E+002     0.29790498E+003     0.73733214E+003     0.28703276E+003
     0.10951341E+002     0.29800114E+003     0.53863612E+003     0.54735307E+003
     0.10954875E+002     0.29809730E+003     0.24820032E+003     0.69873425E+003
     0.10958409E+002     0.29819346E+003    -0.79062678E+002     0.71253615E+003
     0.10961942E+002     0.29828962E+003    -0.38127525E+003     0.58613408E+003
     0.10965476E+002     0.29838578E+003    -0.60129560E+003     0.34341563E+003
     0.10969010E+002     0.29848194E+003    -0.69752328E+003     0.30264108E+002
     0.10972544E+002     0.29857810E+003    -0.65176605E+003    -0.29411752E+003
     0.10976078E+002     0.29867426E+003    -0.47268042E+003    -0.56840157E+003
     0.10979612E+002     0.29877042E+003    -0.19413529E+003    -0.74073249E+003
     0.10983145E+002     0.29886658E+003     0.13119213E+003    -0.77853291E+003
     0.10986679E+002     0.29896275E+003     0.44177712E+003    -0.67466438E+003
     0.10990213E+002     0.29905891E+003     0.67888154E+003    -0.44877762E+003
     0.10993747E+002     0.29915507E+003     0.79766110E+003    -0.14359726E+003
     0.10997281E+002     0.29925123E+003     0.77564578E+003     0.18315690E+003
     0.11000815E+002     0.29934739E+003     0.61698918E+003     0.46968443E+003
     0.11004348E+002     0.29944355E+003     0.35168368E+003     0.66179042E+003
     0.11007882E+002     0.29953971E+003     0.29889418E+002     0.72313398E+003
     0.11011416E+002     0.29963587E+003    -0.28755054E+003     0.64210048E+003
     0.11014950E+002     0.29973203E+003    -0.54061529E+003     0.43399844E+003
     0.11018484E+002     0.29982819E+003    -0.68145611E+003     0.13816525E+003
     0.11022018E+002     0.29992435E+003    -0.68344476E+003    -0.18947109E+003
     0.11025551E+002     0.30002051E+003    -0.54620926E+003    -0.48696751E+003
     0.11029085E+002     0.30011667E+003    -0.29570484E+003    -0.69807912E+003
     0.11032619E+002     0.30021283E+003     0.20693701E+002    -0.78289518E+003
     0.11036153E+002     0.30030899E+003     0.34315008E+003    -0.72538656E+003
     0.11039687E+002     0.30040515E+003     0.61068126E+003    -0.53643729E+003
     0.11043220E+002     0.30050131E+003     0.77268931E+003    -0.25178695E+003
     0.11046754E+002     0.30059747E+003     0.79852965E+003     0.74727221E+002
     0.11050288E+002     0.30069363E+003     0.68330622E+003     0.38135044E+003
     0.11053822E+002     0.30078979E+003     0.44879797E+003     0.61008808E+003
     0.11057356E+002     0.30088595E+003     0.13934098E+003     0.71767245E+003
     0.11060890E+002     0.30098211E+003    -0.18655507E+003     0.68374507E+003
     0.11064423E+002     0.30107827E+003    -0.46727066E+003     0.51470680E+003
     0.11067957E+002     0.30117443E+003    -0.64972870E+003     0.24250810E+003
     0.11071491E+002     0.30127060E+003    -0.69943147E+003    -0.81392348E+002
     0.11075025E+002     0.30136676E+003    -0.60698455E+003    -0.39575804E+003
     0.11078559E+002     0.30146292E+003    -0.38987380E+003    -0.64115422E+003
     0.11082093E+002     0.30155908E+003    -0.89159322E+002    -0.77118704E+003
     0.11085626E+002     0.30165524E+003     0.23828847E+003    -0.76127683E+003
     0.11089160E+002     0.30175140E+003     0.53054269E+003    -0.61330666E+003
     0.11092694E+002     0.30184756E+003     0.73233032E+003    -0.35526674E+003
     0.11096228E+002     0.30194372E+003     0.80548438E+003    -0.35961966E+002
     0.11099762E+002     0.30203988E+003     0.73616165E+003     0.28421655E+003
     0.11103296E+002     0.30213604E+003     0.53746099E+003     0.54471121E+003
     0.11106829E+002     0.30223220E+003     0.24694690E+003     0.69624942E+003
     0.11110363E+002     0.30232836E+003    -0.80453488E+002     0.71016122E+003
     0.11113897E+002     0.30242452E+003    -0.38283668E+003     0.58380118E+003
     0.11117431E+002     0.30252068E+003    -0.60302859E+003     0.34104924E+003
     0.11120965E+002     0.30261684E+003    -0.69939640E+003     0.27795773E+002
     0.11124499E+002     0.30271300E+003    -0.65372173E+003    -0.29673636E+003
     0.11128032E+002     0.30280916E+003    -0.47464562E+003    -0.57119023E+003
     0.11131566E+002     0.30290532E+003    -0.19603594E+003    -0.74367687E+003
     0.11135100E+002     0.30300148E+003     0.12941692E+003    -0.78158877E+003
     0.11138634E+002     0.30309764E+003     0.44016346E+003    -0.67776562E+003
     0.11142168E+002     0.30319380E+003     0.67743375E+003    -0.45184908E+003
     0.11145702E+002     0.30328996E+003     0.79635092E+003    -0.14656919E+003
     0.11149235E+002     0.30338612E+003     0.77441779E+003     0.18033550E+003
     0.11152769E+002     0.30348228E+003     0.61577144E+003     0.46703588E+003
     0.11156303E+002     0.30357845E+003     0.35040154E+003     0.65930411E+003
     0.11159837E+002     0.30367461E+003     0.28479967E+002     0.72076827E+003
     0.11163371E+002     0.30377077E+003    -0.28912636E+003     0.63979076E+003
     0.11166905E+002     0.30386693E+003    -0.54236516E+003     0.43166946E+003
     0.11170438E+002     0.30396309E+003    -0.68335461E+003     0.13574560E+003
     0.11173972E+002     0.30405925E+003    -0.68543821E+003    -0.19203513E+003
     0.11177506E+002     0.30415541E+003    -0.54822598E+003    -0.48970153E+003
     0.11181040E+002     0.30425157E+003    -0.29766884E+003    -0.70097552E+003
     0.11184574E+002     0.30434773E+003     0.18848123E+002    -0.78591436E+003
     0.11188108E+002     0.30444389E+003     0.34146550E+003    -0.72846424E+003
     0.11191641E+002     0.30454005E+003     0.60916863E+003    -0.53949665E+003
     0.11195175E+002     0.30463621E+003     0.77132545E+003    -0.25475337E+003
     0.11198709E+002     0.30473237E+003     0.79726115E+003     0.71911830E+002
     0.11202243E+002     0.30482853E+003     0.68205905E+003     0.37871618E+003
     0.11205777E+002     0.30492469E+003     0.44749087E+003     0.60763053E+003
     0.11209311E+002     0.30502085E+003     0.13790061E+003     0.71535218E+003
     0.11212844E+002     0.30511701E+003    -0.18818051E+003     0.68149331E+003
     0.11216378E+002     0.30521317E+003    -0.46910149E+003     0.51243491E+003
     0.11219912E+002     0.30530933E+003    -0.65174793E+003     0.24011693E+003
     0.11223446E+002     0.30540549E+003    -0.70157607E+003    -0.84012924E+002
     0.11226980E+002     0.30550165E+003    -0.60905928E+003    -0.39875411E+003
     0.11230514E+002     0.30559781E+003    -0.39135678E+003    -0.64402033E+003
     0.11234047E+002     0.30569397E+003    -0.90970051E+002    -0.77387046E+003
     0.11237581E+002     0.30579013E+003     0.23646225E+003    -0.76413250E+003
     0.11241115E+002     0.30588630E+003     0.52883561E+003    -0.61624953E+003
     0.11244649E+002     0.30598246E+003     0.73076918E+003    -0.35820346E+003
     0.11248183E+002     0.30607862E+003     0.80404607E+003    -0.38815453E+002
     0.11251716E+002     0.30617478E+003     0.73479237E+003     0.28149779E+003
     0.11255250E+002     0.30627094E+003     0.53609155E+003     0.54214659E+003
     0.11258784E+002     0.30636710E+003     0.24550815E+003     0.69382500E+003
     0.11262318E+002     0.30646326E+003    -0.82016705E+002     0.70783377E+003
     0.11265852E+002     0.30655942E+003    -0.38455441E+003     0.58150786E+003
     0.11269386E+002     0.30665558E+003    -0.60490026E+003     0.33872060E+003
     0.11272919E+002     0.30675174E+003    -0.70139115E+003     0.25369453E+002
     0.11276453E+002     0.30684790E+003    -0.65578448E+003    -0.29930287E+003
     0.11279987E+002     0.30694406E+003    -0.47670858E+003    -0.57391121E+003
     0.11283521E+002     0.30704022E+003    -0.19803161E+003    -0.74653613E+003
     0.11287055E+002     0.30713638E+003     0.12754245E+003    -0.78454241E+003
     0.11290589E+002     0.30723254E+003     0.43843984E+003    -0.68075071E+003
     0.11294122E+002     0.30732870E+003     0.67586070E+003    -0.45479612E+003
     0.11297656E+002     0.30742486E+003     0.79489831E+003    -0.14941549E+003
     0.11301190E+002     0.30752102E+003     0.77303161E+003     0.17763354E+003
     0.11304724E+002     0.30761718E+003     0.61438475E+003     0.46449494E+003
     0.11308258E+002     0.30771334E+003     0.34894462E+003     0.65691420E+003
     0.11311792E+002     0.30780950E+003     0.26891609E+002     0.71847842E+003
     0.11315325E+002     0.30790566E+003    -0.29087055E+003     0.63753925E+003
     0.11318859E+002     0.30800182E+003    -0.54426688E+003     0.42938852E+003
     0.11322393E+002     0.30809798E+003    -0.68538586E+003     0.13337224E+003
     0.11325927E+002     0.30819415E+003    -0.68754648E+003    -0.19454586E+003
     0.11329461E+002     0.30829031E+003    -0.55034454E+003    -0.49236767E+003
     0.11332995E+002     0.30838647E+003    -0.29972978E+003    -0.70378472E+003
     0.11336528E+002     0.30848263E+003     0.16900617E+002    -0.78882649E+003
     0.11340062E+002     0.30857879E+003     0.33966455E+003    -0.73141936E+003
     0.11343596E+002     0.30867495E+003     0.60751844E+003    -0.54242680E+003
     0.11347130E+002     0.30877111E+003     0.76980081E+003    -0.25759577E+003
     0.11350664E+002     0.30886727E+003     0.79581278E+003     0.69202512E+002
     0.11354198E+002     0.30896343E+003     0.68062381E+003     0.37615935E+003
     0.11357731E+002     0.30905959E+003     0.44600480E+003     0.60521649E+003
     0.11361265E+002     0.30915575E+003     0.13631175E+003     0.71304539E+003
     0.11364799E+002     0.30925191E+003    -0.18990141E+003     0.67924094E+003
     0.11368333E+002     0.30934807E+003    -0.47095531E+003     0.51018096E+003
     0.11371867E+002     0.30944423E+003    -0.65370875E+003     0.23782063E+003
     0.11375401E+002     0.30954039E+003    -0.70360808E+003    -0.86349533E+002
     0.11378934E+002     0.30963655E+003    -0.61122206E+003    -0.40104027E+003
     0.11382468E+002     0.30973271E+003    -0.39402575E+003    -0.64675332E+003
     0.11386002E+002     0.30982887E+003    -0.93096835E+002    -0.77703282E+003
     0.11389536E+002     0.30992503E+003     0.23465185E+003    -0.76725055E+003
     0.11393070E+002     0.31002119E+003     0.52723420E+003    -0.61926382E+003
     0.11396604E+002     0.31011735E+003     0.72931255E+003    -0.36106504E+003
     0.11400137E+002     0.31021351E+003     0.80266250E+003    -0.41488794E+002
     0.11403671E+002     0.31030967E+003     0.73340160E+003     0.27902232E+003
     0.11407205E+002     0.31040584E+003     0.53461533E+003     0.53984736E+003
     0.11410739E+002     0.31050200E+003     0.24388326E+003     0.69165064E+003
     0.11414273E+002     0.31059816E+003    -0.83826734E+002     0.70571168E+003
     0.11417807E+002     0.31069432E+003    -0.38655269E+003     0.57935686E+003
     0.11421340E+002     0.31079048E+003    -0.60705558E+003     0.33646570E+003
     0.11424874E+002     0.31088664E+003    -0.70364360E+003     0.22955875E+002
     0.11428408E+002     0.31098280E+003    -0.65805668E+003    -0.30189938E+003
     0.11431942E+002     0.31107896E+003    -0.47892020E+003    -0.57667978E+003
     0.11435476E+002     0.31117512E+003    -0.20011456E+003    -0.74943280E+003
     0.11439010E+002     0.31127128E+003     0.12563102E+003    -0.78749831E+003
     0.11442543E+002     0.31136744E+003     0.43670931E+003    -0.68368533E+003
     0.11446077E+002     0.31146360E+003     0.67428512E+003    -0.45763256E+003
     0.11449611E+002     0.31155976E+003     0.79342129E+003    -0.15209532E+003
     0.11453145E+002     0.31165592E+003     0.77157696E+003     0.17513907E+003
     0.11456679E+002     0.31175208E+003     0.61287063E+003     0.46217863E+003
     0.11460212E+002     0.31184824E+003     0.34730231E+003     0.65473080E+003
     0.11463746E+002     0.31194440E+003     0.25080842E+002     0.71636957E+003
     0.11467280E+002     0.31204056E+003    -0.29287016E+003     0.63542431E+003
     0.11470814E+002     0.31213672E+003    -0.54643296E+003     0.42718743E+003
     0.11474348E+002     0.31223288E+003    -0.68766436E+003     0.13102331E+003
     0.11477882E+002     0.31232904E+003    -0.68986228E+003    -0.19707514E+003
     0.11481415E+002     0.31242520E+003    -0.55261587E+003    -0.49507446E+003
     0.11484949E+002     0.31252136E+003    -0.30188390E+003    -0.70663140E+003
     0.11488483E+002     0.31261752E+003     0.14913465E+002    -0.79174779E+003
     0.11492017E+002     0.31271369E+003     0.33786168E+003    -0.73433471E+003
     0.11495551E+002     0.31280985E+003     0.60588095E+003    -0.54525354E+003
     0.11499085E+002     0.31290601E+003     0.76826887E+003    -0.26027266E+003
     0.11502618E+002     0.31300217E+003     0.79431901E+003     0.66706657E+002
     0.11506152E+002     0.31309833E+003     0.67908671E+003     0.37384700E+003
     0.11509686E+002     0.31319449E+003     0.44434981E+003     0.60305309E+003
     0.11513220E+002     0.31329065E+003     0.13448669E+003     0.71096739E+003
     0.11516754E+002     0.31338681E+003    -0.19191632E+003     0.67716854E+003
     0.11520288E+002     0.31348297E+003    -0.47314357E+003     0.50803344E+003
     0.11523821E+002     0.31357913E+003    -0.65602074E+003     0.23553222E+003
     0.11527355E+002     0.31367529E+003    -0.70597070E+003    -0.88817005E+002
     0.11530889E+002     0.31377145E+003    -0.61355274E+003    -0.40368987E+003
     0.11534423E+002     0.31386761E+003    -0.39624861E+003    -0.64955237E+003
     0.11537957E+002     0.31396377E+003    -0.95157250E+002    -0.77991910E+003
     0.11541491E+002     0.31405993E+003     0.23277649E+003    -0.77014439E+003
     0.11545024E+002     0.31415609E+003     0.52553012E+003    -0.62208348E+003
     0.11548558E+002     0.31425225E+003     0.72773219E+003    -0.36374246E+003
     0.11552092E+002     0.31434841E+003     0.80113356E+003    -0.43982912E+002
     0.11555626E+002     0.31444457E+003     0.73184109E+003     0.27671757E+003
     0.11559160E+002     0.31454073E+003     0.53294560E+003     0.53770178E+003
     0.11562694E+002     0.31463689E+003     0.24204706E+003     0.68960358E+003
     0.11566227E+002     0.31473305E+003    -0.85855128E+002     0.70368367E+003
     0.11569761E+002     0.31482921E+003    -0.38876238E+003     0.57726497E+003
     0.11573295E+002     0.31492537E+003    -0.60940108E+003     0.33423961E+003
     0.11576829E+002     0.31502154E+003    -0.70605357E+003     0.20551522E+002
     0.11580363E+002     0.31511770E+003    -0.66044763E+003    -0.30449123E+003
     0.11583897E+002     0.31521386E+003    -0.48121262E+003    -0.57943165E+003
     0.11587430E+002     0.31531002E+003    -0.20224830E+003    -0.75228568E+003
     0.11590964E+002     0.31540618E+003     0.12368517E+003    -0.79037304E+003
     0.11594498E+002     0.31550234E+003     0.43494416E+003    -0.68649775E+003
     0.11598032E+002     0.31559850E+003     0.67265917E+003    -0.46030865E+003
     0.11601566E+002     0.31569466E+003     0.79185958E+003    -0.15457938E+003
     0.11605100E+002     0.31579082E+003     0.76998889E+003     0.17284447E+003
     0.11608633E+002     0.31588698E+003     0.61118390E+003     0.46005052E+003
     0.11612167E+002     0.31598314E+003     0.34545428E+003     0.65271375E+003
     0.11615701E+002     0.31607930E+003     0.23039228E+002     0.71438520E+003
     0.11619235E+002     0.31617546E+003    -0.29510053E+003     0.63338760E+003
     0.11622769E+002     0.31627162E+003    -0.54881098E+003     0.42502348E+003
     0.11626303E+002     0.31636778E+003    -0.69012051E+003     0.12868201E+003
     0.11629836E+002     0.31646394E+003    -0.69231199E+003    -0.19960920E+003
     0.11633370E+002     0.31656010E+003    -0.55497589E+003    -0.49777882E+003
     0.11636904E+002     0.31665626E+003    -0.30408851E+003    -0.70944977E+003
     0.11640438E+002     0.31675242E+003     0.12899491E+002    -0.79460078E+003
     0.11643972E+002     0.31684858E+003     0.33603564E+003    -0.73713532E+003
     0.11647506E+002     0.31694474E+003     0.60420281E+003    -0.54792630E+003
     0.11651039E+002     0.31704090E+003     0.76667685E+003    -0.26276080E+003
     0.11654573E+002     0.31713706E+003     0.79271920E+003     0.64426587E+002
     0.11658107E+002     0.31723322E+003     0.67739035E+003     0.37175254E+003
     0.11661641E+002     0.31732939E+003     0.44248485E+003     0.60108706E+003
     0.11665175E+002     0.31742555E+003     0.13241047E+003     0.70904567E+003
     0.11668708E+002     0.31752171E+003    -0.19420806E+003     0.67519274E+003
     0.11672242E+002     0.31761787E+003    -0.47561304E+003     0.50590271E+003
     0.11675776E+002     0.31771403E+003    -0.65857361E+003     0.23314131E+003
     0.11679310E+002     0.31781019E+003    -0.70828930E+003    -0.91493002E+002
     0.11682844E+002     0.31790635E+003    -0.61582803E+003    -0.40617866E+003
     0.11686378E+002     0.31800251E+003    -0.39853612E+003    -0.65219890E+003
     0.11689911E+002     0.31809867E+003    -0.97302786E+002    -0.78267050E+003
     0.11693445E+002     0.31819483E+003     0.23081242E+003    -0.77290248E+003
     0.11696979E+002     0.31829099E+003     0.52373104E+003    -0.62475720E+003
     0.11700513E+002     0.31838715E+003     0.72604295E+003    -0.36626287E+003
     0.11704047E+002     0.31848331E+003     0.79947533E+003    -0.46314387E+002
     0.11707581E+002     0.31857947E+003     0.73012806E+003     0.27457194E+003
     0.11711114E+002     0.31867563E+003     0.53110235E+003     0.53570159E+003
     0.11714648E+002     0.31877179E+003     0.24002340E+003     0.68767967E+003
     0.11718182E+002     0.31886795E+003    -0.88074360E+002     0.70175185E+003
     0.11721716E+002     0.31896411E+003    -0.39115432E+003     0.57524272E+003
     0.11725250E+002     0.31906027E+003    -0.61190941E+003     0.33206230E+003
     0.11728784E+002     0.31915643E+003    -0.70859938E+003     0.18185158E+002
     0.11732317E+002     0.31925259E+003    -0.66294504E+003    -0.30704330E+003
     0.11735851E+002     0.31934875E+003    -0.48358537E+003    -0.58212934E+003
     0.11739385E+002     0.31944491E+003    -0.20444480E+003    -0.75505985E+003
     0.11742919E+002     0.31954107E+003     0.12168165E+003    -0.79313887E+003
     0.11746453E+002     0.31963724E+003     0.43311184E+003    -0.68917136E+003
     0.11749987E+002     0.31973340E+003     0.67094109E+003    -0.46282450E+003
     0.11753520E+002     0.31982956E+003     0.79018163E+003    -0.15690929E+003
     0.11757054E+002     0.31992572E+003     0.76827073E+003     0.17071482E+003
     0.11760588E+002     0.32002188E+003     0.60933824E+003     0.45808127E+003
     0.11764122E+002     0.32011804E+003     0.34342638E+003     0.65083487E+003
     0.11767656E+002     0.32021420E+003     0.20809169E+002     0.71251114E+003
     0.11771190E+002     0.32031036E+003    -0.29751429E+003     0.63143271E+003
     0.11774723E+002     0.32040652E+003    -0.55135519E+003     0.42291829E+003
     0.11778257E+002     0.32050268E+003    -0.69271721E+003     0.12638664E+003
     0.11781791E+002     0.32059884E+003    -0.69487375E+003    -0.20209723E+003
     0.11785325E+002     0.32069500E+003    -0.55742279E+003    -0.50042422E+003
     0.11788859E+002     0.32079116E+003    -0.30636362E+003    -0.71218641E+003
     0.11792393E+002     0.32088732E+003     0.10819009E+002    -0.79734466E+003
     0.11795926E+002     0.32098348E+003     0.33413429E+003    -0.73980099E+003
     0.11799460E+002     0.32107964E+003     0.60242991E+003    -0.55044358E+003
     0.11802994E+002     0.32117580E+003     0.76495672E+003    -0.26508855E+003
     0.11806528E+002     0.32127196E+003     0.79096637E+003     0.62292585E+002
     0.11810062E+002     0.32136812E+003     0.67552687E+003     0.36977917E+003
     0.11813596E+002     0.32146428E+003     0.44045599E+003     0.59921122E+003
     0.11817129E+002     0.32156044E+003     0.13019610E+003     0.70718832E+003
     0.11820663E+002     0.32165660E+003    -0.19658986E+003     0.67327795E+003
     0.11824197E+002     0.32175276E+003    -0.47811215E+003     0.50388015E+003
     0.11827731E+002     0.32184892E+003    -0.66113949E+003     0.23101808E+003
     0.11831265E+002     0.32194509E+003    -0.71106644E+003    -0.93717138E+002
     0.11834799E+002     0.32204125E+003    -0.61845870E+003    -0.40892288E+003
     0.11838332E+002     0.32213741E+003    -0.40083834E+003    -0.65499698E+003
     0.11841866E+002     0.32223357E+003    -0.99371293E+002    -0.78541020E+003
     0.11845400E+002     0.32232973E+003     0.22891666E+003    -0.77550699E+003
     0.11848934E+002     0.32242589E+003     0.52192398E+003    -0.62717075E+003
     0.11852468E+002     0.32252205E+003     0.72421776E+003    -0.36847129E+003
     0.11856002E+002     0.32261821E+003     0.79751912E+003    -0.48363898E+002
     0.11859535E+002     0.32271437E+003     0.72795081E+003     0.27255195E+003
     0.11863069E+002     0.32281053E+003     0.52871521E+003     0.53343863E+003
     0.11866603E+002     0.32290669E+003     0.23812349E+003     0.68472995E+003
     0.11870137E+002     0.32300285E+003    -0.89227820E+002     0.70050788E+003
     0.11873671E+002     0.32309901E+003    -0.39363972E+003     0.57405141E+003
     0.11877205E+002     0.32319517E+003    -0.61483554E+003     0.33038039E+003
     0.11880738E+002     0.32329133E+003    -0.71162431E+003     0.16046232E+002
     0.11884272E+002     0.32338749E+003    -0.66587091E+003    -0.30956144E+003
     0.11887806E+002     0.32348365E+003    -0.48627915E+003    -0.58491474E+003
     0.11891340E+002     0.32357981E+003    -0.20683214E+003    -0.75797430E+003
     0.11894874E+002     0.32367597E+003     0.11961351E+003    -0.79603537E+003
     0.11898407E+002     0.32377213E+003     0.43131624E+003    -0.69191609E+003
     0.11901941E+002     0.32386829E+003     0.66932257E+003    -0.46531825E+003
     0.11905475E+002     0.32396445E+003     0.78861442E+003    -0.15910335E+003
     0.11909009E+002     0.32406061E+003     0.76662246E+003     0.16881143E+003
     0.11912543E+002     0.32415678E+003     0.60749430E+003     0.45640489E+003
     0.11916077E+002     0.32425294E+003     0.34131082E+003     0.64928011E+003
     0.11919610E+002     0.32434910E+003     0.18398341E+002     0.71095115E+003
     0.11923144E+002     0.32444526E+003    -0.30018791E+003     0.62974323E+003
     0.11926678E+002     0.32454142E+003    -0.55420946E+003     0.42100117E+003
     0.11930212E+002     0.32463758E+003    -0.69563630E+003     0.12418823E+003
     0.11933746E+002     0.32473374E+003    -0.69773020E+003    -0.20457611E+003
     0.11937280E+002     0.32482990E+003    -0.56010165E+003    -0.50312852E+003
     0.11940813E+002     0.32492606E+003    -0.30878440E+003    -0.71501729E+003
     0.11944347E+002     0.32502222E+003     0.86870403E+001    -0.80017837E+003
     0.11947881E+002     0.32511838E+003     0.33226627E+003    -0.74251232E+003
     0.11951415E+002     0.32521454E+003     0.60074992E+003    -0.55292962E+003
     0.11954949E+002     0.32531070E+003     0.76335210E+003    -0.26728831E+003
     0.11958483E+002     0.32540686E+003     0.78930886E+003     0.60386534E+002
     0.11962016E+002     0.32550302E+003     0.67369683E+003     0.36811902E+003
     0.11965550E+002     0.32559918E+003     0.43836500E+003     0.59770263E+003
     0.11969084E+002     0.32569534E+003     0.12780377E+003     0.70570798E+003
     0.11972618E+002     0.32579150E+003    -0.19926795E+003     0.67169644E+003
     0.11976152E+002     0.32588766E+003    -0.48100733E+003     0.50208626E+003
     0.11979686E+002     0.32598382E+003    -0.66414202E+003     0.22893911E+003
     0.11983219E+002     0.32607998E+003    -0.71404565E+003    -0.96101499E+002
     0.11986753E+002     0.32617614E+003    -0.62128646E+003    -0.41157665E+003
     0.11990287E+002     0.32627230E+003    -0.40341213E+003    -0.65783414E+003
     0.11993821E+002     0.32636846E+003    -0.10163202E+003    -0.78830988E+003
     0.11997355E+002     0.32646463E+003     0.22697524E+003    -0.77833410E+003
     0.12000889E+002     0.32656079E+003     0.52025556E+003    -0.62979768E+003
     0.12004422E+002     0.32665695E+003     0.72273355E+003    -0.37079543E+003
     0.12007956E+002     0.32675311E+003     0.79610389E+003    -0.50313902E+002
     0.12011490E+002     0.32684927E+003     0.72647614E+003     0.27103195E+003
     0.12015024E+002     0.32694543E+003     0.52700242E+003     0.53246159E+003
     0.12018558E+002     0.32704159E+003     0.23539126E+003     0.68452332E+003
     0.12022092E+002     0.32713775E+003    -0.93222886E+002     0.69844693E+003
     0.12025625E+002     0.32723391E+003    -0.39670574E+003     0.57158519E+003
     0.12029159E+002     0.32733007E+003    -0.61767352E+003     0.32791555E+003
     0.12032693E+002     0.32742623E+003    -0.71434523E+003     0.13506568E+002
     0.12036227E+002     0.32752239E+003    -0.66844481E+003    -0.31219356E+003
     0.12039761E+002     0.32761855E+003    -0.48865826E+003    -0.58759908E+003
     0.12043295E+002     0.32771471E+003    -0.20899216E+003    -0.76063357E+003
     0.12046828E+002     0.32781087E+003     0.11765625E+003    -0.79857908E+003
     0.12050362E+002     0.32790703E+003     0.42950268E+003    -0.69426854E+003
     0.12053896E+002     0.32800319E+003     0.66757665E+003    -0.46742582E+003
     0.12057430E+002     0.32809935E+003     0.78681816E+003    -0.16094949E+003
     0.12060964E+002     0.32819551E+003     0.76467026E+003     0.16718372E+003
     0.12064498E+002     0.32829167E+003     0.60530726E+003     0.45491301E+003
     0.12068031E+002     0.32838783E+003     0.33885152E+003     0.64781428E+003
     0.12071565E+002     0.32848399E+003     0.15679458E+002     0.70939449E+003
     0.12075099E+002     0.32858015E+003    -0.30310455E+003     0.62799404E+003
     0.12078633E+002     0.32867631E+003    -0.55722366E+003     0.41899289E+003
     0.12082167E+002     0.32877248E+003    -0.69862796E+003     0.12190306E+003
     0.12085701E+002     0.32886864E+003    -0.70058199E+003    -0.20710298E+003
     0.12089234E+002     0.32896480E+003    -0.56272166E+003    -0.50581467E+003
     0.12092768E+002     0.32906096E+003    -0.31112413E+003    -0.71774825E+003
     0.12096302E+002     0.32915712E+003     0.66227659E+001    -0.80282898E+003
     0.12099836E+002     0.32925328E+003     0.33041940E+003    -0.74497069E+003
     0.12103370E+002     0.32934944E+003     0.59901971E+003    -0.55511876E+003
     0.12106903E+002     0.32944560E+003     0.76161386E+003    -0.26918131E+003
     0.12110437E+002     0.32954176E+003     0.78743768E+003     0.58760759E+002
     0.12113971E+002     0.32963792E+003     0.67159145E+003     0.36668067E+003
     0.12117505E+002     0.32973408E+003     0.43596756E+003     0.59633581E+003
     0.12121039E+002     0.32983024E+003     0.12511130E+003     0.70428254E+003
     0.12124573E+002     0.32992640E+003    -0.20220256E+003     0.67009287E+003
     0.12128106E+002     0.33002256E+003    -0.48408459E+003     0.50021842E+003
     0.12131640E+002     0.33011872E+003    -0.66723482E+003     0.22677157E+003
     0.12135174E+002     0.33021488E+003    -0.71702329E+003    -0.98546597E+002
     0.12138708E+002     0.33031104E+003    -0.62403980E+003    -0.41422323E+003
     0.12142242E+002     0.33040720E+003    -0.40587453E+003    -0.66056644E+003
     0.12145776E+002     0.33050336E+003    -0.10379256E+003    -0.79099423E+003
     0.12149309E+002     0.33059952E+003     0.22506936E+003    -0.78084447E+003
     0.12152843E+002     0.33069568E+003     0.51850750E+003    -0.63203979E+003
     0.12156377E+002     0.33079184E+003     0.72101505E+003    -0.37272512E+003
     0.12159911E+002     0.33088800E+003     0.79427958E+003    -0.51945968E+002
     0.12163445E+002     0.33098416E+003     0.72442947E+003     0.26962616E+003
     0.12166979E+002     0.33108033E+003     0.52465812E+003     0.53116744E+003
     0.12170512E+002     0.33117649E+003     0.23272999E+003     0.68320454E+003
     0.12174046E+002     0.33127265E+003    -0.96160365E+002     0.69697153E+003
     0.12177580E+002     0.33136881E+003    -0.39982597E+003     0.56985078E+003
     0.12181114E+002     0.33146497E+003    -0.62084787E+003     0.32586914E+003
     0.12184648E+002     0.33156113E+003    -0.71743428E+003     0.11155055E+002
     0.12188182E+002     0.33165729E+003    -0.67132494E+003    -0.31478437E+003
     0.12191715E+002     0.33175345E+003    -0.49124526E+003    -0.59031667E+003
     0.12195249E+002     0.33184961E+003    -0.21125747E+003    -0.76333980E+003
     0.12198783E+002     0.33194577E+003     0.11568031E+003    -0.80113612E+003
     0.12202317E+002     0.33204193E+003     0.42772861E+003    -0.69656066E+003
     0.12205851E+002     0.33213809E+003     0.66586143E+003    -0.46939342E+003
     0.12209385E+002     0.33223425E+003     0.78502917E+003    -0.16259968E+003
     0.12212918E+002     0.33233041E+003     0.76267909E+003     0.16579461E+003
     0.12216452E+002     0.33242657E+003     0.60302135E+003     0.45367617E+003
     0.12219986E+002     0.33252273E+003     0.33623382E+003     0.64659103E+003
     0.12223520E+002     0.33261889E+003     0.12755810E+002     0.70804324E+003
     0.12227054E+002     0.33271505E+003    -0.30625028E+003     0.62639764E+003
     0.12230588E+002     0.33281121E+003    -0.56046590E+003     0.41708122E+003
     0.12234121E+002     0.33290737E+003    -0.70182485E+003     0.11966595E+003
     0.12237655E+002     0.33300353E+003    -0.70360604E+003    -0.20962166E+003
     0.12241189E+002     0.33309969E+003    -0.56543266E+003    -0.50852897E+003
     0.12244723E+002     0.33319585E+003    -0.31348981E+003    -0.72046606E+003
     0.12248257E+002     0.33329201E+003     0.45676454E+001    -0.80541868E+003
     0.12251791E+002     0.33338818E+003     0.32859570E+003    -0.74731301E+003
     0.12255324E+002     0.33348434E+003     0.59730309E+003    -0.55713667E+003
     0.12258858E+002     0.33358050E+003     0.75985774E+003    -0.27085745E+003
     0.12262392E+002     0.33367666E+003     0.78550118E+003     0.57379600E+002
     0.12265926E+002     0.33377282E+003     0.66936645E+003     0.36549187E+003
     0.12269460E+002     0.33386898E+003     0.43339958E+003     0.59519998E+003
     0.12272994E+002     0.33396514E+003     0.12221027E+003     0.70304986E+003
     0.12276527E+002     0.33406130E+003    -0.20536370E+003     0.66863137E+003
     0.12280061E+002     0.33415746E+003    -0.48738324E+003     0.49843940E+003
     0.12283595E+002     0.33425362E+003    -0.67052179E+003     0.22464674E+003
     0.12287129E+002     0.33434978E+003    -0.72015094E+003    -0.10097925E+003
     0.12290663E+002     0.33444594E+003    -0.62689021E+003    -0.41686617E+003
     0.12294197E+002     0.33454210E+003    -0.40838225E+003    -0.66328069E+003
     0.12297730E+002     0.33463826E+003    -0.10595747E+003    -0.79362554E+003
     0.12301264E+002     0.33473442E+003     0.22318137E+003    -0.78325273E+003
     0.12304798E+002     0.33483058E+003     0.51677682E+003    -0.63412590E+003
     0.12308332E+002     0.33492674E+003     0.71929065E+003    -0.37445018E+003
     0.12311866E+002     0.33502290E+003     0.79240772E+003    -0.53339166E+002
     0.12315399E+002     0.33511906E+003     0.72228294E+003     0.26847260E+003
     0.12318933E+002     0.33521522E+003     0.52216087E+003     0.53011540E+003
     0.12322467E+002     0.33531138E+003     0.22987193E+003     0.68209613E+003
     0.12326001E+002     0.33540754E+003    -0.99320924E+002     0.69565901E+003
     0.12329535E+002     0.33550370E+003    -0.40317293E+003     0.56822492E+003
     0.12333069E+002     0.33559987E+003    -0.62422913E+003     0.32388036E+003
     0.12336602E+002     0.33569603E+003    -0.72069054E+003     0.88232647E+001
     0.12340136E+002     0.33579219E+003    -0.67432001E+003    -0.31737297E+003
     0.12343670E+002     0.33588835E+003    -0.49389230E+003    -0.59302565E+003
     0.12347204E+002     0.33598451E+003    -0.21353579E+003    -0.76600801E+003
     0.12350738E+002     0.33608067E+003     0.11372010E+003    -0.80360855E+003
     0.12354272E+002     0.33617683E+003     0.42597532E+003    -0.69871813E+003
     0.12357805E+002     0.33627299E+003     0.66416229E+003    -0.47117511E+003
     0.12361339E+002     0.33636915E+003     0.78321975E+003    -0.16401564E+003
     0.12364873E+002     0.33646531E+003     0.76061429E+003     0.16466500E+003
     0.12368407E+002     0.33656147E+003     0.60060320E+003     0.45269876E+003
     0.12371941E+002     0.33665763E+003     0.33343063E+003     0.64560200E+003
     0.12375475E+002     0.33675379E+003     0.96088237E+001     0.70688005E+003
     0.12379008E+002     0.33684995E+003    -0.30963387E+003     0.62492998E+003
     0.12382542E+002     0.33694611E+003    -0.56393244E+003     0.41523627E+003
     0.12386076E+002     0.33704227E+003    -0.70520166E+003     0.11744335E+003
     0.12389610E+002     0.33713843E+003    -0.70673000E+003    -0.21214114E+003
     0.12393144E+002     0.33723459E+003    -0.56823377E+003    -0.51119316E+003
     0.12396678E+002     0.33733075E+003    -0.31591129E+003    -0.72316147E+003
     0.12400211E+002     0.33742691E+003     0.25108869E+001    -0.80796137E+003
     0.12403745E+002     0.33752307E+003     0.32680283E+003    -0.74955690E+003
     0.12407279E+002     0.33761923E+003     0.59562160E+003    -0.55899476E+003
     0.12410813E+002     0.33771539E+003     0.75811273E+003    -0.27231651E+003
     0.12414347E+002     0.33781155E+003     0.78352855E+003     0.56256730E+002
     0.12417881E+002     0.33790772E+003     0.66704423E+003     0.36457794E+003
     0.12421414E+002     0.33800388E+003     0.43067148E+003     0.59432731E+003
     0.12424948E+002     0.33810004E+003     0.11909713E+003     0.70204165E+003
     0.12428482E+002     0.33819620E+003    -0.20876681E+003     0.66733683E+003
     0.12432016E+002     0.33829236E+003    -0.49092650E+003     0.49676257E+003
     0.12435550E+002     0.33838852E+003    -0.67402755E+003     0.22256328E+003
     0.12439084E+002     0.33848468E+003    -0.72344734E+003    -0.10341442E+003
     0.12442617E+002     0.33858084E+003    -0.62984498E+003    -0.41952980E+003
     0.12446151E+002     0.33867700E+003    -0.41092801E+003    -0.66600441E+003
     0.12449685E+002     0.33877316E+003    -0.10810502E+003    -0.79622769E+003
     0.12453219E+002     0.33886932E+003     0.22134454E+003    -0.78557294E+003
     0.12456753E+002     0.33896548E+003     0.51510269E+003    -0.63605602E+003
     0.12460287E+002     0.33906164E+003     0.71759857E+003    -0.37595531E+003
     0.12463820E+002     0.33915780E+003     0.79051878E+003    -0.54464854E+002
     0.12467354E+002     0.33925396E+003     0.72005413E+003     0.26760852E+003
     0.12470888E+002     0.33935012E+003     0.51951273E+003     0.52934475E+003
     0.12474422E+002     0.33944628E+003     0.22680424E+003     0.68123227E+003
     0.12477956E+002     0.33954244E+003    -0.10272863E+003     0.69453232E+003
     0.12481490E+002     0.33963860E+003    -0.40677585E+003     0.56671535E+003
     0.12485023E+002     0.33973476E+003    -0.62784441E+003     0.32194086E+003
     0.12488557E+002     0.33983092E+003    -0.72413206E+003     0.64893334E+001
     0.12492091E+002     0.33992708E+003    -0.67743391E+003    -0.31998956E+003
     0.12495625E+002     0.34002324E+003    -0.49658672E+003    -0.59575754E+003
     0.12499159E+002     0.34011940E+003    -0.21579894E+003    -0.76866415E+003
     0.12502693E+002     0.34021557E+003     0.11181771E+003    -0.80601020E+003
     0.12506226E+002     0.34031173E+003     0.42429232E+003    -0.70073320E+003
     0.12509760E+002     0.34040789E+003     0.66251461E+003    -0.47274414E+003
     0.12513294E+002     0.34050405E+003     0.78141453E+003    -0.16516337E+003
     0.12516828E+002     0.34060021E+003     0.75848701E+003     0.16383365E+003
     0.12520362E+002     0.34069637E+003     0.59804936E+003     0.45201814E+003
     0.12523895E+002     0.34079253E+003     0.33042619E+003     0.64487701E+003
     0.12527429E+002     0.34088869E+003     0.62154561E+001     0.70592329E+003
     0.12530963E+002     0.34098485E+003    -0.31328013E+003     0.62359769E+003
     0.12534497E+002     0.34108101E+003    -0.56764653E+003     0.41345601E+003
     0.12538031E+002     0.34117717E+003    -0.70878440E+003     0.11522857E+003
     0.12541565E+002     0.34127333E+003    -0.71000684E+003    -0.21469271E+003
     0.12545098E+002     0.34136949E+003    -0.57108764E+003    -0.51391893E+003
     0.12548632E+002     0.34146565E+003    -0.31830538E+003    -0.72586324E+003
     0.12552166E+002     0.34156181E+003     0.52510664E+000    -0.81044351E+003
     0.12555700E+002     0.34165797E+003     0.32509499E+003    -0.75166387E+003
     0.12559234E+002     0.34175413E+003     0.59400684E+003    -0.56064115E+003
     0.12562768E+002     0.34185029E+003     0.75638674E+003    -0.27350377E+003
     0.12566301E+002     0.34194645E+003     0.78150645E+003     0.55439882E+002
     0.12569835E+002     0.34204261E+003     0.66459616E+003     0.36397191E+003
     0.12573369E+002     0.34213877E+003     0.42774788E+003     0.59373166E+003
     0.12576903E+002     0.34223493E+003     0.11573862E+003     0.70125372E+003
     0.12580437E+002     0.34233109E+003    -0.21243720E+003     0.66618931E+003
     0.12583971E+002     0.34242725E+003    -0.49472450E+003     0.49515592E+003
     0.12587504E+002     0.34252342E+003    -0.67774394E+003     0.22048734E+003
     0.12591038E+002     0.34261958E+003    -0.72688807E+003    -0.10588051E+003
     0.12594572E+002     0.34271574E+003    -0.63286748E+003    -0.42223108E+003
     0.12598106E+002     0.34281190E+003    -0.41346914E+003    -0.66873919E+003
     0.12601640E+002     0.34290806E+003    -0.11019368E+003    -0.79878594E+003
     0.12605174E+002     0.34300422E+003     0.21959235E+003    -0.78777633E+003
     0.12608707E+002     0.34310038E+003     0.51350525E+003    -0.63779197E+003
     0.12612241E+002     0.34319654E+003     0.71594184E+003    -0.37720100E+003
     0.12615775E+002     0.34329270E+003     0.78860272E+003    -0.55289502E+002
     0.12619309E+002     0.34338886E+003     0.71772302E+003     0.26705875E+003
     0.12622843E+002     0.34348502E+003     0.51668684E+003     0.52886599E+003
     0.12626377E+002     0.34358118E+003     0.22350153E+003     0.68060786E+003
     0.12629910E+002     0.34367734E+003    -0.10640063E+003     0.69357343E+003
     0.12633444E+002     0.34377350E+003    -0.41063896E+003     0.56529640E+003
     0.12636978E+002     0.34386966E+003    -0.63168326E+003     0.32002387E+003
     0.12640512E+002     0.34396582E+003    -0.72773493E+003     0.41318446E+001
     0.12644046E+002     0.34406198E+003    -0.68063321E+003    -0.32264484E+003
     0.12647580E+002     0.34415814E+003    -0.49929136E+003    -0.59850953E+003
     0.12651113E+002     0.34425430E+003    -0.21801214E+003    -0.77129146E+003
     0.12654647E+002     0.34435046E+003     0.10999850E+003    -0.80831328E+003
     0.12658181E+002     0.34444662E+003     0.42269335E+003    -0.70257257E+003
     0.12661715E+002     0.34454278E+003     0.66091869E+003    -0.47406750E+003
     0.12665249E+002     0.34463894E+003     0.77960221E+003    -0.16601599E+003
     0.12668783E+002     0.34473510E+003     0.75627849E+003     0.16331695E+003
     0.12672316E+002     0.34483127E+003     0.59533907E+003     0.45163825E+003
     0.12675850E+002     0.34492743E+003     0.32720333E+003     0.64440817E+003
     0.12679384E+002     0.34502359E+003     0.25666198E+001     0.70515600E+003
     0.12682918E+002     0.34511975E+003    -0.31718687E+003     0.62237877E+003
     0.12686452E+002     0.34521591E+003    -0.57159323E+003     0.41171829E+003
     0.12689986E+002     0.34531207E+003    -0.71254467E+003     0.11300413E+003
     0.12693519E+002     0.34540823E+003    -0.71338889E+003    -0.21727817E+003
     0.12697053E+002     0.34550439E+003    -0.57397109E+003    -0.51666934E+003
     0.12700587E+002     0.34560055E+003    -0.32066474E+003    -0.72854937E+003
     0.12704121E+002     0.34569671E+003    -0.13848321E+001    -0.81284649E+003
     0.12707655E+002     0.34579287E+003     0.32347328E+003    -0.75361692E+003
     0.12711189E+002     0.34588903E+003     0.59245589E+003    -0.56206171E+003
     0.12714722E+002     0.34598519E+003     0.75467397E+003    -0.27440976E+003
     0.12718256E+002     0.34608135E+003     0.77942843E+003     0.54932956E+002
     0.12721790E+002     0.34617751E+003     0.66201759E+003     0.36367237E+003
     0.12725324E+002     0.34627367E+003     0.42462779E+003     0.59340784E+003
     0.12728858E+002     0.34636983E+003     0.11213865E+003     0.70067791E+003
     0.12732391E+002     0.34646599E+003    -0.21636387E+003     0.66518112E+003
     0.12735925E+002     0.34656215E+003    -0.49876195E+003     0.49361708E+003
     0.12739459E+002     0.34665831E+003    -0.68165428E+003     0.21842072E+003
     0.12742993E+002     0.34675447E+003    -0.73045659E+003    -0.10837077E+003
     0.12746527E+002     0.34685063E+003    -0.63594378E+003    -0.42495884E+003
     0.12750061E+002     0.34694679E+003    -0.41599617E+003    -0.67147141E+003
     0.12753594E+002     0.34704295E+003    -0.11221908E+003    -0.80128680E+003
     0.12757128E+002     0.34713912E+003     0.21792477E+003    -0.78985217E+003
     0.12760662E+002     0.34723528E+003     0.51198254E+003    -0.63932868E+003
     0.12764196E+002     0.34733144E+003     0.71432308E+003    -0.37818414E+003
     0.12767730E+002     0.34742760E+003     0.78665906E+003    -0.55810338E+002
     0.12771264E+002     0.34752376E+003     0.71528954E+003     0.26681765E+003
     0.12774797E+002     0.34761992E+003     0.51369248E+003     0.52867327E+003
     0.12778331E+002     0.34771608E+003     0.21997734E+003     0.68022070E+003
     0.12781865E+002     0.34781224E+003    -0.11032152E+003     0.69278465E+003
     0.12785399E+002     0.34790840E+003    -0.41474733E+003     0.56397487E+003
     0.12788933E+002     0.34800456E+003    -0.63573326E+003     0.31813990E+003
     0.12792467E+002     0.34810072E+003    -0.73149078E+003     0.17633627E+001
     0.12796000E+002     0.34819688E+003    -0.68391420E+003    -0.32532660E+003
     0.12799534E+002     0.34829304E+003    -0.50200636E+003    -0.60127210E+003
     0.12803068E+002     0.34838920E+003    -0.22017766E+003    -0.77388483E+003
     0.12806602E+002     0.34848536E+003     0.10826089E+003    -0.81051770E+003
     0.12810136E+002     0.34858152E+003     0.42117960E+003    -0.70424032E+003
     0.12813670E+002     0.34867768E+003     0.65938054E+003    -0.47515154E+003
     0.12817203E+002     0.34877384E+003     0.77779430E+003    -0.16657945E+003
     0.12820737E+002     0.34887000E+003     0.75400497E+003     0.16311213E+003
     0.12824271E+002     0.34896616E+003     0.59249119E+003     0.45156153E+003
     0.12827805E+002     0.34906232E+003     0.32378068E+003     0.64420391E+003
     0.12831339E+002     0.34915848E+003    -0.13221830E+001     0.70459190E+003
     0.12834873E+002     0.34925464E+003    -0.32134411E+003     0.62129029E+003
     0.12838406E+002     0.34935081E+003    -0.57576930E+003     0.41004038E+003
     0.12841940E+002     0.34944697E+003    -0.71648521E+003     0.11078410E+003
     0.12845474E+002     0.34954313E+003    -0.71688315E+003    -0.21988885E+003
     0.12849008E+002     0.34963929E+003    -0.57689230E+003    -0.51944338E+003
     0.12852542E+002     0.34973545E+003    -0.32299471E+003    -0.73122631E+003
     0.12856076E+002     0.34983161E+003    -0.32181010E+001    -0.81518208E+003
     0.12859609E+002     0.34992777E+003     0.32194672E+003    -0.75542972E+003
     0.12863143E+002     0.35002393E+003     0.59098620E+003    -0.56326799E+003
     0.12866677E+002     0.35012009E+003     0.75299854E+003    -0.27504005E+003
     0.12870211E+002     0.35021625E+003     0.77732192E+003     0.54738984E+002
     0.12873745E+002     0.35031241E+003     0.65933490E+003     0.36369179E+003
     0.12877279E+002     0.35040857E+003     0.42133225E+003     0.59337638E+003
     0.12880812E+002     0.35050473E+003     0.10830967E+003     0.70033997E+003
     0.12884346E+002     0.35060089E+003    -0.22054523E+003     0.66433850E+003
     0.12887880E+002     0.35069705E+003    -0.50304675E+003     0.49216697E+003
     0.12891414E+002     0.35079321E+003    -0.68577263E+003     0.21637594E+003
     0.12894948E+002     0.35088937E+003    -0.73416890E+003    -0.11088348E+003
     0.12898482E+002     0.35098553E+003    -0.63908655E+003    -0.42772226E+003
     0.12902015E+002     0.35108169E+003    -0.41851350E+003    -0.67421855E+003
     0.12905549E+002     0.35117785E+003    -0.11417411E+003    -0.80375136E+003
     0.12909083E+002     0.35127401E+003     0.21636111E+003    -0.79181930E+003
     0.12912617E+002     0.35137017E+003     0.51056346E+003    -0.64067615E+003
     0.12916151E+002     0.35146633E+003     0.71277235E+003    -0.37890622E+003
     0.12919685E+002     0.35156249E+003     0.78472338E+003    -0.56019587E+002
     0.12923218E+002     0.35165866E+003     0.71278688E+003     0.26691093E+003
     0.12926752E+002     0.35175482E+003     0.51054728E+003     0.52880049E+003
     0.12930286E+002     0.35185098E+003     0.21623548E+003     0.68010577E+003
     0.12933820E+002     0.35194714E+003    -0.11450058E+003     0.69219634E+003
     0.12937354E+002     0.35204330E+003    -0.41912020E+003     0.56277130E+003
     0.12940888E+002     0.35213946E+003    -0.64001836E+003     0.31629598E+003
     0.12944421E+002     0.35223562E+003    -0.73542174E+003    -0.62360080E+000
     0.12947955E+002     0.35233178E+003    -0.68729058E+003    -0.32805460E+003
     0.12951489E+002     0.35242794E+003    -0.50473238E+003    -0.60407217E+003
     0.12955023E+002     0.35252410E+003    -0.22228101E+003    -0.77647198E+003
     0.12958557E+002     0.35262026E+003     0.10663347E+003    -0.81264481E+003
     0.12962090E+002     0.35271642E+003     0.41978946E+003    -0.70574568E+003
     0.12965624E+002     0.35281258E+003     0.65794201E+003    -0.47599005E+003
     0.12969158E+002     0.35290874E+003     0.77602868E+003    -0.16683203E+003
     0.12972692E+002     0.35300490E+003     0.75169373E+003     0.16325311E+003
     0.12976226E+002     0.35310106E+003     0.58951794E+003     0.45182817E+003
     0.12979760E+002     0.35319722E+003     0.32015405E+003     0.64430324E+003
     0.12983293E+002     0.35329338E+003    -0.54694166E+001     0.70426164E+003
     0.12986827E+002     0.35338954E+003    -0.32577951E+003     0.62034885E+003
     0.12990361E+002     0.35348570E+003    -0.58020424E+003     0.40842205E+003
     0.12993895E+002     0.35358186E+003    -0.72062968E+003     0.10855229E+003
     0.12997429E+002     0.35367802E+003    -0.72050073E+003    -0.22255277E+003
     0.13000963E+002     0.35377418E+003    -0.57984581E+003    -0.52227384E+003
     0.13004496E+002     0.35387034E+003    -0.32527280E+003    -0.73392372E+003
     0.13008030E+002     0.35396651E+003    -0.49383009E+001    -0.81746949E+003
     0.13011564E+002     0.35406267E+003     0.32055951E+003    -0.75710582E+003
     0.13015098E+002     0.35415883E+003     0.58964187E+003    -0.56424594E+003
     0.13018632E+002     0.35425499E+003     0.75139667E+003    -0.27536479E+003
     0.13022166E+002     0.35435115E+003     0.77520885E+003     0.54898463E+002
     0.13025699E+002     0.35444731E+003     0.65655246E+003     0.36407385E+003
     0.13029233E+002     0.35454347E+003     0.41784845E+003     0.59367597E+003
     0.13032767E+002     0.35463963E+003     0.10422557E+003     0.70026645E+003
     0.13036301E+002     0.35473579E+003    -0.22501382E+003     0.66367109E+003
     0.13039835E+002     0.35483195E+003    -0.50760968E+003     0.49079731E+003
     0.13043369E+002     0.35492811E+003    -0.69012026E+003     0.21432945E+003
     0.13046902E+002     0.35502427E+003    -0.73803094E+003    -0.11345160E+003
     0.13050436E+002     0.35512043E+003    -0.64228381E+003    -0.43055583E+003
     0.13053970E+002     0.35521659E+003    -0.42099262E+003    -0.67700848E+003
     0.13057504E+002     0.35531275E+003    -0.11601853E+003    -0.80619430E+003
     0.13061038E+002     0.35540891E+003     0.21494628E+003    -0.79367545E+003
     0.13064572E+002     0.35550507E+003     0.50928962E+003    -0.64181528E+003
     0.13068105E+002     0.35560123E+003     0.71132193E+003    -0.37933330E+003
     0.13071639E+002     0.35569739E+003     0.78281023E+003    -0.55874609E+002
     0.13075173E+002     0.35579355E+003     0.71021097E+003     0.26737878E+003
     0.13078707E+002     0.35588971E+003     0.50723331E+003     0.52927969E+003
     0.13082241E+002     0.35598587E+003     0.21224803E+003     0.68028133E+003
     0.13085775E+002     0.35608203E+003    -0.11896851E+003     0.69180993E+003
     0.13089308E+002     0.35617819E+003    -0.42378315E+003     0.56167069E+003
     0.13092842E+002     0.35627436E+003    -0.64455230E+003     0.31446482E+003
     0.13096376E+002     0.35637052E+003    -0.73952551E+003    -0.30619274E+001
     0.13099910E+002     0.35646668E+003    -0.69074346E+003    -0.33085959E+003
     0.13103444E+002     0.35656284E+003    -0.50743661E+003    -0.60693135E+003
     0.13106978E+002     0.35665900E+003    -0.22428117E+003    -0.77906000E+003
     0.13110511E+002     0.35675516E+003     0.10515811E+003    -0.81468541E+003
     0.13114045E+002     0.35685132E+003     0.41855833E+003    -0.70706451E+003
     0.13117579E+002     0.35694748E+003     0.65662605E+003    -0.47654858E+003
     0.13121113E+002     0.35704364E+003     0.77431276E+003    -0.16673568E+003
     0.13124647E+002     0.35713980E+003     0.74933680E+003     0.16377423E+003
     0.13128181E+002     0.35723596E+003     0.58639940E+003     0.45246235E+003
     0.13131714E+002     0.35733212E+003     0.31629735E+003     0.64471616E+003
     0.13135248E+002     0.35742828E+003    -0.99003299E+001     0.70415979E+003
     0.13138782E+002     0.35752444E+003    -0.33051067E+003     0.61953581E+003
     0.13142316E+002     0.35762060E+003    -0.58490321E+003     0.40683634E+003
     0.13145850E+002     0.35771676E+003    -0.72496841E+003     0.10628001E+003
     0.13149384E+002     0.35781292E+003    -0.72421833E+003    -0.22529362E+003
     0.13152917E+002     0.35790908E+003    -0.58279837E+003    -0.52517415E+003
     0.13156451E+002     0.35800524E+003    -0.32746162E+003    -0.73664149E+003
     0.13159985E+002     0.35810140E+003    -0.65103993E+001    -0.81969492E+003
     0.13163519E+002     0.35819756E+003     0.31933856E+003    -0.75862046E+003
     0.13167053E+002     0.35829372E+003     0.58843793E+003    -0.56496479E+003
     0.13170586E+002     0.35838988E+003     0.74987018E+003    -0.27535316E+003
     0.13174120E+002     0.35848604E+003     0.77307950E+003     0.55436448E+002
     0.13177654E+002     0.35858221E+003     0.65365290E+003     0.36483340E+003
     0.13181188E+002     0.35867837E+003     0.41415674E+003     0.59430911E+003
     0.13184722E+002     0.35877453E+003     0.99870244E+002     0.70044799E+003
     0.13188256E+002     0.35887069E+003    -0.22977747E+003     0.66316072E+003
     0.13191789E+002     0.35896685E+003    -0.51244751E+003     0.48948581E+003
     0.13195323E+002     0.35906301E+003    -0.69468243E+003     0.21226013E+003
     0.13198857E+002     0.35915917E+003    -0.74201841E+003    -0.11609028E+003
     0.13202391E+002     0.35925533E+003    -0.64550554E+003    -0.43346530E+003
     0.13205925E+002     0.35935149E+003    -0.42340251E+003    -0.67983634E+003
     0.13209459E+002     0.35944765E+003    -0.11772497E+003    -0.80860108E+003
     0.13212992E+002     0.35954381E+003     0.21370014E+003    -0.79539926E+003
     0.13216526E+002     0.35963997E+003     0.50817154E+003    -0.64272215E+003
     0.13220060E+002     0.35973613E+003     0.70997326E+003    -0.37944320E+003
     0.13223594E+002     0.35983229E+003     0.78091400E+003    -0.55358592E+002
     0.13227128E+002     0.35992845E+003     0.70755237E+003     0.26823042E+003
     0.13230662E+002     0.36002461E+003     0.50374117E+003     0.53011182E+003
     0.13234195E+002     0.36012077E+003     0.20800914E+003     0.68074141E+003
     0.13237729E+002     0.36021693E+003    -0.12372515E+003     0.69161496E+003
     0.13241263E+002     0.36031309E+003    -0.42872907E+003     0.56066145E+003
     0.13244797E+002     0.36040925E+003    -0.64932154E+003     0.31263679E+003
     0.13248331E+002     0.36050541E+003    -0.74378402E+003    -0.55568671E+001
     0.13251865E+002     0.36060157E+003    -0.69425277E+003    -0.33374126E+003
     0.13255398E+002     0.36069773E+003    -0.51009974E+003    -0.60984383E+003
     0.13258932E+002     0.36079389E+003    -0.22616177E+003    -0.78163897E+003
     0.13262466E+002     0.36089006E+003     0.10384710E+003    -0.81662733E+003
     0.13266000E+002     0.36098622E+003     0.41749424E+003    -0.70818458E+003
     0.13269534E+002     0.36108238E+003     0.65543726E+003    -0.47681664E+003
     0.13273068E+002     0.36117854E+003     0.77264923E+003    -0.16628268E+003
     0.13276601E+002     0.36127470E+003     0.74693655E+003     0.16468028E+003
     0.13280135E+002     0.36137086E+003     0.58313885E+003     0.45346660E+003
     0.13283669E+002     0.36146702E+003     0.31221557E+003     0.64544383E+003
     0.13287203E+002     0.36156318E+003    -0.14608205E+002     0.70428740E+003
     0.13290737E+002     0.36165934E+003    -0.33552970E+003     0.61885293E+003
     0.13294271E+002     0.36175550E+003    -0.58985791E+003     0.40528611E+003
     0.13297804E+002     0.36185166E+003    -0.72949376E+003     0.10397083E+003
     0.13301338E+002     0.36194782E+003    -0.72802918E+003    -0.22810789E+003
     0.13304872E+002     0.36204398E+003    -0.58574407E+003    -0.52814158E+003
     0.13308406E+002     0.36214014E+003    -0.32955535E+003    -0.73937850E+003
     0.13311940E+002     0.36223630E+003    -0.79275364E+001    -0.82185896E+003
     0.13315474E+002     0.36233246E+003     0.31829292E+003    -0.75997530E+003
     0.13319007E+002     0.36242862E+003     0.58738619E+003    -0.56542601E+003
     0.13322541E+002     0.36252478E+003     0.74843368E+003    -0.27500497E+003
     0.13326075E+002     0.36262094E+003     0.77095038E+003     0.56356307E+002
     0.13329609E+002     0.36271710E+003     0.65065302E+003     0.36597799E+003
     0.13333143E+002     0.36281326E+003     0.41027215E+003     0.59528759E+003
     0.13336677E+002     0.36290942E+003     0.95254798E+002     0.70089967E+003
     0.13340210E+002     0.36300558E+003    -0.23483047E+003     0.66282373E+003
     0.13343744E+002     0.36310175E+003    -0.51756027E+003     0.48824736E+003
     0.13347278E+002     0.36319791E+003    -0.69946396E+003     0.21017879E+003
     0.13350812E+002     0.36329407E+003    -0.74613876E+003    -0.11879480E+003
     0.13354346E+002     0.36339023E+003    -0.64875875E+003    -0.43645301E+003
     0.13357880E+002     0.36348639E+003    -0.42574648E+003    -0.68271089E+003
     0.13361413E+002     0.36358255E+003    -0.11929027E+003    -0.81098473E+003
     0.13364947E+002     0.36367871E+003     0.21263405E+003    -0.79700471E+003
     0.13368481E+002     0.36377487E+003     0.50722858E+003    -0.64340765E+003
     0.13372015E+002     0.36387103E+003     0.70875165E+003    -0.37924026E+003
     0.13375549E+002     0.36396719E+003     0.77906240E+003    -0.54466980E+002
     0.13379082E+002     0.36406335E+003     0.70483697E+003     0.26947967E+003
     0.13382616E+002     0.36415951E+003     0.50009071E+003     0.53131864E+003
     0.13386150E+002     0.36425567E+003     0.20352933E+003     0.68151222E+003
     0.13389684E+002     0.36435183E+003    -0.12877066E+003     0.69163747E+003
     0.13393218E+002     0.36444799E+003    -0.43396790E+003     0.55976448E+003
     0.13396752E+002     0.36454415E+003    -0.65434274E+003     0.31082355E+003
     0.13400285E+002     0.36464031E+003    -0.74821582E+003    -0.81084305E+001
     0.13403819E+002     0.36473647E+003    -0.69783350E+003    -0.33671120E+003
     0.13407353E+002     0.36483263E+003    -0.51272809E+003    -0.61283021E+003
     0.13410887E+002     0.36492879E+003    -0.22791698E+003    -0.78423372E+003
     0.13414421E+002     0.36502495E+003     0.10271920E+003    -0.81849371E+003
     0.13417955E+002     0.36512111E+003     0.41662705E+003    -0.70912164E+003
     0.13421488E+002     0.36521727E+003     0.65441232E+003    -0.47679808E+003
     0.13425022E+002     0.36531343E+003     0.77107540E+003    -0.16546293E+003
     0.13428556E+002     0.36540960E+003     0.74452454E+003     0.16599440E+003
     0.13432090E+002     0.36550576E+003     0.57975675E+003     0.45487325E+003
     0.13435624E+002     0.36560192E+003     0.30791478E+003     0.64652205E+003
     0.13439158E+002     0.36569808E+003    -0.19601695E+002     0.70467685E+003
     0.13442691E+002     0.36579424E+003    -0.34085716E+003     0.61832271E+003
     0.13446225E+002     0.36589040E+003    -0.59509528E+003     0.40377944E+003
     0.13449759E+002     0.36598656E+003    -0.73423182E+003     0.10161681E+003
     0.13453293E+002     0.36608272E+003    -0.73195141E+003    -0.23101770E+003
     0.13456827E+002     0.36617888E+003    -0.58868730E+003    -0.53120758E+003
     0.13460361E+002     0.36627504E+003    -0.33154168E+003    -0.74216839E+003
     0.13463894E+002     0.36637120E+003    -0.91612646E+001    -0.82398964E+003
     0.13467428E+002     0.36646736E+003     0.31746310E+003    -0.76118600E+003
     0.13470962E+002     0.36656352E+003     0.58653259E+003    -0.56562855E+003
     0.13474496E+002     0.36665968E+003     0.74713038E+003    -0.27430154E+003
     0.13478030E+002     0.36675584E+003     0.76885427E+003     0.57691424E+002
     0.13481564E+002     0.36685200E+003     0.64756945E+003     0.36754960E+003
     0.13485097E+002     0.36694816E+003     0.40619277E+003     0.59665395E+003
     0.13488631E+002     0.36704432E+003     0.90360286E+002     0.70165612E+003
     0.13492165E+002     0.36714048E+003    -0.24020368E+003     0.66267990E+003
     0.13495699E+002     0.36723664E+003    -0.52298293E+003     0.48708294E+003
     0.13499233E+002     0.36733280E+003    -0.70449513E+003     0.20806749E+003
     0.13502767E+002     0.36742896E+003    -0.75040948E+003    -0.12159818E+003
     0.13506300E+002     0.36752512E+003    -0.65204265E+003    -0.43955986E+003
     0.13509834E+002     0.36762128E+003    -0.42800360E+003    -0.68567198E+003
     0.13513368E+002     0.36771745E+003    -0.12067583E+003    -0.81337512E+003
     0.13516902E+002     0.36781361E+003     0.21179808E+003    -0.79850480E+003
     0.13520436E+002     0.36790977E+003     0.50651365E+003    -0.64386447E+003
     0.13523970E+002     0.36800593E+003     0.70770352E+003    -0.37869761E+003
     0.13527503E+002     0.36810209E+003     0.77728739E+003    -0.53158150E+002
     0.13531037E+002     0.36819825E+003     0.70207702E+003     0.27117511E+003
     0.13534571E+002     0.36829441E+003     0.49627332E+003     0.53294605E+003
     0.13538105E+002     0.36839057E+003     0.19878246E+003     0.68262798E+003
     0.13541639E+002     0.36848673E+003    -0.13414177E+003     0.69189338E+003
     0.13545173E+002     0.36858289E+003    -0.43953778E+003     0.55897451E+003
     0.13548706E+002     0.36867905E+003    -0.65964579E+003     0.30900016E+003
     0.13552240E+002     0.36877521E+003    -0.75283469E+003    -0.10755513E+002
     0.13555774E+002     0.36887137E+003    -0.70147870E+003    -0.33981368E+003
     0.13559308E+002     0.36896753E+003    -0.51529378E+003    -0.61593039E+003
     0.13562842E+002     0.36906369E+003    -0.22950213E+003    -0.78687096E+003
     0.13566376E+002     0.36915985E+003     0.10182836E+003    -0.82029204E+003
     0.13569909E+002     0.36925601E+003     0.41601047E+003    -0.70986179E+003
     0.13573443E+002     0.36935217E+003     0.65359527E+003    -0.47645996E+003
     0.13576977E+002     0.36944833E+003     0.76961832E+003    -0.16423068E+003
     0.13580511E+002     0.36954449E+003     0.74210689E+003     0.16776628E+003
     0.13584045E+002     0.36964065E+003     0.57623867E+003     0.45672634E+003
     0.13587578E+002     0.36973681E+003     0.30336467E+003     0.64798058E+003
     0.13591112E+002     0.36983297E+003    -0.24918922E+002     0.70533809E+003
     0.13594646E+002     0.36992913E+003    -0.34652939E+003     0.61793401E+003
     0.13598180E+002     0.37002530E+003    -0.60064076E+003     0.40228712E+003
     0.13601714E+002     0.37012146E+003    -0.73919035E+003     0.99177431E+002
     0.13605248E+002     0.37021762E+003    -0.73597198E+003    -0.23406582E+003
     0.13608781E+002     0.37031378E+003    -0.59159551E+003    -0.53440782E+003
     0.13612315E+002     0.37040994E+003    -0.33337383E+003    -0.74503187E+003
     0.13615849E+002     0.37050610E+003    -0.10158647E+002    -0.82608815E+003
     0.13619383E+002     0.37060226E+003     0.31689896E+003    -0.76223367E+003
     0.13622917E+002     0.37069842E+003     0.58591539E+003    -0.56553698E+003
     0.13626451E+002     0.37079458E+003     0.74598105E+003    -0.27319783E+003
     0.13629984E+002     0.37089074E+003     0.76679214E+003     0.59487816E+002
     0.13633518E+002     0.37098690E+003     0.64438511E+003     0.36958639E+003
     0.13637052E+002     0.37108306E+003     0.40188899E+003     0.59843143E+003
     0.13640586E+002     0.37117922E+003     0.85152476E+002     0.70272191E+003
     0.13644120E+002     0.37127538E+003    -0.24592718E+003     0.66271518E+003
     0.13647654E+002     0.37137154E+003    -0.52873381E+003     0.48596385E+003
     0.13651187E+002     0.37146770E+003    -0.70977734E+003     0.20588972E+003
     0.13654721E+002     0.37156386E+003    -0.75481365E+003    -0.12453637E+003
     0.13658255E+002     0.37166002E+003    -0.65532431E+003    -0.44281336E+003
     0.13661789E+002     0.37175618E+003    -0.43013054E+003    -0.68873260E+003
     0.13665323E+002     0.37185234E+003    -0.12183539E+003    -0.81576792E+003
     0.13668857E+002     0.37194850E+003     0.21123349E+003    -0.79987854E+003
     0.13672390E+002     0.37204466E+003     0.50605636E+003    -0.64405905E+003
     0.13675924E+002     0.37214082E+003     0.70684271E+003    -0.37777557E+003
     0.13679458E+002     0.37223698E+003     0.77558606E+003    -0.51393910E+002
     0.13682992E+002     0.37233315E+003     0.69925555E+003     0.27334623E+003
     0.13686526E+002     0.37242931E+003     0.49226342E+003     0.53500991E+003
     0.13690060E+002     0.37252547E+003     0.19374120E+003     0.68408883E+003
     0.13693593E+002     0.37262163E+003    -0.13986061E+003     0.69236820E+003
     0.13697127E+002     0.37271779E+003    -0.44544989E+003     0.55826644E+003
     0.13700661E+002     0.37281395E+003    -0.66522781E+003     0.30713686E+003
     0.13704195E+002     0.37291011E+003    -0.75762337E+003    -0.13525922E+002
     0.13707729E+002     0.37300627E+003    -0.70515937E+003    -0.34306865E+003
     0.13711263E+002     0.37310243E+003    -0.51776089E+003    -0.61915242E+003
     0.13714796E+002     0.37319859E+003    -0.23088037E+003    -0.78954542E+003
     0.13718330E+002     0.37329475E+003     0.10120664E+003    -0.82200498E+003
     0.13721864E+002     0.37339091E+003     0.41566725E+003    -0.71037914E+003
     0.13725398E+002     0.37348707E+003     0.65299705E+003    -0.47577297E+003
     0.13728932E+002     0.37358323E+003     0.76827717E+003    -0.16255863E+003
     0.13732466E+002     0.37367939E+003     0.73967347E+003     0.17001649E+003
     0.13735999E+002     0.37377555E+003     0.57256921E+003     0.45903664E+003
     0.13739533E+002     0.37387171E+003     0.29854944E+003     0.64981955E+003
     0.13743067E+002     0.37396787E+003    -0.30571624E+002     0.70626193E+003
     0.13746601E+002     0.37406403E+003    -0.35255077E+003     0.61767126E+003
     0.13750135E+002     0.37416019E+003    -0.60648972E+003     0.40079112E+003
     0.13753669E+002     0.37425635E+003    -0.74435597E+003     0.96636332E+002
     0.13757202E+002     0.37435251E+003    -0.74007071E+003    -0.23726368E+003
     0.13760736E+002     0.37444867E+003    -0.59444469E+003    -0.53774660E+003
     0.13764270E+002     0.37454484E+003    -0.33502741E+003    -0.74796568E+003
     0.13767804E+002     0.37464100E+003    -0.10898074E+002    -0.82814453E+003
     0.13771338E+002     0.37473716E+003     0.31661702E+003    -0.76310372E+003
     0.13774872E+002     0.37483332E+003     0.58554494E+003    -0.56513489E+003
     0.13778405E+002     0.37492948E+003     0.74499004E+003    -0.27167821E+003
     0.13781939E+002     0.37502564E+003     0.76476354E+003     0.61757988E+002
     0.13785473E+002     0.37512180E+003     0.64109675E+003     0.37209652E+003
     0.13789007E+002     0.37521796E+003     0.39735667E+003     0.60062344E+003
     0.13792541E+002     0.37531412E+003     0.79628236E+002     0.70409610E+003
     0.13796074E+002     0.37541028E+003    -0.25200180E+003     0.66292533E+003
     0.13799608E+002     0.37550644E+003    -0.53481065E+003     0.48488383E+003
     0.13803142E+002     0.37560260E+003    -0.71530524E+003     0.20363844E+003
     0.13806676E+002     0.37569876E+003    -0.75934295E+003    -0.12761628E+003
     0.13810210E+002     0.37579492E+003    -0.65859286E+003    -0.44621941E+003
     0.13813744E+002     0.37589108E+003    -0.43211444E+003    -0.69189715E+003
     0.13817277E+002     0.37598724E+003    -0.12275460E+003    -0.81816564E+003
     0.13820811E+002     0.37608340E+003     0.21095562E+003    -0.80112627E+003
     0.13824345E+002     0.37617956E+003     0.50587245E+003    -0.64398937E+003
     0.13827879E+002     0.37627572E+003     0.70618468E+003    -0.37646957E+003
     0.13831413E+002     0.37637188E+003     0.77397286E+003    -0.49167097E+002
     0.13834947E+002     0.37646804E+003     0.69638489E+003     0.27600270E+003
     0.13838480E+002     0.37656420E+003     0.48807010E+003     0.53752147E+003
     0.13842014E+002     0.37666036E+003     0.18841071E+003     0.68590625E+003
     0.13845548E+002     0.37675652E+003    -0.14592604E+003     0.69307202E+003
     0.13849082E+002     0.37685269E+003    -0.45170664E+003     0.55764717E+003
     0.13852616E+002     0.37694885E+003    -0.67109320E+003     0.30523586E+003
     0.13856150E+002     0.37704501E+003    -0.76258622E+003    -0.16423036E+002
     0.13859683E+002     0.37714117E+003    -0.70887727E+003    -0.34648499E+003
     0.13863217E+002     0.37723733E+003    -0.52012611E+003    -0.62250933E+003
     0.13866751E+002     0.37733349E+003    -0.23204152E+003    -0.79227180E+003
     0.13870285E+002     0.37742965E+003     0.10087148E+003    -0.82364580E+003
     0.13873819E+002     0.37752581E+003     0.41562124E+003    -0.71068230E+003
     0.13877353E+002     0.37762197E+003     0.65264547E+003    -0.47473825E+003
     0.13880886E+002     0.37771813E+003     0.76708023E+003    -0.16043907E+003
     0.13884420E+002     0.37781429E+003     0.73724888E+003     0.17276141E+003
     0.13887954E+002     0.37791045E+003     0.56876562E+003     0.46182708E+003
     0.13891488E+002     0.37800661E+003     0.29347638E+003     0.65206474E+003
     0.13895022E+002     0.37810277E+003    -0.36563248E+002     0.70747227E+003
     0.13898556E+002     0.37819893E+003    -0.35893395E+003     0.61755177E+003
     0.13902089E+002     0.37829509E+003    -0.61266050E+003     0.39929838E+003
     0.13905623E+002     0.37839125E+003    -0.74974763E+003     0.93988104E+002
     0.13909157E+002     0.37848741E+003    -0.74426158E+003    -0.24062843E+003
     0.13912691E+002     0.37858357E+003    -0.59723888E+003    -0.54124989E+003
     0.13916225E+002     0.37867973E+003    -0.33649323E+003    -0.75099946E+003
     0.13919759E+002     0.37877589E+003    -0.11356412E+002    -0.83018594E+003
     0.13923292E+002     0.37887205E+003     0.31665227E+003    -0.76381477E+003
     0.13926826E+002     0.37896821E+003     0.58546335E+003    -0.56442761E+003
     0.13930360E+002     0.37906437E+003     0.74420009E+003    -0.26973267E+003
     0.13933894E+002     0.37916054E+003     0.76280494E+003     0.64526495E+002
     0.13937428E+002     0.37925670E+003     0.63772852E+003     0.37511499E+003
     0.13940962E+002     0.37935286E+003     0.39260406E+003     0.60326916E+003
     0.13944495E+002     0.37944902E+003     0.73779288E+002     0.70581452E+003
     0.13948029E+002     0.37954518E+003    -0.25844944E+003     0.66333575E+003
     0.13951563E+002     0.37964134E+003    -0.54124318E+003     0.48385253E+003
     0.13955097E+002     0.37973750E+003    -0.72110852E+003     0.20130542E+003
     0.13958631E+002     0.37983366E+003    -0.76401910E+003    -0.13086241E+003
     0.13962165E+002     0.37992982E+003    -0.66185541E+003    -0.44981392E+003
     0.13965698E+002     0.38002598E+003    -0.43394380E+003    -0.69520539E+003
     0.13969232E+002     0.38012214E+003    -0.12340326E+003    -0.82060313E+003
     0.13972766E+002     0.38021830E+003     0.21100950E+003    -0.80226999E+003
     0.13976300E+002     0.38031446E+003     0.50601482E+003    -0.64365905E+003
     0.13979834E+002     0.38041062E+003     0.70578135E+003    -0.37476286E+003
     0.13983368E+002     0.38050678E+003     0.77248957E+003    -0.46442777E+002
     0.13986901E+002     0.38060294E+003     0.69348956E+003     0.27919137E+003
     0.13990435E+002     0.38069910E+003     0.48369687E+003     0.54053089E+003
     0.13993969E+002     0.38079526E+003     0.18277390E+003     0.68812413E+003
     0.13997503E+002     0.38089142E+003    -0.15237118E+003     0.69403382E+003
     0.14001037E+002     0.38098758E+003    -0.45834896E+003     0.55712507E+003
     0.14004570E+002     0.38108374E+003    -0.67728097E+003     0.30328332E+003
     0.14008104E+002     0.38117990E+003    -0.76775055E+003    -0.19479925E+002
     0.14011638E+002     0.38127606E+003    -0.71264066E+003    -0.35010793E+003
     0.14015172E+002     0.38137222E+003    -0.52237506E+003    -0.62604903E+003
     0.14018706E+002     0.38146839E+003    -0.23294959E+003    -0.79509027E+003
     0.14022240E+002     0.38156455E+003     0.10087499E+003    -0.82523807E+003
     0.14025773E+002     0.38166071E+003     0.41593163E+003    -0.71077272E+003
     0.14029307E+002     0.38175687E+003     0.65259647E+003    -0.47333418E+003
     0.14032841E+002     0.38185303E+003     0.76607009E+003    -0.15783090E+003
     0.14036375E+002     0.38194919E+003     0.73485507E+003     0.17605373E+003
     0.14039909E+002     0.38204535E+003     0.56482609E+003     0.46515160E+003
     0.14043443E+002     0.38214151E+003     0.28812166E+003     0.65476069E+003
     0.14046976E+002     0.38223767E+003    -0.42933209E+002     0.70899542E+003
     0.14050510E+002     0.38233383E+003    -0.36572433E+003     0.61757845E+003
     0.14054044E+002     0.38242999E+003    -0.61919347E+003     0.39778812E+003
     0.14057578E+002     0.38252615E+003    -0.75539071E+003     0.91192930E+002
     0.14061112E+002     0.38262231E+003    -0.74854800E+003    -0.24421042E+003
     0.14064646E+002     0.38271847E+003    -0.59995707E+003    -0.54496774E+003
     0.14068179E+002     0.38281463E+003    -0.33772844E+003    -0.75417216E+003
     0.14071713E+002     0.38291079E+003    -0.11476058E+002    -0.83223166E+003
     0.14075247E+002     0.38300695E+003     0.31706682E+003    -0.76436187E+003
     0.14078781E+002     0.38310311E+003     0.58572613E+003    -0.56338640E+003
     0.14082315E+002     0.38319927E+003     0.74365024E+003    -0.26731391E+003
     0.14085849E+002     0.38329543E+003     0.76093239E+003     0.67850022E+002
     0.14089382E+002     0.38339159E+003     0.63427163E+003     0.37869689E+003
     0.14092916E+002     0.38348775E+003     0.38760067E+003     0.60641122E+003
     0.14096450E+002     0.38358391E+003     0.67561230E+002     0.70789916E+003
     0.14099984E+002     0.38368007E+003    -0.26531802E+003     0.66394374E+003
     0.14103518E+002     0.38377624E+003    -0.54807164E+003     0.48284364E+003
     0.14107052E+002     0.38387240E+003    -0.72721023E+003     0.19884652E+003
     0.14110585E+002     0.38396856E+003    -0.76884194E+003    -0.13432739E+003
     0.14114119E+002     0.38406472E+003    -0.66508732E+003    -0.45364687E+003
     0.14117653E+002     0.38416088E+003    -0.43557336E+003    -0.69869419E+003
     0.14121187E+002     0.38425704E+003    -0.12372342E+003    -0.82309664E+003
     0.14124721E+002     0.38435320E+003     0.21145559E+003    -0.80330199E+003
     0.14128255E+002     0.38444936E+003     0.50653548E+003    -0.64303759E+003
     0.14131788E+002     0.38454552E+003     0.70566701E+003    -0.37260851E+003
     0.14135322E+002     0.38464168E+003     0.77114772E+003    -0.43167196E+002
     0.14138856E+002     0.38473784E+003     0.69055772E+003     0.28296227E+003
     0.14142390E+002     0.38483400E+003     0.47911262E+003     0.54407463E+003
     0.14145924E+002     0.38493016E+003     0.17678827E+003     0.69075838E+003
     0.14149458E+002     0.38502632E+003    -0.15923968E+003     0.69524618E+003
     0.14152991E+002     0.38512248E+003    -0.46541148E+003     0.55667137E+003
     0.14156525E+002     0.38521864E+003    -0.68380831E+003     0.30123535E+003
     0.14160059E+002     0.38531480E+003    -0.77311154E+003    -0.22746433E+002
     0.14163593E+002     0.38541096E+003    -0.71642243E+003    -0.35398320E+003
     0.14167127E+002     0.38550712E+003    -0.52446269E+003    -0.62980362E+003
     0.14170661E+002     0.38560328E+003    -0.23354939E+003    -0.79801352E+003
     0.14174194E+002     0.38569944E+003     0.10127313E+003    -0.82677261E+003
     0.14177728E+002     0.38579560E+003     0.41664568E+003    -0.71062150E+003
     0.14181262E+002     0.38589176E+003     0.65288095E+003    -0.47151802E+003
     0.14184796E+002     0.38598792E+003     0.76525730E+003    -0.15468622E+003
     0.14188330E+002     0.38608409E+003     0.73248232E+003     0.17993727E+003
     0.14191864E+002     0.38618025E+003     0.56072459E+003     0.46904180E+003
     0.14195397E+002     0.38627641E+003     0.28245004E+003     0.65792118E+003
     0.14198931E+002     0.38637257E+003    -0.49717372E+002     0.71082543E+003
     0.14202465E+002     0.38646873E+003    -0.37294990E+003     0.61772765E+003
     0.14205999E+002     0.38656489E+003    -0.62610223E+003     0.39622440E+003
     0.14209533E+002     0.38666105E+003    -0.76128084E+003     0.88209989E+002
     0.14213067E+002     0.38675721E+003    -0.75290767E+003    -0.24804715E+003
     0.14216600E+002     0.38685337E+003    -0.60256257E+003    -0.54892714E+003
     0.14220134E+002     0.38694953E+003    -0.33868807E+003    -0.75749549E+003
     0.14223668E+002     0.38704569E+003    -0.11211238E+002    -0.83427647E+003
     0.14227202E+002     0.38714185E+003     0.31790012E+003    -0.76472459E+003
     0.14230736E+002     0.38723801E+003     0.58636076E+003    -0.56198007E+003
     0.14234269E+002     0.38733417E+003     0.74335292E+003    -0.26438631E+003
     0.14237803E+002     0.38743033E+003     0.75914320E+003     0.71761777E+002
     0.14241337E+002     0.38752649E+003     0.63071116E+003     0.38286693E+003
     0.14244871E+002     0.38762265E+003     0.38232446E+003     0.61006189E+003
     0.14248405E+002     0.38771881E+003     0.60950714E+002     0.71034835E+003
     0.14251939E+002     0.38781497E+003    -0.27262618E+003     0.66473480E+003
     0.14255472E+002     0.38791113E+003    -0.55530523E+003     0.48183329E+003
     0.14259006E+002     0.38800729E+003    -0.73360746E+003     0.19623352E+003
     0.14262540E+002     0.38810345E+003    -0.77379614E+003    -0.13803833E+003
     0.14266074E+002     0.38819961E+003    -0.66826279E+003    -0.45773943E+003
     0.14269608E+002     0.38829578E+003    -0.43697041E+003    -0.70237537E+003
     0.14273142E+002     0.38839194E+003    -0.12367998E+003    -0.82564691E+003
     0.14276675E+002     0.38848810E+003     0.21232652E+003    -0.80421222E+003
     0.14280209E+002     0.38858426E+003     0.50746080E+003    -0.64210673E+003
     0.14283743E+002     0.38868042E+003     0.70585956E+003    -0.36998329E+003
     0.14287277E+002     0.38877658E+003     0.76995560E+003    -0.39315824E+002
     0.14290811E+002     0.38887274E+003     0.68758862E+003     0.28733731E+003
     0.14294345E+002     0.38896890E+003     0.47430960E+003     0.54816882E+003
     0.14297878E+002     0.38906506E+003     0.17044217E+003     0.69381734E+003
     0.14301412E+002     0.38916122E+003    -0.16654382E+003     0.69670913E+003
     0.14304946E+002     0.38925738E+003    -0.47290398E+003     0.55627842E+003
     0.14308480E+002     0.38935354E+003    -0.69068005E+003     0.29907829E+003
     0.14312014E+002     0.38944970E+003    -0.77866722E+003    -0.26239898E+002
     0.14315548E+002     0.38954586E+003    -0.72021315E+003    -0.35812887E+003
     0.14319081E+002     0.38964202E+003    -0.52637231E+003    -0.63378952E+003
     0.14322615E+002     0.38973818E+003    -0.23381811E+003    -0.80105330E+003
     0.14326149E+002     0.38983434E+003     0.10209257E+003    -0.82825484E+003
     0.14329683E+002     0.38993050E+003     0.41779137E+003    -0.71022657E+003
     0.14333217E+002     0.39002666E+003     0.65352538E+003    -0.46928013E+003
     0.14336751E+002     0.39012282E+003     0.76466397E+003    -0.15098865E+003
     0.14340284E+002     0.39021898E+003     0.73014592E+003     0.18443323E+003
     0.14343818E+002     0.39031514E+003     0.55646774E+003     0.47352099E+003
     0.14347352E+002     0.39041130E+003     0.27645796E+003     0.66156795E+003
     0.14350886E+002     0.39050746E+003    -0.56928277E+002     0.71297351E+003
     0.14354420E+002     0.39060363E+003    -0.38062159E+003     0.61800402E+003
     0.14357954E+002     0.39069979E+003    -0.63339921E+003     0.39460506E+003
     0.14361487E+002     0.39079595E+003    -0.76742868E+003     0.85028696E+002
     0.14365021E+002     0.39089211E+003    -0.75734562E+003    -0.25215676E+003
     0.14368555E+002     0.39098827E+003    -0.60505160E+003    -0.55315112E+003
     0.14372089E+002     0.39108443E+003    -0.33935778E+003    -0.76099331E+003
     0.14375623E+002     0.39118059E+003    -0.10537071E+002    -0.83634041E+003
     0.14379157E+002     0.39127675E+003     0.31918542E+003    -0.76491468E+003
     0.14382690E+002     0.39137291E+003     0.58740447E+003    -0.56020866E+003
     0.14386224E+002     0.39146907E+003     0.74334421E+003    -0.26093805E+003
     0.14389758E+002     0.39156523E+003     0.75746846E+003     0.76284698E+002
     0.14393292E+002     0.39166139E+003     0.62706710E+003     0.38765780E+003
     0.14396826E+002     0.39175755E+003     0.37678080E+003     0.61425682E+003
     0.14400360E+002     0.39185371E+003     0.53938539E+002     0.71319428E+003
     0.14403893E+002     0.39194987E+003    -0.28039531E+003     0.66573170E+003
     0.14407427E+002     0.39204603E+003    -0.56297265E+003     0.48083012E+003
     0.14410961E+002     0.39214219E+003    -0.74032960E+003     0.19345868E+003
     0.14414495E+002     0.39223835E+003    -0.77890452E+003    -0.14201854E+003
     0.14418029E+002     0.39233451E+003    -0.67139170E+003    -0.46212647E+003
     0.14421563E+002     0.39243067E+003    -0.43812783E+003    -0.70628880E+003
     0.14425096E+002     0.39252683E+003    -0.12324787E+003    -0.82829097E+003
     0.14428630E+002     0.39262299E+003     0.21366274E+003    -0.80502727E+003
     0.14432164E+002     0.39271915E+003     0.50884085E+003    -0.64087649E+003
     0.14435698E+002     0.39281531E+003     0.70641049E+003    -0.36687764E+003
     0.14439232E+002     0.39291148E+003     0.76895739E+003    -0.34860549E+002
     0.14442765E+002     0.39300764E+003     0.68461151E+003     0.29235853E+003
     0.14446299E+002     0.39310380E+003     0.46929709E+003     0.55286167E+003
     0.14449833E+002     0.39319996E+003     0.16372364E+003     0.69734607E+003
     0.14453367E+002     0.39329612E+003    -0.17431362E+003     0.69845533E+003
     0.14456901E+002     0.39339228E+003    -0.48086757E+003     0.55595948E+003
     0.14460435E+002     0.39348844E+003    -0.69793879E+003     0.29680263E+003
     0.14463968E+002     0.39358460E+003    -0.78445155E+003    -0.29991300E+002
     0.14467502E+002     0.39368076E+003    -0.72402932E+003    -0.36259188E+003
     0.14471036E+002     0.39377692E+003    -0.52809738E+003    -0.63806037E+003
     0.14474570E+002     0.39387308E+003    -0.23372524E+003    -0.80425934E+003
     0.14478104E+002     0.39396924E+003     0.10338406E+003    -0.82972025E+003
     0.14481638E+002     0.39406540E+003     0.41943157E+003    -0.70960150E+003
     0.14485171E+002     0.39416156E+003     0.65459393E+003    -0.46660890E+003
     0.14488705E+002     0.39425772E+003     0.76434436E+003    -0.14670324E+003
     0.14492239E+002     0.39435388E+003     0.72788094E+003     0.18959306E+003
     0.14495773E+002     0.39445004E+003     0.55206677E+003     0.47864651E+003
     0.14499307E+002     0.39454620E+003     0.27013555E+003     0.66575342E+003
     0.14502841E+002     0.39464236E+003    -0.64592942E+002     0.71549301E+003
     0.14506374E+002     0.39473852E+003    -0.38879953E+003     0.61843328E+003
     0.14509908E+002     0.39483468E+003    -0.64114606E+003     0.39291996E+003
     0.14513442E+002     0.39493084E+003    -0.77388292E+003     0.81609458E+002
     0.14516976E+002     0.39502700E+003    -0.76188703E+003    -0.25659940E+003
     0.14520510E+002     0.39512316E+003    -0.60741954E+003    -0.55770819E+003
     0.14524044E+002     0.39521933E+003    -0.33970251E+003    -0.76472878E+003
     0.14527577E+002     0.39531549E+003    -0.93933935E+001    -0.83846864E+003
     0.14531111E+002     0.39541165E+003     0.32099761E+003    -0.76495022E+003
     0.14534645E+002     0.39550781E+003     0.58893470E+003    -0.55806009E+003
     0.14538179E+002     0.39560397E+003     0.74369040E+003    -0.25692573E+003
     0.14541713E+002     0.39570013E+003     0.75594697E+003     0.81484646E+002
     0.14545247E+002     0.39579629E+003     0.62334790E+003     0.39313963E+003
     0.14548780E+002     0.39589245E+003     0.37094825E+003     0.61906046E+003
     0.14552314E+002     0.39598861E+003     0.46477811E+002     0.71648281E+003
     0.14555848E+002     0.39608477E+003    -0.28868731E+003     0.66695199E+003
     0.14559382E+002     0.39618093E+003    -0.57113707E+003     0.47981936E+003
     0.14562916E+002     0.39627709E+003    -0.74742669E+003     0.19047727E+003
     0.14566450E+002     0.39637325E+003    -0.78419214E+003    -0.14633410E+003
     0.14569983E+002     0.39646941E+003    -0.67446718E+003    -0.46688256E+003
     0.14573517E+002     0.39656557E+003    -0.43900602E+003    -0.71050282E+003
     0.14577051E+002     0.39666173E+003    -0.12236060E+003    -0.83107729E+003
     0.14580585E+002     0.39675789E+003     0.21554648E+003    -0.80576585E+003
     0.14584119E+002     0.39685405E+003     0.51075905E+003    -0.63933204E+003
     0.14587653E+002     0.39695021E+003     0.70739024E+003    -0.36324576E+003
     0.14591186E+002     0.39704637E+003     0.76819794E+003    -0.29732874E+002
     0.14594720E+002     0.39714253E+003     0.68163813E+003     0.29810319E+003
     0.14598254E+002     0.39723869E+003     0.46405377E+003     0.55822444E+003
     0.14601788E+002     0.39733485E+003     0.15658394E+003     0.70139622E+003
     0.14605322E+002     0.39743101E+003    -0.18261423E+003     0.70050690E+003
     0.14608856E+002     0.39752718E+003    -0.48936943E+003     0.55570295E+003
     0.14612389E+002     0.39762334E+003    -0.70563907E+003     0.29436559E+003
     0.14615923E+002     0.39771950E+003    -0.79049437E+003    -0.34066221E+002
     0.14619457E+002     0.39781566E+003    -0.72786859E+003    -0.36744778E+003
     0.14622991E+002     0.39791182E+003    -0.52960229E+003    -0.64268694E+003
     0.14626525E+002     0.39800798E+003    -0.23320709E+003    -0.80768382E+003
     0.14630059E+002     0.39810414E+003     0.10522862E+003    -0.83119218E+003
     0.14633592E+002     0.39820030E+003     0.42165074E+003    -0.70873624E+003
     0.14637126E+002     0.39829646E+003     0.65616003E+003    -0.46346240E+003
     0.14640660E+002     0.39839262E+003     0.76434836E+003    -0.14176373E+003
     0.14644194E+002     0.39848878E+003     0.72570551E+003     0.19549550E+003
     0.14647728E+002     0.39858494E+003     0.54750476E+003     0.48449566E+003
     0.14651261E+002     0.39868110E+003     0.26343149E+003     0.67053863E+003
     0.14654795E+002     0.39877726E+003    -0.72787010E+002     0.71840095E+003
     0.14658329E+002     0.39887342E+003    -0.39754560E+003     0.61900310E+003
     0.14661863E+002     0.39896958E+003    -0.64939657E+003     0.39113247E+003
     0.14665397E+002     0.39906574E+003    -0.78067867E+003     0.77892906E+002
     0.14668931E+002     0.39916190E+003    -0.76653951E+003    -0.26144808E+003
     0.14672464E+002     0.39925806E+003    -0.60964277E+003    -0.56267270E+003
     0.14675998E+002     0.39935422E+003    -0.33966909E+003    -0.76876489E+003
     0.14679532E+002     0.39945038E+003    -0.77040864E+001    -0.84070172E+003
     0.14683066E+002     0.39954654E+003     0.32342552E+003    -0.76484164E+003
     0.14686600E+002     0.39964270E+003     0.59103949E+003    -0.55551078E+003
     0.14690134E+002     0.39973886E+003     0.74446612E+003    -0.25229675E+003
     0.14693667E+002     0.39983503E+003     0.75463358E+003     0.87438456E+002
     0.14697201E+002     0.39993119E+003     0.61957553E+003     0.39941053E+003
     0.14700735E+002     0.40002735E+003     0.36480790E+003     0.62457702E+003
     0.14704269E+002     0.40012351E+003     0.38504528E+002     0.72031124E+003
     0.14707803E+002     0.40021967E+003    -0.29761581E+003     0.66846969E+003
     0.14711337E+002     0.40031583E+003    -0.57996780E+003     0.47882776E+003
     0.14714870E+002     0.40041199E+003    -0.75513163E+003     0.18721846E+003
     0.14718404E+002     0.40050815E+003    -0.78992881E+003    -0.15130087E+003
     0.14721938E+002     0.40060431E+003    -0.67715315E+003    -0.47276321E+003
     0.14725472E+002     0.40070047E+003    -0.43906246E+003    -0.71484248E+003
     0.14729006E+002     0.40079663E+003    -0.12083696E+003    -0.83373397E+003
     0.14732540E+002     0.40089279E+003     0.21800533E+003    -0.80620155E+003
     0.14736073E+002     0.40098895E+003     0.51316299E+003    -0.63730364E+003
     0.14739607E+002     0.40108511E+003     0.70870074E+003    -0.35897705E+003
     0.14743141E+002     0.40118127E+003     0.76755993E+003    -0.23882508E+002
     0.14746675E+002     0.40127743E+003     0.67855407E+003     0.30456630E+003
     0.14750209E+002     0.40137359E+003     0.45848504E+003     0.56420293E+003
     0.14753743E+002     0.40146975E+003     0.14896749E+003     0.70587413E+003
     0.14757276E+002     0.40156591E+003    -0.19143816E+003     0.70274858E+003
     0.14760810E+002     0.40166207E+003    -0.49831389E+003     0.55545550E+003
     0.14764344E+002     0.40175823E+003    -0.71375677E+003     0.29175388E+003
     0.14767878E+002     0.40185439E+003    -0.79675524E+003    -0.38496764E+002
     0.14771412E+002     0.40195055E+003    -0.73167063E+003    -0.37271318E+003
     0.14774946E+002     0.40204672E+003    -0.53082097E+003    -0.64765948E+003
     0.14778479E+002     0.40214288E+003    -0.23220649E+003    -0.81129074E+003
     0.14782013E+002     0.40223904E+003     0.10766297E+003    -0.83261545E+003
     0.14785547E+002     0.40233520E+003     0.42445841E+003    -0.70756771E+003
     0.14789081E+002     0.40243136E+003     0.65820514E+003    -0.45978279E+003
     0.14792615E+002     0.40252752E+003     0.76463444E+003    -0.13612965E+003
     0.14796149E+002     0.40262368E+003     0.72356508E+003     0.20215486E+003
     0.14799682E+002     0.40271984E+003     0.54272750E+003     0.49105292E+003
     0.14803216E+002     0.40281600E+003     0.25630635E+003     0.67588110E+003
     0.14806750E+002     0.40291216E+003    -0.81524160E+002     0.72164175E+003
     0.14810284E+002     0.40300832E+003    -0.40684942E+003     0.61965061E+003
     0.14813818E+002     0.40310448E+003    -0.65810905E+003     0.38918545E+003
     0.14817352E+002     0.40320064E+003    -0.78774841E+003     0.73843251E+002
     0.14820885E+002     0.40329680E+003    -0.77122168E+003    -0.26670638E+003
     0.14824419E+002     0.40339296E+003    -0.61164207E+003    -0.56801116E+003
     0.14827953E+002     0.40348912E+003    -0.33919811E+003    -0.77303364E+003
     0.14831487E+002     0.40358528E+003    -0.54455167E+001    -0.84294786E+003
     0.14835021E+002     0.40368144E+003     0.32644627E+003    -0.76449127E+003
     0.14838555E+002     0.40377760E+003     0.59364738E+003    -0.55247999E+003
     0.14842088E+002     0.40387376E+003     0.74555906E+003    -0.24701035E+003
     0.14845622E+002     0.40396992E+003     0.75339268E+003     0.94124884E+002
     0.14849156E+002     0.40406608E+003     0.61562294E+003     0.40637100E+003
     0.14852690E+002     0.40416224E+003     0.35828205E+003     0.63062815E+003
     0.14856224E+002     0.40425840E+003     0.30038209E+002     0.72443788E+003
     0.14859757E+002     0.40435457E+003    -0.30701093E+003     0.67002251E+003
     0.14863291E+002     0.40445073E+003    -0.58908854E+003     0.47765497E+003
     0.14866825E+002     0.40454689E+003    -0.76280915E+003     0.18372006E+003
     0.14870359E+002     0.40464305E+003    -0.79528486E+003    -0.15616643E+003
     0.14873893E+002     0.40473921E+003    -0.68035428E+003    -0.47768020E+003
     0.14877427E+002     0.40483537E+003    -0.43975400E+003    -0.71996114E+003
     0.14880960E+002     0.40493153E+003    -0.11901055E+003    -0.83713281E+003
     0.14884494E+002     0.40502769E+003     0.22117153E+003    -0.80698870E+003
     0.14888028E+002     0.40512385E+003     0.51639604E+003    -0.63520010E+003
     0.14891562E+002     0.40522001E+003     0.71076250E+003    -0.35424840E+003
     0.14895096E+002     0.40531617E+003     0.76744819E+003    -0.17283168E+002
     0.14898630E+002     0.40541233E+003     0.67568172E+003     0.31193323E+003
     0.14902163E+002     0.40550849E+003     0.45278708E+003     0.57109181E+003
     0.14905697E+002     0.40560465E+003     0.14091072E+003     0.71113038E+003
     0.14909231E+002     0.40570081E+003    -0.20095035E+003     0.70552251E+003
     0.14912765E+002     0.40579697E+003    -0.50811136E+003     0.55530294E+003
     0.14916299E+002     0.40589313E+003    -0.72244157E+003     0.28887764E+003
     0.14919833E+002     0.40598929E+003    -0.80336823E+003    -0.43346795E+002
     0.14923366E+002     0.40608545E+003    -0.73555959E+003    -0.37849903E+003
     0.14926900E+002     0.40618161E+003    -0.53183219E+003    -0.65314012E+003
     0.14930434E+002     0.40627777E+003    -0.23073108E+003    -0.81527052E+003
     0.14933968E+002     0.40637393E+003     0.11075993E+003    -0.83417478E+003
     0.14937502E+002     0.40647009E+003     0.42800010E+003    -0.70623988E+003
     0.14941036E+002     0.40656625E+003     0.66092461E+003    -0.45564470E+003
     0.14944569E+002     0.40666242E+003     0.76541440E+003    -0.12978985E+003
     0.14948103E+002     0.40675858E+003     0.72165003E+003     0.20966909E+003
     0.14951637E+002     0.40685474E+003     0.53786825E+003     0.49848817E+003
     0.14955171E+002     0.40695090E+003     0.24880890E+003     0.68199421E+003
     0.14958705E+002     0.40704706E+003    -0.90856272E+002     0.72543495E+003
     0.14962239E+002     0.40714322E+003    -0.41687302E+003     0.62055296E+003
     0.14965772E+002     0.40723938E+003    -0.66749350E+003     0.38712680E+003
     0.14969306E+002     0.40733554E+003    -0.79529718E+003     0.69440749E+002
     0.14972840E+002     0.40743170E+003    -0.77612680E+003    -0.27248016E+003
     0.14976374E+002     0.40752786E+003    -0.61355863E+003    -0.57391218E+003
     0.14979908E+002     0.40762402E+003    -0.33834334E+003    -0.77778063E+003
     0.14983442E+002     0.40772018E+003    -0.25624496E+001    -0.84546894E+003
     0.14986975E+002     0.40781634E+003     0.33022684E+003    -0.76412905E+003
     0.14990509E+002     0.40791250E+003     0.59701925E+003    -0.54911832E+003
     0.14994043E+002     0.40800866E+003     0.74728685E+003    -0.24109898E+003
     0.14997577E+002     0.40810482E+003     0.75254610E+003     0.10165259E+003
     0.15001111E+002     0.40820098E+003     0.61175386E+003     0.41427248E+003
     0.15004645E+002     0.40829714E+003     0.35151169E+003     0.63758478E+003
     0.15008178E+002     0.40839330E+003     0.21036784E+002     0.72930422E+003
     0.15011712E+002     0.40848946E+003    -0.31714842E+003     0.67204342E+003
     0.15015246E+002     0.40858562E+003    -0.59904734E+003     0.47660992E+003
     0.15018780E+002     0.40868178E+003    -0.77130222E+003     0.17996731E+003
     0.15022314E+002     0.40877794E+003    -0.80129589E+003    -0.16175539E+003
     0.15025848E+002     0.40887410E+003    -0.68333064E+003    -0.48388282E+003
     0.15029381E+002     0.40897027E+003    -0.43971284E+003    -0.72543307E+003
     0.15032915E+002     0.40906643E+003    -0.11653782E+003    -0.84066093E+003
     0.15036449E+002     0.40916259E+003     0.22502923E+003    -0.80772036E+003
     0.15039983E+002     0.40925875E+003     0.52032709E+003    -0.63280516E+003
     0.15043517E+002     0.40935491E+003     0.71343638E+003    -0.34898315E+003
     0.15047051E+002     0.40945107E+003     0.76776573E+003    -0.99441602E+001
     0.15050584E+002     0.40954723E+003     0.67298253E+003     0.32015746E+003
     0.15054118E+002     0.40964339E+003     0.44697497E+003     0.57884282E+003
     0.15057652E+002     0.40973955E+003     0.13247321E+003     0.71713445E+003
     0.15061186E+002     0.40983571E+003    -0.21103225E+003     0.70882986E+003
     0.15064720E+002     0.40993187E+003    -0.51854601E+003     0.55546615E+003
     0.15068253E+002     0.41002803E+003    -0.73186809E+003     0.28603598E+003
     0.15071787E+002     0.41012419E+003    -0.81061056E+003    -0.48492999E+002
     0.15075321E+002     0.41022035E+003    -0.73984660E+003    -0.38481858E+003
     0.15078855E+002     0.41031651E+003    -0.53293988E+003    -0.65928517E+003
     0.15082389E+002     0.41041267E+003    -0.22902084E+003    -0.81992364E+003
     0.15085923E+002     0.41050883E+003     0.11440821E+003    -0.83629419E+003
     0.15089456E+002     0.41060499E+003     0.43236260E+003    -0.70525185E+003
     0.15092990E+002     0.41070115E+003     0.66467489E+003    -0.45149921E+003
     0.15096524E+002     0.41079731E+003     0.76718812E+003    -0.12303154E+003
     0.15100058E+002     0.41089347E+003     0.72062632E+003     0.21793874E+003
     0.15103592E+002     0.41098963E+003     0.53368755E+003     0.50701544E+003
     0.15107126E+002     0.41108579E+003     0.24164724E+003     0.68948956E+003
     0.15110659E+002     0.41118195E+003    -0.10032891E+003     0.73081412E+003
     0.15114193E+002     0.41127812E+003    -0.42764146E+003     0.62312331E+003
     0.15117727E+002     0.41137428E+003    -0.67849477E+003     0.38669794E+003
     0.15121261E+002     0.41147044E+003    -0.80560781E+003     0.66055708E+002
     0.15124795E+002     0.41156660E+003    -0.78516202E+003    -0.27869013E+003
     0.15128329E+002     0.41166276E+003    -0.62094001E+003    -0.58412093E+003
     0.15131862E+002     0.41175892E+003    -0.33605026E+003    -0.79691782E+003
     0.15135396E+002     0.41185508E+003     0.12774423E+002    -0.84639812E+003
     0.15138930E+002     0.41195124E+003     0.33839031E+003    -0.75818377E+003
     0.15142464E+002     0.41204740E+003     0.60121603E+003    -0.54089526E+003
     0.15145998E+002     0.41214356E+003     0.74804032E+003    -0.23148451E+003
     0.15149532E+002     0.41223972E+003     0.74976624E+003     0.11166506E+003
     0.15153065E+002     0.41233588E+003     0.60554924E+003     0.42347036E+003
     0.15156599E+002     0.41243204E+003     0.34243723E+003     0.64475613E+003
     0.15160133E+002     0.41252820E+003     0.10109346E+002     0.73348951E+003
     0.15163667E+002     0.41262436E+003    -0.32857960E+003     0.67274704E+003
     0.15167201E+002     0.41272052E+003    -0.60952141E+003     0.47392232E+003
     0.15170735E+002     0.41281668E+003    -0.77950537E+003     0.17457571E+003
     0.15174268E+002     0.41291284E+003    -0.80630474E+003    -0.16867232E+003
     0.15177802E+002     0.41300900E+003    -0.68479087E+003    -0.49085805E+003
     0.15181336E+002     0.41310516E+003    -0.43791512E+003    -0.73097603E+003
     0.15184870E+002     0.41320132E+003    -0.11237428E+003    -0.84353198E+003
     0.15188404E+002     0.41329748E+003     0.23022236E+003    -0.80716433E+003
     0.15191938E+002     0.41339364E+003     0.52501301E+003    -0.62869734E+003
     0.15195471E+002     0.41348981E+003     0.71616191E+003    -0.34185971E+003
     0.15199005E+002     0.41358597E+003     0.76743462E+003    -0.90861074E+000
     0.15202539E+002     0.41368213E+003     0.66906448E+003     0.32963588E+003
     0.15206073E+002     0.41377829E+003     0.43961107E+003     0.58720163E+003
     0.15209607E+002     0.41387445E+003     0.12245581E+003     0.72301205E+003
     0.15213141E+002     0.41397061E+003    -0.22240310E+003     0.71132470E+003
     0.15216674E+002     0.41406677E+003    -0.52970392E+003     0.55431153E+003
     0.15220208E+002     0.41416293E+003    -0.74127425E+003     0.28165704E+003
     0.15223742E+002     0.41425909E+003    -0.81704672E+003    -0.55052508E+002
     0.15227276E+002     0.41435525E+003    -0.74264990E+003    -0.39208914E+003
     0.15230810E+002     0.41445141E+003    -0.53213639E+003    -0.66564350E+003
     0.15234344E+002     0.41454757E+003    -0.22533155E+003    -0.82390479E+003
     0.15237877E+002     0.41464373E+003     0.11969822E+003    -0.83687317E+003
     0.15241411E+002     0.41473989E+003     0.43763321E+003    -0.70204534E+003
     0.15244945E+002     0.41483605E+003     0.66826329E+003    -0.44489659E+003
     0.15248479E+002     0.41493221E+003     0.76788873E+003    -0.11406680E+003
     0.15252013E+002     0.41502837E+003     0.71759749E+003     0.22784161E+003
     0.15255547E+002     0.41512453E+003     0.52685282E+003     0.51611029E+003
     0.15259080E+002     0.41522069E+003     0.23171034E+003     0.69615650E+003
     0.15262614E+002     0.41531685E+003    -0.11200010E+003     0.73386955E+003
     0.15266148E+002     0.41541301E+003    -0.43923805E+003     0.62207376E+003
     0.15269682E+002     0.41550917E+003    -0.68806239E+003     0.38189505E+003
     0.15273216E+002     0.41560533E+003    -0.81135824E+003     0.58769539E+002
     0.15276749E+002     0.41570149E+003    -0.78576074E+003    -0.28615060E+003
     0.15280283E+002     0.41579766E+003    -0.61608481E+003    -0.58756949E+003
     0.15283817E+002     0.41589382E+003    -0.33442188E+003    -0.78840724E+003
     0.15287351E+002     0.41598998E+003     0.59277370E+001    -0.85060787E+003
     0.15290885E+002     0.41608614E+003     0.34053872E+003    -0.76234848E+003
     0.15294419E+002     0.41618230E+003     0.60605335E+003    -0.54028475E+003
     0.15297952E+002     0.41627846E+003     0.75217551E+003    -0.22640558E+003
     0.15301486E+002     0.41637462E+003     0.75119463E+003     0.11990887E+003
     0.15305020E+002     0.41647078E+003     0.60323627E+003     0.43312299E+003
     0.15308554E+002     0.41656694E+003     0.33624429E+003     0.65394920E+003
     0.15312088E+002     0.41666310E+003     0.69666015E+000     0.74057147E+003
     0.15315622E+002     0.41675926E+003    -0.33994805E+003     0.67656190E+003
     0.15319155E+002     0.41685542E+003    -0.62126340E+003     0.47398929E+003
     0.15322689E+002     0.41695158E+003    -0.79005668E+003     0.17112472E+003
     0.15326223E+002     0.41704774E+003    -0.81444794E+003    -0.17484309E+003
     0.15329757E+002     0.41714390E+003    -0.68988649E+003    -0.49879637E+003
     0.15333291E+002     0.41724006E+003    -0.43937965E+003    -0.74074329E+003
     0.15336825E+002     0.41733622E+003    -0.10380697E+003    -0.85154013E+003
     0.15340358E+002     0.41743238E+003     0.23844615E+003    -0.80616888E+003
     0.15343892E+002     0.41752854E+003     0.53126286E+003    -0.62376495E+003
     0.15347426E+002     0.41762470E+003     0.71993747E+003    -0.33384803E+003
     0.15350960E+002     0.41772086E+003     0.76784389E+003     0.91400384E+001
     0.15354494E+002     0.41781702E+003     0.66556496E+003     0.34025961E+003
     0.15358028E+002     0.41791318E+003     0.43228914E+003     0.59676426E+003
     0.15361561E+002     0.41800934E+003     0.11208031E+003     0.73002075E+003
     0.15365095E+002     0.41810551E+003    -0.23449352E+003     0.71472654E+003
     0.15368629E+002     0.41820167E+003    -0.54183681E+003     0.55370711E+003
     0.15372163E+002     0.41829783E+003    -0.75175253E+003     0.27738955E+003
     0.15375697E+002     0.41839399E+003    -0.82446855E+003    -0.61950630E+002
     0.15379231E+002     0.41849015E+003    -0.74617697E+003    -0.40008279E+003
     0.15382764E+002     0.41858631E+003    -0.53165815E+003    -0.67298003E+003
     0.15386298E+002     0.41868247E+003    -0.22149220E+003    -0.82894362E+003
     0.15389832E+002     0.41877863E+003     0.12561562E+003    -0.83839690E+003
     0.15393366E+002     0.41887479E+003     0.44394475E+003    -0.69949357E+003
     0.15396900E+002     0.41897095E+003     0.67320081E+003    -0.43847676E+003
     0.15400434E+002     0.41906711E+003     0.76993410E+003    -0.10471991E+003
     0.15403967E+002     0.41916327E+003     0.71577260E+003     0.23861412E+003
     0.15407501E+002     0.41925943E+003     0.52090902E+003     0.52652823E+003
     0.15411035E+002     0.41935559E+003     0.22218020E+003     0.70449733E+003
     0.15414569E+002     0.41945175E+003    -0.12389880E+003     0.73879583E+003
     0.15418103E+002     0.41954791E+003    -0.45182924E+003     0.62289005E+003
     0.15421637E+002     0.41964407E+003    -0.69952718E+003     0.37868451E+003
     0.15425170E+002     0.41974023E+003    -0.82008041E+003     0.52383748E+002
     0.15428704E+002     0.41983639E+003    -0.79063571E+003    -0.29424849E+003
     0.15432238E+002     0.41993255E+003    -0.61673400E+003    -0.59557910E+003
     0.15435772E+002     0.42002871E+003    -0.33127022E+003    -0.79453113E+003
     0.15439306E+002     0.42012487E+003     0.11725785E+002    -0.85339444E+003
     0.15442840E+002     0.42022103E+003     0.34731311E+003    -0.76097236E+003
     0.15446373E+002     0.42031719E+003     0.61193217E+003    -0.53470974E+003
     0.15449907E+002     0.42041336E+003     0.75543699E+003    -0.21740110E+003
     0.15453441E+002     0.42050952E+003     0.75059784E+003     0.13088126E+003
     0.15456975E+002     0.42060568E+003     0.59833943E+003     0.44424133E+003
     0.15460509E+002     0.42070184E+003     0.32734075E+003     0.66335360E+003
     0.15464043E+002     0.42079800E+003    -0.11103787E+002     0.74666916E+003
     0.15467576E+002     0.42089416E+003    -0.35293676E+003     0.67838505E+003
     0.15471110E+002     0.42099032E+003    -0.63344708E+003     0.47139008E+003
     0.15474644E+002     0.42108648E+003    -0.79951085E+003     0.16484325E+003
     0.15478178E+002     0.42118264E+003    -0.81965987E+003    -0.18323348E+003
     0.15481712E+002     0.42127880E+003    -0.69004508E+003    -0.50693556E+003
     0.15485246E+002     0.42137496E+003    -0.43517512E+003    -0.74495203E+003
     0.15488779E+002     0.42147112E+003    -0.10328495E+003    -0.85217689E+003
     0.15492313E+002     0.42156728E+003     0.24278922E+003    -0.80825494E+003
     0.15495847E+002     0.42166344E+003     0.53750132E+003    -0.62144379E+003
     0.15499381E+002     0.42175960E+003     0.72499622E+003    -0.32706190E+003
     0.15502915E+002     0.42185576E+003     0.76965586E+003     0.19126995E+002
     0.15506448E+002     0.42195192E+003     0.66328445E+003     0.35148917E+003
     0.15509982E+002     0.42204808E+003     0.42567667E+003     0.60749901E+003
     0.15513516E+002     0.42214424E+003     0.10175646E+003     0.73834311E+003
     0.15517050E+002     0.42224040E+003    -0.24710597E+003     0.71924358E+003
     0.15520584E+002     0.42233656E+003    -0.55486449E+003     0.55379213E+003
     0.15524118E+002     0.42243272E+003    -0.76324134E+003     0.27328527E+003
     0.15527651E+002     0.42252888E+003    -0.83275979E+003    -0.69186695E+002
     0.15531185E+002     0.42262504E+003    -0.75022466E+003    -0.40878369E+003
     0.15534719E+002     0.42272121E+003    -0.53122977E+003    -0.68118958E+003
     0.15538253E+002     0.42281737E+003    -0.21721435E+003    -0.83479107E+003
     0.15541787E+002     0.42291353E+003     0.13237539E+003    -0.84045552E+003
     0.15545321E+002     0.42300969E+003     0.45133727E+003    -0.69705480E+003
     0.15548854E+002     0.42310585E+003     0.67924712E+003    -0.43168829E+003
     0.15552388E+002     0.42320201E+003     0.77290300E+003    -0.94560713E+002
     0.15555922E+002     0.42329817E+003     0.71451197E+003     0.25051733E+003
     0.15559456E+002     0.42339433E+003     0.51506796E+003     0.53820838E+003
     0.15562990E+002     0.42349049E+003     0.21227967E+003     0.71402010E+003
     0.15566524E+002     0.42358665E+003    -0.13656096E+003     0.74462860E+003
     0.15570057E+002     0.42368281E+003    -0.46542179E+003     0.62419597E+003
     0.15573591E+002     0.42377897E+003    -0.71203187E+003     0.37548510E+003
     0.15577125E+002     0.42387513E+003    -0.82967490E+003     0.45559105E+002
     0.15580659E+002     0.42397129E+003    -0.79604172E+003    -0.30312293E+003
     0.15584193E+002     0.42406745E+003    -0.61746305E+003    -0.60452870E+003
     0.15587727E+002     0.42416361E+003    -0.32772077E+003    -0.80155599E+003
     0.15591260E+002     0.42425977E+003     0.18339996E+002    -0.85684955E+003
     0.15594794E+002     0.42435593E+003     0.35518968E+003    -0.75988231E+003
     0.15598328E+002     0.42445209E+003     0.61902064E+003    -0.52895802E+003
     0.15601862E+002     0.42454825E+003     0.75983095E+003    -0.20775521E+003
     0.15605396E+002     0.42464441E+003     0.75089871E+003     0.14293543E+003
     0.15608930E+002     0.42474057E+003     0.59385106E+003     0.45671793E+003
     0.15612463E+002     0.42483673E+003     0.31836533E+003     0.67416258E+003
     0.15615997E+002     0.42493289E+003    -0.23440712E+002     0.75406346E+003
     0.15619531E+002     0.42502906E+003    -0.36687120E+003     0.68124799E+003
     0.15623065E+002     0.42512522E+003    -0.64689967E+003     0.46946036E+003
     0.15626599E+002     0.42522138E+003    -0.81048405E+003     0.15876824E+003
     0.15630133E+002     0.42531754E+003    -0.82661589E+003    -0.19201559E+003
     0.15633666E+002     0.42541370E+003    -0.69220089E+003    -0.51646461E+003
     0.15637200E+002     0.42550986E+003    -0.43265477E+003    -0.75311612E+003
     0.15640734E+002     0.42560602E+003    -0.97100415E+002    -0.85711291E+003
     0.15644268E+002     0.42570218E+003     0.25092683E+003    -0.80870460E+003
     0.15647802E+002     0.42579834E+003     0.54550657E+003    -0.61699716E+003
     0.15651336E+002     0.42589450E+003     0.73081701E+003    -0.31823902E+003
     0.15654869E+002     0.42599066E+003     0.77171008E+003     0.31034577E+002
     0.15658403E+002     0.42608682E+003     0.66037652E+003     0.36469999E+003
     0.15661937E+002     0.42618298E+003     0.41783415E+003     0.61956625E+003
     0.15665471E+002     0.42627914E+003     0.89958358E+002     0.74734290E+003
     0.15669005E+002     0.42637530E+003    -0.26119743E+003     0.72379154E+003
     0.15672539E+002     0.42647146E+003    -0.56914778E+003     0.55332513E+003
     0.15676072E+002     0.42656762E+003    -0.77556549E+003     0.26818308E+003
     0.15679606E+002     0.42666378E+003    -0.84133154E+003    -0.77664275E+002
     0.15683140E+002     0.42675994E+003    -0.75395096E+003    -0.41872944E+003
     0.15686674E+002     0.42685610E+003    -0.52992951E+003    -0.69040577E+003
     0.15690208E+002     0.42695226E+003    -0.21165868E+003    -0.84120464E+003
     0.15693742E+002     0.42704842E+003     0.14060348E+003    -0.84251164E+003
     0.15697275E+002     0.42714458E+003     0.46013754E+003    -0.69401472E+003
     0.15700809E+002     0.42724075E+003     0.68639514E+003    -0.42377398E+003
     0.15704343E+002     0.42733691E+003     0.77646103E+003    -0.82922506E+002
     0.15707877E+002     0.42743307E+003     0.71322032E+003     0.26393968E+003
     0.15711411E+002     0.42752923E+003     0.50869392E+003     0.55126672E+003
     0.15714944E+002     0.42762539E+003     0.20138342E+003     0.72457537E+003
     0.15718478E+002     0.42772155E+003    -0.15049324E+003     0.75096981E+003
     0.15722012E+002     0.42781771E+003    -0.48031026E+003     0.62541427E+003
     0.15725546E+002     0.42791387E+003    -0.72560254E+003     0.37164397E+003
     0.15729080E+002     0.42801003E+003    -0.83989096E+003     0.37685417E+002
     0.15732614E+002     0.42810619E+003    -0.80149183E+003    -0.31322892E+003
     0.15736147E+002     0.42820235E+003    -0.61763297E+003    -0.61463137E+003
     0.15739681E+002     0.42829851E+003    -0.32309591E+003    -0.80940644E+003
     0.15743215E+002     0.42839467E+003     0.26360720E+002    -0.86061285E+003
     0.15746749E+002     0.42849083E+003     0.36455482E+003    -0.75848802E+003
     0.15750283E+002     0.42858699E+003     0.62741135E+003    -0.52230789E+003
     0.15753817E+002     0.42868315E+003     0.76509948E+003    -0.19674749E+003
     0.15757350E+002     0.42877931E+003     0.75147712E+003     0.15657007E+003
     0.15760884E+002     0.42887547E+003     0.58905249E+003     0.47073974E+003
     0.15764418E+002     0.42897163E+003     0.30851991E+003     0.68624490E+003
     0.15767952E+002     0.42906779E+003    -0.37042132E+002     0.76223338E+003
     0.15771486E+002     0.42916395E+003    -0.38221573E+003     0.68426324E+003
     0.15775020E+002     0.42926011E+003    -0.66162974E+003     0.46704935E+003
     0.15778553E+002     0.42935627E+003    -0.82234136E+003     0.15168826E+003
     0.15782087E+002     0.42945243E+003    -0.83387066E+003    -0.20211440E+003
     0.15785621E+002     0.42954860E+003    -0.69398358E+003    -0.52734536E+003
     0.15789155E+002     0.42964476E+003    -0.42912752E+003    -0.76237477E+003
     0.15792689E+002     0.42974092E+003    -0.89433863E+002    -0.86263222E+003
     0.15796223E+002     0.42983708E+003     0.26076618E+003    -0.80905500E+003
     0.15799756E+002     0.42993324E+003     0.55511905E+003    -0.61171371E+003
     0.15803290E+002     0.43002940E+003     0.73781735E+003    -0.30791690E+003
     0.15806824E+002     0.43012556E+003     0.77417110E+003     0.44840930E+002
     0.15810358E+002     0.43022172E+003     0.65718590E+003     0.37975290E+003
     0.15813892E+002     0.43031788E+003     0.40889512E+003     0.63333506E+003
     0.15817426E+002     0.43041404E+003     0.76197815E+002     0.75739933E+003
     0.15820959E+002     0.43051020E+003    -0.27793810E+003     0.72797305E+003
     0.15824493E+002     0.43060636E+003    -0.58463169E+003     0.54945024E+003
     0.15828027E+002     0.43070252E+003    -0.78622937E+003     0.26263478E+003
     0.15831561E+002     0.43079868E+003    -0.84956472E+003    -0.86058385E+002
     0.15835095E+002     0.43089484E+003    -0.75754489E+003    -0.42892922E+003
     0.15838629E+002     0.43099100E+003    -0.52827653E+003    -0.70005445E+003
     0.15842162E+002     0.43108716E+003    -0.20542692E+003    -0.84798642E+003
     0.15845696E+002     0.43118332E+003     0.14976521E+003    -0.84466770E+003
     0.15849230E+002     0.43127948E+003     0.46996910E+003    -0.69068704E+003
     0.15852764E+002     0.43137564E+003     0.69448091E+003    -0.41516884E+003
     0.15856298E+002     0.43147180E+003     0.78071167E+003    -0.70266791E+002
     0.15859832E+002     0.43156796E+003     0.71225623E+003     0.27870402E+003
     0.15863365E+002     0.43166412E+003     0.50201096E+003     0.56563584E+003
     0.15866899E+002     0.43176028E+003     0.18973833E+003     0.73615016E+003
     0.15870433E+002     0.43185645E+003    -0.16545476E+003     0.75790240E+003
     0.15873967E+002     0.43195261E+003    -0.49630631E+003     0.62671740E+003
     0.15877501E+002     0.43204877E+003    -0.74013763E+003     0.36739286E+003
     0.15881035E+002     0.43214493E+003    -0.85073193E+003     0.29011805E+002
     0.15884568E+002     0.43224109E+003    -0.80709155E+003    -0.32434738E+003
     0.15888102E+002     0.43233725E+003    -0.61742821E+003    -0.62573597E+003
     0.15891636E+002     0.43243341E+003    -0.31762523E+003    -0.81802635E+003
     0.15895170E+002     0.43252957E+003     0.35556638E+002    -0.86473422E+003
     0.15898704E+002     0.43262573E+003     0.37521907E+003    -0.75693860E+003
     0.15902238E+002     0.43272189E+003     0.63699536E+003    -0.51498506E+003
     0.15905771E+002     0.43281805E+003     0.77124653E+003    -0.18464379E+003
     0.15909305E+002     0.43291421E+003     0.75247051E+003     0.17155024E+003
     0.15912839E+002     0.43301037E+003     0.58414494E+003     0.48613665E+003
     0.15916373E+002     0.43310653E+003     0.29808069E+003     0.69950782E+003
     0.15919907E+002     0.43320269E+003    -0.51591773E+002     0.77120456E+003
     0.15923440E+002     0.43329885E+003    -0.39866730E+003     0.68758990E+003
     0.15926974E+002     0.43339501E+003    -0.67740319E+003     0.46444437E+003
     0.15930508E+002     0.43349117E+003    -0.83497410E+003     0.14398934E+003
     0.15934042E+002     0.43358733E+003    -0.84148494E+003    -0.21309804E+003
     0.15937576E+002     0.43368349E+003    -0.69564764E+003    -0.53917443E+003
     0.15941110E+002     0.43377965E+003    -0.42503453E+003    -0.77244081E+003
     0.15944643E+002     0.43387581E+003    -0.80870016E+002    -0.86865281E+003
     0.15948177E+002     0.43397197E+003     0.27166347E+003    -0.80951135E+003
     0.15951711E+002     0.43406813E+003     0.56576815E+003    -0.60614143E+003
     0.15955245E+002     0.43416430E+003     0.74568526E+003    -0.29699785E+003
     0.15958779E+002     0.43426046E+003     0.77726379E+003     0.59407356E+002
     0.15962313E+002     0.43435662E+003     0.65444077E+003     0.39558117E+003
     0.15965846E+002     0.43445278E+003     0.40040287E+003     0.64783229E+003
     0.15969380E+002     0.43454894E+003     0.63207350E+002     0.76833961E+003
     0.15972914E+002     0.43464510E+003    -0.29331116E+003     0.73421991E+003
     0.15976448E+002     0.43474126E+003    -0.60162730E+003     0.55187478E+003
     0.15979982E+002     0.43483742E+003    -0.80331639E+003     0.25579175E+003
     0.15983516E+002     0.43493358E+003    -0.86012798E+003    -0.97976421E+002
     0.15987049E+002     0.43502974E+003    -0.76124242E+003    -0.44242136E+003
     0.15990583E+002     0.43512590E+003    -0.52533370E+003    -0.71226937E+003
     0.15994117E+002     0.43522206E+003    -0.19704579E+003    -0.85634904E+003
     0.15997651E+002     0.43531822E+003     0.16145359E+003    -0.84729346E+003
     0.16001185E+002     0.43541438E+003     0.48224293E+003    -0.68673625E+003
     0.16004719E+002     0.43551054E+003     0.70451291E+003    -0.40501654E+003
     0.16008252E+002     0.43560670E+003     0.78609129E+003    -0.55444257E+002
     0.16011786E+002     0.43570286E+003     0.71144204E+003     0.29578906E+003
     0.16015320E+002     0.43579902E+003     0.49462188E+003     0.58214509E+003
     0.16018854E+002     0.43589518E+003     0.17663166E+003     0.74934549E+003
     0.16022388E+002     0.43599134E+003    -0.18233908E+003     0.76566216E+003
     0.16025922E+002     0.43608750E+003    -0.51430672E+003     0.62793963E+003
     0.16029455E+002     0.43618366E+003    -0.75637058E+003     0.36220721E+003
     0.16032989E+002     0.43627982E+003    -0.86263355E+003     0.18761647E+002
     0.16036523E+002     0.43637598E+003    -0.81290673E+003    -0.33735095E+003
     0.16040057E+002     0.43647215E+003    -0.61654745E+003    -0.63865212E+003
     0.16043591E+002     0.43656831E+003    -0.31070109E+003    -0.82801542E+003
     0.16047125E+002     0.43666447E+003     0.46723132E+002    -0.86949561E+003
     0.16050658E+002     0.43676063E+003     0.38801421E+003    -0.75515019E+003
     0.16054192E+002     0.43685679E+003     0.64848412E+003    -0.50655836E+003
     0.16057726E+002     0.43695295E+003     0.77872632E+003    -0.17074723E+003
     0.16061260E+002     0.43704911E+003     0.75398517E+003     0.18870595E+003
     0.16064794E+002     0.43714527E+003     0.57885900E+003     0.50371217E+003
     0.16068328E+002     0.43724143E+003     0.28644384E+003     0.71456968E+003
     0.16071861E+002     0.43733759E+003    -0.67923109E+002     0.78128076E+003
     0.16075395E+002     0.43743375E+003    -0.41713742E+003     0.69113957E+003
     0.16078929E+002     0.43752991E+003    -0.69502768E+003     0.46115485E+003
     0.16082463E+002     0.43762607E+003    -0.84892532E+003     0.13486687E+003
     0.16085997E+002     0.43772223E+003    -0.84962792E+003    -0.22596783E+003
     0.16089531E+002     0.43781839E+003    -0.69689877E+003    -0.55298187E+003
     0.16093064E+002     0.43791455E+003    -0.41963460E+003    -0.78415288E+003
     0.16096598E+002     0.43801071E+003    -0.70323909E+002    -0.87563451E+003
     0.16100132E+002     0.43810687E+003     0.28487036E+003    -0.81000889E+003
     0.16103666E+002     0.43820303E+003     0.57863269E+003    -0.59961967E+003
     0.16107200E+002     0.43829919E+003     0.75525277E+003    -0.28424918E+003
     0.16110734E+002     0.43839535E+003     0.78118876E+003     0.76405791E+002
     0.16114267E+002     0.43849151E+003     0.65143511E+003     0.41403568E+003
     0.16117801E+002     0.43858767E+003     0.39048631E+003     0.66465783E+003
     0.16121335E+002     0.43868384E+003     0.47711128E+002     0.78074339E+003
     0.16124869E+002     0.43878000E+003    -0.31198931E+003     0.74023275E+003
     0.16128403E+002     0.43887616E+003    -0.62047183E+003     0.55072947E+003
     0.16131936E+002     0.43897232E+003    -0.81926232E+003     0.24807565E+003
     0.16135470E+002     0.43906848E+003    -0.87064346E+003    -0.11042480E+003
     0.16139004E+002     0.43916464E+003    -0.76480998E+003    -0.45685602E+003
     0.16142538E+002     0.43926080E+003    -0.52174484E+003    -0.72554968E+003
     0.16146072E+002     0.43935696E+003    -0.18744846E+003    -0.86553476E+003
     0.16149606E+002     0.43945312E+003     0.17476517E+003    -0.85020346E+003
     0.16153139E+002     0.43954928E+003     0.49625687E+003    -0.68236698E+003
     0.16156673E+002     0.43964544E+003     0.71606716E+003    -0.39373906E+003
     0.16160207E+002     0.43974160E+003     0.79247254E+003    -0.38941825E+002
     0.16163741E+002     0.43983776E+003     0.71090342E+003     0.31483275E+003
     0.16167275E+002     0.43993392E+003     0.48671966E+003     0.60054942E+003
     0.16170809E+002     0.44003008E+003     0.16231724E+003     0.76403337E+003
     0.16174342E+002     0.44012624E+003    -0.20089146E+003     0.77424460E+003
     0.16177876E+002     0.44022240E+003    -0.53410553E+003     0.62917332E+003
     0.16181410E+002     0.44031856E+003    -0.77417006E+003     0.35623719E+003
     0.16184944E+002     0.44041472E+003    -0.87554831E+003     0.71019939E+001
     0.16188478E+002     0.44051088E+003    -0.81896209E+003    -0.35209607E+003
     0.16192012E+002     0.44060704E+003    -0.61506200E+003    -0.65327637E+003
     0.16195545E+002     0.44070320E+003    -0.30243292E+003    -0.83932684E+003
     0.16199079E+002     0.44079936E+003     0.59783466E+002    -0.87493219E+003
     0.16202613E+002     0.44089552E+003     0.40290489E+003    -0.75317278E+003
     0.16206147E+002     0.44099169E+003     0.66187481E+003    -0.49708272E+003
     0.16209681E+002     0.44108785E+003     0.78756566E+003    -0.15510549E+003
     0.16213215E+002     0.44118401E+003     0.75606924E+003     0.20800741E+003
     0.16216748E+002     0.44128017E+003     0.57325336E+003     0.52345969E+003
     0.16220282E+002     0.44137633E+003     0.27366808E+003     0.73144751E+003
     0.16223816E+002     0.44147249E+003    -0.85985293E+002     0.79249950E+003
     0.16227350E+002     0.44156865E+003    -0.43758771E+003     0.69496981E+003
     0.16230884E+002     0.44166481E+003    -0.71450624E+003     0.45726161E+003
     0.16234418E+002     0.44176097E+003    -0.86422353E+003     0.12435706E+003
     0.16237951E+002     0.44185713E+003    -0.85830007E+003    -0.24069239E+003
     0.16241485E+002     0.44195329E+003    -0.69777857E+003    -0.56870554E+003
     0.16245019E+002     0.44204945E+003    -0.41300387E+003    -0.79747971E+003
     0.16248553E+002     0.44214561E+003    -0.57889676E+002    -0.88358414E+003
     0.16252087E+002     0.44224177E+003     0.30028645E+003    -0.81060514E+003
     0.16255621E+002     0.44233793E+003     0.59362791E+003    -0.59226761E+003
     0.16259154E+002     0.44243409E+003     0.76648207E+003    -0.26986032E+003
     0.16262688E+002     0.44253025E+003     0.78600408E+003     0.95580761E+002
     0.16266222E+002     0.44262641E+003     0.64838978E+003     0.43482506E+003
     0.16269756E+002     0.44272257E+003     0.37961724E+003     0.68356528E+003
     0.16273290E+002     0.44281873E+003     0.30541246E+002     0.79461011E+003
     0.16276824E+002     0.44291489E+003    -0.33273320E+003     0.74683898E+003
     0.16280357E+002     0.44301105E+003    -0.64136824E+003     0.54921913E+003
     0.16283891E+002     0.44310721E+003    -0.83683848E+003     0.23912958E+003
     0.16287425E+002     0.44320337E+003    -0.88203600E+003    -0.12471032E+003
     0.16290959E+002     0.44329954E+003    -0.76831205E+003    -0.47335689E+003
     0.16294493E+002     0.44339570E+003    -0.51713664E+003    -0.74070321E+003
     0.16298027E+002     0.44349186E+003    -0.17604716E+003    -0.87601193E+003
     0.16301560E+002     0.44358802E+003     0.19034592E+003    -0.85354199E+003
     0.16305094E+002     0.44368418E+003     0.51259520E+003    -0.67744373E+003
     0.16308628E+002     0.44378034E+003     0.72957727E+003    -0.38099110E+003
     0.16312162E+002     0.44387650E+003     0.80008428E+003    -0.20292980E+002
     0.16315696E+002     0.44397266E+003     0.71064776E+003     0.33632812E+003
     0.16319230E+002     0.44406882E+003     0.47810929E+003     0.62127912E+003
     0.16322763E+002     0.44416498E+003     0.14644757E+003     0.78050973E+003
     0.16326297E+002     0.44426114E+003    -0.22154068E+003     0.78376672E+003
     0.16329831E+002     0.44435730E+003    -0.55613240E+003     0.63034423E+003
     0.16333365E+002     0.44445346E+003    -0.79389041E+003     0.34923651E+003
     0.16336899E+002     0.44454962E+003    -0.88969272E+003    -0.63388299E+001
     0.16340432E+002     0.44464578E+003    -0.82529806E+003    -0.36901320E+003
     0.16343966E+002     0.44474194E+003    -0.61282132E+003    -0.67002849E+003
     0.16347500E+002     0.44483810E+003    -0.29245685E+003    -0.85227029E+003
     0.16351034E+002     0.44493426E+003     0.75122392E+002    -0.88110266E+003
     0.16354568E+002     0.44503042E+003     0.42025334E+003    -0.75094883E+003
     0.16358102E+002     0.44512658E+003     0.67748248E+003    -0.48636744E+003
     0.16361635E+002     0.44522274E+003     0.79797689E+003    -0.13741732E+003
     0.16365169E+002     0.44531890E+003     0.75879266E+003     0.22981554E+003
     0.16368703E+002     0.44541506E+003     0.56724170E+003     0.54573527E+003
     0.16372237E+002     0.44551122E+003     0.25952591E+003     0.75042729E+003
     0.16375771E+002     0.44560739E+003    -0.10610628E+003     0.80502314E+003
     0.16379305E+002     0.44570355E+003    -0.46038749E+003     0.69908342E+003
     0.16382838E+002     0.44579971E+003    -0.73615568E+003     0.45259606E+003
     0.16386372E+002     0.44589587E+003    -0.88108797E+003     0.11220761E+003
     0.16389906E+002     0.44599203E+003    -0.86762998E+003    -0.25760153E+003
     0.16393440E+002     0.44608819E+003    -0.69823705E+003    -0.58672947E+003
     0.16396974E+002     0.44618435E+003    -0.40492894E+003    -0.81273890E+003
     0.16400508E+002     0.44628051E+003    -0.43240024E+002    -0.89269954E+003
     0.16404041E+002     0.44637667E+003     0.31829296E+003    -0.81134057E+003
     0.16407575E+002     0.44647283E+003     0.61111554E+003    -0.58396507E+003
     0.16411109E+002     0.44656899E+003     0.77965258E+003    -0.25356989E+003
     0.16414643E+002     0.44666515E+003     0.79185375E+003     0.11728647E+003
     0.16418177E+002     0.44676131E+003     0.64528659E+003     0.45833090E+003
     0.16421711E+002     0.44685747E+003     0.36761832E+003     0.70489313E+003
     0.16425244E+002     0.44695363E+003     0.11391924E+002     0.81017094E+003
     0.16428778E+002     0.44704979E+003    -0.35591835E+003     0.75411620E+003
     0.16432312E+002     0.44714595E+003    -0.66468900E+003     0.54725486E+003
     0.16435846E+002     0.44724211E+003    -0.85634618E+003     0.22871320E+003
     0.16439380E+002     0.44733827E+003    -0.89447909E+003    -0.14118001E+003
     0.16442914E+002     0.44743443E+003    -0.77175936E+003    -0.49231651E+003
     0.16446447E+002     0.44753059E+003    -0.51135153E+003    -0.75809410E+003
     0.16449981E+002     0.44762675E+003    -0.16254308E+003    -0.88804707E+003
     0.16453515E+002     0.44772291E+003     0.20858184E+003    -0.85742642E+003
     0.16457049E+002     0.44781907E+003     0.53165953E+003    -0.67191088E+003
     0.16460583E+002     0.44791524E+003     0.74538554E+003    -0.36655305E+003
     0.16464117E+002     0.44801140E+003     0.80914491E+003     0.84597096E+000
     0.16467650E+002     0.44810756E+003     0.71072810E+003     0.36067905E+003
     0.16471184E+002     0.44820372E+003     0.46866733E+003     0.64472244E+003
     0.16474718E+002     0.44829988E+003     0.12874532E+003     0.79907295E+003
     0.16478252E+002     0.44839604E+003    -0.24466533E+003     0.79437925E+003
     0.16481786E+002     0.44849220E+003    -0.58079426E+003     0.63142565E+003
     0.16485320E+002     0.44858836E+003    -0.81588767E+003     0.34100589E+003
     0.16488853E+002     0.44868452E+003    -0.90530225E+003    -0.21893139E+002
     0.16492387E+002     0.44878068E+003    -0.83198502E+003    -0.38849966E+003
     0.16495921E+002     0.44887684E+003    -0.60972773E+003    -0.68928724E+003
     0.16499455E+002     0.44897300E+003    -0.28057487E+003    -0.86715760E+003
     0.16502989E+002     0.44906916E+003     0.93126891E+002    -0.88827717E+003
     0.16506523E+002     0.44916532E+003     0.44053603E+003    -0.74851156E+003
     0.16510056E+002     0.44926148E+003     0.69574297E+003    -0.47422989E+003
     0.16513590E+002     0.44935764E+003     0.81027121E+003    -0.11733102E+003
     0.16517124E+002     0.44945380E+003     0.76228465E+003     0.25458022E+003
     0.16520658E+002     0.44954996E+003     0.56074792E+003     0.57099996E+003
     0.16524192E+002     0.44964612E+003     0.24375086E+003     0.77189266E+003
     0.16527726E+002     0.44974228E+003    -0.12869145E+003     0.81908433E+003
     0.16531259E+002     0.44983844E+003    -0.48600341E+003     0.70351821E+003
     0.16534793E+002     0.44993460E+003    -0.76042268E+003     0.44699565E+003
     0.16538327E+002     0.45003076E+003    -0.89985394E+003     0.98065981E+002
     0.16541861E+002     0.45012692E+003    -0.87775982E+003    -0.27715914E+003
     0.16545395E+002     0.45022309E+003    -0.69821393E+003    -0.60752906E+003
     0.16548928E+002     0.45031925E+003    -0.39515278E+003    -0.83034306E+003
     0.16552462E+002     0.45041541E+003    -0.25964077E+002    -0.90324794E+003
     0.16555996E+002     0.45051157E+003     0.33937785E+003    -0.81228643E+003
     0.16559530E+002     0.45060773E+003     0.63157197E+003    -0.57456705E+003
     0.16563064E+002     0.45070389E+003     0.79513375E+003    -0.23504514E+003
     0.16566598E+002     0.45080005E+003     0.79893117E+003     0.14197764E+003
     0.16570131E+002     0.45089621E+003     0.64211685E+003     0.48505342E+003
     0.16573665E+002     0.45099237E+003     0.35425885E+003     0.72909572E+003
     0.16577199E+002     0.45108853E+003    -0.10144549E+002     0.82772876E+003
     0.16580733E+002     0.45118469E+003    -0.38204031E+003     0.76216593E+003
     0.16584267E+002     0.45128085E+003    -0.69093021E+003     0.54471416E+003
     0.16587801E+002     0.45137701E+003    -0.87818338E+003     0.21650012E+003
     0.16591334E+002     0.45147317E+003    -0.90819411E+003    -0.16030435E+003
     0.16594868E+002     0.45156933E+003    -0.77515066E+003    -0.51425982E+003
     0.16598402E+002     0.45166549E+003    -0.50416258E+003    -0.77820164E+003
     0.16601936E+002     0.45176165E+003    -0.14652324E+003    -0.90198111E+003
     0.16605470E+002     0.45185781E+003     0.22999559E+003    -0.86199180E+003
     0.16609004E+002     0.45195397E+003     0.55398450E+003    -0.66566924E+003
     0.16612537E+002     0.45205013E+003     0.76393690E+003    -0.35010699E+003
     0.16616071E+002     0.45214629E+003     0.81992366E+003     0.24953509E+002
     0.16619605E+002     0.45224245E+003     0.71118480E+003     0.38843469E+003
     0.16623139E+002     0.45233861E+003     0.45819560E+003     0.67139421E+003
     0.16626673E+002     0.45243478E+003     0.10881047E+003     0.82010489E+003
     0.16630207E+002     0.45253094E+003    -0.27079235E+003     0.80625650E+003
     0.16633740E+002     0.45262710E+003    -0.60864454E+003     0.63234867E+003
     0.16637274E+002     0.45272326E+003    -0.84063517E+003     0.33124395E+003
     0.16640808E+002     0.45281942E+003    -0.92267816E+003    -0.40039288E+002
     0.16644342E+002     0.45291558E+003    -0.83909279E+003    -0.41112147E+003
     0.16647876E+002     0.45301174E+003    -0.60560674E+003    -0.71160225E+003
     0.16651410E+002     0.45310790E+003    -0.26636740E+003    -0.88443092E+003
     0.16654943E+002     0.45320406E+003     0.11434914E+003    -0.89664707E+003
     0.16658477E+002     0.45330022E+003     0.46433268E+003    -0.74581373E+003
     0.16662011E+002     0.45339638E+003     0.71716666E+003    -0.46038350E+003
     0.16665545E+002     0.45349254E+003     0.82479194E+003    -0.94369962E+002
     0.16669079E+002     0.45358870E+003     0.76665469E+003     0.28287954E+003
     0.16672613E+002     0.45368486E+003     0.55362535E+003     0.59982400E+003
     0.16676146E+002     0.45378102E+003     0.22596694E+003     0.79629725E+003
     0.16679680E+002     0.45387718E+003    -0.15427581E+003     0.83493202E+003
     0.16683214E+002     0.45397334E+003    -0.51502648E+003     0.70826939E+003
     0.16686748E+002     0.45406950E+003    -0.78784081E+003     0.44020118E+003
     0.16690282E+002     0.45416566E+003    -0.92089394E+003     0.81466284E+002
     0.16693816E+002     0.45426182E+003    -0.88882681E+003    -0.29994975E+003
     0.16697349E+002     0.45435798E+003    -0.69758217E+003    -0.63169582E+003
     0.16700883E+002     0.45445414E+003    -0.38330535E+003    -0.85077708E+003
     0.16704417E+002     0.45455030E+003    -0.55161426E+001    -0.91551381E+003
     0.16707951E+002     0.45464646E+003     0.36416112E+003    -0.81346898E+003
     0.16711485E+002     0.45474263E+003     0.65557435E+003    -0.56383487E+003
     0.16715019E+002     0.45483879E+003     0.81335361E+003    -0.21382179E+003
     0.16718552E+002     0.45493495E+003     0.80742980E+003     0.17027161E+003
     0.16722086E+002     0.45503111E+003     0.63876326E+003     0.51561854E+003
     0.16725620E+002     0.45512727E+003     0.33919108E+003     0.75667426E+003
     0.16729154E+002     0.45522343E+003    -0.34583454E+002     0.84761825E+003
     0.16732688E+002     0.45531959E+003    -0.41172478E+003     0.77106631E+003
     0.16736222E+002     0.45541575E+003    -0.72069096E+003     0.54139623E+003
     0.16739755E+002     0.45551191E+003    -0.90280594E+003     0.20205036E+003
     0.16743289E+002     0.45560807E+003    -0.92340466E+003    -0.18267803E+003
     0.16746823E+002     0.45570423E+003    -0.77843339E+003    -0.53982300E+003
     0.16750357E+002     0.45580039E+003    -0.49524871E+003    -0.80158119E+003
     0.16753891E+002     0.45589655E+003    -0.12745851E+003    -0.91818149E+003
     0.16757425E+002     0.45599271E+003     0.25523152E+003    -0.86735531E+003
     0.16760958E+002     0.45608887E+003     0.58018310E+003    -0.65853368E+003
     0.16764492E+002     0.45618503E+003     0.78573124E+003    -0.33123693E+003
     0.16768026E+002     0.45628119E+003     0.83269023E+003     0.52635188E+002
     0.16771560E+002     0.45637735E+003     0.71200737E+003     0.42025126E+003
     0.16775094E+002     0.45647351E+003     0.44640812E+003     0.70188830E+003
     0.16778627E+002     0.45656967E+003     0.86129945E+002     0.84402204E+003
     0.16782161E+002     0.45666583E+003    -0.30056402E+003     0.81955717E+003
     0.16785695E+002     0.45676199E+003    -0.64033354E+003     0.63298292E+003
     0.16789229E+002     0.45685815E+003    -0.86866776E+003     0.31955305E+003
     0.16792763E+002     0.45695431E+003    -0.94213557E+003    -0.61370764E+002
     0.16796297E+002     0.45705048E+003    -0.84664918E+003    -0.43755935E+003
     0.16799830E+002     0.45714664E+003    -0.60016667E+003    -0.73760842E+003
     0.16803364E+002     0.45724280E+003    -0.24931755E+003    -0.90448875E+003
     0.16806898E+002     0.45733896E+003     0.13941580E+003    -0.90638288E+003
     0.16810432E+002     0.45743512E+003     0.49229345E+003    -0.74274910E+003
     0.16813966E+002     0.45753128E+003     0.74230345E+003    -0.44445654E+003
     0.16817500E+002     0.45762744E+003     0.84188514E+003    -0.67960369E+002
     0.16821033E+002     0.45772360E+003     0.77197512E+003     0.31538484E+003
     0.16824567E+002     0.45781976E+003     0.54565479E+003     0.63285020E+003
     0.16828101E+002     0.45791592E+003     0.20570165E+003     0.82413289E+003
     0.16831635E+002     0.45801208E+003    -0.18349709E+003     0.85281271E+003
     0.16835169E+002     0.45810824E+003    -0.54814039E+003     0.71328948E+003
     0.16838703E+002     0.45820440E+003    -0.81900920E+003     0.43187849E+003
     0.16842236E+002     0.45830056E+003    -0.94460748E+003     0.61850454E+002
     0.16845770E+002     0.45839672E+003    -0.90095394E+003    -0.32664900E+003
     0.16849304E+002     0.45849288E+003    -0.69616311E+003    -0.65989357E+003
     0.16852838E+002     0.45858904E+003    -0.36893976E+003    -0.87456445E+003
     0.16856372E+002     0.45868520E+003     0.18733390E+002    -0.92977839E+003
     0.16859906E+002     0.45878136E+003     0.39333374E+003    -0.81487130E+003
     0.16863439E+002     0.45887752E+003     0.68374027E+003    -0.55145509E+003
     0.16866973E+002     0.45897368E+003     0.83473373E+003    -0.18935135E+003
     0.16870507E+002     0.45906984E+003     0.81749479E+003     0.20283338E+003
     0.16874041E+002     0.45916600E+003     0.63510332E+003     0.55070743E+003
     0.16877575E+002     0.45926216E+003     0.32198828E+003     0.78821047E+003
     0.16881109E+002     0.45935833E+003    -0.62572999E+002     0.87015466E+003
     0.16884642E+002     0.45945449E+003    -0.44567636E+003     0.78083023E+003
     0.16888176E+002     0.45955065E+003    -0.75461310E+003     0.53701538E+003
     0.16891710E+002     0.45964681E+003    -0.93067080E+003     0.18483258E+003
     0.16895244E+002     0.45974297E+003    -0.94029416E+003    -0.20897507E+003
     0.16898778E+002     0.45983913E+003    -0.78148261E+003    -0.56969089E+003
     0.16902312E+002     0.45993529E+003    -0.48420093E+003    -0.82879481E+003
     0.16905845E+002     0.46003145E+003    -0.10473436E+003    -0.93697439E+003
     0.16909379E+002     0.46012761E+003     0.28496712E+003    -0.87351487E+003
     0.16912913E+002     0.46022377E+003     0.61093298E+003    -0.65025594E+003
     0.16916447E+002     0.46031993E+003     0.81120584E+003    -0.30938440E+003
     0.16919981E+002     0.46041609E+003     0.84761803E+003     0.84539683E+002
     0.16923515E+002     0.46051225E+003     0.71306332E+003     0.45681194E+003
     0.16927048E+002     0.46060841E+003     0.43288223E+003     0.73675324E+003
     0.16930582E+002     0.46070457E+003     0.60088409E+002     0.87113153E+003
     0.16934116E+002     0.46080073E+003    -0.33466308E+003     0.83428694E+003
     0.16937650E+002     0.46089689E+003    -0.67646884E+003     0.63303453E+003
     0.16941184E+002     0.46099305E+003    -0.90038924E+003     0.30540881E+003
     0.16944718E+002     0.46108921E+003    -0.96379528E+003    -0.86522769E+002
     0.16948251E+002     0.46118537E+003    -0.85447537E+003    -0.46841380E+003
     0.16951785E+002     0.46128153E+003    -0.59300081E+003    -0.76773800E+003
     0.16955319E+002     0.46137769E+003    -0.22885076E+003    -0.92756424E+003
     0.16958853E+002     0.46147385E+003     0.16894627E+003    -0.91738021E+003
     0.16962387E+002     0.46157001E+003     0.52489471E+003    -0.73891556E+003
     0.16965921E+002     0.46166618E+003     0.77135870E+003    -0.42585943E+003
     0.16969454E+002     0.46176234E+003     0.86142298E+003    -0.37485653E+002
     0.16972988E+002     0.46185850E+003     0.77780829E+003     0.35256645E+003
     0.16976522E+002     0.46195466E+003     0.53619815E+003     0.67025244E+003
     0.16980056E+002     0.46205082E+003     0.18229766E+003     0.85519462E+003
     0.16983590E+002     0.46214698E+003    -0.21681631E+003     0.87216107E+003
     0.16987123E+002     0.46224314E+003    -0.58541020E+003     0.71778727E+003
     0.16990657E+002     0.46233930E+003    -0.85347320E+003     0.42125282E+003
     0.16994191E+002     0.46243546E+003    -0.97002340E+003     0.38779444E+002
     0.16997725E+002     0.46253162E+003    -0.91283743E+003    -0.35702279E+003
     0.17001259E+002     0.46262778E+003    -0.69271021E+003    -0.69093956E+003
     0.17004793E+002     0.46272394E+003    -0.35148240E+003    -0.89946004E+003
     0.17008326E+002     0.46282010E+003     0.45821035E+002    -0.94292738E+003
     0.17011860E+002     0.46291626E+003     0.42321066E+003    -0.81330480E+003
     0.17015394E+002     0.46301242E+003     0.70802124E+003    -0.53661151E+003
     0.17018928E+002     0.46310858E+003     0.84723344E+003    -0.17268159E+003
     0.17022462E+002     0.46320474E+003     0.84684393E+003     0.22333421E+003
     0.17025996E+002     0.46330090E+003     0.64313577E+003     0.59561139E+003
     0.17029529E+002     0.46339706E+003     0.30705624E+003     0.83109802E+003
     0.17033063E+002     0.46349322E+003    -0.94474541E+002     0.90250402E+003
     0.17036597E+002     0.46358938E+003    -0.48722477E+003     0.79623192E+003
     0.17040131E+002     0.46368554E+003    -0.79720540E+003     0.53379024E+003
     0.17043665E+002     0.46378170E+003    -0.96631202E+003     0.16471438E+003
     0.17047199E+002     0.46387786E+003    -0.96255649E+003    -0.24123401E+003
     0.17050732E+002     0.46397403E+003    -0.78656209E+003    -0.60716548E+003
     0.17054266E+002     0.46407019E+003    -0.47157153E+003    -0.86365791E+003
     0.17057800E+002     0.46416635E+003    -0.77229975E+002    -0.96192621E+003
     0.17061334E+002     0.46426251E+003     0.32171020E+003    -0.88318043E+003
     0.17064868E+002     0.46435867E+003     0.64952715E+003    -0.64213724E+003
     0.17068402E+002     0.46445483E+003     0.84389934E+003    -0.28436916E+003
     0.17071935E+002     0.46455099E+003     0.86776570E+003     0.12235809E+003
     0.17075469E+002     0.46464715E+003     0.71637698E+003     0.50089503E+003
     0.17079003E+002     0.46474331E+003     0.41825251E+003     0.77934349E+003
     0.17082537E+002     0.46483947E+003     0.29837547E+002     0.90471448E+003
     0.17086071E+002     0.46493563E+003    -0.37531112E+003     0.85305380E+003
     0.17089605E+002     0.46503179E+003    -0.72019309E+003     0.63388942E+003
     0.17093138E+002     0.46512795E+003    -0.93928937E+003     0.28870760E+003
     0.17096672E+002     0.46522411E+003    -0.99083067E+003    -0.11712827E+003
     0.17100206E+002     0.46532027E+003    -0.86480358E+003    -0.50659957E+003
     0.17103740E+002     0.46541643E+003    -0.58491274E+003    -0.80569709E+003
     0.17107274E+002     0.46551259E+003    -0.20411595E+003    -0.95747335E+003
     0.17110808E+002     0.46560875E+003     0.20538953E+003    -0.93288170E+003
     0.17114341E+002     0.46570491E+003     0.56585353E+003    -0.73633223E+003
     0.17117875E+002     0.46580107E+003     0.80872993E+003    -0.40490138E+003
     0.17121409E+002     0.46589723E+003     0.88770878E+003    -0.13377280E+001
     0.17124943E+002     0.46599339E+003     0.78754394E+003     0.39781741E+003
     0.17128477E+002     0.46608955E+003     0.52700979E+003     0.71674362E+003
     0.17132011E+002     0.46618572E+003     0.15533177E+003     0.89480800E+003
     0.17135544E+002     0.46628188E+003    -0.25712426E+003     0.89790775E+003
     0.17139078E+002     0.46637804E+003    -0.63173987E+003     0.72524934E+003
     0.17142612E+002     0.46647420E+003    -0.89786210E+003     0.40948319E+003
     0.17146146E+002     0.46657036E+003    -0.10043252E+004     0.10187840E+002
     0.17149680E+002     0.46666652E+003    -0.93083830E+003    -0.39669145E+003
     0.17153214E+002     0.46676268E+003    -0.69109812E+003    -0.73394362E+003
     0.17156747E+002     0.46685884E+003    -0.33037033E+003    -0.93735754E+003
     0.17160281E+002     0.46695500E+003     0.82897996E+002    -0.96800393E+003
     0.17163815E+002     0.46705116E+003     0.47031088E+003    -0.81994156E+003
     0.17167349E+002     0.46714732E+003     0.75825323E+003    -0.52091041E+003
     0.17170883E+002     0.46724348E+003     0.89182850E+003    -0.12748112E+003
     0.17174417E+002     0.46733964E+003     0.84540765E+003     0.28575196E+003
     0.17177950E+002     0.46743580E+003     0.62752251E+003     0.64031871E+003
     0.17181484E+002     0.46753196E+003     0.27929602E+003     0.86877358E+003
     0.17185018E+002     0.46762812E+003    -0.13331969E+003     0.92752640E+003
     0.17188552E+002     0.46772428E+003    -0.53203431E+003     0.80516163E+003
     0.17192086E+002     0.46782044E+003    -0.84107446E+003     0.52465871E+003
     0.17195619E+002     0.46791660E+003    -0.10015845E+004     0.13908103E+003
     0.17199153E+002     0.46801276E+003    -0.98283676E+003    -0.27845791E+003
     0.17202687E+002     0.46810892E+003    -0.78811465E+003    -0.64865391E+003
     0.17206221E+002     0.46820508E+003    -0.45414542E+003    -0.90106952E+003
     0.17209755E+002     0.46830124E+003    -0.44173222E+002    -0.98753529E+003
     0.17213289E+002     0.46839740E+003     0.36400938E+003    -0.89133209E+003
     0.17216822E+002     0.46849357E+003     0.69282353E+003    -0.63043044E+003
     0.17220356E+002     0.46858973E+003     0.87964529E+003    -0.25412333E+003
     0.17223890E+002     0.46868589E+003     0.88872768E+003     0.16628275E+003
     0.17227424E+002     0.46878205E+003     0.71804282E+003     0.55098141E+003
     0.17230958E+002     0.46887821E+003     0.39971768E+003     0.82682055E+003
     0.17234492E+002     0.46897437E+003    -0.60053904E+001     0.94120956E+003
     0.17238025E+002     0.46907053E+003    -0.42217723E+003     0.87215321E+003
     0.17241559E+002     0.46916669E+003    -0.76972662E+003     0.63247355E+003
     0.17245093E+002     0.46926285E+003    -0.98248573E+003     0.26744895E+003
     0.17248627E+002     0.46935901E+003    -0.10197751E+004    -0.15374359E+003
     0.17252161E+002     0.46945517E+003    -0.87416501E+003    -0.55103186E+003
     0.17255695E+002     0.46955133E+003    -0.57334537E+003    -0.84892754E+003
     0.17259228E+002     0.46964749E+003    -0.17387961E+003    -0.99076487E+003
     0.17262762E+002     0.46974365E+003     0.24838559E+003    -0.94913491E+003
     0.17266296E+002     0.46983981E+003     0.61318974E+003    -0.73163603E+003
     0.17269830E+002     0.46993597E+003     0.85108100E+003    -0.37929614E+003
     0.17273364E+002     0.47003213E+003     0.91661443E+003     0.41163379E+002
     0.17276898E+002     0.47012829E+003     0.79700610E+003     0.44996221E+003
     0.17280431E+002     0.47022445E+003     0.51466785E+003     0.76936577E+003
     0.17283965E+002     0.47032061E+003     0.12297428E+003     0.93853108E+003
     0.17287499E+002     0.47041677E+003    -0.30382439E+003     0.92504765E+003
     0.17291033E+002     0.47051293E+003    -0.68466812E+003     0.73116589E+003
     0.17294567E+002     0.47060909E+003    -0.94708533E+003     0.39343236E+003
     0.17298101E+002     0.47070525E+003    -0.10409845E+004    -0.24194738E+002
     0.17301634E+002     0.47080142E+003    -0.94821714E+003    -0.44245284E+003
     0.17305168E+002     0.47089758E+003    -0.68608621E+003    -0.78181409E+003
     0.17308702E+002     0.47099374E+003    -0.30412263E+003    -0.97760129E+003
     0.17312236E+002     0.47108990E+003     0.12526641E+003    -0.99231434E+003
     0.17315770E+002     0.47118606E+003     0.52053234E+003    -0.82280743E+003
     0.17319304E+002     0.47128222E+003     0.80645623E+003    -0.50094203E+003
     0.17322837E+002     0.47137838E+003     0.92845872E+003    -0.87615367E+002
     0.17326371E+002     0.47147454E+003     0.86303234E+003     0.33877548E+003
     0.17329905E+002     0.47157070E+003     0.62225463E+003     0.69720263E+003
     0.17333439E+002     0.47166686E+003     0.25156517E+003     0.91940430E+003
     0.17336973E+002     0.47176302E+003    -0.17880612E+003     0.96288776E+003
     0.17340507E+002     0.47185918E+003    -0.58713435E+003     0.81908168E+003
     0.17344040E+002     0.47195534E+003    -0.89583572E+003     0.51498686E+003
     0.17347574E+002     0.47205150E+003    -0.10459402E+004     0.10806371E+003
     0.17351108E+002     0.47214766E+003    -0.10086198E+004    -0.32443907E+003
     0.17354642E+002     0.47224382E+003    -0.79062496E+003    -0.70032067E+003
     0.17358176E+002     0.47233998E+003    -0.43306581E+003    -0.94797909E+003
     0.17361710E+002     0.47243614E+003    -0.36703668E+001    -0.10200821E+004
     0.17365243E+002     0.47253230E+003     0.41606477E+003    -0.90249036E+003
     0.17368777E+002     0.47262846E+003     0.74625195E+003    -0.61724248E+003
     0.17372311E+002     0.47272462E+003     0.92395900E+003    -0.21819436E+003
     0.17375845E+002     0.47282078E+003     0.91504874E+003     0.21901205E+003
     0.17379379E+002     0.47291694E+003     0.72083259E+003     0.61132100E+003
     0.17382913E+002     0.47301310E+003     0.37785498E+003     0.88404795E+003
     0.17386446E+002     0.47310927E+003    -0.48960191E+002     0.98507591E+003
     0.17389980E+002     0.47320543E+003    -0.47855437E+003     0.89486618E+003
     0.17393514E+002     0.47330159E+003    -0.82931980E+003     0.63063050E+003
     0.17397048E+002     0.47339775E+003    -0.10351308E+004     0.24137876E+003
     0.17400582E+002     0.47349391E+003    -0.10555700E+004    -0.19964312E+003
     0.17404115E+002     0.47359007E+003    -0.88388291E+003    -0.60673197E+003
     0.17407649E+002     0.47368623E+003    -0.55778540E+003    -0.90182108E+003
     0.17411183E+002     0.47378239E+003    -0.13615108E+003    -0.10311961E+004
     0.17414717E+002     0.47387855E+003     0.30121230E+003    -0.96880281E+003
     0.17418251E+002     0.47397471E+003     0.67097562E+003    -0.72592977E+003
     0.17421785E+002     0.47407087E+003     0.90257800E+003    -0.34835502E+003
     0.17425318E+002     0.47416703E+003     0.95162891E+003     0.92398180E+002
     0.17428852E+002     0.47426319E+003     0.80837629E+003     0.51263986E+003
     0.17432386E+002     0.47435935E+003     0.49963657E+003     0.83238124E+003
     0.17435920E+002     0.47445551E+003     0.83779142E+002     0.99059340E+003
     0.17439454E+002     0.47455167E+003    -0.36035088E+003     0.95684304E+003
     0.17442988E+002     0.47464783E+003    -0.74828721E+003     0.73707238E+003
     0.17446521E+002     0.47474399E+003    -0.10060997E+004     0.37283250E+003
     0.17450055E+002     0.47484015E+003    -0.10845231E+004    -0.66959247E+002
     0.17453589E+002     0.47493631E+003    -0.96819046E+003    -0.49877265E+003
     0.17457123E+002     0.47503247E+003    -0.67889118E+003    -0.84038045E+003
     0.17460657E+002     0.47512863E+003    -0.27125796E+003    -0.10266645E+004
     0.17464191E+002     0.47522479E+003     0.17747089E+003    -0.10217619E+004
     0.17467724E+002     0.47532095E+003     0.58192735E+003    -0.82614549E+003
     0.17471258E+002     0.47541712E+003     0.86506124E+003    -0.47661869E+003
     0.17474792E+002     0.47551328E+003     0.97272068E+003    -0.39324889E+002
     0.17478326E+002     0.47560944E+003     0.88401658E+003     0.40274011E+003
     0.17481860E+002     0.47570560E+003     0.61537763E+003     0.76548340E+003
     0.17485394E+002     0.47580176E+003     0.21751124E+003     0.97971646E+003
     0.17488927E+002     0.47589792E+003    -0.23416776E+003     0.10043602E+004
     0.17492461E+002     0.47599408E+003    -0.65383875E+003     0.83433774E+003
     0.17495995E+002     0.47609024E+003    -0.96162576E+003     0.50164423E+003
     0.17499529E+002     0.47618640E+003    -0.10990420E+004     0.69214609E+002
     0.17503063E+002     0.47628256E+003    -0.10397003E+004    -0.38135368E+003
     0.17506597E+002     0.47637872E+003    -0.79426400E+003    -0.76985352E+003
     0.17510130E+002     0.47647488E+003    -0.39888131E+003    -0.99325188E+003
     0.17513664E+002     0.47657104E+003     0.39486120E+002    -0.10607737E+004
     0.17517198E+002     0.47666720E+003     0.48236695E+003    -0.91693344E+003
     0.17520732E+002     0.47676336E+003     0.81111782E+003    -0.59928922E+003
     0.17524266E+002     0.47685952E+003     0.97483580E+003    -0.17365097E+003
     0.17527800E+002     0.47695568E+003     0.94198374E+003     0.27850381E+003
     0.17531333E+002     0.47705184E+003     0.73020369E+003     0.67904370E+003
     0.17534867E+002     0.47714800E+003     0.35489741E+003     0.95429912E+003
     0.17538401E+002     0.47724416E+003    -0.99955246E+002     0.10394891E+004
     0.17541935E+002     0.47734032E+003    -0.54714392E+003     0.92300055E+003
     0.17545469E+002     0.47743648E+003    -0.90230637E+003     0.62723508E+003
     0.17549003E+002     0.47753264E+003    -0.10979629E+004     0.20816392E+003
     0.17552536E+002     0.47762881E+003    -0.10966526E+004    -0.25474392E+003
     0.17556070E+002     0.47772497E+003    -0.89823306E+003    -0.67350291E+003
     0.17559604E+002     0.47782113E+003    -0.54003692E+003    -0.96831437E+003
     0.17563138E+002     0.47791729E+003    -0.89878988E+002    -0.10827675E+004
     0.17566672E+002     0.47801345E+003     0.36676380E+003    -0.99463321E+003
     0.17570206E+002     0.47810961E+003     0.74297114E+003    -0.72018346E+003
     0.17573739E+002     0.47820577E+003     0.96691737E+003    -0.31119206E+003
     0.17577273E+002     0.47830193E+003     0.99557660E+003     0.15482622E+003
     0.17580807E+002     0.47839809E+003     0.82299879E+003     0.58929228E+003
     0.17584341E+002     0.47849425E+003     0.48156931E+003     0.90944417E+003
     0.17587875E+002     0.47859041E+003     0.35763886E+002     0.10540844E+004
     0.17591409E+002     0.47868657E+003    -0.42975147E+003     0.99516611E+003
     0.17594942E+002     0.47878273E+003    -0.82637983E+003     0.74345394E+003
     0.17598476E+002     0.47887889E+003    -0.10784792E+004     0.34641485E+003
     0.17602010E+002     0.47897505E+003    -0.11376467E+004    -0.12071921E+003
     0.17605544E+002     0.47907121E+003    -0.99215935E+003    -0.56914579E+003
     0.17609078E+002     0.47916737E+003    -0.66902895E+003    -0.91312617E+003
     0.17612611E+002     0.47926353E+003    -0.23059880E+003    -0.10868876E+004
     0.17616145E+002     0.47935969E+003     0.24042244E+003    -0.10579749E+004
     0.17619679E+002     0.47945585E+003     0.65373016E+003    -0.83233796E+003
     0.17623213E+002     0.47955201E+003     0.93664132E+003    -0.45934396E+003
     0.17626747E+002     0.47964817E+003     0.10394952E+004     0.19734468E+002
     0.17630281E+002     0.47974433E+003     0.91550581E+003     0.48747195E+003
     0.17633814E+002     0.47984049E+003     0.60736331E+003     0.85652449E+003
     0.17637348E+002     0.47993666E+003     0.17114764E+003     0.10600106E+004
     0.17640882E+002     0.48003282E+003    -0.31233208E+003     0.10575604E+004
     0.17644416E+002     0.48012898E+003    -0.74896794E+003     0.84082304E+003
     0.17647950E+002     0.48022514E+003    -0.10296918E+004     0.47411936E+003
     0.17651484E+002     0.48032130E+003    -0.11570800E+004     0.22447730E+002
     0.17655017E+002     0.48041746E+003    -0.10735787E+004    -0.44944777E+003
     0.17658551E+002     0.48051362E+003    -0.79421156E+003    -0.84104598E+003
     0.17662085E+002     0.48060978E+003    -0.37338891E+003    -0.10761374E+004
     0.17665619E+002     0.48070594E+003     0.10836788E+003    -0.11093145E+004
     0.17669153E+002     0.48080210E+003     0.55909431E+003    -0.93370806E+003
     0.17672687E+002     0.48089826E+003     0.89264271E+003    -0.58223476E+003
     0.17676220E+002     0.48099442E+003     0.10450196E+004    -0.12139907E+003
     0.17679754E+002     0.48109058E+003     0.98658556E+003     0.36129526E+003
     0.17683288E+002     0.48118674E+003     0.72771686E+003     0.77396022E+003
     0.17686822E+002     0.48128290E+003     0.31656586E+003     0.10375370E+004
     0.17690356E+002     0.48137906E+003    -0.16725189E+003     0.10996096E+004
     0.17693890E+002     0.48147522E+003    -0.63224101E+003     0.95160580E+003
     0.17697423E+002     0.48157138E+003    -0.99107406E+003     0.61880587E+003
     0.17700957E+002     0.48166754E+003    -0.11743560E+004     0.16407403E+003
     0.17704491E+002     0.48176370E+003    -0.11465848E+004    -0.32621066E+003
     0.17708025E+002     0.48185986E+003    -0.91248074E+003    -0.75883417E+003
     0.17711559E+002     0.48195602E+003    -0.51550770E+003    -0.10519485E+004
     0.17715093E+002     0.48205218E+003    -0.29486827E+002    -0.11461523E+004
     0.17718626E+002     0.48214834E+003     0.44918593E+003    -0.10251518E+004
     0.17722160E+002     0.48224451E+003     0.83194482E+003    -0.71173468E+003
     0.17725694E+002     0.48234067E+003     0.10453670E+004    -0.26438651E+003
     0.17729228E+002     0.48243683E+003     0.10480668E+004     0.23213841E+003
     0.17732762E+002     0.48253299E+003     0.83884058E+003     0.68324860E+003
     0.17736296E+002     0.48262915E+003     0.45695580E+003     0.10031083E+004
     0.17739829E+002     0.48272531E+003    -0.25789640E+002     0.11302837E+004
     0.17743363E+002     0.48282147E+003    -0.51744021E+003     0.10394174E+004
     0.17746897E+002     0.48291763E+003    -0.92423134E+003     0.74759720E+003
     0.17750431E+002     0.48301379E+003    -0.11685158E+004     0.30969017E+003
     0.17753965E+002     0.48310995E+003    -0.12031969E+004    -0.19134162E+003
     0.17757499E+002     0.48320611E+003    -0.10209812E+004    -0.66020250E+003
     0.17761032E+002     0.48330227E+003    -0.65590765E+003    -0.10074056E+004
     0.17764566E+002     0.48339843E+003    -0.17701338E+003    -0.11664135E+004
     0.17768100E+002     0.48349459E+003     0.32492375E+003    -0.11062633E+004
     0.17771634E+002     0.48359075E+003     0.75415077E+003    -0.83762667E+003
     0.17775168E+002     0.48368691E+003     0.10285886E+004    -0.41103211E+003
     0.17778702E+002     0.48378307E+003     0.10953515E+004     0.92650978E+002
     0.17782235E+002     0.48387923E+003     0.94105135E+003     0.57769178E+003
     0.17785769E+002     0.48397539E+003     0.59431114E+003     0.95157140E+003
     0.17789303E+002     0.48407155E+003     0.12054208E+003     0.11426393E+004
     0.17792837E+002     0.48416771E+003    -0.39042108E+003     0.11138554E+004
     0.17796371E+002     0.48426387E+003    -0.84137865E+003     0.86996327E+003
     0.17799905E+002     0.48436003E+003    -0.11462974E+004     0.45671119E+003
     0.17803438E+002     0.48445619E+003    -0.12468169E+004    -0.47773381E+002
     0.17806972E+002     0.48455236E+003    -0.11236521E+004    -0.54817703E+003
     0.17810506E+002     0.48464852E+003    -0.79963139E+003    -0.95180321E+003
     0.17814040E+002     0.48474468E+003    -0.32378770E+003    -0.11788448E+004
     0.17817574E+002     0.48484084E+003     0.19355234E+003    -0.11748538E+004
     0.17821107E+002     0.48493700E+003     0.66164315E+003    -0.95578825E+003
     0.17824641E+002     0.48503316E+003     0.99362779E+003    -0.55770300E+003
     0.17828175E+002     0.48512932E+003     0.11251413E+004    -0.54718149E+002
     0.17831709E+002     0.48522548E+003     0.10283396E+004     0.45900339E+003
     0.17835243E+002     0.48532164E+003     0.72074185E+003     0.87876018E+003
     0.17838777E+002     0.48541780E+003     0.26491583E+003     0.11305757E+004
     0.17842310E+002     0.48551396E+003    -0.25681960E+003     0.11646350E+004
     0.17845844E+002     0.48561012E+003    -0.74475702E+003     0.97277517E+003
     0.17849378E+002     0.48570628E+003    -0.11055194E+004     0.59072627E+003
     0.17852912E+002     0.48580244E+003    -0.12699704E+004     0.90891494E+002
     0.17856446E+002     0.48589860E+003    -0.12067625E+004    -0.43139858E+003
     0.17859980E+002     0.48599476E+003    -0.92912372E+003    -0.87624573E+003
     0.17863513E+002     0.48609092E+003    -0.49389525E+003    -0.11593184E+004
     0.17867047E+002     0.48618708E+003     0.64016923E+001    -0.12323353E+004
     0.17870581E+002     0.48628324E+003     0.45827037E+003    -0.11113422E+004
     0.17874115E+002     0.48637940E+003     0.79030710E+003    -0.96533138E+003
     0.17877649E+002     0.48647556E+003     0.20075870E+004    -0.11269364E+004
     0.17881183E+002     0.48657172E+003    -0.58183209E+003     0.29153337E+004
     0.17884716E+002     0.48666788E+003     0.79227078E+003    -0.10734433E+004
     0.17888250E+002     0.48676404E+003     0.12923429E+004     0.16134704E+004
     0.17891784E+002     0.48686021E+003    -0.11262720E+003     0.15096752E+004
     0.17895318E+002     0.48695637E+003    -0.67458388E+003     0.11891519E+004
     0.17898852E+002     0.48705253E+003    -0.10729021E+004     0.78917418E+003
     0.17902386E+002     0.48714869E+003    -0.12911822E+004     0.28063809E+003
     0.17905919E+002     0.48724485E+003    -0.12852199E+004    -0.27053644E+003
     0.17909453E+002     0.48734101E+003    -0.10501064E+004    -0.76859606E+003
     0.17912987E+002     0.48743717E+003    -0.62646562E+003    -0.11209045E+004
     0.17916521E+002     0.48753333E+003    -0.92654999E+002    -0.12600679E+004
     0.17920055E+002     0.48762949E+003     0.45056555E+003    -0.11584547E+004
     0.17923589E+002     0.48772565E+003     0.89963044E+003    -0.83422320E+003
     0.17927122E+002     0.48782181E+003     0.11682533E+004    -0.34823263E+003
     0.17930656E+002     0.48791797E+003     0.12041745E+004     0.20738753E+003
     0.17934190E+002     0.48801413E+003     0.99937903E+003     0.72675325E+003
     0.17937724E+002     0.48811029E+003     0.59183433E+003     0.11104492E+004
     0.17941258E+002     0.48820645E+003     0.58410226E+002     0.12845805E+004
     0.17944792E+002     0.48830261E+003    -0.49968529E+003     0.12150069E+004
     0.17948325E+002     0.48839877E+003    -0.97623337E+003     0.91401472E+003
     0.17951859E+002     0.48849493E+003    -0.12806356E+004     0.43794662E+003
     0.17955393E+002     0.48859109E+003    -0.13539227E+004    -0.12680516E+003
     0.17958927E+002     0.48868725E+003    -0.11750375E+004    -0.66604720E+003
     0.17962461E+002     0.48878341E+003    -0.78614947E+003    -0.10786905E+004
     0.17965995E+002     0.48887957E+003    -0.25734796E+003    -0.12874763E+004
     0.17969528E+002     0.48897573E+003     0.31134907E+003    -0.12510751E+004
     0.17973062E+002     0.48907189E+003     0.81149478E+003    -0.97522681E+003
     0.17976596E+002     0.48916806E+003     0.11464927E+004    -0.51122379E+003
     0.17980130E+002     0.48926422E+003     0.12528973E+004     0.48842631E+002
     0.17983664E+002     0.48936038E+003     0.11143589E+004     0.60939460E+003
     0.17987198E+002     0.48945654E+003     0.74341332E+003     0.10559698E+004
     0.17990731E+002     0.48955270E+003     0.21763589E+003     0.13015196E+004
     0.17994265E+002     0.48964886E+003    -0.36372612E+003     0.12998067E+004
     0.17997799E+002     0.48974502E+003    -0.88994656E+003     0.10501136E+004
     0.18001333E+002     0.48984118E+003    -0.12606984E+004     0.59916293E+003
     0.18004867E+002     0.48993734E+003    -0.14044283E+004     0.31847117E+002
     0.18008401E+002     0.49003350E+003    -0.12925199E+004    -0.54408527E+003
     0.18011934E+002     0.49012966E+003    -0.94503799E+003    -0.10186721E+004
     0.18015468E+002     0.49022582E+003    -0.42722227E+003    -0.13007455E+004
     0.18019002E+002     0.49032198E+003     0.16320549E+003    -0.13359544E+004
     0.18022536E+002     0.49041814E+003     0.71426214E+003    -0.11151206E+004
     0.18026070E+002     0.49051430E+003     0.11198508E+004    -0.67938796E+003
     0.18029604E+002     0.49061046E+003     0.13019607E+004    -0.11065902E+003
     0.18033137E+002     0.49070662E+003     0.12245087E+004     0.48353041E+003
     0.18036671E+002     0.49080278E+003     0.90054997E+003     0.99023674E+003
     0.18040205E+002     0.49089894E+003     0.38995198E+003     0.13126032E+004
     0.18043739E+002     0.49099510E+003    -0.21197477E+003     0.13882857E+004
     0.18047273E+002     0.49109126E+003    -0.79283375E+003     0.12011749E+004
     0.18050806E+002     0.49118742E+003    -0.12452778E+004     0.78356272E+003
     0.18054340E+002     0.49128358E+003    -0.14890131E+004     0.20511252E+003
     0.18057874E+002     0.49137975E+003    -0.14719643E+004    -0.47194406E+003
     0.18061408E+002     0.49147591E+003    -0.10035183E+004    -0.10324595E+004
     0.18064942E+002     0.49157207E+003    -0.53007884E+003    -0.12728880E+004
     0.18068476E+002     0.49166823E+003     0.33669714E+002    -0.13642424E+004
     0.18072009E+002     0.49176439E+003     0.60364631E+003    -0.12060933E+004
     0.18075543E+002     0.49186055E+003     0.10590549E+004    -0.81485837E+003
     0.18079077E+002     0.49195671E+003     0.13066641E+004    -0.26213385E+003
     0.18082611E+002     0.49205287E+003     0.12951562E+004     0.34717721E+003
     0.18086145E+002     0.49214903E+003     0.10239823E+004     0.89612628E+003
     0.18089679E+002     0.49224519E+003     0.54280487E+003     0.12790261E+004
     0.18093212E+002     0.49234135E+003    -0.57855140E+002     0.14209620E+004
     0.18096746E+002     0.49243751E+003    -0.66366873E+003     0.12930942E+004
     0.18100280E+002     0.49253367E+003    -0.11586221E+004     0.91841052E+003
     0.18103814E+002     0.49262983E+003    -0.14475990E+004     0.36787609E+003
     0.18107348E+002     0.49272599E+003    -0.14767409E+004    -0.25248917E+003
     0.18110882E+002     0.49282215E+003    -0.12506561E+004    -0.83809396E+003
     0.18114415E+002     0.49291831E+003    -0.76509637E+003    -0.12735461E+004
     0.18117949E+002     0.49301447E+003    -0.15229538E+003    -0.14489894E+004
     0.18121483E+002     0.49311063E+003     0.47626730E+003    -0.13493841E+004
     0.18125017E+002     0.49320679E+003     0.10037031E+004    -0.99108991E+003
     0.18128551E+002     0.49330295E+003     0.13278662E+004    -0.44074956E+003
     0.18132085E+002     0.49339911E+003     0.13829973E+004     0.19412027E+003
     0.18135618E+002     0.49349527E+003     0.11733618E+004     0.77482918E+003
     0.18139152E+002     0.49359143E+003     0.74239214E+003     0.12550051E+004
     0.18142686E+002     0.49368760E+003     0.12487717E+003     0.14870685E+004
     0.18146220E+002     0.49378376E+003    -0.52905123E+003     0.14293521E+004
     0.18149754E+002     0.49387992E+003    -0.10955670E+004     0.10974818E+004
     0.18153288E+002     0.49397608E+003    -0.14667117E+004     0.55445054E+003
     0.18156821E+002     0.49407224E+003    -0.15705051E+004    -0.96668351E+002
     0.18160355E+002     0.49416840E+003    -0.13853679E+004    -0.73133256E+003
     0.18163889E+002     0.49426456E+003    -0.94489973E+003    -0.12267769E+004
     0.18167423E+002     0.49436072E+003    -0.33259506E+003    -0.14848301E+004
     0.18170957E+002     0.49445688E+003     0.33042522E+003    -0.14495077E+004
     0.18174491E+002     0.49455304E+003     0.88587769E+003    -0.11274962E+004
     0.18178024E+002     0.49464920E+003     0.12887420E+004    -0.69229083E+003
     0.18181558E+002     0.49474536E+003     0.14945817E+004    -0.17984764E+002
     0.18185092E+002     0.49484152E+003     0.13551545E+004     0.66575164E+003
     0.18188626E+002     0.49493768E+003     0.93313804E+003     0.12157467E+004
     0.18192160E+002     0.49503384E+003     0.31342626E+003     0.15254249E+004
     0.18195694E+002     0.49513000E+003    -0.37848564E+003     0.15240827E+004
     0.18199227E+002     0.49522616E+003    -0.96935723E+003     0.11904833E+004
     0.18202761E+002     0.49532232E+003    -0.11496297E+004     0.72591274E+003
     0.18206295E+002     0.49541848E+003    -0.16659241E+004     0.49171817E+003
     0.18209829E+002     0.49551464E+003    -0.17930299E+004    -0.40970260E+003
     0.18213363E+002     0.49561080E+003    -0.14393810E+004    -0.11693616E+004
     0.18216897E+002     0.49570696E+003    -0.79989378E+003    -0.16865870E+004
     0.18220430E+002     0.49580312E+003     0.78508174E+001    -0.18891721E+004
     0.18223964E+002     0.49589928E+003     0.85302311E+003    -0.17347759E+004
     0.18227498E+002     0.49599545E+003     0.15971680E+004    -0.12241591E+004
     0.18231032E+002     0.49609161E+003     0.21079067E+004    -0.39948020E+003
     0.18234566E+002     0.49618777E+003     0.22651303E+004     0.66826055E+003
     0.18238100E+002     0.49628393E+003     0.19431738E+004     0.18997235E+004
     0.18241633E+002     0.49638009E+003     0.91765361E+003     0.32218850E+004
     0.18245167E+002     0.49647625E+003    -0.15395378E+004     0.44217749E+004
     0.18248701E+002     0.49657241E+003    -0.79540365E+004     0.22331097E+004
     0.18252235E+002     0.49666857E+003     0.55721688E+003    -0.99131405E+004
     0.18255769E+002     0.49676473E+003     0.74163277E+004     0.12225986E+004
     0.18259302E+002     0.49686089E+003    -0.44576430E+004     0.57540851E+004
     0.18262836E+002     0.49695705E+003    -0.33355832E+004    -0.15244956E+004
     0.18266370E+002     0.49705321E+003    -0.11285813E+004    -0.21946978E+004
     0.18269904E+002     0.49714937E+003     0.54653590E+002    -0.20125802E+004
     0.18273438E+002     0.49724553E+003     0.84329141E+003    -0.15924540E+004
     0.18276972E+002     0.49734169E+003     0.13685302E+004    -0.10008405E+004
     0.18280505E+002     0.49743785E+003     0.16196993E+004    -0.29128893E+003
     0.18284039E+002     0.49753401E+003     0.15703006E+004     0.44536248E+003
     0.18287573E+002     0.49763017E+003     0.12265965E+004     0.10939597E+004
     0.18291107E+002     0.49772633E+003     0.64432041E+003     0.15413776E+004
     0.18294641E+002     0.49782249E+003    -0.74316084E+002     0.17035300E+004
     0.18298175E+002     0.49791865E+003    -0.79740178E+003     0.15460856E+004
     0.18301708E+002     0.49801481E+003    -0.13882874E+004     0.10944280E+004
     0.18305242E+002     0.49811097E+003    -0.17326365E+004     0.43092141E+003
     0.18308776E+002     0.49820713E+003    -0.17616198E+004    -0.31981587E+003
     0.18312310E+002     0.49830330E+003    -0.14663871E+004    -0.10145606E+004
     0.18315844E+002     0.49839946E+003    -0.90088255E+003    -0.15193992E+004
     0.18319378E+002     0.49849562E+003    -0.17228764E+003    -0.17368593E+004
     0.18322911E+002     0.49859178E+003     0.58100251E+003    -0.16296521E+004
     0.18326445E+002     0.49868794E+003     0.12551487E+004    -0.12237677E+004
     0.18329979E+002     0.49878410E+003     0.16608401E+004    -0.49395730E+003
     0.18333513E+002     0.49888026E+003     0.17036132E+004     0.29278842E+003
     0.18337047E+002     0.49897642E+003     0.14159588E+004     0.10263093E+004
     0.18340581E+002     0.49907258E+003     0.83921486E+003     0.15709035E+004
     0.18344114E+002     0.49916874E+003     0.77688819E+002     0.18101704E+004
     0.18347648E+002     0.49926490E+003    -0.68034768E+003     0.17002341E+004
     0.18351182E+002     0.49936106E+003    -0.13612711E+004     0.13042177E+004
     0.18354716E+002     0.49945722E+003    -0.18071261E+004     0.63012243E+003
     0.18358250E+002     0.49955338E+003    -0.19184755E+004    -0.17491387E+003
     0.18361784E+002     0.49964954E+003    -0.16744637E+004    -0.95552458E+003
     0.18365317E+002     0.49974570E+003    -0.11139158E+004    -0.15739301E+004
     0.18368851E+002     0.49984186E+003    -0.30964377E+003    -0.18630934E+004
     0.18372385E+002     0.49993802E+003     0.50750145E+003    -0.17869515E+004
     0.18375919E+002     0.50003418E+003     0.12253480E+004    -0.13742276E+004
     0.18379453E+002     0.50013034E+003     0.17025635E+004    -0.68920488E+003
     0.18382987E+002     0.50022650E+003     0.18415319E+004     0.13977808E+003
     0.18386520E+002     0.50032266E+003     0.16103746E+004     0.95341851E+003
     0.18390054E+002     0.50041882E+003     0.10492811E+004     0.15932105E+004
     0.18393588E+002     0.50051498E+003     0.26334417E+003     0.19324951E+004
     0.18397122E+002     0.50061115E+003    -0.59718756E+003     0.19015732E+004
     0.18400656E+002     0.50070731E+003    -0.13656725E+004     0.15019757E+004
     0.18404190E+002     0.50080347E+003    -0.18911664E+004     0.80712923E+003
     0.18407723E+002     0.50089963E+003    -0.20683752E+004    -0.51026647E+002
     0.18411257E+002     0.50099579E+003    -0.18584586E+004    -0.90706198E+003
     0.18414791E+002     0.50109195E+003    -0.12977030E+004    -0.15937590E+004
     0.18418325E+002     0.50118811E+003    -0.49141059E+003    -0.19748262E+004
     0.18421859E+002     0.50128427E+003     0.40571570E+003    -0.19719207E+004
     0.18425393E+002     0.50138043E+003     0.12190901E+004    -0.15807730E+004
     0.18428926E+002     0.50147659E+003     0.17879015E+004    -0.87316952E+003
     0.18432460E+002     0.50157275E+003     0.19978691E+004     0.14392578E+002
     0.18435994E+002     0.50166891E+003     0.18048001E+004     0.91295686E+003
     0.18439528E+002     0.50176507E+003     0.12389770E+004     0.16447613E+004
     0.18443062E+002     0.50186123E+003     0.40796595E+003     0.20633147E+004
     0.18446596E+002     0.50195739E+003    -0.52760000E+003     0.20824224E+004
     0.18450129E+002     0.50205355E+003    -0.13842681E+004     0.16936482E+004
     0.18453663E+002     0.50214971E+003    -0.19916869E+004     0.96940397E+003
     0.18457197E+002     0.50224587E+003    -0.22268206E+004     0.50093790E+002
     0.18460731E+002     0.50234203E+003    -0.20397274E+004    -0.88254708E+003
     0.18464265E+002     0.50243819E+003    -0.14657445E+004    -0.16410958E+004
     0.18467798E+002     0.50253435E+003    -0.62187382E+003    -0.20706630E+004
     0.18471332E+002     0.50263051E+003     0.31124175E+003    -0.20838747E+004
     0.18474866E+002     0.50272667E+003     0.11156151E+004    -0.16933048E+004
     0.18478400E+002     0.50282283E+003     0.15706600E+004    -0.10883656E+004
     0.18481934E+002     0.50291900E+003     0.20776285E+004    -0.87570155E+003
     0.18485468E+002     0.50301516E+003     0.26473804E+004     0.86295067E+003
     0.18489001E+002     0.50311132E+003     0.17345243E+004     0.20297768E+004
     0.18492535E+002     0.50320748E+003     0.59944625E+003     0.25721569E+004
     0.18496069E+002     0.50330364E+003    -0.60442612E+003     0.25869323E+004
     0.18499603E+002     0.50339980E+003    -0.16865145E+004     0.20924834E+004
     0.18503137E+002     0.50349596E+003    -0.24487062E+004     0.11800525E+004
     0.18506671E+002     0.50359212E+003    -0.27392094E+004     0.22735124E+002
     0.18510204E+002     0.50368828E+003    -0.24925455E+004    -0.11487258E+004
     0.18513738E+002     0.50378444E+003    -0.17605812E+004    -0.20927108E+004
     0.18517272E+002     0.50388060E+003    -0.70425889E+003    -0.26261973E+004
     0.18520806E+002     0.50397676E+003     0.45976480E+003    -0.26809907E+004
     0.18524340E+002     0.50407292E+003     0.15562139E+004    -0.23091910E+004
     0.18527874E+002     0.50416908E+003     0.25450519E+004    -0.15981780E+004
     0.18531407E+002     0.50426524E+003     0.35831449E+004    -0.45262543E+003
     0.18534941E+002     0.50436140E+003     0.48449286E+004     0.23868075E+004
     0.18538475E+002     0.50445756E+003    -0.21883458E+004     0.72486227E+004
     0.18542009E+002     0.50455372E+003    -0.29848782E+004     0.60542406E+003
     0.18545543E+002     0.50464988E+003    -0.14411142E+004    -0.25782473E+003
     0.18549077E+002     0.50474604E+003    -0.78682665E+003    -0.31601142E+003
     0.18552610E+002     0.50484220E+003    -0.47162896E+003    -0.26282909E+003
     0.18556144E+002     0.50493836E+003    -0.30185524E+003    -0.20020256E+003
     0.18559678E+002     0.50503452E+003    -0.20225201E+003    -0.14722452E+003
     0.18563212E+002     0.50513069E+003    -0.13968979E+003    -0.10640934E+003
     0.18566746E+002     0.50522685E+003    -0.98323728E+002    -0.76408633E+002
     0.18570280E+002     0.50532301E+003    -0.70097530E+002    -0.55012360E+002
     0.18573813E+002     0.50541917E+003    -0.50603917E+002    -0.40024738E+002
     0.18577347E+002     0.50551533E+003    -0.37106984E+002    -0.29580446E+002
     0.18580881E+002     0.50561149E+003    -0.27899381E+002    -0.22150744E+002
     0.18584415E+002     0.50570765E+003    -0.21755916E+002    -0.16773249E+002
     0.18587949E+002     0.50580381E+003    -0.17799123E+002    -0.12754323E+002
     0.18591483E+002     0.50589997E+003    -0.15432623E+002    -0.96470919E+001
     0.18595016E+002     0.50599613E+003    -0.14263334E+002    -0.71724708E+001
     0.18598550E+002     0.50609229E+003    -0.14055316E+002    -0.51632210E+001
     0.18602084E+002     0.50618845E+003    -0.14703934E+002    -0.35308740E+001
     0.18605618E+002     0.50628461E+003    -0.16232653E+002    -0.22531100E+001
     0.18609152E+002     0.50638077E+003    -0.18822745E+002    -0.13857246E+001
     0.18612686E+002     0.50647693E+003    -0.22905295E+002    -0.11223575E+001
     0.18616219E+002     0.50657309E+003    -0.29399625E+002    -0.19928467E+001
     0.18619753E+002     0.50666925E+003    -0.40336118E+002    -0.56134792E+001
     0.18623287E+002     0.50676541E+003    -0.60163347E+002    -0.17901520E+002
     0.18626821E+002     0.50686157E+003    -0.94846571E+002    -0.71648056E+002
     0.18630355E+002     0.50695773E+003     0.44558479E+002    -0.19917846E+003
     0.18633889E+002     0.50705389E+003     0.10633738E+003    -0.48766293E+002
     0.18637422E+002     0.50715005E+003     0.74978111E+002    -0.89181235E+001
     0.18640956E+002     0.50724621E+003     0.58339007E+002     0.31169247E+001
     0.18644490E+002     0.50734237E+003     0.49373241E+002     0.88656336E+001
     0.18648024E+002     0.50743854E+003     0.44262448E+002     0.12645614E+002
     0.18651558E+002     0.50753470E+003     0.41375184E+002     0.15759824E+002
     0.18655092E+002     0.50763086E+003     0.39960514E+002     0.18760084E+002
     0.18658625E+002     0.50772702E+003     0.39667261E+002     0.21977267E+002
     0.18662159E+002     0.50782318E+003     0.40362084E+002     0.25692415E+002
     0.18665693E+002     0.50791934E+003     0.42063279E+002     0.30214980E+002
     0.18669227E+002     0.50801550E+003     0.44930234E+002     0.35937468E+002
     0.18672761E+002     0.50811166E+003     0.49290181E+002     0.43390124E+002
     0.18676294E+002     0.50820782E+003     0.55700216E+002     0.53306737E+002
     0.18679828E+002     0.50830398E+003     0.65048397E+002     0.66709262E+002
     0.18683362E+002     0.50840014E+003     0.78697509E+002     0.85023211E+002
     0.18686896E+002     0.50849630E+003     0.98657171E+002     0.11025513E+003
     0.18690430E+002     0.50859246E+003     0.12775283E+003     0.14532510E+003
     0.18693964E+002     0.50868862E+003     0.16973328E+003     0.19480165E+003
     0.18697497E+002     0.50878478E+003     0.22929222E+003     0.26658770E+003
     0.18701031E+002     0.50888094E+003     0.31183547E+003     0.37571778E+003
     0.18704565E+002     0.50897710E+003     0.42279476E+003     0.55230976E+003
     0.18708099E+002     0.50907326E+003     0.56356638E+003     0.86098531E+003
     0.18711633E+002     0.50916942E+003     0.71027762E+003     0.14521853E+004
     0.18715167E+002     0.50926558E+003     0.69001870E+003     0.27273305E+004
     0.18718700E+002     0.50936174E+003    -0.86920300E+003     0.58559588E+004
     0.18722234E+002     0.50945790E+003    -0.13188627E+005     0.41278119E+004
     0.18725768E+002     0.50955406E+003    -0.53313401E+004    -0.81948570E+004
     0.18729302E+002     0.50965022E+003    -0.10026100E+003    -0.67958644E+004
     0.18732836E+002     0.50974639E+003     0.22998830E+004    -0.52854101E+004
     0.18736370E+002     0.50984255E+003     0.39458570E+004    -0.36887618E+004
     0.18739903E+002     0.50993871E+003     0.50195543E+004    -0.17530470E+004
     0.18743437E+002     0.51003487E+003     0.53266225E+004     0.48019487E+003
     0.18746971E+002     0.51013103E+003     0.46893334E+004     0.27030854E+004
     0.18750505E+002     0.51022719E+003     0.31398310E+004     0.44781326E+004
     0.18754039E+002     0.51032335E+003     0.95213230E+003     0.54185864E+004
     0.18757573E+002     0.51041951E+003    -0.14389984E+004     0.53161986E+004
     0.18761106E+002     0.51051567E+003    -0.35553407E+004     0.41857015E+004
     0.18764640E+002     0.51061183E+003    -0.49791320E+004     0.22483763E+004
     0.18768174E+002     0.51070799E+003    -0.54307733E+004    -0.11930154E+003
     0.18771708E+002     0.51080415E+003    -0.48186450E+004    -0.24589493E+004
     0.18775242E+002     0.51090031E+003    -0.32542820E+004    -0.43174009E+004
     0.18778776E+002     0.51099647E+003    -0.10321154E+004    -0.53301283E+004
     0.18782309E+002     0.51109263E+003     0.14236509E+004    -0.52923635E+004
     0.18785843E+002     0.51118879E+003     0.36410031E+004    -0.41999384E+004
     0.18789377E+002     0.51128495E+003     0.51887217E+004    -0.22506142E+004
     0.18792911E+002     0.51138111E+003     0.57591348E+004     0.19106833E+003
     0.18796445E+002     0.51147727E+003     0.52281907E+004     0.26616194E+004
     0.18799979E+002     0.51157343E+003     0.36812219E+004     0.46858170E+004
     0.18803512E+002     0.51166959E+003     0.13992788E+004     0.58670970E+004
     0.18807046E+002     0.51176575E+003    -0.11917438E+004     0.59639750E+004
     0.18810580E+002     0.51186191E+003    -0.35999318E+004     0.49383287E+004
     0.18814114E+002     0.51195807E+003    -0.53600704E+004     0.29656852E+004
     0.18817648E+002     0.51205424E+003    -0.61221818E+004     0.40500365E+003
     0.18821182E+002     0.51215040E+003    -0.57197822E+004    -0.22660419E+004
     0.18824715E+002     0.51224656E+003    -0.42046794E+004    -0.45396580E+004
     0.18828249E+002     0.51234272E+003    -0.18410129E+004    -0.59734608E+004
     0.18831783E+002     0.51243888E+003     0.94071179E+003    -0.62752990E+004
     0.18835317E+002     0.51253504E+003     0.36217264E+004    -0.53612844E+004
     0.18838851E+002     0.51263120E+003     0.56910558E+004    -0.33757157E+004
     0.18842385E+002     0.51272736E+003     0.67418925E+004    -0.66854754E+003
     0.18845918E+002     0.51282352E+003     0.65502376E+004     0.22660936E+004
     0.18849452E+002     0.51291968E+003     0.51208939E+004     0.48794072E+004
     0.18852986E+002     0.51301584E+003     0.26931990E+004     0.66689901E+004
     0.18856520E+002     0.51311200E+003    -0.30146504E+003     0.72826615E+004
     0.18860054E+002     0.51320816E+003    -0.33202877E+004     0.65669641E+004
     0.18863588E+002     0.51330432E+003    -0.57925344E+004     0.46206938E+004
     0.18867121E+002     0.51340048E+003    -0.72398622E+004     0.17749901E+004
     0.18870655E+002     0.51349664E+003    -0.73623337E+004    -0.14635308E+004
     0.18874189E+002     0.51359280E+003    -0.60985023E+004    -0.45019547E+004
     0.18877723E+002     0.51368896E+003    -0.36426473E+004    -0.67688000E+004
     0.18881257E+002     0.51378512E+003    -0.41514557E+003    -0.78202419E+004
     0.18884790E+002     0.51388128E+003     0.30095739E+004    -0.74252943E+004
     0.18888324E+002     0.51397744E+003     0.60053207E+004    -0.56135302E+004
     0.18891858E+002     0.51407360E+003     0.80073324E+004    -0.26759037E+004
     0.18895392E+002     0.51416976E+003     0.86177677E+004     0.88126579E+003
     0.18898926E+002     0.51426592E+003     0.76833614E+004     0.44243195E+004
     0.18902460E+002     0.51436209E+003     0.53285050E+004     0.73047360E+004
     0.18905993E+002     0.51445825E+003     0.19401527E+004     0.89766548E+004
     0.18909527E+002     0.51455441E+003    -0.18962100E+004     0.90986491E+004
     0.18913061E+002     0.51465057E+003    -0.54973339E+004     0.76008897E+004
     0.18916595E+002     0.51474673E+003    -0.82038485E+004     0.47046623E+004
     0.18920129E+002     0.51484289E+003    -0.94998146E+004     0.88913016E+003
     0.18923663E+002     0.51493905E+003    -0.91083949E+004    -0.31884248E+004
     0.18927196E+002     0.51503521E+003    -0.70479895E+004    -0.68057084E+004
     0.18930730E+002     0.51513137E+003    -0.36360275E+004    -0.93043035E+004
     0.18934264E+002     0.51522753E+003     0.56199160E+003    -0.10207824E+005
     0.18937798E+002     0.51532369E+003     0.48261377E+004    -0.93105481E+004
     0.18941332E+002     0.51541985E+003     0.84066834E+004    -0.67205879E+004
     0.18944866E+002     0.51551601E+003     0.10656219E+005    -0.28475004E+004
     0.18948399E+002     0.51561217E+003     0.11146614E+005     0.16650882E+004
     0.18951933E+002     0.51570833E+003     0.97437730E+004     0.60447810E+004
     0.18955467E+002     0.51580449E+003     0.66459164E+004     0.95219759E+004
     0.18959001E+002     0.51590065E+003     0.23513830E+004     0.11471714E+005
     0.18962535E+002     0.51599681E+003    -0.24262571E+004     0.11517343E+005
     0.18966069E+002     0.51609297E+003    -0.68707868E+004     0.96040102E+004
     0.18969602E+002     0.51618913E+003    -0.10205881E+005     0.60155304E+004
     0.18973136E+002     0.51628529E+003    -0.11829879E+005     0.13319663E+004
     0.18976670E+002     0.51638145E+003    -0.11423189E+005    -0.36638895E+004
     0.18980204E+002     0.51647761E+003    -0.90093649E+004    -0.81161459E+004
     0.18983738E+002     0.51657378E+003    -0.49587271E+004    -0.11239154E+005
     0.18987272E+002     0.51666994E+003     0.65304723E+002    -0.12448020E+005
     0.18990805E+002     0.51676610E+003     0.52026784E+004    -0.11449008E+005
     0.18994339E+002     0.51686226E+003     0.94909175E+004    -0.82469269E+004
     0.18997873E+002     0.51695842E+003     0.11580787E+005    -0.31336692E+004
