     0.00000000E+000    -0.18772139E-001    -0.19771441E-011    -0.19794300E-011
     0.80000000E-002    -0.18772139E-001    -0.20177857E-011     0.19836251E-003
     0.16000000E-001    -0.18772140E-001    -0.20455830E-011     0.35901686E-003
     0.24000000E-001    -0.18772139E-001    -0.20392415E-011     0.47597705E-003
     0.32000000E-001    -0.18772136E-001    -0.19857131E-011     0.55909357E-003
     0.40000000E-001    -0.18772134E-001    -0.18971113E-011     0.61893558E-003
     0.48000000E-001    -0.18772135E-001    -0.18078436E-011     0.64387803E-003
     0.56000000E-001    -0.18772138E-001    -0.17454342E-011     0.61030687E-003
     0.64000000E-001    -0.18772139E-001    -0.17159251E-011     0.52260341E-003
     0.72000000E-001    -0.18772138E-001    -0.17195411E-011     0.40699254E-003
     0.80000000E-001    -0.18772137E-001    -0.17715385E-011     0.29438325E-003
     0.88000000E-001    -0.18772138E-001    -0.18979121E-011     0.19747617E-003
     0.96000000E-001    -0.18772138E-001    -0.20971179E-011     0.10063648E-003
     0.10400000E+000    -0.18772138E-001    -0.23183746E-011    -0.13130252E-005
     0.11200000E+000    -0.18772135E-001    -0.24925569E-011    -0.93114243E-004
     0.12000000E+000    -0.18772132E-001    -0.25812012E-011    -0.15469242E-003
     0.12800000E+000    -0.18772131E-001    -0.25927229E-011    -0.17695038E-003
     0.13600000E+000    -0.18772129E-001    -0.25432402E-011    -0.18227876E-003
     0.14400000E+000    -0.18772128E-001    -0.24139937E-011    -0.19461755E-003
     0.15200000E+000    -0.18772125E-001    -0.21719277E-011    -0.21253148E-003
     0.16000000E+000    -0.18772122E-001    -0.18292038E-011    -0.22199710E-003
     0.16800000E+000    -0.18772124E-001    -0.14698518E-011    -0.20908885E-003
     0.17600000E+000    -0.18772125E-001    -0.11999377E-011    -0.18580288E-003
     0.18400000E+000    -0.18772127E-001    -0.10661695E-011    -0.17780351E-003
     0.19200000E+000    -0.18772128E-001    -0.10438320E-011    -0.18625096E-003
     0.20000000E+000    -0.18772128E-001    -0.11034982E-011    -0.19313998E-003
     0.20800000E+000    -0.18772130E-001    -0.12700941E-011    -0.17479016E-003
     0.21600000E+000    -0.18772133E-001    -0.15963487E-011    -0.12821949E-003
     0.22400000E+000    -0.18772135E-001    -0.20684026E-011    -0.79537845E-004
     0.23200000E+000    -0.18772135E-001    -0.25657565E-011    -0.43132198E-004
     0.24000000E+000    -0.18772135E-001    -0.29376284E-011    -0.11277021E-004
     0.24800000E+000    -0.18772136E-001    -0.31142282E-011     0.34633329E-004
     0.25600000E+000    -0.18772137E-001    -0.31339426E-011     0.10374471E-003
     0.26400000E+000    -0.18772138E-001    -0.30535559E-011     0.17123317E-003
     0.27200000E+000    -0.18772140E-001    -0.28572407E-011     0.20967040E-003
     0.28000000E+000    -0.18772141E-001    -0.24872387E-011     0.21611411E-003
     0.28800000E+000    -0.18772144E-001    -0.19569444E-011     0.20585908E-003
     0.29600000E+000    -0.18772147E-001    -0.14077536E-011     0.19994838E-003
     0.30400000E+000    -0.18772149E-001    -0.10232799E-011     0.19248512E-003
     0.31200000E+000    -0.18772149E-001    -0.88354600E-012     0.16118362E-003
     0.32000000E+000    -0.18772149E-001    -0.93028026E-012     0.10291806E-003
     0.32800000E+000    -0.18772148E-001    -0.10727171E-011     0.33125541E-004
     0.33600000E+000    -0.18772146E-001    -0.13006366E-011    -0.21297492E-004
     0.34400000E+000    -0.18772144E-001    -0.16661014E-011    -0.52009753E-004
     0.35200000E+000    -0.18772142E-001    -0.21526358E-011    -0.79385662E-004
     0.36000000E+000    -0.18772140E-001    -0.26113672E-011    -0.11537831E-003
     0.36800000E+000    -0.18772138E-001    -0.28617565E-011    -0.15390473E-003
     0.37600000E+000    -0.18772137E-001    -0.28491396E-011    -0.17489563E-003
     0.38400000E+000    -0.18772137E-001    -0.26807411E-011    -0.16488707E-003
     0.39200000E+000    -0.18772137E-001    -0.24893379E-011    -0.14230995E-003
     0.40000000E+000    -0.18772138E-001    -0.22913561E-011    -0.12755968E-003
     0.40800000E+000    -0.18772139E-001    -0.20152622E-011    -0.12091212E-003
     0.41600000E+000    -0.18772141E-001    -0.16551653E-011    -0.10571621E-003
     0.42400000E+000    -0.18772144E-001    -0.13539892E-011    -0.61053022E-004
     0.43200000E+000    -0.18772145E-001    -0.12904306E-011     0.35024226E-005
     0.44000000E+000    -0.18772148E-001    -0.14881385E-011     0.60935369E-004
     0.44800000E+000    -0.18772149E-001    -0.17834134E-011     0.10035925E-003
     0.45600000E+000    -0.18772148E-001    -0.19941243E-011     0.12941700E-003
     0.46400000E+000    -0.18772148E-001    -0.20985117E-011     0.16956623E-003
     0.47200000E+000    -0.18772148E-001    -0.22141413E-011     0.22180291E-003
     0.48000000E+000    -0.18772148E-001    -0.23999367E-011     0.25805450E-003
     0.48800000E+000    -0.18772149E-001    -0.25369252E-011     0.25846105E-003
     0.49600000E+000    -0.18772148E-001    -0.24428244E-011     0.22363332E-003
     0.50400000E+000    -0.18772149E-001    -0.20904793E-011     0.17636630E-003
     0.51200000E+000    -0.18772151E-001    -0.16714583E-011     0.13628965E-003
     0.52000000E+000    -0.18772153E-001    -0.14120484E-011     0.90872354E-004
     0.52800000E+000    -0.18772152E-001    -0.13580229E-011     0.23103743E-004
     0.53600000E+000    -0.18772150E-001    -0.13822822E-011    -0.67487491E-004
     0.54400000E+000    -0.18772146E-001    -0.13919069E-011    -0.16006137E-003
     0.55200000E+000    -0.18772144E-001    -0.14785967E-011    -0.22431035E-003
     0.56000000E+000    -0.18772142E-001    -0.18131560E-011    -0.25924441E-003
     0.56800000E+000    -0.18772139E-001    -0.24052228E-011    -0.28291418E-003
     0.57600000E+000    -0.18772136E-001    -0.30302312E-011    -0.30445213E-003
     0.58400000E+000    -0.18772133E-001    -0.34166889E-011    -0.31725376E-003
     0.59200000E+000    -0.18772131E-001    -0.34825337E-011    -0.29853437E-003
     0.60000000E+000    -0.18772131E-001    -0.33444042E-011    -0.24506632E-003
     0.60800000E+000    -0.18772129E-001    -0.30975746E-011    -0.18153752E-003
     0.61600000E+000    -0.18772125E-001    -0.26625101E-011    -0.12865742E-003
     0.62400000E+000    -0.18772121E-001    -0.19008812E-011    -0.91771681E-004
     0.63200000E+000    -0.18772119E-001    -0.86790222E-012    -0.53791638E-004
     0.64000000E+000    -0.18772118E-001     0.11369107E-012    -0.10655410E-005
     0.64800000E+000    -0.18772116E-001     0.68357345E-012     0.49993594E-004
     0.65600000E+000    -0.18772114E-001     0.72286969E-012     0.79801786E-004
     0.66400000E+000    -0.18772112E-001     0.36697182E-012     0.83698902E-004
     0.67200000E+000    -0.18772112E-001    -0.23913732E-012     0.80532091E-004
     0.68000000E+000    -0.18772114E-001    -0.11324164E-011     0.98691505E-004
     0.68800000E+000    -0.18772115E-001    -0.24134304E-011     0.13589288E-003
     0.69600000E+000    -0.18772116E-001    -0.39596410E-011     0.17070622E-003
     0.70400000E+000    -0.18772118E-001    -0.53454718E-011     0.18837996E-003
     0.71200000E+000    -0.18772121E-001    -0.61027543E-011     0.19268849E-003
     0.72000000E+000    -0.18772126E-001    -0.60611917E-011     0.20759310E-003
     0.72800000E+000    -0.18772129E-001    -0.53952405E-011     0.23723904E-003
     0.73600000E+000    -0.18772129E-001    -0.43433606E-011     0.25751022E-003
     0.74400000E+000    -0.18772130E-001    -0.29624603E-011     0.24503000E-003
     0.75200000E+000    -0.18772130E-001    -0.12106828E-011     0.19253969E-003
     0.76000000E+000    -0.18772130E-001     0.75689583E-012     0.12236422E-003
     0.76800000E+000    -0.18772131E-001     0.24715649E-011     0.57368978E-004
     0.77600000E+000    -0.18772130E-001     0.34126435E-011    -0.79898770E-005
     0.78400000E+000    -0.18772128E-001     0.33743248E-011    -0.86388135E-004
     0.79200000E+000    -0.18772128E-001     0.25364180E-011    -0.18183104E-003
     0.80000000E+000    -0.18772129E-001     0.11860684E-011    -0.27353296E-003
     0.80800000E+000    -0.18772129E-001    -0.56318688E-012    -0.32853366E-003
     0.81600000E+000    -0.18772127E-001    -0.27095218E-011    -0.34201035E-003
     0.82400000E+000    -0.18772124E-001    -0.50625579E-011    -0.32860612E-003
     0.83200000E+000    -0.18772124E-001    -0.71215488E-011    -0.30326314E-003
     0.84000000E+000    -0.18772125E-001    -0.83310562E-011    -0.26559464E-003
     0.84800000E+000    -0.18772127E-001    -0.84619510E-011    -0.19519600E-003
     0.85600000E+000    -0.18772127E-001    -0.76881419E-011    -0.90837040E-004
     0.86400000E+000    -0.18772126E-001    -0.62880249E-011     0.23028341E-004
     0.87200000E+000    -0.18772128E-001    -0.43590351E-011     0.11968594E-003
     0.88000000E+000    -0.18772130E-001    -0.18923446E-011     0.18553566E-003
     0.88800000E+000    -0.18772134E-001     0.89521596E-012     0.23625776E-003
     0.89600000E+000    -0.18772137E-001     0.34189717E-011     0.28636215E-003
     0.90400000E+000    -0.18772139E-001     0.50207628E-011     0.32359353E-003
     0.91200000E+000    -0.18772144E-001     0.54022766E-011     0.32889945E-003
     0.92000000E+000    -0.18772148E-001     0.47267539E-011     0.29193456E-003
     0.92800000E+000    -0.18772151E-001     0.33006898E-011     0.23175151E-003
     0.93600000E+000    -0.18772151E-001     0.12353428E-011     0.18132570E-003
     0.94400000E+000    -0.18772150E-001    -0.14861441E-011     0.14651226E-003
     0.95200000E+000    -0.18772149E-001    -0.46371127E-011     0.11348869E-003
     0.96000000E+000    -0.18772148E-001    -0.75695081E-011     0.65593348E-004
     0.96800000E+000    -0.18772144E-001    -0.95111272E-011     0.54014599E-005
     0.97600000E+000    -0.18772139E-001    -0.10066575E-010    -0.39682511E-004
     0.98400000E+000    -0.18772134E-001    -0.93808153E-011    -0.59213075E-004
     0.99200000E+000    -0.18772130E-001    -0.78166926E-011    -0.68192288E-004
     0.10000000E+001    -0.18772126E-001    -0.55695564E-011    -0.89737242E-004
     0.10080000E+001    -0.18772123E-001    -0.26751228E-011    -0.13585538E-003
     0.10160000E+001    -0.18772119E-001     0.62935676E-012    -0.18572231E-003
     0.10240000E+001    -0.18772117E-001     0.36935644E-011    -0.21672163E-003
     0.10320000E+001    -0.18772117E-001     0.57364069E-011    -0.23029793E-003
     0.10400000E+001    -0.18772119E-001     0.63507870E-011    -0.23971961E-003
     0.10480000E+001    -0.18772121E-001     0.56884040E-011    -0.25758828E-003
     0.10560000E+001    -0.18772126E-001     0.41450899E-011    -0.26972057E-003
     0.10640000E+001    -0.18772130E-001     0.19456036E-011    -0.24907984E-003
     0.10720000E+001    -0.18772133E-001    -0.86591326E-012    -0.19303052E-003
     0.10800000E+001    -0.18772139E-001    -0.40667496E-011    -0.11794005E-003
     0.10880000E+001    -0.18772143E-001    -0.70383352E-011    -0.47692920E-004
     0.10960000E+001    -0.18772146E-001    -0.90370965E-011     0.11794947E-004
     0.11040000E+001    -0.18772149E-001    -0.97076040E-011     0.79044116E-004
     0.11120000E+001    -0.18772149E-001    -0.92547284E-011     0.15788036E-003
     0.11200000E+001    -0.18772149E-001    -0.80875687E-011     0.23140528E-003
     0.11280000E+001    -0.18772149E-001    -0.63785292E-011     0.27456628E-003
     0.11360000E+001    -0.18772146E-001    -0.40584857E-011     0.27480955E-003
     0.11440000E+001    -0.18772143E-001    -0.12347138E-011     0.25391251E-003
     0.11520000E+001    -0.18772140E-001     0.15299621E-011     0.23466432E-003
     0.11600000E+001    -0.18772135E-001     0.34911764E-011     0.21699527E-003
     0.11680000E+001    -0.18772132E-001     0.42766201E-011     0.18675964E-003
     0.11760000E+001    -0.18772130E-001     0.40997307E-011     0.12967118E-003
     0.11840000E+001    -0.18772128E-001     0.33915574E-011     0.62068184E-004
     0.11920000E+001    -0.18772129E-001     0.22955145E-011     0.14831928E-004
     0.12000000E+001    -0.18772130E-001     0.63879157E-012    -0.36063226E-005
     0.12080000E+001    -0.18772129E-001    -0.16115982E-011    -0.60117282E-005
     0.12160000E+001    -0.18772129E-001    -0.39941358E-011    -0.17552588E-004
     0.12240000E+001    -0.18772130E-001    -0.57749001E-011    -0.43755826E-004
     0.12320000E+001    -0.18772131E-001    -0.65374303E-011    -0.62651562E-004
     0.12400000E+001    -0.18772132E-001    -0.64611341E-011    -0.63159299E-004
     0.12480000E+001    -0.18772133E-001    -0.59845500E-011    -0.54009886E-004
     0.12560000E+001    -0.18772133E-001    -0.52813197E-011    -0.59000064E-004
     0.12640000E+001    -0.18772135E-001    -0.41733716E-011    -0.93382019E-004
     0.12720000E+001    -0.18772137E-001    -0.25681229E-011    -0.13812965E-003
     0.12800000E+001    -0.18772138E-001    -0.83821975E-012    -0.17050290E-003
     0.12880000E+001    -0.18772140E-001     0.37425001E-012    -0.18547498E-003
     0.12960000E+001    -0.18772142E-001     0.72738496E-012    -0.19447773E-003
     0.13040000E+001    -0.18772146E-001     0.46542948E-012    -0.21394055E-003
     0.13120000E+001    -0.18772151E-001     0.81039212E-013    -0.23213668E-003
     0.13200000E+001    -0.18772153E-001    -0.23549664E-012    -0.22429612E-003
     0.13280000E+001    -0.18772153E-001    -0.69122831E-012    -0.18401674E-003
     0.13360000E+001    -0.18772155E-001    -0.14512203E-011    -0.12420277E-003
     0.13440000E+001    -0.18772156E-001    -0.22447200E-011    -0.71953405E-004
     0.13520000E+001    -0.18772154E-001    -0.25508692E-011    -0.34464945E-004
     0.13600000E+001    -0.18772151E-001    -0.21844388E-011     0.70531373E-005
     0.13680000E+001    -0.18772146E-001    -0.15637440E-011     0.61804234E-004
     0.13760000E+001    -0.18772142E-001    -0.13120596E-011     0.12130432E-003
     0.13840000E+001    -0.18772141E-001    -0.16390113E-011     0.16031682E-003
     0.13920000E+001    -0.18772138E-001    -0.22118388E-011     0.16357226E-003
     0.14000000E+001    -0.18772135E-001    -0.26542899E-011     0.15071864E-003
     0.14080000E+001    -0.18772134E-001    -0.30354162E-011     0.14469149E-003
     0.14160000E+001    -0.18772133E-001    -0.37311308E-011     0.15092090E-003
     0.14240000E+001    -0.18772135E-001    -0.48277597E-011     0.15350573E-003
     0.14320000E+001    -0.18772138E-001    -0.58050092E-011     0.12963727E-003
     0.14400000E+001    -0.18772138E-001    -0.59373474E-011     0.87511170E-004
     0.14480000E+001    -0.18772139E-001    -0.49843275E-011     0.51827290E-004
     0.14560000E+001    -0.18772141E-001    -0.33737902E-011     0.34530566E-004
     0.14640000E+001    -0.18772143E-001    -0.16949421E-011     0.27623856E-004
     0.14720000E+001    -0.18772146E-001    -0.11900850E-012     0.50843253E-005
     0.14800000E+001    -0.18772145E-001     0.15630164E-011    -0.38466753E-004
     0.14880000E+001    -0.18772142E-001     0.33619439E-011    -0.80314379E-004
     0.14960000E+001    -0.18772140E-001     0.47371435E-011    -0.10143539E-003
     0.15040000E+001    -0.18772138E-001     0.49487711E-011    -0.98188769E-004
     0.15120000E+001    -0.18772137E-001     0.37374607E-011    -0.89867788E-004
     0.15200000E+001    -0.18772134E-001     0.15468509E-011    -0.91314095E-004
     0.15280000E+001    -0.18772130E-001    -0.96774172E-012    -0.87258351E-004
     0.15360000E+001    -0.18772126E-001    -0.35295525E-011    -0.59155834E-004
     0.15440000E+001    -0.18772123E-001    -0.62242389E-011    -0.20250309E-005
     0.15520000E+001    -0.18772122E-001    -0.89451357E-011     0.65942152E-004
     0.15600000E+001    -0.18772118E-001    -0.11037018E-010     0.11701136E-003
     0.15680000E+001    -0.18772115E-001    -0.11661640E-010     0.15162976E-003
     0.15760000E+001    -0.18772114E-001    -0.10507021E-010     0.18476149E-003
     0.15840000E+001    -0.18772115E-001    -0.80148133E-011     0.22262177E-003
     0.15920000E+001    -0.18772119E-001    -0.48796954E-011     0.25327055E-003
     0.16000000E+001    -0.18772121E-001    -0.14313187E-011     0.24766522E-003
     0.16080000E+001    -0.18772122E-001     0.23510251E-011     0.19988247E-003
     0.16160000E+001    -0.18772126E-001     0.62373123E-011     0.13212034E-003
     0.16240000E+001    -0.18772130E-001     0.93740242E-011     0.65884143E-004
     0.16320000E+001    -0.18772135E-001     0.10691864E-010     0.86885385E-005
     0.16400000E+001    -0.18772138E-001     0.97133257E-011    -0.56467154E-004
     0.16480000E+001    -0.18772140E-001     0.68700454E-011    -0.13987873E-003
     0.16560000E+001    -0.18772142E-001     0.29833309E-011    -0.22031827E-003
     0.16640000E+001    -0.18772147E-001    -0.14424698E-011    -0.27088016E-003
     0.16720000E+001    -0.18772151E-001    -0.62849730E-011    -0.27720144E-003
     0.16800000E+001    -0.18772152E-001    -0.11215916E-010    -0.25430215E-003
     0.16880000E+001    -0.18772152E-001    -0.15267506E-010    -0.23102983E-003
     0.16960000E+001    -0.18772152E-001    -0.17217344E-010    -0.20965506E-003
     0.17040000E+001    -0.18772152E-001    -0.16451974E-010    -0.17649620E-003
     0.17120000E+001    -0.18772151E-001    -0.13366154E-010    -0.12150934E-003
     0.17200000E+001    -0.18772148E-001    -0.88892222E-011    -0.54648356E-004
     0.17280000E+001    -0.18772142E-001    -0.37183906E-011    -0.78362267E-005
     0.17360000E+001    -0.18772137E-001     0.18513426E-011     0.71314940E-005
     0.17440000E+001    -0.18772132E-001     0.73956997E-011     0.55029563E-005
     0.17520000E+001    -0.18772125E-001     0.11927420E-010     0.79063876E-005
     0.17600000E+001    -0.18772118E-001     0.14231820E-010     0.24782438E-004
     0.17680000E+001    -0.18772110E-001     0.13699650E-010     0.39798087E-004
     0.17760000E+001    -0.18772102E-001     0.10735619E-010     0.40345619E-004
     0.17840000E+001    -0.18772097E-001     0.62817037E-011     0.40377282E-004
     0.17920000E+001    -0.18772093E-001     0.10465548E-011     0.60162512E-004
     0.18000000E+001    -0.18772090E-001    -0.46720049E-011     0.11171799E-003
     0.18080000E+001    -0.18772091E-001    -0.10454010E-010     0.17821387E-003
     0.18160000E+001    -0.18772094E-001    -0.15296887E-010     0.23016026E-003
     0.18240000E+001    -0.18772098E-001    -0.17957313E-010     0.26324654E-003
     0.18320000E+001    -0.18772105E-001    -0.17809439E-010     0.28819694E-003
     0.18400000E+001    -0.18772111E-001    -0.15258313E-010     0.31527148E-003
     0.18480000E+001    -0.18772117E-001    -0.11241730E-010     0.33455606E-003
     0.18560000E+001    -0.18772123E-001    -0.64039094E-011     0.31496103E-003
     0.18640000E+001    -0.18772127E-001    -0.91155431E-012     0.24709395E-003
     0.18720000E+001    -0.18772131E-001     0.49354256E-011     0.14863069E-003
     0.18800000E+001    -0.18772134E-001     0.10156264E-010     0.45882165E-004
     0.18880000E+001    -0.18772134E-001     0.13395860E-010    -0.45699685E-004
     0.18960000E+001    -0.18772132E-001     0.13857003E-010    -0.14043269E-003
     0.19040000E+001    -0.18772130E-001     0.11832268E-010    -0.24855417E-003
     0.19120000E+001    -0.18772125E-001     0.82413884E-011    -0.35323074E-003
     0.19200000E+001    -0.18772121E-001     0.37552447E-011    -0.42642943E-003
     0.19280000E+001    -0.18772117E-001    -0.14738109E-011    -0.44541478E-003
     0.19360000E+001    -0.18772114E-001    -0.72245466E-011    -0.42087808E-003
     0.19440000E+001    -0.18772112E-001    -0.12581015E-010    -0.38070027E-003
     0.19520000E+001    -0.18772113E-001    -0.16169753E-010    -0.33236951E-003
     0.19600000E+001    -0.18772114E-001    -0.17092899E-010    -0.26816595E-003
     0.19680000E+001    -0.18772117E-001    -0.15533637E-010    -0.17601034E-003
     0.19760000E+001    -0.18772122E-001    -0.12379019E-010    -0.65254365E-004
     0.19840000E+001    -0.18772124E-001    -0.83377274E-011     0.29821077E-004
     0.19920000E+001    -0.18772125E-001    -0.36066168E-011     0.91205111E-004
     0.20000000E+001    -0.18772126E-001     0.15996602E-011     0.12416139E-003
     0.20080000E+001    -0.18772127E-001     0.64433794E-011     0.14722550E-003
     0.20160000E+001    -0.18772130E-001     0.96621298E-011     0.17181101E-003
     0.20240000E+001    -0.18772132E-001     0.10468806E-010     0.18087762E-003
     0.20320000E+001    -0.18772131E-001     0.91383145E-011     0.16120767E-003
     0.20400000E+001    -0.18772132E-001     0.65958827E-011     0.12280649E-003
     0.20480000E+001    -0.18772134E-001     0.35131440E-011     0.88380472E-004
     0.20560000E+001    -0.18772134E-001    -0.36620155E-013     0.78800335E-004
     0.20640000E+001    -0.18772135E-001    -0.40192005E-011     0.83298642E-004
     0.20720000E+001    -0.18772134E-001    -0.77686714E-011     0.77493908E-004
     0.20800000E+001    -0.18772133E-001    -0.10165343E-010     0.57527451E-004
     0.20880000E+001    -0.18772135E-001    -0.10548888E-010     0.36093681E-004
     0.20960000E+001    -0.18772137E-001    -0.93176568E-011     0.33172037E-004
     0.21040000E+001    -0.18772136E-001    -0.74854247E-011     0.45623827E-004
     0.21120000E+001    -0.18772135E-001    -0.56789598E-011     0.45004696E-004
     0.21200000E+001    -0.18772134E-001    -0.37431789E-011     0.18106279E-004
     0.21280000E+001    -0.18772134E-001    -0.13636656E-011    -0.25763014E-004
     0.21360000E+001    -0.18772135E-001     0.11215405E-011    -0.61314373E-004
     0.21440000E+001    -0.18772135E-001     0.27652916E-011    -0.73178116E-004
     0.21520000E+001    -0.18772132E-001     0.29222738E-011    -0.79433264E-004
     0.21600000E+001    -0.18772132E-001     0.19430668E-011    -0.98192503E-004
     0.21680000E+001    -0.18772132E-001     0.80061326E-012    -0.12700184E-003
     0.21760000E+001    -0.18772132E-001     0.81701187E-013    -0.14547670E-003
     0.21840000E+001    -0.18772131E-001    -0.48824988E-012    -0.13050989E-003
     0.21920000E+001    -0.18772128E-001    -0.14570768E-011    -0.91315907E-004
     0.22000000E+001    -0.18772126E-001    -0.27575845E-011    -0.52879294E-004
     0.22080000E+001    -0.18772127E-001    -0.36443077E-011    -0.24710497E-004
     0.22160000E+001    -0.18772129E-001    -0.35351124E-011     0.12408468E-005
     0.22240000E+001    -0.18772129E-001    -0.27339693E-011     0.46047880E-004
     0.22320000E+001    -0.18772129E-001    -0.21416331E-011     0.10940829E-003
     0.22400000E+001    -0.18772129E-001    -0.22817738E-011     0.16564168E-003
     0.22480000E+001    -0.18772129E-001    -0.28201953E-011     0.19895525E-003
     0.22560000E+001    -0.18772131E-001    -0.31236155E-011     0.21119610E-003
     0.22640000E+001    -0.18772131E-001    -0.31295274E-011     0.22224415E-003
     0.22720000E+001    -0.18772129E-001    -0.34294789E-011     0.24361479E-003
     0.22800000E+001    -0.18772129E-001    -0.44328348E-011     0.25580346E-003
     0.22880000E+001    -0.18772130E-001    -0.56587110E-011     0.23966263E-003
     0.22960000E+001    -0.18772132E-001    -0.60735485E-011     0.19351609E-003
     0.23040000E+001    -0.18772133E-001    -0.51172534E-011     0.13524285E-003
     0.23120000E+001    -0.18772131E-001    -0.32278452E-011     0.86840523E-004
     0.23200000E+001    -0.18772132E-001    -0.12506894E-011     0.39375523E-004
     0.23280000E+001    -0.18772134E-001     0.52068414E-012    -0.28406681E-004
     0.23360000E+001    -0.18772138E-001     0.24750263E-011    -0.12169017E-003
     0.23440000E+001    -0.18772142E-001     0.48386930E-011    -0.22433049E-003
     0.23520000E+001    -0.18772144E-001     0.69205071E-011    -0.30360877E-003
     0.23600000E+001    -0.18772146E-001     0.74576393E-011    -0.34962452E-003
     0.23680000E+001    -0.18772150E-001     0.57621930E-011    -0.37893512E-003
     0.23760000E+001    -0.18772152E-001     0.23619011E-011    -0.40185203E-003
     0.23840000E+001    -0.18772152E-001    -0.15761144E-011    -0.41225373E-003
     0.23920000E+001    -0.18772149E-001    -0.53299661E-011    -0.38340016E-003
     0.24000000E+001    -0.18772144E-001    -0.89420959E-011    -0.29985583E-003
     0.24080000E+001    -0.18772141E-001    -0.12454616E-010    -0.18244219E-003
     0.24160000E+001    -0.18772140E-001    -0.15113810E-010    -0.59403048E-004
     0.24240000E+001    -0.18772137E-001    -0.15636410E-010     0.51869378E-004
     0.24320000E+001    -0.18772135E-001    -0.13326454E-010     0.15642152E-003
     0.24400000E+001    -0.18772134E-001    -0.87848866E-011     0.26732087E-003
     0.24480000E+001    -0.18772135E-001    -0.33847140E-011     0.36911100E-003
     0.24560000E+001    -0.18772137E-001     0.18543483E-011     0.43397357E-003
     0.24640000E+001    -0.18772140E-001     0.66864114E-011     0.44562221E-003
     0.24720000E+001    -0.18772143E-001     0.10983648E-010     0.41084759E-003
     0.24800000E+001    -0.18772148E-001     0.13959132E-010     0.35891373E-003
     0.24880000E+001    -0.18772154E-001     0.14382987E-010     0.30143098E-003
     0.24960000E+001    -0.18772161E-001     0.11655189E-010     0.22838488E-003
     0.25040000E+001    -0.18772166E-001     0.64758675E-011     0.13391482E-003
     0.25120000E+001    -0.18772171E-001     0.30784878E-012     0.26493649E-004
     0.25200000E+001    -0.18772172E-001    -0.57594911E-011    -0.62949257E-004
     0.25280000E+001    -0.18772172E-001    -0.11440117E-010    -0.11388889E-003
     0.25360000E+001    -0.18772172E-001    -0.16553746E-010    -0.13862654E-003
     0.25440000E+001    -0.18772169E-001    -0.20213976E-010    -0.15640386E-003
     0.25520000E+001    -0.18772165E-001    -0.21056191E-010    -0.17771006E-003
     0.25600000E+001    -0.18772162E-001    -0.18370788E-010    -0.18948704E-003
     0.25680000E+001    -0.18772159E-001    -0.12856703E-010    -0.17259196E-003
     0.25760000E+001    -0.18772157E-001    -0.60764025E-011    -0.13841017E-003
     0.25840000E+001    -0.18772154E-001     0.76795737E-012    -0.11258481E-003
     0.25920000E+001    -0.18772150E-001     0.73325796E-011    -0.11322413E-003
     0.26000000E+001    -0.18772146E-001     0.13425070E-010    -0.13393464E-003
     0.26080000E+001    -0.18772143E-001     0.18086551E-010    -0.14480085E-003
     0.26160000E+001    -0.18772141E-001     0.19753048E-010    -0.13566762E-003
     0.26240000E+001    -0.18772138E-001     0.17465966E-010    -0.12033749E-003
     0.26320000E+001    -0.18772136E-001     0.11775869E-010    -0.11407397E-003
     0.26400000E+001    -0.18772133E-001     0.43131238E-011    -0.11793501E-003
     0.26480000E+001    -0.18772130E-001    -0.34775407E-011    -0.10534266E-003
     0.26560000E+001    -0.18772127E-001    -0.10997470E-010    -0.57501343E-004
     0.26640000E+001    -0.18772123E-001    -0.17899462E-010     0.12980304E-004
     0.26720000E+001    -0.18772118E-001    -0.23177391E-010     0.81982250E-004
     0.26800000E+001    -0.18772116E-001    -0.25249103E-010     0.12954202E-003
     0.26880000E+001    -0.18772112E-001    -0.23108671E-010     0.16252069E-003
     0.26960000E+001    -0.18772109E-001    -0.17275641E-010     0.19835100E-003
     0.27040000E+001    -0.18772109E-001    -0.94257116E-011     0.22958218E-003
     0.27120000E+001    -0.18772110E-001    -0.11380343E-011     0.23592247E-003
     0.27200000E+001    -0.18772112E-001     0.68190217E-011     0.19990840E-003
     0.27280000E+001    -0.18772116E-001     0.13986082E-010     0.12811382E-003
     0.27360000E+001    -0.18772117E-001     0.19334885E-010     0.51854360E-004
     0.27440000E+001    -0.18772120E-001     0.21341161E-010    -0.14417499E-004
     0.27520000E+001    -0.18772124E-001     0.19114389E-010    -0.76633770E-004
     0.27600000E+001    -0.18772129E-001     0.13299978E-010    -0.14512994E-003
     0.27680000E+001    -0.18772135E-001     0.56657174E-011    -0.21812241E-003
     0.27760000E+001    -0.18772139E-001    -0.22128987E-011    -0.26694461E-003
     0.27840000E+001    -0.18772142E-001    -0.96970647E-011    -0.27217076E-003
     0.27920000E+001    -0.18772147E-001    -0.16513843E-010    -0.24378482E-003
     0.28000000E+001    -0.18772152E-001    -0.21777006E-010    -0.20419824E-003
     0.28080000E+001    -0.18772156E-001    -0.23989366E-010    -0.17221806E-003
     0.28160000E+001    -0.18772159E-001    -0.22199092E-010    -0.13725005E-003
     0.28240000E+001    -0.18772162E-001    -0.17004145E-010    -0.79103062E-004
     0.28320000E+001    -0.18772165E-001    -0.10166904E-010    -0.33405786E-005
     0.28400000E+001    -0.18772169E-001    -0.32319572E-011     0.68116578E-004
     0.28480000E+001    -0.18772171E-001     0.33107799E-011     0.11115460E-003
     0.28560000E+001    -0.18772169E-001     0.94636107E-011     0.12725107E-003
     0.28640000E+001    -0.18772168E-001     0.14591933E-010     0.14417496E-003
     0.28720000E+001    -0.18772165E-001     0.17262968E-010     0.17357039E-003
     0.28800000E+001    -0.18772162E-001     0.16368604E-010     0.20540883E-003
     0.28880000E+001    -0.18772159E-001     0.12241696E-010     0.21898931E-003
     0.28960000E+001    -0.18772154E-001     0.64471106E-011     0.20543795E-003
     0.29040000E+001    -0.18772150E-001     0.45937496E-012     0.18753981E-003
     0.29120000E+001    -0.18772148E-001    -0.52487701E-011     0.18451832E-003
     0.29200000E+001    -0.18772148E-001    -0.10731713E-010     0.19195423E-003
     0.29280000E+001    -0.18772147E-001    -0.15467664E-010     0.19054307E-003
     0.29360000E+001    -0.18772146E-001    -0.18120707E-010     0.16089529E-003
     0.29440000E+001    -0.18772145E-001    -0.17586575E-010     0.11391565E-003
     0.29520000E+001    -0.18772146E-001    -0.14120531E-010     0.72306137E-004
     0.29600000E+001    -0.18772150E-001    -0.91764460E-011     0.38965555E-004
     0.29680000E+001    -0.18772152E-001    -0.41372064E-011     0.18288150E-005
     0.29760000E+001    -0.18772153E-001     0.59075941E-012    -0.57362440E-004
     0.29840000E+001    -0.18772155E-001     0.51341938E-011    -0.13294137E-003
     0.29920000E+001    -0.18772155E-001     0.90492533E-011    -0.19522110E-003
     0.30000000E+001    -0.18772156E-001     0.11090649E-010    -0.22953860E-003
     0.30080000E+001    -0.18772155E-001     0.10271356E-010    -0.24101934E-003
     0.30160000E+001    -0.18772150E-001     0.69838739E-011    -0.24843952E-003
     0.30240000E+001    -0.18772146E-001     0.28040452E-011    -0.25960892E-003
     0.30320000E+001    -0.18772142E-001    -0.88446898E-012    -0.25237173E-003
     0.30400000E+001    -0.18772139E-001    -0.38778445E-011    -0.21026372E-003
     0.30480000E+001    -0.18772138E-001    -0.66659244E-011    -0.14019809E-003
     0.30560000E+001    -0.18772133E-001    -0.91917162E-011    -0.67210554E-004
     0.30640000E+001    -0.18772128E-001    -0.10462471E-010    -0.16641123E-004
     0.30720000E+001    -0.18772126E-001    -0.95729857E-011     0.19657234E-004
     0.30800000E+001    -0.18772124E-001    -0.69194359E-011     0.62935702E-004
     0.30880000E+001    -0.18772122E-001    -0.40683035E-011     0.11670250E-003
     0.30960000E+001    -0.18772121E-001    -0.23486395E-011     0.16623418E-003
     0.31040000E+001    -0.18772120E-001    -0.17451441E-011     0.18605247E-003
     0.31120000E+001    -0.18772121E-001    -0.13237962E-011     0.17617368E-003
     0.31200000E+001    -0.18772125E-001    -0.60491200E-012     0.16306302E-003
     0.31280000E+001    -0.18772128E-001    -0.17262890E-012     0.16263081E-003
     0.31360000E+001    -0.18772131E-001    -0.81142691E-012     0.17168423E-003
     0.31440000E+001    -0.18772132E-001    -0.22815108E-011     0.16755735E-003
     0.31520000E+001    -0.18772135E-001    -0.32917771E-011     0.13694563E-003
     0.31600000E+001    -0.18772137E-001    -0.27900017E-011     0.98155004E-004
     0.31680000E+001    -0.18772138E-001    -0.10496637E-011     0.69556779E-004
     0.31760000E+001    -0.18772137E-001     0.72341403E-012     0.53370307E-004
     0.31840000E+001    -0.18772136E-001     0.17489185E-011     0.32617173E-004
     0.31920000E+001    -0.18772135E-001     0.23569054E-011    -0.12715576E-004
     0.32000000E+001    -0.18772134E-001     0.32035371E-011    -0.71126247E-004
     0.32080000E+001    -0.18772133E-001     0.40655484E-011    -0.11876015E-003
     0.32160000E+001    -0.18772132E-001     0.37947594E-011    -0.14513216E-003
     0.32240000E+001    -0.18772129E-001     0.15535489E-011    -0.15779428E-003
     0.32320000E+001    -0.18772130E-001    -0.21334064E-011    -0.17796016E-003
     0.32400000E+001    -0.18772133E-001    -0.58069082E-011    -0.20340779E-003
     0.32480000E+001    -0.18772135E-001    -0.84951809E-011    -0.20950413E-003
     0.32560000E+001    -0.18772138E-001    -0.10414499E-010    -0.18205899E-003
     0.32640000E+001    -0.18772140E-001    -0.12148022E-010    -0.12602252E-003
     0.32720000E+001    -0.18772142E-001    -0.13373151E-010    -0.68456825E-004
     0.32800000E+001    -0.18772145E-001    -0.12787757E-010    -0.26162857E-004
     0.32880000E+001    -0.18772148E-001    -0.94512647E-011     0.15139576E-004
     0.32960000E+001    -0.18772149E-001    -0.39738509E-011     0.70051773E-004
     0.33040000E+001    -0.18772152E-001     0.18721167E-011     0.13756852E-003
     0.33120000E+001    -0.18772153E-001     0.66794341E-011     0.19336475E-003
     0.33200000E+001    -0.18772154E-001     0.10306792E-010     0.20994768E-003
     0.33280000E+001    -0.18772155E-001     0.13151677E-010     0.19421224E-003
     0.33360000E+001    -0.18772155E-001     0.14812979E-010     0.16918826E-003
     0.33440000E+001    -0.18772155E-001     0.13916249E-010     0.14979908E-003
     0.33520000E+001    -0.18772156E-001     0.94348043E-011     0.13075599E-003
     0.33600000E+001    -0.18772155E-001     0.20111485E-011     0.89148480E-004
     0.33680000E+001    -0.18772155E-001    -0.62955199E-011     0.25300433E-004
     0.33760000E+001    -0.18772156E-001    -0.13571777E-010    -0.36537045E-004
     0.33840000E+001    -0.18772156E-001    -0.19131911E-010    -0.76153495E-004
     0.33920000E+001    -0.18772155E-001    -0.23012893E-010    -0.90523490E-004
     0.34000000E+001    -0.18772153E-001    -0.24727566E-010    -0.10336552E-003
     0.34080000E+001    -0.18772149E-001    -0.23013466E-010    -0.13133422E-003
     0.34160000E+001    -0.18772144E-001    -0.17053357E-010    -0.16249980E-003
     0.34240000E+001    -0.18772140E-001    -0.77322497E-011    -0.18078467E-003
     0.34320000E+001    -0.18772136E-001     0.26211478E-011    -0.17951942E-003
     0.34400000E+001    -0.18772132E-001     0.11795920E-010    -0.17554844E-003
     0.34480000E+001    -0.18772130E-001     0.18843139E-010    -0.19020728E-003
     0.34560000E+001    -0.18772129E-001     0.23622651E-010    -0.21425149E-003
     0.34640000E+001    -0.18772129E-001     0.25577371E-010    -0.22500993E-003
     0.34720000E+001    -0.18772131E-001     0.23485447E-010    -0.20590467E-003
     0.34800000E+001    -0.18772133E-001     0.16659984E-010    -0.16228798E-003
     0.34880000E+001    -0.18772134E-001     0.62009554E-011    -0.11912192E-003
     0.34960000E+001    -0.18772137E-001    -0.53155541E-011    -0.80060143E-004
     0.35040000E+001    -0.18772140E-001    -0.15511246E-010    -0.28457904E-004
     0.35120000E+001    -0.18772141E-001    -0.23415784E-010     0.49018068E-004
     0.35200000E+001    -0.18772142E-001    -0.28986349E-010     0.14749706E-003
     0.35280000E+001    -0.18772140E-001    -0.31740090E-010     0.23374400E-003
     0.35360000E+001    -0.18772139E-001    -0.30371895E-010     0.28421402E-003
     0.35440000E+001    -0.18772138E-001    -0.23990786E-010     0.30599261E-003
     0.35520000E+001    -0.18772137E-001    -0.13524730E-010     0.31524693E-003
     0.35600000E+001    -0.18772134E-001    -0.15515971E-011     0.32167492E-003
     0.35680000E+001    -0.18772132E-001     0.93843658E-011     0.30833683E-003
     0.35760000E+001    -0.18772133E-001     0.18149543E-010     0.25325887E-003
     0.35840000E+001    -0.18772135E-001     0.24651848E-010     0.16573171E-003
     0.35920000E+001    -0.18772138E-001     0.28431736E-010     0.72760134E-004
     0.36000000E+001    -0.18772139E-001     0.28138041E-010     0.15943674E-005
     0.36080000E+001    -0.18772139E-001     0.22667873E-010    -0.44230010E-004
     0.36160000E+001    -0.18772141E-001     0.12671533E-010    -0.84995136E-004
     0.36240000E+001    -0.18772143E-001     0.57104307E-012    -0.12366922E-003
     0.36320000E+001    -0.18772144E-001    -0.11020381E-010    -0.14457605E-003
     0.36400000E+001    -0.18772144E-001    -0.20721252E-010    -0.12997474E-003
     0.36480000E+001    -0.18772143E-001    -0.28180719E-010    -0.78627979E-004
     0.36560000E+001    -0.18772142E-001    -0.32783268E-010    -0.20683873E-004
     0.36640000E+001    -0.18772144E-001    -0.33123741E-010     0.19244577E-004
     0.36720000E+001    -0.18772145E-001    -0.28106387E-010     0.41482781E-004
     0.36800000E+001    -0.18772146E-001    -0.18401091E-010     0.56919516E-004
     0.36880000E+001    -0.18772149E-001    -0.64582470E-011     0.73915520E-004
     0.36960000E+001    -0.18772152E-001     0.50728231E-011     0.75062955E-004
     0.37040000E+001    -0.18772159E-001     0.14802764E-010     0.39190006E-004
     0.37120000E+001    -0.18772166E-001     0.22398333E-010    -0.26129816E-004
     0.37200000E+001    -0.18772171E-001     0.27263971E-010    -0.96339530E-004
     0.37280000E+001    -0.18772176E-001     0.27996223E-010    -0.14418329E-003
     0.37360000E+001    -0.18772181E-001     0.23490716E-010    -0.16706792E-003
     0.37440000E+001    -0.18772184E-001     0.14461024E-010    -0.18539959E-003
     0.37520000E+001    -0.18772186E-001     0.34468928E-011    -0.20220047E-003
     0.37600000E+001    -0.18772184E-001    -0.68784954E-011    -0.20237539E-003
     0.37680000E+001    -0.18772178E-001    -0.15288447E-010    -0.16597149E-003
     0.37760000E+001    -0.18772172E-001    -0.21824240E-010    -0.91254596E-004
     0.37840000E+001    -0.18772165E-001    -0.26302902E-010    -0.10280713E-004
     0.37920000E+001    -0.18772157E-001    -0.27531190E-010     0.50425730E-004
     0.38000000E+001    -0.18772148E-001    -0.24319412E-010     0.89450144E-004
     0.38080000E+001    -0.18772137E-001    -0.17092332E-010     0.12109315E-003
     0.38160000E+001    -0.18772126E-001    -0.80962164E-011     0.15896008E-003
     0.38240000E+001    -0.18772119E-001     0.20019601E-012     0.18656694E-003
     0.38320000E+001    -0.18772113E-001     0.67711237E-011     0.17973766E-003
     0.38400000E+001    -0.18772106E-001     0.11948434E-010     0.13871903E-003
     0.38480000E+001    -0.18772101E-001     0.15906119E-010     0.83135032E-004
     0.38560000E+001    -0.18772099E-001     0.17697427E-010     0.41408588E-004
     0.38640000E+001    -0.18772102E-001     0.16082050E-010     0.17760527E-004
     0.38720000E+001    -0.18772108E-001     0.11141664E-010    -0.77126180E-005
     0.38800000E+001    -0.18772115E-001     0.46422763E-011    -0.41371763E-004
     0.38880000E+001    -0.18772122E-001    -0.13758455E-011    -0.72442404E-004
     0.38960000E+001    -0.18772133E-001    -0.61638807E-011    -0.78672496E-004
     0.39040000E+001    -0.18772142E-001    -0.10214252E-010    -0.51850006E-004
     0.39120000E+001    -0.18772151E-001    -0.13784962E-010    -0.15645502E-004
     0.39200000E+001    -0.18772160E-001    -0.15947167E-010     0.99109799E-005
     0.39280000E+001    -0.18772163E-001    -0.15414611E-010     0.24179087E-004
     0.39360000E+001    -0.18772166E-001    -0.12152166E-010     0.41923338E-004
     0.39440000E+001    -0.18772170E-001    -0.77624388E-011     0.77191612E-004
     0.39520000E+001    -0.18772168E-001    -0.40721444E-011     0.11311528E-003
     0.39600000E+001    -0.18772165E-001    -0.15403653E-011     0.12532451E-003
     0.39680000E+001    -0.18772159E-001     0.64987233E-012     0.11028972E-003
     0.39760000E+001    -0.18772151E-001     0.30312737E-011     0.83335699E-004
     0.39840000E+001    -0.18772144E-001     0.48067417E-011     0.69405543E-004
     0.39920000E+001    -0.18772137E-001     0.46726266E-011     0.67326930E-004
     0.40000000E+001    -0.18772129E-001     0.25464580E-011     0.52815880E-004
     0.40080000E+001    -0.18772123E-001     0.30268145E-013     0.15286780E-004
     0.40160000E+001    -0.18772118E-001    -0.10591452E-011    -0.36291229E-004
     0.40240000E+001    -0.18772114E-001    -0.44495885E-012    -0.75851918E-004
     0.40320000E+001    -0.18772113E-001     0.57846577E-012    -0.91334664E-004
     0.40400000E+001    -0.18772111E-001     0.82239535E-012    -0.10357577E-003
     0.40480000E+001    -0.18772110E-001     0.52244707E-012    -0.13135678E-003
     0.40560000E+001    -0.18772112E-001     0.73495503E-012    -0.17461006E-003
     0.40640000E+001    -0.18772114E-001     0.16350266E-011    -0.21164752E-003
     0.40720000E+001    -0.18772117E-001     0.18793193E-011    -0.21850550E-003
     0.40800000E+001    -0.18772122E-001    -0.65681359E-013    -0.20414070E-003
     0.40880000E+001    -0.18772126E-001    -0.41528802E-011    -0.18979413E-003
     0.40960000E+001    -0.18772129E-001    -0.86417492E-011    -0.18364725E-003
     0.41040000E+001    -0.18772134E-001    -0.11753943E-010    -0.17539992E-003
     0.41120000E+001    -0.18772138E-001    -0.13152073E-010    -0.14174939E-003
     0.41200000E+001    -0.18772141E-001    -0.13568436E-010    -0.84731340E-004
     0.41280000E+001    -0.18772144E-001    -0.13211727E-010    -0.29691890E-004
     0.41360000E+001    -0.18772145E-001    -0.11089396E-010     0.62773584E-005
     0.41440000E+001    -0.18772143E-001    -0.61780136E-011     0.23026320E-004
     0.41520000E+001    -0.18772142E-001     0.95387005E-012     0.41465673E-004
     0.41600000E+001    -0.18772138E-001     0.81032270E-011     0.71935193E-004
     0.41680000E+001    -0.18772131E-001     0.13152226E-010     0.96517035E-004
     0.41760000E+001    -0.18772125E-001     0.15579373E-010     0.99706691E-004
     0.41840000E+001    -0.18772116E-001     0.16081453E-010     0.81835958E-004
     0.41920000E+001    -0.18772107E-001     0.14942990E-010     0.65711025E-004
     0.42000000E+001    -0.18772100E-001     0.11292073E-010     0.75518015E-004
     0.42080000E+001    -0.18772093E-001     0.42802415E-011     0.10239773E-003
     0.42160000E+001    -0.18772090E-001    -0.52406892E-011     0.12560994E-003
     0.42240000E+001    -0.18772089E-001    -0.14689521E-010     0.13495839E-003
     0.42320000E+001    -0.18772087E-001    -0.21575545E-010     0.14037160E-003
     0.42400000E+001    -0.18772090E-001    -0.25173884E-010     0.16557641E-003
     0.42480000E+001    -0.18772095E-001    -0.26201509E-010     0.20705285E-003
     0.42560000E+001    -0.18772102E-001    -0.25047544E-010     0.23758314E-003
     0.42640000E+001    -0.18772109E-001    -0.20857706E-010     0.23582142E-003
     0.42720000E+001    -0.18772116E-001    -0.12662763E-010     0.19972993E-003
     0.42800000E+001    -0.18772124E-001    -0.12144583E-011     0.15400269E-003
     0.42880000E+001    -0.18772132E-001     0.10756413E-010     0.11370568E-003
     0.42960000E+001    -0.18772138E-001     0.20327440E-010     0.65285982E-004
     0.43040000E+001    -0.18772140E-001     0.26238422E-010    -0.65849747E-005
     0.43120000E+001    -0.18772138E-001     0.28818810E-010    -0.10378026E-003
     0.43200000E+001    -0.18772135E-001     0.28334649E-010    -0.20021146E-003
     0.43280000E+001    -0.18772131E-001     0.23964845E-010    -0.26420442E-003
     0.43360000E+001    -0.18772127E-001     0.14794910E-010    -0.29487097E-003
     0.43440000E+001    -0.18772121E-001     0.16315075E-011    -0.30599071E-003
     0.43520000E+001    -0.18772114E-001    -0.12647180E-010    -0.30848185E-003
     0.43600000E+001    -0.18772109E-001    -0.24777188E-010    -0.29454281E-003
     0.43680000E+001    -0.18772108E-001    -0.33024337E-010    -0.24143087E-003
     0.43760000E+001    -0.18772105E-001    -0.37280750E-010    -0.15214600E-003
     0.43840000E+001    -0.18772104E-001    -0.37556282E-010    -0.52598984E-004
     0.43920000E+001    -0.18772105E-001    -0.33020656E-010     0.31231652E-004
     0.44000000E+001    -0.18772105E-001    -0.22947181E-010     0.88996547E-004
     0.44080000E+001    -0.18772110E-001    -0.84531324E-011     0.13723154E-003
     0.44160000E+001    -0.18772116E-001     0.72246155E-011     0.18370461E-003
     0.44240000E+001    -0.18772119E-001     0.20532481E-010     0.21199783E-003
     0.44320000E+001    -0.18772121E-001     0.29597192E-010     0.20460175E-003
     0.44400000E+001    -0.18772122E-001     0.34336295E-010     0.15714506E-003
     0.44480000E+001    -0.18772124E-001     0.34868113E-010     0.95721496E-004
     0.44560000E+001    -0.18772125E-001     0.30421995E-010     0.51574057E-004
     0.44640000E+001    -0.18772126E-001     0.20268931E-010     0.26150388E-004
     0.44720000E+001    -0.18772125E-001     0.55500995E-011     0.61534798E-005
     0.44800000E+001    -0.18772126E-001    -0.10373615E-010    -0.20383148E-004
     0.44880000E+001    -0.18772129E-001    -0.23767579E-010    -0.42930486E-004
     0.44960000E+001    -0.18772131E-001    -0.32708771E-010    -0.34054716E-004
     0.45040000E+001    -0.18772133E-001    -0.37306474E-010     0.78516457E-005
     0.45120000E+001    -0.18772131E-001    -0.37998700E-010     0.60172841E-004
     0.45200000E+001    -0.18772129E-001    -0.34213608E-010     0.95230781E-004
     0.45280000E+001    -0.18772128E-001    -0.25101608E-010     0.10198328E-003
     0.45360000E+001    -0.18772129E-001    -0.11434850E-010     0.10050241E-003
     0.45440000E+001    -0.18772127E-001     0.37798851E-011     0.10396965E-003
     0.45520000E+001    -0.18772125E-001     0.16956909E-010     0.10171499E-003
     0.45600000E+001    -0.18772124E-001     0.26115916E-010     0.75319214E-004
     0.45680000E+001    -0.18772123E-001     0.31270156E-010     0.14363254E-004
     0.45760000E+001    -0.18772124E-001     0.32842724E-010    -0.59209106E-004
     0.45840000E+001    -0.18772123E-001     0.30263262E-010    -0.11522441E-003
     0.45920000E+001    -0.18772120E-001     0.22581989E-010    -0.14827263E-003
     0.46000000E+001    -0.18772119E-001     0.10316077E-010    -0.16821034E-003
     0.46080000E+001    -0.18772121E-001    -0.38470410E-011    -0.18888413E-003
     0.46160000E+001    -0.18772122E-001    -0.16541010E-010    -0.20236293E-003
     0.46240000E+001    -0.18772125E-001    -0.25839830E-010    -0.18332516E-003
     0.46320000E+001    -0.18772124E-001    -0.31664911E-010    -0.12866051E-003
     0.46400000E+001    -0.18772122E-001    -0.34265322E-010    -0.56405282E-004
     0.46480000E+001    -0.18772123E-001    -0.32887786E-010     0.69032762E-005
     0.46560000E+001    -0.18772122E-001    -0.26427073E-010     0.49528411E-004
     0.46640000E+001    -0.18772120E-001    -0.15328346E-010     0.89130275E-004
     0.46720000E+001    -0.18772119E-001    -0.23041727E-011     0.13533559E-003
     0.46800000E+001    -0.18772118E-001     0.92463011E-011     0.17600665E-003
     0.46880000E+001    -0.18772119E-001     0.17466478E-010     0.18961718E-003
     0.46960000E+001    -0.18772121E-001     0.22508078E-010     0.16260238E-003
     0.47040000E+001    -0.18772120E-001     0.24910767E-010     0.11582140E-003
     0.47120000E+001    -0.18772119E-001     0.24071982E-010     0.77698193E-004
     0.47200000E+001    -0.18772119E-001     0.18818652E-010     0.52751614E-004
     0.47280000E+001    -0.18772119E-001     0.93942372E-011     0.27968107E-004
     0.47360000E+001    -0.18772120E-001    -0.16549697E-011    -0.15616477E-004
     0.47440000E+001    -0.18772121E-001    -0.10999490E-010    -0.70775323E-004
     0.47520000E+001    -0.18772121E-001    -0.16914024E-010    -0.10920156E-003
     0.47600000E+001    -0.18772123E-001    -0.19908364E-010    -0.12100611E-003
     0.47680000E+001    -0.18772127E-001    -0.21082001E-010    -0.11739996E-003
     0.47760000E+001    -0.18772130E-001    -0.20340498E-010    -0.12317198E-003
     0.47840000E+001    -0.18772135E-001    -0.16648182E-010    -0.14785536E-003
     0.47920000E+001    -0.18772141E-001    -0.99369295E-011    -0.16861398E-003
     0.48000000E+001    -0.18772146E-001    -0.21741690E-011    -0.16695632E-003
     0.48080000E+001    -0.18772155E-001     0.39016265E-011    -0.14416084E-003
     0.48160000E+001    -0.18772164E-001     0.70159874E-011    -0.11814212E-003
     0.48240000E+001    -0.18772171E-001     0.80300817E-011    -0.10601191E-003
     0.48320000E+001    -0.18772179E-001     0.83535788E-011    -0.93746776E-004
     0.48400000E+001    -0.18772183E-001     0.81063510E-011    -0.60341152E-004
     0.48480000E+001    -0.18772184E-001     0.62626442E-011    -0.44047276E-005
     0.48560000E+001    -0.18772186E-001     0.24722604E-011     0.57350708E-004
     0.48640000E+001    -0.18772185E-001    -0.18183483E-011     0.98708337E-004
     0.48720000E+001    -0.18772181E-001    -0.44792689E-011     0.11895701E-003
     0.48800000E+001    -0.18772180E-001    -0.48065776E-011     0.13805470E-003
     0.48880000E+001    -0.18772177E-001    -0.40801888E-011     0.16236769E-003
     0.48960000E+001    -0.18772174E-001    -0.39049825E-011     0.18162773E-003
     0.49040000E+001    -0.18772173E-001    -0.43460859E-011     0.17214155E-003
     0.49120000E+001    -0.18772170E-001    -0.41067606E-011     0.12750592E-003
     0.49200000E+001    -0.18772169E-001    -0.25044936E-011     0.73380033E-004
     0.49280000E+001    -0.18772166E-001    -0.73102419E-012     0.31288240E-004
     0.49360000E+001    -0.18772162E-001    -0.74551779E-012     0.42987000E-005
     0.49440000E+001    -0.18772157E-001    -0.30577226E-011    -0.24017268E-004
     0.49520000E+001    -0.18772153E-001    -0.60434285E-011    -0.68769861E-004
     0.49600000E+001    -0.18772148E-001    -0.76648339E-011    -0.11199756E-003
     0.49680000E+001    -0.18772144E-001    -0.75591154E-011    -0.12819119E-003
     0.49760000E+001    -0.18772138E-001    -0.70200694E-011    -0.11014155E-003
     0.49840000E+001    -0.18772131E-001    -0.69899578E-011    -0.73443487E-004
     0.49920000E+001    -0.18772126E-001    -0.65724885E-011    -0.47478378E-004
     0.50000000E+001    -0.18772124E-001    -0.39675172E-011    -0.35087605E-004
     0.50080000E+001    -0.18772123E-001     0.12305795E-011    -0.16638049E-004
     0.50160000E+001    -0.18772123E-001     0.71455536E-011     0.18368820E-004
     0.50240000E+001    -0.18772127E-001     0.11222432E-010     0.62890042E-004
     0.50320000E+001    -0.18772131E-001     0.12463198E-010     0.90010969E-004
     0.50400000E+001    -0.18772137E-001     0.11736528E-010     0.87698657E-004
     0.50480000E+001    -0.18772143E-001     0.99696070E-011     0.75720807E-004
     0.50560000E+001    -0.18772145E-001     0.66325474E-011     0.74417037E-004
     0.50640000E+001    -0.18772147E-001     0.47689951E-012     0.90307938E-004
     0.50720000E+001    -0.18772149E-001    -0.83541774E-011     0.10692644E-003
     0.50800000E+001    -0.18772147E-001    -0.17473304E-010     0.10532183E-003
     0.50880000E+001    -0.18772145E-001    -0.23851983E-010     0.96240908E-004
     0.50960000E+001    -0.18772140E-001    -0.26103200E-010     0.98045342E-004
     0.51040000E+001    -0.18772134E-001    -0.24879719E-010     0.11659418E-003
     0.51120000E+001    -0.18772131E-001    -0.21163776E-010     0.13650626E-003
     0.51200000E+001    -0.18772130E-001    -0.14744496E-010     0.12891881E-003
     0.51280000E+001    -0.18772129E-001    -0.48908432E-011     0.91942772E-004
     0.51360000E+001    -0.18772128E-001     0.76082296E-011     0.45284764E-004
     0.51440000E+001    -0.18772130E-001     0.19717877E-010     0.33900920E-005
     0.51520000E+001    -0.18772133E-001     0.27913051E-010    -0.34900904E-004
     0.51600000E+001    -0.18772139E-001     0.30623078E-010    -0.90971621E-004
     0.51680000E+001    -0.18772144E-001     0.28687255E-010    -0.16968817E-003
     0.51760000E+001    -0.18772146E-001     0.23479639E-010    -0.24551321E-003
     0.51840000E+001    -0.18772148E-001     0.15150821E-010    -0.29243593E-003
     0.51920000E+001    -0.18772150E-001     0.31662751E-011    -0.29973361E-003
     0.52000000E+001    -0.18772152E-001    -0.11585053E-010    -0.28546371E-003
     0.52080000E+001    -0.18772153E-001    -0.25868494E-010    -0.27160522E-003
     0.52160000E+001    -0.18772153E-001    -0.35820426E-010    -0.25027340E-003
     0.52240000E+001    -0.18772151E-001    -0.39562607E-010    -0.20373379E-003
     0.52320000E+001    -0.18772151E-001    -0.37869656E-010    -0.12351956E-003
     0.52400000E+001    -0.18772152E-001    -0.32343181E-010    -0.26584334E-004
     0.52480000E+001    -0.18772151E-001    -0.23428068E-010     0.52480869E-004
     0.52560000E+001    -0.18772148E-001    -0.10695963E-010     0.10483857E-003
     0.52640000E+001    -0.18772145E-001     0.50761828E-011     0.14455982E-003
     0.52720000E+001    -0.18772142E-001     0.20792397E-010     0.18687049E-003
     0.52800000E+001    -0.18772140E-001     0.32500716E-010     0.23209247E-003
     0.52880000E+001    -0.18772139E-001     0.37969965E-010     0.25588566E-003
     0.52960000E+001    -0.18772135E-001     0.37554401E-010     0.24701141E-003
     0.53040000E+001    -0.18772133E-001     0.32576688E-010     0.22196662E-003
     0.53120000E+001    -0.18772132E-001     0.23438363E-010     0.20259018E-003
     0.53200000E+001    -0.18772131E-001     0.98300089E-011     0.20127707E-003
     0.53280000E+001    -0.18772131E-001    -0.72983997E-011     0.20193878E-003
     0.53360000E+001    -0.18772130E-001    -0.24640282E-010     0.18426084E-003
     0.53440000E+001    -0.18772129E-001    -0.38000488E-010     0.15460907E-003
     0.53520000E+001    -0.18772132E-001    -0.44887163E-010     0.12923769E-003
     0.53600000E+001    -0.18772135E-001    -0.45420286E-010     0.11961260E-003
     0.53680000E+001    -0.18772138E-001    -0.40770486E-010     0.11267126E-003
     0.53760000E+001    -0.18772139E-001    -0.31264105E-010     0.79235543E-004
     0.53840000E+001    -0.18772139E-001    -0.16618168E-010     0.15749140E-004
     0.53920000E+001    -0.18772140E-001     0.20252847E-011    -0.59840477E-004
     0.54000000E+001    -0.18772142E-001     0.20996638E-010    -0.12609287E-003
     0.54080000E+001    -0.18772141E-001     0.35664407E-010    -0.17764804E-003
     0.54160000E+001    -0.18772139E-001     0.43260986E-010    -0.23526778E-003
     0.54240000E+001    -0.18772138E-001     0.43968647E-010    -0.30601915E-003
     0.54320000E+001    -0.18772138E-001     0.39278312E-010    -0.37029231E-003
     0.54400000E+001    -0.18772139E-001     0.29838533E-010    -0.40118299E-003
     0.54480000E+001    -0.18772141E-001     0.15442819E-010    -0.38282688E-003
     0.54560000E+001    -0.18772141E-001    -0.29375959E-011    -0.33411648E-003
     0.54640000E+001    -0.18772141E-001    -0.21816563E-010    -0.28138127E-003
     0.54720000E+001    -0.18772142E-001    -0.36591155E-010    -0.22644399E-003
     0.54800000E+001    -0.18772142E-001    -0.44409871E-010    -0.15791191E-003
     0.54880000E+001    -0.18772142E-001    -0.45463215E-010    -0.64330711E-004
     0.54960000E+001    -0.18772141E-001    -0.41467825E-010     0.38915694E-004
     0.55040000E+001    -0.18772138E-001    -0.33349922E-010     0.11724690E-003
     0.55120000E+001    -0.18772135E-001    -0.20952051E-010     0.15832091E-003
     0.55200000E+001    -0.18772134E-001    -0.49183650E-011     0.17187791E-003
     0.55280000E+001    -0.18772131E-001     0.11852950E-010     0.17850937E-003
     0.55360000E+001    -0.18772130E-001     0.25298189E-010     0.18552762E-003
     0.55440000E+001    -0.18772131E-001     0.32849248E-010     0.17336987E-003
     0.55520000E+001    -0.18772130E-001     0.34709819E-010     0.13313831E-003
     0.55600000E+001    -0.18772131E-001     0.32428356E-010     0.78569959E-004
     0.55680000E+001    -0.18772132E-001     0.26682580E-010     0.34446575E-004
     0.55760000E+001    -0.18772132E-001     0.16997640E-010     0.19123165E-004
     0.55840000E+001    -0.18772134E-001     0.36436874E-011     0.18414065E-004
     0.55920000E+001    -0.18772135E-001    -0.10844528E-010     0.12284238E-004
     0.56000000E+001    -0.18772136E-001    -0.22711459E-010     0.20822104E-005
     0.56080000E+001    -0.18772137E-001    -0.29605324E-010     0.21580323E-005
     0.56160000E+001    -0.18772136E-001    -0.31842528E-010     0.28587265E-004
     0.56240000E+001    -0.18772136E-001    -0.30946806E-010     0.69271461E-004
     0.56320000E+001    -0.18772138E-001    -0.27350050E-010     0.93522750E-004
     0.56400000E+001    -0.18772140E-001    -0.20139705E-010     0.91163895E-004
     0.56480000E+001    -0.18772143E-001    -0.91234717E-011     0.72832625E-004
     0.56560000E+001    -0.18772146E-001     0.34460886E-011     0.61488274E-004
     0.56640000E+001    -0.18772149E-001     0.13829241E-010     0.63642456E-004
     0.56720000E+001    -0.18772153E-001     0.19602771E-010     0.56598559E-004
     0.56800000E+001    -0.18772157E-001     0.21171844E-010     0.27310371E-004
     0.56880000E+001    -0.18772160E-001     0.20362356E-010    -0.14702733E-004
     0.56960000E+001    -0.18772164E-001     0.17925911E-010    -0.43575297E-004
     0.57040000E+001    -0.18772168E-001     0.12974877E-010    -0.38786144E-004
     0.57120000E+001    -0.18772170E-001     0.49536248E-011    -0.15606561E-004
     0.57200000E+001    -0.18772171E-001    -0.44302399E-011     0.17900272E-005
     0.57280000E+001    -0.18772171E-001    -0.11900056E-010     0.72622847E-005
     0.57360000E+001    -0.18772169E-001    -0.15304789E-010     0.12030213E-004
     0.57440000E+001    -0.18772169E-001    -0.15270732E-010     0.35256436E-004
     0.57520000E+001    -0.18772168E-001    -0.13960585E-010     0.68701912E-004
     0.57600000E+001    -0.18772165E-001    -0.12508943E-010     0.84404508E-004
     0.57680000E+001    -0.18772163E-001    -0.10217138E-010     0.69749175E-004
     0.57760000E+001    -0.18772162E-001    -0.62898962E-011     0.31805297E-004
     0.57840000E+001    -0.18772162E-001    -0.17543559E-011    -0.46996076E-005
     0.57920000E+001    -0.18772163E-001     0.99934168E-012    -0.28926637E-004
     0.58000000E+001    -0.18772163E-001     0.66183935E-012    -0.57975441E-004
     0.58080000E+001    -0.18772160E-001    -0.15194727E-011    -0.10272610E-003
     0.58160000E+001    -0.18772161E-001    -0.30590245E-011    -0.15689172E-003
     0.58240000E+001    -0.18772160E-001    -0.28071724E-011    -0.19676898E-003
     0.58320000E+001    -0.18772157E-001    -0.17674989E-011    -0.20276104E-003
     0.58400000E+001    -0.18772153E-001    -0.12858208E-011    -0.18892995E-003
     0.58480000E+001    -0.18772146E-001    -0.99533003E-012    -0.17620794E-003
     0.58560000E+001    -0.18772140E-001     0.81971046E-012    -0.16955142E-003
     0.58640000E+001    -0.18772134E-001     0.48381527E-011    -0.15521594E-003
     0.58720000E+001    -0.18772127E-001     0.92435502E-011    -0.11085459E-003
     0.58800000E+001    -0.18772118E-001     0.11144267E-010    -0.43377899E-004
     0.58880000E+001    -0.18772111E-001     0.93506973E-011     0.20462222E-004
     0.58960000E+001    -0.18772105E-001     0.52792371E-011     0.66395350E-004
     0.59040000E+001    -0.18772104E-001     0.10077281E-011     0.99700386E-004
     0.59120000E+001    -0.18772106E-001    -0.31109406E-011     0.14486253E-003
     0.59200000E+001    -0.18772108E-001    -0.83743881E-011     0.20890552E-003
     0.59280000E+001    -0.18772113E-001    -0.15313245E-010     0.26782731E-003
     0.59360000E+001    -0.18772121E-001    -0.21991927E-010     0.29996740E-003
     0.59440000E+001    -0.18772130E-001    -0.25238229E-010     0.30030894E-003
     0.59520000E+001    -0.18772138E-001    -0.23488916E-010     0.28821881E-003
     0.59600000E+001    -0.18772147E-001    -0.17995658E-010     0.28304124E-003
     0.59680000E+001    -0.18772153E-001    -0.11061076E-010     0.27193356E-003
     0.59760000E+001    -0.18772160E-001    -0.35495470E-011     0.23374273E-003
     0.59840000E+001    -0.18772168E-001     0.53058987E-011     0.16001488E-003
     0.59920000E+001    -0.18772173E-001     0.15690280E-010     0.65833373E-004
     0.60000000E+001    -0.18772174E-001     0.25438271E-010    -0.18491260E-004
     0.60080000E+001    -0.18772174E-001     0.31080145E-010    -0.87905596E-004
     0.60160000E+001    -0.18772172E-001     0.30636400E-010    -0.15607551E-003
     0.60240000E+001    -0.18772171E-001     0.24950388E-010    -0.23014208E-003
     0.60320000E+001    -0.18772171E-001     0.16163755E-010    -0.30071525E-003
     0.60400000E+001    -0.18772167E-001     0.53519052E-011    -0.33799755E-003
     0.60480000E+001    -0.18772162E-001    -0.77278576E-011    -0.32945142E-003
     0.60560000E+001    -0.18772158E-001    -0.22543971E-010    -0.29245306E-003
     0.60640000E+001    -0.18772155E-001    -0.36182551E-010    -0.24660684E-003
     0.60720000E+001    -0.18772152E-001    -0.44536690E-010    -0.20099365E-003
     0.60800000E+001    -0.18772146E-001    -0.45230082E-010    -0.14210073E-003
     0.60880000E+001    -0.18772138E-001    -0.39055754E-010    -0.59023576E-004
     0.60960000E+001    -0.18772132E-001    -0.28399032E-010     0.27557111E-004
     0.61040000E+001    -0.18772128E-001    -0.14726270E-010     0.89398295E-004
     0.61120000E+001    -0.18772126E-001     0.17793210E-011     0.11008455E-003
     0.61200000E+001    -0.18772124E-001     0.20140673E-010     0.10063709E-003
     0.61280000E+001    -0.18772124E-001     0.36897660E-010     0.89314112E-004
     0.61360000E+001    -0.18772128E-001     0.47345064E-010     0.79656919E-004
     0.61440000E+001    -0.18772134E-001     0.48702940E-010     0.57431613E-004
     0.61520000E+001    -0.18772143E-001     0.41795795E-010     0.13029094E-004
     0.61600000E+001    -0.18772150E-001     0.29506408E-010    -0.43531460E-004
     0.61680000E+001    -0.18772157E-001     0.13959576E-010    -0.77601356E-004
     0.61760000E+001    -0.18772165E-001    -0.42410989E-011    -0.71978214E-004
     0.61840000E+001    -0.18772171E-001    -0.24064140E-010    -0.40768862E-004
     0.61920000E+001    -0.18772176E-001    -0.42184961E-010    -0.62440665E-005
     0.62000000E+001    -0.18772177E-001    -0.53922916E-010     0.17490928E-004
     0.62080000E+001    -0.18772175E-001    -0.56308537E-010     0.43798377E-004
     0.62160000E+001    -0.18772172E-001    -0.49956436E-010     0.87111722E-004
     0.62240000E+001    -0.18772168E-001    -0.37723919E-010     0.13324338E-003
     0.62320000E+001    -0.18772161E-001    -0.21913833E-010     0.15750874E-003
     0.62400000E+001    -0.18772154E-001    -0.33189600E-011     0.14085905E-003
     0.62480000E+001    -0.18772146E-001     0.17039951E-010     0.92284629E-004
     0.62560000E+001    -0.18772139E-001     0.36019170E-010     0.40382642E-004
     0.62640000E+001    -0.18772135E-001     0.49101687E-010    -0.71210016E-005
     0.62720000E+001    -0.18772131E-001     0.53291089E-010    -0.58579139E-004
     0.62800000E+001    -0.18772128E-001     0.48941116E-010    -0.12299497E-003
     0.62880000E+001    -0.18772127E-001     0.38536347E-010    -0.19213343E-003
     0.62960000E+001    -0.18772127E-001     0.24014713E-010    -0.23331089E-003
     0.63040000E+001    -0.18772129E-001     0.58975540E-011    -0.23014221E-003
     0.63120000E+001    -0.18772134E-001    -0.14884124E-010    -0.19365494E-003
     0.63200000E+001    -0.18772139E-001    -0.35067648E-010    -0.14436045E-003
     0.63280000E+001    -0.18772145E-001    -0.49840380E-010    -0.96056123E-004
     0.63360000E+001    -0.18772152E-001    -0.55875067E-010    -0.34956018E-004
     0.63440000E+001    -0.18772157E-001    -0.53332371E-010     0.51434481E-004
     0.63520000E+001    -0.18772162E-001    -0.44642282E-010     0.14715646E-003
     0.63600000E+001    -0.18772165E-001    -0.31695397E-010     0.22387513E-003
     0.63680000E+001    -0.18772166E-001    -0.14842080E-010     0.25693796E-003
     0.63760000E+001    -0.18772165E-001     0.52439891E-011     0.25287055E-003
     0.63840000E+001    -0.18772163E-001     0.25405365E-010     0.23868797E-003
     0.63920000E+001    -0.18772159E-001     0.40645164E-010     0.22110941E-003
     0.64000000E+001    -0.18772153E-001     0.47293943E-010     0.18951719E-003
     0.64080000E+001    -0.18772145E-001     0.45318827E-010     0.12867700E-003
     0.64160000E+001    -0.18772135E-001     0.37324891E-010     0.43505924E-004
     0.64240000E+001    -0.18772123E-001     0.25590034E-010    -0.31760610E-004
     0.64320000E+001    -0.18772114E-001     0.10683458E-010    -0.75490080E-004
     0.64400000E+001    -0.18772104E-001    -0.69181406E-011    -0.91744002E-004
     0.64480000E+001    -0.18772098E-001    -0.24603421E-010    -0.99657159E-004
     0.64560000E+001    -0.18772095E-001    -0.37934466E-010    -0.11438363E-003
     0.64640000E+001    -0.18772093E-001    -0.43562354E-010    -0.12077118E-003
     0.64720000E+001    -0.18772093E-001    -0.41557991E-010    -0.10123810E-003
     0.64800000E+001    -0.18772095E-001    -0.34551609E-010    -0.61527652E-004
     0.64880000E+001    -0.18772098E-001    -0.24849933E-010    -0.22243660E-004
     0.64960000E+001    -0.18772104E-001    -0.12944321E-010    -0.67758298E-005
     0.65040000E+001    -0.18772109E-001     0.10427345E-011    -0.10004089E-004
     0.65120000E+001    -0.18772112E-001     0.15127008E-010    -0.81359450E-005
     0.65200000E+001    -0.18772119E-001     0.25620923E-010     0.48728673E-005
     0.65280000E+001    -0.18772126E-001     0.29821769E-010     0.18595284E-004
     0.65360000E+001    -0.18772132E-001     0.28162187E-010     0.13515720E-004
     0.65440000E+001    -0.18772140E-001     0.23285035E-010    -0.11506535E-004
     0.65520000E+001    -0.18772145E-001     0.17125450E-010    -0.30046153E-004
     0.65600000E+001    -0.18772151E-001     0.94853422E-011    -0.27153251E-004
     0.65680000E+001    -0.18772158E-001    -0.32236178E-012    -0.94082827E-005
     0.65760000E+001    -0.18772164E-001    -0.11008351E-010     0.18620798E-005
     0.65840000E+001    -0.18772167E-001    -0.19286272E-010    -0.80107300E-005
     0.65920000E+001    -0.18772168E-001    -0.22604311E-010    -0.20507961E-004
     0.66000000E+001    -0.18772167E-001    -0.21469372E-010    -0.14245345E-004
     0.66080000E+001    -0.18772164E-001    -0.18572413E-010     0.10350031E-004
     0.66160000E+001    -0.18772158E-001    -0.15751824E-010     0.34708353E-004
     0.66240000E+001    -0.18772147E-001    -0.12371431E-010     0.35064663E-004
     0.66320000E+001    -0.18772132E-001    -0.69709730E-011     0.18346640E-004
     0.66400000E+001    -0.18772119E-001    -0.53834268E-013     0.10887086E-004
     0.66480000E+001    -0.18772107E-001     0.55508127E-011     0.22849410E-004
     0.66560000E+001    -0.18772097E-001     0.73247607E-011     0.44733689E-004
     0.66640000E+001    -0.18772091E-001     0.56269608E-011     0.51381161E-004
     0.66720000E+001    -0.18772086E-001     0.31587898E-011     0.35836327E-004
     0.66800000E+001    -0.18772085E-001     0.19676103E-011     0.20971215E-004
     0.66880000E+001    -0.18772089E-001     0.15719778E-011     0.23261604E-004
     0.66960000E+001    -0.18772093E-001     0.31487928E-012     0.40790356E-004
     0.67040000E+001    -0.18772098E-001    -0.19151669E-011     0.51802880E-004
     0.67120000E+001    -0.18772103E-001    -0.30652688E-011     0.37874453E-004
     0.67200000E+001    -0.18772107E-001    -0.12728784E-011     0.13369745E-004
     0.67280000E+001    -0.18772115E-001     0.26741872E-011    -0.13543827E-005
     0.67360000E+001    -0.18772122E-001     0.58270590E-011    -0.88299982E-006
     0.67440000E+001    -0.18772124E-001     0.59869807E-011     0.20048463E-005
     0.67520000E+001    -0.18772124E-001     0.36372707E-011    -0.13607882E-004
     0.67600000E+001    -0.18772123E-001     0.70518616E-012    -0.40157856E-004
     0.67680000E+001    -0.18772120E-001    -0.21348920E-011    -0.53105134E-004
     0.67760000E+001    -0.18772120E-001    -0.61356274E-011    -0.41189301E-004
     0.67840000E+001    -0.18772118E-001    -0.12269832E-010    -0.12088041E-004
     0.67920000E+001    -0.18772114E-001    -0.18928901E-010     0.82882170E-005
     0.68000000E+001    -0.18772114E-001    -0.22576673E-010     0.11512719E-004
     0.68080000E+001    -0.18772115E-001    -0.20880984E-010     0.16141280E-004
     0.68160000E+001    -0.18772118E-001    -0.14746763E-010     0.34491658E-004
     0.68240000E+001    -0.18772120E-001    -0.69601682E-011     0.61711280E-004
     0.68320000E+001    -0.18772121E-001     0.82111139E-012     0.71474135E-004
     0.68400000E+001    -0.18772121E-001     0.90897572E-011     0.43544100E-004
     0.68480000E+001    -0.18772122E-001     0.18363345E-010    -0.65318172E-005
     0.68560000E+001    -0.18772124E-001     0.26735724E-010    -0.54448822E-004
     0.68640000E+001    -0.18772124E-001     0.30407751E-010    -0.88016315E-004
     0.68720000E+001    -0.18772125E-001     0.26891061E-010    -0.11713863E-003
     0.68800000E+001    -0.18772127E-001     0.17312299E-010    -0.16244346E-003
     0.68880000E+001    -0.18772130E-001     0.51763452E-011    -0.21517725E-003
     0.68960000E+001    -0.18772135E-001    -0.68940456E-011    -0.24801295E-003
     0.69040000E+001    -0.18772139E-001    -0.18612812E-010    -0.24278818E-003
     0.69120000E+001    -0.18772140E-001    -0.30215170E-010    -0.20293047E-003
     0.69200000E+001    -0.18772144E-001    -0.39915775E-010    -0.15677655E-003
     0.69280000E+001    -0.18772148E-001    -0.44082700E-010    -0.11807908E-003
     0.69360000E+001    -0.18772152E-001    -0.40222200E-010    -0.74399680E-004
     0.69440000E+001    -0.18772154E-001    -0.29334686E-010    -0.14137328E-004
     0.69520000E+001    -0.18772154E-001    -0.14923430E-010     0.61076182E-004
     0.69600000E+001    -0.18772152E-001     0.11109460E-012     0.12473175E-003
     0.69680000E+001    -0.18772151E-001     0.15033939E-010     0.15321530E-003
     0.69760000E+001    -0.18772148E-001     0.29640414E-010     0.15510882E-003
     0.69840000E+001    -0.18772142E-001     0.41827518E-010     0.14900631E-003
     0.69920000E+001    -0.18772137E-001     0.47755537E-010     0.14723346E-003
     0.70000000E+001    -0.18772131E-001     0.44754375E-010     0.14086320E-003
     0.70080000E+001    -0.18772126E-001     0.33697848E-010     0.11035338E-003
     0.70160000E+001    -0.18772121E-001     0.18055046E-010     0.64150025E-004
     0.70240000E+001    -0.18772116E-001     0.80195019E-012     0.27455226E-004
     0.70320000E+001    -0.18772111E-001    -0.17112158E-010     0.19516928E-004
     0.70400000E+001    -0.18772107E-001    -0.35112082E-010     0.38450037E-004
     0.70480000E+001    -0.18772105E-001    -0.50526436E-010     0.57197450E-004
     0.70560000E+001    -0.18772104E-001    -0.58814189E-010     0.64368988E-004
     0.70640000E+001    -0.18772107E-001    -0.56741054E-010     0.73251395E-004
     0.70720000E+001    -0.18772111E-001    -0.45031242E-010     0.97652751E-004
     0.70800000E+001    -0.18772117E-001    -0.27513061E-010     0.13741272E-003
     0.70880000E+001    -0.18772124E-001    -0.78063441E-011     0.16387409E-003
     0.70960000E+001    -0.18772131E-001     0.12601833E-010     0.15200713E-003
     0.71040000E+001    -0.18772136E-001     0.32871279E-010     0.11003923E-003
     0.71120000E+001    -0.18772143E-001     0.50214150E-010     0.60060012E-004
     0.71200000E+001    -0.18772147E-001     0.59889928E-010     0.21088741E-004
     0.71280000E+001    -0.18772149E-001     0.58336793E-010    -0.13534756E-004
     0.71360000E+001    -0.18772151E-001     0.46101792E-010    -0.64759618E-004
     0.71440000E+001    -0.18772150E-001     0.27251182E-010    -0.12769301E-003
     0.71520000E+001    -0.18772147E-001     0.60114530E-011    -0.17936178E-003
     0.71600000E+001    -0.18772144E-001    -0.15510585E-010    -0.19674257E-003
     0.71680000E+001    -0.18772138E-001    -0.36252018E-010    -0.17843730E-003
     0.71760000E+001    -0.18772131E-001    -0.53663005E-010    -0.15219431E-003
     0.71840000E+001    -0.18772126E-001    -0.63429118E-010    -0.13367944E-003
     0.71920000E+001    -0.18772121E-001    -0.62290419E-010    -0.11606035E-003
     0.72000000E+001    -0.18772120E-001    -0.50828763E-010    -0.86011698E-004
     0.72080000E+001    -0.18772120E-001    -0.32988374E-010    -0.39058328E-004
     0.72160000E+001    -0.18772119E-001    -0.12857445E-010     0.88625122E-006
     0.72240000E+001    -0.18772121E-001     0.76002873E-011     0.12172180E-004
     0.72320000E+001    -0.18772123E-001     0.27494678E-010     0.13044426E-005
     0.72400000E+001    -0.18772125E-001     0.44495840E-010    -0.12024750E-004
     0.72480000E+001    -0.18772127E-001     0.54494189E-010    -0.87601185E-005
     0.72560000E+001    -0.18772128E-001     0.54331908E-010     0.36363324E-005
     0.72640000E+001    -0.18772128E-001     0.44581630E-010     0.37093781E-005
     0.72720000E+001    -0.18772130E-001     0.29032149E-010    -0.65688387E-005
     0.72800000E+001    -0.18772132E-001     0.11421225E-010    -0.90301042E-005
     0.72880000E+001    -0.18772131E-001    -0.68185841E-011     0.16655666E-004
     0.72960000E+001    -0.18772129E-001    -0.25376551E-010     0.68147807E-004
     0.73040000E+001    -0.18772128E-001    -0.42253338E-010     0.11454126E-003
     0.73120000E+001    -0.18772126E-001    -0.53220307E-010     0.13877016E-003
     0.73200000E+001    -0.18772127E-001    -0.54660150E-010     0.14718078E-003
     0.73280000E+001    -0.18772126E-001    -0.46667881E-010     0.15707475E-003
     0.73360000E+001    -0.18772124E-001    -0.32839296E-010     0.17679385E-003
     0.73440000E+001    -0.18772126E-001    -0.16968366E-010     0.18296120E-003
     0.73520000E+001    -0.18772129E-001    -0.48129711E-012     0.15340982E-003
     0.73600000E+001    -0.18772131E-001     0.16579647E-010     0.93273450E-004
     0.73680000E+001    -0.18772134E-001     0.32647741E-010     0.25817315E-004
     0.73760000E+001    -0.18772133E-001     0.43750002E-010    -0.22091835E-004
     0.73840000E+001    -0.18772131E-001     0.46129547E-010    -0.52879376E-004
     0.73920000E+001    -0.18772134E-001     0.39518443E-010    -0.86493799E-004
     0.74000000E+001    -0.18772136E-001     0.27258835E-010    -0.12442884E-003
     0.74080000E+001    -0.18772139E-001     0.13186960E-010    -0.15173449E-003
     0.74160000E+001    -0.18772143E-001    -0.10848508E-011    -0.14531877E-003
     0.74240000E+001    -0.18772145E-001    -0.15541125E-010    -0.10369736E-003
     0.74320000E+001    -0.18772149E-001    -0.29013364E-010    -0.55331226E-004
     0.74400000E+001    -0.18772155E-001    -0.38171064E-010    -0.19526009E-004
     0.74480000E+001    -0.18772158E-001    -0.39861780E-010     0.34139921E-005
     0.74560000E+001    -0.18772161E-001    -0.34145826E-010     0.27780484E-004
     0.74640000E+001    -0.18772164E-001    -0.24385462E-010     0.62237832E-004
     0.74720000E+001    -0.18772166E-001    -0.14161618E-010     0.85665373E-004
     0.74800000E+001    -0.18772170E-001    -0.45841264E-011     0.78234742E-004
     0.74880000E+001    -0.18772171E-001     0.50084569E-011     0.42829299E-004
     0.74960000E+001    -0.18772167E-001     0.14203581E-010     0.10883913E-006
     0.75040000E+001    -0.18772163E-001     0.20353358E-010    -0.24946756E-004
     0.75120000E+001    -0.18772158E-001     0.20815208E-010    -0.37375456E-004
     0.75200000E+001    -0.18772151E-001     0.15986423E-010    -0.58160318E-004
     0.75280000E+001    -0.18772142E-001     0.93258441E-011    -0.91107211E-004
     0.75360000E+001    -0.18772132E-001     0.41323723E-011    -0.12265956E-003
     0.75440000E+001    -0.18772121E-001     0.72799331E-012    -0.12811443E-003
     0.75520000E+001    -0.18772115E-001    -0.27661037E-011    -0.10552886E-003
     0.75600000E+001    -0.18772112E-001    -0.71641275E-011    -0.82378410E-004
     0.75680000E+001    -0.18772108E-001    -0.10588048E-010    -0.76916970E-004
     0.75760000E+001    -0.18772106E-001    -0.10520993E-010    -0.87107726E-004
     0.75840000E+001    -0.18772106E-001    -0.70371677E-011    -0.90874507E-004
     0.75920000E+001    -0.18772107E-001    -0.32175682E-011    -0.72094709E-004
     0.76000000E+001    -0.18772112E-001    -0.20743934E-011    -0.48205858E-004
     0.76080000E+001    -0.18772117E-001    -0.35585895E-011    -0.40258557E-004
     0.76160000E+001    -0.18772119E-001    -0.51264411E-011    -0.51571058E-004
     0.76240000E+001    -0.18772121E-001    -0.50382663E-011    -0.64406581E-004
     0.76320000E+001    -0.18772124E-001    -0.43660870E-011    -0.52972702E-004
     0.76400000E+001    -0.18772126E-001    -0.53111394E-011    -0.21824954E-004
     0.76480000E+001    -0.18772128E-001    -0.79927975E-011     0.64605203E-005
     0.76560000E+001    -0.18772129E-001    -0.97611843E-011     0.20577286E-004
     0.76640000E+001    -0.18772128E-001    -0.79425426E-011     0.26742255E-004
     0.76720000E+001    -0.18772130E-001    -0.27636686E-011     0.48124442E-004
     0.76800000E+001    -0.18772133E-001     0.30225695E-011     0.88689299E-004
     0.76880000E+001    -0.18772136E-001     0.72784669E-011     0.12565657E-003
     0.76960000E+001    -0.18772141E-001     0.10475016E-010     0.14206986E-003
     0.77040000E+001    -0.18772145E-001     0.14158229E-010     0.13711779E-003
     0.77120000E+001    -0.18772151E-001     0.17918470E-010     0.13166646E-003
     0.77200000E+001    -0.18772158E-001     0.18787933E-010     0.14160336E-003
     0.77280000E+001    -0.18772162E-001     0.14076155E-010     0.15175833E-003
     0.77360000E+001    -0.18772166E-001     0.43495572E-011     0.14384938E-003
     0.77440000E+001    -0.18772169E-001    -0.69898628E-011     0.11405373E-003
     0.77520000E+001    -0.18772171E-001    -0.16984234E-010     0.80258329E-004
     0.77600000E+001    -0.18772171E-001    -0.25331129E-010     0.67763862E-004
     0.77680000E+001    -0.18772170E-001    -0.32938916E-010     0.70475277E-004
     0.77760000E+001    -0.18772167E-001    -0.38829314E-010     0.65042204E-004
     0.77840000E+001    -0.18772161E-001    -0.39529744E-010     0.37727602E-004
     0.77920000E+001    -0.18772156E-001    -0.32068086E-010    -0.49926273E-005
     0.78000000E+001    -0.18772152E-001    -0.17268013E-010    -0.36317719E-004
     0.78080000E+001    -0.18772147E-001     0.51427825E-012    -0.49448968E-004
     0.78160000E+001    -0.18772144E-001     0.16958554E-010    -0.64538576E-004
     0.78240000E+001    -0.18772141E-001     0.30532624E-010    -0.98601886E-004
     0.78320000E+001    -0.18772138E-001     0.41487148E-010    -0.15162873E-003
     0.78400000E+001    -0.18772137E-001     0.48774822E-010    -0.19592813E-003
     0.78480000E+001    -0.18772134E-001     0.49093472E-010    -0.20736346E-003
     0.78560000E+001    -0.18772131E-001     0.39631325E-010    -0.19417329E-003
     0.78640000E+001    -0.18772128E-001     0.21410220E-010    -0.17390273E-003
     0.78720000E+001    -0.18772125E-001    -0.75016776E-012    -0.15686922E-003
     0.78800000E+001    -0.18772123E-001    -0.21707156E-010    -0.13054135E-003
     0.78880000E+001    -0.18772122E-001    -0.39030828E-010    -0.72653950E-004
     0.78960000E+001    -0.18772120E-001    -0.52396452E-010     0.93928984E-005
     0.79040000E+001    -0.18772120E-001    -0.60689684E-010     0.89946314E-004
     0.79120000E+001    -0.18772119E-001    -0.60924440E-010     0.14645080E-003
     0.79200000E+001    -0.18772117E-001    -0.50658430E-010     0.17560125E-003
     0.79280000E+001    -0.18772115E-001    -0.31141517E-010     0.19771170E-003
     0.79360000E+001    -0.18772114E-001    -0.72915776E-011     0.21725694E-003
     0.79440000E+001    -0.18772114E-001     0.15700025E-010     0.21704659E-003
     0.79520000E+001    -0.18772115E-001     0.35310220E-010     0.18174564E-003
     0.79600000E+001    -0.18772116E-001     0.51054472E-010     0.11140379E-003
     0.79680000E+001    -0.18772116E-001     0.61574248E-010     0.35036749E-004
     0.79760000E+001    -0.18772118E-001     0.63536212E-010    -0.21853747E-004
     0.79840000E+001    -0.18772121E-001     0.54162714E-010    -0.63118837E-004
     0.79920000E+001    -0.18772123E-001     0.34533353E-010    -0.10139160E-003
     0.80000000E+001    -0.18772122E-001     0.96400532E-011    -0.14337545E-003
     0.80080000E+001    -0.18772122E-001    -0.15089864E-010    -0.17078022E-003
     0.80160000E+001    -0.18772121E-001    -0.36955585E-010    -0.15669218E-003
     0.80240000E+001    -0.18772121E-001    -0.55404006E-010    -0.10528633E-003
     0.80320000E+001    -0.18772123E-001    -0.68931684E-010    -0.41032965E-004
     0.80400000E+001    -0.18772121E-001    -0.73772389E-010     0.10439724E-004
     0.80480000E+001    -0.18772120E-001    -0.66438210E-010     0.44501238E-004
     0.80560000E+001    -0.18772120E-001    -0.47407587E-010     0.82119809E-004
     0.80640000E+001    -0.18772119E-001    -0.21603576E-010     0.12779612E-003
     0.80720000E+001    -0.18772120E-001     0.50371399E-011     0.16287290E-003
     0.80800000E+001    -0.18772121E-001     0.29077170E-010     0.16466268E-003
     0.80880000E+001    -0.18772122E-001     0.49488099E-010     0.12526385E-003
     0.80960000E+001    -0.18772127E-001     0.64715477E-010     0.71066585E-004
     0.81040000E+001    -0.18772135E-001     0.71114408E-010     0.29157258E-004
     0.81120000E+001    -0.18772141E-001     0.65195996E-010     0.85931392E-006
     0.81200000E+001    -0.18772148E-001     0.47246320E-010    -0.24993238E-004
     0.81280000E+001    -0.18772153E-001     0.22028605E-010    -0.59187669E-004
     0.81360000E+001    -0.18772157E-001    -0.44166098E-011    -0.86677999E-004
     0.81440000E+001    -0.18772162E-001    -0.28360494E-010    -0.81657365E-004
     0.81520000E+001    -0.18772164E-001    -0.48552203E-010    -0.44778235E-004
     0.81600000E+001    -0.18772162E-001    -0.63503707E-010     0.40400268E-005
     0.81680000E+001    -0.18772160E-001    -0.69918541E-010     0.38532314E-004
     0.81760000E+001    -0.18772157E-001    -0.64703997E-010     0.51824616E-004
     0.81840000E+001    -0.18772154E-001    -0.48390691E-010     0.62376032E-004
     0.81920000E+001    -0.18772152E-001    -0.25720441E-010     0.74634900E-004
     0.82000000E+001    -0.18772148E-001    -0.24039626E-011     0.74180563E-004
     0.82080000E+001    -0.18772144E-001     0.18411392E-010     0.41068592E-004
     0.82160000E+001    -0.18772143E-001     0.36192700E-010    -0.30482651E-004
     0.82240000E+001    -0.18772144E-001     0.50061731E-010    -0.11224869E-003
     0.82320000E+001    -0.18772146E-001     0.56978030E-010    -0.17700027E-003
     0.82400000E+001    -0.18772148E-001     0.53730387E-010    -0.22195832E-003
     0.82480000E+001    -0.18772148E-001     0.40512146E-010    -0.25858311E-003
     0.82560000E+001    -0.18772149E-001     0.21709000E-010    -0.29861699E-003
     0.82640000E+001    -0.18772152E-001     0.26652436E-011    -0.32476989E-003
     0.82720000E+001    -0.18772153E-001    -0.14051932E-010    -0.30857464E-003
     0.82800000E+001    -0.18772151E-001    -0.28758712E-010    -0.24718283E-003
     0.82880000E+001    -0.18772148E-001    -0.41438243E-010    -0.15960825E-003
     0.82960000E+001    -0.18772144E-001    -0.49463664E-010    -0.75925015E-004
     0.83040000E+001    -0.18772144E-001    -0.49292878E-010    -0.51380323E-005
     0.83120000E+001    -0.18772145E-001    -0.40265328E-010     0.71100465E-004
     0.83200000E+001    -0.18772143E-001    -0.25900349E-010     0.15889716E-003
     0.83280000E+001    -0.18772143E-001    -0.11030966E-010     0.24433893E-003
     0.83360000E+001    -0.18772144E-001     0.19611782E-011     0.30010910E-003
     0.83440000E+001    -0.18772146E-001     0.13600249E-010     0.30975403E-003
     0.83520000E+001    -0.18772151E-001     0.24289532E-010     0.29237905E-003
     0.83600000E+001    -0.18772152E-001     0.31873341E-010     0.27029318E-003
     0.83680000E+001    -0.18772153E-001     0.33026541E-010     0.24746210E-003
     0.83760000E+001    -0.18772157E-001     0.26870457E-010     0.21207014E-003
     0.83840000E+001    -0.18772158E-001     0.16424504E-010     0.14886713E-003
     0.83920000E+001    -0.18772159E-001     0.60164676E-011     0.72135367E-004
     0.84000000E+001    -0.18772157E-001    -0.23713505E-011     0.93956027E-005
     0.84080000E+001    -0.18772153E-001    -0.96025898E-011    -0.30331055E-004
     0.84160000E+001    -0.18772150E-001    -0.16491133E-010    -0.56420299E-004
     0.84240000E+001    -0.18772149E-001    -0.21390977E-010    -0.90974034E-004
     0.84320000E+001    -0.18772148E-001    -0.21480152E-010    -0.13532203E-003
     0.84400000E+001    -0.18772147E-001    -0.16284980E-010    -0.16555247E-003
     0.84480000E+001    -0.18772146E-001    -0.90030753E-011    -0.16911233E-003
     0.84560000E+001    -0.18772145E-001    -0.37639965E-011    -0.15202272E-003
     0.84640000E+001    -0.18772145E-001    -0.18716024E-011    -0.13696130E-003
     0.84720000E+001    -0.18772146E-001    -0.13273435E-011    -0.13687901E-003
     0.84800000E+001    -0.18772145E-001    -0.45357328E-013    -0.13169023E-003
     0.84880000E+001    -0.18772144E-001     0.13077109E-011    -0.10141179E-003
     0.84960000E+001    -0.18772145E-001     0.36744859E-012    -0.46001660E-004
     0.85040000E+001    -0.18772146E-001    -0.33423114E-011     0.13231660E-004
     0.85120000E+001    -0.18772147E-001    -0.68262217E-011     0.49528325E-004
     0.85200000E+001    -0.18772148E-001    -0.62736075E-011     0.68168188E-004
     0.85280000E+001    -0.18772147E-001    -0.10262525E-011     0.90188163E-004
     0.85360000E+001    -0.18772147E-001     0.57710663E-011     0.12275810E-003
     0.85440000E+001    -0.18772147E-001     0.10530461E-010     0.15382726E-003
     0.85520000E+001    -0.18772148E-001     0.12611536E-010     0.15589271E-003
     0.85600000E+001    -0.18772151E-001     0.13842088E-010     0.12493435E-003
     0.85680000E+001    -0.18772155E-001     0.15029848E-010     0.85950297E-004
     0.85760000E+001    -0.18772159E-001     0.14023059E-010     0.59143253E-004
     0.85840000E+001    -0.18772167E-001     0.78722603E-011     0.48324353E-004
     0.85920000E+001    -0.18772174E-001    -0.34259967E-011     0.34552965E-004
     0.86000000E+001    -0.18772181E-001    -0.16125917E-010     0.43513030E-005
     0.86080000E+001    -0.18772188E-001    -0.25940431E-010    -0.25267084E-004
     0.86160000E+001    -0.18772193E-001    -0.31497560E-010    -0.35067479E-004
     0.86240000E+001    -0.18772197E-001    -0.34115083E-010    -0.20359849E-004
     0.86320000E+001    -0.18772200E-001    -0.34544059E-010     0.68004268E-006
     0.86400000E+001    -0.18772202E-001    -0.30976437E-010     0.17545286E-005
     0.86480000E+001    -0.18772202E-001    -0.21002326E-010    -0.13820261E-004
     0.86560000E+001    -0.18772201E-001    -0.51809084E-011    -0.27973889E-004
     0.86640000E+001    -0.18772196E-001     0.12252885E-010    -0.31494095E-004
     0.86720000E+001    -0.18772188E-001     0.26585680E-010    -0.32581036E-004
     0.86800000E+001    -0.18772177E-001     0.36089192E-010    -0.55356142E-004
     0.86880000E+001    -0.18772163E-001     0.41782863E-010    -0.10045575E-003
     0.86960000E+001    -0.18772149E-001     0.44078569E-010    -0.14226173E-003
     0.87040000E+001    -0.18772134E-001     0.40771426E-010    -0.15922762E-003
     0.87120000E+001    -0.18772120E-001     0.29126454E-010    -0.14639872E-003
     0.87200000E+001    -0.18772109E-001     0.97233107E-011    -0.12444357E-003
     0.87280000E+001    -0.18772102E-001    -0.12618069E-010    -0.10778320E-003
     0.87360000E+001    -0.18772099E-001    -0.32192684E-010    -0.80840469E-004
     0.87440000E+001    -0.18772096E-001    -0.46290793E-010    -0.25243995E-004
     0.87520000E+001    -0.18772095E-001    -0.55317699E-010     0.62976052E-004
     0.87600000E+001    -0.18772096E-001    -0.59471686E-010     0.15933547E-003
     0.87680000E+001    -0.18772100E-001    -0.56437246E-010     0.22894826E-003
     0.87760000E+001    -0.18772106E-001    -0.43297123E-010     0.26733545E-003
     0.87840000E+001    -0.18772113E-001    -0.20563617E-010     0.28801800E-003
     0.87920000E+001    -0.18772120E-001     0.65434913E-011     0.30183017E-003
     0.88000000E+001    -0.18772128E-001     0.31296883E-010     0.30125148E-003
     0.88080000E+001    -0.18772136E-001     0.49703294E-010     0.25964794E-003
     0.88160000E+001    -0.18772142E-001     0.61235729E-010     0.17350434E-003
     0.88240000E+001    -0.18772147E-001     0.65863481E-010     0.67197627E-004
     0.88320000E+001    -0.18772148E-001     0.61655865E-010    -0.31144179E-004
     0.88400000E+001    -0.18772151E-001     0.46277481E-010    -0.10593280E-003
     0.88480000E+001    -0.18772155E-001     0.20709703E-010    -0.17012525E-003
     0.88560000E+001    -0.18772158E-001    -0.94620295E-011    -0.23384611E-003
     0.88640000E+001    -0.18772159E-001    -0.37141402E-010    -0.28187077E-003
     0.88720000E+001    -0.18772159E-001    -0.57925358E-010    -0.29480272E-003
     0.88800000E+001    -0.18772157E-001    -0.70966550E-010    -0.26318133E-003
     0.88880000E+001    -0.18772156E-001    -0.76167331E-010    -0.20657480E-003
     0.88960000E+001    -0.18772154E-001    -0.71766725E-010    -0.15591744E-003
     0.89040000E+001    -0.18772149E-001    -0.55738411E-010    -0.11551439E-003
     0.89120000E+001    -0.18772143E-001    -0.29394235E-010    -0.74434761E-004
     0.89200000E+001    -0.18772138E-001     0.14405616E-011    -0.22401309E-004
     0.89280000E+001    -0.18772134E-001     0.29593306E-010     0.31307357E-004
     0.89360000E+001    -0.18772132E-001     0.50843684E-010     0.57603354E-004
     0.89440000E+001    -0.18772131E-001     0.64733235E-010     0.49898236E-004
     0.89520000E+001    -0.18772128E-001     0.71481834E-010     0.27027844E-004
     0.89600000E+001    -0.18772127E-001     0.69289303E-010     0.12955834E-004
     0.89680000E+001    -0.18772131E-001     0.55644962E-010     0.17790851E-004
     0.89760000E+001    -0.18772136E-001     0.31216294E-010     0.20779329E-004
     0.89840000E+001    -0.18772143E-001     0.14568141E-011     0.57909379E-005
     0.89920000E+001    -0.18772151E-001    -0.26427186E-010    -0.16132084E-004
     0.90000000E+001    -0.18772158E-001    -0.47995490E-010    -0.23969364E-004
     0.90080000E+001    -0.18772167E-001    -0.62733576E-010    -0.27484432E-005
     0.90160000E+001    -0.18772175E-001    -0.71043904E-010     0.30599361E-004
     0.90240000E+001    -0.18772177E-001    -0.71207517E-010     0.46158782E-004
     0.90320000E+001    -0.18772176E-001    -0.60371796E-010     0.39318994E-004
     0.90400000E+001    -0.18772171E-001    -0.38480196E-010     0.23731515E-004
     0.90480000E+001    -0.18772166E-001    -0.10307812E-010     0.18631140E-004
     0.90560000E+001    -0.18772162E-001     0.17106998E-010     0.22517277E-004
     0.90640000E+001    -0.18772154E-001     0.38969887E-010     0.10147647E-004
     0.90720000E+001    -0.18772144E-001     0.54263814E-010    -0.26244306E-004
     0.90800000E+001    -0.18772135E-001     0.63132528E-010    -0.71901999E-004
     0.90880000E+001    -0.18772126E-001     0.63956428E-010    -0.10177691E-003
     0.90960000E+001    -0.18772118E-001     0.54100077E-010    -0.10174642E-003
     0.91040000E+001    -0.18772111E-001     0.33596582E-010    -0.89355413E-004
     0.91120000E+001    -0.18772104E-001     0.71337435E-011    -0.80322806E-004
     0.91200000E+001    -0.18772100E-001    -0.18449546E-010    -0.69062874E-004
     0.91280000E+001    -0.18772102E-001    -0.38571990E-010    -0.39612644E-004
     0.91360000E+001    -0.18772105E-001    -0.52449527E-010     0.20656341E-004
     0.91440000E+001    -0.18772108E-001    -0.60496932E-010     0.93055343E-004
     0.91520000E+001    -0.18772111E-001    -0.61330250E-010     0.14755824E-003
     0.91600000E+001    -0.18772113E-001    -0.52478513E-010     0.17724114E-003
     0.91680000E+001    -0.18772118E-001    -0.34058460E-010     0.19293553E-003
     0.91760000E+001    -0.18772124E-001    -0.10753497E-010     0.21328704E-003
     0.91840000E+001    -0.18772127E-001     0.10770442E-010     0.23498511E-003
     0.91920000E+001    -0.18772129E-001     0.26487878E-010     0.23177992E-003
     0.92000000E+001    -0.18772132E-001     0.36601473E-010     0.19498968E-003
     0.92080000E+001    -0.18772132E-001     0.42649539E-010     0.13840835E-003
     0.92160000E+001    -0.18772132E-001     0.44001048E-010     0.89459948E-004
     0.92240000E+001    -0.18772133E-001     0.38159159E-010     0.62995237E-004
     0.92320000E+001    -0.18772130E-001     0.24530469E-010     0.39387774E-004
     0.92400000E+001    -0.18772128E-001     0.68714262E-011    -0.98768625E-007
     0.92480000E+001    -0.18772127E-001    -0.89207481E-011    -0.52945046E-004
     0.92560000E+001    -0.18772126E-001    -0.19400128E-010    -0.99617710E-004
     0.92640000E+001    -0.18772127E-001    -0.25430247E-010    -0.11936474E-003
     0.92720000E+001    -0.18772127E-001    -0.29394306E-010    -0.12405780E-003
     0.92800000E+001    -0.18772125E-001    -0.31358381E-010    -0.13923384E-003
     0.92880000E+001    -0.18772124E-001    -0.28912490E-010    -0.17187022E-003
     0.92960000E+001    -0.18772123E-001    -0.20731877E-010    -0.20960862E-003
     0.93040000E+001    -0.18772119E-001    -0.93306494E-011    -0.22689493E-003
     0.93120000E+001    -0.18772118E-001     0.56095886E-012    -0.22002773E-003
     0.93200000E+001    -0.18772118E-001     0.62434090E-011    -0.21042398E-003
     0.93280000E+001    -0.18772119E-001     0.89158111E-011    -0.20875336E-003
     0.93360000E+001    -0.18772123E-001     0.11115874E-010    -0.20831699E-003
     0.93440000E+001    -0.18772127E-001     0.13042779E-010    -0.18612992E-003
     0.93520000E+001    -0.18772130E-001     0.12318766E-010    -0.12991544E-003
     0.93600000E+001    -0.18772134E-001     0.74537666E-011    -0.60095246E-004
     0.93680000E+001    -0.18772138E-001     0.57870540E-012     0.26776914E-005
     0.93760000E+001    -0.18772141E-001    -0.41341005E-011     0.54236474E-004
     0.93840000E+001    -0.18772145E-001    -0.46300716E-011     0.10795480E-003
     0.93920000E+001    -0.18772147E-001    -0.28048493E-011     0.17927643E-003
     0.94000000E+001    -0.18772150E-001    -0.18366252E-011     0.25191516E-003
     0.94080000E+001    -0.18772153E-001    -0.23309674E-011     0.29834626E-003
     0.94160000E+001    -0.18772153E-001    -0.20288647E-011     0.30843101E-003
     0.94240000E+001    -0.18772152E-001     0.64280813E-012     0.29320733E-003
     0.94320000E+001    -0.18772150E-001     0.36587301E-011     0.27926257E-003
     0.94400000E+001    -0.18772147E-001     0.29531127E-011     0.27013155E-003
     0.94480000E+001    -0.18772142E-001    -0.31358124E-011     0.24499297E-003
     0.94560000E+001    -0.18772139E-001    -0.11775784E-010     0.19286847E-003
     0.94640000E+001    -0.18772135E-001    -0.18387929E-010     0.12174975E-003
     0.94720000E+001    -0.18772134E-001    -0.21012394E-010     0.60995980E-004
     0.94800000E+001    -0.18772136E-001    -0.21235547E-010     0.28757832E-004
     0.94880000E+001    -0.18772135E-001    -0.20827837E-010     0.83689941E-005
     0.94960000E+001    -0.18772135E-001    -0.18521418E-010    -0.20909490E-004
     0.95040000E+001    -0.18772137E-001    -0.11109024E-010    -0.65980159E-004
     0.95120000E+001    -0.18772139E-001     0.23178235E-011    -0.11056814E-003
     0.95200000E+001    -0.18772144E-001     0.18078202E-010    -0.13187117E-003
     0.95280000E+001    -0.18772148E-001     0.30477086E-010    -0.13781390E-003
     0.95360000E+001    -0.18772149E-001     0.36374220E-010    -0.14988981E-003
     0.95440000E+001    -0.18772150E-001     0.36594172E-010    -0.17903443E-003
     0.95520000E+001    -0.18772152E-001     0.32996708E-010    -0.21540330E-003
     0.95600000E+001    -0.18772152E-001     0.25212081E-010    -0.23045464E-003
     0.95680000E+001    -0.18772149E-001     0.11299270E-010    -0.21750585E-003
     0.95760000E+001    -0.18772144E-001    -0.84595039E-011    -0.19423795E-003
     0.95840000E+001    -0.18772136E-001    -0.29520730E-010    -0.17523359E-003
     0.95920000E+001    -0.18772130E-001    -0.45648254E-010    -0.16142500E-003
     0.96000000E+001    -0.18772123E-001    -0.53418169E-010    -0.13188532E-003
     0.96080000E+001    -0.18772115E-001    -0.53636579E-010    -0.76016251E-004
     0.96160000E+001    -0.18772108E-001    -0.48358900E-010    -0.14070451E-004
     0.96240000E+001    -0.18772102E-001    -0.37555869E-010     0.30653317E-004
     0.96320000E+001    -0.18772098E-001    -0.19713064E-010     0.47310521E-004
     0.96400000E+001    -0.18772097E-001     0.43883749E-011     0.50833759E-004
     0.96480000E+001    -0.18772097E-001     0.29585662E-010     0.63278458E-004
     0.96560000E+001    -0.18772097E-001     0.49018487E-010     0.77347102E-004
     0.96640000E+001    -0.18772100E-001     0.58879956E-010     0.73699665E-004
     0.96720000E+001    -0.18772106E-001     0.59969878E-010     0.42079975E-004
     0.96800000E+001    -0.18772111E-001     0.54601833E-010    -0.42657986E-005
     0.96880000E+001    -0.18772117E-001     0.42898193E-010    -0.31993779E-004
     0.96960000E+001    -0.18772122E-001     0.23164780E-010    -0.31502757E-004
     0.97040000E+001    -0.18772125E-001    -0.41030513E-011    -0.19123680E-004
     0.97120000E+001    -0.18772130E-001    -0.33680503E-010    -0.12593854E-004
     0.97200000E+001    -0.18772137E-001    -0.58003390E-010    -0.15380948E-004
     0.97280000E+001    -0.18772143E-001    -0.72157681E-010    -0.42718033E-005
     0.97360000E+001    -0.18772148E-001    -0.76039105E-010     0.34774107E-004
     0.97440000E+001    -0.18772154E-001    -0.71642216E-010     0.84764498E-004
     0.97520000E+001    -0.18772161E-001    -0.59279430E-010     0.12029222E-003
     0.97600000E+001    -0.18772171E-001    -0.37558806E-010     0.12406378E-003
     0.97680000E+001    -0.18772178E-001    -0.71272148E-011     0.10841239E-003
     0.97760000E+001    -0.18772180E-001     0.26615737E-010     0.97004205E-004
     0.97840000E+001    -0.18772181E-001     0.55616642E-010     0.88324273E-004
     0.97920000E+001    -0.18772182E-001     0.74100109E-010     0.68172195E-004
     0.98000000E+001    -0.18772181E-001     0.81030712E-010     0.25124226E-004
     0.98080000E+001    -0.18772178E-001     0.77870794E-010    -0.29705401E-004
     0.98160000E+001    -0.18772170E-001     0.64987048E-010    -0.63772614E-004
     0.98240000E+001    -0.18772160E-001     0.41493344E-010    -0.65581097E-004
     0.98320000E+001    -0.18772150E-001     0.87202781E-011    -0.47065664E-004
     0.98400000E+001    -0.18772141E-001    -0.27332466E-010    -0.26233109E-004
     0.98480000E+001    -0.18772131E-001    -0.58201192E-010    -0.10292629E-004
     0.98560000E+001    -0.18772122E-001    -0.77957547E-010     0.19181576E-004
     0.98640000E+001    -0.18772115E-001    -0.85693508E-010     0.70834807E-004
     0.98720000E+001    -0.18772110E-001    -0.83137086E-010     0.12575121E-003
     0.98800000E+001    -0.18772110E-001    -0.70870033E-010     0.15697341E-003
     0.98880000E+001    -0.18772111E-001    -0.48033139E-010     0.14591963E-003
     0.98960000E+001    -0.18772111E-001    -0.15853967E-010     0.10687571E-003
     0.99040000E+001    -0.18772115E-001     0.19685098E-010     0.65559997E-004
     0.99120000E+001    -0.18772117E-001     0.50028253E-010     0.23632157E-004
     0.99200000E+001    -0.18772119E-001     0.69255004E-010    -0.30774635E-004
     0.99280000E+001    -0.18772121E-001     0.76798725E-010    -0.10924134E-003
     0.99360000E+001    -0.18772119E-001     0.75016559E-010    -0.19769713E-003
     0.99440000E+001    -0.18772118E-001     0.64924652E-010    -0.25891125E-003
     0.99520000E+001    -0.18772118E-001     0.45433226E-010    -0.27662767E-003
     0.99600000E+001    -0.18772117E-001     0.16868244E-010    -0.25992429E-003
     0.99680000E+001    -0.18772116E-001    -0.15877825E-010    -0.23039239E-003
     0.99760000E+001    -0.18772117E-001    -0.44900302E-010    -0.19920277E-003
     0.99840000E+001    -0.18772115E-001    -0.64309788E-010    -0.14813169E-003
     0.99920000E+001    -0.18772116E-001    -0.73267213E-010    -0.65603000E-004
     0.10000000E+002    -0.18772119E-001    -0.73922417E-010     0.34602715E-004
     0.10008000E+002    -0.18772119E-001    -0.67230422E-010     0.12476960E-003
     0.10016000E+002    -0.18772121E-001    -0.51893051E-010     0.17963445E-003
     0.10024000E+002    -0.18772123E-001    -0.27624204E-010     0.20671118E-003
     0.10032000E+002    -0.18772124E-001     0.15579355E-011     0.22653228E-003
     0.10040000E+002    -0.18772126E-001     0.28506793E-010     0.24058043E-003
     0.10048000E+002    -0.18772127E-001     0.47632387E-010     0.23695298E-003
     0.10056000E+002    -0.18772125E-001     0.57914440E-010     0.19936324E-003
     0.10064000E+002    -0.18772124E-001     0.61097509E-010     0.13639412E-003
     0.10072000E+002    -0.18772122E-001     0.57712977E-010     0.79991792E-004
     0.10080000E+002    -0.18772120E-001     0.46125681E-010     0.45560127E-004
     0.10088000E+002    -0.18772121E-001     0.25806095E-010     0.28152580E-004
     0.10096000E+002    -0.18772122E-001     0.57437992E-012     0.95195894E-005
     0.10104000E+002    -0.18772122E-001    -0.22614241E-010    -0.17544549E-004
     0.10112000E+002    -0.18772124E-001    -0.38493951E-010    -0.31271609E-004
     0.10120000E+002    -0.18772125E-001    -0.46592239E-010    -0.17204328E-004
     0.10128000E+002    -0.18772124E-001    -0.49281748E-010     0.15594630E-004
     0.10136000E+002    -0.18772125E-001    -0.47506450E-010     0.41879910E-004
     0.10144000E+002    -0.18772126E-001    -0.39540636E-010     0.38486615E-004
     0.10152000E+002    -0.18772127E-001    -0.24300701E-010     0.16781952E-004
     0.10160000E+002    -0.18772130E-001    -0.49386740E-011     0.26641090E-006
     0.10168000E+002    -0.18772131E-001     0.12136068E-010    -0.64314199E-005
     0.10176000E+002    -0.18772133E-001     0.22153852E-010    -0.16243797E-004
     0.10184000E+002    -0.18772137E-001     0.25398709E-010    -0.51021619E-004
     0.10192000E+002    -0.18772139E-001     0.25372939E-010    -0.10594268E-003
     0.10200000E+002    -0.18772140E-001     0.24088058E-010    -0.15081643E-003
     0.10208000E+002    -0.18772141E-001     0.20177361E-010    -0.16859682E-003
     0.10216000E+002    -0.18772141E-001     0.11856131E-010    -0.16288853E-003
     0.10224000E+002    -0.18772142E-001     0.77666649E-012    -0.15651038E-003
     0.10232000E+002    -0.18772145E-001    -0.82500801E-011    -0.16189810E-003
     0.10240000E+002    -0.18772143E-001    -0.11658444E-010    -0.15989248E-003
     0.10248000E+002    -0.18772142E-001    -0.10494461E-010    -0.13303472E-003
     0.10256000E+002    -0.18772142E-001    -0.87802230E-011    -0.81809244E-004
     0.10264000E+002    -0.18772140E-001    -0.89091494E-011    -0.26478995E-004
     0.10272000E+002    -0.18772139E-001    -0.95251999E-011     0.99220391E-005
     0.10280000E+002    -0.18772138E-001    -0.82225963E-011     0.35846885E-004
     0.10288000E+002    -0.18772135E-001    -0.54330214E-011     0.70785752E-004
     0.10296000E+002    -0.18772136E-001    -0.44624093E-011     0.11938984E-003
     0.10304000E+002    -0.18772137E-001    -0.75417017E-011     0.16811121E-003
     0.10312000E+002    -0.18772136E-001    -0.12734671E-010     0.19070848E-003
     0.10320000E+002    -0.18772133E-001    -0.15633046E-010     0.18561523E-003
     0.10328000E+002    -0.18772130E-001    -0.13954899E-010     0.17419998E-003
     0.10336000E+002    -0.18772127E-001    -0.95462754E-011     0.16792009E-003
     0.10344000E+002    -0.18772125E-001    -0.55014404E-011     0.16132812E-003
     0.10352000E+002    -0.18772122E-001    -0.20615312E-011     0.13057362E-003
     0.10360000E+002    -0.18772120E-001     0.35610307E-011     0.65716959E-004
     0.10368000E+002    -0.18772118E-001     0.13093390E-010    -0.10317779E-004
     0.10376000E+002    -0.18772120E-001     0.23905138E-010    -0.74583287E-004
     0.10384000E+002    -0.18772124E-001     0.30708928E-010    -0.12004148E-003
     0.10392000E+002    -0.18772128E-001     0.30455248E-010    -0.16230373E-003
     0.10400000E+002    -0.18772133E-001     0.24768102E-010    -0.21948791E-003
     0.10408000E+002    -0.18772136E-001     0.17151394E-010    -0.27654957E-003
     0.10416000E+002    -0.18772142E-001     0.85371506E-011    -0.30648485E-003
     0.10424000E+002    -0.18772148E-001    -0.32938917E-011    -0.29552076E-003
     0.10432000E+002    -0.18772152E-001    -0.19716797E-010    -0.25361301E-003
     0.10440000E+002    -0.18772153E-001    -0.37601485E-010    -0.20968206E-003
     0.10448000E+002    -0.18772150E-001    -0.50655337E-010    -0.16971394E-003
     0.10456000E+002    -0.18772144E-001    -0.54479450E-010    -0.11694787E-003
     0.10464000E+002    -0.18772138E-001    -0.49597328E-010    -0.40461607E-004
     0.10472000E+002    -0.18772130E-001    -0.39275485E-010     0.53133593E-004
     0.10480000E+002    -0.18772120E-001    -0.25171873E-010     0.13245193E-003
     0.10488000E+002    -0.18772110E-001    -0.62966065E-011     0.17678770E-003
     0.10496000E+002    -0.18772103E-001     0.17494882E-010     0.19716664E-003
     0.10504000E+002    -0.18772100E-001     0.42077185E-010     0.21022026E-003
     0.10512000E+002    -0.18772100E-001     0.60329626E-010     0.22404710E-003
     0.10520000E+002    -0.18772100E-001     0.67097935E-010     0.22438361E-003
     0.10528000E+002    -0.18772101E-001     0.62392823E-010     0.19378723E-003
     0.10536000E+002    -0.18772104E-001     0.49447175E-010     0.14576613E-003
     0.10544000E+002    -0.18772111E-001     0.30466399E-010     0.10573407E-003
     0.10552000E+002    -0.18772118E-001     0.54759285E-011     0.90926671E-004
     0.10560000E+002    -0.18772124E-001    -0.24484715E-010     0.95526189E-004
     0.10568000E+002    -0.18772130E-001    -0.54185576E-010     0.94115181E-004
     0.10576000E+002    -0.18772135E-001    -0.75700935E-010     0.82868415E-004
     0.10584000E+002    -0.18772142E-001    -0.83586102E-010     0.77532603E-004
     0.10592000E+002    -0.18772147E-001    -0.78118827E-010     0.89633729E-004
     0.10600000E+002    -0.18772146E-001    -0.63190184E-010     0.11328910E-003
     0.10608000E+002    -0.18772146E-001    -0.41661631E-010     0.11699839E-003
     0.10616000E+002    -0.18772145E-001    -0.13867506E-010     0.82320730E-004
     0.10624000E+002    -0.18772145E-001     0.19129303E-010     0.23026595E-004
     0.10632000E+002    -0.18772147E-001     0.52037968E-010    -0.38896469E-004
     0.10640000E+002    -0.18772148E-001     0.76571013E-010    -0.89260137E-004
     0.10648000E+002    -0.18772148E-001     0.86735803E-010    -0.14084584E-003
     0.10656000E+002    -0.18772151E-001     0.82523464E-010    -0.21095784E-003
     0.10664000E+002    -0.18772152E-001     0.68020061E-010    -0.28620773E-003
     0.10672000E+002    -0.18772153E-001     0.46518438E-010    -0.33874185E-003
     0.10680000E+002    -0.18772153E-001     0.18526911E-010    -0.34490727E-003
     0.10688000E+002    -0.18772151E-001    -0.15245011E-010    -0.30802551E-003
     0.10696000E+002    -0.18772149E-001    -0.50049373E-010    -0.25607233E-003
     0.10704000E+002    -0.18772149E-001    -0.77743432E-010    -0.19884866E-003
     0.10712000E+002    -0.18772148E-001    -0.91807485E-010    -0.12710349E-003
     0.10720000E+002    -0.18772145E-001    -0.91281470E-010    -0.29777309E-004
     0.10728000E+002    -0.18772141E-001    -0.79460846E-010     0.88175036E-004
     0.10736000E+002    -0.18772136E-001    -0.59348063E-010     0.19256070E-003
     0.10744000E+002    -0.18772131E-001    -0.31552569E-010     0.25825747E-003
     0.10752000E+002    -0.18772128E-001     0.29966676E-011     0.28798783E-003
     0.10760000E+002    -0.18772126E-001     0.39399184E-010     0.29621204E-003
     0.10768000E+002    -0.18772126E-001     0.69349648E-010     0.29522258E-003
     0.10776000E+002    -0.18772128E-001     0.86020382E-010     0.27191200E-003
     0.10784000E+002    -0.18772131E-001     0.88044691E-010     0.20996675E-003
     0.10792000E+002    -0.18772136E-001     0.78326258E-010     0.12140743E-003
     0.10800000E+002    -0.18772139E-001     0.59613222E-010     0.32969981E-004
     0.10808000E+002    -0.18772141E-001     0.32448330E-010    -0.28608156E-004
     0.10816000E+002    -0.18772142E-001    -0.21328899E-011    -0.62775505E-004
     0.10824000E+002    -0.18772143E-001    -0.38918025E-010    -0.91809580E-004
     0.10832000E+002    -0.18772142E-001    -0.69191407E-010    -0.11982184E-003
     0.10840000E+002    -0.18772143E-001    -0.85894311E-010    -0.13321680E-003
     0.10848000E+002    -0.18772143E-001    -0.87851028E-010    -0.11457932E-003
     0.10856000E+002    -0.18772142E-001    -0.78580368E-010    -0.64535233E-004
     0.10864000E+002    -0.18772143E-001    -0.61443929E-010    -0.15231091E-004
     0.10872000E+002    -0.18772143E-001    -0.37077273E-010     0.10174951E-004
     0.10880000E+002    -0.18772143E-001    -0.59713348E-011     0.15531835E-004
     0.10888000E+002    -0.18772146E-001     0.27508116E-010     0.19638646E-004
     0.10896000E+002    -0.18772150E-001     0.55271262E-010     0.38731335E-004
     0.10904000E+002    -0.18772155E-001     0.70490309E-010     0.57805425E-004
     0.10912000E+002    -0.18772162E-001     0.72133762E-010     0.54453910E-004
     0.10920000E+002    -0.18772167E-001     0.64072331E-010     0.30728010E-004
     0.10928000E+002    -0.18772173E-001     0.50138739E-010     0.60053287E-005
     0.10936000E+002    -0.18772177E-001     0.31051835E-010     0.51181138E-005
     0.10944000E+002    -0.18772178E-001     0.65453974E-011     0.25964788E-004
     0.10952000E+002    -0.18772177E-001    -0.20455512E-010     0.41844879E-004
     0.10960000E+002    -0.18772175E-001    -0.43365528E-010     0.41007532E-004
     0.10968000E+002    -0.18772171E-001    -0.56297951E-010     0.30092036E-004
     0.10976000E+002    -0.18772168E-001    -0.58388426E-010     0.27875237E-004
     0.10984000E+002    -0.18772164E-001    -0.53174621E-010     0.39987164E-004
     0.10992000E+002    -0.18772159E-001    -0.43955408E-010     0.42234113E-004
     0.11000000E+002    -0.18772154E-001    -0.30819319E-010     0.17228092E-004
     0.11008000E+002    -0.18772151E-001    -0.12747708E-010    -0.30641112E-004
     0.11016000E+002    -0.18772147E-001     0.82284972E-011    -0.80836916E-004
     0.11024000E+002    -0.18772143E-001     0.26389680E-010    -0.11363893E-003
     0.11032000E+002    -0.18772140E-001     0.36498750E-010    -0.14024533E-003
     0.11040000E+002    -0.18772139E-001     0.38047568E-010    -0.17887533E-003
     0.11048000E+002    -0.18772142E-001     0.34576132E-010    -0.22735141E-003
     0.11056000E+002    -0.18772145E-001     0.29022444E-010    -0.26704484E-003
     0.11064000E+002    -0.18772148E-001     0.20772477E-010    -0.27284030E-003
     0.11072000E+002    -0.18772149E-001     0.79297631E-011    -0.24789723E-003
     0.11080000E+002    -0.18772152E-001    -0.81711380E-011    -0.21863351E-003
     0.11088000E+002    -0.18772154E-001    -0.22131570E-010    -0.19705355E-003
     0.11096000E+002    -0.18772157E-001    -0.28796964E-010    -0.17623467E-003
     0.11104000E+002    -0.18772157E-001    -0.27876365E-010    -0.13403937E-003
     0.11112000E+002    -0.18772155E-001    -0.23520258E-010    -0.63831774E-004
     0.11120000E+002    -0.18772154E-001    -0.19392655E-010     0.86674516E-005
     0.11128000E+002    -0.18772154E-001    -0.15144672E-010     0.62195463E-004
     0.11136000E+002    -0.18772153E-001    -0.83362507E-011     0.96005551E-004
     0.11144000E+002    -0.18772151E-001     0.86787040E-012     0.13050384E-003
     0.11152000E+002    -0.18772146E-001     0.82514569E-011     0.18666756E-003
     0.11160000E+002    -0.18772141E-001     0.94500317E-011     0.25154460E-003
     0.11168000E+002    -0.18772140E-001     0.46851094E-011     0.30097222E-003
     0.11176000E+002    -0.18772139E-001    -0.13303238E-011     0.32564069E-003
     0.11184000E+002    -0.18772139E-001    -0.42084978E-011     0.33534937E-003
     0.11192000E+002    -0.18772138E-001    -0.38182190E-011     0.35232974E-003
     0.11200000E+002    -0.18772138E-001    -0.29276102E-011     0.37287627E-003
     0.11208000E+002    -0.18772141E-001    -0.26464160E-011     0.37097619E-003
     0.11216000E+002    -0.18772143E-001    -0.60591681E-012     0.33115909E-003
     0.11224000E+002    -0.18772143E-001     0.57996450E-011     0.25663389E-003
     0.11232000E+002    -0.18772142E-001     0.15155467E-010     0.17230884E-003
     0.11240000E+002    -0.18772140E-001     0.22197752E-010     0.92549177E-004
     0.11248000E+002    -0.18772140E-001     0.22566414E-010     0.40157147E-005
     0.11256000E+002    -0.18772141E-001     0.16641844E-010    -0.10299786E-003
     0.11264000E+002    -0.18772138E-001     0.81091373E-011    -0.22211695E-003
     0.11272000E+002    -0.18772135E-001    -0.71238070E-012    -0.32578360E-003
     0.11280000E+002    -0.18772133E-001    -0.10933328E-010    -0.38701834E-003
     0.11288000E+002    -0.18772133E-001    -0.24024190E-010    -0.41309946E-003
     0.11296000E+002    -0.18772135E-001    -0.37641673E-010    -0.42290318E-003
     0.11304000E+002    -0.18772135E-001    -0.45930497E-010    -0.42458736E-003
     0.11312000E+002    -0.18772135E-001    -0.44445428E-010    -0.40751446E-003
     0.11320000E+002    -0.18772137E-001    -0.34167399E-010    -0.34948242E-003
     0.11328000E+002    -0.18772140E-001    -0.19951616E-010    -0.25706323E-003
     0.11336000E+002    -0.18772143E-001    -0.53435804E-011    -0.15984249E-003
     0.11344000E+002    -0.18772143E-001     0.99899353E-011    -0.79763266E-004
     0.11352000E+002    -0.18772138E-001     0.27333651E-010    -0.19114475E-004
     0.11360000E+002    -0.18772133E-001     0.44375485E-010     0.44804046E-004
     0.11368000E+002    -0.18772126E-001     0.54995612E-010     0.12239139E-003
     0.11376000E+002    -0.18772121E-001     0.54154968E-010     0.19410856E-003
     0.11384000E+002    -0.18772115E-001     0.42348681E-010     0.23933594E-003
     0.11392000E+002    -0.18772109E-001     0.24556039E-010     0.25164101E-003
     0.11400000E+002    -0.18772106E-001     0.51142152E-011     0.25192311E-003
     0.11408000E+002    -0.18772107E-001    -0.15356798E-010     0.26495682E-003
     0.11416000E+002    -0.18772112E-001    -0.37508834E-010     0.28386481E-003
     0.11424000E+002    -0.18772118E-001    -0.58758917E-010     0.28886181E-003
     0.11432000E+002    -0.18772126E-001    -0.72730870E-010     0.26641563E-003
     0.11440000E+002    -0.18772135E-001    -0.73804163E-010     0.22497070E-003
     0.11448000E+002    -0.18772145E-001    -0.61723965E-010     0.19026054E-003
     0.11456000E+002    -0.18772154E-001    -0.41037696E-010     0.16417112E-003
     0.11464000E+002    -0.18772160E-001    -0.16333714E-010     0.12842937E-003
     0.11472000E+002    -0.18772164E-001     0.10824966E-010     0.67737063E-004
     0.11480000E+002    -0.18772164E-001     0.39824902E-010    -0.15977880E-004
     0.11488000E+002    -0.18772162E-001     0.66877867E-010    -0.94424435E-004
     0.11496000E+002    -0.18772157E-001     0.84676227E-010    -0.15030670E-003
     0.11504000E+002    -0.18772151E-001     0.87092300E-010    -0.19288037E-003
     0.11512000E+002    -0.18772144E-001     0.73837401E-010    -0.23458310E-003
     0.11520000E+002    -0.18772138E-001     0.49877090E-010    -0.27784222E-003
     0.11528000E+002    -0.18772135E-001     0.20516795E-010    -0.29912279E-003
     0.11536000E+002    -0.18772133E-001    -0.11929371E-010    -0.27463122E-003
     0.11544000E+002    -0.18772132E-001    -0.46149576E-010    -0.21350932E-003
     0.11552000E+002    -0.18772133E-001    -0.77653053E-010    -0.13970595E-003
     0.11560000E+002    -0.18772132E-001    -0.98417664E-010    -0.74358641E-004
     0.11568000E+002    -0.18772134E-001    -0.10178328E-009    -0.14874455E-004
     0.11576000E+002    -0.18772135E-001    -0.87515180E-010     0.58888461E-004
     0.11584000E+002    -0.18772135E-001    -0.61354583E-010     0.14257583E-003
     0.11592000E+002    -0.18772136E-001    -0.29705459E-010     0.21137696E-003
     0.11600000E+002    -0.18772135E-001     0.43549968E-011     0.24059473E-003
     0.11608000E+002    -0.18772134E-001     0.39529489E-010     0.22607605E-003
     0.11616000E+002    -0.18772133E-001     0.71887140E-010     0.19581268E-003
     0.11624000E+002    -0.18772132E-001     0.93863604E-010     0.16939401E-003
     0.11632000E+002    -0.18772131E-001     0.98764629E-010     0.14090885E-003
     0.11640000E+002    -0.18772131E-001     0.85959940E-010     0.96080441E-004
     0.11648000E+002    -0.18772131E-001     0.60923991E-010     0.27822413E-004
     0.11656000E+002    -0.18772131E-001     0.30180826E-010    -0.40807033E-004
     0.11664000E+002    -0.18772133E-001    -0.29653335E-011    -0.82291104E-004
     0.11672000E+002    -0.18772134E-001    -0.37295138E-010    -0.97267836E-004
     0.11680000E+002    -0.18772136E-001    -0.69391864E-010    -0.10262436E-003
     0.11688000E+002    -0.18772136E-001    -0.92303072E-010    -0.11824375E-003
     0.11696000E+002    -0.18772133E-001    -0.99524900E-010    -0.14050181E-003
     0.11704000E+002    -0.18772129E-001    -0.90031866E-010    -0.14685818E-003
     0.11712000E+002    -0.18772127E-001    -0.68521566E-010    -0.13530900E-003
     0.11720000E+002    -0.18772124E-001    -0.40722123E-010    -0.12195335E-003
     0.11728000E+002    -0.18772121E-001    -0.93998628E-011    -0.12769864E-003
     0.11736000E+002    -0.18772118E-001     0.24466591E-010    -0.15599201E-003
     0.11744000E+002    -0.18772116E-001     0.57404024E-010    -0.18024110E-003
     0.11752000E+002    -0.18772118E-001     0.82147068E-010    -0.18299280E-003
     0.11760000E+002    -0.18772121E-001     0.91784110E-010    -0.16965465E-003
     0.11768000E+002    -0.18772123E-001     0.84956886E-010    -0.15577341E-003
     0.11776000E+002    -0.18772125E-001     0.66221226E-010    -0.15075243E-003
     0.11784000E+002    -0.18772129E-001     0.41235489E-010    -0.13328465E-003
     0.11792000E+002    -0.18772134E-001     0.12509210E-010    -0.79603265E-004
     0.11800000E+002    -0.18772142E-001    -0.19433757E-010     0.61257169E-005
     0.11808000E+002    -0.18772150E-001    -0.51512396E-010     0.10106433E-003
     0.11816000E+002    -0.18772155E-001    -0.76461264E-010     0.17709028E-003
     0.11824000E+002    -0.18772163E-001    -0.86964640E-010     0.23292698E-003
     0.11832000E+002    -0.18772170E-001    -0.81324555E-010     0.28801729E-003
     0.11840000E+002    -0.18772174E-001    -0.64247286E-010     0.34322628E-003
     0.11848000E+002    -0.18772178E-001    -0.41967654E-010     0.38061813E-003
     0.11856000E+002    -0.18772177E-001    -0.17423280E-010     0.37317436E-003
     0.11864000E+002    -0.18772174E-001     0.92141481E-011     0.31376215E-003
     0.11872000E+002    -0.18772171E-001     0.35998018E-010     0.23032849E-003
     0.11880000E+002    -0.18772165E-001     0.56986666E-010     0.14692166E-003
     0.11888000E+002    -0.18772155E-001     0.65737086E-010     0.68092224E-004
     0.11896000E+002    -0.18772143E-001     0.60750389E-010    -0.17004969E-004
     0.11904000E+002    -0.18772129E-001     0.46572179E-010    -0.11702759E-003
     0.11912000E+002    -0.18772117E-001     0.29234661E-010    -0.20934907E-003
     0.11920000E+002    -0.18772107E-001     0.11366164E-010    -0.26628215E-003
     0.11928000E+002    -0.18772097E-001    -0.75554160E-011    -0.28230691E-003
     0.11936000E+002    -0.18772090E-001    -0.26838173E-010    -0.27155596E-003
     0.11944000E+002    -0.18772087E-001    -0.42091148E-010    -0.25845283E-003
     0.11952000E+002    -0.18772089E-001    -0.48169997E-010    -0.24281914E-003
     0.11960000E+002    -0.18772095E-001    -0.44222285E-010    -0.20569286E-003
     0.11968000E+002    -0.18772103E-001    -0.34631448E-010    -0.14380600E-003
     0.11976000E+002    -0.18772108E-001    -0.24567447E-010    -0.71243857E-004
     0.11984000E+002    -0.18772113E-001    -0.15327554E-010    -0.15148445E-004
     0.11992000E+002    -0.18772120E-001    -0.48476036E-011     0.14867834E-004
     0.12000000E+002    -0.18772126E-001     0.75464127E-011     0.40331065E-004
     0.12008000E+002    -0.18772131E-001     0.18349521E-010     0.76989788E-004
     0.12016000E+002    -0.18772134E-001     0.22778869E-010     0.12191128E-003
     0.12024000E+002    -0.18772134E-001     0.19990844E-010     0.15436061E-003
     0.12032000E+002    -0.18772136E-001     0.14262238E-010     0.15712162E-003
     0.12040000E+002    -0.18772138E-001     0.10476785E-010     0.14706900E-003
     0.12048000E+002    -0.18772137E-001     0.91789898E-011     0.14791205E-003
     0.12056000E+002    -0.18772136E-001     0.70163946E-011     0.16466447E-003
     0.12064000E+002    -0.18772134E-001     0.18285643E-011     0.18120027E-003
     0.12072000E+002    -0.18772132E-001    -0.39216657E-011     0.17058738E-003
     0.12080000E+002    -0.18772132E-001    -0.56843812E-011     0.13476779E-003
     0.12088000E+002    -0.18772132E-001    -0.23375303E-011     0.98030143E-004
     0.12096000E+002    -0.18772130E-001     0.20500191E-011     0.73783090E-004
     0.12104000E+002    -0.18772130E-001     0.24057555E-011     0.56953746E-004
     0.12112000E+002    -0.18772129E-001    -0.20978690E-011     0.23134271E-004
     0.12120000E+002    -0.18772129E-001    -0.78336826E-011    -0.36140537E-004
     0.12128000E+002    -0.18772128E-001    -0.11550413E-010    -0.97792859E-004
     0.12136000E+002    -0.18772125E-001    -0.14137559E-010    -0.14017011E-003
     0.12144000E+002    -0.18772124E-001    -0.18735174E-010    -0.15720635E-003
     0.12152000E+002    -0.18772126E-001    -0.25652201E-010    -0.16608748E-003
     0.12160000E+002    -0.18772129E-001    -0.30506501E-010    -0.18545189E-003
     0.12168000E+002    -0.18772133E-001    -0.28164381E-010    -0.20323398E-003
     0.12176000E+002    -0.18772137E-001    -0.17932027E-010    -0.19995106E-003
     0.12184000E+002    -0.18772141E-001    -0.39335777E-011    -0.16902730E-003
     0.12192000E+002    -0.18772145E-001     0.95029308E-011    -0.12470178E-003
     0.12200000E+002    -0.18772150E-001     0.21711235E-010    -0.93805495E-004
     0.12208000E+002    -0.18772154E-001     0.34144431E-010    -0.75925417E-004
     0.12216000E+002    -0.18772155E-001     0.45660259E-010    -0.50600723E-004
     0.12224000E+002    -0.18772155E-001     0.51001064E-010    -0.51201523E-005
     0.12232000E+002    -0.18772153E-001     0.44933338E-010     0.55951174E-004
     0.12240000E+002    -0.18772150E-001     0.27533358E-010     0.10709202E-003
     0.12248000E+002    -0.18772146E-001     0.44441776E-011     0.13859022E-003
     0.12256000E+002    -0.18772140E-001    -0.18228428E-010     0.16914800E-003
     0.12264000E+002    -0.18772131E-001    -0.38331475E-010     0.21518062E-003
     0.12272000E+002    -0.18772125E-001    -0.56424523E-010     0.27678279E-003
     0.12280000E+002    -0.18772119E-001    -0.70959753E-010     0.32706264E-003
     0.12288000E+002    -0.18772115E-001    -0.76420709E-010     0.33897095E-003
     0.12296000E+002    -0.18772113E-001    -0.67429839E-010     0.31887574E-003
     0.12304000E+002    -0.18772113E-001    -0.44355561E-010     0.28492295E-003
     0.12312000E+002    -0.18772117E-001    -0.13852924E-010     0.24777078E-003
     0.12320000E+002    -0.18772123E-001     0.16397462E-010     0.19590590E-003
     0.12328000E+002    -0.18772129E-001     0.42821406E-010     0.10470636E-003
     0.12336000E+002    -0.18772136E-001     0.65358629E-010    -0.20804650E-004
     0.12344000E+002    -0.18772143E-001     0.82649553E-010    -0.15191484E-003
     0.12352000E+002    -0.18772149E-001     0.89623486E-010    -0.26085384E-003
     0.12360000E+002    -0.18772154E-001     0.80978861E-010    -0.33766784E-003
     0.12368000E+002    -0.18772156E-001     0.56732678E-010    -0.39953200E-003
     0.12376000E+002    -0.18772156E-001     0.23247177E-010    -0.45259499E-003
     0.12384000E+002    -0.18772153E-001    -0.11601815E-010    -0.47847814E-003
     0.12392000E+002    -0.18772150E-001    -0.43526749E-010    -0.45808663E-003
     0.12400000E+002    -0.18772143E-001    -0.71627240E-010    -0.38598797E-003
     0.12408000E+002    -0.18772135E-001    -0.93947415E-010    -0.28764116E-003
     0.12416000E+002    -0.18772129E-001    -0.10505426E-009    -0.19297983E-003
     0.12424000E+002    -0.18772124E-001    -0.99346699E-010    -0.10454964E-003
     0.12432000E+002    -0.18772120E-001    -0.76487256E-010    -0.14509010E-004
     0.12440000E+002    -0.18772117E-001    -0.42515172E-010     0.81341447E-004
     0.12448000E+002    -0.18772115E-001    -0.52346134E-011     0.16520624E-003
     0.12456000E+002    -0.18772113E-001     0.30812233E-010     0.20672805E-003
     0.12464000E+002    -0.18772113E-001     0.64137320E-010     0.20424553E-003
     0.12472000E+002    -0.18772111E-001     0.91890288E-010     0.17845610E-003
     0.12480000E+002    -0.18772108E-001     0.10758491E-009     0.15290316E-003
     0.12488000E+002    -0.18772107E-001     0.10467186E-009     0.13463466E-003
     0.12496000E+002    -0.18772105E-001     0.82389642E-010     0.10494584E-003
     0.12504000E+002    -0.18772105E-001     0.47121769E-010     0.59169422E-004
     0.12512000E+002    -0.18772104E-001     0.75324013E-011     0.17767488E-004
     0.12520000E+002    -0.18772100E-001    -0.30996562E-010     0.52225493E-005
     0.12528000E+002    -0.18772098E-001    -0.66604186E-010     0.32412669E-004
     0.12536000E+002    -0.18772098E-001    -0.96473296E-010     0.75334379E-004
     0.12544000E+002    -0.18772098E-001    -0.11408648E-009     0.10485840E-003
     0.12552000E+002    -0.18772101E-001    -0.11255940E-009     0.11887646E-003
     0.12560000E+002    -0.18772104E-001    -0.90727388E-010     0.12936535E-003
     0.12568000E+002    -0.18772108E-001    -0.55004674E-010     0.14858149E-003
     0.12576000E+002    -0.18772115E-001    -0.14720769E-010     0.16314976E-003
     0.12584000E+002    -0.18772121E-001     0.23931829E-010     0.14338557E-003
     0.12592000E+002    -0.18772126E-001     0.58833593E-010     0.84996825E-004
     0.12600000E+002    -0.18772129E-001     0.87743086E-010     0.66731805E-005
     0.12608000E+002    -0.18772129E-001     0.10517048E-009    -0.63570609E-004
     0.12616000E+002    -0.18772129E-001     0.10495061E-009    -0.11345596E-003
     0.12624000E+002    -0.18772131E-001     0.85930216E-010    -0.15951679E-003
     0.12632000E+002    -0.18772131E-001     0.53982716E-010    -0.20875182E-003
     0.12640000E+002    -0.18772130E-001     0.17734978E-010    -0.24735387E-003
     0.12648000E+002    -0.18772129E-001    -0.17206091E-010    -0.25337539E-003
     0.12656000E+002    -0.18772129E-001    -0.49250411E-010    -0.21396075E-003
     0.12664000E+002    -0.18772130E-001    -0.76734457E-010    -0.15004144E-003
     0.12672000E+002    -0.18772133E-001    -0.94692379E-010    -0.87828486E-004
     0.12680000E+002    -0.18772135E-001    -0.97242395E-010    -0.31182964E-004
     0.12688000E+002    -0.18772136E-001    -0.83088976E-010     0.29267243E-004
     0.12696000E+002    -0.18772140E-001    -0.57521393E-010     0.10501008E-003
     0.12704000E+002    -0.18772145E-001    -0.28240899E-010     0.18086124E-003
     0.12712000E+002    -0.18772148E-001     0.33214371E-012     0.22581388E-003
     0.12720000E+002    -0.18772150E-001     0.27809721E-010     0.23185677E-003
     0.12728000E+002    -0.18772147E-001     0.53364224E-010     0.21206279E-003
     0.12736000E+002    -0.18772145E-001     0.72169062E-010     0.19054180E-003
     0.12744000E+002    -0.18772144E-001     0.77745590E-010     0.17398876E-003
     0.12752000E+002    -0.18772140E-001     0.67925201E-010     0.14051592E-003
     0.12760000E+002    -0.18772134E-001     0.47388431E-010     0.79541373E-004
     0.12768000E+002    -0.18772130E-001     0.23619100E-010     0.33602227E-005
     0.12776000E+002    -0.18772125E-001     0.87654038E-012    -0.60967271E-004
     0.12784000E+002    -0.18772124E-001    -0.21037787E-010    -0.93484475E-004
     0.12792000E+002    -0.18772122E-001    -0.42301284E-010    -0.11006020E-003
     0.12800000E+002    -0.18772117E-001    -0.58955267E-010    -0.13319042E-003
     0.12808000E+002    -0.18772113E-001    -0.64739340E-010    -0.16494512E-003
     0.12816000E+002    -0.18772110E-001    -0.57031100E-010    -0.18963430E-003
     0.12824000E+002    -0.18772109E-001    -0.39929924E-010    -0.18486796E-003
     0.12832000E+002    -0.18772111E-001    -0.20726464E-010    -0.15703893E-003
     0.12840000E+002    -0.18772112E-001    -0.37668448E-011    -0.13231576E-003
     0.12848000E+002    -0.18772113E-001     0.11314101E-010    -0.12095896E-003
     0.12856000E+002    -0.18772116E-001     0.25570623E-010    -0.11437007E-003
     0.12864000E+002    -0.18772120E-001     0.36514211E-010    -0.88690245E-004
     0.12872000E+002    -0.18772123E-001     0.39300313E-010    -0.36798870E-004
     0.12880000E+002    -0.18772124E-001     0.32113062E-010     0.18770479E-004
     0.12888000E+002    -0.18772125E-001     0.19065866E-010     0.61503601E-004
     0.12896000E+002    -0.18772125E-001     0.68267018E-011     0.91868488E-004
     0.12904000E+002    -0.18772127E-001    -0.12634309E-011     0.12712893E-003
     0.12912000E+002    -0.18772129E-001    -0.68647344E-011     0.18020682E-003
     0.12920000E+002    -0.18772128E-001    -0.12493518E-010     0.23151952E-003
     0.12928000E+002    -0.18772128E-001    -0.17062447E-010     0.25740337E-003
     0.12936000E+002    -0.18772129E-001    -0.16841317E-010     0.25277462E-003
     0.12944000E+002    -0.18772130E-001    -0.10641372E-010     0.23238888E-003
     0.12952000E+002    -0.18772134E-001    -0.26486406E-011     0.22000504E-003
     0.12960000E+002    -0.18772139E-001     0.10361834E-011     0.21105550E-003
     0.12968000E+002    -0.18772143E-001    -0.15816628E-011     0.18341096E-003
     0.12976000E+002    -0.18772149E-001    -0.68544468E-011     0.12958897E-003
     0.12984000E+002    -0.18772155E-001    -0.10139156E-010     0.61615216E-004
     0.12992000E+002    -0.18772161E-001    -0.10997365E-010     0.87533612E-005
     0.13000000E+002    -0.18772165E-001    -0.12738541E-010    -0.19326557E-004
     0.13008000E+002    -0.18772166E-001    -0.17031026E-010    -0.44294178E-004
     0.13016000E+002    -0.18772165E-001    -0.20459849E-010    -0.84095775E-004
     0.13024000E+002    -0.18772162E-001    -0.17532447E-010    -0.13941918E-003
     0.13032000E+002    -0.18772158E-001    -0.67748095E-011    -0.18787456E-003
     0.13040000E+002    -0.18772153E-001     0.72639523E-011    -0.20947608E-003
     0.13048000E+002    -0.18772148E-001     0.18531090E-010    -0.21789814E-003
     0.13056000E+002    -0.18772144E-001     0.25135741E-010    -0.23450187E-003
     0.13064000E+002    -0.18772143E-001     0.29568880E-010    -0.26692780E-003
     0.13072000E+002    -0.18772142E-001     0.33638061E-010    -0.29976710E-003
     0.13080000E+002    -0.18772143E-001     0.34624100E-010    -0.30453436E-003
     0.13088000E+002    -0.18772145E-001     0.27633233E-010    -0.28052915E-003
     0.13096000E+002    -0.18772149E-001     0.11430612E-010    -0.24680021E-003
     0.13104000E+002    -0.18772153E-001    -0.93147675E-011    -0.21567498E-003
     0.13112000E+002    -0.18772156E-001    -0.28062711E-010    -0.18302885E-003
     0.13120000E+002    -0.18772157E-001    -0.41907253E-010    -0.12499811E-003
     0.13128000E+002    -0.18772156E-001    -0.52100039E-010    -0.35582287E-004
     0.13136000E+002    -0.18772153E-001    -0.59382282E-010     0.62206979E-004
     0.13144000E+002    -0.18772147E-001    -0.60433758E-010     0.14559836E-003
     0.13152000E+002    -0.18772139E-001    -0.50285086E-010     0.20466543E-003
     0.13160000E+002    -0.18772129E-001    -0.28107865E-010     0.25353040E-003
     0.13168000E+002    -0.18772122E-001     0.54799175E-012     0.30468515E-003
     0.13176000E+002    -0.18772117E-001     0.27949250E-010     0.34066480E-003
     0.13184000E+002    -0.18772113E-001     0.49938510E-010     0.33905128E-003
     0.13192000E+002    -0.18772113E-001     0.66659457E-010     0.29091388E-003
     0.13200000E+002    -0.18772116E-001     0.77971241E-010     0.21411673E-003
     0.13208000E+002    -0.18772122E-001     0.79832326E-010     0.14134174E-003
     0.13216000E+002    -0.18772131E-001     0.66845137E-010     0.78149212E-004
     0.13224000E+002    -0.18772137E-001     0.38437414E-010     0.11702031E-004
     0.13232000E+002    -0.18772143E-001     0.13556218E-011    -0.66007292E-004
     0.13240000E+002    -0.18772150E-001    -0.34731335E-010    -0.14431085E-003
     0.13248000E+002    -0.18772156E-001    -0.63775551E-010    -0.19033394E-003
     0.13256000E+002    -0.18772159E-001    -0.84894799E-010    -0.19117046E-003
     0.13264000E+002    -0.18772159E-001    -0.97946882E-010    -0.16542299E-003
     0.13272000E+002    -0.18772155E-001    -0.99442015E-010    -0.13743719E-003
     0.13280000E+002    -0.18772150E-001    -0.84444825E-010    -0.12063776E-003
     0.13288000E+002    -0.18772146E-001    -0.52588436E-010    -0.99650596E-004
     0.13296000E+002    -0.18772140E-001    -0.10976998E-010    -0.58367459E-004
     0.13304000E+002    -0.18772132E-001     0.29891355E-010    -0.96392912E-005
     0.13312000E+002    -0.18772125E-001     0.62849670E-010     0.24214490E-004
     0.13320000E+002    -0.18772119E-001     0.86221519E-010     0.27677106E-004
     0.13328000E+002    -0.18772116E-001     0.99899776E-010     0.12977870E-004
     0.13336000E+002    -0.18772115E-001     0.10108794E-009     0.96217656E-005
     0.13344000E+002    -0.18772114E-001     0.85609454E-010     0.22969525E-004
     0.13352000E+002    -0.18772112E-001     0.53422954E-010     0.40119414E-004
     0.13360000E+002    -0.18772112E-001     0.11448725E-010     0.46460813E-004
     0.13368000E+002    -0.18772112E-001    -0.30160014E-010     0.43726865E-004
     0.13376000E+002    -0.18772113E-001    -0.64443918E-010     0.57072388E-004
     0.13384000E+002    -0.18772114E-001    -0.89710886E-010     0.94792966E-004
     0.13392000E+002    -0.18772113E-001    -0.10562489E-009     0.13926568E-003
     0.13400000E+002    -0.18772114E-001    -0.10902941E-009     0.16684463E-003
     0.13408000E+002    -0.18772117E-001    -0.95309198E-010     0.16420937E-003
     0.13416000E+002    -0.18772118E-001    -0.64044118E-010     0.14828274E-003
     0.13424000E+002    -0.18772121E-001    -0.22025468E-010     0.13639574E-003
     0.13432000E+002    -0.18772122E-001     0.20511313E-010     0.11955187E-003
     0.13440000E+002    -0.18772123E-001     0.56493870E-010     0.79437943E-004
     0.13448000E+002    -0.18772129E-001     0.84228180E-010     0.34793184E-005
     0.13456000E+002    -0.18772136E-001     0.10337044E-009    -0.90365015E-004
     0.13464000E+002    -0.18772141E-001     0.11037007E-009    -0.16713847E-003
     0.13472000E+002    -0.18772146E-001     0.99730599E-010    -0.21656219E-003
     0.13480000E+002    -0.18772150E-001     0.70072692E-010    -0.24849225E-003
     0.13488000E+002    -0.18772156E-001     0.27795617E-010    -0.27890624E-003
     0.13496000E+002    -0.18772161E-001    -0.16341095E-010    -0.30550875E-003
     0.13504000E+002    -0.18772161E-001    -0.54252115E-010    -0.29986153E-003
     0.13512000E+002    -0.18772159E-001    -0.83543156E-010    -0.24969648E-003
     0.13520000E+002    -0.18772155E-001    -0.10391198E-009    -0.16972042E-003
     0.13528000E+002    -0.18772152E-001    -0.11235221E-009    -0.87887692E-004
     0.13536000E+002    -0.18772149E-001    -0.10373220E-009    -0.24882188E-004
     0.13544000E+002    -0.18772143E-001    -0.76499897E-010     0.31715252E-004
     0.13552000E+002    -0.18772135E-001    -0.36623755E-010     0.98047247E-004
     0.13560000E+002    -0.18772128E-001     0.53629788E-011     0.16803003E-003
     0.13568000E+002    -0.18772124E-001     0.41221377E-010     0.22287512E-003
     0.13576000E+002    -0.18772122E-001     0.68380312E-010     0.24334899E-003
     0.13584000E+002    -0.18772121E-001     0.86824090E-010     0.23988145E-003
     0.13592000E+002    -0.18772122E-001     0.94328705E-010     0.24058038E-003
     0.13600000E+002    -0.18772124E-001     0.86658890E-010     0.25356394E-003
     0.13608000E+002    -0.18772128E-001     0.62748213E-010     0.26884092E-003
     0.13616000E+002    -0.18772134E-001     0.28353854E-010     0.26631000E-003
     0.13624000E+002    -0.18772137E-001    -0.68019443E-011     0.24307441E-003
     0.13632000E+002    -0.18772139E-001    -0.35695060E-010     0.22200864E-003
     0.13640000E+002    -0.18772140E-001    -0.57105191E-010     0.21280185E-003
     0.13648000E+002    -0.18772138E-001    -0.72168055E-010     0.20391961E-003
     0.13656000E+002    -0.18772137E-001    -0.79316798E-010     0.17146466E-003
     0.13664000E+002    -0.18772133E-001    -0.74284805E-010     0.10100331E-003
     0.13672000E+002    -0.18772128E-001    -0.55432416E-010     0.13073756E-004
     0.13680000E+002    -0.18772124E-001    -0.27741247E-010    -0.68403026E-004
     0.13688000E+002    -0.18772121E-001    -0.93707575E-013    -0.14023497E-003
     0.13696000E+002    -0.18772118E-001     0.21482432E-010    -0.21474842E-003
     0.13704000E+002    -0.18772118E-001     0.37077366E-010    -0.30681962E-003
     0.13712000E+002    -0.18772117E-001     0.49236902E-010    -0.39995075E-003
     0.13720000E+002    -0.18772119E-001     0.57222035E-010    -0.46055969E-003
     0.13728000E+002    -0.18772124E-001     0.56482519E-010    -0.47489471E-003
     0.13736000E+002    -0.18772130E-001     0.44072746E-010    -0.45124240E-003
     0.13744000E+002    -0.18772138E-001     0.23392151E-010    -0.41442934E-003
     0.13752000E+002    -0.18772144E-001     0.22859666E-011    -0.37186030E-003
     0.13760000E+002    -0.18772150E-001    -0.13589097E-010    -0.30341823E-003
     0.13768000E+002    -0.18772153E-001    -0.24513014E-010    -0.19896349E-003
     0.13776000E+002    -0.18772155E-001    -0.33545237E-010    -0.69128200E-004
     0.13784000E+002    -0.18772155E-001    -0.40769607E-010     0.55602994E-004
     0.13792000E+002    -0.18772152E-001    -0.42177111E-010     0.14964997E-003
     0.13800000E+002    -0.18772148E-001    -0.34620946E-010     0.22169390E-003
     0.13808000E+002    -0.18772144E-001    -0.20648300E-010     0.28665418E-003
     0.13816000E+002    -0.18772140E-001    -0.70740045E-011     0.34481638E-003
     0.13824000E+002    -0.18772136E-001     0.12136650E-011     0.37988643E-003
     0.13832000E+002    -0.18772133E-001     0.50397675E-011     0.36996235E-003
     0.13840000E+002    -0.18772130E-001     0.80862623E-011     0.32396513E-003
     0.13848000E+002    -0.18772129E-001     0.11266918E-010     0.26879821E-003
     0.13856000E+002    -0.18772130E-001     0.11490154E-010     0.21854477E-003
     0.13864000E+002    -0.18772132E-001     0.62743489E-011     0.16971111E-003
     0.13872000E+002    -0.18772138E-001    -0.16938848E-011     0.10251473E-003
     0.13880000E+002    -0.18772145E-001    -0.60976414E-011     0.16044996E-004
     0.13888000E+002    -0.18772151E-001    -0.32673824E-011    -0.64008655E-004
     0.13896000E+002    -0.18772155E-001     0.41546526E-011    -0.11987133E-003
     0.13904000E+002    -0.18772158E-001     0.10455013E-010    -0.15187453E-003
     0.13912000E+002    -0.18772159E-001     0.13041664E-010    -0.18167988E-003
     0.13920000E+002    -0.18772159E-001     0.14196732E-010    -0.22489701E-003
     0.13928000E+002    -0.18772158E-001     0.16472533E-010    -0.26322682E-003
     0.13936000E+002    -0.18772155E-001     0.17769488E-010    -0.27360883E-003
     0.13944000E+002    -0.18772150E-001     0.12588613E-010    -0.24879059E-003
     0.13952000E+002    -0.18772147E-001    -0.16473907E-011    -0.20512402E-003
     0.13960000E+002    -0.18772144E-001    -0.20617568E-010    -0.16937301E-003
     0.13968000E+002    -0.18772140E-001    -0.36395095E-010    -0.13849102E-003
     0.13976000E+002    -0.18772136E-001    -0.44351123E-010    -0.91914279E-004
     0.13984000E+002    -0.18772131E-001    -0.45794008E-010    -0.19598750E-004
     0.13992000E+002    -0.18772128E-001    -0.43794066E-010     0.67563774E-004
     0.14000000E+002    -0.18772128E-001    -0.37791945E-010     0.13689903E-003
     0.14008000E+002    -0.18772127E-001    -0.23908702E-010     0.17461575E-003
     0.14016000E+002    -0.18772128E-001    -0.71782910E-012     0.19613816E-003
     0.14024000E+002    -0.18772129E-001     0.26698594E-010     0.21707742E-003
     0.14032000E+002    -0.18772130E-001     0.49609676E-010     0.24039699E-003
     0.14040000E+002    -0.18772131E-001     0.62383526E-010     0.24523222E-003
     0.14048000E+002    -0.18772129E-001     0.65523989E-010     0.21484091E-003
     0.14056000E+002    -0.18772124E-001     0.61939622E-010     0.16460088E-003
     0.14064000E+002    -0.18772122E-001     0.51648845E-010     0.11759069E-003
     0.14072000E+002    -0.18772120E-001     0.31755173E-010     0.87540263E-004
     0.14080000E+002    -0.18772121E-001     0.17363751E-011     0.64525398E-004
     0.14088000E+002    -0.18772123E-001    -0.32657843E-010     0.26614306E-004
     0.14096000E+002    -0.18772125E-001    -0.62186098E-010    -0.21164597E-004
     0.14104000E+002    -0.18772128E-001    -0.80743638E-010    -0.58587154E-004
     0.14112000E+002    -0.18772134E-001    -0.88312760E-010    -0.72340143E-004
     0.14120000E+002    -0.18772139E-001    -0.87264251E-010    -0.69097730E-004
     0.14128000E+002    -0.18772142E-001    -0.77076189E-010    -0.77631935E-004
     0.14136000E+002    -0.18772142E-001    -0.54425499E-010    -0.10744720E-003
     0.14144000E+002    -0.18772141E-001    -0.18820707E-010    -0.14128821E-003
     0.14152000E+002    -0.18772141E-001     0.23234887E-010    -0.16082456E-003
     0.14160000E+002    -0.18772141E-001     0.61071810E-010    -0.16088218E-003
     0.14168000E+002    -0.18772138E-001     0.86990618E-010    -0.16316385E-003
     0.14176000E+002    -0.18772133E-001     0.99881572E-010    -0.18429975E-003
     0.14184000E+002    -0.18772126E-001     0.10171599E-009    -0.20857732E-003
     0.14192000E+002    -0.18772121E-001     0.91954714E-010    -0.21053262E-003
     0.14200000E+002    -0.18772119E-001     0.67229815E-010    -0.17284822E-003
     0.14208000E+002    -0.18772119E-001     0.26972497E-010    -0.10761346E-003
     0.14216000E+002    -0.18772119E-001    -0.21886914E-010    -0.42835305E-004
     0.14224000E+002    -0.18772122E-001    -0.67373618E-010     0.18545486E-004
     0.14232000E+002    -0.18772129E-001    -0.99921263E-010     0.89916885E-004
     0.14240000E+002    -0.18772137E-001    -0.11686166E-009     0.18277090E-003
     0.14248000E+002    -0.18772145E-001    -0.11972258E-009     0.28683419E-003
     0.14256000E+002    -0.18772151E-001    -0.10862192E-009     0.36537010E-003
     0.14264000E+002    -0.18772154E-001    -0.81252087E-010     0.39850205E-003
     0.14272000E+002    -0.18772158E-001    -0.37837753E-010     0.39322369E-003
     0.14280000E+002    -0.18772161E-001     0.14358831E-010     0.36592757E-003
     0.14288000E+002    -0.18772161E-001     0.63162878E-010     0.32646386E-003
     0.14296000E+002    -0.18772159E-001     0.98654422E-010     0.25869057E-003
     0.14304000E+002    -0.18772154E-001     0.11777731E-009     0.15116446E-003
     0.14312000E+002    -0.18772149E-001     0.12190332E-009     0.21531304E-004
     0.14320000E+002    -0.18772143E-001     0.11138466E-009    -0.10087230E-003
     0.14328000E+002    -0.18772134E-001     0.84367883E-010    -0.19000269E-003
     0.14336000E+002    -0.18772125E-001     0.41417491E-010    -0.24884940E-003
     0.14344000E+002    -0.18772118E-001    -0.10132144E-010    -0.29621389E-003
     0.14352000E+002    -0.18772114E-001    -0.58351486E-010    -0.32939188E-003
     0.14360000E+002    -0.18772115E-001    -0.93835621E-010    -0.33253187E-003
     0.14368000E+002    -0.18772116E-001    -0.11415552E-009    -0.29054961E-003
     0.14376000E+002    -0.18772116E-001    -0.12116791E-009    -0.21211808E-003
     0.14384000E+002    -0.18772118E-001    -0.11515629E-009    -0.13321215E-003
     0.14392000E+002    -0.18772120E-001    -0.93464418E-010    -0.73549312E-004
     0.14400000E+002    -0.18772124E-001    -0.55445148E-010    -0.28268361E-004
     0.14408000E+002    -0.18772129E-001    -0.74096663E-011     0.18118683E-004
     0.14416000E+002    -0.18772131E-001     0.39074903E-010     0.72043210E-004
     0.14424000E+002    -0.18772135E-001     0.74438913E-010     0.10957116E-003
     0.14432000E+002    -0.18772139E-001     0.96107351E-010     0.11048309E-003
     0.14440000E+002    -0.18772142E-001     0.10606750E-009     0.83087895E-004
     0.14448000E+002    -0.18772144E-001     0.10473571E-009     0.52304063E-004
     0.14456000E+002    -0.18772143E-001     0.89009179E-010     0.43790814E-004
     0.14464000E+002    -0.18772140E-001     0.57028017E-010     0.51829073E-004
     0.14472000E+002    -0.18772137E-001     0.13719482E-010     0.53202834E-004
     0.14480000E+002    -0.18772134E-001    -0.30107232E-010     0.44206291E-004
     0.14488000E+002    -0.18772131E-001    -0.64681781E-010     0.37567416E-004
     0.14496000E+002    -0.18772128E-001    -0.86702472E-010     0.53199971E-004
     0.14504000E+002    -0.18772125E-001    -0.97698854E-010     0.88901149E-004
     0.14512000E+002    -0.18772121E-001    -0.98209055E-010     0.11382468E-003
     0.14520000E+002    -0.18772117E-001    -0.85523166E-010     0.10918876E-003
     0.14528000E+002    -0.18772112E-001    -0.57905408E-010     0.77618045E-004
     0.14536000E+002    -0.18772106E-001    -0.19853067E-010     0.37405690E-004
     0.14544000E+002    -0.18772102E-001     0.18580957E-010     0.16385925E-005
     0.14552000E+002    -0.18772101E-001     0.48387118E-010    -0.45714516E-004
     0.14560000E+002    -0.18772100E-001     0.66902982E-010    -0.11820501E-003
     0.14568000E+002    -0.18772101E-001     0.76182342E-010    -0.20647762E-003
     0.14576000E+002    -0.18772104E-001     0.77222636E-010    -0.28501170E-003
     0.14584000E+002    -0.18772107E-001     0.67591337E-010    -0.32627220E-003
     0.14592000E+002    -0.18772112E-001     0.45506241E-010    -0.33445063E-003
     0.14600000E+002    -0.18772118E-001     0.15082400E-010    -0.33011088E-003
     0.14608000E+002    -0.18772124E-001    -0.14406434E-010    -0.31706124E-003
     0.14616000E+002    -0.18772132E-001    -0.35197814E-010    -0.28369350E-003
     0.14624000E+002    -0.18772141E-001    -0.46338891E-010    -0.20988678E-003
     0.14632000E+002    -0.18772150E-001    -0.51755267E-010    -0.99888901E-004
     0.14640000E+002    -0.18772158E-001    -0.53738653E-010     0.13268168E-004
     0.14648000E+002    -0.18772164E-001    -0.49931009E-010     0.10775524E-003
     0.14656000E+002    -0.18772168E-001    -0.37353102E-010     0.18276819E-003
     0.14664000E+002    -0.18772170E-001    -0.18246343E-010     0.25644814E-003
     0.14672000E+002    -0.18772169E-001    -0.16211546E-012     0.33954255E-003
     0.14680000E+002    -0.18772165E-001     0.10420042E-010     0.40939495E-003
     0.14688000E+002    -0.18772160E-001     0.13677328E-010     0.44207585E-003
     0.14696000E+002    -0.18772153E-001     0.14783142E-010     0.43372616E-003
     0.14704000E+002    -0.18772147E-001     0.17182327E-010     0.40211936E-003
     0.14712000E+002    -0.18772139E-001     0.18833617E-010     0.37242010E-003
     0.14720000E+002    -0.18772131E-001     0.15726840E-010     0.33925248E-003
     0.14728000E+002    -0.18772123E-001     0.80476713E-011     0.28111817E-003
     0.14736000E+002    -0.18772117E-001     0.11553787E-011     0.19080635E-003
     0.14744000E+002    -0.18772114E-001     0.38087536E-013     0.80629317E-004
     0.14752000E+002    -0.18772113E-001     0.38672243E-011    -0.19670264E-004
     0.14760000E+002    -0.18772112E-001     0.71990045E-011    -0.99885627E-004
     0.14768000E+002    -0.18772114E-001     0.63287109E-011    -0.17629263E-003
     0.14776000E+002    -0.18772119E-001     0.30383606E-011    -0.25851350E-003
     0.14784000E+002    -0.18772125E-001     0.13802105E-011    -0.34034151E-003
     0.14792000E+002    -0.18772130E-001     0.17410069E-011    -0.39582923E-003
     0.14800000E+002    -0.18772133E-001    -0.26267387E-012    -0.40680960E-003
     0.14808000E+002    -0.18772136E-001    -0.84492007E-011    -0.38846129E-003
     0.14816000E+002    -0.18772140E-001    -0.20802209E-010    -0.36022966E-003
     0.14824000E+002    -0.18772145E-001    -0.30808237E-010    -0.32854129E-003
     0.14832000E+002    -0.18772150E-001    -0.33913286E-010    -0.28052036E-003
     0.14840000E+002    -0.18772154E-001    -0.31443831E-010    -0.19827443E-003
     0.14848000E+002    -0.18772156E-001    -0.27395423E-010    -0.96160786E-004
     0.14856000E+002    -0.18772160E-001    -0.22316322E-010    -0.41412969E-005
     0.14864000E+002    -0.18772162E-001    -0.12152918E-010     0.59940632E-004
     0.14872000E+002    -0.18772163E-001     0.62394677E-011     0.99691813E-004
     0.14880000E+002    -0.18772162E-001     0.29474536E-010     0.13899690E-003
     0.14888000E+002    -0.18772159E-001     0.48934507E-010     0.18176906E-003
     0.14896000E+002    -0.18772157E-001     0.57887229E-010     0.20679926E-003
     0.14904000E+002    -0.18772155E-001     0.56326102E-010     0.19904415E-003
     0.14912000E+002    -0.18772153E-001     0.48310600E-010     0.16211887E-003
     0.14920000E+002    -0.18772146E-001     0.35582929E-010     0.12648130E-003
     0.14928000E+002    -0.18772139E-001     0.15579882E-010     0.11663628E-003
     0.14936000E+002    -0.18772133E-001    -0.13567776E-010     0.12312040E-003
     0.14944000E+002    -0.18772128E-001    -0.47312898E-010     0.12773051E-003
     0.14952000E+002    -0.18772125E-001    -0.75621326E-010     0.12066308E-003
     0.14960000E+002    -0.18772121E-001    -0.90072638E-010     0.11512893E-003
     0.14968000E+002    -0.18772119E-001    -0.89384771E-010     0.13307948E-003
     0.14976000E+002    -0.18772120E-001    -0.77510436E-010     0.16602808E-003
     0.14984000E+002    -0.18772124E-001    -0.57398981E-010     0.18843349E-003
     0.14992000E+002    -0.18772129E-001    -0.28431542E-010     0.18028374E-003
     0.15000000E+002    -0.18772133E-001     0.94894234E-011     0.14267938E-003
     0.15008000E+002    -0.18772136E-001     0.50700198E-010     0.10083342E-003
     0.15016000E+002    -0.18772141E-001     0.84627918E-010     0.63577429E-004
     0.15024000E+002    -0.18772147E-001     0.10263708E-009     0.17911888E-004
     0.15032000E+002    -0.18772152E-001     0.10336760E-009    -0.47157208E-004
     0.15040000E+002    -0.18772154E-001     0.90873207E-010    -0.12821883E-003
     0.15048000E+002    -0.18772156E-001     0.68419674E-010    -0.19535781E-003
     0.15056000E+002    -0.18772156E-001     0.35812873E-010    -0.22536933E-003
     0.15064000E+002    -0.18772156E-001    -0.65472407E-011    -0.22654375E-003
     0.15072000E+002    -0.18772154E-001    -0.52440059E-010    -0.21629830E-003
     0.15080000E+002    -0.18772148E-001    -0.90712997E-010    -0.20618482E-003
     0.15088000E+002    -0.18772142E-001    -0.11226498E-009    -0.18351441E-003
     0.15096000E+002    -0.18772138E-001    -0.11562365E-009    -0.12798065E-003
     0.15104000E+002    -0.18772136E-001    -0.10501547E-009    -0.49965198E-004
     0.15112000E+002    -0.18772138E-001    -0.83774602E-010     0.22956596E-004
     0.15120000E+002    -0.18772140E-001    -0.51343234E-010     0.66197163E-004
     0.15128000E+002    -0.18772143E-001    -0.74178280E-011     0.78930551E-004
     0.15136000E+002    -0.18772148E-001     0.42156706E-010     0.86420049E-004
     0.15144000E+002    -0.18772154E-001     0.85671374E-010     0.96690348E-004
     0.15152000E+002    -0.18772159E-001     0.11265669E-009     0.94840600E-004
     0.15160000E+002    -0.18772164E-001     0.12020755E-009     0.63252710E-004
     0.15168000E+002    -0.18772166E-001     0.11187252E-009    -0.50992521E-006
     0.15176000E+002    -0.18772167E-001     0.91175322E-010    -0.66419137E-004
     0.15184000E+002    -0.18772167E-001     0.58008429E-010    -0.10747288E-003
     0.15192000E+002    -0.18772165E-001     0.12239592E-010    -0.12557570E-003
     0.15200000E+002    -0.18772159E-001    -0.40386197E-010    -0.13591057E-003
     0.15208000E+002    -0.18772152E-001    -0.87998852E-010    -0.15260836E-003
     0.15216000E+002    -0.18772145E-001    -0.11931028E-009    -0.16323682E-003
     0.15224000E+002    -0.18772137E-001    -0.13025836E-009    -0.14461648E-003
     0.15232000E+002    -0.18772131E-001    -0.12358228E-009    -0.99868807E-004
     0.15240000E+002    -0.18772126E-001    -0.10283354E-009    -0.49568037E-004
     0.15248000E+002    -0.18772122E-001    -0.68663273E-010    -0.17871527E-004
     0.15256000E+002    -0.18772122E-001    -0.21831301E-010    -0.73609498E-005
     0.15264000E+002    -0.18772123E-001     0.31351490E-010     0.53019647E-005
     0.15272000E+002    -0.18772125E-001     0.78916908E-010     0.28670814E-004
     0.15280000E+002    -0.18772127E-001     0.10986518E-009     0.51815264E-004
     0.15288000E+002    -0.18772126E-001     0.12061864E-009     0.57775201E-004
     0.15296000E+002    -0.18772126E-001     0.11446814E-009     0.42140103E-004
     0.15304000E+002    -0.18772126E-001     0.95360356E-010     0.31336674E-004
     0.15312000E+002    -0.18772125E-001     0.63952506E-010     0.46800356E-004
     0.15320000E+002    -0.18772125E-001     0.20650875E-010     0.82969507E-004
     0.15328000E+002    -0.18772126E-001    -0.28748857E-010     0.11996302E-003
     0.15336000E+002    -0.18772127E-001    -0.72730607E-010     0.13860525E-003
     0.15344000E+002    -0.18772130E-001    -0.10072427E-009     0.14942721E-003
     0.15352000E+002    -0.18772133E-001    -0.10985144E-009     0.17418564E-003
     0.15360000E+002    -0.18772135E-001    -0.10435186E-009     0.21012451E-003
     0.15368000E+002    -0.18772139E-001    -0.88873431E-010     0.23646555E-003
     0.15376000E+002    -0.18772142E-001    -0.63834982E-010     0.22671215E-003
     0.15384000E+002    -0.18772143E-001    -0.28199633E-010     0.17987074E-003
     0.15392000E+002    -0.18772144E-001     0.14239192E-010     0.12406170E-003
     0.15400000E+002    -0.18772144E-001     0.53514048E-010     0.74719368E-004
     0.15408000E+002    -0.18772141E-001     0.79576253E-010     0.27005697E-004
     0.15416000E+002    -0.18772136E-001     0.89263203E-010    -0.36763422E-004
     0.15424000E+002    -0.18772128E-001     0.86450548E-010    -0.12334139E-003
     0.15432000E+002    -0.18772117E-001     0.75669742E-010    -0.20587013E-003
     0.15440000E+002    -0.18772108E-001     0.57135186E-010    -0.25855441E-003
     0.15448000E+002    -0.18772101E-001     0.29030925E-010    -0.27830622E-003
     0.15456000E+002    -0.18772095E-001    -0.62856181E-011    -0.28045345E-003
     0.15464000E+002    -0.18772092E-001    -0.40341415E-010    -0.28492197E-003
     0.15472000E+002    -0.18772090E-001    -0.63923565E-010    -0.28284880E-003
     0.15480000E+002    -0.18772092E-001    -0.73860596E-010    -0.25345704E-003
     0.15488000E+002    -0.18772098E-001    -0.73487665E-010    -0.19548997E-003
     0.15496000E+002    -0.18772105E-001    -0.66778294E-010    -0.12539155E-003
     0.15504000E+002    -0.18772113E-001    -0.53598882E-010    -0.70391777E-004
     0.15512000E+002    -0.18772123E-001    -0.31855859E-010    -0.34960287E-004
     0.15520000E+002    -0.18772134E-001    -0.35528907E-011     0.25711108E-005
     0.15528000E+002    -0.18772147E-001     0.23380471E-010     0.52680077E-004
     0.15536000E+002    -0.18772159E-001     0.40506111E-010     0.10835852E-003
     0.15544000E+002    -0.18772168E-001     0.45628162E-010     0.14785497E-003
     0.15552000E+002    -0.18772174E-001     0.43160268E-010     0.16055266E-003
     0.15560000E+002    -0.18772177E-001     0.37870923E-010     0.16858920E-003
     0.15568000E+002    -0.18772178E-001     0.29712700E-010     0.19221287E-003
     0.15576000E+002    -0.18772176E-001     0.15892875E-010     0.23075152E-003
     0.15584000E+002    -0.18772171E-001    -0.27628598E-011     0.26316374E-003
     0.15592000E+002    -0.18772163E-001    -0.19479740E-010     0.26473971E-003
     0.15600000E+002    -0.18772154E-001    -0.26820575E-010     0.24357810E-003
     0.15608000E+002    -0.18772146E-001    -0.23772775E-010     0.22223432E-003
     0.15616000E+002    -0.18772138E-001    -0.16318328E-010     0.20772135E-003
     0.15624000E+002    -0.18772129E-001    -0.10832913E-010     0.18800456E-003
     0.15632000E+002    -0.18772122E-001    -0.80065775E-011     0.13745811E-003
     0.15640000E+002    -0.18772119E-001    -0.41766359E-011     0.55794831E-004
     0.15648000E+002    -0.18772119E-001     0.20797007E-011    -0.28437798E-004
     0.15656000E+002    -0.18772123E-001     0.66364721E-011    -0.93495135E-004
     0.15664000E+002    -0.18772127E-001     0.40893683E-011    -0.13548095E-003
     0.15672000E+002    -0.18772130E-001    -0.54878868E-011    -0.17309280E-003
     0.15680000E+002    -0.18772134E-001    -0.15567797E-010    -0.21841554E-003
     0.15688000E+002    -0.18772139E-001    -0.19426138E-010    -0.25263954E-003
     0.15696000E+002    -0.18772142E-001    -0.16348220E-010    -0.25601365E-003
     0.15704000E+002    -0.18772142E-001    -0.10725435E-010    -0.22475959E-003
     0.15712000E+002    -0.18772138E-001    -0.56837031E-011    -0.17826776E-003
     0.15720000E+002    -0.18772134E-001     0.68003796E-012    -0.14339436E-003
     0.15728000E+002    -0.18772132E-001     0.11783656E-010    -0.11689525E-003
     0.15736000E+002    -0.18772130E-001     0.26336852E-010    -0.81674803E-004
     0.15744000E+002    -0.18772127E-001     0.37493221E-010    -0.30868356E-004
     0.15752000E+002    -0.18772123E-001     0.38853957E-010     0.24506618E-004
     0.15760000E+002    -0.18772118E-001     0.30423692E-010     0.57808179E-004
     0.15768000E+002    -0.18772116E-001     0.17523699E-010     0.66031399E-004
     0.15776000E+002    -0.18772117E-001     0.41824260E-011     0.71285899E-004
     0.15784000E+002    -0.18772117E-001    -0.10740367E-010     0.89958839E-004
     0.15792000E+002    -0.18772118E-001    -0.29998569E-010     0.12177542E-003
     0.15800000E+002    -0.18772122E-001    -0.51526338E-010     0.14271168E-003
     0.15808000E+002    -0.18772126E-001    -0.67432117E-010     0.13767363E-003
     0.15816000E+002    -0.18772130E-001    -0.70310940E-010     0.12317872E-003
     0.15824000E+002    -0.18772131E-001    -0.59733465E-010     0.11864987E-003
     0.15832000E+002    -0.18772128E-001    -0.41451248E-010     0.12978900E-003
     0.15840000E+002    -0.18772124E-001    -0.20539338E-010     0.13633332E-003
     0.15848000E+002    -0.18772121E-001     0.31518913E-011     0.11112734E-003
     0.15856000E+002    -0.18772117E-001     0.31758996E-010     0.59698578E-004
     0.15864000E+002    -0.18772115E-001     0.62629040E-010     0.47067100E-005
     0.15872000E+002    -0.18772115E-001     0.86762393E-010    -0.36665614E-004
     0.15880000E+002    -0.18772115E-001     0.95010418E-010    -0.68039994E-004
     0.15888000E+002    -0.18772118E-001     0.85317175E-010    -0.11346042E-003
     0.15896000E+002    -0.18772123E-001     0.62940654E-010    -0.17488103E-003
     0.15904000E+002    -0.18772126E-001     0.33948529E-010    -0.22905280E-003
     0.15912000E+002    -0.18772130E-001     0.15847298E-012    -0.25315861E-003
     0.15920000E+002    -0.18772135E-001    -0.38602513E-010    -0.24038259E-003
     0.15928000E+002    -0.18772140E-001    -0.78305036E-010    -0.21372176E-003
     0.15936000E+002    -0.18772146E-001    -0.10903797E-009    -0.19230419E-003
     0.15944000E+002    -0.18772149E-001    -0.12092125E-009    -0.16819924E-003
     0.15952000E+002    -0.18772147E-001    -0.11131437E-009    -0.12802562E-003
     0.15960000E+002    -0.18772145E-001    -0.85387421E-010    -0.66512971E-004
     0.15968000E+002    -0.18772141E-001    -0.49963098E-010    -0.43610502E-005
     0.15976000E+002    -0.18772136E-001    -0.83069650E-011     0.30348931E-004
     0.15984000E+002    -0.18772132E-001     0.38072295E-010     0.39535981E-004
     0.15992000E+002    -0.18772127E-001     0.83731752E-010     0.41552199E-004
     0.16000000E+002    -0.18772124E-001     0.11794467E-009     0.53902661E-004
     0.16008000E+002    -0.18772127E-001     0.13067275E-009     0.74174561E-004
     0.16016000E+002    -0.18772131E-001     0.11976563E-009     0.79753798E-004
     0.16024000E+002    -0.18772137E-001     0.91317652E-010     0.69212292E-004
     0.16032000E+002    -0.18772146E-001     0.53040156E-010     0.62964710E-004
     0.16040000E+002    -0.18772152E-001     0.86458218E-011     0.81725840E-004
     0.16048000E+002    -0.18772159E-001    -0.40460516E-010     0.12879572E-003
     0.16056000E+002    -0.18772164E-001    -0.89096186E-010     0.17556137E-003
     0.16064000E+002    -0.18772167E-001    -0.12641883E-009     0.19901459E-003
     0.16072000E+002    -0.18772170E-001    -0.14186858E-009     0.20418592E-003
     0.16080000E+002    -0.18772171E-001    -0.13280413E-009     0.20600072E-003
     0.16088000E+002    -0.18772169E-001    -0.10534662E-009     0.21404095E-003
     0.16096000E+002    -0.18772163E-001    -0.67691119E-010     0.20892821E-003
     0.16104000E+002    -0.18772155E-001    -0.23802530E-010     0.16336432E-003
     0.16112000E+002    -0.18772144E-001     0.25387075E-010     0.80174489E-004
     0.16120000E+002    -0.18772134E-001     0.75655582E-010    -0.17551027E-004
     0.16128000E+002    -0.18772126E-001     0.11676209E-009    -0.10158974E-003
     0.16136000E+002    -0.18772118E-001     0.13766051E-009    -0.16567177E-003
     0.16144000E+002    -0.18772113E-001     0.13433600E-009    -0.22801395E-003
     0.16152000E+002    -0.18772111E-001     0.11150981E-009    -0.29003362E-003
     0.16160000E+002    -0.18772110E-001     0.76688029E-010    -0.33311594E-003
     0.16168000E+002    -0.18772110E-001     0.33944003E-010    -0.33268492E-003
     0.16176000E+002    -0.18772110E-001    -0.15438285E-010    -0.27953726E-003
     0.16184000E+002    -0.18772110E-001    -0.67082158E-010    -0.19907511E-003
     0.16192000E+002    -0.18772113E-001    -0.11073542E-009    -0.11567784E-003
     0.16200000E+002    -0.18772116E-001    -0.13519618E-009    -0.32436248E-004
     0.16208000E+002    -0.18772118E-001    -0.13594796E-009     0.57910377E-004
     0.16216000E+002    -0.18772122E-001    -0.11705319E-009     0.16015355E-003
     0.16224000E+002    -0.18772125E-001    -0.85528682E-010     0.25022617E-003
     0.16232000E+002    -0.18772127E-001    -0.45237790E-010     0.29673026E-003
     0.16240000E+002    -0.18772130E-001     0.24780049E-011     0.29521739E-003
     0.16248000E+002    -0.18772131E-001     0.53035246E-010     0.26102058E-003
     0.16256000E+002    -0.18772132E-001     0.95956836E-010     0.21818443E-003
     0.16264000E+002    -0.18772136E-001     0.11995529E-009     0.16977064E-003
     0.16272000E+002    -0.18772142E-001     0.12084673E-009     0.97444322E-004
     0.16280000E+002    -0.18772149E-001     0.10345111E-009     0.14287838E-005
     0.16288000E+002    -0.18772155E-001     0.75527878E-010    -0.97133998E-004
     0.16296000E+002    -0.18772159E-001     0.41034646E-010    -0.16711558E-003
     0.16304000E+002    -0.18772162E-001     0.37434050E-012    -0.19352238E-003
     0.16312000E+002    -0.18772164E-001    -0.43456853E-010    -0.19755183E-003
     0.16320000E+002    -0.18772165E-001    -0.81393283E-010    -0.19933552E-003
     0.16328000E+002    -0.18772162E-001    -0.10288547E-009    -0.19799369E-003
     0.16336000E+002    -0.18772157E-001    -0.10394355E-009    -0.17751157E-003
     0.16344000E+002    -0.18772151E-001    -0.89583289E-010    -0.12290744E-003
     0.16352000E+002    -0.18772145E-001    -0.67913117E-010    -0.52608297E-004
     0.16360000E+002    -0.18772141E-001    -0.42812140E-010     0.29860822E-005
     0.16368000E+002    -0.18772136E-001    -0.13515795E-010     0.34536831E-004
     0.16376000E+002    -0.18772130E-001     0.19290622E-010     0.53033711E-004
     0.16384000E+002    -0.18772125E-001     0.49137576E-010     0.82113550E-004
     0.16392000E+002    -0.18772122E-001     0.67187725E-010     0.12276124E-003
     0.16400000E+002    -0.18772123E-001     0.69781833E-010     0.15138398E-003
     0.16408000E+002    -0.18772126E-001     0.61183166E-010     0.15686536E-003
     0.16416000E+002    -0.18772129E-001     0.48338230E-010     0.14650496E-003
     0.16424000E+002    -0.18772133E-001     0.33972715E-010     0.14378941E-003
     0.16432000E+002    -0.18772140E-001     0.16076578E-010     0.16105932E-003
     0.16440000E+002    -0.18772147E-001    -0.61148208E-011     0.17838532E-003
     0.16448000E+002    -0.18772152E-001    -0.27639517E-010     0.17724537E-003
     0.16456000E+002    -0.18772155E-001    -0.40878000E-010     0.15682494E-003
     0.16464000E+002    -0.18772157E-001    -0.42752388E-010     0.13382804E-003
     0.16472000E+002    -0.18772159E-001    -0.37440493E-010     0.12650762E-003
     0.16480000E+002    -0.18772163E-001    -0.31237974E-010     0.12139735E-003
     0.16488000E+002    -0.18772165E-001    -0.25756133E-010     0.94851176E-004
     0.16496000E+002    -0.18772163E-001    -0.17647552E-010     0.41170564E-004
     0.16504000E+002    -0.18772160E-001    -0.48912344E-011    -0.25532389E-004
     0.16512000E+002    -0.18772156E-001     0.84088726E-011    -0.78051325E-004
     0.16520000E+002    -0.18772150E-001     0.15068015E-010    -0.11407674E-003
     0.16528000E+002    -0.18772142E-001     0.12446660E-010    -0.15545737E-003
     0.16536000E+002    -0.18772132E-001     0.55059118E-011    -0.21284362E-003
     0.16544000E+002    -0.18772122E-001     0.15159160E-011    -0.27776009E-003
     0.16552000E+002    -0.18772117E-001     0.25615327E-011    -0.32175879E-003
     0.16560000E+002    -0.18772114E-001     0.45590849E-011    -0.32914538E-003
     0.16568000E+002    -0.18772110E-001     0.36383083E-011    -0.31878058E-003
     0.16576000E+002    -0.18772107E-001     0.17467331E-011    -0.31121860E-003
     0.16584000E+002    -0.18772103E-001     0.44257069E-011    -0.31114943E-003
     0.16592000E+002    -0.18772101E-001     0.13391343E-010    -0.30019564E-003
     0.16600000E+002    -0.18772101E-001     0.22979487E-010    -0.25538361E-003
     0.16608000E+002    -0.18772099E-001     0.25083761E-010    -0.18644995E-003
     0.16616000E+002    -0.18772097E-001     0.17007883E-010    -0.11702030E-003
     0.16624000E+002    -0.18772096E-001     0.32186680E-011    -0.59778011E-004
     0.16632000E+002    -0.18772095E-001    -0.10537540E-010    -0.72838720E-005
     0.16640000E+002    -0.18772096E-001    -0.23291310E-010     0.64695226E-004
     0.16648000E+002    -0.18772098E-001    -0.37721137E-010     0.15647457E-003
     0.16656000E+002    -0.18772099E-001    -0.53616995E-010     0.24368826E-003
     0.16664000E+002    -0.18772102E-001    -0.64612472E-010     0.30656140E-003
     0.16672000E+002    -0.18772108E-001    -0.62831681E-010     0.34068233E-003
     0.16680000E+002    -0.18772116E-001    -0.46397558E-010     0.36483332E-003
     0.16688000E+002    -0.18772127E-001    -0.21096256E-010     0.38874208E-003
     0.16696000E+002    -0.18772139E-001     0.56156343E-011     0.39357531E-003
     0.16704000E+002    -0.18772150E-001     0.30873455E-010     0.36079644E-003
     0.16712000E+002    -0.18772160E-001     0.55598177E-010     0.28677544E-003
     0.16720000E+002    -0.18772168E-001     0.78265917E-010     0.19418926E-003
     0.16728000E+002    -0.18772172E-001     0.91739591E-010     0.11191637E-003
     0.16736000E+002    -0.18772173E-001     0.88052726E-010     0.38530393E-004
     0.16744000E+002    -0.18772170E-001     0.66052116E-010    -0.39420367E-004
     0.16752000E+002    -0.18772165E-001     0.32936547E-010    -0.12679182E-003
     0.16760000E+002    -0.18772161E-001    -0.21852149E-011    -0.20742030E-003
     0.16768000E+002    -0.18772155E-001    -0.35263121E-010    -0.24904317E-003
     0.16776000E+002    -0.18772147E-001    -0.66845617E-010    -0.24673485E-003
     0.16784000E+002    -0.18772141E-001    -0.95457167E-010    -0.22242883E-003
     0.16792000E+002    -0.18772137E-001    -0.11374951E-009    -0.19816970E-003
     0.16800000E+002    -0.18772133E-001    -0.11293077E-009    -0.18056009E-003
     0.16808000E+002    -0.18772131E-001    -0.90861631E-010    -0.14955907E-003
     0.16816000E+002    -0.18772130E-001    -0.54464166E-010    -0.94922240E-004
     0.16824000E+002    -0.18772130E-001    -0.13602962E-010    -0.36539463E-004
     0.16832000E+002    -0.18772132E-001     0.26343350E-010     0.40149017E-006
     0.16840000E+002    -0.18772132E-001     0.64848681E-010     0.20474167E-005
     0.16848000E+002    -0.18772131E-001     0.99992478E-010    -0.14473647E-004
     0.16856000E+002    -0.18772130E-001     0.12414635E-009    -0.21726743E-004
     0.16864000E+002    -0.18772128E-001     0.12780897E-009    -0.19363169E-004
     0.16872000E+002    -0.18772126E-001     0.10765841E-009    -0.20586299E-004
     0.16880000E+002    -0.18772126E-001     0.69599678E-010    -0.36148431E-004
     0.16888000E+002    -0.18772126E-001     0.23465823E-010    -0.55287973E-004
     0.16896000E+002    -0.18772129E-001    -0.24253434E-010    -0.47948287E-004
     0.16904000E+002    -0.18772136E-001    -0.71291486E-010    -0.74845039E-005
     0.16912000E+002    -0.18772141E-001    -0.11405018E-009     0.48632534E-004
     0.16920000E+002    -0.18772147E-001    -0.14375635E-009     0.97880836E-004
     0.16928000E+002    -0.18772151E-001    -0.15032373E-009     0.12990300E-003
     0.16936000E+002    -0.18772155E-001    -0.13033152E-009     0.16100963E-003
     0.16944000E+002    -0.18772158E-001    -0.90044919E-010     0.19862412E-003
     0.16952000E+002    -0.18772158E-001    -0.39970885E-010     0.22468198E-003
     0.16960000E+002    -0.18772155E-001     0.12596778E-010     0.21632888E-003
     0.16968000E+002    -0.18772151E-001     0.64661582E-010     0.16151362E-003
     0.16976000E+002    -0.18772144E-001     0.11201713E-009     0.81377816E-004
     0.16984000E+002    -0.18772137E-001     0.14528188E-009     0.68564246E-005
     0.16992000E+002    -0.18772129E-001     0.15388888E-009    -0.56945539E-004
     0.17000000E+002    -0.18772119E-001     0.13440597E-009    -0.11886199E-003
     0.17008000E+002    -0.18772110E-001     0.93787487E-010    -0.18773634E-003
     0.17016000E+002    -0.18772105E-001     0.43681538E-010    -0.24858740E-003
     0.17024000E+002    -0.18772103E-001    -0.78661335E-011    -0.26693097E-003
     0.17032000E+002    -0.18772103E-001    -0.58159911E-010    -0.23303315E-003
     0.17040000E+002    -0.18772105E-001    -0.10419088E-009    -0.16368392E-003
     0.17048000E+002    -0.18772109E-001    -0.13781296E-009    -0.86732427E-004
     0.17056000E+002    -0.18772114E-001    -0.14882475E-009    -0.17504870E-004
     0.17064000E+002    -0.18772121E-001    -0.13322583E-009     0.59148557E-004
     0.17072000E+002    -0.18772127E-001    -0.97163776E-010     0.15166387E-003
     0.17080000E+002    -0.18772132E-001    -0.51841494E-010     0.24395435E-003
     0.17088000E+002    -0.18772137E-001    -0.51996752E-011     0.30873448E-003
     0.17096000E+002    -0.18772141E-001     0.40444540E-010     0.32439066E-003
     0.17104000E+002    -0.18772147E-001     0.83118625E-010     0.30399813E-003
     0.17112000E+002    -0.18772152E-001     0.11594768E-009     0.27322848E-003
     0.17120000E+002    -0.18772154E-001     0.12943400E-009     0.23718572E-003
     0.17128000E+002    -0.18772155E-001     0.11916437E-009     0.18676618E-003
     0.17136000E+002    -0.18772156E-001     0.89957962E-010     0.10813623E-003
     0.17144000E+002    -0.18772157E-001     0.51509280E-010     0.11599294E-004
     0.17152000E+002    -0.18772158E-001     0.10608013E-010    -0.70916557E-004
     0.17160000E+002    -0.18772157E-001    -0.31056996E-010    -0.12599434E-003
     0.17168000E+002    -0.18772156E-001    -0.71737732E-010    -0.16096919E-003
     0.17176000E+002    -0.18772157E-001    -0.10455136E-009    -0.19543485E-003
     0.17184000E+002    -0.18772160E-001    -0.11979156E-009    -0.23673135E-003
     0.17192000E+002    -0.18772161E-001    -0.11275964E-009    -0.26281231E-003
     0.17200000E+002    -0.18772161E-001    -0.88034120E-010    -0.25918229E-003
     0.17208000E+002    -0.18772159E-001    -0.55038782E-010    -0.23405528E-003
     0.17216000E+002    -0.18772159E-001    -0.20092149E-010    -0.20972616E-003
     0.17224000E+002    -0.18772162E-001     0.15937644E-010    -0.20476541E-003
     0.17232000E+002    -0.18772165E-001     0.52248067E-010    -0.20359060E-003
     0.17240000E+002    -0.18772167E-001     0.82520141E-010    -0.18119729E-003
     0.17248000E+002    -0.18772168E-001     0.97050328E-010    -0.13437775E-003
     0.17256000E+002    -0.18772171E-001     0.90899740E-010    -0.78622350E-004
     0.17264000E+002    -0.18772173E-001     0.68753648E-010    -0.38342809E-004
     0.17272000E+002    -0.18772174E-001     0.40666041E-010    -0.11784841E-004
     0.17280000E+002    -0.18772172E-001     0.13432402E-010     0.25982595E-004
     0.17288000E+002    -0.18772167E-001    -0.12629285E-010     0.84046827E-004
     0.17296000E+002    -0.18772163E-001    -0.38558984E-010     0.15032148E-003
     0.17304000E+002    -0.18772161E-001    -0.60473587E-010     0.19567239E-003
     0.17312000E+002    -0.18772157E-001    -0.70505520E-010     0.20475622E-003
     0.17320000E+002    -0.18772152E-001    -0.64359913E-010     0.19639519E-003
     0.17328000E+002    -0.18772145E-001    -0.46444331E-010     0.18865844E-003
     0.17336000E+002    -0.18772139E-001    -0.26218079E-010     0.18271047E-003
     0.17344000E+002    -0.18772134E-001    -0.98348283E-011     0.16214610E-003
     0.17352000E+002    -0.18772129E-001     0.34620886E-011     0.11047614E-003
     0.17360000E+002    -0.18772122E-001     0.16595462E-010     0.44382111E-004
     0.17368000E+002    -0.18772116E-001     0.28127184E-010    -0.89534975E-005
     0.17376000E+002    -0.18772113E-001     0.32425542E-010    -0.38840323E-004
     0.17384000E+002    -0.18772112E-001     0.26358000E-010    -0.54005342E-004
     0.17392000E+002    -0.18772113E-001     0.14119465E-010    -0.76690742E-004
     0.17400000E+002    -0.18772115E-001     0.38628980E-011    -0.10559011E-003
     0.17408000E+002    -0.18772118E-001    -0.21940754E-012    -0.11874561E-003
     0.17416000E+002    -0.18772122E-001    -0.10226690E-011    -0.10672803E-003
     0.17424000E+002    -0.18772129E-001    -0.34082406E-011    -0.78168679E-004
     0.17432000E+002    -0.18772136E-001    -0.73568069E-011    -0.59844768E-004
     0.17440000E+002    -0.18772143E-001    -0.79205230E-011    -0.64136943E-004
     0.17448000E+002    -0.18772152E-001    -0.20788929E-011    -0.71218766E-004
     0.17456000E+002    -0.18772159E-001     0.61597183E-011    -0.62930830E-004
     0.17464000E+002    -0.18772167E-001     0.90573800E-011    -0.37616370E-004
     0.17472000E+002    -0.18772172E-001     0.32560667E-011    -0.14966998E-004
     0.17480000E+002    -0.18772173E-001    -0.68321483E-011    -0.15142971E-004
     0.17488000E+002    -0.18772170E-001    -0.14415272E-010    -0.24239804E-004
     0.17496000E+002    -0.18772166E-001    -0.17938139E-010    -0.17591477E-004
     0.17504000E+002    -0.18772160E-001    -0.21729627E-010     0.14878222E-004
     0.17512000E+002    -0.18772154E-001    -0.29085163E-010     0.60140253E-004
     0.17520000E+002    -0.18772148E-001    -0.36378791E-010     0.88726198E-004
     0.17528000E+002    -0.18772141E-001    -0.35695824E-010     0.96854920E-004
     0.17536000E+002    -0.18772138E-001    -0.23171333E-010     0.10432970E-003
     0.17544000E+002    -0.18772136E-001    -0.32222574E-011     0.12436644E-003
     0.17552000E+002    -0.18772137E-001     0.16141372E-010     0.15248524E-003
     0.17560000E+002    -0.18772141E-001     0.31155915E-010     0.16069776E-003
     0.17568000E+002    -0.18772147E-001     0.43967578E-010     0.13364725E-003
     0.17576000E+002    -0.18772154E-001     0.56526073E-010     0.88305753E-004
     0.17584000E+002    -0.18772164E-001     0.64812019E-010     0.45615807E-004
     0.17592000E+002    -0.18772173E-001     0.61011900E-010     0.15750716E-004
     0.17600000E+002    -0.18772182E-001     0.41473648E-010    -0.14964132E-004
     0.17608000E+002    -0.18772189E-001     0.11152050E-010    -0.63911679E-004
     0.17616000E+002    -0.18772194E-001    -0.20699467E-010    -0.11808013E-003
     0.17624000E+002    -0.18772196E-001    -0.48304959E-010    -0.15413270E-003
     0.17632000E+002    -0.18772195E-001    -0.71455065E-010    -0.15833502E-003
     0.17640000E+002    -0.18772192E-001    -0.90142073E-010    -0.13996129E-003
     0.17648000E+002    -0.18772189E-001    -0.99282137E-010    -0.12642628E-003
     0.17656000E+002    -0.18772186E-001    -0.91078954E-010    -0.12174722E-003
     0.17664000E+002    -0.18772180E-001    -0.62975301E-010    -0.10974035E-003
     0.17672000E+002    -0.18772173E-001    -0.21819341E-010    -0.78469690E-004
     0.17680000E+002    -0.18772165E-001     0.20908351E-010    -0.32553423E-004
     0.17688000E+002    -0.18772158E-001     0.57528073E-010    -0.47818832E-006
     0.17696000E+002    -0.18772151E-001     0.86762871E-010     0.37321563E-005
     0.17704000E+002    -0.18772144E-001     0.10829626E-009    -0.26609970E-005
     0.17712000E+002    -0.18772137E-001     0.11709099E-009     0.24765547E-005
     0.17720000E+002    -0.18772131E-001     0.10545116E-009     0.30130603E-004
     0.17728000E+002    -0.18772127E-001     0.71140439E-010     0.62595523E-004
     0.17736000E+002    -0.18772121E-001     0.22034829E-010     0.77454729E-004
     0.17744000E+002    -0.18772114E-001    -0.28663474E-010     0.82565220E-004
     0.17752000E+002    -0.18772105E-001    -0.71571417E-010     0.98290156E-004
     0.17760000E+002    -0.18772097E-001    -0.10462874E-009     0.13896855E-003
     0.17768000E+002    -0.18772092E-001    -0.12797643E-009     0.19248382E-003
     0.17776000E+002    -0.18772087E-001    -0.13755058E-009     0.22558439E-003
     0.17784000E+002    -0.18772084E-001    -0.12612159E-009     0.22825783E-003
     0.17792000E+002    -0.18772087E-001    -0.91047935E-010     0.21342700E-003
     0.17800000E+002    -0.18772091E-001    -0.39439964E-010     0.19803723E-003
     0.17808000E+002    -0.18772099E-001     0.15714723E-010     0.18487403E-003
     0.17816000E+002    -0.18772110E-001     0.64378560E-010     0.14980124E-003
     0.17824000E+002    -0.18772117E-001     0.10345122E-009     0.80155082E-004
     0.17832000E+002    -0.18772125E-001     0.13227546E-009    -0.84288029E-005
     0.17840000E+002    -0.18772135E-001     0.14647862E-009    -0.90955761E-004
     0.17848000E+002    -0.18772141E-001     0.13867801E-009    -0.14843334E-003
     0.17856000E+002    -0.18772147E-001     0.10584024E-009    -0.19115762E-003
     0.17864000E+002    -0.18772149E-001     0.54518014E-010    -0.23582583E-003
     0.17872000E+002    -0.18772144E-001    -0.26885663E-011    -0.27402810E-003
     0.17880000E+002    -0.18772139E-001    -0.55619269E-010    -0.28655447E-003
     0.17888000E+002    -0.18772133E-001    -0.10048066E-009    -0.25734971E-003
     0.17896000E+002    -0.18772124E-001    -0.13557260E-009    -0.19750151E-003
     0.17904000E+002    -0.18772116E-001    -0.15532766E-009    -0.13938920E-003
     0.17912000E+002    -0.18772107E-001    -0.15132008E-009    -0.94463917E-004
     0.17920000E+002    -0.18772101E-001    -0.12001987E-009    -0.54456763E-004
     0.17928000E+002    -0.18772102E-001    -0.68266627E-010    -0.57003585E-005
     0.17936000E+002    -0.18772107E-001    -0.96301212E-011     0.50002607E-004
     0.17944000E+002    -0.18772112E-001     0.44709521E-010     0.83291147E-004
     0.17952000E+002    -0.18772118E-001     0.90554696E-010     0.77967395E-004
     0.17960000E+002    -0.18772124E-001     0.12647203E-009     0.46574758E-004
     0.17968000E+002    -0.18772130E-001     0.14733362E-009     0.15189120E-004
     0.17976000E+002    -0.18772136E-001     0.14471885E-009     0.47070209E-005
     0.17984000E+002    -0.18772141E-001     0.11467596E-009     0.29375328E-005
     0.17992000E+002    -0.18772141E-001     0.63850373E-010    -0.10115583E-004
     0.18000000E+002    -0.18772143E-001     0.62756152E-011    -0.30659318E-004
     0.18008000E+002    -0.18772144E-001    -0.46049270E-010    -0.40147625E-004
     0.18016000E+002    -0.18772143E-001    -0.88663904E-010    -0.17946410E-004
     0.18024000E+002    -0.18772141E-001    -0.12108002E-009     0.27544576E-004
     0.18032000E+002    -0.18772136E-001    -0.13989486E-009     0.63961949E-004
     0.18040000E+002    -0.18772133E-001    -0.13810327E-009     0.76470797E-004
     0.18048000E+002    -0.18772133E-001    -0.11198568E-009     0.70717034E-004
     0.18056000E+002    -0.18772133E-001    -0.67225558E-010     0.65474338E-004
     0.18064000E+002    -0.18772134E-001    -0.16466691E-010     0.67114621E-004
     0.18072000E+002    -0.18772136E-001     0.29485134E-010     0.53699197E-004
     0.18080000E+002    -0.18772137E-001     0.67075287E-010     0.12353095E-004
     0.18088000E+002    -0.18772139E-001     0.96637164E-010    -0.46907691E-004
     0.18096000E+002    -0.18772141E-001     0.11560963E-009    -0.98778975E-004
     0.18104000E+002    -0.18772140E-001     0.11751348E-009    -0.12066842E-003
     0.18112000E+002    -0.18772137E-001     0.98447110E-010    -0.12269136E-003
     0.18120000E+002    -0.18772136E-001     0.63130233E-010    -0.12301638E-003
     0.18128000E+002    -0.18772135E-001     0.22634247E-010    -0.12083015E-003
     0.18136000E+002    -0.18772136E-001    -0.14040104E-010    -0.10151333E-003
     0.18144000E+002    -0.18772135E-001    -0.45022492E-010    -0.46590158E-004
     0.18152000E+002    -0.18772132E-001    -0.71850954E-010     0.33034085E-004
     0.18160000E+002    -0.18772127E-001    -0.92261706E-010     0.10439772E-003
     0.18168000E+002    -0.18772124E-001    -0.99096317E-010     0.15117659E-003
     0.18176000E+002    -0.18772120E-001    -0.87203283E-010     0.17706336E-003
     0.18184000E+002    -0.18772116E-001    -0.60153842E-010     0.20110920E-003
     0.18192000E+002    -0.18772112E-001    -0.28424628E-010     0.22761234E-003
     0.18200000E+002    -0.18772110E-001    -0.67102853E-012     0.23118810E-003
     0.18208000E+002    -0.18772108E-001     0.21963422E-010     0.19496909E-003
     0.18216000E+002    -0.18772108E-001     0.42336686E-010     0.12531469E-003
     0.18224000E+002    -0.18772108E-001     0.59599757E-010     0.49876404E-004
     0.18232000E+002    -0.18772106E-001     0.67204300E-010    -0.44014699E-005
     0.18240000E+002    -0.18772106E-001     0.59493736E-010    -0.45229399E-004
     0.18248000E+002    -0.18772106E-001     0.39009330E-010    -0.90548935E-004
     0.18256000E+002    -0.18772107E-001     0.15476091E-010    -0.14243277E-003
     0.18264000E+002    -0.18772110E-001    -0.26593220E-011    -0.18476729E-003
     0.18272000E+002    -0.18772111E-001    -0.14555963E-010    -0.19170314E-003
     0.18280000E+002    -0.18772113E-001    -0.24278489E-010    -0.16633682E-003
     0.18288000E+002    -0.18772116E-001    -0.33096941E-010    -0.13557899E-003
     0.18296000E+002    -0.18772119E-001    -0.36688577E-010    -0.11609685E-003
     0.18304000E+002    -0.18772122E-001    -0.30666957E-010    -0.10680672E-003
     0.18312000E+002    -0.18772128E-001    -0.17411755E-010    -0.86906162E-004
     0.18320000E+002    -0.18772135E-001    -0.53961573E-011    -0.48419972E-004
     0.18328000E+002    -0.18772145E-001    -0.12521411E-011    -0.12220517E-004
     0.18336000E+002    -0.18772158E-001    -0.38049909E-011     0.48443568E-005
     0.18344000E+002    -0.18772169E-001    -0.68997867E-011     0.24213798E-005
     0.18352000E+002    -0.18772181E-001    -0.72171437E-011     0.12075644E-005
     0.18360000E+002    -0.18772192E-001    -0.74636502E-011     0.21345735E-004
     0.18368000E+002    -0.18772199E-001    -0.11200048E-010     0.50040224E-004
     0.18376000E+002    -0.18772202E-001    -0.16181770E-010     0.65996351E-004
     0.18384000E+002    -0.18772201E-001    -0.15080915E-010     0.61743357E-004
     0.18392000E+002    -0.18772196E-001    -0.33135227E-011     0.50241395E-004
     0.18400000E+002    -0.18772188E-001     0.15181902E-010     0.56640194E-004
     0.18408000E+002    -0.18772177E-001     0.31314389E-010     0.78227548E-004
     0.18416000E+002    -0.18772164E-001     0.39575836E-010     0.91600643E-004
     0.18424000E+002    -0.18772150E-001     0.41903983E-010     0.83399796E-004
     0.18432000E+002    -0.18772138E-001     0.42517872E-010     0.60031226E-004
     0.18440000E+002    -0.18772127E-001     0.40510081E-010     0.50457016E-004
     0.18448000E+002    -0.18772120E-001     0.29702874E-010     0.67870165E-004
     0.18456000E+002    -0.18772117E-001     0.63630785E-011     0.93388865E-004
     0.18464000E+002    -0.18772117E-001    -0.24522579E-010     0.10677964E-003
     0.18472000E+002    -0.18772125E-001    -0.52183358E-010     0.10153882E-003
     0.18480000E+002    -0.18772134E-001    -0.69093469E-010     0.96622585E-004
     0.18488000E+002    -0.18772141E-001    -0.75826576E-010     0.11214983E-003
     0.18496000E+002    -0.18772150E-001    -0.76537487E-010     0.13510849E-003
     0.18504000E+002    -0.18772155E-001    -0.71274663E-010     0.14096646E-003
     0.18512000E+002    -0.18772158E-001    -0.54928996E-010     0.11435547E-003
     0.18520000E+002    -0.18772161E-001    -0.24224140E-010     0.64275502E-004
     0.18528000E+002    -0.18772158E-001     0.15780590E-010     0.18076311E-004
     0.18536000E+002    -0.18772153E-001     0.53857525E-010    -0.20398163E-004
     0.18544000E+002    -0.18772148E-001     0.81190499E-010    -0.66320294E-004
     0.18552000E+002    -0.18772143E-001     0.96467586E-010    -0.13036194E-003
     0.18560000E+002    -0.18772139E-001     0.10215419E-009    -0.20569841E-003
     0.18568000E+002    -0.18772137E-001     0.97396580E-010    -0.26069236E-003
     0.18576000E+002    -0.18772132E-001     0.77038371E-010    -0.27752921E-003
     0.18584000E+002    -0.18772129E-001     0.38460648E-010    -0.26732554E-003
     0.18592000E+002    -0.18772129E-001    -0.12128389E-010    -0.24573709E-003
     0.18600000E+002    -0.18772128E-001    -0.61976024E-010    -0.21994252E-003
     0.18608000E+002    -0.18772129E-001    -0.10053238E-009    -0.17321346E-003
     0.18616000E+002    -0.18772129E-001    -0.12488635E-009    -0.90392489E-004
     0.18624000E+002    -0.18772127E-001    -0.13622558E-009     0.10826831E-004
     0.18632000E+002    -0.18772126E-001    -0.13280136E-009     0.10077972E-003
     0.18640000E+002    -0.18772124E-001    -0.10904472E-009     0.15634223E-003
     0.18648000E+002    -0.18772119E-001    -0.62645797E-010     0.18088947E-003
     0.18656000E+002    -0.18772114E-001    -0.12099386E-011     0.19685214E-003
     0.18664000E+002    -0.18772111E-001     0.60151614E-010     0.20363113E-003
     0.18672000E+002    -0.18772109E-001     0.10841817E-009     0.18317069E-003
     0.18680000E+002    -0.18772110E-001     0.13913333E-009     0.12092355E-003
     0.18688000E+002    -0.18772112E-001     0.15339956E-009     0.24207611E-004
     0.18696000E+002    -0.18772112E-001     0.15033280E-009    -0.69332371E-004
     0.18704000E+002    -0.18772116E-001     0.12516824E-009    -0.13447336E-003
     0.18712000E+002    -0.18772122E-001     0.75865880E-010    -0.17495160E-003
     0.18720000E+002    -0.18772128E-001     0.10085209E-010    -0.20459146E-003
     0.18728000E+002    -0.18772136E-001    -0.56529615E-010    -0.23140342E-003
     0.18736000E+002    -0.18772140E-001    -0.10980983E-009    -0.23558104E-003
     0.18744000E+002    -0.18772141E-001    -0.14426847E-009    -0.19623999E-003
     0.18752000E+002    -0.18772146E-001    -0.16086041E-009    -0.12313193E-003
     0.18760000E+002    -0.18772147E-001    -0.15951822E-009    -0.41987979E-004
     0.18768000E+002    -0.18772145E-001    -0.13649119E-009     0.20663235E-004
     0.18776000E+002    -0.18772141E-001    -0.90002692E-010     0.64275247E-004
     0.18784000E+002    -0.18772135E-001    -0.27040219E-010     0.10878145E-003
     0.18792000E+002    -0.18772129E-001     0.37838787E-010     0.15457492E-003
     0.18800000E+002    -0.18772127E-001     0.91266573E-010     0.18578298E-003
     0.18808000E+002    -0.18772122E-001     0.12790801E-009     0.18395989E-003
     0.18816000E+002    -0.18772118E-001     0.14838721E-009     0.14937250E-003
     0.18824000E+002    -0.18772116E-001     0.15204008E-009     0.11187947E-003
     0.18832000E+002    -0.18772115E-001     0.13436745E-009     0.90509459E-004
     0.18840000E+002    -0.18772116E-001     0.92822387E-010     0.80385565E-004
     0.18848000E+002    -0.18772118E-001     0.33712702E-010     0.66539383E-004
     0.18856000E+002    -0.18772119E-001    -0.28837899E-010     0.39995193E-004
     0.18864000E+002    -0.18772121E-001    -0.81683805E-010     0.21376809E-004
     0.18872000E+002    -0.18772125E-001    -0.11968182E-009     0.32041145E-004
     0.18880000E+002    -0.18772128E-001    -0.14352249E-009     0.65079285E-004
     0.18888000E+002    -0.18772131E-001    -0.15217966E-009     0.97137235E-004
     0.18896000E+002    -0.18772133E-001    -0.14012578E-009     0.10272355E-003
     0.18904000E+002    -0.18772133E-001    -0.10338161E-009     0.85202035E-004
     0.18912000E+002    -0.18772133E-001    -0.47269424E-010     0.68553866E-004
     0.18920000E+002    -0.18772134E-001     0.14025753E-010     0.57256998E-004
     0.18928000E+002    -0.18772132E-001     0.66476684E-010     0.37449604E-004
     0.18936000E+002    -0.18772130E-001     0.10415956E-009    -0.12328335E-004
     0.18944000E+002    -0.18772129E-001     0.12793919E-009    -0.93083447E-004
     0.18952000E+002    -0.18772128E-001     0.13775551E-009    -0.17265456E-003
     0.18960000E+002    -0.18772129E-001     0.12890307E-009    -0.22679840E-003
     0.18968000E+002    -0.18772130E-001     0.97321208E-010    -0.25417399E-003
     0.18976000E+002    -0.18772129E-001     0.47392973E-010    -0.27018693E-003
     0.18984000E+002    -0.18772129E-001    -0.76879166E-011    -0.28817084E-003
     0.18992000E+002    -0.18772129E-001    -0.54367409E-010    -0.29050295E-003
     0.19000000E+002    -0.18772129E-001    -0.86921926E-010    -0.25588141E-003
     0.19008000E+002    -0.18772128E-001    -0.10676270E-009    -0.18613885E-003
     0.19016000E+002    -0.18772126E-001    -0.11505119E-009    -0.10177561E-003
     0.19024000E+002    -0.18772123E-001    -0.10848482E-009    -0.31183109E-004
     0.19032000E+002    -0.18772120E-001    -0.83672193E-010     0.24353598E-004
     0.19040000E+002    -0.18772117E-001    -0.44433115E-010     0.83646266E-004
     0.19048000E+002    -0.18772112E-001    -0.22598936E-011     0.15037777E-003
     0.19056000E+002    -0.18772108E-001     0.31570850E-010     0.21213074E-003
     0.19064000E+002    -0.18772104E-001     0.53593149E-010     0.24505481E-003
     0.19072000E+002    -0.18772102E-001     0.67082352E-010     0.24371535E-003
     0.19080000E+002    -0.18772103E-001     0.74296119E-010     0.23307438E-003
     0.19088000E+002    -0.18772105E-001     0.72037606E-010     0.23046792E-003
     0.19096000E+002    -0.18772109E-001     0.56099234E-010     0.23371912E-003
     0.19104000E+002    -0.18772114E-001     0.28863252E-010     0.22351270E-003
     0.19112000E+002    -0.18772121E-001     0.17988519E-012     0.18491826E-003
     0.19120000E+002    -0.18772126E-001    -0.20431529E-010     0.13676982E-003
     0.19128000E+002    -0.18772132E-001    -0.31496930E-010     0.10294967E-003
     0.19136000E+002    -0.18772138E-001    -0.38312316E-010     0.87510225E-004
     0.19144000E+002    -0.18772142E-001    -0.44551938E-010     0.74407555E-004
     0.19152000E+002    -0.18772147E-001    -0.47026570E-010     0.38982839E-004
     0.19160000E+002    -0.18772150E-001    -0.39964049E-010    -0.13233120E-004
     0.19168000E+002    -0.18772151E-001    -0.23473786E-010    -0.55518252E-004
     0.19176000E+002    -0.18772153E-001    -0.55598981E-011    -0.74515951E-004
     0.19184000E+002    -0.18772154E-001     0.51217571E-011    -0.76656922E-004
     0.19192000E+002    -0.18772151E-001     0.74364420E-011    -0.87358375E-004
     0.19200000E+002    -0.18772149E-001     0.73914837E-011    -0.11529588E-003
     0.19208000E+002    -0.18772146E-001     0.99371868E-011    -0.13824845E-003
     0.19216000E+002    -0.18772143E-001     0.13071193E-010    -0.13774026E-003
     0.19224000E+002    -0.18772144E-001     0.11240453E-010    -0.11265622E-003
     0.19232000E+002    -0.18772145E-001     0.35464068E-011    -0.85022448E-004
     0.19240000E+002    -0.18772144E-001    -0.35696793E-011    -0.76677312E-004
     0.19248000E+002    -0.18772145E-001    -0.28007275E-011    -0.77110301E-004
     0.19256000E+002    -0.18772147E-001     0.60513592E-011    -0.68024637E-004
     0.19264000E+002    -0.18772147E-001     0.16094275E-010    -0.43879880E-004
     0.19272000E+002    -0.18772148E-001     0.21089670E-010    -0.18856239E-004
     0.19280000E+002    -0.18772145E-001     0.21488750E-010    -0.17949039E-004
     0.19288000E+002    -0.18772141E-001     0.21619323E-010    -0.37485925E-004
     0.19296000E+002    -0.18772138E-001     0.22008721E-010    -0.53909341E-004
     0.19304000E+002    -0.18772136E-001     0.16967403E-010    -0.52389060E-004
     0.19312000E+002    -0.18772132E-001     0.93848956E-012    -0.35561947E-004
     0.19320000E+002    -0.18772128E-001    -0.23811900E-010    -0.26433836E-004
     0.19328000E+002    -0.18772125E-001    -0.47626742E-010    -0.31778576E-004
     0.19336000E+002    -0.18772122E-001    -0.61903860E-010    -0.30983573E-004
     0.19344000E+002    -0.18772123E-001    -0.65742538E-010    -0.77738373E-005
     0.19352000E+002    -0.18772124E-001    -0.63352971E-010     0.36954208E-004
     0.19360000E+002    -0.18772123E-001    -0.56088261E-010     0.76377495E-004
     0.19368000E+002    -0.18772125E-001    -0.39467501E-010     0.85412963E-004
     0.19376000E+002    -0.18772127E-001    -0.93966800E-011     0.73087422E-004
     0.19384000E+002    -0.18772130E-001     0.29880414E-010     0.58692733E-004
     0.19392000E+002    -0.18772133E-001     0.66139016E-010     0.52213126E-004
     0.19400000E+002    -0.18772130E-001     0.88176684E-010     0.41157824E-004
     0.19408000E+002    -0.18772126E-001     0.93631036E-010     0.10219087E-005
     0.19416000E+002    -0.18772125E-001     0.87151081E-010    -0.62282788E-004
     0.19424000E+002    -0.18772122E-001     0.72037911E-010    -0.12072892E-003
     0.19432000E+002    -0.18772120E-001     0.46079325E-010    -0.15034982E-003
     0.19440000E+002    -0.18772118E-001     0.66688128E-011    -0.14725177E-003
     0.19448000E+002    -0.18772114E-001    -0.41320987E-010    -0.13488112E-003
     0.19456000E+002    -0.18772116E-001    -0.85164787E-010    -0.12427872E-003
     0.19464000E+002    -0.18772122E-001    -0.11279099E-009    -0.10099942E-003
     0.19472000E+002    -0.18772128E-001    -0.12080483E-009    -0.50014806E-004
     0.19480000E+002    -0.18772135E-001    -0.11339762E-009     0.30333237E-004
     0.19488000E+002    -0.18772142E-001    -0.94417604E-010     0.11257401E-003
     0.19496000E+002    -0.18772150E-001    -0.62805627E-010     0.16791519E-003
     0.19504000E+002    -0.18772160E-001    -0.17023837E-010     0.19787216E-003
     0.19512000E+002    -0.18772168E-001     0.37497842E-010     0.21558761E-003
     0.19520000E+002    -0.18772172E-001     0.87853540E-010     0.23092996E-003
     0.19528000E+002    -0.18772174E-001     0.12170089E-009     0.23219312E-003
     0.19536000E+002    -0.18772174E-001     0.13509244E-009     0.19561790E-003
     0.19544000E+002    -0.18772172E-001     0.13144201E-009     0.12579194E-003
     0.19552000E+002    -0.18772168E-001     0.11377024E-009     0.47270788E-004
     0.19560000E+002    -0.18772162E-001     0.80402029E-010    -0.15845254E-004
     0.19568000E+002    -0.18772154E-001     0.29633199E-010    -0.58236778E-004
     0.19576000E+002    -0.18772150E-001    -0.32502780E-010    -0.10100157E-003
     0.19584000E+002    -0.18772146E-001    -0.91655784E-010    -0.15098715E-003
     0.19592000E+002    -0.18772144E-001    -0.13370037E-009    -0.19059740E-003
     0.19600000E+002    -0.18772142E-001    -0.15328490E-009    -0.19967702E-003
     0.19608000E+002    -0.18772138E-001    -0.15328103E-009    -0.17183338E-003
     0.19616000E+002    -0.18772136E-001    -0.13682261E-009    -0.13334500E-003
     0.19624000E+002    -0.18772137E-001    -0.10234921E-009    -0.11171609E-003
     0.19632000E+002    -0.18772136E-001    -0.48070633E-010    -0.10444146E-003
     0.19640000E+002    -0.18772134E-001     0.19822671E-010    -0.94669551E-004
     0.19648000E+002    -0.18772133E-001     0.85941972E-010    -0.66497910E-004
     0.19656000E+002    -0.18772129E-001     0.13423097E-009    -0.30557479E-004
     0.19664000E+002    -0.18772127E-001     0.15752805E-009    -0.13608946E-004
     0.19672000E+002    -0.18772126E-001     0.15813713E-009    -0.17040905E-004
     0.19680000E+002    -0.18772124E-001     0.14013087E-009    -0.21612895E-004
     0.19688000E+002    -0.18772123E-001     0.10359098E-009    -0.29793892E-005
     0.19696000E+002    -0.18772126E-001     0.47847675E-010     0.43491446E-004
     0.19704000E+002    -0.18772130E-001    -0.20777939E-010     0.91663719E-004
     0.19712000E+002    -0.18772138E-001    -0.87311744E-010     0.12526967E-003
     0.19720000E+002    -0.18772146E-001    -0.13599950E-009     0.14969746E-003
     0.19728000E+002    -0.18772153E-001    -0.15961985E-009     0.17913886E-003
     0.19736000E+002    -0.18772161E-001    -0.16044817E-009     0.22016037E-003
     0.19744000E+002    -0.18772169E-001    -0.14293263E-009     0.24864099E-003
     0.19752000E+002    -0.18772174E-001    -0.10777305E-009     0.23992106E-003
     0.19760000E+002    -0.18772177E-001    -0.54704502E-010     0.19622616E-003
     0.19768000E+002    -0.18772178E-001     0.10190195E-010     0.13579936E-003
     0.19776000E+002    -0.18772175E-001     0.72819197E-010     0.80590143E-004
     0.19784000E+002    -0.18772172E-001     0.11861655E-009     0.27032365E-004
     0.19792000E+002    -0.18772166E-001     0.14154336E-009    -0.43329172E-004
     0.19800000E+002    -0.18772159E-001     0.14466450E-009    -0.12645635E-003
     0.19808000E+002    -0.18772151E-001     0.13245378E-009    -0.20059591E-003
     0.19816000E+002    -0.18772142E-001     0.10469072E-009    -0.23805488E-003
     0.19824000E+002    -0.18772134E-001     0.59431175E-010    -0.23323020E-003
     0.19832000E+002    -0.18772127E-001     0.10709905E-011    -0.21195219E-003
     0.19840000E+002    -0.18772123E-001    -0.57273512E-010    -0.19016826E-003
     0.19848000E+002    -0.18772122E-001    -0.10121128E-009    -0.16300057E-003
     0.19856000E+002    -0.18772124E-001    -0.12456081E-009    -0.11365920E-003
     0.19864000E+002    -0.18772127E-001    -0.13050996E-009    -0.34235319E-004
     0.19872000E+002    -0.18772131E-001    -0.12379916E-009     0.48343560E-004
     0.19880000E+002    -0.18772137E-001    -0.10387733E-009     0.10440776E-003
     0.19888000E+002    -0.18772145E-001    -0.67444190E-010     0.12891225E-003
     0.19896000E+002    -0.18772153E-001    -0.16922692E-010     0.13685532E-003
     0.19904000E+002    -0.18772161E-001     0.36041555E-010     0.15074834E-003
     0.19912000E+002    -0.18772167E-001     0.77234894E-010     0.16519238E-003
     0.19920000E+002    -0.18772172E-001     0.99721105E-010     0.15722550E-003
     0.19928000E+002    -0.18772176E-001     0.10601214E-009     0.12230928E-003
     0.19936000E+002    -0.18772177E-001     0.10099979E-009     0.75355916E-004
     0.19944000E+002    -0.18772174E-001     0.84886269E-010     0.45041068E-004
     0.19952000E+002    -0.18772169E-001     0.54777110E-010     0.41018315E-004
     0.19960000E+002    -0.18772163E-001     0.12563935E-010     0.41964783E-004
     0.19968000E+002    -0.18772157E-001    -0.31425915E-010     0.32621726E-004
     0.19976000E+002    -0.18772151E-001    -0.64460954E-010     0.14523323E-004
     0.19984000E+002    -0.18772145E-001    -0.80737813E-010     0.50192115E-005
     0.19992000E+002    -0.18772141E-001    -0.83587620E-010     0.16126058E-004
     0.20000000E+002    -0.18772140E-001    -0.78559629E-010     0.27404787E-004
     0.20008000E+002    -0.18772140E-001    -0.66296393E-010     0.15801079E-004
