Energy-E_F (eV)    DOS (1/eV)    PDOS (1/eV)  of atom type N  C  O  H  S  
     -4.99000      0.02590      0.00249      0.00442      0.01402      0.00310      0.00188
     -4.98000      0.00000      0.00000      0.00000      0.00000      0.00000      0.00000
     -4.97000      0.00000      0.00000      0.00000      0.00000      0.00000      0.00000
     -4.96000      0.00000      0.00000      0.00000      0.00000      0.00000      0.00000
     -4.95000      0.00000      0.00000      0.00000      0.00000      0.00000      0.00000
     -4.94000      0.00000      0.00000      0.00000      0.00000      0.00000      0.00000
     -4.93000      0.00000      0.00000      0.00000      0.00000      0.00000      0.00000
     -4.92000      0.00000      0.00000      0.00000      0.00000      0.00000      0.00000
     -4.91000      0.00000      0.00000      0.00000      0.00000      0.00000      0.00000
     -4.90000      0.00000      0.00000      0.00000      0.00000      0.00000      0.00000
     -4.89000      0.00000      0.00000      0.00000      0.00000      0.00000      0.00000
     -4.88000      0.00000      0.00000      0.00000      0.00000      0.00000      0.00000
     -4.87000      0.00000      0.00000      0.00000      0.00000      0.00000      0.00000
     -4.86000      0.00000      0.00000      0.00000      0.00000      0.00000      0.00000
     -4.85000      0.00000      0.00000      0.00000      0.00000      0.00000      0.00000
     -4.84000      0.00000      0.00000      0.00000      0.00000      0.00000      0.00000
     -4.83000      0.00000      0.00000      0.00000      0.00000      0.00000      0.00000
     -4.82000      0.00000      0.00000      0.00000      0.00000      0.00000      0.00000
     -4.81000      0.00000      0.00000      0.00000      0.00000      0.00000      0.00000
     -4.80000      0.00000      0.00000      0.00000      0.00000      0.00000      0.00000
     -4.79000      0.00000      0.00000      0.00000      0.00000      0.00000      0.00000
     -4.78000      0.00000      0.00000      0.00000      0.00000      0.00000      0.00000
     -4.77000      0.00000      0.00000      0.00000      0.00000      0.00000      0.00000
     -4.76000      0.00000      0.00000      0.00000      0.00000      0.00000      0.00000
     -4.75000      0.00000      0.00000      0.00000      0.00000      0.00000      0.00000
     -4.74000      0.00000      0.00000      0.00000      0.00000      0.00000      0.00000
     -4.73000      0.00000      0.00000      0.00000      0.00000      0.00000      0.00000
     -4.72000      0.00000      0.00000      0.00000      0.00000      0.00000      0.00000
     -4.71000      0.00000      0.00000      0.00000      0.00000      0.00000      0.00000
     -4.70000      0.00000      0.00000      0.00000      0.00000      0.00000      0.00000
     -4.69000      0.00000      0.00000      0.00000      0.00000      0.00000      0.00000
     -4.68000      0.00000      0.00000      0.00000      0.00000      0.00000      0.00000
     -4.67000      0.00000      0.00000      0.00000      0.00000      0.00000      0.00000
     -4.66000      0.00000      0.00000      0.00000      0.00000      0.00000      0.00000
     -4.65000      0.00000      0.00000      0.00000      0.00000      0.00000      0.00000
     -4.64000      0.00000      0.00000      0.00000      0.00000      0.00000      0.00000
     -4.63000      0.00000      0.00000      0.00000      0.00000      0.00000      0.00000
     -4.62000      0.00000      0.00000      0.00000      0.00000      0.00000      0.00000
     -4.61000      0.00000      0.00000      0.00000      0.00000      0.00000      0.00000
     -4.60000      0.00000      0.00000      0.00000      0.00000      0.00000      0.00000
     -4.59000      0.00000      0.00000      0.00000      0.00000      0.00000      0.00000
     -4.58000      0.00000      0.00000      0.00000      0.00000      0.00000      0.00000
     -4.57000      0.00000      0.00000      0.00000      0.00000      0.00000      0.00000
     -4.56000      0.00000      0.00000      0.00000      0.00000      0.00000      0.00000
     -4.55000      0.00000      0.00000      0.00000      0.00000      0.00000      0.00000
     -4.54000      0.00000      0.00000      0.00000      0.00000      0.00000      0.00000
     -4.53000      0.00000      0.00000      0.00000      0.00000      0.00000      0.00000
     -4.52000      0.00000      0.00000      0.00000      0.00000      0.00000      0.00000
     -4.51000      0.00000      0.00000      0.00000      0.00000      0.00000      0.00000
     -4.50000      0.00000      0.00000      0.00000      0.00000      0.00000      0.00000
     -4.49000      0.00000      0.00000      0.00000      0.00000      0.00000      0.00000
     -4.48000      0.00000      0.00000      0.00000      0.00000      0.00000      0.00000
     -4.47000      0.00000      0.00000      0.00000      0.00000      0.00000      0.00000
     -4.46000      0.00000      0.00000      0.00000      0.00000      0.00000      0.00000
     -4.45000      0.00000      0.00000      0.00000      0.00000      0.00000      0.00000
     -4.44000      0.00000      0.00000      0.00000      0.00000      0.00000      0.00000
     -4.43000      0.00000      0.00000      0.00000      0.00000      0.00000      0.00000
     -4.42000      0.00000      0.00000      0.00000      0.00000      0.00000      0.00000
     -4.41000      0.00000      0.00000      0.00000      0.00000      0.00000      0.00000
     -4.40000      0.00000      0.00000      0.00000      0.00000      0.00000      0.00000
     -4.39000      0.00000      0.00000      0.00000      0.00000      0.00000      0.00000
     -4.38000      0.00000      0.00000      0.00000      0.00000      0.00000      0.00000
     -4.37000      0.00035      0.00002      0.00010      0.00002      0.00015      0.00005
     -4.36000      0.03080      0.00211      0.00881      0.00209      0.01314      0.00466
     -4.35000      0.98457      0.06737      0.28156      0.06682      0.41994      0.14887
     -4.34000     11.57929      0.79236      3.31141      0.78591      4.93880      1.75081
     -4.33000     50.09836      3.42817     14.32699      3.40027     21.36795      7.57497
     -4.32000     79.73896      5.45644     22.80353      5.41203     34.01026     12.05669
     -4.31000     46.68992      3.19493     13.35226      3.16893     19.91419      7.05961
     -4.30000     10.05729      0.68821      2.87616      0.68261      4.28964      1.52068
     -4.29000      0.79698      0.05454      0.22792      0.05409      0.33993      0.12050
     -4.28000      0.02323      0.00159      0.00664      0.00158      0.00991      0.00351
     -4.27000      0.00000      0.00000      0.00000      0.00000      0.00000      0.00000
     -4.26000      0.00000      0.00000      0.00000      0.00000      0.00000      0.00000
     -4.25000      0.00000      0.00000      0.00000      0.00000      0.00000      0.00000
     -4.24000      0.00000      0.00000      0.00000      0.00000      0.00000      0.00000
     -4.23000      0.00000      0.00000      0.00000      0.00000      0.00000      0.00000
     -4.22000      0.00000      0.00000      0.00000      0.00000      0.00000      0.00000
     -4.21000      0.00000      0.00000      0.00000      0.00000      0.00000      0.00000
     -4.20000      0.00000      0.00000      0.00000      0.00000      0.00000      0.00000
     -4.19000      0.00000      0.00000      0.00000      0.00000      0.00000      0.00000
     -4.18000      0.00273      0.00018      0.00094      0.00020      0.00113      0.00028
     -4.17000      0.15428      0.01021      0.05331      0.01117      0.06388      0.01571
     -4.16000      3.20937      0.21244      1.10889      0.23237      1.32891      0.32676
     -4.15000     24.56078      1.62573      8.48614      1.77832     10.16993      2.50067
     -4.14000     69.14641      4.57695     23.89118      5.00652     28.63157      7.04018
     -4.13000     71.61477      4.74034     24.74404      5.18525     29.65365      7.29150
     -4.12000     27.28607      1.80612      9.42777      1.97564     11.29839      2.77815
     -4.11000      3.82459      0.25316      1.32146      0.27692      1.58366      0.38940
     -4.10000      0.19721      0.01305      0.06814      0.01428      0.08166      0.02008
     -4.09000      0.00374      0.00025      0.00129      0.00027      0.00155      0.00038
     -4.08000      0.00000      0.00000      0.00000      0.00000      0.00000      0.00000
     -4.07000      0.00000      0.00000      0.00000      0.00000      0.00000      0.00000
     -4.06000      0.00000      0.00000      0.00000      0.00000      0.00000      0.00000
     -4.05000      0.00000      0.00000      0.00000      0.00000      0.00000      0.00000
     -4.04000      0.00000      0.00000      0.00000      0.00000      0.00000      0.00000
     -4.03000      0.00000      0.00000      0.00000      0.00000      0.00000      0.00000
     -4.02000      0.00000      0.00000      0.00000      0.00000      0.00000      0.00000
     -4.01000      0.00000      0.00000      0.00000      0.00000      0.00000      0.00000
     -4.00000      0.00000      0.00000      0.00000      0.00000      0.00000      0.00000
     -3.99000      0.00000      0.00000      0.00000      0.00000      0.00000      0.00000
     -3.98000      0.00000      0.00000      0.00000      0.00000      0.00000      0.00000
     -3.97000      0.00000      0.00000      0.00000      0.00000      0.00000      0.00000
     -3.96000      0.00000      0.00000      0.00000      0.00000      0.00000      0.00000
     -3.95000      0.00000      0.00000      0.00000      0.00000      0.00000      0.00000
     -3.94000      0.00000      0.00000      0.00000      0.00000      0.00000      0.00000
     -3.93000      0.00000      0.00000      0.00000      0.00000      0.00000      0.00000
     -3.92000      0.00000      0.00000      0.00000      0.00000      0.00000      0.00000
     -3.91000      0.00000      0.00000      0.00000      0.00000      0.00000      0.00000
     -3.90000      0.00000      0.00000      0.00000      0.00000      0.00000      0.00000
     -3.89000      0.00000      0.00000      0.00000      0.00000      0.00000      0.00000
     -3.88000      0.00000      0.00000      0.00000      0.00000      0.00000      0.00000
     -3.87000      0.00000      0.00000      0.00000      0.00000      0.00000      0.00000
     -3.86000      0.00000      0.00000      0.00000      0.00000      0.00000      0.00000
     -3.85000      0.00000      0.00000      0.00000      0.00000      0.00000      0.00000
     -3.84000      0.00000      0.00000      0.00000      0.00000      0.00000      0.00000
     -3.83000      0.00000      0.00000      0.00000      0.00000      0.00000      0.00000
     -3.82000      0.00000      0.00000      0.00000      0.00000      0.00000      0.00000
     -3.81000      0.00000      0.00000      0.00000      0.00000      0.00000      0.00000
     -3.80000      0.00000      0.00000      0.00000      0.00000      0.00000      0.00000
     -3.79000      0.00000      0.00000      0.00000      0.00000      0.00000      0.00000
     -3.78000      0.00000      0.00000      0.00000      0.00000      0.00000      0.00000
     -3.77000      0.00000      0.00000      0.00000      0.00000      0.00000      0.00000
     -3.76000      0.00000      0.00000      0.00000      0.00000      0.00000      0.00000
     -3.75000      0.00000      0.00000      0.00000      0.00000      0.00000      0.00000
     -3.74000      0.00000      0.00000      0.00000      0.00000      0.00000      0.00000
     -3.73000      0.00000      0.00000      0.00000      0.00000      0.00000      0.00000
     -3.72000      0.00000      0.00000      0.00000      0.00000      0.00000      0.00000
     -3.71000      0.00000      0.00000      0.00000      0.00000      0.00000      0.00000
     -3.70000      0.00000      0.00000      0.00000      0.00000      0.00000      0.00000
     -3.69000      0.00000      0.00000      0.00000      0.00000      0.00000      0.00000
     -3.68000      0.00000      0.00000      0.00000      0.00000      0.00000      0.00000
     -3.67000      0.00000      0.00000      0.00000      0.00000      0.00000      0.00000
     -3.66000      0.00000      0.00000      0.00000      0.00000      0.00000      0.00000
     -3.65000      0.00000      0.00000      0.00000      0.00000      0.00000      0.00000
     -3.64000      0.00000      0.00000      0.00000      0.00000      0.00000      0.00000
     -3.63000      0.00000      0.00000      0.00000      0.00000      0.00000      0.00000
     -3.62000      0.00000      0.00000      0.00000      0.00000      0.00000      0.00000
     -3.61000      0.00000      0.00000      0.00000      0.00000      0.00000      0.00000
     -3.60000      0.00000      0.00000      0.00000      0.00000      0.00000      0.00000
     -3.59000      0.00000      0.00000      0.00000      0.00000      0.00000      0.00000
     -3.58000      0.00000      0.00000      0.00000      0.00000      0.00000      0.00000
     -3.57000      0.00000      0.00000      0.00000      0.00000      0.00000      0.00000
     -3.56000      0.00000      0.00000      0.00000      0.00000      0.00000      0.00000
     -3.55000      0.00000      0.00000      0.00000      0.00000      0.00000      0.00000
     -3.54000      0.00000      0.00000      0.00000      0.00000      0.00000      0.00000
     -3.53000      0.00000      0.00000      0.00000      0.00000      0.00000      0.00000
     -3.52000      0.00000      0.00000      0.00000      0.00000      0.00000      0.00000
     -3.51000      0.00000      0.00000      0.00000      0.00000      0.00000      0.00000
     -3.50000      0.00000      0.00000      0.00000      0.00000      0.00000      0.00000
     -3.49000      0.00000      0.00000      0.00000      0.00000      0.00000      0.00000
     -3.48000      0.00000      0.00000      0.00000      0.00000      0.00000      0.00000
     -3.47000      0.00000      0.00000      0.00000      0.00000      0.00000      0.00000
     -3.46000      0.00000      0.00000      0.00000      0.00000      0.00000      0.00000
     -3.45000      0.00000      0.00000      0.00000      0.00000      0.00000      0.00000
     -3.44000      0.00000      0.00000      0.00000      0.00000      0.00000      0.00000
     -3.43000      0.00000      0.00000      0.00000      0.00000      0.00000      0.00000
     -3.42000      0.00000      0.00000      0.00000      0.00000      0.00000      0.00000
     -3.41000      0.00000      0.00000      0.00000      0.00000      0.00000      0.00000
     -3.40000      0.00000      0.00000      0.00000      0.00000      0.00000      0.00000
     -3.39000      0.00000      0.00000      0.00000      0.00000      0.00000      0.00000
     -3.38000      0.00000      0.00000      0.00000      0.00000      0.00000      0.00000
     -3.37000      0.00000      0.00000      0.00000      0.00000      0.00000      0.00000
     -3.36000      0.00000      0.00000      0.00000      0.00000      0.00000      0.00000
     -3.35000      0.00000      0.00000      0.00000      0.00000      0.00000      0.00000
     -3.34000      0.00000      0.00000      0.00000      0.00000      0.00000      0.00000
     -3.33000      0.00000      0.00000      0.00000      0.00000      0.00000      0.00000
     -3.32000      0.00000      0.00000      0.00000      0.00000      0.00000      0.00000
     -3.31000      0.00000      0.00000      0.00000      0.00000      0.00000      0.00000
     -3.30000      0.00000      0.00000      0.00000      0.00000      0.00000      0.00000
     -3.29000      0.00000      0.00000      0.00000      0.00000      0.00000      0.00000
     -3.28000      0.00000      0.00000      0.00000      0.00000      0.00000      0.00000
     -3.27000      0.00000      0.00000      0.00000      0.00000      0.00000      0.00000
     -3.26000      0.00000      0.00000      0.00000      0.00000      0.00000      0.00000
     -3.25000      0.00000      0.00000      0.00000      0.00000      0.00000      0.00000
     -3.24000      0.00000      0.00000      0.00000      0.00000      0.00000      0.00000
     -3.23000      0.00000      0.00000      0.00000      0.00000      0.00000      0.00000
     -3.22000      0.00000      0.00000      0.00000      0.00000      0.00000      0.00000
     -3.21000      0.00000      0.00000      0.00000      0.00000      0.00000      0.00000
     -3.20000      0.00000      0.00000      0.00000      0.00000      0.00000      0.00000
     -3.19000      0.00000      0.00000      0.00000      0.00000      0.00000      0.00000
     -3.18000      0.00000      0.00000      0.00000      0.00000      0.00000      0.00000
     -3.17000      0.00000      0.00000      0.00000      0.00000      0.00000      0.00000
     -3.16000      0.00000      0.00000      0.00000      0.00000      0.00000      0.00000
     -3.15000      0.00000      0.00000      0.00000      0.00000      0.00000      0.00000
     -3.14000      0.00000      0.00000      0.00000      0.00000      0.00000      0.00000
     -3.13000      0.00000      0.00000      0.00000      0.00000      0.00000      0.00000
     -3.12000      0.00000      0.00000      0.00000      0.00000      0.00000      0.00000
     -3.11000      0.00000      0.00000      0.00000      0.00000      0.00000      0.00000
     -3.10000      0.00000      0.00000      0.00000      0.00000      0.00000      0.00000
     -3.09000      0.00000      0.00000      0.00000      0.00000      0.00000      0.00000
     -3.08000      0.00000      0.00000      0.00000      0.00000      0.00000      0.00000
     -3.07000      0.00000      0.00000      0.00000      0.00000      0.00000      0.00000
     -3.06000      0.00000      0.00000      0.00000      0.00000      0.00000      0.00000
     -3.05000      0.00000      0.00000      0.00000      0.00000      0.00000      0.00000
     -3.04000      0.00000      0.00000      0.00000      0.00000      0.00000      0.00000
     -3.03000      0.00000      0.00000      0.00000      0.00000      0.00000      0.00000
     -3.02000      0.00000      0.00000      0.00000      0.00000      0.00000      0.00000
     -3.01000      0.00000      0.00000      0.00000      0.00000      0.00000      0.00000
     -3.00000      0.00000      0.00000      0.00000      0.00000      0.00000      0.00000
     -2.99000      0.00000      0.00000      0.00000      0.00000      0.00000      0.00000
     -2.98000      0.00000      0.00000      0.00000      0.00000      0.00000      0.00000
     -2.97000      0.00397      0.00004      0.00045      0.00167      0.00032      0.00149
     -2.96000      0.20656      0.00212      0.02344      0.08669      0.01655      0.07776
     -2.95000      3.95258      0.04059      0.44854      1.65875      0.31673      1.48797
     -2.94000     27.82412      0.28572      3.15748     11.67674      2.22963     10.47456
     -2.93000     72.05555      0.73993      8.17685     30.23901      5.77402     27.12574
     -2.92000     68.64659      0.70492      7.79000     28.80839      5.50085     25.84242
     -2.91000     24.05891      0.24706      2.73020     10.09662      1.92791      9.05712
     -2.90000      3.10198      0.03185      0.35201      1.30178      0.24857      1.16776
     -2.89000      0.14713      0.00151      0.01670      0.06175      0.01179      0.05539
     -2.88000      0.00257      0.00003      0.00029      0.00108      0.00021      0.00097
     -2.87000      0.00000      0.00000      0.00000      0.00000      0.00000      0.00000
     -2.86000      0.00000      0.00000      0.00000      0.00000      0.00000      0.00000
     -2.85000      0.00000      0.00000      0.00000      0.00000      0.00000      0.00000
     -2.84000      0.00000      0.00000      0.00000      0.00000      0.00000      0.00000
     -2.83000      0.00000      0.00000      0.00000      0.00000      0.00000      0.00000
     -2.82000      0.00000      0.00000      0.00000      0.00000      0.00000      0.00000
     -2.81000      0.00000      0.00000      0.00000      0.00000      0.00000      0.00000
     -2.80000      0.00000      0.00000      0.00000      0.00000      0.00000      0.00000
     -2.79000      0.00000      0.00000      0.00000      0.00000      0.00000      0.00000
     -2.78000      0.00000      0.00000      0.00000      0.00000      0.00000      0.00000
     -2.77000      0.00000      0.00000      0.00000      0.00000      0.00000      0.00000
     -2.76000      0.00000      0.00000      0.00000      0.00000      0.00000      0.00000
     -2.75000      0.00000      0.00000      0.00000      0.00000      0.00000      0.00000
     -2.74000      0.00000      0.00000      0.00000      0.00000      0.00000      0.00000
     -2.73000      0.00000      0.00000      0.00000      0.00000      0.00000      0.00000
     -2.72000      0.00000      0.00000      0.00000      0.00000      0.00000      0.00000
     -2.71000      0.00000      0.00000      0.00000      0.00000      0.00000      0.00000
     -2.70000      0.00000      0.00000      0.00000      0.00000      0.00000      0.00000
     -2.69000      0.00000      0.00000      0.00000      0.00000      0.00000      0.00000
     -2.68000      0.00000      0.00000      0.00000      0.00000      0.00000      0.00000
     -2.67000      0.00000      0.00000      0.00000      0.00000      0.00000      0.00000
     -2.66000      0.00000      0.00000      0.00000      0.00000      0.00000      0.00000
     -2.65000      0.02250      0.00025      0.00273      0.01380      0.00139      0.00433
     -2.64000      0.77789      0.00852      0.09456      0.47702      0.04805      0.14974
     -2.63000      9.89505      0.10835      1.20281      6.06793      0.61125      1.90470
     -2.62000     46.30453      0.50703      5.62864     28.39531      2.86039      8.91317
     -2.61000     79.71402      0.87286      9.68979     48.88299      4.92420     15.34418
     -2.60000     50.48373      0.55279      6.13665     30.95811      3.11855      9.71763
     -2.59000     11.76180      0.12879      1.42973      7.21268      0.72657      2.26403
     -2.58000      1.00809      0.01104      0.12254      0.61819      0.06227      0.19405
     -2.57000      0.03179      0.00035      0.00386      0.01949      0.00196      0.00612
     -2.56000      0.00037      0.00000      0.00004      0.00023      0.00002      0.00007
     -2.55000      0.00000      0.00000      0.00000      0.00000      0.00000      0.00000
     -2.54000      0.00000      0.00000      0.00000      0.00000      0.00000      0.00000
     -2.53000      0.00000      0.00000      0.00000      0.00000      0.00000      0.00000
     -2.52000      0.00000      0.00000      0.00000      0.00000      0.00000      0.00000
     -2.51000      0.00000      0.00000      0.00000      0.00000      0.00000      0.00000
     -2.50000      0.00000      0.00000      0.00000      0.00000      0.00000      0.00000
     -2.49000      0.00000      0.00000      0.00000      0.00000      0.00000      0.00000
     -2.48000      0.00000      0.00000      0.00000      0.00000      0.00000      0.00000
     -2.47000      0.00000      0.00000      0.00000      0.00000      0.00000      0.00000
     -2.46000      0.00000      0.00000      0.00000      0.00000      0.00000      0.00000
     -2.45000      0.00000      0.00000      0.00000      0.00000      0.00000      0.00000
     -2.44000      0.00000      0.00000      0.00000      0.00000      0.00000      0.00000
     -2.43000      0.00000      0.00000      0.00000      0.00000      0.00000      0.00000
     -2.42000      0.00000      0.00000      0.00000      0.00000      0.00000      0.00000
     -2.41000      0.00000      0.00000      0.00000      0.00000      0.00000      0.00000
     -2.40000      0.00000      0.00000      0.00000      0.00000      0.00000      0.00000
     -2.39000      0.00000      0.00000      0.00000      0.00000      0.00000      0.00000
     -2.38000      0.00000      0.00000      0.00000      0.00000      0.00000      0.00000
     -2.37000      0.00000      0.00000      0.00000      0.00000      0.00000      0.00000
     -2.36000      0.00000      0.00000      0.00000      0.00000      0.00000      0.00000
     -2.35000      0.00000      0.00000      0.00000      0.00000      0.00000      0.00000
     -2.34000      0.00000      0.00000      0.00000      0.00000      0.00000      0.00000
     -2.33000      0.00000      0.00000      0.00000      0.00000      0.00000      0.00000
     -2.32000      0.00000      0.00000      0.00000      0.00000      0.00000      0.00000
     -2.31000      0.00000      0.00000      0.00000      0.00000      0.00000      0.00000
     -2.30000      0.00000      0.00000      0.00000      0.00000      0.00000      0.00000
     -2.29000      0.00000      0.00000      0.00000      0.00000      0.00000      0.00000
     -2.28000      0.00000      0.00000      0.00000      0.00000      0.00000      0.00000
     -2.27000      0.00000      0.00000      0.00000      0.00000      0.00000      0.00000
     -2.26000      0.00000      0.00000      0.00000      0.00000      0.00000      0.00000
     -2.25000      0.00000      0.00000      0.00000      0.00000      0.00000      0.00000
     -2.24000      0.00000      0.00000      0.00000      0.00000      0.00000      0.00000
     -2.23000      0.00000      0.00000      0.00000      0.00000      0.00000      0.00000
     -2.22000      0.00000      0.00000      0.00000      0.00000      0.00000      0.00000
     -2.21000      0.00000      0.00000      0.00000      0.00000      0.00000      0.00000
     -2.20000      0.00000      0.00000      0.00000      0.00000      0.00000      0.00000
     -2.19000      0.00000      0.00000      0.00000      0.00000      0.00000      0.00000
     -2.18000      0.00000      0.00000      0.00000      0.00000      0.00000      0.00000
     -2.17000      0.00000      0.00000      0.00000      0.00000      0.00000      0.00000
     -2.16000      0.00000      0.00000      0.00000      0.00000      0.00000      0.00000
     -2.15000      0.00000      0.00000      0.00000      0.00000      0.00000      0.00000
     -2.14000      0.00000      0.00000      0.00000      0.00000      0.00000      0.00000
     -2.13000      0.00000      0.00000      0.00000      0.00000      0.00000      0.00000
     -2.12000      0.00000      0.00000      0.00000      0.00000      0.00000      0.00000
     -2.11000      0.00000      0.00000      0.00000      0.00000      0.00000      0.00000
     -2.10000      0.00000      0.00000      0.00000      0.00000      0.00000      0.00000
     -2.09000      0.00000      0.00000      0.00000      0.00000      0.00000      0.00000
     -2.08000      0.00000      0.00000      0.00000      0.00000      0.00000      0.00000
     -2.07000      0.00000      0.00000      0.00000      0.00000      0.00000      0.00000
     -2.06000      0.00000      0.00000      0.00000      0.00000      0.00000      0.00000
     -2.05000      0.00000      0.00000      0.00000      0.00000      0.00000      0.00000
     -2.04000      0.00000      0.00000      0.00000      0.00000      0.00000      0.00000
     -2.03000      0.00000      0.00000      0.00000      0.00000      0.00000      0.00000
     -2.02000      0.00000      0.00000      0.00000      0.00000      0.00000      0.00000
     -2.01000      0.00000      0.00000      0.00000      0.00000      0.00000      0.00000
     -2.00000      0.00000      0.00000      0.00000      0.00000      0.00000      0.00000
     -1.99000      0.00000      0.00000      0.00000      0.00000      0.00000      0.00000
     -1.98000      0.00000      0.00000      0.00000      0.00000      0.00000      0.00000
     -1.97000      0.00000      0.00000      0.00000      0.00000      0.00000      0.00000
     -1.96000      0.00000      0.00000      0.00000      0.00000      0.00000      0.00000
     -1.95000      0.00000      0.00000      0.00000      0.00000      0.00000      0.00000
     -1.94000      0.00000      0.00000      0.00000      0.00000      0.00000      0.00000
     -1.93000      0.00000      0.00000      0.00000      0.00000      0.00000      0.00000
     -1.92000      0.00000      0.00000      0.00000      0.00000      0.00000      0.00000
     -1.91000      0.00000      0.00000      0.00000      0.00000      0.00000      0.00000
     -1.90000      0.00000      0.00000      0.00000      0.00000      0.00000      0.00000
     -1.89000      0.00000      0.00000      0.00000      0.00000      0.00000      0.00000
     -1.88000      0.00000      0.00000      0.00000      0.00000      0.00000      0.00000
     -1.87000      0.00000      0.00000      0.00000      0.00000      0.00000      0.00000
     -1.86000      0.00000      0.00000      0.00000      0.00000      0.00000      0.00000
     -1.85000      0.00000      0.00000      0.00000      0.00000      0.00000      0.00000
     -1.84000      0.00000      0.00000      0.00000      0.00000      0.00000      0.00000
     -1.83000      0.00000      0.00000      0.00000      0.00000      0.00000      0.00000
     -1.82000      0.00000      0.00000      0.00000      0.00000      0.00000      0.00000
     -1.81000      0.00000      0.00000      0.00000      0.00000      0.00000      0.00000
     -1.80000      0.00000      0.00000      0.00000      0.00000      0.00000      0.00000
     -1.79000      0.00000      0.00000      0.00000      0.00000      0.00000      0.00000
     -1.78000      0.00000      0.00000      0.00000      0.00000      0.00000      0.00000
     -1.77000      0.00000      0.00000      0.00000      0.00000      0.00000      0.00000
     -1.76000      0.00000      0.00000      0.00000      0.00000      0.00000      0.00000
     -1.75000      0.00000      0.00000      0.00000      0.00000      0.00000      0.00000
     -1.74000      0.00000      0.00000      0.00000      0.00000      0.00000      0.00000
     -1.73000      0.00000      0.00000      0.00000      0.00000      0.00000      0.00000
     -1.72000      0.00000      0.00000      0.00000      0.00000      0.00000      0.00000
     -1.71000      0.00000      0.00000      0.00000      0.00000      0.00000      0.00000
     -1.70000      0.00000      0.00000      0.00000      0.00000      0.00000      0.00000
     -1.69000      0.00000      0.00000      0.00000      0.00000      0.00000      0.00000
     -1.68000      0.00000      0.00000      0.00000      0.00000      0.00000      0.00000
     -1.67000      0.00000      0.00000      0.00000      0.00000      0.00000      0.00000
     -1.66000      0.00000      0.00000      0.00000      0.00000      0.00000      0.00000
     -1.65000      0.00000      0.00000      0.00000      0.00000      0.00000      0.00000
     -1.64000      0.00000      0.00000      0.00000      0.00000      0.00000      0.00000
     -1.63000      0.00000      0.00000      0.00000      0.00000      0.00000      0.00000
     -1.62000      0.00000      0.00000      0.00000      0.00000      0.00000      0.00000
     -1.61000      0.00000      0.00000      0.00000      0.00000      0.00000      0.00000
     -1.60000      0.00000      0.00000      0.00000      0.00000      0.00000      0.00000
     -1.59000      0.00000      0.00000      0.00000      0.00000      0.00000      0.00000
     -1.58000      0.00000      0.00000      0.00000      0.00000      0.00000      0.00000
     -1.57000      0.00000      0.00000      0.00000      0.00000      0.00000      0.00000
     -1.56000      0.00125      0.00018      0.00014      0.00077      0.00006      0.00010
     -1.55000      0.08392      0.01172      0.00927      0.05182      0.00412      0.00699
     -1.54000      2.06559      0.28857      0.22815      1.27539      0.10131      0.17217
     -1.53000     18.70391      2.61298      2.06593     11.54866      0.91736      1.55897
     -1.52000     62.30556      8.70425      6.88193     38.47034      3.05586      5.19317
     -1.51000     76.35311     10.66673      8.43355     47.14396      3.74484      6.36404
     -1.50000     34.42169      4.80880      3.80203     21.25355      1.68826      2.86905
     -1.49000      5.70878      0.79753      0.63056      3.52486      0.27999      0.47583
     -1.48000      0.34830      0.04866      0.03847      0.21506      0.01708      0.02903
     -1.47000      0.00782      0.00109      0.00086      0.00483      0.00038      0.00065
     -1.46000      0.00000      0.00000      0.00000      0.00000      0.00000      0.00000
     -1.45000      0.00000      0.00000      0.00000      0.00000      0.00000      0.00000
     -1.44000      0.00000      0.00000      0.00000      0.00000      0.00000      0.00000
     -1.43000      0.00000      0.00000      0.00000      0.00000      0.00000      0.00000
     -1.42000      0.00000      0.00000      0.00000      0.00000      0.00000      0.00000
     -1.41000      0.00000      0.00000      0.00000      0.00000      0.00000      0.00000
     -1.40000      0.00000      0.00000      0.00000      0.00000      0.00000      0.00000
     -1.39000      0.00000      0.00000      0.00000      0.00000      0.00000      0.00000
     -1.38000      0.00000      0.00000      0.00000      0.00000      0.00000      0.00000
     -1.37000      0.00000      0.00000      0.00000      0.00000      0.00000      0.00000
     -1.36000      0.00000      0.00000      0.00000      0.00000      0.00000      0.00000
     -1.35000      0.00000      0.00000      0.00000      0.00000      0.00000      0.00000
     -1.34000      0.00000      0.00000      0.00000      0.00000      0.00000      0.00000
     -1.33000      0.00000      0.00000      0.00000      0.00000      0.00000      0.00000
     -1.32000      0.00000      0.00000      0.00000      0.00000      0.00000      0.00000
     -1.31000      0.00000      0.00000      0.00000      0.00000      0.00000      0.00000
     -1.30000      0.00000      0.00000      0.00000      0.00000      0.00000      0.00000
     -1.29000      0.00000      0.00000      0.00000      0.00000      0.00000      0.00000
     -1.28000      0.00000      0.00000      0.00000      0.00000      0.00000      0.00000
     -1.27000      0.00000      0.00000      0.00000      0.00000      0.00000      0.00000
     -1.26000      0.00000      0.00000      0.00000      0.00000      0.00000      0.00000
     -1.25000      0.00000      0.00000      0.00000      0.00000      0.00000      0.00000
     -1.24000      0.00000      0.00000      0.00000      0.00000      0.00000      0.00000
     -1.23000      0.00000      0.00000      0.00000      0.00000      0.00000      0.00000
     -1.22000      0.00000      0.00000      0.00000      0.00000      0.00000      0.00000
     -1.21000      0.00000      0.00000      0.00000      0.00000      0.00000      0.00000
     -1.20000      0.00000      0.00000      0.00000      0.00000      0.00000      0.00000
     -1.19000      0.00000      0.00000      0.00000      0.00000      0.00000      0.00000
     -1.18000      0.00000      0.00000      0.00000      0.00000      0.00000      0.00000
     -1.17000      0.00000      0.00000      0.00000      0.00000      0.00000      0.00000
     -1.16000      0.00000      0.00000      0.00000      0.00000      0.00000      0.00000
     -1.15000      0.00000      0.00000      0.00000      0.00000      0.00000      0.00000
     -1.14000      0.00000      0.00000      0.00000      0.00000      0.00000      0.00000
     -1.13000      0.00000      0.00000      0.00000      0.00000      0.00000      0.00000
     -1.12000      0.00000      0.00000      0.00000      0.00000      0.00000      0.00000
     -1.11000      0.00000      0.00000      0.00000      0.00000      0.00000      0.00000
     -1.10000      0.00000      0.00000      0.00000      0.00000      0.00000      0.00000
     -1.09000      0.00000      0.00000      0.00000      0.00000      0.00000      0.00000
     -1.08000      0.00000      0.00000      0.00000      0.00000      0.00000      0.00000
     -1.07000      0.00000      0.00000      0.00000      0.00000      0.00000      0.00000
     -1.06000      0.00000      0.00000      0.00000      0.00000      0.00000      0.00000
     -1.05000      0.00000      0.00000      0.00000      0.00000      0.00000      0.00000
     -1.04000      0.00000      0.00000      0.00000      0.00000      0.00000      0.00000
     -1.03000      0.00000      0.00000      0.00000      0.00000      0.00000      0.00000
     -1.02000      0.00000      0.00000      0.00000      0.00000      0.00000      0.00000
     -1.01000      0.00000      0.00000      0.00000      0.00000      0.00000      0.00000
     -1.00000      0.00000      0.00000      0.00000      0.00000      0.00000      0.00000
     -0.99000      0.00000      0.00000      0.00000      0.00000      0.00000      0.00000
     -0.98000      0.00000      0.00000      0.00000      0.00000      0.00000      0.00000
     -0.97000      0.00000      0.00000      0.00000      0.00000      0.00000      0.00000
     -0.96000      0.00000      0.00000      0.00000      0.00000      0.00000      0.00000
     -0.95000      0.00000      0.00000      0.00000      0.00000      0.00000      0.00000
     -0.94000      0.00000      0.00000      0.00000      0.00000      0.00000      0.00000
     -0.93000      0.00000      0.00000      0.00000      0.00000      0.00000      0.00000
     -0.92000      0.00080      0.00051      0.00011      0.00009      0.00005      0.00005
     -0.91000      0.05901      0.03715      0.00774      0.00682      0.00333      0.00396
     -0.90000      1.59545      1.00448      0.20940      0.18441      0.09010      0.10707
     -0.89000     15.86917      9.99105      2.08276      1.83420      0.89620      1.06495
     -0.88000     58.06706     36.55839      7.62105      6.71155      3.27930      3.89677
     -0.87000     78.16477     49.21169     10.25878      9.03450      4.41430      5.24549
     -0.86000     38.70774     24.36997      5.08022      4.47395      2.18599      2.59761
     -0.85000      7.05164      4.43964      0.92550      0.81505      0.39824      0.47322
     -0.84000      0.47259      0.29754      0.06203      0.05462      0.02669      0.03171
     -0.83000      0.01165      0.00734      0.00153      0.00135      0.00066      0.00078
     -0.82000      0.00000      0.00000      0.00000      0.00000      0.00000      0.00000
     -0.81000      0.00000      0.00000      0.00000      0.00000      0.00000      0.00000
     -0.80000      0.00000      0.00000      0.00000      0.00000      0.00000      0.00000
     -0.79000      0.00000      0.00000      0.00000      0.00000      0.00000      0.00000
     -0.78000      0.00000      0.00000      0.00000      0.00000      0.00000      0.00000
     -0.77000      0.00000      0.00000      0.00000      0.00000      0.00000      0.00000
     -0.76000      0.00000      0.00000      0.00000      0.00000      0.00000      0.00000
     -0.75000      0.00000      0.00000      0.00000      0.00000      0.00000      0.00000
     -0.74000      0.00000      0.00000      0.00000      0.00000      0.00000      0.00000
     -0.73000      0.00000      0.00000      0.00000      0.00000      0.00000      0.00000
     -0.72000      0.00000      0.00000      0.00000      0.00000      0.00000      0.00000
     -0.71000      0.00000      0.00000      0.00000      0.00000      0.00000      0.00000
     -0.70000      0.00000      0.00000      0.00000      0.00000      0.00000      0.00000
     -0.69000      0.00000      0.00000      0.00000      0.00000      0.00000      0.00000
     -0.68000      0.00000      0.00000      0.00000      0.00000      0.00000      0.00000
     -0.67000      0.00000      0.00000      0.00000      0.00000      0.00000      0.00000
     -0.66000      0.00000      0.00000      0.00000      0.00000      0.00000      0.00000
     -0.65000      0.00000      0.00000      0.00000      0.00000      0.00000      0.00000
     -0.64000      0.00000      0.00000      0.00000      0.00000      0.00000      0.00000
     -0.63000      0.00000      0.00000      0.00000      0.00000      0.00000      0.00000
     -0.62000      0.00000      0.00000      0.00000      0.00000      0.00000      0.00000
     -0.61000      0.00000      0.00000      0.00000      0.00000      0.00000      0.00000
     -0.60000      0.00000      0.00000      0.00000      0.00000      0.00000      0.00000
     -0.59000      0.00000      0.00000      0.00000      0.00000      0.00000      0.00000
     -0.58000      0.00000      0.00000      0.00000      0.00000      0.00000      0.00000
     -0.57000      0.00000      0.00000      0.00000      0.00000      0.00000      0.00000
     -0.56000      0.00000      0.00000      0.00000      0.00000      0.00000      0.00000
     -0.55000      0.00000      0.00000      0.00000      0.00000      0.00000      0.00000
     -0.54000      0.00000      0.00000      0.00000      0.00000      0.00000      0.00000
     -0.53000      0.00000      0.00000      0.00000      0.00000      0.00000      0.00000
     -0.52000      0.00000      0.00000      0.00000      0.00000      0.00000      0.00000
     -0.51000      0.00000      0.00000      0.00000      0.00000      0.00000      0.00000
     -0.50000      0.00000      0.00000      0.00000      0.00000      0.00000      0.00000
     -0.49000      0.00000      0.00000      0.00000      0.00000      0.00000      0.00000
     -0.48000      0.00000      0.00000      0.00000      0.00000      0.00000      0.00000
     -0.47000      0.00000      0.00000      0.00000      0.00000      0.00000      0.00000
     -0.46000      0.00000      0.00000      0.00000      0.00000      0.00000      0.00000
     -0.45000      0.00000      0.00000      0.00000      0.00000      0.00000      0.00000
     -0.44000      0.00000      0.00000      0.00000      0.00000      0.00000      0.00000
     -0.43000      0.00000      0.00000      0.00000      0.00000      0.00000      0.00000
     -0.42000      0.00000      0.00000      0.00000      0.00000      0.00000      0.00000
     -0.41000      0.00000      0.00000      0.00000      0.00000      0.00000      0.00000
     -0.40000      0.00000      0.00000      0.00000      0.00000      0.00000      0.00000
     -0.39000      0.00000      0.00000      0.00000      0.00000      0.00000      0.00000
     -0.38000      0.00000      0.00000      0.00000      0.00000      0.00000      0.00000
     -0.37000      0.00000      0.00000      0.00000      0.00000      0.00000      0.00000
     -0.36000      0.00000      0.00000      0.00000      0.00000      0.00000      0.00000
     -0.35000      0.00000      0.00000      0.00000      0.00000      0.00000      0.00000
     -0.34000      0.00000      0.00000      0.00000      0.00000      0.00000      0.00000
     -0.33000      0.00000      0.00000      0.00000      0.00000      0.00000      0.00000
     -0.32000      0.00000      0.00000      0.00000      0.00000      0.00000      0.00000
     -0.31000      0.00000      0.00000      0.00000      0.00000      0.00000      0.00000
     -0.30000      0.00000      0.00000      0.00000      0.00000      0.00000      0.00000
     -0.29000      0.00000      0.00000      0.00000      0.00000      0.00000      0.00000
     -0.28000      0.00000      0.00000      0.00000      0.00000      0.00000      0.00000
     -0.27000      0.00000      0.00000      0.00000      0.00000      0.00000      0.00000
     -0.26000      0.00000      0.00000      0.00000      0.00000      0.00000      0.00000
     -0.25000      0.00000      0.00000      0.00000      0.00000      0.00000      0.00000
     -0.24000      0.00000      0.00000      0.00000      0.00000      0.00000      0.00000
     -0.23000      0.00000      0.00000      0.00000      0.00000      0.00000      0.00000
     -0.22000      0.00000      0.00000      0.00000      0.00000      0.00000      0.00000
     -0.21000      0.00000      0.00000      0.00000      0.00000      0.00000      0.00000
     -0.20000      0.00000      0.00000      0.00000      0.00000      0.00000      0.00000
     -0.19000      0.00000      0.00000      0.00000      0.00000      0.00000      0.00000
     -0.18000      0.00000      0.00000      0.00000      0.00000      0.00000      0.00000
     -0.17000      0.00000      0.00000      0.00000      0.00000      0.00000      0.00000
     -0.16000      0.00000      0.00000      0.00000      0.00000      0.00000      0.00000
     -0.15000      0.00000      0.00000      0.00000      0.00000      0.00000      0.00000
     -0.14000      0.00000      0.00000      0.00000      0.00000      0.00000      0.00000
     -0.13000      0.00000      0.00000      0.00000      0.00000      0.00000      0.00000
     -0.12000      0.00000      0.00000      0.00000      0.00000      0.00000      0.00000
     -0.11000      0.00000      0.00000      0.00000      0.00000      0.00000      0.00000
     -0.10000      0.00000      0.00000      0.00000      0.00000      0.00000      0.00000
     -0.09000      0.00000      0.00000      0.00000      0.00000      0.00000      0.00000
     -0.08000      0.00000      0.00000      0.00000      0.00000      0.00000      0.00000
     -0.07000      0.00000      0.00000      0.00000      0.00000      0.00000      0.00000
     -0.06000      0.00000      0.00000      0.00000      0.00000      0.00000      0.00000
     -0.05000      0.00030      0.00000      0.00002      0.00001      0.00001      0.00025
     -0.04000      0.02677      0.00042      0.00180      0.00067      0.00125      0.02262
     -0.03000      0.88637      0.01379      0.05971      0.02216      0.04150      0.74920
     -0.02000     10.79819      0.16797      0.72743      0.27001      0.50560      9.12717
     -0.01000     48.39414      0.75281      3.26012      1.21012      2.26595     40.90515
      0.00000     79.78846      1.24117      5.37503      1.99514      3.73592     67.44119
      0.01000     48.39414      0.75281      3.26012      1.21012      2.26595     40.90515
      0.02000     10.79819      0.16797      0.72743      0.27001      0.50560      9.12717
      0.03000      0.88637      0.01379      0.05971      0.02216      0.04150      0.74920
      0.04000      0.02677      0.00042      0.00180      0.00067      0.00125      0.02262
      0.05000      0.00000      0.00000      0.00000      0.00000      0.00000      0.00000
      0.06000      0.00000      0.00000      0.00000      0.00000      0.00000      0.00000
      0.07000      0.00000      0.00000      0.00000      0.00000      0.00000      0.00000
      0.08000      0.00000      0.00000      0.00000      0.00000      0.00000      0.00000
      0.09000      0.00000      0.00000      0.00000      0.00000      0.00000      0.00000
      0.10000      0.00000      0.00000      0.00000      0.00000      0.00000      0.00000
      0.11000      0.00000      0.00000      0.00000      0.00000      0.00000      0.00000
      0.12000      0.00000      0.00000      0.00000      0.00000      0.00000      0.00000
      0.13000      0.00000      0.00000      0.00000      0.00000      0.00000      0.00000
      0.14000      0.00000      0.00000      0.00000      0.00000      0.00000      0.00000
      0.15000      0.00000      0.00000      0.00000      0.00000      0.00000      0.00000
      0.16000      0.00000      0.00000      0.00000      0.00000      0.00000      0.00000
      0.17000      0.00000      0.00000      0.00000      0.00000      0.00000      0.00000
      0.18000      0.00000      0.00000      0.00000      0.00000      0.00000      0.00000
      0.19000      0.00000      0.00000      0.00000      0.00000      0.00000      0.00000
      0.20000      0.00000      0.00000      0.00000      0.00000      0.00000      0.00000
      0.21000      0.00000      0.00000      0.00000      0.00000      0.00000      0.00000
      0.22000      0.00000      0.00000      0.00000      0.00000      0.00000      0.00000
      0.23000      0.00000      0.00000      0.00000      0.00000      0.00000      0.00000
      0.24000      0.00000      0.00000      0.00000      0.00000      0.00000      0.00000
      0.25000      0.00000      0.00000      0.00000      0.00000      0.00000      0.00000
      0.26000      0.00000      0.00000      0.00000      0.00000      0.00000      0.00000
      0.27000      0.00000      0.00000      0.00000      0.00000      0.00000      0.00000
      0.28000      0.00000      0.00000      0.00000      0.00000      0.00000      0.00000
      0.29000      0.00000      0.00000      0.00000      0.00000      0.00000      0.00000
      0.30000      0.00000      0.00000      0.00000      0.00000      0.00000      0.00000
      0.31000      0.00000      0.00000      0.00000      0.00000      0.00000      0.00000
      0.32000      0.00000      0.00000      0.00000      0.00000      0.00000      0.00000
      0.33000      0.00000      0.00000      0.00000      0.00000      0.00000      0.00000
      0.34000      0.00000      0.00000      0.00000      0.00000      0.00000      0.00000
      0.35000      0.00000      0.00000      0.00000      0.00000      0.00000      0.00000
      0.36000      0.00000      0.00000      0.00000      0.00000      0.00000      0.00000
      0.37000      0.00000      0.00000      0.00000      0.00000      0.00000      0.00000
      0.38000      0.00000      0.00000      0.00000      0.00000      0.00000      0.00000
      0.39000      0.00000      0.00000      0.00000      0.00000      0.00000      0.00000
      0.40000      0.00000      0.00000      0.00000      0.00000      0.00000      0.00000
      0.41000      0.00000      0.00000      0.00000      0.00000      0.00000      0.00000
      0.42000      0.00000      0.00000      0.00000      0.00000      0.00000      0.00000
      0.43000      0.00000      0.00000      0.00000      0.00000      0.00000      0.00000
      0.44000      0.00000      0.00000      0.00000      0.00000      0.00000      0.00000
      0.45000      0.00000      0.00000      0.00000      0.00000      0.00000      0.00000
      0.46000      0.00000      0.00000      0.00000      0.00000      0.00000      0.00000
      0.47000      0.00000      0.00000      0.00000      0.00000      0.00000      0.00000
      0.48000      0.00000      0.00000      0.00000      0.00000      0.00000      0.00000
      0.49000      0.00000      0.00000      0.00000      0.00000      0.00000      0.00000
      0.50000      0.00000      0.00000      0.00000      0.00000      0.00000      0.00000
      0.51000      0.00000      0.00000      0.00000      0.00000      0.00000      0.00000
      0.52000      0.00000      0.00000      0.00000      0.00000      0.00000      0.00000
      0.53000      0.00000      0.00000      0.00000      0.00000      0.00000      0.00000
      0.54000      0.00000      0.00000      0.00000      0.00000      0.00000      0.00000
      0.55000      0.00000      0.00000      0.00000      0.00000      0.00000      0.00000
      0.56000      0.00000      0.00000      0.00000      0.00000      0.00000      0.00000
      0.57000      0.00000      0.00000      0.00000      0.00000      0.00000      0.00000
      0.58000      0.00000      0.00000      0.00000      0.00000      0.00000      0.00000
      0.59000      0.00000      0.00000      0.00000      0.00000      0.00000      0.00000
      0.60000      0.00000      0.00000      0.00000      0.00000      0.00000      0.00000
      0.61000      0.00000      0.00000      0.00000      0.00000      0.00000      0.00000
      0.62000      0.00000      0.00000      0.00000      0.00000      0.00000      0.00000
      0.63000      0.00000      0.00000      0.00000      0.00000      0.00000      0.00000
      0.64000      0.00000      0.00000      0.00000      0.00000      0.00000      0.00000
      0.65000      0.00000      0.00000      0.00000      0.00000      0.00000      0.00000
      0.66000      0.00000      0.00000      0.00000      0.00000      0.00000      0.00000
      0.67000      0.00000      0.00000      0.00000      0.00000      0.00000      0.00000
      0.68000      0.00000      0.00000      0.00000      0.00000      0.00000      0.00000
      0.69000      0.00000      0.00000      0.00000      0.00000      0.00000      0.00000
      0.70000      0.00000      0.00000      0.00000      0.00000      0.00000      0.00000
      0.71000      0.00000      0.00000      0.00000      0.00000      0.00000      0.00000
      0.72000      0.00000      0.00000      0.00000      0.00000      0.00000      0.00000
      0.73000      0.00000      0.00000      0.00000      0.00000      0.00000      0.00000
      0.74000      0.00000      0.00000      0.00000      0.00000      0.00000      0.00000
      0.75000      0.00000      0.00000      0.00000      0.00000      0.00000      0.00000
      0.76000      0.00000      0.00000      0.00000      0.00000      0.00000      0.00000
      0.77000      0.00000      0.00000      0.00000      0.00000      0.00000      0.00000
      0.78000      0.00000      0.00000      0.00000      0.00000      0.00000      0.00000
      0.79000      0.00000      0.00000      0.00000      0.00000      0.00000      0.00000
      0.80000      0.00000      0.00000      0.00000      0.00000      0.00000      0.00000
      0.81000      0.00000      0.00000      0.00000      0.00000      0.00000      0.00000
      0.82000      0.00000      0.00000      0.00000      0.00000      0.00000      0.00000
      0.83000      0.00000      0.00000      0.00000      0.00000      0.00000      0.00000
      0.84000      0.00000      0.00000      0.00000      0.00000      0.00000      0.00000
      0.85000      0.00000      0.00000      0.00000      0.00000      0.00000      0.00000
      0.86000      0.00000      0.00000      0.00000      0.00000      0.00000      0.00000
      0.87000      0.00000      0.00000      0.00000      0.00000      0.00000      0.00000
      0.88000      0.00000      0.00000      0.00000      0.00000      0.00000      0.00000
      0.89000      0.00000      0.00000      0.00000      0.00000      0.00000      0.00000
      0.90000      0.00000      0.00000      0.00000      0.00000      0.00000      0.00000
      0.91000      0.00000      0.00000      0.00000      0.00000      0.00000      0.00000
      0.92000      0.00000      0.00000      0.00000      0.00000      0.00000      0.00000
      0.93000      0.00000      0.00000      0.00000      0.00000      0.00000      0.00000
      0.94000      0.00000      0.00000      0.00000      0.00000      0.00000      0.00000
      0.95000      0.00000      0.00000      0.00000      0.00000      0.00000      0.00000
      0.96000      0.00000      0.00000      0.00000      0.00000      0.00000      0.00000
      0.97000      0.00000      0.00000      0.00000      0.00000      0.00000      0.00000
      0.98000      0.00000      0.00000      0.00000      0.00000      0.00000      0.00000
      0.99000      0.00000      0.00000      0.00000      0.00000      0.00000      0.00000
      1.00000      0.00000      0.00000      0.00000      0.00000      0.00000      0.00000
      1.01000      0.00000      0.00000      0.00000      0.00000      0.00000      0.00000
      1.02000      0.00000      0.00000      0.00000      0.00000      0.00000      0.00000
      1.03000      0.00000      0.00000      0.00000      0.00000      0.00000      0.00000
      1.04000      0.00000      0.00000      0.00000      0.00000      0.00000      0.00000
      1.05000      0.00000      0.00000      0.00000      0.00000      0.00000      0.00000
      1.06000      0.00000      0.00000      0.00000      0.00000      0.00000      0.00000
      1.07000      0.00000      0.00000      0.00000      0.00000      0.00000      0.00000
      1.08000      0.00000      0.00000      0.00000      0.00000      0.00000      0.00000
      1.09000      0.00000      0.00000      0.00000      0.00000      0.00000      0.00000
      1.10000      0.00000      0.00000      0.00000      0.00000      0.00000      0.00000
      1.11000      0.00000      0.00000      0.00000      0.00000      0.00000      0.00000
      1.12000      0.00000      0.00000      0.00000      0.00000      0.00000      0.00000
      1.13000      0.00000      0.00000      0.00000      0.00000      0.00000      0.00000
      1.14000      0.00000      0.00000      0.00000      0.00000      0.00000      0.00000
      1.15000      0.00000      0.00000      0.00000      0.00000      0.00000      0.00000
      1.16000      0.00000      0.00000      0.00000      0.00000      0.00000      0.00000
      1.17000      0.00000      0.00000      0.00000      0.00000      0.00000      0.00000
      1.18000      0.00000      0.00000      0.00000      0.00000      0.00000      0.00000
      1.19000      0.00000      0.00000      0.00000      0.00000      0.00000      0.00000
      1.20000      0.00000      0.00000      0.00000      0.00000      0.00000      0.00000
      1.21000      0.00000      0.00000      0.00000      0.00000      0.00000      0.00000
      1.22000      0.00000      0.00000      0.00000      0.00000      0.00000      0.00000
      1.23000      0.00000      0.00000      0.00000      0.00000      0.00000      0.00000
      1.24000      0.00000      0.00000      0.00000      0.00000      0.00000      0.00000
      1.25000      0.00000      0.00000      0.00000      0.00000      0.00000      0.00000
      1.26000      0.00000      0.00000      0.00000      0.00000      0.00000      0.00000
      1.27000      0.00000      0.00000      0.00000      0.00000      0.00000      0.00000
      1.28000      0.00000      0.00000      0.00000      0.00000      0.00000      0.00000
      1.29000      0.00000      0.00000      0.00000      0.00000      0.00000      0.00000
      1.30000      0.00000      0.00000      0.00000      0.00000      0.00000      0.00000
      1.31000      0.00000      0.00000      0.00000      0.00000      0.00000      0.00000
      1.32000      0.00000      0.00000      0.00000      0.00000      0.00000      0.00000
      1.33000      0.00000      0.00000      0.00000      0.00000      0.00000      0.00000
      1.34000      0.00000      0.00000      0.00000      0.00000      0.00000      0.00000
      1.35000      0.00000      0.00000      0.00000      0.00000      0.00000      0.00000
      1.36000      0.00000      0.00000      0.00000      0.00000      0.00000      0.00000
      1.37000      0.00000      0.00000      0.00000      0.00000      0.00000      0.00000
      1.38000      0.00000      0.00000      0.00000      0.00000      0.00000      0.00000
      1.39000      0.00000      0.00000      0.00000      0.00000      0.00000      0.00000
      1.40000      0.00000      0.00000      0.00000      0.00000      0.00000      0.00000
      1.41000      0.00000      0.00000      0.00000      0.00000      0.00000      0.00000
      1.42000      0.00000      0.00000      0.00000      0.00000      0.00000      0.00000
      1.43000      0.00000      0.00000      0.00000      0.00000      0.00000      0.00000
      1.44000      0.00000      0.00000      0.00000      0.00000      0.00000      0.00000
      1.45000      0.00000      0.00000      0.00000      0.00000      0.00000      0.00000
      1.46000      0.00000      0.00000      0.00000      0.00000      0.00000      0.00000
      1.47000      0.00000      0.00000      0.00000      0.00000      0.00000      0.00000
      1.48000      0.00000      0.00000      0.00000      0.00000      0.00000      0.00000
      1.49000      0.00000      0.00000      0.00000      0.00000      0.00000      0.00000
      1.50000      0.00000      0.00000      0.00000      0.00000      0.00000      0.00000
      1.51000      0.00000      0.00000      0.00000      0.00000      0.00000      0.00000
      1.52000      0.00000      0.00000      0.00000      0.00000      0.00000      0.00000
      1.53000      0.00000      0.00000      0.00000      0.00000      0.00000      0.00000
      1.54000      0.00000      0.00000      0.00000      0.00000      0.00000      0.00000
      1.55000      0.00000      0.00000      0.00000      0.00000      0.00000      0.00000
      1.56000      0.00000      0.00000      0.00000      0.00000      0.00000      0.00000
      1.57000      0.00000      0.00000      0.00000      0.00000      0.00000      0.00000
      1.58000      0.00000      0.00000      0.00000      0.00000      0.00000      0.00000
      1.59000      0.00000      0.00000      0.00000      0.00000      0.00000      0.00000
      1.60000      0.00000      0.00000      0.00000      0.00000      0.00000      0.00000
      1.61000      0.00000      0.00000      0.00000      0.00000      0.00000      0.00000
      1.62000      0.00000      0.00000      0.00000      0.00000      0.00000      0.00000
      1.63000      0.00000      0.00000      0.00000      0.00000      0.00000      0.00000
      1.64000      0.00000      0.00000      0.00000      0.00000      0.00000      0.00000
      1.65000      0.00000      0.00000      0.00000      0.00000      0.00000      0.00000
      1.66000      0.00000      0.00000      0.00000      0.00000      0.00000      0.00000
      1.67000      0.00000      0.00000      0.00000      0.00000      0.00000      0.00000
      1.68000      0.00000      0.00000      0.00000      0.00000      0.00000      0.00000
      1.69000      0.00000      0.00000      0.00000      0.00000      0.00000      0.00000
      1.70000      0.00000      0.00000      0.00000      0.00000      0.00000      0.00000
      1.71000      0.00000      0.00000      0.00000      0.00000      0.00000      0.00000
      1.72000      0.00000      0.00000      0.00000      0.00000      0.00000      0.00000
      1.73000      0.00000      0.00000      0.00000      0.00000      0.00000      0.00000
      1.74000      0.00000      0.00000      0.00000      0.00000      0.00000      0.00000
      1.75000      0.00000      0.00000      0.00000      0.00000      0.00000      0.00000
      1.76000      0.00000      0.00000      0.00000      0.00000      0.00000      0.00000
      1.77000      0.00000      0.00000      0.00000      0.00000      0.00000      0.00000
      1.78000      0.00000      0.00000      0.00000      0.00000      0.00000      0.00000
      1.79000      0.00000      0.00000      0.00000      0.00000      0.00000      0.00000
      1.80000      0.00000      0.00000      0.00000      0.00000      0.00000      0.00000
      1.81000      0.00000      0.00000      0.00000      0.00000      0.00000      0.00000
      1.82000      0.00000      0.00000      0.00000      0.00000      0.00000      0.00000
      1.83000      0.00000      0.00000      0.00000      0.00000      0.00000      0.00000
      1.84000      0.00000      0.00000      0.00000      0.00000      0.00000      0.00000
      1.85000      0.00000      0.00000      0.00000      0.00000      0.00000      0.00000
      1.86000      0.00000      0.00000      0.00000      0.00000      0.00000      0.00000
      1.87000      0.00000      0.00000      0.00000      0.00000      0.00000      0.00000
      1.88000      0.00000      0.00000      0.00000      0.00000      0.00000      0.00000
      1.89000      0.00000      0.00000      0.00000      0.00000      0.00000      0.00000
      1.90000      0.00000      0.00000      0.00000      0.00000      0.00000      0.00000
      1.91000      0.00000      0.00000      0.00000      0.00000      0.00000      0.00000
      1.92000      0.00000      0.00000      0.00000      0.00000      0.00000      0.00000
      1.93000      0.00000      0.00000      0.00000      0.00000      0.00000      0.00000
      1.94000      0.00000      0.00000      0.00000      0.00000      0.00000      0.00000
      1.95000      0.00000      0.00000      0.00000      0.00000      0.00000      0.00000
      1.96000      0.00000      0.00000      0.00000      0.00000      0.00000      0.00000
      1.97000      0.00000      0.00000      0.00000      0.00000      0.00000      0.00000
      1.98000      0.00000      0.00000      0.00000      0.00000      0.00000      0.00000
      1.99000      0.00000      0.00000      0.00000      0.00000      0.00000      0.00000
      2.00000      0.00000      0.00000      0.00000      0.00000      0.00000      0.00000
      2.01000      0.00000      0.00000      0.00000      0.00000      0.00000      0.00000
      2.02000      0.00000      0.00000      0.00000      0.00000      0.00000      0.00000
      2.03000      0.00000      0.00000      0.00000      0.00000      0.00000      0.00000
      2.04000      0.00000      0.00000      0.00000      0.00000      0.00000      0.00000
      2.05000      0.00000      0.00000      0.00000      0.00000      0.00000      0.00000
      2.06000      0.00000      0.00000      0.00000      0.00000      0.00000      0.00000
      2.07000      0.00000      0.00000      0.00000      0.00000      0.00000      0.00000
      2.08000      0.00000      0.00000      0.00000      0.00000      0.00000      0.00000
      2.09000      0.00000      0.00000      0.00000      0.00000      0.00000      0.00000
      2.10000      0.00000      0.00000      0.00000      0.00000      0.00000      0.00000
      2.11000      0.00000      0.00000      0.00000      0.00000      0.00000      0.00000
      2.12000      0.00000      0.00000      0.00000      0.00000      0.00000      0.00000
      2.13000      0.00000      0.00000      0.00000      0.00000      0.00000      0.00000
      2.14000      0.00000      0.00000      0.00000      0.00000      0.00000      0.00000
      2.15000      0.00000      0.00000      0.00000      0.00000      0.00000      0.00000
      2.16000      0.00000      0.00000      0.00000      0.00000      0.00000      0.00000
      2.17000      0.00000      0.00000      0.00000      0.00000      0.00000      0.00000
      2.18000      0.00000      0.00000      0.00000      0.00000      0.00000      0.00000
      2.19000      0.00000      0.00000      0.00000      0.00000      0.00000      0.00000
      2.20000      0.00000      0.00000      0.00000      0.00000      0.00000      0.00000
      2.21000      0.00000      0.00000      0.00000      0.00000      0.00000      0.00000
      2.22000      0.00000      0.00000      0.00000      0.00000      0.00000      0.00000
      2.23000      0.00000      0.00000      0.00000      0.00000      0.00000      0.00000
      2.24000      0.00000      0.00000      0.00000      0.00000      0.00000      0.00000
      2.25000      0.00000      0.00000      0.00000      0.00000      0.00000      0.00000
      2.26000      0.00000      0.00000      0.00000      0.00000      0.00000      0.00000
      2.27000      0.00000      0.00000      0.00000      0.00000      0.00000      0.00000
      2.28000      0.00000      0.00000      0.00000      0.00000      0.00000      0.00000
      2.29000      0.00000      0.00000      0.00000      0.00000      0.00000      0.00000
      2.30000      0.00000      0.00000      0.00000      0.00000      0.00000      0.00000
      2.31000      0.00000      0.00000      0.00000      0.00000      0.00000      0.00000
      2.32000      0.00000      0.00000      0.00000      0.00000      0.00000      0.00000
      2.33000      0.00000      0.00000      0.00000      0.00000      0.00000      0.00000
      2.34000      0.00000      0.00000      0.00000      0.00000      0.00000      0.00000
      2.35000      0.00000      0.00000      0.00000      0.00000      0.00000      0.00000
      2.36000      0.00000      0.00000      0.00000      0.00000      0.00000      0.00000
      2.37000      0.00000      0.00000      0.00000      0.00000      0.00000      0.00000
      2.38000      0.00000      0.00000      0.00000      0.00000      0.00000      0.00000
      2.39000      0.00000      0.00000      0.00000      0.00000      0.00000      0.00000
      2.40000      0.00000      0.00000      0.00000      0.00000      0.00000      0.00000
      2.41000      0.00000      0.00000      0.00000      0.00000      0.00000      0.00000
      2.42000      0.00000      0.00000      0.00000      0.00000      0.00000      0.00000
      2.43000      0.00000      0.00000      0.00000      0.00000      0.00000      0.00000
      2.44000      0.00000      0.00000      0.00000      0.00000      0.00000      0.00000
      2.45000      0.00000      0.00000      0.00000      0.00000      0.00000      0.00000
      2.46000      0.00000      0.00000      0.00000      0.00000      0.00000      0.00000
      2.47000      0.00000      0.00000      0.00000      0.00000      0.00000      0.00000
      2.48000      0.00000      0.00000      0.00000      0.00000      0.00000      0.00000
      2.49000      0.00000      0.00000      0.00000      0.00000      0.00000      0.00000
      2.50000      0.00000      0.00000      0.00000      0.00000      0.00000      0.00000
      2.51000      0.00000      0.00000      0.00000      0.00000      0.00000      0.00000
      2.52000      0.00000      0.00000      0.00000      0.00000      0.00000      0.00000
      2.53000      0.00000      0.00000      0.00000      0.00000      0.00000      0.00000
      2.54000      0.00000      0.00000      0.00000      0.00000      0.00000      0.00000
      2.55000      0.00000      0.00000      0.00000      0.00000      0.00000      0.00000
      2.56000      0.00000      0.00000      0.00000      0.00000      0.00000      0.00000
      2.57000      0.00000      0.00000      0.00000      0.00000      0.00000      0.00000
      2.58000      0.00000      0.00000      0.00000      0.00000      0.00000      0.00000
      2.59000      0.00000      0.00000      0.00000      0.00000      0.00000      0.00000
      2.60000      0.00000      0.00000      0.00000      0.00000      0.00000      0.00000
      2.61000      0.00000      0.00000      0.00000      0.00000      0.00000      0.00000
      2.62000      0.00000      0.00000      0.00000      0.00000      0.00000      0.00000
      2.63000      0.00000      0.00000      0.00000      0.00000      0.00000      0.00000
      2.64000      0.00000      0.00000      0.00000      0.00000      0.00000      0.00000
      2.65000      0.00000      0.00000      0.00000      0.00000      0.00000      0.00000
      2.66000      0.00000      0.00000      0.00000      0.00000      0.00000      0.00000
      2.67000      0.00000      0.00000      0.00000      0.00000      0.00000      0.00000
      2.68000      0.00000      0.00000      0.00000      0.00000      0.00000      0.00000
      2.69000      0.00000      0.00000      0.00000      0.00000      0.00000      0.00000
      2.70000      0.00000      0.00000      0.00000      0.00000      0.00000      0.00000
      2.71000      0.00000      0.00000      0.00000      0.00000      0.00000      0.00000
      2.72000      0.00000      0.00000      0.00000      0.00000      0.00000      0.00000
      2.73000      0.00000      0.00000      0.00000      0.00000      0.00000      0.00000
      2.74000      0.00000      0.00000      0.00000      0.00000      0.00000      0.00000
      2.75000      0.00000      0.00000      0.00000      0.00000      0.00000      0.00000
      2.76000      0.00000      0.00000      0.00000      0.00000      0.00000      0.00000
      2.77000      0.00000      0.00000      0.00000      0.00000      0.00000      0.00000
      2.78000      0.00000      0.00000      0.00000      0.00000      0.00000      0.00000
      2.79000      0.00000      0.00000      0.00000      0.00000      0.00000      0.00000
      2.80000      0.00000      0.00000      0.00000      0.00000      0.00000      0.00000
      2.81000      0.00000      0.00000      0.00000      0.00000      0.00000      0.00000
      2.82000      0.00000      0.00000      0.00000      0.00000      0.00000      0.00000
      2.83000      0.00000      0.00000      0.00000      0.00000      0.00000      0.00000
      2.84000      0.00000      0.00000      0.00000      0.00000      0.00000      0.00000
      2.85000      0.00000      0.00000      0.00000      0.00000      0.00000      0.00000
      2.86000      0.00000      0.00000      0.00000      0.00000      0.00000      0.00000
      2.87000      0.00000      0.00000      0.00000      0.00000      0.00000      0.00000
      2.88000      0.00000      0.00000      0.00000      0.00000      0.00000      0.00000
      2.89000      0.00000      0.00000      0.00000      0.00000      0.00000      0.00000
      2.90000      0.00000      0.00000      0.00000      0.00000      0.00000      0.00000
      2.91000      0.00000      0.00000      0.00000      0.00000      0.00000      0.00000
      2.92000      0.00000      0.00000      0.00000      0.00000      0.00000      0.00000
      2.93000      0.00000      0.00000      0.00000      0.00000      0.00000      0.00000
      2.94000      0.00000      0.00000      0.00000      0.00000      0.00000      0.00000
      2.95000      0.00000      0.00000      0.00000      0.00000      0.00000      0.00000
      2.96000      0.00000      0.00000      0.00000      0.00000      0.00000      0.00000
      2.97000      0.00000      0.00000      0.00000      0.00000      0.00000      0.00000
      2.98000      0.00000      0.00000      0.00000      0.00000      0.00000      0.00000
      2.99000      0.00000      0.00000      0.00000      0.00000      0.00000      0.00000
      3.00000      0.00000      0.00000      0.00000      0.00000      0.00000      0.00000
      3.01000      0.00000      0.00000      0.00000      0.00000      0.00000      0.00000
      3.02000      0.00000      0.00000      0.00000      0.00000      0.00000      0.00000
      3.03000      0.00000      0.00000      0.00000      0.00000      0.00000      0.00000
      3.04000      0.00000      0.00000      0.00000      0.00000      0.00000      0.00000
      3.05000      0.00000      0.00000      0.00000      0.00000      0.00000      0.00000
      3.06000      0.00000      0.00000      0.00000      0.00000      0.00000      0.00000
      3.07000      0.00000      0.00000      0.00000      0.00000      0.00000      0.00000
      3.08000      0.00000      0.00000      0.00000      0.00000      0.00000      0.00000
      3.09000      0.00000      0.00000      0.00000      0.00000      0.00000      0.00000
      3.10000      0.00000      0.00000      0.00000      0.00000      0.00000      0.00000
      3.11000      0.00000      0.00000      0.00000      0.00000      0.00000      0.00000
      3.12000      0.00000      0.00000      0.00000      0.00000      0.00000      0.00000
      3.13000      0.00000      0.00000      0.00000      0.00000      0.00000      0.00000
      3.14000      0.00000      0.00000      0.00000      0.00000      0.00000      0.00000
      3.15000      0.00000      0.00000      0.00000      0.00000      0.00000      0.00000
      3.16000      0.00000      0.00000      0.00000      0.00000      0.00000      0.00000
      3.17000      0.00000      0.00000      0.00000      0.00000      0.00000      0.00000
      3.18000      0.00000      0.00000      0.00000      0.00000      0.00000      0.00000
      3.19000      0.00000      0.00000      0.00000      0.00000      0.00000      0.00000
      3.20000      0.00000      0.00000      0.00000      0.00000      0.00000      0.00000
      3.21000      0.00000      0.00000      0.00000      0.00000      0.00000      0.00000
      3.22000      0.00000      0.00000      0.00000      0.00000      0.00000      0.00000
      3.23000      0.00000      0.00000      0.00000      0.00000      0.00000      0.00000
      3.24000      0.00000      0.00000      0.00000      0.00000      0.00000      0.00000
      3.25000      0.00000      0.00000      0.00000      0.00000      0.00000      0.00000
      3.26000      0.00000      0.00000      0.00000      0.00000      0.00000      0.00000
      3.27000      0.00000      0.00000      0.00000      0.00000      0.00000      0.00000
      3.28000      0.00000      0.00000      0.00000      0.00000      0.00000      0.00000
      3.29000      0.00000      0.00000      0.00000      0.00000      0.00000      0.00000
      3.30000      0.00000      0.00000      0.00000      0.00000      0.00000      0.00000
      3.31000      0.00000      0.00000      0.00000      0.00000      0.00000      0.00000
      3.32000      0.00000      0.00000      0.00000      0.00000      0.00000      0.00000
      3.33000      0.00000      0.00000      0.00000      0.00000      0.00000      0.00000
      3.34000      0.00000      0.00000      0.00000      0.00000      0.00000      0.00000
      3.35000      0.00000      0.00000      0.00000      0.00000      0.00000      0.00000
      3.36000      0.00000      0.00000      0.00000      0.00000      0.00000      0.00000
      3.37000      0.00000      0.00000      0.00000      0.00000      0.00000      0.00000
      3.38000      0.00000      0.00000      0.00000      0.00000      0.00000      0.00000
      3.39000      0.00000      0.00000      0.00000      0.00000      0.00000      0.00000
      3.40000      0.00000      0.00000      0.00000      0.00000      0.00000      0.00000
      3.41000      0.00000      0.00000      0.00000      0.00000      0.00000      0.00000
      3.42000      0.00000      0.00000      0.00000      0.00000      0.00000      0.00000
      3.43000      0.00000      0.00000      0.00000      0.00000      0.00000      0.00000
      3.44000      0.00000      0.00000      0.00000      0.00000      0.00000      0.00000
      3.45000      0.00000      0.00000      0.00000      0.00000      0.00000      0.00000
      3.46000      0.00000      0.00000      0.00000      0.00000      0.00000      0.00000
      3.47000      0.00000      0.00000      0.00000      0.00000      0.00000      0.00000
      3.48000      0.00000      0.00000      0.00000      0.00000      0.00000      0.00000
      3.49000      0.00000      0.00000      0.00000      0.00000      0.00000      0.00000
      3.50000      0.00000      0.00000      0.00000      0.00000      0.00000      0.00000
      3.51000      0.00000      0.00000      0.00000      0.00000      0.00000      0.00000
      3.52000      0.00000      0.00000      0.00000      0.00000      0.00000      0.00000
      3.53000      0.00000      0.00000      0.00000      0.00000      0.00000      0.00000
      3.54000      0.00000      0.00000      0.00000      0.00000      0.00000      0.00000
      3.55000      0.00000      0.00000      0.00000      0.00000      0.00000      0.00000
      3.56000      0.00000      0.00000      0.00000      0.00000      0.00000      0.00000
      3.57000      0.00000      0.00000      0.00000      0.00000      0.00000      0.00000
      3.58000      0.00000      0.00000      0.00000      0.00000      0.00000      0.00000
      3.59000      0.00000      0.00000      0.00000      0.00000      0.00000      0.00000
      3.60000      0.00000      0.00000      0.00000      0.00000      0.00000      0.00000
      3.61000      0.00000      0.00000      0.00000      0.00000      0.00000      0.00000
      3.62000      0.00000      0.00000      0.00000      0.00000      0.00000      0.00000
      3.63000      0.00000      0.00000      0.00000      0.00000      0.00000      0.00000
      3.64000      0.00000      0.00000      0.00000      0.00000      0.00000      0.00000
      3.65000      0.00000      0.00000      0.00000      0.00000      0.00000      0.00000
      3.66000      0.00000      0.00000      0.00000      0.00000      0.00000      0.00000
      3.67000      0.00000      0.00000      0.00000      0.00000      0.00000      0.00000
      3.68000      0.00000      0.00000      0.00000      0.00000      0.00000      0.00000
      3.69000      0.00000      0.00000      0.00000      0.00000      0.00000      0.00000
      3.70000      0.00000      0.00000      0.00000      0.00000      0.00000      0.00000
      3.71000      0.00000      0.00000      0.00000      0.00000      0.00000      0.00000
      3.72000      0.00000      0.00000      0.00000      0.00000      0.00000      0.00000
      3.73000      0.00000      0.00000      0.00000      0.00000      0.00000      0.00000
      3.74000      0.00000      0.00000      0.00000      0.00000      0.00000      0.00000
      3.75000      0.00000      0.00000      0.00000      0.00000      0.00000      0.00000
      3.76000      0.00000      0.00000      0.00000      0.00000      0.00000      0.00000
      3.77000      0.00000      0.00000      0.00000      0.00000      0.00000      0.00000
      3.78000      0.00000      0.00000      0.00000      0.00000      0.00000      0.00000
      3.79000      0.00000      0.00000      0.00000      0.00000      0.00000      0.00000
      3.80000      0.00000      0.00000      0.00000      0.00000      0.00000      0.00000
      3.81000      0.00000      0.00000      0.00000      0.00000      0.00000      0.00000
      3.82000      0.00000      0.00000      0.00000      0.00000      0.00000      0.00000
      3.83000      0.00000      0.00000      0.00000      0.00000      0.00000      0.00000
      3.84000      0.00000      0.00000      0.00000      0.00000      0.00000      0.00000
      3.85000      0.00000      0.00000      0.00000      0.00000      0.00000      0.00000
      3.86000      0.00000      0.00000      0.00000      0.00000      0.00000      0.00000
      3.87000      0.00000      0.00000      0.00000      0.00000      0.00000      0.00000
      3.88000      0.00000      0.00000      0.00000      0.00000      0.00000      0.00000
      3.89000      0.00000      0.00000      0.00000      0.00000      0.00000      0.00000
      3.90000      0.00000      0.00000      0.00000      0.00000      0.00000      0.00000
      3.91000      0.00000      0.00000      0.00000      0.00000      0.00000      0.00000
      3.92000      0.00000      0.00000      0.00000      0.00000      0.00000      0.00000
      3.93000      0.00000      0.00000      0.00000      0.00000      0.00000      0.00000
      3.94000      0.00000      0.00000      0.00000      0.00000      0.00000      0.00000
      3.95000      0.00000      0.00000      0.00000      0.00000      0.00000      0.00000
      3.96000      0.00000      0.00000      0.00000      0.00000      0.00000      0.00000
      3.97000      0.00000      0.00000      0.00000      0.00000      0.00000      0.00000
      3.98000      0.00000      0.00000      0.00000      0.00000      0.00000      0.00000
      3.99000      0.00000      0.00000      0.00000      0.00000      0.00000      0.00000
      4.00000      0.00000      0.00000      0.00000      0.00000      0.00000      0.00000
      4.01000      0.00000      0.00000      0.00000      0.00000      0.00000      0.00000
      4.02000      0.00000      0.00000      0.00000      0.00000      0.00000      0.00000
      4.03000      0.00000      0.00000      0.00000      0.00000      0.00000      0.00000
      4.04000      0.00000      0.00000      0.00000      0.00000      0.00000      0.00000
      4.05000      0.00000      0.00000      0.00000      0.00000      0.00000      0.00000
      4.06000      0.00000      0.00000      0.00000      0.00000      0.00000      0.00000
      4.07000      0.00000      0.00000      0.00000      0.00000      0.00000      0.00000
      4.08000      0.00000      0.00000      0.00000      0.00000      0.00000      0.00000
      4.09000      0.00000      0.00000      0.00000      0.00000      0.00000      0.00000
      4.10000      0.00000      0.00000      0.00000      0.00000      0.00000      0.00000
      4.11000      0.00000      0.00000      0.00000      0.00000      0.00000      0.00000
      4.12000      0.00000      0.00000      0.00000      0.00000      0.00000      0.00000
      4.13000      0.00000      0.00000      0.00000      0.00000      0.00000      0.00000
      4.14000      0.00000      0.00000      0.00000      0.00000      0.00000      0.00000
      4.15000      0.00000      0.00000      0.00000      0.00000      0.00000      0.00000
      4.16000      0.00000      0.00000      0.00000      0.00000      0.00000      0.00000
      4.17000      0.00000      0.00000      0.00000      0.00000      0.00000      0.00000
      4.18000      0.00000      0.00000      0.00000      0.00000      0.00000      0.00000
      4.19000      0.00000      0.00000      0.00000      0.00000      0.00000      0.00000
      4.20000      0.00000      0.00000      0.00000      0.00000      0.00000      0.00000
      4.21000      0.00000      0.00000      0.00000      0.00000      0.00000      0.00000
      4.22000      0.00000      0.00000      0.00000      0.00000      0.00000      0.00000
      4.23000      0.00000      0.00000      0.00000      0.00000      0.00000      0.00000
      4.24000      0.00000      0.00000      0.00000      0.00000      0.00000      0.00000
      4.25000      0.00000      0.00000      0.00000      0.00000      0.00000      0.00000
      4.26000      0.00000      0.00000      0.00000      0.00000      0.00000      0.00000
      4.27000      0.00000      0.00000      0.00000      0.00000      0.00000      0.00000
      4.28000      0.00000      0.00000      0.00000      0.00000      0.00000      0.00000
      4.29000      0.00000      0.00000      0.00000      0.00000      0.00000      0.00000
      4.30000      0.00000      0.00000      0.00000      0.00000      0.00000      0.00000
      4.31000      0.00000      0.00000      0.00000      0.00000      0.00000      0.00000
      4.32000      0.00000      0.00000      0.00000      0.00000      0.00000      0.00000
      4.33000      0.00000      0.00000      0.00000      0.00000      0.00000      0.00000
      4.34000      0.00000      0.00000      0.00000      0.00000      0.00000      0.00000
      4.35000      0.00000      0.00000      0.00000      0.00000      0.00000      0.00000
      4.36000      0.00000      0.00000      0.00000      0.00000      0.00000      0.00000
      4.37000      0.00000      0.00000      0.00000      0.00000      0.00000      0.00000
      4.38000      0.00000      0.00000      0.00000      0.00000      0.00000      0.00000
      4.39000      0.00000      0.00000      0.00000      0.00000      0.00000      0.00000
      4.40000      0.00000      0.00000      0.00000      0.00000      0.00000      0.00000
      4.41000      0.00000      0.00000      0.00000      0.00000      0.00000      0.00000
      4.42000      0.00000      0.00000      0.00000      0.00000      0.00000      0.00000
      4.43000      0.00000      0.00000      0.00000      0.00000      0.00000      0.00000
      4.44000      0.00000      0.00000      0.00000      0.00000      0.00000      0.00000
      4.45000      0.00000      0.00000      0.00000      0.00000      0.00000      0.00000
      4.46000      0.00000      0.00000      0.00000      0.00000      0.00000      0.00000
      4.47000      0.00000      0.00000      0.00000      0.00000      0.00000      0.00000
      4.48000      0.00000      0.00000      0.00000      0.00000      0.00000      0.00000
      4.49000      0.00000      0.00000      0.00000      0.00000      0.00000      0.00000
      4.50000      0.00000      0.00000      0.00000      0.00000      0.00000      0.00000
      4.51000      0.00000      0.00000      0.00000      0.00000      0.00000      0.00000
      4.52000      0.00000      0.00000      0.00000      0.00000      0.00000      0.00000
      4.53000      0.00000      0.00000      0.00000      0.00000      0.00000      0.00000
      4.54000      0.00000      0.00000      0.00000      0.00000      0.00000      0.00000
      4.55000      0.00000      0.00000      0.00000      0.00000      0.00000      0.00000
      4.56000      0.00000      0.00000      0.00000      0.00000      0.00000      0.00000
      4.57000      0.00000      0.00000      0.00000      0.00000      0.00000      0.00000
      4.58000      0.00000      0.00000      0.00000      0.00000      0.00000      0.00000
      4.59000      0.00000      0.00000      0.00000      0.00000      0.00000      0.00000
      4.60000      0.00000      0.00000      0.00000      0.00000      0.00000      0.00000
      4.61000      0.00000      0.00000      0.00000      0.00000      0.00000      0.00000
      4.62000      0.00000      0.00000      0.00000      0.00000      0.00000      0.00000
      4.63000      0.00000      0.00000      0.00000      0.00000      0.00000      0.00000
      4.64000      0.00000      0.00000      0.00000      0.00000      0.00000      0.00000
      4.65000      0.00000      0.00000      0.00000      0.00000      0.00000      0.00000
      4.66000      0.00000      0.00000      0.00000      0.00000      0.00000      0.00000
      4.67000      0.00000      0.00000      0.00000      0.00000      0.00000      0.00000
      4.68000      0.00000      0.00000      0.00000      0.00000      0.00000      0.00000
      4.69000      0.00000      0.00000      0.00000      0.00000      0.00000      0.00000
      4.70000      0.00000      0.00000      0.00000      0.00000      0.00000      0.00000
      4.71000      0.00000      0.00000      0.00000      0.00000      0.00000      0.00000
      4.72000      0.00000      0.00000      0.00000      0.00000      0.00000      0.00000
      4.73000      0.00000      0.00000      0.00000      0.00000      0.00000      0.00000
      4.74000      0.00000      0.00000      0.00000      0.00000      0.00000      0.00000
      4.75000      0.00000      0.00000      0.00000      0.00000      0.00000      0.00000
      4.76000      0.00000      0.00000      0.00000      0.00000      0.00000      0.00000
      4.77000      0.00000      0.00000      0.00000      0.00000      0.00000      0.00000
      4.78000      0.00000      0.00000      0.00000      0.00000      0.00000      0.00000
      4.79000      0.00000      0.00000      0.00000      0.00000      0.00000      0.00000
      4.80000      0.00000      0.00000      0.00000      0.00000      0.00000      0.00000
      4.81000      0.00000      0.00000      0.00000      0.00000      0.00000      0.00000
      4.82000      0.00000      0.00000      0.00000      0.00000      0.00000      0.00000
      4.83000      0.00000      0.00000      0.00000      0.00000      0.00000      0.00000
      4.84000      0.00000      0.00000      0.00000      0.00000      0.00000      0.00000
      4.85000      0.00000      0.00000      0.00000      0.00000      0.00000      0.00000
      4.86000      0.00000      0.00000      0.00000      0.00000      0.00000      0.00000
      4.87000      0.00000      0.00000      0.00000      0.00000      0.00000      0.00000
      4.88000      0.00000      0.00000      0.00000      0.00000      0.00000      0.00000
      4.89000      0.00000      0.00000      0.00000      0.00000      0.00000      0.00000
      4.90000      0.00000      0.00000      0.00000      0.00000      0.00000      0.00000
      4.91000      0.00000      0.00000      0.00000      0.00000      0.00000      0.00000
      4.92000      0.00000      0.00000      0.00000      0.00000      0.00000      0.00000
      4.93000      0.00000      0.00000      0.00000      0.00000      0.00000      0.00000
      4.94000      0.00000      0.00000      0.00000      0.00000      0.00000      0.00000
      4.95000      0.00000      0.00000      0.00000      0.00000      0.00000      0.00000
      4.96000      0.00000      0.00000      0.00000      0.00000      0.00000      0.00000
      4.97000      0.00000      0.00000      0.00000      0.00000      0.00000      0.00000
      4.98000      0.00000      0.00000      0.00000      0.00000      0.00000      0.00000
      4.99000      0.00000      0.00000      0.00000      0.00000      0.00000      0.00000
      5.00000      0.00000      0.00000      0.00000      0.00000      0.00000      0.00000
      5.01000      0.00000      0.00000      0.00000      0.00000      0.00000      0.00000
      5.02000      0.00000      0.00000      0.00000      0.00000      0.00000      0.00000
      5.03000      0.00000      0.00000      0.00000      0.00000      0.00000      0.00000
      5.04000      0.00000      0.00000      0.00000      0.00000      0.00000      0.00000
      5.05000      0.00000      0.00000      0.00000      0.00000      0.00000      0.00000
      5.06000      0.00000      0.00000      0.00000      0.00000      0.00000      0.00000
      5.07000      0.00000      0.00000      0.00000      0.00000      0.00000      0.00000
      5.08000      0.00000      0.00000      0.00000      0.00000      0.00000      0.00000
      5.09000      0.00000      0.00000      0.00000      0.00000      0.00000      0.00000
      5.10000      0.00000      0.00000      0.00000      0.00000      0.00000      0.00000
      5.11000      0.00000      0.00000      0.00000      0.00000      0.00000      0.00000
      5.12000      0.00000      0.00000      0.00000      0.00000      0.00000      0.00000
      5.13000      0.00000      0.00000      0.00000      0.00000      0.00000      0.00000
      5.14000      0.00000      0.00000      0.00000      0.00000      0.00000      0.00000
      5.15000      0.00000      0.00000      0.00000      0.00000      0.00000      0.00000
      5.16000      0.00000      0.00000      0.00000      0.00000      0.00000      0.00000
      5.17000      0.00000      0.00000      0.00000      0.00000      0.00000      0.00000
      5.18000      0.00000      0.00000      0.00000      0.00000      0.00000      0.00000
      5.19000      0.00000      0.00000      0.00000      0.00000      0.00000      0.00000
      5.20000      0.00000      0.00000      0.00000      0.00000      0.00000      0.00000
      5.21000      0.00000      0.00000      0.00000      0.00000      0.00000      0.00000
      5.22000      0.00000      0.00000      0.00000      0.00000      0.00000      0.00000
      5.23000      0.00000      0.00000      0.00000      0.00000      0.00000      0.00000
      5.24000      0.00000      0.00000      0.00000      0.00000      0.00000      0.00000
      5.25000      0.00000      0.00000      0.00000      0.00000      0.00000      0.00000
      5.26000      0.00000      0.00000      0.00000      0.00000      0.00000      0.00000
      5.27000      0.00000      0.00000      0.00000      0.00000      0.00000      0.00000
      5.28000      0.00000      0.00000      0.00000      0.00000      0.00000      0.00000
      5.29000      0.00000      0.00000      0.00000      0.00000      0.00000      0.00000
      5.30000      0.00000      0.00000      0.00000      0.00000      0.00000      0.00000
      5.31000      0.00000      0.00000      0.00000      0.00000      0.00000      0.00000
      5.32000      0.00000      0.00000      0.00000      0.00000      0.00000      0.00000
      5.33000      0.00000      0.00000      0.00000      0.00000      0.00000      0.00000
      5.34000      0.00000      0.00000      0.00000      0.00000      0.00000      0.00000
      5.35000      0.00000      0.00000      0.00000      0.00000      0.00000      0.00000
      5.36000      0.00000      0.00000      0.00000      0.00000      0.00000      0.00000
      5.37000      0.00000      0.00000      0.00000      0.00000      0.00000      0.00000
      5.38000      0.00000      0.00000      0.00000      0.00000      0.00000      0.00000
      5.39000      0.00000      0.00000      0.00000      0.00000      0.00000      0.00000
      5.40000      0.00000      0.00000      0.00000      0.00000      0.00000      0.00000
      5.41000      0.00000      0.00000      0.00000      0.00000      0.00000      0.00000
      5.42000      0.00000      0.00000      0.00000      0.00000      0.00000      0.00000
      5.43000      0.00000      0.00000      0.00000      0.00000      0.00000      0.00000
      5.44000      0.00000      0.00000      0.00000      0.00000      0.00000      0.00000
      5.45000      0.00000      0.00000      0.00000      0.00000      0.00000      0.00000
      5.46000      0.00000      0.00000      0.00000      0.00000      0.00000      0.00000
      5.47000      0.00000      0.00000      0.00000      0.00000      0.00000      0.00000
      5.48000      0.00000      0.00000      0.00000      0.00000      0.00000      0.00000
      5.49000      0.00000      0.00000      0.00000      0.00000      0.00000      0.00000
      5.50000      0.00000      0.00000      0.00000      0.00000      0.00000      0.00000
      5.51000      0.00000      0.00000      0.00000      0.00000      0.00000      0.00000
      5.52000      0.00000      0.00000      0.00000      0.00000      0.00000      0.00000
      5.53000      0.00000      0.00000      0.00000      0.00000      0.00000      0.00000
      5.54000      0.00000      0.00000      0.00000      0.00000      0.00000      0.00000
      5.55000      0.00000      0.00000      0.00000      0.00000      0.00000      0.00000
      5.56000      0.00000      0.00000      0.00000      0.00000      0.00000      0.00000
      5.57000      0.00000      0.00000      0.00000      0.00000      0.00000      0.00000
      5.58000      0.00000      0.00000      0.00000      0.00000      0.00000      0.00000
      5.59000      0.00000      0.00000      0.00000      0.00000      0.00000      0.00000
      5.60000      0.00000      0.00000      0.00000      0.00000      0.00000      0.00000
      5.61000      0.00000      0.00000      0.00000      0.00000      0.00000      0.00000
      5.62000      0.00000      0.00000      0.00000      0.00000      0.00000      0.00000
      5.63000      0.00000      0.00000      0.00000      0.00000      0.00000      0.00000
      5.64000      0.00000      0.00000      0.00000      0.00000      0.00000      0.00000
      5.65000      0.00000      0.00000      0.00000      0.00000      0.00000      0.00000
      5.66000      0.00000      0.00000      0.00000      0.00000      0.00000      0.00000
      5.67000      0.00000      0.00000      0.00000      0.00000      0.00000      0.00000
      5.68000      0.00000      0.00000      0.00000      0.00000      0.00000      0.00000
      5.69000      0.00000      0.00000      0.00000      0.00000      0.00000      0.00000
      5.70000      0.00000      0.00000      0.00000      0.00000      0.00000      0.00000
      5.71000      0.00000      0.00000      0.00000      0.00000      0.00000      0.00000
      5.72000      0.00000      0.00000      0.00000      0.00000      0.00000      0.00000
      5.73000      0.00000      0.00000      0.00000      0.00000      0.00000      0.00000
      5.74000      0.00000      0.00000      0.00000      0.00000      0.00000      0.00000
      5.75000      0.00000      0.00000      0.00000      0.00000      0.00000      0.00000
      5.76000      0.00000      0.00000      0.00000      0.00000      0.00000      0.00000
      5.77000      0.00000      0.00000      0.00000      0.00000      0.00000      0.00000
      5.78000      0.00000      0.00000      0.00000      0.00000      0.00000      0.00000
      5.79000      0.00000      0.00000      0.00000      0.00000      0.00000      0.00000
      5.80000      0.00000      0.00000      0.00000      0.00000      0.00000      0.00000
      5.81000      0.00000      0.00000      0.00000      0.00000      0.00000      0.00000
      5.82000      0.00000      0.00000      0.00000      0.00000      0.00000      0.00000
      5.83000      0.00000      0.00000      0.00000      0.00000      0.00000      0.00000
      5.84000      0.00000      0.00000      0.00000      0.00000      0.00000      0.00000
      5.85000      0.00000      0.00000      0.00000      0.00000      0.00000      0.00000
      5.86000      0.00000      0.00000      0.00000      0.00000      0.00000      0.00000
      5.87000      0.00000      0.00000      0.00000      0.00000      0.00000      0.00000
      5.88000      0.00000      0.00000      0.00000      0.00000      0.00000      0.00000
      5.89000      0.00000      0.00000      0.00000      0.00000      0.00000      0.00000
      5.90000      0.00000      0.00000      0.00000      0.00000      0.00000      0.00000
      5.91000      0.00000      0.00000      0.00000      0.00000      0.00000      0.00000
      5.92000      0.00000      0.00000      0.00000      0.00000      0.00000      0.00000
      5.93000      0.00000      0.00000      0.00000      0.00000      0.00000      0.00000
      5.94000      0.00000      0.00000      0.00000      0.00000      0.00000      0.00000
      5.95000      0.00000      0.00000      0.00000      0.00000      0.00000      0.00000
      5.96000      0.00000      0.00000      0.00000      0.00000      0.00000      0.00000
      5.97000      0.00000      0.00000      0.00000      0.00000      0.00000      0.00000
      5.98000      0.00000      0.00000      0.00000      0.00000      0.00000      0.00000
      5.99000      0.00000      0.00000      0.00000      0.00000      0.00000      0.00000
      6.00000      0.00000      0.00000      0.00000      0.00000      0.00000      0.00000
      6.01000      0.00000      0.00000      0.00000      0.00000      0.00000      0.00000
      6.02000      0.00000      0.00000      0.00000      0.00000      0.00000      0.00000
      6.03000      0.00000      0.00000      0.00000      0.00000      0.00000      0.00000
      6.04000      0.00000      0.00000      0.00000      0.00000      0.00000      0.00000
      6.05000      0.00000      0.00000      0.00000      0.00000      0.00000      0.00000
      6.06000      0.00000      0.00000      0.00000      0.00000      0.00000      0.00000
      6.07000      0.00000      0.00000      0.00000      0.00000      0.00000      0.00000
      6.08000      0.00000      0.00000      0.00000      0.00000      0.00000      0.00000
      6.09000      0.00000      0.00000      0.00000      0.00000      0.00000      0.00000
      6.10000      0.00000      0.00000      0.00000      0.00000      0.00000      0.00000
      6.11000      0.00000      0.00000      0.00000      0.00000      0.00000      0.00000
      6.12000      0.00000      0.00000      0.00000      0.00000      0.00000      0.00000
      6.13000      0.00000      0.00000      0.00000      0.00000      0.00000      0.00000
      6.14000      0.00000      0.00000      0.00000      0.00000      0.00000      0.00000
      6.15000      0.00000      0.00000      0.00000      0.00000      0.00000      0.00000
      6.16000      0.00000      0.00000      0.00000      0.00000      0.00000      0.00000
      6.17000      0.00000      0.00000      0.00000      0.00000      0.00000      0.00000
      6.18000      0.00000      0.00000      0.00000      0.00000      0.00000      0.00000
      6.19000      0.00000      0.00000      0.00000      0.00000      0.00000      0.00000
      6.20000      0.00000      0.00000      0.00000      0.00000      0.00000      0.00000
      6.21000      0.00000      0.00000      0.00000      0.00000      0.00000      0.00000
      6.22000      0.00000      0.00000      0.00000      0.00000      0.00000      0.00000
      6.23000      0.00000      0.00000      0.00000      0.00000      0.00000      0.00000
      6.24000      0.00000      0.00000      0.00000      0.00000      0.00000      0.00000
      6.25000      0.00000      0.00000      0.00000      0.00000      0.00000      0.00000
      6.26000      0.00000      0.00000      0.00000      0.00000      0.00000      0.00000
      6.27000      0.00000      0.00000      0.00000      0.00000      0.00000      0.00000
      6.28000      0.00000      0.00000      0.00000      0.00000      0.00000      0.00000
      6.29000      0.00000      0.00000      0.00000      0.00000      0.00000      0.00000
      6.30000      0.00000      0.00000      0.00000      0.00000      0.00000      0.00000
      6.31000      0.00000      0.00000      0.00000      0.00000      0.00000      0.00000
      6.32000      0.00000      0.00000      0.00000      0.00000      0.00000      0.00000
      6.33000      0.00000      0.00000      0.00000      0.00000      0.00000      0.00000
      6.34000      0.00000      0.00000      0.00000      0.00000      0.00000      0.00000
      6.35000      0.00000      0.00000      0.00000      0.00000      0.00000      0.00000
      6.36000      0.00000      0.00000      0.00000      0.00000      0.00000      0.00000
      6.37000      0.00000      0.00000      0.00000      0.00000      0.00000      0.00000
      6.38000      0.00000      0.00000      0.00000      0.00000      0.00000      0.00000
      6.39000      0.00000      0.00000      0.00000      0.00000      0.00000      0.00000
      6.40000      0.00000      0.00000      0.00000      0.00000      0.00000      0.00000
      6.41000      0.00000      0.00000      0.00000      0.00000      0.00000      0.00000
      6.42000      0.00000      0.00000      0.00000      0.00000      0.00000      0.00000
      6.43000      0.00000      0.00000      0.00000      0.00000      0.00000      0.00000
      6.44000      0.00000      0.00000      0.00000      0.00000      0.00000      0.00000
      6.45000      0.00000      0.00000      0.00000      0.00000      0.00000      0.00000
      6.46000      0.00000      0.00000      0.00000      0.00000      0.00000      0.00000
      6.47000      0.00000      0.00000      0.00000      0.00000      0.00000      0.00000
      6.48000      0.00000      0.00000      0.00000      0.00000      0.00000      0.00000
      6.49000      0.00000      0.00000      0.00000      0.00000      0.00000      0.00000
      6.50000      0.00000      0.00000      0.00000      0.00000      0.00000      0.00000
      6.51000      0.00000      0.00000      0.00000      0.00000      0.00000      0.00000
      6.52000      0.00000      0.00000      0.00000      0.00000      0.00000      0.00000
      6.53000      0.00000      0.00000      0.00000      0.00000      0.00000      0.00000
      6.54000      0.00000      0.00000      0.00000      0.00000      0.00000      0.00000
      6.55000      0.00000      0.00000      0.00000      0.00000      0.00000      0.00000
      6.56000      0.00000      0.00000      0.00000      0.00000      0.00000      0.00000
      6.57000      0.00000      0.00000      0.00000      0.00000      0.00000      0.00000
      6.58000      0.00000      0.00000      0.00000      0.00000      0.00000      0.00000
      6.59000      0.00000      0.00000      0.00000      0.00000      0.00000      0.00000
      6.60000      0.00000      0.00000      0.00000      0.00000      0.00000      0.00000
      6.61000      0.00000      0.00000      0.00000      0.00000      0.00000      0.00000
      6.62000      0.00000      0.00000      0.00000      0.00000      0.00000      0.00000
      6.63000      0.00000      0.00000      0.00000      0.00000      0.00000      0.00000
      6.64000      0.00000      0.00000      0.00000      0.00000      0.00000      0.00000
      6.65000      0.00000      0.00000      0.00000      0.00000      0.00000      0.00000
      6.66000      0.00000      0.00000      0.00000      0.00000      0.00000      0.00000
      6.67000      0.00000      0.00000      0.00000      0.00000      0.00000      0.00000
      6.68000      0.00000      0.00000      0.00000      0.00000      0.00000      0.00000
      6.69000      0.00000      0.00000      0.00000      0.00000      0.00000      0.00000
      6.70000      0.00000      0.00000      0.00000      0.00000      0.00000      0.00000
      6.71000      0.00000      0.00000      0.00000      0.00000      0.00000      0.00000
      6.72000      0.00000      0.00000      0.00000      0.00000      0.00000      0.00000
      6.73000      0.00000      0.00000      0.00000      0.00000      0.00000      0.00000
      6.74000      0.00000      0.00000      0.00000      0.00000      0.00000      0.00000
      6.75000      0.00000      0.00000      0.00000      0.00000      0.00000      0.00000
      6.76000      0.00000      0.00000      0.00000      0.00000      0.00000      0.00000
      6.77000      0.00000      0.00000      0.00000      0.00000      0.00000      0.00000
      6.78000      0.00000      0.00000      0.00000      0.00000      0.00000      0.00000
      6.79000      0.00000      0.00000      0.00000      0.00000      0.00000      0.00000
      6.80000      0.00000      0.00000      0.00000      0.00000      0.00000      0.00000
      6.81000      0.00000      0.00000      0.00000      0.00000      0.00000      0.00000
      6.82000      0.00000      0.00000      0.00000      0.00000      0.00000      0.00000
      6.83000      0.00000      0.00000      0.00000      0.00000      0.00000      0.00000
      6.84000      0.00000      0.00000      0.00000      0.00000      0.00000      0.00000
      6.85000      0.00000      0.00000      0.00000      0.00000      0.00000      0.00000
      6.86000      0.00000      0.00000      0.00000      0.00000      0.00000      0.00000
      6.87000      0.00000      0.00000      0.00000      0.00000      0.00000      0.00000
      6.88000      0.00000      0.00000      0.00000      0.00000      0.00000      0.00000
      6.89000      0.00000      0.00000      0.00000      0.00000      0.00000      0.00000
      6.90000      0.00000      0.00000      0.00000      0.00000      0.00000      0.00000
      6.91000      0.00000      0.00000      0.00000      0.00000      0.00000      0.00000
      6.92000      0.00000      0.00000      0.00000      0.00000      0.00000      0.00000
      6.93000      0.00000      0.00000      0.00000      0.00000      0.00000      0.00000
      6.94000      0.00000      0.00000      0.00000      0.00000      0.00000      0.00000
      6.95000      0.00000      0.00000      0.00000      0.00000      0.00000      0.00000
      6.96000      0.00000      0.00000      0.00000      0.00000      0.00000      0.00000
      6.97000      0.00000      0.00000      0.00000      0.00000      0.00000      0.00000
      6.98000      0.00000      0.00000      0.00000      0.00000      0.00000      0.00000
      6.99000      0.00000      0.00000      0.00000      0.00000      0.00000      0.00000
      7.00000      0.00000      0.00000      0.00000      0.00000      0.00000      0.00000
      7.01000      0.00000      0.00000      0.00000      0.00000      0.00000      0.00000
      7.02000      0.00000      0.00000      0.00000      0.00000      0.00000      0.00000
      7.03000      0.00000      0.00000      0.00000      0.00000      0.00000      0.00000
      7.04000      0.00000      0.00000      0.00000      0.00000      0.00000      0.00000
      7.05000      0.00000      0.00000      0.00000      0.00000      0.00000      0.00000
      7.06000      0.00000      0.00000      0.00000      0.00000      0.00000      0.00000
      7.07000      0.00000      0.00000      0.00000      0.00000      0.00000      0.00000
      7.08000      0.00000      0.00000      0.00000      0.00000      0.00000      0.00000
      7.09000      0.00000      0.00000      0.00000      0.00000      0.00000      0.00000
      7.10000      0.00000      0.00000      0.00000      0.00000      0.00000      0.00000
      7.11000      0.00000      0.00000      0.00000      0.00000      0.00000      0.00000
      7.12000      0.00000      0.00000      0.00000      0.00000      0.00000      0.00000
      7.13000      0.00000      0.00000      0.00000      0.00000      0.00000      0.00000
      7.14000      0.00000      0.00000      0.00000      0.00000      0.00000      0.00000
      7.15000      0.00000      0.00000      0.00000      0.00000      0.00000      0.00000
      7.16000      0.00000      0.00000      0.00000      0.00000      0.00000      0.00000
      7.17000      0.00000      0.00000      0.00000      0.00000      0.00000      0.00000
      7.18000      0.00000      0.00000      0.00000      0.00000      0.00000      0.00000
      7.19000      0.00000      0.00000      0.00000      0.00000      0.00000      0.00000
      7.20000      0.00000      0.00000      0.00000      0.00000      0.00000      0.00000
      7.21000      0.00000      0.00000      0.00000      0.00000      0.00000      0.00000
      7.22000      0.00000      0.00000      0.00000      0.00000      0.00000      0.00000
      7.23000      0.00000      0.00000      0.00000      0.00000      0.00000      0.00000
      7.24000      0.00000      0.00000      0.00000      0.00000      0.00000      0.00000
      7.25000      0.00000      0.00000      0.00000      0.00000      0.00000      0.00000
      7.26000      0.00000      0.00000      0.00000      0.00000      0.00000      0.00000
      7.27000      0.00000      0.00000      0.00000      0.00000      0.00000      0.00000
      7.28000      0.00000      0.00000      0.00000      0.00000      0.00000      0.00000
      7.29000      0.00000      0.00000      0.00000      0.00000      0.00000      0.00000
      7.30000      0.00000      0.00000      0.00000      0.00000      0.00000      0.00000
      7.31000      0.00000      0.00000      0.00000      0.00000      0.00000      0.00000
      7.32000      0.00000      0.00000      0.00000      0.00000      0.00000      0.00000
      7.33000      0.00000      0.00000      0.00000      0.00000      0.00000      0.00000
      7.34000      0.00000      0.00000      0.00000      0.00000      0.00000      0.00000
      7.35000      0.00000      0.00000      0.00000      0.00000      0.00000      0.00000
      7.36000      0.00000      0.00000      0.00000      0.00000      0.00000      0.00000
      7.37000      0.00000      0.00000      0.00000      0.00000      0.00000      0.00000
      7.38000      0.00000      0.00000      0.00000      0.00000      0.00000      0.00000
      7.39000      0.00000      0.00000      0.00000      0.00000      0.00000      0.00000
      7.40000      0.00000      0.00000      0.00000      0.00000      0.00000      0.00000
      7.41000      0.00000      0.00000      0.00000      0.00000      0.00000      0.00000
      7.42000      0.00000      0.00000      0.00000      0.00000      0.00000      0.00000
      7.43000      0.00000      0.00000      0.00000      0.00000      0.00000      0.00000
      7.44000      0.00000      0.00000      0.00000      0.00000      0.00000      0.00000
      7.45000      0.00000      0.00000      0.00000      0.00000      0.00000      0.00000
      7.46000      0.00000      0.00000      0.00000      0.00000      0.00000      0.00000
      7.47000      0.00000      0.00000      0.00000      0.00000      0.00000      0.00000
      7.48000      0.00000      0.00000      0.00000      0.00000      0.00000      0.00000
      7.49000      0.00000      0.00000      0.00000      0.00000      0.00000      0.00000
      7.50000      0.00000      0.00000      0.00000      0.00000      0.00000      0.00000
      7.51000      0.00000      0.00000      0.00000      0.00000      0.00000      0.00000
      7.52000      0.00000      0.00000      0.00000      0.00000      0.00000      0.00000
      7.53000      0.00000      0.00000      0.00000      0.00000      0.00000      0.00000
      7.54000      0.00000      0.00000      0.00000      0.00000      0.00000      0.00000
      7.55000      0.00000      0.00000      0.00000      0.00000      0.00000      0.00000
      7.56000      0.00000      0.00000      0.00000      0.00000      0.00000      0.00000
      7.57000      0.00000      0.00000      0.00000      0.00000      0.00000      0.00000
      7.58000      0.00000      0.00000      0.00000      0.00000      0.00000      0.00000
      7.59000      0.00000      0.00000      0.00000      0.00000      0.00000      0.00000
      7.60000      0.00000      0.00000      0.00000      0.00000      0.00000      0.00000
      7.61000      0.00000      0.00000      0.00000      0.00000      0.00000      0.00000
      7.62000      0.00000      0.00000      0.00000      0.00000      0.00000      0.00000
      7.63000      0.00000      0.00000      0.00000      0.00000      0.00000      0.00000
      7.64000      0.00000      0.00000      0.00000      0.00000      0.00000      0.00000
      7.65000      0.00000      0.00000      0.00000      0.00000      0.00000      0.00000
      7.66000      0.00000      0.00000      0.00000      0.00000      0.00000      0.00000
      7.67000      0.00000      0.00000      0.00000      0.00000      0.00000      0.00000
      7.68000      0.00000      0.00000      0.00000      0.00000      0.00000      0.00000
      7.69000      0.00000      0.00000      0.00000      0.00000      0.00000      0.00000
      7.70000      0.00000      0.00000      0.00000      0.00000      0.00000      0.00000
      7.71000      0.00000      0.00000      0.00000      0.00000      0.00000      0.00000
      7.72000      0.00000      0.00000      0.00000      0.00000      0.00000      0.00000
      7.73000      0.00000      0.00000      0.00000      0.00000      0.00000      0.00000
      7.74000      0.00000      0.00000      0.00000      0.00000      0.00000      0.00000
      7.75000      0.00000      0.00000      0.00000      0.00000      0.00000      0.00000
      7.76000      0.00000      0.00000      0.00000      0.00000      0.00000      0.00000
      7.77000      0.00000      0.00000      0.00000      0.00000      0.00000      0.00000
      7.78000      0.00000      0.00000      0.00000      0.00000      0.00000      0.00000
      7.79000      0.00000      0.00000      0.00000      0.00000      0.00000      0.00000
      7.80000      0.00000      0.00000      0.00000      0.00000      0.00000      0.00000
      7.81000      0.00000      0.00000      0.00000      0.00000      0.00000      0.00000
      7.82000      0.00000      0.00000      0.00000      0.00000      0.00000      0.00000
      7.83000      0.00000      0.00000      0.00000      0.00000      0.00000      0.00000
      7.84000      0.00000      0.00000      0.00000      0.00000      0.00000      0.00000
      7.85000      0.00000      0.00000      0.00000      0.00000      0.00000      0.00000
      7.86000      0.00000      0.00000      0.00000      0.00000      0.00000      0.00000
      7.87000      0.00000      0.00000      0.00000      0.00000      0.00000      0.00000
      7.88000      0.00000      0.00000      0.00000      0.00000      0.00000      0.00000
      7.89000      0.00000      0.00000      0.00000      0.00000      0.00000      0.00000
      7.90000      0.00000      0.00000      0.00000      0.00000      0.00000      0.00000
      7.91000      0.00000      0.00000      0.00000      0.00000      0.00000      0.00000
      7.92000      0.00000      0.00000      0.00000      0.00000      0.00000      0.00000
      7.93000      0.00000      0.00000      0.00000      0.00000      0.00000      0.00000
      7.94000      0.00000      0.00000      0.00000      0.00000      0.00000      0.00000
      7.95000      0.00000      0.00000      0.00000      0.00000      0.00000      0.00000
      7.96000      0.00000      0.00000      0.00000      0.00000      0.00000      0.00000
      7.97000      0.00000      0.00000      0.00000      0.00000      0.00000      0.00000
      7.98000      0.00000      0.00000      0.00000      0.00000      0.00000      0.00000
      7.99000      0.00000      0.00000      0.00000      0.00000      0.00000      0.00000
      8.00000      0.00000      0.00000      0.00000      0.00000      0.00000      0.00000
      8.01000      0.00000      0.00000      0.00000      0.00000      0.00000      0.00000
      8.02000      0.00000      0.00000      0.00000      0.00000      0.00000      0.00000
      8.03000      0.00000      0.00000      0.00000      0.00000      0.00000      0.00000
      8.04000      0.00000      0.00000      0.00000      0.00000      0.00000      0.00000
      8.05000      0.00000      0.00000      0.00000      0.00000      0.00000      0.00000
      8.06000      0.00000      0.00000      0.00000      0.00000      0.00000      0.00000
      8.07000      0.00000      0.00000      0.00000      0.00000      0.00000      0.00000
      8.08000      0.00000      0.00000      0.00000      0.00000      0.00000      0.00000
      8.09000      0.00000      0.00000      0.00000      0.00000      0.00000      0.00000
      8.10000      0.00000      0.00000      0.00000      0.00000      0.00000      0.00000
      8.11000      0.00000      0.00000      0.00000      0.00000      0.00000      0.00000
      8.12000      0.00000      0.00000      0.00000      0.00000      0.00000      0.00000
      8.13000      0.00000      0.00000      0.00000      0.00000      0.00000      0.00000
      8.14000      0.00000      0.00000      0.00000      0.00000      0.00000      0.00000
      8.15000      0.00000      0.00000      0.00000      0.00000      0.00000      0.00000
      8.16000      0.00000      0.00000      0.00000      0.00000      0.00000      0.00000
      8.17000      0.00000      0.00000      0.00000      0.00000      0.00000      0.00000
      8.18000      0.00000      0.00000      0.00000      0.00000      0.00000      0.00000
      8.19000      0.00000      0.00000      0.00000      0.00000      0.00000      0.00000
      8.20000      0.00000      0.00000      0.00000      0.00000      0.00000      0.00000
      8.21000      0.00000      0.00000      0.00000      0.00000      0.00000      0.00000
      8.22000      0.00000      0.00000      0.00000      0.00000      0.00000      0.00000
      8.23000      0.00000      0.00000      0.00000      0.00000      0.00000      0.00000
      8.24000      0.00000      0.00000      0.00000      0.00000      0.00000      0.00000
      8.25000      0.00000      0.00000      0.00000      0.00000      0.00000      0.00000
      8.26000      0.00000      0.00000      0.00000      0.00000      0.00000      0.00000
      8.27000      0.00000      0.00000      0.00000      0.00000      0.00000      0.00000
      8.28000      0.00000      0.00000      0.00000      0.00000      0.00000      0.00000
      8.29000      0.00000      0.00000      0.00000      0.00000      0.00000      0.00000
      8.30000      0.00000      0.00000      0.00000      0.00000      0.00000      0.00000
      8.31000      0.00000      0.00000      0.00000      0.00000      0.00000      0.00000
      8.32000      0.00000      0.00000      0.00000      0.00000      0.00000      0.00000
      8.33000      0.00000      0.00000      0.00000      0.00000      0.00000      0.00000
      8.34000      0.00000      0.00000      0.00000      0.00000      0.00000      0.00000
      8.35000      0.00000      0.00000      0.00000      0.00000      0.00000      0.00000
      8.36000      0.00000      0.00000      0.00000      0.00000      0.00000      0.00000
      8.37000      0.00000      0.00000      0.00000      0.00000      0.00000      0.00000
      8.38000      0.00000      0.00000      0.00000      0.00000      0.00000      0.00000
      8.39000      0.00000      0.00000      0.00000      0.00000      0.00000      0.00000
      8.40000      0.00000      0.00000      0.00000      0.00000      0.00000      0.00000
      8.41000      0.00000      0.00000      0.00000      0.00000      0.00000      0.00000
      8.42000      0.00000      0.00000      0.00000      0.00000      0.00000      0.00000
      8.43000      0.00000      0.00000      0.00000      0.00000      0.00000      0.00000
      8.44000      0.00000      0.00000      0.00000      0.00000      0.00000      0.00000
      8.45000      0.00000      0.00000      0.00000      0.00000      0.00000      0.00000
      8.46000      0.00000      0.00000      0.00000      0.00000      0.00000      0.00000
      8.47000      0.00000      0.00000      0.00000      0.00000      0.00000      0.00000
      8.48000      0.00000      0.00000      0.00000      0.00000      0.00000      0.00000
      8.49000      0.00000      0.00000      0.00000      0.00000      0.00000      0.00000
      8.50000      0.00000      0.00000      0.00000      0.00000      0.00000      0.00000
      8.51000      0.00000      0.00000      0.00000      0.00000      0.00000      0.00000
      8.52000      0.00000      0.00000      0.00000      0.00000      0.00000      0.00000
      8.53000      0.00000      0.00000      0.00000      0.00000      0.00000      0.00000
      8.54000      0.00000      0.00000      0.00000      0.00000      0.00000      0.00000
      8.55000      0.00000      0.00000      0.00000      0.00000      0.00000      0.00000
      8.56000      0.00000      0.00000      0.00000      0.00000      0.00000      0.00000
      8.57000      0.00000      0.00000      0.00000      0.00000      0.00000      0.00000
      8.58000      0.00000      0.00000      0.00000      0.00000      0.00000      0.00000
      8.59000      0.00000      0.00000      0.00000      0.00000      0.00000      0.00000
      8.60000      0.00000      0.00000      0.00000      0.00000      0.00000      0.00000
      8.61000      0.00000      0.00000      0.00000      0.00000      0.00000      0.00000
      8.62000      0.00000      0.00000      0.00000      0.00000      0.00000      0.00000
      8.63000      0.00000      0.00000      0.00000      0.00000      0.00000      0.00000
      8.64000      0.00000      0.00000      0.00000      0.00000      0.00000      0.00000
      8.65000      0.00000      0.00000      0.00000      0.00000      0.00000      0.00000
      8.66000      0.00000      0.00000      0.00000      0.00000      0.00000      0.00000
      8.67000      0.00000      0.00000      0.00000      0.00000      0.00000      0.00000
      8.68000      0.00000      0.00000      0.00000      0.00000      0.00000      0.00000
      8.69000      0.00000      0.00000      0.00000      0.00000      0.00000      0.00000
      8.70000      0.00000      0.00000      0.00000      0.00000      0.00000      0.00000
      8.71000      0.00000      0.00000      0.00000      0.00000      0.00000      0.00000
      8.72000      0.00000      0.00000      0.00000      0.00000      0.00000      0.00000
      8.73000      0.00000      0.00000      0.00000      0.00000      0.00000      0.00000
      8.74000      0.00000      0.00000      0.00000      0.00000      0.00000      0.00000
      8.75000      0.00000      0.00000      0.00000      0.00000      0.00000      0.00000
      8.76000      0.00000      0.00000      0.00000      0.00000      0.00000      0.00000
      8.77000      0.00000      0.00000      0.00000      0.00000      0.00000      0.00000
      8.78000      0.00000      0.00000      0.00000      0.00000      0.00000      0.00000
      8.79000      0.00000      0.00000      0.00000      0.00000      0.00000      0.00000
      8.80000      0.00000      0.00000      0.00000      0.00000      0.00000      0.00000
      8.81000      0.00000      0.00000      0.00000      0.00000      0.00000      0.00000
      8.82000      0.00000      0.00000      0.00000      0.00000      0.00000      0.00000
      8.83000      0.00000      0.00000      0.00000      0.00000      0.00000      0.00000
      8.84000      0.00000      0.00000      0.00000      0.00000      0.00000      0.00000
      8.85000      0.00000      0.00000      0.00000      0.00000      0.00000      0.00000
      8.86000      0.00000      0.00000      0.00000      0.00000      0.00000      0.00000
      8.87000      0.00000      0.00000      0.00000      0.00000      0.00000      0.00000
      8.88000      0.00000      0.00000      0.00000      0.00000      0.00000      0.00000
      8.89000      0.00000      0.00000      0.00000      0.00000      0.00000      0.00000
      8.90000      0.00000      0.00000      0.00000      0.00000      0.00000      0.00000
      8.91000      0.00000      0.00000      0.00000      0.00000      0.00000      0.00000
      8.92000      0.00000      0.00000      0.00000      0.00000      0.00000      0.00000
      8.93000      0.00000      0.00000      0.00000      0.00000      0.00000      0.00000
      8.94000      0.00000      0.00000      0.00000      0.00000      0.00000      0.00000
      8.95000      0.00000      0.00000      0.00000      0.00000      0.00000      0.00000
      8.96000      0.00000      0.00000      0.00000      0.00000      0.00000      0.00000
      8.97000      0.00000      0.00000      0.00000      0.00000      0.00000      0.00000
      8.98000      0.00000      0.00000      0.00000      0.00000      0.00000      0.00000
      8.99000      0.00000      0.00000      0.00000      0.00000      0.00000      0.00000
      9.00000      0.00000      0.00000      0.00000      0.00000      0.00000      0.00000
      9.01000      0.00000      0.00000      0.00000      0.00000      0.00000      0.00000
      9.02000      0.00000      0.00000      0.00000      0.00000      0.00000      0.00000
      9.03000      0.00000      0.00000      0.00000      0.00000      0.00000      0.00000
      9.04000      0.00000      0.00000      0.00000      0.00000      0.00000      0.00000
      9.05000      0.00000      0.00000      0.00000      0.00000      0.00000      0.00000
      9.06000      0.00000      0.00000      0.00000      0.00000      0.00000      0.00000
      9.07000      0.00000      0.00000      0.00000      0.00000      0.00000      0.00000
      9.08000      0.00000      0.00000      0.00000      0.00000      0.00000      0.00000
      9.09000      0.00000      0.00000      0.00000      0.00000      0.00000      0.00000
      9.10000      0.00000      0.00000      0.00000      0.00000      0.00000      0.00000
      9.11000      0.00000      0.00000      0.00000      0.00000      0.00000      0.00000
      9.12000      0.00000      0.00000      0.00000      0.00000      0.00000      0.00000
      9.13000      0.00000      0.00000      0.00000      0.00000      0.00000      0.00000
      9.14000      0.00000      0.00000      0.00000      0.00000      0.00000      0.00000
      9.15000      0.00000      0.00000      0.00000      0.00000      0.00000      0.00000
      9.16000      0.00000      0.00000      0.00000      0.00000      0.00000      0.00000
      9.17000      0.00000      0.00000      0.00000      0.00000      0.00000      0.00000
      9.18000      0.00000      0.00000      0.00000      0.00000      0.00000      0.00000
      9.19000      0.00000      0.00000      0.00000      0.00000      0.00000      0.00000
      9.20000      0.00000      0.00000      0.00000      0.00000      0.00000      0.00000
      9.21000      0.00000      0.00000      0.00000      0.00000      0.00000      0.00000
      9.22000      0.00000      0.00000      0.00000      0.00000      0.00000      0.00000
      9.23000      0.00000      0.00000      0.00000      0.00000      0.00000      0.00000
      9.24000      0.00000      0.00000      0.00000      0.00000      0.00000      0.00000
      9.25000      0.00000      0.00000      0.00000      0.00000      0.00000      0.00000
      9.26000      0.00000      0.00000      0.00000      0.00000      0.00000      0.00000
      9.27000      0.00000      0.00000      0.00000      0.00000      0.00000      0.00000
      9.28000      0.00000      0.00000      0.00000      0.00000      0.00000      0.00000
      9.29000      0.00000      0.00000      0.00000      0.00000      0.00000      0.00000
      9.30000      0.00000      0.00000      0.00000      0.00000      0.00000      0.00000
      9.31000      0.00000      0.00000      0.00000      0.00000      0.00000      0.00000
      9.32000      0.00000      0.00000      0.00000      0.00000      0.00000      0.00000
      9.33000      0.00000      0.00000      0.00000      0.00000      0.00000      0.00000
      9.34000      0.00000      0.00000      0.00000      0.00000      0.00000      0.00000
      9.35000      0.00000      0.00000      0.00000      0.00000      0.00000      0.00000
      9.36000      0.00000      0.00000      0.00000      0.00000      0.00000      0.00000
      9.37000      0.00000      0.00000      0.00000      0.00000      0.00000      0.00000
      9.38000      0.00000      0.00000      0.00000      0.00000      0.00000      0.00000
      9.39000      0.00000      0.00000      0.00000      0.00000      0.00000      0.00000
      9.40000      0.00000      0.00000      0.00000      0.00000      0.00000      0.00000
      9.41000      0.00000      0.00000      0.00000      0.00000      0.00000      0.00000
      9.42000      0.00000      0.00000      0.00000      0.00000      0.00000      0.00000
      9.43000      0.00000      0.00000      0.00000      0.00000      0.00000      0.00000
      9.44000      0.00000      0.00000      0.00000      0.00000      0.00000      0.00000
      9.45000      0.00000      0.00000      0.00000      0.00000      0.00000      0.00000
      9.46000      0.00000      0.00000      0.00000      0.00000      0.00000      0.00000
      9.47000      0.00000      0.00000      0.00000      0.00000      0.00000      0.00000
      9.48000      0.00000      0.00000      0.00000      0.00000      0.00000      0.00000
      9.49000      0.00000      0.00000      0.00000      0.00000      0.00000      0.00000
      9.50000      0.00000      0.00000      0.00000      0.00000      0.00000      0.00000
      9.51000      0.00000      0.00000      0.00000      0.00000      0.00000      0.00000
      9.52000      0.00000      0.00000      0.00000      0.00000      0.00000      0.00000
      9.53000      0.00000      0.00000      0.00000      0.00000      0.00000      0.00000
      9.54000      0.00000      0.00000      0.00000      0.00000      0.00000      0.00000
      9.55000      0.00000      0.00000      0.00000      0.00000      0.00000      0.00000
      9.56000      0.00000      0.00000      0.00000      0.00000      0.00000      0.00000
      9.57000      0.00000      0.00000      0.00000      0.00000      0.00000      0.00000
      9.58000      0.00000      0.00000      0.00000      0.00000      0.00000      0.00000
      9.59000      0.00000      0.00000      0.00000      0.00000      0.00000      0.00000
      9.60000      0.00116      0.00005      0.00000      0.00018      0.00131      0.00014
      9.61000      0.07865      0.00324      0.00000      0.01212      0.08905      0.00965
      9.62000      1.97007      0.08126      0.00000      0.30347      2.23044      0.24181
      9.63000     18.15318      0.74880      0.00000      2.79635     20.55236      2.22812
      9.64000     61.53589      2.53828      0.00000      9.47911     69.66867      7.55290
      9.65000     76.73788      3.16535      0.00000     11.82086     86.87981      9.41879
      9.66000     35.20438      1.45214      0.00000      5.42295     39.85710      4.32098
      9.67000      5.94140      0.24508      0.00000      0.91523      6.72664      0.72925
      9.68000      0.36888      0.01522      0.00000      0.05682      0.41763      0.04528
      9.69000      0.00843      0.00035      0.00000      0.00130      0.00954      0.00103
      9.70000      0.00000      0.00000      0.00000      0.00000      0.00000      0.00000
      9.71000      0.00000      0.00000      0.00000      0.00000      0.00000      0.00000
      9.72000      0.00000      0.00000      0.00000      0.00000      0.00000      0.00000
      9.73000      0.00000      0.00000      0.00000      0.00000      0.00000      0.00000
      9.74000      0.00000      0.00000      0.00000      0.00000      0.00000      0.00000
      9.75000      0.00000      0.00000      0.00000      0.00000      0.00000      0.00000
      9.76000      0.01292      0.00130      0.00000      0.00033      0.02275      0.00000
      9.77000      0.51118      0.05160      0.00000      0.01324      0.90013      0.00000
      9.78000      7.44200      0.75123      0.00000      0.19276     13.10462      0.00000
      9.79000     39.85796      4.02345      0.00000      1.03239     70.18588      0.00000
      9.80000     78.53186      7.92738      0.00000      2.03411    138.28674      0.00000
      9.81000     56.92227      5.74601      0.00000      1.47439    100.23441      0.00000
      9.82000     15.18134      1.53217      0.00000      0.39317     26.73393      0.00020
      9.83000      1.65533      0.15030      0.00000      0.03995      2.97635      0.01120
      9.84000      3.44190      0.00542      0.00000      0.02965      7.31259      0.22795
      9.85000     25.37887      0.00007      0.00000      0.21172     54.06552      1.70740
      9.86000     69.92947      0.00000      0.00000      0.58333    148.97399      4.70474
      9.87000     70.88689      0.00000      0.00000      0.59132    151.01363      4.76916
      9.88000     26.43487      0.00000      0.00000      0.22051     56.31542      1.77850
      9.89000      3.62655      0.00000      0.00000      0.03025      7.72581      0.24399
      9.90000      0.18303      0.00000      0.00000      0.00153      0.38991      0.01231
      9.91000      0.00340      0.00000      0.00000      0.00003      0.00724      0.00023
      9.92000      0.00000      0.00000      0.00000      0.00000      0.00000      0.00000
      9.93000      0.00000      0.00000      0.00000      0.00000      0.00000      0.00000
      9.94000      0.00000      0.00000      0.00000      0.00000      0.00000      0.00000
      9.95000      0.00000      0.00000      0.00000      0.00000      0.00000      0.00000
      9.96000      0.00000      0.00000      0.00000      0.00000      0.00000      0.00000
      9.97000      0.00000      0.00000      0.00000      0.00000      0.00000      0.00000
      9.98000      0.00000      0.00000      0.00000      0.00000      0.00000      0.00000
      9.99000      0.00000      0.00000      0.00000      0.00000      0.00000      0.00000
     10.00000      0.00000      0.00000      0.00000      0.00000      0.00000      0.00000
     10.01000      0.00000      0.00000      0.00000      0.00000      0.00000      0.00000
     10.02000      0.00000      0.00000      0.00000      0.00000      0.00000      0.00000
     10.03000      0.00000      0.00000      0.00000      0.00000      0.00000      0.00000
     10.04000      0.00000      0.00000      0.00000      0.00000      0.00000      0.00000
     10.05000      0.00000      0.00000      0.00000      0.00000      0.00000      0.00000
     10.06000      0.00000      0.00000      0.00000      0.00000      0.00000      0.00000
     10.07000      0.00000      0.00000      0.00000      0.00000      0.00000      0.00000
     10.08000      0.00000      0.00000      0.00000      0.00000      0.00000      0.00000
     10.09000      0.00000      0.00000      0.00000      0.00000      0.00000      0.00000
     10.10000      0.00047      0.00000      0.00015      0.00002      0.00060      0.00000
     10.11000      0.03868      0.00000      0.01253      0.00145      0.04953      0.00000
     10.12000      1.16768      0.00000      0.37805      0.04373      1.49473      0.00000
     10.13000     13.00106      0.00000      4.20531      0.49391     16.61500      0.00000
     10.14000     54.25613      0.00000     17.43683      2.26118     68.55475      0.00000
     10.15000     93.80720      0.00000     28.98830      5.96512    110.48030      0.00000
     10.16000     99.40926      0.00000     26.82673     13.22280     90.05532      0.00000
     10.17000     87.84140      0.00000     20.81925     16.80031     59.54339      0.00000
     10.18000     41.94148      0.00000      9.59332      8.63719     26.01978      0.00000
     10.19000      7.95960      0.00000      1.81014      1.65771      4.86536      0.00000
     10.20000      0.56209      0.00000      0.12770      0.11729      0.34271      0.00000
     10.21000      0.01464      0.00000      0.00333      0.00305      0.00892      0.00000
     10.22000      0.00000      0.00000      0.00000      0.00000      0.00000      0.00000
     10.23000      0.00000      0.00000      0.00000      0.00000      0.00000      0.00000
     10.24000      0.00000      0.00000      0.00000      0.00000      0.00000      0.00000
     10.25000      0.00000      0.00000      0.00000      0.00000      0.00000      0.00000
     10.26000      0.00000      0.00000      0.00000      0.00000      0.00000      0.00000
     10.27000      0.00000      0.00000      0.00000      0.00000      0.00000      0.00000
     10.28000      0.00000      0.00000      0.00000      0.00000      0.00000      0.00000
     10.29000      0.00000      0.00000      0.00000      0.00000      0.00000      0.00000
     10.30000      0.00000      0.00000      0.00000      0.00000      0.00000      0.00000
     10.31000      0.00000      0.00000      0.00000      0.00000      0.00000      0.00000
     10.32000      0.00000      0.00000      0.00000      0.00000      0.00000      0.00000
     10.33000      0.00000      0.00000      0.00000      0.00000      0.00000      0.00000
     10.34000      0.00000      0.00000      0.00000      0.00000      0.00000      0.00000
     10.35000      0.00000      0.00000      0.00000      0.00000      0.00000      0.00000
     10.36000      0.00000      0.00000      0.00000      0.00000      0.00000      0.00000
     10.37000      0.00000      0.00000      0.00000      0.00000      0.00000      0.00000
     10.38000      0.00000      0.00000      0.00000      0.00000      0.00000      0.00000
     10.39000      0.00000      0.00000      0.00000      0.00000      0.00000      0.00000
     10.40000      0.00000      0.00000      0.00000      0.00000      0.00000      0.00000
     10.41000      0.00000      0.00000      0.00000      0.00000      0.00000      0.00000
     10.42000      0.00000      0.00000      0.00000      0.00000      0.00000      0.00000
     10.43000      0.00000      0.00000      0.00000      0.00000      0.00000      0.00000
     10.44000      0.00000      0.00000      0.00000      0.00000      0.00000      0.00000
     10.45000      0.00000      0.00000      0.00000      0.00000      0.00000      0.00000
     10.46000      0.00000      0.00000      0.00000      0.00000      0.00000      0.00000
     10.47000      0.00000      0.00000      0.00000      0.00000      0.00000      0.00000
     10.48000      0.00000      0.00000      0.00000      0.00000      0.00000      0.00000
     10.49000      0.00000      0.00000      0.00000      0.00000      0.00000      0.00000
     10.50000      0.00000      0.00000      0.00000      0.00000      0.00000      0.00000
     10.51000      0.00155      0.00000      0.00000      0.00000      0.00280      0.00025
     10.52000      0.09910      0.00000      0.00000      0.00000      0.17879      0.01571
     10.53000      2.33144      0.00000      0.00000      0.00000      4.20630      0.36953
     10.54000     20.17898      0.00000      0.00000      0.00000     36.40618      3.19835
     10.55000     64.25088      0.00000      0.00000      0.00000    115.91912     10.18370
     10.56000     75.26006      0.00000      0.00000      0.00000    135.78149     11.92865
     10.57000     32.43064      0.00000      0.00000      0.00000     58.51020      5.14023
     10.58000      5.14105      0.00000      0.00000      0.00000      9.27530      0.81485
     10.59000      0.29982      0.00000      0.00000      0.00000      0.54092      0.04752
     10.60000      0.00643      0.00000      0.00000      0.00000      0.01160      0.00102
     10.61000      0.00000      0.00000      0.00000      0.00000      0.00000      0.00000
     10.62000      0.00000      0.00000      0.00000      0.00000      0.00000      0.00000
     10.63000      0.00000      0.00000      0.00000      0.00000      0.00000      0.00000
     10.64000      0.00000      0.00000      0.00000      0.00000      0.00000      0.00000
     10.65000      0.00064      0.00000      0.00000      0.00003      0.00078      0.00014
     10.66000      0.04939      0.00000      0.00000      0.00213      0.05987      0.01075
     10.67000      1.39898      0.00000      0.00000      0.06033      1.69597      0.30459
     10.68000     14.57860      0.00000      0.00000      0.62866     17.67352      3.17408
     10.69000     55.88904      0.00000      0.00000      2.41007     67.75383     12.16828
     10.70000     78.82118      0.00000      0.00000      3.39896     95.55428     17.16111
     10.71000     40.89448      0.00000      0.00000      1.76347     49.57605      8.90363
     10.72000      7.80534      0.00000      0.00000      0.33658      9.46236      1.69940
     10.73000      0.54806      0.00000      0.00000      0.02363      0.66440      0.11932
     10.74000      0.01416      0.00000      0.00000      0.00061      0.01716      0.00308
     10.75000      0.00000      0.00000      0.00000      0.00000      0.00000      0.00000
     10.76000      0.00000      0.00000      0.00000      0.00000      0.00000      0.00000
     10.77000      0.00000      0.00000      0.00000      0.00000      0.00000      0.00000
     10.78000      0.00000      0.00000      0.00000      0.00000      0.00000      0.00000
     10.79000      0.00000      0.00000      0.00000      0.00000      0.00000      0.00000
     10.80000      0.00000      0.00000      0.00000      0.00000      0.00000      0.00000
     10.81000      0.00000      0.00000      0.00000      0.00000      0.00000      0.00000
     10.82000      0.00000      0.00000      0.00000      0.00000      0.00000      0.00000
     10.83000      0.00000      0.00000      0.00000      0.00000      0.00000      0.00000
     10.84000      0.00000      0.00000      0.00000      0.00000      0.00000      0.00000
     10.85000      0.00000      0.00000      0.00000      0.00000      0.00000      0.00000
     10.86000      0.00000      0.00000      0.00000      0.00000      0.00000      0.00000
     10.87000      0.00000      0.00000      0.00000      0.00000      0.00000      0.00000
     10.88000      0.00000      0.00000      0.00000      0.00000      0.00000      0.00000
     10.89000      0.00000      0.00000      0.00000      0.00000      0.00000      0.00000
     10.90000      0.00000      0.00000      0.00000      0.00000      0.00000      0.00000
     10.91000      0.00000      0.00000      0.00000      0.00000      0.00000      0.00000
     10.92000      0.00000      0.00000      0.00000      0.00000      0.00000      0.00000
     10.93000      0.00000      0.00000      0.00000      0.00000      0.00000      0.00000
     10.94000      0.01058      0.00000      0.00000      0.00000      0.01366      0.00000
     10.95000      0.43910      0.00000      0.00000      0.00000      0.56703      0.00000
     10.96000      6.70342      0.00000      0.00000      0.00000      8.65644      0.00000
     10.97000     37.64760      0.00000      0.00000      0.00000     48.61605      0.00000
     10.98000     77.78275      0.00000      0.00000      0.00000    100.44440      0.00000
     10.99000     59.12141      0.00000      0.00013      0.00000     76.34563      0.00016
     11.00000     16.61935      0.00000      0.00837      0.00000     21.42666      0.01029
     11.01000      3.84976      0.00000      0.20311      0.00000      4.13078      0.24967
     11.02000     19.24184      0.00000      1.81221      0.00000     17.34771      2.22763
     11.03000     62.94905      0.00000      5.94840      0.00000     56.67049      7.31198
     11.04000     76.01159      0.00000      7.18285      0.00000     68.42975      8.82942
     11.05000     33.76620      0.00000      3.19080      0.00000     30.39816      3.92224
     11.06000      5.51811      0.00000      0.52144      0.00000      4.96770      0.64098
     11.07000      0.33174      0.00000      0.03135      0.00000      0.29865      0.03854
     11.08000      0.00734      0.00000      0.00069      0.00000      0.00661      0.00085
     11.09000      0.00000      0.00000      0.00000      0.00000      0.00000      0.00000
     11.10000      0.00000      0.00000      0.00000      0.00000      0.00000      0.00000
     11.11000      0.00000      0.00000      0.00000      0.00000      0.00000      0.00000
     11.12000      0.00000      0.00000      0.00000      0.00000      0.00000      0.00000
     11.13000      0.00000      0.00000      0.00000      0.00000      0.00000      0.00000
     11.14000      0.00000      0.00000      0.00000      0.00000      0.00000      0.00000
     11.15000      0.00000      0.00000      0.00000      0.00000      0.00000      0.00000
     11.16000      0.00000      0.00000      0.00000      0.00000      0.00000      0.00000
     11.17000      0.00000      0.00000      0.00000      0.00000      0.00000      0.00000
     11.18000      0.00000      0.00000      0.00000      0.00000      0.00000      0.00000
     11.19000      0.00000      0.00000      0.00000      0.00000      0.00000      0.00000
     11.20000      0.00000      0.00000      0.00000      0.00000      0.00000      0.00000
     11.21000      0.00000      0.00000      0.00000      0.00000      0.00000      0.00000
     11.22000      0.00000      0.00000      0.00000      0.00000      0.00000      0.00000
     11.23000      0.02445      0.00000      0.01914      0.00000      0.01522      0.00334
     11.24000      0.82820      0.00000      0.64816      0.00000      0.51553      0.11304
     11.25000     10.31958      0.00000      8.07625      0.00000      6.42366      1.40848
     11.26000     47.30349      0.00000     37.02037      0.00000     29.44512      6.45629
     11.27000     79.76819      0.00000     62.42770      0.00000     49.65351     10.88729
     11.28000     49.48480      0.00000     38.72750      0.00000     30.80293      6.75401
     11.29000     11.29326      0.00000      8.83827      0.00000      7.02975      1.54138
     11.30000      0.94814      0.00000      0.74203      0.00000      0.59019      0.12941
     11.31000      0.02928      0.00000      0.02292      0.00000      0.01823      0.00400
     11.32000      0.00033      0.00000      0.00026      0.00000      0.00021      0.00005
     11.33000      0.00000      0.00000      0.00000      0.00000      0.00000      0.00000
     11.34000      0.00000      0.00000      0.00000      0.00000      0.00000      0.00000
     11.35000      0.00000      0.00000      0.00000      0.00000      0.00000      0.00000
     11.36000      0.00000      0.00000      0.00000      0.00000      0.00000      0.00000
     11.37000      0.00000      0.00000      0.00000      0.00000      0.00000      0.00000
     11.38000      0.00000      0.00000      0.00000      0.00000      0.00000      0.00000
     11.39000      0.00000      0.00000      0.00000      0.00000      0.00000      0.00000
     11.40000      0.00155      0.00000      0.00119      0.00000      0.00036      0.00047
     11.41000      0.11844      0.00093      0.09213      0.00000      0.02780      0.03025
     11.42000      3.02292      0.03337      2.36374      0.00000      0.71060      0.71121
     11.43000     29.30381      0.44206     23.06382      0.00000      6.90166      6.15121
     11.44000    108.63127      2.15425     86.15160      0.00000     25.64248     19.57162
     11.45000    154.75053      3.86206    123.73103      0.00000     36.61751     22.90862
     11.46000     84.83726      2.54712     68.37577      0.00000     20.12241      9.86453
     11.47000     17.85513      0.61799     14.49427      0.00000      4.24417      1.56264
     11.48000      1.43468      0.05516      1.17160      0.00000      0.34164      0.09106
     11.49000      0.04370      0.00181      0.03585      0.00000      0.01042      0.00195
     11.50000      0.00045      0.00002      0.00037      0.00000      0.00011      0.00000
     11.51000      0.00000      0.00000      0.00000      0.00000      0.00000      0.00000
     11.52000      0.00000      0.00000      0.00000      0.00000      0.00000      0.00000
     11.53000      0.00000      0.00000      0.00000      0.00000      0.00000      0.00000
     11.54000      0.00000      0.00000      0.00000      0.00000      0.00000      0.00000
     11.55000      0.00000      0.00000      0.00000      0.00000      0.00000      0.00000
     11.56000      0.00000      0.00000      0.00000      0.00000      0.00000      0.00000
     11.57000      0.00000      0.00000      0.00000      0.00000      0.00000      0.00000
     11.58000      0.00000      0.00000      0.00000      0.00000      0.00000      0.00000
     11.59000      0.00000      0.00000      0.00000      0.00000      0.00000      0.00000
     11.60000      0.00000      0.00000      0.00000      0.00000      0.00000      0.00000
     11.61000      0.00000      0.00000      0.00000      0.00000      0.00000      0.00000
     11.62000      0.00000      0.00000      0.00000      0.00000      0.00000      0.00000
     11.63000      0.00000      0.00000      0.00000      0.00000      0.00000      0.00000
     11.64000      0.00000      0.00000      0.00000      0.00000      0.00000      0.00000
     11.65000      0.00000      0.00000      0.00000      0.00000      0.00000      0.00000
     11.66000      0.00000      0.00000      0.00000      0.00000      0.00000      0.00000
     11.67000      0.00000      0.00000      0.00000      0.00000      0.00000      0.00000
     11.68000      0.00000      0.00000      0.00000      0.00000      0.00000      0.00000
     11.69000      0.00000      0.00000      0.00000      0.00000      0.00000      0.00000
     11.70000      0.00000      0.00000      0.00000      0.00000      0.00000      0.00000
     11.71000      0.00000      0.00000      0.00000      0.00000      0.00000      0.00000
     11.72000      0.00000      0.00000      0.00000      0.00000      0.00000      0.00000
     11.73000      0.00000      0.00000      0.00000      0.00000      0.00000      0.00000
     11.74000      0.00000      0.00000      0.00000      0.00000      0.00000      0.00000
     11.75000      0.00000      0.00000      0.00000      0.00000      0.00000      0.00000
     11.76000      0.00000      0.00000      0.00000      0.00000      0.00000      0.00000
     11.77000      0.00000      0.00000      0.00000      0.00000      0.00000      0.00000
     11.78000      0.00000      0.00000      0.00000      0.00000      0.00000      0.00000
     11.79000      0.00087      0.00000      0.00151      0.00000      0.00019      0.00007
     11.80000      0.06297      0.00000      0.10916      0.00000      0.01391      0.00480
     11.81000      1.67357      0.00000      2.90115      0.00000      0.36961      0.12764
     11.82000     16.36328      0.00000     28.36587      0.00000      3.61385      1.24800
     11.83000     58.85742      0.00000    102.02979      0.00000     12.99873      4.48896
     11.84000     77.88209      0.00000    135.00920      0.00000     17.20035      5.93995
     11.85000     37.91224      0.00000     65.72116      0.00000      8.37296      2.89151
     11.86000      6.78933      0.00000     11.76935      0.00000      1.49943      0.51781
     11.87000      0.44728      0.00000      0.77536      0.00000      0.09878      0.03411
     11.88000      0.01084      0.00000      0.01879      0.00000      0.00239      0.00083
     11.89000      0.00000      0.00000      0.00000      0.00000      0.00000      0.00000
     11.90000      0.00000      0.00000      0.00000      0.00000      0.00000      0.00000
     11.91000      0.00000      0.00000      0.00000      0.00000      0.00000      0.00000
     11.92000      0.00000      0.00000      0.00000      0.00000      0.00000      0.00000
     11.93000      0.00000      0.00000      0.00000      0.00000      0.00000      0.00000
     11.94000      0.00000      0.00000      0.00000      0.00000      0.00000      0.00000
     11.95000      0.00000      0.00000      0.00000      0.00000      0.00000      0.00000
     11.96000      0.00146      0.00000      0.00208      0.00000      0.00011      0.00009
     11.97000      0.09472      0.00000      0.13481      0.00000      0.00697      0.00582
     11.98000      2.25617      0.00000      3.21097      0.00000      0.16605      0.13857
     11.99000     19.76949      0.00000     28.13583      0.00000      1.45499      1.21422
     12.00000     63.72725      0.00000     90.69628      0.00000      4.69019      3.91406
     12.01000     75.57191      0.00000    107.55354      0.00000      5.56193      4.64155
     12.02000     32.96865      0.00000     46.92081      0.00000      2.42642      2.02490
     12.03000      5.29112      0.00000      7.53029      0.00000      0.38942      0.32498
     12.04000      0.31239      0.00000      0.44459      0.00000      0.02299      0.01919
     12.05000      0.00679      0.00000      0.00966      0.00000      0.00050      0.00042
     12.06000      0.00000      0.00000      0.00000      0.00000      0.00000      0.00000
     12.07000      0.00000      0.00000      0.00000      0.00000      0.00000      0.00000
     12.08000      0.00000      0.00000      0.00000      0.00000      0.00000      0.00000
     12.09000      0.00000      0.00000      0.00000      0.00000      0.00000      0.00000
     12.10000      0.00000      0.00000      0.00000      0.00000      0.00000      0.00000
     12.11000      0.00000      0.00000      0.00000      0.00000      0.00000      0.00000
     12.12000      0.00000      0.00000      0.00000      0.00000      0.00000      0.00000
     12.13000      0.00000      0.00000      0.00000      0.00000      0.00000      0.00000
     12.14000      0.00000      0.00000      0.00000      0.00000      0.00000      0.00000
     12.15000      0.00000      0.00000      0.00000      0.00000      0.00000      0.00000
     12.16000      0.00000      0.00000      0.00000      0.00000      0.00000      0.00000
     12.17000      0.00000      0.00000      0.00000      0.00000      0.00000      0.00000
     12.18000      0.00000      0.00000      0.00000      0.00000      0.00000      0.00000
     12.19000      0.00000      0.00000      0.00000      0.00000      0.00000      0.00000
     12.20000      0.00000      0.00000      0.00000      0.00000      0.00000      0.00000
     12.21000      0.00000      0.00000      0.00000      0.00000      0.00000      0.00000
     12.22000      0.00000      0.00000      0.00000      0.00000      0.00000      0.00000
     12.23000      0.00000      0.00000      0.00000      0.00000      0.00000      0.00000
     12.24000      0.00000      0.00000      0.00000      0.00000      0.00000      0.00000
     12.25000      0.00000      0.00000      0.00000      0.00000      0.00000      0.00000
     12.26000      0.00000      0.00000      0.00000      0.00000      0.00000      0.00000
     12.27000      0.00000      0.00000      0.00000      0.00000      0.00000      0.00000
     12.28000      0.00000      0.00000      0.00000      0.00000      0.00000      0.00000
     12.29000      0.00000      0.00000      0.00000      0.00000      0.00000      0.00000
     12.30000      0.00000      0.00000      0.00000      0.00000      0.00000      0.00000
     12.31000      0.00000      0.00000      0.00000      0.00000      0.00000      0.00000
     12.32000      0.00000      0.00000      0.00000      0.00000      0.00000      0.00000
     12.33000      0.00000      0.00000      0.00000      0.00000      0.00000      0.00000
     12.34000      0.00000      0.00000      0.00000      0.00000      0.00000      0.00000
     12.35000      0.00000      0.00000      0.00000      0.00000      0.00000      0.00000
     12.36000      0.00000      0.00000      0.00000      0.00000      0.00000      0.00000
     12.37000      0.00000      0.00000      0.00000      0.00000      0.00000      0.00000
     12.38000      0.00096      0.00000      0.00134      0.00000      0.00000      0.00023
     12.39000      0.06778      0.00000      0.09463      0.00000      0.00000      0.01630
     12.40000      1.76666      0.00000      2.46638      0.00000      0.00000      0.42494
     12.41000     16.93917      0.00000     23.64827      0.00000      0.00000      4.07444
     12.42000     59.74996      0.00000     83.41512      0.00000      0.00000     14.37187
     12.43000     77.53335      0.00000    108.24198      0.00000      0.00000     18.64937
     12.44000     37.01221      0.00000     51.67163      0.00000      0.00000      8.90268
     12.45000      6.49991      0.00000      9.07432      0.00000      0.00000      1.56345
     12.46000      0.41993      0.00000      0.58625      0.00000      0.00000      0.10101
     12.47000      0.01089      0.00000      0.01603      0.00000      0.00000      0.00242
     12.48000      0.06509      0.00000      0.15049      0.00000      0.00000      0.00108
     12.49000      1.71477      0.00000      3.96486      0.00000      0.00000      0.02856
     12.50000     16.61984      0.00000     38.42805      0.00000      0.00000      0.27681
     12.51000     59.25879      0.00000    137.01690      0.00000      0.00000      0.98697
     12.52000     77.72919      0.00000    179.72376      0.00000      0.00000      1.29460
     12.53000     37.50810      0.00000     86.72542      0.00000      0.00000      0.62477
     12.54000      6.68870      0.00000     15.46557      0.00000      0.00000      0.11718
     12.55000      1.40976      0.00000      3.26317      0.00000      0.00000      0.20889
     12.56000     11.54102      0.00000     26.70544      0.00000      0.00000      2.38637
     12.57000     50.81677      0.00000    116.97320      0.00000      0.00000     10.55598
     12.58000     90.48200      0.00000    200.87840      0.00000      0.00000     19.27334
     12.59000     95.10038      0.00000    181.30405      0.00000      0.00000     22.18346
     12.60000     89.91336      0.00000    143.84591      0.00000      0.00000     22.75404
     12.61000     49.34295      0.00000     75.10647      0.00000      0.00000     12.73463
     12.62000     10.88604      0.00000     16.44569      0.00000      0.00000      2.81754
     12.63000      0.89430      0.00000      1.34947      0.00000      0.00000      0.23157
     12.64000      0.02709      0.00000      0.04087      0.00000      0.00000      0.00701
     12.65000      0.00030      0.00000      0.00046      0.00000      0.00000      0.00008
     12.66000      0.00000      0.00000      0.00000      0.00000      0.00000      0.00000
     12.67000      0.00000      0.00000      0.00000      0.00000      0.00000      0.00000
     12.68000      0.00000      0.00000      0.00000      0.00000      0.00000      0.00000
     12.69000      0.00000      0.00000      0.00000      0.00000      0.00000      0.00000
     12.70000      0.00000      0.00000      0.00000      0.00000      0.00000      0.00000
     12.71000      0.00000      0.00000      0.00000      0.00000      0.00000      0.00000
     12.72000      0.00000      0.00000      0.00000      0.00000      0.00000      0.00000
     12.73000      0.00000      0.00000      0.00000      0.00000      0.00000      0.00000
     12.74000      0.00000      0.00000      0.00000      0.00000      0.00000      0.00000
     12.75000      0.00571      0.00000      0.00467      0.00000      0.00049      0.00166
     12.76000      0.27350      0.00000      0.22352      0.00000      0.02325      0.07956
     12.77000      4.82001      0.00000      3.93911      0.00000      0.40972      1.40211
     12.78000     31.24930      0.00000     25.53821      0.00000      2.65629      9.09022
     12.79000     74.53114      0.00000     60.90992      0.00000      6.33537     21.68063
     12.80000     65.39444      0.00000     53.44303      0.00000      5.55873     19.02282
     12.81000     21.11130      0.00032     17.25363      0.00000      1.79425      6.14189
     12.82000      2.68076      0.01754      2.22403      0.00000      0.21306      0.82072
     12.83000      3.61153      0.35245      3.61870      0.00000      0.00931      1.87255
     12.84000     25.88920      2.60537     26.08982      0.00000      0.00015     13.60720
     12.85000     70.39849      7.08508     70.94495      0.00000      0.00000     37.00212
     12.86000     70.42764      7.08801     70.97433      0.00000      0.00000     37.01744
     12.87000     25.91961      2.60861     26.12081      0.00000      0.00000     13.62360
     12.88000      3.50929      0.35318      3.53653      0.00000      0.00000      1.84452
     12.89000      0.17479      0.01759      0.17615      0.00000      0.00000      0.09187
     12.90000      0.00320      0.00032      0.00323      0.00000      0.00000      0.00168
     12.91000      0.00000      0.00000      0.00000      0.00000      0.00000      0.00000
     12.92000      0.00000      0.00000      0.00000      0.00000      0.00000      0.00000
     12.93000      0.00000      0.00000      0.00000      0.00000      0.00000      0.00000
     12.94000      0.00000      0.00000      0.00000      0.00000      0.00000      0.00000
     12.95000      0.00000      0.00000      0.00000      0.00000      0.00000      0.00000
     12.96000      0.00000      0.00000      0.00000      0.00000      0.00000      0.00000
     12.97000      0.00000      0.00000      0.00000      0.00000      0.00000      0.00000
     12.98000      0.00000      0.00000      0.00000      0.00000      0.00000      0.00000
     12.99000      0.00000      0.00000      0.00000      0.00000      0.00000      0.00000
     13.00000      0.00000      0.00000      0.00000      0.00000      0.00000      0.00000
     13.01000      0.00000      0.00000      0.00000      0.00000      0.00000      0.00000
     13.02000      0.00000      0.00000      0.00000      0.00000      0.00000      0.00000
     13.03000      0.00000      0.00000      0.00000      0.00000      0.00000      0.00000
     13.04000      0.00000      0.00000      0.00000      0.00000      0.00000      0.00000
     13.05000      0.00000      0.00000      0.00000      0.00000      0.00000      0.00000
     13.06000      0.00000      0.00000      0.00000      0.00000      0.00000      0.00000
     13.07000      0.00000      0.00000      0.00000      0.00000      0.00000      0.00000
     13.08000      0.00000      0.00000      0.00000      0.00000      0.00000      0.00000
     13.09000      0.00000      0.00000      0.00000      0.00000      0.00000      0.00000
     13.10000      0.00000      0.00000      0.00000      0.00000      0.00000      0.00000
     13.11000      0.00000      0.00000      0.00000      0.00000      0.00000      0.00000
     13.12000      0.00000      0.00000      0.00000      0.00000      0.00000      0.00000
     13.13000      0.00000      0.00000      0.00000      0.00000      0.00000      0.00000
     13.14000      0.00000      0.00000      0.00000      0.00000      0.00000      0.00000
     13.15000      0.00000      0.00000      0.00000      0.00000      0.00000      0.00000
     13.16000      0.00000      0.00000      0.00000      0.00000      0.00000      0.00000
     13.17000      0.00000      0.00000      0.00000      0.00000      0.00000      0.00000
     13.18000      0.00000      0.00000      0.00000      0.00000      0.00000      0.00000
     13.19000      0.00000      0.00000      0.00000      0.00000      0.00000      0.00000
     13.20000      0.00000      0.00000      0.00000      0.00000      0.00000      0.00000
     13.21000      0.00000      0.00000      0.00000      0.00000      0.00000      0.00000
     13.22000      0.00000      0.00000      0.00000      0.00000      0.00000      0.00000
     13.23000      0.00000      0.00000      0.00000      0.00000      0.00000      0.00000
     13.24000      0.00000      0.00000      0.00000      0.00000      0.00000      0.00000
     13.25000      0.00000      0.00000      0.00000      0.00000      0.00000      0.00000
     13.26000      0.00000      0.00000      0.00000      0.00000      0.00000      0.00000
     13.27000      0.00000      0.00000      0.00000      0.00000      0.00000      0.00000
     13.28000      0.01393      0.00270      0.01614      0.00000      0.00000      0.00379
     13.29000      0.54320      0.10502      0.63111      0.00000      0.00000      0.14748
     13.30000      7.85586      1.50158      9.19689      0.00000      0.00000      2.10867
     13.31000     43.32992      7.89823     52.27503      0.00000      0.00000     11.09148
     13.32000    100.47328     15.28325    133.44034      0.00000      0.00000     21.46227
     13.33000    122.16748     10.87946    193.32363      0.00000      0.00000     15.27803
     13.34000     88.73643      2.84908    160.80145      0.00000      0.00000      4.00096
     13.35000     31.93727      0.27448     60.90300      0.00000      0.00000      0.38545
     13.36000      4.67834      0.00973      9.04431      0.00000      0.00000      0.01366
     13.37000      0.25883      0.00013      0.50203      0.00000      0.00000      0.00018
     13.38000      0.00530      0.00000      0.01029      0.00000      0.00000      0.00000
     13.39000      0.00000      0.00000      0.00000      0.00000      0.00000      0.00000
     13.40000      0.00000      0.00000      0.00000      0.00000      0.00000      0.00000
     13.41000      0.00000      0.00000      0.00000      0.00000      0.00000      0.00000
     13.42000      0.00000      0.00000      0.00000      0.00000      0.00000      0.00000
     13.43000      0.00000      0.00000      0.00000      0.00000      0.00000      0.00000
     13.44000      0.00000      0.00000      0.00000      0.00000      0.00000      0.00000
     13.45000      0.00000      0.00000      0.00000      0.00000      0.00000      0.00000
     13.46000      0.00000      0.00000      0.00000      0.00000      0.00000      0.00000
     13.47000      0.00000      0.00000      0.00000      0.00000      0.00000      0.00000
     13.48000      0.00000      0.00000      0.00000      0.00000      0.00000      0.00000
     13.49000      0.00000      0.00000      0.00000      0.00000      0.00000      0.00000
     13.50000      0.00000      0.00000      0.00000      0.00000      0.00000      0.00000
     13.51000      0.00419      0.00000      0.00839      0.00000      0.00000      0.00000
     13.52000      0.21545      0.00000      0.43131      0.00000      0.00000      0.00000
     13.53000      4.07258      0.00000      8.15286      0.00000      0.00000      0.00000
     13.54000     28.32036      0.00000     56.69422      0.00000      0.00000      0.00000
     13.55000     72.44915      0.00000    145.03514      0.00000      0.00000      0.00000
     13.56000     68.18255      0.00000    136.49389      0.00000      0.00000      0.00000
     13.57000     23.60580      0.00000     47.25619      0.00000      0.00000      0.00000
     13.58000      3.00656      0.00000      6.01880      0.00000      0.00000      0.00000
     13.59000      0.14087      0.00000      0.28201      0.00000      0.00000      0.00000
     13.60000      0.00243      0.00000      0.00486      0.00000      0.00000      0.00000
     13.61000      0.00000      0.00000      0.00000      0.00000      0.00000      0.00000
     13.62000      0.00000      0.00000      0.00000      0.00000      0.00000      0.00000
     13.63000      0.00772      0.00683      0.00551      0.00000      0.00000      0.00147
     13.64000      0.34507      0.30507      0.24600      0.00000      0.00000      0.06560
     13.65000      5.67181      5.01434      4.04332      0.00000      0.00000      1.07829
     13.66000     34.29559     30.32012     24.44865      0.00000      0.00000      6.52009
     13.67000     76.28879     67.44555     54.38476      0.00000      0.00000     14.50360
     13.68000     62.42932     55.19265     44.50462      0.00000      0.00000     11.86871
     13.69000     18.79412     16.61555     13.39796      0.00000      0.00000      3.57303
     13.70000      2.08143      1.84015      1.48381      0.00000      0.00000      0.39571
     13.71000      0.08480      0.07497      0.06045      0.00000      0.00000      0.01612
     13.72000      0.00127      0.00112      0.00091      0.00000      0.00000      0.00024
     13.73000      0.00000      0.00000      0.00000      0.00000      0.00000      0.00000
     13.74000      0.00000      0.00000      0.00000      0.00000      0.00000      0.00000
     13.75000      0.00000      0.00000      0.00000      0.00000      0.00000      0.00000
     13.76000      0.00000      0.00000      0.00000      0.00000      0.00000      0.00000
     13.77000      0.00000      0.00000      0.00000      0.00000      0.00000      0.00000
     13.78000      0.00000      0.00000      0.00000      0.00000      0.00000      0.00000
     13.79000      0.00000      0.00000      0.00000      0.00000      0.00000      0.00000
     13.80000      0.00000      0.00000      0.00000      0.00000      0.00000      0.00000
     13.81000      0.00212      0.00049      0.00138      0.00000      0.00000      0.00096
     13.82000      0.12665      0.02904      0.08259      0.00000      0.00000      0.05761
     13.83000      2.78464      0.63854      1.81596      0.00000      0.00000      1.26680
     13.84000     22.52408      5.16494     14.68873      0.00000      0.00000     10.24677
     13.85000     67.02413     15.36914     43.70875      0.00000      0.00000     30.49096
     13.86000     73.37040     16.82439     47.84738      0.00000      0.00000     33.37804
     13.87000     29.54718      6.77539     19.26874      0.00000      0.00000     13.44176
     13.88000      4.37741      1.00377      2.85466      0.00000      0.00000      1.99139
     13.89000      0.23857      0.05471      0.15558      0.00000      0.00000      0.10853
     13.90000      0.00478      0.00110      0.00312      0.00000      0.00000      0.00218
     13.91000      0.00000      0.00000      0.00000      0.00000      0.00000      0.00000
     13.92000      0.00000      0.00000      0.00000      0.00000      0.00000      0.00000
     13.93000      0.00000      0.00000      0.00000      0.00000      0.00000      0.00000
     13.94000      0.00000      0.00000      0.00000      0.00000      0.00000      0.00000
     13.95000      0.00000      0.00000      0.00000      0.00000      0.00000      0.00000
     13.96000      0.00000      0.00000      0.00000      0.00000      0.00000      0.00000
     13.97000      0.00000      0.00000      0.00000      0.00000      0.00000      0.00000
     13.98000      0.00000      0.00000      0.00000      0.00000      0.00000      0.00000
     13.99000      0.00000      0.00000      0.00000      0.00000      0.00000      0.00000
     14.00000      0.00000      0.00000      0.00000      0.00000      0.00000      0.00000
     14.01000      0.00000      0.00000      0.00000      0.00000      0.00000      0.00000
     14.02000      0.00000      0.00000      0.00000      0.00000      0.00000      0.00000
     14.03000      0.00000      0.00000      0.00000      0.00000      0.00000      0.00000
     14.04000      0.00000      0.00000      0.00000      0.00000      0.00000      0.00000
     14.05000      0.00000      0.00000      0.00000      0.00000      0.00000      0.00000
     14.06000      0.00000      0.00000      0.00000      0.00000      0.00000      0.00000
     14.07000      0.00000      0.00000      0.00000      0.00000      0.00000      0.00000
     14.08000      0.00762      0.00081      0.00487      0.00000      0.00000      0.00619
     14.09000      0.34158      0.03638      0.21816      0.00000      0.00000      0.27732
     14.10000      5.63176      0.59981      3.59690      0.00000      0.00000      4.57217
     14.11000     34.15846      3.63807     21.81639      0.00000      0.00000     27.73174
     14.12000     76.21809      8.11766     48.67912      0.00000      0.00000     61.87809
     14.13000     62.56385      6.66340     39.95840      0.00000      0.00000     50.79282
     14.14000     18.89271      2.01218     12.06644      0.00000      0.00000     15.33816
     14.15000      2.09880      0.22353      1.34046      0.00000      0.00000      1.70392
     14.16000      0.08577      0.00914      0.05478      0.00000      0.00000      0.06964
     14.17000      0.00129      0.00014      0.00082      0.00000      0.00000      0.00105
     14.18000      0.00000      0.00000      0.00000      0.00000      0.00000      0.00000
     14.19000      0.00000      0.00000      0.00000      0.00000      0.00000      0.00000
     14.20000      0.00000      0.00000      0.00000      0.00000      0.00000      0.00000
     14.21000      0.00000      0.00000      0.00000      0.00000      0.00000      0.00000
     14.22000      0.00000      0.00000      0.00000      0.00000      0.00000      0.00000
     14.23000      0.00000      0.00000      0.00000      0.00000      0.00000      0.00000
     14.24000      0.00000      0.00000      0.00000      0.00000      0.00000      0.00000
     14.25000      0.00000      0.00000      0.00000      0.00000      0.00000      0.00000
     14.26000      0.00000      0.00000      0.00000      0.00000      0.00000      0.00000
     14.27000      0.00000      0.00000      0.00000      0.00000      0.00000      0.00000
     14.28000      0.00000      0.00000      0.00000      0.00000      0.00000      0.00000
     14.29000      0.00000      0.00000      0.00000      0.00000      0.00000      0.00000
     14.30000      0.00000      0.00000      0.00000      0.00000      0.00000      0.00000
     14.31000      0.00000      0.00000      0.00000      0.00000      0.00000      0.00000
     14.32000      0.00000      0.00000      0.00000      0.00000      0.00000      0.00000
     14.33000      0.00000      0.00000      0.00000      0.00000      0.00000      0.00000
     14.34000      0.00000      0.00000      0.00000      0.00000      0.00000      0.00000
     14.35000      0.00000      0.00000      0.00000      0.00000      0.00000      0.00000
     14.36000      0.00000      0.00000      0.00000      0.00000      0.00000      0.00000
     14.37000      0.00000      0.00000      0.00000      0.00000      0.00000      0.00000
     14.38000      0.00000      0.00000      0.00000      0.00000      0.00000      0.00000
     14.39000      0.00000      0.00000      0.00000      0.00000      0.00000      0.00000
     14.40000      0.00000      0.00000      0.00000      0.00000      0.00000      0.00000
     14.41000      0.00195      0.00229      0.00083      0.00000      0.00000      0.00009
     14.42000      0.11870      0.13962      0.05068      0.00000      0.00000      0.00524
     14.43000      2.65730      3.12573      1.13467      0.00000      0.00000      0.11731
     14.44000     21.88465     25.74241      9.34479      0.00000      0.00000      0.96611
     14.45000     66.30458     77.99254     28.31219      0.00000      0.00000      2.92706
     14.46000     73.90144     86.92855     31.55606      0.00000      0.00000      3.26242
     14.47000     30.30175     35.64325     12.93891      0.00000      0.00000      1.33769
     14.48000      4.57076      5.37648      1.95172      0.00000      0.00000      0.20178
     14.49000      0.25364      0.29835      0.10830      0.00000      0.00000      0.01120
     14.50000      0.00518      0.00609      0.00221      0.00000      0.00000      0.00023
     14.51000      0.00000      0.00000      0.00000      0.00000      0.00000      0.00000
     14.52000      0.00000      0.00000      0.00000      0.00000      0.00000      0.00000
     14.53000      0.00000      0.00000      0.00000      0.00000      0.00000      0.00000
     14.54000      0.00000      0.00000      0.00000      0.00000      0.00000      0.00000
     14.55000      0.00000      0.00000      0.00000      0.00000      0.00000      0.00000
     14.56000      0.00000      0.00000      0.00000      0.00000      0.00000      0.00000
     14.57000      0.00000      0.00000      0.00000      0.00000      0.00000      0.00000
     14.58000      0.00000      0.00000      0.00000      0.00000      0.00000      0.00000
     14.59000      0.00000      0.00000      0.00000      0.00000      0.00000      0.00000
     14.60000      0.00000      0.00000      0.00000      0.00000      0.00000      0.00000
     14.61000      0.00000      0.00000      0.00000      0.00000      0.00000      0.00000
     14.62000      0.00000      0.00000      0.00000      0.00000      0.00000      0.00000
     14.63000      0.00000      0.00000      0.00000      0.00000      0.00000      0.00000
     14.64000      0.00000      0.00000      0.00000      0.00000      0.00000      0.00000
