Energy-E_F (eV)    DOS (1/eV)    PDOS (1/eV)  of atom type N  C  O  H  S  
     -4.99000      0.02590      0.00249      0.00442      0.01402      0.00310      0.00188
     -4.98000      0.00000      0.00000      0.00000      0.00000      0.00000      0.00000
     -4.97000      0.00000      0.00000      0.00000      0.00000      0.00000      0.00000
     -4.96000      0.00000      0.00000      0.00000      0.00000      0.00000      0.00000
     -4.95000      0.00000      0.00000      0.00000      0.00000      0.00000      0.00000
     -4.94000      0.00000      0.00000      0.00000      0.00000      0.00000      0.00000
     -4.93000      0.00000      0.00000      0.00000      0.00000      0.00000      0.00000
     -4.92000      0.00000      0.00000      0.00000      0.00000      0.00000      0.00000
     -4.91000      0.00000      0.00000      0.00000      0.00000      0.00000      0.00000
     -4.90000      0.00000      0.00000      0.00000      0.00000      0.00000      0.00000
     -4.89000      0.00000      0.00000      0.00000      0.00000      0.00000      0.00000
     -4.88000      0.00000      0.00000      0.00000      0.00000      0.00000      0.00000
     -4.87000      0.00000      0.00000      0.00000      0.00000      0.00000      0.00000
     -4.86000      0.00000      0.00000      0.00000      0.00000      0.00000      0.00000
     -4.85000      0.00000      0.00000      0.00000      0.00000      0.00000      0.00000
     -4.84000      0.00000      0.00000      0.00000      0.00000      0.00000      0.00000
     -4.83000      0.00000      0.00000      0.00000      0.00000      0.00000      0.00000
     -4.82000      0.00000      0.00000      0.00000      0.00000      0.00000      0.00000
     -4.81000      0.00000      0.00000      0.00000      0.00000      0.00000      0.00000
     -4.80000      0.00000      0.00000      0.00000      0.00000      0.00000      0.00000
     -4.79000      0.00000      0.00000      0.00000      0.00000      0.00000      0.00000
     -4.78000      0.00000      0.00000      0.00000      0.00000      0.00000      0.00000
     -4.77000      0.00000      0.00000      0.00000      0.00000      0.00000      0.00000
     -4.76000      0.00000      0.00000      0.00000      0.00000      0.00000      0.00000
     -4.75000      0.00000      0.00000      0.00000      0.00000      0.00000      0.00000
     -4.74000      0.00000      0.00000      0.00000      0.00000      0.00000      0.00000
     -4.73000      0.00000      0.00000      0.00000      0.00000      0.00000      0.00000
     -4.72000      0.00000      0.00000      0.00000      0.00000      0.00000      0.00000
     -4.71000      0.00000      0.00000      0.00000      0.00000      0.00000      0.00000
     -4.70000      0.00000      0.00000      0.00000      0.00000      0.00000      0.00000
     -4.69000      0.00000      0.00000      0.00000      0.00000      0.00000      0.00000
     -4.68000      0.00000      0.00000      0.00000      0.00000      0.00000      0.00000
     -4.67000      0.00000      0.00000      0.00000      0.00000      0.00000      0.00000
     -4.66000      0.00000      0.00000      0.00000      0.00000      0.00000      0.00000
     -4.65000      0.00000      0.00000      0.00000      0.00000      0.00000      0.00000
     -4.64000      0.00000      0.00000      0.00000      0.00000      0.00000      0.00000
     -4.63000      0.00000      0.00000      0.00000      0.00000      0.00000      0.00000
     -4.62000      0.00000      0.00000      0.00000      0.00000      0.00000      0.00000
     -4.61000      0.00000      0.00000      0.00000      0.00000      0.00000      0.00000
     -4.60000      0.00000      0.00000      0.00000      0.00000      0.00000      0.00000
     -4.59000      0.00000      0.00000      0.00000      0.00000      0.00000      0.00000
     -4.58000      0.00000      0.00000      0.00000      0.00000      0.00000      0.00000
     -4.57000      0.00000      0.00000      0.00000      0.00000      0.00000      0.00000
     -4.56000      0.00000      0.00000      0.00000      0.00000      0.00000      0.00000
     -4.55000      0.00000      0.00000      0.00000      0.00000      0.00000      0.00000
     -4.54000      0.00000      0.00000      0.00000      0.00000      0.00000      0.00000
     -4.53000      0.00000      0.00000      0.00000      0.00000      0.00000      0.00000
     -4.52000      0.00000      0.00000      0.00000      0.00000      0.00000      0.00000
     -4.51000      0.00000      0.00000      0.00000      0.00000      0.00000      0.00000
     -4.50000      0.00000      0.00000      0.00000      0.00000      0.00000      0.00000
     -4.49000      0.00000      0.00000      0.00000      0.00000      0.00000      0.00000
     -4.48000      0.00000      0.00000      0.00000      0.00000      0.00000      0.00000
     -4.47000      0.00000      0.00000      0.00000      0.00000      0.00000      0.00000
     -4.46000      0.00000      0.00000      0.00000      0.00000      0.00000      0.00000
     -4.45000      0.00000      0.00000      0.00000      0.00000      0.00000      0.00000
     -4.44000      0.00000      0.00000      0.00000      0.00000      0.00000      0.00000
     -4.43000      0.00000      0.00000      0.00000      0.00000      0.00000      0.00000
     -4.42000      0.00000      0.00000      0.00000      0.00000      0.00000      0.00000
     -4.41000      0.00000      0.00000      0.00000      0.00000      0.00000      0.00000
     -4.40000      0.00000      0.00000      0.00000      0.00000      0.00000      0.00000
     -4.39000      0.00000      0.00000      0.00000      0.00000      0.00000      0.00000
     -4.38000      0.00000      0.00000      0.00000      0.00000      0.00000      0.00000
     -4.37000      0.00035      0.00002      0.00010      0.00002      0.00015      0.00005
     -4.36000      0.03080      0.00211      0.00881      0.00209      0.01313      0.00466
     -4.35000      0.98452      0.06737      0.28155      0.06682      0.41992      0.14886
     -4.34000     11.57889      0.79233      3.31130      0.78588      4.93863      1.75075
     -4.33000     50.09750      3.42811     14.32675      3.40021     21.36759      7.57484
     -4.32000     79.73901      5.45644     22.80355      5.41204     34.01028     12.05669
     -4.31000     46.69078      3.19499     13.35250      3.16899     19.91455      7.05974
     -4.30000     10.05766      0.68823      2.87626      0.68263      4.28979      1.52074
     -4.29000      0.79702      0.05454      0.22793      0.05410      0.33994      0.12051
     -4.28000      0.02324      0.00159      0.00664      0.00158      0.00991      0.00351
     -4.27000      0.00000      0.00000      0.00000      0.00000      0.00000      0.00000
     -4.26000      0.00000      0.00000      0.00000      0.00000      0.00000      0.00000
     -4.25000      0.00000      0.00000      0.00000      0.00000      0.00000      0.00000
     -4.24000      0.00000      0.00000      0.00000      0.00000      0.00000      0.00000
     -4.23000      0.00000      0.00000      0.00000      0.00000      0.00000      0.00000
     -4.22000      0.00000      0.00000      0.00000      0.00000      0.00000      0.00000
     -4.21000      0.00000      0.00000      0.00000      0.00000      0.00000      0.00000
     -4.20000      0.00000      0.00000      0.00000      0.00000      0.00000      0.00000
     -4.19000      0.00000      0.00000      0.00000      0.00000      0.00000      0.00000
     -4.18000      0.00273      0.00018      0.00094      0.00020      0.00113      0.00028
     -4.17000      0.15429      0.01021      0.05331      0.01117      0.06389      0.01571
     -4.16000      3.20949      0.21244      1.10893      0.23238      1.32896      0.32678
     -4.15000     24.56134      1.62577      8.48633      1.77836     10.17016      2.50073
     -4.14000     69.14695      4.57699     23.89137      5.00656     28.63180      7.04024
     -4.13000     71.61427      4.74030     24.74387      5.18521     29.65345      7.29145
     -4.12000     27.28548      1.80608      9.42757      1.97560     11.29815      2.77809
     -4.11000      3.82445      0.25315      1.32141      0.27691      1.58360      0.38939
     -4.10000      0.19720      0.01305      0.06814      0.01428      0.08166      0.02008
     -4.09000      0.00374      0.00025      0.00129      0.00027      0.00155      0.00038
     -4.08000      0.00000      0.00000      0.00000      0.00000      0.00000      0.00000
     -4.07000      0.00000      0.00000      0.00000      0.00000      0.00000      0.00000
     -4.06000      0.00000      0.00000      0.00000      0.00000      0.00000      0.00000
     -4.05000      0.00000      0.00000      0.00000      0.00000      0.00000      0.00000
     -4.04000      0.00000      0.00000      0.00000      0.00000      0.00000      0.00000
     -4.03000      0.00000      0.00000      0.00000      0.00000      0.00000      0.00000
     -4.02000      0.00000      0.00000      0.00000      0.00000      0.00000      0.00000
     -4.01000      0.00000      0.00000      0.00000      0.00000      0.00000      0.00000
     -4.00000      0.00000      0.00000      0.00000      0.00000      0.00000      0.00000
     -3.99000      0.00000      0.00000      0.00000      0.00000      0.00000      0.00000
     -3.98000      0.00000      0.00000      0.00000      0.00000      0.00000      0.00000
     -3.97000      0.00000      0.00000      0.00000      0.00000      0.00000      0.00000
     -3.96000      0.00000      0.00000      0.00000      0.00000      0.00000      0.00000
     -3.95000      0.00000      0.00000      0.00000      0.00000      0.00000      0.00000
     -3.94000      0.00000      0.00000      0.00000      0.00000      0.00000      0.00000
     -3.93000      0.00000      0.00000      0.00000      0.00000      0.00000      0.00000
     -3.92000      0.00000      0.00000      0.00000      0.00000      0.00000      0.00000
     -3.91000      0.00000      0.00000      0.00000      0.00000      0.00000      0.00000
     -3.90000      0.00000      0.00000      0.00000      0.00000      0.00000      0.00000
     -3.89000      0.00000      0.00000      0.00000      0.00000      0.00000      0.00000
     -3.88000      0.00000      0.00000      0.00000      0.00000      0.00000      0.00000
     -3.87000      0.00000      0.00000      0.00000      0.00000      0.00000      0.00000
     -3.86000      0.00000      0.00000      0.00000      0.00000      0.00000      0.00000
     -3.85000      0.00000      0.00000      0.00000      0.00000      0.00000      0.00000
     -3.84000      0.00000      0.00000      0.00000      0.00000      0.00000      0.00000
     -3.83000      0.00000      0.00000      0.00000      0.00000      0.00000      0.00000
     -3.82000      0.00000      0.00000      0.00000      0.00000      0.00000      0.00000
     -3.81000      0.00000      0.00000      0.00000      0.00000      0.00000      0.00000
     -3.80000      0.00000      0.00000      0.00000      0.00000      0.00000      0.00000
     -3.79000      0.00000      0.00000      0.00000      0.00000      0.00000      0.00000
     -3.78000      0.00000      0.00000      0.00000      0.00000      0.00000      0.00000
     -3.77000      0.00000      0.00000      0.00000      0.00000      0.00000      0.00000
     -3.76000      0.00000      0.00000      0.00000      0.00000      0.00000      0.00000
     -3.75000      0.00000      0.00000      0.00000      0.00000      0.00000      0.00000
     -3.74000      0.00000      0.00000      0.00000      0.00000      0.00000      0.00000
     -3.73000      0.00000      0.00000      0.00000      0.00000      0.00000      0.00000
     -3.72000      0.00000      0.00000      0.00000      0.00000      0.00000      0.00000
     -3.71000      0.00000      0.00000      0.00000      0.00000      0.00000      0.00000
     -3.70000      0.00000      0.00000      0.00000      0.00000      0.00000      0.00000
     -3.69000      0.00000      0.00000      0.00000      0.00000      0.00000      0.00000
     -3.68000      0.00000      0.00000      0.00000      0.00000      0.00000      0.00000
     -3.67000      0.00000      0.00000      0.00000      0.00000      0.00000      0.00000
     -3.66000      0.00000      0.00000      0.00000      0.00000      0.00000      0.00000
     -3.65000      0.00000      0.00000      0.00000      0.00000      0.00000      0.00000
     -3.64000      0.00000      0.00000      0.00000      0.00000      0.00000      0.00000
     -3.63000      0.00000      0.00000      0.00000      0.00000      0.00000      0.00000
     -3.62000      0.00000      0.00000      0.00000      0.00000      0.00000      0.00000
     -3.61000      0.00000      0.00000      0.00000      0.00000      0.00000      0.00000
     -3.60000      0.00000      0.00000      0.00000      0.00000      0.00000      0.00000
     -3.59000      0.00000      0.00000      0.00000      0.00000      0.00000      0.00000
     -3.58000      0.00000      0.00000      0.00000      0.00000      0.00000      0.00000
     -3.57000      0.00000      0.00000      0.00000      0.00000      0.00000      0.00000
     -3.56000      0.00000      0.00000      0.00000      0.00000      0.00000      0.00000
     -3.55000      0.00000      0.00000      0.00000      0.00000      0.00000      0.00000
     -3.54000      0.00000      0.00000      0.00000      0.00000      0.00000      0.00000
     -3.53000      0.00000      0.00000      0.00000      0.00000      0.00000      0.00000
     -3.52000      0.00000      0.00000      0.00000      0.00000      0.00000      0.00000
     -3.51000      0.00000      0.00000      0.00000      0.00000      0.00000      0.00000
     -3.50000      0.00000      0.00000      0.00000      0.00000      0.00000      0.00000
     -3.49000      0.00000      0.00000      0.00000      0.00000      0.00000      0.00000
     -3.48000      0.00000      0.00000      0.00000      0.00000      0.00000      0.00000
     -3.47000      0.00000      0.00000      0.00000      0.00000      0.00000      0.00000
     -3.46000      0.00000      0.00000      0.00000      0.00000      0.00000      0.00000
     -3.45000      0.00000      0.00000      0.00000      0.00000      0.00000      0.00000
     -3.44000      0.00000      0.00000      0.00000      0.00000      0.00000      0.00000
     -3.43000      0.00000      0.00000      0.00000      0.00000      0.00000      0.00000
     -3.42000      0.00000      0.00000      0.00000      0.00000      0.00000      0.00000
     -3.41000      0.00000      0.00000      0.00000      0.00000      0.00000      0.00000
     -3.40000      0.00000      0.00000      0.00000      0.00000      0.00000      0.00000
     -3.39000      0.00000      0.00000      0.00000      0.00000      0.00000      0.00000
     -3.38000      0.00000      0.00000      0.00000      0.00000      0.00000      0.00000
     -3.37000      0.00000      0.00000      0.00000      0.00000      0.00000      0.00000
     -3.36000      0.00000      0.00000      0.00000      0.00000      0.00000      0.00000
     -3.35000      0.00000      0.00000      0.00000      0.00000      0.00000      0.00000
     -3.34000      0.00000      0.00000      0.00000      0.00000      0.00000      0.00000
     -3.33000      0.00000      0.00000      0.00000      0.00000      0.00000      0.00000
     -3.32000      0.00000      0.00000      0.00000      0.00000      0.00000      0.00000
     -3.31000      0.00000      0.00000      0.00000      0.00000      0.00000      0.00000
     -3.30000      0.00000      0.00000      0.00000      0.00000      0.00000      0.00000
     -3.29000      0.00000      0.00000      0.00000      0.00000      0.00000      0.00000
     -3.28000      0.00000      0.00000      0.00000      0.00000      0.00000      0.00000
     -3.27000      0.00000      0.00000      0.00000      0.00000      0.00000      0.00000
     -3.26000      0.00000      0.00000      0.00000      0.00000      0.00000      0.00000
     -3.25000      0.00000      0.00000      0.00000      0.00000      0.00000      0.00000
     -3.24000      0.00000      0.00000      0.00000      0.00000      0.00000      0.00000
     -3.23000      0.00000      0.00000      0.00000      0.00000      0.00000      0.00000
     -3.22000      0.00000      0.00000      0.00000      0.00000      0.00000      0.00000
     -3.21000      0.00000      0.00000      0.00000      0.00000      0.00000      0.00000
     -3.20000      0.00000      0.00000      0.00000      0.00000      0.00000      0.00000
     -3.19000      0.00000      0.00000      0.00000      0.00000      0.00000      0.00000
     -3.18000      0.00000      0.00000      0.00000      0.00000      0.00000      0.00000
     -3.17000      0.00000      0.00000      0.00000      0.00000      0.00000      0.00000
     -3.16000      0.00000      0.00000      0.00000      0.00000      0.00000      0.00000
     -3.15000      0.00000      0.00000      0.00000      0.00000      0.00000      0.00000
     -3.14000      0.00000      0.00000      0.00000      0.00000      0.00000      0.00000
     -3.13000      0.00000      0.00000      0.00000      0.00000      0.00000      0.00000
     -3.12000      0.00000      0.00000      0.00000      0.00000      0.00000      0.00000
     -3.11000      0.00000      0.00000      0.00000      0.00000      0.00000      0.00000
     -3.10000      0.00000      0.00000      0.00000      0.00000      0.00000      0.00000
     -3.09000      0.00000      0.00000      0.00000      0.00000      0.00000      0.00000
     -3.08000      0.00000      0.00000      0.00000      0.00000      0.00000      0.00000
     -3.07000      0.00000      0.00000      0.00000      0.00000      0.00000      0.00000
     -3.06000      0.00000      0.00000      0.00000      0.00000      0.00000      0.00000
     -3.05000      0.00000      0.00000      0.00000      0.00000      0.00000      0.00000
     -3.04000      0.00000      0.00000      0.00000      0.00000      0.00000      0.00000
     -3.03000      0.00000      0.00000      0.00000      0.00000      0.00000      0.00000
     -3.02000      0.00000      0.00000      0.00000      0.00000      0.00000      0.00000
     -3.01000      0.00000      0.00000      0.00000      0.00000      0.00000      0.00000
     -3.00000      0.00000      0.00000      0.00000      0.00000      0.00000      0.00000
     -2.99000      0.00000      0.00000      0.00000      0.00000      0.00000      0.00000
     -2.98000      0.00000      0.00000      0.00000      0.00000      0.00000      0.00000
     -2.97000      0.00397      0.00004      0.00045      0.00167      0.00032      0.00149
     -2.96000      0.20655      0.00212      0.02344      0.08668      0.01655      0.07776
     -2.95000      3.95241      0.04059      0.44852      1.65868      0.31672      1.48791
     -2.94000     27.82340      0.28571      3.15739     11.67644      2.22957     10.47429
     -2.93000     72.05497      0.73992      8.17679     30.23876      5.77397     27.12553
     -2.92000     68.64726      0.70493      7.79008     28.80867      5.50090     25.84267
     -2.91000     24.05958      0.24706      2.73028     10.09690      1.92796      9.05737
     -2.90000      3.10212      0.03186      0.35203      1.30184      0.24858      1.16781
     -2.89000      0.14714      0.00151      0.01670      0.06175      0.01179      0.05539
     -2.88000      0.00257      0.00003      0.00029      0.00108      0.00021      0.00097
     -2.87000      0.00000      0.00000      0.00000      0.00000      0.00000      0.00000
     -2.86000      0.00000      0.00000      0.00000      0.00000      0.00000      0.00000
     -2.85000      0.00000      0.00000      0.00000      0.00000      0.00000      0.00000
     -2.84000      0.00000      0.00000      0.00000      0.00000      0.00000      0.00000
     -2.83000      0.00000      0.00000      0.00000      0.00000      0.00000      0.00000
     -2.82000      0.00000      0.00000      0.00000      0.00000      0.00000      0.00000
     -2.81000      0.00000      0.00000      0.00000      0.00000      0.00000      0.00000
     -2.80000      0.00000      0.00000      0.00000      0.00000      0.00000      0.00000
     -2.79000      0.00000      0.00000      0.00000      0.00000      0.00000      0.00000
     -2.78000      0.00000      0.00000      0.00000      0.00000      0.00000      0.00000
     -2.77000      0.00000      0.00000      0.00000      0.00000      0.00000      0.00000
     -2.76000      0.00000      0.00000      0.00000      0.00000      0.00000      0.00000
     -2.75000      0.00000      0.00000      0.00000      0.00000      0.00000      0.00000
     -2.74000      0.00000      0.00000      0.00000      0.00000      0.00000      0.00000
     -2.73000      0.00000      0.00000      0.00000      0.00000      0.00000      0.00000
     -2.72000      0.00000      0.00000      0.00000      0.00000      0.00000      0.00000
     -2.71000      0.00000      0.00000      0.00000      0.00000      0.00000      0.00000
     -2.70000      0.00000      0.00000      0.00000      0.00000      0.00000      0.00000
     -2.69000      0.00000      0.00000      0.00000      0.00000      0.00000      0.00000
     -2.68000      0.00000      0.00000      0.00000      0.00000      0.00000      0.00000
     -2.67000      0.00000      0.00000      0.00000      0.00000      0.00000      0.00000
     -2.66000      0.00000      0.00000      0.00000      0.00000      0.00000      0.00000
     -2.65000      0.02250      0.00025      0.00273      0.01380      0.00139      0.00433
     -2.64000      0.77795      0.00852      0.09457      0.47706      0.04806      0.14975
     -2.63000      9.89557      0.10836      1.20288      6.06826      0.61128      1.90480
     -2.62000     46.30579      0.50704      5.62879     28.39608      2.86046      8.91342
     -2.61000     79.71411      0.87286      9.68980     48.88305      4.92421     15.34419
     -2.60000     50.48247      0.55278      6.13649     30.95734      3.11847      9.71739
     -2.59000     11.76120      0.12878      1.42966      7.21231      0.72653      2.26392
     -2.58000      1.00802      0.01104      0.12253      0.61815      0.06227      0.19403
     -2.57000      0.03178      0.00035      0.00386      0.01949      0.00196      0.00612
     -2.56000      0.00037      0.00000      0.00004      0.00023      0.00002      0.00007
     -2.55000      0.00000      0.00000      0.00000      0.00000      0.00000      0.00000
     -2.54000      0.00000      0.00000      0.00000      0.00000      0.00000      0.00000
     -2.53000      0.00000      0.00000      0.00000      0.00000      0.00000      0.00000
     -2.52000      0.00000      0.00000      0.00000      0.00000      0.00000      0.00000
     -2.51000      0.00000      0.00000      0.00000      0.00000      0.00000      0.00000
     -2.50000      0.00000      0.00000      0.00000      0.00000      0.00000      0.00000
     -2.49000      0.00000      0.00000      0.00000      0.00000      0.00000      0.00000
     -2.48000      0.00000      0.00000      0.00000      0.00000      0.00000      0.00000
     -2.47000      0.00000      0.00000      0.00000      0.00000      0.00000      0.00000
     -2.46000      0.00000      0.00000      0.00000      0.00000      0.00000      0.00000
     -2.45000      0.00000      0.00000      0.00000      0.00000      0.00000      0.00000
     -2.44000      0.00000      0.00000      0.00000      0.00000      0.00000      0.00000
     -2.43000      0.00000      0.00000      0.00000      0.00000      0.00000      0.00000
     -2.42000      0.00000      0.00000      0.00000      0.00000      0.00000      0.00000
     -2.41000      0.00000      0.00000      0.00000      0.00000      0.00000      0.00000
     -2.40000      0.00000      0.00000      0.00000      0.00000      0.00000      0.00000
     -2.39000      0.00000      0.00000      0.00000      0.00000      0.00000      0.00000
     -2.38000      0.00000      0.00000      0.00000      0.00000      0.00000      0.00000
     -2.37000      0.00000      0.00000      0.00000      0.00000      0.00000      0.00000
     -2.36000      0.00000      0.00000      0.00000      0.00000      0.00000      0.00000
     -2.35000      0.00000      0.00000      0.00000      0.00000      0.00000      0.00000
     -2.34000      0.00000      0.00000      0.00000      0.00000      0.00000      0.00000
     -2.33000      0.00000      0.00000      0.00000      0.00000      0.00000      0.00000
     -2.32000      0.00000      0.00000      0.00000      0.00000      0.00000      0.00000
     -2.31000      0.00000      0.00000      0.00000      0.00000      0.00000      0.00000
     -2.30000      0.00000      0.00000      0.00000      0.00000      0.00000      0.00000
     -2.29000      0.00000      0.00000      0.00000      0.00000      0.00000      0.00000
     -2.28000      0.00000      0.00000      0.00000      0.00000      0.00000      0.00000
     -2.27000      0.00000      0.00000      0.00000      0.00000      0.00000      0.00000
     -2.26000      0.00000      0.00000      0.00000      0.00000      0.00000      0.00000
     -2.25000      0.00000      0.00000      0.00000      0.00000      0.00000      0.00000
     -2.24000      0.00000      0.00000      0.00000      0.00000      0.00000      0.00000
     -2.23000      0.00000      0.00000      0.00000      0.00000      0.00000      0.00000
     -2.22000      0.00000      0.00000      0.00000      0.00000      0.00000      0.00000
     -2.21000      0.00000      0.00000      0.00000      0.00000      0.00000      0.00000
     -2.20000      0.00000      0.00000      0.00000      0.00000      0.00000      0.00000
     -2.19000      0.00000      0.00000      0.00000      0.00000      0.00000      0.00000
     -2.18000      0.00000      0.00000      0.00000      0.00000      0.00000      0.00000
     -2.17000      0.00000      0.00000      0.00000      0.00000      0.00000      0.00000
     -2.16000      0.00000      0.00000      0.00000      0.00000      0.00000      0.00000
     -2.15000      0.00000      0.00000      0.00000      0.00000      0.00000      0.00000
     -2.14000      0.00000      0.00000      0.00000      0.00000      0.00000      0.00000
     -2.13000      0.00000      0.00000      0.00000      0.00000      0.00000      0.00000
     -2.12000      0.00000      0.00000      0.00000      0.00000      0.00000      0.00000
     -2.11000      0.00000      0.00000      0.00000      0.00000      0.00000      0.00000
     -2.10000      0.00000      0.00000      0.00000      0.00000      0.00000      0.00000
     -2.09000      0.00000      0.00000      0.00000      0.00000      0.00000      0.00000
     -2.08000      0.00000      0.00000      0.00000      0.00000      0.00000      0.00000
     -2.07000      0.00000      0.00000      0.00000      0.00000      0.00000      0.00000
     -2.06000      0.00000      0.00000      0.00000      0.00000      0.00000      0.00000
     -2.05000      0.00000      0.00000      0.00000      0.00000      0.00000      0.00000
     -2.04000      0.00000      0.00000      0.00000      0.00000      0.00000      0.00000
     -2.03000      0.00000      0.00000      0.00000      0.00000      0.00000      0.00000
     -2.02000      0.00000      0.00000      0.00000      0.00000      0.00000      0.00000
     -2.01000      0.00000      0.00000      0.00000      0.00000      0.00000      0.00000
     -2.00000      0.00000      0.00000      0.00000      0.00000      0.00000      0.00000
     -1.99000      0.00000      0.00000      0.00000      0.00000      0.00000      0.00000
     -1.98000      0.00000      0.00000      0.00000      0.00000      0.00000      0.00000
     -1.97000      0.00000      0.00000      0.00000      0.00000      0.00000      0.00000
     -1.96000      0.00000      0.00000      0.00000      0.00000      0.00000      0.00000
     -1.95000      0.00000      0.00000      0.00000      0.00000      0.00000      0.00000
     -1.94000      0.00000      0.00000      0.00000      0.00000      0.00000      0.00000
     -1.93000      0.00000      0.00000      0.00000      0.00000      0.00000      0.00000
     -1.92000      0.00000      0.00000      0.00000      0.00000      0.00000      0.00000
     -1.91000      0.00000      0.00000      0.00000      0.00000      0.00000      0.00000
     -1.90000      0.00000      0.00000      0.00000      0.00000      0.00000      0.00000
     -1.89000      0.00000      0.00000      0.00000      0.00000      0.00000      0.00000
     -1.88000      0.00000      0.00000      0.00000      0.00000      0.00000      0.00000
     -1.87000      0.00000      0.00000      0.00000      0.00000      0.00000      0.00000
     -1.86000      0.00000      0.00000      0.00000      0.00000      0.00000      0.00000
     -1.85000      0.00000      0.00000      0.00000      0.00000      0.00000      0.00000
     -1.84000      0.00000      0.00000      0.00000      0.00000      0.00000      0.00000
     -1.83000      0.00000      0.00000      0.00000      0.00000      0.00000      0.00000
     -1.82000      0.00000      0.00000      0.00000      0.00000      0.00000      0.00000
     -1.81000      0.00000      0.00000      0.00000      0.00000      0.00000      0.00000
     -1.80000      0.00000      0.00000      0.00000      0.00000      0.00000      0.00000
     -1.79000      0.00000      0.00000      0.00000      0.00000      0.00000      0.00000
     -1.78000      0.00000      0.00000      0.00000      0.00000      0.00000      0.00000
     -1.77000      0.00000      0.00000      0.00000      0.00000      0.00000      0.00000
     -1.76000      0.00000      0.00000      0.00000      0.00000      0.00000      0.00000
     -1.75000      0.00000      0.00000      0.00000      0.00000      0.00000      0.00000
     -1.74000      0.00000      0.00000      0.00000      0.00000      0.00000      0.00000
     -1.73000      0.00000      0.00000      0.00000      0.00000      0.00000      0.00000
     -1.72000      0.00000      0.00000      0.00000      0.00000      0.00000      0.00000
     -1.71000      0.00000      0.00000      0.00000      0.00000      0.00000      0.00000
     -1.70000      0.00000      0.00000      0.00000      0.00000      0.00000      0.00000
     -1.69000      0.00000      0.00000      0.00000      0.00000      0.00000      0.00000
     -1.68000      0.00000      0.00000      0.00000      0.00000      0.00000      0.00000
     -1.67000      0.00000      0.00000      0.00000      0.00000      0.00000      0.00000
     -1.66000      0.00000      0.00000      0.00000      0.00000      0.00000      0.00000
     -1.65000      0.00000      0.00000      0.00000      0.00000      0.00000      0.00000
     -1.64000      0.00000      0.00000      0.00000      0.00000      0.00000      0.00000
     -1.63000      0.00000      0.00000      0.00000      0.00000      0.00000      0.00000
     -1.62000      0.00000      0.00000      0.00000      0.00000      0.00000      0.00000
     -1.61000      0.00000      0.00000      0.00000      0.00000      0.00000      0.00000
     -1.60000      0.00000      0.00000      0.00000      0.00000      0.00000      0.00000
     -1.59000      0.00000      0.00000      0.00000      0.00000      0.00000      0.00000
     -1.58000      0.00000      0.00000      0.00000      0.00000      0.00000      0.00000
     -1.57000      0.00000      0.00000      0.00000      0.00000      0.00000      0.00000
     -1.56000      0.00125      0.00018      0.00014      0.00077      0.00006      0.00010
     -1.55000      0.08393      0.01173      0.00927      0.05182      0.00412      0.00700
     -1.54000      2.06578      0.28859      0.22817      1.27551      0.10132      0.17218
     -1.53000     18.70501      2.61314      2.06605     11.54934      0.91741      1.55906
     -1.52000     62.30707      8.70446      6.88210     38.47128      3.05593      5.19330
     -1.51000     76.35233     10.66662      8.43346     47.14347      3.74480      6.36397
     -1.50000     34.42015      4.80858      3.80186     21.25260      1.68818      2.86892
     -1.49000      5.70833      0.79747      0.63051      3.52459      0.27997      0.47579
     -1.48000      0.34827      0.04865      0.03847      0.21504      0.01708      0.02903
     -1.47000      0.00782      0.00109      0.00086      0.00483      0.00038      0.00065
     -1.46000      0.00000      0.00000      0.00000      0.00000      0.00000      0.00000
     -1.45000      0.00000      0.00000      0.00000      0.00000      0.00000      0.00000
     -1.44000      0.00000      0.00000      0.00000      0.00000      0.00000      0.00000
     -1.43000      0.00000      0.00000      0.00000      0.00000      0.00000      0.00000
     -1.42000      0.00000      0.00000      0.00000      0.00000      0.00000      0.00000
     -1.41000      0.00000      0.00000      0.00000      0.00000      0.00000      0.00000
     -1.40000      0.00000      0.00000      0.00000      0.00000      0.00000      0.00000
     -1.39000      0.00000      0.00000      0.00000      0.00000      0.00000      0.00000
     -1.38000      0.00000      0.00000      0.00000      0.00000      0.00000      0.00000
     -1.37000      0.00000      0.00000      0.00000      0.00000      0.00000      0.00000
     -1.36000      0.00000      0.00000      0.00000      0.00000      0.00000      0.00000
     -1.35000      0.00000      0.00000      0.00000      0.00000      0.00000      0.00000
     -1.34000      0.00000      0.00000      0.00000      0.00000      0.00000      0.00000
     -1.33000      0.00000      0.00000      0.00000      0.00000      0.00000      0.00000
     -1.32000      0.00000      0.00000      0.00000      0.00000      0.00000      0.00000
     -1.31000      0.00000      0.00000      0.00000      0.00000      0.00000      0.00000
     -1.30000      0.00000      0.00000      0.00000      0.00000      0.00000      0.00000
     -1.29000      0.00000      0.00000      0.00000      0.00000      0.00000      0.00000
     -1.28000      0.00000      0.00000      0.00000      0.00000      0.00000      0.00000
     -1.27000      0.00000      0.00000      0.00000      0.00000      0.00000      0.00000
     -1.26000      0.00000      0.00000      0.00000      0.00000      0.00000      0.00000
     -1.25000      0.00000      0.00000      0.00000      0.00000      0.00000      0.00000
     -1.24000      0.00000      0.00000      0.00000      0.00000      0.00000      0.00000
     -1.23000      0.00000      0.00000      0.00000      0.00000      0.00000      0.00000
     -1.22000      0.00000      0.00000      0.00000      0.00000      0.00000      0.00000
     -1.21000      0.00000      0.00000      0.00000      0.00000      0.00000      0.00000
     -1.20000      0.00000      0.00000      0.00000      0.00000      0.00000      0.00000
     -1.19000      0.00000      0.00000      0.00000      0.00000      0.00000      0.00000
     -1.18000      0.00000      0.00000      0.00000      0.00000      0.00000      0.00000
     -1.17000      0.00000      0.00000      0.00000      0.00000      0.00000      0.00000
     -1.16000      0.00000      0.00000      0.00000      0.00000      0.00000      0.00000
     -1.15000      0.00000      0.00000      0.00000      0.00000      0.00000      0.00000
     -1.14000      0.00000      0.00000      0.00000      0.00000      0.00000      0.00000
     -1.13000      0.00000      0.00000      0.00000      0.00000      0.00000      0.00000
     -1.12000      0.00000      0.00000      0.00000      0.00000      0.00000      0.00000
     -1.11000      0.00000      0.00000      0.00000      0.00000      0.00000      0.00000
     -1.10000      0.00000      0.00000      0.00000      0.00000      0.00000      0.00000
     -1.09000      0.00000      0.00000      0.00000      0.00000      0.00000      0.00000
     -1.08000      0.00000      0.00000      0.00000      0.00000      0.00000      0.00000
     -1.07000      0.00000      0.00000      0.00000      0.00000      0.00000      0.00000
     -1.06000      0.00000      0.00000      0.00000      0.00000      0.00000      0.00000
     -1.05000      0.00000      0.00000      0.00000      0.00000      0.00000      0.00000
     -1.04000      0.00000      0.00000      0.00000      0.00000      0.00000      0.00000
     -1.03000      0.00000      0.00000      0.00000      0.00000      0.00000      0.00000
     -1.02000      0.00000      0.00000      0.00000      0.00000      0.00000      0.00000
     -1.01000      0.00000      0.00000      0.00000      0.00000      0.00000      0.00000
     -1.00000      0.00000      0.00000      0.00000      0.00000      0.00000      0.00000
     -0.99000      0.00000      0.00000      0.00000      0.00000      0.00000      0.00000
     -0.98000      0.00000      0.00000      0.00000      0.00000      0.00000      0.00000
     -0.97000      0.00000      0.00000      0.00000      0.00000      0.00000      0.00000
     -0.96000      0.00000      0.00000      0.00000      0.00000      0.00000      0.00000
     -0.95000      0.00000      0.00000      0.00000      0.00000      0.00000      0.00000
     -0.94000      0.00000      0.00000      0.00000      0.00000      0.00000      0.00000
     -0.93000      0.00000      0.00000      0.00000      0.00000      0.00000      0.00000
     -0.92000      0.00080      0.00051      0.00011      0.00009      0.00005      0.00005
     -0.91000      0.05901      0.03715      0.00775      0.00682      0.00333      0.00396
     -0.90000      1.59552      1.00452      0.20940      0.18441      0.09011      0.10707
     -0.89000     15.86957      9.99131      2.08281      1.83425      0.89622      1.06498
     -0.88000     58.06771     36.55880      7.62113      6.71163      3.27933      3.89682
     -0.87000     78.16455     49.21155     10.25876      9.03448      4.41429      5.24548
     -0.86000     38.70709     24.36956      5.08014      4.47387      2.18596      2.59756
     -0.85000      7.05142      4.43950      0.92547      0.81502      0.39822      0.47321
     -0.84000      0.47257      0.29753      0.06202      0.05462      0.02669      0.03171
     -0.83000      0.01165      0.00734      0.00153      0.00135      0.00066      0.00078
     -0.82000      0.00000      0.00000      0.00000      0.00000      0.00000      0.00000
     -0.81000      0.00000      0.00000      0.00000      0.00000      0.00000      0.00000
     -0.80000      0.00000      0.00000      0.00000      0.00000      0.00000      0.00000
     -0.79000      0.00000      0.00000      0.00000      0.00000      0.00000      0.00000
     -0.78000      0.00000      0.00000      0.00000      0.00000      0.00000      0.00000
     -0.77000      0.00000      0.00000      0.00000      0.00000      0.00000      0.00000
     -0.76000      0.00000      0.00000      0.00000      0.00000      0.00000      0.00000
     -0.75000      0.00000      0.00000      0.00000      0.00000      0.00000      0.00000
     -0.74000      0.00000      0.00000      0.00000      0.00000      0.00000      0.00000
     -0.73000      0.00000      0.00000      0.00000      0.00000      0.00000      0.00000
     -0.72000      0.00000      0.00000      0.00000      0.00000      0.00000      0.00000
     -0.71000      0.00000      0.00000      0.00000      0.00000      0.00000      0.00000
     -0.70000      0.00000      0.00000      0.00000      0.00000      0.00000      0.00000
     -0.69000      0.00000      0.00000      0.00000      0.00000      0.00000      0.00000
     -0.68000      0.00000      0.00000      0.00000      0.00000      0.00000      0.00000
     -0.67000      0.00000      0.00000      0.00000      0.00000      0.00000      0.00000
     -0.66000      0.00000      0.00000      0.00000      0.00000      0.00000      0.00000
     -0.65000      0.00000      0.00000      0.00000      0.00000      0.00000      0.00000
     -0.64000      0.00000      0.00000      0.00000      0.00000      0.00000      0.00000
     -0.63000      0.00000      0.00000      0.00000      0.00000      0.00000      0.00000
     -0.62000      0.00000      0.00000      0.00000      0.00000      0.00000      0.00000
     -0.61000      0.00000      0.00000      0.00000      0.00000      0.00000      0.00000
     -0.60000      0.00000      0.00000      0.00000      0.00000      0.00000      0.00000
     -0.59000      0.00000      0.00000      0.00000      0.00000      0.00000      0.00000
     -0.58000      0.00000      0.00000      0.00000      0.00000      0.00000      0.00000
     -0.57000      0.00000      0.00000      0.00000      0.00000      0.00000      0.00000
     -0.56000      0.00000      0.00000      0.00000      0.00000      0.00000      0.00000
     -0.55000      0.00000      0.00000      0.00000      0.00000      0.00000      0.00000
     -0.54000      0.00000      0.00000      0.00000      0.00000      0.00000      0.00000
     -0.53000      0.00000      0.00000      0.00000      0.00000      0.00000      0.00000
     -0.52000      0.00000      0.00000      0.00000      0.00000      0.00000      0.00000
     -0.51000      0.00000      0.00000      0.00000      0.00000      0.00000      0.00000
     -0.50000      0.00000      0.00000      0.00000      0.00000      0.00000      0.00000
     -0.49000      0.00000      0.00000      0.00000      0.00000      0.00000      0.00000
     -0.48000      0.00000      0.00000      0.00000      0.00000      0.00000      0.00000
     -0.47000      0.00000      0.00000      0.00000      0.00000      0.00000      0.00000
     -0.46000      0.00000      0.00000      0.00000      0.00000      0.00000      0.00000
     -0.45000      0.00000      0.00000      0.00000      0.00000      0.00000      0.00000
     -0.44000      0.00000      0.00000      0.00000      0.00000      0.00000      0.00000
     -0.43000      0.00000      0.00000      0.00000      0.00000      0.00000      0.00000
     -0.42000      0.00000      0.00000      0.00000      0.00000      0.00000      0.00000
     -0.41000      0.00000      0.00000      0.00000      0.00000      0.00000      0.00000
     -0.40000      0.00000      0.00000      0.00000      0.00000      0.00000      0.00000
     -0.39000      0.00000      0.00000      0.00000      0.00000      0.00000      0.00000
     -0.38000      0.00000      0.00000      0.00000      0.00000      0.00000      0.00000
     -0.37000      0.00000      0.00000      0.00000      0.00000      0.00000      0.00000
     -0.36000      0.00000      0.00000      0.00000      0.00000      0.00000      0.00000
     -0.35000      0.00000      0.00000      0.00000      0.00000      0.00000      0.00000
     -0.34000      0.00000      0.00000      0.00000      0.00000      0.00000      0.00000
     -0.33000      0.00000      0.00000      0.00000      0.00000      0.00000      0.00000
     -0.32000      0.00000      0.00000      0.00000      0.00000      0.00000      0.00000
     -0.31000      0.00000      0.00000      0.00000      0.00000      0.00000      0.00000
     -0.30000      0.00000      0.00000      0.00000      0.00000      0.00000      0.00000
     -0.29000      0.00000      0.00000      0.00000      0.00000      0.00000      0.00000
     -0.28000      0.00000      0.00000      0.00000      0.00000      0.00000      0.00000
     -0.27000      0.00000      0.00000      0.00000      0.00000      0.00000      0.00000
     -0.26000      0.00000      0.00000      0.00000      0.00000      0.00000      0.00000
     -0.25000      0.00000      0.00000      0.00000      0.00000      0.00000      0.00000
     -0.24000      0.00000      0.00000      0.00000      0.00000      0.00000      0.00000
     -0.23000      0.00000      0.00000      0.00000      0.00000      0.00000      0.00000
     -0.22000      0.00000      0.00000      0.00000      0.00000      0.00000      0.00000
     -0.21000      0.00000      0.00000      0.00000      0.00000      0.00000      0.00000
     -0.20000      0.00000      0.00000      0.00000      0.00000      0.00000      0.00000
     -0.19000      0.00000      0.00000      0.00000      0.00000      0.00000      0.00000
     -0.18000      0.00000      0.00000      0.00000      0.00000      0.00000      0.00000
     -0.17000      0.00000      0.00000      0.00000      0.00000      0.00000      0.00000
     -0.16000      0.00000      0.00000      0.00000      0.00000      0.00000      0.00000
     -0.15000      0.00000      0.00000      0.00000      0.00000      0.00000      0.00000
     -0.14000      0.00000      0.00000      0.00000      0.00000      0.00000      0.00000
     -0.13000      0.00000      0.00000      0.00000      0.00000      0.00000      0.00000
     -0.12000      0.00000      0.00000      0.00000      0.00000      0.00000      0.00000
     -0.11000      0.00000      0.00000      0.00000      0.00000      0.00000      0.00000
     -0.10000      0.00000      0.00000      0.00000      0.00000      0.00000      0.00000
     -0.09000      0.00000      0.00000      0.00000      0.00000      0.00000      0.00000
     -0.08000      0.00000      0.00000      0.00000      0.00000      0.00000      0.00000
     -0.07000      0.00000      0.00000      0.00000      0.00000      0.00000      0.00000
     -0.06000      0.00000      0.00000      0.00000      0.00000      0.00000      0.00000
     -0.05000      0.00030      0.00000      0.00002      0.00001      0.00001      0.00025
     -0.04000      0.02677      0.00042      0.00180      0.00067      0.00125      0.02262
     -0.03000      0.88637      0.01379      0.05971      0.02216      0.04150      0.74920
     -0.02000     10.79819      0.16797      0.72743      0.27001      0.50560      9.12717
     -0.01000     48.39414      0.75281      3.26012      1.21012      2.26595     40.90515
      0.00000     79.78846      1.24117      5.37503      1.99514      3.73592     67.44119
      0.01000     48.39414      0.75281      3.26012      1.21012      2.26595     40.90515
      0.02000     10.79819      0.16797      0.72743      0.27001      0.50560      9.12717
      0.03000      0.88637      0.01379      0.05971      0.02216      0.04150      0.74920
      0.04000      0.02677      0.00042      0.00180      0.00067      0.00125      0.02262
      0.05000      0.00000      0.00000      0.00000      0.00000      0.00000      0.00000
      0.06000      0.00000      0.00000      0.00000      0.00000      0.00000      0.00000
      0.07000      0.00000      0.00000      0.00000      0.00000      0.00000      0.00000
      0.08000      0.00000      0.00000      0.00000      0.00000      0.00000      0.00000
      0.09000      0.00000      0.00000      0.00000      0.00000      0.00000      0.00000
      0.10000      0.00000      0.00000      0.00000      0.00000      0.00000      0.00000
      0.11000      0.00000      0.00000      0.00000      0.00000      0.00000      0.00000
      0.12000      0.00000      0.00000      0.00000      0.00000      0.00000      0.00000
      0.13000      0.00000      0.00000      0.00000      0.00000      0.00000      0.00000
      0.14000      0.00000      0.00000      0.00000      0.00000      0.00000      0.00000
      0.15000      0.00000      0.00000      0.00000      0.00000      0.00000      0.00000
      0.16000      0.00000      0.00000      0.00000      0.00000      0.00000      0.00000
      0.17000      0.00000      0.00000      0.00000      0.00000      0.00000      0.00000
      0.18000      0.00000      0.00000      0.00000      0.00000      0.00000      0.00000
      0.19000      0.00000      0.00000      0.00000      0.00000      0.00000      0.00000
      0.20000      0.00000      0.00000      0.00000      0.00000      0.00000      0.00000
      0.21000      0.00000      0.00000      0.00000      0.00000      0.00000      0.00000
      0.22000      0.00000      0.00000      0.00000      0.00000      0.00000      0.00000
      0.23000      0.00000      0.00000      0.00000      0.00000      0.00000      0.00000
      0.24000      0.00000      0.00000      0.00000      0.00000      0.00000      0.00000
      0.25000      0.00000      0.00000      0.00000      0.00000      0.00000      0.00000
      0.26000      0.00000      0.00000      0.00000      0.00000      0.00000      0.00000
      0.27000      0.00000      0.00000      0.00000      0.00000      0.00000      0.00000
      0.28000      0.00000      0.00000      0.00000      0.00000      0.00000      0.00000
      0.29000      0.00000      0.00000      0.00000      0.00000      0.00000      0.00000
      0.30000      0.00000      0.00000      0.00000      0.00000      0.00000      0.00000
      0.31000      0.00000      0.00000      0.00000      0.00000      0.00000      0.00000
      0.32000      0.00000      0.00000      0.00000      0.00000      0.00000      0.00000
      0.33000      0.00000      0.00000      0.00000      0.00000      0.00000      0.00000
      0.34000      0.00000      0.00000      0.00000      0.00000      0.00000      0.00000
      0.35000      0.00000      0.00000      0.00000      0.00000      0.00000      0.00000
      0.36000      0.00000      0.00000      0.00000      0.00000      0.00000      0.00000
      0.37000      0.00000      0.00000      0.00000      0.00000      0.00000      0.00000
      0.38000      0.00000      0.00000      0.00000      0.00000      0.00000      0.00000
      0.39000      0.00000      0.00000      0.00000      0.00000      0.00000      0.00000
      0.40000      0.00000      0.00000      0.00000      0.00000      0.00000      0.00000
      0.41000      0.00000      0.00000      0.00000      0.00000      0.00000      0.00000
      0.42000      0.00000      0.00000      0.00000      0.00000      0.00000      0.00000
      0.43000      0.00000      0.00000      0.00000      0.00000      0.00000      0.00000
      0.44000      0.00000      0.00000      0.00000      0.00000      0.00000      0.00000
      0.45000      0.00000      0.00000      0.00000      0.00000      0.00000      0.00000
      0.46000      0.00000      0.00000      0.00000      0.00000      0.00000      0.00000
      0.47000      0.00000      0.00000      0.00000      0.00000      0.00000      0.00000
      0.48000      0.00000      0.00000      0.00000      0.00000      0.00000      0.00000
      0.49000      0.00000      0.00000      0.00000      0.00000      0.00000      0.00000
      0.50000      0.00000      0.00000      0.00000      0.00000      0.00000      0.00000
      0.51000      0.00000      0.00000      0.00000      0.00000      0.00000      0.00000
      0.52000      0.00000      0.00000      0.00000      0.00000      0.00000      0.00000
      0.53000      0.00000      0.00000      0.00000      0.00000      0.00000      0.00000
      0.54000      0.00000      0.00000      0.00000      0.00000      0.00000      0.00000
      0.55000      0.00000      0.00000      0.00000      0.00000      0.00000      0.00000
      0.56000      0.00000      0.00000      0.00000      0.00000      0.00000      0.00000
      0.57000      0.00000      0.00000      0.00000      0.00000      0.00000      0.00000
      0.58000      0.00000      0.00000      0.00000      0.00000      0.00000      0.00000
      0.59000      0.00000      0.00000      0.00000      0.00000      0.00000      0.00000
      0.60000      0.00000      0.00000      0.00000      0.00000      0.00000      0.00000
      0.61000      0.00000      0.00000      0.00000      0.00000      0.00000      0.00000
      0.62000      0.00000      0.00000      0.00000      0.00000      0.00000      0.00000
      0.63000      0.00000      0.00000      0.00000      0.00000      0.00000      0.00000
      0.64000      0.00000      0.00000      0.00000      0.00000      0.00000      0.00000
      0.65000      0.00000      0.00000      0.00000      0.00000      0.00000      0.00000
      0.66000      0.00000      0.00000      0.00000      0.00000      0.00000      0.00000
      0.67000      0.00000      0.00000      0.00000      0.00000      0.00000      0.00000
      0.68000      0.00000      0.00000      0.00000      0.00000      0.00000      0.00000
      0.69000      0.00000      0.00000      0.00000      0.00000      0.00000      0.00000
      0.70000      0.00000      0.00000      0.00000      0.00000      0.00000      0.00000
      0.71000      0.00000      0.00000      0.00000      0.00000      0.00000      0.00000
      0.72000      0.00000      0.00000      0.00000      0.00000      0.00000      0.00000
      0.73000      0.00000      0.00000      0.00000      0.00000      0.00000      0.00000
      0.74000      0.00000      0.00000      0.00000      0.00000      0.00000      0.00000
      0.75000      0.00000      0.00000      0.00000      0.00000      0.00000      0.00000
      0.76000      0.00000      0.00000      0.00000      0.00000      0.00000      0.00000
      0.77000      0.00000      0.00000      0.00000      0.00000      0.00000      0.00000
      0.78000      0.00000      0.00000      0.00000      0.00000      0.00000      0.00000
      0.79000      0.00000      0.00000      0.00000      0.00000      0.00000      0.00000
      0.80000      0.00000      0.00000      0.00000      0.00000      0.00000      0.00000
      0.81000      0.00000      0.00000      0.00000      0.00000      0.00000      0.00000
      0.82000      0.00000      0.00000      0.00000      0.00000      0.00000      0.00000
      0.83000      0.00000      0.00000      0.00000      0.00000      0.00000      0.00000
      0.84000      0.00000      0.00000      0.00000      0.00000      0.00000      0.00000
      0.85000      0.00000      0.00000      0.00000      0.00000      0.00000      0.00000
      0.86000      0.00000      0.00000      0.00000      0.00000      0.00000      0.00000
      0.87000      0.00000      0.00000      0.00000      0.00000      0.00000      0.00000
      0.88000      0.00000      0.00000      0.00000      0.00000      0.00000      0.00000
      0.89000      0.00000      0.00000      0.00000      0.00000      0.00000      0.00000
      0.90000      0.00000      0.00000      0.00000      0.00000      0.00000      0.00000
      0.91000      0.00000      0.00000      0.00000      0.00000      0.00000      0.00000
      0.92000      0.00000      0.00000      0.00000      0.00000      0.00000      0.00000
      0.93000      0.00000      0.00000      0.00000      0.00000      0.00000      0.00000
      0.94000      0.00000      0.00000      0.00000      0.00000      0.00000      0.00000
      0.95000      0.00000      0.00000      0.00000      0.00000      0.00000      0.00000
      0.96000      0.00000      0.00000      0.00000      0.00000      0.00000      0.00000
      0.97000      0.00000      0.00000      0.00000      0.00000      0.00000      0.00000
      0.98000      0.00000      0.00000      0.00000      0.00000      0.00000      0.00000
      0.99000      0.00000      0.00000      0.00000      0.00000      0.00000      0.00000
      1.00000      0.00000      0.00000      0.00000      0.00000      0.00000      0.00000
      1.01000      0.00000      0.00000      0.00000      0.00000      0.00000      0.00000
      1.02000      0.00000      0.00000      0.00000      0.00000      0.00000      0.00000
      1.03000      0.00000      0.00000      0.00000      0.00000      0.00000      0.00000
      1.04000      0.00000      0.00000      0.00000      0.00000      0.00000      0.00000
      1.05000      0.00000      0.00000      0.00000      0.00000      0.00000      0.00000
      1.06000      0.00000      0.00000      0.00000      0.00000      0.00000      0.00000
      1.07000      0.00000      0.00000      0.00000      0.00000      0.00000      0.00000
      1.08000      0.00000      0.00000      0.00000      0.00000      0.00000      0.00000
      1.09000      0.00000      0.00000      0.00000      0.00000      0.00000      0.00000
      1.10000      0.00000      0.00000      0.00000      0.00000      0.00000      0.00000
      1.11000      0.00000      0.00000      0.00000      0.00000      0.00000      0.00000
      1.12000      0.00000      0.00000      0.00000      0.00000      0.00000      0.00000
      1.13000      0.00000      0.00000      0.00000      0.00000      0.00000      0.00000
      1.14000      0.00000      0.00000      0.00000      0.00000      0.00000      0.00000
      1.15000      0.00000      0.00000      0.00000      0.00000      0.00000      0.00000
      1.16000      0.00000      0.00000      0.00000      0.00000      0.00000      0.00000
      1.17000      0.00000      0.00000      0.00000      0.00000      0.00000      0.00000
      1.18000      0.00000      0.00000      0.00000      0.00000      0.00000      0.00000
      1.19000      0.00000      0.00000      0.00000      0.00000      0.00000      0.00000
      1.20000      0.00000      0.00000      0.00000      0.00000      0.00000      0.00000
      1.21000      0.00000      0.00000      0.00000      0.00000      0.00000      0.00000
      1.22000      0.00000      0.00000      0.00000      0.00000      0.00000      0.00000
      1.23000      0.00000      0.00000      0.00000      0.00000      0.00000      0.00000
      1.24000      0.00000      0.00000      0.00000      0.00000      0.00000      0.00000
      1.25000      0.00000      0.00000      0.00000      0.00000      0.00000      0.00000
      1.26000      0.00000      0.00000      0.00000      0.00000      0.00000      0.00000
      1.27000      0.00000      0.00000      0.00000      0.00000      0.00000      0.00000
      1.28000      0.00000      0.00000      0.00000      0.00000      0.00000      0.00000
      1.29000      0.00000      0.00000      0.00000      0.00000      0.00000      0.00000
      1.30000      0.00000      0.00000      0.00000      0.00000      0.00000      0.00000
      1.31000      0.00000      0.00000      0.00000      0.00000      0.00000      0.00000
      1.32000      0.00000      0.00000      0.00000      0.00000      0.00000      0.00000
      1.33000      0.00000      0.00000      0.00000      0.00000      0.00000      0.00000
      1.34000      0.00000      0.00000      0.00000      0.00000      0.00000      0.00000
      1.35000      0.00000      0.00000      0.00000      0.00000      0.00000      0.00000
      1.36000      0.00000      0.00000      0.00000      0.00000      0.00000      0.00000
      1.37000      0.00000      0.00000      0.00000      0.00000      0.00000      0.00000
      1.38000      0.00000      0.00000      0.00000      0.00000      0.00000      0.00000
      1.39000      0.00000      0.00000      0.00000      0.00000      0.00000      0.00000
      1.40000      0.00000      0.00000      0.00000      0.00000      0.00000      0.00000
      1.41000      0.00000      0.00000      0.00000      0.00000      0.00000      0.00000
      1.42000      0.00000      0.00000      0.00000      0.00000      0.00000      0.00000
      1.43000      0.00000      0.00000      0.00000      0.00000      0.00000      0.00000
      1.44000      0.00000      0.00000      0.00000      0.00000      0.00000      0.00000
      1.45000      0.00000      0.00000      0.00000      0.00000      0.00000      0.00000
      1.46000      0.00000      0.00000      0.00000      0.00000      0.00000      0.00000
      1.47000      0.00000      0.00000      0.00000      0.00000      0.00000      0.00000
      1.48000      0.00000      0.00000      0.00000      0.00000      0.00000      0.00000
      1.49000      0.00000      0.00000      0.00000      0.00000      0.00000      0.00000
      1.50000      0.00000      0.00000      0.00000      0.00000      0.00000      0.00000
      1.51000      0.00000      0.00000      0.00000      0.00000      0.00000      0.00000
      1.52000      0.00000      0.00000      0.00000      0.00000      0.00000      0.00000
      1.53000      0.00000      0.00000      0.00000      0.00000      0.00000      0.00000
      1.54000      0.00000      0.00000      0.00000      0.00000      0.00000      0.00000
      1.55000      0.00000      0.00000      0.00000      0.00000      0.00000      0.00000
      1.56000      0.00000      0.00000      0.00000      0.00000      0.00000      0.00000
      1.57000      0.00000      0.00000      0.00000      0.00000      0.00000      0.00000
      1.58000      0.00000      0.00000      0.00000      0.00000      0.00000      0.00000
      1.59000      0.00000      0.00000      0.00000      0.00000      0.00000      0.00000
      1.60000      0.00000      0.00000      0.00000      0.00000      0.00000      0.00000
      1.61000      0.00000      0.00000      0.00000      0.00000      0.00000      0.00000
      1.62000      0.00000      0.00000      0.00000      0.00000      0.00000      0.00000
      1.63000      0.00000      0.00000      0.00000      0.00000      0.00000      0.00000
      1.64000      0.00000      0.00000      0.00000      0.00000      0.00000      0.00000
      1.65000      0.00000      0.00000      0.00000      0.00000      0.00000      0.00000
      1.66000      0.00000      0.00000      0.00000      0.00000      0.00000      0.00000
      1.67000      0.00000      0.00000      0.00000      0.00000      0.00000      0.00000
      1.68000      0.00000      0.00000      0.00000      0.00000      0.00000      0.00000
      1.69000      0.00000      0.00000      0.00000      0.00000      0.00000      0.00000
      1.70000      0.00000      0.00000      0.00000      0.00000      0.00000      0.00000
      1.71000      0.00000      0.00000      0.00000      0.00000      0.00000      0.00000
      1.72000      0.00000      0.00000      0.00000      0.00000      0.00000      0.00000
      1.73000      0.00000      0.00000      0.00000      0.00000      0.00000      0.00000
      1.74000      0.00000      0.00000      0.00000      0.00000      0.00000      0.00000
      1.75000      0.00000      0.00000      0.00000      0.00000      0.00000      0.00000
      1.76000      0.00000      0.00000      0.00000      0.00000      0.00000      0.00000
      1.77000      0.00000      0.00000      0.00000      0.00000      0.00000      0.00000
      1.78000      0.00000      0.00000      0.00000      0.00000      0.00000      0.00000
      1.79000      0.00000      0.00000      0.00000      0.00000      0.00000      0.00000
      1.80000      0.00000      0.00000      0.00000      0.00000      0.00000      0.00000
      1.81000      0.00000      0.00000      0.00000      0.00000      0.00000      0.00000
      1.82000      0.00000      0.00000      0.00000      0.00000      0.00000      0.00000
      1.83000      0.00000      0.00000      0.00000      0.00000      0.00000      0.00000
      1.84000      0.00000      0.00000      0.00000      0.00000      0.00000      0.00000
      1.85000      0.00000      0.00000      0.00000      0.00000      0.00000      0.00000
      1.86000      0.00000      0.00000      0.00000      0.00000      0.00000      0.00000
      1.87000      0.00000      0.00000      0.00000      0.00000      0.00000      0.00000
      1.88000      0.00000      0.00000      0.00000      0.00000      0.00000      0.00000
      1.89000      0.00000      0.00000      0.00000      0.00000      0.00000      0.00000
      1.90000      0.00000      0.00000      0.00000      0.00000      0.00000      0.00000
      1.91000      0.00000      0.00000      0.00000      0.00000      0.00000      0.00000
      1.92000      0.00000      0.00000      0.00000      0.00000      0.00000      0.00000
      1.93000      0.00000      0.00000      0.00000      0.00000      0.00000      0.00000
      1.94000      0.00000      0.00000      0.00000      0.00000      0.00000      0.00000
      1.95000      0.00000      0.00000      0.00000      0.00000      0.00000      0.00000
      1.96000      0.00000      0.00000      0.00000      0.00000      0.00000      0.00000
      1.97000      0.00000      0.00000      0.00000      0.00000      0.00000      0.00000
      1.98000      0.00000      0.00000      0.00000      0.00000      0.00000      0.00000
      1.99000      0.00000      0.00000      0.00000      0.00000      0.00000      0.00000
      2.00000      0.00000      0.00000      0.00000      0.00000      0.00000      0.00000
      2.01000      0.00000      0.00000      0.00000      0.00000      0.00000      0.00000
      2.02000      0.00000      0.00000      0.00000      0.00000      0.00000      0.00000
      2.03000      0.00000      0.00000      0.00000      0.00000      0.00000      0.00000
      2.04000      0.00000      0.00000      0.00000      0.00000      0.00000      0.00000
      2.05000      0.00000      0.00000      0.00000      0.00000      0.00000      0.00000
      2.06000      0.00000      0.00000      0.00000      0.00000      0.00000      0.00000
      2.07000      0.00000      0.00000      0.00000      0.00000      0.00000      0.00000
      2.08000      0.00000      0.00000      0.00000      0.00000      0.00000      0.00000
      2.09000      0.00000      0.00000      0.00000      0.00000      0.00000      0.00000
      2.10000      0.00000      0.00000      0.00000      0.00000      0.00000      0.00000
      2.11000      0.00000      0.00000      0.00000      0.00000      0.00000      0.00000
      2.12000      0.00000      0.00000      0.00000      0.00000      0.00000      0.00000
      2.13000      0.00000      0.00000      0.00000      0.00000      0.00000      0.00000
      2.14000      0.00000      0.00000      0.00000      0.00000      0.00000      0.00000
      2.15000      0.00000      0.00000      0.00000      0.00000      0.00000      0.00000
      2.16000      0.00000      0.00000      0.00000      0.00000      0.00000      0.00000
      2.17000      0.00000      0.00000      0.00000      0.00000      0.00000      0.00000
      2.18000      0.00000      0.00000      0.00000      0.00000      0.00000      0.00000
      2.19000      0.00000      0.00000      0.00000      0.00000      0.00000      0.00000
      2.20000      0.00000      0.00000      0.00000      0.00000      0.00000      0.00000
      2.21000      0.00000      0.00000      0.00000      0.00000      0.00000      0.00000
      2.22000      0.00000      0.00000      0.00000      0.00000      0.00000      0.00000
      2.23000      0.00000      0.00000      0.00000      0.00000      0.00000      0.00000
      2.24000      0.00000      0.00000      0.00000      0.00000      0.00000      0.00000
      2.25000      0.00000      0.00000      0.00000      0.00000      0.00000      0.00000
      2.26000      0.00000      0.00000      0.00000      0.00000      0.00000      0.00000
      2.27000      0.00000      0.00000      0.00000      0.00000      0.00000      0.00000
      2.28000      0.00000      0.00000      0.00000      0.00000      0.00000      0.00000
      2.29000      0.00000      0.00000      0.00000      0.00000      0.00000      0.00000
      2.30000      0.00000      0.00000      0.00000      0.00000      0.00000      0.00000
      2.31000      0.00000      0.00000      0.00000      0.00000      0.00000      0.00000
      2.32000      0.00000      0.00000      0.00000      0.00000      0.00000      0.00000
      2.33000      0.00000      0.00000      0.00000      0.00000      0.00000      0.00000
      2.34000      0.00000      0.00000      0.00000      0.00000      0.00000      0.00000
      2.35000      0.00000      0.00000      0.00000      0.00000      0.00000      0.00000
      2.36000      0.00000      0.00000      0.00000      0.00000      0.00000      0.00000
      2.37000      0.00000      0.00000      0.00000      0.00000      0.00000      0.00000
      2.38000      0.00000      0.00000      0.00000      0.00000      0.00000      0.00000
      2.39000      0.00000      0.00000      0.00000      0.00000      0.00000      0.00000
      2.40000      0.00000      0.00000      0.00000      0.00000      0.00000      0.00000
      2.41000      0.00000      0.00000      0.00000      0.00000      0.00000      0.00000
      2.42000      0.00000      0.00000      0.00000      0.00000      0.00000      0.00000
      2.43000      0.00000      0.00000      0.00000      0.00000      0.00000      0.00000
      2.44000      0.00000      0.00000      0.00000      0.00000      0.00000      0.00000
      2.45000      0.00000      0.00000      0.00000      0.00000      0.00000      0.00000
      2.46000      0.00000      0.00000      0.00000      0.00000      0.00000      0.00000
      2.47000      0.00000      0.00000      0.00000      0.00000      0.00000      0.00000
      2.48000      0.00000      0.00000      0.00000      0.00000      0.00000      0.00000
      2.49000      0.00000      0.00000      0.00000      0.00000      0.00000      0.00000
      2.50000      0.00000      0.00000      0.00000      0.00000      0.00000      0.00000
      2.51000      0.00000      0.00000      0.00000      0.00000      0.00000      0.00000
      2.52000      0.00000      0.00000      0.00000      0.00000      0.00000      0.00000
      2.53000      0.00000      0.00000      0.00000      0.00000      0.00000      0.00000
      2.54000      0.00000      0.00000      0.00000      0.00000      0.00000      0.00000
      2.55000      0.00000      0.00000      0.00000      0.00000      0.00000      0.00000
      2.56000      0.00000      0.00000      0.00000      0.00000      0.00000      0.00000
      2.57000      0.00000      0.00000      0.00000      0.00000      0.00000      0.00000
      2.58000      0.00000      0.00000      0.00000      0.00000      0.00000      0.00000
      2.59000      0.00000      0.00000      0.00000      0.00000      0.00000      0.00000
      2.60000      0.00000      0.00000      0.00000      0.00000      0.00000      0.00000
      2.61000      0.00000      0.00000      0.00000      0.00000      0.00000      0.00000
      2.62000      0.00000      0.00000      0.00000      0.00000      0.00000      0.00000
      2.63000      0.00000      0.00000      0.00000      0.00000      0.00000      0.00000
      2.64000      0.00000      0.00000      0.00000      0.00000      0.00000      0.00000
      2.65000      0.00000      0.00000      0.00000      0.00000      0.00000      0.00000
      2.66000      0.00000      0.00000      0.00000      0.00000      0.00000      0.00000
      2.67000      0.00000      0.00000      0.00000      0.00000      0.00000      0.00000
      2.68000      0.00000      0.00000      0.00000      0.00000      0.00000      0.00000
      2.69000      0.00000      0.00000      0.00000      0.00000      0.00000      0.00000
      2.70000      0.00000      0.00000      0.00000      0.00000      0.00000      0.00000
      2.71000      0.00000      0.00000      0.00000      0.00000      0.00000      0.00000
      2.72000      0.00000      0.00000      0.00000      0.00000      0.00000      0.00000
      2.73000      0.00000      0.00000      0.00000      0.00000      0.00000      0.00000
      2.74000      0.00000      0.00000      0.00000      0.00000      0.00000      0.00000
      2.75000      0.00000      0.00000      0.00000      0.00000      0.00000      0.00000
      2.76000      0.00000      0.00000      0.00000      0.00000      0.00000      0.00000
      2.77000      0.00000      0.00000      0.00000      0.00000      0.00000      0.00000
      2.78000      0.00000      0.00000      0.00000      0.00000      0.00000      0.00000
      2.79000      0.00000      0.00000      0.00000      0.00000      0.00000      0.00000
      2.80000      0.00000      0.00000      0.00000      0.00000      0.00000      0.00000
      2.81000      0.00000      0.00000      0.00000      0.00000      0.00000      0.00000
      2.82000      0.00000      0.00000      0.00000      0.00000      0.00000      0.00000
      2.83000      0.00000      0.00000      0.00000      0.00000      0.00000      0.00000
      2.84000      0.00000      0.00000      0.00000      0.00000      0.00000      0.00000
      2.85000      0.00000      0.00000      0.00000      0.00000      0.00000      0.00000
      2.86000      0.00000      0.00000      0.00000      0.00000      0.00000      0.00000
      2.87000      0.00000      0.00000      0.00000      0.00000      0.00000      0.00000
      2.88000      0.00000      0.00000      0.00000      0.00000      0.00000      0.00000
      2.89000      0.00000      0.00000      0.00000      0.00000      0.00000      0.00000
      2.90000      0.00000      0.00000      0.00000      0.00000      0.00000      0.00000
      2.91000      0.00000      0.00000      0.00000      0.00000      0.00000      0.00000
      2.92000      0.00000      0.00000      0.00000      0.00000      0.00000      0.00000
      2.93000      0.00000      0.00000      0.00000      0.00000      0.00000      0.00000
      2.94000      0.00000      0.00000      0.00000      0.00000      0.00000      0.00000
      2.95000      0.00000      0.00000      0.00000      0.00000      0.00000      0.00000
      2.96000      0.00000      0.00000      0.00000      0.00000      0.00000      0.00000
      2.97000      0.00000      0.00000      0.00000      0.00000      0.00000      0.00000
      2.98000      0.00000      0.00000      0.00000      0.00000      0.00000      0.00000
      2.99000      0.00000      0.00000      0.00000      0.00000      0.00000      0.00000
      3.00000      0.00000      0.00000      0.00000      0.00000      0.00000      0.00000
      3.01000      0.00000      0.00000      0.00000      0.00000      0.00000      0.00000
      3.02000      0.00000      0.00000      0.00000      0.00000      0.00000      0.00000
      3.03000      0.00000      0.00000      0.00000      0.00000      0.00000      0.00000
      3.04000      0.00000      0.00000      0.00000      0.00000      0.00000      0.00000
      3.05000      0.00000      0.00000      0.00000      0.00000      0.00000      0.00000
      3.06000      0.00000      0.00000      0.00000      0.00000      0.00000      0.00000
      3.07000      0.00000      0.00000      0.00000      0.00000      0.00000      0.00000
      3.08000      0.00000      0.00000      0.00000      0.00000      0.00000      0.00000
      3.09000      0.00000      0.00000      0.00000      0.00000      0.00000      0.00000
      3.10000      0.00000      0.00000      0.00000      0.00000      0.00000      0.00000
      3.11000      0.00000      0.00000      0.00000      0.00000      0.00000      0.00000
      3.12000      0.00000      0.00000      0.00000      0.00000      0.00000      0.00000
      3.13000      0.00000      0.00000      0.00000      0.00000      0.00000      0.00000
      3.14000      0.00000      0.00000      0.00000      0.00000      0.00000      0.00000
      3.15000      0.00000      0.00000      0.00000      0.00000      0.00000      0.00000
      3.16000      0.00000      0.00000      0.00000      0.00000      0.00000      0.00000
      3.17000      0.00000      0.00000      0.00000      0.00000      0.00000      0.00000
      3.18000      0.00000      0.00000      0.00000      0.00000      0.00000      0.00000
      3.19000      0.00000      0.00000      0.00000      0.00000      0.00000      0.00000
      3.20000      0.00000      0.00000      0.00000      0.00000      0.00000      0.00000
      3.21000      0.00000      0.00000      0.00000      0.00000      0.00000      0.00000
      3.22000      0.00000      0.00000      0.00000      0.00000      0.00000      0.00000
      3.23000      0.00000      0.00000      0.00000      0.00000      0.00000      0.00000
      3.24000      0.00000      0.00000      0.00000      0.00000      0.00000      0.00000
      3.25000      0.00000      0.00000      0.00000      0.00000      0.00000      0.00000
      3.26000      0.00000      0.00000      0.00000      0.00000      0.00000      0.00000
      3.27000      0.00000      0.00000      0.00000      0.00000      0.00000      0.00000
      3.28000      0.00000      0.00000      0.00000      0.00000      0.00000      0.00000
      3.29000      0.00000      0.00000      0.00000      0.00000      0.00000      0.00000
      3.30000      0.00000      0.00000      0.00000      0.00000      0.00000      0.00000
      3.31000      0.00000      0.00000      0.00000      0.00000      0.00000      0.00000
      3.32000      0.00000      0.00000      0.00000      0.00000      0.00000      0.00000
      3.33000      0.00000      0.00000      0.00000      0.00000      0.00000      0.00000
      3.34000      0.00000      0.00000      0.00000      0.00000      0.00000      0.00000
      3.35000      0.00000      0.00000      0.00000      0.00000      0.00000      0.00000
      3.36000      0.00000      0.00000      0.00000      0.00000      0.00000      0.00000
      3.37000      0.00000      0.00000      0.00000      0.00000      0.00000      0.00000
      3.38000      0.00000      0.00000      0.00000      0.00000      0.00000      0.00000
      3.39000      0.00000      0.00000      0.00000      0.00000      0.00000      0.00000
      3.40000      0.00000      0.00000      0.00000      0.00000      0.00000      0.00000
      3.41000      0.00000      0.00000      0.00000      0.00000      0.00000      0.00000
      3.42000      0.00000      0.00000      0.00000      0.00000      0.00000      0.00000
      3.43000      0.00000      0.00000      0.00000      0.00000      0.00000      0.00000
      3.44000      0.00000      0.00000      0.00000      0.00000      0.00000      0.00000
      3.45000      0.00000      0.00000      0.00000      0.00000      0.00000      0.00000
      3.46000      0.00000      0.00000      0.00000      0.00000      0.00000      0.00000
      3.47000      0.00000      0.00000      0.00000      0.00000      0.00000      0.00000
      3.48000      0.00000      0.00000      0.00000      0.00000      0.00000      0.00000
      3.49000      0.00000      0.00000      0.00000      0.00000      0.00000      0.00000
      3.50000      0.00000      0.00000      0.00000      0.00000      0.00000      0.00000
      3.51000      0.00000      0.00000      0.00000      0.00000      0.00000      0.00000
      3.52000      0.00000      0.00000      0.00000      0.00000      0.00000      0.00000
      3.53000      0.00000      0.00000      0.00000      0.00000      0.00000      0.00000
      3.54000      0.00000      0.00000      0.00000      0.00000      0.00000      0.00000
      3.55000      0.00000      0.00000      0.00000      0.00000      0.00000      0.00000
      3.56000      0.00000      0.00000      0.00000      0.00000      0.00000      0.00000
      3.57000      0.00000      0.00000      0.00000      0.00000      0.00000      0.00000
      3.58000      0.00000      0.00000      0.00000      0.00000      0.00000      0.00000
      3.59000      0.00000      0.00000      0.00000      0.00000      0.00000      0.00000
      3.60000      0.00000      0.00000      0.00000      0.00000      0.00000      0.00000
      3.61000      0.00000      0.00000      0.00000      0.00000      0.00000      0.00000
      3.62000      0.00000      0.00000      0.00000      0.00000      0.00000      0.00000
      3.63000      0.00000      0.00000      0.00000      0.00000      0.00000      0.00000
      3.64000      0.00000      0.00000      0.00000      0.00000      0.00000      0.00000
      3.65000      0.00000      0.00000      0.00000      0.00000      0.00000      0.00000
      3.66000      0.00000      0.00000      0.00000      0.00000      0.00000      0.00000
      3.67000      0.00000      0.00000      0.00000      0.00000      0.00000      0.00000
      3.68000      0.00000      0.00000      0.00000      0.00000      0.00000      0.00000
      3.69000      0.00000      0.00000      0.00000      0.00000      0.00000      0.00000
      3.70000      0.00000      0.00000      0.00000      0.00000      0.00000      0.00000
      3.71000      0.00000      0.00000      0.00000      0.00000      0.00000      0.00000
      3.72000      0.00000      0.00000      0.00000      0.00000      0.00000      0.00000
      3.73000      0.00000      0.00000      0.00000      0.00000      0.00000      0.00000
      3.74000      0.00000      0.00000      0.00000      0.00000      0.00000      0.00000
      3.75000      0.00000      0.00000      0.00000      0.00000      0.00000      0.00000
      3.76000      0.00000      0.00000      0.00000      0.00000      0.00000      0.00000
      3.77000      0.00000      0.00000      0.00000      0.00000      0.00000      0.00000
      3.78000      0.00000      0.00000      0.00000      0.00000      0.00000      0.00000
      3.79000      0.00000      0.00000      0.00000      0.00000      0.00000      0.00000
      3.80000      0.00000      0.00000      0.00000      0.00000      0.00000      0.00000
      3.81000      0.00000      0.00000      0.00000      0.00000      0.00000      0.00000
      3.82000      0.00000      0.00000      0.00000      0.00000      0.00000      0.00000
      3.83000      0.00000      0.00000      0.00000      0.00000      0.00000      0.00000
      3.84000      0.00000      0.00000      0.00000      0.00000      0.00000      0.00000
      3.85000      0.00000      0.00000      0.00000      0.00000      0.00000      0.00000
      3.86000      0.00000      0.00000      0.00000      0.00000      0.00000      0.00000
      3.87000      0.00000      0.00000      0.00000      0.00000      0.00000      0.00000
      3.88000      0.00000      0.00000      0.00000      0.00000      0.00000      0.00000
      3.89000      0.00000      0.00000      0.00000      0.00000      0.00000      0.00000
      3.90000      0.00000      0.00000      0.00000      0.00000      0.00000      0.00000
      3.91000      0.00000      0.00000      0.00000      0.00000      0.00000      0.00000
      3.92000      0.00000      0.00000      0.00000      0.00000      0.00000      0.00000
      3.93000      0.00000      0.00000      0.00000      0.00000      0.00000      0.00000
      3.94000      0.00000      0.00000      0.00000      0.00000      0.00000      0.00000
      3.95000      0.00000      0.00000      0.00000      0.00000      0.00000      0.00000
      3.96000      0.00000      0.00000      0.00000      0.00000      0.00000      0.00000
      3.97000      0.00000      0.00000      0.00000      0.00000      0.00000      0.00000
      3.98000      0.00000      0.00000      0.00000      0.00000      0.00000      0.00000
      3.99000      0.00000      0.00000      0.00000      0.00000      0.00000      0.00000
      4.00000      0.00000      0.00000      0.00000      0.00000      0.00000      0.00000
      4.01000      0.00000      0.00000      0.00000      0.00000      0.00000      0.00000
      4.02000      0.00000      0.00000      0.00000      0.00000      0.00000      0.00000
      4.03000      0.00000      0.00000      0.00000      0.00000      0.00000      0.00000
      4.04000      0.00000      0.00000      0.00000      0.00000      0.00000      0.00000
      4.05000      0.00000      0.00000      0.00000      0.00000      0.00000      0.00000
      4.06000      0.00000      0.00000      0.00000      0.00000      0.00000      0.00000
      4.07000      0.00000      0.00000      0.00000      0.00000      0.00000      0.00000
      4.08000      0.00000      0.00000      0.00000      0.00000      0.00000      0.00000
      4.09000      0.00000      0.00000      0.00000      0.00000      0.00000      0.00000
      4.10000      0.00000      0.00000      0.00000      0.00000      0.00000      0.00000
      4.11000      0.00000      0.00000      0.00000      0.00000      0.00000      0.00000
      4.12000      0.00000      0.00000      0.00000      0.00000      0.00000      0.00000
      4.13000      0.00000      0.00000      0.00000      0.00000      0.00000      0.00000
      4.14000      0.00000      0.00000      0.00000      0.00000      0.00000      0.00000
      4.15000      0.00000      0.00000      0.00000      0.00000      0.00000      0.00000
      4.16000      0.00000      0.00000      0.00000      0.00000      0.00000      0.00000
      4.17000      0.00000      0.00000      0.00000      0.00000      0.00000      0.00000
      4.18000      0.00000      0.00000      0.00000      0.00000      0.00000      0.00000
      4.19000      0.00000      0.00000      0.00000      0.00000      0.00000      0.00000
      4.20000      0.00000      0.00000      0.00000      0.00000      0.00000      0.00000
      4.21000      0.00000      0.00000      0.00000      0.00000      0.00000      0.00000
      4.22000      0.00000      0.00000      0.00000      0.00000      0.00000      0.00000
      4.23000      0.00000      0.00000      0.00000      0.00000      0.00000      0.00000
      4.24000      0.00000      0.00000      0.00000      0.00000      0.00000      0.00000
      4.25000      0.00000      0.00000      0.00000      0.00000      0.00000      0.00000
      4.26000      0.00000      0.00000      0.00000      0.00000      0.00000      0.00000
      4.27000      0.00000      0.00000      0.00000      0.00000      0.00000      0.00000
      4.28000      0.00000      0.00000      0.00000      0.00000      0.00000      0.00000
      4.29000      0.00000      0.00000      0.00000      0.00000      0.00000      0.00000
      4.30000      0.00000      0.00000      0.00000      0.00000      0.00000      0.00000
      4.31000      0.00000      0.00000      0.00000      0.00000      0.00000      0.00000
      4.32000      0.00000      0.00000      0.00000      0.00000      0.00000      0.00000
      4.33000      0.00000      0.00000      0.00000      0.00000      0.00000      0.00000
      4.34000      0.00000      0.00000      0.00000      0.00000      0.00000      0.00000
      4.35000      0.00000      0.00000      0.00000      0.00000      0.00000      0.00000
      4.36000      0.00000      0.00000      0.00000      0.00000      0.00000      0.00000
      4.37000      0.00000      0.00000      0.00000      0.00000      0.00000      0.00000
      4.38000      0.00000      0.00000      0.00000      0.00000      0.00000      0.00000
      4.39000      0.00000      0.00000      0.00000      0.00000      0.00000      0.00000
      4.40000      0.00000      0.00000      0.00000      0.00000      0.00000      0.00000
      4.41000      0.00000      0.00000      0.00000      0.00000      0.00000      0.00000
      4.42000      0.00000      0.00000      0.00000      0.00000      0.00000      0.00000
      4.43000      0.00000      0.00000      0.00000      0.00000      0.00000      0.00000
      4.44000      0.00000      0.00000      0.00000      0.00000      0.00000      0.00000
      4.45000      0.00000      0.00000      0.00000      0.00000      0.00000      0.00000
      4.46000      0.00000      0.00000      0.00000      0.00000      0.00000      0.00000
      4.47000      0.00000      0.00000      0.00000      0.00000      0.00000      0.00000
      4.48000      0.00000      0.00000      0.00000      0.00000      0.00000      0.00000
      4.49000      0.00000      0.00000      0.00000      0.00000      0.00000      0.00000
      4.50000      0.00000      0.00000      0.00000      0.00000      0.00000      0.00000
      4.51000      0.00000      0.00000      0.00000      0.00000      0.00000      0.00000
      4.52000      0.00000      0.00000      0.00000      0.00000      0.00000      0.00000
      4.53000      0.00000      0.00000      0.00000      0.00000      0.00000      0.00000
      4.54000      0.00000      0.00000      0.00000      0.00000      0.00000      0.00000
      4.55000      0.00000      0.00000      0.00000      0.00000      0.00000      0.00000
      4.56000      0.00000      0.00000      0.00000      0.00000      0.00000      0.00000
      4.57000      0.00000      0.00000      0.00000      0.00000      0.00000      0.00000
      4.58000      0.00000      0.00000      0.00000      0.00000      0.00000      0.00000
      4.59000      0.00000      0.00000      0.00000      0.00000      0.00000      0.00000
      4.60000      0.00000      0.00000      0.00000      0.00000      0.00000      0.00000
      4.61000      0.00000      0.00000      0.00000      0.00000      0.00000      0.00000
      4.62000      0.00000      0.00000      0.00000      0.00000      0.00000      0.00000
      4.63000      0.00000      0.00000      0.00000      0.00000      0.00000      0.00000
      4.64000      0.00000      0.00000      0.00000      0.00000      0.00000      0.00000
      4.65000      0.00000      0.00000      0.00000      0.00000      0.00000      0.00000
      4.66000      0.00000      0.00000      0.00000      0.00000      0.00000      0.00000
      4.67000      0.00000      0.00000      0.00000      0.00000      0.00000      0.00000
      4.68000      0.00000      0.00000      0.00000      0.00000      0.00000      0.00000
      4.69000      0.00000      0.00000      0.00000      0.00000      0.00000      0.00000
      4.70000      0.00000      0.00000      0.00000      0.00000      0.00000      0.00000
      4.71000      0.00000      0.00000      0.00000      0.00000      0.00000      0.00000
      4.72000      0.00000      0.00000      0.00000      0.00000      0.00000      0.00000
      4.73000      0.00000      0.00000      0.00000      0.00000      0.00000      0.00000
      4.74000      0.00000      0.00000      0.00000      0.00000      0.00000      0.00000
      4.75000      0.00000      0.00000      0.00000      0.00000      0.00000      0.00000
      4.76000      0.00000      0.00000      0.00000      0.00000      0.00000      0.00000
      4.77000      0.00000      0.00000      0.00000      0.00000      0.00000      0.00000
      4.78000      0.00000      0.00000      0.00000      0.00000      0.00000      0.00000
      4.79000      0.00000      0.00000      0.00000      0.00000      0.00000      0.00000
      4.80000      0.00000      0.00000      0.00000      0.00000      0.00000      0.00000
      4.81000      0.00000      0.00000      0.00000      0.00000      0.00000      0.00000
      4.82000      0.00000      0.00000      0.00000      0.00000      0.00000      0.00000
      4.83000      0.00000      0.00000      0.00000      0.00000      0.00000      0.00000
      4.84000      0.00000      0.00000      0.00000      0.00000      0.00000      0.00000
      4.85000      0.00000      0.00000      0.00000      0.00000      0.00000      0.00000
      4.86000      0.00000      0.00000      0.00000      0.00000      0.00000      0.00000
      4.87000      0.00000      0.00000      0.00000      0.00000      0.00000      0.00000
      4.88000      0.00000      0.00000      0.00000      0.00000      0.00000      0.00000
      4.89000      0.00000      0.00000      0.00000      0.00000      0.00000      0.00000
      4.90000      0.00000      0.00000      0.00000      0.00000      0.00000      0.00000
      4.91000      0.00000      0.00000      0.00000      0.00000      0.00000      0.00000
      4.92000      0.00000      0.00000      0.00000      0.00000      0.00000      0.00000
      4.93000      0.00000      0.00000      0.00000      0.00000      0.00000      0.00000
      4.94000      0.00000      0.00000      0.00000      0.00000      0.00000      0.00000
      4.95000      0.00000      0.00000      0.00000      0.00000      0.00000      0.00000
      4.96000      0.00000      0.00000      0.00000      0.00000      0.00000      0.00000
      4.97000      0.00000      0.00000      0.00000      0.00000      0.00000      0.00000
      4.98000      0.00000      0.00000      0.00000      0.00000      0.00000      0.00000
      4.99000      0.00000      0.00000      0.00000      0.00000      0.00000      0.00000
      5.00000      0.00000      0.00000      0.00000      0.00000      0.00000      0.00000
      5.01000      0.00000      0.00000      0.00000      0.00000      0.00000      0.00000
      5.02000      0.00000      0.00000      0.00000      0.00000      0.00000      0.00000
      5.03000      0.00000      0.00000      0.00000      0.00000      0.00000      0.00000
      5.04000      0.00000      0.00000      0.00000      0.00000      0.00000      0.00000
      5.05000      0.00000      0.00000      0.00000      0.00000      0.00000      0.00000
      5.06000      0.00000      0.00000      0.00000      0.00000      0.00000      0.00000
      5.07000      0.00000      0.00000      0.00000      0.00000      0.00000      0.00000
      5.08000      0.00000      0.00000      0.00000      0.00000      0.00000      0.00000
      5.09000      0.00000      0.00000      0.00000      0.00000      0.00000      0.00000
      5.10000      0.00000      0.00000      0.00000      0.00000      0.00000      0.00000
      5.11000      0.00000      0.00000      0.00000      0.00000      0.00000      0.00000
      5.12000      0.00000      0.00000      0.00000      0.00000      0.00000      0.00000
      5.13000      0.00000      0.00000      0.00000      0.00000      0.00000      0.00000
      5.14000      0.00000      0.00000      0.00000      0.00000      0.00000      0.00000
      5.15000      0.00000      0.00000      0.00000      0.00000      0.00000      0.00000
      5.16000      0.00000      0.00000      0.00000      0.00000      0.00000      0.00000
      5.17000      0.00000      0.00000      0.00000      0.00000      0.00000      0.00000
      5.18000      0.00000      0.00000      0.00000      0.00000      0.00000      0.00000
      5.19000      0.00000      0.00000      0.00000      0.00000      0.00000      0.00000
      5.20000      0.00000      0.00000      0.00000      0.00000      0.00000      0.00000
      5.21000      0.00000      0.00000      0.00000      0.00000      0.00000      0.00000
      5.22000      0.00000      0.00000      0.00000      0.00000      0.00000      0.00000
      5.23000      0.00000      0.00000      0.00000      0.00000      0.00000      0.00000
      5.24000      0.00000      0.00000      0.00000      0.00000      0.00000      0.00000
      5.25000      0.00000      0.00000      0.00000      0.00000      0.00000      0.00000
      5.26000      0.00000      0.00000      0.00000      0.00000      0.00000      0.00000
      5.27000      0.00000      0.00000      0.00000      0.00000      0.00000      0.00000
      5.28000      0.00000      0.00000      0.00000      0.00000      0.00000      0.00000
      5.29000      0.00000      0.00000      0.00000      0.00000      0.00000      0.00000
      5.30000      0.00000      0.00000      0.00000      0.00000      0.00000      0.00000
      5.31000      0.00000      0.00000      0.00000      0.00000      0.00000      0.00000
      5.32000      0.00000      0.00000      0.00000      0.00000      0.00000      0.00000
      5.33000      0.00000      0.00000      0.00000      0.00000      0.00000      0.00000
      5.34000      0.00000      0.00000      0.00000      0.00000      0.00000      0.00000
      5.35000      0.00000      0.00000      0.00000      0.00000      0.00000      0.00000
      5.36000      0.00000      0.00000      0.00000      0.00000      0.00000      0.00000
      5.37000      0.00000      0.00000      0.00000      0.00000      0.00000      0.00000
      5.38000      0.00000      0.00000      0.00000      0.00000      0.00000      0.00000
      5.39000      0.00000      0.00000      0.00000      0.00000      0.00000      0.00000
      5.40000      0.00000      0.00000      0.00000      0.00000      0.00000      0.00000
      5.41000      0.00000      0.00000      0.00000      0.00000      0.00000      0.00000
      5.42000      0.00000      0.00000      0.00000      0.00000      0.00000      0.00000
      5.43000      0.00000      0.00000      0.00000      0.00000      0.00000      0.00000
      5.44000      0.00000      0.00000      0.00000      0.00000      0.00000      0.00000
      5.45000      0.00000      0.00000      0.00000      0.00000      0.00000      0.00000
      5.46000      0.00000      0.00000      0.00000      0.00000      0.00000      0.00000
      5.47000      0.00000      0.00000      0.00000      0.00000      0.00000      0.00000
      5.48000      0.00000      0.00000      0.00000      0.00000      0.00000      0.00000
      5.49000      0.00000      0.00000      0.00000      0.00000      0.00000      0.00000
      5.50000      0.00000      0.00000      0.00000      0.00000      0.00000      0.00000
      5.51000      0.00000      0.00000      0.00000      0.00000      0.00000      0.00000
      5.52000      0.00000      0.00000      0.00000      0.00000      0.00000      0.00000
      5.53000      0.00000      0.00000      0.00000      0.00000      0.00000      0.00000
      5.54000      0.00000      0.00000      0.00000      0.00000      0.00000      0.00000
      5.55000      0.00000      0.00000      0.00000      0.00000      0.00000      0.00000
      5.56000      0.00000      0.00000      0.00000      0.00000      0.00000      0.00000
      5.57000      0.00000      0.00000      0.00000      0.00000      0.00000      0.00000
      5.58000      0.00000      0.00000      0.00000      0.00000      0.00000      0.00000
      5.59000      0.00000      0.00000      0.00000      0.00000      0.00000      0.00000
      5.60000      0.00000      0.00000      0.00000      0.00000      0.00000      0.00000
      5.61000      0.00000      0.00000      0.00000      0.00000      0.00000      0.00000
      5.62000      0.00000      0.00000      0.00000      0.00000      0.00000      0.00000
      5.63000      0.00000      0.00000      0.00000      0.00000      0.00000      0.00000
      5.64000      0.00000      0.00000      0.00000      0.00000      0.00000      0.00000
      5.65000      0.00000      0.00000      0.00000      0.00000      0.00000      0.00000
      5.66000      0.00000      0.00000      0.00000      0.00000      0.00000      0.00000
      5.67000      0.00000      0.00000      0.00000      0.00000      0.00000      0.00000
      5.68000      0.00000      0.00000      0.00000      0.00000      0.00000      0.00000
      5.69000      0.00000      0.00000      0.00000      0.00000      0.00000      0.00000
      5.70000      0.00000      0.00000      0.00000      0.00000      0.00000      0.00000
      5.71000      0.00000      0.00000      0.00000      0.00000      0.00000      0.00000
      5.72000      0.00000      0.00000      0.00000      0.00000      0.00000      0.00000
      5.73000      0.00000      0.00000      0.00000      0.00000      0.00000      0.00000
      5.74000      0.00000      0.00000      0.00000      0.00000      0.00000      0.00000
      5.75000      0.00000      0.00000      0.00000      0.00000      0.00000      0.00000
      5.76000      0.00000      0.00000      0.00000      0.00000      0.00000      0.00000
      5.77000      0.00000      0.00000      0.00000      0.00000      0.00000      0.00000
      5.78000      0.00000      0.00000      0.00000      0.00000      0.00000      0.00000
      5.79000      0.00000      0.00000      0.00000      0.00000      0.00000      0.00000
      5.80000      0.00000      0.00000      0.00000      0.00000      0.00000      0.00000
      5.81000      0.00000      0.00000      0.00000      0.00000      0.00000      0.00000
      5.82000      0.00000      0.00000      0.00000      0.00000      0.00000      0.00000
      5.83000      0.00000      0.00000      0.00000      0.00000      0.00000      0.00000
      5.84000      0.00000      0.00000      0.00000      0.00000      0.00000      0.00000
      5.85000      0.00000      0.00000      0.00000      0.00000      0.00000      0.00000
      5.86000      0.00000      0.00000      0.00000      0.00000      0.00000      0.00000
      5.87000      0.00000      0.00000      0.00000      0.00000      0.00000      0.00000
      5.88000      0.00000      0.00000      0.00000      0.00000      0.00000      0.00000
      5.89000      0.00000      0.00000      0.00000      0.00000      0.00000      0.00000
      5.90000      0.00000      0.00000      0.00000      0.00000      0.00000      0.00000
      5.91000      0.00000      0.00000      0.00000      0.00000      0.00000      0.00000
      5.92000      0.00000      0.00000      0.00000      0.00000      0.00000      0.00000
      5.93000      0.00000      0.00000      0.00000      0.00000      0.00000      0.00000
      5.94000      0.00000      0.00000      0.00000      0.00000      0.00000      0.00000
      5.95000      0.00000      0.00000      0.00000      0.00000      0.00000      0.00000
      5.96000      0.00000      0.00000      0.00000      0.00000      0.00000      0.00000
      5.97000      0.00000      0.00000      0.00000      0.00000      0.00000      0.00000
      5.98000      0.00000      0.00000      0.00000      0.00000      0.00000      0.00000
      5.99000      0.00000      0.00000      0.00000      0.00000      0.00000      0.00000
      6.00000      0.00000      0.00000      0.00000      0.00000      0.00000      0.00000
      6.01000      0.00000      0.00000      0.00000      0.00000      0.00000      0.00000
      6.02000      0.00000      0.00000      0.00000      0.00000      0.00000      0.00000
      6.03000      0.00000      0.00000      0.00000      0.00000      0.00000      0.00000
      6.04000      0.00000      0.00000      0.00000      0.00000      0.00000      0.00000
      6.05000      0.00000      0.00000      0.00000      0.00000      0.00000      0.00000
      6.06000      0.00000      0.00000      0.00000      0.00000      0.00000      0.00000
      6.07000      0.00000      0.00000      0.00000      0.00000      0.00000      0.00000
      6.08000      0.00000      0.00000      0.00000      0.00000      0.00000      0.00000
      6.09000      0.00000      0.00000      0.00000      0.00000      0.00000      0.00000
      6.10000      0.00000      0.00000      0.00000      0.00000      0.00000      0.00000
      6.11000      0.00000      0.00000      0.00000      0.00000      0.00000      0.00000
      6.12000      0.00000      0.00000      0.00000      0.00000      0.00000      0.00000
      6.13000      0.00000      0.00000      0.00000      0.00000      0.00000      0.00000
      6.14000      0.00000      0.00000      0.00000      0.00000      0.00000      0.00000
      6.15000      0.00000      0.00000      0.00000      0.00000      0.00000      0.00000
      6.16000      0.00000      0.00000      0.00000      0.00000      0.00000      0.00000
      6.17000      0.00000      0.00000      0.00000      0.00000      0.00000      0.00000
      6.18000      0.00000      0.00000      0.00000      0.00000      0.00000      0.00000
      6.19000      0.00000      0.00000      0.00000      0.00000      0.00000      0.00000
      6.20000      0.00000      0.00000      0.00000      0.00000      0.00000      0.00000
      6.21000      0.00000      0.00000      0.00000      0.00000      0.00000      0.00000
      6.22000      0.00000      0.00000      0.00000      0.00000      0.00000      0.00000
      6.23000      0.00000      0.00000      0.00000      0.00000      0.00000      0.00000
      6.24000      0.00000      0.00000      0.00000      0.00000      0.00000      0.00000
      6.25000      0.00000      0.00000      0.00000      0.00000      0.00000      0.00000
      6.26000      0.00000      0.00000      0.00000      0.00000      0.00000      0.00000
      6.27000      0.00000      0.00000      0.00000      0.00000      0.00000      0.00000
      6.28000      0.00000      0.00000      0.00000      0.00000      0.00000      0.00000
      6.29000      0.00000      0.00000      0.00000      0.00000      0.00000      0.00000
      6.30000      0.00000      0.00000      0.00000      0.00000      0.00000      0.00000
      6.31000      0.00000      0.00000      0.00000      0.00000      0.00000      0.00000
      6.32000      0.00000      0.00000      0.00000      0.00000      0.00000      0.00000
      6.33000      0.00000      0.00000      0.00000      0.00000      0.00000      0.00000
      6.34000      0.00000      0.00000      0.00000      0.00000      0.00000      0.00000
      6.35000      0.00000      0.00000      0.00000      0.00000      0.00000      0.00000
      6.36000      0.00000      0.00000      0.00000      0.00000      0.00000      0.00000
      6.37000      0.00000      0.00000      0.00000      0.00000      0.00000      0.00000
      6.38000      0.00000      0.00000      0.00000      0.00000      0.00000      0.00000
      6.39000      0.00000      0.00000      0.00000      0.00000      0.00000      0.00000
      6.40000      0.00000      0.00000      0.00000      0.00000      0.00000      0.00000
      6.41000      0.00000      0.00000      0.00000      0.00000      0.00000      0.00000
      6.42000      0.00000      0.00000      0.00000      0.00000      0.00000      0.00000
      6.43000      0.00000      0.00000      0.00000      0.00000      0.00000      0.00000
      6.44000      0.00000      0.00000      0.00000      0.00000      0.00000      0.00000
      6.45000      0.00000      0.00000      0.00000      0.00000      0.00000      0.00000
      6.46000      0.00000      0.00000      0.00000      0.00000      0.00000      0.00000
      6.47000      0.00000      0.00000      0.00000      0.00000      0.00000      0.00000
      6.48000      0.00000      0.00000      0.00000      0.00000      0.00000      0.00000
      6.49000      0.00000      0.00000      0.00000      0.00000      0.00000      0.00000
      6.50000      0.00000      0.00000      0.00000      0.00000      0.00000      0.00000
      6.51000      0.00000      0.00000      0.00000      0.00000      0.00000      0.00000
      6.52000      0.00000      0.00000      0.00000      0.00000      0.00000      0.00000
      6.53000      0.00000      0.00000      0.00000      0.00000      0.00000      0.00000
      6.54000      0.00000      0.00000      0.00000      0.00000      0.00000      0.00000
      6.55000      0.00000      0.00000      0.00000      0.00000      0.00000      0.00000
      6.56000      0.00000      0.00000      0.00000      0.00000      0.00000      0.00000
      6.57000      0.00000      0.00000      0.00000      0.00000      0.00000      0.00000
      6.58000      0.00000      0.00000      0.00000      0.00000      0.00000      0.00000
      6.59000      0.00000      0.00000      0.00000      0.00000      0.00000      0.00000
      6.60000      0.00000      0.00000      0.00000      0.00000      0.00000      0.00000
      6.61000      0.00000      0.00000      0.00000      0.00000      0.00000      0.00000
      6.62000      0.00000      0.00000      0.00000      0.00000      0.00000      0.00000
      6.63000      0.00000      0.00000      0.00000      0.00000      0.00000      0.00000
      6.64000      0.00000      0.00000      0.00000      0.00000      0.00000      0.00000
      6.65000      0.00000      0.00000      0.00000      0.00000      0.00000      0.00000
      6.66000      0.00000      0.00000      0.00000      0.00000      0.00000      0.00000
      6.67000      0.00000      0.00000      0.00000      0.00000      0.00000      0.00000
      6.68000      0.00000      0.00000      0.00000      0.00000      0.00000      0.00000
      6.69000      0.00000      0.00000      0.00000      0.00000      0.00000      0.00000
      6.70000      0.00000      0.00000      0.00000      0.00000      0.00000      0.00000
      6.71000      0.00000      0.00000      0.00000      0.00000      0.00000      0.00000
      6.72000      0.00000      0.00000      0.00000      0.00000      0.00000      0.00000
      6.73000      0.00000      0.00000      0.00000      0.00000      0.00000      0.00000
      6.74000      0.00000      0.00000      0.00000      0.00000      0.00000      0.00000
      6.75000      0.00000      0.00000      0.00000      0.00000      0.00000      0.00000
      6.76000      0.00000      0.00000      0.00000      0.00000      0.00000      0.00000
      6.77000      0.00000      0.00000      0.00000      0.00000      0.00000      0.00000
      6.78000      0.00000      0.00000      0.00000      0.00000      0.00000      0.00000
      6.79000      0.00000      0.00000      0.00000      0.00000      0.00000      0.00000
      6.80000      0.00000      0.00000      0.00000      0.00000      0.00000      0.00000
      6.81000      0.00000      0.00000      0.00000      0.00000      0.00000      0.00000
      6.82000      0.00000      0.00000      0.00000      0.00000      0.00000      0.00000
      6.83000      0.00000      0.00000      0.00000      0.00000      0.00000      0.00000
      6.84000      0.00000      0.00000      0.00000      0.00000      0.00000      0.00000
      6.85000      0.00000      0.00000      0.00000      0.00000      0.00000      0.00000
      6.86000      0.00000      0.00000      0.00000      0.00000      0.00000      0.00000
      6.87000      0.00000      0.00000      0.00000      0.00000      0.00000      0.00000
      6.88000      0.00000      0.00000      0.00000      0.00000      0.00000      0.00000
      6.89000      0.00000      0.00000      0.00000      0.00000      0.00000      0.00000
      6.90000      0.00000      0.00000      0.00000      0.00000      0.00000      0.00000
      6.91000      0.00000      0.00000      0.00000      0.00000      0.00000      0.00000
      6.92000      0.00000      0.00000      0.00000      0.00000      0.00000      0.00000
      6.93000      0.00000      0.00000      0.00000      0.00000      0.00000      0.00000
      6.94000      0.00000      0.00000      0.00000      0.00000      0.00000      0.00000
      6.95000      0.00000      0.00000      0.00000      0.00000      0.00000      0.00000
      6.96000      0.00000      0.00000      0.00000      0.00000      0.00000      0.00000
      6.97000      0.00000      0.00000      0.00000      0.00000      0.00000      0.00000
      6.98000      0.00000      0.00000      0.00000      0.00000      0.00000      0.00000
      6.99000      0.00000      0.00000      0.00000      0.00000      0.00000      0.00000
      7.00000      0.00000      0.00000      0.00000      0.00000      0.00000      0.00000
      7.01000      0.00000      0.00000      0.00000      0.00000      0.00000      0.00000
      7.02000      0.00000      0.00000      0.00000      0.00000      0.00000      0.00000
      7.03000      0.00000      0.00000      0.00000      0.00000      0.00000      0.00000
      7.04000      0.00000      0.00000      0.00000      0.00000      0.00000      0.00000
      7.05000      0.00000      0.00000      0.00000      0.00000      0.00000      0.00000
      7.06000      0.00000      0.00000      0.00000      0.00000      0.00000      0.00000
      7.07000      0.00000      0.00000      0.00000      0.00000      0.00000      0.00000
      7.08000      0.00000      0.00000      0.00000      0.00000      0.00000      0.00000
      7.09000      0.00000      0.00000      0.00000      0.00000      0.00000      0.00000
      7.10000      0.00000      0.00000      0.00000      0.00000      0.00000      0.00000
      7.11000      0.00000      0.00000      0.00000      0.00000      0.00000      0.00000
      7.12000      0.00000      0.00000      0.00000      0.00000      0.00000      0.00000
      7.13000      0.00000      0.00000      0.00000      0.00000      0.00000      0.00000
      7.14000      0.00000      0.00000      0.00000      0.00000      0.00000      0.00000
      7.15000      0.00000      0.00000      0.00000      0.00000      0.00000      0.00000
      7.16000      0.00000      0.00000      0.00000      0.00000      0.00000      0.00000
      7.17000      0.00000      0.00000      0.00000      0.00000      0.00000      0.00000
      7.18000      0.00000      0.00000      0.00000      0.00000      0.00000      0.00000
      7.19000      0.00000      0.00000      0.00000      0.00000      0.00000      0.00000
      7.20000      0.00000      0.00000      0.00000      0.00000      0.00000      0.00000
      7.21000      0.00000      0.00000      0.00000      0.00000      0.00000      0.00000
      7.22000      0.00000      0.00000      0.00000      0.00000      0.00000      0.00000
      7.23000      0.00000      0.00000      0.00000      0.00000      0.00000      0.00000
      7.24000      0.00000      0.00000      0.00000      0.00000      0.00000      0.00000
      7.25000      0.00000      0.00000      0.00000      0.00000      0.00000      0.00000
      7.26000      0.00000      0.00000      0.00000      0.00000      0.00000      0.00000
      7.27000      0.00000      0.00000      0.00000      0.00000      0.00000      0.00000
      7.28000      0.00000      0.00000      0.00000      0.00000      0.00000      0.00000
      7.29000      0.00000      0.00000      0.00000      0.00000      0.00000      0.00000
      7.30000      0.00000      0.00000      0.00000      0.00000      0.00000      0.00000
      7.31000      0.00000      0.00000      0.00000      0.00000      0.00000      0.00000
      7.32000      0.00000      0.00000      0.00000      0.00000      0.00000      0.00000
      7.33000      0.00000      0.00000      0.00000      0.00000      0.00000      0.00000
      7.34000      0.00000      0.00000      0.00000      0.00000      0.00000      0.00000
      7.35000      0.00000      0.00000      0.00000      0.00000      0.00000      0.00000
      7.36000      0.00000      0.00000      0.00000      0.00000      0.00000      0.00000
      7.37000      0.00000      0.00000      0.00000      0.00000      0.00000      0.00000
      7.38000      0.00000      0.00000      0.00000      0.00000      0.00000      0.00000
      7.39000      0.00000      0.00000      0.00000      0.00000      0.00000      0.00000
      7.40000      0.00000      0.00000      0.00000      0.00000      0.00000      0.00000
      7.41000      0.00000      0.00000      0.00000      0.00000      0.00000      0.00000
      7.42000      0.00000      0.00000      0.00000      0.00000      0.00000      0.00000
      7.43000      0.00000      0.00000      0.00000      0.00000      0.00000      0.00000
      7.44000      0.00000      0.00000      0.00000      0.00000      0.00000      0.00000
      7.45000      0.00000      0.00000      0.00000      0.00000      0.00000      0.00000
      7.46000      0.00000      0.00000      0.00000      0.00000      0.00000      0.00000
      7.47000      0.00000      0.00000      0.00000      0.00000      0.00000      0.00000
      7.48000      0.00000      0.00000      0.00000      0.00000      0.00000      0.00000
      7.49000      0.00000      0.00000      0.00000      0.00000      0.00000      0.00000
      7.50000      0.00000      0.00000      0.00000      0.00000      0.00000      0.00000
      7.51000      0.00000      0.00000      0.00000      0.00000      0.00000      0.00000
      7.52000      0.00000      0.00000      0.00000      0.00000      0.00000      0.00000
      7.53000      0.00000      0.00000      0.00000      0.00000      0.00000      0.00000
      7.54000      0.00000      0.00000      0.00000      0.00000      0.00000      0.00000
      7.55000      0.00000      0.00000      0.00000      0.00000      0.00000      0.00000
      7.56000      0.00000      0.00000      0.00000      0.00000      0.00000      0.00000
      7.57000      0.00000      0.00000      0.00000      0.00000      0.00000      0.00000
      7.58000      0.00000      0.00000      0.00000      0.00000      0.00000      0.00000
      7.59000      0.00000      0.00000      0.00000      0.00000      0.00000      0.00000
      7.60000      0.00000      0.00000      0.00000      0.00000      0.00000      0.00000
      7.61000      0.00000      0.00000      0.00000      0.00000      0.00000      0.00000
      7.62000      0.00000      0.00000      0.00000      0.00000      0.00000      0.00000
      7.63000      0.00000      0.00000      0.00000      0.00000      0.00000      0.00000
      7.64000      0.00000      0.00000      0.00000      0.00000      0.00000      0.00000
      7.65000      0.00000      0.00000      0.00000      0.00000      0.00000      0.00000
      7.66000      0.00000      0.00000      0.00000      0.00000      0.00000      0.00000
      7.67000      0.00000      0.00000      0.00000      0.00000      0.00000      0.00000
      7.68000      0.00000      0.00000      0.00000      0.00000      0.00000      0.00000
      7.69000      0.00000      0.00000      0.00000      0.00000      0.00000      0.00000
      7.70000      0.00000      0.00000      0.00000      0.00000      0.00000      0.00000
      7.71000      0.00000      0.00000      0.00000      0.00000      0.00000      0.00000
      7.72000      0.00000      0.00000      0.00000      0.00000      0.00000      0.00000
      7.73000      0.00000      0.00000      0.00000      0.00000      0.00000      0.00000
      7.74000      0.00000      0.00000      0.00000      0.00000      0.00000      0.00000
      7.75000      0.00000      0.00000      0.00000      0.00000      0.00000      0.00000
      7.76000      0.00000      0.00000      0.00000      0.00000      0.00000      0.00000
      7.77000      0.00000      0.00000      0.00000      0.00000      0.00000      0.00000
      7.78000      0.00000      0.00000      0.00000      0.00000      0.00000      0.00000
      7.79000      0.00000      0.00000      0.00000      0.00000      0.00000      0.00000
      7.80000      0.00000      0.00000      0.00000      0.00000      0.00000      0.00000
      7.81000      0.00000      0.00000      0.00000      0.00000      0.00000      0.00000
      7.82000      0.00000      0.00000      0.00000      0.00000      0.00000      0.00000
      7.83000      0.00000      0.00000      0.00000      0.00000      0.00000      0.00000
      7.84000      0.00000      0.00000      0.00000      0.00000      0.00000      0.00000
      7.85000      0.00000      0.00000      0.00000      0.00000      0.00000      0.00000
      7.86000      0.00000      0.00000      0.00000      0.00000      0.00000      0.00000
      7.87000      0.00000      0.00000      0.00000      0.00000      0.00000      0.00000
      7.88000      0.00000      0.00000      0.00000      0.00000      0.00000      0.00000
      7.89000      0.00000      0.00000      0.00000      0.00000      0.00000      0.00000
      7.90000      0.00000      0.00000      0.00000      0.00000      0.00000      0.00000
      7.91000      0.00000      0.00000      0.00000      0.00000      0.00000      0.00000
      7.92000      0.00000      0.00000      0.00000      0.00000      0.00000      0.00000
      7.93000      0.00000      0.00000      0.00000      0.00000      0.00000      0.00000
      7.94000      0.00000      0.00000      0.00000      0.00000      0.00000      0.00000
      7.95000      0.00000      0.00000      0.00000      0.00000      0.00000      0.00000
      7.96000      0.00000      0.00000      0.00000      0.00000      0.00000      0.00000
      7.97000      0.00000      0.00000      0.00000      0.00000      0.00000      0.00000
      7.98000      0.00000      0.00000      0.00000      0.00000      0.00000      0.00000
      7.99000      0.00000      0.00000      0.00000      0.00000      0.00000      0.00000
      8.00000      0.00000      0.00000      0.00000      0.00000      0.00000      0.00000
      8.01000      0.00000      0.00000      0.00000      0.00000      0.00000      0.00000
      8.02000      0.00000      0.00000      0.00000      0.00000      0.00000      0.00000
      8.03000      0.00000      0.00000      0.00000      0.00000      0.00000      0.00000
      8.04000      0.00000      0.00000      0.00000      0.00000      0.00000      0.00000
      8.05000      0.00000      0.00000      0.00000      0.00000      0.00000      0.00000
      8.06000      0.00000      0.00000      0.00000      0.00000      0.00000      0.00000
      8.07000      0.00000      0.00000      0.00000      0.00000      0.00000      0.00000
      8.08000      0.00000      0.00000      0.00000      0.00000      0.00000      0.00000
      8.09000      0.00000      0.00000      0.00000      0.00000      0.00000      0.00000
      8.10000      0.00000      0.00000      0.00000      0.00000      0.00000      0.00000
      8.11000      0.00000      0.00000      0.00000      0.00000      0.00000      0.00000
      8.12000      0.00000      0.00000      0.00000      0.00000      0.00000      0.00000
      8.13000      0.00000      0.00000      0.00000      0.00000      0.00000      0.00000
      8.14000      0.00000      0.00000      0.00000      0.00000      0.00000      0.00000
      8.15000      0.00000      0.00000      0.00000      0.00000      0.00000      0.00000
      8.16000      0.00000      0.00000      0.00000      0.00000      0.00000      0.00000
      8.17000      0.00000      0.00000      0.00000      0.00000      0.00000      0.00000
      8.18000      0.00000      0.00000      0.00000      0.00000      0.00000      0.00000
      8.19000      0.00000      0.00000      0.00000      0.00000      0.00000      0.00000
      8.20000      0.00000      0.00000      0.00000      0.00000      0.00000      0.00000
      8.21000      0.00000      0.00000      0.00000      0.00000      0.00000      0.00000
      8.22000      0.00000      0.00000      0.00000      0.00000      0.00000      0.00000
      8.23000      0.00000      0.00000      0.00000      0.00000      0.00000      0.00000
      8.24000      0.00000      0.00000      0.00000      0.00000      0.00000      0.00000
      8.25000      0.00000      0.00000      0.00000      0.00000      0.00000      0.00000
      8.26000      0.00000      0.00000      0.00000      0.00000      0.00000      0.00000
      8.27000      0.00000      0.00000      0.00000      0.00000      0.00000      0.00000
      8.28000      0.00000      0.00000      0.00000      0.00000      0.00000      0.00000
      8.29000      0.00000      0.00000      0.00000      0.00000      0.00000      0.00000
      8.30000      0.00000      0.00000      0.00000      0.00000      0.00000      0.00000
      8.31000      0.00000      0.00000      0.00000      0.00000      0.00000      0.00000
      8.32000      0.00000      0.00000      0.00000      0.00000      0.00000      0.00000
      8.33000      0.00000      0.00000      0.00000      0.00000      0.00000      0.00000
      8.34000      0.00000      0.00000      0.00000      0.00000      0.00000      0.00000
      8.35000      0.00000      0.00000      0.00000      0.00000      0.00000      0.00000
      8.36000      0.00000      0.00000      0.00000      0.00000      0.00000      0.00000
      8.37000      0.00000      0.00000      0.00000      0.00000      0.00000      0.00000
      8.38000      0.00000      0.00000      0.00000      0.00000      0.00000      0.00000
      8.39000      0.00000      0.00000      0.00000      0.00000      0.00000      0.00000
      8.40000      0.00000      0.00000      0.00000      0.00000      0.00000      0.00000
      8.41000      0.00000      0.00000      0.00000      0.00000      0.00000      0.00000
      8.42000      0.00000      0.00000      0.00000      0.00000      0.00000      0.00000
      8.43000      0.00000      0.00000      0.00000      0.00000      0.00000      0.00000
      8.44000      0.00000      0.00000      0.00000      0.00000      0.00000      0.00000
      8.45000      0.00000      0.00000      0.00000      0.00000      0.00000      0.00000
      8.46000      0.00000      0.00000      0.00000      0.00000      0.00000      0.00000
      8.47000      0.00000      0.00000      0.00000      0.00000      0.00000      0.00000
      8.48000      0.00000      0.00000      0.00000      0.00000      0.00000      0.00000
      8.49000      0.00000      0.00000      0.00000      0.00000      0.00000      0.00000
      8.50000      0.00000      0.00000      0.00000      0.00000      0.00000      0.00000
      8.51000      0.00000      0.00000      0.00000      0.00000      0.00000      0.00000
      8.52000      0.00000      0.00000      0.00000      0.00000      0.00000      0.00000
      8.53000      0.00000      0.00000      0.00000      0.00000      0.00000      0.00000
      8.54000      0.00000      0.00000      0.00000      0.00000      0.00000      0.00000
      8.55000      0.00000      0.00000      0.00000      0.00000      0.00000      0.00000
      8.56000      0.00000      0.00000      0.00000      0.00000      0.00000      0.00000
      8.57000      0.00000      0.00000      0.00000      0.00000      0.00000      0.00000
      8.58000      0.00000      0.00000      0.00000      0.00000      0.00000      0.00000
      8.59000      0.00000      0.00000      0.00000      0.00000      0.00000      0.00000
      8.60000      0.00000      0.00000      0.00000      0.00000      0.00000      0.00000
      8.61000      0.00000      0.00000      0.00000      0.00000      0.00000      0.00000
      8.62000      0.00000      0.00000      0.00000      0.00000      0.00000      0.00000
      8.63000      0.00000      0.00000      0.00000      0.00000      0.00000      0.00000
      8.64000      0.00000      0.00000      0.00000      0.00000      0.00000      0.00000
      8.65000      0.00000      0.00000      0.00000      0.00000      0.00000      0.00000
      8.66000      0.00000      0.00000      0.00000      0.00000      0.00000      0.00000
      8.67000      0.00000      0.00000      0.00000      0.00000      0.00000      0.00000
      8.68000      0.00000      0.00000      0.00000      0.00000      0.00000      0.00000
      8.69000      0.00000      0.00000      0.00000      0.00000      0.00000      0.00000
      8.70000      0.00000      0.00000      0.00000      0.00000      0.00000      0.00000
      8.71000      0.00000      0.00000      0.00000      0.00000      0.00000      0.00000
      8.72000      0.00000      0.00000      0.00000      0.00000      0.00000      0.00000
      8.73000      0.00000      0.00000      0.00000      0.00000      0.00000      0.00000
      8.74000      0.00000      0.00000      0.00000      0.00000      0.00000      0.00000
      8.75000      0.00000      0.00000      0.00000      0.00000      0.00000      0.00000
      8.76000      0.00000      0.00000      0.00000      0.00000      0.00000      0.00000
      8.77000      0.00000      0.00000      0.00000      0.00000      0.00000      0.00000
      8.78000      0.00000      0.00000      0.00000      0.00000      0.00000      0.00000
      8.79000      0.00000      0.00000      0.00000      0.00000      0.00000      0.00000
      8.80000      0.00000      0.00000      0.00000      0.00000      0.00000      0.00000
      8.81000      0.00000      0.00000      0.00000      0.00000      0.00000      0.00000
      8.82000      0.00000      0.00000      0.00000      0.00000      0.00000      0.00000
      8.83000      0.00000      0.00000      0.00000      0.00000      0.00000      0.00000
      8.84000      0.00000      0.00000      0.00000      0.00000      0.00000      0.00000
      8.85000      0.00000      0.00000      0.00000      0.00000      0.00000      0.00000
      8.86000      0.00000      0.00000      0.00000      0.00000      0.00000      0.00000
      8.87000      0.00000      0.00000      0.00000      0.00000      0.00000      0.00000
      8.88000      0.00000      0.00000      0.00000      0.00000      0.00000      0.00000
      8.89000      0.00000      0.00000      0.00000      0.00000      0.00000      0.00000
      8.90000      0.00000      0.00000      0.00000      0.00000      0.00000      0.00000
      8.91000      0.00000      0.00000      0.00000      0.00000      0.00000      0.00000
      8.92000      0.00000      0.00000      0.00000      0.00000      0.00000      0.00000
      8.93000      0.00000      0.00000      0.00000      0.00000      0.00000      0.00000
      8.94000      0.00000      0.00000      0.00000      0.00000      0.00000      0.00000
      8.95000      0.00000      0.00000      0.00000      0.00000      0.00000      0.00000
      8.96000      0.00000      0.00000      0.00000      0.00000      0.00000      0.00000
      8.97000      0.00000      0.00000      0.00000      0.00000      0.00000      0.00000
      8.98000      0.00000      0.00000      0.00000      0.00000      0.00000      0.00000
      8.99000      0.00000      0.00000      0.00000      0.00000      0.00000      0.00000
      9.00000      0.00000      0.00000      0.00000      0.00000      0.00000      0.00000
      9.01000      0.00000      0.00000      0.00000      0.00000      0.00000      0.00000
      9.02000      0.00000      0.00000      0.00000      0.00000      0.00000      0.00000
      9.03000      0.00000      0.00000      0.00000      0.00000      0.00000      0.00000
      9.04000      0.00000      0.00000      0.00000      0.00000      0.00000      0.00000
      9.05000      0.00000      0.00000      0.00000      0.00000      0.00000      0.00000
      9.06000      0.00000      0.00000      0.00000      0.00000      0.00000      0.00000
      9.07000      0.00000      0.00000      0.00000      0.00000      0.00000      0.00000
      9.08000      0.00000      0.00000      0.00000      0.00000      0.00000      0.00000
      9.09000      0.00000      0.00000      0.00000      0.00000      0.00000      0.00000
      9.10000      0.00000      0.00000      0.00000      0.00000      0.00000      0.00000
      9.11000      0.00000      0.00000      0.00000      0.00000      0.00000      0.00000
      9.12000      0.00000      0.00000      0.00000      0.00000      0.00000      0.00000
      9.13000      0.00000      0.00000      0.00000      0.00000      0.00000      0.00000
      9.14000      0.00000      0.00000      0.00000      0.00000      0.00000      0.00000
      9.15000      0.00000      0.00000      0.00000      0.00000      0.00000      0.00000
      9.16000      0.00000      0.00000      0.00000      0.00000      0.00000      0.00000
      9.17000      0.00000      0.00000      0.00000      0.00000      0.00000      0.00000
      9.18000      0.00000      0.00000      0.00000      0.00000      0.00000      0.00000
      9.19000      0.00000      0.00000      0.00000      0.00000      0.00000      0.00000
      9.20000      0.00000      0.00000      0.00000      0.00000      0.00000      0.00000
      9.21000      0.00000      0.00000      0.00000      0.00000      0.00000      0.00000
      9.22000      0.00000      0.00000      0.00000      0.00000      0.00000      0.00000
      9.23000      0.00000      0.00000      0.00000      0.00000      0.00000      0.00000
      9.24000      0.00000      0.00000      0.00000      0.00000      0.00000      0.00000
      9.25000      0.00000      0.00000      0.00000      0.00000      0.00000      0.00000
      9.26000      0.00000      0.00000      0.00000      0.00000      0.00000      0.00000
      9.27000      0.00000      0.00000      0.00000      0.00000      0.00000      0.00000
      9.28000      0.00000      0.00000      0.00000      0.00000      0.00000      0.00000
      9.29000      0.00000      0.00000      0.00000      0.00000      0.00000      0.00000
      9.30000      0.00000      0.00000      0.00000      0.00000      0.00000      0.00000
      9.31000      0.00000      0.00000      0.00000      0.00000      0.00000      0.00000
      9.32000      0.00000      0.00000      0.00000      0.00000      0.00000      0.00000
      9.33000      0.00000      0.00000      0.00000      0.00000      0.00000      0.00000
      9.34000      0.00000      0.00000      0.00000      0.00000      0.00000      0.00000
      9.35000      0.00000      0.00000      0.00000      0.00000      0.00000      0.00000
      9.36000      0.00000      0.00000      0.00000      0.00000      0.00000      0.00000
      9.37000      0.00000      0.00000      0.00000      0.00000      0.00000      0.00000
      9.38000      0.00000      0.00000      0.00000      0.00000      0.00000      0.00000
      9.39000      0.00000      0.00000      0.00000      0.00000      0.00000      0.00000
      9.40000      0.00000      0.00000      0.00000      0.00000      0.00000      0.00000
      9.41000      0.00000      0.00000      0.00000      0.00000      0.00000      0.00000
      9.42000      0.00000      0.00000      0.00000      0.00000      0.00000      0.00000
      9.43000      0.00000      0.00000      0.00000      0.00000      0.00000      0.00000
      9.44000      0.00000      0.00000      0.00000      0.00000      0.00000      0.00000
      9.45000      0.00000      0.00000      0.00000      0.00000      0.00000      0.00000
      9.46000      0.00000      0.00000      0.00000      0.00000      0.00000      0.00000
      9.47000      0.00000      0.00000      0.00000      0.00000      0.00000      0.00000
      9.48000      0.00000      0.00000      0.00000      0.00000      0.00000      0.00000
      9.49000      0.00000      0.00000      0.00000      0.00000      0.00000      0.00000
      9.50000      0.00000      0.00000      0.00000      0.00000      0.00000      0.00000
      9.51000      0.00000      0.00000      0.00000      0.00000      0.00000      0.00000
      9.52000      0.00000      0.00000      0.00000      0.00000      0.00000      0.00000
      9.53000      0.00000      0.00000      0.00000      0.00000      0.00000      0.00000
      9.54000      0.00000      0.00000      0.00000      0.00000      0.00000      0.00000
      9.55000      0.00000      0.00000      0.00000      0.00000      0.00000      0.00000
      9.56000      0.00000      0.00000      0.00000      0.00000      0.00000      0.00000
      9.57000      0.00000      0.00000      0.00000      0.00000      0.00000      0.00000
      9.58000      0.00000      0.00000      0.00000      0.00000      0.00000      0.00000
      9.59000      0.00000      0.00000      0.00000      0.00000      0.00000      0.00000
      9.60000      0.00116      0.00005      0.00000      0.00018      0.00131      0.00014
      9.61000      0.07865      0.00324      0.00000      0.01212      0.08905      0.00965
      9.62000      1.97004      0.08126      0.00000      0.30347      2.23040      0.24180
      9.63000     18.15297      0.74879      0.00000      2.79632     20.55213      2.22809
      9.64000     61.53560      2.53827      0.00000      9.47907     69.66835      7.55286
      9.65000     76.73803      3.16535      0.00000     11.82088     86.87999      9.41881
      9.66000     35.20468      1.45215      0.00000      5.42300     39.85745      4.32101
      9.67000      5.94149      0.24508      0.00000      0.91524      6.72674      0.72926
      9.68000      0.36889      0.01522      0.00000      0.05682      0.41764      0.04528
      9.69000      0.00843      0.00035      0.00000      0.00130      0.00954      0.00103
      9.70000      0.00000      0.00000      0.00000      0.00000      0.00000      0.00000
      9.71000      0.00000      0.00000      0.00000      0.00000      0.00000      0.00000
      9.72000      0.00000      0.00000      0.00000      0.00000      0.00000      0.00000
      9.73000      0.00000      0.00000      0.00000      0.00000      0.00000      0.00000
      9.74000      0.00000      0.00000      0.00000      0.00000      0.00000      0.00000
      9.75000      0.00000      0.00000      0.00000      0.00000      0.00000      0.00000
      9.76000      0.01292      0.00130      0.00000      0.00033      0.02274      0.00000
      9.77000      0.51116      0.05160      0.00000      0.01324      0.90009      0.00000
      9.78000      7.44180      0.75121      0.00000      0.19276     13.10427      0.00000
      9.79000     39.85737      4.02340      0.00000      1.03238     70.18485      0.00000
      9.80000     78.53168      7.92737      0.00000      2.03411    138.28644      0.00000
      9.81000     56.92285      5.74607      0.00000      1.47440    100.23545      0.00000
      9.82000     15.18168      1.53221      0.00000      0.39318     26.73454      0.00020
      9.83000      1.65537      0.15030      0.00000      0.03996      2.97642      0.01120
      9.84000      3.44178      0.00542      0.00000      0.02965      7.31233      0.22794
      9.85000     25.37829      0.00007      0.00000      0.21171     54.06429      1.70736
      9.86000     69.92893      0.00000      0.00000      0.58333    148.97286      4.70470
      9.87000     70.88741      0.00000      0.00000      0.59132    151.01474      4.76919
      9.88000     26.43546      0.00000      0.00000      0.22052     56.31668      1.77853
      9.89000      3.62669      0.00000      0.00000      0.03025      7.72610      0.24400
      9.90000      0.18304      0.00000      0.00000      0.00153      0.38993      0.01231
      9.91000      0.00340      0.00000      0.00000      0.00003      0.00724      0.00023
      9.92000      0.00000      0.00000      0.00000      0.00000      0.00000      0.00000
      9.93000      0.00000      0.00000      0.00000      0.00000      0.00000      0.00000
      9.94000      0.00000      0.00000      0.00000      0.00000      0.00000      0.00000
      9.95000      0.00000      0.00000      0.00000      0.00000      0.00000      0.00000
      9.96000      0.00000      0.00000      0.00000      0.00000      0.00000      0.00000
      9.97000      0.00000      0.00000      0.00000      0.00000      0.00000      0.00000
      9.98000      0.00000      0.00000      0.00000      0.00000      0.00000      0.00000
      9.99000      0.00000      0.00000      0.00000      0.00000      0.00000      0.00000
     10.00000      0.00000      0.00000      0.00000      0.00000      0.00000      0.00000
     10.01000      0.00000      0.00000      0.00000      0.00000      0.00000      0.00000
     10.02000      0.00000      0.00000      0.00000      0.00000      0.00000      0.00000
     10.03000      0.00000      0.00000      0.00000      0.00000      0.00000      0.00000
     10.04000      0.00000      0.00000      0.00000      0.00000      0.00000      0.00000
     10.05000      0.00000      0.00000      0.00000      0.00000      0.00000      0.00000
     10.06000      0.00000      0.00000      0.00000      0.00000      0.00000      0.00000
     10.07000      0.00000      0.00000      0.00000      0.00000      0.00000      0.00000
     10.08000      0.00000      0.00000      0.00000      0.00000      0.00000      0.00000
     10.09000      0.00000      0.00000      0.00000      0.00000      0.00000      0.00000
     10.10000      0.00047      0.00000      0.00015      0.00002      0.00060      0.00000
     10.11000      0.03868      0.00000      0.01253      0.00145      0.04953      0.00000
     10.12000      1.16763      0.00000      0.37804      0.04373      1.49467      0.00000
     10.13000     13.00066      0.00000      4.20518      0.49389     16.61449      0.00000
     10.14000     54.25525      0.00000     17.43656      2.26113     68.55370      0.00000
     10.15000     93.80657      0.00000     28.98816      5.96497    110.48000      0.00000
     10.16000     99.40870      0.00000     26.82667     13.22256     90.05549      0.00000
     10.17000     87.84202      0.00000     20.81942     16.80039     59.54397      0.00000
     10.18000     41.94285      0.00000      9.59363      8.63747     26.02062      0.00000
     10.19000      7.96008      0.00000      1.81025      1.65781      4.86565      0.00000
     10.20000      0.56214      0.00000      0.12771      0.11730      0.34274      0.00000
     10.21000      0.01464      0.00000      0.00333      0.00305      0.00892      0.00000
     10.22000      0.00000      0.00000      0.00000      0.00000      0.00000      0.00000
     10.23000      0.00000      0.00000      0.00000      0.00000      0.00000      0.00000
     10.24000      0.00000      0.00000      0.00000      0.00000      0.00000      0.00000
     10.25000      0.00000      0.00000      0.00000      0.00000      0.00000      0.00000
     10.26000      0.00000      0.00000      0.00000      0.00000      0.00000      0.00000
     10.27000      0.00000      0.00000      0.00000      0.00000      0.00000      0.00000
     10.28000      0.00000      0.00000      0.00000      0.00000      0.00000      0.00000
     10.29000      0.00000      0.00000      0.00000      0.00000      0.00000      0.00000
     10.30000      0.00000      0.00000      0.00000      0.00000      0.00000      0.00000
     10.31000      0.00000      0.00000      0.00000      0.00000      0.00000      0.00000
     10.32000      0.00000      0.00000      0.00000      0.00000      0.00000      0.00000
     10.33000      0.00000      0.00000      0.00000      0.00000      0.00000      0.00000
     10.34000      0.00000      0.00000      0.00000      0.00000      0.00000      0.00000
     10.35000      0.00000      0.00000      0.00000      0.00000      0.00000      0.00000
     10.36000      0.00000      0.00000      0.00000      0.00000      0.00000      0.00000
     10.37000      0.00000      0.00000      0.00000      0.00000      0.00000      0.00000
     10.38000      0.00000      0.00000      0.00000      0.00000      0.00000      0.00000
     10.39000      0.00000      0.00000      0.00000      0.00000      0.00000      0.00000
     10.40000      0.00000      0.00000      0.00000      0.00000      0.00000      0.00000
     10.41000      0.00000      0.00000      0.00000      0.00000      0.00000      0.00000
     10.42000      0.00000      0.00000      0.00000      0.00000      0.00000      0.00000
     10.43000      0.00000      0.00000      0.00000      0.00000      0.00000      0.00000
     10.44000      0.00000      0.00000      0.00000      0.00000      0.00000      0.00000
     10.45000      0.00000      0.00000      0.00000      0.00000      0.00000      0.00000
     10.46000      0.00000      0.00000      0.00000      0.00000      0.00000      0.00000
     10.47000      0.00000      0.00000      0.00000      0.00000      0.00000      0.00000
     10.48000      0.00000      0.00000      0.00000      0.00000      0.00000      0.00000
     10.49000      0.00000      0.00000      0.00000      0.00000      0.00000      0.00000
     10.50000      0.00000      0.00000      0.00000      0.00000      0.00000      0.00000
     10.51000      0.00155      0.00000      0.00000      0.00000      0.00280      0.00025
     10.52000      0.09909      0.00000      0.00000      0.00000      0.17878      0.01571
     10.53000      2.33138      0.00000      0.00000      0.00000      4.20619      0.36952
     10.54000     20.17862      0.00000      0.00000      0.00000     36.40555      3.19829
     10.55000     64.25043      0.00000      0.00000      0.00000    115.91833     10.18363
     10.56000     75.26033      0.00000      0.00000      0.00000    135.78199     11.92869
     10.57000     32.43110      0.00000      0.00000      0.00000     58.51103      5.14030
     10.58000      5.14118      0.00000      0.00000      0.00000      9.27553      0.81487
     10.59000      0.29983      0.00000      0.00000      0.00000      0.54094      0.04752
     10.60000      0.00643      0.00000      0.00000      0.00000      0.01161      0.00102
     10.61000      0.00000      0.00000      0.00000      0.00000      0.00000      0.00000
     10.62000      0.00000      0.00000      0.00000      0.00000      0.00000      0.00000
     10.63000      0.00000      0.00000      0.00000      0.00000      0.00000      0.00000
     10.64000      0.00000      0.00000      0.00000      0.00000      0.00000      0.00000
     10.65000      0.00064      0.00000      0.00000      0.00003      0.00078      0.00014
     10.66000      0.04939      0.00000      0.00000      0.00213      0.05987      0.01075
     10.67000      1.39894      0.00000      0.00000      0.06033      1.69593      0.30458
     10.68000     14.57837      0.00000      0.00000      0.62865     17.67324      3.17403
     10.69000     55.88863      0.00000      0.00000      2.41005     67.75335     12.16819
     10.70000     78.82128      0.00000      0.00000      3.39896     95.55442     17.16113
     10.71000     40.89489      0.00000      0.00000      1.76348     49.57656      8.90372
     10.72000      7.80549      0.00000      0.00000      0.33659      9.46253      1.69943
     10.73000      0.54807      0.00000      0.00000      0.02363      0.66442      0.11933
     10.74000      0.01416      0.00000      0.00000      0.00061      0.01716      0.00308
     10.75000      0.00000      0.00000      0.00000      0.00000      0.00000      0.00000
     10.76000      0.00000      0.00000      0.00000      0.00000      0.00000      0.00000
     10.77000      0.00000      0.00000      0.00000      0.00000      0.00000      0.00000
     10.78000      0.00000      0.00000      0.00000      0.00000      0.00000      0.00000
     10.79000      0.00000      0.00000      0.00000      0.00000      0.00000      0.00000
     10.80000      0.00000      0.00000      0.00000      0.00000      0.00000      0.00000
     10.81000      0.00000      0.00000      0.00000      0.00000      0.00000      0.00000
     10.82000      0.00000      0.00000      0.00000      0.00000      0.00000      0.00000
     10.83000      0.00000      0.00000      0.00000      0.00000      0.00000      0.00000
     10.84000      0.00000      0.00000      0.00000      0.00000      0.00000      0.00000
     10.85000      0.00000      0.00000      0.00000      0.00000      0.00000      0.00000
     10.86000      0.00000      0.00000      0.00000      0.00000      0.00000      0.00000
     10.87000      0.00000      0.00000      0.00000      0.00000      0.00000      0.00000
     10.88000      0.00000      0.00000      0.00000      0.00000      0.00000      0.00000
     10.89000      0.00000      0.00000      0.00000      0.00000      0.00000      0.00000
     10.90000      0.00000      0.00000      0.00000      0.00000      0.00000      0.00000
     10.91000      0.00000      0.00000      0.00000      0.00000      0.00000      0.00000
     10.92000      0.00000      0.00000      0.00000      0.00000      0.00000      0.00000
     10.93000      0.00000      0.00000      0.00000      0.00000      0.00000      0.00000
     10.94000      0.01058      0.00000      0.00000      0.00000      0.01366      0.00000
     10.95000      0.43908      0.00000      0.00000      0.00000      0.56700      0.00000
     10.96000      6.70320      0.00000      0.00000      0.00000      8.65615      0.00000
     10.97000     37.64690      0.00000      0.00000      0.00000     48.61515      0.00000
     10.98000     77.78249      0.00000      0.00000      0.00000    100.44407      0.00000
     10.99000     59.12210      0.00000      0.00013      0.00000     76.34654      0.00016
     11.00000     16.61978      0.00000      0.00837      0.00000     21.42723      0.01029
     11.01000      3.84969      0.00000      0.20309      0.00000      4.13074      0.24965
     11.02000     19.24106      0.00000      1.81214      0.00000     17.34700      2.22754
     11.03000     62.94801      0.00000      5.94830      0.00000     56.66954      7.31187
     11.04000     76.01217      0.00000      7.18290      0.00000     68.43025      8.82949
     11.05000     33.76727      0.00000      3.19090      0.00000     30.39912      3.92237
     11.06000      5.51841      0.00000      0.52147      0.00000      4.96797      0.64101
     11.07000      0.33177      0.00000      0.03135      0.00000      0.29868      0.03854
     11.08000      0.00734      0.00000      0.00069      0.00000      0.00661      0.00085
     11.09000      0.00000      0.00000      0.00000      0.00000      0.00000      0.00000
     11.10000      0.00000      0.00000      0.00000      0.00000      0.00000      0.00000
     11.11000      0.00000      0.00000      0.00000      0.00000      0.00000      0.00000
     11.12000      0.00000      0.00000      0.00000      0.00000      0.00000      0.00000
     11.13000      0.00000      0.00000      0.00000      0.00000      0.00000      0.00000
     11.14000      0.00000      0.00000      0.00000      0.00000      0.00000      0.00000
     11.15000      0.00000      0.00000      0.00000      0.00000      0.00000      0.00000
     11.16000      0.00000      0.00000      0.00000      0.00000      0.00000      0.00000
     11.17000      0.00000      0.00000      0.00000      0.00000      0.00000      0.00000
     11.18000      0.00000      0.00000      0.00000      0.00000      0.00000      0.00000
     11.19000      0.00000      0.00000      0.00000      0.00000      0.00000      0.00000
     11.20000      0.00000      0.00000      0.00000      0.00000      0.00000      0.00000
     11.21000      0.00000      0.00000      0.00000      0.00000      0.00000      0.00000
     11.22000      0.00000      0.00000      0.00000      0.00000      0.00000      0.00000
     11.23000      0.02445      0.00000      0.01914      0.00000      0.01522      0.00334
     11.24000      0.82816      0.00000      0.64813      0.00000      0.51551      0.11303
     11.25000     10.31921      0.00000      8.07596      0.00000      6.42343      1.40843
     11.26000     47.30263      0.00000     37.01970      0.00000     29.44459      6.45617
     11.27000     79.76816      0.00000     62.42768      0.00000     49.65349     10.88728
     11.28000     49.48566      0.00000     38.72817      0.00000     30.80347      6.75413
     11.29000     11.29366      0.00000      8.83858      0.00000      7.02999      1.54143
     11.30000      0.94819      0.00000      0.74207      0.00000      0.59022      0.12942
     11.31000      0.02929      0.00000      0.02292      0.00000      0.01823      0.00400
     11.32000      0.00033      0.00000      0.00026      0.00000      0.00021      0.00005
     11.33000      0.00000      0.00000      0.00000      0.00000      0.00000      0.00000
     11.34000      0.00000      0.00000      0.00000      0.00000      0.00000      0.00000
     11.35000      0.00000      0.00000      0.00000      0.00000      0.00000      0.00000
     11.36000      0.00000      0.00000      0.00000      0.00000      0.00000      0.00000
     11.37000      0.00000      0.00000      0.00000      0.00000      0.00000      0.00000
     11.38000      0.00000      0.00000      0.00000      0.00000      0.00000      0.00000
     11.39000      0.00000      0.00000      0.00000      0.00000      0.00000      0.00000
     11.40000      0.00155      0.00000      0.00119      0.00000      0.00036      0.00047
     11.41000      0.11843      0.00093      0.09212      0.00000      0.02780      0.03025
     11.42000      3.02278      0.03337      2.36362      0.00000      0.71056      0.71117
     11.43000     29.30292      0.44204     23.06312      0.00000      6.90145      6.15100
     11.44000    108.62984      2.15421     86.15049      0.00000     25.64213     19.57137
     11.45000    154.75096      3.86205    123.73139      0.00000     36.61759     22.90878
     11.46000     84.83870      2.54714     68.37694      0.00000     20.12275      9.86480
     11.47000     17.85567      0.61801     14.49470      0.00000      4.24430      1.56272
     11.48000      1.43474      0.05516      1.17165      0.00000      0.34165      0.09107
     11.49000      0.04370      0.00181      0.03585      0.00000      0.01042      0.00195
     11.50000      0.00045      0.00002      0.00037      0.00000      0.00011      0.00000
     11.51000      0.00000      0.00000      0.00000      0.00000      0.00000      0.00000
     11.52000      0.00000      0.00000      0.00000      0.00000      0.00000      0.00000
     11.53000      0.00000      0.00000      0.00000      0.00000      0.00000      0.00000
     11.54000      0.00000      0.00000      0.00000      0.00000      0.00000      0.00000
     11.55000      0.00000      0.00000      0.00000      0.00000      0.00000      0.00000
     11.56000      0.00000      0.00000      0.00000      0.00000      0.00000      0.00000
     11.57000      0.00000      0.00000      0.00000      0.00000      0.00000      0.00000
     11.58000      0.00000      0.00000      0.00000      0.00000      0.00000      0.00000
     11.59000      0.00000      0.00000      0.00000      0.00000      0.00000      0.00000
     11.60000      0.00000      0.00000      0.00000      0.00000      0.00000      0.00000
     11.61000      0.00000      0.00000      0.00000      0.00000      0.00000      0.00000
     11.62000      0.00000      0.00000      0.00000      0.00000      0.00000      0.00000
     11.63000      0.00000      0.00000      0.00000      0.00000      0.00000      0.00000
     11.64000      0.00000      0.00000      0.00000      0.00000      0.00000      0.00000
     11.65000      0.00000      0.00000      0.00000      0.00000      0.00000      0.00000
     11.66000      0.00000      0.00000      0.00000      0.00000      0.00000      0.00000
     11.67000      0.00000      0.00000      0.00000      0.00000      0.00000      0.00000
     11.68000      0.00000      0.00000      0.00000      0.00000      0.00000      0.00000
     11.69000      0.00000      0.00000      0.00000      0.00000      0.00000      0.00000
     11.70000      0.00000      0.00000      0.00000      0.00000      0.00000      0.00000
     11.71000      0.00000      0.00000      0.00000      0.00000      0.00000      0.00000
     11.72000      0.00000      0.00000      0.00000      0.00000      0.00000      0.00000
     11.73000      0.00000      0.00000      0.00000      0.00000      0.00000      0.00000
     11.74000      0.00000      0.00000      0.00000      0.00000      0.00000      0.00000
     11.75000      0.00000      0.00000      0.00000      0.00000      0.00000      0.00000
     11.76000      0.00000      0.00000      0.00000      0.00000      0.00000      0.00000
     11.77000      0.00000      0.00000      0.00000      0.00000      0.00000      0.00000
     11.78000      0.00000      0.00000      0.00000      0.00000      0.00000      0.00000
     11.79000      0.00087      0.00000      0.00151      0.00000      0.00019      0.00007
     11.80000      0.06296      0.00000      0.10915      0.00000      0.01391      0.00480
     11.81000      1.67350      0.00000      2.90102      0.00000      0.36959      0.12764
     11.82000     16.36280      0.00000     28.36505      0.00000      3.61374      1.24797
     11.83000     58.85667      0.00000    102.02850      0.00000     12.99856      4.48891
     11.84000     77.88237      0.00000    135.00970      0.00000     17.20040      5.93997
     11.85000     37.91300      0.00000     65.72248      0.00000      8.37313      2.89157
     11.86000      6.78958      0.00000     11.76978      0.00000      1.49948      0.51783
     11.87000      0.44730      0.00000      0.77540      0.00000      0.09879      0.03412
     11.88000      0.01084      0.00000      0.01879      0.00000      0.00239      0.00083
     11.89000      0.00000      0.00000      0.00000      0.00000      0.00000      0.00000
     11.90000      0.00000      0.00000      0.00000      0.00000      0.00000      0.00000
     11.91000      0.00000      0.00000      0.00000      0.00000      0.00000      0.00000
     11.92000      0.00000      0.00000      0.00000      0.00000      0.00000      0.00000
     11.93000      0.00000      0.00000      0.00000      0.00000      0.00000      0.00000
     11.94000      0.00000      0.00000      0.00000      0.00000      0.00000      0.00000
     11.95000      0.00000      0.00000      0.00000      0.00000      0.00000      0.00000
     11.96000      0.00146      0.00000      0.00208      0.00000      0.00011      0.00009
     11.97000      0.09472      0.00000      0.13480      0.00000      0.00697      0.00582
     11.98000      2.25607      0.00000      3.21082      0.00000      0.16604      0.13857
     11.99000     19.76894      0.00000     28.13506      0.00000      1.45495      1.21419
     12.00000     63.72654      0.00000     90.69529      0.00000      4.69013      3.91401
     12.01000     75.57232      0.00000    107.55415      0.00000      5.56195      4.64157
     12.02000     32.96937      0.00000     46.92185      0.00000      2.42647      2.02494
     12.03000      5.29132      0.00000      7.53058      0.00000      0.38943      0.32499
     12.04000      0.31241      0.00000      0.44462      0.00000      0.02299      0.01919
     12.05000      0.00679      0.00000      0.00966      0.00000      0.00050      0.00042
     12.06000      0.00000      0.00000      0.00000      0.00000      0.00000      0.00000
     12.07000      0.00000      0.00000      0.00000      0.00000      0.00000      0.00000
     12.08000      0.00000      0.00000      0.00000      0.00000      0.00000      0.00000
     12.09000      0.00000      0.00000      0.00000      0.00000      0.00000      0.00000
     12.10000      0.00000      0.00000      0.00000      0.00000      0.00000      0.00000
     12.11000      0.00000      0.00000      0.00000      0.00000      0.00000      0.00000
     12.12000      0.00000      0.00000      0.00000      0.00000      0.00000      0.00000
     12.13000      0.00000      0.00000      0.00000      0.00000      0.00000      0.00000
     12.14000      0.00000      0.00000      0.00000      0.00000      0.00000      0.00000
     12.15000      0.00000      0.00000      0.00000      0.00000      0.00000      0.00000
     12.16000      0.00000      0.00000      0.00000      0.00000      0.00000      0.00000
     12.17000      0.00000      0.00000      0.00000      0.00000      0.00000      0.00000
     12.18000      0.00000      0.00000      0.00000      0.00000      0.00000      0.00000
     12.19000      0.00000      0.00000      0.00000      0.00000      0.00000      0.00000
     12.20000      0.00000      0.00000      0.00000      0.00000      0.00000      0.00000
     12.21000      0.00000      0.00000      0.00000      0.00000      0.00000      0.00000
     12.22000      0.00000      0.00000      0.00000      0.00000      0.00000      0.00000
     12.23000      0.00000      0.00000      0.00000      0.00000      0.00000      0.00000
     12.24000      0.00000      0.00000      0.00000      0.00000      0.00000      0.00000
     12.25000      0.00000      0.00000      0.00000      0.00000      0.00000      0.00000
     12.26000      0.00000      0.00000      0.00000      0.00000      0.00000      0.00000
     12.27000      0.00000      0.00000      0.00000      0.00000      0.00000      0.00000
     12.28000      0.00000      0.00000      0.00000      0.00000      0.00000      0.00000
     12.29000      0.00000      0.00000      0.00000      0.00000      0.00000      0.00000
     12.30000      0.00000      0.00000      0.00000      0.00000      0.00000      0.00000
     12.31000      0.00000      0.00000      0.00000      0.00000      0.00000      0.00000
     12.32000      0.00000      0.00000      0.00000      0.00000      0.00000      0.00000
     12.33000      0.00000      0.00000      0.00000      0.00000      0.00000      0.00000
     12.34000      0.00000      0.00000      0.00000      0.00000      0.00000      0.00000
     12.35000      0.00000      0.00000      0.00000      0.00000      0.00000      0.00000
     12.36000      0.00000      0.00000      0.00000      0.00000      0.00000      0.00000
     12.37000      0.00000      0.00000      0.00000      0.00000      0.00000      0.00000
     12.38000      0.00096      0.00000      0.00134      0.00000      0.00000      0.00023
     12.39000      0.06778      0.00000      0.09463      0.00000      0.00000      0.01630
     12.40000      1.76663      0.00000      2.46634      0.00000      0.00000      0.42493
     12.41000     16.93902      0.00000     23.64806      0.00000      0.00000      4.07440
     12.42000     59.74973      0.00000     83.41481      0.00000      0.00000     14.37181
     12.43000     77.53345      0.00000    108.24213      0.00000      0.00000     18.64939
     12.44000     37.01245      0.00000     51.67197      0.00000      0.00000      8.90273
     12.45000      6.49998      0.00000      9.07443      0.00000      0.00000      1.56346
     12.46000      0.41993      0.00000      0.58626      0.00000      0.00000      0.10101
     12.47000      0.01089      0.00000      0.01603      0.00000      0.00000      0.00242
     12.48000      0.06508      0.00000      0.15048      0.00000      0.00000      0.00108
     12.49000      1.71466      0.00000      3.96459      0.00000      0.00000      0.02856
     12.50000     16.61912      0.00000     38.42638      0.00000      0.00000      0.27680
     12.51000     59.25767      0.00000    137.01433      0.00000      0.00000      0.98695
     12.52000     77.72962      0.00000    179.72479      0.00000      0.00000      1.29460
     12.53000     37.50923      0.00000     86.72804      0.00000      0.00000      0.62479
     12.54000      6.68906      0.00000     15.46641      0.00000      0.00000      0.11719
     12.55000      1.40976      0.00000      3.26316      0.00000      0.00000      0.20888
     12.56000     11.54073      0.00000     26.70477      0.00000      0.00000      2.38631
     12.57000     50.81613      0.00000    116.97174      0.00000      0.00000     10.55585
     12.58000     90.48185      0.00000    200.87819      0.00000      0.00000     19.27330
     12.59000     95.10060      0.00000    181.30487      0.00000      0.00000     22.18348
     12.60000     89.91362      0.00000    143.84652      0.00000      0.00000     22.75409
     12.61000     49.34337      0.00000     75.10715      0.00000      0.00000     12.73474
     12.62000     10.88622      0.00000     16.44597      0.00000      0.00000      2.81759
     12.63000      0.89432      0.00000      1.34951      0.00000      0.00000      0.23157
     12.64000      0.02709      0.00000      0.04087      0.00000      0.00000      0.00701
     12.65000      0.00030      0.00000      0.00046      0.00000      0.00000      0.00008
     12.66000      0.00000      0.00000      0.00000      0.00000      0.00000      0.00000
     12.67000      0.00000      0.00000      0.00000      0.00000      0.00000      0.00000
     12.68000      0.00000      0.00000      0.00000      0.00000      0.00000      0.00000
     12.69000      0.00000      0.00000      0.00000      0.00000      0.00000      0.00000
     12.70000      0.00000      0.00000      0.00000      0.00000      0.00000      0.00000
     12.71000      0.00000      0.00000      0.00000      0.00000      0.00000      0.00000
     12.72000      0.00000      0.00000      0.00000      0.00000      0.00000      0.00000
     12.73000      0.00000      0.00000      0.00000      0.00000      0.00000      0.00000
     12.74000      0.00000      0.00000      0.00000      0.00000      0.00000      0.00000
     12.75000      0.00571      0.00000      0.00467      0.00000      0.00049      0.00166
     12.76000      0.27348      0.00000      0.22350      0.00000      0.02325      0.07955
     12.77000      4.81977      0.00000      3.93891      0.00000      0.40970      1.40204
     12.78000     31.24837      0.00000     25.53745      0.00000      2.65621      9.08995
     12.79000     74.53054      0.00000     60.90941      0.00000      6.33533     21.68046
     12.80000     65.39534      0.00000     53.44375      0.00000      5.55881     19.02309
     12.81000     21.11205      0.00032     17.25424      0.00000      1.79432      6.14211
     12.82000      2.68089      0.01754      2.22414      0.00000      0.21307      0.82076
     12.83000      3.61139      0.35244      3.61856      0.00000      0.00931      1.87248
     12.84000     25.88855      2.60531     26.08917      0.00000      0.00015     13.60686
     12.85000     70.39790      7.08501     70.94436      0.00000      0.00000     37.00182
     12.86000     70.42822      7.08806     70.97492      0.00000      0.00000     37.01776
     12.87000     25.92026      2.60868     26.12146      0.00000      0.00000     13.62394
     12.88000      3.50944      0.35320      3.53668      0.00000      0.00000      1.84459
     12.89000      0.17480      0.01759      0.17616      0.00000      0.00000      0.09188
     12.90000      0.00320      0.00032      0.00323      0.00000      0.00000      0.00168
     12.91000      0.00000      0.00000      0.00000      0.00000      0.00000      0.00000
     12.92000      0.00000      0.00000      0.00000      0.00000      0.00000      0.00000
     12.93000      0.00000      0.00000      0.00000      0.00000      0.00000      0.00000
     12.94000      0.00000      0.00000      0.00000      0.00000      0.00000      0.00000
     12.95000      0.00000      0.00000      0.00000      0.00000      0.00000      0.00000
     12.96000      0.00000      0.00000      0.00000      0.00000      0.00000      0.00000
     12.97000      0.00000      0.00000      0.00000      0.00000      0.00000      0.00000
     12.98000      0.00000      0.00000      0.00000      0.00000      0.00000      0.00000
     12.99000      0.00000      0.00000      0.00000      0.00000      0.00000      0.00000
     13.00000      0.00000      0.00000      0.00000      0.00000      0.00000      0.00000
     13.01000      0.00000      0.00000      0.00000      0.00000      0.00000      0.00000
     13.02000      0.00000      0.00000      0.00000      0.00000      0.00000      0.00000
     13.03000      0.00000      0.00000      0.00000      0.00000      0.00000      0.00000
     13.04000      0.00000      0.00000      0.00000      0.00000      0.00000      0.00000
     13.05000      0.00000      0.00000      0.00000      0.00000      0.00000      0.00000
     13.06000      0.00000      0.00000      0.00000      0.00000      0.00000      0.00000
     13.07000      0.00000      0.00000      0.00000      0.00000      0.00000      0.00000
     13.08000      0.00000      0.00000      0.00000      0.00000      0.00000      0.00000
     13.09000      0.00000      0.00000      0.00000      0.00000      0.00000      0.00000
     13.10000      0.00000      0.00000      0.00000      0.00000      0.00000      0.00000
     13.11000      0.00000      0.00000      0.00000      0.00000      0.00000      0.00000
     13.12000      0.00000      0.00000      0.00000      0.00000      0.00000      0.00000
     13.13000      0.00000      0.00000      0.00000      0.00000      0.00000      0.00000
     13.14000      0.00000      0.00000      0.00000      0.00000      0.00000      0.00000
     13.15000      0.00000      0.00000      0.00000      0.00000      0.00000      0.00000
     13.16000      0.00000      0.00000      0.00000      0.00000      0.00000      0.00000
     13.17000      0.00000      0.00000      0.00000      0.00000      0.00000      0.00000
     13.18000      0.00000      0.00000      0.00000      0.00000      0.00000      0.00000
     13.19000      0.00000      0.00000      0.00000      0.00000      0.00000      0.00000
     13.20000      0.00000      0.00000      0.00000      0.00000      0.00000      0.00000
     13.21000      0.00000      0.00000      0.00000      0.00000      0.00000      0.00000
     13.22000      0.00000      0.00000      0.00000      0.00000      0.00000      0.00000
     13.23000      0.00000      0.00000      0.00000      0.00000      0.00000      0.00000
     13.24000      0.00000      0.00000      0.00000      0.00000      0.00000      0.00000
     13.25000      0.00000      0.00000      0.00000      0.00000      0.00000      0.00000
     13.26000      0.00000      0.00000      0.00000      0.00000      0.00000      0.00000
     13.27000      0.00000      0.00000      0.00000      0.00000      0.00000      0.00000
     13.28000      0.01393      0.00270      0.01614      0.00000      0.00000      0.00379
     13.29000      0.54318      0.10502      0.63109      0.00000      0.00000      0.14747
     13.30000      7.85566      1.50154      9.19666      0.00000      0.00000      2.10862
     13.31000     43.32925      7.89812     52.27416      0.00000      0.00000     11.09133
     13.32000    100.47243     15.28322    133.43883      0.00000      0.00000     21.46222
     13.33000    122.16720     10.87956    193.32266      0.00000      0.00000     15.27817
     13.34000     88.73730      2.84914    160.80289      0.00000      0.00000      4.00104
     13.35000     31.93816      0.27449     60.90469      0.00000      0.00000      0.38546
     13.36000      4.67856      0.00973      9.04474      0.00000      0.00000      0.01366
     13.37000      0.25884      0.00013      0.50206      0.00000      0.00000      0.00018
     13.38000      0.00530      0.00000      0.01029      0.00000      0.00000      0.00000
     13.39000      0.00000      0.00000      0.00000      0.00000      0.00000      0.00000
     13.40000      0.00000      0.00000      0.00000      0.00000      0.00000      0.00000
     13.41000      0.00000      0.00000      0.00000      0.00000      0.00000      0.00000
     13.42000      0.00000      0.00000      0.00000      0.00000      0.00000      0.00000
     13.43000      0.00000      0.00000      0.00000      0.00000      0.00000      0.00000
     13.44000      0.00000      0.00000      0.00000      0.00000      0.00000      0.00000
     13.45000      0.00000      0.00000      0.00000      0.00000      0.00000      0.00000
     13.46000      0.00000      0.00000      0.00000      0.00000      0.00000      0.00000
     13.47000      0.00000      0.00000      0.00000      0.00000      0.00000      0.00000
     13.48000      0.00000      0.00000      0.00000      0.00000      0.00000      0.00000
     13.49000      0.00000      0.00000      0.00000      0.00000      0.00000      0.00000
     13.50000      0.00000      0.00000      0.00000      0.00000      0.00000      0.00000
     13.51000      0.00419      0.00000      0.00839      0.00000      0.00000      0.00000
     13.52000      0.21544      0.00000      0.43129      0.00000      0.00000      0.00000
     13.53000      4.07245      0.00000      8.15260      0.00000      0.00000      0.00000
     13.54000     28.31983      0.00000     56.69315      0.00000      0.00000      0.00000
     13.55000     72.44873      0.00000    145.03432      0.00000      0.00000      0.00000
     13.56000     68.18306      0.00000    136.49492      0.00000      0.00000      0.00000
     13.57000     23.60629      0.00000     47.25717      0.00000      0.00000      0.00000
     13.58000      3.00666      0.00000      6.01900      0.00000      0.00000      0.00000
     13.59000      0.14088      0.00000      0.28202      0.00000      0.00000      0.00000
     13.60000      0.00243      0.00000      0.00486      0.00000      0.00000      0.00000
     13.61000      0.00000      0.00000      0.00000      0.00000      0.00000      0.00000
     13.62000      0.00000      0.00000      0.00000      0.00000      0.00000      0.00000
     13.63000      0.00772      0.00683      0.00551      0.00000      0.00000      0.00147
     13.64000      0.34505      0.30506      0.24598      0.00000      0.00000      0.06560
     13.65000      5.67159      5.01415      4.04316      0.00000      0.00000      1.07825
     13.66000     34.29486     30.31947     24.44812      0.00000      0.00000      6.51995
     13.67000     76.28841     67.44522     54.38447      0.00000      0.00000     14.50353
     13.68000     62.43004     55.19327     44.50511      0.00000      0.00000     11.86885
     13.69000     18.79465     16.61601     13.39832      0.00000      0.00000      3.57313
     13.70000      2.08152      1.84023      1.48387      0.00000      0.00000      0.39573
     13.71000      0.08481      0.07498      0.06046      0.00000      0.00000      0.01612
     13.72000      0.00127      0.00112      0.00091      0.00000      0.00000      0.00024
     13.73000      0.00000      0.00000      0.00000      0.00000      0.00000      0.00000
     13.74000      0.00000      0.00000      0.00000      0.00000      0.00000      0.00000
     13.75000      0.00000      0.00000      0.00000      0.00000      0.00000      0.00000
     13.76000      0.00000      0.00000      0.00000      0.00000      0.00000      0.00000
     13.77000      0.00000      0.00000      0.00000      0.00000      0.00000      0.00000
     13.78000      0.00000      0.00000      0.00000      0.00000      0.00000      0.00000
     13.79000      0.00000      0.00000      0.00000      0.00000      0.00000      0.00000
     13.80000      0.00000      0.00000      0.00000      0.00000      0.00000      0.00000
     13.81000      0.00212      0.00049      0.00138      0.00000      0.00000      0.00096
     13.82000      0.12664      0.02904      0.08259      0.00000      0.00000      0.05761
     13.83000      2.78452      0.63851      1.81588      0.00000      0.00000      1.26675
     13.84000     22.52351      5.16481     14.68836      0.00000      0.00000     10.24651
     13.85000     67.02350     15.36900     43.70835      0.00000      0.00000     30.49067
     13.86000     73.37087     16.82450     47.84769      0.00000      0.00000     33.37824
     13.87000     29.54784      6.77554     19.26917      0.00000      0.00000     13.44205
     13.88000      4.37757      1.00381      2.85477      0.00000      0.00000      1.99147
     13.89000      0.23859      0.05471      0.15559      0.00000      0.00000      0.10854
     13.90000      0.00478      0.00110      0.00312      0.00000      0.00000      0.00218
     13.91000      0.00000      0.00000      0.00000      0.00000      0.00000      0.00000
     13.92000      0.00000      0.00000      0.00000      0.00000      0.00000      0.00000
     13.93000      0.00000      0.00000      0.00000      0.00000      0.00000      0.00000
     13.94000      0.00000      0.00000      0.00000      0.00000      0.00000      0.00000
     13.95000      0.00000      0.00000      0.00000      0.00000      0.00000      0.00000
     13.96000      0.00000      0.00000      0.00000      0.00000      0.00000      0.00000
     13.97000      0.00000      0.00000      0.00000      0.00000      0.00000      0.00000
     13.98000      0.00000      0.00000      0.00000      0.00000      0.00000      0.00000
     13.99000      0.00000      0.00000      0.00000      0.00000      0.00000      0.00000
     14.00000      0.00000      0.00000      0.00000      0.00000      0.00000      0.00000
     14.01000      0.00000      0.00000      0.00000      0.00000      0.00000      0.00000
     14.02000      0.00000      0.00000      0.00000      0.00000      0.00000      0.00000
     14.03000      0.00000      0.00000      0.00000      0.00000      0.00000      0.00000
     14.04000      0.00000      0.00000      0.00000      0.00000      0.00000      0.00000
     14.05000      0.00000      0.00000      0.00000      0.00000      0.00000      0.00000
     14.06000      0.00000      0.00000      0.00000      0.00000      0.00000      0.00000
     14.07000      0.00000      0.00000      0.00000      0.00000      0.00000      0.00000
     14.08000      0.00762      0.00081      0.00487      0.00000      0.00000      0.00619
     14.09000      0.34156      0.03638      0.21815      0.00000      0.00000      0.27730
     14.10000      5.63153      0.59979      3.59676      0.00000      0.00000      4.57199
     14.11000     34.15769      3.63799     21.81590      0.00000      0.00000     27.73112
     14.12000     76.21770      8.11762     48.67887      0.00000      0.00000     61.87778
     14.13000     62.56459      6.66349     39.95888      0.00000      0.00000     50.79343
     14.14000     18.89326      2.01224     12.06679      0.00000      0.00000     15.33860
     14.15000      2.09890      0.22354      1.34053      0.00000      0.00000      1.70400
     14.16000      0.08578      0.00914      0.05479      0.00000      0.00000      0.06964
     14.17000      0.00129      0.00014      0.00082      0.00000      0.00000      0.00105
     14.18000      0.00000      0.00000      0.00000      0.00000      0.00000      0.00000
     14.19000      0.00000      0.00000      0.00000      0.00000      0.00000      0.00000
     14.20000      0.00000      0.00000      0.00000      0.00000      0.00000      0.00000
     14.21000      0.00000      0.00000      0.00000      0.00000      0.00000      0.00000
     14.22000      0.00000      0.00000      0.00000      0.00000      0.00000      0.00000
     14.23000      0.00000      0.00000      0.00000      0.00000      0.00000      0.00000
     14.24000      0.00000      0.00000      0.00000      0.00000      0.00000      0.00000
     14.25000      0.00000      0.00000      0.00000      0.00000      0.00000      0.00000
     14.26000      0.00000      0.00000      0.00000      0.00000      0.00000      0.00000
     14.27000      0.00000      0.00000      0.00000      0.00000      0.00000      0.00000
     14.28000      0.00000      0.00000      0.00000      0.00000      0.00000      0.00000
     14.29000      0.00000      0.00000      0.00000      0.00000      0.00000      0.00000
     14.30000      0.00000      0.00000      0.00000      0.00000      0.00000      0.00000
     14.31000      0.00000      0.00000      0.00000      0.00000      0.00000      0.00000
     14.32000      0.00000      0.00000      0.00000      0.00000      0.00000      0.00000
     14.33000      0.00000      0.00000      0.00000      0.00000      0.00000      0.00000
     14.34000      0.00000      0.00000      0.00000      0.00000      0.00000      0.00000
     14.35000      0.00000      0.00000      0.00000      0.00000      0.00000      0.00000
     14.36000      0.00000      0.00000      0.00000      0.00000      0.00000      0.00000
     14.37000      0.00000      0.00000      0.00000      0.00000      0.00000      0.00000
     14.38000      0.00000      0.00000      0.00000      0.00000      0.00000      0.00000
     14.39000      0.00000      0.00000      0.00000      0.00000      0.00000      0.00000
     14.40000      0.00000      0.00000      0.00000      0.00000      0.00000      0.00000
     14.41000      0.00195      0.00229      0.00083      0.00000      0.00000      0.00009
     14.42000      0.11869      0.13961      0.05068      0.00000      0.00000      0.00524
     14.43000      2.65717      3.12557      1.13462      0.00000      0.00000      0.11730
     14.44000     21.88396     25.74160      9.34450      0.00000      0.00000      0.96608
     14.45000     66.30379     77.99162     28.31185      0.00000      0.00000      2.92702
     14.46000     73.90200     86.92922     31.55630      0.00000      0.00000      3.26245
     14.47000     30.30258     35.64423     12.93926      0.00000      0.00000      1.33773
     14.48000      4.57097      5.37673      1.95181      0.00000      0.00000      0.20179
     14.49000      0.25365      0.29837      0.10831      0.00000      0.00000      0.01120
     14.50000      0.00518      0.00609      0.00221      0.00000      0.00000      0.00023
     14.51000      0.00000      0.00000      0.00000      0.00000      0.00000      0.00000
     14.52000      0.00000      0.00000      0.00000      0.00000      0.00000      0.00000
     14.53000      0.00000      0.00000      0.00000      0.00000      0.00000      0.00000
     14.54000      0.00000      0.00000      0.00000      0.00000      0.00000      0.00000
     14.55000      0.00000      0.00000      0.00000      0.00000      0.00000      0.00000
     14.56000      0.00000      0.00000      0.00000      0.00000      0.00000      0.00000
     14.57000      0.00000      0.00000      0.00000      0.00000      0.00000      0.00000
     14.58000      0.00000      0.00000      0.00000      0.00000      0.00000      0.00000
     14.59000      0.00000      0.00000      0.00000      0.00000      0.00000      0.00000
     14.60000      0.00000      0.00000      0.00000      0.00000      0.00000      0.00000
     14.61000      0.00000      0.00000      0.00000      0.00000      0.00000      0.00000
     14.62000      0.00000      0.00000      0.00000      0.00000      0.00000      0.00000
     14.63000      0.00000      0.00000      0.00000      0.00000      0.00000      0.00000
     14.64000      0.00000      0.00000      0.00000      0.00000      0.00000      0.00000
