Energy-E_F (eV)    DOS (1/eV)    PDOS (1/eV)  of atom type N  C  O  H  S  
     -6.70435      0.00000      0.00000      0.00000      0.00000      0.00000      0.00000
     -6.69435      0.00000      0.00000      0.00000      0.00000      0.00000      0.00000
     -6.68435      0.00000      0.00000      0.00000      0.00000      0.00000      0.00000
     -6.67435      0.00000      0.00000      0.00000      0.00000      0.00000      0.00000
     -6.66435      0.00000      0.00000      0.00000      0.00000      0.00000      0.00000
     -6.65435      0.00000      0.00000      0.00000      0.00000      0.00000      0.00000
     -6.64435      0.00000      0.00000      0.00000      0.00000      0.00000      0.00000
     -6.63435      0.00000      0.00000      0.00000      0.00000      0.00000      0.00000
     -6.62435      0.00000      0.00000      0.00000      0.00000      0.00000      0.00000
     -6.61435      0.00000      0.00000      0.00000      0.00000      0.00000      0.00000
     -6.60435      0.00000      0.00000      0.00000      0.00000      0.00000      0.00000
     -6.59435      0.00000      0.00000      0.00000      0.00000      0.00000      0.00000
     -6.58435      0.00368      0.00040      0.00108      0.00172      0.00042      0.00004
     -6.57435      0.19451      0.02129      0.05735      0.09121      0.02234      0.00232
     -6.56435      3.78725      0.41461      1.11654      1.77593      0.43506      0.04512
     -6.55435     27.12736      2.96979      7.99754     12.72061      3.11622      0.32320
     -6.54435     71.48192      7.82555     21.07391     33.51942      8.21138      0.85166
     -6.53435     69.29315      7.58593     20.42863     32.49306      7.95995      0.82558
     -6.52435     24.71098      2.70526      7.28516     11.58751      2.83864      0.29441
     -6.51435      3.24187      0.35491      0.95575      1.52018      0.37240      0.03862
     -6.50435      0.15646      0.01713      0.04613      0.07337      0.01797      0.00186
     -6.49435      0.00278      0.00030      0.00082      0.00130      0.00032      0.00003
     -6.48435      0.00000      0.00000      0.00000      0.00000      0.00000      0.00000
     -6.47435      0.00000      0.00000      0.00000      0.00000      0.00000      0.00000
     -6.46435      0.00000      0.00000      0.00000      0.00000      0.00000      0.00000
     -6.45435      0.00000      0.00000      0.00000      0.00000      0.00000      0.00000
     -6.44435      0.00000      0.00000      0.00000      0.00000      0.00000      0.00000
     -6.43435      0.00000      0.00000      0.00000      0.00000      0.00000      0.00000
     -6.42435      0.00000      0.00000      0.00000      0.00000      0.00000      0.00000
     -6.41435      0.00000      0.00000      0.00000      0.00000      0.00000      0.00000
     -6.40435      0.00000      0.00000      0.00000      0.00000      0.00000      0.00000
     -6.39435      0.00000      0.00000      0.00000      0.00000      0.00000      0.00000
     -6.38435      0.00000      0.00000      0.00000      0.00000      0.00000      0.00000
     -6.37435      0.00000      0.00000      0.00000      0.00000      0.00000      0.00000
     -6.36435      0.00000      0.00000      0.00000      0.00000      0.00000      0.00000
     -6.35435      0.00000      0.00000      0.00000      0.00000      0.00000      0.00000
     -6.34435      0.00000      0.00000      0.00000      0.00000      0.00000      0.00000
     -6.33435      0.00000      0.00000      0.00000      0.00000      0.00000      0.00000
     -6.32435      0.00000      0.00000      0.00000      0.00000      0.00000      0.00000
     -6.31435      0.00000      0.00000      0.00000      0.00000      0.00000      0.00000
     -6.30435      0.00000      0.00000      0.00000      0.00000      0.00000      0.00000
     -6.29435      0.00000      0.00000      0.00000      0.00000      0.00000      0.00000
     -6.28435      0.00000      0.00000      0.00000      0.00000      0.00000      0.00000
     -6.27435      0.00000      0.00000      0.00000      0.00000      0.00000      0.00000
     -6.26435      0.00000      0.00000      0.00000      0.00000      0.00000      0.00000
     -6.25435      0.00000      0.00000      0.00000      0.00000      0.00000      0.00000
     -6.24435      0.00000      0.00000      0.00000      0.00000      0.00000      0.00000
     -6.23435      0.00000      0.00000      0.00000      0.00000      0.00000      0.00000
     -6.22435      0.00000      0.00000      0.00000      0.00000      0.00000      0.00000
     -6.21435      0.00000      0.00000      0.00000      0.00000      0.00000      0.00000
     -6.20435      0.00000      0.00000      0.00000      0.00000      0.00000      0.00000
     -6.19435      0.00000      0.00000      0.00000      0.00000      0.00000      0.00000
     -6.18435      0.00111      0.00008      0.00034      0.00058      0.00009      0.00002
     -6.17435      0.07627      0.00530      0.02326      0.03992      0.00633      0.00145
     -6.16435      1.92620      0.13384      0.58748      1.00818      0.15997      0.03673
     -6.15435     17.89620      1.24346      5.45828      9.36691      1.48629      0.34126
     -6.14435     61.16828      4.25007     18.65612     32.01561      5.08006      1.16642
     -6.13435     76.91257      5.34401     23.45808     40.25621      6.38763      1.46665
     -6.12435     35.57737      2.47197     10.85098     18.62128      2.95472      0.67843
     -6.11435      6.05419      0.42065      1.84651      3.16878      0.50280      0.11545
     -6.10435      0.37900      0.02633      0.11559      0.19837      0.03148      0.00723
     -6.09435      0.00873      0.00061      0.00266      0.00457      0.00072      0.00017
     -6.08435      0.00000      0.00000      0.00000      0.00000      0.00000      0.00000
     -6.07435      0.00000      0.00000      0.00000      0.00000      0.00000      0.00000
     -6.06435      0.00000      0.00000      0.00000      0.00000      0.00000      0.00000
     -6.05435      0.00000      0.00000      0.00000      0.00000      0.00000      0.00000
     -6.04435      0.00000      0.00000      0.00000      0.00000      0.00000      0.00000
     -6.03435      0.00000      0.00000      0.00000      0.00000      0.00000      0.00000
     -6.02435      0.00000      0.00000      0.00000      0.00000      0.00000      0.00000
     -6.01435      0.00000      0.00000      0.00000      0.00000      0.00000      0.00000
     -6.00435      0.00000      0.00000      0.00000      0.00000      0.00000      0.00000
     -5.99435      0.00000      0.00000      0.00000      0.00000      0.00000      0.00000
     -5.98435      0.00000      0.00000      0.00000      0.00000      0.00000      0.00000
     -5.97435      0.00000      0.00000      0.00000      0.00000      0.00000      0.00000
     -5.96435      0.00000      0.00000      0.00000      0.00000      0.00000      0.00000
     -5.95435      0.00000      0.00000      0.00000      0.00000      0.00000      0.00000
     -5.94435      0.00000      0.00000      0.00000      0.00000      0.00000      0.00000
     -5.93435      0.00000      0.00000      0.00000      0.00000      0.00000      0.00000
     -5.92435      0.00000      0.00000      0.00000      0.00000      0.00000      0.00000
     -5.91435      0.00000      0.00000      0.00000      0.00000      0.00000      0.00000
     -5.90435      0.00000      0.00000      0.00000      0.00000      0.00000      0.00000
     -5.89435      0.00000      0.00000      0.00000      0.00000      0.00000      0.00000
     -5.88435      0.00000      0.00000      0.00000      0.00000      0.00000      0.00000
     -5.87435      0.00141      0.00016      0.00041      0.00030      0.00046      0.00008
     -5.86435      0.09226      0.01025      0.02700      0.01985      0.02973      0.00543
     -5.85435      2.21329      0.24584      0.64778      0.47624      0.71324      0.13019
     -5.84435     19.53343      2.16965      5.71703      4.20306      6.29468      1.14901
     -5.83435     63.41976      7.04427     18.56165     13.64621     20.43712      3.73051
     -5.82435     75.74886      8.41371     22.17012     16.29910     24.41019      4.45574
     -5.81435     33.28382      3.69696      9.74149      7.16177     10.72576      1.95784
     -5.80435      5.38017      0.59760      1.57466      1.15767      1.73377      0.31647
     -5.79435      0.31994      0.03554      0.09364      0.06884      0.10310      0.01882
     -5.78435      0.00700      0.00078      0.00205      0.00151      0.00226      0.00041
     -5.77435      0.00000      0.00000      0.00000      0.00000      0.00000      0.00000
     -5.76435      0.00000      0.00000      0.00000      0.00000      0.00000      0.00000
     -5.75435      0.00000      0.00000      0.00000      0.00000      0.00000      0.00000
     -5.74435      0.00000      0.00000      0.00000      0.00000      0.00000      0.00000
     -5.73435      0.00000      0.00000      0.00000      0.00000      0.00000      0.00000
     -5.72435      0.00000      0.00000      0.00000      0.00000      0.00000      0.00000
     -5.71435      0.00000      0.00000      0.00000      0.00000      0.00000      0.00000
     -5.70435      0.00000      0.00000      0.00000      0.00000      0.00000      0.00000
     -5.69435      0.00000      0.00000      0.00000      0.00000      0.00000      0.00000
     -5.68435      0.00000      0.00000      0.00000      0.00000      0.00000      0.00000
     -5.67435      0.00000      0.00000      0.00000      0.00000      0.00000      0.00000
     -5.66435      0.00000      0.00000      0.00000      0.00000      0.00000      0.00000
     -5.65435      0.00000      0.00000      0.00000      0.00000      0.00000      0.00000
     -5.64435      0.00000      0.00000      0.00000      0.00000      0.00000      0.00000
     -5.63435      0.00000      0.00000      0.00000      0.00000      0.00000      0.00000
     -5.62435      0.00000      0.00000      0.00000      0.00000      0.00000      0.00000
     -5.61435      0.00000      0.00000      0.00000      0.00000      0.00000      0.00000
     -5.60435      0.00000      0.00000      0.00000      0.00000      0.00000      0.00000
     -5.59435      0.00000      0.00000      0.00000      0.00000      0.00000      0.00000
     -5.58435      0.00000      0.00000      0.00000      0.00000      0.00000      0.00000
     -5.57435      0.00000      0.00000      0.00000      0.00000      0.00000      0.00000
     -5.56435      0.00000      0.00000      0.00000      0.00000      0.00000      0.00000
     -5.55435      0.00000      0.00000      0.00000      0.00000      0.00000      0.00000
     -5.54435      0.00000      0.00000      0.00000      0.00000      0.00000      0.00000
     -5.53435      0.00000      0.00000      0.00000      0.00000      0.00000      0.00000
     -5.52435      0.00000      0.00000      0.00000      0.00000      0.00000      0.00000
     -5.51435      0.00000      0.00000      0.00000      0.00000      0.00000      0.00000
     -5.50435      0.00000      0.00000      0.00000      0.00000      0.00000      0.00000
     -5.49435      0.00000      0.00000      0.00000      0.00000      0.00000      0.00000
     -5.48435      0.00000      0.00000      0.00000      0.00000      0.00000      0.00000
     -5.47435      0.00000      0.00000      0.00000      0.00000      0.00000      0.00000
     -5.46435      0.00000      0.00000      0.00000      0.00000      0.00000      0.00000
     -5.45435      0.00000      0.00000      0.00000      0.00000      0.00000      0.00000
     -5.44435      0.00000      0.00000      0.00000      0.00000      0.00000      0.00000
     -5.43435      0.00000      0.00000      0.00000      0.00000      0.00000      0.00000
     -5.42435      0.00000      0.00000      0.00000      0.00000      0.00000      0.00000
     -5.41435      0.00000      0.00000      0.00000      0.00000      0.00000      0.00000
     -5.40435      0.00000      0.00000      0.00000      0.00000      0.00000      0.00000
     -5.39435      0.00000      0.00000      0.00000      0.00000      0.00000      0.00000
     -5.38435      0.00000      0.00000      0.00000      0.00000      0.00000      0.00000
     -5.37435      0.00000      0.00000      0.00000      0.00000      0.00000      0.00000
     -5.36435      0.00000      0.00000      0.00000      0.00000      0.00000      0.00000
     -5.35435      0.00000      0.00000      0.00000      0.00000      0.00000      0.00000
     -5.34435      0.00000      0.00000      0.00000      0.00000      0.00000      0.00000
     -5.33435      0.00000      0.00000      0.00000      0.00000      0.00000      0.00000
     -5.32435      0.00000      0.00000      0.00000      0.00000      0.00000      0.00000
     -5.31435      0.00000      0.00000      0.00000      0.00000      0.00000      0.00000
     -5.30435      0.00000      0.00000      0.00000      0.00000      0.00000      0.00000
     -5.29435      0.00000      0.00000      0.00000      0.00000      0.00000      0.00000
     -5.28435      0.00000      0.00000      0.00000      0.00000      0.00000      0.00000
     -5.27435      0.00000      0.00000      0.00000      0.00000      0.00000      0.00000
     -5.26435      0.00000      0.00000      0.00000      0.00000      0.00000      0.00000
     -5.25435      0.00000      0.00000      0.00000      0.00000      0.00000      0.00000
     -5.24435      0.00000      0.00000      0.00000      0.00000      0.00000      0.00000
     -5.23435      0.00000      0.00000      0.00000      0.00000      0.00000      0.00000
     -5.22435      0.00000      0.00000      0.00000      0.00000      0.00000      0.00000
     -5.21435      0.02649      0.00329      0.00808      0.00866      0.00332      0.00313
     -5.20435      0.87946      0.10929      0.26817      0.28765      0.11035      0.10399
     -5.19435     10.74196      1.33489      3.27554      3.51347      1.34790      1.27016
     -5.18435     48.26790      5.99819     14.71831     15.78742      6.05663      5.70735
     -5.17435     79.78818      9.91517     24.32979     26.09704     10.01178      9.43441
     -5.16435     48.52039      6.02956     14.79531     15.87000      6.08831      5.73721
     -5.15435     10.85464      1.34889      3.30990      3.55033      1.36203      1.28349
     -5.14435      0.89333      0.11101      0.27240      0.29219      0.11209      0.10563
     -5.13435      0.02705      0.00336      0.00825      0.00885      0.00339      0.00320
     -5.12435      0.00030      0.00004      0.00009      0.00010      0.00004      0.00004
     -5.11435      0.00000      0.00000      0.00000      0.00000      0.00000      0.00000
     -5.10435      0.00000      0.00000      0.00000      0.00000      0.00000      0.00000
     -5.09435      0.00000      0.00000      0.00000      0.00000      0.00000      0.00000
     -5.08435      0.00000      0.00000      0.00000      0.00000      0.00000      0.00000
     -5.07435      0.00000      0.00000      0.00000      0.00000      0.00000      0.00000
     -5.06435      0.00000      0.00000      0.00000      0.00000      0.00000      0.00000
     -5.05435      0.00000      0.00000      0.00000      0.00000      0.00000      0.00000
     -5.04435      0.00000      0.00000      0.00000      0.00000      0.00000      0.00000
     -5.03435      0.00000      0.00000      0.00000      0.00000      0.00000      0.00000
     -5.02435      0.00000      0.00000      0.00000      0.00000      0.00000      0.00000
     -5.01435      0.00000      0.00000      0.00000      0.00000      0.00000      0.00000
     -5.00435      0.00000      0.00000      0.00000      0.00000      0.00000      0.00000
     -4.99435      0.00000      0.00000      0.00000      0.00000      0.00000      0.00000
     -4.98435      0.00000      0.00000      0.00000      0.00000      0.00000      0.00000
     -4.97435      0.00000      0.00000      0.00000      0.00000      0.00000      0.00000
     -4.96435      0.00000      0.00000      0.00000      0.00000      0.00000      0.00000
     -4.95435      0.00000      0.00000      0.00000      0.00000      0.00000      0.00000
     -4.94435      0.00000      0.00000      0.00000      0.00000      0.00000      0.00000
     -4.93435      0.00000      0.00000      0.00000      0.00000      0.00000      0.00000
     -4.92435      0.01207      0.00116      0.00206      0.00653      0.00145      0.00087
     -4.91435      0.48560      0.04665      0.08281      0.26281      0.05814      0.03518
     -4.90435      7.18443      0.69015      1.22524      3.88835      0.86021      0.52049
     -4.89435     39.10342      3.75634      6.66872     21.16350      4.68196      2.83290
     -4.88435     78.29657      7.52130     13.35275     42.37556      9.37465      5.67230
     -4.87435     57.67350      5.54021      9.83568     31.21397      6.90540      4.17823
     -4.86435     15.62843      1.50129      2.66528      8.45840      1.87123      1.13222
     -4.85435      1.55797      0.14966      0.26570      0.84320      0.18654      0.11287
     -4.84435      0.05714      0.00549      0.00974      0.03092      0.00684      0.00414
     -4.83435      0.00077      0.00007      0.00013      0.00042      0.00009      0.00006
     -4.82435      0.00000      0.00000      0.00000      0.00000      0.00000      0.00000
     -4.81435      0.00000      0.00000      0.00000      0.00000      0.00000      0.00000
     -4.80435      0.00000      0.00000      0.00000      0.00000      0.00000      0.00000
     -4.79435      0.00000      0.00000      0.00000      0.00000      0.00000      0.00000
     -4.78435      0.00000      0.00000      0.00000      0.00000      0.00000      0.00000
     -4.77435      0.00000      0.00000      0.00000      0.00000      0.00000      0.00000
     -4.76435      0.00000      0.00000      0.00000      0.00000      0.00000      0.00000
     -4.75435      0.00000      0.00000      0.00000      0.00000      0.00000      0.00000
     -4.74435      0.00000      0.00000      0.00000      0.00000      0.00000      0.00000
     -4.73435      0.00000      0.00000      0.00000      0.00000      0.00000      0.00000
     -4.72435      0.00000      0.00000      0.00000      0.00000      0.00000      0.00000
     -4.71435      0.00000      0.00000      0.00000      0.00000      0.00000      0.00000
     -4.70435      0.00000      0.00000      0.00000      0.00000      0.00000      0.00000
     -4.69435      0.00000      0.00000      0.00000      0.00000      0.00000      0.00000
     -4.68435      0.00000      0.00000      0.00000      0.00000      0.00000      0.00000
     -4.67435      0.00000      0.00000      0.00000      0.00000      0.00000      0.00000
     -4.66435      0.00000      0.00000      0.00000      0.00000      0.00000      0.00000
     -4.65435      0.00000      0.00000      0.00000      0.00000      0.00000      0.00000
     -4.64435      0.00000      0.00000      0.00000      0.00000      0.00000      0.00000
     -4.63435      0.00000      0.00000      0.00000      0.00000      0.00000      0.00000
     -4.62435      0.00000      0.00000      0.00000      0.00000      0.00000      0.00000
     -4.61435      0.00000      0.00000      0.00000      0.00000      0.00000      0.00000
     -4.60435      0.00000      0.00000      0.00000      0.00000      0.00000      0.00000
     -4.59435      0.00000      0.00000      0.00000      0.00000      0.00000      0.00000
     -4.58435      0.00000      0.00000      0.00000      0.00000      0.00000      0.00000
     -4.57435      0.00000      0.00000      0.00000      0.00000      0.00000      0.00000
     -4.56435      0.00000      0.00000      0.00000      0.00000      0.00000      0.00000
     -4.55435      0.00000      0.00000      0.00000      0.00000      0.00000      0.00000
     -4.54435      0.00000      0.00000      0.00000      0.00000      0.00000      0.00000
     -4.53435      0.00000      0.00000      0.00000      0.00000      0.00000      0.00000
     -4.52435      0.00000      0.00000      0.00000      0.00000      0.00000      0.00000
     -4.51435      0.00000      0.00000      0.00000      0.00000      0.00000      0.00000
     -4.50435      0.00000      0.00000      0.00000      0.00000      0.00000      0.00000
     -4.49435      0.00000      0.00000      0.00000      0.00000      0.00000      0.00000
     -4.48435      0.00000      0.00000      0.00000      0.00000      0.00000      0.00000
     -4.47435      0.00000      0.00000      0.00000      0.00000      0.00000      0.00000
     -4.46435      0.00000      0.00000      0.00000      0.00000      0.00000      0.00000
     -4.45435      0.00000      0.00000      0.00000      0.00000      0.00000      0.00000
     -4.44435      0.00000      0.00000      0.00000      0.00000      0.00000      0.00000
     -4.43435      0.00000      0.00000      0.00000      0.00000      0.00000      0.00000
     -4.42435      0.00000      0.00000      0.00000      0.00000      0.00000      0.00000
     -4.41435      0.00000      0.00000      0.00000      0.00000      0.00000      0.00000
     -4.40435      0.00000      0.00000      0.00000      0.00000      0.00000      0.00000
     -4.39435      0.00000      0.00000      0.00000      0.00000      0.00000      0.00000
     -4.38435      0.00000      0.00000      0.00000      0.00000      0.00000      0.00000
     -4.37435      0.00000      0.00000      0.00000      0.00000      0.00000      0.00000
     -4.36435      0.00000      0.00000      0.00000      0.00000      0.00000      0.00000
     -4.35435      0.00000      0.00000      0.00000      0.00000      0.00000      0.00000
     -4.34435      0.00000      0.00000      0.00000      0.00000      0.00000      0.00000
     -4.33435      0.00000      0.00000      0.00000      0.00000      0.00000      0.00000
     -4.32435      0.00000      0.00000      0.00000      0.00000      0.00000      0.00000
     -4.31435      0.00000      0.00000      0.00000      0.00000      0.00000      0.00000
     -4.30435      0.00000      0.00000      0.00000      0.00000      0.00000      0.00000
     -4.29435      0.00000      0.00000      0.00000      0.00000      0.00000      0.00000
     -4.28435      0.00000      0.00000      0.00000      0.00000      0.00000      0.00000
     -4.27435      0.00000      0.00000      0.00000      0.00000      0.00000      0.00000
     -4.26435      0.00000      0.00000      0.00000      0.00000      0.00000      0.00000
     -4.25435      0.00000      0.00000      0.00000      0.00000      0.00000      0.00000
     -4.24435      0.00000      0.00000      0.00000      0.00000      0.00000      0.00000
     -4.23435      0.00000      0.00000      0.00000      0.00000      0.00000      0.00000
     -4.22435      0.00000      0.00000      0.00000      0.00000      0.00000      0.00000
     -4.21435      0.00000      0.00000      0.00000      0.00000      0.00000      0.00000
     -4.20435      0.00000      0.00000      0.00000      0.00000      0.00000      0.00000
     -4.19435      0.00000      0.00000      0.00000      0.00000      0.00000      0.00000
     -4.18435      0.00000      0.00000      0.00000      0.00000      0.00000      0.00000
     -4.17435      0.00000      0.00000      0.00000      0.00000      0.00000      0.00000
     -4.16435      0.00000      0.00000      0.00000      0.00000      0.00000      0.00000
     -4.15435      0.00000      0.00000      0.00000      0.00000      0.00000      0.00000
     -4.14435      0.00000      0.00000      0.00000      0.00000      0.00000      0.00000
     -4.13435      0.00000      0.00000      0.00000      0.00000      0.00000      0.00000
     -4.12435      0.00000      0.00000      0.00000      0.00000      0.00000      0.00000
     -4.11435      0.00000      0.00000      0.00000      0.00000      0.00000      0.00000
     -4.10435      0.00033      0.00002      0.00010      0.00002      0.00014      0.00005
     -4.09435      0.02935      0.00201      0.00839      0.00199      0.01252      0.00444
     -4.08435      0.94984      0.06500      0.27163      0.06447      0.40513      0.14362
     -4.07435     11.30671      0.77370      3.23346      0.76741      4.82254      1.70960
     -4.06435     49.51390      3.38818     14.15985      3.36060     21.11867      7.48660
     -4.05435     79.76709      5.45837     22.81158      5.41394     34.02226     12.06094
     -4.04435     47.27438      3.23493     13.51940      3.20860     20.16347      7.14798
     -4.03435     10.30703      0.70530      2.94758      0.69956      4.39615      1.55844
     -4.02435      0.82670      0.05657      0.23642      0.05611      0.35260      0.12500
     -4.01435      0.02439      0.00167      0.00698      0.00166      0.01040      0.00369
     -4.00435      0.00000      0.00000      0.00000      0.00000      0.00000      0.00000
     -3.99435      0.00000      0.00000      0.00000      0.00000      0.00000      0.00000
     -3.98435      0.00000      0.00000      0.00000      0.00000      0.00000      0.00000
     -3.97435      0.00000      0.00000      0.00000      0.00000      0.00000      0.00000
     -3.96435      0.00000      0.00000      0.00000      0.00000      0.00000      0.00000
     -3.95435      0.00000      0.00000      0.00000      0.00000      0.00000      0.00000
     -3.94435      0.00000      0.00000      0.00000      0.00000      0.00000      0.00000
     -3.93435      0.00000      0.00000      0.00000      0.00000      0.00000      0.00000
     -3.92435      0.01533      0.00101      0.00530      0.00111      0.00635      0.00156
     -3.91435      0.58214      0.03853      0.20114      0.04215      0.24105      0.05927
     -3.90435      8.13329      0.53836      2.81018      0.58889      3.36777      0.82810
     -3.89435     41.80346      2.76706     14.44376      3.02677     17.30963      4.25624
     -3.88435     79.04304      5.23203     27.31062      5.72309     32.72949      8.04781
     -3.87435     54.98200      3.63938     18.99715      3.98096     22.76649      5.59803
     -3.86435     14.06964      0.93130      4.86128      1.01871      5.82584      1.43251
     -3.85435      1.32450      0.08767      0.45763      0.09590      0.54844      0.13485
     -3.84435      0.04587      0.00304      0.01585      0.00332      0.01899      0.00467
     -3.83435      0.00058      0.00004      0.00020      0.00004      0.00024      0.00006
     -3.82435      0.00000      0.00000      0.00000      0.00000      0.00000      0.00000
     -3.81435      0.00000      0.00000      0.00000      0.00000      0.00000      0.00000
     -3.80435      0.00000      0.00000      0.00000      0.00000      0.00000      0.00000
     -3.79435      0.00000      0.00000      0.00000      0.00000      0.00000      0.00000
     -3.78435      0.00000      0.00000      0.00000      0.00000      0.00000      0.00000
     -3.77435      0.00000      0.00000      0.00000      0.00000      0.00000      0.00000
     -3.76435      0.00000      0.00000      0.00000      0.00000      0.00000      0.00000
     -3.75435      0.00000      0.00000      0.00000      0.00000      0.00000      0.00000
     -3.74435      0.00000      0.00000      0.00000      0.00000      0.00000      0.00000
     -3.73435      0.00000      0.00000      0.00000      0.00000      0.00000      0.00000
     -3.72435      0.00000      0.00000      0.00000      0.00000      0.00000      0.00000
     -3.71435      0.00000      0.00000      0.00000      0.00000      0.00000      0.00000
     -3.70435      0.00000      0.00000      0.00000      0.00000      0.00000      0.00000
     -3.69435      0.00000      0.00000      0.00000      0.00000      0.00000      0.00000
     -3.68435      0.00000      0.00000      0.00000      0.00000      0.00000      0.00000
     -3.67435      0.00000      0.00000      0.00000      0.00000      0.00000      0.00000
     -3.66435      0.00000      0.00000      0.00000      0.00000      0.00000      0.00000
     -3.65435      0.00000      0.00000      0.00000      0.00000      0.00000      0.00000
     -3.64435      0.00000      0.00000      0.00000      0.00000      0.00000      0.00000
     -3.63435      0.00000      0.00000      0.00000      0.00000      0.00000      0.00000
     -3.62435      0.00000      0.00000      0.00000      0.00000      0.00000      0.00000
     -3.61435      0.00000      0.00000      0.00000      0.00000      0.00000      0.00000
     -3.60435      0.00000      0.00000      0.00000      0.00000      0.00000      0.00000
     -3.59435      0.00000      0.00000      0.00000      0.00000      0.00000      0.00000
     -3.58435      0.00000      0.00000      0.00000      0.00000      0.00000      0.00000
     -3.57435      0.00000      0.00000      0.00000      0.00000      0.00000      0.00000
     -3.56435      0.00000      0.00000      0.00000      0.00000      0.00000      0.00000
     -3.55435      0.00000      0.00000      0.00000      0.00000      0.00000      0.00000
     -3.54435      0.00000      0.00000      0.00000      0.00000      0.00000      0.00000
     -3.53435      0.00000      0.00000      0.00000      0.00000      0.00000      0.00000
     -3.52435      0.00000      0.00000      0.00000      0.00000      0.00000      0.00000
     -3.51435      0.00000      0.00000      0.00000      0.00000      0.00000      0.00000
     -3.50435      0.00000      0.00000      0.00000      0.00000      0.00000      0.00000
     -3.49435      0.00000      0.00000      0.00000      0.00000      0.00000      0.00000
     -3.48435      0.00000      0.00000      0.00000      0.00000      0.00000      0.00000
     -3.47435      0.00000      0.00000      0.00000      0.00000      0.00000      0.00000
     -3.46435      0.00000      0.00000      0.00000      0.00000      0.00000      0.00000
     -3.45435      0.00000      0.00000      0.00000      0.00000      0.00000      0.00000
     -3.44435      0.00000      0.00000      0.00000      0.00000      0.00000      0.00000
     -3.43435      0.00000      0.00000      0.00000      0.00000      0.00000      0.00000
     -3.42435      0.00000      0.00000      0.00000      0.00000      0.00000      0.00000
     -3.41435      0.00000      0.00000      0.00000      0.00000      0.00000      0.00000
     -3.40435      0.00000      0.00000      0.00000      0.00000      0.00000      0.00000
     -3.39435      0.00000      0.00000      0.00000      0.00000      0.00000      0.00000
     -3.38435      0.00000      0.00000      0.00000      0.00000      0.00000      0.00000
     -3.37435      0.00000      0.00000      0.00000      0.00000      0.00000      0.00000
     -3.36435      0.00000      0.00000      0.00000      0.00000      0.00000      0.00000
     -3.35435      0.00000      0.00000      0.00000      0.00000      0.00000      0.00000
     -3.34435      0.00000      0.00000      0.00000      0.00000      0.00000      0.00000
     -3.33435      0.00000      0.00000      0.00000      0.00000      0.00000      0.00000
     -3.32435      0.00000      0.00000      0.00000      0.00000      0.00000      0.00000
     -3.31435      0.00000      0.00000      0.00000      0.00000      0.00000      0.00000
     -3.30435      0.00000      0.00000      0.00000      0.00000      0.00000      0.00000
     -3.29435      0.00000      0.00000      0.00000      0.00000      0.00000      0.00000
     -3.28435      0.00000      0.00000      0.00000      0.00000      0.00000      0.00000
     -3.27435      0.00000      0.00000      0.00000      0.00000      0.00000      0.00000
     -3.26435      0.00000      0.00000      0.00000      0.00000      0.00000      0.00000
     -3.25435      0.00000      0.00000      0.00000      0.00000      0.00000      0.00000
     -3.24435      0.00000      0.00000      0.00000      0.00000      0.00000      0.00000
     -3.23435      0.00000      0.00000      0.00000      0.00000      0.00000      0.00000
     -3.22435      0.00000      0.00000      0.00000      0.00000      0.00000      0.00000
     -3.21435      0.00000      0.00000      0.00000      0.00000      0.00000      0.00000
     -3.20435      0.00000      0.00000      0.00000      0.00000      0.00000      0.00000
     -3.19435      0.00000      0.00000      0.00000      0.00000      0.00000      0.00000
     -3.18435      0.00000      0.00000      0.00000      0.00000      0.00000      0.00000
     -3.17435      0.00000      0.00000      0.00000      0.00000      0.00000      0.00000
     -3.16435      0.00000      0.00000      0.00000      0.00000      0.00000      0.00000
     -3.15435      0.00000      0.00000      0.00000      0.00000      0.00000      0.00000
     -3.14435      0.00000      0.00000      0.00000      0.00000      0.00000      0.00000
     -3.13435      0.00000      0.00000      0.00000      0.00000      0.00000      0.00000
     -3.12435      0.00000      0.00000      0.00000      0.00000      0.00000      0.00000
     -3.11435      0.00000      0.00000      0.00000      0.00000      0.00000      0.00000
     -3.10435      0.00000      0.00000      0.00000      0.00000      0.00000      0.00000
     -3.09435      0.00000      0.00000      0.00000      0.00000      0.00000      0.00000
     -3.08435      0.00000      0.00000      0.00000      0.00000      0.00000      0.00000
     -3.07435      0.00000      0.00000      0.00000      0.00000      0.00000      0.00000
     -3.06435      0.00000      0.00000      0.00000      0.00000      0.00000      0.00000
     -3.05435      0.00000      0.00000      0.00000      0.00000      0.00000      0.00000
     -3.04435      0.00000      0.00000      0.00000      0.00000      0.00000      0.00000
     -3.03435      0.00000      0.00000      0.00000      0.00000      0.00000      0.00000
     -3.02435      0.00000      0.00000      0.00000      0.00000      0.00000      0.00000
     -3.01435      0.00000      0.00000      0.00000      0.00000      0.00000      0.00000
     -3.00435      0.00000      0.00000      0.00000      0.00000      0.00000      0.00000
     -2.99435      0.00000      0.00000      0.00000      0.00000      0.00000      0.00000
     -2.98435      0.00000      0.00000      0.00000      0.00000      0.00000      0.00000
     -2.97435      0.00000      0.00000      0.00000      0.00000      0.00000      0.00000
     -2.96435      0.00000      0.00000      0.00000      0.00000      0.00000      0.00000
     -2.95435      0.00000      0.00000      0.00000      0.00000      0.00000      0.00000
     -2.94435      0.00000      0.00000      0.00000      0.00000      0.00000      0.00000
     -2.93435      0.00000      0.00000      0.00000      0.00000      0.00000      0.00000
     -2.92435      0.01515      0.00016      0.00172      0.00636      0.00121      0.00570
     -2.91435      0.57690      0.00592      0.06547      0.24210      0.04623      0.21718
     -2.90435      8.08336      0.08301      0.91730      3.39228      0.64774      3.04303
     -2.89435     41.66662      0.42787      4.72832     17.48592      3.33887     15.68565
     -2.88435     79.01153      0.81136      8.96621     33.15817      6.33142     29.74436
     -2.87435     55.11859      0.56600      6.25485     23.13120      4.41681     20.74973
     -2.86435     14.14527      0.14526      1.60520      5.93624      1.13350      5.32507
     -2.85435      1.33546      0.01371      0.15155      0.56044      0.10701      0.50274
     -2.84435      0.04638      0.00048      0.00526      0.01946      0.00372      0.01746
     -2.83435      0.00059      0.00001      0.00007      0.00025      0.00005      0.00022
     -2.82435      0.00000      0.00000      0.00000      0.00000      0.00000      0.00000
     -2.81435      0.00000      0.00000      0.00000      0.00000      0.00000      0.00000
     -2.80435      0.00000      0.00000      0.00000      0.00000      0.00000      0.00000
     -2.79435      0.00000      0.00000      0.00000      0.00000      0.00000      0.00000
     -2.78435      0.00000      0.00000      0.00000      0.00000      0.00000      0.00000
     -2.77435      0.00000      0.00000      0.00000      0.00000      0.00000      0.00000
     -2.76435      0.00000      0.00000      0.00000      0.00000      0.00000      0.00000
     -2.75435      0.00000      0.00000      0.00000      0.00000      0.00000      0.00000
     -2.74435      0.00000      0.00000      0.00000      0.00000      0.00000      0.00000
     -2.73435      0.00000      0.00000      0.00000      0.00000      0.00000      0.00000
     -2.72435      0.00000      0.00000      0.00000      0.00000      0.00000      0.00000
     -2.71435      0.00000      0.00000      0.00000      0.00000      0.00000      0.00000
     -2.70435      0.00000      0.00000      0.00000      0.00000      0.00000      0.00000
     -2.69435      0.00000      0.00000      0.00000      0.00000      0.00000      0.00000
     -2.68435      0.00000      0.00000      0.00000      0.00000      0.00000      0.00000
     -2.67435      0.00000      0.00000      0.00000      0.00000      0.00000      0.00000
     -2.66435      0.00000      0.00000      0.00000      0.00000      0.00000      0.00000
     -2.65435      0.00000      0.00000      0.00000      0.00000      0.00000      0.00000
     -2.64435      0.00093      0.00001      0.00011      0.00057      0.00006      0.00018
     -2.63435      0.06644      0.00073      0.00808      0.04074      0.00410      0.01279
     -2.62435      1.74086      0.01906      0.21161      1.06755      0.10754      0.33510
     -2.61435     16.78090      0.18375      2.03983     10.29055      1.03661      3.23016
     -2.60435     59.50767      0.65160      7.23357     36.49186      3.67599     11.45465
     -2.59435     77.63116      0.85005      9.43661     47.60572      4.79554     14.94325
     -2.58435     37.25673      0.40796      4.52881     22.84693      2.30147      7.17156
     -2.57435      6.57777      0.07203      0.79957      4.03369      0.40633      1.26616
     -2.56435      0.42723      0.00468      0.05193      0.26199      0.02639      0.08224
     -2.55435      0.01021      0.00011      0.00124      0.00626      0.00063      0.00196
     -2.54435      0.00000      0.00000      0.00000      0.00000      0.00000      0.00000
     -2.53435      0.00000      0.00000      0.00000      0.00000      0.00000      0.00000
     -2.52435      0.00000      0.00000      0.00000      0.00000      0.00000      0.00000
     -2.51435      0.00000      0.00000      0.00000      0.00000      0.00000      0.00000
     -2.50435      0.00000      0.00000      0.00000      0.00000      0.00000      0.00000
     -2.49435      0.00000      0.00000      0.00000      0.00000      0.00000      0.00000
     -2.48435      0.00000      0.00000      0.00000      0.00000      0.00000      0.00000
     -2.47435      0.00000      0.00000      0.00000      0.00000      0.00000      0.00000
     -2.46435      0.00000      0.00000      0.00000      0.00000      0.00000      0.00000
     -2.45435      0.00000      0.00000      0.00000      0.00000      0.00000      0.00000
     -2.44435      0.00000      0.00000      0.00000      0.00000      0.00000      0.00000
     -2.43435      0.00000      0.00000      0.00000      0.00000      0.00000      0.00000
     -2.42435      0.00000      0.00000      0.00000      0.00000      0.00000      0.00000
     -2.41435      0.00000      0.00000      0.00000      0.00000      0.00000      0.00000
     -2.40435      0.00000      0.00000      0.00000      0.00000      0.00000      0.00000
     -2.39435      0.00000      0.00000      0.00000      0.00000      0.00000      0.00000
     -2.38435      0.00000      0.00000      0.00000      0.00000      0.00000      0.00000
     -2.37435      0.00000      0.00000      0.00000      0.00000      0.00000      0.00000
     -2.36435      0.00000      0.00000      0.00000      0.00000      0.00000      0.00000
     -2.35435      0.00000      0.00000      0.00000      0.00000      0.00000      0.00000
     -2.34435      0.00000      0.00000      0.00000      0.00000      0.00000      0.00000
     -2.33435      0.00000      0.00000      0.00000      0.00000      0.00000      0.00000
     -2.32435      0.00000      0.00000      0.00000      0.00000      0.00000      0.00000
     -2.31435      0.00000      0.00000      0.00000      0.00000      0.00000      0.00000
     -2.30435      0.00000      0.00000      0.00000      0.00000      0.00000      0.00000
     -2.29435      0.00000      0.00000      0.00000      0.00000      0.00000      0.00000
     -2.28435      0.00000      0.00000      0.00000      0.00000      0.00000      0.00000
     -2.27435      0.00000      0.00000      0.00000      0.00000      0.00000      0.00000
     -2.26435      0.00000      0.00000      0.00000      0.00000      0.00000      0.00000
     -2.25435      0.00000      0.00000      0.00000      0.00000      0.00000      0.00000
     -2.24435      0.00000      0.00000      0.00000      0.00000      0.00000      0.00000
     -2.23435      0.00000      0.00000      0.00000      0.00000      0.00000      0.00000
     -2.22435      0.00000      0.00000      0.00000      0.00000      0.00000      0.00000
     -2.21435      0.00000      0.00000      0.00000      0.00000      0.00000      0.00000
     -2.20435      0.00000      0.00000      0.00000      0.00000      0.00000      0.00000
     -2.19435      0.00000      0.00000      0.00000      0.00000      0.00000      0.00000
     -2.18435      0.00000      0.00000      0.00000      0.00000      0.00000      0.00000
     -2.17435      0.00000      0.00000      0.00000      0.00000      0.00000      0.00000
     -2.16435      0.00000      0.00000      0.00000      0.00000      0.00000      0.00000
     -2.15435      0.00000      0.00000      0.00000      0.00000      0.00000      0.00000
     -2.14435      0.00000      0.00000      0.00000      0.00000      0.00000      0.00000
     -2.13435      0.00000      0.00000      0.00000      0.00000      0.00000      0.00000
     -2.12435      0.00000      0.00000      0.00000      0.00000      0.00000      0.00000
     -2.11435      0.00000      0.00000      0.00000      0.00000      0.00000      0.00000
     -2.10435      0.00000      0.00000      0.00000      0.00000      0.00000      0.00000
     -2.09435      0.00000      0.00000      0.00000      0.00000      0.00000      0.00000
     -2.08435      0.00000      0.00000      0.00000      0.00000      0.00000      0.00000
     -2.07435      0.00000      0.00000      0.00000      0.00000      0.00000      0.00000
     -2.06435      0.00000      0.00000      0.00000      0.00000      0.00000      0.00000
     -2.05435      0.00000      0.00000      0.00000      0.00000      0.00000      0.00000
     -2.04435      0.00000      0.00000      0.00000      0.00000      0.00000      0.00000
     -2.03435      0.00000      0.00000      0.00000      0.00000      0.00000      0.00000
     -2.02435      0.00000      0.00000      0.00000      0.00000      0.00000      0.00000
     -2.01435      0.00000      0.00000      0.00000      0.00000      0.00000      0.00000
     -2.00435      0.00000      0.00000      0.00000      0.00000      0.00000      0.00000
     -1.99435      0.00000      0.00000      0.00000      0.00000      0.00000      0.00000
     -1.98435      0.00000      0.00000      0.00000      0.00000      0.00000      0.00000
     -1.97435      0.00000      0.00000      0.00000      0.00000      0.00000      0.00000
     -1.96435      0.00000      0.00000      0.00000      0.00000      0.00000      0.00000
     -1.95435      0.00000      0.00000      0.00000      0.00000      0.00000      0.00000
     -1.94435      0.00000      0.00000      0.00000      0.00000      0.00000      0.00000
     -1.93435      0.00000      0.00000      0.00000      0.00000      0.00000      0.00000
     -1.92435      0.00000      0.00000      0.00000      0.00000      0.00000      0.00000
     -1.91435      0.00000      0.00000      0.00000      0.00000      0.00000      0.00000
     -1.90435      0.00000      0.00000      0.00000      0.00000      0.00000      0.00000
     -1.89435      0.00000      0.00000      0.00000      0.00000      0.00000      0.00000
     -1.88435      0.00000      0.00000      0.00000      0.00000      0.00000      0.00000
     -1.87435      0.00000      0.00000      0.00000      0.00000      0.00000      0.00000
     -1.86435      0.00000      0.00000      0.00000      0.00000      0.00000      0.00000
     -1.85435      0.00000      0.00000      0.00000      0.00000      0.00000      0.00000
     -1.84435      0.00000      0.00000      0.00000      0.00000      0.00000      0.00000
     -1.83435      0.00000      0.00000      0.00000      0.00000      0.00000      0.00000
     -1.82435      0.00000      0.00000      0.00000      0.00000      0.00000      0.00000
     -1.81435      0.00000      0.00000      0.00000      0.00000      0.00000      0.00000
     -1.80435      0.00000      0.00000      0.00000      0.00000      0.00000      0.00000
     -1.79435      0.00000      0.00000      0.00000      0.00000      0.00000      0.00000
     -1.78435      0.00000      0.00000      0.00000      0.00000      0.00000      0.00000
     -1.77435      0.00000      0.00000      0.00000      0.00000      0.00000      0.00000
     -1.76435      0.00000      0.00000      0.00000      0.00000      0.00000      0.00000
     -1.75435      0.00000      0.00000      0.00000      0.00000      0.00000      0.00000
     -1.74435      0.00000      0.00000      0.00000      0.00000      0.00000      0.00000
     -1.73435      0.00000      0.00000      0.00000      0.00000      0.00000      0.00000
     -1.72435      0.00000      0.00000      0.00000      0.00000      0.00000      0.00000
     -1.71435      0.00000      0.00000      0.00000      0.00000      0.00000      0.00000
     -1.70435      0.00000      0.00000      0.00000      0.00000      0.00000      0.00000
     -1.69435      0.00000      0.00000      0.00000      0.00000      0.00000      0.00000
     -1.68435      0.00000      0.00000      0.00000      0.00000      0.00000      0.00000
     -1.67435      0.00000      0.00000      0.00000      0.00000      0.00000      0.00000
     -1.66435      0.00000      0.00000      0.00000      0.00000      0.00000      0.00000
     -1.65435      0.00000      0.00000      0.00000      0.00000      0.00000      0.00000
     -1.64435      0.00000      0.00000      0.00000      0.00000      0.00000      0.00000
     -1.63435      0.00000      0.00000      0.00000      0.00000      0.00000      0.00000
     -1.62435      0.00071      0.00010      0.00008      0.00044      0.00003      0.00006
     -1.61435      0.05328      0.00744      0.00588      0.03290      0.00261      0.00444
     -1.60435      1.47961      0.20671      0.16343      0.91358      0.07257      0.12333
     -1.59435     15.11697      2.11188      1.66974      9.33392      0.74143      1.26000
     -1.58435     56.81827      7.93766      6.27584     35.08224      2.78673      4.73581
     -1.57435     78.56277     10.97542      8.67761     48.50830      3.85322      6.54821
     -1.56435     39.96235      5.58284      4.41402     24.67461      1.96001      3.33087
     -1.55435      7.47809      1.04471      0.82599      4.61732      0.36677      0.62330
     -1.54435      0.51480      0.07192      0.05686      0.31786      0.02525      0.04291
     -1.53435      0.01304      0.00182      0.00144      0.00805      0.00064      0.00109
     -1.52435      0.00000      0.00000      0.00000      0.00000      0.00000      0.00000
     -1.51435      0.00000      0.00000      0.00000      0.00000      0.00000      0.00000
     -1.50435      0.00000      0.00000      0.00000      0.00000      0.00000      0.00000
     -1.49435      0.00000      0.00000      0.00000      0.00000      0.00000      0.00000
     -1.48435      0.00000      0.00000      0.00000      0.00000      0.00000      0.00000
     -1.47435      0.00000      0.00000      0.00000      0.00000      0.00000      0.00000
     -1.46435      0.00000      0.00000      0.00000      0.00000      0.00000      0.00000
     -1.45435      0.00000      0.00000      0.00000      0.00000      0.00000      0.00000
     -1.44435      0.00000      0.00000      0.00000      0.00000      0.00000      0.00000
     -1.43435      0.00000      0.00000      0.00000      0.00000      0.00000      0.00000
     -1.42435      0.00000      0.00000      0.00000      0.00000      0.00000      0.00000
     -1.41435      0.00000      0.00000      0.00000      0.00000      0.00000      0.00000
     -1.40435      0.00000      0.00000      0.00000      0.00000      0.00000      0.00000
     -1.39435      0.00000      0.00000      0.00000      0.00000      0.00000      0.00000
     -1.38435      0.00000      0.00000      0.00000      0.00000      0.00000      0.00000
     -1.37435      0.00000      0.00000      0.00000      0.00000      0.00000      0.00000
     -1.36435      0.00000      0.00000      0.00000      0.00000      0.00000      0.00000
     -1.35435      0.00000      0.00000      0.00000      0.00000      0.00000      0.00000
     -1.34435      0.00000      0.00000      0.00000      0.00000      0.00000      0.00000
     -1.33435      0.00000      0.00000      0.00000      0.00000      0.00000      0.00000
     -1.32435      0.00000      0.00000      0.00000      0.00000      0.00000      0.00000
     -1.31435      0.00000      0.00000      0.00000      0.00000      0.00000      0.00000
     -1.30435      0.00000      0.00000      0.00000      0.00000      0.00000      0.00000
     -1.29435      0.00000      0.00000      0.00000      0.00000      0.00000      0.00000
     -1.28435      0.00000      0.00000      0.00000      0.00000      0.00000      0.00000
     -1.27435      0.00000      0.00000      0.00000      0.00000      0.00000      0.00000
     -1.26435      0.00000      0.00000      0.00000      0.00000      0.00000      0.00000
     -1.25435      0.00000      0.00000      0.00000      0.00000      0.00000      0.00000
     -1.24435      0.00000      0.00000      0.00000      0.00000      0.00000      0.00000
     -1.23435      0.00000      0.00000      0.00000      0.00000      0.00000      0.00000
     -1.22435      0.00000      0.00000      0.00000      0.00000      0.00000      0.00000
     -1.21435      0.00000      0.00000      0.00000      0.00000      0.00000      0.00000
     -1.20435      0.00000      0.00000      0.00000      0.00000      0.00000      0.00000
     -1.19435      0.00000      0.00000      0.00000      0.00000      0.00000      0.00000
     -1.18435      0.00000      0.00000      0.00000      0.00000      0.00000      0.00000
     -1.17435      0.00000      0.00000      0.00000      0.00000      0.00000      0.00000
     -1.16435      0.00000      0.00000      0.00000      0.00000      0.00000      0.00000
     -1.15435      0.00000      0.00000      0.00000      0.00000      0.00000      0.00000
     -1.14435      0.00000      0.00000      0.00000      0.00000      0.00000      0.00000
     -1.13435      0.00000      0.00000      0.00000      0.00000      0.00000      0.00000
     -1.12435      0.00000      0.00000      0.00000      0.00000      0.00000      0.00000
     -1.11435      0.00000      0.00000      0.00000      0.00000      0.00000      0.00000
     -1.10435      0.00000      0.00000      0.00000      0.00000      0.00000      0.00000
     -1.09435      0.00000      0.00000      0.00000      0.00000      0.00000      0.00000
     -1.08435      0.00000      0.00000      0.00000      0.00000      0.00000      0.00000
     -1.07435      0.00000      0.00000      0.00000      0.00000      0.00000      0.00000
     -1.06435      0.00000      0.00000      0.00000      0.00000      0.00000      0.00000
     -1.05435      0.00000      0.00000      0.00000      0.00000      0.00000      0.00000
     -1.04435      0.00000      0.00000      0.00000      0.00000      0.00000      0.00000
     -1.03435      0.00000      0.00000      0.00000      0.00000      0.00000      0.00000
     -1.02435      0.00000      0.00000      0.00000      0.00000      0.00000      0.00000
     -1.01435      0.00000      0.00000      0.00000      0.00000      0.00000      0.00000
     -1.00435      0.00000      0.00000      0.00000      0.00000      0.00000      0.00000
     -0.99435      0.00000      0.00000      0.00000      0.00000      0.00000      0.00000
     -0.98435      0.00000      0.00000      0.00000      0.00000      0.00000      0.00000
     -0.97435      0.00000      0.00000      0.00000      0.00000      0.00000      0.00000
     -0.96435      0.00000      0.00000      0.00000      0.00000      0.00000      0.00000
     -0.95435      0.00000      0.00000      0.00000      0.00000      0.00000      0.00000
     -0.94435      0.00000      0.00000      0.00000      0.00000      0.00000      0.00000
     -0.93435      0.00000      0.00000      0.00000      0.00000      0.00000      0.00000
     -0.92435      0.00000      0.00000      0.00000      0.00000      0.00000      0.00000
     -0.91435      0.00680      0.00428      0.00089      0.00079      0.00038      0.00046
     -0.90435      0.31288      0.19698      0.04106      0.03616      0.01767      0.02100
     -0.89435      5.29685      3.33484      0.69519      0.61223      0.29914      0.35546
     -0.88435     32.98904     20.76954      4.32967      3.81297      1.86303      2.21383
     -0.87435     75.58349     47.58654      9.92000      8.73615      4.26852      5.07227
     -0.86435     63.70736     40.10946      8.36131      7.36347      3.59783      4.27528
     -0.85435     19.75413     12.43698      2.59264      2.28324      1.11560      1.32566
     -0.84435      2.25337      1.41869      0.29574      0.26045      0.12726      0.15122
     -0.83435      0.09456      0.05953      0.01241      0.01093      0.00534      0.00635
     -0.82435      0.00146      0.00092      0.00019      0.00017      0.00008      0.00010
     -0.81435      0.00000      0.00000      0.00000      0.00000      0.00000      0.00000
     -0.80435      0.00000      0.00000      0.00000      0.00000      0.00000      0.00000
     -0.79435      0.00000      0.00000      0.00000      0.00000      0.00000      0.00000
     -0.78435      0.00000      0.00000      0.00000      0.00000      0.00000      0.00000
     -0.77435      0.00000      0.00000      0.00000      0.00000      0.00000      0.00000
     -0.76435      0.00000      0.00000      0.00000      0.00000      0.00000      0.00000
     -0.75435      0.00000      0.00000      0.00000      0.00000      0.00000      0.00000
     -0.74435      0.00000      0.00000      0.00000      0.00000      0.00000      0.00000
     -0.73435      0.00000      0.00000      0.00000      0.00000      0.00000      0.00000
     -0.72435      0.00000      0.00000      0.00000      0.00000      0.00000      0.00000
     -0.71435      0.00000      0.00000      0.00000      0.00000      0.00000      0.00000
     -0.70435      0.00000      0.00000      0.00000      0.00000      0.00000      0.00000
     -0.69435      0.00000      0.00000      0.00000      0.00000      0.00000      0.00000
     -0.68435      0.00000      0.00000      0.00000      0.00000      0.00000      0.00000
     -0.67435      0.00000      0.00000      0.00000      0.00000      0.00000      0.00000
     -0.66435      0.00000      0.00000      0.00000      0.00000      0.00000      0.00000
     -0.65435      0.00000      0.00000      0.00000      0.00000      0.00000      0.00000
     -0.64435      0.00000      0.00000      0.00000      0.00000      0.00000      0.00000
     -0.63435      0.00000      0.00000      0.00000      0.00000      0.00000      0.00000
     -0.62435      0.00000      0.00000      0.00000      0.00000      0.00000      0.00000
     -0.61435      0.00000      0.00000      0.00000      0.00000      0.00000      0.00000
     -0.60435      0.00000      0.00000      0.00000      0.00000      0.00000      0.00000
     -0.59435      0.00000      0.00000      0.00000      0.00000      0.00000      0.00000
     -0.58435      0.00000      0.00000      0.00000      0.00000      0.00000      0.00000
     -0.57435      0.00000      0.00000      0.00000      0.00000      0.00000      0.00000
     -0.56435      0.00000      0.00000      0.00000      0.00000      0.00000      0.00000
     -0.55435      0.00000      0.00000      0.00000      0.00000      0.00000      0.00000
     -0.54435      0.00000      0.00000      0.00000      0.00000      0.00000      0.00000
     -0.53435      0.00000      0.00000      0.00000      0.00000      0.00000      0.00000
     -0.52435      0.00000      0.00000      0.00000      0.00000      0.00000      0.00000
     -0.51435      0.00000      0.00000      0.00000      0.00000      0.00000      0.00000
     -0.50435      0.00000      0.00000      0.00000      0.00000      0.00000      0.00000
     -0.49435      0.00000      0.00000      0.00000      0.00000      0.00000      0.00000
     -0.48435      0.00000      0.00000      0.00000      0.00000      0.00000      0.00000
     -0.47435      0.00000      0.00000      0.00000      0.00000      0.00000      0.00000
     -0.46435      0.00000      0.00000      0.00000      0.00000      0.00000      0.00000
     -0.45435      0.00000      0.00000      0.00000      0.00000      0.00000      0.00000
     -0.44435      0.00000      0.00000      0.00000      0.00000      0.00000      0.00000
     -0.43435      0.00000      0.00000      0.00000      0.00000      0.00000      0.00000
     -0.42435      0.00000      0.00000      0.00000      0.00000      0.00000      0.00000
     -0.41435      0.00000      0.00000      0.00000      0.00000      0.00000      0.00000
     -0.40435      0.00000      0.00000      0.00000      0.00000      0.00000      0.00000
     -0.39435      0.00000      0.00000      0.00000      0.00000      0.00000      0.00000
     -0.38435      0.00000      0.00000      0.00000      0.00000      0.00000      0.00000
     -0.37435      0.00000      0.00000      0.00000      0.00000      0.00000      0.00000
     -0.36435      0.00000      0.00000      0.00000      0.00000      0.00000      0.00000
     -0.35435      0.00000      0.00000      0.00000      0.00000      0.00000      0.00000
     -0.34435      0.00000      0.00000      0.00000      0.00000      0.00000      0.00000
     -0.33435      0.00000      0.00000      0.00000      0.00000      0.00000      0.00000
     -0.32435      0.00000      0.00000      0.00000      0.00000      0.00000      0.00000
     -0.31435      0.00000      0.00000      0.00000      0.00000      0.00000      0.00000
     -0.30435      0.00000      0.00000      0.00000      0.00000      0.00000      0.00000
     -0.29435      0.00000      0.00000      0.00000      0.00000      0.00000      0.00000
     -0.28435      0.00000      0.00000      0.00000      0.00000      0.00000      0.00000
     -0.27435      0.00000      0.00000      0.00000      0.00000      0.00000      0.00000
     -0.26435      0.00000      0.00000      0.00000      0.00000      0.00000      0.00000
     -0.25435      0.00000      0.00000      0.00000      0.00000      0.00000      0.00000
     -0.24435      0.00000      0.00000      0.00000      0.00000      0.00000      0.00000
     -0.23435      0.00000      0.00000      0.00000      0.00000      0.00000      0.00000
     -0.22435      0.00000      0.00000      0.00000      0.00000      0.00000      0.00000
     -0.21435      0.00000      0.00000      0.00000      0.00000      0.00000      0.00000
     -0.20435      0.00000      0.00000      0.00000      0.00000      0.00000      0.00000
     -0.19435      0.00000      0.00000      0.00000      0.00000      0.00000      0.00000
     -0.18435      0.00000      0.00000      0.00000      0.00000      0.00000      0.00000
     -0.17435      0.00000      0.00000      0.00000      0.00000      0.00000      0.00000
     -0.16435      0.00000      0.00000      0.00000      0.00000      0.00000      0.00000
     -0.15435      0.00000      0.00000      0.00000      0.00000      0.00000      0.00000
     -0.14435      0.00000      0.00000      0.00000      0.00000      0.00000      0.00000
     -0.13435      0.00000      0.00000      0.00000      0.00000      0.00000      0.00000
     -0.12435      0.00000      0.00000      0.00000      0.00000      0.00000      0.00000
     -0.11435      0.00000      0.00000      0.00000      0.00000      0.00000      0.00000
     -0.10435      0.00000      0.00000      0.00000      0.00000      0.00000      0.00000
     -0.09435      0.00000      0.00000      0.00000      0.00000      0.00000      0.00000
     -0.08435      0.00000      0.00000      0.00000      0.00000      0.00000      0.00000
     -0.07435      0.00000      0.00000      0.00000      0.00000      0.00000      0.00000
     -0.06435      0.00000      0.00000      0.00000      0.00000      0.00000      0.00000
     -0.05435      0.00000      0.00000      0.00000      0.00000      0.00000      0.00000
     -0.04435      0.00428      0.00007      0.00029      0.00011      0.00020      0.00362
     -0.03435      0.21895      0.00341      0.01475      0.00548      0.01025      0.18507
     -0.02435      4.11942      0.06408      0.27751      0.10301      0.19288      3.48194
     -0.01435     28.51196      0.44353      1.92074      0.71295      1.33501     24.09973
     -0.00435     72.59784      1.12932      4.89063      1.81534      3.39923     61.36332
      0.00565     68.00266      1.05784      4.58107      1.70044      3.18407     57.47925
      0.01565     23.43331      0.36452      1.57861      0.58596      1.09721     19.80700
      0.02565      2.97062      0.04621      0.20012      0.07428      0.13909      2.51092
      0.03565      0.13854      0.00216      0.00933      0.00346      0.00649      0.11710
      0.04565      0.00238      0.00004      0.00016      0.00006      0.00011      0.00201
      0.05565      0.00000      0.00000      0.00000      0.00000      0.00000      0.00000
      0.06565      0.00000      0.00000      0.00000      0.00000      0.00000      0.00000
      0.07565      0.00000      0.00000      0.00000      0.00000      0.00000      0.00000
      0.08565      0.00000      0.00000      0.00000      0.00000      0.00000      0.00000
      0.09565      0.00000      0.00000      0.00000      0.00000      0.00000      0.00000
      0.10565      0.00000      0.00000      0.00000      0.00000      0.00000      0.00000
      0.11565      0.00000      0.00000      0.00000      0.00000      0.00000      0.00000
      0.12565      0.00000      0.00000      0.00000      0.00000      0.00000      0.00000
      0.13565      0.00000      0.00000      0.00000      0.00000      0.00000      0.00000
      0.14565      0.00000      0.00000      0.00000      0.00000      0.00000      0.00000
      0.15565      0.00000      0.00000      0.00000      0.00000      0.00000      0.00000
      0.16565      0.00000      0.00000      0.00000      0.00000      0.00000      0.00000
      0.17565      0.00000      0.00000      0.00000      0.00000      0.00000      0.00000
      0.18565      0.00000      0.00000      0.00000      0.00000      0.00000      0.00000
      0.19565      0.00000      0.00000      0.00000      0.00000      0.00000      0.00000
      0.20565      0.00000      0.00000      0.00000      0.00000      0.00000      0.00000
      0.21565      0.00000      0.00000      0.00000      0.00000      0.00000      0.00000
      0.22565      0.00000      0.00000      0.00000      0.00000      0.00000      0.00000
      0.23565      0.00000      0.00000      0.00000      0.00000      0.00000      0.00000
      0.24565      0.00000      0.00000      0.00000      0.00000      0.00000      0.00000
      0.25565      0.00000      0.00000      0.00000      0.00000      0.00000      0.00000
      0.26565      0.00000      0.00000      0.00000      0.00000      0.00000      0.00000
      0.27565      0.00000      0.00000      0.00000      0.00000      0.00000      0.00000
      0.28565      0.00000      0.00000      0.00000      0.00000      0.00000      0.00000
      0.29565      0.00000      0.00000      0.00000      0.00000      0.00000      0.00000
      0.30565      0.00000      0.00000      0.00000      0.00000      0.00000      0.00000
      0.31565      0.00000      0.00000      0.00000      0.00000      0.00000      0.00000
      0.32565      0.00000      0.00000      0.00000      0.00000      0.00000      0.00000
      0.33565      0.00000      0.00000      0.00000      0.00000      0.00000      0.00000
      0.34565      0.00000      0.00000      0.00000      0.00000      0.00000      0.00000
      0.35565      0.00000      0.00000      0.00000      0.00000      0.00000      0.00000
      0.36565      0.00000      0.00000      0.00000      0.00000      0.00000      0.00000
      0.37565      0.00000      0.00000      0.00000      0.00000      0.00000      0.00000
      0.38565      0.00000      0.00000      0.00000      0.00000      0.00000      0.00000
      0.39565      0.00000      0.00000      0.00000      0.00000      0.00000      0.00000
      0.40565      0.00000      0.00000      0.00000      0.00000      0.00000      0.00000
      0.41565      0.00000      0.00000      0.00000      0.00000      0.00000      0.00000
      0.42565      0.00000      0.00000      0.00000      0.00000      0.00000      0.00000
      0.43565      0.00000      0.00000      0.00000      0.00000      0.00000      0.00000
      0.44565      0.00000      0.00000      0.00000      0.00000      0.00000      0.00000
      0.45565      0.00000      0.00000      0.00000      0.00000      0.00000      0.00000
      0.46565      0.00000      0.00000      0.00000      0.00000      0.00000      0.00000
      0.47565      0.00000      0.00000      0.00000      0.00000      0.00000      0.00000
      0.48565      0.00000      0.00000      0.00000      0.00000      0.00000      0.00000
      0.49565      0.00000      0.00000      0.00000      0.00000      0.00000      0.00000
      0.50565      0.00000      0.00000      0.00000      0.00000      0.00000      0.00000
      0.51565      0.00000      0.00000      0.00000      0.00000      0.00000      0.00000
      0.52565      0.00000      0.00000      0.00000      0.00000      0.00000      0.00000
      0.53565      0.00000      0.00000      0.00000      0.00000      0.00000      0.00000
      0.54565      0.00000      0.00000      0.00000      0.00000      0.00000      0.00000
      0.55565      0.00000      0.00000      0.00000      0.00000      0.00000      0.00000
      0.56565      0.00000      0.00000      0.00000      0.00000      0.00000      0.00000
      0.57565      0.00000      0.00000      0.00000      0.00000      0.00000      0.00000
      0.58565      0.00000      0.00000      0.00000      0.00000      0.00000      0.00000
      0.59565      0.00000      0.00000      0.00000      0.00000      0.00000      0.00000
      0.60565      0.00000      0.00000      0.00000      0.00000      0.00000      0.00000
      0.61565      0.00000      0.00000      0.00000      0.00000      0.00000      0.00000
      0.62565      0.00000      0.00000      0.00000      0.00000      0.00000      0.00000
      0.63565      0.00000      0.00000      0.00000      0.00000      0.00000      0.00000
      0.64565      0.00000      0.00000      0.00000      0.00000      0.00000      0.00000
      0.65565      0.00000      0.00000      0.00000      0.00000      0.00000      0.00000
      0.66565      0.00000      0.00000      0.00000      0.00000      0.00000      0.00000
      0.67565      0.00000      0.00000      0.00000      0.00000      0.00000      0.00000
      0.68565      0.00000      0.00000      0.00000      0.00000      0.00000      0.00000
      0.69565      0.00000      0.00000      0.00000      0.00000      0.00000      0.00000
      0.70565      0.00000      0.00000      0.00000      0.00000      0.00000      0.00000
      0.71565      0.00000      0.00000      0.00000      0.00000      0.00000      0.00000
      0.72565      0.00000      0.00000      0.00000      0.00000      0.00000      0.00000
      0.73565      0.00000      0.00000      0.00000      0.00000      0.00000      0.00000
      0.74565      0.00000      0.00000      0.00000      0.00000      0.00000      0.00000
      0.75565      0.00000      0.00000      0.00000      0.00000      0.00000      0.00000
      0.76565      0.00000      0.00000      0.00000      0.00000      0.00000      0.00000
      0.77565      0.00000      0.00000      0.00000      0.00000      0.00000      0.00000
      0.78565      0.00000      0.00000      0.00000      0.00000      0.00000      0.00000
      0.79565      0.00000      0.00000      0.00000      0.00000      0.00000      0.00000
      0.80565      0.00000      0.00000      0.00000      0.00000      0.00000      0.00000
      0.81565      0.00000      0.00000      0.00000      0.00000      0.00000      0.00000
      0.82565      0.00000      0.00000      0.00000      0.00000      0.00000      0.00000
      0.83565      0.00000      0.00000      0.00000      0.00000      0.00000      0.00000
      0.84565      0.00000      0.00000      0.00000      0.00000      0.00000      0.00000
      0.85565      0.00000      0.00000      0.00000      0.00000      0.00000      0.00000
      0.86565      0.00000      0.00000      0.00000      0.00000      0.00000      0.00000
      0.87565      0.00000      0.00000      0.00000      0.00000      0.00000      0.00000
      0.88565      0.00000      0.00000      0.00000      0.00000      0.00000      0.00000
      0.89565      0.00000      0.00000      0.00000      0.00000      0.00000      0.00000
      0.90565      0.00000      0.00000      0.00000      0.00000      0.00000      0.00000
      0.91565      0.00000      0.00000      0.00000      0.00000      0.00000      0.00000
      0.92565      0.00000      0.00000      0.00000      0.00000      0.00000      0.00000
      0.93565      0.00000      0.00000      0.00000      0.00000      0.00000      0.00000
      0.94565      0.00000      0.00000      0.00000      0.00000      0.00000      0.00000
      0.95565      0.00000      0.00000      0.00000      0.00000      0.00000      0.00000
      0.96565      0.00000      0.00000      0.00000      0.00000      0.00000      0.00000
      0.97565      0.00000      0.00000      0.00000      0.00000      0.00000      0.00000
      0.98565      0.00000      0.00000      0.00000      0.00000      0.00000      0.00000
      0.99565      0.00000      0.00000      0.00000      0.00000      0.00000      0.00000
      1.00565      0.00000      0.00000      0.00000      0.00000      0.00000      0.00000
      1.01565      0.00000      0.00000      0.00000      0.00000      0.00000      0.00000
      1.02565      0.00000      0.00000      0.00000      0.00000      0.00000      0.00000
      1.03565      0.00000      0.00000      0.00000      0.00000      0.00000      0.00000
      1.04565      0.00000      0.00000      0.00000      0.00000      0.00000      0.00000
      1.05565      0.00000      0.00000      0.00000      0.00000      0.00000      0.00000
      1.06565      0.00000      0.00000      0.00000      0.00000      0.00000      0.00000
      1.07565      0.00000      0.00000      0.00000      0.00000      0.00000      0.00000
      1.08565      0.00000      0.00000      0.00000      0.00000      0.00000      0.00000
      1.09565      0.00000      0.00000      0.00000      0.00000      0.00000      0.00000
      1.10565      0.00000      0.00000      0.00000      0.00000      0.00000      0.00000
      1.11565      0.00000      0.00000      0.00000      0.00000      0.00000      0.00000
      1.12565      0.00000      0.00000      0.00000      0.00000      0.00000      0.00000
      1.13565      0.00000      0.00000      0.00000      0.00000      0.00000      0.00000
      1.14565      0.00000      0.00000      0.00000      0.00000      0.00000      0.00000
      1.15565      0.00000      0.00000      0.00000      0.00000      0.00000      0.00000
      1.16565      0.00000      0.00000      0.00000      0.00000      0.00000      0.00000
      1.17565      0.00000      0.00000      0.00000      0.00000      0.00000      0.00000
      1.18565      0.00000      0.00000      0.00000      0.00000      0.00000      0.00000
      1.19565      0.00000      0.00000      0.00000      0.00000      0.00000      0.00000
      1.20565      0.00000      0.00000      0.00000      0.00000      0.00000      0.00000
      1.21565      0.00000      0.00000      0.00000      0.00000      0.00000      0.00000
      1.22565      0.00000      0.00000      0.00000      0.00000      0.00000      0.00000
      1.23565      0.00000      0.00000      0.00000      0.00000      0.00000      0.00000
      1.24565      0.00000      0.00000      0.00000      0.00000      0.00000      0.00000
      1.25565      0.00000      0.00000      0.00000      0.00000      0.00000      0.00000
      1.26565      0.00000      0.00000      0.00000      0.00000      0.00000      0.00000
      1.27565      0.00000      0.00000      0.00000      0.00000      0.00000      0.00000
      1.28565      0.00000      0.00000      0.00000      0.00000      0.00000      0.00000
      1.29565      0.00000      0.00000      0.00000      0.00000      0.00000      0.00000
      1.30565      0.00000      0.00000      0.00000      0.00000      0.00000      0.00000
      1.31565      0.00000      0.00000      0.00000      0.00000      0.00000      0.00000
      1.32565      0.00000      0.00000      0.00000      0.00000      0.00000      0.00000
      1.33565      0.00000      0.00000      0.00000      0.00000      0.00000      0.00000
      1.34565      0.00000      0.00000      0.00000      0.00000      0.00000      0.00000
      1.35565      0.00000      0.00000      0.00000      0.00000      0.00000      0.00000
      1.36565      0.00000      0.00000      0.00000      0.00000      0.00000      0.00000
      1.37565      0.00000      0.00000      0.00000      0.00000      0.00000      0.00000
      1.38565      0.00000      0.00000      0.00000      0.00000      0.00000      0.00000
      1.39565      0.00000      0.00000      0.00000      0.00000      0.00000      0.00000
      1.40565      0.00000      0.00000      0.00000      0.00000      0.00000      0.00000
      1.41565      0.00000      0.00000      0.00000      0.00000      0.00000      0.00000
      1.42565      0.00000      0.00000      0.00000      0.00000      0.00000      0.00000
      1.43565      0.00000      0.00000      0.00000      0.00000      0.00000      0.00000
      1.44565      0.00000      0.00000      0.00000      0.00000      0.00000      0.00000
      1.45565      0.00000      0.00000      0.00000      0.00000      0.00000      0.00000
      1.46565      0.00000      0.00000      0.00000      0.00000      0.00000      0.00000
      1.47565      0.00000      0.00000      0.00000      0.00000      0.00000      0.00000
      1.48565      0.00000      0.00000      0.00000      0.00000      0.00000      0.00000
      1.49565      0.00000      0.00000      0.00000      0.00000      0.00000      0.00000
      1.50565      0.00000      0.00000      0.00000      0.00000      0.00000      0.00000
      1.51565      0.00000      0.00000      0.00000      0.00000      0.00000      0.00000
      1.52565      0.00000      0.00000      0.00000      0.00000      0.00000      0.00000
      1.53565      0.00000      0.00000      0.00000      0.00000      0.00000      0.00000
      1.54565      0.00000      0.00000      0.00000      0.00000      0.00000      0.00000
      1.55565      0.00000      0.00000      0.00000      0.00000      0.00000      0.00000
      1.56565      0.00000      0.00000      0.00000      0.00000      0.00000      0.00000
      1.57565      0.00000      0.00000      0.00000      0.00000      0.00000      0.00000
      1.58565      0.00000      0.00000      0.00000      0.00000      0.00000      0.00000
      1.59565      0.00000      0.00000      0.00000      0.00000      0.00000      0.00000
      1.60565      0.00000      0.00000      0.00000      0.00000      0.00000      0.00000
      1.61565      0.00000      0.00000      0.00000      0.00000      0.00000      0.00000
      1.62565      0.00000      0.00000      0.00000      0.00000      0.00000      0.00000
      1.63565      0.00000      0.00000      0.00000      0.00000      0.00000      0.00000
      1.64565      0.00000      0.00000      0.00000      0.00000      0.00000      0.00000
      1.65565      0.00000      0.00000      0.00000      0.00000      0.00000      0.00000
      1.66565      0.00000      0.00000      0.00000      0.00000      0.00000      0.00000
      1.67565      0.00000      0.00000      0.00000      0.00000      0.00000      0.00000
      1.68565      0.00000      0.00000      0.00000      0.00000      0.00000      0.00000
      1.69565      0.00000      0.00000      0.00000      0.00000      0.00000      0.00000
      1.70565      0.00000      0.00000      0.00000      0.00000      0.00000      0.00000
      1.71565      0.00000      0.00000      0.00000      0.00000      0.00000      0.00000
      1.72565      0.00000      0.00000      0.00000      0.00000      0.00000      0.00000
      1.73565      0.00000      0.00000      0.00000      0.00000      0.00000      0.00000
      1.74565      0.00000      0.00000      0.00000      0.00000      0.00000      0.00000
      1.75565      0.00000      0.00000      0.00000      0.00000      0.00000      0.00000
      1.76565      0.00000      0.00000      0.00000      0.00000      0.00000      0.00000
      1.77565      0.00000      0.00000      0.00000      0.00000      0.00000      0.00000
      1.78565      0.00000      0.00000      0.00000      0.00000      0.00000      0.00000
      1.79565      0.00000      0.00000      0.00000      0.00000      0.00000      0.00000
      1.80565      0.00000      0.00000      0.00000      0.00000      0.00000      0.00000
      1.81565      0.00000      0.00000      0.00000      0.00000      0.00000      0.00000
      1.82565      0.00000      0.00000      0.00000      0.00000      0.00000      0.00000
      1.83565      0.00000      0.00000      0.00000      0.00000      0.00000      0.00000
      1.84565      0.00000      0.00000      0.00000      0.00000      0.00000      0.00000
      1.85565      0.00000      0.00000      0.00000      0.00000      0.00000      0.00000
      1.86565      0.00000      0.00000      0.00000      0.00000      0.00000      0.00000
      1.87565      0.00000      0.00000      0.00000      0.00000      0.00000      0.00000
      1.88565      0.00000      0.00000      0.00000      0.00000      0.00000      0.00000
      1.89565      0.00000      0.00000      0.00000      0.00000      0.00000      0.00000
      1.90565      0.00000      0.00000      0.00000      0.00000      0.00000      0.00000
      1.91565      0.00000      0.00000      0.00000      0.00000      0.00000      0.00000
      1.92565      0.00000      0.00000      0.00000      0.00000      0.00000      0.00000
      1.93565      0.00000      0.00000      0.00000      0.00000      0.00000      0.00000
      1.94565      0.00000      0.00000      0.00000      0.00000      0.00000      0.00000
      1.95565      0.00000      0.00000      0.00000      0.00000      0.00000      0.00000
      1.96565      0.00000      0.00000      0.00000      0.00000      0.00000      0.00000
      1.97565      0.00000      0.00000      0.00000      0.00000      0.00000      0.00000
      1.98565      0.00000      0.00000      0.00000      0.00000      0.00000      0.00000
      1.99565      0.00000      0.00000      0.00000      0.00000      0.00000      0.00000
      2.00565      0.00000      0.00000      0.00000      0.00000      0.00000      0.00000
      2.01565      0.00000      0.00000      0.00000      0.00000      0.00000      0.00000
      2.02565      0.00000      0.00000      0.00000      0.00000      0.00000      0.00000
      2.03565      0.00000      0.00000      0.00000      0.00000      0.00000      0.00000
      2.04565      0.00000      0.00000      0.00000      0.00000      0.00000      0.00000
      2.05565      0.00000      0.00000      0.00000      0.00000      0.00000      0.00000
      2.06565      0.00000      0.00000      0.00000      0.00000      0.00000      0.00000
      2.07565      0.00000      0.00000      0.00000      0.00000      0.00000      0.00000
      2.08565      0.00000      0.00000      0.00000      0.00000      0.00000      0.00000
      2.09565      0.00000      0.00000      0.00000      0.00000      0.00000      0.00000
      2.10565      0.00000      0.00000      0.00000      0.00000      0.00000      0.00000
      2.11565      0.00000      0.00000      0.00000      0.00000      0.00000      0.00000
      2.12565      0.00000      0.00000      0.00000      0.00000      0.00000      0.00000
      2.13565      0.00000      0.00000      0.00000      0.00000      0.00000      0.00000
      2.14565      0.00000      0.00000      0.00000      0.00000      0.00000      0.00000
      2.15565      0.00000      0.00000      0.00000      0.00000      0.00000      0.00000
      2.16565      0.00000      0.00000      0.00000      0.00000      0.00000      0.00000
      2.17565      0.00000      0.00000      0.00000      0.00000      0.00000      0.00000
      2.18565      0.00000      0.00000      0.00000      0.00000      0.00000      0.00000
      2.19565      0.00000      0.00000      0.00000      0.00000      0.00000      0.00000
      2.20565      0.00000      0.00000      0.00000      0.00000      0.00000      0.00000
      2.21565      0.00000      0.00000      0.00000      0.00000      0.00000      0.00000
      2.22565      0.00000      0.00000      0.00000      0.00000      0.00000      0.00000
      2.23565      0.00000      0.00000      0.00000      0.00000      0.00000      0.00000
      2.24565      0.00000      0.00000      0.00000      0.00000      0.00000      0.00000
      2.25565      0.00000      0.00000      0.00000      0.00000      0.00000      0.00000
      2.26565      0.00000      0.00000      0.00000      0.00000      0.00000      0.00000
      2.27565      0.00000      0.00000      0.00000      0.00000      0.00000      0.00000
      2.28565      0.00000      0.00000      0.00000      0.00000      0.00000      0.00000
      2.29565      0.00000      0.00000      0.00000      0.00000      0.00000      0.00000
      2.30565      0.00000      0.00000      0.00000      0.00000      0.00000      0.00000
      2.31565      0.00000      0.00000      0.00000      0.00000      0.00000      0.00000
      2.32565      0.00000      0.00000      0.00000      0.00000      0.00000      0.00000
      2.33565      0.00000      0.00000      0.00000      0.00000      0.00000      0.00000
      2.34565      0.00000      0.00000      0.00000      0.00000      0.00000      0.00000
      2.35565      0.00000      0.00000      0.00000      0.00000      0.00000      0.00000
      2.36565      0.00000      0.00000      0.00000      0.00000      0.00000      0.00000
      2.37565      0.00000      0.00000      0.00000      0.00000      0.00000      0.00000
      2.38565      0.00000      0.00000      0.00000      0.00000      0.00000      0.00000
      2.39565      0.00000      0.00000      0.00000      0.00000      0.00000      0.00000
      2.40565      0.00000      0.00000      0.00000      0.00000      0.00000      0.00000
      2.41565      0.00000      0.00000      0.00000      0.00000      0.00000      0.00000
      2.42565      0.00000      0.00000      0.00000      0.00000      0.00000      0.00000
      2.43565      0.00000      0.00000      0.00000      0.00000      0.00000      0.00000
      2.44565      0.00000      0.00000      0.00000      0.00000      0.00000      0.00000
      2.45565      0.00000      0.00000      0.00000      0.00000      0.00000      0.00000
      2.46565      0.00000      0.00000      0.00000      0.00000      0.00000      0.00000
      2.47565      0.00000      0.00000      0.00000      0.00000      0.00000      0.00000
      2.48565      0.00000      0.00000      0.00000      0.00000      0.00000      0.00000
      2.49565      0.00000      0.00000      0.00000      0.00000      0.00000      0.00000
      2.50565      0.00000      0.00000      0.00000      0.00000      0.00000      0.00000
      2.51565      0.00000      0.00000      0.00000      0.00000      0.00000      0.00000
      2.52565      0.00000      0.00000      0.00000      0.00000      0.00000      0.00000
      2.53565      0.00000      0.00000      0.00000      0.00000      0.00000      0.00000
      2.54565      0.00000      0.00000      0.00000      0.00000      0.00000      0.00000
      2.55565      0.00000      0.00000      0.00000      0.00000      0.00000      0.00000
      2.56565      0.00000      0.00000      0.00000      0.00000      0.00000      0.00000
      2.57565      0.00000      0.00000      0.00000      0.00000      0.00000      0.00000
      2.58565      0.00000      0.00000      0.00000      0.00000      0.00000      0.00000
      2.59565      0.00000      0.00000      0.00000      0.00000      0.00000      0.00000
      2.60565      0.00000      0.00000      0.00000      0.00000      0.00000      0.00000
      2.61565      0.00000      0.00000      0.00000      0.00000      0.00000      0.00000
      2.62565      0.00000      0.00000      0.00000      0.00000      0.00000      0.00000
      2.63565      0.00000      0.00000      0.00000      0.00000      0.00000      0.00000
      2.64565      0.00000      0.00000      0.00000      0.00000      0.00000      0.00000
      2.65565      0.00000      0.00000      0.00000      0.00000      0.00000      0.00000
      2.66565      0.00000      0.00000      0.00000      0.00000      0.00000      0.00000
      2.67565      0.00000      0.00000      0.00000      0.00000      0.00000      0.00000
      2.68565      0.00000      0.00000      0.00000      0.00000      0.00000      0.00000
      2.69565      0.00000      0.00000      0.00000      0.00000      0.00000      0.00000
      2.70565      0.00000      0.00000      0.00000      0.00000      0.00000      0.00000
      2.71565      0.00000      0.00000      0.00000      0.00000      0.00000      0.00000
      2.72565      0.00000      0.00000      0.00000      0.00000      0.00000      0.00000
      2.73565      0.00000      0.00000      0.00000      0.00000      0.00000      0.00000
      2.74565      0.00000      0.00000      0.00000      0.00000      0.00000      0.00000
      2.75565      0.00000      0.00000      0.00000      0.00000      0.00000      0.00000
      2.76565      0.00000      0.00000      0.00000      0.00000      0.00000      0.00000
      2.77565      0.00000      0.00000      0.00000      0.00000      0.00000      0.00000
      2.78565      0.00000      0.00000      0.00000      0.00000      0.00000      0.00000
      2.79565      0.00000      0.00000      0.00000      0.00000      0.00000      0.00000
      2.80565      0.00000      0.00000      0.00000      0.00000      0.00000      0.00000
      2.81565      0.00000      0.00000      0.00000      0.00000      0.00000      0.00000
      2.82565      0.00000      0.00000      0.00000      0.00000      0.00000      0.00000
      2.83565      0.00000      0.00000      0.00000      0.00000      0.00000      0.00000
      2.84565      0.00000      0.00000      0.00000      0.00000      0.00000      0.00000
      2.85565      0.00000      0.00000      0.00000      0.00000      0.00000      0.00000
      2.86565      0.00000      0.00000      0.00000      0.00000      0.00000      0.00000
      2.87565      0.00000      0.00000      0.00000      0.00000      0.00000      0.00000
      2.88565      0.00000      0.00000      0.00000      0.00000      0.00000      0.00000
      2.89565      0.00000      0.00000      0.00000      0.00000      0.00000      0.00000
      2.90565      0.00000      0.00000      0.00000      0.00000      0.00000      0.00000
      2.91565      0.00000      0.00000      0.00000      0.00000      0.00000      0.00000
      2.92565      0.00000      0.00000      0.00000      0.00000      0.00000      0.00000
      2.93565      0.00000      0.00000      0.00000      0.00000      0.00000      0.00000
      2.94565      0.00000      0.00000      0.00000      0.00000      0.00000      0.00000
      2.95565      0.00000      0.00000      0.00000      0.00000      0.00000      0.00000
      2.96565      0.00000      0.00000      0.00000      0.00000      0.00000      0.00000
      2.97565      0.00000      0.00000      0.00000      0.00000      0.00000      0.00000
      2.98565      0.00000      0.00000      0.00000      0.00000      0.00000      0.00000
      2.99565      0.00000      0.00000      0.00000      0.00000      0.00000      0.00000
      3.00565      0.00000      0.00000      0.00000      0.00000      0.00000      0.00000
      3.01565      0.00000      0.00000      0.00000      0.00000      0.00000      0.00000
      3.02565      0.00000      0.00000      0.00000      0.00000      0.00000      0.00000
      3.03565      0.00000      0.00000      0.00000      0.00000      0.00000      0.00000
      3.04565      0.00000      0.00000      0.00000      0.00000      0.00000      0.00000
      3.05565      0.00000      0.00000      0.00000      0.00000      0.00000      0.00000
      3.06565      0.00000      0.00000      0.00000      0.00000      0.00000      0.00000
      3.07565      0.00000      0.00000      0.00000      0.00000      0.00000      0.00000
      3.08565      0.00000      0.00000      0.00000      0.00000      0.00000      0.00000
      3.09565      0.00000      0.00000      0.00000      0.00000      0.00000      0.00000
      3.10565      0.00000      0.00000      0.00000      0.00000      0.00000      0.00000
      3.11565      0.00000      0.00000      0.00000      0.00000      0.00000      0.00000
      3.12565      0.00000      0.00000      0.00000      0.00000      0.00000      0.00000
      3.13565      0.00000      0.00000      0.00000      0.00000      0.00000      0.00000
      3.14565      0.00000      0.00000      0.00000      0.00000      0.00000      0.00000
      3.15565      0.00000      0.00000      0.00000      0.00000      0.00000      0.00000
      3.16565      0.00000      0.00000      0.00000      0.00000      0.00000      0.00000
      3.17565      0.00000      0.00000      0.00000      0.00000      0.00000      0.00000
      3.18565      0.00000      0.00000      0.00000      0.00000      0.00000      0.00000
      3.19565      0.00000      0.00000      0.00000      0.00000      0.00000      0.00000
      3.20565      0.00000      0.00000      0.00000      0.00000      0.00000      0.00000
      3.21565      0.00000      0.00000      0.00000      0.00000      0.00000      0.00000
      3.22565      0.00000      0.00000      0.00000      0.00000      0.00000      0.00000
      3.23565      0.00000      0.00000      0.00000      0.00000      0.00000      0.00000
      3.24565      0.00000      0.00000      0.00000      0.00000      0.00000      0.00000
      3.25565      0.00000      0.00000      0.00000      0.00000      0.00000      0.00000
      3.26565      0.00000      0.00000      0.00000      0.00000      0.00000      0.00000
      3.27565      0.00000      0.00000      0.00000      0.00000      0.00000      0.00000
      3.28565      0.00000      0.00000      0.00000      0.00000      0.00000      0.00000
      3.29565      0.00000      0.00000      0.00000      0.00000      0.00000      0.00000
      3.30565      0.00000      0.00000      0.00000      0.00000      0.00000      0.00000
      3.31565      0.00000      0.00000      0.00000      0.00000      0.00000      0.00000
      3.32565      0.00000      0.00000      0.00000      0.00000      0.00000      0.00000
      3.33565      0.00000      0.00000      0.00000      0.00000      0.00000      0.00000
      3.34565      0.00000      0.00000      0.00000      0.00000      0.00000      0.00000
      3.35565      0.00000      0.00000      0.00000      0.00000      0.00000      0.00000
      3.36565      0.00000      0.00000      0.00000      0.00000      0.00000      0.00000
      3.37565      0.00000      0.00000      0.00000      0.00000      0.00000      0.00000
      3.38565      0.00000      0.00000      0.00000      0.00000      0.00000      0.00000
      3.39565      0.00000      0.00000      0.00000      0.00000      0.00000      0.00000
      3.40565      0.00000      0.00000      0.00000      0.00000      0.00000      0.00000
      3.41565      0.00000      0.00000      0.00000      0.00000      0.00000      0.00000
      3.42565      0.00000      0.00000      0.00000      0.00000      0.00000      0.00000
      3.43565      0.00000      0.00000      0.00000      0.00000      0.00000      0.00000
      3.44565      0.00000      0.00000      0.00000      0.00000      0.00000      0.00000
      3.45565      0.00000      0.00000      0.00000      0.00000      0.00000      0.00000
      3.46565      0.00000      0.00000      0.00000      0.00000      0.00000      0.00000
      3.47565      0.00000      0.00000      0.00000      0.00000      0.00000      0.00000
      3.48565      0.00000      0.00000      0.00000      0.00000      0.00000      0.00000
      3.49565      0.00000      0.00000      0.00000      0.00000      0.00000      0.00000
      3.50565      0.00000      0.00000      0.00000      0.00000      0.00000      0.00000
      3.51565      0.00000      0.00000      0.00000      0.00000      0.00000      0.00000
      3.52565      0.00000      0.00000      0.00000      0.00000      0.00000      0.00000
      3.53565      0.00000      0.00000      0.00000      0.00000      0.00000      0.00000
      3.54565      0.00000      0.00000      0.00000      0.00000      0.00000      0.00000
      3.55565      0.00000      0.00000      0.00000      0.00000      0.00000      0.00000
      3.56565      0.00000      0.00000      0.00000      0.00000      0.00000      0.00000
      3.57565      0.00000      0.00000      0.00000      0.00000      0.00000      0.00000
      3.58565      0.00000      0.00000      0.00000      0.00000      0.00000      0.00000
      3.59565      0.00000      0.00000      0.00000      0.00000      0.00000      0.00000
      3.60565      0.00000      0.00000      0.00000      0.00000      0.00000      0.00000
      3.61565      0.00000      0.00000      0.00000      0.00000      0.00000      0.00000
      3.62565      0.00000      0.00000      0.00000      0.00000      0.00000      0.00000
      3.63565      0.00000      0.00000      0.00000      0.00000      0.00000      0.00000
      3.64565      0.00000      0.00000      0.00000      0.00000      0.00000      0.00000
      3.65565      0.00000      0.00000      0.00000      0.00000      0.00000      0.00000
      3.66565      0.00000      0.00000      0.00000      0.00000      0.00000      0.00000
      3.67565      0.00000      0.00000      0.00000      0.00000      0.00000      0.00000
      3.68565      0.00000      0.00000      0.00000      0.00000      0.00000      0.00000
      3.69565      0.00000      0.00000      0.00000      0.00000      0.00000      0.00000
      3.70565      0.00000      0.00000      0.00000      0.00000      0.00000      0.00000
      3.71565      0.00000      0.00000      0.00000      0.00000      0.00000      0.00000
      3.72565      0.00000      0.00000      0.00000      0.00000      0.00000      0.00000
      3.73565      0.00000      0.00000      0.00000      0.00000      0.00000      0.00000
      3.74565      0.00000      0.00000      0.00000      0.00000      0.00000      0.00000
      3.75565      0.00000      0.00000      0.00000      0.00000      0.00000      0.00000
      3.76565      0.00000      0.00000      0.00000      0.00000      0.00000      0.00000
      3.77565      0.00000      0.00000      0.00000      0.00000      0.00000      0.00000
      3.78565      0.00000      0.00000      0.00000      0.00000      0.00000      0.00000
      3.79565      0.00000      0.00000      0.00000      0.00000      0.00000      0.00000
      3.80565      0.00000      0.00000      0.00000      0.00000      0.00000      0.00000
      3.81565      0.00000      0.00000      0.00000      0.00000      0.00000      0.00000
      3.82565      0.00000      0.00000      0.00000      0.00000      0.00000      0.00000
      3.83565      0.00000      0.00000      0.00000      0.00000      0.00000      0.00000
      3.84565      0.00000      0.00000      0.00000      0.00000      0.00000      0.00000
      3.85565      0.00000      0.00000      0.00000      0.00000      0.00000      0.00000
      3.86565      0.00000      0.00000      0.00000      0.00000      0.00000      0.00000
      3.87565      0.00000      0.00000      0.00000      0.00000      0.00000      0.00000
      3.88565      0.00000      0.00000      0.00000      0.00000      0.00000      0.00000
      3.89565      0.00000      0.00000      0.00000      0.00000      0.00000      0.00000
      3.90565      0.00000      0.00000      0.00000      0.00000      0.00000      0.00000
      3.91565      0.00000      0.00000      0.00000      0.00000      0.00000      0.00000
      3.92565      0.00000      0.00000      0.00000      0.00000      0.00000      0.00000
      3.93565      0.00000      0.00000      0.00000      0.00000      0.00000      0.00000
      3.94565      0.00000      0.00000      0.00000      0.00000      0.00000      0.00000
      3.95565      0.00000      0.00000      0.00000      0.00000      0.00000      0.00000
      3.96565      0.00000      0.00000      0.00000      0.00000      0.00000      0.00000
      3.97565      0.00000      0.00000      0.00000      0.00000      0.00000      0.00000
      3.98565      0.00000      0.00000      0.00000      0.00000      0.00000      0.00000
      3.99565      0.00000      0.00000      0.00000      0.00000      0.00000      0.00000
      4.00565      0.00000      0.00000      0.00000      0.00000      0.00000      0.00000
      4.01565      0.00000      0.00000      0.00000      0.00000      0.00000      0.00000
      4.02565      0.00000      0.00000      0.00000      0.00000      0.00000      0.00000
      4.03565      0.00000      0.00000      0.00000      0.00000      0.00000      0.00000
      4.04565      0.00000      0.00000      0.00000      0.00000      0.00000      0.00000
      4.05565      0.00000      0.00000      0.00000      0.00000      0.00000      0.00000
      4.06565      0.00000      0.00000      0.00000      0.00000      0.00000      0.00000
      4.07565      0.00000      0.00000      0.00000      0.00000      0.00000      0.00000
      4.08565      0.00000      0.00000      0.00000      0.00000      0.00000      0.00000
      4.09565      0.00000      0.00000      0.00000      0.00000      0.00000      0.00000
      4.10565      0.00000      0.00000      0.00000      0.00000      0.00000      0.00000
      4.11565      0.00000      0.00000      0.00000      0.00000      0.00000      0.00000
      4.12565      0.00000      0.00000      0.00000      0.00000      0.00000      0.00000
      4.13565      0.00000      0.00000      0.00000      0.00000      0.00000      0.00000
      4.14565      0.00000      0.00000      0.00000      0.00000      0.00000      0.00000
      4.15565      0.00000      0.00000      0.00000      0.00000      0.00000      0.00000
      4.16565      0.00000      0.00000      0.00000      0.00000      0.00000      0.00000
      4.17565      0.00000      0.00000      0.00000      0.00000      0.00000      0.00000
      4.18565      0.00000      0.00000      0.00000      0.00000      0.00000      0.00000
      4.19565      0.00000      0.00000      0.00000      0.00000      0.00000      0.00000
      4.20565      0.00000      0.00000      0.00000      0.00000      0.00000      0.00000
      4.21565      0.00000      0.00000      0.00000      0.00000      0.00000      0.00000
      4.22565      0.00000      0.00000      0.00000      0.00000      0.00000      0.00000
      4.23565      0.00000      0.00000      0.00000      0.00000      0.00000      0.00000
      4.24565      0.00000      0.00000      0.00000      0.00000      0.00000      0.00000
      4.25565      0.00000      0.00000      0.00000      0.00000      0.00000      0.00000
      4.26565      0.00000      0.00000      0.00000      0.00000      0.00000      0.00000
      4.27565      0.00000      0.00000      0.00000      0.00000      0.00000      0.00000
      4.28565      0.00000      0.00000      0.00000      0.00000      0.00000      0.00000
      4.29565      0.00000      0.00000      0.00000      0.00000      0.00000      0.00000
      4.30565      0.00000      0.00000      0.00000      0.00000      0.00000      0.00000
      4.31565      0.00000      0.00000      0.00000      0.00000      0.00000      0.00000
      4.32565      0.00000      0.00000      0.00000      0.00000      0.00000      0.00000
      4.33565      0.00000      0.00000      0.00000      0.00000      0.00000      0.00000
      4.34565      0.00000      0.00000      0.00000      0.00000      0.00000      0.00000
      4.35565      0.00000      0.00000      0.00000      0.00000      0.00000      0.00000
      4.36565      0.00000      0.00000      0.00000      0.00000      0.00000      0.00000
      4.37565      0.00000      0.00000      0.00000      0.00000      0.00000      0.00000
      4.38565      0.00000      0.00000      0.00000      0.00000      0.00000      0.00000
      4.39565      0.00000      0.00000      0.00000      0.00000      0.00000      0.00000
      4.40565      0.00000      0.00000      0.00000      0.00000      0.00000      0.00000
      4.41565      0.00000      0.00000      0.00000      0.00000      0.00000      0.00000
      4.42565      0.00000      0.00000      0.00000      0.00000      0.00000      0.00000
      4.43565      0.00000      0.00000      0.00000      0.00000      0.00000      0.00000
      4.44565      0.00000      0.00000      0.00000      0.00000      0.00000      0.00000
      4.45565      0.00000      0.00000      0.00000      0.00000      0.00000      0.00000
      4.46565      0.00000      0.00000      0.00000      0.00000      0.00000      0.00000
      4.47565      0.00000      0.00000      0.00000      0.00000      0.00000      0.00000
      4.48565      0.00000      0.00000      0.00000      0.00000      0.00000      0.00000
      4.49565      0.00000      0.00000      0.00000      0.00000      0.00000      0.00000
      4.50565      0.00000      0.00000      0.00000      0.00000      0.00000      0.00000
      4.51565      0.00000      0.00000      0.00000      0.00000      0.00000      0.00000
      4.52565      0.00000      0.00000      0.00000      0.00000      0.00000      0.00000
      4.53565      0.00000      0.00000      0.00000      0.00000      0.00000      0.00000
      4.54565      0.00000      0.00000      0.00000      0.00000      0.00000      0.00000
      4.55565      0.00000      0.00000      0.00000      0.00000      0.00000      0.00000
      4.56565      0.00000      0.00000      0.00000      0.00000      0.00000      0.00000
      4.57565      0.00000      0.00000      0.00000      0.00000      0.00000      0.00000
      4.58565      0.00000      0.00000      0.00000      0.00000      0.00000      0.00000
      4.59565      0.00000      0.00000      0.00000      0.00000      0.00000      0.00000
      4.60565      0.00000      0.00000      0.00000      0.00000      0.00000      0.00000
      4.61565      0.00000      0.00000      0.00000      0.00000      0.00000      0.00000
      4.62565      0.00000      0.00000      0.00000      0.00000      0.00000      0.00000
      4.63565      0.00000      0.00000      0.00000      0.00000      0.00000      0.00000
      4.64565      0.00000      0.00000      0.00000      0.00000      0.00000      0.00000
      4.65565      0.00000      0.00000      0.00000      0.00000      0.00000      0.00000
      4.66565      0.00000      0.00000      0.00000      0.00000      0.00000      0.00000
      4.67565      0.00000      0.00000      0.00000      0.00000      0.00000      0.00000
      4.68565      0.00000      0.00000      0.00000      0.00000      0.00000      0.00000
      4.69565      0.00000      0.00000      0.00000      0.00000      0.00000      0.00000
      4.70565      0.00000      0.00000      0.00000      0.00000      0.00000      0.00000
      4.71565      0.00000      0.00000      0.00000      0.00000      0.00000      0.00000
      4.72565      0.00000      0.00000      0.00000      0.00000      0.00000      0.00000
      4.73565      0.00000      0.00000      0.00000      0.00000      0.00000      0.00000
      4.74565      0.00000      0.00000      0.00000      0.00000      0.00000      0.00000
      4.75565      0.00000      0.00000      0.00000      0.00000      0.00000      0.00000
      4.76565      0.00000      0.00000      0.00000      0.00000      0.00000      0.00000
      4.77565      0.00000      0.00000      0.00000      0.00000      0.00000      0.00000
      4.78565      0.00000      0.00000      0.00000      0.00000      0.00000      0.00000
      4.79565      0.00000      0.00000      0.00000      0.00000      0.00000      0.00000
      4.80565      0.00000      0.00000      0.00000      0.00000      0.00000      0.00000
      4.81565      0.00000      0.00000      0.00000      0.00000      0.00000      0.00000
      4.82565      0.00000      0.00000      0.00000      0.00000      0.00000      0.00000
      4.83565      0.00000      0.00000      0.00000      0.00000      0.00000      0.00000
      4.84565      0.00000      0.00000      0.00000      0.00000      0.00000      0.00000
      4.85565      0.00000      0.00000      0.00000      0.00000      0.00000      0.00000
      4.86565      0.00000      0.00000      0.00000      0.00000      0.00000      0.00000
      4.87565      0.00000      0.00000      0.00000      0.00000      0.00000      0.00000
      4.88565      0.00000      0.00000      0.00000      0.00000      0.00000      0.00000
      4.89565      0.00000      0.00000      0.00000      0.00000      0.00000      0.00000
      4.90565      0.00000      0.00000      0.00000      0.00000      0.00000      0.00000
      4.91565      0.00000      0.00000      0.00000      0.00000      0.00000      0.00000
      4.92565      0.00000      0.00000      0.00000      0.00000      0.00000      0.00000
      4.93565      0.00000      0.00000      0.00000      0.00000      0.00000      0.00000
      4.94565      0.00000      0.00000      0.00000      0.00000      0.00000      0.00000
      4.95565      0.00000      0.00000      0.00000      0.00000      0.00000      0.00000
      4.96565      0.00000      0.00000      0.00000      0.00000      0.00000      0.00000
      4.97565      0.00000      0.00000      0.00000      0.00000      0.00000      0.00000
      4.98565      0.00000      0.00000      0.00000      0.00000      0.00000      0.00000
      4.99565      0.00000      0.00000      0.00000      0.00000      0.00000      0.00000
      5.00565      0.00000      0.00000      0.00000      0.00000      0.00000      0.00000
      5.01565      0.00000      0.00000      0.00000      0.00000      0.00000      0.00000
      5.02565      0.00000      0.00000      0.00000      0.00000      0.00000      0.00000
      5.03565      0.00000      0.00000      0.00000      0.00000      0.00000      0.00000
      5.04565      0.00000      0.00000      0.00000      0.00000      0.00000      0.00000
      5.05565      0.00000      0.00000      0.00000      0.00000      0.00000      0.00000
      5.06565      0.00000      0.00000      0.00000      0.00000      0.00000      0.00000
      5.07565      0.00000      0.00000      0.00000      0.00000      0.00000      0.00000
      5.08565      0.00000      0.00000      0.00000      0.00000      0.00000      0.00000
      5.09565      0.00000      0.00000      0.00000      0.00000      0.00000      0.00000
      5.10565      0.00000      0.00000      0.00000      0.00000      0.00000      0.00000
      5.11565      0.00000      0.00000      0.00000      0.00000      0.00000      0.00000
      5.12565      0.00000      0.00000      0.00000      0.00000      0.00000      0.00000
      5.13565      0.00000      0.00000      0.00000      0.00000      0.00000      0.00000
      5.14565      0.00000      0.00000      0.00000      0.00000      0.00000      0.00000
      5.15565      0.00000      0.00000      0.00000      0.00000      0.00000      0.00000
      5.16565      0.00000      0.00000      0.00000      0.00000      0.00000      0.00000
      5.17565      0.00000      0.00000      0.00000      0.00000      0.00000      0.00000
      5.18565      0.00000      0.00000      0.00000      0.00000      0.00000      0.00000
      5.19565      0.00000      0.00000      0.00000      0.00000      0.00000      0.00000
      5.20565      0.00000      0.00000      0.00000      0.00000      0.00000      0.00000
      5.21565      0.00000      0.00000      0.00000      0.00000      0.00000      0.00000
      5.22565      0.00000      0.00000      0.00000      0.00000      0.00000      0.00000
      5.23565      0.00000      0.00000      0.00000      0.00000      0.00000      0.00000
      5.24565      0.00000      0.00000      0.00000      0.00000      0.00000      0.00000
      5.25565      0.00000      0.00000      0.00000      0.00000      0.00000      0.00000
      5.26565      0.00000      0.00000      0.00000      0.00000      0.00000      0.00000
      5.27565      0.00000      0.00000      0.00000      0.00000      0.00000      0.00000
      5.28565      0.00000      0.00000      0.00000      0.00000      0.00000      0.00000
      5.29565      0.00000      0.00000      0.00000      0.00000      0.00000      0.00000
      5.30565      0.00000      0.00000      0.00000      0.00000      0.00000      0.00000
      5.31565      0.00000      0.00000      0.00000      0.00000      0.00000      0.00000
      5.32565      0.00000      0.00000      0.00000      0.00000      0.00000      0.00000
      5.33565      0.00000      0.00000      0.00000      0.00000      0.00000      0.00000
      5.34565      0.00000      0.00000      0.00000      0.00000      0.00000      0.00000
      5.35565      0.00000      0.00000      0.00000      0.00000      0.00000      0.00000
      5.36565      0.00000      0.00000      0.00000      0.00000      0.00000      0.00000
      5.37565      0.00000      0.00000      0.00000      0.00000      0.00000      0.00000
      5.38565      0.00000      0.00000      0.00000      0.00000      0.00000      0.00000
      5.39565      0.00000      0.00000      0.00000      0.00000      0.00000      0.00000
      5.40565      0.00000      0.00000      0.00000      0.00000      0.00000      0.00000
      5.41565      0.00000      0.00000      0.00000      0.00000      0.00000      0.00000
      5.42565      0.00000      0.00000      0.00000      0.00000      0.00000      0.00000
      5.43565      0.00000      0.00000      0.00000      0.00000      0.00000      0.00000
      5.44565      0.00000      0.00000      0.00000      0.00000      0.00000      0.00000
      5.45565      0.00000      0.00000      0.00000      0.00000      0.00000      0.00000
      5.46565      0.00000      0.00000      0.00000      0.00000      0.00000      0.00000
      5.47565      0.00000      0.00000      0.00000      0.00000      0.00000      0.00000
      5.48565      0.00000      0.00000      0.00000      0.00000      0.00000      0.00000
      5.49565      0.00000      0.00000      0.00000      0.00000      0.00000      0.00000
      5.50565      0.00000      0.00000      0.00000      0.00000      0.00000      0.00000
      5.51565      0.00000      0.00000      0.00000      0.00000      0.00000      0.00000
      5.52565      0.00000      0.00000      0.00000      0.00000      0.00000      0.00000
      5.53565      0.00000      0.00000      0.00000      0.00000      0.00000      0.00000
      5.54565      0.00000      0.00000      0.00000      0.00000      0.00000      0.00000
      5.55565      0.00000      0.00000      0.00000      0.00000      0.00000      0.00000
      5.56565      0.00000      0.00000      0.00000      0.00000      0.00000      0.00000
      5.57565      0.00000      0.00000      0.00000      0.00000      0.00000      0.00000
      5.58565      0.00000      0.00000      0.00000      0.00000      0.00000      0.00000
      5.59565      0.00000      0.00000      0.00000      0.00000      0.00000      0.00000
      5.60565      0.00000      0.00000      0.00000      0.00000      0.00000      0.00000
      5.61565      0.00000      0.00000      0.00000      0.00000      0.00000      0.00000
      5.62565      0.00000      0.00000      0.00000      0.00000      0.00000      0.00000
      5.63565      0.00000      0.00000      0.00000      0.00000      0.00000      0.00000
      5.64565      0.00000      0.00000      0.00000      0.00000      0.00000      0.00000
      5.65565      0.00000      0.00000      0.00000      0.00000      0.00000      0.00000
      5.66565      0.00000      0.00000      0.00000      0.00000      0.00000      0.00000
      5.67565      0.00000      0.00000      0.00000      0.00000      0.00000      0.00000
      5.68565      0.00000      0.00000      0.00000      0.00000      0.00000      0.00000
      5.69565      0.00000      0.00000      0.00000      0.00000      0.00000      0.00000
      5.70565      0.00000      0.00000      0.00000      0.00000      0.00000      0.00000
      5.71565      0.00000      0.00000      0.00000      0.00000      0.00000      0.00000
      5.72565      0.00000      0.00000      0.00000      0.00000      0.00000      0.00000
      5.73565      0.00000      0.00000      0.00000      0.00000      0.00000      0.00000
      5.74565      0.00000      0.00000      0.00000      0.00000      0.00000      0.00000
      5.75565      0.00000      0.00000      0.00000      0.00000      0.00000      0.00000
      5.76565      0.00000      0.00000      0.00000      0.00000      0.00000      0.00000
      5.77565      0.00000      0.00000      0.00000      0.00000      0.00000      0.00000
      5.78565      0.00000      0.00000      0.00000      0.00000      0.00000      0.00000
      5.79565      0.00000      0.00000      0.00000      0.00000      0.00000      0.00000
      5.80565      0.00000      0.00000      0.00000      0.00000      0.00000      0.00000
      5.81565      0.00000      0.00000      0.00000      0.00000      0.00000      0.00000
      5.82565      0.00000      0.00000      0.00000      0.00000      0.00000      0.00000
      5.83565      0.00000      0.00000      0.00000      0.00000      0.00000      0.00000
      5.84565      0.00000      0.00000      0.00000      0.00000      0.00000      0.00000
      5.85565      0.00000      0.00000      0.00000      0.00000      0.00000      0.00000
      5.86565      0.00000      0.00000      0.00000      0.00000      0.00000      0.00000
      5.87565      0.00000      0.00000      0.00000      0.00000      0.00000      0.00000
      5.88565      0.00000      0.00000      0.00000      0.00000      0.00000      0.00000
      5.89565      0.00000      0.00000      0.00000      0.00000      0.00000      0.00000
      5.90565      0.00000      0.00000      0.00000      0.00000      0.00000      0.00000
      5.91565      0.00000      0.00000      0.00000      0.00000      0.00000      0.00000
      5.92565      0.00000      0.00000      0.00000      0.00000      0.00000      0.00000
      5.93565      0.00000      0.00000      0.00000      0.00000      0.00000      0.00000
      5.94565      0.00000      0.00000      0.00000      0.00000      0.00000      0.00000
      5.95565      0.00000      0.00000      0.00000      0.00000      0.00000      0.00000
      5.96565      0.00000      0.00000      0.00000      0.00000      0.00000      0.00000
      5.97565      0.00000      0.00000      0.00000      0.00000      0.00000      0.00000
      5.98565      0.00000      0.00000      0.00000      0.00000      0.00000      0.00000
      5.99565      0.00000      0.00000      0.00000      0.00000      0.00000      0.00000
      6.00565      0.00000      0.00000      0.00000      0.00000      0.00000      0.00000
      6.01565      0.00000      0.00000      0.00000      0.00000      0.00000      0.00000
      6.02565      0.00000      0.00000      0.00000      0.00000      0.00000      0.00000
      6.03565      0.00000      0.00000      0.00000      0.00000      0.00000      0.00000
      6.04565      0.00000      0.00000      0.00000      0.00000      0.00000      0.00000
      6.05565      0.00000      0.00000      0.00000      0.00000      0.00000      0.00000
      6.06565      0.00000      0.00000      0.00000      0.00000      0.00000      0.00000
      6.07565      0.00000      0.00000      0.00000      0.00000      0.00000      0.00000
      6.08565      0.00000      0.00000      0.00000      0.00000      0.00000      0.00000
      6.09565      0.00000      0.00000      0.00000      0.00000      0.00000      0.00000
      6.10565      0.00000      0.00000      0.00000      0.00000      0.00000      0.00000
      6.11565      0.00000      0.00000      0.00000      0.00000      0.00000      0.00000
      6.12565      0.00000      0.00000      0.00000      0.00000      0.00000      0.00000
      6.13565      0.00000      0.00000      0.00000      0.00000      0.00000      0.00000
      6.14565      0.00000      0.00000      0.00000      0.00000      0.00000      0.00000
      6.15565      0.00000      0.00000      0.00000      0.00000      0.00000      0.00000
      6.16565      0.00000      0.00000      0.00000      0.00000      0.00000      0.00000
      6.17565      0.00000      0.00000      0.00000      0.00000      0.00000      0.00000
      6.18565      0.00000      0.00000      0.00000      0.00000      0.00000      0.00000
      6.19565      0.00000      0.00000      0.00000      0.00000      0.00000      0.00000
      6.20565      0.00000      0.00000      0.00000      0.00000      0.00000      0.00000
      6.21565      0.00000      0.00000      0.00000      0.00000      0.00000      0.00000
      6.22565      0.00000      0.00000      0.00000      0.00000      0.00000      0.00000
      6.23565      0.00000      0.00000      0.00000      0.00000      0.00000      0.00000
      6.24565      0.02431      0.00100      0.00000      0.00375      0.02753      0.00298
      6.25565      0.82467      0.03402      0.00000      0.12703      0.93366      0.10122
      6.26565     10.29007      0.42445      0.00000      1.58510     11.65004      1.26300
      6.27565     47.23503      1.94839      0.00000      7.27618     53.47777      5.79762
      6.28565     79.76556      3.29023      0.00000     12.28725     90.30766      9.79041
      6.29565     49.55326      2.04401      0.00000      7.63329     56.10239      6.08216
      6.30565     11.32490      0.46714      0.00000      1.74451     12.82164      1.39002
      6.31565      0.95214      0.03927      0.00000      0.14667      1.07798      0.11687
      6.32565      0.02945      0.00121      0.00000      0.00454      0.03334      0.00361
      6.33565      0.00034      0.00001      0.00000      0.00005      0.00038      0.00004
      6.34565      0.00000      0.00000      0.00000      0.00000      0.00000      0.00000
      6.35565      0.00000      0.00000      0.00000      0.00000      0.00000      0.00000
      6.36565      0.00000      0.00000      0.00000      0.00000      0.00000      0.00000
      6.37565      0.00000      0.00000      0.00000      0.00000      0.00000      0.00000
      6.38565      0.00000      0.00000      0.00000      0.00000      0.00000      0.00000
      6.39565      0.00000      0.00000      0.00000      0.00000      0.00000      0.00000
      6.40565      0.00000      0.00000      0.00000      0.00000      0.00000      0.00000
      6.41565      0.00000      0.00000      0.00000      0.00000      0.00000      0.00000
      6.42565      0.00047      0.00000      0.00011      0.00010      0.00029      0.00000
      6.43565      0.03842      0.00000      0.00873      0.00802      0.02343      0.00000
      6.44565      1.16122      0.00000      0.26382      0.24230      0.70800      0.00000
      6.45565     12.91055      0.00000      2.93319      2.69392      7.87169      0.00000
      6.46565     52.80586      0.00000     11.99716     11.01848     32.19626      0.00000
      6.47565     79.45571      0.00000     18.05183     16.57924     48.44495      0.00000
      6.48565     43.98187      0.00000      9.99240      9.17726     26.81619      0.00000
      6.49565      8.95628      0.00000      2.03481      1.86882      5.46073      0.00000
      6.50565      0.67095      0.00000      0.15243      0.14000      0.40908      0.00000
      6.51565      0.01849      0.00000      0.00420      0.00386      0.01127      0.00000
      6.52565      0.00000      0.00000      0.00000      0.00000      0.00000      0.00000
      6.53565      0.00000      0.00000      0.00000      0.00000      0.00000      0.00000
      6.54565      0.00000      0.00000      0.00000      0.00000      0.00000      0.00000
      6.55565      0.00000      0.00000      0.00000      0.00000      0.00000      0.00000
      6.56565      0.00000      0.00000      0.00000      0.00000      0.00000      0.00000
      6.57565      0.00000      0.00000      0.00000      0.00000      0.00000      0.00000
      6.58565      0.00000      0.00000      0.00000      0.00000      0.00000      0.00000
      6.59565      0.00000      0.00000      0.00000      0.00000      0.00000      0.00000
      6.60565      0.00000      0.00000      0.00000      0.00000      0.00000      0.00000
      6.61565      0.00000      0.00000      0.00000      0.00000      0.00000      0.00000
      6.62565      0.00000      0.00000      0.00000      0.00000      0.00000      0.00000
      6.63565      0.00000      0.00000      0.00000      0.00000      0.00000      0.00000
      6.64565      0.00000      0.00000      0.00000      0.00000      0.00000      0.00000
      6.65565      0.00000      0.00000      0.00000      0.00000      0.00000      0.00000
      6.66565      0.00000      0.00000      0.00000      0.00000      0.00000      0.00000
      6.67565      0.00000      0.00000      0.00000      0.00000      0.00000      0.00000
      6.68565      0.00000      0.00000      0.00000      0.00000      0.00000      0.00000
      6.69565      0.00000      0.00000      0.00000      0.00000      0.00000      0.00000
      6.70565      0.00000      0.00000      0.00000      0.00000      0.00000      0.00000
      6.71565      0.00000      0.00000      0.00000      0.00000      0.00000      0.00000
      6.72565      0.00000      0.00000      0.00000      0.00000      0.00000      0.00000
      6.73565      0.00000      0.00000      0.00000      0.00000      0.00000      0.00000
      6.74565      0.00000      0.00000      0.00000      0.00000      0.00000      0.00000
      6.75565      0.00000      0.00000      0.00000      0.00000      0.00000      0.00000
      6.76565      0.00000      0.00000      0.00000      0.00000      0.00000      0.00000
      6.77565      0.00000      0.00000      0.00000      0.00000      0.00000      0.00000
      6.78565      0.00000      0.00000      0.00000      0.00000      0.00000      0.00000
      6.79565      0.00000      0.00000      0.00000      0.00000      0.00000      0.00000
      6.80565      0.00000      0.00000      0.00000      0.00000      0.00000      0.00000
      6.81565      0.00000      0.00000      0.00000      0.00000      0.00000      0.00000
      6.82565      0.00000      0.00000      0.00000      0.00000      0.00000      0.00000
      6.83565      0.00000      0.00000      0.00000      0.00000      0.00000      0.00000
      6.84565      0.00000      0.00000      0.00000      0.00000      0.00000      0.00000
      6.85565      0.00000      0.00000      0.00000      0.00000      0.00000      0.00000
      6.86565      0.00000      0.00000      0.00000      0.00000      0.00000      0.00000
      6.87565      0.00000      0.00000      0.00000      0.00000      0.00000      0.00000
      6.88565      0.00000      0.00000      0.00000      0.00000      0.00000      0.00000
      6.89565      0.00000      0.00000      0.00000      0.00000      0.00000      0.00000
      6.90565      0.00000      0.00000      0.00000      0.00000      0.00000      0.00000
      6.91565      0.00000      0.00000      0.00000      0.00000      0.00000      0.00000
      6.92565      0.00000      0.00000      0.00000      0.00000      0.00000      0.00000
      6.93565      0.02126      0.00215      0.00000      0.00055      0.03743      0.00000
      6.94565      0.74543      0.07525      0.00000      0.01931      1.31262      0.00000
      6.95565      9.61555      0.97064      0.00000      0.24906     16.93201      0.00000
      6.96565     45.62987      4.60610      0.00000      1.18189     80.34964      0.00000
      6.97565     79.65812      8.04108      0.00000      2.06329    140.26999      0.00000
      6.98565     51.15833      5.16417      0.00000      1.32509     90.08471      0.00000
      6.99565     12.08671      1.22009      0.00000      0.31307     21.28350      0.00000
      7.00565      1.05052      0.10604      0.00000      0.02721      1.84987      0.00000
      7.01565      0.03359      0.00339      0.00000      0.00087      0.05915      0.00000
      7.02565      0.00040      0.00004      0.00000      0.00001      0.00070      0.00000
      7.03565      0.00000      0.00000      0.00000      0.00000      0.00000      0.00000
      7.04565      0.00000      0.00000      0.00000      0.00000      0.00000      0.00000
      7.05565      0.00000      0.00000      0.00000      0.00000      0.00000      0.00000
      7.06565      0.00000      0.00000      0.00000      0.00000      0.00000      0.00000
      7.07565      0.00000      0.00000      0.00000      0.00000      0.00000      0.00000
      7.08565      0.00000      0.00000      0.00000      0.00000      0.00000      0.00000
      7.09565      0.00000      0.00000      0.00000      0.00000      0.00000      0.00000
      7.10565      0.00000      0.00000      0.00000      0.00000      0.00000      0.00000
      7.11565      0.00000      0.00000      0.00000      0.00000      0.00000      0.00000
      7.12565      0.00000      0.00000      0.00000      0.00000      0.00000      0.00000
      7.13565      0.00000      0.00000      0.00000      0.00000      0.00000      0.00000
      7.14565      0.00000      0.00000      0.00000      0.00000      0.00000      0.00000
      7.15565      0.00215      0.00000      0.00000      0.00002      0.00459      0.00014
      7.16565      0.12832      0.00000      0.00000      0.00107      0.27337      0.00863
      7.17565      2.81116      0.00000      0.00000      0.02345      5.98875      0.18913
      7.18565     22.65552      0.00000      0.00000      0.18899     48.26411      1.52423
      7.19565     67.16879      0.00000      0.00000      0.56030    143.09280      4.51901
      7.20565     73.25993      0.00000      0.00000      0.61111    156.06903      4.92881
      7.21565     29.39483      0.00000      0.00000      0.24520     62.62118      1.97764
      7.22565      4.33891      0.00000      0.00000      0.03619      9.24339      0.29192
      7.23565      0.23561      0.00000      0.00000      0.00197      0.50193      0.01585
      7.24565      0.00471      0.00000      0.00000      0.00004      0.01003      0.00032
      7.25565      0.00000      0.00000      0.00000      0.00000      0.00000      0.00000
      7.26565      0.00000      0.00000      0.00000      0.00000      0.00000      0.00000
      7.27565      0.00000      0.00000      0.00000      0.00000      0.00000      0.00000
      7.28565      0.00000      0.00000      0.00000      0.00000      0.00000      0.00000
      7.29565      0.00000      0.00000      0.00000      0.00000      0.00000      0.00000
      7.30565      0.00000      0.00000      0.00000      0.00000      0.00000      0.00000
      7.31565      0.00000      0.00000      0.00000      0.00000      0.00000      0.00000
      7.32565      0.00000      0.00000      0.00000      0.00000      0.00000      0.00000
      7.33565      0.00000      0.00000      0.00000      0.00000      0.00000      0.00000
      7.34565      0.00000      0.00000      0.00000      0.00000      0.00000      0.00000
      7.35565      0.00000      0.00000      0.00000      0.00000      0.00000      0.00000
      7.36565      0.00000      0.00000      0.00000      0.00000      0.00000      0.00000
      7.37565      0.00000      0.00000      0.00000      0.00000      0.00000      0.00000
      7.38565      0.00000      0.00000      0.00000      0.00000      0.00000      0.00000
      7.39565      0.00000      0.00000      0.00000      0.00000      0.00000      0.00000
      7.40565      0.02330      0.00000      0.00754      0.00087      0.02983      0.00000
      7.41565      0.79869      0.00000      0.25863      0.02984      1.02268      0.00000
      7.42565     10.07180      0.00000      3.26140      0.37627     12.89637      0.00000
      7.43565     46.72414      0.00000     15.12998      1.74556     59.82763      0.00000
      7.44565     79.74093      0.00000     25.82131      2.97903    102.10375      0.00000
      7.45565     50.06413      0.00000     16.21152      1.87034     64.10430      0.00000
      7.46565     11.56319      0.00000      3.74433      0.43199     14.80601      0.00000
      7.47565      0.98250      0.00000      0.31815      0.03671      1.25804      0.00000
      7.48565      0.03071      0.00000      0.00994      0.00115      0.03932      0.00000
      7.49565      0.00035      0.00000      0.00011      0.00001      0.00045      0.00000
      7.50565      0.00000      0.00000      0.00000      0.00000      0.00000      0.00000
      7.51565      0.00000      0.00000      0.00000      0.00000      0.00000      0.00000
      7.52565      0.00000      0.00000      0.00000      0.00000      0.00000      0.00000
      7.53565      0.00000      0.00000      0.00000      0.00000      0.00000      0.00000
      7.54565      0.00000      0.00000      0.00000      0.00000      0.00000      0.00000
      7.55565      0.00000      0.00000      0.00000      0.00000      0.00000      0.00000
      7.56565      0.00000      0.00000      0.00000      0.00000      0.00000      0.00000
      7.57565      0.00000      0.00000      0.00000      0.00000      0.00000      0.00000
      7.58565      0.00000      0.00000      0.00000      0.00000      0.00000      0.00000
      7.59565      0.00000      0.00000      0.00000      0.00000      0.00000      0.00000
      7.60565      0.00000      0.00000      0.00000      0.00000      0.00000      0.00000
      7.61565      0.00000      0.00000      0.00000      0.00000      0.00000      0.00000
      7.62565      0.00000      0.00000      0.00000      0.00000      0.00000      0.00000
      7.63565      0.00000      0.00000      0.00000      0.00000      0.00000      0.00000
      7.64565      0.00000      0.00000      0.00000      0.00000      0.00000      0.00000
      7.65565      0.00000      0.00000      0.00000      0.00000      0.00000      0.00000
      7.66565      0.00000      0.00000      0.00000      0.00000      0.00000      0.00000
      7.67565      0.00000      0.00000      0.00000      0.00000      0.00000      0.00000
      7.68565      0.00000      0.00000      0.00000      0.00000      0.00000      0.00000
      7.69565      0.00000      0.00000      0.00000      0.00000      0.00000      0.00000
      7.70565      0.00000      0.00000      0.00000      0.00000      0.00000      0.00000
      7.71565      0.00000      0.00000      0.00000      0.00000      0.00000      0.00000
      7.72565      0.00000      0.00000      0.00000      0.00000      0.00000      0.00000
      7.73565      0.00000      0.00000      0.00000      0.00000      0.00000      0.00000
      7.74565      0.00000      0.00000      0.00000      0.00000      0.00000      0.00000
      7.75565      0.00000      0.00000      0.00000      0.00000      0.00000      0.00000
      7.76565      0.00000      0.00000      0.00000      0.00000      0.00000      0.00000
      7.77565      0.00785      0.00000      0.00000      0.00034      0.00952      0.00171
      7.78565      0.34945      0.00000      0.00000      0.01507      0.42364      0.07608
      7.79565      5.72190      0.00000      0.00000      0.24674      6.93662      1.24578
      7.80565     34.46633      0.00000      0.00000      1.48627     41.78327      7.50408
      7.81565     76.37573      0.00000      0.00000      3.29350     92.58970     16.62868
      7.82565     62.26172      0.00000      0.00000      2.68487     75.47940     13.55575
      7.83565     18.67207      0.00000      0.00000      0.80518     22.63600      4.06532
      7.84565      2.06001      0.00000      0.00000      0.08883      2.49733      0.44851
      7.85565      0.08361      0.00000      0.00000      0.00361      0.10136      0.01820
      7.86565      0.00125      0.00000      0.00000      0.00005      0.00151      0.00027
      7.87565      0.00000      0.00000      0.00000      0.00000      0.00000      0.00000
      7.88565      0.00000      0.00000      0.00000      0.00000      0.00000      0.00000
      7.89565      0.00000      0.00000      0.00000      0.00000      0.00000      0.00000
      7.90565      0.00000      0.00000      0.00000      0.00000      0.00000      0.00000
      7.91565      0.00000      0.00000      0.00000      0.00000      0.00000      0.00000
      7.92565      0.00000      0.00000      0.00000      0.00000      0.00000      0.00000
      7.93565      0.00000      0.00000      0.00000      0.00000      0.00000      0.00000
      7.94565      0.00000      0.00000      0.00000      0.00000      0.00000      0.00000
      7.95565      0.00000      0.00000      0.00000      0.00000      0.00000      0.00000
      7.96565      0.02454      0.00000      0.00000      0.00000      0.04427      0.00389
      7.97565      0.83041      0.00000      0.00000      0.00000      1.49819      0.13162
      7.98565     10.33794      0.00000      0.00000      0.00000     18.65134      1.63855
      7.99565     47.34600      0.00000      0.00000      0.00000     85.41996      7.50429
      8.00565     79.76974      0.00000      0.00000      0.00000    143.91771     12.64342
      8.01565     49.44229      0.00000      0.00000      0.00000     89.20201      7.83655
      8.02565     11.27365      0.00000      0.00000      0.00000     20.33951      1.78686
      8.03565      0.94566      0.00000      0.00000      0.00000      1.70613      0.14989
      8.04565      0.02918      0.00000      0.00000      0.00000      0.05265      0.00463
      8.05565      0.00033      0.00000      0.00000      0.00000      0.00060      0.00005
      8.06565      0.00991      0.00000      0.00094      0.00000      0.00893      0.00115
      8.07565      0.41781      0.00000      0.03948      0.00000      0.37613      0.04853
      8.08565      6.47721      0.00000      0.61208      0.00000      5.83114      0.75239
      8.09565     36.94062      0.00000      3.49077      0.00000     33.25594      4.29098
      8.10565     77.50428      0.00000      7.32390      0.00000     69.77354      9.00281
      8.11565     59.82087      0.00000      5.65288      0.00000     53.85398      6.94873
      8.12565     16.98577      0.00000      1.60510      0.00000     15.29151      1.97305
      8.13565      1.77429      0.00000      0.16766      0.00000      1.59731      0.20610
      8.14565      0.06818      0.00000      0.00644      0.00000      0.06138      0.00792
      8.15565      0.00096      0.00000      0.00009      0.00000      0.00087      0.00011
      8.16565      0.00000      0.00000      0.00000      0.00000      0.00000      0.00000
      8.17565      0.00000      0.00000      0.00000      0.00000      0.00000      0.00000
      8.18565      0.00000      0.00000      0.00000      0.00000      0.00000      0.00000
      8.19565      0.00000      0.00000      0.00000      0.00000      0.00000      0.00000
      8.20565      0.00000      0.00000      0.00000      0.00000      0.00000      0.00000
      8.21565      0.00000      0.00000      0.00000      0.00000      0.00000      0.00000
      8.22565      0.00000      0.00000      0.00000      0.00000      0.00000      0.00000
      8.23565      0.00000      0.00000      0.00000      0.00000      0.00000      0.00000
      8.24565      0.00000      0.00000      0.00000      0.00000      0.00000      0.00000
      8.25565      0.00000      0.00000      0.00000      0.00000      0.00000      0.00000
      8.26565      0.00000      0.00000      0.00000      0.00000      0.00000      0.00000
      8.27565      0.00000      0.00000      0.00000      0.00000      0.00000      0.00000
      8.28565      0.00000      0.00000      0.00000      0.00000      0.00000      0.00000
      8.29565      0.00000      0.00000      0.00000      0.00000      0.00000      0.00000
      8.30565      0.00000      0.00000      0.00000      0.00000      0.00000      0.00000
      8.31565      0.00000      0.00000      0.00000      0.00000      0.00000      0.00000
      8.32565      0.00000      0.00000      0.00000      0.00000      0.00000      0.00000
      8.33565      0.00663      0.00000      0.00000      0.00000      0.00856      0.00000
      8.34565      0.30673      0.00000      0.00000      0.00000      0.39609      0.00000
      8.35565      5.22382      0.00000      0.00000      0.00000      6.74576      0.00000
      8.36565     32.72847      0.00000      0.00000      0.00000     42.26376      0.00000
      8.37565     75.43422      0.00000      0.00000      0.00000     97.41165      0.00000
      8.38565     63.96121      0.00000      0.00000      0.00000     82.59603      0.00000
      8.39565     19.95127      0.00000      0.00000      0.00000     25.76398      0.00000
      8.40565      2.28944      0.00000      0.00000      0.00000      2.95646      0.00000
      8.41565      0.09665      0.00000      0.00000      0.00000      0.12481      0.00000
      8.42565      0.00150      0.00000      0.00000      0.00000      0.00194      0.00000
      8.43565      0.00000      0.00000      0.00000      0.00000      0.00000      0.00000
      8.44565      0.00000      0.00000      0.00000      0.00000      0.00000      0.00000
      8.45565      0.00000      0.00000      0.00000      0.00000      0.00000      0.00000
      8.46565      0.00000      0.00000      0.00000      0.00000      0.00000      0.00000
      8.47565      0.00000      0.00000      0.00000      0.00000      0.00000      0.00000
      8.48565      0.00000      0.00000      0.00000      0.00000      0.00000      0.00000
      8.49565      0.00000      0.00000      0.00000      0.00000      0.00000      0.00000
      8.50565      0.00000      0.00000      0.00000      0.00000      0.00000      0.00000
      8.51565      0.00000      0.00000      0.00000      0.00000      0.00000      0.00000
      8.52565      0.00000      0.00000      0.00000      0.00000      0.00000      0.00000
      8.53565      0.00000      0.00000      0.00000      0.00000      0.00000      0.00000
      8.54565      0.00000      0.00000      0.00000      0.00000      0.00000      0.00000
      8.55565      0.00000      0.00000      0.00000      0.00000      0.00000      0.00000
      8.56565      0.00000      0.00000      0.00000      0.00000      0.00000      0.00000
      8.57565      0.00000      0.00000      0.00000      0.00000      0.00000      0.00000
      8.58565      0.00000      0.00000      0.00000      0.00000      0.00000      0.00000
      8.59565      0.00180      0.00000      0.00141      0.00000      0.00112      0.00025
      8.60565      0.11154      0.00000      0.08730      0.00000      0.06943      0.01522
      8.61565      2.54040      0.00000      1.98816      0.00000      1.58133      0.34673
      8.62565     21.28467      0.00000     16.65768      0.00000     13.24912      2.90507
      8.63565     65.60495      0.00000     51.34335      0.00000     40.83728      8.95420
      8.64565     74.38952      0.00000     58.21829      0.00000     46.30544     10.15317
      8.65565     31.03077      0.00000     24.28511      0.00000     19.31580      4.23528
      8.66565      4.76188      0.00000      3.72672      0.00000      2.96414      0.64993
      8.67565      0.26883      0.00000      0.21039      0.00000      0.16734      0.03669
      8.68565      0.00558      0.00000      0.00437      0.00000      0.00348      0.00076
      8.69565      0.00000      0.00000      0.00000      0.00000      0.00000      0.00000
      8.70565      0.00000      0.00000      0.00000      0.00000      0.00000      0.00000
      8.71565      0.00000      0.00000      0.00000      0.00000      0.00000      0.00000
      8.72565      0.00000      0.00000      0.00000      0.00000      0.00000      0.00000
      8.73565      0.00000      0.00000      0.00000      0.00000      0.00000      0.00000
      8.74565      0.00000      0.00000      0.00000      0.00000      0.00000      0.00000
      8.75565      0.00000      0.00000      0.00000      0.00000      0.00000      0.00000
      8.76565      0.00000      0.00000      0.00000      0.00000      0.00000      0.00000
      8.77565      0.00000      0.00000      0.00000      0.00000      0.00000      0.00000
      8.78565      0.00000      0.00000      0.00000      0.00000      0.00000      0.00000
      8.79565      0.01673      0.00000      0.01285      0.00000      0.00391      0.00509
      8.80565      0.62206      0.00000      0.47772      0.00000      0.14546      0.18940
      8.81565      8.50863      0.00000      6.53435      0.00000      1.98963      2.59060
      8.82565     42.81453      0.00000     32.88017      0.00000     10.01162     13.03565
      8.83565     79.25643      0.00005     60.86644      0.00000     18.53309     24.13070
      8.84565     54.04942      0.00375     41.51294      0.00000     12.63917     16.43284
      8.85565     15.46290      0.09431     11.99436      0.00000      3.62632      4.11681
      8.86565     19.23272      0.87368     15.87579      0.00000      4.59484      0.37942
      8.87565     61.34042      2.97749     50.87565      0.00000     14.67602      0.01286
      8.88565     76.85204      3.73297     63.74418      0.00000     18.38754      0.00016
      8.89565     35.44564      1.72173     29.40006      0.00000      8.48069      0.00000
      8.90565      6.01421      0.29213      4.98843      0.00000      1.43895      0.00000
      8.91565      0.37541      0.01823      0.31138      0.00000      0.08982      0.00000
      8.92565      0.00862      0.00042      0.00715      0.00000      0.00206      0.00000
      8.93565      0.00000      0.00000      0.00000      0.00000      0.00000      0.00000
      8.94565      0.00000      0.00000      0.00000      0.00000      0.00000      0.00000
      8.95565      0.00000      0.00000      0.00000      0.00000      0.00000      0.00000
      8.96565      0.00000      0.00000      0.00000      0.00000      0.00000      0.00000
      8.97565      0.00000      0.00000      0.00000      0.00000      0.00000      0.00000
      8.98565      0.00000      0.00000      0.00000      0.00000      0.00000      0.00000
      8.99565      0.00000      0.00000      0.00000      0.00000      0.00000      0.00000
      9.00565      0.00000      0.00000      0.00000      0.00000      0.00000      0.00000
      9.01565      0.00000      0.00000      0.00000      0.00000      0.00000      0.00000
      9.02565      0.00000      0.00000      0.00000      0.00000      0.00000      0.00000
      9.03565      0.00000      0.00000      0.00000      0.00000      0.00000      0.00000
      9.04565      0.00000      0.00000      0.00000      0.00000      0.00000      0.00000
      9.05565      0.00000      0.00000      0.00000      0.00000      0.00000      0.00000
      9.06565      0.00000      0.00000      0.00000      0.00000      0.00000      0.00000
      9.07565      0.00000      0.00000      0.00000      0.00000      0.00000      0.00000
      9.08565      0.00000      0.00000      0.00000      0.00000      0.00000      0.00000
      9.09565      0.00000      0.00000      0.00000      0.00000      0.00000      0.00000
      9.10565      0.00000      0.00000      0.00000      0.00000      0.00000      0.00000
      9.11565      0.00000      0.00000      0.00000      0.00000      0.00000      0.00000
      9.12565      0.00000      0.00000      0.00000      0.00000      0.00000      0.00000
      9.13565      0.01211      0.00000      0.02099      0.00000      0.00267      0.00092
      9.14565      0.48670      0.00000      0.84369      0.00000      0.10749      0.03712
      9.15565      7.19559      0.00000     12.47362      0.00000      1.58915      0.54880
      9.16565     39.13648      0.00000     67.84339      0.00000      8.64333      2.98488
      9.17565     78.30732      0.00000    135.74635      0.00000     17.29425      5.97238
      9.18565     57.64060      0.00000     99.92043      0.00000     12.72999      4.39616
      9.19565     15.60846      0.00000     27.05739      0.00000      3.44715      1.19043
      9.20565      1.55488      0.00000      2.69540      0.00000      0.34340      0.11859
      9.21565      0.05698      0.00000      0.09878      0.00000      0.01258      0.00435
      9.22565      0.00077      0.00000      0.00133      0.00000      0.00017      0.00006
      9.23565      0.00000      0.00000      0.00000      0.00000      0.00000      0.00000
      9.24565      0.00000      0.00000      0.00000      0.00000      0.00000      0.00000
      9.25565      0.00000      0.00000      0.00000      0.00000      0.00000      0.00000
      9.26565      0.00000      0.00000      0.00000      0.00000      0.00000      0.00000
      9.27565      0.00000      0.00000      0.00000      0.00000      0.00000      0.00000
      9.28565      0.00000      0.00000      0.00000      0.00000      0.00000      0.00000
      9.29565      0.00000      0.00000      0.00000      0.00000      0.00000      0.00000
      9.30565      0.00000      0.00000      0.00000      0.00000      0.00000      0.00000
      9.31565      0.00000      0.00000      0.00000      0.00000      0.00000      0.00000
      9.32565      0.00000      0.00000      0.00000      0.00000      0.00000      0.00000
      9.33565      0.00000      0.00000      0.00000      0.00000      0.00000      0.00000
      9.34565      0.00000      0.00000      0.00000      0.00000      0.00000      0.00000
      9.35565      0.00000      0.00000      0.00000      0.00000      0.00000      0.00000
      9.36565      0.00000      0.00000      0.00000      0.00000      0.00000      0.00000
      9.37565      0.00000      0.00000      0.00000      0.00000      0.00000      0.00000
      9.38565      0.00000      0.00000      0.00000      0.00000      0.00000      0.00000
      9.39565      0.00000      0.00000      0.00000      0.00000      0.00000      0.00000
      9.40565      0.00000      0.00000      0.00000      0.00000      0.00000      0.00000
      9.41565      0.00000      0.00000      0.00000      0.00000      0.00000      0.00000
      9.42565      0.00599      0.00000      0.00853      0.00000      0.00044      0.00037
      9.43565      0.28399      0.00000      0.40417      0.00000      0.02090      0.01744
      9.44565      4.94910      0.00000      7.04354      0.00000      0.36424      0.30397
      9.45565     31.72943      0.00000     45.15716      0.00000      2.33522      1.94879
      9.46565     74.83480      0.00000    106.50451      0.00000      5.50768      4.59627
      9.47565     64.93076      0.00000     92.40914      0.00000      4.77876      3.98798
      9.48565     20.72540      0.00000     29.49629      0.00000      1.52534      1.27293
      9.49565      2.43367      0.00000      3.46358      0.00000      0.17911      0.14947
      9.50565      0.10545      0.00000      0.15006      0.00000      0.00774      0.00653
      9.51565      0.02975      0.00000      0.04158      0.00000      0.00012      0.00686
      9.52565      0.91884      0.00000      1.28277      0.00000      0.00000      0.22101
      9.53565     11.06009      0.00000     15.44065      0.00000      0.00000      2.66032
      9.54565     48.97572      0.00000     68.37354      0.00000      0.00000     11.78030
      9.55565     79.78269      0.00000    111.38223      0.00000      0.00000     19.19041
      9.56565     47.81257      0.00000     66.74970      0.00000      0.00000     11.50052
      9.57565     10.54098      0.00000     14.71595      0.00000      0.00000      2.53546
      9.58565      0.85492      0.00000      1.19353      0.00000      0.00000      0.20564
      9.59565      0.02551      0.00000      0.03561      0.00000      0.00000      0.00614
      9.60565      0.00000      0.00000      0.00000      0.00000      0.00000      0.00000
      9.61565      0.00000      0.00000      0.00000      0.00000      0.00000      0.00000
      9.62565      0.00469      0.00000      0.00707      0.00000      0.00000      0.00121
      9.63565      0.23487      0.00000      0.35441      0.00000      0.00000      0.06081
      9.64565      4.32920      0.00000      6.53263      0.00000      0.00000      1.12098
      9.65565     29.35628      0.00000     44.29771      0.00000      0.00000      7.60135
      9.66565     73.23181      0.00000    110.50449      0.00000      0.00000     18.96223
      9.67565     67.20536      0.00000    101.41077      0.00000      0.00000     17.40177
      9.68565     22.68891      0.00000     34.23685      0.00000      0.00000      5.87494
      9.69565      2.81792      0.00000      4.25215      0.00000      0.00000      0.72966
      9.70565      0.13772      0.00000      0.20161      0.00000      0.00076      0.03595
      9.71565      0.38921      0.00000      0.31957      0.00000      0.03290      0.11315
      9.72565      6.14302      0.00000      5.02033      0.00000      0.52218      1.78697
      9.73565     35.86826      0.00000     29.31301      0.00000      3.04891     10.43385
      9.74565     77.04496      0.00000     62.96430      0.00000      6.54906     22.41189
      9.75565     60.88126      0.00000     49.75466      0.00000      5.17510     17.70997
      9.76565     17.69818      0.00000     14.46367      0.00000      1.50440      5.14829
      9.77565      1.89269      0.00000      1.54678      0.00000      0.16088      0.55057
      9.78565      0.09652      0.00000      0.11194      0.00000      0.00633      0.02622
      9.79565      0.76751      0.00000      1.77579      0.00000      0.00009      0.15883
      9.80565      9.79691      0.00000     22.68778      0.00000      0.00000      2.02625
      9.81565     46.07037      0.00000    106.69024      0.00000      0.00000      9.52831
      9.82565     79.77495      0.00000    184.74338      0.00000      0.00000     16.48454
      9.83565     52.68910      0.00000    122.01082      0.00000      0.00000     10.52281
      9.84565     30.02748      0.00000     69.47202      0.00000      0.00000      2.75826
      9.85565     62.55855      0.00000    144.65027      0.00000      0.00000      1.23642
      9.86565     76.77031      0.00000    177.50682      0.00000      0.00000      1.28479
      9.87565     35.20481      0.00000     81.39982      0.00000      0.00000      0.58642
      9.88565      5.94142      0.00000     13.73762      0.00000      0.00000      0.09896
      9.89565      0.36888      0.00000      0.85292      0.00000      0.00000      0.00614
      9.90565      0.00843      0.00000      0.01948      0.00000      0.00000      0.00014
      9.91565      0.00000      0.00000      0.00000      0.00000      0.00000      0.00000
      9.92565      0.00000      0.00000      0.00000      0.00000      0.00000      0.00000
      9.93565      0.00000      0.00000      0.00000      0.00000      0.00000      0.00000
      9.94565      0.00000      0.00000      0.00000      0.00000      0.00000      0.00000
      9.95565      0.00000      0.00000      0.00000      0.00000      0.00000      0.00000
      9.96565      0.00000      0.00000      0.00000      0.00000      0.00000      0.00000
      9.97565      0.00000      0.00000      0.00000      0.00000      0.00000      0.00000
      9.98565      0.00000      0.00000      0.00000      0.00000      0.00000      0.00000
      9.99565      0.00000      0.00000      0.00000      0.00000      0.00000      0.00000
     10.00565      0.00000      0.00000      0.00000      0.00000      0.00000      0.00000
     10.01565      0.00000      0.00000      0.00000      0.00000      0.00000      0.00000
     10.02565      0.00000      0.00000      0.00000      0.00000      0.00000      0.00000
     10.03565      0.00000      0.00000      0.00000      0.00000      0.00000      0.00000
     10.04565      0.00000      0.00000      0.00000      0.00000      0.00000      0.00000
     10.05565      0.00000      0.00000      0.00000      0.00000      0.00000      0.00000
     10.06565      0.00000      0.00000      0.00000      0.00000      0.00000      0.00000
     10.07565      0.00000      0.00000      0.00000      0.00000      0.00000      0.00000
     10.08565      0.00000      0.00000      0.00000      0.00000      0.00000      0.00000
     10.09565      0.01498      0.00151      0.01510      0.00000      0.00000      0.00787
     10.10565      0.57206      0.05757      0.57650      0.00000      0.00000      0.30068
     10.11565      8.03702      0.80886      8.09941      0.00000      0.00000      4.22434
     10.12565     41.53916      4.18060     41.86160      0.00000      0.00000     21.83338
     10.13565     78.98157      7.94889     79.59467      0.00000      0.00000     41.51348
     10.14565     55.24582      5.56007     55.67466      0.00000      0.00000     29.03774
     10.15565     14.21604      1.43074     14.32639      0.00000      0.00000      7.47209
     10.16565      1.34575      0.13544      1.35619      0.00000      0.00000      0.70734
     10.17565      0.04687      0.00472      0.04723      0.00000      0.00000      0.02463
     10.18565      0.00060      0.00006      0.00061      0.00000      0.00000      0.00032
     10.19565      0.00000      0.00000      0.00000      0.00000      0.00000      0.00000
     10.20565      0.00000      0.00000      0.00000      0.00000      0.00000      0.00000
     10.21565      0.00000      0.00000      0.00000      0.00000      0.00000      0.00000
     10.22565      0.00000      0.00000      0.00000      0.00000      0.00000      0.00000
     10.23565      0.00000      0.00000      0.00000      0.00000      0.00000      0.00000
     10.24565      0.00000      0.00000      0.00000      0.00000      0.00000      0.00000
     10.25565      0.00000      0.00000      0.00000      0.00000      0.00000      0.00000
     10.26565      0.00000      0.00000      0.00000      0.00000      0.00000      0.00000
     10.27565      0.00000      0.00000      0.00000      0.00000      0.00000      0.00000
     10.28565      0.00000      0.00000      0.00000      0.00000      0.00000      0.00000
     10.29565      0.00000      0.00000      0.00000      0.00000      0.00000      0.00000
     10.30565      0.00000      0.00000      0.00000      0.00000      0.00000      0.00000
     10.31565      0.00000      0.00000      0.00000      0.00000      0.00000      0.00000
     10.32565      0.00000      0.00000      0.00000      0.00000      0.00000      0.00000
     10.33565      0.00000      0.00000      0.00000      0.00000      0.00000      0.00000
     10.34565      0.00000      0.00000      0.00000      0.00000      0.00000      0.00000
     10.35565      0.00000      0.00000      0.00000      0.00000      0.00000      0.00000
     10.36565      0.00000      0.00000      0.00000      0.00000      0.00000      0.00000
     10.37565      0.00000      0.00000      0.00000      0.00000      0.00000      0.00000
     10.38565      0.00000      0.00000      0.00000      0.00000      0.00000      0.00000
     10.39565      0.00000      0.00000      0.00000      0.00000      0.00000      0.00000
     10.40565      0.00000      0.00000      0.00000      0.00000      0.00000      0.00000
     10.41565      0.00000      0.00000      0.00000      0.00000      0.00000      0.00000
     10.42565      0.00052      0.00000      0.00102      0.00000      0.00000      0.00000
     10.43565      0.04210      0.00000      0.08174      0.00000      0.00000      0.00000
     10.44565      1.24284      0.00000      2.41311      0.00000      0.00000      0.00000
     10.45565     13.49996      0.00043     26.21006      0.00000      0.00000      0.00060
     10.46565     54.05828      0.02525    104.85878      0.00000      0.00000      0.03546
     10.47565     82.10350      0.55096    157.19160      0.00000      0.00000      0.77371
     10.48565     65.65515      4.42292    109.63874      0.00000      0.00000      6.21111
     10.49565     75.84793     13.06183     94.58675      0.00000      0.00000     18.34272
     10.50565     73.76492     14.19071     85.98932      0.00000      0.00000     19.92801
     10.51565     29.24936      5.67165     33.91617      0.00000      0.00000      7.96470
     10.52565      4.29812      0.83391      4.98196      0.00000      0.00000      1.17106
     10.53565      0.23248      0.04511      0.26947      0.00000      0.00000      0.06334
     10.54565      0.00463      0.00090      0.00536      0.00000      0.00000      0.00126
     10.55565      0.00000      0.00000      0.00000      0.00000      0.00000      0.00000
     10.56565      0.00000      0.00000      0.00000      0.00000      0.00000      0.00000
     10.57565      0.00000      0.00000      0.00000      0.00000      0.00000      0.00000
     10.58565      0.00000      0.00000      0.00000      0.00000      0.00000      0.00000
     10.59565      0.00000      0.00000      0.00000      0.00000      0.00000      0.00000
     10.60565      0.00000      0.00000      0.00000      0.00000      0.00000      0.00000
     10.61565      0.00000      0.00000      0.00000      0.00000      0.00000      0.00000
     10.62565      0.00870      0.00000      0.01741      0.00000      0.00000      0.00000
     10.63565      0.37803      0.00000      0.75678      0.00000      0.00000      0.00000
     10.64565      6.04340      0.00000     12.09823      0.00000      0.00000      0.00000
     10.65565     35.54189      0.00000     71.15092      0.00000      0.00000      0.00000
     10.66565     76.89619      0.00000    153.93764      0.00000      0.00000      0.00000
     10.67565     61.20328      0.00000    122.52217      0.00000      0.00000      0.00000
     10.68565     17.92050      0.00000     35.87485      0.00000      0.00000      0.00000
     10.69565      1.93033      0.00000      3.86430      0.00000      0.00000      0.00000
     10.70565      0.07683      0.00030      0.15337      0.00000      0.00000      0.00006
     10.71565      0.03056      0.02603      0.02322      0.00000      0.00000      0.00560
     10.72565      0.95202      0.84167      0.67868      0.00000      0.00000      0.18099
     10.73565     11.32396     10.01131      8.07262      0.00000      0.00000      2.15285
     10.74565     49.55121     43.80734     35.32406      0.00000      0.00000      9.42040
     10.75565     79.76564     70.51937     56.86332      0.00000      0.00000     15.16460
     10.76565     47.23707     41.76145     33.67436      0.00000      0.00000      8.98045
     10.77565     10.29095      9.09805      7.33621      0.00000      0.00000      1.95646
     10.78565      0.82477      0.72917      0.58796      0.00000      0.00000      0.15680
     10.79565      0.02432      0.02150      0.01734      0.00000      0.00000      0.00462
     10.80565      0.00000      0.00000      0.00000      0.00000      0.00000      0.00000
     10.81565      0.00000      0.00000      0.00000      0.00000      0.00000      0.00000
     10.82565      0.00000      0.00000      0.00000      0.00000      0.00000      0.00000
     10.83565      0.00000      0.00000      0.00000      0.00000      0.00000      0.00000
     10.84565      0.00000      0.00000      0.00000      0.00000      0.00000      0.00000
     10.85565      0.00000      0.00000      0.00000      0.00000      0.00000      0.00000
     10.86565      0.00000      0.00000      0.00000      0.00000      0.00000      0.00000
     10.87565      0.00000      0.00000      0.00000      0.00000      0.00000      0.00000
     10.88565      0.00000      0.00000      0.00000      0.00000      0.00000      0.00000
     10.89565      0.00525      0.00056      0.00335      0.00000      0.00000      0.00426
     10.90565      0.25629      0.02730      0.16369      0.00000      0.00000      0.20807
     10.91565      4.60440      0.49040      2.94075      0.00000      0.00000      3.73811
     10.92565     30.43129      3.24111     19.43591      0.00000      0.00000     24.70582
     10.93565     73.98994      7.88035     47.25604      0.00000      0.00000     60.06916
     10.94565     66.18057      7.04861     42.26834      0.00000      0.00000     53.72908
     10.95565     21.77679      2.31935     13.90844      0.00000      0.00000     17.67961
     10.96565      2.63611      0.28076      1.68363      0.00000      0.00000      2.14014
     10.97565      0.13791      0.01721      0.08835      0.00000      0.00000      0.10464
     10.98565      0.72756      0.16660      0.47444      0.00000      0.00000      0.33167
     10.99565      9.44290      2.16533      6.15804      0.00000      0.00000      4.29581
     11.00565     45.20615     10.36611     29.48050      0.00000      0.00000     20.56541
     11.01565     79.61503     18.25633     51.91972      0.00000      0.00000     36.21887
     11.02565     51.58198     11.82814     33.63840      0.00000      0.00000     23.46593
     11.03565     12.29438      2.81919      8.01759      0.00000      0.00000      5.59302
     11.04565      1.07800      0.24719      0.70300      0.00000      0.00000      0.49041
     11.05565      0.03477      0.00797      0.02268      0.00000      0.00000      0.01582
     11.06565      0.00041      0.00009      0.00027      0.00000      0.00000      0.00019
     11.07565      0.00000      0.00000      0.00000      0.00000      0.00000      0.00000
     11.08565      0.00000      0.00000      0.00000      0.00000      0.00000      0.00000
     11.09565      0.00000      0.00000      0.00000      0.00000      0.00000      0.00000
     11.10565      0.00000      0.00000      0.00000      0.00000      0.00000      0.00000
     11.11565      0.00000      0.00000      0.00000      0.00000      0.00000      0.00000
     11.12565      0.00000      0.00000      0.00000      0.00000      0.00000      0.00000
     11.13565      0.00000      0.00000      0.00000      0.00000      0.00000      0.00000
     11.14565      0.00000      0.00000      0.00000      0.00000      0.00000      0.00000
     11.15565      0.00000      0.00000      0.00000      0.00000      0.00000      0.00000
     11.16565      0.00000      0.00000      0.00000      0.00000      0.00000      0.00000
     11.17565      0.00000      0.00000      0.00000      0.00000      0.00000      0.00000
     11.18565      0.00000      0.00000      0.00000      0.00000      0.00000      0.00000
     11.19565      0.00000      0.00000      0.00000      0.00000      0.00000      0.00000
     11.20565      0.00000      0.00000      0.00000      0.00000      0.00000      0.00000
     11.21565      0.00000      0.00000      0.00000      0.00000      0.00000      0.00000
     11.22565      0.00000      0.00000      0.00000      0.00000      0.00000      0.00000
     11.23565      0.00000      0.00000      0.00000      0.00000      0.00000      0.00000
     11.24565      0.00000      0.00000      0.00000      0.00000      0.00000      0.00000
     11.25565      0.00000      0.00000      0.00000      0.00000      0.00000      0.00000
     11.26565      0.00000      0.00000      0.00000      0.00000      0.00000      0.00000
     11.27565      0.00000      0.00000      0.00000      0.00000      0.00000      0.00000
     11.28565      0.00000      0.00000      0.00000      0.00000      0.00000      0.00000
     11.29565      0.00000      0.00000      0.00000      0.00000      0.00000      0.00000
     11.30565      0.00000      0.00000      0.00000      0.00000      0.00000      0.00000
     11.31565      0.00000      0.00000      0.00000      0.00000      0.00000      0.00000
     11.32565      0.00000      0.00000      0.00000      0.00000      0.00000      0.00000
     11.33565      0.00000      0.00000      0.00000      0.00000      0.00000      0.00000
     11.34565      0.00000      0.00000      0.00000      0.00000      0.00000      0.00000
     11.35565      0.00000      0.00000      0.00000      0.00000      0.00000      0.00000
     11.36565      0.00000      0.00000      0.00000      0.00000      0.00000      0.00000
     11.37565      0.00000      0.00000      0.00000      0.00000      0.00000      0.00000
     11.38565      0.00000      0.00000      0.00000      0.00000      0.00000      0.00000
     11.39565      0.00000      0.00000      0.00000      0.00000      0.00000      0.00000
     11.40565      0.00000      0.00000      0.00000      0.00000      0.00000      0.00000
     11.41565      0.00000      0.00000      0.00000      0.00000      0.00000      0.00000
     11.42565      0.00000      0.00000      0.00000      0.00000      0.00000      0.00000
     11.43565      0.00000      0.00000      0.00000      0.00000      0.00000      0.00000
     11.44565      0.00000      0.00000      0.00000      0.00000      0.00000      0.00000
     11.45565      0.01269      0.01493      0.00542      0.00000      0.00000      0.00056
     11.46565      0.50435      0.59325      0.21536      0.00000      0.00000      0.02226
     11.47565      7.37370      8.67352      3.14859      0.00000      0.00000      0.32552
     11.48565     39.65952     46.65057     16.93469      0.00000      0.00000      1.75079
     11.49565     78.47201     92.30481     33.50771      0.00000      0.00000      3.46419
     11.50565     57.11992     67.18885     24.39032      0.00000      0.00000      2.52159
     11.51565     15.29558     17.99184      6.53124      0.00000      0.00000      0.67523
     11.52565      1.50678      1.77239      0.64340      0.00000      0.00000      0.06652
     11.53565      0.05461      0.06423      0.02332      0.00000      0.00000      0.00241
     11.54565      0.00073      0.00086      0.00031      0.00000      0.00000      0.00003
     11.55565      0.00000      0.00000      0.00000      0.00000      0.00000      0.00000
     11.56565      0.00000      0.00000      0.00000      0.00000      0.00000      0.00000
     11.57565      0.00000      0.00000      0.00000      0.00000      0.00000      0.00000
     11.58565      0.00000      0.00000      0.00000      0.00000      0.00000      0.00000
     11.59565      0.00000      0.00000      0.00000      0.00000      0.00000      0.00000
     11.60565      0.00000      0.00000      0.00000      0.00000      0.00000      0.00000
     11.61565      0.01048      0.00336      0.00640      0.00326      0.00000      0.00077
     11.62565      0.43603      0.13968      0.26623      0.13566      0.00000      0.03196
     11.63565      6.67112      2.13704      4.07315      2.07560      0.00000      0.48893
     11.64565     37.54753     12.02805     22.92519     11.68227      0.00000      2.75189
     11.65565     77.74450     24.90483     47.46804     24.18887      0.00000      5.69797
     11.66565     59.21933     18.97044     36.15723     18.42508      0.00000      4.34024
     11.67565     16.59445      5.31590     10.13198      5.16308      0.00000      1.21622
     11.68565      1.71068      0.54800      1.04448      0.53225      0.00000      0.12538
     11.69565      0.06488      0.02078      0.03961      0.02018      0.00000      0.00475
     11.70565      0.00091      0.00029      0.00055      0.00028      0.00000      0.00007
     11.71565      0.00000      0.00000      0.00000      0.00000      0.00000      0.00000
     11.72565      0.00000      0.00000      0.00000      0.00000      0.00000      0.00000
     11.73565      0.00000      0.00000      0.00000      0.00000      0.00000      0.00000
     11.74565      0.00000      0.00000      0.00000      0.00000      0.00000      0.00000
     11.75565      0.00000      0.00000      0.00000      0.00000      0.00000      0.00000
     11.76565      0.00000      0.00000      0.00000      0.00000      0.00000      0.00000
     11.77565      0.00000      0.00000      0.00000      0.00000      0.00000      0.00000
     11.78565      0.00000      0.00000      0.00000      0.00000      0.00000      0.00000
     11.79565      0.00000      0.00000      0.00000      0.00000      0.00000      0.00000
     11.80565      0.00000      0.00000      0.00000      0.00000      0.00000      0.00000
     11.81565      0.00000      0.00000      0.00000      0.00000      0.00000      0.00000
     11.82565      0.00000      0.00000      0.00000      0.00000      0.00000      0.00000
     11.83565      0.00000      0.00000      0.00000      0.00000      0.00000      0.00000
     11.84565      0.00000      0.00000      0.00000      0.00000      0.00000      0.00000
     11.85565      0.00090      0.00056      0.00108      0.00000      0.00000      0.00000
     11.86565      0.06486      0.03989      0.07752      0.00000      0.00000      0.00000
     11.87565      1.71032      1.05195      2.04427      0.00000      0.00000      0.00000
     11.88565     16.59227     10.20518     19.83195      0.00000      0.00000      0.00000
     11.89565     59.21595     36.42114     70.77799      0.00000      0.00000      0.00000
     11.90565     77.74581     47.81804     92.92584      0.00000      0.00000      0.00000
     11.91565     37.55094     23.09594     44.88284      0.00000      0.00000      0.00000
     11.92565      6.67222      4.10379      7.97498      0.00000      0.00000      0.00000
     11.93565      0.43614      0.26825      0.52130      0.00000      0.00000      0.00000
     11.94565      0.01049      0.00645      0.01254      0.00000      0.00000      0.00000
     11.95565      0.00000      0.00000      0.00000      0.00000      0.00000      0.00000
     11.96565      0.00000      0.00000      0.00000      0.00000      0.00000      0.00000
     11.97565      0.00000      0.00000      0.00000      0.00000      0.00000      0.00000
     11.98565      0.00000      0.00000      0.00000      0.00000      0.00000      0.00000
     11.99565      0.00000      0.00000      0.00000      0.00000      0.00000      0.00000
     12.00565      0.00000      0.00000      0.00000      0.00000      0.00000      0.00000
     12.01565      0.00000      0.00000      0.00000      0.00000      0.00000      0.00000
     12.02565      0.00000      0.00000      0.00000      0.00000      0.00000      0.00000
     12.03565      0.00000      0.00000      0.00000      0.00000      0.00000      0.00000
     12.04565      0.00000      0.00000      0.00000      0.00000      0.00000      0.00000
     12.05565      0.00000      0.00000      0.00000      0.00000      0.00000      0.00000
     12.06565      0.00000      0.00000      0.00000      0.00000      0.00000      0.00000
     12.07565      0.00000      0.00000      0.00000      0.00000      0.00000      0.00000
     12.08565      0.00000      0.00000      0.00000      0.00000      0.00000      0.00000
     12.09565      0.00000      0.00000      0.00000      0.00000      0.00000      0.00000
     12.10565      0.00000      0.00000      0.00000      0.00000      0.00000      0.00000
     12.11565      0.00000      0.00000      0.00000      0.00000      0.00000      0.00000
     12.12565      0.00000      0.00000      0.00000      0.00000      0.00000      0.00000
     12.13565      0.00000      0.00000      0.00000      0.00000      0.00000      0.00000
     12.14565      0.00000      0.00000      0.00000      0.00000      0.00000      0.00000
     12.15565      0.00000      0.00000      0.00000      0.00000      0.00000      0.00000
     12.16565      0.00000      0.00000      0.00000      0.00000      0.00000      0.00000
     12.17565      0.00000      0.00000      0.00000      0.00000      0.00000      0.00000
     12.18565      0.00000      0.00000      0.00000      0.00000      0.00000      0.00000
     12.19565      0.00000      0.00000      0.00000      0.00000      0.00000      0.00000
     12.20565      0.00000      0.00000      0.00000      0.00000      0.00000      0.00000
     12.21565      0.00000      0.00000      0.00000      0.00000      0.00000      0.00000
     12.22565      0.00000      0.00000      0.00000      0.00000      0.00000      0.00000
     12.23565      0.00000      0.00000      0.00000      0.00000      0.00000      0.00000
     12.24565      0.00039      0.00007      0.00059      0.00000      0.00000      0.00001
     12.25565      0.03299      0.00637      0.04998      0.00000      0.00000      0.00122
     12.26565      1.03641      0.20000      1.57041      0.00000      0.00000      0.03822
     12.27565     11.97920      2.31172     18.15145      0.00000      0.00000      0.44174
     12.28565     50.93671      9.82967     77.18171      0.00000      0.00000      1.87834
     12.29565     79.67821     15.37615    120.73219      0.00000      0.00000      2.93821
     12.30565     45.85152      8.84834     69.47639      0.00000      0.00000      1.69082
     12.31565      9.70674      1.87319     14.70811      0.00000      0.00000      0.35795
     12.32565      0.75596      0.14588      1.14547      0.00000      0.00000      0.02788
     12.33565      0.02166      0.00418      0.03282      0.00000      0.00000      0.00080
     12.34565      0.00000      0.00000      0.00000      0.00000      0.00000      0.00000
     12.35565      0.00000      0.00000      0.00000      0.00000      0.00000      0.00000
     12.36565      0.00000      0.00000      0.00000      0.00000      0.00000      0.00000
     12.37565      0.00000      0.00000      0.00000      0.00000      0.00000      0.00000
     12.38565      0.01278      0.00000      0.01481      0.00291      0.00000      0.00026
     12.39565      0.50709      0.00000      0.58757      0.11531      0.00000      0.01046
     12.40565      7.40122      0.00000      8.57578      1.68294      0.00000      0.15272
     12.41565     39.73962      0.00000     46.04620      9.03624      0.00000      0.81999
     12.42565     78.49634      0.00000     90.95353     17.84898      0.00000      1.61970
     12.43565     57.04015      0.00000     66.09229     12.97014      0.00000      1.17697
     12.44565     15.24816      0.00000     17.66801      3.46722      0.00000      0.31463
     12.45565      1.49955      0.00000      1.73752      0.34098      0.00000      0.03094
     12.46565      0.05425      0.00000      0.06286      0.01234      0.00000      0.00112
     12.47565      0.00072      0.00000      0.00084      0.00016      0.00000      0.00001
     12.48565      0.00000      0.00000      0.00000      0.00000      0.00000      0.00000
     12.49565      0.00000      0.00000      0.00000      0.00000      0.00000      0.00000
     12.50565      0.00000      0.00000      0.00000      0.00000      0.00000      0.00000
     12.51565      0.00000      0.00000      0.00000      0.00000      0.00000      0.00000
     12.52565      0.00000      0.00000      0.00000      0.00000      0.00000      0.00000
     12.53565      0.00000      0.00000      0.00000      0.00000      0.00000      0.00000
     12.54565      0.00000      0.00000      0.00000      0.00000      0.00000      0.00000
     12.55565      0.00000      0.00000      0.00000      0.00000      0.00000      0.00000
     12.56565      0.00530      0.00163      0.00078      0.00233      0.00000      0.00063
     12.57565      0.25823      0.07941      0.03818      0.11347      0.00000      0.03081
     12.58565      4.62899      1.42354      0.68435      2.03402      0.00000      0.55230
     12.59565     30.52562      9.38747      4.51289     13.41323      0.00000      3.64214
     12.60565     74.05390     22.77361     10.94807     32.53993      0.00000      8.83567
     12.61565     66.09017     20.32454      9.77072     29.04060      0.00000      7.88549
     12.62565     21.69858      6.67291      3.20790      9.53455      0.00000      2.58895
     12.63565      2.62078      0.80596      0.38745      1.15160      0.00000      0.31270
     12.64565      0.11645      0.03581      0.01722      0.05117      0.00000      0.01389
     12.65565      0.00190      0.00059      0.00028      0.00084      0.00000      0.00023
     12.66565      0.00080      0.00033      0.00020      0.00026      0.00000      0.00027
     12.67565      0.05908      0.02403      0.01496      0.01899      0.00000      0.01978
     12.68565      1.59685      0.64947      0.40448      0.51323      0.00000      0.53475
     12.69565     15.87810      6.45791      4.02187      5.10320      0.00000      5.31719
     12.70565     58.08155     23.62282     14.71186     18.66732      0.00000     19.45010
     12.71565     78.15981     31.78901     19.79761     25.12045      0.00000     26.17382
     12.72565     38.69317     15.73721      9.80085     12.43593      0.00000     12.95740
     12.73565      7.04678      2.86605      1.78492      2.26482      0.00000      2.35979
     12.74565      0.47212      0.19202      0.11959      0.15174      0.00000      0.15810
     12.75565      0.01164      0.00473      0.00295      0.00374      0.00000      0.00390
     12.76565      0.00000      0.00000      0.00000      0.00000      0.00000      0.00000
     12.77565      0.00000      0.00000      0.00000      0.00000      0.00000      0.00000
     12.78565      0.00000      0.00000      0.00000      0.00000      0.00000      0.00000
     12.79565      0.00000      0.00000      0.00000      0.00000      0.00000      0.00000
     12.80565      0.00000      0.00000      0.00000      0.00000      0.00000      0.00000
     12.81565      0.00047      0.00006      0.00015      0.00022      0.00000      0.00009
     12.82565      0.03873      0.00527      0.01190      0.01787      0.00000      0.00776
     12.83565      1.16801      0.15887      0.35887      0.53909      0.00000      0.23402
     12.84565     12.96008      1.76277      3.98201      5.98170      0.00000      2.59663
     12.85565     52.90216      7.19551     16.25428     24.41690      0.00000     10.59928
     12.86565     79.44097     10.80519     24.40837     36.66584      0.00000     15.91650
     12.87565     43.88551      5.96910     13.48390     20.25528      0.00000      8.79274
     12.88565      8.91874      1.21309      2.74030      4.11643      0.00000      1.78693
     12.89565      0.66679      0.09069      0.20487      0.30776      0.00000      0.13360
     12.90565      0.01834      0.00249      0.00563      0.00846      0.00000      0.00367
     12.91565      0.00000      0.00000      0.00000      0.00000      0.00000      0.00000
     12.92565      0.00000      0.00000      0.00000      0.00000      0.00000      0.00000
